model,well,n,sse,rmse,fold
A_const,fc0d20b2,3954,562949.6545000818,11.932087953866953,0
B_flat,fc0d20b2,3954,39366709.25129911,99.78062590424035,0
C_linear_1000ft,fc0d20b2,3954,51642.72959882557,3.613984303925534,0
A_const,be35c8f2,4226,92351.40789999846,4.674735185385168,0
B_flat,be35c8f2,4226,27806389.222799756,81.11619160886625,0
C_linear_1000ft,be35c8f2,4226,4401973.259891361,32.2744577018096,0
A_const,90386ee4,3840,395836.7512999915,10.152954610245539,0
B_flat,90386ee4,3840,24143163.0523996,79.29238327163416,0
C_linear_1000ft,90386ee4,3840,3140470.2285971474,28.597740971922484,0
A_const,4b831d20,7312,1967433.2717999846,16.40332593479727,0
B_flat,4b831d20,7312,170269872.50079945,152.5986930442666,0
C_linear_1000ft,4b831d20,7312,10063794.318058548,37.09904965779163,0
A_const,fd8f77fa,5272,3962440.854800077,27.415343744152285,0
B_flat,fd8f77fa,5272,52627906.68159975,99.91261990553755,0
C_linear_1000ft,fd8f77fa,5272,935522.699820787,13.321080847979992,0
A_const,cc08aa63,3274,552365.0347000412,12.988941242217614,0
B_flat,cc08aa63,3274,14902603.085000448,67.46705136022067,0
C_linear_1000ft,cc08aa63,3274,4103715.755566984,35.403752685343164,0
A_const,dc7da28f,4774,498953.30579997855,10.223244436669471,0
B_flat,dc7da28f,4774,14213065.628200227,54.56355688829021,0
C_linear_1000ft,dc7da28f,4774,13023141.707368908,52.22959711006013,0
A_const,7cd4bb31,6439,225235.49449998367,5.9143797077311655,0
B_flat,7cd4bb31,6439,107088412.58600175,128.96207962802498,0
C_linear_1000ft,7cd4bb31,6439,4307679.1751544885,25.86499881226951,0
A_const,cdc60a53,5878,406490.89639999217,8.315926094659538,0
B_flat,cdc60a53,5878,83323241.9325013,119.06066081973422,0
C_linear_1000ft,cdc60a53,5878,395221.58673235035,8.199843013090229,0
A_const,f631da6e,4093,315714.3354999913,8.782664213746434,0
B_flat,f631da6e,4093,34686700.81059975,92.05780698387093,0
C_linear_1000ft,f631da6e,4093,1118746.5359199701,16.532745464447924,0
A_const,4ddde4c1,4472,94006.52029998411,4.584881244279585,0
B_flat,4ddde4c1,4472,36348320.0654003,90.1553023827174,0
C_linear_1000ft,4ddde4c1,4472,8028274.020383159,42.370168999142685,0
A_const,82fcf37c,6014,258992.366800056,6.562385974432521,0
B_flat,82fcf37c,6014,27770090.220100164,67.95273379792702,0
C_linear_1000ft,82fcf37c,6014,1416773.1601433803,15.348588706508917,0
A_const,8a9c8932,4663,26790.198999994056,2.3969295087935425,0
B_flat,8a9c8932,4663,41970344.6382992,94.87211008393169,0
C_linear_1000ft,8a9c8932,4663,538462.1365062447,10.745951529149641,0
A_const,6ae68655,4204,116309.16709999679,5.259877371830794,0
B_flat,6ae68655,4204,48479338.94349972,107.38583314702288,0
C_linear_1000ft,6ae68655,4204,3245093.0633675535,27.783197385075173,0
A_const,2d9f6cb9,7338,720462.8610999562,9.908706063856238,0
B_flat,2d9f6cb9,7338,134706290.6092,135.48932678865904,0
C_linear_1000ft,2d9f6cb9,7338,7376036.128108732,31.704628150877852,0
A_const,97cd5bf9,3449,296634.3552000026,9.273936692075774,0
B_flat,97cd5bf9,3449,21485360.46999967,78.92684177493653,0
C_linear_1000ft,97cd5bf9,3449,429581.1272935125,11.160303352383663,0
A_const,204cc64b,4805,178494.0411999963,6.09488008126444,0
B_flat,204cc64b,4805,41421109.14619936,92.8462069045685,0
C_linear_1000ft,204cc64b,4805,24795090.44063793,71.83500930637815,0
A_const,b1efb8a4,5998,434039.64819991,8.506706925766984,0
B_flat,b1efb8a4,5998,56138493.674298674,96.74469214140704,0
C_linear_1000ft,b1efb8a4,5998,12591401.275003413,45.81775457955288,0
A_const,d63196fe,4510,1719347.7321999627,19.525114489586926,0
B_flat,d63196fe,4510,17609639.43360008,62.48660953425536,0
C_linear_1000ft,d63196fe,4510,74846384.51929171,128.82410748561782,0
A_const,1d3fbf02,2694,93980.8191999839,5.906372283901897,0
B_flat,1d3fbf02,2694,3691793.691899835,37.01859367421817,0
C_linear_1000ft,1d3fbf02,2694,237224.53785232364,9.383848961168843,0
A_const,ae35f33a,4450,115525.50370002085,5.0951729458693835,0
B_flat,ae35f33a,4450,35930530.69179921,89.8569783598073,0
C_linear_1000ft,ae35f33a,4450,6025327.032359438,36.79682152968534,0
A_const,3b21ea64,7376,516610.048200021,8.368949948322665,0
B_flat,3b21ea64,7376,140497432.2232017,138.0141895464403,0
C_linear_1000ft,3b21ea64,7376,14300567.20767399,44.031773444001935,0
A_const,9bd2bba3,7439,1827404.7831999226,15.673287472863077,0
B_flat,9bd2bba3,7439,135406081.15889832,134.915486961203,0
C_linear_1000ft,9bd2bba3,7439,26857754.540718153,60.086591793324125,0
A_const,df71d1ff,6228,1011267.8020999854,12.742621639442314,0
B_flat,df71d1ff,6228,173530879.81190115,166.92219323792702,0
C_linear_1000ft,df71d1ff,6228,14383341.590214644,48.05688262465946,0
A_const,4c2208f5,5384,7523630.319200216,37.38188510729996,0
B_flat,4c2208f5,5384,22125434.319300946,64.10521730293944,0
C_linear_1000ft,4c2208f5,5384,1824097.2193802092,18.406510590781945,0
A_const,230eaaa3,4690,3007450.510600014,25.322864048616943,0
B_flat,230eaaa3,4690,27762345.156199727,76.93813475219596,0
C_linear_1000ft,230eaaa3,4690,1792426.9694161552,19.549439646543572,0
A_const,02e7fe5a,5108,361659.8211000381,8.414429717261077,0
B_flat,02e7fe5a,5108,18677276.282900445,60.4687968145148,0
C_linear_1000ft,02e7fe5a,5108,276204.36185336125,7.353427621092992,0
A_const,e9949a23,4559,611437.5804999969,11.580872171010277,0
B_flat,e9949a23,4559,21271058.591400273,68.30614187344727,0
C_linear_1000ft,e9949a23,4559,116454.59811424238,5.054096436612325,0
A_const,9af1ffd0,3525,1158407.8343000326,18.128053838502368,0
B_flat,9af1ffd0,3525,22041487.694000036,79.07530784230069,0
C_linear_1000ft,9af1ffd0,3525,231605.34394265845,8.105778412446035,0
A_const,2d0c268a,4550,1006730.3211000812,14.874791132341558,0
B_flat,2d0c268a,4550,35100631.26999981,87.83179637776409,0
C_linear_1000ft,2d0c268a,4550,210933.52685466403,6.808745618036772,0
A_const,14a53cb3,6919,553934.193499999,8.94761773897247,0
B_flat,14a53cb3,6919,70028443.07599989,100.60407449876102,0
C_linear_1000ft,14a53cb3,6919,10571492.361752324,39.088273182787766,0
A_const,3e011332,2723,826450.3512999216,17.42146062278745,0
B_flat,3e011332,2723,15415882.777799753,75.24200831696992,0
C_linear_1000ft,3e011332,2723,4679971.053762943,41.456989617689295,0
A_const,4f69febf,5460,1218894.9087000324,14.941245790403045,0
B_flat,4f69febf,5460,35988243.68800065,81.18653473766904,0
C_linear_1000ft,4f69febf,5460,2375137.1363719148,20.85681666825783,0
A_const,03a935ae,2786,3423484.1721999906,35.05448621305352,0
B_flat,03a935ae,2786,6309321.27990008,47.58836296812143,0
C_linear_1000ft,03a935ae,2786,3840525.2371139787,37.128273587795405,0
A_const,93209a3d,4697,876195.7139999376,13.65809981076041,0
B_flat,93209a3d,4697,94348500.22630024,141.7285096754435,0
C_linear_1000ft,93209a3d,4697,14910946.8105475,56.34330656527763,0
A_const,c99f9fae,6361,185846.32320006695,5.40523137400998,0
B_flat,c99f9fae,6361,200225668.55580354,177.41779542181848,0
C_linear_1000ft,c99f9fae,6361,502051.5132047195,8.884059170354218,0
A_const,8ac2f237,5319,1439544.5205000383,16.45119897844976,0
B_flat,8ac2f237,5319,26210134.976000365,70.19717479715159,0
C_linear_1000ft,8ac2f237,5319,825428.3980373649,12.45732250556984,0
A_const,10be2420,3271,575084.5323999214,13.259451874685324,0
B_flat,10be2420,3271,25358026.060900904,88.04758527796557,0
C_linear_1000ft,10be2420,3271,11753.300265870446,1.8955692006028317,0
A_const,0c1b160c,5054,359356.04299995047,8.432276859497074,0
B_flat,0c1b160c,5054,36383863.98550053,84.84705855228208,0
C_linear_1000ft,0c1b160c,5054,6428834.365715164,35.66551500218419,0
A_const,153552f5,4695,125077.06239997773,5.161441840641978,0
B_flat,153552f5,4695,41848552.51770109,94.41096184358183,0
C_linear_1000ft,153552f5,4695,5460747.675269766,34.10423062294965,0
A_const,684a6fc1,9818,5669776.451799878,24.030978453294004,0
B_flat,684a6fc1,9818,164783462.90670255,129.55235105136333,0
C_linear_1000ft,684a6fc1,9818,92155959.85739286,96.8835847469504,0
A_const,9c350a6a,6052,1831871.0810997658,17.397946606336834,0
B_flat,9c350a6a,6052,23192243.122001376,61.90445690630631,0
C_linear_1000ft,9c350a6a,6052,5480402.614559699,30.09239631020818,0
A_const,729f4217,6195,1636211.8507999862,16.25171177822061,0
B_flat,729f4217,6195,91473889.49370104,121.5144477662322,0
C_linear_1000ft,729f4217,6195,39203919.984014444,79.55071578308014,0
A_const,261785ee,3646,2027053.989300222,23.57894263400833,0
B_flat,261785ee,3646,23834544.23919942,80.85280544906917,0
C_linear_1000ft,261785ee,3646,305476.2622513347,9.153357016185526,0
A_const,c6b782a4,4877,800032.1809000669,12.807882966584375,0
B_flat,c6b782a4,4877,59524818.74210009,110.47720109915213,0
C_linear_1000ft,c6b782a4,4877,18373185.17034044,61.3784402881029,0
A_const,fb03ae90,6431,11828809.24620032,42.88755217158539,0
B_flat,fb03ae90,6431,11170331.079899954,41.67674262021321,0
C_linear_1000ft,fb03ae90,6431,4651100.89314907,26.892961209984783,0
A_const,201661b5,5955,912110.8090000395,12.376074593108253,0
B_flat,201661b5,5955,76748220.94990113,113.52546140057505,0
C_linear_1000ft,201661b5,5955,17877509.238612443,54.79142841549811,0
A_const,a0383629,5832,413097.1773000544,8.416225361246278,0
B_flat,a0383629,5832,63565003.2886014,104.39994725279175,0
C_linear_1000ft,a0383629,5832,11648480.459272468,44.691597633696276,0
A_const,3a223519,4583,405054.03100001364,9.401162306681243,0
B_flat,3a223519,4583,46426839.501900345,100.64903873801909,0
C_linear_1000ft,3a223519,4583,5038783.192462269,33.157967947634845,0
A_const,3407f5bf,3638,1649576.300399912,21.29388267466182,0
B_flat,3407f5bf,3638,21979371.952299196,77.72778501301138,0
C_linear_1000ft,3407f5bf,3638,696366.8252232692,13.835271602077878,0
A_const,493b5b31,4671,2022077.8810000154,20.806259253075513,0
B_flat,493b5b31,4671,10456758.710400276,47.31442970236915,0
C_linear_1000ft,493b5b31,4671,12537887.152999867,51.80924275630531,0
A_const,939d9c34,5101,1262007.887899961,15.729081869192102,0
B_flat,939d9c34,5101,48192246.34069995,97.19880449226994,0
C_linear_1000ft,939d9c34,5101,4016007.4928037277,28.058832431113732,0
A_const,6767c111,6783,2071399.3876999072,17.475154063370617,0
B_flat,6767c111,6783,415226222.46889645,247.41810578961073,0
C_linear_1000ft,6767c111,6783,10708936.644096537,39.73399804491649,0
A_const,e5c92e59,4295,255402.48479999325,7.71135994039849,0
B_flat,e5c92e59,4295,62549532.898299456,120.6786522651213,0
C_linear_1000ft,e5c92e59,4295,14615994.893191293,58.3354573677762,0
A_const,fb0904bd,3181,10292.218400001737,1.7987576836953807,0
B_flat,fb0904bd,3181,15861119.596499968,70.61306868333723,0
C_linear_1000ft,fb0904bd,3181,351856.0406052646,10.51721303739538,0
A_const,0d99f8e4,5823,508334.09279999917,9.343320012239094,0
B_flat,0d99f8e4,5823,67426956.68260048,107.6077087084589,0
C_linear_1000ft,0d99f8e4,5823,6057752.823103897,32.25391070573961,0
A_const,df73b8f3,5311,1295395.3829999508,15.617554195793542,0
B_flat,df73b8f3,5311,77877257.00569874,121.0924796527437,0
C_linear_1000ft,df73b8f3,5311,5032952.0911673745,30.78387220637961,0
A_const,27ebb9b9,5766,575243.8351000191,9.988233062217338,0
B_flat,27ebb9b9,5766,47005045.21300065,90.28901566530304,0
C_linear_1000ft,27ebb9b9,5766,8880011.100357344,39.24365375578066,0
A_const,2075c696,3188,1528840.468599974,21.898881254260402,0
B_flat,2075c696,3188,12143888.755800221,61.71912121377232,0
C_linear_1000ft,2075c696,3188,274003.69271838985,9.270839266330198,0
A_const,a8ed028a,5538,2008598.177599961,19.044521110452333,0
B_flat,a8ed028a,5538,40333337.85280008,85.34058320254603,0
C_linear_1000ft,a8ed028a,5538,19549098.18351215,59.4137395656221,0
A_const,6ea22614,5971,250362.52319999755,6.4753183432909225,0
B_flat,6ea22614,5971,103077286.3286016,131.38868096076317,0
C_linear_1000ft,6ea22614,5971,7637305.198869495,35.764037158229435,0
A_const,df8290be,3972,672272.6736000383,13.009724784668556,0
B_flat,df8290be,3972,20559588.107600726,71.9453260223023,0
C_linear_1000ft,df8290be,3972,468505.5804221523,10.860573627677013,0
A_const,283269ac,2626,3270.271200001702,1.1159494538507433,0
B_flat,283269ac,2626,7057410.251899719,51.841232857457754,0
C_linear_1000ft,283269ac,2626,53622.21884438695,4.518819867489304,0
A_const,c2c4db09,6039,492242.5917000077,9.028322821306517,0
B_flat,c2c4db09,6039,190500813.59949872,177.60938178675997,0
C_linear_1000ft,c2c4db09,6039,748908.4986472002,11.136067756388696,0
A_const,89f1085d,5994,4576088.750900205,27.630506752261244,0
B_flat,89f1085d,5994,142501647.40999976,154.18835434931603,0
C_linear_1000ft,89f1085d,5994,48638783.67851832,90.08095539538124,0
A_const,5fb1c15f,2860,956852.1800998587,18.291082508578185,0
B_flat,5fb1c15f,2860,21265120.799699754,86.22851571824684,0
C_linear_1000ft,5fb1c15f,2860,1427820.8049442186,22.343635417872125,0
A_const,0be01c24,4738,324309.65619996784,8.273369324203173,0
B_flat,0be01c24,4738,40051700.15270093,91.9417889793429,0
C_linear_1000ft,0be01c24,4738,78788.60149759076,4.077877427997225,0
A_const,96936c22,3346,55694.08579999813,4.079825343764616,0
B_flat,96936c22,3346,7806567.078299642,48.302218655535,0
C_linear_1000ft,96936c22,3346,1951229.595643208,24.14855891521835,0
A_const,ab6fe95d,5491,244990.83519998752,6.6795806397720465,0
B_flat,ab6fe95d,5491,63815502.20599826,107.80462018366607,0
C_linear_1000ft,ab6fe95d,5491,1268196.1726550197,15.197337112155383,0
A_const,d7eb0be8,5401,5819866.130700061,32.82610912419109,0
B_flat,d7eb0be8,5401,24091481.1389998,66.78741922397317,0
C_linear_1000ft,d7eb0be8,5401,4241102.5804450475,28.02220460996179,0
A_const,fd3b4faa,5022,278503.5849000036,7.446926041471426,0
B_flat,fd3b4faa,5022,53195833.24920047,102.92016026284918,0
C_linear_1000ft,fd3b4faa,5022,6005215.213466625,34.58007524048091,0
A_const,5254b6db,3274,174179.10290002928,7.293881229520888,0
B_flat,5254b6db,3274,12234099.844900431,61.12891293495888,0
C_linear_1000ft,5254b6db,3274,1994113.4312653905,24.679456529827252,0
A_const,2364716c,4316,1669560.814700099,19.668009235301668,0
B_flat,2364716c,4316,37204921.40019946,92.84520461733855,0
C_linear_1000ft,2364716c,4316,900662.6346991793,14.445758656601509,0
A_const,c6797dd7,4664,158470.3897999876,5.82900989050451,0
B_flat,c6797dd7,4664,27285755.330700837,76.48719235310622,0
C_linear_1000ft,c6797dd7,4664,1234823.7500030487,16.271336105114223,0
A_const,e5ff9fd2,2354,186093.0832000061,8.891230852152741,0
B_flat,e5ff9fd2,2354,4649338.5716001,44.4418733502757,0
C_linear_1000ft,e5ff9fd2,2354,448455.97106946504,13.802465688344874,0
A_const,8c8348e8,3888,166352.99780000985,6.541121071059431,0
B_flat,8c8348e8,3888,3311536.000800142,29.18445665921954,0
C_linear_1000ft,8c8348e8,3888,32456947.361917403,91.36728237481404,0
A_const,19fb4f7b,5620,691178.2170999651,11.089880426882702,0
B_flat,19fb4f7b,5620,83263093.96610114,121.71892682320644,0
C_linear_1000ft,19fb4f7b,5620,10870072.70556739,43.97927509636004,0
A_const,1b1c5372,4261,1355122.6783000142,17.833374900392585,0
B_flat,1b1c5372,4261,48549901.45229968,106.7427553989364,0
C_linear_1000ft,1b1c5372,4261,6433445.268071954,38.85671108395433,0
A_const,f07d7037,5563,312592.29799998127,7.4960867974462735,0
B_flat,f07d7037,5563,35641024.274200246,80.04248408407784,0
C_linear_1000ft,f07d7037,5563,1406592.7601641256,15.90119117140114,0
A_const,b5aa9634,7326,965271.4548000565,11.47866217552782,0
B_flat,b5aa9634,7326,147866669.09689873,142.0697734057009,0
C_linear_1000ft,b5aa9634,7326,297522.3756860261,6.3727423369368585,0
A_const,373ef48b,3509,95145.98109999078,5.207191387759596,0
B_flat,373ef48b,3509,15794634.469099952,67.09082088562805,0
C_linear_1000ft,373ef48b,3509,1805376.5545019633,22.68256765902276,0
A_const,dbee6c86,7369,142399.9661999995,4.395928954072107,0
B_flat,dbee6c86,7369,156992006.26270136,145.9602140204769,0
C_linear_1000ft,dbee6c86,7369,4300439.964696905,24.15750990761419,0
A_const,000d7d20,3836,213161.56030002818,7.454442102844319,0
B_flat,000d7d20,3836,11081946.367499726,53.748793830586465,0
C_linear_1000ft,000d7d20,3836,33449.26643461453,2.952935763474214,0
A_const,727a3a10,4397,672158.2140999404,12.36395803493887,0
B_flat,727a3a10,4397,304440.82630000316,8.320955763701061,0
C_linear_1000ft,727a3a10,4397,10281668.935884247,48.35635698471662,0
A_const,5beded95,3057,846891.9154001314,16.64432832796459,0
B_flat,5beded95,3057,13079599.255500792,65.41080584727612,0
C_linear_1000ft,5beded95,3057,2283905.828914797,27.333256513819283,0
A_const,33c40295,4169,315608.9038000178,8.700789781165115,0
B_flat,33c40295,4169,36778607.942799866,93.92510648341226,0
C_linear_1000ft,33c40295,4169,10979542.417238003,51.3187622175167,0
A_const,992ce078,2879,72692.03020000554,5.02484380821733,0
B_flat,992ce078,2879,6661477.292799813,48.10214503892977,0
C_linear_1000ft,992ce078,2879,531093.9483954029,13.582034959279211,0
A_const,49dbc14c,3872,115956.09660000699,5.472416193779096,0
B_flat,49dbc14c,3872,19779969.340499755,71.47351366849684,0
C_linear_1000ft,49dbc14c,3872,428661.4193974464,10.521787453090761,0
A_const,5b7b6324,6564,2050218.9621000227,17.673226229685234,0
B_flat,5b7b6324,6564,128009947.34069918,139.6489174004732,0
C_linear_1000ft,5b7b6324,6564,26388081.51915393,63.40443287611324,0
A_const,ddc790ff,4726,154887.72189996095,5.724817380990974,0
B_flat,ddc790ff,4726,26553524.681000892,74.95735094467679,0
C_linear_1000ft,ddc790ff,4726,74957.47278036384,3.9825442433321627,0
A_const,cbe51de1,3963,894316.5565999808,15.022202061672788,0
B_flat,cbe51de1,3963,44252262.72669957,105.67097264828173,0
C_linear_1000ft,cbe51de1,3963,37264.889981877684,3.066464106268567,0
A_const,10a1281a,5609,72337.09419999164,3.5911852573850855,0
B_flat,10a1281a,5609,69585340.22439927,111.38229380161076,0
C_linear_1000ft,10a1281a,5609,126926746.30688833,150.4297915303666,0
A_const,16e4a047,4131,474321.2035999984,10.715407020528387,0
B_flat,16e4a047,4131,11086372.129700005,51.80445732293082,0
C_linear_1000ft,16e4a047,4131,2740490.7606951734,25.756483770736043,0
A_const,abf460d2,3217,224344.40889997498,8.350877150110843,0
B_flat,abf460d2,3217,8102619.220099667,50.186531822855486,0
C_linear_1000ft,abf460d2,3217,2176354.197863394,26.00993448485707,0
A_const,445af6c2,6041,5420409.17149981,29.954468486977532,0
B_flat,445af6c2,6041,94917285.96769977,125.34823927960944,0
C_linear_1000ft,445af6c2,6041,36524305.12056533,77.7564748386617,0
A_const,a692b17e,3566,615522.4762999524,13.138061444708827,0
B_flat,a692b17e,3566,14382869.058299882,63.50853489106848,0
C_linear_1000ft,a692b17e,3566,2512606.4974175645,26.544317895021077,0
A_const,bffe3082,5723,1576824.308499834,16.598918029974968,0
B_flat,bffe3082,5723,41942264.11620073,85.60794310374118,0
C_linear_1000ft,bffe3082,5723,7790189.2442787625,36.894542640502934,0
A_const,7993a768,5487,438990.7087999645,8.94458476658435,0
B_flat,7993a768,5487,20396503.249299526,60.96918355240716,0
C_linear_1000ft,7993a768,5487,158824.03188193723,5.380103472404705,0
A_const,e201fd6d,5070,1358850.49810013,16.371250707380042,0
B_flat,e201fd6d,5070,36610906.0967996,84.97697344073775,0
C_linear_1000ft,e201fd6d,5070,790767.211871946,12.488789544008881,0
A_const,5fffa282,4201,118815.64430002618,5.318148657346763,0
B_flat,5fffa282,4201,21381245.511300303,71.34115881145921,0
C_linear_1000ft,5fffa282,4201,3489419.919856939,28.82041812325215,0
A_const,eeda36f5,4797,143537.08879996667,5.470124457464137,0
B_flat,eeda36f5,4797,54852059.52479857,106.93296527691554,0
C_linear_1000ft,eeda36f5,4797,7568739.014379412,39.721615742803976,0
A_const,a7fc3e6b,4764,1569287.401599966,18.149529358993682,0
B_flat,a7fc3e6b,4764,50901815.85169964,103.36672612415607,0
C_linear_1000ft,a7fc3e6b,4764,2073648.3864417293,20.86323657324113,0
A_const,19137a89,6267,2057653.729599862,18.119920942456794,0
B_flat,19137a89,6267,100095966.32470071,126.3800261670888,0
C_linear_1000ft,19137a89,6267,8977260.029591203,37.84792331318831,0
A_const,fa16d114,5686,2463568.4378000414,20.815118518803075,0
B_flat,fa16d114,5686,52009219.75410042,95.63937769175224,0
C_linear_1000ft,fa16d114,5686,1984641.0053036527,18.682610191022835,0
A_const,e32da4ec,4689,552015.0022999763,10.850139553093255,0
B_flat,e32da4ec,4689,32800771.58849922,83.63766768540333,0
C_linear_1000ft,e32da4ec,4689,398629.2589233468,9.220287641119164,0
A_const,5a5d1982,3894,196664.58509999356,7.106652935637849,0
B_flat,5a5d1982,3894,21252548.976600032,73.87670877054109,0
C_linear_1000ft,5a5d1982,3894,47303.96029970607,3.485385155400461,0
A_const,76201745,4448,276322.9202999927,7.881811891978768,0
B_flat,76201745,4448,43419947.509599656,98.80120873037261,0
C_linear_1000ft,76201745,4448,1606249.3469521636,19.00308420485473,0
A_const,c6c96179,4004,308145.2434000039,8.772647918302802,0
B_flat,c6c96179,4004,20755757.158800296,71.99830230058143,0
C_linear_1000ft,c6c96179,4004,251139.27813558537,7.919728368855834,0
A_const,5305524b,4898,1355374.6622998943,16.63490369332069,0
B_flat,5305524b,4898,55860814.45390081,106.79335767809273,0
C_linear_1000ft,5305524b,4898,1213694.5741261165,15.74147104312344,0
A_const,4a8ecc0b,5809,730230.8550000413,11.211904800768597,0
B_flat,4a8ecc0b,5809,46916809.872601524,89.8697531869858,0
C_linear_1000ft,4a8ecc0b,5809,14608615.811958058,50.148026383632825,0
A_const,ff8bb73a,5927,576438.5424000572,9.861864748200674,0
B_flat,ff8bb73a,5927,153283248.1815985,160.8162326023048,0
C_linear_1000ft,ff8bb73a,5927,6770992.196222843,33.79937682114913,0
A_const,b4f37e6e,2992,668625.7853000571,14.94895263643877,0
B_flat,b4f37e6e,2992,3227654.884899867,32.84450729409206,0
C_linear_1000ft,b4f37e6e,2992,1370190.7254742556,21.399800131774555,0
A_const,09ec2ca9,5885,221343.34890001288,6.13281698431714,0
B_flat,09ec2ca9,5885,50039080.23099885,92.21072264901002,0
C_linear_1000ft,09ec2ca9,5885,553855.8529756521,9.70119292102883,0
A_const,200d233d,3926,640849.4313000848,12.776233899276743,0
B_flat,200d233d,3926,14833117.16239952,61.466865367072984,0
C_linear_1000ft,200d233d,3926,3001712.770052667,27.650909372238264,0
A_const,3417285d,5449,6456374.637799917,34.42198868150785,0
B_flat,3417285d,5449,54082151.474399276,99.62505545548746,0
C_linear_1000ft,3417285d,5449,8150281.712675387,38.674784833990685,0
A_const,3bbe1f5d,6918,773322.8422999354,10.572803005133604,0
B_flat,3bbe1f5d,6918,111808807.87130162,127.12990710308027,0
C_linear_1000ft,3bbe1f5d,6918,40444461.26202451,76.46087233904109,0
A_const,30d75030,3404,1054341.4039999826,17.599318669377997,0
B_flat,30d75030,3404,19931374.98240017,76.51980493389331,0
C_linear_1000ft,30d75030,3404,2873322.8538946947,29.05343174177131,0
A_const,052d64df,2445,133753.32189999666,7.3962717049147795,0
B_flat,052d64df,2445,5825097.000599664,48.81037554640876,0
C_linear_1000ft,052d64df,2445,50236.28526901856,4.532828911655378,0
A_const,c36625df,4742,303731.2183999466,8.003204999077816,0
B_flat,c36625df,4742,47380496.7049,99.95833875411545,0
C_linear_1000ft,c36625df,4742,497957.70359552646,10.247441622426821,0
A_const,ea3a0e38,10052,856854.9431999957,9.232672132138228,0
B_flat,ea3a0e38,10052,191866224.58139876,138.15704160046332,0
C_linear_1000ft,ea3a0e38,10052,37557958.7704137,61.12582735504045,0
A_const,5693dde2,3488,168859.2025999753,6.95783505375875,0
B_flat,5693dde2,3488,36275662.14659931,101.98103988564765,0
C_linear_1000ft,5693dde2,3488,446075.7040253512,11.308787583679017,0
A_const,807f0298,3747,293728.1763000066,8.853825493010934,0
B_flat,807f0298,3747,78954187.76189846,145.15959188263108,0
C_linear_1000ft,807f0298,3747,463917.17769528413,11.12700748727647,0
A_const,8a89da23,3935,2314494.7408999573,24.252456304947117,0
B_flat,8a89da23,3935,9087558.376400141,48.05640051644776,0
C_linear_1000ft,8a89da23,3935,1549514.3087218374,19.84382677107458,0
A_const,7224331b,6063,114108.6960999988,4.338260107312621,0
B_flat,7224331b,6063,121446920.09409991,141.5303134943873,0
C_linear_1000ft,7224331b,6063,15905586.094675288,51.21899519086078,0
A_const,e45a2a62,5007,1977429.380499989,19.872920518687707,0
B_flat,e45a2a62,5007,61632427.74509908,110.94707114379484,0
C_linear_1000ft,e45a2a62,5007,20698826.877303906,64.29601703474047,0
A_const,3a86fe8d,5118,692805.7731998938,11.634711217695367,0
B_flat,3a86fe8d,5118,41689336.527399905,90.25314635730709,0
C_linear_1000ft,3a86fe8d,5118,1484826.8509202106,17.032867400631556,0
A_const,d9eca87b,6373,4456313.436400115,26.443315428754445,0
B_flat,d9eca87b,6373,43319629.9809998,82.44615566078123,0
C_linear_1000ft,d9eca87b,6373,9971478.08878896,39.5555848710477,0
A_const,93f5d2e6,3691,1492048.8161999315,20.10571368100563,0
B_flat,93f5d2e6,3691,19120847.974799376,71.97497980108363,0
C_linear_1000ft,93f5d2e6,3691,372996.2455014052,10.05264179295419,0
A_const,cc8a1d57,6638,5040230.256000102,27.55539015081038,0
B_flat,cc8a1d57,6638,75356371.72339928,106.5470343170256,0
C_linear_1000ft,cc8a1d57,6638,11505473.147068225,41.63260801916313,0
A_const,bf70b410,6347,2272079.92280008,18.920279724233612,0
B_flat,bf70b410,6347,39921003.04859881,79.30790418412451,0
C_linear_1000ft,bf70b410,6347,2112901.647323347,18.2454841372102,0
A_const,c472c0b5,3054,209442.1419000427,8.28128095427446,0
B_flat,c472c0b5,3054,32891514.712400597,103.77850751608483,0
C_linear_1000ft,c472c0b5,3054,33369.486853211936,3.3055234902510007,0
A_const,dc7f9757,4360,419602.6187000934,9.810154572145091,0
B_flat,dc7f9757,4360,15985574.392499432,60.550938432601335,0
C_linear_1000ft,dc7f9757,4360,718265.2320336341,12.835097666858868,0
A_const,ec13af42,5462,649706.3348000114,10.906432170405786,0
B_flat,ec13af42,5462,28266238.985600002,71.93796783825061,0
C_linear_1000ft,ec13af42,5462,660986.2216713927,11.000700867051517,0
A_const,7e208414,4226,172120.95929999358,6.381931414565357,0
B_flat,7e208414,4226,23829782.187800277,75.09227985643385,0
C_linear_1000ft,7e208414,4226,675074.9539928926,12.638957439100558,0
A_const,4e050c92,3705,169343.84959999376,6.760683545123174,0
B_flat,4e050c92,3705,17774575.652400263,69.26367241517964,0
C_linear_1000ft,4e050c92,3705,151380.75031599397,6.3920655589238145,0
A_const,944f36b9,4630,196405.32750004437,6.513075857645095,0
B_flat,944f36b9,4630,45514813.62169946,99.14844078059093,0
C_linear_1000ft,944f36b9,4630,176706.1523924269,6.177821272804023,0
A_const,708caea9,6548,7983053.497899906,34.916458237909005,0
B_flat,708caea9,6548,434842557.4151991,257.6983781384236,0
C_linear_1000ft,708caea9,6548,65456269.29575347,99.98187778351696,0
A_const,699ea575,4120,445010.0755000485,10.392889600471305,0
B_flat,699ea575,4120,9396126.042100556,47.75576527514451,0
C_linear_1000ft,699ea575,4120,2300562.885946002,23.630257086771053,0
A_const,a6f967fb,4670,884568.3092000422,13.762814229045636,0
B_flat,a6f967fb,4670,14911516.574300142,56.50702818522234,0
C_linear_1000ft,a6f967fb,4670,2073632.109464135,21.0720803818638,0
A_const,f08774c3,3900,510920.89229999884,11.44575716149874,0
B_flat,f08774c3,3900,28698027.229199875,85.7815161926371,0
C_linear_1000ft,f08774c3,3900,649774.7073296781,12.907706973560488,0
A_const,e46f4ef4,7195,174629.14619999775,4.926550809338883,0
B_flat,e46f4ef4,7195,45925599.95790016,79.89360537858572,0
C_linear_1000ft,e46f4ef4,7195,365375.52239698276,7.126139594289554,0
A_const,4f4afcc6,5645,391155.45209999883,8.324204115356522,0
B_flat,4f4afcc6,5645,69471776.44319995,110.93593012293587,0
C_linear_1000ft,4f4afcc6,5645,5872546.542877445,32.253827624567776,0
A_const,c2c6fc71,7119,985790.5084999294,11.767462410523247,0
B_flat,c2c6fc71,7119,89591601.69120131,112.18225198914986,0
C_linear_1000ft,c2c6fc71,7119,49040457.8489938,82.99802566460019,0
A_const,9d3ec64c,3480,293771.4404999614,9.187876827833358,0
B_flat,9d3ec64c,3480,23322116.361499857,81.86426311366662,0
C_linear_1000ft,9d3ec64c,3480,1116976.451849826,17.915642460833848,0
A_const,137d1e44,4554,2848566.7522000317,25.010172511867026,0
B_flat,137d1e44,4554,35178713.463600606,87.89080923860432,0
C_linear_1000ft,137d1e44,4554,545117.1944539375,10.940783581560991,0
A_const,42669188,4282,2271224.697399946,23.030677799344762,0
B_flat,42669188,4282,34275201.251500264,89.46778290705875,0
C_linear_1000ft,42669188,4282,309156.94963106635,8.497010898873143,0
A_const,fae0c593,4403,529953.3647999926,10.97095627674098,0
B_flat,fae0c593,4403,47245295.20760065,103.58692491043831,0
C_linear_1000ft,fae0c593,4403,3745059.8487646226,29.164533795621114,0
A_const,febb4411,4247,720801.4048999458,13.027667980552959,0
B_flat,febb4411,4247,34011404.20229952,89.48930821599593,0
C_linear_1000ft,febb4411,4247,49636308.05516179,108.10819221157332,0
A_const,059c8f24,6258,745174.8376998632,10.912174729109239,0
B_flat,059c8f24,6258,191026386.269504,174.71448025741248,0
C_linear_1000ft,059c8f24,6258,6322695.955911288,31.78581633609575,0
A_const,1e5e3573,5480,778863.3129000705,11.921759172625736,0
B_flat,1e5e3573,5480,25289223.0882,67.93247920857414,0
C_linear_1000ft,1e5e3573,5480,15267116.897415765,52.78229093886227,0
A_const,028d7b28,6234,340784.081499998,7.393605105422137,0
B_flat,028d7b28,6234,185813131.27789906,172.64531676907347,0
C_linear_1000ft,028d7b28,6234,9328856.372748515,38.6839492080523,0
A_const,ed6436d6,2945,7705.420099997383,1.6175417954726792,0
B_flat,ed6436d6,2945,5491429.604599969,43.18173230612159,0
C_linear_1000ft,ed6436d6,2945,1183570.1326147667,20.04722889296293,0
A_const,39b51819,4231,42258.467399992325,3.160351282946552,0
B_flat,39b51819,4231,36387724.70110019,92.73761817052655,0
C_linear_1000ft,39b51819,4231,1340349.9857426395,17.798671777054924,0
A_const,9f0c7bae,2542,158576.27620000584,7.898258335635161,0
B_flat,9f0c7bae,2542,1951494.4276999333,27.707407029311423,0
C_linear_1000ft,9f0c7bae,2542,7015556.017103171,52.53433936382054,0
A_const,73b1447d,5670,1018841.3883999726,13.404843871674935,0
B_flat,73b1447d,5670,45064980.09280111,89.15137839840331,0
C_linear_1000ft,73b1447d,5670,5792455.658837393,31.96243291679686,0
A_const,764072a5,2949,119222.33720000679,6.358306065218297,1
B_flat,764072a5,2949,6840514.142599914,48.16227424123716,1
C_linear_1000ft,764072a5,2949,1167881.4474590549,19.900408595765516,1
A_const,e7d0c1de,4711,221714.28290001053,6.860255388151551,1
B_flat,e7d0c1de,4711,39346822.212699875,91.3899162554936,1
C_linear_1000ft,e7d0c1de,4711,2107123.475084371,21.14893199112385,1
A_const,a6ed2eff,5275,393100.8371000227,8.632582794631363,1
B_flat,a6ed2eff,5275,39487169.81099972,86.52005198478665,1
C_linear_1000ft,a6ed2eff,5275,140400.62214802738,5.159092137850402,1
A_const,4630ab92,3373,399317.23340002523,10.880550178687447,1
B_flat,4630ab92,3373,8664283.482499758,50.682514822919934,1
C_linear_1000ft,4630ab92,3373,1270832.478382604,19.410466904022137,1
A_const,29de15c8,3431,72151.17269999931,4.5857601721794286,1
B_flat,29de15c8,3431,9716355.754199915,53.2158918345653,1
C_linear_1000ft,29de15c8,3431,8458.922416920737,1.570171758776994,1
A_const,b38e3116,6211,254755.58159994349,6.404438939196513,1
B_flat,b38e3116,6211,55160623.40839872,94.23968336731564,1
C_linear_1000ft,b38e3116,6211,12729002.17010281,45.270617212727,1
A_const,2f19d536,3088,131900.97520002013,6.535598394413745,1
B_flat,2f19d536,3088,10683823.512699755,58.81995755661811,1
C_linear_1000ft,2f19d536,3088,4113415.532093668,36.49746039542076,1
A_const,f5859199,5790,1467744.7051998926,15.921573253079503,1
B_flat,f5859199,5790,179828687.1726982,176.23420551613404,1
C_linear_1000ft,f5859199,5790,20982566.535580985,60.19910334998183,1
A_const,d114d9c2,6206,367813.1224000198,7.69852853923108,1
B_flat,d114d9c2,6206,32107854.53680032,71.92829366159533,1
C_linear_1000ft,d114d9c2,6206,23971960.66725476,62.1506811322595,1
A_const,91b301ce,6570,8193806.108200078,35.315076932980844,1
B_flat,91b301ce,6570,155549515.8583003,153.8691827397597,1
C_linear_1000ft,91b301ce,6570,4664025.370771387,26.643898301636973,1
A_const,2bff06cf,7624,6161319.0550003955,28.427941006681795,1
B_flat,2bff06cf,7624,421602631.6767019,235.15824628757767,1
C_linear_1000ft,2bff06cf,7624,49272698.05285536,80.39179543295981,1
A_const,353e5502,6062,192786.074900013,5.639360585146688,1
B_flat,353e5502,6062,98276302.47480012,127.32580720447272,1
C_linear_1000ft,353e5502,6062,61208646.72307445,100.48434890718536,1
A_const,f0188a48,4170,150921.02979999164,6.015986492439641,1
B_flat,f0188a48,4170,76410725.67889841,135.3658562227229,1
C_linear_1000ft,f0188a48,4170,611845.5759154044,12.113032558920919,1
A_const,c908edd0,5293,406638.5474000189,8.765028360555872,1
B_flat,c908edd0,5293,27304747.89869898,71.82376028060776,1
C_linear_1000ft,c908edd0,5293,2568443.7692794413,22.028457323163508,1
A_const,1619e2ca,4443,271166.40310002316,7.812315673810556,1
B_flat,1619e2ca,4443,25937030.747199066,76.40503373537193,1
C_linear_1000ft,1619e2ca,4443,318763.3724439646,8.470246510555384,1
A_const,4936af16,3991,104901.02009999834,5.12683088404085,1
B_flat,4936af16,3991,21379444.454999745,73.19094322820182,1
C_linear_1000ft,4936af16,3991,1075397.7955901772,16.415106587444626,1
A_const,5d11dfb5,5895,561356.8166000012,9.758377072411292,1
B_flat,5d11dfb5,5895,108756654.7520003,135.82697092578366,1
C_linear_1000ft,5d11dfb5,5895,10186682.154226767,41.56946862382254,1
A_const,56b00794,6065,5438405.054000201,29.944728017238926,1
B_flat,56b00794,6065,25920778.839199167,65.37453618750276,1
C_linear_1000ft,56b00794,6065,59353768.25662627,98.92561201088084,1
A_const,5f4d2a52,5225,16925383.28920011,56.914917258531396,1
B_flat,5f4d2a52,5225,77069487.56189993,121.450159160753,1
C_linear_1000ft,5f4d2a52,5225,14539796.370281653,52.751645921452784,1
A_const,9a6b0392,4255,206952.0910999905,6.974051133501153,1
B_flat,9a6b0392,4255,38412678.001499794,95.01398004811078,1
C_linear_1000ft,9a6b0392,4255,261843.35285691102,7.844603448015606,1
A_const,9298ad5b,3964,679222.2871999877,13.089984763550598,1
B_flat,9298ad5b,3964,19493170.909899667,70.12524997194352,1
C_linear_1000ft,9298ad5b,3964,444399.16001026105,10.58814284579081,1
A_const,7b38844c,3749,204649.34109999947,7.388349907150671,1
B_flat,7b38844c,3749,15957102.01110021,65.24080190255809,1
C_linear_1000ft,7b38844c,3749,18397.66460343657,2.215254504924624,1
A_const,4cecf7b3,6019,465784.581499991,8.796914734080126,1
B_flat,4cecf7b3,6019,61800667.53710083,101.3291527566898,1
C_linear_1000ft,4cecf7b3,6019,5597263.380234997,30.49479371903678,1
A_const,8b9d8326,6163,267042.81370000576,6.582552988433189,1
B_flat,8b9d8326,6163,65761971.02710049,103.29786058047418,1
C_linear_1000ft,8b9d8326,6163,1321436.0753490876,14.642896598463594,1
A_const,bf39bc20,3303,233160.02850000045,8.401808199266226,1
B_flat,bf39bc20,3303,4463254.1312001925,36.75966297506857,1
C_linear_1000ft,bf39bc20,3303,96573.23368228186,5.407220749554965,1
A_const,77b0d905,4174,710664.5653000635,13.048365351893997,1
B_flat,77b0d905,4174,21230326.41709986,71.31848572165605,1
C_linear_1000ft,77b0d905,4174,6504168.085374726,39.47477430904519,1
A_const,a4cdbb0f,5204,646976.7781999946,11.150021440885437,1
B_flat,a4cdbb0f,5204,56061342.25330033,103.79181390090544,1
C_linear_1000ft,a4cdbb0f,5204,3172144.7999228514,24.689247753535223,1
A_const,084d66f9,3885,444215.20669994364,10.693040191903986,1
B_flat,084d66f9,3885,15972599.515900357,64.11981929749942,1
C_linear_1000ft,084d66f9,3885,298146.38737677207,8.760305751156062,1
A_const,9efc812e,4450,267072.81579996995,7.747022854046375,1
B_flat,9efc812e,4450,1992096.302100211,21.15802661780153,1
C_linear_1000ft,9efc812e,4450,12958894.173307179,53.96397919150689,1
A_const,95c8427f,6335,4692294.147200004,27.215687207592826,1
B_flat,95c8427f,6335,41819431.93219929,81.24857541797616,1
C_linear_1000ft,95c8427f,6335,10571568.758485809,40.85040906569213,1
A_const,a3518960,4967,250434.141500031,7.100675858286987,1
B_flat,a3518960,4967,42290071.56229972,92.27246656411867,1
C_linear_1000ft,a3518960,4967,7215661.193068812,38.11456666263138,1
A_const,ce55ba43,4104,839749.2925999716,14.30444944852245,1
B_flat,ce55ba43,4104,25767189.69429943,79.2373333330803,1
C_linear_1000ft,ce55ba43,4104,58769.849628612355,3.7841959249482344,1
A_const,8c167025,5368,885288.1180999511,12.842100494100917,1
B_flat,8c167025,5368,41147581.61490087,87.55196627491009,1
C_linear_1000ft,8c167025,5368,12577854.235072032,48.405757983295885,1
A_const,c8d9680c,6281,11489898.949399635,42.77043899776709,1
B_flat,c8d9680c,6281,176584528.23879987,167.67253408926555,1
C_linear_1000ft,c8d9680c,6281,10142399.934684392,40.184259443254255,1
A_const,89969c7a,4947,335509.0077000244,8.235332474787521,1
B_flat,89969c7a,4947,57171566.247301444,107.50263017104949,1
C_linear_1000ft,89969c7a,4947,280523.7753910475,7.530327811581525,1
A_const,c9578d27,4487,476650.5407999894,10.306756368182521,1
B_flat,c9578d27,4487,55652868.61599988,111.36936480461027,1
C_linear_1000ft,c9578d27,4487,21066586.142616887,68.52026706440526,1
A_const,b37fd114,8161,5091965.858499977,24.97877020046922,1
B_flat,b37fd114,8161,176351629.64549968,147.00024200258144,1
C_linear_1000ft,b37fd114,8161,22495314.98445379,52.50181899679788,1
A_const,2e63d9de,4699,891496.8474999957,13.77390817425645,1
B_flat,2e63d9de,4699,25418539.096000224,73.54828844607853,1
C_linear_1000ft,2e63d9de,4699,5424759.965650238,33.97719640646951,1
A_const,4fbe9c06,6287,1014129.5012000403,12.700621635010842,1
B_flat,4fbe9c06,6287,103910105.70490007,128.56038464311803,1
C_linear_1000ft,4fbe9c06,6287,34460826.532731146,74.03568767549505,1
A_const,5397ceb1,5255,449719.9785000096,9.25091584943266,1
B_flat,5397ceb1,5255,63261649.23750028,109.71951892446589,1
C_linear_1000ft,5397ceb1,5255,4107656.3854183266,27.9582956559992,1
A_const,9dfff011,4319,101424.89649999248,4.8459695911212535,1
B_flat,9dfff011,4319,12262742.658600444,53.28466076282651,1
C_linear_1000ft,9dfff011,4319,5541929.1535415435,35.82109708566762,1
A_const,9d5e14d4,5400,4399443.638199918,28.543156532728414,1
B_flat,9d5e14d4,5400,68273342.2180009,112.44203627581643,1
C_linear_1000ft,9d5e14d4,5400,1031221.5479480968,13.819079322578679,1
A_const,2b034622,5203,240984.65889996744,6.805621396093291,1
B_flat,2b034622,5203,55704996.89600048,103.47136163429391,1
C_linear_1000ft,2b034622,5203,38204.163619208564,2.7097450726013204,1
A_const,7a5660b0,4998,904609.424400008,13.453411559639392,1
B_flat,7a5660b0,4998,17745903.62010033,59.586919406912024,1
C_linear_1000ft,7a5660b0,4998,140599.99721583287,5.303890265073756,1
A_const,15e154a1,6068,3273501.5383999017,23.22648490243106,1
B_flat,15e154a1,6068,47262828.63739955,88.2545427199748,1
C_linear_1000ft,15e154a1,6068,17302782.761696413,53.39925420502922,1
A_const,85380836,6618,1328033.2946001538,14.16579981313258,1
B_flat,85380836,6618,90549376.42290115,116.97130913049145,1
C_linear_1000ft,85380836,6618,31308445.89299737,68.78082390192039,1
A_const,521a7819,5200,3344764.917400171,25.361861575542044,1
B_flat,521a7819,5200,54735356.454999335,102.59644285987635,1
C_linear_1000ft,521a7819,5200,780011.2901446242,12.24753735171518,1
A_const,e2fc7745,3692,657149.4229999958,13.341394284804746,1
B_flat,e2fc7745,3692,25294926.713700272,82.77246074821836,1
C_linear_1000ft,e2fc7745,3692,378987.67355819966,10.13168540649138,1
A_const,73348914,4221,482515.4828999885,10.691729206195715,1
B_flat,73348914,4221,46109288.45719964,104.51690340862726,1
C_linear_1000ft,73348914,4221,5109237.960115137,34.79127855199389,1
A_const,f6824bb0,5015,2177504.072800081,20.837423542758717,1
B_flat,f6824bb0,5015,52640437.87169967,102.45290518573371,1
C_linear_1000ft,f6824bb0,5015,1802736.1088675484,18.959662848466667,1
A_const,b19b0395,5813,586571.2351999424,10.045237735851847,1
B_flat,b19b0395,5813,25058948.475300025,65.65703402160894,1
C_linear_1000ft,b19b0395,5813,58474182.12331589,100.29560825625494,1
A_const,aaaf3c03,2997,681500.1233000018,15.079592231507316,1
B_flat,aaaf3c03,2997,8632071.585899904,53.66784356328006,1
C_linear_1000ft,aaaf3c03,2997,2047338.0698111076,26.13673951400197,1
A_const,125be846,6510,2213950.0590000013,18.441379950265283,1
B_flat,125be846,6510,102300550.47520033,125.35697137649834,1
C_linear_1000ft,125be846,6510,7402854.861442626,33.72167380780185,1
A_const,2d35f86d,4896,615931.8316999953,11.216196779664774,1
B_flat,2d35f86d,4896,76500938.56830037,125.00076680181503,1
C_linear_1000ft,2d35f86d,4896,10398565.94253012,46.08568218699769,1
A_const,54753541,4026,1059556.7913,16.22277834812335,1
B_flat,54753541,4026,15867224.16080004,62.77888431746033,1
C_linear_1000ft,54753541,4026,545524.203709124,11.640459569273276,1
A_const,9b5b61c1,5532,163109.39800000555,5.429982209622746,1
B_flat,9b5b61c1,5532,48551532.74059929,93.68291308072044,1
C_linear_1000ft,9b5b61c1,5532,473481.50556942564,9.251463169824268,1
A_const,1131525f,4159,895074.0194999771,14.670165574890584,1
B_flat,1131525f,4159,13683960.113800332,57.36030337624063,1
C_linear_1000ft,1131525f,4159,48975.765615341625,3.4315960301439814,1
A_const,45fb3e21,3649,2309842.4863,25.15963005414619,1
B_flat,45fb3e21,3649,16300711.425300123,66.83690760723638,1
C_linear_1000ft,45fb3e21,3649,323962.4735852994,9.422375798343072,1
A_const,177622d7,3154,302931.7724999666,9.800349606500166,1
B_flat,177622d7,3154,7369763.260800346,48.338806586366495,1
C_linear_1000ft,177622d7,3154,1074427.4953354117,18.45685551021936,1
A_const,8bda1a11,5981,989223.54650004,12.860573075338545,1
B_flat,8bda1a11,5981,77970112.6293027,114.17661927667318,1
C_linear_1000ft,8bda1a11,5981,19432633.68772433,57.00053486041076,1
A_const,516088b7,6645,269769.2405999982,6.371603205164532,1
B_flat,516088b7,6645,136740993.37229925,143.45043602419048,1
C_linear_1000ft,516088b7,6645,142144.89183894964,4.625068146065377,1
A_const,65156b96,3221,118942.75569999997,6.076781706471203,1
B_flat,65156b96,3221,33437030.492099907,101.88693274250555,1
C_linear_1000ft,65156b96,3221,138998.89994300378,6.569167251662713,1
A_const,96b7eea1,4332,666631.7062000063,12.405056848354107,1
B_flat,96b7eea1,4332,51331941.4296004,108.85531053203157,1
C_linear_1000ft,96b7eea1,4332,8701915.693909409,44.819108297519854,1
A_const,2d179ded,7008,420891.30999997846,7.749754286132607,1
B_flat,2d179ded,7008,70487000.62750007,100.28996247660481,1
C_linear_1000ft,2d179ded,7008,14388669.235399023,45.31200379258936,1
A_const,f140c2fa,4082,723823.3593000288,13.3161842942989,1
B_flat,f140c2fa,4082,23109388.343899492,75.24154854931447,1
C_linear_1000ft,f140c2fa,4082,756692.1106106763,13.615171080089192,1
A_const,2e29e833,5428,100721.23119999922,4.3076518266215045,1
B_flat,2e29e833,5428,81810881.57619941,122.76812322870258,1
C_linear_1000ft,2e29e833,5428,3254161.4334699437,24.484972883424906,1
A_const,2ab29395,1852,11202.606600000228,2.45945596628769,1
B_flat,2ab29395,1852,1569360.5019999288,29.109910342176445,1
C_linear_1000ft,2ab29395,1852,15304.017099174738,2.874631829104751,1
A_const,1295a25b,5551,524104.4360999823,9.716800903498608,1
B_flat,1295a25b,5551,55767173.54290101,100.23137845848916,1
C_linear_1000ft,1295a25b,5551,35776623.99412431,80.28123866952896,1
A_const,d60430e6,2511,154701.4770999762,7.849172504180856,1
B_flat,d60430e6,2511,6825779.289100021,52.13780750440124,1
C_linear_1000ft,d60430e6,2511,2251080.4018719173,29.94140302727485,1
A_const,3df4b19e,4988,375157.9101000268,8.67249047497302,1
B_flat,3df4b19e,4988,38048957.22399901,87.33898832776163,1
C_linear_1000ft,3df4b19e,4988,7660612.689332739,39.18939241955994,1
A_const,14ad5efb,5842,231758.8987999945,6.298504340917485,1
B_flat,14ad5efb,5842,169910596.88579997,170.54125572756647,1
C_linear_1000ft,14ad5efb,5842,4903297.7534712115,28.97099138648257,1
A_const,b4d8dd4f,4259,1245143.8900999867,17.098418824477594,1
B_flat,b4d8dd4f,4259,28993926.03759936,82.50869028290231,1
C_linear_1000ft,b4d8dd4f,4259,4274164.126884355,31.679022869936798,1
A_const,6a0ff78e,6465,832958.8907999999,11.350827388917207,1
B_flat,6a0ff78e,6465,89576462.57660082,117.7098183102004,1
C_linear_1000ft,6a0ff78e,6465,1668196.1634704585,16.06346733269992,1
A_const,be063506,4500,422173.6146000532,9.685884513043288,1
B_flat,be063506,4500,53972234.747399025,109.51634555565873,1
C_linear_1000ft,be063506,4500,1929247.6496849104,20.70559586029777,1
A_const,87aa3730,5607,465999.3564000104,9.116484132166912,1
B_flat,87aa3730,5607,85926820.77979924,123.79385683672564,1
C_linear_1000ft,87aa3730,5607,9234532.719163395,40.58281648196186,1
A_const,75c20ec7,5361,655120.7035999605,11.054465755153933,1
B_flat,75c20ec7,5361,66899601.38749987,111.70917936763172,1
C_linear_1000ft,75c20ec7,5361,12685127.007149953,48.64346533944129,1
A_const,367456ce,5569,887277.6045000115,12.622377103894497,1
B_flat,367456ce,5569,89487187.48409945,126.76279909197537,1
C_linear_1000ft,367456ce,5569,587908.4619848321,10.274631306278017,1
A_const,b0f53bf4,2755,234773.98400002436,9.231328022549082,1
B_flat,b0f53bf4,2755,7427124.547499867,51.921777503556335,1
C_linear_1000ft,b0f53bf4,2755,1213022.374928074,20.983291035874604,1
A_const,ef8e3ed0,5224,1118906.8511000555,14.635089490374893,1
B_flat,ef8e3ed0,5224,32146618.97229913,78.44514447358394,1
C_linear_1000ft,ef8e3ed0,5224,4324431.593952452,28.771528306796903,1
A_const,d6dd7330,6193,865653.6983000864,11.822832979899944,1
B_flat,d6dd7330,6193,65350287.553300634,102.72430495222987,1
C_linear_1000ft,d6dd7330,6193,10287502.958674049,40.75720994956907,1
A_const,69e41fa6,5772,198325.40109996707,5.861732687565972,1
B_flat,69e41fa6,5772,45346757.694600195,88.63596125119369,1
C_linear_1000ft,69e41fa6,5772,8585465.508735025,38.56725796348154,1
A_const,bd6f0e19,5140,526217.5552999785,10.118149844909517,1
B_flat,bd6f0e19,5140,34919806.62109981,82.42412690900659,1
C_linear_1000ft,bd6f0e19,5140,1737733.4465204221,18.38696378052206,1
A_const,512943b2,5029,81796.26750001505,4.032978673574936,1
B_flat,512943b2,5029,39464012.90880071,88.58492145712309,1
C_linear_1000ft,512943b2,5029,3577237.587622227,26.67061774293697,1
A_const,389ae58f,6463,16004721.4057004,49.76304894845995,1
B_flat,389ae58f,6463,29375582.98039937,67.41804725848415,1
C_linear_1000ft,389ae58f,6463,105256606.96737853,127.6167278938698,1
A_const,d41beaf2,4753,1268331.6667000686,16.335502961206803,1
B_flat,d41beaf2,4753,51797717.74959909,104.39300647094079,1
C_linear_1000ft,d41beaf2,4753,11298097.02425644,48.75495308258959,1
A_const,2f8e53c3,2594,28129.886299993283,3.293055138227308,1
B_flat,2f8e53c3,2594,4050185.920999996,39.514136335191644,1
C_linear_1000ft,2f8e53c3,2594,91001.37762954182,5.922962699149906,1
A_const,e6c55748,4472,394902.4429000074,9.397103554297912,1
B_flat,e6c55748,4472,23992760.197999526,73.24689330477659,1
C_linear_1000ft,e6c55748,4472,1589544.6890601588,18.853217323764706,1
A_const,3a0af893,2927,1022422.6241000681,18.6897660134781,1
B_flat,3a0af893,2927,19383867.70600003,81.37834575302668,1
C_linear_1000ft,3a0af893,2927,3362636.268580018,33.89444954263802,1
A_const,e7c36e81,3531,190745.23869997042,7.349841849963589,1
B_flat,e7c36e81,3531,14728130.708700405,64.58400247310601,1
C_linear_1000ft,e7c36e81,3531,641433.2857204004,13.478044553861118,1
A_const,29b24409,5587,1057340.5060998027,13.756821410921399,1
B_flat,29b24409,5587,74803920.37429902,115.71051964070324,1
C_linear_1000ft,29b24409,5587,3003890.4105619453,23.18743484130507,1
A_const,00e12e8b,4301,270098.9717000084,7.92458894231589,1
B_flat,00e12e8b,4301,32872146.345399417,87.4237254765058,1
C_linear_1000ft,00e12e8b,4301,1711638.941693474,19.949010459081745,1
A_const,bb2cdd83,3825,34831.814900004225,3.017674077265869,1
B_flat,bb2cdd83,3825,25662749.247299366,81.90980093670129,1
C_linear_1000ft,bb2cdd83,3825,936274.0276957114,15.645367479882923,1
A_const,1285a37b,5597,172346.77079995122,5.549117512133954,1
B_flat,1285a37b,5597,64414233.518600374,107.27864222920675,1
C_linear_1000ft,1285a37b,5597,263834.82778521517,6.865756690557247,1
A_const,109d9d70,4215,370153.7543999929,9.371137061320914,1
B_flat,109d9d70,4215,50948541.38479941,109.94287461441725,1
C_linear_1000ft,109d9d70,4215,19710960.47947185,68.38409504695308,1
A_const,2fa01aa6,2174,766533.893400001,18.77741961251621,1
B_flat,2fa01aa6,2174,6300811.718700088,53.83546656530088,1
C_linear_1000ft,2fa01aa6,2174,2437438.1527626766,33.48397681283845,1
A_const,ba48188d,4166,10809097.666600233,50.93720227649117,1
B_flat,ba48188d,4166,22663689.595899493,73.75741269841528,1
C_linear_1000ft,ba48188d,4166,685971.7095088058,12.831973963932562,1
A_const,9e3e364d,4290,72018.79139999617,4.097267023631261,1
B_flat,9e3e364d,4290,43699004.675900556,100.92694474817216,1
C_linear_1000ft,9e3e364d,4290,17011515.677279294,62.97132895026174,1
A_const,3584a6eb,4494,372828.81650002254,9.108318362664079,1
B_flat,3584a6eb,4494,15523944.525399908,58.77389963631943,1
C_linear_1000ft,3584a6eb,4494,2045016.5193663428,21.33201479517828,1
A_const,9314ff13,2748,74015.14800000652,5.189815774469084,1
B_flat,9314ff13,2748,5235508.303799891,43.64867473740569,1
C_linear_1000ft,9314ff13,2748,262210.26607040694,9.768243598265425,1
A_const,fde20ecf,4667,1242876.3809001003,16.31905728866344,1
B_flat,fde20ecf,4667,16048892.4661993,58.64130589308009,1
C_linear_1000ft,fde20ecf,4667,100528.88319210435,4.6411598705139685,1
A_const,ee0300f7,4544,2996669.8281001747,25.680311432467565,1
B_flat,ee0300f7,4544,9835765.676399687,46.52484399073905,1
C_linear_1000ft,ee0300f7,4544,11870045.660069203,51.110135628108836,1
A_const,89f36adf,5292,106116.43979999892,4.477972454313123,1
B_flat,89f36adf,5292,19395348.309999675,60.539506147726975,1
C_linear_1000ft,89f36adf,5292,1167218.8837601645,14.85136031496336,1
A_const,6d6d93af,3595,3726368.5321001364,32.195372520142506,1
B_flat,6d6d93af,3595,33143425.404800005,96.01724666127271,1
C_linear_1000ft,6d6d93af,3595,648251.3678150479,13.428338289282783,1
A_const,4c3168cf,4334,83851.48660002631,4.398564145674671,1
B_flat,4c3168cf,4334,26627326.365300298,78.38253899506243,1
C_linear_1000ft,4c3168cf,4334,726365.2423689681,12.945924613200518,1
A_const,26d3a96a,4721,387815.369199916,9.063491001698889,1
B_flat,26d3a96a,4721,55675062.72759892,108.59588208746388,1
C_linear_1000ft,26d3a96a,4721,10047724.73474675,46.13354883897886,1
A_const,bd4ae5da,5006,988539.0036998661,14.052431666337634,1
B_flat,bd4ae5da,5006,63186572.13600118,112.34842155459624,1
C_linear_1000ft,bd4ae5da,5006,109836.53483693993,4.684119745911194,1
A_const,8902c3f6,4959,386826.81919997104,8.832044207317482,1
B_flat,8902c3f6,4959,39692531.638400406,89.46586096360637,1
C_linear_1000ft,8902c3f6,4959,2945739.9423668887,24.372503847833144,1
A_const,b977be4a,5917,2042287.4439000026,18.57837175934225,1
B_flat,b977be4a,5917,183055432.2350985,175.88974771777393,1
C_linear_1000ft,b977be4a,5917,1404478.4908306208,15.406598383769417,1
A_const,f40cd091,5166,308584.5097000032,7.728760684292187,1
B_flat,f40cd091,5166,77447225.80060078,122.44067973642109,1
C_linear_1000ft,f40cd091,5166,1051815.4993192027,14.268968597324644,1
A_const,3a7dd95d,3072,519998.09069999313,13.010388611275376,1
B_flat,3a7dd95d,3072,3481204.018700124,33.663101954077455,1
C_linear_1000ft,3a7dd95d,3072,17020901.92839671,74.43559753113182,1
A_const,c96c018a,6236,1031300.8693001299,12.859960619036775,1
B_flat,c96c018a,6236,87819315.82209909,118.6702811800792,1
C_linear_1000ft,c96c018a,6236,3915577.675776679,25.057911359666363,1
A_const,67a8da4a,4911,1030675.5167999868,14.48691836331104,1
B_flat,67a8da4a,4911,51022004.01879941,101.92806725170038,1
C_linear_1000ft,67a8da4a,4911,30971009.6006156,79.4132032604801,1
A_const,f321a31c,5141,810660.2273999886,12.557281531880928,1
B_flat,f321a31c,5141,95081273.64920045,135.99523548612703,1
C_linear_1000ft,f321a31c,5141,9701883.945606671,43.441442286347325,1
A_const,b585b4fa,4294,427154.41740004974,9.973817813617734,1
B_flat,b585b4fa,4294,41347327.28099847,98.12794429498643,1
C_linear_1000ft,b585b4fa,4294,1194268.101308376,16.67707555090785,1
A_const,7acda2df,3091,592172.4941000341,13.841227690699123,1
B_flat,7acda2df,3091,3203769.79699988,32.19446028512908,1
C_linear_1000ft,7acda2df,3091,500548.96980638354,12.725468592226571,1
A_const,7987f2f2,3705,536232.9939999692,12.030471815010397,1
B_flat,7987f2f2,3705,41000852.73829986,105.19675382057152,1
C_linear_1000ft,7987f2f2,3705,72856.82542829358,4.434462797739167,1
A_const,206b6193,6535,8710547.409699634,36.50899923584182,1
B_flat,206b6193,6535,85160357.44470051,114.15526376630551,1
C_linear_1000ft,206b6193,6535,393058.47214558395,7.755428260583846,1
A_const,656a067b,3051,656337.2183000294,14.667037832749068,1
B_flat,656a067b,3051,16635527.062000204,73.84093355565795,1
C_linear_1000ft,656a067b,3051,137209.19268572662,6.706107341478112,1
A_const,e0079ed1,3471,226021.1810999934,8.069511840769099,1
B_flat,e0079ed1,3471,24353319.79300017,83.762914299049,1
C_linear_1000ft,e0079ed1,3471,1024694.8073967639,17.181851488402188,1
A_const,46d41ff6,7901,404226.1706000016,7.152719312990992,1
B_flat,46d41ff6,7901,169216350.5074006,146.34575559496338,1
C_linear_1000ft,46d41ff6,7901,32895730.862487547,64.5251078331476,1
A_const,8b5be31b,5672,1180819.9725000681,14.42858472653754,1
B_flat,8b5be31b,5672,118439226.57530004,144.5039339043748,1
C_linear_1000ft,8b5be31b,5672,420046.3019965194,8.605586448552176,1
A_const,edf885a3,3117,470706.6530000397,12.288723348140039,1
B_flat,edf885a3,3117,11988530.018200003,62.017544420210136,1
C_linear_1000ft,edf885a3,3117,1744517.6299662502,23.657523503954316,1
A_const,fd710aea,4217,218852.23150001027,7.203999750290396,1
B_flat,fd710aea,4217,18473994.9272,66.18790113299256,1
C_linear_1000ft,fd710aea,4217,4876555.762570065,34.00594098721444,1
A_const,41fb0192,2973,37630.16080001541,3.5577103110362645,1
B_flat,41fb0192,2973,12291570.011499492,64.29929704308813,1
C_linear_1000ft,41fb0192,2973,63855.49144945671,4.634487031690535,1
A_const,1b82b665,3806,141927.62720000846,6.106594455886377,1
B_flat,1b82b665,3806,31433029.320800386,90.87799291129849,1
C_linear_1000ft,1b82b665,3806,73235.39735595198,4.38658075724952,1
A_const,cda7eb37,5973,602402.595900001,10.042623008757838,1
B_flat,cda7eb37,5973,44770368.03999951,86.57631064969384,1
C_linear_1000ft,cda7eb37,5973,27544338.30490815,67.90783965720833,1
A_const,99529c45,5840,2743802.8484998597,21.675545088419643,1
B_flat,99529c45,5840,40278148.70620036,83.04783724823695,1
C_linear_1000ft,99529c45,5840,9882722.160034448,41.13692921465308,1
A_const,d2f3b1ab,5581,1681499.5109999746,17.357707330254247,1
B_flat,d2f3b1ab,5581,53838438.21740047,98.21780299149428,1
C_linear_1000ft,d2f3b1ab,5581,13023648.564242015,48.307028428209904,1
A_const,46a301e9,8226,944282.5357998858,10.714122960128444,1
B_flat,46a301e9,8226,187100219.148,150.8143947425474,1
C_linear_1000ft,46a301e9,8226,119069.67432136061,3.8045757049690603,1
A_const,5567d551,6889,729363.5754000475,10.289492216812466,1
B_flat,5567d551,6889,137497630.30709797,141.27636572383577,1
C_linear_1000ft,5567d551,6889,2334990.126472202,18.41045118401459,1
A_const,ea41324e,5025,140845.08250000805,5.294230079936561,1
B_flat,ea41324e,5025,37673862.99010041,86.58687063974631,1
C_linear_1000ft,ea41324e,5025,1840969.7649723724,19.14058886980908,1
A_const,fc03f21f,4803,800399.4590999716,12.90913373270699,1
B_flat,fc03f21f,4803,72344488.49070087,122.72878417071794,1
C_linear_1000ft,fc03f21f,4803,1408669.9887231768,17.12570022837412,1
A_const,2fd68f7b,4730,17450701.84590049,60.74015262396321,1
B_flat,2fd68f7b,4730,53837733.394898474,106.68732188073822,1
C_linear_1000ft,2fd68f7b,4730,630724.8024366696,11.547537581397995,1
A_const,653612bc,4605,36965.495800014935,2.8332405605306503,1
B_flat,653612bc,4605,14006084.206599912,55.1497501509799,1
C_linear_1000ft,653612bc,4605,10760936.522813795,48.34039752819913,1
A_const,c59b6c4a,5499,2414124.7356998096,20.952603428128082,1
B_flat,c59b6c4a,5499,22037531.371401038,63.30523305086334,1
C_linear_1000ft,c59b6c4a,5499,3286854.1204995653,24.44828247923935,1
A_const,f021b650,3739,167067.72860001284,6.684494210561717,1
B_flat,f021b650,3739,44090728.8532997,108.59151857645094,1
C_linear_1000ft,f021b650,3739,1086961.0994956484,17.05019177942987,1
A_const,13f598d9,7306,1681009.1951999064,15.16858992587756,1
B_flat,13f598d9,7306,141158392.6180979,138.99958968230894,1
C_linear_1000ft,13f598d9,7306,604103.9185271757,9.093184279772634,1
A_const,20096916,5133,561303.7489999586,10.457150039432173,1
B_flat,20096916,5133,37265742.374999516,85.20581924697126,1
C_linear_1000ft,20096916,5133,15617658.865549436,55.15975570146484,1
A_const,796dbd4c,6248,148031.52439999234,4.867507118040292,1
B_flat,796dbd4c,6248,125896447.66119976,141.950271529363,1
C_linear_1000ft,796dbd4c,6248,1636285.7786864133,16.183001243254683,1
A_const,811f52b3,4836,102254.18389999263,4.598301010999275,1
B_flat,811f52b3,4836,61240821.55010011,112.53234214830779,1
C_linear_1000ft,811f52b3,4836,8125198.197986091,40.98961466944782,1
A_const,1a518997,4606,533341.0858000905,10.76070073803029,1
B_flat,1a518997,4606,29405479.5853997,79.90099114459036,1
C_linear_1000ft,1a518997,4606,5599818.812960484,34.86783810257141,1
A_const,264feceb,5665,668545.554700017,10.863394363873287,1
B_flat,264feceb,5665,90958203.21279947,126.71294341438751,1
C_linear_1000ft,264feceb,5665,667530.7678061775,10.855146446679042,1
A_const,197f8a5a,6310,3823390.0059999274,24.61555435098563,1
B_flat,197f8a5a,6310,86508676.91709982,117.08874613645253,1
C_linear_1000ft,197f8a5a,6310,3047493.15436474,21.976407009200383,1
A_const,fba7683c,407,2657.5503999997018,2.555309739035002,1
B_flat,fba7683c,407,6567.743400000179,4.017083727128687,1
C_linear_1000ft,fba7683c,407,7140.60481057231,4.188613561079577,1
A_const,ef04658e,4104,979387.0343999933,15.448044048107809,1
B_flat,ef04658e,4104,34405448.84969972,91.560875756106,1
C_linear_1000ft,ef04658e,4104,206237.9288791475,7.088928455483647,1
A_const,aff4e561,6026,709648.7385999826,10.851934253065428,1
B_flat,aff4e561,6026,36171182.960899755,77.47592900587613,1
C_linear_1000ft,aff4e561,6026,765085.2590733264,11.26783175113751,1
A_const,d085e611,6191,629510.8093999727,10.083729659420946,1
B_flat,d085e611,6191,121674009.70910351,140.1904752835121,1
C_linear_1000ft,d085e611,6191,3498004.9606999266,23.770034305476482,1
A_const,9da441ba,5783,1410696.1844999543,15.618529769468404,1
B_flat,9da441ba,5783,142779854.96269986,157.12919012783703,1
C_linear_1000ft,9da441ba,5783,25203475.798091482,66.01667137062616,1
A_const,e5864244,4469,3211259.778999844,26.806032670999695,1
B_flat,e5864244,4469,37767778.387700796,91.92963636147539,1
C_linear_1000ft,e5864244,4469,18736365.639067028,64.74966103004488,1
A_const,357c12f9,4079,129035.53440001697,5.624420852755269,1
B_flat,357c12f9,4079,31996738.499300186,88.56782982741738,1
C_linear_1000ft,357c12f9,4079,892451.9049770539,14.791613754237106,1
A_const,7256229b,5415,239133.12040002327,6.6453924693055635,1
B_flat,7256229b,5415,93125839.28729877,131.1402083815212,1
C_linear_1000ft,7256229b,5415,2441144.196399237,21.23232172764684,1
A_const,c43812e2,5527,272129.47509998915,7.016864008504025,1
B_flat,c43812e2,5527,113738639.98190013,143.45288379208313,1
C_linear_1000ft,c43812e2,5527,83686196.89593345,123.0501602552131,1
A_const,2cee0cba,5500,625598.7540000372,10.665140786694133,1
B_flat,2cee0cba,5500,58784913.89720064,103.38358749398954,1
C_linear_1000ft,2cee0cba,5500,2571737.530367404,21.623798044862113,1
A_const,4a035ec2,2588,874115.9384000171,18.37817503927824,1
B_flat,4a035ec2,2588,10363385.34359982,63.280323029274,1
C_linear_1000ft,4a035ec2,2588,515158.4541144665,14.108741605428277,1
A_const,be83e781,3221,32037.475299994017,3.1537973198868037,1
B_flat,be83e781,3221,12679875.675299946,62.742545641877506,1
C_linear_1000ft,be83e781,3221,92931.82089904418,5.3713921603972885,1
A_const,0dd99dc5,7342,497854.90640003316,8.234632190411654,2
B_flat,0dd99dc5,7342,163351509.75220275,149.1606908904604,2
C_linear_1000ft,0dd99dc5,7342,612250.9053508337,9.131823900889437,2
A_const,42c538a1,3279,2248918.1326001445,26.18883109705342,2
B_flat,42c538a1,3279,2336655.985600208,26.69480056925332,2
C_linear_1000ft,42c538a1,3279,4282359.865644761,36.13856235977237,2
A_const,ee288beb,4638,3513108.1915999916,27.522025330807587,2
B_flat,ee288beb,4638,28000484.32630036,77.69935248178655,2
C_linear_1000ft,ee288beb,4638,26327022.10587978,75.3417141487724,2
A_const,7d50373e,5122,1045661.2682999998,14.288140886490114,2
B_flat,7d50373e,5122,19228138.205300312,61.27013404194116,2
C_linear_1000ft,7d50373e,5122,1377117.8424573862,16.39705168244832,2
A_const,cad13e8f,4848,1404749.52590001,17.022296131058066,2
B_flat,cad13e8f,4848,19644417.96719985,63.65584350533898,2
C_linear_1000ft,cad13e8f,4848,89717170.01538584,136.0368219173216,2
A_const,ab112491,5185,4124500.0361000393,28.204036984751497,2
B_flat,ab112491,5185,44489383.99770007,92.63045896570272,2
C_linear_1000ft,ab112491,5185,4011644.517957058,27.8154980560043,2
A_const,dc5fbe29,5203,326374.0240000098,7.9201039214922035,2
B_flat,dc5fbe29,5203,34606102.32559972,81.55478194043238,2
C_linear_1000ft,dc5fbe29,5203,3897104.9898051335,27.36806798909145,2
A_const,a247e7cf,5674,100144.90760001082,4.201165296490171,2
B_flat,a247e7cf,5674,63528845.083201,105.81343532549457,2
C_linear_1000ft,a247e7cf,5674,866415.5468130487,12.35715381500358,2
A_const,1590af81,3799,117478.25199999259,5.560887269871239,2
B_flat,1590af81,3799,28003787.6115001,85.85661083139473,2
C_linear_1000ft,1590af81,3799,191393.0182321638,7.097875851151418,2
A_const,c2717d4f,4721,337295.4549000327,8.452559650622254,2
B_flat,c2717d4f,4721,54736119.79880096,107.67627016527035,2
C_linear_1000ft,c2717d4f,4721,936117.7928528669,14.081478284706693,2
A_const,9d4272e3,4030,1272323.226500134,17.76831335353228,2
B_flat,9d4272e3,4030,28511275.397400208,84.11158162302384,2
C_linear_1000ft,9d4272e3,4030,368012.00875544536,9.556051293106776,2
A_const,122bd617,4570,622400.369699997,11.670160284769418,2
B_flat,122bd617,4570,44422810.81630064,98.59273569041066,2
C_linear_1000ft,122bd617,4570,123144.61337943477,5.190983037636674,2
A_const,57796579,5890,966990.6111000874,12.813078334954168,2
B_flat,57796579,5890,128842230.03730148,147.9011221790318,2
C_linear_1000ft,57796579,5890,9322653.26043512,39.78433640045161,2
A_const,cbe62450,6258,2166662.3377999323,18.607063412926227,2
B_flat,cbe62450,6258,152887655.98699918,156.30340237282238,2
C_linear_1000ft,cbe62450,6258,834676.8826457162,11.54892107183924,2
A_const,877ed19c,3708,58205.83270000869,3.961990141908008,2
B_flat,877ed19c,3708,28951298.448400088,88.36171988231654,2
C_linear_1000ft,877ed19c,3708,106215.90372287537,5.3521085311240455,2
A_const,543198e8,6503,2736874.8672999833,20.51495618405221,2
B_flat,543198e8,6503,231892211.40369934,188.8366137915056,2
C_linear_1000ft,543198e8,6503,8888933.933116013,36.971575861320616,2
A_const,e97032ad,3530,504864.6292000219,11.959144677460708,2
B_flat,e97032ad,3530,16818944.13900016,69.02588942188018,2
C_linear_1000ft,e97032ad,3530,534807.684092189,12.308679589104958,2
A_const,c47e0767,4356,2009294.3361000349,21.47720905393819,2
B_flat,c47e0767,4356,30957502.493799996,84.30222220083029,2
C_linear_1000ft,c47e0767,4356,43013635.30876714,99.37088067334388,2
A_const,974802e7,5843,1113566.0557999958,13.80511563998303,2
B_flat,974802e7,5843,110311388.88809939,137.40174021690115,2
C_linear_1000ft,974802e7,5843,6369190.04401615,33.01597755512128,2
A_const,9def2eb2,6003,315845.50050002616,7.253592864593499,2
B_flat,9def2eb2,6003,87577910.28009999,120.78503163920033,2
C_linear_1000ft,9def2eb2,6003,10562299.168127727,41.94643540238516,2
A_const,47222616,4406,713783.8888000025,12.72802806095558,2
B_flat,47222616,4406,18963188.47740041,65.6044704652785,2
C_linear_1000ft,47222616,4406,5436416.862448512,35.1264393493521,2
A_const,d00e7eb9,5704,356618.09549997805,7.907003476643952,2
B_flat,d00e7eb9,5704,67215052.56060064,108.5534205786252,2
C_linear_1000ft,d00e7eb9,5704,16804717.045033783,54.278250839599494,2
A_const,2b06ad65,4256,32101.244099995372,2.7463768040476424,2
B_flat,2b06ad65,4256,22433655.901200112,72.60210579769311,2
C_linear_1000ft,2b06ad65,4256,713851.2168552915,12.950992218709795,2
A_const,4f4ac5ce,5162,351390.76149999705,8.250612102027123,2
B_flat,4f4ac5ce,5162,39463075.25359945,87.43523119390991,2
C_linear_1000ft,4f4ac5ce,5162,1097570.4726256055,14.581668050253407,2
A_const,5cdd8dbc,4010,1190689.7974999507,17.231660513857207,2
B_flat,5cdd8dbc,4010,20361543.63399984,71.25792362468685,2
C_linear_1000ft,5cdd8dbc,4010,1200394.09527733,17.301738307124285,2
A_const,347242c8,3595,18070.868599999027,2.242023016039388,2
B_flat,347242c8,3595,27682970.0888002,87.75197391485143,2
C_linear_1000ft,347242c8,3595,115257.71637994588,5.662204595786595,2
A_const,ed6e6e54,6048,863949.26959999,11.951935194527213,2
B_flat,ed6e6e54,6048,59048363.927600525,98.80935019744784,2
C_linear_1000ft,ed6e6e54,6048,3536421.244148304,24.181102845256685,2
A_const,b85f7b06,3803,48465.192299995004,3.569865119414346,2
B_flat,b85f7b06,3803,35312992.06339959,96.36162068721735,2
C_linear_1000ft,b85f7b06,3803,1150866.6531127333,17.395997656065543,2
A_const,f6d009f4,6715,14858219.486399204,47.03924865295554,2
B_flat,f6d009f4,6715,423564160.3663981,251.15197298021326,2
C_linear_1000ft,f6d009f4,6715,188062250.17608222,167.3508049280444,2
A_const,8255c867,3589,2311751.2547001243,25.379544413656888,2
B_flat,8255c867,3589,8021129.597100419,47.27494556775524,2
C_linear_1000ft,8255c867,3589,3382725.8683660883,30.70058656032449,2
A_const,0a57a29c,5821,281389.298500032,6.952723985070934,2
B_flat,0a57a29c,5821,61336435.22720136,102.65035751934441,2
C_linear_1000ft,0a57a29c,5821,38746373.554985195,81.58620474801833,2
A_const,3ac16ad0,5649,445503.2973000086,8.880546118495223,2
B_flat,3ac16ad0,5649,47717334.691400185,91.90778538615042,2
C_linear_1000ft,3ac16ad0,5649,1321548.5789377207,15.295221781189124,2
A_const,ccedb12b,4401,495342.0778999642,10.609060511646556,2
B_flat,ccedb12b,4401,31510597.101499047,84.61602742738069,2
C_linear_1000ft,ccedb12b,4401,625102.0699990883,11.917901295070687,2
A_const,5aa03df7,4871,211282.46990000256,6.58601427636249,2
B_flat,5aa03df7,4871,34086927.135800235,83.65364352308255,2
C_linear_1000ft,5aa03df7,4871,1242096.2692909928,15.968663300810645,2
A_const,ab3ced07,4250,407963.81209996,9.797524442428841,2
B_flat,ab3ced07,4250,18909483.47450001,66.703000152123,2
C_linear_1000ft,ab3ced07,4250,3871480.3030154207,30.181725296708624,2
A_const,fef8af96,3826,7594062.456999758,44.55173272632465,2
B_flat,fef8af96,3826,19787702.395399977,71.91594674758993,2
C_linear_1000ft,fef8af96,3826,2093171.2075324478,23.389982304929067,2
A_const,4cd1ac61,4489,975920.150500125,14.744577751415134,2
B_flat,4cd1ac61,4489,80559907.3503018,133.9629419057094,2
C_linear_1000ft,4cd1ac61,4489,2078345.3867608996,21.517115852691674,2
A_const,cb34231f,5609,164705.74729998756,5.418906491757253,2
B_flat,cb34231f,5609,28516406.60949929,71.30248719286963,2
C_linear_1000ft,cb34231f,5609,12798877.810142487,47.768678452914116,2
A_const,f72b268f,6404,1071997.9125000052,12.93812397222547,2
B_flat,f72b268f,6404,127051598.0609992,140.85244962079472,2
C_linear_1000ft,f72b268f,6404,1138553.1029490996,13.333709347278358,2
A_const,e0f36d98,4976,1010886.6439000973,14.253156162438394,2
B_flat,e0f36d98,4976,28515479.225899912,75.70074463520116,2
C_linear_1000ft,e0f36d98,4976,1182783.9602881072,15.41744924478286,2
A_const,1d78281a,4949,698620.6686999481,11.881246003992382,2
B_flat,1d78281a,4949,43540873.31070116,93.79719280768467,2
C_linear_1000ft,1d78281a,4949,4831195.801607132,31.244141262424463,2
A_const,a7744f5b,4377,749411.9111999922,13.084948643934053,2
B_flat,a7744f5b,4377,28210701.37100005,80.28208972031463,2
C_linear_1000ft,a7744f5b,4377,398611.50413825363,9.54303773139611,2
A_const,1b6ba517,6597,403244.9198999475,7.818279827064867,2
B_flat,1b6ba517,6597,87413849.38920133,115.11101428623044,2
C_linear_1000ft,1b6ba517,6597,610141.7770737805,9.617055874416284,2
A_const,9df1b1f9,4701,745415.2874001141,12.592269852167446,2
B_flat,9df1b1f9,4701,57317351.0619013,110.42004758907102,2
C_linear_1000ft,9df1b1f9,4701,5476247.6476086965,34.1307957790047,2
A_const,12f0cd90,5947,370685.8453000008,7.895034499573364,2
B_flat,12f0cd90,5947,211097814.68899947,188.40520620033263,2
C_linear_1000ft,12f0cd90,5947,4932711.9922866095,28.800094329288616,2
A_const,37344c2a,5197,910925.3524000633,13.239300394199656,2
B_flat,37344c2a,5197,7456289.73389942,37.877824654003284,2
C_linear_1000ft,37344c2a,5197,16228913.625066325,55.881539996887774,2
A_const,fa667be2,7296,565261.1422999176,8.802015991385062,2
B_flat,fa667be2,7296,157268497.3624004,146.81771342793144,2
C_linear_1000ft,fa667be2,7296,680251.6482748974,9.655891758491958,2
A_const,96ae5806,9839,702640.449500161,8.450669041365172,2
B_flat,96ae5806,9839,377046122.0421058,195.7590094989,2
C_linear_1000ft,96ae5806,9839,509124.66665943986,7.193439396321883,2
A_const,5d7198fd,3368,601734.0599999662,13.36645546990557,2
B_flat,5d7198fd,3368,31707690.7296005,97.02781809891314,2
C_linear_1000ft,5d7198fd,3368,370659.8133322865,10.490633382051682,2
A_const,ebe69318,4976,115860.03539999954,4.825325809935079,2
B_flat,ebe69318,4976,21912446.180300213,66.35982703376348,2
C_linear_1000ft,ebe69318,4976,49558327.87060835,99.79714943368924,2
A_const,5663b2b7,4972,1318433.7884000535,16.28409405856329,2
B_flat,5663b2b7,4972,24372712.437999867,70.01423892360368,2
C_linear_1000ft,5663b2b7,4972,27993956.98028015,75.03546624594672,2
A_const,368131f9,4991,2175069.429799989,20.875783169531438,2
B_flat,368131f9,4991,66206225.778300256,115.17431300397124,2
C_linear_1000ft,368131f9,4991,2455833.7581544016,22.182255206216997,2
A_const,1a730ac2,4605,1231080.4559000134,16.350400725581075,2
B_flat,1a730ac2,4605,29851871.361600116,80.5139184649451,2
C_linear_1000ft,1a730ac2,4605,42609.98914226016,3.041871714437071,2
A_const,925a7cd1,4517,96102.53899998135,4.612563792738408,2
B_flat,925a7cd1,4517,41717200.0950006,96.10202323481664,2
C_linear_1000ft,925a7cd1,4517,86394.7820107908,4.373395072606689,2
A_const,f8afa78a,6032,1307172.2565997713,14.720946843240096,2
B_flat,f8afa78a,6032,77821597.46770158,113.58458727367415,2
C_linear_1000ft,f8afa78a,6032,1422235.4647708726,15.355186143681474,2
A_const,4463446c,3256,1158193.8903999508,18.86029305975226,2
B_flat,4463446c,3256,20297923.099100225,78.95572091886073,2
C_linear_1000ft,4463446c,3256,1263855.1302612366,19.70182466279145,2
A_const,c1d046f4,5513,326875.30419999274,7.700112298091984,2
B_flat,c1d046f4,5513,56068724.36920036,100.84777979998347,2
C_linear_1000ft,c1d046f4,5513,1876441.8180639923,18.44903077271938,2
A_const,dd168de0,3304,29564.91160000072,2.9913571830542716,2
B_flat,dd168de0,3304,25172633.179299757,87.28594221305346,2
C_linear_1000ft,dd168de0,3304,49483.94463459323,3.8700104420541455,2
A_const,c03fba65,3699,1912776.2410998694,22.739971638302574,2
B_flat,c03fba65,3699,10590101.552200478,53.506666711635276,2
C_linear_1000ft,c03fba65,3699,57020.33064223007,3.926202542882874,2
A_const,2c0c4a4e,4790,310090.9651999648,8.04594018660484,2
B_flat,2c0c4a4e,4790,41467855.04630087,93.04392641911997,2
C_linear_1000ft,2c0c4a4e,4790,463134.9820165804,9.832999933190974,2
A_const,fb3848a1,5919,587047.4069999581,9.958923975567506,2
B_flat,fb3848a1,5919,75725562.4767005,113.10897946731703,2
C_linear_1000ft,fb3848a1,5919,812242.2125576711,11.7143611245538,2
A_const,62a6f539,3693,228438.96640000326,7.864940463331049,2
B_flat,62a6f539,3693,15357572.242800271,64.4869192310277,2
C_linear_1000ft,62a6f539,3693,220082.096860355,7.719740536495621,2
A_const,63559d57,4069,141364.52879998536,5.894220519880757,2
B_flat,63559d57,4069,51805541.07720043,112.83511141681228,2
C_linear_1000ft,63559d57,4069,222111.65539539861,7.388254203186406,2
A_const,4f3eb9e9,4697,5139530.137700206,33.07892812639342,2
B_flat,4f3eb9e9,4697,38052696.28340026,90.00827474013016,2
C_linear_1000ft,4f3eb9e9,4697,264968.40624975576,7.510809841639845,2
A_const,460f859e,3336,1336011.0954999954,20.01206991533264,2
B_flat,460f859e,3336,3438470.4454000723,32.10477472856217,2
C_linear_1000ft,460f859e,3336,343699.06365108263,10.150236315353391,2
A_const,28f4eda9,5266,778535.440900094,12.159025419229918,2
B_flat,28f4eda9,5266,23913145.776700966,67.38728020172184,2
C_linear_1000ft,28f4eda9,5266,5125981.645927043,31.19953318330061,2
A_const,739a914f,5505,1009243.7527000303,13.540022100878758,2
B_flat,739a914f,5505,88754324.93039936,126.97437999599656,2
C_linear_1000ft,739a914f,5505,14986997.713125005,52.17694639737194,2
A_const,995ff498,4526,315088.80450000445,8.343710199277547,2
B_flat,995ff498,4526,31645143.91959961,83.61732362050574,2
C_linear_1000ft,995ff498,4526,438480.8995613623,9.842786506538308,2
A_const,698930d1,4741,511719.35760004004,10.389172214568049,2
B_flat,698930d1,4741,49160985.93690074,101.8298993342241,2
C_linear_1000ft,698930d1,4741,2150417.9091202808,21.29739356364987,2
A_const,f16e25e3,4651,40881.92090000429,2.9647800324346743,2
B_flat,f16e25e3,4651,28358599.538100906,78.08528866964907,2
C_linear_1000ft,f16e25e3,4651,2319237.5105935577,22.330551216903103,2
A_const,37d36812,4367,2086109.0063001139,21.856313079076383,2
B_flat,37d36812,4367,25341008.74110016,76.17638400139715,2
C_linear_1000ft,37d36812,4367,9295648.595430497,46.13688327182135,2
A_const,a5aa7973,4616,925504.9014000508,14.159778554983863,2
B_flat,a5aa7973,4616,48469399.54659891,102.47098708742135,2
C_linear_1000ft,a5aa7973,4616,176472.46737495362,6.183090153857254,2
A_const,8612b37f,5165,1987643.922100002,19.617069448970486,2
B_flat,8612b37f,5165,86914580.8509999,129.72125962479976,2
C_linear_1000ft,8612b37f,5165,32404598.31261465,79.20783781097774,2
A_const,94467f50,3035,184428.15090000068,7.795325573109472,2
B_flat,94467f50,3035,12583340.036599597,64.3900286892019,2
C_linear_1000ft,94467f50,3035,82322.70200674661,5.208113743634838,2
A_const,14fee784,4910,2252749.795300072,21.419815878785553,2
B_flat,14fee784,4910,50734752.28629943,101.65108675840536,2
C_linear_1000ft,14fee784,4910,1458365.6722775935,17.234253253010973,2
A_const,eabc711b,5348,731897.267300014,11.698478022871637,2
B_flat,eabc711b,5348,25455746.916400228,68.9917598252475,2
C_linear_1000ft,eabc711b,5348,2077908.238149173,19.711400547556682,2
A_const,bd2c2f34,9823,315079.6360000137,5.663541608648027,2
B_flat,bd2c2f34,9823,206683204.00820145,145.05427096720484,2
C_linear_1000ft,bd2c2f34,9823,19602656.496973187,44.67199961184061,2
A_const,d9d6d94d,4919,433324.1132000016,9.3857291463184,2
B_flat,d9d6d94d,4919,44559017.74420054,95.17642613978809,2
C_linear_1000ft,d9d6d94d,4919,8881305.151101258,42.49129672100126,2
A_const,dd64382d,3124,56749.72870001257,4.262126959206316,2
B_flat,dd64382d,3124,18259212.45450046,76.4514115455358,2
C_linear_1000ft,dd64382d,3124,418492.02067655104,11.574122598147548,2
A_const,c42fe306,5095,648200.2151000011,11.279308916635767,2
B_flat,c42fe306,5095,47230134.53570013,96.28031382054054,2
C_linear_1000ft,c42fe306,5095,283614.5572333255,7.460916250174298,2
A_const,7ff89f8f,7337,1470186.2402000795,14.155555516103233,2
B_flat,7ff89f8f,7337,103640636.03680146,118.85180322339941,2
C_linear_1000ft,7ff89f8f,7337,2425178.360581629,18.180782976662222,2
A_const,8478df29,4857,957832.0871998754,14.043024034272376,2
B_flat,8478df29,4857,79666035.81490079,128.07151644314956,2
C_linear_1000ft,8478df29,4857,195592.04368777218,6.3458753995595485,2
A_const,5eae34a8,4904,268360.50889999233,7.397484649492449,2
B_flat,5eae34a8,4904,33409758.38600099,82.53942454365028,2
C_linear_1000ft,5eae34a8,4904,78700.34649979406,4.006019799874808,2
A_const,5a1a8fd8,5260,911687.6829999855,13.165282167987698,2
B_flat,5a1a8fd8,5260,34379333.701699615,80.84550080445491,2
C_linear_1000ft,5a1a8fd8,5260,5280104.964285665,31.68315382906522,2
A_const,940e709a,3348,72453.04740000208,4.6519560575408425,2
B_flat,940e709a,3348,28662583.318600044,92.52624562044063,2
C_linear_1000ft,940e709a,3348,3505556.4654931254,32.358304593916685,2
A_const,7bb17b96,3922,1134664.6128999367,17.009046194531738,2
B_flat,7bb17b96,3922,32548123.2979003,91.09807114600319,2
C_linear_1000ft,7bb17b96,3922,1288252.717441377,18.123694751161903,2
A_const,e149204f,6097,126009.78499999728,4.546152895643239,2
B_flat,e149204f,6097,95412682.60590094,125.09644146168611,2
C_linear_1000ft,e149204f,6097,472554.1582096444,8.803749911232806,2
A_const,22c5f93f,5172,260076.9984000081,7.091232323797548,2
B_flat,22c5f93f,5172,33521133.42659995,80.50634114250332,2
C_linear_1000ft,22c5f93f,5172,3616223.9832451204,26.442249756147767,2
A_const,2e43c2ea,5698,319436.1983999788,7.487396669090343,2
B_flat,2e43c2ea,5698,71268009.70839937,111.83715040795836,2
C_linear_1000ft,2e43c2ea,5698,3589406.959127484,25.098636442413056,2
A_const,44a94013,4903,2653253.4865001487,23.26260921867206,2
B_flat,44a94013,4903,42741630.0915993,93.36725571882724,2
C_linear_1000ft,44a94013,4903,410498.38076414977,9.150077606490731,2
A_const,2b547943,3480,521489.3898999556,12.241457142013665,2
B_flat,2b547943,3480,7710080.491399977,47.06952699031453,2
C_linear_1000ft,2b547943,3480,6160929.234007825,42.07590716544745,2
A_const,d07aed8f,2957,86303.15169998683,5.402411556483793,2
B_flat,d07aed8f,2957,1205134.9760000687,20.187948269360298,2
C_linear_1000ft,d07aed8f,2957,1070780.35531607,19.02937546648854,2
A_const,6ede926a,4938,291768.6069000398,7.686767373145472,2
B_flat,6ede926a,4938,37994262.48360058,87.7169387136981,2
C_linear_1000ft,6ede926a,4938,123471.90660723465,5.0004436135170325,2
A_const,529e88ca,3417,796295.3141000678,15.265625031718603,2
B_flat,529e88ca,3417,73864550.95970093,147.0264738381405,2
C_linear_1000ft,529e88ca,3417,5698003.940699825,40.83559455983542,2
A_const,09441b8d,5488,1394247.13380008,15.9390645279074,2
B_flat,09441b8d,5488,58655862.981598996,103.38288872110566,2
C_linear_1000ft,09441b8d,5488,2463664.86594749,21.187697494919178,2
A_const,4121c517,3723,468953.1150000006,11.223238561279205,2
B_flat,4121c517,3723,30329397.9941,90.25793163762701,2
C_linear_1000ft,4121c517,3723,493715.84143448295,11.515744298850551,2
A_const,58850d2c,4995,1107147.8569999994,14.887955622671049,2
B_flat,58850d2c,4995,4450936.173099839,29.850934875358607,2
C_linear_1000ft,58850d2c,4995,7930004.987891232,39.84455528882724,2
A_const,d273674e,3899,45082.1497000004,3.400366201632784,2
B_flat,d273674e,3899,12767007.690299692,57.222646856241134,2
C_linear_1000ft,d273674e,3899,46166.45547274675,3.441015654383592,2
A_const,cbb406b5,6328,817328.7061000718,11.364887497962812,2
B_flat,cbb406b5,6328,89169493.58410181,118.70661332906664,2
C_linear_1000ft,cbb406b5,6328,2936742.3783295527,21.542677992387205,2
A_const,c03d4aed,4641,734829.3141000891,12.583094329136486,2
B_flat,c03d4aed,4641,47246903.263499685,100.89761255257991,2
C_linear_1000ft,c03d4aed,4641,10473115.924043795,47.50421776496112,2
A_const,9283ae69,3371,128466.92229999305,6.173284378497139,2
B_flat,9283ae69,3371,31628270.673999384,96.86309622790884,2
C_linear_1000ft,9283ae69,3371,369714.99692306254,10.472591353612698,2
A_const,999daf80,3564,93487.45070000064,5.121625403452367,2
B_flat,999daf80,3564,13629870.9572002,61.8410741367974,2
C_linear_1000ft,999daf80,3564,105113.38755533086,5.430754473489609,2
A_const,3d96d897,5659,73719.6735000103,3.6092906343486293,2
B_flat,3d96d897,5659,61638070.40990065,104.36495022838167,2
C_linear_1000ft,3d96d897,5659,6683460.152061301,34.366146297195606,2
A_const,f8f59188,4807,230473.49220003682,6.924261008500594,2
B_flat,f8f59188,4807,43263676.01790118,94.86907099774115,2
C_linear_1000ft,f8f59188,4807,3497151.8374846107,26.972436745209567,2
A_const,d5df0ff5,4032,1078020.4412000724,16.351335751344372,2
B_flat,d5df0ff5,4032,29986998.526299734,86.23950149801381,2
C_linear_1000ft,d5df0ff5,4032,2796369.728879959,26.335225071818222,2
A_const,d40f61d5,4039,83728.36549999448,4.553018133859985,2
B_flat,d40f61d5,4039,20432996.25119971,71.12611720354568,2
C_linear_1000ft,d40f61d5,4039,243873.25088463468,7.770431874030326,2
A_const,4654e7de,5373,148782.740300002,5.262206132576318,2
B_flat,4654e7de,5373,44440327.127500236,90.94528814609485,2
C_linear_1000ft,4654e7de,5373,604259.9672737464,10.604824631596566,2
A_const,0390d174,4411,320002.1529999825,8.517417217402954,2
B_flat,0390d174,4411,44900378.86439914,100.89194021867155,2
C_linear_1000ft,0390d174,4411,1866378.6581865046,20.569860715256375,2
A_const,577eec7c,4539,1617138.951700143,18.875287599886814,2
B_flat,577eec7c,4539,42860762.89049916,97.17395010316037,2
C_linear_1000ft,577eec7c,4539,7342002.945676053,40.218621947695816,2
A_const,5138a660,3559,106800.61979998698,5.4780109058052355,2
B_flat,5138a660,3559,25914359.1813996,85.3308836386732,2
C_linear_1000ft,5138a660,3559,7637523.738741862,46.32466555292131,2
A_const,2d196986,6474,930907.4142998818,11.991317360702503,2
B_flat,2d196986,6474,52854625.229500465,90.35561606205975,2
C_linear_1000ft,2d196986,6474,135602.19249666683,4.576642699875891,2
A_const,ab94878e,6004,222696.71589999588,6.090270250340663,2
B_flat,ab94878e,6004,153781956.05509943,160.04140248336992,2
C_linear_1000ft,ab94878e,6004,4422362.97992435,27.1398130125066,2
A_const,1e30dedf,4071,599691.7099000127,12.137059232129838,2
B_flat,1e30dedf,4071,92175508.11689904,150.47252856040888,2
C_linear_1000ft,1e30dedf,4071,16494.908427706978,2.0129102124502802,2
A_const,d217e0c5,3838,103924.81100000456,5.20363871867946,2
B_flat,d217e0c5,3838,19902159.365600035,72.01079649091427,2
C_linear_1000ft,d217e0c5,3838,468236.1053951546,11.045362260286325,2
A_const,59f8b2e8,3747,145683.50130002433,6.235385931133263,2
B_flat,59f8b2e8,3747,34055850.46180058,95.33536168755694,2
C_linear_1000ft,59f8b2e8,3747,122347.4271093025,5.7142018029009165,2
A_const,504c8b08,6367,2716814.3645998687,20.6567768266876,2
B_flat,504c8b08,6367,41238343.813200764,80.47911327093438,2
C_linear_1000ft,504c8b08,6367,22633551.137487922,59.622327325721685,2
A_const,a08d9e63,3685,1697467.923900137,21.46258569009769,2
B_flat,a08d9e63,3685,18164511.328899868,70.20905269091537,2
C_linear_1000ft,a08d9e63,3685,1923577.5012978204,22.847363866108157,2
A_const,1beca81d,5036,334895.3758999607,8.154769966888065,2
B_flat,1beca81d,5036,34560862.62149984,82.84178080918457,2
C_linear_1000ft,1beca81d,5036,2571856.955087908,22.59854843567403,2
A_const,eac10e86,6067,191457.49839995097,5.617579051148656,2
B_flat,eac10e86,6067,27531770.04099994,67.3643415669739,2
C_linear_1000ft,eac10e86,6067,6591787.561431572,32.96207959939208,2
A_const,efde6ac3,4559,474539.33150009747,10.202375669006345,2
B_flat,efde6ac3,4559,51015836.91950165,105.7834463066084,2
C_linear_1000ft,efde6ac3,4559,1406455.071204905,17.564190369349607,2
A_const,9896fc0b,3595,899134.1276999664,15.814766850712997,2
B_flat,9896fc0b,3595,21403467.28579961,77.16007111603335,2
C_linear_1000ft,9896fc0b,3595,499683.54190123547,11.789572983230068,2
A_const,24d8997e,3442,109469.33920000905,5.6395027824068205,2
B_flat,24d8997e,3442,11588280.997100528,58.02352053971174,2
C_linear_1000ft,24d8997e,3442,88448.42185913383,5.069202159543578,2
A_const,9d072e4c,5107,509761.22069991706,9.990804668905984,2
B_flat,9d072e4c,5107,39479201.12850121,87.92274713171795,2
C_linear_1000ft,9d072e4c,5107,770176.9410146811,12.280394740014106,2
A_const,c03b9305,4255,215530.03560002375,7.1171172090817905,2
B_flat,c03b9305,4255,57827010.130900905,116.57772796834342,2
C_linear_1000ft,c03b9305,4255,1506140.4018984237,18.81407829689756,2
A_const,722cf0d8,5143,636789.040600001,11.127293106426961,2
B_flat,722cf0d8,5143,42829444.19590041,91.25632118975311,2
C_linear_1000ft,722cf0d8,5143,1060022.7989816633,14.356525309896028,2
A_const,25050f63,6124,8841477.046200395,37.996607342363916,2
B_flat,25050f63,6124,53322482.77450153,93.31201983737267,2
C_linear_1000ft,25050f63,6124,293024.7386758669,6.917267211504399,2
A_const,d90aa14c,10018,1441234.57389991,11.994352891576652,2
B_flat,d90aa14c,10018,307419080.2390984,175.17611713439743,2
C_linear_1000ft,d90aa14c,10018,799496.7817037901,8.93342192674234,2
A_const,dafc88c3,5572,263543.3259999213,6.877339398362787,2
B_flat,dafc88c3,5572,14692103.812100638,51.34952614800516,2
C_linear_1000ft,dafc88c3,5572,3390655.9464908447,24.66813451522807,2
A_const,d1457cc5,6920,455786.58600000007,8.115732473647405,2
B_flat,d1457cc5,6920,61145502.08499955,94.0002936941971,2
C_linear_1000ft,d1457cc5,6920,46844326.16928755,82.27643220351632,2
A_const,08fecf00,5574,126283.21250000439,4.759806836739511,2
B_flat,08fecf00,5574,39235209.22930022,83.89855950231001,2
C_linear_1000ft,08fecf00,5574,1486115.7962856647,16.328370380298903,2
A_const,d7ba4f9d,6023,156542.51839999744,5.098116159708834,2
B_flat,d7ba4f9d,6023,176211414.68280068,171.0450803317504,2
C_linear_1000ft,d7ba4f9d,6023,27829725.102669865,67.97481380445213,2
A_const,5aa403d0,3118,2056921.0319001093,25.684478606280763,2
B_flat,5aa403d0,3118,32880190.875000317,102.69022598489516,2
C_linear_1000ft,5aa403d0,3118,2990195.230971097,30.967897212826504,2
A_const,0dc5e64d,4879,1582345.974200055,18.008822359134772,2
B_flat,0dc5e64d,4879,75758202.0833,124.60900281832666,2
C_linear_1000ft,0dc5e64d,4879,14919966.183014058,55.29915693887243,2
A_const,940a48d9,3963,401331.54429998586,10.06328128166555,2
B_flat,940a48d9,3963,16292510.91419967,64.11829630314173,2
C_linear_1000ft,940a48d9,3963,1076849.036166175,16.484105130997076,2
A_const,3932faa6,5452,943917.2776999872,13.157974615537267,2
B_flat,3932faa6,5452,39569159.53890084,85.19232863037202,2
C_linear_1000ft,3932faa6,5452,9005416.785204189,40.64189833707296,2
A_const,c84c65be,8496,805728.3655999922,9.738388019795911,2
B_flat,c84c65be,8496,266330318.58389905,177.05290319596554,2
C_linear_1000ft,c84c65be,8496,1915791.6163486268,15.016436444982356,2
A_const,86454a6f,7964,39317816.36919963,70.26338513734783,2
B_flat,86454a6f,7964,129333403.63430193,127.43529475328882,2
C_linear_1000ft,86454a6f,7964,42384568.608279444,72.95217725870467,2
A_const,54a7e3c2,6155,749877.1871999286,11.037762426443331,2
B_flat,54a7e3c2,6155,94061900.05109863,123.62116868502318,2
C_linear_1000ft,54a7e3c2,6155,733015.9971076004,10.912963375530882,2
A_const,ae069086,4770,1014757.009499989,14.585517424947831,2
B_flat,ae069086,4770,69280172.73550014,120.51616168617454,2
C_linear_1000ft,ae069086,4770,12535698.315379472,51.264305290668865,2
A_const,06df5958,3509,33471.45909999424,3.0884860085517194,2
B_flat,06df5958,3509,18621428.851199895,72.84752763851064,2
C_linear_1000ft,06df5958,3509,82500.89811983796,4.848837771502681,2
A_const,992c99e8,4904,931085.5809999148,13.77905931963707,2
B_flat,992c99e8,4904,32483284.96360103,81.38694377708124,2
C_linear_1000ft,992c99e8,4904,176338.32648841292,5.9965039857116045,2
A_const,0955cd6c,5195,334401.85399994365,8.023088122545198,2
B_flat,0955cd6c,5195,27019103.027299676,72.11783618439401,2
C_linear_1000ft,0955cd6c,5195,1455312.159011087,16.737296241296836,2
A_const,8d92cb49,3589,189251.76719996828,7.261615385751236,2
B_flat,8d92cb49,3589,19789008.96510007,74.25493007603121,2
C_linear_1000ft,8d92cb49,3589,1543958.6379540628,20.74106734486163,2
A_const,77e4821c,5393,1991930.4005000906,19.218605395377665,2
B_flat,77e4821c,5393,24790973.628199525,67.80029469498477,2
C_linear_1000ft,77e4821c,5393,145059581.46683937,164.00534416385221,2
A_const,7b2c7b3c,2584,98457.23020001505,6.17273385674935,2
B_flat,7b2c7b3c,2584,9034572.85469998,59.129956231635255,2
C_linear_1000ft,7b2c7b3c,2584,1584966.9942614892,24.766455534868896,2
A_const,ab18d3fc,5694,1568639.939100041,16.597890792722144,2
B_flat,ab18d3fc,5694,59448434.19720048,102.17896016871182,2
C_linear_1000ft,ab18d3fc,5694,39118743.51736739,82.88648391780777,2
A_const,84815d5a,3647,1288500.04740008,18.796385252137515,2
B_flat,84815d5a,3647,13217279.066800416,60.20092276201856,2
C_linear_1000ft,84815d5a,3647,5514982.974251025,38.88697907115935,2
A_const,0498acab,4798,172505.77320002805,5.996139045372776,2
B_flat,0498acab,4798,31937911.693699248,81.58740801536179,2
C_linear_1000ft,0498acab,4798,543381.4680645348,10.641976353356803,2
A_const,ea0b99b7,9239,1366075.5755998888,12.15975654126152,2
B_flat,ea0b99b7,9239,286808239.1993,176.19084080115144,2
C_linear_1000ft,ea0b99b7,9239,1211816.2583180298,11.452647765932914,2
A_const,71642c7d,4648,658339.4624999434,11.901230993511438,2
B_flat,71642c7d,4648,47347189.59240091,100.92855211364022,2
C_linear_1000ft,71642c7d,4648,21777835.210752126,68.45013262483887,2
A_const,44441e54,4357,58649.77529999906,3.668929750345109,2
B_flat,44441e54,4357,20587373.43819984,68.73955102551452,2
C_linear_1000ft,44441e54,4357,1176583.0676245226,16.433025042736464,2
A_const,8f201368,6349,6172248.778699456,31.179492905922075,2
B_flat,8f201368,6349,100512091.93959796,125.8219734127508,2
C_linear_1000ft,8f201368,6349,76862089.78095224,110.02805365500741,2
A_const,1550491d,4563,2044445.320900104,21.167156242041475,2
B_flat,1550491d,4563,48944403.43379941,103.56816589371293,2
C_linear_1000ft,1550491d,4563,119619.55091916409,5.120069420842019,2
A_const,f49fdea3,5391,829758.579300086,12.40626946494166,2
B_flat,f49fdea3,5391,113985736.89740181,145.4087662809022,2
C_linear_1000ft,f49fdea3,5391,2839000.190398603,22.948169283311046,2
A_const,9c8375f7,3674,128636.79189999786,5.917156069883692,2
B_flat,9c8375f7,3674,4171637.0104001164,33.69641357887246,2
C_linear_1000ft,9c8375f7,3674,108906.75245324234,5.444497815705922,2
A_const,43e16325,3720,7795270.510499936,45.776662453735184,3
B_flat,43e16325,3720,1321377.8867999525,18.846992050585314,3
C_linear_1000ft,43e16325,3720,1544328.0908517404,20.375032758412484,3
A_const,0849b4e2,5537,1175021.7229999802,14.567522114617379,3
B_flat,0849b4e2,5537,43569744.23559949,88.70645903330731,3
C_linear_1000ft,0849b4e2,5537,248440.7998038118,6.698448112544806,3
A_const,3690a146,4073,207067.7841000022,7.130156510792888,3
B_flat,3690a146,4073,13181980.748600151,56.889632918155854,3
C_linear_1000ft,3690a146,4073,1494162.2448922126,19.153214573613372,3
A_const,a0e92ed6,4897,322446.8719999936,8.114542367589692,3
B_flat,a0e92ed6,4897,44602233.06210025,95.43622433048094,3
C_linear_1000ft,a0e92ed6,4897,455892.7962603036,9.648644668406353,3
A_const,a15bc102,3236,21522.22409999582,2.578928597930721,3
B_flat,a15bc102,3236,16423919.225299599,71.24167859653532,3
C_linear_1000ft,a15bc102,3236,3495626.6940769143,32.866863951500804,3
A_const,69c1bdad,2714,260118.6661000001,9.789958199101882,3
B_flat,69c1bdad,2714,4949600.951500327,42.70514212772249,3
C_linear_1000ft,69c1bdad,2714,38764.8979987881,3.7793263992380877,3
A_const,f88ddb26,4990,13184962.8924996,51.40308485650886,3
B_flat,f88ddb26,4990,10990956.21259967,46.9318275309061,3
C_linear_1000ft,f88ddb26,4990,1040290.4597129173,14.438664828391742,3
A_const,c1708b88,6315,2115932.476999837,18.304767828554887,3
B_flat,c1708b88,6315,162334675.27989876,160.3315425238953,3
C_linear_1000ft,c1708b88,6315,61901998.52802094,99.0069445231981,3
A_const,71ccf778,2698,78343.36019998082,5.388651839136806,3
B_flat,71ccf778,2698,3953788.855000114,38.28121944787871,3
C_linear_1000ft,71ccf778,2698,580871.4111238001,14.673003747140621,3
A_const,1a68190b,4474,1208001.9697999796,16.431826147748733,3
B_flat,1a68190b,4474,30189196.38489956,82.14436682781204,3
C_linear_1000ft,1a68190b,4474,7258716.265730505,40.27930055420537,3
A_const,1aaf1da0,4804,414444.19379989564,9.288199403984146,3
B_flat,1aaf1da0,4804,73650947.2374985,123.81910743099392,3
C_linear_1000ft,1aaf1da0,4804,15606576.159642652,56.99704215349261,3
A_const,015fe0d2,4296,2303295.742199914,23.154889673287215,3
B_flat,015fe0d2,4296,26950285.13669987,79.20444330979126,3
C_linear_1000ft,015fe0d2,4296,512357.9597713416,10.920803867675405,3
A_const,d4f60a28,4501,172077.9503999838,6.183126130423007,3
B_flat,d4f60a28,4501,42647427.478199445,97.34012804784751,3
C_linear_1000ft,d4f60a28,4501,15304059.314151403,58.31077500517702,3
A_const,060ab2b8,6258,512354.6856999987,9.048312196834127,3
B_flat,060ab2b8,6258,61790711.22479975,99.36737510705568,3
C_linear_1000ft,060ab2b8,6258,92518508.64791353,121.58962873231675,3
A_const,e85074c5,5675,730769.5881000807,11.347685731962262,3
B_flat,e85074c5,5675,19449227.883599382,58.54209357015671,3
C_linear_1000ft,e85074c5,5675,58917310.07760451,101.89163292189296,3
A_const,eba6605e,4410,1077585.4438000903,15.631712662756936,3
B_flat,eba6605e,4410,3523407.1368998378,28.2658545677361,3
C_linear_1000ft,eba6605e,4410,23892044.58881486,73.60500788446602,3
A_const,1fdbba44,4911,167224.3625999826,5.835321753197851,3
B_flat,1fdbba44,4911,113960231.50409898,152.33219301223465,3
C_linear_1000ft,1fdbba44,4911,20523649.81207769,64.64610017300683,3
A_const,e4726608,4733,186156.23210001356,6.271487164710907,3
B_flat,e4726608,4733,34754798.16949925,85.69177388684352,3
C_linear_1000ft,e4726608,4733,866721.9746191119,13.532301072841696,3
A_const,5def1ce5,6443,417773.3301000272,8.052417616706911,3
B_flat,5def1ce5,6443,91696243.33999987,119.29759983894047,3
C_linear_1000ft,5def1ce5,6443,1418931.1158139242,14.840091905669908,3
A_const,bcebcc5f,6258,3677527.008099815,24.241537215571864,3
B_flat,bcebcc5f,6258,51685265.97080148,90.87943081093351,3
C_linear_1000ft,bcebcc5f,6258,16914616.662457123,51.98921985275015,3
A_const,833af382,3628,516564.16390002065,11.932419080398546,3
B_flat,833af382,3628,5244105.12080002,38.01911954737601,3
C_linear_1000ft,833af382,3628,321288.290276181,9.410524063046354,3
A_const,c9e980e8,4359,413675.1992000178,9.741734918381256,3
B_flat,c9e980e8,4359,38322595.2232007,93.76354559718274,3
C_linear_1000ft,c9e980e8,4359,2300085.774469181,22.970930163842947,3
A_const,94d813a4,4847,6539388.741900145,36.730942118502206,3
B_flat,94d813a4,4847,33239320.90489955,82.81129216693112,3
C_linear_1000ft,94d813a4,4847,4592470.240728909,30.781279295889966,3
A_const,481de5fc,5952,1110781.755800009,13.661013098019078,3
B_flat,481de5fc,5952,46575529.454200186,88.46010264774905,3
C_linear_1000ft,481de5fc,5952,2178170.7934455937,19.129979469152264,3
A_const,861e71df,4700,625859.2988999485,11.539564677986593,3
B_flat,861e71df,4700,37684054.731399514,89.54263780682447,3
C_linear_1000ft,861e71df,4700,567229.0329265193,10.985764801880574,3
A_const,d50c649a,4873,226652.41380000755,6.81996221614117,3
B_flat,d50c649a,4873,89050444.62059967,135.1823028400875,3
C_linear_1000ft,d50c649a,4873,23541168.507085893,69.50496073233792,3
A_const,fcfcc902,2791,216511.05999998702,8.80765155445474,3
B_flat,fcfcc902,2791,4414702.747299861,39.77139415926354,3
C_linear_1000ft,fcfcc902,2791,2622759.804943357,30.654860306127002,3
A_const,173ed841,4883,1509211.2462000288,17.58051747694951,3
B_flat,173ed841,4883,66214716.70190081,116.4485004919507,3
C_linear_1000ft,173ed841,4883,48468117.99218374,99.6287579499306,3
A_const,9b9e3b49,5118,321335.4906999939,7.923721572593473,3
B_flat,9b9e3b49,5118,83080497.097301,127.40879328044042,3
C_linear_1000ft,9b9e3b49,5118,289439.4894600705,7.520188920172815,3
A_const,2be5c96a,4210,56452.77559999766,3.6618588662445717,3
B_flat,2be5c96a,4210,33199326.97550085,88.80217274885264,3
C_linear_1000ft,2be5c96a,4210,6585067.56067121,39.54932444799088,3
A_const,9dede370,6297,2196378.6900001387,18.676124657054373,3
B_flat,9dede370,6297,140831335.4298006,149.54875508030702,3
C_linear_1000ft,9dede370,6297,2631217.0226413454,20.441440091771025,3
A_const,2fe023be,4221,703431.0126999489,12.90931147808348,3
B_flat,2fe023be,4221,42259846.09019924,100.05902793530086,3
C_linear_1000ft,2fe023be,4221,515015.79687521595,11.045937943630708,3
A_const,ac6f01d5,5004,1275030.9817000795,15.962529701035821,3
B_flat,ac6f01d5,5004,29062328.209799852,76.20905055471304,3
C_linear_1000ft,ac6f01d5,5004,132605.96060085308,5.147814305748551,3
A_const,ff0aea78,3261,3073016.773199971,30.697786830378174,3
B_flat,ff0aea78,3261,8124171.695400122,49.91305441200736,3
C_linear_1000ft,ff0aea78,3261,3738076.07665474,33.85701520032428,3
A_const,0bbf5e67,4298,1451514.2024998572,18.377119492009776,3
B_flat,0bbf5e67,4298,22431222.975799248,72.2425838434742,3
C_linear_1000ft,0bbf5e67,4298,118455.72366084374,5.2498249136716435,3
A_const,53134831,5126,1541966.1562002338,17.343954276390388,3
B_flat,53134831,5126,24559809.978000317,69.21866201880734,3
C_linear_1000ft,53134831,5126,24295095.749326866,68.84461991503748,3
A_const,84c3b497,5312,1909645.7674999677,18.960394713110585,3
B_flat,84c3b497,5312,54765408.657599024,101.5369545330329,3
C_linear_1000ft,84c3b497,5312,602519.4583072155,10.650169146261424,3
A_const,bb682ebd,4139,1634184.2901001156,19.87022580202752,3
B_flat,bb682ebd,4139,52709264.10610053,112.84849285747273,3
C_linear_1000ft,bb682ebd,4139,3787074.5504405764,30.248525830472893,3
A_const,d924e971,3184,3419270.522499903,32.7702837302337,3
B_flat,d924e971,3184,32827283.340999447,101.53854650423796,3
C_linear_1000ft,d924e971,3184,4321045.781769585,36.83900607571038,3
A_const,62569ae3,3588,239112.02910001957,8.163464251076302,3
B_flat,62569ae3,3588,13623974.800700486,61.62056820623469,3
C_linear_1000ft,62569ae3,3588,911065.8253522016,15.934874997298955,3
A_const,a0b83014,5035,1545219.87059994,17.51843897699374,3
B_flat,a0b83014,5035,19466379.748700134,62.178874728500105,3
C_linear_1000ft,a0b83014,5035,1777933.2243712554,18.791350164033975,3
A_const,58fa8486,4475,630056.9998999566,11.865701003853058,3
B_flat,58fa8486,4475,26002421.265100386,76.22727156830874,3
C_linear_1000ft,58fa8486,4475,738793.2406604225,12.84887005149069,3
A_const,d1ecf309,6168,542489.3064999618,9.37828460834895,3
B_flat,d1ecf309,6168,80400851.75839867,114.17161445989328,3
C_linear_1000ft,d1ecf309,6168,447573.48338022374,8.518438490847073,3
A_const,52f1e77a,4442,892518.8349000146,14.174880875648114,3
B_flat,52f1e77a,4442,15798607.887600113,59.63759660080713,3
C_linear_1000ft,52f1e77a,4442,518819.9879942247,10.807346418239431,3
A_const,7271dd80,4340,299989.0260001001,8.313957865645467,3
B_flat,7271dd80,4340,29894861.53200124,82.99528265424142,3
C_linear_1000ft,7271dd80,4340,913812.1601395316,14.51054090195032,3
A_const,fb73b13a,5640,561513.7446999728,9.977934385041513,3
B_flat,fb73b13a,5640,259201679.21459952,214.37757471712303,3
C_linear_1000ft,fb73b13a,5640,16498318.995269302,54.08543116597529,3
A_const,b7fea9ef,3866,480464.81100005226,11.148074644872509,3
B_flat,b7fea9ef,3866,32897458.5000999,92.2465747244647,3
C_linear_1000ft,b7fea9ef,3866,172786.53324503856,6.685348026246109,3
A_const,4caa7289,5396,505602.8234999849,9.679853283039389,3
B_flat,4caa7289,5396,49956806.54930061,96.21911627908413,3
C_linear_1000ft,4caa7289,5396,3086502.499398919,23.91648467741917,3
A_const,aed44918,2719,244806.55419998243,9.488704385906805,3
B_flat,aed44918,2719,8671593.6103998,56.47351952596719,3
C_linear_1000ft,aed44918,2719,141885.9437425857,7.223789509767137,3
A_const,e161bd0c,2949,55418.19220000154,4.33499689746737,3
B_flat,e161bd0c,2949,6526651.0436997395,47.04438660658831,3
C_linear_1000ft,e161bd0c,2949,334357.5925696705,10.648004071112583,3
A_const,633774dc,6233,1259023.3935000952,14.212429924790966,3
B_flat,633774dc,6233,109402282.80340125,132.48436503802446,3
C_linear_1000ft,633774dc,6233,3366812.061924084,23.24132446378117,3
A_const,09053135,5907,1038857.0287001376,13.261553626472297,3
B_flat,09053135,5907,60899188.17789955,101.53651804156307,3
C_linear_1000ft,09053135,5907,7394265.146576701,35.380504748109956,3
A_const,46d24a09,4449,1968447.27030005,21.034427197140683,3
B_flat,46d24a09,4449,89172833.85970029,141.57451462626003,3
C_linear_1000ft,46d24a09,4449,23331570.56619359,72.41704249449033,3
A_const,1fee2b62,4641,317502.31800001697,8.271183690259376,3
B_flat,1fee2b62,4641,31875845.6206001,82.87529230525948,3
C_linear_1000ft,1fee2b62,4641,556773.3666690423,10.953008938110496,3
A_const,310c71a5,5245,410180.99380004295,8.843313479056066,3
B_flat,310c71a5,5245,73752187.71230103,118.58089049473573,3
C_linear_1000ft,310c71a5,5245,5077058.544411224,31.112387512111003,3
A_const,a48640d9,4532,2119663.442000025,21.626612771414322,3
B_flat,a48640d9,4532,22612193.15579944,70.63604795028655,3
C_linear_1000ft,a48640d9,4532,46025799.29676792,100.77567576699634,3
A_const,43c7f85a,5978,747254.0476000572,11.180370167514397,3
B_flat,43c7f85a,5978,95079115.51110052,126.11438057363169,3
C_linear_1000ft,43c7f85a,5978,1315119.6841991143,14.832169631303062,3
A_const,2d2d0c6b,5045,46806.41409999035,3.045945300727323,3
B_flat,2d2d0c6b,5045,11051775.478800677,46.804266276536914,3
C_linear_1000ft,2d2d0c6b,5045,130876.74157643295,5.093316353029551,3
A_const,eb06a4e7,4535,423983.8436000009,9.669099026629615,3
B_flat,eb06a4e7,4535,39495159.70139995,93.32183964938618,3
C_linear_1000ft,eb06a4e7,4535,391653.9344506167,9.29314259696843,3
A_const,1944513c,4722,155510.1091000107,5.738736995920461,3
B_flat,1944513c,4722,54682645.13380014,107.61226335131015,3
C_linear_1000ft,1944513c,4722,1040174.1006254087,14.84191795968521,3
A_const,a6b8ac67,5453,645009.4706000213,10.875902281234387,3
B_flat,a6b8ac67,5453,136473805.72950113,158.20015417890772,3
C_linear_1000ft,a6b8ac67,5453,3340242.388838209,24.74977429182865,3
A_const,a76db406,4672,64109.1275999681,3.7043201708377427,3
B_flat,a76db406,4672,20690964.025800277,66.54860340466477,3
C_linear_1000ft,a76db406,4672,3026517.984459974,25.45190024587262,3
A_const,eafb863e,3568,646214.5529000806,13.457858083605023,3
B_flat,eafb863e,3568,7092968.775400286,44.586317174713095,3
C_linear_1000ft,eafb863e,3568,4531356.255872575,35.637044639489005,3
A_const,add9c322,3932,594561.2657000651,12.296784203800955,3
B_flat,add9c322,3932,21021510.46919985,73.11815169382375,3
C_linear_1000ft,add9c322,3932,116451.28179098338,5.44208576791441,3
A_const,f56d3ace,5432,258853.54839997727,6.90314793936432,3
B_flat,f56d3ace,5432,40535723.18359996,86.38514809510855,3
C_linear_1000ft,f56d3ace,5432,4525898.456566078,28.865063836170787,3
A_const,7c607683,5328,1515389.3116998707,16.864753655466934,3
B_flat,7c607683,5328,49383894.58430032,96.2743422908713,3
C_linear_1000ft,7c607683,5328,2646862.646056037,22.288641270054395,3
A_const,b7cdcecb,6168,530531.8507000294,9.274351431311539,3
B_flat,b7cdcecb,6168,135103054.14800075,147.99955203993312,3
C_linear_1000ft,b7cdcecb,6168,9932951.557783594,40.12979823665763,3
A_const,a5e6f7dc,5649,227840.515000009,6.350818327780091,3
B_flat,a5e6f7dc,5649,179071670.01779944,178.04412783494286,3
C_linear_1000ft,a5e6f7dc,5649,17983432.785634242,56.422264257906804,3
A_const,4ed93db6,4657,388559.21620003687,9.134304566059011,3
B_flat,4ed93db6,4657,25493754.97080007,73.98842536793198,3
C_linear_1000ft,4ed93db6,4657,310749.9989268214,8.16869063854774,3
A_const,26623a50,5735,2694428.9495000867,21.675376849132046,3
B_flat,26623a50,5735,125382802.2921983,147.86053555960024,3
C_linear_1000ft,26623a50,5735,2916097.539118041,22.549364772283184,3
A_const,eeed308d,3899,366110.8290000212,9.69013148078532,3
B_flat,eeed308d,3899,23152644.8375998,77.05905649995793,3
C_linear_1000ft,eeed308d,3899,67598.96423668467,4.163833962734219,3
A_const,8d5d46d7,5755,1201438.5950999784,14.448678432466647,3
B_flat,8d5d46d7,5755,97508802.79629874,130.1665062105512,3
C_linear_1000ft,8d5d46d7,5755,12728256.03198056,47.02857151781435,3
A_const,61f27424,6220,49288.71450000141,2.8150009994687166,3
B_flat,61f27424,6220,87192624.0103988,118.39808593927272,3
C_linear_1000ft,61f27424,6220,5381150.814967253,29.41320769607129,3
A_const,3bfee975,3603,221491.25030000013,7.840543276658913,3
B_flat,3bfee975,3603,12791919.983700084,59.58483430804429,3
C_linear_1000ft,3bfee975,3603,4996739.540530837,37.2401331376011,3
A_const,efe96181,4012,3042801.1686001453,27.539517372291407,3
B_flat,efe96181,4012,43303330.0751008,103.89154037884093,3
C_linear_1000ft,efe96181,4012,5345404.3367945375,36.50142493290142,3
A_const,8bb9c1e6,4546,157019.65899999402,5.877089429163017,3
B_flat,8bb9c1e6,4546,43063964.811800174,97.32900650029917,3
C_linear_1000ft,8bb9c1e6,4546,10188100.448884442,47.340396757682086,3
A_const,896d15b9,4279,3795998.590699895,29.78460727060298,3
B_flat,896d15b9,4279,47091166.42520011,104.90557793394315,3
C_linear_1000ft,896d15b9,4279,25592509.627207886,77.3366390767033,3
A_const,374be387,9965,449034.68119999266,6.712762639770746,3
B_flat,374be387,9965,230131254.41860265,151.96695128167417,3
C_linear_1000ft,374be387,9965,5993379.0058900565,24.52433385267,3
A_const,9a8ae0d6,6294,221866.91140001552,5.937216688673599,3
B_flat,9a8ae0d6,6294,66274290.70159895,102.61460433493477,3
C_linear_1000ft,9a8ae0d6,6294,476638.27419968415,8.702240617788584,3
A_const,ffefef30,4570,226211.4713000339,7.035568765607176,3
B_flat,ffefef30,4570,44007043.53400156,98.13027059699859,3
C_linear_1000ft,ffefef30,4570,3243355.5423736908,26.640304201702204,3
A_const,46a7190b,4215,746755.0064000258,13.31037471543342,3
B_flat,46a7190b,4215,3854520.997299966,30.240322500508302,3
C_linear_1000ft,46a7190b,4215,1538582.6346173852,19.105641472861723,3
A_const,8b12bab6,5234,1308478.167400092,15.811256392108719,3
B_flat,8b12bab6,5234,32861687.943300642,79.2370091515191,3
C_linear_1000ft,8b12bab6,5234,3054025.9580814503,24.155693081157406,3
A_const,9ffce529,5212,640422.010500002,11.084878093703349,3
B_flat,9ffce529,5212,35379797.685999945,82.39018329588971,3
C_linear_1000ft,9ffce529,5212,62237289.60165304,109.2755829624487,3
A_const,32fe84c9,6408,3172594.896700016,22.250821979444407,3
B_flat,32fe84c9,6408,52903462.63539996,90.86168735498478,3
C_linear_1000ft,32fe84c9,6408,2797686.3247392313,20.89480192072593,3
A_const,f5d8aab6,4444,1095198.9519998669,15.698547978741031,3
B_flat,f5d8aab6,4444,33174613.79870105,86.4004317591559,3
C_linear_1000ft,f5d8aab6,4444,480047.96308967035,10.393343728298477,3
A_const,198a5607,6251,618224.2982000187,9.944851115115334,3
B_flat,198a5607,6251,98934670.8286009,125.80546494558381,3
C_linear_1000ft,198a5607,6251,357140.7260243386,7.558662237719209,3
A_const,5542c301,3591,108671.76400000186,5.501114137426537,3
B_flat,5542c301,3591,36771375.08110054,101.1922454153071,3
C_linear_1000ft,5542c301,3591,36190.91492755353,3.174622417399124,3
A_const,10b89021,5414,1173309.6033999855,14.721334704881999,3
B_flat,10b89021,5414,40155189.08650069,86.12152508427211,3
C_linear_1000ft,10b89021,5414,13825878.38716839,50.53441476435624,3
A_const,9426ec1e,2532,369449.75210001064,12.079413246018726,3
B_flat,9426ec1e,2532,7572511.054999879,54.68750465583326,3
C_linear_1000ft,9426ec1e,2532,148735.76401321616,7.664359258856643,3
A_const,6e9ccd38,8282,1240686.5337999666,12.23949279951463,3
B_flat,6e9ccd38,8282,121892623.51289894,121.31684270414341,3
C_linear_1000ft,6e9ccd38,8282,1286061.1907056307,12.461295745518784,3
A_const,c593337f,5208,2955558.742699917,23.822334034025907,3
B_flat,c593337f,5208,45241578.63750103,93.20375025984843,3
C_linear_1000ft,c593337f,5208,6273697.965165601,34.70773840869704,3
A_const,70925e23,5947,1299957.1081998474,14.784803005082047,3
B_flat,70925e23,5947,27882672.482200954,68.47282238804378,3
C_linear_1000ft,70925e23,5947,6296750.62508396,32.53938030145241,3
A_const,f074d277,2453,364369.86969998374,12.187719616802815,3
B_flat,f074d277,2453,11270536.307199862,67.78342621034763,3
C_linear_1000ft,f074d277,2453,9271867.562949164,61.48013829182599,3
A_const,f2d4c8c9,6249,111789.04610002582,4.229551942410153,3
B_flat,f2d4c8c9,6249,58608050.40410048,96.84414629105576,3
C_linear_1000ft,f2d4c8c9,6249,83030717.96350858,115.26942699905072,3
A_const,35b3ef6a,3904,2648325.2823002697,26.045383636758544,3
B_flat,35b3ef6a,3904,36874228.9468994,97.18664039061544,3
C_linear_1000ft,35b3ef6a,3904,660128.6959464444,13.003474235733949,3
A_const,2043abc5,6958,2265345.3406996895,18.043675019417094,3
B_flat,2043abc5,6958,176082630.741598,159.0801701587613,3
C_linear_1000ft,2043abc5,6958,3913060.3286961014,23.714613972832026,3
A_const,78a4a386,5119,176155.75799999433,5.866186376682608,3
B_flat,78a4a386,5119,46553864.79129982,95.36418590319461,3
C_linear_1000ft,78a4a386,5119,219919.2902672825,6.554492907489298,3
A_const,a4f989c2,5385,602639.2674001362,10.578786672639087,3
B_flat,a4f989c2,5385,53858996.54460118,100.00835298874344,3
C_linear_1000ft,a4f989c2,5385,5010087.581911,30.502104534637745,3
A_const,3a824aa7,4201,136018.28240001417,5.690131490731758,3
B_flat,3a824aa7,4201,17827563.014600012,65.14328413861769,3
C_linear_1000ft,3a824aa7,4201,7247816.116625213,41.53624595257387,3
A_const,75cd5f11,4946,136847.38759999277,5.260066074409697,3
B_flat,75cd5f11,4946,32581096.992900476,81.1625709184691,3
C_linear_1000ft,75cd5f11,4946,508323.30160809244,10.13778211866392,3
A_const,ce8399b7,1615,18271.390199992496,3.363562739626084,3
B_flat,ce8399b7,1615,2857426.5135998074,42.06309953850594,3
C_linear_1000ft,ce8399b7,1615,55740.60528026657,5.87488780106375,3
A_const,3e678ea7,6858,717697.2380001147,10.229911981746914,3
B_flat,3e678ea7,6858,47344921.89729896,83.08793429906758,3
C_linear_1000ft,3e678ea7,6858,23259254.598003305,58.23702160172558,3
A_const,ecdaf714,6592,1553603.1496001012,15.351875762973165,3
B_flat,ecdaf714,6592,199335971.93200248,173.893856740297,3
C_linear_1000ft,ecdaf714,6592,7669875.497352965,34.11030147136462,3
A_const,57f05c51,4771,6295172.4827998215,36.3244551404309,3
B_flat,57f05c51,4771,15232709.758700635,56.504609165892674,3
C_linear_1000ft,57f05c51,4771,57248291.60399231,109.54096366857667,3
A_const,8cc800b3,6576,1269567.7063002407,13.894631430456734,3
B_flat,8cc800b3,6576,286571062.69160223,208.7542206005729,3
C_linear_1000ft,8cc800b3,6576,21358275.87667916,56.9904640995181,3
A_const,55efee7f,4801,3204452.8491000747,25.83515609352923,3
B_flat,55efee7f,4801,69766510.31980015,120.54734431056177,3
C_linear_1000ft,55efee7f,4801,18882318.40323874,62.71361064108396,3
A_const,d0a0e7b5,3816,520311.9060000165,11.676903707262621,3
B_flat,d0a0e7b5,3816,16661516.886199705,66.07742125044633,3
C_linear_1000ft,d0a0e7b5,3816,89950.53612056462,4.855094584848056,3
A_const,6dbe4b60,4648,351763.77589999617,8.699464045404161,3
B_flat,6dbe4b60,4648,40949521.95470037,93.86233597230692,3
C_linear_1000ft,6dbe4b60,4648,5942189.262615358,35.75527975954274,3
A_const,53f23031,8550,973040.3093000798,10.66798407051043,3
B_flat,53f23031,8550,201296974.7976969,153.43893190547186,3
C_linear_1000ft,53f23031,8550,3083512.8566466356,18.990649766534112,3
A_const,f053a1b9,4108,413128.06039993605,10.028295659116962,3
B_flat,f053a1b9,4108,14909329.462000003,60.24400535010247,3
C_linear_1000ft,f053a1b9,4108,408096.6684111997,9.967042433015843,3
A_const,a959858c,4404,18812805.959599867,65.35865899088088,3
B_flat,a959858c,4404,52073575.894100904,108.73892762502382,3
C_linear_1000ft,a959858c,4404,288751479.675223,256.0580619307873,3
A_const,1b1eba53,4655,23228083.403200306,70.63937461968057,3
B_flat,1b1eba53,4655,1905259.6999001093,20.2309952452769,3
C_linear_1000ft,1b1eba53,4655,9335923.449180977,44.783578990434386,3
A_const,511e1db0,3821,26765.287499998773,2.646655635093415,3
B_flat,511e1db0,3821,46176824.02729954,109.93184349357908,3
C_linear_1000ft,511e1db0,3821,2401070.8492793366,25.067669992408455,3
A_const,84633df4,4972,111528.57000000455,4.736172446701271,3
B_flat,84633df4,4972,86186781.82860093,131.66027939005355,3
C_linear_1000ft,84633df4,4972,3471914.434146877,26.425240386313085,3
A_const,47ee27ab,6397,390305.35529999225,7.811133847911845,3
B_flat,47ee27ab,6397,88382688.69790094,117.54263688681749,3
C_linear_1000ft,47ee27ab,6397,95735.69060689173,3.8685548770948333,3
A_const,b95e7121,6306,73777.33990000116,3.4204599760598935,3
B_flat,b95e7121,6306,242490486.9404991,196.0967380949621,3
C_linear_1000ft,b95e7121,6306,2242877.4345040414,18.85930949087406,3
A_const,91db7070,4073,6782563.949499958,40.80747690976154,3
B_flat,91db7070,4073,17165192.461499743,64.91829925811446,3
C_linear_1000ft,91db7070,4073,546730.2650028872,11.585888715777033,3
A_const,e3b34f5b,5455,584019.69690004,10.347045761247115,3
B_flat,e3b34f5b,5455,58850898.12450029,103.86737835721644,3
C_linear_1000ft,e3b34f5b,5455,1617298.442435186,17.218594825918164,3
A_const,5a5269a9,6513,223890.89289999526,5.863105043604518,3
B_flat,5a5269a9,6513,197050542.63169956,173.9395244929194,3
C_linear_1000ft,5a5269a9,6513,2571486.802846079,19.87017128437175,3
A_const,05948241,3879,96810.98729998426,4.995769989509691,3
B_flat,05948241,3879,29782113.141300373,87.62294885236408,3
C_linear_1000ft,05948241,3879,64465.86574089862,4.076664954221936,3
A_const,a645da9a,5153,412868.96689999796,8.951092580974047,3
B_flat,a645da9a,5153,110245386.04039913,146.26827514427447,3
C_linear_1000ft,a645da9a,5153,1194280.2125923657,15.22379920436102,3
A_const,368fe682,4936,950736.9625999265,13.878502686940966,3
B_flat,368fe682,4936,54091618.376299806,104.68330179303138,3
C_linear_1000ft,368fe682,4936,413835.47284108703,9.15643215260246,3
A_const,8995c945,6724,1954585.6891999107,17.049572930743697,3
B_flat,8995c945,6724,393707973.06320095,241.97653445679757,3
C_linear_1000ft,8995c945,6724,99300175.97938205,121.52374834886221,3
A_const,48c1f673,2917,996201.2643999874,18.480143096264484,3
B_flat,48c1f673,2917,32083364.49340039,104.87494306568487,3
C_linear_1000ft,48c1f673,2917,210467.28518393077,8.494231343922555,3
A_const,466fc788,6197,1783940.4140000832,16.96677982284487,3
B_flat,466fc788,6197,47628310.471800864,87.66814957108141,3
C_linear_1000ft,466fc788,6197,7917093.471514936,35.74309357545235,3
A_const,27300fd5,5467,1653208.961300014,17.389589831741016,3
B_flat,27300fd5,5467,71808141.32540017,114.60730650246433,3
C_linear_1000ft,27300fd5,5467,2479838.8431666363,21.297920040581218,3
A_const,a9c9b150,3986,5391.634599999213,1.1630317709118394,3
B_flat,a9c9b150,3986,31317299.3234004,88.63872581354366,3
C_linear_1000ft,a9c9b150,3986,1500037.4709624548,19.39913685006268,3
A_const,071d7b45,3211,940663.580699953,17.11579247751261,3
B_flat,071d7b45,3211,25109456.432500146,88.42977150528637,3
C_linear_1000ft,071d7b45,3211,1140739.1993343984,18.848336644098534,3
A_const,ae8959c3,4518,1765517.8814001312,19.76800976672305,3
B_flat,ae8959c3,4518,111675352.87830071,157.2191896357057,3
C_linear_1000ft,ae8959c3,4518,1449617.078086111,17.91238994688156,3
A_const,35b30c7f,9579,3513417.411000219,19.15158789297762,3
B_flat,35b30c7f,9579,375967778.47759926,198.11402729911245,3
C_linear_1000ft,35b30c7f,9579,650873.0277808632,8.24305221261012,3
A_const,463c38f2,4460,177937.21600000106,6.316346789980795,3
B_flat,463c38f2,4460,49076394.818401344,104.89840784421574,3
C_linear_1000ft,463c38f2,4460,8192115.2026152145,42.85787127974527,3
A_const,72dd8501,5193,191466.84599999868,6.0720820352358595,3
B_flat,72dd8501,5193,38150573.83500001,85.71195007305809,3
C_linear_1000ft,72dd8501,5193,3921724.1547082113,27.480799293523834,3
A_const,9c211c53,7265,303791.11030003446,6.466506541772609,3
B_flat,9c211c53,7265,180050904.93180084,157.42722673690554,3
C_linear_1000ft,9c211c53,7265,448224.1705852427,7.854704059021995,3
A_const,4b462989,3106,135503.44240000698,6.605024585467642,3
B_flat,4b462989,3106,28111848.884100247,95.13580100233985,3
C_linear_1000ft,4b462989,3106,155463.63604932727,7.07479214207843,3
A_const,ee4aecac,5265,611702.5087999359,10.778813139095936,3
B_flat,ee4aecac,5265,45912251.71369985,93.38241659486965,3
C_linear_1000ft,ee4aecac,5265,19997093.09835784,61.62887592084125,3
A_const,c3957531,5316,833115.0537000096,12.518722274768233,3
B_flat,c3957531,5316,14047763.784999996,51.40568040221574,3
C_linear_1000ft,c3957531,5316,5861415.247945054,33.20540325167416,3
A_const,ae0784a8,7823,925596.1520999303,10.87737509844777,3
B_flat,ae0784a8,7823,187316612.80970088,154.73960462544693,3
C_linear_1000ft,ae0784a8,7823,3704775.171788304,21.761772389712355,3
A_const,7d57c75d,4405,887988.2728999833,14.198113996829493,3
B_flat,7d57c75d,4405,29240958.50530032,81.47471423142282,3
C_linear_1000ft,7d57c75d,4405,280647.00775893254,7.981917813223599,3
A_const,e748dd88,4812,119816.00360000136,4.989931749983482,3
B_flat,e748dd88,4812,18886432.07920016,62.64871265110931,3
C_linear_1000ft,e748dd88,4812,7913154.030766175,40.551974056879715,3
A_const,aaeffccb,2712,61347.45250000096,4.756126793123975,3
B_flat,aaeffccb,2712,2012033.4776000832,27.237845910654134,3
C_linear_1000ft,aaeffccb,2712,860539.2103349655,17.813140329896857,3
A_const,c07fd0cd,4191,68842.52649999954,4.052934357090802,3
B_flat,c07fd0cd,4191,36501405.33650026,93.32456243066598,3
C_linear_1000ft,c07fd0cd,4191,7432952.756386652,42.11355034872535,3
A_const,8bfa881d,4089,2536780.2353001013,24.907656478671402,3
B_flat,8bfa881d,4089,19144448.96780018,68.42469654328681,3
C_linear_1000ft,8bfa881d,4089,1981675.1975651656,22.014441988029258,3
A_const,d1ee630d,6290,939241.8177998039,12.219780010195931,3
B_flat,d1ee630d,6290,168751972.19020274,163.79442124466522,3
C_linear_1000ft,d1ee630d,6290,16456002.448090114,51.148964851888564,3
A_const,01869cd4,5557,626576.8553999825,10.618593023436276,3
B_flat,01869cd4,5557,75214195.7437,116.34017416384435,3
C_linear_1000ft,01869cd4,5557,52044583.81148873,96.77597859313788,3
A_const,20402d71,6372,866587.2249999039,11.661871660575386,3
B_flat,20402d71,6372,35565113.0894008,74.709221934295,3
C_linear_1000ft,20402d71,6372,5283176.311707631,28.794508416662634,3
A_const,bd8f847e,4961,270911.7039999662,7.389741905257485,3
B_flat,bd8f847e,4961,74720121.9834011,122.72531983615087,3
C_linear_1000ft,bd8f847e,4961,16410435.913537646,57.51424792764006,3
A_const,a2e8e7f6,4760,544812.5200000028,10.698430341162505,3
B_flat,a2e8e7f6,4760,19401328.187199693,63.84284833107891,3
C_linear_1000ft,a2e8e7f6,4760,243569.56486950314,7.153326264980297,3
A_const,a783cc24,1889,1349195.6163999331,26.72523186448825,3
B_flat,a783cc24,1889,2632144.449699902,37.328357491343446,3
C_linear_1000ft,a783cc24,1889,32300.88469385292,4.135149636542507,3
A_const,70e1788b,9285,475895.5683000259,7.159206283115686,3
B_flat,70e1788b,9285,183455009.84050062,140.5639115491408,3
C_linear_1000ft,70e1788b,9285,5392051.955082648,24.098281879875667,3
A_const,203721ab,5730,577258.2439999592,10.037088673521446,3
B_flat,203721ab,5730,18588176.296599854,56.95620971313432,3
C_linear_1000ft,203721ab,5730,15973584.969324477,52.798779947371635,3
A_const,d84b621b,3994,1901658.0644000117,21.82037371732548,3
B_flat,d84b621b,3994,21421405.218900174,73.23521283729589,3
C_linear_1000ft,d84b621b,3994,607371.6363022549,12.331707732466016,3
A_const,da3cf798,5844,1670114.5158997274,16.905110806271015,3
B_flat,da3cf798,5844,126505611.77379753,147.12951113974373,3
C_linear_1000ft,da3cf798,5844,1650324.5420272658,16.804654017586866,3
A_const,884ecb5f,6724,2670513.6462000674,19.928910115404566,3
B_flat,884ecb5f,6724,102134864.74630001,123.24609186167359,3
C_linear_1000ft,884ecb5f,6724,2082440.5256192228,17.59837027033486,3
A_const,8a3da6d1,4593,406895.5996999942,9.412246097229765,3
B_flat,8a3da6d1,4593,45935525.046599515,100.006014457276,3
C_linear_1000ft,8a3da6d1,4593,14680978.16346079,56.53654614651064,3
A_const,beda8696,5912,570103.1488999946,9.819955216289504,4
B_flat,beda8696,5912,24081575.60979934,63.822709351701526,4
C_linear_1000ft,beda8696,5912,6450472.142510353,33.03151850738391,4
A_const,0dc835f3,4428,231450.24929999467,7.2297789729208715,4
B_flat,0dc835f3,4428,51288719.615999565,107.62350273738221,4
C_linear_1000ft,0dc835f3,4428,1645931.3732922107,19.279779188760088,4
A_const,87695469,7003,348223.92319997476,7.051593014629924,4
B_flat,87695469,7003,135350114.1104021,139.02319013552878,4
C_linear_1000ft,87695469,7003,4514040.835061857,25.388712550734898,4
A_const,7e721392,6174,10042975.543799978,40.331826473951956,4
B_flat,7e721392,6174,5114260.349200232,28.781147404761366,4
C_linear_1000ft,7e721392,6174,5160217.200094989,28.910172195626725,4
A_const,9ae248be,5271,346428.6368000286,8.107003944596206,4
B_flat,9ae248be,5271,142557855.06429997,164.45575203559886,4
C_linear_1000ft,9ae248be,5271,13897585.1918455,51.34795646982012,4
A_const,98177ced,4772,159417.488200002,5.779865915399804,4
B_flat,98177ced,4772,18031324.10489974,61.47005367600724,4
C_linear_1000ft,98177ced,4772,18127894.492794935,61.63444149341455,4
A_const,4c3df468,5392,2317257.023399705,20.730613836474724,4
B_flat,4c3df468,5392,118873540.43640149,148.47989680264968,4
C_linear_1000ft,4c3df468,5392,715790.3713504621,11.521737707069883,4
A_const,81bf5923,4543,4456216.248500153,31.31927935297995,4
B_flat,81bf5923,4543,110028.24510002023,4.921310022734595,4
C_linear_1000ft,81bf5923,4543,173596.09279746393,6.181567339584673,4
A_const,91abc4c7,5848,288753.6529999781,7.02683994774031,4
B_flat,91abc4c7,5848,65493409.87430195,105.82666721690559,4
C_linear_1000ft,91abc4c7,5848,395199.3936436972,8.220617719163613,4
A_const,9ad5410a,4205,324480.0178000703,8.784377249544983,4
B_flat,9ad5410a,4205,57443785.1234993,116.8795482735845,4
C_linear_1000ft,9ad5410a,4205,1239089.2135795099,17.165967586530325,4
A_const,1bcb2fcf,4524,174250.7156999887,6.2062031463179,4
B_flat,1bcb2fcf,4524,32734794.85740044,85.06355201747888,4
C_linear_1000ft,1bcb2fcf,4524,1429504.022472809,17.775891581057337,4
A_const,d3df146b,5787,792092.9627999144,11.69933929625434,4
B_flat,d3df146b,5787,39523932.41900031,82.6424783787995,4
C_linear_1000ft,d3df146b,5787,17672619.240649294,55.26163361150623,4
A_const,dd6bc5b2,3602,499924.91750004346,11.780956097388067,4
B_flat,dd6bc5b2,3602,17681476.81529972,70.06278776695856,4
C_linear_1000ft,dd6bc5b2,3602,2143760.8215033375,24.39587000883302,4
A_const,81fc01c6,5909,1330874.3842001222,15.007610097527794,4
B_flat,81fc01c6,5909,116675056.7455023,140.51801798038912,4
C_linear_1000ft,81fc01c6,5909,12939206.784384223,46.79471771205875,4
A_const,6a8fa194,3017,210268.6165000406,8.348329338921092,4
B_flat,6a8fa194,3017,8610849.440600088,53.423869736974446,4
C_linear_1000ft,6a8fa194,3017,2074633.7280463846,26.223041481802014,4
A_const,9a95e33f,6447,6721646.785400251,32.28932813245856,4
B_flat,9a95e33f,6447,43675767.753498726,82.30788438595812,4
C_linear_1000ft,9a95e33f,6447,22111312.199512064,58.56368866840734,4
A_const,14ab73fb,3649,801347.007500068,14.81915286795364,4
B_flat,14ab73fb,3649,1177488.832100011,17.963521027979642,4
C_linear_1000ft,14ab73fb,3649,9634926.443541734,51.385107572381266,4
A_const,eb934281,5971,58774.970100013845,3.1374200876783114,4
B_flat,eb934281,5971,44359748.63369974,86.1928026882389,4
C_linear_1000ft,eb934281,5971,4830914.966100374,28.444032157014068,4
A_const,75d20a82,5067,1504378.1001000246,17.230705080539593,4
B_flat,75d20a82,5067,26484882.85770008,72.29754929486772,4
C_linear_1000ft,75d20a82,5067,29081221.242499817,75.75841293840108,4
A_const,b56bc0aa,5602,432688.54829998035,8.788528154094545,4
B_flat,b56bc0aa,5602,86395767.48449992,124.18658403874554,4
C_linear_1000ft,b56bc0aa,5602,13759378.141346356,49.55960666589958,4
A_const,593876b6,4842,729974.0319999699,12.278386863654298,4
B_flat,593876b6,4842,44153870.07310029,95.4931006643625,4
C_linear_1000ft,593876b6,4842,507962.29017243575,10.242437999700195,4
A_const,25fd32b3,2885,29140.613800008778,3.1781649872704114,4
B_flat,25fd32b3,2885,2122878.9683999675,27.126246784434457,4
C_linear_1000ft,25fd32b3,2885,831407.4435493697,16.97594835998131,4
A_const,2ac7cb6b,4990,1916233.3998999437,19.596293256603055,4
B_flat,2ac7cb6b,4990,84124982.34890138,129.84111019848618,4
C_linear_1000ft,2ac7cb6b,4990,6620500.720582052,36.424629736199776,4
A_const,89fdb2f2,2031,5777.546000000928,1.6866180518953557,4
B_flat,89fdb2f2,2031,1721171.0848999808,29.110995627433855,4
C_linear_1000ft,89fdb2f2,2031,234138.2120301366,10.73695633910911,4
A_const,fdfd57da,5236,96598.53909996517,4.29522046585047,4
B_flat,fdfd57da,5236,66116157.324502125,112.370932094448,4
C_linear_1000ft,fdfd57da,5236,249644.15416454506,6.904955458674354,4
A_const,b32902c0,3808,101210.23660000454,5.155416417213564,4
B_flat,b32902c0,3808,28852563.64569999,87.04498083446073,4
C_linear_1000ft,b32902c0,3808,1984966.101755281,22.831165247384607,4
A_const,8648abae,4244,199595.17689998314,6.857839767871924,4
B_flat,8648abae,4244,46817465.52649978,105.0307005143824,4
C_linear_1000ft,8648abae,4244,54553.20856695506,3.5852749092726626,4
A_const,25939962,4319,532111.5761000003,11.099661933822553,4
B_flat,25939962,4319,19430953.60259966,67.07419287270831,4
C_linear_1000ft,25939962,4319,340655.66795436945,8.881088700295514,4
A_const,591cc951,4609,1040068.451400069,15.021994805073081,4
B_flat,591cc951,4609,63759688.24049943,117.61690263993957,4
C_linear_1000ft,591cc951,4609,12497249.643869402,52.071953247477325,4
A_const,7850c72e,5497,838505.7945000235,12.350659981673207,4
B_flat,7850c72e,5497,55426834.480702005,100.41467096643697,4
C_linear_1000ft,7850c72e,5497,86942347.93969601,125.7629783071994,4
A_const,404c4384,911,11814.231599996774,3.6011694039210935,4
B_flat,404c4384,911,357309.0803999696,19.80445238168115,4
C_linear_1000ft,404c4384,911,64512.590017222516,8.41517303629344,4
A_const,dd7d638e,4301,155749.87810000192,6.017680647613085,4
B_flat,dd7d638e,4301,28431543.41270036,81.30467099939304,4
C_linear_1000ft,dd7d638e,4301,2272406.8490288416,22.985731191684504,4
A_const,da3bfe4e,5549,5063673.203300111,30.20824343453741,4
B_flat,da3bfe4e,5549,31958493.503900334,75.89021566714769,4
C_linear_1000ft,da3bfe4e,5549,157777.39210513484,5.3323055133579755,4
A_const,113011eb,3272,87724.80140000148,5.177910618587731,4
B_flat,113011eb,3272,19982543.34600017,78.14815592481968,4
C_linear_1000ft,113011eb,3272,1078106.447741864,18.151987098329734,4
A_const,74b6186b,3405,276246.26740001,9.007196786463387,4
B_flat,74b6186b,3405,21347479.735500075,79.17986315949257,4
C_linear_1000ft,74b6186b,3405,22922.480348973215,2.594610948909988,4
A_const,3ef98781,3892,601708.4135000389,12.433878700657393,4
B_flat,3ef98781,3892,14034008.333499888,60.048816073203255,4
C_linear_1000ft,3ef98781,3892,1637487.8056546566,20.511745598963845,4
A_const,8b95d6d1,1731,284564.65220000554,12.821591683060278,4
B_flat,8b95d6d1,1731,1774156.3364999483,32.01455056699847,4
C_linear_1000ft,8b95d6d1,1731,199722.7332607957,10.741507017114804,4
A_const,aee6393a,5865,127672.86619999974,4.665683726709421,4
B_flat,aee6393a,5865,28826326.641399547,70.10688057827099,4
C_linear_1000ft,aee6393a,5865,28821364.712685116,70.10084650533634,4
A_const,3f603129,5051,4459090.58209986,29.712176284154232,4
B_flat,3f603129,5051,50590761.458499886,100.07991407790675,4
C_linear_1000ft,3f603129,5051,36438951.84729853,84.93647905128098,4
A_const,1f9afacb,5328,33792.09190000432,2.518404175433652,4
B_flat,1f9afacb,5328,41938719.268700495,88.7208050241062,4
C_linear_1000ft,1f9afacb,5328,160560.34128203423,5.48955364210707,4
A_const,a3f71395,5543,1262084.85539993,15.089395383508826,4
B_flat,a3f71395,5543,184342076.8477014,182.36428940870726,4
C_linear_1000ft,a3f71395,5543,3253170.979715162,24.22596053697834,4
A_const,01982c1d,3941,158137.36869999464,6.33452473981023,4
B_flat,01982c1d,3941,23025896.70110007,76.43725081150835,4
C_linear_1000ft,01982c1d,3941,328239.80685490393,9.126250952406965,4
A_const,c9e6734f,4735,503348.31669999915,10.310371611471203,4
B_flat,c9e6734f,4735,3910703.0653998917,28.73872053802319,4
C_linear_1000ft,c9e6734f,4735,11511200.971437406,49.306063018216825,4
A_const,f439a621,2821,124981.87090000958,6.65613263851673,4
B_flat,f439a621,2821,24891064.5307,93.93343244468461,4
C_linear_1000ft,f439a621,2821,81093.49275440339,5.36156357495082,4
A_const,98bc6f66,6063,1887774.7947001318,17.645391862557158,4
B_flat,98bc6f66,6063,63030346.745300576,101.96029046715147,4
C_linear_1000ft,98bc6f66,6063,480629.61141699617,8.903514655313568,4
A_const,e730c32b,4728,642210.7458998635,11.654671854511827,4
B_flat,e730c32b,4728,53333980.266898036,106.20947546769992,4
C_linear_1000ft,e730c32b,4728,5653300.531494267,34.57898989551631,4
A_const,865033f8,3557,125516.80940000033,5.940308678128904,4
B_flat,865033f8,3557,14184334.501700368,63.14842884586708,4
C_linear_1000ft,865033f8,3557,315641.8852398144,9.420097150116408,4
A_const,729665c0,4263,319891.82820000814,8.662513145164612,4
B_flat,729665c0,4263,31509655.248199727,85.97341133610712,4
C_linear_1000ft,729665c0,4263,166473.02908305416,6.24905395763895,4
A_const,7cbbd047,5121,804347.9801999782,12.532698729088267,4
B_flat,7cbbd047,5121,108290224.56990123,145.41768925664002,4
C_linear_1000ft,7cbbd047,5121,1044706.5593747703,14.283011071461123,4
A_const,c70c0e01,4312,346553.0733000199,8.964901066736223,4
B_flat,c70c0e01,4312,40114508.849300906,96.45202799037293,4
C_linear_1000ft,c70c0e01,4312,14118509.45821568,57.22094797660468,4
A_const,a87433c9,5721,525092.0834999925,9.580358514748033,4
B_flat,a87433c9,5721,49574260.606599316,93.08766761696525,4
C_linear_1000ft,a87433c9,5721,352942.52782746375,7.854454388222366,4
A_const,f6bc699b,3752,423338.9858000023,10.622157035929634,4
B_flat,f6bc699b,3752,17243842.34419959,67.79311770493773,4
C_linear_1000ft,f6bc699b,3752,127162.88287744949,5.821685868652206,4
A_const,8382f4b6,4967,6422082.510100092,35.957613544757436,4
B_flat,8382f4b6,4967,29292673.82550036,76.7949086061028,4
C_linear_1000ft,8382f4b6,4967,2095056.3643030594,20.53765129358632,4
A_const,27c3155b,4958,1626238.9208000475,18.11085336032788,4
B_flat,27c3155b,4958,18713854.767899875,61.436768768025914,4
C_linear_1000ft,27c3155b,4958,41955766.9953665,91.9904135386432,4
A_const,398dce4b,3166,65824.409400005,4.559718484677409,4
B_flat,398dce4b,3166,17593015.738199495,74.5443428138331,4
C_linear_1000ft,398dce4b,3166,152228.31444366922,6.934134543764368,4
A_const,2acc78d4,4266,792086.4101999676,13.626234402591441,4
B_flat,2acc78d4,4266,28508302.81690058,81.7476460890006,4
C_linear_1000ft,2acc78d4,4266,3630887.599778117,29.17399988093055,4
A_const,660d9546,4732,421128.03540001216,9.433757519583331,4
B_flat,660d9546,4732,21130071.757100567,66.8233306127446,4
C_linear_1000ft,660d9546,4732,221701.09827161144,6.844812473104868,4
A_const,cf50c9d1,4858,4841245.096900214,31.56819712560828,4
B_flat,cf50c9d1,4858,50159125.6619988,101.61228638273668,4
C_linear_1000ft,cf50c9d1,4858,26155664.645245366,73.3760155313602,4
A_const,cb879f40,6315,488637.74840000283,8.79643766880234,4
B_flat,cb879f40,6315,159003171.43109816,158.6778165795128,4
C_linear_1000ft,cb879f40,6315,485779.30752564035,8.770671160690565,4
A_const,ecdab904,6147,1759469.0672001601,16.918396989500764,4
B_flat,ecdab904,6147,114492911.40760182,136.4764423911226,4
C_linear_1000ft,ecdab904,6147,7961302.310700329,35.98822700030837,4
A_const,aa95015b,4300,591150.2580000522,11.725050285011942,4
B_flat,aa95015b,4300,38208163.08939939,94.26356307246262,4
C_linear_1000ft,aa95015b,4300,3776050.5088005993,29.633617415300794,4
A_const,c9fedcf3,3517,196341.86790004148,7.471714606706554,4
B_flat,c9fedcf3,3517,10735610.441299835,55.249351893447205,4
C_linear_1000ft,c9fedcf3,3517,21124.324604919413,2.4507851042505155,4
A_const,4a335117,5015,3138070.684300164,25.01473417971471,4
B_flat,4a335117,5015,46741240.67289916,96.54163491862745,4
C_linear_1000ft,4a335117,5015,211884.16681738308,6.5000063933917955,4
A_const,da940160,5132,646615.405999965,11.224828130654686,4
B_flat,da940160,5132,31240262.616000377,78.02144944600535,4
C_linear_1000ft,da940160,5132,345604.71903366316,8.206283344345467,4
A_const,272abef3,4135,415405.66280002095,10.023016592838678,4
B_flat,272abef3,4135,32825171.394299693,89.09754636164898,4
C_linear_1000ft,272abef3,4135,351200.23383176926,9.215940055580102,4
A_const,a056d01e,6557,483176.6875999983,8.584211201864289,4
B_flat,a056d01e,6557,95396682.75820203,120.61853372674457,4
C_linear_1000ft,a056d01e,6557,59871238.06616564,95.55568445256438,4
A_const,a4719920,5884,305488.59620003053,7.205451003735877,4
B_flat,a4719920,5884,85297118.76729783,120.40120923026097,4
C_linear_1000ft,a4719920,5884,2913230.989620926,22.251081709820884,4
A_const,726f3dc2,6723,323000.34410001925,6.931383638655225,4
B_flat,726f3dc2,6723,102721416.77700078,123.60867318685547,4
C_linear_1000ft,726f3dc2,6723,10547515.024475345,39.60896741445489,4
A_const,5cb483ac,3852,143995.13040001338,6.114075023717169,4
B_flat,5cb483ac,3852,15438885.58439979,63.30890983491918,4
C_linear_1000ft,5cb483ac,3852,1800544.370980226,21.620153590391656,4
A_const,5bd25f59,4210,79239.88279998522,4.338412715856817,4
B_flat,5bd25f59,4210,87254408.53070074,143.96358121112027,4
C_linear_1000ft,5bd25f59,4210,1926375.2670753407,21.390916818726744,4
A_const,79507629,5302,837784.6386000252,12.57032003546627,4
B_flat,79507629,5302,56837774.029899865,103.53773708525577,4
C_linear_1000ft,79507629,5302,396543.90788911685,8.648201090344816,4
A_const,f4d12d23,3701,954913.1749999693,16.062842467413066,4
B_flat,f4d12d23,3701,5918200.933000249,39.98851812038721,4
C_linear_1000ft,f4d12d23,3701,1616236.5491441423,20.89743192862709,4
A_const,3ef6372a,4727,183432.05980000322,6.229379944022544,4
B_flat,3ef6372a,4727,25779963.17689969,73.849633644613,4
C_linear_1000ft,3ef6372a,4727,4576017.123732593,31.113654107368465,4
A_const,18d24f7b,4558,258447.93780000825,7.530076271970659,4
B_flat,18d24f7b,4558,38654239.75510002,92.08977409572313,4
C_linear_1000ft,18d24f7b,4558,3387286.029081147,27.260811201326245,4
A_const,fa31da94,5027,135318.9302999845,5.188297076747949,4
B_flat,fa31da94,5027,102000135.93399864,142.44458118779733,4
C_linear_1000ft,fa31da94,5027,72178.45469070197,3.7892158675548395,4
A_const,cdc31d65,4840,270974.63169999473,7.482412321764383,4
B_flat,cdc31d65,4840,26848044.260800447,74.47896738549757,4
C_linear_1000ft,cdc31d65,4840,388790.2292378498,8.962620139216341,4
A_const,c50b42f6,6014,445236.7942000229,8.604265674370385,4
B_flat,c50b42f6,6014,24826422.599300243,64.2503296117708,4
C_linear_1000ft,c50b42f6,6014,98511.784041187,4.047271885792158,4
A_const,19871e7f,5293,151718.72259999608,5.353880109906093,4
B_flat,19871e7f,5293,50513067.99409946,97.69018374248732,4
C_linear_1000ft,19871e7f,5293,1524496.2212014527,16.97118740141628,4
A_const,8cc21f01,4044,131039.68269997947,5.692405675014437,4
B_flat,8cc21f01,4044,15477251.143399302,61.86447638210057,4
C_linear_1000ft,8cc21f01,4044,902590.647149537,14.939629975522267,4
A_const,e7818f7a,5371,214030.80360003264,6.312633342217896,4
B_flat,e7818f7a,5371,118254683.32430202,148.38212914981946,4
C_linear_1000ft,e7818f7a,5371,1216803.8297201358,15.051601367543931,4
A_const,d543916f,4799,499309.66189998086,10.200221672654065,4
B_flat,d543916f,4799,34148981.98140072,84.35551976989558,4
C_linear_1000ft,d543916f,4799,1356961.818168045,16.815447867059465,4
A_const,3aaa2b30,4711,1446081.6859999436,17.520232328990414,4
B_flat,3aaa2b30,4711,48354420.718600586,101.31215197227507,4
C_linear_1000ft,3aaa2b30,4711,1801853.2118289121,19.557041259807367,4
A_const,fbd68d27,6829,3333974.630699741,22.09543667740266,4
B_flat,fbd68d27,6829,117167767.83569834,130.9861935537421,4
C_linear_1000ft,fbd68d27,6829,67444566.75744678,99.3790700020169,4
A_const,28473855,4290,88677.23619999908,4.546502439117813,4
B_flat,28473855,4290,30205637.97170018,83.91031672055924,4
C_linear_1000ft,28473855,4290,554439.3609502455,11.368374742127676,4
A_const,c66be2b8,4154,2052195.2408000708,22.226756512262092,4
B_flat,c66be2b8,4154,33362349.38069913,89.61796273220214,4
C_linear_1000ft,c66be2b8,4154,4685482.882296946,33.58489011560499,4
A_const,82aab6d2,6140,1643245.025900113,16.359385167102737,4
B_flat,82aab6d2,6140,117489565.2070986,138.3297088116589,4
C_linear_1000ft,82aab6d2,6140,594935.5906348947,9.843528195452755,4
A_const,044af7d1,4519,440060.75439996406,9.868136513863366,4
B_flat,044af7d1,4519,27002175.14830064,77.2997704647111,4
C_linear_1000ft,044af7d1,4519,1245941.1623130236,16.60456858186936,4
A_const,d24ff243,5641,72482.41299999923,3.584579952704873,4
B_flat,d24ff243,5641,21990413.013300043,62.436513422432476,4
C_linear_1000ft,d24ff243,5641,30081447.96954024,73.02495848110084,4
A_const,e03b45fd,5342,1325457.2320000427,15.75182643192855,4
B_flat,e03b45fd,5342,156893078.23470092,171.3759795410823,4
C_linear_1000ft,e03b45fd,5342,17189159.272301547,56.72511382475657,4
A_const,1770d7c6,7240,1101198.0593000806,12.332849608315879,4
B_flat,1770d7c6,7240,155788007.75829983,146.68906104273566,4
C_linear_1000ft,1770d7c6,7240,13410995.250154635,43.03890577422192,4
A_const,a79fd2e7,4404,674359.5242999961,12.374341369091132,4
B_flat,a79fd2e7,4404,40460683.73560029,95.85018459702805,4
C_linear_1000ft,a79fd2e7,4404,6396540.343594104,38.11087469629549,4
A_const,00bbac68,6014,1401026.041700022,15.263052288602681,4
B_flat,00bbac68,6014,56671716.6344994,97.07367516201886,4
C_linear_1000ft,00bbac68,6014,6157455.511777889,31.99771231788245,4
A_const,12203f2a,3261,617638.1921999756,13.762320645487467,4
B_flat,12203f2a,3261,17522434.37239998,73.30301226828965,4
C_linear_1000ft,12203f2a,3261,1773009.7581058182,23.31740218026028,4
A_const,d463e527,4767,351842.41209995747,8.591154291112087,4
B_flat,d463e527,4767,42698714.70619829,94.64219958424226,4
C_linear_1000ft,d463e527,4767,5288406.17114808,33.307330442435806,4
A_const,b0d42b0d,4971,1948288.1616999987,19.797243019186585,4
B_flat,b0d42b0d,4971,86039527.51390103,131.56098816021878,4
C_linear_1000ft,b0d42b0d,4971,51834571.382040426,102.11460794968094,4
A_const,38991fd4,4798,1060354.0541999314,14.86604108751415,4
B_flat,38991fd4,4798,54607795.648099735,106.68348667588936,4
C_linear_1000ft,38991fd4,4798,21141856.319736667,66.38064021630561,4
A_const,1b08ed48,5618,787361.948899942,11.838490879530399,4
B_flat,1b08ed48,5618,42496295.1051006,86.97304336095651,4
C_linear_1000ft,1b08ed48,5618,127908.733368383,4.771547282477488,4
A_const,6d1d74e1,5830,823862.6549000067,11.887571200184345,4
B_flat,6d1d74e1,5830,142358087.7994998,156.26322944995835,4
C_linear_1000ft,6d1d74e1,5830,1220763.7617711055,14.470433342755127,4
A_const,647f2a41,3881,166312.83899999794,6.546227092935274,4
B_flat,647f2a41,3881,26325026.44679986,82.35928861538088,4
C_linear_1000ft,647f2a41,3881,125455.98866738769,5.68556825087192,4
A_const,a85bb86f,3099,192132.77000000863,7.873900707960967,4
B_flat,a85bb86f,3099,14114816.613500046,67.4880425475433,4
C_linear_1000ft,a85bb86f,3099,14248064.215229155,67.80584675542696,4
A_const,a612d5a0,5329,1976143.7358997182,19.256901319606147,4
B_flat,a612d5a0,5329,39266308.4859007,85.83949954477883,4
C_linear_1000ft,a612d5a0,5329,597443.8830122042,10.588286873600417,4
A_const,b7974e66,5558,270242.33679999673,6.972963992749996,4
B_flat,b7974e66,5558,37858246.3355,82.53173502346941,4
C_linear_1000ft,b7974e66,5558,661624.1517570327,10.910543970379518,4
A_const,d6c320d9,5452,684629.6446000809,11.20598215508914,4
B_flat,d6c320d9,5452,37265044.49139887,82.67475154812045,4
C_linear_1000ft,d6c320d9,5452,1112983.5869898356,14.287835992021073,4
A_const,f03f10fe,4145,364612.129400012,9.378929872264584,4
B_flat,f03f10fe,4145,15339222.55490043,60.83302416192431,4
C_linear_1000ft,f03f10fe,4145,62747.67176467268,3.8907787978399377,4
A_const,d011f41b,2267,267460.44359999313,10.86185548345431,4
B_flat,d011f41b,2267,4604350.001299943,45.066974623556774,4
C_linear_1000ft,d011f41b,2267,479750.02482337225,14.54727815237004,4
A_const,60e37807,2699,1176048.9453999007,20.874268055180604,4
B_flat,60e37807,2699,15533814.345899612,75.86432759062669,4
C_linear_1000ft,60e37807,2699,3378241.8144307965,35.378867299049624,4
A_const,46dfcfca,3606,1958823.6629001026,23.306915931867923,4
B_flat,46dfcfca,3606,3262735.5459997803,30.08001690628812,4
C_linear_1000ft,46dfcfca,3606,6529443.444979059,42.5525137865677,4
A_const,bc4381e2,4955,786452.3999000158,12.598370947658928,4
B_flat,bc4381e2,4955,48817075.11109993,99.25766356410894,4
C_linear_1000ft,bc4381e2,4955,36835035.665057756,86.22013885461173,4
A_const,f8662c22,5429,1326153.3356001524,15.629207250700455,4
B_flat,f8662c22,5429,45066458.81379958,91.11015722946331,4
C_linear_1000ft,f8662c22,5429,54924465.74707007,100.58263290911891,4
A_const,e14d641e,3184,148121.57840000375,6.820600870242808,4
B_flat,e14d641e,3184,8699656.272799943,52.271446371598294,4
C_linear_1000ft,e14d641e,3184,70233.67601696924,4.696628081077179,4
A_const,6e6d122c,5632,468131.06089997356,9.11700946941914,4
B_flat,6e6d122c,5632,49215163.7804,93.47987958456561,4
C_linear_1000ft,6e6d122c,5632,19738975.54987846,59.20126428384046,4
A_const,155887bb,5585,776774.3675998595,11.793313793912793,4
B_flat,155887bb,5585,40690350.458399,85.35601409425647,4
C_linear_1000ft,155887bb,5585,6179432.531414748,33.26309902495424,4
A_const,b3388334,6080,1231175.2810000242,14.23010661853958,4
B_flat,b3388334,6080,59044099.835299715,98.54542420024318,4
C_linear_1000ft,b3388334,6080,1812531.378099347,17.265969810676204,4
A_const,5a63b5d1,6217,2351724.1785002938,19.44924550712061,4
B_flat,5a63b5d1,6217,6660743.821099704,32.73187858955302,4
C_linear_1000ft,5a63b5d1,6217,17996350.340904932,53.802416961687165,4
A_const,05a0ee4d,4348,1463224.9323999838,18.344706956532814,4
B_flat,05a0ee4d,4348,40505674.02160069,96.51907784304952,4
C_linear_1000ft,05a0ee4d,4348,12411985.166479567,53.428853652256066,4
A_const,95b559e7,2887,1199494.5984999842,20.38335913388356,4
B_flat,95b559e7,2887,2188934.4175999425,27.53550101741124,4
C_linear_1000ft,95b559e7,2887,473824.27561543527,12.811065797336182,4
A_const,a85e4bc3,4581,425576.1229000222,9.638478456190704,4
B_flat,a85e4bc3,4581,52852099.240900636,107.41154784946012,4
C_linear_1000ft,a85e4bc3,4581,6170709.814061694,36.70180436415545,4
A_const,d0a43760,4041,72968.34209999148,4.249353040412356,4
B_flat,d0a43760,4041,2028066.7940000792,22.40251113872025,4
C_linear_1000ft,d0a43760,4041,4468342.593993258,33.25284489541488,4
A_const,2ddad940,5331,311642.31150001974,7.645816438023014,4
B_flat,2ddad940,5331,57475270.99860099,103.83318421475748,4
C_linear_1000ft,2ddad940,5331,912054.1276702833,13.079946430512496,4
A_const,eb640a35,6037,600070.8230999983,9.969896905690025,4
B_flat,eb640a35,6037,98792658.44060123,127.92391676748026,4
C_linear_1000ft,eb640a35,6037,5019808.717173254,28.835865839554547,4
A_const,5f75f796,5562,474861.5676000598,9.239915906257119,4
B_flat,5f75f796,5562,71368169.07200125,113.27570801001875,4
C_linear_1000ft,5f75f796,5562,82995.66123465137,3.86288876452494,4
A_const,9ab94eeb,4442,299097.2501999702,8.205724523051869,4
B_flat,9ab94eeb,4442,43174739.590899885,98.58834729406244,4
C_linear_1000ft,9ab94eeb,4442,1359569.586357379,17.494899149562126,4
A_const,b04b58a3,3402,580138.9552000265,13.058667367524363,4
B_flat,b04b58a3,3402,22160156.97289993,80.70849734731961,4
C_linear_1000ft,b04b58a3,3402,310691.8731654738,9.556476410124727,4
A_const,65a5466a,4683,673343.1381,11.991020361693243,4
B_flat,65a5466a,4683,44174877.00569967,97.1237842626957,4
C_linear_1000ft,65a5466a,4683,8107423.360293588,41.60824012159299,4
A_const,d0cb63ae,5223,2076140.2783000576,19.937391369771746,4
B_flat,d0cb63ae,5223,182217969.2398983,186.78224378642653,4
C_linear_1000ft,d0cb63ae,5223,719576.7045022792,11.73757917079952,4
A_const,43b06c70,4846,372664.0115999501,8.769342298126745,4
B_flat,43b06c70,4846,79450756.14459975,128.0434338586434,4
C_linear_1000ft,43b06c70,4846,15591860.464760363,56.722748296615215,4
A_const,0e5e560d,3253,344702.18510000076,10.293900986020363,4
B_flat,0e5e560d,3253,17134886.393000264,72.57692822943454,4
C_linear_1000ft,0e5e560d,3253,122591.1328343343,6.1388567251480115,4
A_const,5f6756c5,5931,435989.4950000669,8.573813859683462,4
B_flat,5f6756c5,5931,117568049.80960207,140.79288076432366,4
C_linear_1000ft,5f6756c5,5931,2558186.2074002065,20.768355756037643,4
A_const,6d590e26,6096,453978.08209999953,8.629685403348205,4
B_flat,6d590e26,6096,132825852.13520002,147.61103528772472,4
C_linear_1000ft,6d590e26,6096,7534910.678176952,35.15738582312636,4
A_const,b881d27e,4009,1414704.0503999079,18.785154458691416,4
B_flat,b881d27e,4009,25206114.215400014,79.29301321349149,4
C_linear_1000ft,b881d27e,4009,79436.00844186198,4.451339086860998,4
A_const,729e9750,5919,461078.198399971,8.825983755646552,4
B_flat,729e9750,5919,78031432.69590041,114.81816993241779,4
C_linear_1000ft,729e9750,5919,3342202.9876170703,23.762506110985413,4
A_const,3c3dbcbc,5069,348655.98280000035,8.29349171896155,4
B_flat,3c3dbcbc,5069,26384836.94010025,72.14663196755095,4
C_linear_1000ft,3c3dbcbc,5069,1315655.0284124936,16.110531535574733,4
A_const,13ce113d,2966,33905.114600001674,3.381014512965784,4
B_flat,13ce113d,2966,12379277.449500266,64.60439666103774,4
C_linear_1000ft,13ce113d,2966,2293515.684196396,27.807713727488725,4
A_const,ad2133a8,5729,4519876.894999718,28.088198915386187,4
B_flat,ad2133a8,5729,36876446.41400027,80.22969122347398,4
C_linear_1000ft,ad2133a8,5729,11176932.319264978,44.16944064274684,4
A_const,23b9beb0,7340,221983.63150000683,5.499363741994015,4
B_flat,23b9beb0,7340,137105811.93280035,136.67211102086347,4
C_linear_1000ft,23b9beb0,7340,3335716.3259504195,21.31800330978164,4
A_const,e737965a,5955,583298.5492999892,9.897022674368223,4
B_flat,e737965a,5955,72600585.90100059,110.41528044767767,4
C_linear_1000ft,e737965a,5955,929906.6920087838,12.496224061152617,4
A_const,da2d4d7c,2114,27051.41570000387,3.5771941153487132,4
B_flat,da2d4d7c,2114,2588331.3381999973,34.9910877840929,4
C_linear_1000ft,da2d4d7c,2114,665541.2330444449,17.743324367876305,4
A_const,11d0f5ac,4883,2399865.8765999833,22.169205194123972,4
B_flat,11d0f5ac,4883,41716356.44039932,92.42933376810055,4
C_linear_1000ft,11d0f5ac,4883,2028144.594783361,20.38008988316755,4
A_const,bb337fa0,6873,3986549.2624000185,24.083821271230853,4
B_flat,bb337fa0,6873,138694687.11030078,142.05507070225212,4
C_linear_1000ft,bb337fa0,6873,22396725.301350784,57.08461675702945,4
A_const,8050c789,3077,186554.80269999325,7.786449457719408,4
B_flat,8050c789,3077,8428065.787900163,52.335961868918915,4
C_linear_1000ft,8050c789,3077,162008.6234679212,7.256134393733063,4
A_const,b32e4903,5770,198407.2874999912,5.863958705383137,4
B_flat,b32e4903,5770,82043576.44319989,119.24340953721051,4
C_linear_1000ft,b32e4903,5770,6294495.544728504,33.02878200944549,4
A_const,5aef5c6c,3121,372594.75460000837,10.926258823623487,4
B_flat,5aef5c6c,3121,5036825.290399913,40.172749727874816,4
C_linear_1000ft,5aef5c6c,3121,1448418.213529441,21.542698549421193,4
A_const,e25f1537,3177,537330.1391000081,13.005049007414012,4
B_flat,e25f1537,3177,26887006.28320006,91.99465963342769,4
C_linear_1000ft,e25f1537,3177,121771.9323053284,6.191059692410632,4
A_const,67847288,7429,975882.1253000521,11.461290028070946,4
B_flat,67847288,7429,140482684.2673982,137.51377971183018,4
C_linear_1000ft,67847288,7429,6695844.96451985,30.02185448084815,4
A_const,276b012a,4837,3548842.607399881,27.08665184488836,4
B_flat,276b012a,4837,53999864.709700696,105.65943698448606,4
C_linear_1000ft,276b012a,4837,20709905.62665738,65.43363034940346,4
A_const,f9fc81aa,5598,417798.26050000085,8.639067487231838,4
B_flat,f9fc81aa,5598,56486790.15379973,100.45163300861685,4
C_linear_1000ft,f9fc81aa,5598,8355542.080345271,38.634106112566585,4
A_const,9719aa04,4871,243928.72190002454,7.07656345543121,4
B_flat,9719aa04,4871,59584403.528301075,110.60053641351897,4
C_linear_1000ft,9719aa04,4871,1334332.2236597163,16.550949833592977,4
A_const,a622ce4d,6298,1276393.497299775,14.236097814848373,4
B_flat,a622ce4d,6298,179007173.96180382,168.59080718425238,4
C_linear_1000ft,a622ce4d,6298,1269807.2594883444,14.199320914441744,4
A_const,af7a59ce,3024,51207.55889998309,4.115059728297358,4
B_flat,af7a59ce,3024,8505911.313199833,53.035849763958055,4
C_linear_1000ft,af7a59ce,3024,326040.5784188472,10.383527897277212,4
A_const,2ee0235b,5556,257132.67569996038,6.80295371229703,4
B_flat,2ee0235b,5556,93285311.00840092,129.57628170498538,4
C_linear_1000ft,2ee0235b,5556,4617638.798971041,28.828952376650395,4
A_const,ec0d597b,4616,1248076.462700057,16.44325138720608,4
B_flat,ec0d597b,4616,19257808.486899287,64.59078037646105,4
C_linear_1000ft,ec0d597b,4616,6841112.669154313,38.49731773150477,4
A_const,b8c49c1a,4319,294457.72430002084,8.256954162110757,4
B_flat,b8c49c1a,4319,22310137.367801208,71.87196522930861,4
C_linear_1000ft,b8c49c1a,4319,702305.4063178311,12.751797391959764,4
A_const,cd7f1687,4232,473102.780800032,10.573162838089827,4
B_flat,cd7f1687,4232,36782967.160999745,93.22889788575417,4
C_linear_1000ft,cd7f1687,4232,2993171.155115797,26.594568372109705,4
A_const,d9ae59b2,3648,92925.59269999829,5.0470807715641435,4
B_flat,d9ae59b2,3648,38045776.93429959,102.12352896562832,4
C_linear_1000ft,d9ae59b2,3648,87911.28402316134,4.909021078071018,4
