model,well,n,sse,rmse,fold
R_dipaxis_s0.1,fc0d20b2,3954,307285.3893275263,8.815615159720332,0
R_dipaxis_s0.15,fc0d20b2,3954,213926.19681308564,7.355524606649083,0
R_dipaxis_s0.2,fc0d20b2,3954,143548.9643465386,6.0253419539263255,0
R_dipaxis_s0.1,be35c8f2,4226,106363.27683762627,5.016849905220996,0
R_dipaxis_s0.15,be35c8f2,4226,114873.16859287577,5.21368218438302,0
R_dipaxis_s0.2,be35c8f2,4226,124385.69853908186,5.425259028605776,0
R_dipaxis_s0.1,90386ee4,3840,296450.49611844023,8.78639004545347,0
R_dipaxis_s0.15,90386ee4,3840,252799.95282869585,8.113773539429083,0
R_dipaxis_s0.2,90386ee4,3840,213177.79907297133,7.450842357876029,0
R_dipaxis_s0.1,4b831d20,7312,1553479.3792046092,14.575875665734454,0
R_dipaxis_s0.15,4b831d20,7312,1367035.8794332307,13.673253488940224,0
R_dipaxis_s0.2,4b831d20,7312,1194281.344012728,12.78012885913157,0
R_dipaxis_s0.1,fd8f77fa,5272,3223892.2325528264,24.728772385955462,0
R_dipaxis_s0.15,fd8f77fa,5272,2887338.869022101,23.402442015805317,0
R_dipaxis_s0.2,fd8f77fa,5272,2572599.4705533143,22.090135873557617,0
R_dipaxis_s0.1,cc08aa63,3274,471980.24242863373,12.006669934519891,0
R_dipaxis_s0.15,cc08aa63,3274,434322.66210916266,11.517730377333413,0
R_dipaxis_s0.2,cc08aa63,3274,398354.959000514,11.030514666964397,0
R_dipaxis_s0.1,dc7da28f,4774,769239.4525950177,12.693739097436119,0
R_dipaxis_s0.15,dc7da28f,4774,931744.0373965187,13.970344116943382,0
R_dipaxis_s0.2,dc7da28f,4774,1112489.6298006754,15.265350428729553,0
R_dipaxis_s0.1,7cd4bb31,6439,206755.69229038554,5.666560435884719,0
R_dipaxis_s0.15,7cd4bb31,6439,199411.16042416706,5.565004474209876,0
R_dipaxis_s0.2,7cd4bb31,6439,193330.20805033465,5.47949640842493,0
R_dipaxis_s0.1,cdc60a53,5878,384078.8523207352,8.08342488029013,0
R_dipaxis_s0.15,cdc60a53,5878,373816.81810368085,7.974705013884151,0
R_dipaxis_s0.2,cdc60a53,5878,364184.10910167976,7.871286225004409,0
R_dipaxis_s0.1,f631da6e,4093,206406.4077146856,7.101346687607385,0
R_dipaxis_s0.15,f631da6e,4093,163770.36896724883,6.325528130078899,0
R_dipaxis_s0.2,f631da6e,4093,129146.28031662173,5.617202477545291,0
R_dipaxis_s0.1,4ddde4c1,4472,90762.40288808834,4.505075722424458,0
R_dipaxis_s0.15,4ddde4c1,4472,89474.58360922545,4.473000487951171,0
R_dipaxis_s0.2,4ddde4c1,4472,88409.59061508496,4.446300310639094,0
R_dipaxis_s0.1,82fcf37c,6014,78247.08318666817,3.607051697241026,0
R_dipaxis_s0.15,82fcf37c,6014,122895.62953439355,4.520500352216041,0
R_dipaxis_s0.2,82fcf37c,6014,257558.30131839882,6.544192475599912,0
R_dipaxis_s0.1,8a9c8932,4663,37726.29450768177,2.8443914703732496,0
R_dipaxis_s0.15,8a9c8932,4663,46283.63359436457,3.150511111663421,0
R_dipaxis_s0.2,8a9c8932,4663,56900.50023627297,3.4932151459388576,0
R_dipaxis_s0.1,6ae68655,4204,159878.82349245745,6.166860411816845,0
R_dipaxis_s0.15,6ae68655,4204,203981.60741345814,6.965690135316186,0
R_dipaxis_s0.2,6ae68655,4204,262963.02848430525,7.908898330859659,0
R_dipaxis_s0.1,2d9f6cb9,7338,455118.0143002963,7.87540975498927,0
R_dipaxis_s0.15,2d9f6cb9,7338,352950.2031138302,6.935341716151521,0
R_dipaxis_s0.2,2d9f6cb9,7338,271118.8000696067,6.0784236104534175,0
R_dipaxis_s0.1,97cd5bf9,3449,292804.84332910297,9.213879557188495,0
R_dipaxis_s0.15,97cd5bf9,3449,292783.3661044992,9.213541632126558,0
R_dipaxis_s0.2,97cd5bf9,3449,294024.07468712697,9.233042800323346,0
R_dipaxis_s0.1,204cc64b,4805,172282.78416328641,5.987895945051056,0
R_dipaxis_s0.15,204cc64b,4805,169611.9674445106,5.941300926582521,0
R_dipaxis_s0.2,204cc64b,4805,167231.02525878843,5.899452791407123,0
R_dipaxis_s0.1,b1efb8a4,5998,231703.33265148464,6.215311642080669,0
R_dipaxis_s0.15,b1efb8a4,5998,176302.86859701786,5.421587341600598,0
R_dipaxis_s0.2,b1efb8a4,5998,151414.20035571518,5.024352173584895,0
R_dipaxis_s0.1,d63196fe,4510,1862247.8669115463,20.32031667630149,0
R_dipaxis_s0.15,d63196fe,4510,1937621.703597099,20.727466613034952,0
R_dipaxis_s0.2,d63196fe,4510,2015611.3865024913,21.140493958564033,0
R_dipaxis_s0.1,1d3fbf02,2694,71617.99510572683,5.1559925819112795,0
R_dipaxis_s0.15,1d3fbf02,2694,65460.83870036053,4.929376461738784,0
R_dipaxis_s0.2,1d3fbf02,2694,62653.186056169565,4.822506089163434,0
R_dipaxis_s0.1,ae35f33a,4450,77315.49907431676,4.168245368845582,0
R_dipaxis_s0.15,ae35f33a,4450,62500.92959179338,3.7476863152159545,0
R_dipaxis_s0.2,ae35f33a,4450,50546.648662822045,3.3702815093578695,0
R_dipaxis_s0.1,3b21ea64,7376,374575.43373213377,7.126219438708708,0
R_dipaxis_s0.15,3b21ea64,7376,323132.8552088435,6.61881290523594,0
R_dipaxis_s0.2,3b21ea64,7376,284740.0958259873,6.213178909970131,0
R_dipaxis_s0.1,9bd2bba3,7439,1272581.6189752338,13.079331392007328,0
R_dipaxis_s0.15,9bd2bba3,7439,1044734.788488552,11.850747609846966,0
R_dipaxis_s0.2,9bd2bba3,7439,849931.1257523119,10.688938730196202,0
R_dipaxis_s0.1,df71d1ff,6228,1415975.1602795038,15.078339427494527,0
R_dipaxis_s0.15,df71d1ff,6228,1686964.9296452866,16.458063177438312,0
R_dipaxis_s0.2,df71d1ff,6228,2003712.092528418,17.936733587082998,0
R_dipaxis_s0.1,4c2208f5,5384,5231125.152310684,31.170590494826843,0
R_dipaxis_s0.15,4c2208f5,5384,4298179.888280699,28.25463935225215,0
R_dipaxis_s0.2,4c2208f5,5384,3507439.5038605565,25.523637559491895,0
R_dipaxis_s0.1,230eaaa3,4690,2741252.914271823,24.17620512613649,0
R_dipaxis_s0.15,230eaaa3,4690,2614040.763692095,23.608574043720754,0
R_dipaxis_s0.2,230eaaa3,4690,2490753.044835275,23.04511679901932,0
R_dipaxis_s0.1,02e7fe5a,5108,168453.7277835217,5.742683332773728,0
R_dipaxis_s0.15,02e7fe5a,5108,137933.42519221432,5.196480669954758,0
R_dipaxis_s0.2,02e7fe5a,5108,151468.28531220814,5.445470507046241,0
R_dipaxis_s0.1,e9949a23,4559,571619.6927389245,11.197441313999445,0
R_dipaxis_s0.15,e9949a23,4559,566411.3468554006,11.146311512442024,0
R_dipaxis_s0.2,e9949a23,4559,571003.3996365495,11.191403412406775,0
R_dipaxis_s0.1,9af1ffd0,3525,841875.5002245454,15.454123370211427,0
R_dipaxis_s0.15,9af1ffd0,3525,703711.5650025383,14.129206861163254,0
R_dipaxis_s0.2,9af1ffd0,3525,578949.1176576869,12.815649981249372,0
R_dipaxis_s0.1,2d0c268a,4550,769512.3839817813,13.00475301092323,0
R_dipaxis_s0.15,2d0c268a,4550,663514.8309775132,12.075903087540626,0
R_dipaxis_s0.2,2d0c268a,4550,565924.8883431616,11.152537663651103,0
R_dipaxis_s0.1,14a53cb3,6919,251918.41454109177,6.034041487757438,0
R_dipaxis_s0.15,14a53cb3,6919,189445.31522009303,5.2326329271970415,0
R_dipaxis_s0.2,14a53cb3,6919,185995.40933806496,5.1847694244199705,0
R_dipaxis_s0.1,3e011332,2723,840671.4218576401,17.570710423960065,0
R_dipaxis_s0.15,3e011332,2723,850700.8529428296,17.675211264889473,0
R_dipaxis_s0.2,3e011332,2723,862676.2145655733,17.79918394649211,0
R_dipaxis_s0.1,4f69febf,5460,681791.8744849159,11.174538320763817,0
R_dipaxis_s0.15,4f69febf,5460,472621.5121699546,9.303801186323991,0
R_dipaxis_s0.2,4f69febf,5460,303038.58638339676,7.449937757974339,0
R_dipaxis_s0.1,03a935ae,2786,2768923.9222700545,31.525715766396996,0
R_dipaxis_s0.15,03a935ae,2786,2475404.899425734,29.807981433704867,0
R_dipaxis_s0.2,03a935ae,2786,2204393.277995162,28.12897991618835,0
R_dipaxis_s0.1,93209a3d,4697,1223655.0971863829,16.140583530386383,0
R_dipaxis_s0.15,93209a3d,4697,1447469.4700495068,17.55474099049148,0
R_dipaxis_s0.2,93209a3d,4697,1704673.6304259044,19.05067383041302,0
R_dipaxis_s0.1,c99f9fae,6361,617790.3784363008,9.855028222512345,0
R_dipaxis_s0.15,c99f9fae,6361,949482.418955252,12.217455503650912,0
R_dipaxis_s0.2,c99f9fae,6361,1358321.1347414246,14.612971298096907,0
R_dipaxis_s0.1,8ac2f237,5319,1632173.7187868445,17.5173414402688,0
R_dipaxis_s0.15,8ac2f237,5319,1736305.3897653553,18.067499922329684,0
R_dipaxis_s0.2,8ac2f237,5319,1845648.4419672762,18.627711154494744,0
R_dipaxis_s0.1,10be2420,3271,295872.39129933715,9.510688307463845,0
R_dipaxis_s0.15,10be2420,3271,191758.62594712756,7.656621569018209,0
R_dipaxis_s0.2,10be2420,3271,111306.39739363879,5.83337359041225,0
R_dipaxis_s0.1,0c1b160c,5054,359176.6726199046,8.430172137007494,0
R_dipaxis_s0.15,0c1b160c,5054,364689.30035719066,8.494618752815033,0
R_dipaxis_s0.2,0c1b160c,5054,373936.8033793488,8.601644445940927,0
R_dipaxis_s0.1,153552f5,4695,102025.23780613659,4.661610781819869,0
R_dipaxis_s0.15,153552f5,4695,91998.95958927125,4.42663445116886,0
R_dipaxis_s0.2,153552f5,4695,82972.43742577499,4.203868531937921,0
R_dipaxis_s0.1,684a6fc1,9818,7000560.027584607,26.702681646759633,0
R_dipaxis_s0.15,684a6fc1,9818,7829391.460600378,28.239206553644937,0
R_dipaxis_s0.2,684a6fc1,9818,8767182.657031745,29.88260908337212,0
R_dipaxis_s0.1,9c350a6a,6052,2663908.488512853,20.980227403966577,0
R_dipaxis_s0.15,9c350a6a,6052,3182169.5297889477,22.930429890615475,0
R_dipaxis_s0.2,9c350a6a,6052,3768592.129444748,24.95399643565135,0
R_dipaxis_s0.1,729f4217,6195,1390232.41131147,14.980387562113778,0
R_dipaxis_s0.15,729f4217,6195,1275703.7000749274,14.350077687342207,0
R_dipaxis_s0.2,729f4217,6195,1166815.6611768645,13.723992418602904,0
R_dipaxis_s0.1,261785ee,3646,1578619.05661928,20.807999963588944,0
R_dipaxis_s0.15,261785ee,3646,1376873.554775382,19.432948384984105,0
R_dipaxis_s0.2,261785ee,3646,1190109.3625958702,18.066960861355046,0
R_dipaxis_s0.1,c6b782a4,4877,557090.3590211173,10.687753863047933,0
R_dipaxis_s0.15,c6b782a4,4877,460972.54061877786,9.722123870880788,0
R_dipaxis_s0.2,c6b782a4,4877,381756.7839078606,8.84742732378826,0
R_dipaxis_s0.1,fb03ae90,6431,13606283.984396156,45.99710628975445,0
R_dipaxis_s0.15,fb03ae90,6431,14546573.288756391,47.559917751329216,0
R_dipaxis_s0.2,fb03ae90,6431,15521230.549958186,49.12740450838093,0
R_dipaxis_s0.1,201661b5,5955,799553.7997026272,11.58731898788747,0
R_dipaxis_s0.15,201661b5,5955,751092.3897946213,11.230673406097624,0
R_dipaxis_s0.2,201661b5,5955,707842.376380414,10.902532666117255,0
R_dipaxis_s0.1,a0383629,5832,313516.7134735808,7.331985396525718,0
R_dipaxis_s0.15,a0383629,5832,273985.01834083867,6.854166505195173,0
R_dipaxis_s0.2,a0383629,5832,241292.34772842738,6.432251499270494,0
R_dipaxis_s0.1,3a223519,4583,387175.7046952782,9.191346107484533,0
R_dipaxis_s0.15,3a223519,4583,382583.8823833064,9.136679826912175,0
R_dipaxis_s0.2,3a223519,4583,380890.28729826387,9.11643459522724,0
R_dipaxis_s0.1,3407f5bf,3638,1469181.5075742137,20.095849948424462,0
R_dipaxis_s0.15,3407f5bf,3638,1383656.9965391024,19.50216714913172,0
R_dipaxis_s0.2,3407f5bf,3638,1301247.7424224808,18.912487202604986,0
R_dipaxis_s0.1,493b5b31,4671,2480857.1446247767,23.046020552134326,0
R_dipaxis_s0.15,493b5b31,4671,2734479.357776113,24.19537686348952,0
R_dipaxis_s0.2,493b5b31,4671,3004256.625153423,25.360836848048994,0
R_dipaxis_s0.1,939d9c34,5101,1081543.2460884263,14.56110330579884,0
R_dipaxis_s0.15,939d9c34,5101,999148.7702257824,13.995467733524938,0
R_dipaxis_s0.2,939d9c34,5101,921979.5243918912,13.44413845257449,0
R_dipaxis_s0.1,6767c111,6783,4590621.944949899,26.015061426897407,0
R_dipaxis_s0.15,6767c111,6783,6445632.489033645,30.826332699650077,0
R_dipaxis_s0.2,6767c111,6783,8697575.876756568,35.80867113304261,0
R_dipaxis_s0.1,e5c92e59,4295,134885.89341227018,5.604045881979123,0
R_dipaxis_s0.15,e5c92e59,4295,133365.23863665163,5.572367352667421,0
R_dipaxis_s0.2,e5c92e59,4295,171003.01113986172,6.309868301610564,0
R_dipaxis_s0.1,fb0904bd,3181,4258.56035826467,1.1570431857765124,0
R_dipaxis_s0.15,fb0904bd,3181,4486.034199724178,1.1875433048209036,0
R_dipaxis_s0.2,fb0904bd,3181,6876.376616069274,1.4702730368587835,0
R_dipaxis_s0.1,0d99f8e4,5823,419288.2068587321,8.48560728371913,0
R_dipaxis_s0.15,0d99f8e4,5823,382247.1784561457,8.102121453764122,0
R_dipaxis_s0.2,0d99f8e4,5823,350194.09309892845,7.75498591063465,0
R_dipaxis_s0.1,df73b8f3,5311,1337287.3789786403,15.868074186254086,0
R_dipaxis_s0.15,df73b8f3,5311,1359879.4780763872,16.00155023367105,0
R_dipaxis_s0.2,df73b8f3,5311,1383568.9779130656,16.14032432368643,0
R_dipaxis_s0.1,27ebb9b9,5766,298315.040731382,7.192837622576768,0
R_dipaxis_s0.15,27ebb9b9,5766,230055.90892528853,6.316541840240507,0
R_dipaxis_s0.2,27ebb9b9,5766,208600.28737134274,6.014785334842437,0
R_dipaxis_s0.1,2075c696,3188,1286314.2235585484,20.086967625015678,0
R_dipaxis_s0.15,2075c696,3188,1173133.8035515682,19.182915695078314,0
R_dipaxis_s0.2,2075c696,3188,1065341.8518870752,18.280384993151205,0
R_dipaxis_s0.1,a8ed028a,5538,1529076.9756134707,16.616448227035132,0
R_dipaxis_s0.15,a8ed028a,5538,1357720.836424343,15.657728771519654,0
R_dipaxis_s0.2,a8ed028a,5538,1231967.6717712926,14.914997334850861,0
R_dipaxis_s0.1,6ea22614,5971,239173.47128219123,6.328968990393178,0
R_dipaxis_s0.15,6ea22614,5971,238912.5405308586,6.325515695001769,0
R_dipaxis_s0.2,6ea22614,5971,242207.33991790938,6.3689833626338554,0
R_dipaxis_s0.1,df8290be,3972,534226.3852687144,11.59733085228928,0
R_dipaxis_s0.15,df8290be,3972,475822.6691289606,10.945054904856917,0
R_dipaxis_s0.2,df8290be,3972,424498.57167314494,10.337927847667116,0
R_dipaxis_s0.1,283269ac,2626,2331.32638115727,0.9422240346321102,0
R_dipaxis_s0.15,283269ac,2626,1993.4912596639456,0.8712841368303079,0
R_dipaxis_s0.2,283269ac,2626,1743.4143301232352,0.8148036106237297,0
R_dipaxis_s0.1,c2c4db09,6039,647153.5233331455,10.351925675054003,0
R_dipaxis_s0.15,c2c4db09,6039,866712.5031717701,11.97995029219401,0
R_dipaxis_s0.2,c2c4db09,6039,1181007.159025095,13.984397185222575,0
R_dipaxis_s0.1,89f1085d,5994,2780512.486665622,21.53793468297301,0
R_dipaxis_s0.15,89f1085d,5994,2061803.9514614937,18.54664308925281,0
R_dipaxis_s0.2,89f1085d,5994,1462481.8141994704,15.620209985568001,0
R_dipaxis_s0.1,5fb1c15f,2860,1071336.0389527401,19.35440571582724,0
R_dipaxis_s0.15,5fb1c15f,2860,1135632.6664718054,19.926724741066348,0
R_dipaxis_s0.2,5fb1c15f,2860,1204632.4260526225,20.523161281085535,0
R_dipaxis_s0.1,0be01c24,4738,219788.11554383556,6.810901107870341,0
R_dipaxis_s0.15,0be01c24,4738,177614.00855351164,6.122673204953389,0
R_dipaxis_s0.2,0be01c24,4738,142164.34378834887,5.477694586982219,0
R_dipaxis_s0.1,96936c22,3346,46592.316110208725,3.731592242800626,0
R_dipaxis_s0.15,96936c22,3346,49210.512022937575,3.8350053449892485,0
R_dipaxis_s0.2,96936c22,3346,56608.09510741491,4.113166614876897,0
R_dipaxis_s0.1,ab6fe95d,5491,205017.27858242585,6.110398161012852,0
R_dipaxis_s0.15,ab6fe95d,5491,186808.16468378663,5.832734456261363,0
R_dipaxis_s0.2,ab6fe95d,5491,169784.1603919084,5.560615472668181,0
R_dipaxis_s0.1,d7eb0be8,5401,4686888.758634556,29.4581340617876,0
R_dipaxis_s0.15,d7eb0be8,5401,4275444.242773832,28.135428570059634,0
R_dipaxis_s0.2,d7eb0be8,5401,3967362.507027804,27.102780868312063,0
R_dipaxis_s0.1,fd3b4faa,5022,245099.97932776707,6.986075633246342,0
R_dipaxis_s0.15,fd3b4faa,5022,234037.22527767523,6.826594650310548,0
R_dipaxis_s0.2,fd3b4faa,5022,226733.8370516025,6.719234755627687,0
R_dipaxis_s0.1,5254b6db,3274,144465.40818366408,6.642668764518381,0
R_dipaxis_s0.15,5254b6db,3274,130714.73016642411,6.31863003926713,0
R_dipaxis_s0.2,5254b6db,3274,117701.49837647953,5.995862409048981,0
R_dipaxis_s0.1,2364716c,4316,1269622.229515249,17.151280153866516,0
R_dipaxis_s0.15,2364716c,4316,1094232.412528342,15.922603093685444,0
R_dipaxis_s0.2,2364716c,4316,935228.9126117807,14.720353664385346,0
R_dipaxis_s0.1,c6797dd7,4664,113840.25753575761,4.9404745211310015,0
R_dipaxis_s0.15,c6797dd7,4664,106847.79860555577,4.786339700487621,0
R_dipaxis_s0.2,c6797dd7,4664,110070.41114329599,4.857983366502443,0
R_dipaxis_s0.1,e5ff9fd2,2354,151129.73970980206,8.012568178474318,0
R_dipaxis_s0.15,e5ff9fd2,2354,135314.85463432703,7.581750846205427,0
R_dipaxis_s0.2,e5ff9fd2,2354,120611.16067193686,7.157980635383399,0
R_dipaxis_s0.1,8c8348e8,3888,58819.364889214245,3.889529209493833,0
R_dipaxis_s0.15,8c8348e8,3888,81569.79109445424,4.580380392582551,0
R_dipaxis_s0.2,8c8348e8,3888,155331.71240678587,6.320725600837842,0
R_dipaxis_s0.1,19fb4f7b,5620,604378.4589942056,10.370180859878221,0
R_dipaxis_s0.15,19fb4f7b,5620,567020.1484728896,10.044563945379975,0
R_dipaxis_s0.2,19fb4f7b,5620,533689.5503059516,9.744873187231464,0
R_dipaxis_s0.1,1b1c5372,4261,1378879.2742796678,17.98901379430339,0
R_dipaxis_s0.15,1b1c5372,4261,1392900.0435105888,18.08024074119222,0
R_dipaxis_s0.2,1b1c5372,4261,1408349.1269022368,18.180231009385448,0
R_dipaxis_s0.1,f07d7037,5563,122155.7432857714,4.686001414322995,0
R_dipaxis_s0.15,f07d7037,5563,67124.18841607631,3.473641493690731,0
R_dipaxis_s0.2,f07d7037,5563,38883.78187131972,2.64380682338585,0
R_dipaxis_s0.1,b5aa9634,7326,912690.9332741746,11.161650280059925,0
R_dipaxis_s0.15,b5aa9634,7326,887505.8459279262,11.006573904436886,0
R_dipaxis_s0.2,b5aa9634,7326,863057.540859476,10.853915060234744,0
R_dipaxis_s0.1,373ef48b,3509,78616.42408589949,4.733310109202968,0
R_dipaxis_s0.15,373ef48b,3509,71100.46565357971,4.501368198753826,0
R_dipaxis_s0.2,373ef48b,3509,64083.72060440951,4.27348491263188,0
R_dipaxis_s0.1,dbee6c86,7369,144689.23769396584,4.431123311945604,0
R_dipaxis_s0.15,dbee6c86,7369,148752.09548324224,4.492905332696355,0
R_dipaxis_s0.2,dbee6c86,7369,154760.43463404727,4.58274499849939,0
R_dipaxis_s0.1,000d7d20,3836,271765.39485166955,8.41700874402505,0
R_dipaxis_s0.15,000d7d20,3836,304642.8512885402,8.911610499314138,0
R_dipaxis_s0.2,000d7d20,3836,339904.000499446,9.413233652940992,0
R_dipaxis_s0.1,727a3a10,4397,1644156.0941628716,19.33718670505961,0
R_dipaxis_s0.15,727a3a10,4397,2351758.5661149165,23.126937913328852,0
R_dipaxis_s0.2,727a3a10,4397,3207096.7260140153,27.007090292905588,0
R_dipaxis_s0.1,5beded95,3057,753762.075641662,15.702522415832203,0
R_dipaxis_s0.15,5beded95,3057,709291.3146555268,15.232269031287494,0
R_dipaxis_s0.2,5beded95,3057,666216.6595981244,14.762503885440843,0
R_dipaxis_s0.1,33c40295,4169,328358.82082230935,8.874796350993197,0
R_dipaxis_s0.15,33c40295,4169,336383.66391460685,8.982588417515615,0
R_dipaxis_s0.2,33c40295,4169,345508.43006100744,9.103604389000754,0
R_dipaxis_s0.1,992ce078,2879,52498.637571912666,4.2702488460666235,0
R_dipaxis_s0.15,992ce078,2879,45582.696352073006,3.9790479552407065,0
R_dipaxis_s0.2,992ce078,2879,40787.25852837041,3.76392902403066,0
R_dipaxis_s0.1,49dbc14c,3872,80900.86465923919,4.570975645535233,0
R_dipaxis_s0.15,49dbc14c,3872,66074.69565457327,4.130949742923187,0
R_dipaxis_s0.2,49dbc14c,3872,53049.491293719686,3.701458951725914,0
R_dipaxis_s0.1,5b7b6324,6564,1821758.9724166573,16.659469678962058,0
R_dipaxis_s0.15,5b7b6324,6564,1713104.7839462408,16.155026611495735,0
R_dipaxis_s0.2,5b7b6324,6564,1608167.7997233318,15.652416469512294,0
R_dipaxis_s0.1,ddc790ff,4726,168674.25523816355,5.974169522974991,0
R_dipaxis_s0.15,ddc790ff,4726,178297.8580955456,6.142231831310267,0
R_dipaxis_s0.2,ddc790ff,4726,189741.68507845048,6.336282297654962,0
R_dipaxis_s0.1,cbe51de1,3963,506938.51025084284,11.310078153586423,0
R_dipaxis_s0.15,cbe51de1,3963,367523.4410047132,9.630093102506095,0
R_dipaxis_s0.2,cbe51de1,3963,264291.00771087524,8.166371961563097,0
R_dipaxis_s0.1,10a1281a,5609,75338.20522984772,3.6649235095037187,0
R_dipaxis_s0.15,10a1281a,5609,78547.55809523145,3.742170958526183,0
R_dipaxis_s0.2,10a1281a,5609,82896.10919425431,3.8443626880787796,0
R_dipaxis_s0.1,16e4a047,4131,683881.7249556221,12.866573396018273,0
R_dipaxis_s0.15,16e4a047,4131,805457.7175716535,13.963483496463347,0
R_dipaxis_s0.2,16e4a047,4131,938230.8648131646,15.07048608741461,0
R_dipaxis_s0.1,abf460d2,3217,139016.8501723658,6.573674434999013,0
R_dipaxis_s0.15,abf460d2,3217,105552.4633874681,5.728074478895047,0
R_dipaxis_s0.2,abf460d2,3217,78221.00498851028,4.931013202112988,0
R_dipaxis_s0.1,445af6c2,6041,4704137.457805704,27.905228556649117,0
R_dipaxis_s0.15,445af6c2,6041,4365511.654082431,26.88209788264603,0
R_dipaxis_s0.2,445af6c2,6041,4039892.5524416794,25.860117234341605,0
R_dipaxis_s0.1,a692b17e,3566,457691.4384082423,11.329108207061761,0
R_dipaxis_s0.15,a692b17e,3566,389635.3412342231,10.452941059352804,0
R_dipaxis_s0.2,a692b17e,3566,328818.858574757,9.602574589547777,0
R_dipaxis_s0.1,bffe3082,5723,1774355.5895626699,17.60793622378626,0
R_dipaxis_s0.15,bffe3082,5723,1887583.7461782787,18.161062020605552,0
R_dipaxis_s0.2,bffe3082,5723,2010453.5801833419,18.74282939446915,0
R_dipaxis_s0.1,7993a768,5487,102169.66501506537,4.315126230156885,0
R_dipaxis_s0.15,7993a768,5487,34203.01857296327,2.496690668165136,0
R_dipaxis_s0.2,7993a768,5487,33198.95576442831,2.4597713100685596,0
R_dipaxis_s0.1,e201fd6d,5070,1362708.8108128458,16.39447645240586,0
R_dipaxis_s0.15,e201fd6d,5070,1370451.7337454043,16.44098725389454,0
R_dipaxis_s0.2,e201fd6d,5070,1382070.5010620938,16.510533969708852,0
R_dipaxis_s0.1,5fffa282,4201,54679.600544570916,3.6077490902049347,0
R_dipaxis_s0.15,5fffa282,4201,34200.84630289057,2.853264846027016,0
R_dipaxis_s0.2,5fffa282,4201,21448.27048524098,2.2595387735096137,0
R_dipaxis_s0.1,eeda36f5,4797,167904.17438170378,5.916241418742954,0
R_dipaxis_s0.15,eeda36f5,4797,183361.08577151297,6.182565509161262,0
R_dipaxis_s0.2,eeda36f5,4797,201000.24289394944,6.473116627807998,0
R_dipaxis_s0.1,a7fc3e6b,4764,1287170.139539779,16.437361317761244,0
R_dipaxis_s0.15,a7fc3e6b,4764,1169272.0967136873,15.666497601096324,0
R_dipaxis_s0.2,a7fc3e6b,4764,1066814.446023603,14.96437447284305,0
R_dipaxis_s0.1,19137a89,6267,1447930.210084955,15.200013280108891,0
R_dipaxis_s0.15,19137a89,6267,1186635.3769517276,13.760328392098408,0
R_dipaxis_s0.2,19137a89,6267,954385.161567985,12.3404782772668,0
R_dipaxis_s0.1,fa16d114,5686,1765529.9217382772,17.62114453550527,0
R_dipaxis_s0.15,fa16d114,5686,1462597.0902654245,16.038321865123024,0
R_dipaxis_s0.2,fa16d114,5686,1190388.5431645894,14.46908078742484,0
R_dipaxis_s0.1,e32da4ec,4689,437559.142818791,9.660025327059268,0
R_dipaxis_s0.15,e32da4ec,4689,386336.3646057171,9.077007160421475,0
R_dipaxis_s0.2,e32da4ec,4689,339117.0207443215,8.504223741329577,0
R_dipaxis_s0.1,5a5d1982,3894,165021.6822389564,6.509873230003254,0
R_dipaxis_s0.15,5a5d1982,3894,150532.16198789835,6.217512627548769,0
R_dipaxis_s0.2,5a5d1982,3894,136930.59585647885,5.929966984538723,0
R_dipaxis_s0.1,76201745,4448,255992.7702768455,7.586325292731161,0
R_dipaxis_s0.15,76201745,4448,248703.403022495,7.47753534610032,0
R_dipaxis_s0.2,76201745,4448,243331.17427296142,7.3963335249113085,0
R_dipaxis_s0.1,c6c96179,4004,283576.69003554806,8.415660946100864,0
R_dipaxis_s0.15,c6c96179,4004,271806.0147170775,8.239151658951918,0
R_dipaxis_s0.2,c6c96179,4004,260377.74030777684,8.064081204407167,0
R_dipaxis_s0.1,5305524b,4898,926312.5464966318,13.752111434430283,0
R_dipaxis_s0.15,5305524b,4898,745510.6399112531,12.33722634639832,0
R_dipaxis_s0.2,5305524b,4898,587194.8342033763,10.94918320902286,0
R_dipaxis_s0.1,4a8ecc0b,5809,487722.65451572364,9.162959693907014,0
R_dipaxis_s0.15,4a8ecc0b,5809,419703.63419252273,8.500034269193854,0
R_dipaxis_s0.2,4a8ecc0b,5809,387174.6671486274,8.163995912302388,0
R_dipaxis_s0.1,ff8bb73a,5927,397872.278612313,8.193215481388641,0
R_dipaxis_s0.15,ff8bb73a,5927,424308.4987397662,8.461033249014308,0
R_dipaxis_s0.2,ff8bb73a,5927,527890.953548102,9.437449618274503,0
R_dipaxis_s0.1,b4f37e6e,2992,766776.1492065373,16.0086055275909,0
R_dipaxis_s0.15,b4f37e6e,2992,818991.760297318,16.544702856586454,0
R_dipaxis_s0.2,b4f37e6e,2992,873300.990813124,17.08445707068587,0
R_dipaxis_s0.1,09ec2ca9,5885,261346.63615118916,6.664003610506809,0
R_dipaxis_s0.15,09ec2ca9,5885,288277.66492521315,6.998939899400073,0
R_dipaxis_s0.2,09ec2ca9,5885,319828.2837981972,7.371997855881357,0
R_dipaxis_s0.1,200d233d,3926,660128.8292651504,12.966990785917364,0
R_dipaxis_s0.15,200d233d,3926,673939.7480709532,13.101933415079706,0
R_dipaxis_s0.2,200d233d,3926,690531.4800922703,13.262231160983578,0
R_dipaxis_s0.1,3417285d,5449,5188528.760094769,30.857711208017168,0
R_dipaxis_s0.15,3417285d,5449,4616416.287938983,29.106774306069937,0
R_dipaxis_s0.2,3417285d,5449,4085510.7935810573,27.381975475614553,0
R_dipaxis_s0.1,3bbe1f5d,6918,745159.1774003296,10.378491846304353,0
R_dipaxis_s0.15,3bbe1f5d,6918,734356.8544857611,10.302990458401636,0
R_dipaxis_s0.2,3bbe1f5d,6918,725740.8712613494,10.242371217152272,0
R_dipaxis_s0.1,30d75030,3404,763728.5194355855,14.978720898000061,0
R_dipaxis_s0.15,30d75030,3404,638332.2198439599,13.693945884612843,0
R_dipaxis_s0.2,30d75030,3404,526209.3487127146,12.433245356849422,0
R_dipaxis_s0.1,052d64df,2445,116538.05981614877,6.90389948838076,0
R_dipaxis_s0.15,052d64df,2445,108389.92527157642,6.658172255190298,0
R_dipaxis_s0.2,052d64df,2445,100548.12172524,6.412797842263728,0
R_dipaxis_s0.1,c36625df,4742,180629.93655664672,6.171831914860475,0
R_dipaxis_s0.15,c36625df,4742,135990.61931215588,5.355175411971995,0
R_dipaxis_s0.2,c36625df,4742,102625.51785243617,4.6520771235164995,0
R_dipaxis_s0.1,ea3a0e38,10052,327061.8248757422,5.704120452694893,0
R_dipaxis_s0.15,ea3a0e38,10052,387546.45461469435,6.20919993313625,0
R_dipaxis_s0.2,ea3a0e38,10052,664951.8769543668,8.133338886823022,0
R_dipaxis_s0.1,5693dde2,3488,282079.76803300984,8.99285789550407,0
R_dipaxis_s0.15,5693dde2,3488,362933.2175278056,10.200585991327069,0
R_dipaxis_s0.2,5693dde2,3488,459948.77820811677,11.483294335607646,0
R_dipaxis_s0.1,807f0298,3747,523766.02895891515,11.822976244141165,0
R_dipaxis_s0.15,807f0298,3747,776731.2794564654,14.397714281427259,0
R_dipaxis_s0.2,807f0298,3747,1121660.746066079,17.301705450431253,0
R_dipaxis_s0.1,8a89da23,3935,2364301.4351058314,24.51201730586462,0
R_dipaxis_s0.15,8a89da23,3935,2391690.4431017367,24.653586964505827,0
R_dipaxis_s0.2,8a89da23,3935,2420736.558359623,24.802839112602566,0
R_dipaxis_s0.1,7224331b,6063,127503.53878162586,4.585823496058167,0
R_dipaxis_s0.15,7224331b,6063,155781.8966287861,5.068911507170157,0
R_dipaxis_s0.2,7224331b,6063,198447.54548017788,5.721093976880113,0
R_dipaxis_s0.1,e45a2a62,5007,1855776.7627680204,19.25192098226807,0
R_dipaxis_s0.15,e45a2a62,5007,1798691.0097678094,18.953502910331935,0
R_dipaxis_s0.2,e45a2a62,5007,1744098.9606781164,18.66365792543366,0
R_dipaxis_s0.1,3a86fe8d,5118,440793.85754948505,9.280419890657422,0
R_dipaxis_s0.15,3a86fe8d,5118,337728.3247819075,8.123320757506091,0
R_dipaxis_s0.2,3a86fe8d,5118,249956.40871941735,6.988468264990622,0
R_dipaxis_s0.1,d9eca87b,6373,5032073.950679015,28.099691257745867,0
R_dipaxis_s0.15,d9eca87b,6373,5340962.039828865,28.949281305326227,0
R_dipaxis_s0.2,d9eca87b,6373,5663855.350319002,29.81151982562032,0
R_dipaxis_s0.1,93f5d2e6,3691,1232435.9357057298,18.2730126113865,0
R_dipaxis_s0.15,93f5d2e6,3691,1112887.4225519088,17.364152625760465,0
R_dipaxis_s0.2,93f5d2e6,3691,1000177.5274602734,16.46139073238618,0
R_dipaxis_s0.1,cc8a1d57,6638,4837951.2964205295,26.99678960643305,0
R_dipaxis_s0.15,cc8a1d57,6638,4752038.661894329,26.756010556846796,0
R_dipaxis_s0.2,cc8a1d57,6638,4676277.257543851,26.54186905867837,0
R_dipaxis_s0.1,bf70b410,6347,3026130.9507804657,21.835322444421237,0
R_dipaxis_s0.15,bf70b410,6347,3447405.6317618387,23.305688863694847,0
R_dipaxis_s0.2,bf70b410,6347,3898179.757404003,24.78258941692045,0
R_dipaxis_s0.1,c472c0b5,3054,446425.7968687861,12.090384843109064,0
R_dipaxis_s0.15,c472c0b5,3054,599743.812063036,14.01355658616072,0
R_dipaxis_s0.2,c472c0b5,3054,776279.2857305377,15.943162859200473,0
R_dipaxis_s0.1,dc7f9757,4360,485244.2099716973,10.549622911340965,0
R_dipaxis_s0.15,dc7f9757,4360,522865.4731269184,10.950948527546048,0
R_dipaxis_s0.2,dc7f9757,4360,563687.0479617536,11.37040105601883,0
R_dipaxis_s0.1,ec13af42,5462,735078.0614907964,11.600878619634424,0
R_dipaxis_s0.15,ec13af42,5462,820956.5733737622,12.259824249202783,0
R_dipaxis_s0.2,ec13af42,5462,935630.1842817758,13.088089740592904,0
R_dipaxis_s0.1,7e208414,4226,136013.66556565443,5.673179516148369,0
R_dipaxis_s0.15,7e208414,4226,120076.76929241966,5.330460763202429,0
R_dipaxis_s0.2,7e208414,4226,105551.04008180778,4.997657759053011,0
R_dipaxis_s0.1,4e050c92,3705,151309.809380842,6.390567639784576,0
R_dipaxis_s0.15,4e050c92,3705,142859.540492147,6.209555574252419,0
R_dipaxis_s0.2,4e050c92,3705,134787.1057507062,6.031565769161518,0
R_dipaxis_s0.1,944f36b9,4630,143006.3720139928,5.557598888242137,0
R_dipaxis_s0.15,944f36b9,4630,120865.34211975346,5.109288160969765,0
R_dipaxis_s0.2,944f36b9,4630,101763.27745803852,4.688188307029502,0
R_dipaxis_s0.1,708caea9,6548,12723159.499601837,44.0801588025879,0
R_dipaxis_s0.15,708caea9,6548,15627471.553932872,48.852863306021625,0
R_dipaxis_s0.2,708caea9,6548,18887956.310583945,53.707897250113064,0
R_dipaxis_s0.1,699ea575,4120,186429.88324600403,6.726809917163667,0
R_dipaxis_s0.15,699ea575,4120,122000.50108159085,5.44166997411477,0
R_dipaxis_s0.2,699ea575,4120,100811.59489225055,4.946598195903049,0
R_dipaxis_s0.1,a6f967fb,4670,514459.7438059497,10.495841368838324,0
R_dipaxis_s0.15,a6f967fb,4670,397020.3344586602,9.220361213744214,0
R_dipaxis_s0.2,a6f967fb,4670,324657.5073445413,8.337853971689649,0
R_dipaxis_s0.1,f08774c3,3900,537668.9128211262,11.741542649936966,0
R_dipaxis_s0.15,f08774c3,3900,559735.1549798305,11.980059875067944,0
R_dipaxis_s0.2,f08774c3,3900,587596.2184039657,12.274595595238887,0
R_dipaxis_s0.1,e46f4ef4,7195,416700.78154197586,7.610212055189035,0
R_dipaxis_s0.15,e46f4ef4,7195,776702.313039328,10.38991273940064,0
R_dipaxis_s0.2,e46f4ef4,7195,1296014.3204209227,13.421142916883149,0
R_dipaxis_s0.1,4f4afcc6,5645,365112.2588246316,8.042317867007158,0
R_dipaxis_s0.15,4f4afcc6,5645,354814.3278872042,7.928090542081202,0
R_dipaxis_s0.2,4f4afcc6,5645,346332.1740832802,7.832753267694189,0
R_dipaxis_s0.1,c2c6fc71,7119,1159654.780290918,12.763061584734324,0
R_dipaxis_s0.15,c2c6fc71,7119,1256536.338039242,13.285503856911818,0
R_dipaxis_s0.2,c2c6fc71,7119,1360050.8436894612,13.821910472686783,0
R_dipaxis_s0.1,9d3ec64c,3480,292920.01648996834,9.174552770113653,0
R_dipaxis_s0.15,9d3ec64c,3480,296129.00806019176,9.224670321807285,0
R_dipaxis_s0.2,9d3ec64c,3480,301761.1353472239,9.311979914463045,0
R_dipaxis_s0.1,137d1e44,4554,2341668.3381923484,22.675985927128153,0
R_dipaxis_s0.15,137d1e44,4554,2111272.9414126757,21.531568990669786,0
R_dipaxis_s0.2,137d1e44,4554,1896246.751449121,20.405672479886974,0
R_dipaxis_s0.1,42669188,4282,1728676.5490832592,20.092479724896823,0
R_dipaxis_s0.15,42669188,4282,1486779.6708964715,18.633737607614908,0
R_dipaxis_s0.2,42669188,4282,1264467.590024068,17.18424752266292,0
R_dipaxis_s0.1,fae0c593,4403,538793.7433623369,11.062083420954625,0
R_dipaxis_s0.15,fae0c593,4403,549219.7709405553,11.168600039030485,0
R_dipaxis_s0.2,fae0c593,4403,563649.6907168094,11.31436783633778,0
R_dipaxis_s0.1,febb4411,4247,686411.7913442355,12.713093385533657,0
R_dipaxis_s0.15,febb4411,4247,672355.8894713062,12.582254814103939,0
R_dipaxis_s0.2,febb4411,4247,660392.5908683252,12.469813712749938,0
R_dipaxis_s0.1,059c8f24,6258,258535.46374754343,6.427502922870814,0
R_dipaxis_s0.15,059c8f24,6258,234711.87326476464,6.12420543257421,0
R_dipaxis_s0.2,059c8f24,6258,357219.0137775715,7.555261562216185,0
R_dipaxis_s0.1,1e5e3573,5480,919742.9317532007,12.95516504776445,0
R_dipaxis_s0.15,1e5e3573,5480,1024176.6696444688,13.670901684045207,0
R_dipaxis_s0.2,1e5e3573,5480,1151273.0265122084,14.49435471853119,0
R_dipaxis_s0.1,028d7b28,6234,618653.828600667,9.96186044646315,0
R_dipaxis_s0.15,028d7b28,6234,878237.7544903769,11.86923292236206,0
R_dipaxis_s0.2,028d7b28,6234,1218254.3819396696,13.979305376738731,0
R_dipaxis_s0.1,ed6436d6,2945,5411.703995196517,1.3555775487698476,0
R_dipaxis_s0.15,ed6436d6,2945,11929.045150670743,2.012612620153618,0
R_dipaxis_s0.2,ed6436d6,2945,23555.852444727952,2.828178152459078,0
R_dipaxis_s0.1,39b51819,4231,58463.50546339528,3.7172426666329654,0
R_dipaxis_s0.15,39b51819,4231,68933.67013873521,4.036399913133172,0
R_dipaxis_s0.2,39b51819,4231,80982.26524316626,4.3749535634005525,0
R_dipaxis_s0.1,9f0c7bae,2542,204831.6643806026,8.976577274635746,0
R_dipaxis_s0.15,9f0c7bae,2542,231165.26563685664,9.53615971486108,0
R_dipaxis_s0.2,9f0c7bae,2542,259636.13833708095,10.106360772472344,0
R_dipaxis_s0.1,73b1447d,5670,938792.110110454,12.867470642086104,0
R_dipaxis_s0.15,73b1447d,5670,924879.2309129692,12.771766915481226,0
R_dipaxis_s0.2,73b1447d,5670,928374.191680333,12.795875325293176,0
R_dipaxis_s0.1,764072a5,2949,72788.29914962876,4.968135124538792,1
R_dipaxis_s0.15,764072a5,2949,55208.72679986154,4.326796598285747,1
R_dipaxis_s0.2,764072a5,2949,41387.45223371031,3.7462517600233296,1
R_dipaxis_s0.1,e7d0c1de,4711,236397.60556255863,7.08377868926464,1
R_dipaxis_s0.15,e7d0c1de,4711,245940.05970337332,7.2253366162029335,1
R_dipaxis_s0.2,e7d0c1de,4711,256949.70905054832,7.385289310950656,1
R_dipaxis_s0.1,a6ed2eff,5275,310610.59010545514,7.67356007278288,1
R_dipaxis_s0.15,a6ed2eff,5275,276888.9245495238,7.245052890338067,1
R_dipaxis_s0.2,a6ed2eff,5275,248182.89762115938,6.85921938301259,1
R_dipaxis_s0.1,4630ab92,3373,437676.02821687376,11.391166760741715,1
R_dipaxis_s0.15,4630ab92,3373,459175.29470159626,11.667588026123713,1
R_dipaxis_s0.2,4630ab92,3373,482221.1405705144,11.956799654639125,1
R_dipaxis_s0.1,29de15c8,3431,86780.65238249977,5.0292253538992515,1
R_dipaxis_s0.15,29de15c8,3431,95051.09870969981,5.263422245137024,1
R_dipaxis_s0.2,29de15c8,3431,103958.68269419998,5.5045272349147645,1
R_dipaxis_s0.1,b38e3116,6211,158154.5907652125,5.046149775660489,1
R_dipaxis_s0.15,b38e3116,6211,166563.19787876928,5.178556996365515,1
R_dipaxis_s0.2,b38e3116,6211,212777.87334627242,5.853053143228044,1
R_dipaxis_s0.1,2f19d536,3088,117299.84312215222,6.163254050655785,1
R_dipaxis_s0.15,2f19d536,3088,110599.41173641192,5.984636302758856,1
R_dipaxis_s0.2,2f19d536,3088,104299.07011946778,5.811678381383122,1
R_dipaxis_s0.1,f5859199,5790,2235936.791606396,19.651263507595978,1
R_dipaxis_s0.15,f5859199,5790,2718122.748667755,21.666823761889987,1
R_dipaxis_s0.2,f5859199,5790,3265701.98163454,23.749200446988745,1
R_dipaxis_s0.1,d114d9c2,6206,859446.2747373212,11.76802225723647,1
R_dipaxis_s0.15,d114d9c2,6206,1196685.1421966164,13.886220713948875,1
R_dipaxis_s0.2,d114d9c2,6206,1594872.2038496784,16.03086876748005,1
R_dipaxis_s0.1,91b301ce,6570,6778057.693029918,32.11958651040955,1
R_dipaxis_s0.15,91b301ce,6570,6185567.6966037825,30.68365545061147,1
R_dipaxis_s0.2,91b301ce,6570,5670000.507616962,29.377096110626603,1
R_dipaxis_s0.1,2bff06cf,7624,8705796.871272162,33.7919163189799,1
R_dipaxis_s0.15,2bff06cf,7624,10195606.573597083,36.569168914671764,1
R_dipaxis_s0.2,2bff06cf,7624,11830463.47204803,39.39212738481343,1
R_dipaxis_s0.1,353e5502,6062,191405.28121453378,5.619128868452192,1
R_dipaxis_s0.15,353e5502,6062,193226.64071161026,5.645800603332675,1
R_dipaxis_s0.2,353e5502,6062,196722.50443523095,5.696643689881554,1
R_dipaxis_s0.1,f0188a48,4170,264338.7265261407,7.9618202630273665,1
R_dipaxis_s0.15,f0188a48,4170,411568.0559661475,9.934655279950595,1
R_dipaxis_s0.2,f0188a48,4170,619144.3727907736,12.185067450562835,1
R_dipaxis_s0.1,c908edd0,5293,494150.4754059396,9.662258711965562,1
R_dipaxis_s0.15,c908edd0,5293,553090.949062627,10.222269554026818,1
R_dipaxis_s0.2,c908edd0,5293,622154.429155134,10.841719118619094,1
R_dipaxis_s0.1,1619e2ca,4443,264350.90777219745,7.71351354399422,1
R_dipaxis_s0.15,1619e2ca,4443,266044.04071106814,7.738176138808536,1
R_dipaxis_s0.2,1619e2ca,4443,271137.7607184625,7.811903068795711,1
R_dipaxis_s0.1,4936af16,3991,85576.65147797538,4.63059480932441,1
R_dipaxis_s0.15,4936af16,3991,77131.62307183695,4.3961790393234965,1
R_dipaxis_s0.2,4936af16,3991,69498.03193561542,4.172971217689754,1
R_dipaxis_s0.1,5d11dfb5,5895,539489.1005089146,9.566419751128302,1
R_dipaxis_s0.15,5d11dfb5,5895,555424.1062880688,9.706674306263848,1
R_dipaxis_s0.2,5d11dfb5,5895,589271.6879503496,9.998063323493465,1
R_dipaxis_s0.1,56b00794,6065,6079081.301966377,31.659465118176975,1
R_dipaxis_s0.15,56b00794,6065,6433488.847190476,32.56925868427584,1
R_dipaxis_s0.2,56b00794,6065,6810609.339908571,33.51024339192539,1
R_dipaxis_s0.1,5f4d2a52,5225,14592621.253417024,52.847385677087,1
R_dipaxis_s0.15,5f4d2a52,5225,13493046.489693949,50.817332102804144,1
R_dipaxis_s0.2,5f4d2a52,5225,12438009.228749853,48.79016535294214,1
R_dipaxis_s0.1,9a6b0392,4255,216967.23485317756,7.14080699394936,1
R_dipaxis_s0.15,9a6b0392,4255,222998.8131892612,7.2393820004443405,1
R_dipaxis_s0.2,9a6b0392,4255,229713.06249833843,7.347558688674137,1
R_dipaxis_s0.1,9298ad5b,3964,566590.2479016007,11.955499474491278,1
R_dipaxis_s0.15,9298ad5b,3964,518649.02876961726,11.43852331082094,1
R_dipaxis_s0.2,9298ad5b,3964,476291.00998243707,10.961484377281653,1
R_dipaxis_s0.1,7b38844c,3749,170511.21212344198,6.744018463962155,1
R_dipaxis_s0.15,7b38844c,3749,154766.70420659997,6.425117095405907,1
R_dipaxis_s0.2,7b38844c,3749,139905.23400405177,6.108847180233451,1
R_dipaxis_s0.1,4cecf7b3,6019,499734.15537294425,9.111866432343483,1
R_dipaxis_s0.15,4cecf7b3,6019,533166.6051690615,9.411726496343661,1
R_dipaxis_s0.2,4cecf7b3,6019,577570.8302049378,9.795812280243128,1
R_dipaxis_s0.1,8b9d8326,6163,191642.4319517331,5.576346512459698,1
R_dipaxis_s0.15,8b9d8326,6163,179669.6261747607,5.399347112512959,1
R_dipaxis_s0.2,8b9d8326,6163,184848.410462561,5.476609511203586,1
R_dipaxis_s0.1,bf39bc20,3303,216408.49985096077,8.094366607047691,1
R_dipaxis_s0.15,bf39bc20,3303,231120.958772263,8.36498908049266,1
R_dipaxis_s0.2,bf39bc20,3303,261225.56652411443,8.893107723318042,1
R_dipaxis_s0.1,77b0d905,4174,459683.6345437652,10.49429573924393,1
R_dipaxis_s0.15,77b0d905,4174,355796.84610028495,9.232617100230796,1
R_dipaxis_s0.2,77b0d905,4174,266312.508946582,7.98765981866236,1
R_dipaxis_s0.1,a4cdbb0f,5204,589260.7817517124,10.641065705687108,1
R_dipaxis_s0.15,a4cdbb0f,5204,562727.1586725416,10.398729807290088,1
R_dipaxis_s0.2,a4cdbb0f,5204,537743.1190233539,10.165266923137368,1
R_dipaxis_s0.1,084d66f9,3885,458471.59042815096,10.863273235397857,1
R_dipaxis_s0.15,084d66f9,3885,468245.2721452141,10.978454061325378,1
R_dipaxis_s0.2,084d66f9,3885,479782.6137642472,11.112882986834942,1
R_dipaxis_s0.1,9efc812e,4450,662029.9429921737,12.197162526838216,1
R_dipaxis_s0.15,9efc812e,4450,996927.5584428195,14.967587140839072,1
R_dipaxis_s0.2,9efc812e,4450,1423437.875129828,17.885012714685324,1
R_dipaxis_s0.1,95c8427f,6335,5126491.907467255,28.447023298838864,1
R_dipaxis_s0.15,95c8427f,6335,5370864.809482923,29.117145778604222,1
R_dipaxis_s0.2,95c8427f,6335,5633420.392753281,29.820352385204757,1
R_dipaxis_s0.1,a3518960,4967,220958.33905990436,6.669727925330028,1
R_dipaxis_s0.15,a3518960,4967,207676.14177599683,6.466156675911779,1
R_dipaxis_s0.2,a3518960,4967,195364.41378285922,6.2715609783743576,1
R_dipaxis_s0.1,ce55ba43,4104,661147.2991808411,12.692449321581185,1
R_dipaxis_s0.15,ce55ba43,4104,580559.515237442,11.893774429699004,1
R_dipaxis_s0.2,ce55ba43,4104,505780.5398048217,11.101390555787598,1
R_dipaxis_s0.1,8c167025,5368,928552.3574104959,13.152155800482554,1
R_dipaxis_s0.15,8c167025,5368,961471.1752448648,13.383258939044715,1
R_dipaxis_s0.2,8c167025,5368,1001914.4585319674,13.661836022728293,1
R_dipaxis_s0.1,c8d9680c,6281,11402596.657487245,42.60764047100575,1
R_dipaxis_s0.15,c8d9680c,6281,11362175.623980064,42.53205357086902,1
R_dipaxis_s0.2,c8d9680c,6281,11323907.998772228,42.46036952526034,1
R_dipaxis_s0.1,89969c7a,4947,311942.2622960669,7.940834661641226,1
R_dipaxis_s0.15,89969c7a,4947,304322.67119576933,7.843252533765769,1
R_dipaxis_s0.2,89969c7a,4947,299478.934496591,7.780583797645219,1
R_dipaxis_s0.1,c9578d27,4487,522383.41203011706,10.789880979059,1
R_dipaxis_s0.15,c9578d27,4487,559298.4450353773,11.164615506617475,1
R_dipaxis_s0.2,c9578d27,4487,605579.2096341038,11.617359896068526,1
R_dipaxis_s0.1,b37fd114,8161,4648890.550170601,23.867282406789233,1
R_dipaxis_s0.15,b37fd114,8161,4451783.238426887,23.355830567981638,1
R_dipaxis_s0.2,b37fd114,8161,4270962.821630491,22.87658567165264,1
R_dipaxis_s0.1,2e63d9de,4699,543914.5654554307,10.75876996634106,1
R_dipaxis_s0.15,2e63d9de,4699,411418.1924418472,9.357051577537453,1
R_dipaxis_s0.2,2e63d9de,4699,306451.6647673957,8.075664535268142,1
R_dipaxis_s0.1,4fbe9c06,6287,923005.4001285085,12.116589393409054,1
R_dipaxis_s0.15,4fbe9c06,6287,879489.9264203538,11.82752036642461,1
R_dipaxis_s0.2,4fbe9c06,6287,837338.8372639448,11.540613254796911,1
R_dipaxis_s0.1,5397ceb1,5255,355074.9980309252,8.220035373845667,1
R_dipaxis_s0.15,5397ceb1,5255,312767.7237499568,7.714798804856864,1
R_dipaxis_s0.2,5397ceb1,5255,273803.92677137424,7.218275869047241,1
R_dipaxis_s0.1,9dfff011,4319,126189.06918054682,5.4052933241849646,1
R_dipaxis_s0.15,9dfff011,4319,176043.12744470008,6.38436834522899,1
R_dipaxis_s0.2,9dfff011,4319,250878.50032477037,7.621494146943805,1
R_dipaxis_s0.1,9d5e14d4,5400,3329171.8862755327,24.82968610903583,1
R_dipaxis_s0.15,9d5e14d4,5400,2850306.769414471,22.97465096423895,1
R_dipaxis_s0.2,9d5e14d4,5400,2408955.4919541674,21.121147432855096,1
R_dipaxis_s0.1,2b034622,5203,198418.02967360034,6.175379523323446,1
R_dipaxis_s0.15,2b034622,5203,178988.07087468862,5.8652311264412065,1
R_dipaxis_s0.2,2b034622,5203,160793.6826186263,5.559139573023475,1
R_dipaxis_s0.1,7a5660b0,4998,1311620.0612802182,16.199659991789442,1
R_dipaxis_s0.15,7a5660b0,4998,1546321.332322381,17.58942925944857,1
R_dipaxis_s0.2,7a5660b0,4998,1801819.9050992548,18.9870530702784,1
R_dipaxis_s0.1,15e154a1,6068,3430942.972899256,23.77847310642095,1
R_dipaxis_s0.15,15e154a1,6068,3519967.8013588507,24.084994936832757,1
R_dipaxis_s0.2,15e154a1,6068,3615862.0372917345,24.410863361382315,1
R_dipaxis_s0.1,85380836,6618,874497.0870988409,11.495180688969274,1
R_dipaxis_s0.15,85380836,6618,685796.5805710424,10.179683520061278,1
R_dipaxis_s0.2,85380836,6618,522474.47219181794,8.885239866623238,1
R_dipaxis_s0.1,521a7819,5200,2705956.906255331,22.81175854961702,1
R_dipaxis_s0.15,521a7819,5200,2412972.6715462874,21.5414299912191,1
R_dipaxis_s0.2,521a7819,5200,2137601.6174128274,20.27503968227563,1
R_dipaxis_s0.1,e2fc7745,3692,619886.6125482878,12.957621279679266,1
R_dipaxis_s0.15,e2fc7745,3692,603232.3252671727,12.782372126472623,1
R_dipaxis_s0.2,e2fc7745,3692,587896.1166158828,12.618840458272869,1
R_dipaxis_s0.1,73348914,4221,255601.50889890577,7.7816918775035715,1
R_dipaxis_s0.15,73348914,4221,177211.4095964069,6.47945031458329,1
R_dipaxis_s0.2,73348914,4221,122199.2354259367,5.38054872026439,1
R_dipaxis_s0.1,f6824bb0,5015,1704627.803322132,18.43653555131824,1
R_dipaxis_s0.15,f6824bb0,5015,1490391.3303108877,17.239103977421347,1
R_dipaxis_s0.2,f6824bb0,5015,1290955.9651181358,16.044280482931676,1
R_dipaxis_s0.1,b19b0395,5813,193745.80601589155,5.773191899882271,1
R_dipaxis_s0.15,b19b0395,5813,136142.12608583964,4.839451065334691,1
R_dipaxis_s0.2,b19b0395,5813,171077.80259710093,5.424961622068115,1
R_dipaxis_s0.1,aaaf3c03,2997,766172.9640937899,15.988953520037803,1
R_dipaxis_s0.15,aaaf3c03,2997,813606.441125417,16.476456556628555,1
R_dipaxis_s0.2,aaaf3c03,2997,864437.9559135285,16.98335713939484,1
R_dipaxis_s0.1,125be846,6510,1836911.3503606685,16.797846354354355,1
R_dipaxis_s0.15,125be846,6510,1662162.7324203018,15.978877822616093,1
R_dipaxis_s0.2,125be846,6510,1496594.6053994684,15.1621780907165,1
R_dipaxis_s0.1,2d35f86d,4896,680474.6857226487,11.789225702823305,1
R_dipaxis_s0.15,2d35f86d,4896,731635.0612868124,12.224371795135534,1
R_dipaxis_s0.2,2d35f86d,4896,795388.0692195343,12.74585083407075,1
R_dipaxis_s0.1,54753541,4026,1027578.842255058,15.976097103251567,1
R_dipaxis_s0.15,54753541,4026,1016914.261978207,15.892978059793975,1
R_dipaxis_s0.2,54753541,4026,1009799.277865103,15.837281735301492,1
R_dipaxis_s0.1,9b5b61c1,5532,166997.79117080232,5.49432414638276,1
R_dipaxis_s0.15,9b5b61c1,5532,177770.99349913822,5.6687768841985,1
R_dipaxis_s0.2,9b5b61c1,5532,194430.1996560981,5.928444729894935,1
R_dipaxis_s0.1,1131525f,4159,1001435.982957587,15.517334991894778,1
R_dipaxis_s0.15,1131525f,4159,1058312.4261957111,15.95190253747089,1
R_dipaxis_s0.2,1131525f,4159,1117652.5104400427,16.393018869937386,1
R_dipaxis_s0.1,45fb3e21,3649,1991702.8039485074,23.362823913860776,1
R_dipaxis_s0.15,45fb3e21,3649,1841674.6118120733,22.465677434606768,1
R_dipaxis_s0.2,45fb3e21,3649,1697674.1857018399,21.569508090879108,1
R_dipaxis_s0.1,177622d7,3154,320242.658488,10.07647766751326,1
R_dipaxis_s0.15,177622d7,3154,329689.41888094123,10.22401928544063,1
R_dipaxis_s0.2,177622d7,3154,339663.7242065014,10.377523823127955,1
R_dipaxis_s0.1,8bda1a11,5981,801144.2113551879,11.573599463444468,1
R_dipaxis_s0.15,8bda1a11,5981,715654.8573644038,10.938679818054524,1
R_dipaxis_s0.2,8bda1a11,5981,635865.7124280452,10.31088166097636,1
R_dipaxis_s0.1,516088b7,6645,232173.2519149825,5.910967881528445,1
R_dipaxis_s0.15,516088b7,6645,224504.27638302,5.812524765619805,1
R_dipaxis_s0.2,516088b7,6645,224254.6467247545,5.80929235027372,1
R_dipaxis_s0.1,65156b96,3221,99693.89838435368,5.5633825884644885,1
R_dipaxis_s0.15,65156b96,3221,131497.47110691317,6.389447969952535,1
R_dipaxis_s0.2,65156b96,3221,190919.7114163949,7.69892381743858,1
R_dipaxis_s0.1,96b7eea1,4332,744340.3956794051,13.108155071603736,1
R_dipaxis_s0.15,96b7eea1,4332,788765.8013929254,13.493661531323239,1
R_dipaxis_s0.2,96b7eea1,4332,836905.2477556599,13.899331774092996,1
R_dipaxis_s0.1,2d179ded,7008,622942.8546681936,9.428162468204189,1
R_dipaxis_s0.15,2d179ded,7008,791447.36908836,10.627080571798796,1
R_dipaxis_s0.2,2d179ded,7008,1004937.7115658943,11.974917371605416,1
R_dipaxis_s0.1,f140c2fa,4082,617336.2664412041,12.297714187539633,1
R_dipaxis_s0.15,f140c2fa,4082,567614.1289158332,11.792071354056734,1
R_dipaxis_s0.2,f140c2fa,4082,520239.59732648736,11.289252902393095,1
R_dipaxis_s0.1,2e29e833,5428,122749.41534584013,4.755430037226244,1
R_dipaxis_s0.15,2e29e833,5428,159515.43768454215,5.42102537847925,1
R_dipaxis_s0.2,2e29e833,5428,213449.41353376285,6.270866618966404,1
R_dipaxis_s0.1,2ab29395,1852,6904.191197614491,1.9307938806384963,1
R_dipaxis_s0.15,2ab29395,1852,6171.560019277564,1.825479613784897,1
R_dipaxis_s0.2,2ab29395,1852,6383.3131895112465,1.8565326243471327,1
R_dipaxis_s0.1,1295a25b,5551,529172.2995751856,9.76366651695427,1
R_dipaxis_s0.15,1295a25b,5551,537001.670861652,9.835630495776156,1
R_dipaxis_s0.2,1295a25b,5551,548361.3351806928,9.93911690691552,1
R_dipaxis_s0.1,d60430e6,2511,112128.98726958978,6.682448085336522,1
R_dipaxis_s0.15,d60430e6,2511,93728.91758005413,6.1096093814684655,1
R_dipaxis_s0.2,d60430e6,2511,77252.96470762421,5.546694176837918,1
R_dipaxis_s0.1,3df4b19e,4988,313665.1144793078,7.929939745189187,1
R_dipaxis_s0.15,3df4b19e,4988,286894.78551618755,7.583996169447422,1
R_dipaxis_s0.2,3df4b19e,4988,262775.1691178944,7.258200145354144,1
R_dipaxis_s0.1,14ad5efb,5842,195424.15418986246,5.783734440572022,1
R_dipaxis_s0.15,14ad5efb,5842,319563.2455017123,7.396012479667879,1
R_dipaxis_s0.2,14ad5efb,5842,538573.3125581737,9.601556423369201,1
R_dipaxis_s0.1,b4d8dd4f,4259,1044412.5216017351,15.659655906322541,1
R_dipaxis_s0.15,b4d8dd4f,4259,950949.7309830745,14.942558333102534,1
R_dipaxis_s0.2,b4d8dd4f,4259,862088.869451393,14.227290489010814,1
R_dipaxis_s0.1,6a0ff78e,6465,682993.0965976056,10.278361600200252,1
R_dipaxis_s0.15,6a0ff78e,6465,621608.8700648102,9.805603698522019,1
R_dipaxis_s0.2,6a0ff78e,6465,569290.4239109484,9.383884953221946,1
R_dipaxis_s0.1,be063506,4500,236282.7039013397,7.246189863206114,1
R_dipaxis_s0.15,be063506,4500,169213.2741599539,6.132124412740097,1
R_dipaxis_s0.2,be063506,4500,119394.52815721335,5.15093364044516,1
R_dipaxis_s0.1,87aa3730,5607,431244.0023652792,8.769932606230856,1
R_dipaxis_s0.15,87aa3730,5607,424878.590290928,8.704967332927307,1
R_dipaxis_s0.2,87aa3730,5607,425854.6881785856,8.714960806255647,1
R_dipaxis_s0.1,75c20ec7,5361,566761.2644500716,10.281989988403629,1
R_dipaxis_s0.15,75c20ec7,5361,525807.7803245198,9.903543201282078,1
R_dipaxis_s0.2,75c20ec7,5361,487005.1198318943,9.531118296040587,1
R_dipaxis_s0.1,367456ce,5569,590797.3852854068,10.299844624899654,1
R_dipaxis_s0.15,367456ce,5569,470444.16189924,9.191056434782988,1
R_dipaxis_s0.2,367456ce,5569,368682.19599383057,8.13649709783845,1
R_dipaxis_s0.1,b0f53bf4,2755,196770.02137627464,8.451205551440278,1
R_dipaxis_s0.15,b0f53bf4,2755,179089.54977580043,8.062585269337367,1
R_dipaxis_s0.2,b0f53bf4,2755,162290.08464959357,7.675120307991219,1
R_dipaxis_s0.1,ef8e3ed0,5224,1146267.252055018,14.812943230392325,1
R_dipaxis_s0.15,ef8e3ed0,5224,1162030.9394697007,14.914450654867126,1
R_dipaxis_s0.2,ef8e3ed0,5224,1179183.618175853,15.024123138052124,1
R_dipaxis_s0.1,d6dd7330,6193,592489.3869227782,9.781146138570637,1
R_dipaxis_s0.15,d6dd7330,6193,499239.73669368983,8.978505080397085,1
R_dipaxis_s0.2,d6dd7330,6193,434878.4234376516,8.379794921832143,1
R_dipaxis_s0.1,69e41fa6,5772,88650.19677366028,3.9190128795014942,1
R_dipaxis_s0.15,69e41fa6,5772,62651.2847958428,3.2945934415684297,1
R_dipaxis_s0.2,69e41fa6,5772,55878.166274914896,3.1114147888108707,1
R_dipaxis_s0.1,bd6f0e19,5140,531151.4573693638,10.165473890103797,1
R_dipaxis_s0.15,bd6f0e19,5140,535406.4049610879,10.206109455903977,1
R_dipaxis_s0.2,bd6f0e19,5140,540853.3502574983,10.257893897366555,1
R_dipaxis_s0.1,512943b2,5029,70258.16302183042,3.737726997300533,1
R_dipaxis_s0.15,512943b2,5029,67512.54894196201,3.6639659983055677,1
R_dipaxis_s0.2,512943b2,5029,66782.56030157549,3.6441035951853684,1
R_dipaxis_s0.1,389ae58f,6463,16879906.484888542,51.105535130846064,1
R_dipaxis_s0.15,389ae58f,6463,17329734.648453455,51.78200692754324,1
R_dipaxis_s0.2,389ae58f,6463,17787719.89466562,52.46178496816859,1
R_dipaxis_s0.1,d41beaf2,4753,905930.9961782774,13.805865956742567,1
R_dipaxis_s0.15,d41beaf2,4753,750287.4458876125,12.564058003745597,1
R_dipaxis_s0.2,d41beaf2,4753,611681.7522437661,11.344330100307163,1
R_dipaxis_s0.1,2f8e53c3,2594,17604.76747263405,2.605134562386283,1
R_dipaxis_s0.15,2f8e53c3,2594,13937.22885620784,2.3179455497052883,1
R_dipaxis_s0.2,2f8e53c3,2594,11333.03743795012,2.090201599986289,1
R_dipaxis_s0.1,e6c55748,4472,407868.4229819046,9.550126943563203,1
R_dipaxis_s0.15,e6c55748,4472,418388.6482325009,9.67250691569157,1
R_dipaxis_s0.2,e6c55748,4472,431600.3636228603,9.824037317620084,1
R_dipaxis_s0.1,3a0af893,2927,1079170.7870885872,19.20143688294869,1
R_dipaxis_s0.15,3a0af893,2927,1108515.3497581433,19.460746451835774,1
R_dipaxis_s0.2,3a0af893,2927,1138506.8998778933,19.722250574080807,1
R_dipaxis_s0.1,e7c36e81,3531,174050.70501671935,7.020839332884754,1
R_dipaxis_s0.15,e7c36e81,3531,166236.73035673238,6.861429973761252,1
R_dipaxis_s0.2,e7c36e81,3531,158778.28381783905,6.7057397272541115,1
R_dipaxis_s0.1,29b24409,5587,933431.2454945481,12.9256333186334,1
R_dipaxis_s0.15,29b24409,5587,874983.0226398513,12.51441283017122,1
R_dipaxis_s0.2,29b24409,5587,818872.4047504402,12.106504905449546,1
R_dipaxis_s0.1,00e12e8b,4301,232001.57188073263,7.344474755568669,1
R_dipaxis_s0.15,00e12e8b,4301,216159.73386788744,7.089288937516408,1
R_dipaxis_s0.2,00e12e8b,4301,202455.80378623746,6.86088901941779,1
R_dipaxis_s0.1,bb2cdd83,3825,33849.47481194267,2.9748169521076595,1
R_dipaxis_s0.15,bb2cdd83,3825,34599.58420360062,3.0075975344194434,1
R_dipaxis_s0.2,bb2cdd83,3825,36177.21321905211,3.0754015931629657,1
R_dipaxis_s0.1,1285a37b,5597,175820.30131787108,5.604757883943082,1
R_dipaxis_s0.15,1285a37b,5597,177884.91906013107,5.637569537597817,1
R_dipaxis_s0.2,1285a37b,5597,180168.10512459045,5.6736338111109905,1
R_dipaxis_s0.1,109d9d70,4215,494412.87801209925,10.830439923988187,1
R_dipaxis_s0.15,109d9d70,4215,569318.697316077,11.621948161928245,1
R_dipaxis_s0.2,109d9d70,4215,652742.0216186664,12.444343678524982,1
R_dipaxis_s0.1,2fa01aa6,2174,698822.1371409695,17.92889637629252,1
R_dipaxis_s0.15,2fa01aa6,2174,666648.3891233775,17.511310435173815,1
R_dipaxis_s0.2,2fa01aa6,2174,635596.0611804049,17.0986108688174,1
R_dipaxis_s0.1,ba48188d,4166,9106609.233529124,46.75399411602733,1
R_dipaxis_s0.15,ba48188d,4166,8310285.228830848,44.663045361224015,1
R_dipaxis_s0.2,ba48188d,4166,7550574.698690747,42.57261932454196,1
R_dipaxis_s0.1,9e3e364d,4290,42197.30550844785,3.1362719509348906,1
R_dipaxis_s0.15,9e3e364d,4290,47423.480141082444,3.3248194349935143,1
R_dipaxis_s0.2,9e3e364d,4290,66074.26649265678,3.924528878905749,1
R_dipaxis_s0.1,3584a6eb,4494,601374.5981096934,11.567939425123342,1
R_dipaxis_s0.15,3584a6eb,4494,737383.4629104638,12.809440559517471,1
R_dipaxis_s0.2,3584a6eb,4494,887882.9770418566,14.05598647929291,1
R_dipaxis_s0.1,9314ff13,2748,77433.0874233823,5.308293455689047,1
R_dipaxis_s0.15,9314ff13,2748,81551.18183365623,5.4476194951217325,1
R_dipaxis_s0.2,9314ff13,2748,87275.35937632067,5.635564940970982,1
R_dipaxis_s0.1,fde20ecf,4667,1375726.7931883766,17.16908684239149,1
R_dipaxis_s0.15,fde20ecf,4667,1446678.154264852,17.60625798336323,1
R_dipaxis_s0.2,fde20ecf,4667,1520646.9519628866,18.050751915964863,1
R_dipaxis_s0.1,ee0300f7,4544,3411285.371926588,27.399325049863354,1
R_dipaxis_s0.15,ee0300f7,4544,3636790.1235270794,28.290456679885665,1
R_dipaxis_s0.2,ee0300f7,4544,3874426.1949190907,29.200113181241868,1
R_dipaxis_s0.1,89f36adf,5292,134940.48720739645,5.049649322283841,1
R_dipaxis_s0.15,89f36adf,5292,198032.61208401766,6.117281137214403,1
R_dipaxis_s0.2,89f36adf,5292,293578.1377425883,7.448210427726714,1
R_dipaxis_s0.1,6d6d93af,3595,3940239.015828059,33.1063907113521,1
R_dipaxis_s0.15,6d6d93af,3595,4063208.772749476,33.619025562371895,1
R_dipaxis_s0.2,6d6d93af,3595,4196868.206375861,34.16750119739447,1
R_dipaxis_s0.1,4c3168cf,4334,71397.62006326145,4.058797780614131,1
R_dipaxis_s0.15,4c3168cf,4334,65708.1783822745,3.8937248624719065,1
R_dipaxis_s0.2,4c3168cf,4334,60377.06442621711,3.7324288980573126,1
R_dipaxis_s0.1,26d3a96a,4721,412444.07724861905,9.346855647508695,1
R_dipaxis_s0.15,26d3a96a,4721,429231.66470836883,9.535179567103341,1
R_dipaxis_s0.2,26d3a96a,4721,449001.4077917198,9.752295476466513,1
R_dipaxis_s0.1,bd4ae5da,5006,554461.7001292222,10.524230551987674,1
R_dipaxis_s0.15,bd4ae5da,5006,390358.2840954495,8.830519980122727,1
R_dipaxis_s0.2,bd4ae5da,5006,261545.02522937715,7.228160863906255,1
R_dipaxis_s0.1,8902c3f6,4959,321186.80466529896,8.047885580953395,1
R_dipaxis_s0.15,8902c3f6,4959,297731.573099294,7.748459937130526,1
R_dipaxis_s0.2,8902c3f6,4959,280519.52533417987,7.521154213590744,1
R_dipaxis_s0.1,b977be4a,5917,2463616.161850473,20.404959523037643,1
R_dipaxis_s0.15,b977be4a,5917,2786308.8879651977,21.700205444577236,1
R_dipaxis_s0.2,b977be4a,5917,3183687.1921729147,23.19606999114558,1
R_dipaxis_s0.1,f40cd091,5166,366728.9269918766,8.425494180509922,1
R_dipaxis_s0.15,f40cd091,5166,405830.8993107269,8.86329806102278,1
R_dipaxis_s0.2,f40cd091,5166,451619.38074484706,9.349945610331277,1
R_dipaxis_s0.1,3a7dd95d,3072,488853.9037860776,12.614758425697145,1
R_dipaxis_s0.15,3a7dd95d,3072,476394.13743672223,12.452960154658665,1
R_dipaxis_s0.2,3a7dd95d,3072,466009.25582576403,12.316481693139856,1
R_dipaxis_s0.1,c96c018a,6236,798963.3788757802,11.319060559768447,1
R_dipaxis_s0.15,c96c018a,6236,696807.3989099024,10.570689677659157,1
R_dipaxis_s0.2,c96c018a,6236,603993.2624415542,9.841538454935133,1
R_dipaxis_s0.1,67a8da4a,4911,899182.736023944,13.531284113886139,1
R_dipaxis_s0.15,67a8da4a,4911,837471.3578341581,13.058702088298913,1
R_dipaxis_s0.2,67a8da4a,4911,778449.9877765351,12.590135118265371,1
R_dipaxis_s0.1,f321a31c,5141,876400.6302237879,13.056523016271175,1
R_dipaxis_s0.15,f321a31c,5141,951478.8166232905,13.604286203868446,1
R_dipaxis_s0.2,f321a31c,5141,1054695.6596811942,14.323190807899918,1
R_dipaxis_s0.1,b585b4fa,4294,353764.6512171241,9.076662715940717,1
R_dipaxis_s0.15,b585b4fa,4294,326476.43041522667,8.719566549127535,1
R_dipaxis_s0.2,b585b4fa,4294,305459.31780637294,8.434234441901243,1
R_dipaxis_s0.1,7acda2df,3091,702037.2751930843,15.070601401108654,1
R_dipaxis_s0.15,7acda2df,3091,764310.4952534791,15.724810087823535,1
R_dipaxis_s0.2,7acda2df,3091,831477.6016564531,16.401205675438636,1
R_dipaxis_s0.1,7987f2f2,3705,540849.9883088917,12.08215230833729,1
R_dipaxis_s0.15,7987f2f2,3705,569452.9521647658,12.397520018478444,1
R_dipaxis_s0.2,7987f2f2,3705,615585.5604882473,12.889916557128263,1
R_dipaxis_s0.1,206b6193,6535,7659187.446036875,34.23485976251357,1
R_dipaxis_s0.15,206b6193,6535,7159250.082794523,33.098702597897145,1
R_dipaxis_s0.2,206b6193,6535,6676474.465278179,31.963240327816237,1
R_dipaxis_s0.1,656a067b,3051,579563.0671137088,13.78253954468441,1
R_dipaxis_s0.15,656a067b,3051,547500.595422523,13.395878322148334,1
R_dipaxis_s0.2,656a067b,3051,519654.52633265033,13.050773529526664,1
R_dipaxis_s0.1,e0079ed1,3471,154217.29813253842,6.665599845480426,1
R_dipaxis_s0.15,e0079ed1,3471,130007.67127976965,6.120081178148736,1
R_dipaxis_s0.2,e0079ed1,3471,113592.92084763914,5.720688844447059,1
R_dipaxis_s0.1,46d41ff6,7901,393363.8827818585,7.055961625044585,1
R_dipaxis_s0.15,46d41ff6,7901,397959.1406165712,7.097055659933477,1
R_dipaxis_s0.2,46d41ff6,7901,409238.6662804745,7.196930344884875,1
R_dipaxis_s0.1,8b5be31b,5672,730607.3976548042,11.349426627673315,1
R_dipaxis_s0.15,8b5be31b,5672,585723.4955689614,10.161977095297937,1
R_dipaxis_s0.2,8b5be31b,5672,494321.18370764685,9.33547671398578,1
R_dipaxis_s0.1,edf885a3,3117,422174.57038588496,11.637980734136727,1
R_dipaxis_s0.15,edf885a3,3117,399070.55552121106,11.315049068628769,1
R_dipaxis_s0.2,edf885a3,3117,376741.2249514713,10.993935169327209,1
R_dipaxis_s0.1,fd710aea,4217,107602.26103156299,5.051366713575729,1
R_dipaxis_s0.15,fd710aea,4217,73009.41070705076,4.160903282567317,1
R_dipaxis_s0.2,fd710aea,4217,52437.983655677934,3.5263157056193752,1
R_dipaxis_s0.1,41fb0192,2973,27672.48868558837,3.050890739428652,1
R_dipaxis_s0.15,41fb0192,2973,24171.905008428228,2.851398946666979,1
R_dipaxis_s0.2,41fb0192,2973,21656.82291797073,2.6989815645963926,1
R_dipaxis_s0.1,1b82b665,3806,134255.74385353818,5.93925600696976,1
R_dipaxis_s0.15,1b82b665,3806,136561.56731916819,5.990041817649151,1
R_dipaxis_s0.2,1b82b665,3806,142961.9008773748,6.128804455688136,1
R_dipaxis_s0.1,cda7eb37,5973,526707.6723347132,9.390496711248206,1
R_dipaxis_s0.15,cda7eb37,5973,577067.8095976098,9.829177256065663,1
R_dipaxis_s0.2,cda7eb37,5973,686233.0128908684,10.718636577499352,1
R_dipaxis_s0.1,99529c45,5840,2921790.6168998173,22.36753478778664,1
R_dipaxis_s0.15,99529c45,5840,3025554.68143454,22.761248466472345,1
R_dipaxis_s0.2,99529c45,5840,3139165.532859091,23.1846575275041,1
R_dipaxis_s0.1,d2f3b1ab,5581,1597990.043106952,16.92119472359588,1
R_dipaxis_s0.15,d2f3b1ab,5581,1561063.6694327164,16.724544445986233,1
R_dipaxis_s0.2,d2f3b1ab,5581,1527356.2026066554,16.54299563688324,1
R_dipaxis_s0.1,46a301e9,8226,628851.5174391224,8.743387049473608,1
R_dipaxis_s0.15,46a301e9,8226,499564.9546822865,7.7929453303762335,1
R_dipaxis_s0.2,46a301e9,8226,389231.0228744835,6.878747550758483,1
R_dipaxis_s0.1,5567d551,6889,634548.9447795709,9.597419337743194,1
R_dipaxis_s0.15,5567d551,6889,593305.9872121203,9.28028413187413,1
R_dipaxis_s0.2,5567d551,6889,556172.6014731962,8.98517836883685,1
R_dipaxis_s0.1,ea41324e,5025,106650.23436598554,4.606943372455543,1
R_dipaxis_s0.15,ea41324e,5025,96267.68207758559,4.376956439939911,1
R_dipaxis_s0.2,ea41324e,5025,90361.71097492303,4.240569542497894,1
R_dipaxis_s0.1,fc03f21f,4803,488872.96800575,10.08885124414848,1
R_dipaxis_s0.15,fc03f21f,4803,381477.86449652945,8.912065671428888,1
R_dipaxis_s0.2,fc03f21f,4803,306328.1890125746,7.9861449486901765,1
R_dipaxis_s0.1,2fd68f7b,4730,13677329.269840788,53.77371991460803,1
R_dipaxis_s0.15,2fd68f7b,4730,11966377.763119344,50.29800781851593,1
R_dipaxis_s0.2,2fd68f7b,4730,10372582.777270172,46.82878439644427,1
R_dipaxis_s0.1,653612bc,4605,97748.2126950459,4.607226837296285,1
R_dipaxis_s0.15,653612bc,4605,152846.0304876659,5.7611908846970685,1
R_dipaxis_s0.2,653612bc,4605,224414.82117702265,6.98089250672506,1
R_dipaxis_s0.1,c59b6c4a,5499,2960883.363206209,23.204317010317183,1
R_dipaxis_s0.15,c59b6c4a,5499,3258153.9169214377,24.341309504886958,1
R_dipaxis_s0.2,c59b6c4a,5499,3571351.9639446777,25.484403140131477,1
R_dipaxis_s0.1,f021b650,3739,88718.19626154631,4.871117651915575,1
R_dipaxis_s0.15,f021b650,3739,89579.25673494786,4.894699053794072,1
R_dipaxis_s0.2,f021b650,3739,117130.86830344096,5.597034047776677,1
R_dipaxis_s0.1,13f598d9,7306,1277894.1571335387,13.225363219704802,1
R_dipaxis_s0.15,13f598d9,7306,1102452.6714392758,12.284009486135691,1
R_dipaxis_s0.2,13f598d9,7306,944421.8746376215,11.369547616689092,1
R_dipaxis_s0.1,20096916,5133,320744.2932484567,7.904853705643668,1
R_dipaxis_s0.15,20096916,5133,231679.01237167252,6.718274033922026,1
R_dipaxis_s0.2,20096916,5133,163423.36282753403,5.64249833142477,1
R_dipaxis_s0.1,796dbd4c,6248,183538.19283457092,5.419917989882947,1
R_dipaxis_s0.15,796dbd4c,6248,211409.24429995348,5.816898375091189,1
R_dipaxis_s0.2,796dbd4c,6248,246025.44059740033,6.275083348475441,1
R_dipaxis_s0.1,811f52b3,4836,118820.27570623384,4.956808396976111,1
R_dipaxis_s0.15,811f52b3,4836,137456.56386410235,5.33137947300842,1
R_dipaxis_s0.2,811f52b3,4836,162995.0135251349,5.805558599695158,1
R_dipaxis_s0.1,1a518997,4606,535775.773829284,10.785233929492199,1
R_dipaxis_s0.15,1a518997,4606,537158.8235486535,10.799145440176847,1
R_dipaxis_s0.2,1a518997,4606,538652.3437378723,10.814148029240318,1
R_dipaxis_s0.1,264feceb,5665,380295.2829707966,8.193331227627308,1
R_dipaxis_s0.15,264feceb,5665,268293.1911072874,6.881844709322359,1
R_dipaxis_s0.2,264feceb,5665,177706.46191118093,5.600820484452351,1
R_dipaxis_s0.1,197f8a5a,6310,2997729.6552544637,21.796238553837554,1
R_dipaxis_s0.15,197f8a5a,6310,2632033.3955623815,20.42353989552462,1
R_dipaxis_s0.2,197f8a5a,6310,2297759.7463240614,19.082603598952325,1
R_dipaxis_s0.1,fba7683c,407,2503.1663159894156,2.4799769734156367,1
R_dipaxis_s0.15,fba7683c,407,2476.9414588020463,2.4669518134993798,1
R_dipaxis_s0.2,fba7683c,407,2484.6947248262763,2.4708097951479804,1
R_dipaxis_s0.1,ef04658e,4104,900246.3614545794,14.810748637669564,1
R_dipaxis_s0.15,ef04658e,4104,862061.8273616338,14.493241580177044,1
R_dipaxis_s0.2,ef04658e,4104,824801.1615218697,14.176563119857146,1
R_dipaxis_s0.1,aff4e561,6026,254015.5817344295,6.492554669451493,1
R_dipaxis_s0.15,aff4e561,6026,145621.69062799687,4.915848281418019,1
R_dipaxis_s0.2,aff4e561,6026,116842.92440579503,4.4033848656581265,1
R_dipaxis_s0.1,d085e611,6191,503993.41140918876,9.022606717761416,1
R_dipaxis_s0.15,d085e611,6191,459498.9123851086,8.615130132035674,1
R_dipaxis_s0.2,d085e611,6191,427180.5466752365,8.306638900686549,1
R_dipaxis_s0.1,9da441ba,5783,701425.8966705394,11.013219672354545,1
R_dipaxis_s0.15,9da441ba,5783,477818.705940703,9.089813605636575,1
R_dipaxis_s0.2,9da441ba,5783,341563.48400077975,7.6852698484888124,1
R_dipaxis_s0.1,e5864244,4469,2568456.277409388,23.973470631452496,1
R_dipaxis_s0.15,e5864244,4469,2275437.232787749,22.5645799185938,1
R_dipaxis_s0.2,e5864244,4469,2001339.992281834,21.16192932348768,1
R_dipaxis_s0.1,357c12f9,4079,127895.79127868963,5.599526108523094,1
R_dipaxis_s0.15,357c12f9,4079,128330.18333386263,5.60902731163418,1
R_dipaxis_s0.2,357c12f9,4079,129434.08446626141,5.633100186989513,1
R_dipaxis_s0.1,7256229b,5415,176036.47312270987,5.701670279369575,1
R_dipaxis_s0.15,7256229b,5415,170198.8178291113,5.60633492478356,1
R_dipaxis_s0.2,7256229b,5415,181501.60809888353,5.789499331663821,1
R_dipaxis_s0.1,c43812e2,5527,179770.86900365746,5.70315173837926,1
R_dipaxis_s0.15,c43812e2,5527,191838.89682269772,5.891469068415436,1
R_dipaxis_s0.2,c43812e2,5527,242738.4785532102,6.6271161219325885,1
R_dipaxis_s0.1,2cee0cba,5500,536926.9037822972,9.880438928254307,1
R_dipaxis_s0.15,2cee0cba,5500,498585.2499759995,9.521127224861557,1
R_dipaxis_s0.2,2cee0cba,5500,464239.7770380842,9.187340866036406,1
R_dipaxis_s0.1,4a035ec2,2588,806362.6622025518,17.651559014063093,1
R_dipaxis_s0.15,4a035ec2,2588,773586.9640804952,17.289101954669444,1
R_dipaxis_s0.2,4a035ec2,2588,741545.2259428834,16.927260806209116,1
R_dipaxis_s0.1,be83e781,3221,24095.872012367177,2.7351173311923485,1
R_dipaxis_s0.15,be83e781,3221,20761.28134812831,2.538818852075433,1
R_dipaxis_s0.2,be83e781,3221,17850.831336939795,2.3541485333925034,1
R_dipaxis_s0.1,0dd99dc5,7342,470813.84892170987,8.007877564920529,2
R_dipaxis_s0.15,0dd99dc5,7342,458750.43364670884,7.9046210364661285,2
R_dipaxis_s0.2,0dd99dc5,7342,447658.42734781525,7.808474425988762,2
R_dipaxis_s0.1,42c538a1,3279,2637337.720765938,28.360387783527646,2
R_dipaxis_s0.15,42c538a1,3279,2855438.596302846,29.509761832286028,2
R_dipaxis_s0.2,42c538a1,3279,3089466.8594757603,30.69524203099219,2
R_dipaxis_s0.1,ee288beb,4638,3222514.4988208152,26.359190443418992,2
R_dipaxis_s0.15,ee288beb,4638,3082641.5308658984,25.780785199099007,2
R_dipaxis_s0.2,ee288beb,4638,2946384.4818674265,25.204572582315866,2
R_dipaxis_s0.1,7d50373e,5122,469936.99444264174,9.57855573035253,2
R_dipaxis_s0.15,7d50373e,5122,283969.2254695896,7.445876891045719,2
R_dipaxis_s0.2,7d50373e,5122,165931.03513362445,5.691726513933638,2
R_dipaxis_s0.1,cad13e8f,4848,779425.5210812497,12.67961320317406,2
R_dipaxis_s0.15,cad13e8f,4848,544977.1043318231,10.602488813733455,2
R_dipaxis_s0.2,cad13e8f,4848,362671.0780223671,8.6491843939866,2
R_dipaxis_s0.1,ab112491,5185,3178493.401548089,24.75918111486926,2
R_dipaxis_s0.15,ab112491,5185,2758669.5388664375,23.06616845233809,2
R_dipaxis_s0.2,ab112491,5185,2374298.6459143236,21.398990801257643,2
R_dipaxis_s0.1,dc5fbe29,5203,259754.99551581178,7.0656975167627865,2
R_dipaxis_s0.15,dc5fbe29,5203,251922.04387058885,6.958348445065826,2
R_dipaxis_s0.2,dc5fbe29,5203,261073.46728995035,7.083606953158575,2
R_dipaxis_s0.1,a247e7cf,5674,71074.56591376929,3.539259791539366,2
R_dipaxis_s0.15,a247e7cf,5674,59169.462149705934,3.2292684166029226,2
R_dipaxis_s0.2,a247e7cf,5674,49017.73643834743,2.9392190951647232,2
R_dipaxis_s0.1,1590af81,3799,109758.1630450832,5.375065590179537,2
R_dipaxis_s0.15,1590af81,3799,108520.49048053302,5.344674083451068,2
R_dipaxis_s0.2,1590af81,3799,109031.06585791867,5.357232342118803,2
R_dipaxis_s0.1,c2717d4f,4721,436448.5817321657,9.6150056342785,2
R_dipaxis_s0.15,c2717d4f,4721,500660.01551594934,10.298037145813035,2
R_dipaxis_s0.2,c2717d4f,4721,574628.02954488,11.032562667190334,2
R_dipaxis_s0.1,9d4272e3,4030,1077231.4913049326,16.349406704201463,2
R_dipaxis_s0.15,9d4272e3,4030,987164.0938849093,15.65100218677225,2
R_dipaxis_s0.2,9d4272e3,4030,902082.3432499365,14.961342604144678,2
R_dipaxis_s0.1,122bd617,4570,559940.4910093828,11.069113404228164,2
R_dipaxis_s0.15,122bd617,4570,532326.8311574936,10.792724179763796,2
R_dipaxis_s0.2,122bd617,4570,507124.0243012166,10.534137735665137,2
R_dipaxis_s0.1,57796579,5890,1230625.8731469205,14.454576549203876,2
R_dipaxis_s0.15,57796579,5890,1386200.7766181224,15.341061873021417,2
R_dipaxis_s0.2,57796579,5890,1557613.8617211836,16.261936254660004,2
R_dipaxis_s0.1,cbe62450,6258,2399854.3049679683,19.582794155492632,2
R_dipaxis_s0.15,cbe62450,6258,2532988.713763023,20.118650582791453,2
R_dipaxis_s0.2,cbe62450,6258,2677148.7393654333,20.68323521932613,2
R_dipaxis_s0.1,877ed19c,3708,90158.17302033819,4.930973726688785,2
R_dipaxis_s0.15,877ed19c,3708,114161.59419468013,5.548686011073454,2
R_dipaxis_s0.2,877ed19c,3708,143516.5160451387,6.221299063718187,2
R_dipaxis_s0.1,543198e8,6503,2782003.118540871,20.68339991931175,2
R_dipaxis_s0.15,543198e8,6503,2994495.489291748,21.458776408005267,2
R_dipaxis_s0.2,543198e8,6503,3333606.690129584,22.641244910785996,2
R_dipaxis_s0.1,e97032ad,3530,427068.7758652659,10.999211610496603,2
R_dipaxis_s0.15,e97032ad,3530,390658.00714267907,10.519885488539172,2
R_dipaxis_s0.2,e97032ad,3530,355905.3437166213,10.041067848878678,2
R_dipaxis_s0.1,c47e0767,4356,1598448.221851229,19.156023046919508,2
R_dipaxis_s0.15,c47e0767,4356,1411613.4858680493,18.001718402492003,2
R_dipaxis_s0.2,c47e0767,4356,1237170.9639790151,16.85275564453133,2
R_dipaxis_s0.1,974802e7,5843,1029223.2230841906,13.272014433398855,2
R_dipaxis_s0.15,974802e7,5843,1012243.6982893582,13.16208216933159,2
R_dipaxis_s0.2,974802e7,5843,1012058.7678699057,13.160879800493472,2
R_dipaxis_s0.1,9def2eb2,6003,282170.47704407363,6.856012717716195,2
R_dipaxis_s0.15,9def2eb2,6003,266664.55091498024,6.664974184400418,2
R_dipaxis_s0.2,9def2eb2,6003,252046.34851847473,6.4797169218558786,2
R_dipaxis_s0.1,47222616,4406,416250.00954603346,9.719745236808407,2
R_dipaxis_s0.15,47222616,4406,310297.2985329472,8.392024650963839,2
R_dipaxis_s0.2,47222616,4406,232887.4065957963,7.270273618161253,2
R_dipaxis_s0.1,d00e7eb9,5704,281770.2024127934,7.02842109493995,2
R_dipaxis_s0.15,d00e7eb9,5704,248638.36840456259,6.602285724581956,2
R_dipaxis_s0.2,d00e7eb9,5704,218367.94275324128,6.187349991852428,2
R_dipaxis_s0.1,2b06ad65,4256,19434.045687003527,2.1368832755264178,2
R_dipaxis_s0.15,2b06ad65,4256,15033.509491396631,1.8794439499353144,2
R_dipaxis_s0.2,2b06ad65,4256,11921.681969716152,1.6736627734853278,2
R_dipaxis_s0.1,4f4ac5ce,5162,239271.44816660404,6.80826480226108,2
R_dipaxis_s0.15,4f4ac5ce,5162,197814.7585436112,6.190423271759022,2
R_dipaxis_s0.2,4f4ac5ce,5162,166093.38028308516,5.6724040940961995,2
R_dipaxis_s0.1,5cdd8dbc,4010,919493.6394204837,15.142660250315323,2
R_dipaxis_s0.15,5cdd8dbc,4010,800149.0423151951,14.125806686431847,2
R_dipaxis_s0.2,5cdd8dbc,4010,691640.0998328646,13.13311950332041,2
R_dipaxis_s0.1,347242c8,3595,21130.564612985476,2.424410205321642,2
R_dipaxis_s0.15,347242c8,3595,29593.691424591074,2.869129317202211,2
R_dipaxis_s0.2,347242c8,3595,42679.004106271444,3.4455431334347324,2
R_dipaxis_s0.1,ed6e6e54,6048,633307.4113658825,10.232962768013701,2
R_dipaxis_s0.15,ed6e6e54,6048,558641.0655201863,9.610822079562412,2
R_dipaxis_s0.2,ed6e6e54,6048,511077.77518873475,9.192583989007812,2
R_dipaxis_s0.1,b85f7b06,3803,10634.032958320568,1.6721908330229247,2
R_dipaxis_s0.15,b85f7b06,3803,16603.25545573661,2.089457116763022,2
R_dipaxis_s0.2,b85f7b06,3803,39162.3460653214,3.2090108663402206,2
R_dipaxis_s0.1,f6d009f4,6715,18696999.393137705,52.76706619876902,2
R_dipaxis_s0.15,f6d009f4,6715,20929562.524545524,55.82864236391028,2
R_dipaxis_s0.2,f6d009f4,6715,23370907.774645705,58.994942517874975,2
R_dipaxis_s0.1,8255c867,3589,1564526.3579718308,20.878760519704798,2
R_dipaxis_s0.15,8255c867,3589,1249969.9527704471,18.662209374208334,2
R_dipaxis_s0.2,8255c867,3589,974784.2430109024,16.480391373022588,2
R_dipaxis_s0.1,0a57a29c,5821,164089.2583703097,5.30934903212001,2
R_dipaxis_s0.15,0a57a29c,5821,123360.11252808811,4.603504571798313,2
R_dipaxis_s0.2,0a57a29c,5821,94578.21616762764,4.030851137740969,2
R_dipaxis_s0.1,3ac16ad0,5649,418718.9558980428,8.609452292270847,2
R_dipaxis_s0.15,3ac16ad0,5649,417291.0035270372,8.594759397458507,2
R_dipaxis_s0.2,3ac16ad0,5649,423839.1967093523,8.6619320309618,2
R_dipaxis_s0.1,ccedb12b,4401,437929.44177325844,9.975309689540474,2
R_dipaxis_s0.15,ccedb12b,4401,411664.9435394248,9.67155393859931,2
R_dipaxis_s0.2,ccedb12b,4401,387028.325191939,9.377686090293022,2
R_dipaxis_s0.1,5aa03df7,4871,219407.65012655253,6.711457096591065,2
R_dipaxis_s0.15,5aa03df7,4871,230577.35381580523,6.880171447661074,2
R_dipaxis_s0.2,5aa03df7,4871,246485.13322237474,7.113548553894405,2
R_dipaxis_s0.1,ab3ced07,4250,454415.27363903273,10.34027276507941,2
R_dipaxis_s0.15,ab3ced07,4250,484232.72873027646,10.674132875433862,2
R_dipaxis_s0.2,ab3ced07,4250,518444.6667026576,11.04477163189105,2
R_dipaxis_s0.1,fef8af96,3826,6073779.523169779,39.84345846207342,2
R_dipaxis_s0.15,fef8af96,3826,5380014.047780493,37.4989599011727,2
R_dipaxis_s0.2,fef8af96,3826,4730499.2334083505,35.1626020319037,2
R_dipaxis_s0.1,4cd1ac61,4489,1312699.785831008,17.100464389644607,2
R_dipaxis_s0.15,4cd1ac61,4489,1517561.310059643,18.38646842104039,2
R_dipaxis_s0.2,4cd1ac61,4489,1746737.3053304115,19.725998470730907,2
R_dipaxis_s0.1,cb34231f,5609,177769.23618543008,5.629704287655982,2
R_dipaxis_s0.15,cb34231f,5609,248917.55852418524,6.661699621551374,2
R_dipaxis_s0.2,cb34231f,5609,363143.5994602959,8.046304745034986,2
R_dipaxis_s0.1,f72b268f,6404,564423.2252514075,9.38807988451758,2
R_dipaxis_s0.15,f72b268f,6404,387871.3736799867,7.7824833910947095,2
R_dipaxis_s0.2,f72b268f,6404,262809.850143818,6.406121298505406,2
R_dipaxis_s0.1,e0f36d98,4976,1111507.12623099,14.945688964231547,2
R_dipaxis_s0.15,e0f36d98,4976,1171045.6288995992,15.340754602968676,2
R_dipaxis_s0.2,e0f36d98,4976,1236736.3059036462,15.765159510828243,2
R_dipaxis_s0.1,1d78281a,4949,614427.3475261263,11.142343472058668,2
R_dipaxis_s0.15,1d78281a,4949,574739.807518189,10.776479626373435,2
R_dipaxis_s0.2,1d78281a,4949,536658.347896233,10.413344058027144,2
R_dipaxis_s0.1,a7744f5b,4377,671068.7271594408,12.382126224612234,2
R_dipaxis_s0.15,a7744f5b,4377,634141.7222739155,12.036629441617292,2
R_dipaxis_s0.2,a7744f5b,4377,598711.1088115589,11.69554286155597,2
R_dipaxis_s0.1,1b6ba517,6597,505631.7267914339,8.754753374781123,2
R_dipaxis_s0.15,1b6ba517,6597,565420.4906492077,9.257900940496308,2
R_dipaxis_s0.2,1b6ba517,6597,630939.4947816683,9.779589257345794,2
R_dipaxis_s0.1,9df1b1f9,4701,749236.1280766877,12.624501254482004,2
R_dipaxis_s0.15,9df1b1f9,4701,754271.2990009311,12.666851108171352,2
R_dipaxis_s0.2,9df1b1f9,4701,761389.6369824765,12.726481635497322,2
R_dipaxis_s0.1,12f0cd90,5947,571842.0450994852,9.80593641384271,2
R_dipaxis_s0.15,12f0cd90,5947,894711.85235419,12.265708125588473,2
R_dipaxis_s0.2,12f0cd90,5947,1365776.131178869,15.154471316111202,2
R_dipaxis_s0.1,37344c2a,5197,1524596.1524023253,17.127779026872293,2
R_dipaxis_s0.15,37344c2a,5197,1942725.4670871256,19.334340300414873,2
R_dipaxis_s0.2,37344c2a,5197,2435050.724894377,21.6459996872835,2
R_dipaxis_s0.1,fa667be2,7296,504008.3140264291,8.31144312983926,2
R_dipaxis_s0.15,fa667be2,7296,477234.748718049,8.08767361250761,2
R_dipaxis_s0.2,fa667be2,7296,453029.74929524126,7.879904394701299,2
R_dipaxis_s0.1,96ae5806,9839,523329.04264774313,7.29309613327859,2
R_dipaxis_s0.15,96ae5806,9839,445150.2695528018,6.726324883843531,2
R_dipaxis_s0.2,96ae5806,9839,374622.78334536805,6.170517847942457,2
R_dipaxis_s0.1,5d7198fd,3368,363899.255364042,10.394522461294207,2
R_dipaxis_s0.15,5d7198fd,3368,289160.23032610904,9.265806779497023,2
R_dipaxis_s0.2,5d7198fd,3368,243873.4568081949,8.509346838205884,2
R_dipaxis_s0.1,ebe69318,4976,185602.9414430985,6.107342015623453,2
R_dipaxis_s0.15,ebe69318,4976,251777.7728486047,7.113257131540665,2
R_dipaxis_s0.2,ebe69318,4976,338821.5231767487,8.251735703324108,2
R_dipaxis_s0.1,5663b2b7,4972,1335322.6765627505,16.388060257976132,2
R_dipaxis_s0.15,5663b2b7,4972,1390289.8410675833,16.721957476318963,2
R_dipaxis_s0.2,5663b2b7,4972,1476272.152521403,17.23128453242678,2
R_dipaxis_s0.1,368131f9,4991,2042285.678317117,20.22853638539266,2
R_dipaxis_s0.15,368131f9,4991,1981242.2310584183,19.923929822575627,2
R_dipaxis_s0.2,368131f9,4991,1923764.4027882116,19.63279614802497,2
R_dipaxis_s0.1,1a730ac2,4605,1154344.1174578634,15.83262151065466,2
R_dipaxis_s0.15,1a730ac2,4605,1118306.0910333628,15.583518751705897,2
R_dipaxis_s0.2,1a730ac2,4605,1083821.4931399126,15.341367105176445,2
R_dipaxis_s0.1,925a7cd1,4517,62328.39442481058,3.7146502087414914,2
R_dipaxis_s0.15,925a7cd1,4517,49044.20965644155,3.2951017126905526,2
R_dipaxis_s0.2,925a7cd1,4517,38161.949900882246,2.906633222938583,2
R_dipaxis_s0.1,f8afa78a,6032,1199827.6989838807,14.103560811028473,2
R_dipaxis_s0.15,f8afa78a,6032,1150249.2513279116,13.809098047324524,2
R_dipaxis_s0.2,f8afa78a,6032,1103400.0244399318,13.524954980876524,2
R_dipaxis_s0.1,4463446c,3256,780904.764224414,15.486626990666453,2
R_dipaxis_s0.15,4463446c,3256,620647.5549141559,13.806396014875897,2
R_dipaxis_s0.2,4463446c,3256,479315.24812224094,12.133006337647156,2
R_dipaxis_s0.1,c1d046f4,5513,279179.2981515074,7.116191216258683,2
R_dipaxis_s0.15,c1d046f4,5513,258147.6869614776,6.8428988874875465,2
R_dipaxis_s0.2,c1d046f4,5513,238993.67032758924,6.584142220013939,2
R_dipaxis_s0.1,dd168de0,3304,56830.88037359704,4.147364181383851,2
R_dipaxis_s0.15,dd168de0,3304,87141.74034717992,5.135622527907056,2
R_dipaxis_s0.2,dd168de0,3304,128571.184045284,6.238092386609491,2
R_dipaxis_s0.1,c03fba65,3699,1336529.8239256884,19.008469988736678,2
R_dipaxis_s0.15,c03fba65,3699,1088796.063515097,17.15659523548803,2
R_dipaxis_s0.2,c03fba65,3699,867988.6018888381,15.318450779256938,2
R_dipaxis_s0.1,2c0c4a4e,4790,253688.37644871,7.277505257017011,2
R_dipaxis_s0.15,2c0c4a4e,4790,227769.5699034533,6.895727549356843,2
R_dipaxis_s0.2,2c0c4a4e,4790,203372.4219117781,6.515957959006833,2
R_dipaxis_s0.1,fb3848a1,5919,452062.2146867963,8.739265514399376,2
R_dipaxis_s0.15,fb3848a1,5919,392196.88743176276,8.140065534659986,2
R_dipaxis_s0.2,fb3848a1,5919,337416.406111098,7.550208200939206,2
R_dipaxis_s0.1,62a6f539,3693,208671.20763595868,7.516949124243374,2
R_dipaxis_s0.15,62a6f539,3693,200578.00126652262,7.3697371041418664,2
R_dipaxis_s0.2,62a6f539,3693,193678.57690547666,7.24187691017287,2
R_dipaxis_s0.1,63559d57,4069,44382.84573358992,3.30265894255381,2
R_dipaxis_s0.15,63559d57,4069,39136.74127164451,3.101333609544603,2
R_dipaxis_s0.2,63559d57,4069,62720.46152386696,3.9260947625482703,2
R_dipaxis_s0.1,4f3eb9e9,4697,4358528.245141682,30.46208686970857,2
R_dipaxis_s0.15,4f3eb9e9,4697,3993047.5523043172,29.15694119746451,2
R_dipaxis_s0.2,4f3eb9e9,4697,3644247.028428208,27.854388207152645,2
R_dipaxis_s0.1,460f859e,3336,1058134.142777267,17.809730307847715,2
R_dipaxis_s0.15,460f859e,3336,964333.010997753,17.00201895013123,2
R_dipaxis_s0.2,460f859e,3336,900623.4422728071,16.430795958722523,2
R_dipaxis_s0.1,28f4eda9,5266,350170.5888055678,8.154538844166906,2
R_dipaxis_s0.15,28f4eda9,5266,216498.12295803215,6.41189852095297,2
R_dipaxis_s0.2,28f4eda9,5266,136498.96391031277,5.091247971545801,2
R_dipaxis_s0.1,739a914f,5505,1190780.9485167963,14.707446497388066,2
R_dipaxis_s0.15,739a914f,5505,1295875.044395823,15.342739154354119,2
R_dipaxis_s0.2,739a914f,5505,1410519.472255282,16.00703451319138,2
R_dipaxis_s0.1,995ff498,4526,302432.3228194116,8.174417737745825,2
R_dipaxis_s0.15,995ff498,4526,296613.3228006913,8.095395149403581,2
R_dipaxis_s0.2,995ff498,4526,291133.8166630239,8.020271167119484,2
R_dipaxis_s0.1,698930d1,4741,470250.06039405335,9.959314623681529,2
R_dipaxis_s0.15,698930d1,4741,451416.77617540554,9.75784397937359,2
R_dipaxis_s0.2,698930d1,4741,433851.0682129926,9.56610972251302,2
R_dipaxis_s0.1,f16e25e3,4651,37256.44464960494,2.830267825528851,2
R_dipaxis_s0.15,f16e25e3,4651,39278.84461039679,2.906070744989948,2
R_dipaxis_s0.2,f16e25e3,4651,43858.00329518331,3.0707980642645185,2
R_dipaxis_s0.1,37d36812,4367,1510354.5746995804,18.59721284989219,2
R_dipaxis_s0.15,37d36812,4367,1258308.4940203708,16.974694550998425,2
R_dipaxis_s0.2,37d36812,4367,1030149.8367551991,15.35884660928894,2
R_dipaxis_s0.1,a5aa7973,4616,666455.9191782833,12.015803422342461,2
R_dipaxis_s0.15,a5aa7973,4616,556630.7000981432,10.981222156751205,2
R_dipaxis_s0.2,a5aa7973,4616,459938.32903850096,9.981984736970064,2
R_dipaxis_s0.1,8612b37f,5165,2053984.2803991814,19.941755850685777,2
R_dipaxis_s0.15,8612b37f,5165,2094918.2327633773,20.13948567864781,2
R_dipaxis_s0.2,8612b37f,5165,2141028.033937305,20.35991750572063,2
R_dipaxis_s0.1,94467f50,3035,149794.6661941125,7.0253639371537515,2
R_dipaxis_s0.15,94467f50,3035,134558.4363320241,6.658495615796132,2
R_dipaxis_s0.2,94467f50,3035,120709.21479717459,6.306535790184232,2
R_dipaxis_s0.1,14fee784,4910,1975664.6430068114,20.059304350851345,2
R_dipaxis_s0.15,14fee784,4910,1846060.9238771042,19.390199110982977,2
R_dipaxis_s0.2,14fee784,4910,1722416.442758683,18.729592792771314,2
R_dipaxis_s0.1,eabc711b,5348,946883.1012284876,13.30615210531409,2
R_dipaxis_s0.15,eabc711b,5348,1100564.9573546408,14.345382775819786,2
R_dipaxis_s0.2,eabc711b,5348,1285039.4395887353,15.501100399986418,2
R_dipaxis_s0.1,bd2c2f34,9823,437190.47468678415,6.671343054433059,2
R_dipaxis_s0.15,bd2c2f34,9823,665429.5047351881,8.230551839514577,2
R_dipaxis_s0.2,bd2c2f34,9823,1005124.2752536088,10.115510587159203,2
R_dipaxis_s0.1,d9d6d94d,4919,431476.85790146806,9.365702156584112,2
R_dipaxis_s0.15,d9d6d94d,4919,431964.21843759937,9.370990024699458,2
R_dipaxis_s0.2,d9d6d94d,4919,433392.23776400083,9.386466900758807,2
R_dipaxis_s0.1,dd64382d,3124,86069.2603322188,5.2489027062604565,2
R_dipaxis_s0.15,dd64382d,3124,104102.65793778242,5.772652255643938,2
R_dipaxis_s0.2,dd64382d,3124,124385.14340298493,6.309991046332531,2
R_dipaxis_s0.1,c42fe306,5095,532733.3873440835,10.225460222903575,2
R_dipaxis_s0.15,c42fe306,5095,482073.3989512619,9.727124837069262,2
R_dipaxis_s0.2,c42fe306,5095,436129.0275485298,9.251995276393743,2
R_dipaxis_s0.1,7ff89f8f,7337,1110089.470802287,12.300414091979487,2
R_dipaxis_s0.15,7ff89f8f,7337,992344.0689133975,11.629790185168533,2
R_dipaxis_s0.2,7ff89f8f,7337,916133.9888978507,11.17429772547722,2
R_dipaxis_s0.1,8478df29,4857,545386.296650407,10.596637043212002,2
R_dipaxis_s0.15,8478df29,4857,404967.69262577733,9.13116387551954,2
R_dipaxis_s0.2,8478df29,4857,308418.6161012183,7.968677306522492,2
R_dipaxis_s0.1,5eae34a8,4904,229880.19177473098,6.846609283552959,2
R_dipaxis_s0.15,5eae34a8,4904,219604.45008944045,6.691836747542386,2
R_dipaxis_s0.2,5eae34a8,4904,215304.98632237705,6.626005822910826,2
R_dipaxis_s0.1,5a1a8fd8,5260,591440.6348251565,10.603828805105094,2
R_dipaxis_s0.15,5a1a8fd8,5260,479954.92488277523,9.552286817186237,2
R_dipaxis_s0.2,5a1a8fd8,5260,400894.424370417,8.730158648753108,2
R_dipaxis_s0.1,940e709a,3348,139591.11093253497,6.457079851360858,2
R_dipaxis_s0.15,940e709a,3348,193142.04937078475,7.595313302354771,2
R_dipaxis_s0.2,940e709a,3348,260014.2589236897,8.812636518235378,2
R_dipaxis_s0.1,7bb17b96,3922,781403.7992509723,14.115100171206198,2
R_dipaxis_s0.15,7bb17b96,3922,629995.3974540939,12.67403475312942,2
R_dipaxis_s0.2,7bb17b96,3922,495401.66567561595,11.238929230978972,2
R_dipaxis_s0.1,e149204f,6097,114458.66120785402,4.3327759634283645,2
R_dipaxis_s0.15,e149204f,6097,112792.58801030136,4.301126178669799,2
R_dipaxis_s0.2,e149204f,6097,113866.17394509618,4.321547257395201,2
R_dipaxis_s0.1,22c5f93f,5172,307281.12699238164,7.707946389724321,2
R_dipaxis_s0.15,22c5f93f,5172,350281.0095388681,8.229605901291857,2
R_dipaxis_s0.2,22c5f93f,5172,406212.77091888874,8.862322060526962,2
R_dipaxis_s0.1,2e43c2ea,5698,263508.3764088825,6.800423979835756,2
R_dipaxis_s0.15,2e43c2ea,5698,237764.2443108813,6.459695550428539,2
R_dipaxis_s0.2,2e43c2ea,5698,213499.96481124387,6.1212156712253325,2
R_dipaxis_s0.1,44a94013,4903,2185256.1143798903,21.111555115824675,2
R_dipaxis_s0.15,44a94013,4903,1968863.8956724678,20.039039481454083,2
R_dipaxis_s0.2,44a94013,4903,1764209.321866855,18.968985721644295,2
R_dipaxis_s0.1,2b547943,3480,611961.1886576549,13.260879166968355,2
R_dipaxis_s0.15,2b547943,3480,661139.7618827869,13.783420845211218,2
R_dipaxis_s0.2,2b547943,3480,712946.7843387732,14.313272358709241,2
R_dipaxis_s0.1,d07aed8f,2957,200679.73030712723,8.238081650608086,2
R_dipaxis_s0.15,d07aed8f,2957,286489.0118494899,9.843018978301313,2
R_dipaxis_s0.2,d07aed8f,2957,391378.9548843807,11.504641031495568,2
R_dipaxis_s0.1,6ede926a,4938,198408.27934931515,6.338760640850207,2
R_dipaxis_s0.15,6ede926a,4938,160795.90960296462,5.706396643902919,2
R_dipaxis_s0.2,6ede926a,4938,129228.73587595791,5.115687478637874,2
R_dipaxis_s0.1,529e88ca,3417,1508077.9662998426,21.00822731585396,2
R_dipaxis_s0.15,529e88ca,3417,1993593.929167139,24.154378189240344,2
R_dipaxis_s0.2,529e88ca,3417,2565526.3165460364,27.400958034055858,2
R_dipaxis_s0.1,09441b8d,5488,1231930.5697972314,14.982561351196019,2
R_dipaxis_s0.15,09441b8d,5488,1154851.714203285,14.506280145743062,2
R_dipaxis_s0.2,09441b8d,5488,1080492.4762143334,14.031491005412551,2
R_dipaxis_s0.1,4121c517,3723,474328.2598167756,11.287375730321813,2
R_dipaxis_s0.15,4121c517,3723,481887.5550979364,11.376962778216612,2
R_dipaxis_s0.2,4121c517,3723,492694.6656276126,11.503828855270278,2
R_dipaxis_s0.1,58850d2c,4995,1872595.3362589781,19.362178627752836,2
R_dipaxis_s0.15,58850d2c,4995,2355983.612972616,21.717927870437105,2
R_dipaxis_s0.2,58850d2c,4995,2906481.581075698,24.1221515294459,2
R_dipaxis_s0.1,d273674e,3899,74675.26651797736,4.3763472338296365,2
R_dipaxis_s0.15,d273674e,3899,102224.15398395741,5.120355857727158,2
R_dipaxis_s0.2,d273674e,3899,138274.59415459787,5.955175690579378,2
R_dipaxis_s0.1,cbb406b5,6328,719643.1332460934,10.664128206836002,2
R_dipaxis_s0.15,cbb406b5,6328,673795.1533441219,10.318835904416233,2
R_dipaxis_s0.2,cbb406b5,6328,629943.7111254921,9.97740582096193,2
R_dipaxis_s0.1,c03d4aed,4641,545656.5966140574,10.843111427075025,2
R_dipaxis_s0.15,c03d4aed,4641,464717.3144872941,10.006648452339908,2
R_dipaxis_s0.2,c03d4aed,4641,392876.0834380313,9.200724181024913,2
R_dipaxis_s0.1,9283ae69,3371,181114.88328333054,7.32989399483214,2
R_dipaxis_s0.15,9283ae69,3371,233957.108022978,8.330839085255782,2
R_dipaxis_s0.2,9283ae69,3371,304478.1622612766,9.503830860594078,2
R_dipaxis_s0.1,999daf80,3564,70835.84906717617,4.4581810782138165,2
R_dipaxis_s0.15,999daf80,3564,62391.14862316024,4.184009316088537,2
R_dipaxis_s0.2,999daf80,3564,55867.18176074087,3.959219084337672,2
R_dipaxis_s0.1,3d96d897,5659,33587.64645837332,2.436239271503185,2
R_dipaxis_s0.15,3d96d897,5659,24826.616137852146,2.094541249556832,2
R_dipaxis_s0.2,3d96d897,5659,23602.24128419633,2.0422399894781815,2
R_dipaxis_s0.1,f8f59188,4807,236718.1727602759,7.017440497644512,2
R_dipaxis_s0.15,f8f59188,4807,241056.74726518884,7.081456389945649,2
R_dipaxis_s0.2,f8f59188,4807,246206.1445866299,7.156692916600752,2
R_dipaxis_s0.1,d5df0ff5,4032,826230.8841281229,14.31497027729059,2
R_dipaxis_s0.15,d5df0ff5,4032,713396.3466716225,13.30163966306774,2
R_dipaxis_s0.2,d5df0ff5,4032,609268.6366014438,12.292611309558996,2
R_dipaxis_s0.1,d40f61d5,4039,79606.06332368632,4.439521333615062,2
R_dipaxis_s0.15,d40f61d5,4039,79285.04832411236,4.430561007404686,2
R_dipaxis_s0.2,d40f61d5,4039,80124.124050258,4.453943676496018,2
R_dipaxis_s0.1,4654e7de,5373,133271.88678367215,4.980361335200405,2
R_dipaxis_s0.15,4654e7de,5373,136619.04047124827,5.04251495733679,2
R_dipaxis_s0.2,4654e7de,5373,147367.9144559856,5.237126310184849,2
R_dipaxis_s0.1,0390d174,4411,310491.522720595,8.389891504966487,2
R_dipaxis_s0.15,0390d174,4411,311157.4170835776,8.39888335956057,2
R_dipaxis_s0.2,0390d174,4411,315437.45111500996,8.456450255370866,2
R_dipaxis_s0.1,577eec7c,4539,1384713.605809651,17.46625869933556,2
R_dipaxis_s0.15,577eec7c,4539,1281199.622406072,16.80073608060024,2
R_dipaxis_s0.2,577eec7c,4539,1186151.4320302766,16.16553109825157,2
R_dipaxis_s0.1,5138a660,3559,140393.8728899439,6.280729410242268,2
R_dipaxis_s0.15,5138a660,3559,162131.8065126666,6.749476924206648,2
R_dipaxis_s0.2,5138a660,3559,187163.94485388638,7.251821424975775,2
R_dipaxis_s0.1,2d196986,6474,1321100.4745638086,14.285043813829297,2
R_dipaxis_s0.15,2d196986,6474,1547447.5576100743,15.460431909758524,2
R_dipaxis_s0.2,2d196986,6474,1794628.3425992131,16.64948918292679,2
R_dipaxis_s0.1,ab94878e,6004,441329.7149193496,8.573561017504785,2
R_dipaxis_s0.15,ab94878e,6004,624004.5503713957,10.194678550502081,2
R_dipaxis_s0.2,ab94878e,6004,855584.9431183494,11.937440632752256,2
R_dipaxis_s0.1,1e30dedf,4071,132572.32914879953,5.706579764052017,2
R_dipaxis_s0.15,1e30dedf,4071,119312.97425078336,5.413688770092989,2
R_dipaxis_s0.2,1e30dedf,4071,252920.50967116238,7.882091515554929,2
R_dipaxis_s0.1,d217e0c5,3838,78679.73828946103,4.527713811966208,2
R_dipaxis_s0.15,d217e0c5,3838,68314.79676070304,4.218955116163226,2
R_dipaxis_s0.2,d217e0c5,3838,59454.91844962169,3.935876010653876,2
R_dipaxis_s0.1,59f8b2e8,3747,213686.3639792074,7.551731809135505,2
R_dipaxis_s0.15,59f8b2e8,3747,301630.75791575597,8.972138440310014,2
R_dipaxis_s0.2,59f8b2e8,3747,425537.1269169429,10.65680163626701,2
R_dipaxis_s0.1,504c8b08,6367,3353624.426274093,22.950375054375463,2
R_dipaxis_s0.15,504c8b08,6367,3703365.1787818624,24.117419880587118,2
R_dipaxis_s0.2,504c8b08,6367,4073996.412403405,25.29547832861894,2
R_dipaxis_s0.1,a08d9e63,3685,1440259.3345543374,19.769769382212626,2
R_dipaxis_s0.15,a08d9e63,3685,1320542.5970003083,18.930298465689432,2
R_dipaxis_s0.2,a08d9e63,3685,1206750.8975255294,18.096311741625026,2
R_dipaxis_s0.1,1beca81d,5036,218771.78638804329,6.591022524359105,2
R_dipaxis_s0.15,1beca81d,5036,183062.60094200578,6.029162003813623,2
R_dipaxis_s0.2,1beca81d,5036,162255.15503591392,5.676183032609244,2
R_dipaxis_s0.1,eac10e86,6067,68797.50316313609,3.367435926315471,2
R_dipaxis_s0.15,eac10e86,6067,136804.61410245707,4.7485758034673164,2
R_dipaxis_s0.2,eac10e86,6067,291036.46408026345,6.9260672674340835,2
R_dipaxis_s0.1,efde6ac3,4559,497012.8354556572,10.441166137377845,2
R_dipaxis_s0.15,efde6ac3,4559,510191.09619887214,10.578683929194781,2
R_dipaxis_s0.2,efde6ac3,4559,524663.696119045,10.727677549715507,2
R_dipaxis_s0.1,9896fc0b,3595,850468.8456791708,15.380829475319766,2
R_dipaxis_s0.15,9896fc0b,3595,827843.8560827405,15.174862605622186,2
R_dipaxis_s0.2,9896fc0b,3595,806357.3007622821,14.976637353394764,2
R_dipaxis_s0.1,24d8997e,3442,85010.20642967694,4.969699192196363,2
R_dipaxis_s0.15,24d8997e,3442,76580.66257683918,4.7168723873132805,2
R_dipaxis_s0.2,24d8997e,3442,70684.46707888712,4.531652098034416,2
R_dipaxis_s0.1,9d072e4c,5107,545481.5878659575,10.334919997096204,2
R_dipaxis_s0.15,9d072e4c,5107,567299.1159253705,10.539575626243876,2
R_dipaxis_s0.2,9d072e4c,5107,591754.8736357114,10.764354523216447,2
R_dipaxis_s0.1,c03b9305,4255,368691.40123158845,9.308543278234811,2
R_dipaxis_s0.15,c03b9305,4255,477176.9919561444,10.589853822645184,2
R_dipaxis_s0.2,c03b9305,4255,606932.5212865459,11.943192223621583,2
R_dipaxis_s0.1,722cf0d8,5143,553742.0471158747,10.376370941199387,2
R_dipaxis_s0.15,722cf0d8,5143,518574.31606834766,10.041468713656753,2
R_dipaxis_s0.2,722cf0d8,5143,487643.7621505118,9.737401430205667,2
R_dipaxis_s0.1,25050f63,6124,6174452.337604579,31.75277092473233,2
R_dipaxis_s0.15,25050f63,6124,5023331.411610889,28.640350246613178,2
R_dipaxis_s0.2,25050f63,6124,3993804.771153345,25.537349765445033,2
R_dipaxis_s0.1,d90aa14c,10018,959423.9404166151,9.786215204419557,2
R_dipaxis_s0.15,d90aa14c,10018,785994.6819660094,8.857665796278134,2
R_dipaxis_s0.2,d90aa14c,10018,657549.4623761025,8.10165415193802,2
R_dipaxis_s0.1,dafc88c3,5572,686747.030328794,11.101785734985457,2
R_dipaxis_s0.15,dafc88c3,5572,1012670.5503310084,13.481199521836354,2
R_dipaxis_s0.2,dafc88c3,5572,1414808.5155584107,15.934677515276768,2
R_dipaxis_s0.1,d1457cc5,6920,433518.7937315567,7.914999970163083,2
R_dipaxis_s0.15,d1457cc5,6920,522384.4740867363,8.688445537073042,2
R_dipaxis_s0.2,d1457cc5,6920,677916.5387681872,9.897717804679395,2
R_dipaxis_s0.1,08fecf00,5574,129906.8519281531,4.827614100033618,2
R_dipaxis_s0.15,08fecf00,5574,152818.812471177,5.236063780800299,2
R_dipaxis_s0.2,08fecf00,5574,189797.53356683534,5.835281343199666,2
R_dipaxis_s0.1,d7ba4f9d,6023,477795.05968839,8.906650194112855,2
R_dipaxis_s0.15,d7ba4f9d,6023,756706.3880670774,11.208752213966646,2
R_dipaxis_s0.2,d7ba4f9d,6023,1114474.421602087,13.60280965890204,2
R_dipaxis_s0.1,5aa403d0,3118,2298581.321675075,27.151378325764586,2
R_dipaxis_s0.15,5aa403d0,3118,2428460.0858617886,27.907917436318836,2
R_dipaxis_s0.2,5aa403d0,3118,2564371.2629146646,28.678233420736944,2
R_dipaxis_s0.1,0dc5e64d,4879,1148547.7419446239,15.342958738587267,2
R_dipaxis_s0.15,0dc5e64d,4879,994927.8008717338,14.280071242607304,2
R_dipaxis_s0.2,0dc5e64d,4879,883493.976502061,13.456632357199,2
R_dipaxis_s0.1,940a48d9,3963,278445.99957136676,8.382208420782014,2
R_dipaxis_s0.15,940a48d9,3963,228131.69008369185,7.587186731193084,2
R_dipaxis_s0.2,940a48d9,3963,185236.35584710396,6.8367717052539705,2
R_dipaxis_s0.1,3932faa6,5452,904559.6880620263,12.880736355125881,2
R_dipaxis_s0.15,3932faa6,5452,920018.5667817597,12.990335639466805,2
R_dipaxis_s0.2,3932faa6,5452,958902.561193971,13.262008921345789,2
R_dipaxis_s0.1,c84c65be,8496,813794.3317780016,9.787011044769631,2
R_dipaxis_s0.15,c84c65be,8496,823235.4753920671,9.843618791264175,2
R_dipaxis_s0.2,c84c65be,8496,836282.0593561714,9.921312704531271,2
R_dipaxis_s0.1,86454a6f,7964,35456267.294921435,66.72381671179964,2
R_dipaxis_s0.15,86454a6f,7964,33601686.9988244,64.95534822117772,2
R_dipaxis_s0.2,86454a6f,7964,31797902.863422103,63.1878550875507,2
R_dipaxis_s0.1,54a7e3c2,6155,645969.9048776499,10.244531777330893,2
R_dipaxis_s0.15,54a7e3c2,6155,597628.9391014082,9.853755477521721,2
R_dipaxis_s0.2,54a7e3c2,6155,551696.4235817697,9.46751617283129,2
R_dipaxis_s0.1,ae069086,4770,686863.8291476448,11.999858744343712,2
R_dipaxis_s0.15,ae069086,4770,572827.6723556228,10.958542730434722,2
R_dipaxis_s0.2,ae069086,4770,492065.13781969773,10.15668793531879,2
R_dipaxis_s0.1,06df5958,3509,28093.557909094634,2.8295129624650355,2
R_dipaxis_s0.15,06df5958,3509,26353.57455942755,2.7404891134976386,2
R_dipaxis_s0.2,06df5958,3509,25246.236040282936,2.6822955868724905,2
R_dipaxis_s0.1,992c99e8,4904,850799.6692016842,13.17159672468255,2
R_dipaxis_s0.15,992c99e8,4904,813097.5152344595,12.87644823285858,2
R_dipaxis_s0.2,992c99e8,4904,777022.56255516,12.587560881229301,2
R_dipaxis_s0.1,0955cd6c,5195,159946.55987220522,5.54874384022788,2
R_dipaxis_s0.15,0955cd6c,5195,106588.90149139686,4.5296350986932845,2
R_dipaxis_s0.2,0955cd6c,5195,75811.23556596317,3.820093664376927,2
R_dipaxis_s0.1,8d92cb49,3589,156885.16057799838,6.6115639672938915,2
R_dipaxis_s0.15,8d92cb49,3589,143352.91082194462,6.319992003116835,2
R_dipaxis_s0.2,8d92cb49,3589,131588.03010251126,6.055102003119657,2
R_dipaxis_s0.1,77e4821c,5393,2238809.8169011506,20.374801724635706,2
R_dipaxis_s0.15,77e4821c,5393,2371773.995714926,20.971111117994134,2
R_dipaxis_s0.2,77e4821c,5393,2511087.821604204,21.578226167597673,2
R_dipaxis_s0.1,7b2c7b3c,2584,96175.24618005696,6.1007804841267586,2
R_dipaxis_s0.15,7b2c7b3c,2584,96390.40052161373,6.107600722016124,2
R_dipaxis_s0.2,7b2c7b3c,2584,97509.65243085848,6.1429580499359915,2
R_dipaxis_s0.1,ab18d3fc,5694,1152142.4796154143,14.22474085806128,2
R_dipaxis_s0.15,ab18d3fc,5694,973038.3997654642,13.072427995041314,2
R_dipaxis_s0.2,ab18d3fc,5694,813364.0865104267,11.95181232250942,2
R_dipaxis_s0.1,84815d5a,3647,928260.8819107882,15.953910188987708,2
R_dipaxis_s0.15,84815d5a,3647,773074.7139259208,14.559379036883913,2
R_dipaxis_s0.2,84815d5a,3647,634510.822447575,13.190207733445016,2
R_dipaxis_s0.1,0498acab,4798,178400.0157114043,6.097717811410051,2
R_dipaxis_s0.15,0498acab,4798,189042.19200960489,6.276958399958974,2
R_dipaxis_s0.2,0498acab,4798,204814.40500281285,6.5335636637403125,2
R_dipaxis_s0.1,ea0b99b7,9239,1294046.9197507538,11.834843739090456,2
R_dipaxis_s0.15,ea0b99b7,9239,1262742.7698294604,11.690819672742007,2
R_dipaxis_s0.2,ea0b99b7,9239,1234578.738577018,11.559709312019827,2
R_dipaxis_s0.1,71642c7d,4648,485509.62484716147,10.220352202813826,2
R_dipaxis_s0.15,71642c7d,4648,412069.0087612355,9.41568491225546,2
R_dipaxis_s0.2,71642c7d,4648,347277.92783561826,8.643816348476113,2
R_dipaxis_s0.1,44441e54,4357,45793.211948465025,3.241953438149018,2
R_dipaxis_s0.15,44441e54,4357,43068.01458032802,3.144008023853849,2
R_dipaxis_s0.2,44441e54,4357,42811.54008394521,3.1346325980710854,2
R_dipaxis_s0.1,8f201368,6349,5153629.2107070945,28.490752564354494,2
R_dipaxis_s0.15,8f201368,6349,4680135.689611333,27.150420408107053,2
R_dipaxis_s0.2,8f201368,6349,4230519.677115854,25.813339668128062,2
R_dipaxis_s0.1,1550491d,4563,1318031.4315881594,16.99564492557289,2
R_dipaxis_s0.15,1550491d,4563,1018756.5182202979,14.942042448303768,2
R_dipaxis_s0.2,1550491d,4563,762102.9590445205,12.92354292203943,2
R_dipaxis_s0.1,f49fdea3,5391,1247312.0960125919,15.210829597545162,2
R_dipaxis_s0.15,f49fdea3,5391,1495169.8607515679,16.65369478914925,2
R_dipaxis_s0.2,f49fdea3,5391,1769081.6297456855,18.1150388793814,2
R_dipaxis_s0.1,9c8375f7,3674,149702.14342149693,6.383287912011851,2
R_dipaxis_s0.15,9c8375f7,3674,204443.0712315287,7.4596185844927865,2
R_dipaxis_s0.2,9c8375f7,3674,288656.1670744155,8.86381828857111,2
R_dipaxis_s0.1,43e16325,3720,5204370.350044638,37.40353309042353,3
R_dipaxis_s0.15,43e16325,3720,4107725.1013651034,33.22991389977287,3
R_dipaxis_s0.2,43e16325,3720,3143616.4070509747,29.06988431243637,3
R_dipaxis_s0.1,0849b4e2,5537,760061.6592382072,11.716210097848512,3
R_dipaxis_s0.15,0849b4e2,5537,592441.233095806,10.343925330356297,3
R_dipaxis_s0.2,0849b4e2,5537,451393.8774457272,9.029019070718485,3
R_dipaxis_s0.1,3690a146,4073,263904.65750237583,8.049452137921644,3
R_dipaxis_s0.15,3690a146,4073,301257.05717507604,8.600256609134403,3
R_dipaxis_s0.2,3690a146,4073,344565.4321621151,9.197687453701457,3
R_dipaxis_s0.1,a0e92ed6,4897,278420.8779694689,7.54025177081642,3
R_dipaxis_s0.15,a0e92ed6,4897,259412.0735894905,7.278301475529382,3
R_dipaxis_s0.2,a0e92ed6,4897,242406.06429970288,7.035689878070557,3
R_dipaxis_s0.1,a15bc102,3236,31218.40676344841,3.105997565789828,3
R_dipaxis_s0.15,a15bc102,3236,37265.454457694956,3.393508602593497,3
R_dipaxis_s0.2,a15bc102,3236,44111.806393621824,3.6920975306763664,3
R_dipaxis_s0.1,69c1bdad,2714,220889.3976818252,9.021578113542098,3
R_dipaxis_s0.15,69c1bdad,2714,204855.20239243473,8.687975291281282,3
R_dipaxis_s0.2,69c1bdad,2714,191207.9663828428,8.393596147917856,3
R_dipaxis_s0.1,f88ddb26,4990,8819949.824062772,42.04194351885078,3
R_dipaxis_s0.15,f88ddb26,4990,6978333.521851805,37.39603764616819,3
R_dipaxis_s0.2,f88ddb26,4990,5363977.374312477,32.78635944403835,3
R_dipaxis_s0.1,c1708b88,6315,2362795.2450574846,19.343112899328826,3
R_dipaxis_s0.15,c1708b88,6315,2528189.958421965,20.008667790863957,3
R_dipaxis_s0.2,c1708b88,6315,2721560.224676887,20.75975850502976,3
R_dipaxis_s0.1,71ccf778,2698,96861.6001799474,5.991766038442418,3
R_dipaxis_s0.15,71ccf778,2698,107942.49143040713,6.3252143311094695,3
R_dipaxis_s0.2,71ccf778,2698,120237.89685451736,6.675744596737786,3
R_dipaxis_s0.1,1a68190b,4474,1116805.7962573685,15.79940892451949,3
R_dipaxis_s0.15,1a68190b,4474,1073091.13429241,15.487107521897585,3
R_dipaxis_s0.2,1a68190b,4474,1030632.0888650151,15.17762576429809,3
R_dipaxis_s0.1,1aaf1da0,4804,578829.5664777098,10.976752044433972,3
R_dipaxis_s0.15,1aaf1da0,4804,674228.3743420817,11.846826097347046,3
R_dipaxis_s0.2,1aaf1da0,4804,778431.2632234318,12.729420570009257,3
R_dipaxis_s0.1,015fe0d2,4296,1996700.4132685284,21.558786793434795,3
R_dipaxis_s0.15,015fe0d2,4296,1852471.1277809376,20.765557133809327,3
R_dipaxis_s0.2,015fe0d2,4296,1714287.4282787354,19.976053100094777,3
R_dipaxis_s0.1,d4f60a28,4501,168751.36092448066,6.12306874684404,3
R_dipaxis_s0.15,d4f60a28,4501,169911.50518858107,6.144080357278765,3
R_dipaxis_s0.2,d4f60a28,4501,172953.94212058364,6.19884427311094,3
R_dipaxis_s0.1,060ab2b8,6258,276910.4713086005,6.651994937045105,3
R_dipaxis_s0.15,060ab2b8,6258,199236.81155027868,5.642440811475695,3
R_dipaxis_s0.2,060ab2b8,6258,148262.11675021017,4.867403148996661,3
R_dipaxis_s0.1,e85074c5,5675,1101430.0847777615,13.931424781285292,3
R_dipaxis_s0.15,e85074c5,5675,1355345.8564772862,15.454043603421018,3
R_dipaxis_s0.2,e85074c5,5675,1654985.3104172652,17.077100675302233,3
R_dipaxis_s0.1,eba6605e,4410,471988.7786623696,10.34538225185736,3
R_dipaxis_s0.15,eba6605e,4410,297798.6330303263,8.217544323017325,3
R_dipaxis_s0.2,eba6605e,4410,209347.27868949148,6.889922949611655,3
R_dipaxis_s0.1,1fdbba44,4911,480103.3364394677,9.887406621585034,3
R_dipaxis_s0.15,1fdbba44,4911,729105.6077540125,12.184571259483894,3
R_dipaxis_s0.2,1fdbba44,4911,1039816.4019984263,14.551017558685151,3
R_dipaxis_s0.1,e4726608,4733,160030.7264338301,5.814781982706507,3
R_dipaxis_s0.15,e4726608,4733,148077.17438288155,5.593399085378046,3
R_dipaxis_s0.2,e4726608,4733,136863.08952002734,5.377431879163983,3
R_dipaxis_s0.1,5def1ce5,6443,399816.1368984559,7.8774579508995926,3
R_dipaxis_s0.15,5def1ce5,6443,394836.12763619825,7.828244405138588,3
R_dipaxis_s0.2,5def1ce5,6443,392521.8432662925,7.805268532586894,3
R_dipaxis_s0.1,bcebcc5f,6258,3796459.2273381418,24.630407131655367,3
R_dipaxis_s0.15,bcebcc5f,6258,3862845.5737715466,24.844822244428116,3
R_dipaxis_s0.2,bcebcc5f,6258,3933845.4114144463,25.072108890193764,3
R_dipaxis_s0.1,833af382,3628,604886.65648523,12.91229272170902,3
R_dipaxis_s0.15,833af382,3628,669060.0197439397,13.579972807444076,3
R_dipaxis_s0.2,833af382,3628,746574.794313389,14.345081581399567,3
R_dipaxis_s0.1,c9e980e8,4359,461871.1637309231,10.293592932285181,3
R_dipaxis_s0.15,c9e980e8,4359,488138.9435537311,10.582256740978597,3
R_dipaxis_s0.2,c9e980e8,4359,515853.25508144224,10.87851595795363,3
R_dipaxis_s0.1,94d813a4,4847,5765957.393302336,34.49047731233339,3
R_dipaxis_s0.15,94d813a4,4847,5397953.714064743,33.371679829783716,3
R_dipaxis_s0.2,94d813a4,4847,5042424.698201363,32.25397171827579,3
R_dipaxis_s0.1,481de5fc,5952,1431336.8487923988,15.507416977560359,3
R_dipaxis_s0.15,481de5fc,5952,1615708.147952031,16.475932206155534,3
R_dipaxis_s0.2,481de5fc,5952,1816141.9488872944,17.468010070443572,3
R_dipaxis_s0.1,861e71df,4700,573740.6163622648,11.048641163801063,3
R_dipaxis_s0.15,861e71df,4700,549537.3526310985,10.813086561446742,3
R_dipaxis_s0.2,861e71df,4700,526571.4739250538,10.58472880209225,3
R_dipaxis_s0.1,d50c649a,4873,363163.230486855,8.632820873962094,3
R_dipaxis_s0.15,d50c649a,4873,474191.40257799556,9.864580747816191,3
R_dipaxis_s0.2,d50c649a,4873,613734.7505009468,11.222565568525846,3
R_dipaxis_s0.1,fcfcc902,2791,118471.99602474658,6.515202738465307,3
R_dipaxis_s0.15,fcfcc902,2791,82518.51512514676,5.4374563548212915,3
R_dipaxis_s0.2,fcfcc902,2791,55275.734950893144,4.4502800829290425,3
R_dipaxis_s0.1,173ed841,4883,1564539.3417566204,17.899870212551168,3
R_dipaxis_s0.15,173ed841,4883,1594709.0735835223,18.071631842448852,3
R_dipaxis_s0.2,173ed841,4883,1626549.2614428326,18.251150581012336,3
R_dipaxis_s0.1,9b9e3b49,5118,280620.6187693664,7.404737174535509,3
R_dipaxis_s0.15,9b9e3b49,5118,313134.161490601,7.821950875101254,3
R_dipaxis_s0.2,9b9e3b49,5118,380895.023336199,8.626855196734429,3
R_dipaxis_s0.1,2be5c96a,4210,63482.779084196394,3.883174592148901,3
R_dipaxis_s0.15,2be5c96a,4210,70081.50429251135,4.08000466595698,3
R_dipaxis_s0.2,2be5c96a,4210,78736.04514497076,4.3245980727105575,3
R_dipaxis_s0.1,9dede370,6297,2453986.404396805,19.7410036817091,3
R_dipaxis_s0.15,9dede370,6297,2592253.4708931157,20.28952527236281,3
R_dipaxis_s0.2,9dede370,6297,2736829.3435880747,20.847645432687056,3
R_dipaxis_s0.1,2fe023be,4221,685437.0499634724,12.743129945438012,3
R_dipaxis_s0.15,2fe023be,4221,680645.7747978701,12.698513949529085,3
R_dipaxis_s0.2,2fe023be,4221,678658.3037673556,12.679960701980903,3
R_dipaxis_s0.1,ac6f01d5,5004,767024.6307291575,12.380722931460305,3
R_dipaxis_s0.15,ac6f01d5,5004,571159.6648992532,10.683661380044946,3
R_dipaxis_s0.2,ac6f01d5,5004,414053.5055063864,9.096400689112139,3
R_dipaxis_s0.1,ff0aea78,3261,2329455.3822095683,26.727097554751175,3
R_dipaxis_s0.15,ff0aea78,3261,1997520.750232521,24.749717738394136,3
R_dipaxis_s0.2,ff0aea78,3261,1692150.160600917,22.779492817866387,3
R_dipaxis_s0.1,0bbf5e67,4298,1042421.3309877503,15.57357932401281,3
R_dipaxis_s0.15,0bbf5e67,4298,863937.7557871712,14.177773091503077,3
R_dipaxis_s0.2,0bbf5e67,4298,702829.4209569083,12.787680031041331,3
R_dipaxis_s0.1,53134831,5126,911474.2044332598,13.334688967288402,3
R_dipaxis_s0.15,53134831,5126,661470.3249733758,11.359674357852885,3
R_dipaxis_s0.2,53134831,5126,454961.1764625622,9.421018751480936,3
R_dipaxis_s0.1,84c3b497,5312,1893741.183984333,18.881273313120634,3
R_dipaxis_s0.15,84c3b497,5312,1887696.501108775,18.85111540908287,3
R_dipaxis_s0.2,84c3b497,5312,1882923.5574880554,18.82726828707832,3
R_dipaxis_s0.1,bb682ebd,4139,1809135.9584004227,20.906815645154897,3
R_dipaxis_s0.15,bb682ebd,4139,1901110.1349607122,21.431665650930107,3
R_dipaxis_s0.2,bb682ebd,4139,1996083.206461092,21.960468813200517,3
R_dipaxis_s0.1,d924e971,3184,3523003.5130222687,33.263658135905175,3
R_dipaxis_s0.15,d924e971,3184,3576035.5204027253,33.51308302431792,3
R_dipaxis_s0.2,d924e971,3184,3629844.535862698,33.76427920462887,3
R_dipaxis_s0.1,62569ae3,3588,178954.5903552925,7.062284425243422,3
R_dipaxis_s0.15,62569ae3,3588,153116.78441234046,6.532586706514716,3
R_dipaxis_s0.2,62569ae3,3588,130106.25408899685,6.0217520536094495,3
R_dipaxis_s0.1,a0b83014,5035,1699615.5813374296,18.372811295584675,3
R_dipaxis_s0.15,a0b83014,5035,1789394.465227196,18.851820998532588,3
R_dipaxis_s0.2,a0b83014,5035,1887560.7014643096,19.36202274606473,3
R_dipaxis_s0.1,58fa8486,4475,593739.043205657,11.518642098795622,3
R_dipaxis_s0.15,58fa8486,4475,576349.7153162529,11.348710608386561,3
R_dipaxis_s0.2,58fa8486,4475,559473.4877320176,11.181324091168085,3
R_dipaxis_s0.1,d1ecf309,6168,463135.7452139463,8.665267383178417,3
R_dipaxis_s0.15,d1ecf309,6168,426418.0630563296,8.314681425891266,3
R_dipaxis_s0.2,d1ecf309,6168,391673.1132223042,7.9687407406655515,3
R_dipaxis_s0.1,52f1e77a,4442,959137.6721762037,14.694377660990272,3
R_dipaxis_s0.15,52f1e77a,4442,999607.2495665563,15.001179974349276,3
R_dipaxis_s0.2,52f1e77a,4442,1044850.2661250767,15.336905856555008,3
R_dipaxis_s0.1,7271dd80,4340,248774.5733414889,7.571085144351229,3
R_dipaxis_s0.15,7271dd80,4340,225602.1622588141,7.2098588777168935,3
R_dipaxis_s0.2,7271dd80,4340,204052.96134056099,6.856880585863578,3
R_dipaxis_s0.1,fb73b13a,5640,1515261.4734383367,16.390954267989034,3
R_dipaxis_s0.15,fb73b13a,5640,2397569.779982674,20.617978194275572,3
R_dipaxis_s0.2,fb73b13a,5640,3550167.7146437755,25.08908847990382,3
R_dipaxis_s0.1,b7fea9ef,3866,496376.27041527105,11.331165452227797,3
R_dipaxis_s0.15,b7fea9ef,3866,507464.89831176813,11.457030750781724,3
R_dipaxis_s0.2,b7fea9ef,3866,520642.1250008587,11.604828510120981,3
R_dipaxis_s0.1,4caa7289,5396,352760.40416860284,8.085445335472029,3
R_dipaxis_s0.15,4caa7289,5396,288891.61784511583,7.31697380103956,3
R_dipaxis_s0.2,4caa7289,5396,233391.1137497666,6.576672075969871,3
R_dipaxis_s0.1,aed44918,2719,220047.90970262146,8.996094729164541,3
R_dipaxis_s0.15,aed44918,2719,208291.00197922857,8.752470401628464,3
R_dipaxis_s0.2,aed44918,2719,196949.03727269248,8.510838065227414,3
R_dipaxis_s0.1,e161bd0c,2949,55618.44317055114,4.342821986281195,3
R_dipaxis_s0.15,e161bd0c,2949,57122.793836694545,4.401161790447494,3
R_dipaxis_s0.2,e161bd0c,2949,59563.29462341536,4.494195594298863,3
R_dipaxis_s0.1,633774dc,6233,1214407.1497210537,13.958334263618173,3
R_dipaxis_s0.15,633774dc,6233,1193425.1792538217,13.837226018301838,3
R_dipaxis_s0.2,633774dc,6233,1173327.3097347752,13.720218449794721,3
R_dipaxis_s0.1,09053135,5907,1065996.6280373768,13.433662404560096,3
R_dipaxis_s0.15,09053135,5907,1084918.9470345075,13.552367236025699,3
R_dipaxis_s0.2,09053135,5907,1107409.612250643,13.692118810839977,3
R_dipaxis_s0.1,46d24a09,4449,2448154.1381428293,23.45784844486239,3
R_dipaxis_s0.15,46d24a09,4449,2734453.3132463233,24.791571308053516,3
R_dipaxis_s0.2,46d24a09,4449,3051716.3158045504,26.190324351545243,3
R_dipaxis_s0.1,1fee2b62,4641,230578.66497523093,7.048614775946553,3
R_dipaxis_s0.15,1fee2b62,4641,196569.73535341985,6.508074896687678,3
R_dipaxis_s0.2,1fee2b62,4641,168862.7369919947,6.031997153155538,3
R_dipaxis_s0.1,310c71a5,5245,465482.91207568476,9.420612170423224,3
R_dipaxis_s0.15,310c71a5,5245,499457.38456476154,9.758351848728198,3
R_dipaxis_s0.2,310c71a5,5245,537647.5326213422,10.124558224507279,3
R_dipaxis_s0.1,a48640d9,4532,1933334.5113415727,20.654208229685977,3
R_dipaxis_s0.15,a48640d9,4532,1862834.9212073246,20.27413036698587,3
R_dipaxis_s0.2,a48640d9,4532,1807445.2478697281,19.970439583658322,3
R_dipaxis_s0.1,43c7f85a,5978,726428.9945874173,11.02347774784859,3
R_dipaxis_s0.15,43c7f85a,5978,720406.4400165558,10.977686849582968,3
R_dipaxis_s0.2,43c7f85a,5978,717310.5334026682,10.954073453573075,3
R_dipaxis_s0.1,2d2d0c6b,5045,178469.41522854826,5.947730955085554,3
R_dipaxis_s0.15,2d2d0c6b,5045,319342.47470076714,7.956054655980743,3
R_dipaxis_s0.2,2d2d0c6b,5045,510243.2401116113,10.056759040601293,3
R_dipaxis_s0.1,eb06a4e7,4535,332004.32949272747,8.556245318859201,3
R_dipaxis_s0.15,eb06a4e7,4535,297732.37926243036,8.102599787807234,3
R_dipaxis_s0.2,eb06a4e7,4535,271272.300247692,7.73417650903572,3
R_dipaxis_s0.1,1944513c,4722,234428.57856323733,7.045994271490356,3
R_dipaxis_s0.15,1944513c,4722,287684.1245790316,7.805396277588812,3
R_dipaxis_s0.2,1944513c,4722,350137.2114509501,8.61105063405307,3
R_dipaxis_s0.1,a6b8ac67,5453,1087413.1262367584,14.121457935453012,3
R_dipaxis_s0.15,a6b8ac67,5453,1378189.835525221,15.89779060459936,3
R_dipaxis_s0.2,a6b8ac67,5453,1715349.7991270802,17.736119210581254,3
R_dipaxis_s0.1,a76db406,4672,140475.45877295497,5.483385919436231,3
R_dipaxis_s0.15,a76db406,4672,194616.97269925853,6.454148287374833,3
R_dipaxis_s0.2,a76db406,4672,259397.3855187682,7.451288523976546,3
R_dipaxis_s0.1,eafb863e,3568,356947.1613966231,10.002062026704747,3
R_dipaxis_s0.15,eafb863e,3568,249673.09840257955,8.365144599534819,3
R_dipaxis_s0.2,eafb863e,3568,167305.4572469956,6.84766697134076,3
R_dipaxis_s0.1,add9c322,3932,495347.4665745864,11.224014485175294,3
R_dipaxis_s0.15,add9c322,3932,449207.94191401533,10.688504843376402,3
R_dipaxis_s0.2,add9c322,3932,405380.0005215561,10.153701805570648,3
R_dipaxis_s0.1,f56d3ace,5432,332336.09257413854,7.821839028676456,3
R_dipaxis_s0.15,f56d3ace,5432,376645.37040091783,8.326959189129585,3
R_dipaxis_s0.2,f56d3ace,5432,425999.9853874928,8.855741102603584,3
R_dipaxis_s0.1,7c607683,5328,1362829.460483117,15.993320798093658,3
R_dipaxis_s0.15,7c607683,5328,1289871.2371088266,15.55933642247679,3
R_dipaxis_s0.2,7c607683,5328,1219127.4818905983,15.126639351573095,3
R_dipaxis_s0.1,b7cdcecb,6168,209518.85103751277,5.828266064393928,3
R_dipaxis_s0.15,b7cdcecb,6168,117829.19650100617,4.3707329849482175,3
R_dipaxis_s0.2,b7cdcecb,6168,72017.43882766855,3.417013177859212,3
R_dipaxis_s0.1,a5e6f7dc,5649,587104.3878961615,10.19463956466603,3
R_dipaxis_s0.15,a5e6f7dc,5649,931385.7852193617,12.84041367184802,3
R_dipaxis_s0.2,a5e6f7dc,5649,1385433.489792644,15.660551548665158,3
R_dipaxis_s0.1,4ed93db6,4657,412816.3279317253,9.415108175510541,3
R_dipaxis_s0.15,4ed93db6,4657,427092.01579487184,9.576517516184394,3
R_dipaxis_s0.2,4ed93db6,4657,442799.1249895531,9.751024733644252,3
R_dipaxis_s0.1,26623a50,5735,1613496.7151392451,16.77325431099198,3
R_dipaxis_s0.15,26623a50,5735,1198810.6330640954,14.45801203934159,3
R_dipaxis_s0.2,26623a50,5735,867977.9077257877,12.302337142491687,3
R_dipaxis_s0.1,eeed308d,3899,293509.3148942057,8.67629533660202,3
R_dipaxis_s0.15,eeed308d,3899,260672.07601453518,8.176560184391128,3
R_dipaxis_s0.2,eeed308d,3899,230143.8492503565,7.682862641381739,3
R_dipaxis_s0.1,8d5d46d7,5755,1283162.7497634008,14.932007788816698,3
R_dipaxis_s0.15,8d5d46d7,5755,1327425.8669848857,15.18736652601879,3
R_dipaxis_s0.2,8d5d46d7,5755,1373956.3441328886,15.451256526878558,3
R_dipaxis_s0.1,61f27424,6220,41945.88470246526,2.596865681346617,3
R_dipaxis_s0.15,61f27424,6220,39206.06714869282,2.5106226776824467,3
R_dipaxis_s0.2,61f27424,6220,37087.31449158408,2.4418416726466865,3
R_dipaxis_s0.1,3bfee975,3603,187787.4837804673,7.219401416207931,3
R_dipaxis_s0.15,3bfee975,3603,177180.931783917,7.01255627720128,3
R_dipaxis_s0.2,3bfee975,3603,170737.93396284143,6.883873482045051,3
R_dipaxis_s0.1,efe96181,4012,3002224.951497161,27.355279270415117,3
R_dipaxis_s0.15,efe96181,4012,2985844.807598804,27.28055198031464,3
R_dipaxis_s0.2,efe96181,4012,2972069.9734691945,27.217551470387065,3
R_dipaxis_s0.1,8bb9c1e6,4546,94544.67065265367,4.560409177229622,3
R_dipaxis_s0.15,8bb9c1e6,4546,71252.51877426569,3.9589990262115125,3
R_dipaxis_s0.2,8bb9c1e6,4546,53257.261759401095,3.4227462313260317,3
R_dipaxis_s0.1,896d15b9,4279,6507657.343249401,38.99789767659959,3
R_dipaxis_s0.15,896d15b9,4279,8206674.716504366,43.7937834639517,3
R_dipaxis_s0.2,896d15b9,4279,10134484.087746143,48.6664513184623,3
R_dipaxis_s0.1,374be387,9965,790120.3995031602,8.904468169810654,3
R_dipaxis_s0.15,374be387,9965,1062991.5501581088,10.328238416913068,3
R_dipaxis_s0.2,374be387,9965,1404081.5618153007,11.870185793374187,3
R_dipaxis_s0.1,9a8ae0d6,6294,234348.19807112135,6.101933073807785,3
R_dipaxis_s0.15,9a8ae0d6,6294,272135.890960446,6.575511508500194,3
R_dipaxis_s0.2,9a8ae0d6,6294,330954.9502189541,7.251386795462816,3
R_dipaxis_s0.1,ffefef30,4570,193578.36482728441,6.508341135694584,3
R_dipaxis_s0.15,ffefef30,4570,181991.88787722218,6.310560213945682,3
R_dipaxis_s0.2,ffefef30,4570,173558.7951180357,6.1626175048923155,3
R_dipaxis_s0.1,46a7190b,4215,1205785.5688857054,16.91360763127005,3
R_dipaxis_s0.15,46a7190b,4215,1483787.9908038343,18.762345817994866,3
R_dipaxis_s0.2,46a7190b,4215,1794115.1731721596,20.63128935371506,3
R_dipaxis_s0.1,8b12bab6,5234,737325.6447164447,11.868963942408419,3
R_dipaxis_s0.15,8b12bab6,5234,519376.1174357239,9.961485992481034,3
R_dipaxis_s0.2,8b12bab6,5234,346511.0795290694,8.136576342398099,3
R_dipaxis_s0.1,9ffce529,5212,706030.5142003904,11.63883555736185,3
R_dipaxis_s0.15,9ffce529,5212,747453.1155335124,11.975393000483244,3
R_dipaxis_s0.2,9ffce529,5212,794621.2831885838,12.347467536470582,3
R_dipaxis_s0.1,32fe84c9,6408,1967045.3830993758,17.52047751044574,3
R_dipaxis_s0.15,32fe84c9,6408,1481626.4814018593,15.205759396377244,3
R_dipaxis_s0.2,32fe84c9,6408,1074444.8164395413,12.948838251117794,3
R_dipaxis_s0.1,f5d8aab6,4444,922144.3636890391,14.404972480128142,3
R_dipaxis_s0.15,f5d8aab6,4444,841548.8477151959,13.761083804652413,3
R_dipaxis_s0.2,f5d8aab6,4444,764907.8505290692,13.119507556188696,3
R_dipaxis_s0.1,198a5607,6251,480869.05158861435,8.77078901671806,3
R_dipaxis_s0.15,198a5607,6251,420694.6877251066,8.203681001532244,3
R_dipaxis_s0.2,198a5607,6251,366189.1634897272,7.653815598473868,3
R_dipaxis_s0.1,5542c301,3591,115597.55770915317,5.673703373627915,3
R_dipaxis_s0.15,5542c301,3591,149611.2490907153,6.454675622869646,3
R_dipaxis_s0.2,5542c301,3591,203992.1368236028,7.537008604064688,3
R_dipaxis_s0.1,10b89021,5414,1150170.2506964793,14.575448908303022,3
R_dipaxis_s0.15,10b89021,5414,1154360.0919814669,14.601972504799898,3
R_dipaxis_s0.2,10b89021,5414,1169056.2783576108,14.694627572339806,3
R_dipaxis_s0.1,9426ec1e,2532,333584.44551447756,11.478127518921845,3
R_dipaxis_s0.15,9426ec1e,2532,316706.3246583385,11.183983495690937,3
R_dipaxis_s0.2,9426ec1e,2532,300531.22542661545,10.894641664283137,3
R_dipaxis_s0.1,6e9ccd38,8282,1339255.5729341279,12.716398174502697,3
R_dipaxis_s0.15,6e9ccd38,8282,1481726.2652965833,13.375695597204578,3
R_dipaxis_s0.2,6e9ccd38,8282,1686321.0728559457,14.269295129368015,3
R_dipaxis_s0.1,c593337f,5208,2725567.7621639646,22.876680359172603,3
R_dipaxis_s0.15,c593337f,5208,2616514.891043727,22.414348370479555,3
R_dipaxis_s0.2,c593337f,5208,2511423.7660219762,21.959604400504276,3
R_dipaxis_s0.1,70925e23,5947,1703761.4388768713,16.92604234644102,3
R_dipaxis_s0.15,70925e23,5947,2018283.6545389192,18.422227120606827,3
R_dipaxis_s0.2,70925e23,5947,2407885.9037499903,20.121899839758076,3
R_dipaxis_s0.1,f074d277,2453,409165.6027203989,12.91518954418594,3
R_dipaxis_s0.15,f074d277,2453,434069.66334769176,13.302428802498163,3
R_dipaxis_s0.2,f074d277,2453,460644.5200530429,13.703584446518175,3
R_dipaxis_s0.1,f2d4c8c9,6249,64215.38342573021,3.205636524155668,3
R_dipaxis_s0.15,f2d4c8c9,6249,74200.14855395575,3.4458560034349004,3
R_dipaxis_s0.2,f2d4c8c9,6249,106699.31132576351,4.132144933518477,3
R_dipaxis_s0.1,35b3ef6a,3904,1791508.2408741605,21.42172800106898,3
R_dipaxis_s0.15,35b3ef6a,3904,1428723.5986524422,19.130186526536335,3
R_dipaxis_s0.2,35b3ef6a,3904,1109688.208758281,16.859534570442232,3
R_dipaxis_s0.1,2043abc5,6958,2357054.693212281,18.405288011630578,3
R_dipaxis_s0.15,2043abc5,6958,2415662.7648476074,18.632706383549568,3
R_dipaxis_s0.2,2043abc5,6958,2482773.100068951,18.88975405578777,3
R_dipaxis_s0.1,78a4a386,5119,151625.60843606998,5.442440797613551,3
R_dipaxis_s0.15,78a4a386,5119,140621.3936212338,5.241228984696268,3
R_dipaxis_s0.2,78a4a386,5119,130457.75211781381,5.048267747553533,3
R_dipaxis_s0.1,a4f989c2,5385,471016.32383553905,9.352444194510218,3
R_dipaxis_s0.15,a4f989c2,5385,412272.0789331747,8.749819777246516,3
R_dipaxis_s0.2,a4f989c2,5385,358239.31861743476,8.156310891389445,3
R_dipaxis_s0.1,3a824aa7,4201,165195.70377030183,6.270801209963352,3
R_dipaxis_s0.15,3a824aa7,4201,191672.4337081586,6.754659913148078,3
R_dipaxis_s0.2,3a824aa7,4201,226074.5098144898,7.335833373036457,3
R_dipaxis_s0.1,75cd5f11,4946,140112.6971219602,5.322451228983602,3
R_dipaxis_s0.15,75cd5f11,4946,150738.61082795984,5.520586235842678,3
R_dipaxis_s0.2,75cd5f11,4946,167360.03049730256,5.816996696369068,3
R_dipaxis_s0.1,ce8399b7,1615,24772.723364224083,3.9165223852222266,3
R_dipaxis_s0.15,ce8399b7,1615,29040.1944832152,4.240465136238037,3
R_dipaxis_s0.2,ce8399b7,1615,33985.535293456654,4.587338564386492,3
R_dipaxis_s0.1,3e678ea7,6858,1222276.658127957,13.35014610445147,3
R_dipaxis_s0.15,3e678ea7,6858,1600649.4097528076,15.277397162614985,3
R_dipaxis_s0.2,3e678ea7,6858,2063077.5224182683,17.344390117146347,3
R_dipaxis_s0.1,ecdaf714,6592,2185643.482867609,18.208788931915606,3
R_dipaxis_s0.15,ecdaf714,6592,2572281.7115807766,19.753800603578007,3
R_dipaxis_s0.2,ecdaf714,6592,3005998.648346884,21.354322197366336,3
R_dipaxis_s0.1,57f05c51,4771,6240403.866818873,36.166096799443864,3
R_dipaxis_s0.15,57f05c51,4771,6217241.310606524,36.098915408809965,3
R_dipaxis_s0.2,57f05c51,4771,6196893.255579574,36.0397939531108,3
R_dipaxis_s0.1,8cc800b3,6576,2496108.035265082,19.48277373774021,3
R_dipaxis_s0.15,8cc800b3,6576,3317370.5534713757,22.460327803513188,3
R_dipaxis_s0.2,8cc800b3,6576,4277294.640826909,25.503728798109076,3
R_dipaxis_s0.1,55efee7f,4801,2339351.0482855896,22.07404105597912,3
R_dipaxis_s0.15,55efee7f,4801,1984795.2482333938,20.332557201808083,3
R_dipaxis_s0.2,55efee7f,4801,1682236.1817512293,18.718783953105245,3
R_dipaxis_s0.1,d0a0e7b5,3816,372342.0455908665,9.877950765131462,3
R_dipaxis_s0.15,d0a0e7b5,3816,307915.52283194487,8.982797483930165,3
R_dipaxis_s0.2,d0a0e7b5,3816,249861.2717034615,8.091802794123097,3
R_dipaxis_s0.1,6dbe4b60,4648,247824.07882353227,7.301947239047067,3
R_dipaxis_s0.15,6dbe4b60,4648,206597.03707083632,6.666977426846191,3
R_dipaxis_s0.2,6dbe4b60,4648,172531.86650849873,6.09258505252987,3
R_dipaxis_s0.1,53f23031,8550,1111521.3572206006,11.401863791527159,3
R_dipaxis_s0.15,53f23031,8550,1190641.9495245474,11.800693554424846,3
R_dipaxis_s0.2,53f23031,8550,1276349.2540576186,12.2180446270941,3
R_dipaxis_s0.1,f053a1b9,4108,526496.9118078382,11.320945420381447,3
R_dipaxis_s0.15,f053a1b9,4108,590959.6378939216,11.993990278382592,3
R_dipaxis_s0.2,f053a1b9,4108,660607.897568092,12.68109228921308,3
R_dipaxis_s0.1,a959858c,4404,14141017.951135712,56.6652333615596,3
R_dipaxis_s0.15,a959858c,4404,12060453.704926763,52.33089565093595,3
R_dipaxis_s0.2,a959858c,4404,10150109.297399903,48.007788918741745,3
R_dipaxis_s0.1,1b1eba53,4655,24857095.676387306,73.07441534166942,3
R_dipaxis_s0.15,1b1eba53,4655,25698206.852104567,74.300471137088,3
R_dipaxis_s0.2,1b1eba53,4655,26557054.720571015,75.53184818570396,3
R_dipaxis_s0.1,511e1db0,3821,30866.99116215116,2.8422261439909655,3
R_dipaxis_s0.15,511e1db0,3821,76400.77936662665,4.471573519177065,3
R_dipaxis_s0.2,511e1db0,3821,150923.19182003633,6.284771203167828,3
R_dipaxis_s0.1,84633df4,4972,225413.9207765057,6.73325103531173,3
R_dipaxis_s0.15,84633df4,4972,314312.912644021,7.950886457710186,3
R_dipaxis_s0.2,84633df4,4972,424516.1154977141,9.240203391068258,3
R_dipaxis_s0.1,47ee27ab,6397,352571.3227060225,7.423954766699026,3
R_dipaxis_s0.15,47ee27ab,6397,335674.7607761687,7.24387868858439,3
R_dipaxis_s0.2,47ee27ab,6397,320091.83509106666,7.0737404853314265,3
R_dipaxis_s0.1,b95e7121,6306,236641.81399468103,6.125883872414892,3
R_dipaxis_s0.15,b95e7121,6306,562525.9545401373,9.444833351004604,3
R_dipaxis_s0.2,b95e7121,6306,1051378.0307510057,12.912266046463234,3
R_dipaxis_s0.1,91db7070,4073,6063354.305808331,38.5832909780626,3
R_dipaxis_s0.15,91db7070,4073,5720208.08744987,37.47560983551232,3
R_dipaxis_s0.2,91db7070,4073,5388034.271416319,36.371228445489834,3
R_dipaxis_s0.1,e3b34f5b,5455,481352.71674263256,9.393649167518753,3
R_dipaxis_s0.15,e3b34f5b,5455,434255.75224671105,8.922271048814196,3
R_dipaxis_s0.2,e3b34f5b,5455,389983.1381393067,8.455232171833973,3
R_dipaxis_s0.1,5a5269a9,6513,417430.95043333626,8.005745580264303,3
R_dipaxis_s0.15,5a5269a9,6513,604218.4239186009,9.631777526822827,3
R_dipaxis_s0.2,5a5269a9,6513,851017.5272162644,11.43085493429206,3
R_dipaxis_s0.1,05948241,3879,72707.16881267898,4.329410110904118,3
R_dipaxis_s0.15,05948241,3879,67517.79465665229,4.172047404501988,3
R_dipaxis_s0.2,05948241,3879,66903.44389237638,4.153023103755751,3
R_dipaxis_s0.1,a645da9a,5153,577109.9425347773,10.582766332282798,3
R_dipaxis_s0.15,a645da9a,5153,737191.9844869284,11.960800069612617,3
R_dipaxis_s0.2,a645da9a,5153,949248.3958622587,13.572500449719932,3
R_dipaxis_s0.1,368fe682,4936,918944.2159997469,13.644480304783729,3
R_dipaxis_s0.15,368fe682,4936,904630.4491691296,13.537797866102077,3
R_dipaxis_s0.2,368fe682,4936,891371.7533181598,13.438223451696087,3
R_dipaxis_s0.1,8995c945,6724,4757174.659754024,26.59871744545799,3
R_dipaxis_s0.15,8995c945,6724,6677073.490937846,31.51223639594123,3
R_dipaxis_s0.2,8995c945,6724,8942708.55272617,36.46873391482236,3
R_dipaxis_s0.1,48c1f673,2917,1340678.6670086875,21.43848713291259,3
R_dipaxis_s0.15,48c1f673,2917,1539203.27802337,22.97099330531362,3
R_dipaxis_s0.2,48c1f673,2917,1755251.8288449426,24.530223351559368,3
R_dipaxis_s0.1,466fc788,6197,946991.9818774364,12.361819638682585,3
R_dipaxis_s0.15,466fc788,6197,658886.1338851652,10.311324060787959,3
R_dipaxis_s0.2,466fc788,6197,457692.53127226373,8.594016134762281,3
R_dipaxis_s0.1,27300fd5,5467,1410186.2256527648,16.060671423470005,3
R_dipaxis_s0.15,27300fd5,5467,1296554.053240058,15.40000197905281,3
R_dipaxis_s0.2,27300fd5,5467,1188174.6777679627,14.742312377629661,3
R_dipaxis_s0.1,a9c9b150,3986,7779.678788299989,1.3970507596227009,3
R_dipaxis_s0.15,a9c9b150,3986,12346.90750972438,1.7599910132482486,3
R_dipaxis_s0.2,a9c9b150,3986,19162.940649331184,2.1926152485173738,3
R_dipaxis_s0.1,071d7b45,3211,993089.7681338033,17.586284753750252,3
R_dipaxis_s0.15,071d7b45,3211,1026232.8573627945,17.877336095234455,3
R_dipaxis_s0.2,071d7b45,3211,1063995.9435998257,18.203287710274793,3
R_dipaxis_s0.1,ae8959c3,4518,2848781.826047101,25.11056483127935,3
R_dipaxis_s0.15,ae8959c3,4518,3492880.486850932,27.804734322443807,3
R_dipaxis_s0.2,ae8959c3,4518,4205290.273308323,30.50878244700168,3
R_dipaxis_s0.1,35b30c7f,9579,3268871.810234336,18.473060745294365,3
R_dipaxis_s0.15,35b30c7f,9579,3157026.1747280005,18.15427896492157,3
R_dipaxis_s0.2,35b30c7f,9579,3052131.9824727266,17.850137599058638,3
R_dipaxis_s0.1,463c38f2,4460,190826.4417544884,6.5411159371165475,3
R_dipaxis_s0.15,463c38f2,4460,210631.03669068738,6.872167768685606,3
R_dipaxis_s0.2,463c38f2,4460,239342.28633285715,7.325584601977531,3
R_dipaxis_s0.1,72dd8501,5193,101280.8288984002,4.416258254737826,3
R_dipaxis_s0.15,72dd8501,5193,77786.67061994104,3.870289310279159,3
R_dipaxis_s0.2,72dd8501,5193,68691.74585637635,3.6369984497056422,3
R_dipaxis_s0.1,9c211c53,7265,325011.8692503594,6.688547280852407,3
R_dipaxis_s0.15,9c211c53,7265,352961.89798627654,6.970213866664657,3
R_dipaxis_s0.2,9c211c53,7265,392471.69289603,7.349983429957585,3
R_dipaxis_s0.1,4b462989,3106,121105.10714626483,6.244253176241099,3
R_dipaxis_s0.15,4b462989,3106,147145.91821897973,6.882930495207752,3
R_dipaxis_s0.2,4b462989,3106,195346.71509141693,7.930532159856082,3
R_dipaxis_s0.1,ee4aecac,5265,633584.4692883603,10.969910233866992,3
R_dipaxis_s0.15,ee4aecac,5265,648775.7858064955,11.100642810596653,3
R_dipaxis_s0.2,ee4aecac,5265,666800.6598405775,11.253790412131623,3
R_dipaxis_s0.1,c3957531,5316,585616.8781424009,10.495770029605826,3
R_dipaxis_s0.15,c3957531,5316,615742.4768161012,10.76234899590817,3
R_dipaxis_s0.2,c3957531,5316,748451.199791475,11.865587829017066,3
R_dipaxis_s0.1,ae0784a8,7823,827737.964220402,10.286313874659252,3
R_dipaxis_s0.15,ae0784a8,7823,783584.3018732984,10.008205133554592,3
R_dipaxis_s0.2,ae0784a8,7823,742614.2605879664,9.743051031833822,3
R_dipaxis_s0.1,7d57c75d,4405,753823.8398391834,13.081633500342075,3
R_dipaxis_s0.15,7d57c75d,4405,692644.2569593283,12.53955609103129,3
R_dipaxis_s0.2,7d57c75d,4405,635399.7631798326,12.010209081225995,3
R_dipaxis_s0.1,e748dd88,4812,97435.11548666621,4.4998179395762365,3
R_dipaxis_s0.15,e748dd88,4812,135279.10236071676,5.302156557924095,3
R_dipaxis_s0.2,e748dd88,4812,205812.70985524677,6.539932804226679,3
R_dipaxis_s0.1,aaeffccb,2712,52929.10546078066,4.417763213105984,3
R_dipaxis_s0.15,aaeffccb,2712,63651.83314633084,4.844630011746197,3
R_dipaxis_s0.2,aaeffccb,2712,84329.16163532145,5.576273272701418,3
R_dipaxis_s0.1,c07fd0cd,4191,86916.60019001257,4.553994845226439,3
R_dipaxis_s0.15,c07fd0cd,4191,102766.20424636762,4.951836851112928,3
R_dipaxis_s0.2,c07fd0cd,4191,123157.5197769565,5.420903005991842,3
R_dipaxis_s0.1,8bfa881d,4089,1822929.7293437484,21.114286420806536,3
R_dipaxis_s0.15,8bfa881d,4089,1511411.1823346338,19.225726517376838,3
R_dipaxis_s0.2,8bfa881d,4089,1230163.7726382262,17.344944372622475,3
R_dipaxis_s0.1,d1ee630d,6290,549703.6016164782,9.348436200696145,3
R_dipaxis_s0.15,d1ee630d,6290,457774.1369583777,8.531007102759993,3
R_dipaxis_s0.2,d1ee630d,6290,434404.4345893158,8.310397595891487,3
R_dipaxis_s0.1,01869cd4,5557,483787.954727839,9.330551776820673,3
R_dipaxis_s0.15,01869cd4,5557,422526.33259017894,8.719803367842133,3
R_dipaxis_s0.2,01869cd4,5557,368019.9292514592,8.137958491506097,3
R_dipaxis_s0.1,20402d71,6372,1335484.6349313618,14.477099667152107,3
R_dipaxis_s0.15,20402d71,6372,1644304.4665049675,16.06398295615754,3
R_dipaxis_s0.2,20402d71,6372,2002705.0491504944,17.72844371170764,3
R_dipaxis_s0.1,bd8f847e,4961,176310.0661942477,5.9614779332146774,3
R_dipaxis_s0.15,bd8f847e,4961,161020.68392254077,5.697131186289087,3
R_dipaxis_s0.2,bd8f847e,4961,167072.25940493503,5.803200282814838,3
R_dipaxis_s0.1,a2e8e7f6,4760,586137.5890056215,11.096762994259219,3
R_dipaxis_s0.15,a2e8e7f6,4760,631780.2928406107,11.520718392419774,3
R_dipaxis_s0.2,a2e8e7f6,4760,694076.4428970546,12.075362469089091,3
R_dipaxis_s0.1,a783cc24,1889,1093710.806493519,24.06219669832588,3
R_dipaxis_s0.15,a783cc24,1889,976041.900058339,22.730984817119893,3
R_dipaxis_s0.2,a783cc24,1889,865088.6593018379,21.40002744987476,3
R_dipaxis_s0.1,70e1788b,9285,728324.3157313655,8.856690139637342,3
R_dipaxis_s0.15,70e1788b,9285,947441.2191321806,10.101484075146024,3
R_dipaxis_s0.2,70e1788b,9285,1228493.1423230905,11.502584019693664,3
R_dipaxis_s0.1,203721ab,5730,295791.14022012346,7.1848097010158956,3
R_dipaxis_s0.15,203721ab,5730,308025.64924290404,7.331893194021223,3
R_dipaxis_s0.2,203721ab,5730,422238.86554081424,8.58423882996305,3
R_dipaxis_s0.1,d84b621b,3994,1566450.6996874725,19.8040646430587,3
R_dipaxis_s0.15,d84b621b,3994,1412514.5303429668,18.805826790323344,3
R_dipaxis_s0.2,d84b621b,3994,1267690.036339635,17.815684297702457,3
R_dipaxis_s0.1,da3cf798,5844,1983343.7475649272,18.422301770585307,3
R_dipaxis_s0.15,da3cf798,5844,2158463.772896478,19.218402215748757,3
R_dipaxis_s0.2,da3cf798,5844,2345920.7378940023,20.035563597626556,3
R_dipaxis_s0.1,884ecb5f,6724,2363189.062554811,18.747155495338237,3
R_dipaxis_s0.15,884ecb5f,6724,2217389.3407453913,18.159635426569167,3
R_dipaxis_s0.2,884ecb5f,6724,2076831.3322781082,17.574653092799835,3
R_dipaxis_s0.1,8a3da6d1,4593,431178.0184467028,9.68902515518491,3
R_dipaxis_s0.15,8a3da6d1,4593,451966.1002388955,9.919840932145613,3
R_dipaxis_s0.2,8a3da6d1,4593,478518.7636436467,10.207073997977302,3
R_dipaxis_s0.1,beda8696,5912,733329.4992460632,11.137362748555265,4
R_dipaxis_s0.15,beda8696,5912,932266.7094755027,12.557490994908019,4
R_dipaxis_s0.2,beda8696,5912,1209419.9430758788,14.302809364947157,4
R_dipaxis_s0.1,0dc835f3,4428,225225.90665617032,7.131901982882551,4
R_dipaxis_s0.15,0dc835f3,4428,238151.35487753683,7.333692940147217,4
R_dipaxis_s0.2,0dc835f3,4428,261768.54946109361,7.688735608224726,4
R_dipaxis_s0.1,87695469,7003,294436.60694329854,6.484161735480241,4
R_dipaxis_s0.15,87695469,7003,273315.9444231956,6.247272081223304,4
R_dipaxis_s0.2,87695469,7003,256043.9456419149,6.046655031983592,4
R_dipaxis_s0.1,7e721392,6174,11461846.475182222,43.08677421899151,4
R_dipaxis_s0.15,7e721392,6174,12210356.758841462,44.47140638890241,4
R_dipaxis_s0.2,7e721392,6174,12984916.921146117,45.86023492013586,4
R_dipaxis_s0.1,9ae248be,5271,306885.1076425772,7.6302962285544185,4
R_dipaxis_s0.15,9ae248be,5271,441194.17039406253,9.148889338735854,4
R_dipaxis_s0.2,9ae248be,5271,678223.7846990154,11.34331519448379,4
R_dipaxis_s0.1,98177ced,4772,250186.82868523608,7.240724168241791,4
R_dipaxis_s0.15,98177ced,4772,324448.78338342503,8.245611286429106,4
R_dipaxis_s0.2,98177ced,4772,417962.2610519957,9.358760156696905,4
R_dipaxis_s0.1,4c3df468,5392,1425789.3234620364,16.261205469235428,4
R_dipaxis_s0.15,4c3df468,5392,1122670.730528778,14.429499196317385,4
R_dipaxis_s0.2,4c3df468,5392,914628.9756192411,13.024094422941392,4
R_dipaxis_s0.1,81bf5923,4543,6263176.358934726,37.13008573016574,4
R_dipaxis_s0.15,81bf5923,4543,7290545.722721951,40.059788364224715,4
R_dipaxis_s0.2,81bf5923,4543,8400507.958889147,43.00128219601926,4
R_dipaxis_s0.1,91abc4c7,5848,251920.55533153962,6.563388632187689,4
R_dipaxis_s0.15,91abc4c7,5848,237423.41875682955,6.371740720931709,4
R_dipaxis_s0.2,91abc4c7,5848,225539.2236884605,6.210225335326974,4
R_dipaxis_s0.1,9ad5410a,4205,275912.8768101496,8.100335085186703,4
R_dipaxis_s0.15,9ad5410a,4205,292613.775486549,8.34188856033475,4
R_dipaxis_s0.2,9ad5410a,4205,336637.65361052315,8.947430743567947,4
R_dipaxis_s0.1,1bcb2fcf,4524,162955.23199246684,6.001680283296909,4
R_dipaxis_s0.15,1bcb2fcf,4524,158551.9108248786,5.92003728647269,4
R_dipaxis_s0.2,1bcb2fcf,4524,154978.20344806975,5.852939202989976,4
R_dipaxis_s0.1,d3df146b,5787,906229.4903520508,12.513890608302702,4
R_dipaxis_s0.15,d3df146b,5787,971150.7890103861,12.95437881038489,4
R_dipaxis_s0.2,d3df146b,5787,1041307.4442569022,13.41413724313613,4
R_dipaxis_s0.1,dd6bc5b2,3602,408098.7222368585,10.644144538077725,4
R_dipaxis_s0.15,dd6bc5b2,3602,365725.83049478784,10.076413083884916,4
R_dipaxis_s0.2,dd6bc5b2,3602,325713.0760123958,9.50923856012914,4
R_dipaxis_s0.1,81fc01c6,5909,1480690.1086298148,15.82978778083568,4
R_dipaxis_s0.15,81fc01c6,5909,1568563.5711021996,16.292737757110263,4
R_dipaxis_s0.2,81fc01c6,5909,1665080.7670796176,16.786519419833937,4
R_dipaxis_s0.1,6a8fa194,3017,193838.22784615372,8.01552661006397,4
R_dipaxis_s0.15,6a8fa194,3017,189969.8240822533,7.935141128379281,4
R_dipaxis_s0.2,6a8fa194,3017,188999.28069371503,7.914845114289995,4
R_dipaxis_s0.1,9a95e33f,6447,6358443.6966662435,31.404839622401187,4
R_dipaxis_s0.15,9a95e33f,6447,6182872.372893673,30.968224439089656,4
R_dipaxis_s0.2,9a95e33f,6447,6011321.19618406,30.535577066059528,4
R_dipaxis_s0.1,14ab73fb,3649,944287.8408851235,16.08663719067618,4
R_dipaxis_s0.15,14ab73fb,3649,1034261.5166301834,16.83558652349466,4
R_dipaxis_s0.2,14ab73fb,3649,1136570.6984102654,17.648642099018105,4
R_dipaxis_s0.1,eb934281,5971,99416.79501268177,4.080433867629286,4
R_dipaxis_s0.15,eb934281,5971,143634.8980490999,4.904632251884615,4
R_dipaxis_s0.2,eb934281,5971,203784.46147223975,5.842005983330391,4
R_dipaxis_s0.1,75d20a82,5067,1490360.446728248,17.1502401576082,4
R_dipaxis_s0.15,75d20a82,5067,1530736.393669636,17.380999687080386,4
R_dipaxis_s0.2,75d20a82,5067,1602702.189695872,17.784880973915442,4
R_dipaxis_s0.1,b56bc0aa,5602,483407.00341557874,9.289341239274677,4
R_dipaxis_s0.15,b56bc0aa,5602,512285.9565405231,9.562791196216105,4
R_dipaxis_s0.2,b56bc0aa,5602,543511.3933768978,9.849921604706703,4
R_dipaxis_s0.1,593876b6,4842,547132.024295391,10.630010049404087,4
R_dipaxis_s0.15,593876b6,4842,471609.8443495393,9.869133833985344,4
R_dipaxis_s0.2,593876b6,4842,406686.88034131355,9.164688085906725,4
R_dipaxis_s0.1,25fd32b3,2885,92390.01412020627,5.658998880181433,4
R_dipaxis_s0.15,25fd32b3,2885,138868.3856429097,6.937911963015565,4
R_dipaxis_s0.2,25fd32b3,2885,195249.20474068553,8.22662551279648,4
R_dipaxis_s0.1,2ac7cb6b,4990,1304322.8139037665,16.167477770377932,4
R_dipaxis_s0.15,2ac7cb6b,4990,1074398.5674117508,14.673456789408945,4
R_dipaxis_s0.2,2ac7cb6b,4990,895161.6852571159,13.393696998588672,4
R_dipaxis_s0.1,89fdb2f2,2031,7478.630382128826,1.918916481735034,4
R_dipaxis_s0.15,89fdb2f2,2031,8976.983655045453,2.1023753482422745,4
R_dipaxis_s0.2,89fdb2f2,2031,10907.210982531215,2.3174047631570347,4
R_dipaxis_s0.1,fdfd57da,5236,38006.44115381477,2.694193497283549,4
R_dipaxis_s0.15,fdfd57da,5236,27393.601014038963,2.2873085009215273,4
R_dipaxis_s0.2,fdfd57da,5236,29236.23342979691,2.3629846009185442,4
R_dipaxis_s0.1,b32902c0,3808,131787.6347284227,5.882864723512943,4
R_dipaxis_s0.15,b32902c0,3808,152746.62423719373,6.333406166963686,4
R_dipaxis_s0.2,b32902c0,3808,177485.80737567184,6.827054116035347,4
R_dipaxis_s0.1,8648abae,4244,95811.11930065855,4.7513855140053565,4
R_dipaxis_s0.15,8648abae,4244,66001.83785490894,3.943577016245599,4
R_dipaxis_s0.2,8648abae,4244,50914.38797843509,3.46363864214551,4
R_dipaxis_s0.1,25939962,4319,356585.47917811945,9.086365972147032,4
R_dipaxis_s0.15,25939962,4319,294274.6491527438,8.254386937669768,4
R_dipaxis_s0.2,25939962,4319,248931.96475107537,7.591869451384265,4
R_dipaxis_s0.1,591cc951,4609,545082.7300664312,10.874964731030474,4
R_dipaxis_s0.15,591cc951,4609,361224.52715574024,8.85289394559317,4
R_dipaxis_s0.2,591cc951,4609,219789.42941580244,6.905578185111534,4
R_dipaxis_s0.1,7850c72e,5497,799212.5805602402,12.05780586558778,4
R_dipaxis_s0.15,7850c72e,5497,783139.9592779387,11.935945403055221,4
R_dipaxis_s0.2,7850c72e,5497,769449.995120703,11.831160122707173,4
R_dipaxis_s0.1,404c4384,911,11002.761336787848,3.4752948586159644,4
R_dipaxis_s0.15,404c4384,911,10610.90530634654,3.4128486651706877,4
R_dipaxis_s0.2,404c4384,911,10228.302010014188,3.350754295212817,4
R_dipaxis_s0.1,dd7d638e,4301,129504.54226153326,5.487288310872147,4
R_dipaxis_s0.15,dd7d638e,4301,117577.51083842036,5.228503578635286,4
R_dipaxis_s0.2,dd7d638e,4301,106447.57041272153,4.974886253683535,4
R_dipaxis_s0.1,da3bfe4e,5549,3353158.178726484,24.582138319713426,4
R_dipaxis_s0.15,da3bfe4e,5549,2639050.6199172684,21.808033110501363,4
R_dipaxis_s0.2,da3bfe4e,5549,2019043.0300931116,19.07503857901665,4
R_dipaxis_s0.1,113011eb,3272,98024.6921093902,5.4734492536880905,4
R_dipaxis_s0.15,113011eb,3272,107413.6532314775,5.729584071134847,4
R_dipaxis_s0.2,113011eb,3272,119628.62486516027,6.046595378213782,4
R_dipaxis_s0.1,74b6186b,3405,288479.11787192547,9.204466735878931,4
R_dipaxis_s0.15,74b6186b,3405,296415.25916648994,9.330216479247946,4
R_dipaxis_s0.2,74b6186b,3405,305564.5445001262,9.47311745582741,4
R_dipaxis_s0.1,3ef98781,3892,575891.841597474,12.164213869970252,4
R_dipaxis_s0.15,3ef98781,3892,564198.0708299286,12.040080278022026,4
R_dipaxis_s0.2,3ef98781,3892,553313.9768515414,11.923380531629462,4
R_dipaxis_s0.1,8b95d6d1,1731,227404.78958853672,11.461758928226972,4
R_dipaxis_s0.15,8b95d6d1,1731,201369.8437614775,10.785708598509814,4
R_dipaxis_s0.2,8b95d6d1,1731,177031.55492020104,10.112925503040207,4
R_dipaxis_s0.1,aee6393a,5865,352260.41141447704,7.749932336579766,4
R_dipaxis_s0.15,aee6393a,5865,520691.83907662064,9.42228805567031,4
R_dipaxis_s0.2,aee6393a,5865,726548.3701086973,11.130079289033391,4
R_dipaxis_s0.1,3f603129,5051,3630620.9906583936,26.810306124398178,4
R_dipaxis_s0.15,3f603129,5051,3250109.0942645054,25.36648461508379,4
R_dipaxis_s0.2,3f603129,5051,2892079.1307551805,23.928551052771418,4
R_dipaxis_s0.1,1f9afacb,5328,14134.875600436568,1.628785473043966,4
R_dipaxis_s0.15,1f9afacb,5328,19927.609343845877,1.9339511159514844,4
R_dipaxis_s0.2,1f9afacb,5328,36134.57101605145,2.6042300358434614,4
R_dipaxis_s0.1,a3f71395,5543,1001649.1417435604,13.442664890369866,4
R_dipaxis_s0.15,a3f71395,5543,1122560.7226200334,14.230903771640168,4
R_dipaxis_s0.2,a3f71395,5543,1410891.9286329472,15.95417807527359,4
R_dipaxis_s0.1,01982c1d,3941,136520.7410436336,5.885672612963318,4
R_dipaxis_s0.15,01982c1d,3941,127193.21775474286,5.681051937596713,4
R_dipaxis_s0.2,01982c1d,3941,118852.88815871032,5.491634850045988,4
R_dipaxis_s0.1,c9e6734f,4735,868653.362991844,13.544508841033904,4
R_dipaxis_s0.15,c9e6734f,4735,1170768.8422750586,15.724454433065123,4
R_dipaxis_s0.2,c9e6734f,4735,1552526.2923164684,18.107541541559318,4
R_dipaxis_s0.1,f439a621,2821,91975.37692321267,5.70997550338684,4
R_dipaxis_s0.15,f439a621,2821,114160.26485239508,6.3614474031931385,4
R_dipaxis_s0.2,f439a621,2821,162137.24272663266,7.581233072849562,4
R_dipaxis_s0.1,98bc6f66,6063,1390829.5577327968,15.145833271927913,4
R_dipaxis_s0.15,98bc6f66,6063,1184037.5642052619,13.974586180477637,4
R_dipaxis_s0.2,98bc6f66,6063,1005032.653981816,12.874972262775815,4
R_dipaxis_s0.1,e730c32b,4728,756429.2368705224,12.648686228122184,4
R_dipaxis_s0.15,e730c32b,4728,818686.4110610079,13.158914253694512,4
R_dipaxis_s0.2,e730c32b,4728,884375.537721594,13.676646652111007,4
R_dipaxis_s0.1,865033f8,3557,103857.55472888981,5.403524363719327,4
R_dipaxis_s0.15,865033f8,3557,95039.19606739,5.169034661614721,4
R_dipaxis_s0.2,865033f8,3557,87561.68318859508,4.961524246956099,4
R_dipaxis_s0.1,729665c0,4263,246296.0600934397,7.601005836335511,4
R_dipaxis_s0.15,729665c0,4263,213980.68228009832,7.084832998456716,4
R_dipaxis_s0.2,729665c0,4263,184653.64196005336,6.581445245898529,4
R_dipaxis_s0.1,7cbbd047,5121,303044.914864212,7.692652464901499,4
R_dipaxis_s0.15,7cbbd047,5121,177890.1872411564,5.893843614192374,4
R_dipaxis_s0.2,7cbbd047,5121,136399.99631465363,5.160951661209081,4
R_dipaxis_s0.1,c70c0e01,4312,362424.95428556117,9.167895836758067,4
R_dipaxis_s0.15,c70c0e01,4312,372020.3806145183,9.288465883705161,4
R_dipaxis_s0.2,c70c0e01,4312,382722.13083426876,9.421117316548889,4
R_dipaxis_s0.1,a87433c9,5721,287255.5992410135,7.0859531650142635,4
R_dipaxis_s0.15,a87433c9,5721,206019.30018247166,6.000921973422791,4
R_dipaxis_s0.2,a87433c9,5721,149904.29650456077,5.1188342416126575,4
R_dipaxis_s0.1,f6bc699b,3752,354304.1125370559,9.717547716302622,4
R_dipaxis_s0.15,f6bc699b,3752,323416.34523434186,9.284308604117363,4
R_dipaxis_s0.2,f6bc699b,3752,294948.3574841305,8.866282731715295,4
R_dipaxis_s0.1,8382f4b6,4967,5557852.502133406,33.45079382370106,4
R_dipaxis_s0.15,8382f4b6,4967,5152451.009412055,32.20771062336097,4
R_dipaxis_s0.2,8382f4b6,4967,4764858.524198695,30.972618638645162,4
R_dipaxis_s0.1,27c3155b,4958,904964.4554987061,13.510222441815339,4
R_dipaxis_s0.15,27c3155b,4958,636324.6802929742,11.328857727273085,4
R_dipaxis_s0.2,27c3155b,4958,429016.54338386765,9.30215899874281,4
R_dipaxis_s0.1,398dce4b,3166,57705.34904616433,4.269259769394889,4
R_dipaxis_s0.15,398dce4b,3166,58589.25497951712,4.30183285870765,4
R_dipaxis_s0.2,398dce4b,3166,62768.78498638684,4.452627925997662,4
R_dipaxis_s0.1,2acc78d4,4266,625900.3599785288,12.112733861838082,4
R_dipaxis_s0.15,2acc78d4,4266,554164.4428648914,11.397481676928633,4
R_dipaxis_s0.2,2acc78d4,4266,489999.9310826466,10.717354197055784,4
R_dipaxis_s0.1,660d9546,4732,252014.0189299836,7.2977668125340465,4
R_dipaxis_s0.15,660d9546,4732,192844.53448423167,6.383829795509677,4
R_dipaxis_s0.2,660d9546,4732,150600.06589798708,5.641443110347194,4
R_dipaxis_s0.1,cf50c9d1,4858,3699905.1488644085,27.597296530743105,4
R_dipaxis_s0.15,cf50c9d1,4858,3187347.930661897,25.6145058265939,4
R_dipaxis_s0.2,cf50c9d1,4858,2713532.549669644,23.634083332139703,4
R_dipaxis_s0.1,cb879f40,6315,434363.53901856724,8.293541153474866,4
R_dipaxis_s0.15,cb879f40,6315,465668.8137348993,8.58720635725924,4
R_dipaxis_s0.2,cb879f40,6315,535935.6747225979,9.212333592383375,4
R_dipaxis_s0.1,ecdab904,6147,1792135.8796123462,17.074730622640832,4
R_dipaxis_s0.15,ecdab904,6147,1818336.6893916768,17.19909297943894,4
R_dipaxis_s0.2,ecdab904,6147,1851115.7682198263,17.353424217359727,4
R_dipaxis_s0.1,aa95015b,4300,387314.90588854183,9.490691962526645,4
R_dipaxis_s0.15,aa95015b,4300,303453.8546418504,8.400634730197341,4
R_dipaxis_s0.2,aa95015b,4300,231630.55326786631,7.33945301282124,4
R_dipaxis_s0.1,c9fedcf3,3517,200069.81888325262,7.54231393806337,4
R_dipaxis_s0.15,c9fedcf3,3517,202455.58891098312,7.587150536185403,4
R_dipaxis_s0.2,c9fedcf3,3517,205189.22196279914,7.638201096945791,4
R_dipaxis_s0.1,4a335117,5015,2601437.7424241705,22.775674620558867,4
R_dipaxis_s0.15,4a335117,5015,2352419.0087394062,21.658175639508187,4
R_dipaxis_s0.2,4a335117,5015,2116265.433223468,20.54232521573171,4
R_dipaxis_s0.1,da940160,5132,413054.5681922979,8.971403518819447,4
R_dipaxis_s0.15,da940160,5132,320354.6305843212,7.900820208912629,4
R_dipaxis_s0.2,da940160,5132,243708.3471735834,6.891152776478916,4
R_dipaxis_s0.1,272abef3,4135,362652.56448890944,9.36499650237298,4
R_dipaxis_s0.15,272abef3,4135,339621.61397993524,9.062747994087523,4
R_dipaxis_s0.2,272abef3,4135,318821.06256868294,8.780833565561426,4
R_dipaxis_s0.1,a056d01e,6557,413684.5199320617,7.942953921203785,4
R_dipaxis_s0.15,a056d01e,6557,386461.9371084414,7.677163173465499,4
R_dipaxis_s0.2,a056d01e,6557,364255.021625048,7.453327112284136,4
R_dipaxis_s0.1,a4719920,5884,234237.65486594447,6.309457562729502,4
R_dipaxis_s0.15,a4719920,5884,203207.3782007356,5.876698420925861,4
R_dipaxis_s0.2,a4719920,5884,175240.56420341544,5.457339718093148,4
R_dipaxis_s0.1,726f3dc2,6723,286222.91145533527,6.524851649337535,4
R_dipaxis_s0.15,726f3dc2,6723,272361.34071146685,6.364894009846272,4
R_dipaxis_s0.2,726f3dc2,6723,261517.86701991552,6.236904972918781,4
R_dipaxis_s0.1,5cb483ac,3852,128846.48436602288,5.783532059708472,4
R_dipaxis_s0.15,5cb483ac,3852,122307.98992740182,5.634874854235688,4
R_dipaxis_s0.2,5cb483ac,3852,116460.04787436334,5.498514098213836,4
R_dipaxis_s0.1,5bd25f59,4210,109006.91228475964,5.0884553859601915,4
R_dipaxis_s0.15,5bd25f59,4210,272552.0469033039,8.046067582364516,4
R_dipaxis_s0.2,5bd25f59,4210,535204.9281059536,11.27506369418051,4
R_dipaxis_s0.1,79507629,5302,692018.1969896571,11.424544551866786,4
R_dipaxis_s0.15,79507629,5302,625305.9870245432,10.859915141879503,4
R_dipaxis_s0.2,79507629,5302,562707.7842861402,10.302001287761172,4
R_dipaxis_s0.1,f4d12d23,3701,1117243.9227028238,17.37458571525576,4
R_dipaxis_s0.15,f4d12d23,3701,1209264.314776519,18.0759476959242,4
R_dipaxis_s0.2,f4d12d23,3701,1308521.3856650544,18.80316122640558,4
R_dipaxis_s0.1,3ef6372a,4727,140070.5185405503,5.443529327384005,4
R_dipaxis_s0.15,3ef6372a,4727,133087.4386705956,5.306103687093192,4
R_dipaxis_s0.2,3ef6372a,4727,135902.81930715713,5.361933605330716,4
R_dipaxis_s0.1,18d24f7b,4558,189322.0980543682,6.4448600916035454,4
R_dipaxis_s0.15,18d24f7b,4558,159202.16587206197,5.909997885349899,4
R_dipaxis_s0.2,18d24f7b,4558,132044.22548343017,5.382357571992421,4
R_dipaxis_s0.1,fa31da94,5027,330444.06685748725,8.107641492960466,4
R_dipaxis_s0.15,fa31da94,5027,493002.5910677861,9.90307705532343,4
R_dipaxis_s0.2,fa31da94,5027,698891.752565784,11.790996627310369,4
R_dipaxis_s0.1,cdc31d65,4840,280452.17244851904,7.612139234737687,4
R_dipaxis_s0.15,cdc31d65,4840,297458.3038188617,7.839536161999765,4
R_dipaxis_s0.2,cdc31d65,4840,322642.67585326044,8.164662264113396,4
R_dipaxis_s0.1,c50b42f6,6014,696055.6983385436,10.758216621033066,4
R_dipaxis_s0.15,c50b42f6,6014,921366.3976967955,12.3775438289097,4
R_dipaxis_s0.2,c50b42f6,6014,1213277.9285810478,14.203600112851241,4
R_dipaxis_s0.1,19871e7f,5293,158771.61230854737,5.476908437795896,4
R_dipaxis_s0.15,19871e7f,5293,163061.06296088552,5.5503987864157915,4
R_dipaxis_s0.2,19871e7f,5293,167859.18414526733,5.631467822904228,4
R_dipaxis_s0.1,8cc21f01,4044,95071.08764866504,4.848625684751006,4
R_dipaxis_s0.15,8cc21f01,4044,91102.29291623164,4.74634256911994,4
R_dipaxis_s0.2,8cc21f01,4044,96477.16671261382,4.884349102029663,4
R_dipaxis_s0.1,e7818f7a,5371,420328.34778298484,8.846403901951327,4
R_dipaxis_s0.15,e7818f7a,5371,596573.2834710026,10.539119380892657,4
R_dipaxis_s0.2,e7818f7a,5371,821548.9948900522,12.36770615126593,4
R_dipaxis_s0.1,d543916f,4799,493751.2468101191,10.143287323478248,4
R_dipaxis_s0.15,d543916f,4799,491663.74597716995,10.121822518576174,4
R_dipaxis_s0.2,d543916f,4799,490037.3829522109,10.105067781265692,4
R_dipaxis_s0.1,3aaa2b30,4711,1017107.6432491081,14.693555808829135,4
R_dipaxis_s0.15,3aaa2b30,4711,831454.5006170758,13.285034669588423,4
R_dipaxis_s0.2,3aaa2b30,4711,665023.9438139668,11.88124876147387,4
R_dipaxis_s0.1,fbd68d27,6829,2685410.3431329792,19.830185294429036,4
R_dipaxis_s0.15,fbd68d27,6829,2387824.877824393,18.699185070625926,4
R_dipaxis_s0.2,fbd68d27,6829,2108037.19816567,17.569547589896654,4
R_dipaxis_s0.1,28473855,4290,64401.3546542593,3.8745284592939337,4
R_dipaxis_s0.15,28473855,4290,54738.13995315921,3.572040478851632,4
R_dipaxis_s0.2,28473855,4290,46724.74263323939,3.3002345976243115,4
R_dipaxis_s0.1,c66be2b8,4154,1602532.736029403,19.64129908538465,4
R_dipaxis_s0.15,c66be2b8,4154,1401539.0591930407,18.368316612418756,4
R_dipaxis_s0.2,c66be2b8,4154,1216437.099389325,17.112425971387623,4
R_dipaxis_s0.1,82aab6d2,6140,1074126.8099280866,13.226459082384618,4
R_dipaxis_s0.15,82aab6d2,6140,853082.7682114926,11.78722026594748,4
R_dipaxis_s0.2,82aab6d2,6140,674382.1040078489,10.480182197547258,4
R_dipaxis_s0.1,044af7d1,4519,385557.81424727855,9.23684347212038,4
R_dipaxis_s0.15,044af7d1,4519,359811.8702813403,8.923116695932412,4
R_dipaxis_s0.2,044af7d1,4519,335069.610389004,8.610856458358205,4
R_dipaxis_s0.1,d24ff243,5641,163113.28690317593,5.377329138020321,4
R_dipaxis_s0.15,d24ff243,5641,301541.4761293823,7.311314713376778,4
R_dipaxis_s0.2,d24ff243,5641,502044.8335386617,9.433941986077622,4
R_dipaxis_s0.1,e03b45fd,5342,1459089.0918633684,16.526807307062178,4
R_dipaxis_s0.15,e03b45fd,5342,1691119.3234267351,17.79242665201941,4
R_dipaxis_s0.2,e03b45fd,5342,2033292.4227445778,19.50958265992167,4
R_dipaxis_s0.1,1770d7c6,7240,927897.5249972658,11.320894027160929,4
R_dipaxis_s0.15,1770d7c6,7240,847546.4345420115,10.819631447535485,4
R_dipaxis_s0.2,1770d7c6,7240,771394.7952175245,10.322123930343006,4
R_dipaxis_s0.1,a79fd2e7,4404,480489.34918563237,10.44523529288417,4
R_dipaxis_s0.15,a79fd2e7,4404,406780.4619043096,9.610730240929735,4
R_dipaxis_s0.2,a79fd2e7,4404,348555.70814022614,8.89636196220853,4
R_dipaxis_s0.1,00bbac68,6014,1371901.1737652337,15.103573103069117,4
R_dipaxis_s0.15,00bbac68,6014,1362775.1780901449,15.053254197587004,4
R_dipaxis_s0.2,00bbac68,6014,1357273.474609923,15.022837479245466,4
R_dipaxis_s0.1,12203f2a,3261,428989.67780214903,11.469593386999115,4
R_dipaxis_s0.15,12203f2a,3261,347776.85661431646,10.327018130592437,4
R_dipaxis_s0.2,12203f2a,3261,275304.9927672077,9.18822548205637,4
R_dipaxis_s0.1,d463e527,4767,355000.51694597665,8.629624858803954,4
R_dipaxis_s0.15,d463e527,4767,357800.78617108834,8.663593549619698,4
R_dipaxis_s0.2,d463e527,4767,361415.19993093517,8.70724231843177,4
R_dipaxis_s0.1,b0d42b0d,4971,2186111.2966546547,20.970763991729832,4
R_dipaxis_s0.15,b0d42b0d,4971,2323880.6168318414,21.621460430856985,4
R_dipaxis_s0.2,b0d42b0d,4971,2474221.7721422715,22.30989007954883,4
R_dipaxis_s0.1,38991fd4,4798,702104.4776635373,12.096806940434094,4
R_dipaxis_s0.15,38991fd4,4798,553109.9544714027,10.736818595166797,4
R_dipaxis_s0.2,38991fd4,4798,424202.2746633085,9.40278216017308,4
R_dipaxis_s0.1,1b08ed48,5618,829383.7581436615,12.150297051129986,4
R_dipaxis_s0.15,1b08ed48,5618,851915.9236736683,12.31423679536014,4
R_dipaxis_s0.2,1b08ed48,5618,875462.2631424426,12.483255164928606,4
R_dipaxis_s0.1,6d1d74e1,5830,1218932.377853918,14.459575031618725,4
R_dipaxis_s0.15,6d1d74e1,5830,1472398.5443143938,15.891994728537654,4
R_dipaxis_s0.2,6d1d74e1,5830,1763152.2474305476,17.390442395027698,4
R_dipaxis_s0.1,647f2a41,3881,164944.4854340468,6.5192416413227,4
R_dipaxis_s0.15,647f2a41,3881,165301.70245824353,6.526297120037236,4
R_dipaxis_s0.2,647f2a41,3881,166353.18202055572,6.547021014084587,4
R_dipaxis_s0.1,a85bb86f,3099,172695.86644048756,7.465006379461288,4
R_dipaxis_s0.15,a85bb86f,3099,164977.64150036563,7.296284455830618,4
R_dipaxis_s0.2,a85bb86f,3099,158592.90112000308,7.153705933980561,4
R_dipaxis_s0.1,a612d5a0,5329,1910736.459364255,18.935533042146314,4
R_dipaxis_s0.15,a612d5a0,5329,1880348.9112620766,18.784358205794984,4
R_dipaxis_s0.2,a612d5a0,5329,1851505.4232702623,18.639730725171397,4
R_dipaxis_s0.1,b7974e66,5558,228872.47504264824,6.4170808612556485,4
R_dipaxis_s0.15,b7974e66,5558,226217.5498576918,6.379753163265636,4
R_dipaxis_s0.2,b7974e66,5558,235582.6284685454,6.510470273807897,4
R_dipaxis_s0.1,d6c320d9,5452,835836.4326442728,12.381769790930104,4
R_dipaxis_s0.15,d6c320d9,5452,923986.2423972739,13.018316589995715,4
R_dipaxis_s0.2,d6c320d9,5452,1020500.3293042148,13.681340478007549,4
R_dipaxis_s0.1,f03f10fe,4145,259274.8065869343,7.908932919457055,4
R_dipaxis_s0.15,f03f10fe,4145,225356.90766185574,7.3734912612970245,4
R_dipaxis_s0.2,f03f10fe,4145,203939.5170577505,7.014366045134716,4
R_dipaxis_s0.1,d011f41b,2267,220876.01388660868,9.870712849635071,4
R_dipaxis_s0.15,d011f41b,2267,199311.81333667293,9.376500046713254,4
R_dipaxis_s0.2,d011f41b,2267,178899.62232457375,8.883394557484745,4
R_dipaxis_s0.1,60e37807,2699,1202022.1739869684,21.103514998887047,4
R_dipaxis_s0.15,60e37807,2699,1215563.076041233,21.222048731637585,4
R_dipaxis_s0.2,60e37807,2699,1229473.5032693176,21.34313171283315,4
R_dipaxis_s0.1,46dfcfca,3606,2169635.944048702,24.52904118296745,4
R_dipaxis_s0.15,46dfcfca,3606,2285844.952011699,25.177379339340153,4
R_dipaxis_s0.2,46dfcfca,3606,2409255.8715671594,25.84809861025976,4
R_dipaxis_s0.1,bc4381e2,4955,730479.2683160601,12.141773246995061,4
R_dipaxis_s0.15,bc4381e2,4955,709742.8454200377,11.968195706126671,4
R_dipaxis_s0.2,bc4381e2,4955,693839.8511213193,11.833352198022583,4
R_dipaxis_s0.1,f8662c22,5429,1355591.5222172341,15.801725065700467,4
R_dipaxis_s0.15,f8662c22,5429,1374073.2687452408,15.909078494667783,4
R_dipaxis_s0.2,f8662c22,5429,1395063.4507528897,16.030130560597815,4
R_dipaxis_s0.1,e14d641e,3184,138956.22055014828,6.606211400436534,4
R_dipaxis_s0.15,e14d641e,3184,136934.18187133464,6.5579697062530515,4
R_dipaxis_s0.2,e14d641e,3184,136619.23668993352,6.550423782033141,4
R_dipaxis_s0.1,6e6d122c,5632,476244.45858421316,9.195675654509328,4
R_dipaxis_s0.15,6e6d122c,5632,490036.47471745755,9.327878496414217,4
R_dipaxis_s0.2,6e6d122c,5632,510318.7023781253,9.518958191574022,4
R_dipaxis_s0.1,155887bb,5585,479718.95509367454,9.267910918918892,4
R_dipaxis_s0.15,155887bb,5585,366562.19746055955,8.101440541472336,4
R_dipaxis_s0.2,155887bb,5585,276986.0722407632,7.042346299628891,4
R_dipaxis_s0.1,b3388334,6080,1233842.0612107422,14.245509802784893,4
R_dipaxis_s0.15,b3388334,6080,1239693.0984666762,14.279246870727357,4
R_dipaxis_s0.2,b3388334,6080,1248555.9004896577,14.330198494658937,4
R_dipaxis_s0.1,5a63b5d1,6217,3505999.859515286,23.747369704471623,4
R_dipaxis_s0.15,5a63b5d1,6217,4199679.476290939,25.99067982407732,4
R_dipaxis_s0.2,5a63b5d1,6217,4971053.610578693,28.277029813688632,4
R_dipaxis_s0.1,05a0ee4d,4348,1105546.834040118,15.945707924240269,4
R_dipaxis_s0.15,05a0ee4d,4348,948821.5266517748,14.77227884657663,4
R_dipaxis_s0.2,05a0ee4d,4348,806838.7137911576,13.622242163194139,4
R_dipaxis_s0.1,95b559e7,2887,1248741.8577302943,20.797586669319447,4
R_dipaxis_s0.15,95b559e7,2887,1275082.162911217,21.01578870165856,4
R_dipaxis_s0.2,95b559e7,2887,1302566.918469322,21.241081736388658,4
R_dipaxis_s0.1,a85e4bc3,4581,370388.53147999046,8.991841016363937,4
R_dipaxis_s0.15,a85e4bc3,4581,362834.95795744227,8.899680501164017,4
R_dipaxis_s0.2,a85e4bc3,4581,368641.5325598698,8.970610197592539,4
R_dipaxis_s0.1,d0a43760,4041,318585.009295272,8.879085604486926,4
R_dipaxis_s0.15,d0a43760,4041,533162.2256630461,11.486435041760501,4
R_dipaxis_s0.2,d0a43760,4041,808918.6972109135,14.148422220397242,4
R_dipaxis_s0.1,2ddad940,5331,257883.6206238296,6.955166614961418,4
R_dipaxis_s0.15,2ddad940,5331,239417.49812864384,6.701524394635964,4
R_dipaxis_s0.2,2ddad940,5331,226560.19092873178,6.519097249566272,4
R_dipaxis_s0.1,eb640a35,6037,599461.6152488666,9.964834768376809,4
R_dipaxis_s0.15,eb640a35,6037,601653.3271833601,9.983034533472189,4
R_dipaxis_s0.2,eb640a35,6037,605509.249691231,10.014973465030053,4
R_dipaxis_s0.1,5f75f796,5562,422762.5891955646,8.718319534429586,4
R_dipaxis_s0.15,5f75f796,5562,398166.1401715242,8.460902107227772,4
R_dipaxis_s0.2,5f75f796,5562,374538.3845996232,8.206021948807594,4
R_dipaxis_s0.1,9ab94eeb,4442,186368.21415581956,6.47733926417539,4
R_dipaxis_s0.15,9ab94eeb,4442,143735.86695997446,5.688441541225208,4
R_dipaxis_s0.2,9ab94eeb,4442,110258.30031494897,4.982145074575085,4
R_dipaxis_s0.1,b04b58a3,3402,451819.221526221,11.524317024046557,4
R_dipaxis_s0.15,b04b58a3,3402,399969.06460003945,10.84291483216689,4
R_dipaxis_s0.2,b04b58a3,3402,356325.3809476717,10.234254779127266,4
R_dipaxis_s0.1,65a5466a,4683,610828.8566885614,11.420830707643393,4
R_dipaxis_s0.15,65a5466a,4683,582987.6876759947,11.157518420904916,4
R_dipaxis_s0.2,65a5466a,4683,557423.8331255283,10.910149151154311,4
R_dipaxis_s0.1,d0cb63ae,5223,956599.4362412624,13.533341700838868,4
R_dipaxis_s0.15,d0cb63ae,5223,810618.1518551143,12.457994916735888,4
R_dipaxis_s0.2,d0cb63ae,5223,940496.2918978031,13.418949882470978,4
R_dipaxis_s0.1,43b06c70,4846,470777.68165711866,9.85635252161563,4
R_dipaxis_s0.15,43b06c70,4846,550598.4593179715,10.659228961556495,4
R_dipaxis_s0.2,43b06c70,4846,650928.5320670034,11.589773518043687,4
R_dipaxis_s0.1,0e5e560d,3253,346681.6714004061,10.323415545028766,4
R_dipaxis_s0.15,0e5e560d,3253,349893.4386767773,10.371124973874577,4
R_dipaxis_s0.2,0e5e560d,3253,354586.5553705944,10.4404471840329,4
R_dipaxis_s0.1,5f6756c5,5931,485656.684916916,9.049002818967924,4
R_dipaxis_s0.15,5f6756c5,5931,530573.7353105189,9.458209114900672,4
R_dipaxis_s0.2,5f6756c5,5931,588879.7559942428,9.964358639402173,4
R_dipaxis_s0.1,6d590e26,6096,385001.0428175885,7.947096264981317,4
R_dipaxis_s0.15,6d590e26,6096,391717.29462889885,8.016114170173417,4
R_dipaxis_s0.2,6d590e26,6096,425903.39407521614,8.35859093000568,4
R_dipaxis_s0.1,b881d27e,4009,1113884.122366256,16.668709529159333,4
R_dipaxis_s0.15,b881d27e,4009,977137.5656715648,15.612046164760956,4
R_dipaxis_s0.2,b881d27e,4009,849499.9471916328,14.556724075571758,4
R_dipaxis_s0.1,729e9750,5919,388961.2021388631,8.106417587662817,4
R_dipaxis_s0.15,729e9750,5919,356258.6000508961,7.758156007349952,4
R_dipaxis_s0.2,729e9750,5919,325793.2619913197,7.419025760312995,4
R_dipaxis_s0.1,3c3dbcbc,5069,296339.5596014186,7.645989018879347,4
R_dipaxis_s0.15,3c3dbcbc,5069,309155.3449658494,7.80957201549926,4
R_dipaxis_s0.2,3c3dbcbc,5069,347953.79497276206,8.28513602691986,4
R_dipaxis_s0.1,13ce113d,2966,29361.82213108532,3.1463420053335596,4
R_dipaxis_s0.15,13ce113d,2966,28133.319233958777,3.079817013525863,4
R_dipaxis_s0.2,13ce113d,2966,27600.24522838745,3.050499070871002,4
R_dipaxis_s0.1,ad2133a8,5729,4652026.532547782,28.495854222992236,4
R_dipaxis_s0.15,ad2133a8,5729,4727735.694735523,28.726795548126702,4
R_dipaxis_s0.2,ad2133a8,5729,4809867.752532408,28.97524765860874,4
R_dipaxis_s0.1,23b9beb0,7340,222120.1815330884,5.501054909151497,4
R_dipaxis_s0.15,23b9beb0,7340,228763.12743627056,5.582708895804591,4
R_dipaxis_s0.2,23b9beb0,7340,239789.18726387748,5.715665018412827,4
R_dipaxis_s0.1,e737965a,5955,506612.918064556,9.22353174647212,4
R_dipaxis_s0.15,e737965a,5955,471380.86351880507,8.897030736293617,4
R_dipaxis_s0.2,e737965a,5955,438222.6496876958,8.578404628839992,4
R_dipaxis_s0.1,da2d4d7c,2114,29999.5339950314,3.767079302164267,4
R_dipaxis_s0.15,da2d4d7c,2114,31998.426435616682,3.8905573310364785,4
R_dipaxis_s0.2,da2d4d7c,2114,34347.20773824898,4.030818349283906,4
R_dipaxis_s0.1,11d0f5ac,4883,1937888.8069326186,19.921455470605018,4
R_dipaxis_s0.15,11d0f5ac,4883,1725868.4098324198,18.80011377820362,4
R_dipaxis_s0.2,11d0f5ac,4883,1526493.4378878754,17.680889448993547,4
R_dipaxis_s0.1,bb337fa0,6873,3396801.5140117267,22.23114919370623,4
R_dipaxis_s0.15,bb337fa0,6873,3121921.204282361,21.312666874022216,4
R_dipaxis_s0.2,bb337fa0,6873,2860369.9375295043,20.40036465729627,4
R_dipaxis_s0.1,8050c789,3077,186655.76611904136,7.788556185102745,4
R_dipaxis_s0.15,8050c789,3077,187057.6712755595,7.796936793316518,4
R_dipaxis_s0.2,8050c789,3077,187693.85873007495,7.8101843200270595,4
R_dipaxis_s0.1,b32e4903,5770,181535.81043678618,5.609100837693621,4
R_dipaxis_s0.15,b32e4903,5770,177615.89668241522,5.548211520073453,4
R_dipaxis_s0.2,b32e4903,5770,176706.53277953144,5.533990333257216,4
R_dipaxis_s0.1,5aef5c6c,3121,269672.9898223814,9.295480426923195,4
R_dipaxis_s0.15,5aef5c6c,3121,236679.88594601344,8.708308207193207,4
R_dipaxis_s0.2,5aef5c6c,3121,215998.6344112766,8.319143552247155,4
R_dipaxis_s0.1,e25f1537,3177,353087.3636997241,10.542229835994249,4
R_dipaxis_s0.15,e25f1537,3177,297374.2893308963,9.674824621381216,4
R_dipaxis_s0.2,e25f1537,3177,265933.4238496111,9.149089059054816,4
R_dipaxis_s0.1,67847288,7429,944320.0663650583,11.274425728620093,4
R_dipaxis_s0.15,67847288,7429,931824.7909373606,11.199585538702218,4
R_dipaxis_s0.2,67847288,7429,921520.0182028598,11.137486939104887,4
R_dipaxis_s0.1,276b012a,4837,2457942.292664517,22.54227779822936,4
R_dipaxis_s0.15,276b012a,4837,1995469.276781203,20.311148391283847,4
R_dipaxis_s0.2,276b012a,4837,1588314.3552208007,18.120917654770746,4
R_dipaxis_s0.1,f9fc81aa,5598,401117.30335245974,8.46484970241887,4
R_dipaxis_s0.15,f9fc81aa,5598,397533.2327948501,8.426947206870105,4
R_dipaxis_s0.2,f9fc81aa,5598,397120.1009146812,8.422567264215585,4
R_dipaxis_s0.1,9719aa04,4871,270582.2547268805,7.453162512412845,4
R_dipaxis_s0.15,9719aa04,4871,289102.8156931285,7.70401457856857,4
R_dipaxis_s0.2,9719aa04,4871,311085.90636125783,7.991551512576786,4
R_dipaxis_s0.1,a622ce4d,6298,773746.2932466506,11.084036891341256,4
R_dipaxis_s0.15,a622ce4d,6298,652582.5067805344,10.179264182868327,4
R_dipaxis_s0.2,a622ce4d,6298,618191.9306880478,9.907414606903496,4
R_dipaxis_s0.1,af7a59ce,3024,35324.928288258794,3.4178244403198192,4
R_dipaxis_s0.15,af7a59ce,3024,29100.63835857549,3.1021326487480194,4
R_dipaxis_s0.2,af7a59ce,3024,24021.032013011278,2.8184149742835305,4
R_dipaxis_s0.1,2ee0235b,5556,154024.6767509951,5.265189838672119,4
R_dipaxis_s0.15,2ee0235b,5556,132798.9218004887,4.888956307084995,4
R_dipaxis_s0.2,2ee0235b,5556,131791.99653263466,4.870386198540769,4
R_dipaxis_s0.1,ec0d597b,4616,1282079.3251932699,16.665737933929723,4
R_dipaxis_s0.15,ec0d597b,4616,1313580.9910157872,16.86924040624936,4
R_dipaxis_s0.2,ec0d597b,4616,1354749.4798889104,17.131547565422466,4
R_dipaxis_s0.1,b8c49c1a,4319,278624.9284647119,8.031901669182146,4
R_dipaxis_s0.15,b8c49c1a,4319,275068.33061611315,7.980474125305513,4
R_dipaxis_s0.2,b8c49c1a,4319,274418.2661468836,7.971038485502749,4
R_dipaxis_s0.1,cd7f1687,4232,334586.9517341608,8.891635899714988,4
R_dipaxis_s0.15,cd7f1687,4232,276146.2855761286,8.077868397006098,4
R_dipaxis_s0.2,cd7f1687,4232,224917.11833469872,7.290182925847616,4
R_dipaxis_s0.1,d9ae59b2,3648,201103.85449756723,7.42476619813182,4
R_dipaxis_s0.15,d9ae59b2,3648,275307.2285926148,8.687231451620717,4
R_dipaxis_s0.2,d9ae59b2,3648,362920.09815183695,9.974200520766768,4
