model,well,bucket_kft,sse,n
F_grdp_Hu0d0.15_a_v0.05_s0.7_bias,fc0d20b2,0,545.7564894898792,999
F_grdp_Hu0d0.15_a_v0.05_s0.7_bias,fc0d20b2,1,1272.485662338307,1000
F_grdp_Hu0d0.15_a_v0.05_s0.7_bias,fc0d20b2,2,31260.96613971456,1000
F_grdp_Hu0d0.15_a_v0.05_s0.7_bias,fc0d20b2,3,123560.15682377057,955
F_grdp_Hu0d0.15_a_v0.05_s0.7_bias,be35c8f2,0,320778.0899777835,999
F_grdp_Hu0d0.15_a_v0.05_s0.7_bias,be35c8f2,1,546240.4971124651,1000
F_grdp_Hu0d0.15_a_v0.05_s0.7_bias,be35c8f2,2,318586.02211753395,1000
F_grdp_Hu0d0.15_a_v0.05_s0.7_bias,be35c8f2,3,6324.715420942294,1000
F_grdp_Hu0d0.15_a_v0.05_s0.7_bias,be35c8f2,4,1618.383149867805,227
F_grdp_Hu0d0.15_a_v0.05_s0.7_bias,90386ee4,0,971.5317318323006,999
F_grdp_Hu0d0.15_a_v0.05_s0.7_bias,90386ee4,1,23965.585329968922,1000
F_grdp_Hu0d0.15_a_v0.05_s0.7_bias,90386ee4,2,13829.617764004997,1000
F_grdp_Hu0d0.15_a_v0.05_s0.7_bias,90386ee4,3,11763.731014610436,841
F_grdp_Hu0d0.15_a_v0.05_s0.7_bias,4b831d20,0,344697.59599979466,999
F_grdp_Hu0d0.15_a_v0.05_s0.7_bias,4b831d20,1,131284.06977546142,1000
F_grdp_Hu0d0.15_a_v0.05_s0.7_bias,4b831d20,2,41882.56898031121,1000
F_grdp_Hu0d0.15_a_v0.05_s0.7_bias,4b831d20,3,22633.540482238837,1000
F_grdp_Hu0d0.15_a_v0.05_s0.7_bias,4b831d20,4,69781.46156292889,1000
F_grdp_Hu0d0.15_a_v0.05_s0.7_bias,4b831d20,5,119376.2907432465,1000
F_grdp_Hu0d0.15_a_v0.05_s0.7_bias,4b831d20,6,401911.1804839416,1000
F_grdp_Hu0d0.15_a_v0.05_s0.7_bias,4b831d20,7,63600.6878297011,313
F_grdp_Hu0d0.15_a_v0.05_s0.7_bias,fd8f77fa,0,125889.7648520581,999
F_grdp_Hu0d0.15_a_v0.05_s0.7_bias,fd8f77fa,1,106456.37922961664,1000
F_grdp_Hu0d0.15_a_v0.05_s0.7_bias,fd8f77fa,2,655393.5064890274,1000
F_grdp_Hu0d0.15_a_v0.05_s0.7_bias,fd8f77fa,3,933364.6326688438,1000
F_grdp_Hu0d0.15_a_v0.05_s0.7_bias,fd8f77fa,4,411061.3247644502,1000
F_grdp_Hu0d0.15_a_v0.05_s0.7_bias,fd8f77fa,5,10264.51830213273,273
F_grdp_Hu0d0.15_a_v0.05_s0.7_bias,cc08aa63,0,44757.02725981006,999
F_grdp_Hu0d0.15_a_v0.05_s0.7_bias,cc08aa63,1,426448.6920220777,1000
F_grdp_Hu0d0.15_a_v0.05_s0.7_bias,cc08aa63,2,366949.26200518187,1000
F_grdp_Hu0d0.15_a_v0.05_s0.7_bias,cc08aa63,3,90082.13277137157,275
F_grdp_Hu0d0.15_a_v0.05_s0.7_bias,dc7da28f,0,1442.4417578319571,999
F_grdp_Hu0d0.15_a_v0.05_s0.7_bias,dc7da28f,1,717.4284109744749,1000
F_grdp_Hu0d0.15_a_v0.05_s0.7_bias,dc7da28f,2,42412.408539661774,1000
F_grdp_Hu0d0.15_a_v0.05_s0.7_bias,dc7da28f,3,203873.5774006441,1000
F_grdp_Hu0d0.15_a_v0.05_s0.7_bias,dc7da28f,4,235570.82493740818,775
F_grdp_Hu0d0.15_a_v0.05_s0.7_bias,7cd4bb31,0,11494.622802691654,999
F_grdp_Hu0d0.15_a_v0.05_s0.7_bias,7cd4bb31,1,11527.327036449817,1000
F_grdp_Hu0d0.15_a_v0.05_s0.7_bias,7cd4bb31,2,10451.19984625421,1000
F_grdp_Hu0d0.15_a_v0.05_s0.7_bias,7cd4bb31,3,10581.644990072573,1000
F_grdp_Hu0d0.15_a_v0.05_s0.7_bias,7cd4bb31,4,13517.16251875557,1000
F_grdp_Hu0d0.15_a_v0.05_s0.7_bias,7cd4bb31,5,18627.640807429845,1000
F_grdp_Hu0d0.15_a_v0.05_s0.7_bias,7cd4bb31,6,9367.123945906444,440
F_grdp_Hu0d0.15_a_v0.05_s0.7_bias,cdc60a53,0,58656.36554078484,999
F_grdp_Hu0d0.15_a_v0.05_s0.7_bias,cdc60a53,1,54418.23842218031,1000
F_grdp_Hu0d0.15_a_v0.05_s0.7_bias,cdc60a53,2,3456.644357709089,1000
F_grdp_Hu0d0.15_a_v0.05_s0.7_bias,cdc60a53,3,10070.060359268002,1000
F_grdp_Hu0d0.15_a_v0.05_s0.7_bias,cdc60a53,4,2299.205407090118,1000
F_grdp_Hu0d0.15_a_v0.05_s0.7_bias,cdc60a53,5,22542.853247370495,879
F_grdp_Hu0d0.15_a_v0.05_s0.7_bias,f631da6e,0,1913.0175581711242,999
F_grdp_Hu0d0.15_a_v0.05_s0.7_bias,f631da6e,1,20960.490203406905,1000
F_grdp_Hu0d0.15_a_v0.05_s0.7_bias,f631da6e,2,41287.29316408776,1000
F_grdp_Hu0d0.15_a_v0.05_s0.7_bias,f631da6e,3,50754.54837170146,1000
F_grdp_Hu0d0.15_a_v0.05_s0.7_bias,f631da6e,4,11312.767020647983,94
F_grdp_Hu0d0.15_a_v0.05_s0.7_bias,4ddde4c1,0,3090.6253743479706,999
F_grdp_Hu0d0.15_a_v0.05_s0.7_bias,4ddde4c1,1,46900.143706440664,1000
F_grdp_Hu0d0.15_a_v0.05_s0.7_bias,4ddde4c1,2,29145.694575049863,1000
F_grdp_Hu0d0.15_a_v0.05_s0.7_bias,4ddde4c1,3,15159.77191583394,1000
F_grdp_Hu0d0.15_a_v0.05_s0.7_bias,4ddde4c1,4,1528.412122539387,473
F_grdp_Hu0d0.15_a_v0.05_s0.7_bias,82fcf37c,0,2787.2121606062574,999
F_grdp_Hu0d0.15_a_v0.05_s0.7_bias,82fcf37c,1,3752.169623737078,1000
F_grdp_Hu0d0.15_a_v0.05_s0.7_bias,82fcf37c,2,6476.556434196377,1000
F_grdp_Hu0d0.15_a_v0.05_s0.7_bias,82fcf37c,3,511.96197941489095,1000
F_grdp_Hu0d0.15_a_v0.05_s0.7_bias,82fcf37c,4,20409.08556236365,1000
F_grdp_Hu0d0.15_a_v0.05_s0.7_bias,82fcf37c,5,2532.003592819881,1000
F_grdp_Hu0d0.15_a_v0.05_s0.7_bias,82fcf37c,6,25.291712584236958,15
F_grdp_Hu0d0.15_a_v0.05_s0.7_bias,8a9c8932,0,1047.1594956744088,999
F_grdp_Hu0d0.15_a_v0.05_s0.7_bias,8a9c8932,1,1469.6818815318866,1000
F_grdp_Hu0d0.15_a_v0.05_s0.7_bias,8a9c8932,2,6978.303874952785,1000
F_grdp_Hu0d0.15_a_v0.05_s0.7_bias,8a9c8932,3,25785.408147902745,1000
F_grdp_Hu0d0.15_a_v0.05_s0.7_bias,8a9c8932,4,22593.533601320993,664
F_grdp_Hu0d0.15_a_v0.05_s0.7_bias,6ae68655,0,37557.83870542897,999
F_grdp_Hu0d0.15_a_v0.05_s0.7_bias,6ae68655,1,10920.290043184628,1000
F_grdp_Hu0d0.15_a_v0.05_s0.7_bias,6ae68655,2,9229.684818220028,1000
F_grdp_Hu0d0.15_a_v0.05_s0.7_bias,6ae68655,3,33803.13847113663,1000
F_grdp_Hu0d0.15_a_v0.05_s0.7_bias,6ae68655,4,33648.786215564,205
F_grdp_Hu0d0.15_a_v0.05_s0.7_bias,2d9f6cb9,0,613.056235849013,999
F_grdp_Hu0d0.15_a_v0.05_s0.7_bias,2d9f6cb9,1,14826.778552757394,1000
F_grdp_Hu0d0.15_a_v0.05_s0.7_bias,2d9f6cb9,2,58195.7214206671,1000
F_grdp_Hu0d0.15_a_v0.05_s0.7_bias,2d9f6cb9,3,14652.905888123767,1000
F_grdp_Hu0d0.15_a_v0.05_s0.7_bias,2d9f6cb9,4,19016.06982106555,1000
F_grdp_Hu0d0.15_a_v0.05_s0.7_bias,2d9f6cb9,5,46436.50143007201,1000
F_grdp_Hu0d0.15_a_v0.05_s0.7_bias,2d9f6cb9,6,80266.04433444754,1000
F_grdp_Hu0d0.15_a_v0.05_s0.7_bias,2d9f6cb9,7,40703.07898547299,339
F_grdp_Hu0d0.15_a_v0.05_s0.7_bias,97cd5bf9,0,6692.958753643157,999
F_grdp_Hu0d0.15_a_v0.05_s0.7_bias,97cd5bf9,1,4752.471463946214,1000
F_grdp_Hu0d0.15_a_v0.05_s0.7_bias,97cd5bf9,2,31125.366146403125,1000
F_grdp_Hu0d0.15_a_v0.05_s0.7_bias,97cd5bf9,3,39145.39488798587,450
F_grdp_Hu0d0.15_a_v0.05_s0.7_bias,204cc64b,0,96912.10841836612,999
F_grdp_Hu0d0.15_a_v0.05_s0.7_bias,204cc64b,1,20503.479852955894,1000
F_grdp_Hu0d0.15_a_v0.05_s0.7_bias,204cc64b,2,101891.9338930012,1000
F_grdp_Hu0d0.15_a_v0.05_s0.7_bias,204cc64b,3,141336.80270780058,1000
F_grdp_Hu0d0.15_a_v0.05_s0.7_bias,204cc64b,4,4949.489468640302,806
F_grdp_Hu0d0.15_a_v0.05_s0.7_bias,b1efb8a4,0,3354.1986006993775,999
F_grdp_Hu0d0.15_a_v0.05_s0.7_bias,b1efb8a4,1,1741.0858203203595,1000
F_grdp_Hu0d0.15_a_v0.05_s0.7_bias,b1efb8a4,2,1675.0646819466017,1000
F_grdp_Hu0d0.15_a_v0.05_s0.7_bias,b1efb8a4,3,43029.531374872386,1000
F_grdp_Hu0d0.15_a_v0.05_s0.7_bias,b1efb8a4,4,28999.049328808644,1000
F_grdp_Hu0d0.15_a_v0.05_s0.7_bias,b1efb8a4,5,14056.338518979714,999
F_grdp_Hu0d0.15_a_v0.05_s0.7_bias,d63196fe,0,32896.04220435167,999
F_grdp_Hu0d0.15_a_v0.05_s0.7_bias,d63196fe,1,229700.99275547525,1000
F_grdp_Hu0d0.15_a_v0.05_s0.7_bias,d63196fe,2,250911.26734045718,1000
F_grdp_Hu0d0.15_a_v0.05_s0.7_bias,d63196fe,3,236783.55203929645,1000
F_grdp_Hu0d0.15_a_v0.05_s0.7_bias,d63196fe,4,129153.77901165317,511
F_grdp_Hu0d0.15_a_v0.05_s0.7_bias,1d3fbf02,0,21001.97961524156,999
F_grdp_Hu0d0.15_a_v0.05_s0.7_bias,1d3fbf02,1,37521.51019222175,1000
F_grdp_Hu0d0.15_a_v0.05_s0.7_bias,1d3fbf02,2,13183.66295953322,695
F_grdp_Hu0d0.15_a_v0.05_s0.7_bias,ae35f33a,0,5127.7658243777305,999
F_grdp_Hu0d0.15_a_v0.05_s0.7_bias,ae35f33a,1,22232.214944197094,1000
F_grdp_Hu0d0.15_a_v0.05_s0.7_bias,ae35f33a,2,55278.91147143114,1000
F_grdp_Hu0d0.15_a_v0.05_s0.7_bias,ae35f33a,3,170386.55378759804,1000
F_grdp_Hu0d0.15_a_v0.05_s0.7_bias,ae35f33a,4,38145.87834918322,451
F_grdp_Hu0d0.15_a_v0.05_s0.7_bias,3b21ea64,0,8981.227812020128,999
F_grdp_Hu0d0.15_a_v0.05_s0.7_bias,3b21ea64,1,17193.25800781986,1000
F_grdp_Hu0d0.15_a_v0.05_s0.7_bias,3b21ea64,2,10101.828728384593,1000
F_grdp_Hu0d0.15_a_v0.05_s0.7_bias,3b21ea64,3,1261.2371946550252,1000
F_grdp_Hu0d0.15_a_v0.05_s0.7_bias,3b21ea64,4,8330.169336327615,1000
F_grdp_Hu0d0.15_a_v0.05_s0.7_bias,3b21ea64,5,15402.329552362195,1000
F_grdp_Hu0d0.15_a_v0.05_s0.7_bias,3b21ea64,6,166328.6728432281,1000
F_grdp_Hu0d0.15_a_v0.05_s0.7_bias,3b21ea64,7,199283.32886366828,377
F_grdp_Hu0d0.15_a_v0.05_s0.7_bias,9bd2bba3,0,61211.672574291304,999
F_grdp_Hu0d0.15_a_v0.05_s0.7_bias,9bd2bba3,1,30123.0926581616,1000
F_grdp_Hu0d0.15_a_v0.05_s0.7_bias,9bd2bba3,2,7197.502943183333,1000
F_grdp_Hu0d0.15_a_v0.05_s0.7_bias,9bd2bba3,3,50426.618655796585,1000
F_grdp_Hu0d0.15_a_v0.05_s0.7_bias,9bd2bba3,4,54582.112221581134,1000
F_grdp_Hu0d0.15_a_v0.05_s0.7_bias,9bd2bba3,5,28675.947988130127,1000
F_grdp_Hu0d0.15_a_v0.05_s0.7_bias,9bd2bba3,6,420.5219279683199,1000
F_grdp_Hu0d0.15_a_v0.05_s0.7_bias,9bd2bba3,7,7284.905486835151,440
F_grdp_Hu0d0.15_a_v0.05_s0.7_bias,df71d1ff,0,37457.81763039861,999
F_grdp_Hu0d0.15_a_v0.05_s0.7_bias,df71d1ff,1,9014.653894473691,1000
F_grdp_Hu0d0.15_a_v0.05_s0.7_bias,df71d1ff,2,66018.88949981071,1000
F_grdp_Hu0d0.15_a_v0.05_s0.7_bias,df71d1ff,3,218912.58620112878,1000
F_grdp_Hu0d0.15_a_v0.05_s0.7_bias,df71d1ff,4,662091.8024182565,1000
F_grdp_Hu0d0.15_a_v0.05_s0.7_bias,df71d1ff,5,305355.91342427506,1000
F_grdp_Hu0d0.15_a_v0.05_s0.7_bias,df71d1ff,6,50318.82441965452,229
F_grdp_Hu0d0.15_a_v0.05_s0.7_bias,4c2208f5,0,394552.19809185277,999
F_grdp_Hu0d0.15_a_v0.05_s0.7_bias,4c2208f5,1,2504562.2411589283,1000
F_grdp_Hu0d0.15_a_v0.05_s0.7_bias,4c2208f5,2,1290052.4111969383,1000
F_grdp_Hu0d0.15_a_v0.05_s0.7_bias,4c2208f5,3,1655802.8287272942,1000
F_grdp_Hu0d0.15_a_v0.05_s0.7_bias,4c2208f5,4,1288066.6242185126,1000
F_grdp_Hu0d0.15_a_v0.05_s0.7_bias,4c2208f5,5,69208.95373256995,385
F_grdp_Hu0d0.15_a_v0.05_s0.7_bias,230eaaa3,0,45525.6016108648,999
F_grdp_Hu0d0.15_a_v0.05_s0.7_bias,230eaaa3,1,32003.10229786566,1000
F_grdp_Hu0d0.15_a_v0.05_s0.7_bias,230eaaa3,2,1195.9885349652411,1000
F_grdp_Hu0d0.15_a_v0.05_s0.7_bias,230eaaa3,3,49892.16854407625,1000
F_grdp_Hu0d0.15_a_v0.05_s0.7_bias,230eaaa3,4,27336.689226473292,691
F_grdp_Hu0d0.15_a_v0.05_s0.7_bias,02e7fe5a,0,7516.747189841689,999
F_grdp_Hu0d0.15_a_v0.05_s0.7_bias,02e7fe5a,1,7885.35847784496,1000
F_grdp_Hu0d0.15_a_v0.05_s0.7_bias,02e7fe5a,2,29833.14093487474,1000
F_grdp_Hu0d0.15_a_v0.05_s0.7_bias,02e7fe5a,3,9299.273932671971,1000
F_grdp_Hu0d0.15_a_v0.05_s0.7_bias,02e7fe5a,4,13460.353001361638,1000
F_grdp_Hu0d0.15_a_v0.05_s0.7_bias,02e7fe5a,5,5120.529278213004,109
F_grdp_Hu0d0.15_a_v0.05_s0.7_bias,e9949a23,0,28868.30736484658,999
F_grdp_Hu0d0.15_a_v0.05_s0.7_bias,e9949a23,1,50746.291518268285,1000
F_grdp_Hu0d0.15_a_v0.05_s0.7_bias,e9949a23,2,294748.3540621423,1000
F_grdp_Hu0d0.15_a_v0.05_s0.7_bias,e9949a23,3,159633.10136111666,1000
F_grdp_Hu0d0.15_a_v0.05_s0.7_bias,e9949a23,4,10539.256136180215,560
F_grdp_Hu0d0.15_a_v0.05_s0.7_bias,9af1ffd0,0,1406.0496518081611,999
F_grdp_Hu0d0.15_a_v0.05_s0.7_bias,9af1ffd0,1,5993.104125472923,1000
F_grdp_Hu0d0.15_a_v0.05_s0.7_bias,9af1ffd0,2,376783.4668173507,1000
F_grdp_Hu0d0.15_a_v0.05_s0.7_bias,9af1ffd0,3,335143.8593217249,526
F_grdp_Hu0d0.15_a_v0.05_s0.7_bias,2d0c268a,0,24751.995033556683,999
F_grdp_Hu0d0.15_a_v0.05_s0.7_bias,2d0c268a,1,346415.7711969149,1000
F_grdp_Hu0d0.15_a_v0.05_s0.7_bias,2d0c268a,2,129330.86123928367,1000
F_grdp_Hu0d0.15_a_v0.05_s0.7_bias,2d0c268a,3,95637.18071361094,1000
F_grdp_Hu0d0.15_a_v0.05_s0.7_bias,2d0c268a,4,161149.5398673566,551
F_grdp_Hu0d0.15_a_v0.05_s0.7_bias,14a53cb3,0,15438.192223357542,999
F_grdp_Hu0d0.15_a_v0.05_s0.7_bias,14a53cb3,1,24817.512180558566,1000
F_grdp_Hu0d0.15_a_v0.05_s0.7_bias,14a53cb3,2,7094.988708145072,1000
F_grdp_Hu0d0.15_a_v0.05_s0.7_bias,14a53cb3,3,44549.48736654418,1000
F_grdp_Hu0d0.15_a_v0.05_s0.7_bias,14a53cb3,4,84828.03123897272,1000
F_grdp_Hu0d0.15_a_v0.05_s0.7_bias,14a53cb3,5,58736.01264412647,1000
F_grdp_Hu0d0.15_a_v0.05_s0.7_bias,14a53cb3,6,116389.94078149175,920
F_grdp_Hu0d0.15_a_v0.05_s0.7_bias,3e011332,0,34416.59742153461,999
F_grdp_Hu0d0.15_a_v0.05_s0.7_bias,3e011332,1,135342.70781365866,1000
F_grdp_Hu0d0.15_a_v0.05_s0.7_bias,3e011332,2,104314.68288435596,724
F_grdp_Hu0d0.15_a_v0.05_s0.7_bias,4f69febf,0,9149.100939717653,999
F_grdp_Hu0d0.15_a_v0.05_s0.7_bias,4f69febf,1,1017.3339891155973,1000
F_grdp_Hu0d0.15_a_v0.05_s0.7_bias,4f69febf,2,1321.777049497941,1000
F_grdp_Hu0d0.15_a_v0.05_s0.7_bias,4f69febf,3,2079.642098860052,1000
F_grdp_Hu0d0.15_a_v0.05_s0.7_bias,4f69febf,4,12527.090113170627,1000
F_grdp_Hu0d0.15_a_v0.05_s0.7_bias,4f69febf,5,13053.759868968742,461
F_grdp_Hu0d0.15_a_v0.05_s0.7_bias,03a935ae,0,109080.56651271466,999
F_grdp_Hu0d0.15_a_v0.05_s0.7_bias,03a935ae,1,326006.79778858257,1000
F_grdp_Hu0d0.15_a_v0.05_s0.7_bias,03a935ae,2,970984.9791020224,787
F_grdp_Hu0d0.15_a_v0.05_s0.7_bias,93209a3d,0,72659.48327654159,999
F_grdp_Hu0d0.15_a_v0.05_s0.7_bias,93209a3d,1,62970.78903178425,1000
F_grdp_Hu0d0.15_a_v0.05_s0.7_bias,93209a3d,2,49380.75781247585,1000
F_grdp_Hu0d0.15_a_v0.05_s0.7_bias,93209a3d,3,134757.05319502656,1000
F_grdp_Hu0d0.15_a_v0.05_s0.7_bias,93209a3d,4,45263.733393214614,698
F_grdp_Hu0d0.15_a_v0.05_s0.7_bias,c99f9fae,0,7470.183561107433,999
F_grdp_Hu0d0.15_a_v0.05_s0.7_bias,c99f9fae,1,15893.466611987542,1000
F_grdp_Hu0d0.15_a_v0.05_s0.7_bias,c99f9fae,2,4058.3491701231133,1000
F_grdp_Hu0d0.15_a_v0.05_s0.7_bias,c99f9fae,3,235912.22607487868,1000
F_grdp_Hu0d0.15_a_v0.05_s0.7_bias,c99f9fae,4,125991.90636973543,1000
F_grdp_Hu0d0.15_a_v0.05_s0.7_bias,c99f9fae,5,283738.1375413001,1000
F_grdp_Hu0d0.15_a_v0.05_s0.7_bias,c99f9fae,6,66564.51333447192,362
F_grdp_Hu0d0.15_a_v0.05_s0.7_bias,8ac2f237,0,1623.0739226422568,999
F_grdp_Hu0d0.15_a_v0.05_s0.7_bias,8ac2f237,1,4823.307882074068,1000
F_grdp_Hu0d0.15_a_v0.05_s0.7_bias,8ac2f237,2,7819.005768797019,1000
F_grdp_Hu0d0.15_a_v0.05_s0.7_bias,8ac2f237,3,87863.93820288255,1000
F_grdp_Hu0d0.15_a_v0.05_s0.7_bias,8ac2f237,4,266854.3222370634,1000
F_grdp_Hu0d0.15_a_v0.05_s0.7_bias,8ac2f237,5,142482.63270187663,320
F_grdp_Hu0d0.15_a_v0.05_s0.7_bias,10be2420,0,144.6863592228509,999
F_grdp_Hu0d0.15_a_v0.05_s0.7_bias,10be2420,1,1673.0645797120515,1000
F_grdp_Hu0d0.15_a_v0.05_s0.7_bias,10be2420,2,1926.3339552485481,1000
F_grdp_Hu0d0.15_a_v0.05_s0.7_bias,10be2420,3,515.2220287979561,272
F_grdp_Hu0d0.15_a_v0.05_s0.7_bias,0c1b160c,0,51370.78489266685,999
F_grdp_Hu0d0.15_a_v0.05_s0.7_bias,0c1b160c,1,60468.792110898714,1000
F_grdp_Hu0d0.15_a_v0.05_s0.7_bias,0c1b160c,2,21579.05287064063,1000
F_grdp_Hu0d0.15_a_v0.05_s0.7_bias,0c1b160c,3,34887.09976697821,1000
F_grdp_Hu0d0.15_a_v0.05_s0.7_bias,0c1b160c,4,98668.48486944001,1000
F_grdp_Hu0d0.15_a_v0.05_s0.7_bias,0c1b160c,5,4168.258318898435,55
F_grdp_Hu0d0.15_a_v0.05_s0.7_bias,153552f5,0,3416.976253585553,999
F_grdp_Hu0d0.15_a_v0.05_s0.7_bias,153552f5,1,750.1648875219564,1000
F_grdp_Hu0d0.15_a_v0.05_s0.7_bias,153552f5,2,9120.029466802565,1000
F_grdp_Hu0d0.15_a_v0.05_s0.7_bias,153552f5,3,88427.64275607759,1000
F_grdp_Hu0d0.15_a_v0.05_s0.7_bias,153552f5,4,117779.2547389704,696
F_grdp_Hu0d0.15_a_v0.05_s0.7_bias,684a6fc1,0,2197.7858574103016,999
F_grdp_Hu0d0.15_a_v0.05_s0.7_bias,684a6fc1,1,3517.245513093352,1000
F_grdp_Hu0d0.15_a_v0.05_s0.7_bias,684a6fc1,2,4993.08020423512,1000
F_grdp_Hu0d0.15_a_v0.05_s0.7_bias,684a6fc1,3,1670.2599367790444,1000
F_grdp_Hu0d0.15_a_v0.05_s0.7_bias,684a6fc1,4,641.8247853023531,1000
F_grdp_Hu0d0.15_a_v0.05_s0.7_bias,684a6fc1,5,2656.6597879085575,1000
F_grdp_Hu0d0.15_a_v0.05_s0.7_bias,684a6fc1,6,14127.161636497553,1000
F_grdp_Hu0d0.15_a_v0.05_s0.7_bias,684a6fc1,7,315844.493461969,1000
F_grdp_Hu0d0.15_a_v0.05_s0.7_bias,684a6fc1,8,561440.014246879,1000
F_grdp_Hu0d0.15_a_v0.05_s0.7_bias,684a6fc1,9,82331.90415170821,819
F_grdp_Hu0d0.15_a_v0.05_s0.7_bias,9c350a6a,0,18475.732514954467,999
F_grdp_Hu0d0.15_a_v0.05_s0.7_bias,9c350a6a,1,82808.21985316213,1000
F_grdp_Hu0d0.15_a_v0.05_s0.7_bias,9c350a6a,2,220684.57223927102,1000
F_grdp_Hu0d0.15_a_v0.05_s0.7_bias,9c350a6a,3,432272.5770161765,1000
F_grdp_Hu0d0.15_a_v0.05_s0.7_bias,9c350a6a,4,1285970.7139466058,1000
F_grdp_Hu0d0.15_a_v0.05_s0.7_bias,9c350a6a,5,800727.3816981959,1000
F_grdp_Hu0d0.15_a_v0.05_s0.7_bias,9c350a6a,6,1984.5775508715305,53
F_grdp_Hu0d0.15_a_v0.05_s0.7_bias,729f4217,0,1823.353671096008,999
F_grdp_Hu0d0.15_a_v0.05_s0.7_bias,729f4217,1,7281.121242802105,1000
F_grdp_Hu0d0.15_a_v0.05_s0.7_bias,729f4217,2,5483.577333725789,1000
F_grdp_Hu0d0.15_a_v0.05_s0.7_bias,729f4217,3,2305.1974533887465,1000
F_grdp_Hu0d0.15_a_v0.05_s0.7_bias,729f4217,4,2330.276302816388,1000
F_grdp_Hu0d0.15_a_v0.05_s0.7_bias,729f4217,5,10526.505430143025,1000
F_grdp_Hu0d0.15_a_v0.05_s0.7_bias,729f4217,6,17138.109744030662,196
F_grdp_Hu0d0.15_a_v0.05_s0.7_bias,261785ee,0,168276.75713777472,999
F_grdp_Hu0d0.15_a_v0.05_s0.7_bias,261785ee,1,783639.7479703352,1000
F_grdp_Hu0d0.15_a_v0.05_s0.7_bias,261785ee,2,818292.8695001644,1000
F_grdp_Hu0d0.15_a_v0.05_s0.7_bias,261785ee,3,43840.88427476125,647
F_grdp_Hu0d0.15_a_v0.05_s0.7_bias,c6b782a4,0,46945.26729589276,999
F_grdp_Hu0d0.15_a_v0.05_s0.7_bias,c6b782a4,1,12998.04548589148,1000
F_grdp_Hu0d0.15_a_v0.05_s0.7_bias,c6b782a4,2,50673.05000278043,1000
F_grdp_Hu0d0.15_a_v0.05_s0.7_bias,c6b782a4,3,76901.68588219985,1000
F_grdp_Hu0d0.15_a_v0.05_s0.7_bias,c6b782a4,4,3615.2540827063485,878
F_grdp_Hu0d0.15_a_v0.05_s0.7_bias,fb03ae90,0,388909.9327942125,999
F_grdp_Hu0d0.15_a_v0.05_s0.7_bias,fb03ae90,1,1782238.6558475157,1000
F_grdp_Hu0d0.15_a_v0.05_s0.7_bias,fb03ae90,2,2174780.4988907184,1000
F_grdp_Hu0d0.15_a_v0.05_s0.7_bias,fb03ae90,3,2232867.1621024217,1000
F_grdp_Hu0d0.15_a_v0.05_s0.7_bias,fb03ae90,4,2159092.562922729,1000
F_grdp_Hu0d0.15_a_v0.05_s0.7_bias,fb03ae90,5,1889934.3145672868,1000
F_grdp_Hu0d0.15_a_v0.05_s0.7_bias,fb03ae90,6,585540.318453084,432
F_grdp_Hu0d0.15_a_v0.05_s0.7_bias,201661b5,0,180843.4092758177,999
F_grdp_Hu0d0.15_a_v0.05_s0.7_bias,201661b5,1,49284.292955549485,1000
F_grdp_Hu0d0.15_a_v0.05_s0.7_bias,201661b5,2,146502.0215686678,1000
F_grdp_Hu0d0.15_a_v0.05_s0.7_bias,201661b5,3,217394.99862231736,1000
F_grdp_Hu0d0.15_a_v0.05_s0.7_bias,201661b5,4,289507.28074350057,1000
F_grdp_Hu0d0.15_a_v0.05_s0.7_bias,201661b5,5,497556.6391618506,956
F_grdp_Hu0d0.15_a_v0.05_s0.7_bias,a0383629,0,7180.988382625381,999
F_grdp_Hu0d0.15_a_v0.05_s0.7_bias,a0383629,1,2416.355354572751,1000
F_grdp_Hu0d0.15_a_v0.05_s0.7_bias,a0383629,2,6039.47750261079,1000
F_grdp_Hu0d0.15_a_v0.05_s0.7_bias,a0383629,3,10040.857978502207,1000
F_grdp_Hu0d0.15_a_v0.05_s0.7_bias,a0383629,4,41044.651294099254,1000
F_grdp_Hu0d0.15_a_v0.05_s0.7_bias,a0383629,5,127011.10948634455,833
F_grdp_Hu0d0.15_a_v0.05_s0.7_bias,3a223519,0,6239.266378517346,999
F_grdp_Hu0d0.15_a_v0.05_s0.7_bias,3a223519,1,10923.601347499369,1000
F_grdp_Hu0d0.15_a_v0.05_s0.7_bias,3a223519,2,3910.2811632521807,1000
F_grdp_Hu0d0.15_a_v0.05_s0.7_bias,3a223519,3,3020.1081415310637,1000
F_grdp_Hu0d0.15_a_v0.05_s0.7_bias,3a223519,4,425.4520801224561,584
F_grdp_Hu0d0.15_a_v0.05_s0.7_bias,3407f5bf,0,1308.1660219764212,999
F_grdp_Hu0d0.15_a_v0.05_s0.7_bias,3407f5bf,1,3980.8044923717753,1000
F_grdp_Hu0d0.15_a_v0.05_s0.7_bias,3407f5bf,2,95804.40567291588,1000
F_grdp_Hu0d0.15_a_v0.05_s0.7_bias,3407f5bf,3,377127.5864528473,639
F_grdp_Hu0d0.15_a_v0.05_s0.7_bias,493b5b31,0,180139.60322524828,999
F_grdp_Hu0d0.15_a_v0.05_s0.7_bias,493b5b31,1,48503.517327758906,1000
F_grdp_Hu0d0.15_a_v0.05_s0.7_bias,493b5b31,2,135315.35555737632,1000
F_grdp_Hu0d0.15_a_v0.05_s0.7_bias,493b5b31,3,192972.16321134524,1000
F_grdp_Hu0d0.15_a_v0.05_s0.7_bias,493b5b31,4,135227.24802655188,672
F_grdp_Hu0d0.15_a_v0.05_s0.7_bias,939d9c34,0,24804.47270000919,999
F_grdp_Hu0d0.15_a_v0.05_s0.7_bias,939d9c34,1,212025.5891000278,1000
F_grdp_Hu0d0.15_a_v0.05_s0.7_bias,939d9c34,2,159943.83040002012,1000
F_grdp_Hu0d0.15_a_v0.05_s0.7_bias,939d9c34,3,268894.98669996,1000
F_grdp_Hu0d0.15_a_v0.05_s0.7_bias,939d9c34,4,362256.5498999884,1000
F_grdp_Hu0d0.15_a_v0.05_s0.7_bias,939d9c34,5,139666.41010001156,102
F_grdp_Hu0d0.15_a_v0.05_s0.7_bias,6767c111,0,309452.24993808975,999
F_grdp_Hu0d0.15_a_v0.05_s0.7_bias,6767c111,1,155034.85876947385,1000
F_grdp_Hu0d0.15_a_v0.05_s0.7_bias,6767c111,2,90923.60374751512,1000
F_grdp_Hu0d0.15_a_v0.05_s0.7_bias,6767c111,3,75583.03005758655,1000
F_grdp_Hu0d0.15_a_v0.05_s0.7_bias,6767c111,4,68015.56355579794,1000
F_grdp_Hu0d0.15_a_v0.05_s0.7_bias,6767c111,5,36050.48363975732,1000
F_grdp_Hu0d0.15_a_v0.05_s0.7_bias,6767c111,6,40885.82081965794,784
F_grdp_Hu0d0.15_a_v0.05_s0.7_bias,e5c92e59,0,3733.5894524087134,999
F_grdp_Hu0d0.15_a_v0.05_s0.7_bias,e5c92e59,1,27777.41807097177,1000
F_grdp_Hu0d0.15_a_v0.05_s0.7_bias,e5c92e59,2,4780.023747731043,1000
F_grdp_Hu0d0.15_a_v0.05_s0.7_bias,e5c92e59,3,10156.937026560436,1000
F_grdp_Hu0d0.15_a_v0.05_s0.7_bias,e5c92e59,4,12498.143183983151,296
F_grdp_Hu0d0.15_a_v0.05_s0.7_bias,fb0904bd,0,782.3395286438728,999
F_grdp_Hu0d0.15_a_v0.05_s0.7_bias,fb0904bd,1,73496.8156587226,1000
F_grdp_Hu0d0.15_a_v0.05_s0.7_bias,fb0904bd,2,38088.81890471639,1000
F_grdp_Hu0d0.15_a_v0.05_s0.7_bias,fb0904bd,3,1022.1303026507644,182
F_grdp_Hu0d0.15_a_v0.05_s0.7_bias,0d99f8e4,0,2987.2133744657344,999
F_grdp_Hu0d0.15_a_v0.05_s0.7_bias,0d99f8e4,1,3235.752256619112,1000
F_grdp_Hu0d0.15_a_v0.05_s0.7_bias,0d99f8e4,2,2686.4099725835167,1000
F_grdp_Hu0d0.15_a_v0.05_s0.7_bias,0d99f8e4,3,3407.5875089638457,1000
F_grdp_Hu0d0.15_a_v0.05_s0.7_bias,0d99f8e4,4,35092.14064420733,1000
F_grdp_Hu0d0.15_a_v0.05_s0.7_bias,0d99f8e4,5,122458.9099168607,824
F_grdp_Hu0d0.15_a_v0.05_s0.7_bias,df73b8f3,0,106787.23142515062,999
F_grdp_Hu0d0.15_a_v0.05_s0.7_bias,df73b8f3,1,121162.55414515687,1000
F_grdp_Hu0d0.15_a_v0.05_s0.7_bias,df73b8f3,2,1263.9198330273916,1000
F_grdp_Hu0d0.15_a_v0.05_s0.7_bias,df73b8f3,3,6532.16420780489,1000
F_grdp_Hu0d0.15_a_v0.05_s0.7_bias,df73b8f3,4,395444.59028144646,1000
F_grdp_Hu0d0.15_a_v0.05_s0.7_bias,df73b8f3,5,330748.24637894874,312
F_grdp_Hu0d0.15_a_v0.05_s0.7_bias,27ebb9b9,0,19395.392737124064,999
F_grdp_Hu0d0.15_a_v0.05_s0.7_bias,27ebb9b9,1,45658.12349094359,1000
F_grdp_Hu0d0.15_a_v0.05_s0.7_bias,27ebb9b9,2,5605.129953064393,1000
F_grdp_Hu0d0.15_a_v0.05_s0.7_bias,27ebb9b9,3,69062.55177726278,1000
F_grdp_Hu0d0.15_a_v0.05_s0.7_bias,27ebb9b9,4,87259.53704212177,1000
F_grdp_Hu0d0.15_a_v0.05_s0.7_bias,27ebb9b9,5,30873.209614925945,767
F_grdp_Hu0d0.15_a_v0.05_s0.7_bias,2075c696,0,23652.522657459336,999
F_grdp_Hu0d0.15_a_v0.05_s0.7_bias,2075c696,1,211976.47088344637,1000
F_grdp_Hu0d0.15_a_v0.05_s0.7_bias,2075c696,2,319244.5540915606,1000
F_grdp_Hu0d0.15_a_v0.05_s0.7_bias,2075c696,3,33316.20129628373,189
F_grdp_Hu0d0.15_a_v0.05_s0.7_bias,a8ed028a,0,322018.4403851461,999
F_grdp_Hu0d0.15_a_v0.05_s0.7_bias,a8ed028a,1,1446346.3320602665,1000
F_grdp_Hu0d0.15_a_v0.05_s0.7_bias,a8ed028a,2,270603.63611448626,1000
F_grdp_Hu0d0.15_a_v0.05_s0.7_bias,a8ed028a,3,557838.011517416,1000
F_grdp_Hu0d0.15_a_v0.05_s0.7_bias,a8ed028a,4,463707.5140196633,1000
F_grdp_Hu0d0.15_a_v0.05_s0.7_bias,a8ed028a,5,37356.08905811215,539
F_grdp_Hu0d0.15_a_v0.05_s0.7_bias,6ea22614,0,12935.342983484454,999
F_grdp_Hu0d0.15_a_v0.05_s0.7_bias,6ea22614,1,17298.250683244576,1000
F_grdp_Hu0d0.15_a_v0.05_s0.7_bias,6ea22614,2,89104.15320176494,1000
F_grdp_Hu0d0.15_a_v0.05_s0.7_bias,6ea22614,3,31718.021662145864,1000
F_grdp_Hu0d0.15_a_v0.05_s0.7_bias,6ea22614,4,23541.911162761113,1000
F_grdp_Hu0d0.15_a_v0.05_s0.7_bias,6ea22614,5,26170.912584222293,972
F_grdp_Hu0d0.15_a_v0.05_s0.7_bias,df8290be,0,52268.52668059407,999
F_grdp_Hu0d0.15_a_v0.05_s0.7_bias,df8290be,1,11094.749454883493,1000
F_grdp_Hu0d0.15_a_v0.05_s0.7_bias,df8290be,2,205874.92389609208,1000
F_grdp_Hu0d0.15_a_v0.05_s0.7_bias,df8290be,3,443470.86515040713,973
F_grdp_Hu0d0.15_a_v0.05_s0.7_bias,283269ac,0,2607.755709597306,999
F_grdp_Hu0d0.15_a_v0.05_s0.7_bias,283269ac,1,426.34966055458835,1000
F_grdp_Hu0d0.15_a_v0.05_s0.7_bias,283269ac,2,1199.3488308319077,627
F_grdp_Hu0d0.15_a_v0.05_s0.7_bias,c2c4db09,0,14864.351867580106,999
F_grdp_Hu0d0.15_a_v0.05_s0.7_bias,c2c4db09,1,160890.63162757285,1000
F_grdp_Hu0d0.15_a_v0.05_s0.7_bias,c2c4db09,2,82575.90770485396,1000
F_grdp_Hu0d0.15_a_v0.05_s0.7_bias,c2c4db09,3,7640.130931801784,1000
F_grdp_Hu0d0.15_a_v0.05_s0.7_bias,c2c4db09,4,71457.83184730135,1000
F_grdp_Hu0d0.15_a_v0.05_s0.7_bias,c2c4db09,5,62013.2027694222,1000
F_grdp_Hu0d0.15_a_v0.05_s0.7_bias,c2c4db09,6,4463.721838525335,40
F_grdp_Hu0d0.15_a_v0.05_s0.7_bias,89f1085d,0,28321.5850359139,999
F_grdp_Hu0d0.15_a_v0.05_s0.7_bias,89f1085d,1,121332.99510744477,1000
F_grdp_Hu0d0.15_a_v0.05_s0.7_bias,89f1085d,2,229299.68227550338,1000
F_grdp_Hu0d0.15_a_v0.05_s0.7_bias,89f1085d,3,12452.926435135378,1000
F_grdp_Hu0d0.15_a_v0.05_s0.7_bias,89f1085d,4,3434.752332972603,1000
F_grdp_Hu0d0.15_a_v0.05_s0.7_bias,89f1085d,5,19773.91916791589,995
F_grdp_Hu0d0.15_a_v0.05_s0.7_bias,5fb1c15f,0,89175.19846208548,999
F_grdp_Hu0d0.15_a_v0.05_s0.7_bias,5fb1c15f,1,358084.4095303526,1000
F_grdp_Hu0d0.15_a_v0.05_s0.7_bias,5fb1c15f,2,236520.17447691815,861
F_grdp_Hu0d0.15_a_v0.05_s0.7_bias,0be01c24,0,7111.55442216826,999
F_grdp_Hu0d0.15_a_v0.05_s0.7_bias,0be01c24,1,2355.3409416550753,1000
F_grdp_Hu0d0.15_a_v0.05_s0.7_bias,0be01c24,2,413.8091291997988,1000
F_grdp_Hu0d0.15_a_v0.05_s0.7_bias,0be01c24,3,1851.257473959112,1000
F_grdp_Hu0d0.15_a_v0.05_s0.7_bias,0be01c24,4,3364.522031282896,739
F_grdp_Hu0d0.15_a_v0.05_s0.7_bias,96936c22,0,3888.223313788862,999
F_grdp_Hu0d0.15_a_v0.05_s0.7_bias,96936c22,1,1507.8504302583358,1000
F_grdp_Hu0d0.15_a_v0.05_s0.7_bias,96936c22,2,12582.939125751453,1000
F_grdp_Hu0d0.15_a_v0.05_s0.7_bias,96936c22,3,1105.5350237967878,347
F_grdp_Hu0d0.15_a_v0.05_s0.7_bias,ab6fe95d,0,1349.0745166768847,999
F_grdp_Hu0d0.15_a_v0.05_s0.7_bias,ab6fe95d,1,1743.734485698332,1000
F_grdp_Hu0d0.15_a_v0.05_s0.7_bias,ab6fe95d,2,25215.225735861764,1000
F_grdp_Hu0d0.15_a_v0.05_s0.7_bias,ab6fe95d,3,101834.86565655583,1000
F_grdp_Hu0d0.15_a_v0.05_s0.7_bias,ab6fe95d,4,72228.86921667561,1000
F_grdp_Hu0d0.15_a_v0.05_s0.7_bias,ab6fe95d,5,31436.04078049367,492
F_grdp_Hu0d0.15_a_v0.05_s0.7_bias,d7eb0be8,0,222628.58192725034,999
F_grdp_Hu0d0.15_a_v0.05_s0.7_bias,d7eb0be8,1,1098776.2267170749,1000
F_grdp_Hu0d0.15_a_v0.05_s0.7_bias,d7eb0be8,2,1108515.3713579932,1000
F_grdp_Hu0d0.15_a_v0.05_s0.7_bias,d7eb0be8,3,116264.06820010878,1000
F_grdp_Hu0d0.15_a_v0.05_s0.7_bias,d7eb0be8,4,73363.66680076439,1000
F_grdp_Hu0d0.15_a_v0.05_s0.7_bias,d7eb0be8,5,220205.28540710657,402
F_grdp_Hu0d0.15_a_v0.05_s0.7_bias,fd3b4faa,0,113432.79015063473,999
F_grdp_Hu0d0.15_a_v0.05_s0.7_bias,fd3b4faa,1,169744.44949270226,1000
F_grdp_Hu0d0.15_a_v0.05_s0.7_bias,fd3b4faa,2,18236.989482944195,1000
F_grdp_Hu0d0.15_a_v0.05_s0.7_bias,fd3b4faa,3,763.3591259217401,1000
F_grdp_Hu0d0.15_a_v0.05_s0.7_bias,fd3b4faa,4,4926.098733037141,1000
F_grdp_Hu0d0.15_a_v0.05_s0.7_bias,fd3b4faa,5,260.00572179921363,23
F_grdp_Hu0d0.15_a_v0.05_s0.7_bias,5254b6db,0,1803.9800622169703,999
F_grdp_Hu0d0.15_a_v0.05_s0.7_bias,5254b6db,1,768.420312325694,1000
F_grdp_Hu0d0.15_a_v0.05_s0.7_bias,5254b6db,2,968.1253581517183,1000
F_grdp_Hu0d0.15_a_v0.05_s0.7_bias,5254b6db,3,592.1263364503604,275
F_grdp_Hu0d0.15_a_v0.05_s0.7_bias,2364716c,0,12130.539754467136,999
F_grdp_Hu0d0.15_a_v0.05_s0.7_bias,2364716c,1,102354.543126869,1000
F_grdp_Hu0d0.15_a_v0.05_s0.7_bias,2364716c,2,40765.15171077223,1000
F_grdp_Hu0d0.15_a_v0.05_s0.7_bias,2364716c,3,1919.5778863472722,1000
F_grdp_Hu0d0.15_a_v0.05_s0.7_bias,2364716c,4,294.07340267541144,317
F_grdp_Hu0d0.15_a_v0.05_s0.7_bias,c6797dd7,0,44421.84581971538,999
F_grdp_Hu0d0.15_a_v0.05_s0.7_bias,c6797dd7,1,142416.86640915906,1000
F_grdp_Hu0d0.15_a_v0.05_s0.7_bias,c6797dd7,2,46188.537898445706,1000
F_grdp_Hu0d0.15_a_v0.05_s0.7_bias,c6797dd7,3,584.4314590531335,1000
F_grdp_Hu0d0.15_a_v0.05_s0.7_bias,c6797dd7,4,396.3586023287109,665
F_grdp_Hu0d0.15_a_v0.05_s0.7_bias,e5ff9fd2,0,26542.98571421556,999
F_grdp_Hu0d0.15_a_v0.05_s0.7_bias,e5ff9fd2,1,69582.06330265402,1000
F_grdp_Hu0d0.15_a_v0.05_s0.7_bias,e5ff9fd2,2,101930.44219831338,355
F_grdp_Hu0d0.15_a_v0.05_s0.7_bias,8c8348e8,0,21715.396573208345,999
F_grdp_Hu0d0.15_a_v0.05_s0.7_bias,8c8348e8,1,2811.5444347039866,1000
F_grdp_Hu0d0.15_a_v0.05_s0.7_bias,8c8348e8,2,6497.6438986672,1000
F_grdp_Hu0d0.15_a_v0.05_s0.7_bias,8c8348e8,3,2572.796545917337,889
F_grdp_Hu0d0.15_a_v0.05_s0.7_bias,19fb4f7b,0,990460.0256298805,999
F_grdp_Hu0d0.15_a_v0.05_s0.7_bias,19fb4f7b,1,1180887.4063855032,1000
F_grdp_Hu0d0.15_a_v0.05_s0.7_bias,19fb4f7b,2,267057.97932521685,1000
F_grdp_Hu0d0.15_a_v0.05_s0.7_bias,19fb4f7b,3,31805.790254001236,1000
F_grdp_Hu0d0.15_a_v0.05_s0.7_bias,19fb4f7b,4,51089.71912875298,1000
F_grdp_Hu0d0.15_a_v0.05_s0.7_bias,19fb4f7b,5,39440.19665429808,621
F_grdp_Hu0d0.15_a_v0.05_s0.7_bias,1b1c5372,0,4390.009921115479,999
F_grdp_Hu0d0.15_a_v0.05_s0.7_bias,1b1c5372,1,38915.41044482764,1000
F_grdp_Hu0d0.15_a_v0.05_s0.7_bias,1b1c5372,2,150242.5823295819,1000
F_grdp_Hu0d0.15_a_v0.05_s0.7_bias,1b1c5372,3,535772.234609275,1000
F_grdp_Hu0d0.15_a_v0.05_s0.7_bias,1b1c5372,4,96161.27114172337,262
F_grdp_Hu0d0.15_a_v0.05_s0.7_bias,f07d7037,0,16871.33575724971,999
F_grdp_Hu0d0.15_a_v0.05_s0.7_bias,f07d7037,1,11002.98630317849,1000
F_grdp_Hu0d0.15_a_v0.05_s0.7_bias,f07d7037,2,940.2977191721839,1000
F_grdp_Hu0d0.15_a_v0.05_s0.7_bias,f07d7037,3,12960.514880235618,1000
F_grdp_Hu0d0.15_a_v0.05_s0.7_bias,f07d7037,4,1624.4393250500023,1000
F_grdp_Hu0d0.15_a_v0.05_s0.7_bias,f07d7037,5,6731.791348554178,564
F_grdp_Hu0d0.15_a_v0.05_s0.7_bias,b5aa9634,0,19750.165024452595,999
F_grdp_Hu0d0.15_a_v0.05_s0.7_bias,b5aa9634,1,2316.578693513605,1000
F_grdp_Hu0d0.15_a_v0.05_s0.7_bias,b5aa9634,2,17564.33803443749,1000
F_grdp_Hu0d0.15_a_v0.05_s0.7_bias,b5aa9634,3,8060.713714979669,1000
F_grdp_Hu0d0.15_a_v0.05_s0.7_bias,b5aa9634,4,3302.2122434520998,1000
F_grdp_Hu0d0.15_a_v0.05_s0.7_bias,b5aa9634,5,21358.656848456307,1000
F_grdp_Hu0d0.15_a_v0.05_s0.7_bias,b5aa9634,6,263315.28872796625,1000
F_grdp_Hu0d0.15_a_v0.05_s0.7_bias,b5aa9634,7,199215.07326475703,327
F_grdp_Hu0d0.15_a_v0.05_s0.7_bias,373ef48b,0,7307.1085434675715,999
F_grdp_Hu0d0.15_a_v0.05_s0.7_bias,373ef48b,1,6303.6113764814,1000
F_grdp_Hu0d0.15_a_v0.05_s0.7_bias,373ef48b,2,7047.851996358599,1000
F_grdp_Hu0d0.15_a_v0.05_s0.7_bias,373ef48b,3,234.37365206469133,510
F_grdp_Hu0d0.15_a_v0.05_s0.7_bias,dbee6c86,0,7414.856438966541,999
F_grdp_Hu0d0.15_a_v0.05_s0.7_bias,dbee6c86,1,35054.06746978203,1000
F_grdp_Hu0d0.15_a_v0.05_s0.7_bias,dbee6c86,2,2622.892915066205,1000
F_grdp_Hu0d0.15_a_v0.05_s0.7_bias,dbee6c86,3,42664.68082492164,1000
F_grdp_Hu0d0.15_a_v0.05_s0.7_bias,dbee6c86,4,32044.518287460214,1000
F_grdp_Hu0d0.15_a_v0.05_s0.7_bias,dbee6c86,5,66503.64445612312,1000
F_grdp_Hu0d0.15_a_v0.05_s0.7_bias,dbee6c86,6,27942.329840639,1000
F_grdp_Hu0d0.15_a_v0.05_s0.7_bias,dbee6c86,7,5125.704697391451,370
F_grdp_Hu0d0.15_a_v0.05_s0.7_bias,000d7d20,0,4602.7394694941995,999
F_grdp_Hu0d0.15_a_v0.05_s0.7_bias,000d7d20,1,17110.544927007115,1000
F_grdp_Hu0d0.15_a_v0.05_s0.7_bias,000d7d20,2,22727.184266154785,1000
F_grdp_Hu0d0.15_a_v0.05_s0.7_bias,000d7d20,3,74714.12481654355,837
F_grdp_Hu0d0.15_a_v0.05_s0.7_bias,727a3a10,0,190783.23652260102,999
F_grdp_Hu0d0.15_a_v0.05_s0.7_bias,727a3a10,1,293966.5401788833,1000
F_grdp_Hu0d0.15_a_v0.05_s0.7_bias,727a3a10,2,148996.6940483278,1000
F_grdp_Hu0d0.15_a_v0.05_s0.7_bias,727a3a10,3,8453.75751071538,1000
F_grdp_Hu0d0.15_a_v0.05_s0.7_bias,727a3a10,4,1582.6664659807502,398
F_grdp_Hu0d0.15_a_v0.05_s0.7_bias,5beded95,0,137530.95838261762,999
F_grdp_Hu0d0.15_a_v0.05_s0.7_bias,5beded95,1,309959.8274363035,1000
F_grdp_Hu0d0.15_a_v0.05_s0.7_bias,5beded95,2,75675.05488808914,1000
F_grdp_Hu0d0.15_a_v0.05_s0.7_bias,5beded95,3,5913.8616458424,58
F_grdp_Hu0d0.15_a_v0.05_s0.7_bias,33c40295,0,226288.16579139393,999
F_grdp_Hu0d0.15_a_v0.05_s0.7_bias,33c40295,1,86751.49286298468,1000
F_grdp_Hu0d0.15_a_v0.05_s0.7_bias,33c40295,2,63056.04792285649,1000
F_grdp_Hu0d0.15_a_v0.05_s0.7_bias,33c40295,3,67996.96305991377,1000
F_grdp_Hu0d0.15_a_v0.05_s0.7_bias,33c40295,4,22371.73144361123,170
F_grdp_Hu0d0.15_a_v0.05_s0.7_bias,992ce078,0,477.05478101243347,999
F_grdp_Hu0d0.15_a_v0.05_s0.7_bias,992ce078,1,5685.75550720736,1000
F_grdp_Hu0d0.15_a_v0.05_s0.7_bias,992ce078,2,2145.644469167612,880
F_grdp_Hu0d0.15_a_v0.05_s0.7_bias,49dbc14c,0,5962.545979227599,999
F_grdp_Hu0d0.15_a_v0.05_s0.7_bias,49dbc14c,1,5416.8756217152495,1000
F_grdp_Hu0d0.15_a_v0.05_s0.7_bias,49dbc14c,2,631.2566263499044,1000
F_grdp_Hu0d0.15_a_v0.05_s0.7_bias,49dbc14c,3,732.6234256140373,873
F_grdp_Hu0d0.15_a_v0.05_s0.7_bias,5b7b6324,0,2372.535599712209,999
F_grdp_Hu0d0.15_a_v0.05_s0.7_bias,5b7b6324,1,1730.0315620398133,1000
F_grdp_Hu0d0.15_a_v0.05_s0.7_bias,5b7b6324,2,35033.36207651436,1000
F_grdp_Hu0d0.15_a_v0.05_s0.7_bias,5b7b6324,3,150137.20299027825,1000
F_grdp_Hu0d0.15_a_v0.05_s0.7_bias,5b7b6324,4,200998.23070669494,1000
F_grdp_Hu0d0.15_a_v0.05_s0.7_bias,5b7b6324,5,312837.569139859,1000
F_grdp_Hu0d0.15_a_v0.05_s0.7_bias,5b7b6324,6,289429.34682172386,565
F_grdp_Hu0d0.15_a_v0.05_s0.7_bias,ddc790ff,0,1105.6686672692624,999
F_grdp_Hu0d0.15_a_v0.05_s0.7_bias,ddc790ff,1,2859.1538198387593,1000
F_grdp_Hu0d0.15_a_v0.05_s0.7_bias,ddc790ff,2,4015.765135307536,1000
F_grdp_Hu0d0.15_a_v0.05_s0.7_bias,ddc790ff,3,1811.1561908132214,1000
F_grdp_Hu0d0.15_a_v0.05_s0.7_bias,ddc790ff,4,2423.4986895611173,727
F_grdp_Hu0d0.15_a_v0.05_s0.7_bias,cbe51de1,0,9359.238451018395,999
F_grdp_Hu0d0.15_a_v0.05_s0.7_bias,cbe51de1,1,7187.246945866257,1000
F_grdp_Hu0d0.15_a_v0.05_s0.7_bias,cbe51de1,2,49563.978468706875,1000
F_grdp_Hu0d0.15_a_v0.05_s0.7_bias,cbe51de1,3,49841.727486785334,964
F_grdp_Hu0d0.15_a_v0.05_s0.7_bias,10a1281a,0,32185.502588938358,999
F_grdp_Hu0d0.15_a_v0.05_s0.7_bias,10a1281a,1,15475.806693119437,1000
F_grdp_Hu0d0.15_a_v0.05_s0.7_bias,10a1281a,2,30142.91249701612,1000
F_grdp_Hu0d0.15_a_v0.05_s0.7_bias,10a1281a,3,14249.926732829741,1000
F_grdp_Hu0d0.15_a_v0.05_s0.7_bias,10a1281a,4,3166.2655934268873,1000
F_grdp_Hu0d0.15_a_v0.05_s0.7_bias,10a1281a,5,360.6558626695931,610
F_grdp_Hu0d0.15_a_v0.05_s0.7_bias,16e4a047,0,50685.68740000879,999
F_grdp_Hu0d0.15_a_v0.05_s0.7_bias,16e4a047,1,120160.02570000704,1000
F_grdp_Hu0d0.15_a_v0.05_s0.7_bias,16e4a047,2,73691.25670001212,1000
F_grdp_Hu0d0.15_a_v0.05_s0.7_bias,16e4a047,3,131901.72690000903,1000
F_grdp_Hu0d0.15_a_v0.05_s0.7_bias,16e4a047,4,14137.173900002037,132
F_grdp_Hu0d0.15_a_v0.05_s0.7_bias,abf460d2,0,3549.2105449965356,999
F_grdp_Hu0d0.15_a_v0.05_s0.7_bias,abf460d2,1,23549.638395527458,1000
F_grdp_Hu0d0.15_a_v0.05_s0.7_bias,abf460d2,2,28137.535227621345,1000
F_grdp_Hu0d0.15_a_v0.05_s0.7_bias,abf460d2,3,24970.822917525547,218
F_grdp_Hu0d0.15_a_v0.05_s0.7_bias,445af6c2,0,1074.2409068829327,999
F_grdp_Hu0d0.15_a_v0.05_s0.7_bias,445af6c2,1,9828.873414427913,1000
F_grdp_Hu0d0.15_a_v0.05_s0.7_bias,445af6c2,2,17350.872593614204,1000
F_grdp_Hu0d0.15_a_v0.05_s0.7_bias,445af6c2,3,31761.671285683915,1000
F_grdp_Hu0d0.15_a_v0.05_s0.7_bias,445af6c2,4,39043.41116675761,1000
F_grdp_Hu0d0.15_a_v0.05_s0.7_bias,445af6c2,5,33506.654686737886,1000
F_grdp_Hu0d0.15_a_v0.05_s0.7_bias,445af6c2,6,2215.1834942827572,42
F_grdp_Hu0d0.15_a_v0.05_s0.7_bias,a692b17e,0,36451.49410936225,999
F_grdp_Hu0d0.15_a_v0.05_s0.7_bias,a692b17e,1,178919.11642381712,1000
F_grdp_Hu0d0.15_a_v0.05_s0.7_bias,a692b17e,2,290062.36021079915,1000
F_grdp_Hu0d0.15_a_v0.05_s0.7_bias,a692b17e,3,58056.735868131545,567
F_grdp_Hu0d0.15_a_v0.05_s0.7_bias,bffe3082,0,4460.853024631976,999
F_grdp_Hu0d0.15_a_v0.05_s0.7_bias,bffe3082,1,37831.95850667271,1000
F_grdp_Hu0d0.15_a_v0.05_s0.7_bias,bffe3082,2,176944.96977115443,1000
F_grdp_Hu0d0.15_a_v0.05_s0.7_bias,bffe3082,3,277215.8761136721,1000
F_grdp_Hu0d0.15_a_v0.05_s0.7_bias,bffe3082,4,853580.2260140156,1000
F_grdp_Hu0d0.15_a_v0.05_s0.7_bias,bffe3082,5,719111.934077201,724
F_grdp_Hu0d0.15_a_v0.05_s0.7_bias,7993a768,0,6376.265762152354,999
F_grdp_Hu0d0.15_a_v0.05_s0.7_bias,7993a768,1,6718.7171556827425,1000
F_grdp_Hu0d0.15_a_v0.05_s0.7_bias,7993a768,2,6790.059220044493,1000
F_grdp_Hu0d0.15_a_v0.05_s0.7_bias,7993a768,3,13289.176045030505,1000
F_grdp_Hu0d0.15_a_v0.05_s0.7_bias,7993a768,4,34939.138824768044,1000
F_grdp_Hu0d0.15_a_v0.05_s0.7_bias,7993a768,5,13056.712457401441,488
F_grdp_Hu0d0.15_a_v0.05_s0.7_bias,e201fd6d,0,18529.309085981437,999
F_grdp_Hu0d0.15_a_v0.05_s0.7_bias,e201fd6d,1,235603.3474749318,1000
F_grdp_Hu0d0.15_a_v0.05_s0.7_bias,e201fd6d,2,197380.80866857962,1000
F_grdp_Hu0d0.15_a_v0.05_s0.7_bias,e201fd6d,3,105896.7071561158,1000
F_grdp_Hu0d0.15_a_v0.05_s0.7_bias,e201fd6d,4,24788.416754201247,1000
F_grdp_Hu0d0.15_a_v0.05_s0.7_bias,e201fd6d,5,3064.985343821775,71
F_grdp_Hu0d0.15_a_v0.05_s0.7_bias,5fffa282,0,1567.8272196694193,999
F_grdp_Hu0d0.15_a_v0.05_s0.7_bias,5fffa282,1,7798.332642153145,1000
F_grdp_Hu0d0.15_a_v0.05_s0.7_bias,5fffa282,2,1222.8598500990806,1000
F_grdp_Hu0d0.15_a_v0.05_s0.7_bias,5fffa282,3,103127.91421068508,1000
F_grdp_Hu0d0.15_a_v0.05_s0.7_bias,5fffa282,4,32829.57024967573,202
F_grdp_Hu0d0.15_a_v0.05_s0.7_bias,eeda36f5,0,1056.658438476904,999
F_grdp_Hu0d0.15_a_v0.05_s0.7_bias,eeda36f5,1,863.6929300377075,1000
F_grdp_Hu0d0.15_a_v0.05_s0.7_bias,eeda36f5,2,703.964779914825,1000
F_grdp_Hu0d0.15_a_v0.05_s0.7_bias,eeda36f5,3,1523.088070147393,1000
F_grdp_Hu0d0.15_a_v0.05_s0.7_bias,eeda36f5,4,17072.284543494177,798
F_grdp_Hu0d0.15_a_v0.05_s0.7_bias,a7fc3e6b,0,3126.031632941763,999
F_grdp_Hu0d0.15_a_v0.05_s0.7_bias,a7fc3e6b,1,33019.92484055811,1000
F_grdp_Hu0d0.15_a_v0.05_s0.7_bias,a7fc3e6b,2,428094.6172048559,1000
F_grdp_Hu0d0.15_a_v0.05_s0.7_bias,a7fc3e6b,3,76997.40068490374,1000
F_grdp_Hu0d0.15_a_v0.05_s0.7_bias,a7fc3e6b,4,158562.1666194916,765
F_grdp_Hu0d0.15_a_v0.05_s0.7_bias,19137a89,0,21930.379010850113,999
F_grdp_Hu0d0.15_a_v0.05_s0.7_bias,19137a89,1,360979.7809994944,1000
F_grdp_Hu0d0.15_a_v0.05_s0.7_bias,19137a89,2,272296.03807508625,1000
F_grdp_Hu0d0.15_a_v0.05_s0.7_bias,19137a89,3,84117.48654697722,1000
F_grdp_Hu0d0.15_a_v0.05_s0.7_bias,19137a89,4,32814.08734794687,1000
F_grdp_Hu0d0.15_a_v0.05_s0.7_bias,19137a89,5,43717.981031862364,1000
F_grdp_Hu0d0.15_a_v0.05_s0.7_bias,19137a89,6,17184.270587854502,268
F_grdp_Hu0d0.15_a_v0.05_s0.7_bias,fa16d114,0,1046.8207955486046,999
F_grdp_Hu0d0.15_a_v0.05_s0.7_bias,fa16d114,1,4455.586089448661,1000
F_grdp_Hu0d0.15_a_v0.05_s0.7_bias,fa16d114,2,55411.56866722442,1000
F_grdp_Hu0d0.15_a_v0.05_s0.7_bias,fa16d114,3,37582.607705056966,1000
F_grdp_Hu0d0.15_a_v0.05_s0.7_bias,fa16d114,4,75158.4659432675,1000
F_grdp_Hu0d0.15_a_v0.05_s0.7_bias,fa16d114,5,6566.468459290017,687
F_grdp_Hu0d0.15_a_v0.05_s0.7_bias,e32da4ec,0,5493.1794425562375,999
F_grdp_Hu0d0.15_a_v0.05_s0.7_bias,e32da4ec,1,4755.952070149821,1000
F_grdp_Hu0d0.15_a_v0.05_s0.7_bias,e32da4ec,2,61144.84651656686,1000
F_grdp_Hu0d0.15_a_v0.05_s0.7_bias,e32da4ec,3,47726.793639827105,1000
F_grdp_Hu0d0.15_a_v0.05_s0.7_bias,e32da4ec,4,33688.472800755655,690
F_grdp_Hu0d0.15_a_v0.05_s0.7_bias,5a5d1982,0,13739.9641254754,999
F_grdp_Hu0d0.15_a_v0.05_s0.7_bias,5a5d1982,1,6897.329290338231,1000
F_grdp_Hu0d0.15_a_v0.05_s0.7_bias,5a5d1982,2,483.4271353824852,1000
F_grdp_Hu0d0.15_a_v0.05_s0.7_bias,5a5d1982,3,562.5547092260919,895
F_grdp_Hu0d0.15_a_v0.05_s0.7_bias,76201745,0,466.77443778236017,999
F_grdp_Hu0d0.15_a_v0.05_s0.7_bias,76201745,1,2376.1224950029646,1000
F_grdp_Hu0d0.15_a_v0.05_s0.7_bias,76201745,2,3649.555862553566,1000
F_grdp_Hu0d0.15_a_v0.05_s0.7_bias,76201745,3,10120.691904631118,1000
F_grdp_Hu0d0.15_a_v0.05_s0.7_bias,76201745,4,636.4455613929931,449
F_grdp_Hu0d0.15_a_v0.05_s0.7_bias,c6c96179,0,2538.4015733769306,999
F_grdp_Hu0d0.15_a_v0.05_s0.7_bias,c6c96179,1,2745.847004149111,1000
F_grdp_Hu0d0.15_a_v0.05_s0.7_bias,c6c96179,2,1197.4622363376586,1000
F_grdp_Hu0d0.15_a_v0.05_s0.7_bias,c6c96179,3,2278.7216092633985,1000
F_grdp_Hu0d0.15_a_v0.05_s0.7_bias,c6c96179,4,28.79368519964213,5
F_grdp_Hu0d0.15_a_v0.05_s0.7_bias,5305524b,0,45227.58543066488,999
F_grdp_Hu0d0.15_a_v0.05_s0.7_bias,5305524b,1,5489.12015741513,1000
F_grdp_Hu0d0.15_a_v0.05_s0.7_bias,5305524b,2,38102.70025508579,1000
F_grdp_Hu0d0.15_a_v0.05_s0.7_bias,5305524b,3,3100.818870369017,1000
F_grdp_Hu0d0.15_a_v0.05_s0.7_bias,5305524b,4,10621.386986752814,899
F_grdp_Hu0d0.15_a_v0.05_s0.7_bias,4a8ecc0b,0,50001.719774214274,999
F_grdp_Hu0d0.15_a_v0.05_s0.7_bias,4a8ecc0b,1,220748.3829457239,1000
F_grdp_Hu0d0.15_a_v0.05_s0.7_bias,4a8ecc0b,2,21272.49306594328,1000
F_grdp_Hu0d0.15_a_v0.05_s0.7_bias,4a8ecc0b,3,8539.344277788949,1000
F_grdp_Hu0d0.15_a_v0.05_s0.7_bias,4a8ecc0b,4,7490.281523858605,1000
F_grdp_Hu0d0.15_a_v0.05_s0.7_bias,4a8ecc0b,5,8869.879388799402,810
F_grdp_Hu0d0.15_a_v0.05_s0.7_bias,ff8bb73a,0,298.44755091772413,999
F_grdp_Hu0d0.15_a_v0.05_s0.7_bias,ff8bb73a,1,9320.259862478006,1000
F_grdp_Hu0d0.15_a_v0.05_s0.7_bias,ff8bb73a,2,18414.176601144372,1000
F_grdp_Hu0d0.15_a_v0.05_s0.7_bias,ff8bb73a,3,81756.94874566332,1000
F_grdp_Hu0d0.15_a_v0.05_s0.7_bias,ff8bb73a,4,6164.966467291745,1000
F_grdp_Hu0d0.15_a_v0.05_s0.7_bias,ff8bb73a,5,115506.78195430372,928
F_grdp_Hu0d0.15_a_v0.05_s0.7_bias,b4f37e6e,0,2601.4415365148943,999
F_grdp_Hu0d0.15_a_v0.05_s0.7_bias,b4f37e6e,1,10071.224287242314,1000
F_grdp_Hu0d0.15_a_v0.05_s0.7_bias,b4f37e6e,2,223301.88198746214,993
F_grdp_Hu0d0.15_a_v0.05_s0.7_bias,09ec2ca9,0,12681.615169875313,999
F_grdp_Hu0d0.15_a_v0.05_s0.7_bias,09ec2ca9,1,23937.215719884392,1000
F_grdp_Hu0d0.15_a_v0.05_s0.7_bias,09ec2ca9,2,54416.14397023099,1000
F_grdp_Hu0d0.15_a_v0.05_s0.7_bias,09ec2ca9,3,52340.75032535656,1000
F_grdp_Hu0d0.15_a_v0.05_s0.7_bias,09ec2ca9,4,7539.238945032398,1000
F_grdp_Hu0d0.15_a_v0.05_s0.7_bias,09ec2ca9,5,365.0764579521625,886
F_grdp_Hu0d0.15_a_v0.05_s0.7_bias,200d233d,0,2583.449081194643,999
F_grdp_Hu0d0.15_a_v0.05_s0.7_bias,200d233d,1,20158.150441184815,1000
F_grdp_Hu0d0.15_a_v0.05_s0.7_bias,200d233d,2,18171.774796785565,1000
F_grdp_Hu0d0.15_a_v0.05_s0.7_bias,200d233d,3,24902.474067406827,927
F_grdp_Hu0d0.15_a_v0.05_s0.7_bias,3417285d,0,6184.283654520822,999
F_grdp_Hu0d0.15_a_v0.05_s0.7_bias,3417285d,1,196904.9735406998,1000
F_grdp_Hu0d0.15_a_v0.05_s0.7_bias,3417285d,2,377970.5887032074,1000
F_grdp_Hu0d0.15_a_v0.05_s0.7_bias,3417285d,3,331743.60033849214,1000
F_grdp_Hu0d0.15_a_v0.05_s0.7_bias,3417285d,4,476226.7183266963,1000
F_grdp_Hu0d0.15_a_v0.05_s0.7_bias,3417285d,5,108332.26972433699,450
F_grdp_Hu0d0.15_a_v0.05_s0.7_bias,3bbe1f5d,0,149126.70752880495,999
F_grdp_Hu0d0.15_a_v0.05_s0.7_bias,3bbe1f5d,1,280182.0893362076,1000
F_grdp_Hu0d0.15_a_v0.05_s0.7_bias,3bbe1f5d,2,319924.98728041747,1000
F_grdp_Hu0d0.15_a_v0.05_s0.7_bias,3bbe1f5d,3,244214.70694588855,1000
F_grdp_Hu0d0.15_a_v0.05_s0.7_bias,3bbe1f5d,4,47014.946042072894,1000
F_grdp_Hu0d0.15_a_v0.05_s0.7_bias,3bbe1f5d,5,318371.1099321749,1000
F_grdp_Hu0d0.15_a_v0.05_s0.7_bias,3bbe1f5d,6,299450.40480655665,919
F_grdp_Hu0d0.15_a_v0.05_s0.7_bias,30d75030,0,1886.2550524294504,999
F_grdp_Hu0d0.15_a_v0.05_s0.7_bias,30d75030,1,6341.524629283873,1000
F_grdp_Hu0d0.15_a_v0.05_s0.7_bias,30d75030,2,2514.7276592468993,1000
F_grdp_Hu0d0.15_a_v0.05_s0.7_bias,30d75030,3,14437.635093389566,405
F_grdp_Hu0d0.15_a_v0.05_s0.7_bias,052d64df,0,511.8402045523606,999
F_grdp_Hu0d0.15_a_v0.05_s0.7_bias,052d64df,1,22610.29700480908,1000
F_grdp_Hu0d0.15_a_v0.05_s0.7_bias,052d64df,2,92840.532243444,446
F_grdp_Hu0d0.15_a_v0.05_s0.7_bias,c36625df,0,14223.930734071395,999
F_grdp_Hu0d0.15_a_v0.05_s0.7_bias,c36625df,1,22607.261614707324,1000
F_grdp_Hu0d0.15_a_v0.05_s0.7_bias,c36625df,2,15262.726307037223,1000
F_grdp_Hu0d0.15_a_v0.05_s0.7_bias,c36625df,3,18615.951972728028,1000
F_grdp_Hu0d0.15_a_v0.05_s0.7_bias,c36625df,4,14667.465648708736,743
F_grdp_Hu0d0.15_a_v0.05_s0.7_bias,ea3a0e38,0,3495.6649127936375,999
F_grdp_Hu0d0.15_a_v0.05_s0.7_bias,ea3a0e38,1,11661.278558474829,1000
F_grdp_Hu0d0.15_a_v0.05_s0.7_bias,ea3a0e38,2,6140.703735022787,1000
F_grdp_Hu0d0.15_a_v0.05_s0.7_bias,ea3a0e38,3,5064.6485226199375,1000
F_grdp_Hu0d0.15_a_v0.05_s0.7_bias,ea3a0e38,4,7211.3607382364535,1000
F_grdp_Hu0d0.15_a_v0.05_s0.7_bias,ea3a0e38,5,44846.93814809584,1000
F_grdp_Hu0d0.15_a_v0.05_s0.7_bias,ea3a0e38,6,76614.67861024954,1000
F_grdp_Hu0d0.15_a_v0.05_s0.7_bias,ea3a0e38,7,1723.3714065351596,1000
F_grdp_Hu0d0.15_a_v0.05_s0.7_bias,ea3a0e38,8,14181.851869031952,1000
F_grdp_Hu0d0.15_a_v0.05_s0.7_bias,ea3a0e38,9,98815.69854482643,1000
F_grdp_Hu0d0.15_a_v0.05_s0.7_bias,ea3a0e38,10,1666.9194206779239,53
F_grdp_Hu0d0.15_a_v0.05_s0.7_bias,5693dde2,0,159762.99933946296,999
F_grdp_Hu0d0.15_a_v0.05_s0.7_bias,5693dde2,1,601527.6158500965,1000
F_grdp_Hu0d0.15_a_v0.05_s0.7_bias,5693dde2,2,1183666.2204541694,1000
F_grdp_Hu0d0.15_a_v0.05_s0.7_bias,5693dde2,3,1025546.94495647,489
F_grdp_Hu0d0.15_a_v0.05_s0.7_bias,807f0298,0,659.9084700279841,999
F_grdp_Hu0d0.15_a_v0.05_s0.7_bias,807f0298,1,60430.06122587208,1000
F_grdp_Hu0d0.15_a_v0.05_s0.7_bias,807f0298,2,45560.98050904736,1000
F_grdp_Hu0d0.15_a_v0.05_s0.7_bias,807f0298,3,127904.41459197197,748
F_grdp_Hu0d0.15_a_v0.05_s0.7_bias,8a89da23,0,26495.280733934334,999
F_grdp_Hu0d0.15_a_v0.05_s0.7_bias,8a89da23,1,69469.88526175563,1000
F_grdp_Hu0d0.15_a_v0.05_s0.7_bias,8a89da23,2,86311.10190621142,1000
F_grdp_Hu0d0.15_a_v0.05_s0.7_bias,8a89da23,3,193828.22866354414,936
F_grdp_Hu0d0.15_a_v0.05_s0.7_bias,7224331b,0,991.2153561716455,999
F_grdp_Hu0d0.15_a_v0.05_s0.7_bias,7224331b,1,9205.400998962907,1000
F_grdp_Hu0d0.15_a_v0.05_s0.7_bias,7224331b,2,650.246868699769,1000
F_grdp_Hu0d0.15_a_v0.05_s0.7_bias,7224331b,3,5729.801906655477,1000
F_grdp_Hu0d0.15_a_v0.05_s0.7_bias,7224331b,4,96807.2936379112,1000
F_grdp_Hu0d0.15_a_v0.05_s0.7_bias,7224331b,5,85476.79151564516,1000
F_grdp_Hu0d0.15_a_v0.05_s0.7_bias,7224331b,6,8080.143193968829,64
F_grdp_Hu0d0.15_a_v0.05_s0.7_bias,e45a2a62,0,5666.500670189979,999
F_grdp_Hu0d0.15_a_v0.05_s0.7_bias,e45a2a62,1,32841.2405051371,1000
F_grdp_Hu0d0.15_a_v0.05_s0.7_bias,e45a2a62,2,202237.49556188856,1000
F_grdp_Hu0d0.15_a_v0.05_s0.7_bias,e45a2a62,3,399093.54052464146,1000
F_grdp_Hu0d0.15_a_v0.05_s0.7_bias,e45a2a62,4,16735.373166996113,1000
F_grdp_Hu0d0.15_a_v0.05_s0.7_bias,e45a2a62,5,300.9279942673224,8
F_grdp_Hu0d0.15_a_v0.05_s0.7_bias,3a86fe8d,0,24297.989990051246,999
F_grdp_Hu0d0.15_a_v0.05_s0.7_bias,3a86fe8d,1,68604.36896269939,1000
F_grdp_Hu0d0.15_a_v0.05_s0.7_bias,3a86fe8d,2,65501.27350540849,1000
F_grdp_Hu0d0.15_a_v0.05_s0.7_bias,3a86fe8d,3,129516.16889013807,1000
F_grdp_Hu0d0.15_a_v0.05_s0.7_bias,3a86fe8d,4,238355.4262215033,1000
F_grdp_Hu0d0.15_a_v0.05_s0.7_bias,3a86fe8d,5,12475.115345658722,119
F_grdp_Hu0d0.15_a_v0.05_s0.7_bias,d9eca87b,0,16330.631277515631,999
F_grdp_Hu0d0.15_a_v0.05_s0.7_bias,d9eca87b,1,129247.25951499911,1000
F_grdp_Hu0d0.15_a_v0.05_s0.7_bias,d9eca87b,2,77694.20442535359,1000
F_grdp_Hu0d0.15_a_v0.05_s0.7_bias,d9eca87b,3,98069.61750112212,1000
F_grdp_Hu0d0.15_a_v0.05_s0.7_bias,d9eca87b,4,52914.03532279656,1000
F_grdp_Hu0d0.15_a_v0.05_s0.7_bias,d9eca87b,5,102098.1150134807,1000
F_grdp_Hu0d0.15_a_v0.05_s0.7_bias,d9eca87b,6,285718.0877596033,374
F_grdp_Hu0d0.15_a_v0.05_s0.7_bias,93f5d2e6,0,291.18621499980713,999
F_grdp_Hu0d0.15_a_v0.05_s0.7_bias,93f5d2e6,1,23428.300909799476,1000
F_grdp_Hu0d0.15_a_v0.05_s0.7_bias,93f5d2e6,2,18645.53877544902,1000
F_grdp_Hu0d0.15_a_v0.05_s0.7_bias,93f5d2e6,3,115587.53215803833,692
F_grdp_Hu0d0.15_a_v0.05_s0.7_bias,cc8a1d57,0,153588.36639699314,999
F_grdp_Hu0d0.15_a_v0.05_s0.7_bias,cc8a1d57,1,209542.59131955792,1000
F_grdp_Hu0d0.15_a_v0.05_s0.7_bias,cc8a1d57,2,357295.5072667208,1000
F_grdp_Hu0d0.15_a_v0.05_s0.7_bias,cc8a1d57,3,506907.4540128278,1000
F_grdp_Hu0d0.15_a_v0.05_s0.7_bias,cc8a1d57,4,443496.22414431715,1000
F_grdp_Hu0d0.15_a_v0.05_s0.7_bias,cc8a1d57,5,258755.5154822651,1000
F_grdp_Hu0d0.15_a_v0.05_s0.7_bias,cc8a1d57,6,6736.001160861557,639
F_grdp_Hu0d0.15_a_v0.05_s0.7_bias,bf70b410,0,27018.867084151647,999
F_grdp_Hu0d0.15_a_v0.05_s0.7_bias,bf70b410,1,12497.084892824265,1000
F_grdp_Hu0d0.15_a_v0.05_s0.7_bias,bf70b410,2,9636.337026139125,1000
F_grdp_Hu0d0.15_a_v0.05_s0.7_bias,bf70b410,3,6762.199262223839,1000
F_grdp_Hu0d0.15_a_v0.05_s0.7_bias,bf70b410,4,311544.4598145342,1000
F_grdp_Hu0d0.15_a_v0.05_s0.7_bias,bf70b410,5,756145.7194432182,1000
F_grdp_Hu0d0.15_a_v0.05_s0.7_bias,bf70b410,6,445658.85435544973,348
F_grdp_Hu0d0.15_a_v0.05_s0.7_bias,c472c0b5,0,414.0060710200198,999
F_grdp_Hu0d0.15_a_v0.05_s0.7_bias,c472c0b5,1,2639.049854193506,1000
F_grdp_Hu0d0.15_a_v0.05_s0.7_bias,c472c0b5,2,279.36666933504256,1000
F_grdp_Hu0d0.15_a_v0.05_s0.7_bias,c472c0b5,3,38.89501089935236,55
F_grdp_Hu0d0.15_a_v0.05_s0.7_bias,dc7f9757,0,131830.82450650135,999
F_grdp_Hu0d0.15_a_v0.05_s0.7_bias,dc7f9757,1,67492.84826900327,1000
F_grdp_Hu0d0.15_a_v0.05_s0.7_bias,dc7f9757,2,167319.37570858028,1000
F_grdp_Hu0d0.15_a_v0.05_s0.7_bias,dc7f9757,3,124930.28918518701,1000
F_grdp_Hu0d0.15_a_v0.05_s0.7_bias,dc7f9757,4,45364.053651554095,361
F_grdp_Hu0d0.15_a_v0.05_s0.7_bias,ec13af42,0,109678.01564091236,999
F_grdp_Hu0d0.15_a_v0.05_s0.7_bias,ec13af42,1,289593.66321247956,1000
F_grdp_Hu0d0.15_a_v0.05_s0.7_bias,ec13af42,2,81623.04669332618,1000
F_grdp_Hu0d0.15_a_v0.05_s0.7_bias,ec13af42,3,88283.84661399353,1000
F_grdp_Hu0d0.15_a_v0.05_s0.7_bias,ec13af42,4,107198.29887320963,1000
F_grdp_Hu0d0.15_a_v0.05_s0.7_bias,ec13af42,5,115902.64048847483,463
F_grdp_Hu0d0.15_a_v0.05_s0.7_bias,7e208414,0,30656.74507334944,999
F_grdp_Hu0d0.15_a_v0.05_s0.7_bias,7e208414,1,19595.665473366087,1000
F_grdp_Hu0d0.15_a_v0.05_s0.7_bias,7e208414,2,19192.20554717058,1000
F_grdp_Hu0d0.15_a_v0.05_s0.7_bias,7e208414,3,89656.07730107372,1000
F_grdp_Hu0d0.15_a_v0.05_s0.7_bias,7e208414,4,35582.662110030775,227
F_grdp_Hu0d0.15_a_v0.05_s0.7_bias,4e050c92,0,8234.58080540717,999
F_grdp_Hu0d0.15_a_v0.05_s0.7_bias,4e050c92,1,13608.983903430022,1000
F_grdp_Hu0d0.15_a_v0.05_s0.7_bias,4e050c92,2,23469.5368739796,1000
F_grdp_Hu0d0.15_a_v0.05_s0.7_bias,4e050c92,3,108302.18546372003,706
F_grdp_Hu0d0.15_a_v0.05_s0.7_bias,944f36b9,0,2391.5119749263695,999
F_grdp_Hu0d0.15_a_v0.05_s0.7_bias,944f36b9,1,42157.671337494525,1000
F_grdp_Hu0d0.15_a_v0.05_s0.7_bias,944f36b9,2,85789.8438142241,1000
F_grdp_Hu0d0.15_a_v0.05_s0.7_bias,944f36b9,3,109933.93103121762,1000
F_grdp_Hu0d0.15_a_v0.05_s0.7_bias,944f36b9,4,72494.03115854539,631
F_grdp_Hu0d0.15_a_v0.05_s0.7_bias,708caea9,0,198067.00024552492,999
F_grdp_Hu0d0.15_a_v0.05_s0.7_bias,708caea9,1,918219.8181747289,1000
F_grdp_Hu0d0.15_a_v0.05_s0.7_bias,708caea9,2,551855.0135307065,1000
F_grdp_Hu0d0.15_a_v0.05_s0.7_bias,708caea9,3,702586.3989426328,1000
F_grdp_Hu0d0.15_a_v0.05_s0.7_bias,708caea9,4,856040.3268469984,1000
F_grdp_Hu0d0.15_a_v0.05_s0.7_bias,708caea9,5,644209.3888811773,1000
F_grdp_Hu0d0.15_a_v0.05_s0.7_bias,708caea9,6,251850.05235603123,549
F_grdp_Hu0d0.15_a_v0.05_s0.7_bias,699ea575,0,13013.891789641335,999
F_grdp_Hu0d0.15_a_v0.05_s0.7_bias,699ea575,1,97969.87838044786,1000
F_grdp_Hu0d0.15_a_v0.05_s0.7_bias,699ea575,2,27422.60581651406,1000
F_grdp_Hu0d0.15_a_v0.05_s0.7_bias,699ea575,3,3770.947395797834,1000
F_grdp_Hu0d0.15_a_v0.05_s0.7_bias,699ea575,4,40.3557684692705,121
F_grdp_Hu0d0.15_a_v0.05_s0.7_bias,a6f967fb,0,4278.201076916716,999
F_grdp_Hu0d0.15_a_v0.05_s0.7_bias,a6f967fb,1,4134.950770421238,1000
F_grdp_Hu0d0.15_a_v0.05_s0.7_bias,a6f967fb,2,9965.073902460901,1000
F_grdp_Hu0d0.15_a_v0.05_s0.7_bias,a6f967fb,3,5075.529012976609,1000
F_grdp_Hu0d0.15_a_v0.05_s0.7_bias,a6f967fb,4,6058.270140119945,671
F_grdp_Hu0d0.15_a_v0.05_s0.7_bias,f08774c3,0,36018.589782411604,999
F_grdp_Hu0d0.15_a_v0.05_s0.7_bias,f08774c3,1,79509.63664999272,1000
F_grdp_Hu0d0.15_a_v0.05_s0.7_bias,f08774c3,2,86295.53283835202,1000
F_grdp_Hu0d0.15_a_v0.05_s0.7_bias,f08774c3,3,127906.85064485173,901
F_grdp_Hu0d0.15_a_v0.05_s0.7_bias,e46f4ef4,0,50822.168468840195,999
F_grdp_Hu0d0.15_a_v0.05_s0.7_bias,e46f4ef4,1,193872.19704770835,1000
F_grdp_Hu0d0.15_a_v0.05_s0.7_bias,e46f4ef4,2,157168.6624246103,1000
F_grdp_Hu0d0.15_a_v0.05_s0.7_bias,e46f4ef4,3,329532.45101490093,1000
F_grdp_Hu0d0.15_a_v0.05_s0.7_bias,e46f4ef4,4,488431.77400285477,1000
F_grdp_Hu0d0.15_a_v0.05_s0.7_bias,e46f4ef4,5,421006.448344194,1000
F_grdp_Hu0d0.15_a_v0.05_s0.7_bias,e46f4ef4,6,520330.82887141337,1000
F_grdp_Hu0d0.15_a_v0.05_s0.7_bias,e46f4ef4,7,112793.40072435357,196
F_grdp_Hu0d0.15_a_v0.05_s0.7_bias,4f4afcc6,0,5084.372477534101,999
F_grdp_Hu0d0.15_a_v0.05_s0.7_bias,4f4afcc6,1,11636.405084462165,1000
F_grdp_Hu0d0.15_a_v0.05_s0.7_bias,4f4afcc6,2,50013.816037130295,1000
F_grdp_Hu0d0.15_a_v0.05_s0.7_bias,4f4afcc6,3,18548.235886478113,1000
F_grdp_Hu0d0.15_a_v0.05_s0.7_bias,4f4afcc6,4,404.73237919602104,1000
F_grdp_Hu0d0.15_a_v0.05_s0.7_bias,4f4afcc6,5,822.7090951334893,646
F_grdp_Hu0d0.15_a_v0.05_s0.7_bias,c2c6fc71,0,1746.0596363042057,999
F_grdp_Hu0d0.15_a_v0.05_s0.7_bias,c2c6fc71,1,1311.6202557165896,1000
F_grdp_Hu0d0.15_a_v0.05_s0.7_bias,c2c6fc71,2,5310.265977850897,1000
F_grdp_Hu0d0.15_a_v0.05_s0.7_bias,c2c6fc71,3,23374.870777446606,1000
F_grdp_Hu0d0.15_a_v0.05_s0.7_bias,c2c6fc71,4,9300.82263625962,1000
F_grdp_Hu0d0.15_a_v0.05_s0.7_bias,c2c6fc71,5,131231.30916868598,1000
F_grdp_Hu0d0.15_a_v0.05_s0.7_bias,c2c6fc71,6,133474.50403098078,1000
F_grdp_Hu0d0.15_a_v0.05_s0.7_bias,c2c6fc71,7,5499.458815605029,120
F_grdp_Hu0d0.15_a_v0.05_s0.7_bias,9d3ec64c,0,21188.536557944495,999
F_grdp_Hu0d0.15_a_v0.05_s0.7_bias,9d3ec64c,1,106835.94020057896,1000
F_grdp_Hu0d0.15_a_v0.05_s0.7_bias,9d3ec64c,2,77404.13411765502,1000
F_grdp_Hu0d0.15_a_v0.05_s0.7_bias,9d3ec64c,3,6903.272062054426,481
F_grdp_Hu0d0.15_a_v0.05_s0.7_bias,137d1e44,0,89837.13710966999,999
F_grdp_Hu0d0.15_a_v0.05_s0.7_bias,137d1e44,1,214499.51807536572,1000
F_grdp_Hu0d0.15_a_v0.05_s0.7_bias,137d1e44,2,16687.37285473255,1000
F_grdp_Hu0d0.15_a_v0.05_s0.7_bias,137d1e44,3,28682.23755533178,1000
F_grdp_Hu0d0.15_a_v0.05_s0.7_bias,137d1e44,4,16651.148227041387,555
F_grdp_Hu0d0.15_a_v0.05_s0.7_bias,42669188,0,3799.461919028539,999
F_grdp_Hu0d0.15_a_v0.05_s0.7_bias,42669188,1,3486.978097688827,1000
F_grdp_Hu0d0.15_a_v0.05_s0.7_bias,42669188,2,4247.453341826459,1000
F_grdp_Hu0d0.15_a_v0.05_s0.7_bias,42669188,3,1723.6192485507434,1000
F_grdp_Hu0d0.15_a_v0.05_s0.7_bias,42669188,4,304.47502714740057,283
F_grdp_Hu0d0.15_a_v0.05_s0.7_bias,fae0c593,0,20320.270339532217,999
F_grdp_Hu0d0.15_a_v0.05_s0.7_bias,fae0c593,1,17840.110287429216,1000
F_grdp_Hu0d0.15_a_v0.05_s0.7_bias,fae0c593,2,1011.5882497684133,1000
F_grdp_Hu0d0.15_a_v0.05_s0.7_bias,fae0c593,3,190.6742036255968,1000
F_grdp_Hu0d0.15_a_v0.05_s0.7_bias,fae0c593,4,4273.802849067049,404
F_grdp_Hu0d0.15_a_v0.05_s0.7_bias,febb4411,0,5256.088239995258,999
F_grdp_Hu0d0.15_a_v0.05_s0.7_bias,febb4411,1,65213.58321114602,1000
F_grdp_Hu0d0.15_a_v0.05_s0.7_bias,febb4411,2,33681.904466686006,1000
F_grdp_Hu0d0.15_a_v0.05_s0.7_bias,febb4411,3,104374.63824716373,1000
F_grdp_Hu0d0.15_a_v0.05_s0.7_bias,febb4411,4,21829.446203789652,248
F_grdp_Hu0d0.15_a_v0.05_s0.7_bias,059c8f24,0,5702.479562431968,999
F_grdp_Hu0d0.15_a_v0.05_s0.7_bias,059c8f24,1,15954.456598760098,1000
F_grdp_Hu0d0.15_a_v0.05_s0.7_bias,059c8f24,2,17498.353958974443,1000
F_grdp_Hu0d0.15_a_v0.05_s0.7_bias,059c8f24,3,90825.94884202642,1000
F_grdp_Hu0d0.15_a_v0.05_s0.7_bias,059c8f24,4,120952.61059435978,1000
F_grdp_Hu0d0.15_a_v0.05_s0.7_bias,059c8f24,5,172848.30364808018,1000
F_grdp_Hu0d0.15_a_v0.05_s0.7_bias,059c8f24,6,36208.59045571302,259
F_grdp_Hu0d0.15_a_v0.05_s0.7_bias,1e5e3573,0,8943.65748179002,999
F_grdp_Hu0d0.15_a_v0.05_s0.7_bias,1e5e3573,1,94835.89506360597,1000
F_grdp_Hu0d0.15_a_v0.05_s0.7_bias,1e5e3573,2,92882.28196172368,1000
F_grdp_Hu0d0.15_a_v0.05_s0.7_bias,1e5e3573,3,36653.639568834726,1000
F_grdp_Hu0d0.15_a_v0.05_s0.7_bias,1e5e3573,4,17291.516587929327,1000
F_grdp_Hu0d0.15_a_v0.05_s0.7_bias,1e5e3573,5,27891.280921848112,481
F_grdp_Hu0d0.15_a_v0.05_s0.7_bias,028d7b28,0,57207.484055094086,999
F_grdp_Hu0d0.15_a_v0.05_s0.7_bias,028d7b28,1,3651.769580087751,1000
F_grdp_Hu0d0.15_a_v0.05_s0.7_bias,028d7b28,2,3877.5549575510677,1000
F_grdp_Hu0d0.15_a_v0.05_s0.7_bias,028d7b28,3,27977.724228037412,1000
F_grdp_Hu0d0.15_a_v0.05_s0.7_bias,028d7b28,4,19779.07496256016,1000
F_grdp_Hu0d0.15_a_v0.05_s0.7_bias,028d7b28,5,142866.33051967173,1000
F_grdp_Hu0d0.15_a_v0.05_s0.7_bias,028d7b28,6,788.1872537391548,235
F_grdp_Hu0d0.15_a_v0.05_s0.7_bias,ed6436d6,0,29233.95137299843,999
F_grdp_Hu0d0.15_a_v0.05_s0.7_bias,ed6436d6,1,35170.52408972329,1000
F_grdp_Hu0d0.15_a_v0.05_s0.7_bias,ed6436d6,2,51434.66844532089,946
F_grdp_Hu0d0.15_a_v0.05_s0.7_bias,39b51819,0,3979.8090864089513,999
F_grdp_Hu0d0.15_a_v0.05_s0.7_bias,39b51819,1,8743.617438670302,1000
F_grdp_Hu0d0.15_a_v0.05_s0.7_bias,39b51819,2,475.950453385553,1000
F_grdp_Hu0d0.15_a_v0.05_s0.7_bias,39b51819,3,682.4965528728023,1000
F_grdp_Hu0d0.15_a_v0.05_s0.7_bias,39b51819,4,64.21030225749713,232
F_grdp_Hu0d0.15_a_v0.05_s0.7_bias,9f0c7bae,0,25429.20707455047,999
F_grdp_Hu0d0.15_a_v0.05_s0.7_bias,9f0c7bae,1,138959.69853472273,1000
F_grdp_Hu0d0.15_a_v0.05_s0.7_bias,9f0c7bae,2,85837.73047409477,543
F_grdp_Hu0d0.15_a_v0.05_s0.7_bias,73b1447d,0,14076.520698558588,999
F_grdp_Hu0d0.15_a_v0.05_s0.7_bias,73b1447d,1,56437.62662755638,1000
F_grdp_Hu0d0.15_a_v0.05_s0.7_bias,73b1447d,2,8689.250749273915,1000
F_grdp_Hu0d0.15_a_v0.05_s0.7_bias,73b1447d,3,19906.00992524845,1000
F_grdp_Hu0d0.15_a_v0.05_s0.7_bias,73b1447d,4,62118.93622302194,1000
F_grdp_Hu0d0.15_a_v0.05_s0.7_bias,73b1447d,5,3276.138454999949,671
F_grdp_Hu0d0.15_a_v0.05_s0.7_bias,764072a5,0,7873.360843750041,999
F_grdp_Hu0d0.15_a_v0.05_s0.7_bias,764072a5,1,36113.32688457278,1000
F_grdp_Hu0d0.15_a_v0.05_s0.7_bias,764072a5,2,31672.844602367622,950
F_grdp_Hu0d0.15_a_v0.05_s0.7_bias,e7d0c1de,0,4976.561966950762,999
F_grdp_Hu0d0.15_a_v0.05_s0.7_bias,e7d0c1de,1,1075.3290268783892,1000
F_grdp_Hu0d0.15_a_v0.05_s0.7_bias,e7d0c1de,2,1330.9221400265374,1000
F_grdp_Hu0d0.15_a_v0.05_s0.7_bias,e7d0c1de,3,584.2643443619647,1000
F_grdp_Hu0d0.15_a_v0.05_s0.7_bias,e7d0c1de,4,1061.3208331784865,712
F_grdp_Hu0d0.15_a_v0.05_s0.7_bias,a6ed2eff,0,4712.941112285741,999
F_grdp_Hu0d0.15_a_v0.05_s0.7_bias,a6ed2eff,1,15984.12597770517,1000
F_grdp_Hu0d0.15_a_v0.05_s0.7_bias,a6ed2eff,2,8673.085603393307,1000
F_grdp_Hu0d0.15_a_v0.05_s0.7_bias,a6ed2eff,3,7872.843078311776,1000
F_grdp_Hu0d0.15_a_v0.05_s0.7_bias,a6ed2eff,4,104929.17129714788,1000
F_grdp_Hu0d0.15_a_v0.05_s0.7_bias,a6ed2eff,5,25372.495627067136,276
F_grdp_Hu0d0.15_a_v0.05_s0.7_bias,4630ab92,0,39232.89171227233,999
F_grdp_Hu0d0.15_a_v0.05_s0.7_bias,4630ab92,1,153256.31831759468,1000
F_grdp_Hu0d0.15_a_v0.05_s0.7_bias,4630ab92,2,148224.65138826202,1000
F_grdp_Hu0d0.15_a_v0.05_s0.7_bias,4630ab92,3,9366.098543510121,374
F_grdp_Hu0d0.15_a_v0.05_s0.7_bias,29de15c8,0,20532.19739683346,999
F_grdp_Hu0d0.15_a_v0.05_s0.7_bias,29de15c8,1,47520.43919859617,1000
F_grdp_Hu0d0.15_a_v0.05_s0.7_bias,29de15c8,2,151896.46238852406,1000
F_grdp_Hu0d0.15_a_v0.05_s0.7_bias,29de15c8,3,95610.67254592491,432
F_grdp_Hu0d0.15_a_v0.05_s0.7_bias,b38e3116,0,1523.306890075318,999
F_grdp_Hu0d0.15_a_v0.05_s0.7_bias,b38e3116,1,494.16096009784076,1000
F_grdp_Hu0d0.15_a_v0.05_s0.7_bias,b38e3116,2,6016.3643569683745,1000
F_grdp_Hu0d0.15_a_v0.05_s0.7_bias,b38e3116,3,3188.28918730197,1000
F_grdp_Hu0d0.15_a_v0.05_s0.7_bias,b38e3116,4,10311.456103623583,1000
F_grdp_Hu0d0.15_a_v0.05_s0.7_bias,b38e3116,5,9151.938021772274,1000
F_grdp_Hu0d0.15_a_v0.05_s0.7_bias,b38e3116,6,393.25587333717965,212
F_grdp_Hu0d0.15_a_v0.05_s0.7_bias,2f19d536,0,22585.46170610406,999
F_grdp_Hu0d0.15_a_v0.05_s0.7_bias,2f19d536,1,37090.70723550671,1000
F_grdp_Hu0d0.15_a_v0.05_s0.7_bias,2f19d536,2,45855.166136527514,1000
F_grdp_Hu0d0.15_a_v0.05_s0.7_bias,2f19d536,3,3810.066057574384,89
F_grdp_Hu0d0.15_a_v0.05_s0.7_bias,f5859199,0,61841.986021831006,999
F_grdp_Hu0d0.15_a_v0.05_s0.7_bias,f5859199,1,260100.50333585622,1000
F_grdp_Hu0d0.15_a_v0.05_s0.7_bias,f5859199,2,204127.09595304256,1000
F_grdp_Hu0d0.15_a_v0.05_s0.7_bias,f5859199,3,138574.435216471,1000
F_grdp_Hu0d0.15_a_v0.05_s0.7_bias,f5859199,4,9314.516929018553,1000
F_grdp_Hu0d0.15_a_v0.05_s0.7_bias,f5859199,5,69271.76869540257,791
F_grdp_Hu0d0.15_a_v0.05_s0.7_bias,d114d9c2,0,1511.9970529378454,999
F_grdp_Hu0d0.15_a_v0.05_s0.7_bias,d114d9c2,1,3849.4007165244625,1000
F_grdp_Hu0d0.15_a_v0.05_s0.7_bias,d114d9c2,2,943.7087522770313,1000
F_grdp_Hu0d0.15_a_v0.05_s0.7_bias,d114d9c2,3,1374.3974833154857,1000
F_grdp_Hu0d0.15_a_v0.05_s0.7_bias,d114d9c2,4,57807.02343737384,1000
F_grdp_Hu0d0.15_a_v0.05_s0.7_bias,d114d9c2,5,162287.605862741,1000
F_grdp_Hu0d0.15_a_v0.05_s0.7_bias,d114d9c2,6,40442.19623979153,207
F_grdp_Hu0d0.15_a_v0.05_s0.7_bias,91b301ce,0,593191.1059708893,999
F_grdp_Hu0d0.15_a_v0.05_s0.7_bias,91b301ce,1,403386.38174358476,1000
F_grdp_Hu0d0.15_a_v0.05_s0.7_bias,91b301ce,2,174065.84913684204,1000
F_grdp_Hu0d0.15_a_v0.05_s0.7_bias,91b301ce,3,55689.80740253525,1000
F_grdp_Hu0d0.15_a_v0.05_s0.7_bias,91b301ce,4,203979.00217588266,1000
F_grdp_Hu0d0.15_a_v0.05_s0.7_bias,91b301ce,5,2125947.685900161,1000
F_grdp_Hu0d0.15_a_v0.05_s0.7_bias,91b301ce,6,2884868.1612622445,571
F_grdp_Hu0d0.15_a_v0.05_s0.7_bias,2bff06cf,0,116737.1051111384,999
F_grdp_Hu0d0.15_a_v0.05_s0.7_bias,2bff06cf,1,413800.92638326733,1000
F_grdp_Hu0d0.15_a_v0.05_s0.7_bias,2bff06cf,2,786164.3649724904,1000
F_grdp_Hu0d0.15_a_v0.05_s0.7_bias,2bff06cf,3,885295.5752457641,1000
F_grdp_Hu0d0.15_a_v0.05_s0.7_bias,2bff06cf,4,850352.0860194705,1000
F_grdp_Hu0d0.15_a_v0.05_s0.7_bias,2bff06cf,5,986375.2844976134,1000
F_grdp_Hu0d0.15_a_v0.05_s0.7_bias,2bff06cf,6,903658.2402581861,1000
F_grdp_Hu0d0.15_a_v0.05_s0.7_bias,2bff06cf,7,195154.52660426986,625
F_grdp_Hu0d0.15_a_v0.05_s0.7_bias,353e5502,0,97639.42971934247,999
F_grdp_Hu0d0.15_a_v0.05_s0.7_bias,353e5502,1,20143.072413666043,1000
F_grdp_Hu0d0.15_a_v0.05_s0.7_bias,353e5502,2,66918.14486854758,1000
F_grdp_Hu0d0.15_a_v0.05_s0.7_bias,353e5502,3,8424.493509931695,1000
F_grdp_Hu0d0.15_a_v0.05_s0.7_bias,353e5502,4,10285.141320431016,1000
F_grdp_Hu0d0.15_a_v0.05_s0.7_bias,353e5502,5,53365.042491163345,1000
F_grdp_Hu0d0.15_a_v0.05_s0.7_bias,353e5502,6,234.65698233477804,63
F_grdp_Hu0d0.15_a_v0.05_s0.7_bias,f0188a48,0,76335.93902654605,999
F_grdp_Hu0d0.15_a_v0.05_s0.7_bias,f0188a48,1,47627.53687216259,1000
F_grdp_Hu0d0.15_a_v0.05_s0.7_bias,f0188a48,2,94234.93191801349,1000
F_grdp_Hu0d0.15_a_v0.05_s0.7_bias,f0188a48,3,242556.39000621412,1000
F_grdp_Hu0d0.15_a_v0.05_s0.7_bias,f0188a48,4,35615.11464639963,171
F_grdp_Hu0d0.15_a_v0.05_s0.7_bias,c908edd0,0,3446.4629035501953,999
F_grdp_Hu0d0.15_a_v0.05_s0.7_bias,c908edd0,1,8294.62171460065,1000
F_grdp_Hu0d0.15_a_v0.05_s0.7_bias,c908edd0,2,14352.148257603767,1000
F_grdp_Hu0d0.15_a_v0.05_s0.7_bias,c908edd0,3,3235.627457475725,1000
F_grdp_Hu0d0.15_a_v0.05_s0.7_bias,c908edd0,4,29694.32380155722,1000
F_grdp_Hu0d0.15_a_v0.05_s0.7_bias,c908edd0,5,20201.85718292385,294
F_grdp_Hu0d0.15_a_v0.05_s0.7_bias,1619e2ca,0,7202.023750651514,999
F_grdp_Hu0d0.15_a_v0.05_s0.7_bias,1619e2ca,1,32217.12037625447,1000
F_grdp_Hu0d0.15_a_v0.05_s0.7_bias,1619e2ca,2,66675.39970554734,1000
F_grdp_Hu0d0.15_a_v0.05_s0.7_bias,1619e2ca,3,73298.08590079121,1000
F_grdp_Hu0d0.15_a_v0.05_s0.7_bias,1619e2ca,4,106551.18950147177,444
F_grdp_Hu0d0.15_a_v0.05_s0.7_bias,4936af16,0,17370.96026388141,999
F_grdp_Hu0d0.15_a_v0.05_s0.7_bias,4936af16,1,9146.799977712606,1000
F_grdp_Hu0d0.15_a_v0.05_s0.7_bias,4936af16,2,14490.84143913086,1000
F_grdp_Hu0d0.15_a_v0.05_s0.7_bias,4936af16,3,52978.92355112984,992
F_grdp_Hu0d0.15_a_v0.05_s0.7_bias,5d11dfb5,0,8024.172254441172,999
F_grdp_Hu0d0.15_a_v0.05_s0.7_bias,5d11dfb5,1,10963.885148443745,1000
F_grdp_Hu0d0.15_a_v0.05_s0.7_bias,5d11dfb5,2,1327.5350275009043,1000
F_grdp_Hu0d0.15_a_v0.05_s0.7_bias,5d11dfb5,3,41445.13565554954,1000
F_grdp_Hu0d0.15_a_v0.05_s0.7_bias,5d11dfb5,4,203170.34359333356,1000
F_grdp_Hu0d0.15_a_v0.05_s0.7_bias,5d11dfb5,5,63127.27846512621,896
F_grdp_Hu0d0.15_a_v0.05_s0.7_bias,56b00794,0,53029.71136598019,999
F_grdp_Hu0d0.15_a_v0.05_s0.7_bias,56b00794,1,201084.46583344537,1000
F_grdp_Hu0d0.15_a_v0.05_s0.7_bias,56b00794,2,164833.47934866522,1000
F_grdp_Hu0d0.15_a_v0.05_s0.7_bias,56b00794,3,243059.494520673,1000
F_grdp_Hu0d0.15_a_v0.05_s0.7_bias,56b00794,4,370114.8539643227,1000
F_grdp_Hu0d0.15_a_v0.05_s0.7_bias,56b00794,5,422247.87672826764,1000
F_grdp_Hu0d0.15_a_v0.05_s0.7_bias,56b00794,6,23153.23029802928,66
F_grdp_Hu0d0.15_a_v0.05_s0.7_bias,5f4d2a52,0,4492.454127825145,999
F_grdp_Hu0d0.15_a_v0.05_s0.7_bias,5f4d2a52,1,123952.2644143255,1000
F_grdp_Hu0d0.15_a_v0.05_s0.7_bias,5f4d2a52,2,1634665.7143790456,1000
F_grdp_Hu0d0.15_a_v0.05_s0.7_bias,5f4d2a52,3,3185576.511443275,1000
F_grdp_Hu0d0.15_a_v0.05_s0.7_bias,5f4d2a52,4,4489731.444023515,1000
F_grdp_Hu0d0.15_a_v0.05_s0.7_bias,5f4d2a52,5,497356.42366248614,226
F_grdp_Hu0d0.15_a_v0.05_s0.7_bias,9a6b0392,0,15030.685915292115,999
F_grdp_Hu0d0.15_a_v0.05_s0.7_bias,9a6b0392,1,4745.405964957357,1000
F_grdp_Hu0d0.15_a_v0.05_s0.7_bias,9a6b0392,2,17424.410499281716,1000
F_grdp_Hu0d0.15_a_v0.05_s0.7_bias,9a6b0392,3,5797.736661240417,1000
F_grdp_Hu0d0.15_a_v0.05_s0.7_bias,9a6b0392,4,350.79506992002894,256
F_grdp_Hu0d0.15_a_v0.05_s0.7_bias,9298ad5b,0,394.25400477095025,999
F_grdp_Hu0d0.15_a_v0.05_s0.7_bias,9298ad5b,1,3346.6354945734993,1000
F_grdp_Hu0d0.15_a_v0.05_s0.7_bias,9298ad5b,2,242888.73248380516,1000
F_grdp_Hu0d0.15_a_v0.05_s0.7_bias,9298ad5b,3,40785.6606089079,965
F_grdp_Hu0d0.15_a_v0.05_s0.7_bias,7b38844c,0,6091.344583319756,999
F_grdp_Hu0d0.15_a_v0.05_s0.7_bias,7b38844c,1,801.7086683771224,1000
F_grdp_Hu0d0.15_a_v0.05_s0.7_bias,7b38844c,2,8272.468968548163,1000
F_grdp_Hu0d0.15_a_v0.05_s0.7_bias,7b38844c,3,17884.71590715271,750
F_grdp_Hu0d0.15_a_v0.05_s0.7_bias,4cecf7b3,0,10148.009054100798,999
F_grdp_Hu0d0.15_a_v0.05_s0.7_bias,4cecf7b3,1,20165.578267996963,1000
F_grdp_Hu0d0.15_a_v0.05_s0.7_bias,4cecf7b3,2,47188.69680744337,1000
F_grdp_Hu0d0.15_a_v0.05_s0.7_bias,4cecf7b3,3,42402.26541213613,1000
F_grdp_Hu0d0.15_a_v0.05_s0.7_bias,4cecf7b3,4,39867.42716146612,1000
F_grdp_Hu0d0.15_a_v0.05_s0.7_bias,4cecf7b3,5,32364.11194729086,1000
F_grdp_Hu0d0.15_a_v0.05_s0.7_bias,4cecf7b3,6,2125.185779963687,20
F_grdp_Hu0d0.15_a_v0.05_s0.7_bias,8b9d8326,0,3029.895513327894,999
F_grdp_Hu0d0.15_a_v0.05_s0.7_bias,8b9d8326,1,6575.887516048079,1000
F_grdp_Hu0d0.15_a_v0.05_s0.7_bias,8b9d8326,2,45476.91932036374,1000
F_grdp_Hu0d0.15_a_v0.05_s0.7_bias,8b9d8326,3,104778.96707992113,1000
F_grdp_Hu0d0.15_a_v0.05_s0.7_bias,8b9d8326,4,134681.08555800494,1000
F_grdp_Hu0d0.15_a_v0.05_s0.7_bias,8b9d8326,5,237727.34691438134,1000
F_grdp_Hu0d0.15_a_v0.05_s0.7_bias,8b9d8326,6,37134.49146133553,164
F_grdp_Hu0d0.15_a_v0.05_s0.7_bias,bf39bc20,0,11995.23699670684,999
F_grdp_Hu0d0.15_a_v0.05_s0.7_bias,bf39bc20,1,119876.46555307964,1000
F_grdp_Hu0d0.15_a_v0.05_s0.7_bias,bf39bc20,2,27845.91823871895,1000
F_grdp_Hu0d0.15_a_v0.05_s0.7_bias,bf39bc20,3,20403.426229174078,304
F_grdp_Hu0d0.15_a_v0.05_s0.7_bias,77b0d905,0,12065.129326561251,999
F_grdp_Hu0d0.15_a_v0.05_s0.7_bias,77b0d905,1,10605.233257794454,1000
F_grdp_Hu0d0.15_a_v0.05_s0.7_bias,77b0d905,2,10130.753044619507,1000
F_grdp_Hu0d0.15_a_v0.05_s0.7_bias,77b0d905,3,10941.799495876186,1000
F_grdp_Hu0d0.15_a_v0.05_s0.7_bias,77b0d905,4,8398.136509776035,175
F_grdp_Hu0d0.15_a_v0.05_s0.7_bias,a4cdbb0f,0,240.35717437753624,999
F_grdp_Hu0d0.15_a_v0.05_s0.7_bias,a4cdbb0f,1,9569.641096413878,1000
F_grdp_Hu0d0.15_a_v0.05_s0.7_bias,a4cdbb0f,2,3708.315287354272,1000
F_grdp_Hu0d0.15_a_v0.05_s0.7_bias,a4cdbb0f,3,33503.530359717806,1000
F_grdp_Hu0d0.15_a_v0.05_s0.7_bias,a4cdbb0f,4,28381.14260133378,1000
F_grdp_Hu0d0.15_a_v0.05_s0.7_bias,a4cdbb0f,5,20.13690085254402,205
F_grdp_Hu0d0.15_a_v0.05_s0.7_bias,084d66f9,0,7499.405467860874,999
F_grdp_Hu0d0.15_a_v0.05_s0.7_bias,084d66f9,1,51335.85304859516,1000
F_grdp_Hu0d0.15_a_v0.05_s0.7_bias,084d66f9,2,292032.8856248569,1000
F_grdp_Hu0d0.15_a_v0.05_s0.7_bias,084d66f9,3,145340.74601920755,886
F_grdp_Hu0d0.15_a_v0.05_s0.7_bias,9efc812e,0,14394.94382162873,999
F_grdp_Hu0d0.15_a_v0.05_s0.7_bias,9efc812e,1,22859.43241364204,1000
F_grdp_Hu0d0.15_a_v0.05_s0.7_bias,9efc812e,2,1336.8115926336372,1000
F_grdp_Hu0d0.15_a_v0.05_s0.7_bias,9efc812e,3,14783.093065251573,1000
F_grdp_Hu0d0.15_a_v0.05_s0.7_bias,9efc812e,4,11774.16705301695,451
F_grdp_Hu0d0.15_a_v0.05_s0.7_bias,95c8427f,0,134493.46852699114,999
F_grdp_Hu0d0.15_a_v0.05_s0.7_bias,95c8427f,1,209373.62119494122,1000
F_grdp_Hu0d0.15_a_v0.05_s0.7_bias,95c8427f,2,181218.03477053446,1000
F_grdp_Hu0d0.15_a_v0.05_s0.7_bias,95c8427f,3,26281.15414638971,1000
F_grdp_Hu0d0.15_a_v0.05_s0.7_bias,95c8427f,4,19167.5323471334,1000
F_grdp_Hu0d0.15_a_v0.05_s0.7_bias,95c8427f,5,4795.778607718275,1000
F_grdp_Hu0d0.15_a_v0.05_s0.7_bias,95c8427f,6,7481.050180497566,336
F_grdp_Hu0d0.15_a_v0.05_s0.7_bias,a3518960,0,44990.396154119706,999
F_grdp_Hu0d0.15_a_v0.05_s0.7_bias,a3518960,1,132087.59211892937,1000
F_grdp_Hu0d0.15_a_v0.05_s0.7_bias,a3518960,2,23930.192073512535,1000
F_grdp_Hu0d0.15_a_v0.05_s0.7_bias,a3518960,3,55571.29270738937,1000
F_grdp_Hu0d0.15_a_v0.05_s0.7_bias,a3518960,4,30525.52296846214,968
F_grdp_Hu0d0.15_a_v0.05_s0.7_bias,ce55ba43,0,6985.710952038209,999
F_grdp_Hu0d0.15_a_v0.05_s0.7_bias,ce55ba43,1,22475.674554227928,1000
F_grdp_Hu0d0.15_a_v0.05_s0.7_bias,ce55ba43,2,29196.73278446971,1000
F_grdp_Hu0d0.15_a_v0.05_s0.7_bias,ce55ba43,3,25983.510058649677,1000
F_grdp_Hu0d0.15_a_v0.05_s0.7_bias,ce55ba43,4,1267.6845973601996,105
F_grdp_Hu0d0.15_a_v0.05_s0.7_bias,8c167025,0,11870.698152096846,999
F_grdp_Hu0d0.15_a_v0.05_s0.7_bias,8c167025,1,7871.194649312024,1000
F_grdp_Hu0d0.15_a_v0.05_s0.7_bias,8c167025,2,10915.817756616869,1000
F_grdp_Hu0d0.15_a_v0.05_s0.7_bias,8c167025,3,211317.45123511384,1000
F_grdp_Hu0d0.15_a_v0.05_s0.7_bias,8c167025,4,258660.47776436378,1000
F_grdp_Hu0d0.15_a_v0.05_s0.7_bias,8c167025,5,32886.83970353005,369
F_grdp_Hu0d0.15_a_v0.05_s0.7_bias,c8d9680c,0,10810.175492291517,999
F_grdp_Hu0d0.15_a_v0.05_s0.7_bias,c8d9680c,1,151458.8691844367,1000
F_grdp_Hu0d0.15_a_v0.05_s0.7_bias,c8d9680c,2,316442.903901897,1000
F_grdp_Hu0d0.15_a_v0.05_s0.7_bias,c8d9680c,3,376106.0695851513,1000
F_grdp_Hu0d0.15_a_v0.05_s0.7_bias,c8d9680c,4,867731.1693681283,1000
F_grdp_Hu0d0.15_a_v0.05_s0.7_bias,c8d9680c,5,980100.681516294,1000
F_grdp_Hu0d0.15_a_v0.05_s0.7_bias,c8d9680c,6,315046.6897620895,282
F_grdp_Hu0d0.15_a_v0.05_s0.7_bias,89969c7a,0,6337.713600000476,999
F_grdp_Hu0d0.15_a_v0.05_s0.7_bias,89969c7a,1,84162.54789999675,1000
F_grdp_Hu0d0.15_a_v0.05_s0.7_bias,89969c7a,2,49226.08489999192,1000
F_grdp_Hu0d0.15_a_v0.05_s0.7_bias,89969c7a,3,148253.08500001897,1000
F_grdp_Hu0d0.15_a_v0.05_s0.7_bias,89969c7a,4,79748.46930000877,948
F_grdp_Hu0d0.15_a_v0.05_s0.7_bias,c9578d27,0,6363.54864428654,999
F_grdp_Hu0d0.15_a_v0.05_s0.7_bias,c9578d27,1,65471.43614670256,1000
F_grdp_Hu0d0.15_a_v0.05_s0.7_bias,c9578d27,2,339899.59086269565,1000
F_grdp_Hu0d0.15_a_v0.05_s0.7_bias,c9578d27,3,82376.46381204313,1000
F_grdp_Hu0d0.15_a_v0.05_s0.7_bias,c9578d27,4,8427.695781776596,488
F_grdp_Hu0d0.15_a_v0.05_s0.7_bias,b37fd114,0,28463.44225776645,999
F_grdp_Hu0d0.15_a_v0.05_s0.7_bias,b37fd114,1,35315.78805584335,1000
F_grdp_Hu0d0.15_a_v0.05_s0.7_bias,b37fd114,2,6314.825497042087,1000
F_grdp_Hu0d0.15_a_v0.05_s0.7_bias,b37fd114,3,291207.76008670666,1000
F_grdp_Hu0d0.15_a_v0.05_s0.7_bias,b37fd114,4,114198.69454735311,1000
F_grdp_Hu0d0.15_a_v0.05_s0.7_bias,b37fd114,5,318570.61799019366,1000
F_grdp_Hu0d0.15_a_v0.05_s0.7_bias,b37fd114,6,183303.69498940965,1000
F_grdp_Hu0d0.15_a_v0.05_s0.7_bias,b37fd114,7,341283.6569096355,1000
F_grdp_Hu0d0.15_a_v0.05_s0.7_bias,b37fd114,8,23190.70952958247,162
F_grdp_Hu0d0.15_a_v0.05_s0.7_bias,2e63d9de,0,5878.481543675808,999
F_grdp_Hu0d0.15_a_v0.05_s0.7_bias,2e63d9de,1,14282.036474354234,1000
F_grdp_Hu0d0.15_a_v0.05_s0.7_bias,2e63d9de,2,37978.592849025874,1000
F_grdp_Hu0d0.15_a_v0.05_s0.7_bias,2e63d9de,3,110559.82241580787,1000
F_grdp_Hu0d0.15_a_v0.05_s0.7_bias,2e63d9de,4,74146.02784522201,700
F_grdp_Hu0d0.15_a_v0.05_s0.7_bias,4fbe9c06,0,267.02319925833734,999
F_grdp_Hu0d0.15_a_v0.05_s0.7_bias,4fbe9c06,1,4026.1100807389053,1000
F_grdp_Hu0d0.15_a_v0.05_s0.7_bias,4fbe9c06,2,14362.813483072134,1000
F_grdp_Hu0d0.15_a_v0.05_s0.7_bias,4fbe9c06,3,13837.364261105693,1000
F_grdp_Hu0d0.15_a_v0.05_s0.7_bias,4fbe9c06,4,10966.15807341592,1000
F_grdp_Hu0d0.15_a_v0.05_s0.7_bias,4fbe9c06,5,9595.744262441183,1000
F_grdp_Hu0d0.15_a_v0.05_s0.7_bias,4fbe9c06,6,383.6411547911031,288
F_grdp_Hu0d0.15_a_v0.05_s0.7_bias,5397ceb1,0,88920.802703159,999
F_grdp_Hu0d0.15_a_v0.05_s0.7_bias,5397ceb1,1,121173.08179437736,1000
F_grdp_Hu0d0.15_a_v0.05_s0.7_bias,5397ceb1,2,245580.8538930603,1000
F_grdp_Hu0d0.15_a_v0.05_s0.7_bias,5397ceb1,3,314762.8682862456,1000
F_grdp_Hu0d0.15_a_v0.05_s0.7_bias,5397ceb1,4,197807.98711257864,1000
F_grdp_Hu0d0.15_a_v0.05_s0.7_bias,5397ceb1,5,56261.31329452226,256
F_grdp_Hu0d0.15_a_v0.05_s0.7_bias,9dfff011,0,4784.315398629872,999
F_grdp_Hu0d0.15_a_v0.05_s0.7_bias,9dfff011,1,77630.7512578348,1000
F_grdp_Hu0d0.15_a_v0.05_s0.7_bias,9dfff011,2,34631.17045637617,1000
F_grdp_Hu0d0.15_a_v0.05_s0.7_bias,9dfff011,3,21061.531929169792,1000
F_grdp_Hu0d0.15_a_v0.05_s0.7_bias,9dfff011,4,22455.9921572778,320
F_grdp_Hu0d0.15_a_v0.05_s0.7_bias,9d5e14d4,0,32519.762900000474,999
F_grdp_Hu0d0.15_a_v0.05_s0.7_bias,9d5e14d4,1,30762.91199999764,1000
F_grdp_Hu0d0.15_a_v0.05_s0.7_bias,9d5e14d4,2,312766.44819997746,1000
F_grdp_Hu0d0.15_a_v0.05_s0.7_bias,9d5e14d4,3,944237.1357999558,1000
F_grdp_Hu0d0.15_a_v0.05_s0.7_bias,9d5e14d4,4,912720.6801999379,1000
F_grdp_Hu0d0.15_a_v0.05_s0.7_bias,9d5e14d4,5,350209.24410000624,401
F_grdp_Hu0d0.15_a_v0.05_s0.7_bias,2b034622,0,6751.1649471301935,999
F_grdp_Hu0d0.15_a_v0.05_s0.7_bias,2b034622,1,3184.889088456854,1000
F_grdp_Hu0d0.15_a_v0.05_s0.7_bias,2b034622,2,34103.66768800534,1000
F_grdp_Hu0d0.15_a_v0.05_s0.7_bias,2b034622,3,11193.632175247081,1000
F_grdp_Hu0d0.15_a_v0.05_s0.7_bias,2b034622,4,2747.05989737929,1000
F_grdp_Hu0d0.15_a_v0.05_s0.7_bias,2b034622,5,70.67550589771773,204
F_grdp_Hu0d0.15_a_v0.05_s0.7_bias,7a5660b0,0,4093.22637673951,999
F_grdp_Hu0d0.15_a_v0.05_s0.7_bias,7a5660b0,1,11614.25849687844,1000
F_grdp_Hu0d0.15_a_v0.05_s0.7_bias,7a5660b0,2,15741.56004403159,1000
F_grdp_Hu0d0.15_a_v0.05_s0.7_bias,7a5660b0,3,45868.226425951114,1000
F_grdp_Hu0d0.15_a_v0.05_s0.7_bias,7a5660b0,4,35824.16155002397,999
F_grdp_Hu0d0.15_a_v0.05_s0.7_bias,15e154a1,0,3684.253728041473,999
F_grdp_Hu0d0.15_a_v0.05_s0.7_bias,15e154a1,1,5882.86375745308,1000
F_grdp_Hu0d0.15_a_v0.05_s0.7_bias,15e154a1,2,7448.31883283334,1000
F_grdp_Hu0d0.15_a_v0.05_s0.7_bias,15e154a1,3,4571.632558921413,1000
F_grdp_Hu0d0.15_a_v0.05_s0.7_bias,15e154a1,4,1526.2624234251698,1000
F_grdp_Hu0d0.15_a_v0.05_s0.7_bias,15e154a1,5,5774.4399978707925,1000
F_grdp_Hu0d0.15_a_v0.05_s0.7_bias,15e154a1,6,791.3944992109425,69
F_grdp_Hu0d0.15_a_v0.05_s0.7_bias,85380836,0,7424.046638594186,999
F_grdp_Hu0d0.15_a_v0.05_s0.7_bias,85380836,1,13850.265231079982,1000
F_grdp_Hu0d0.15_a_v0.05_s0.7_bias,85380836,2,183.52167862555933,1000
F_grdp_Hu0d0.15_a_v0.05_s0.7_bias,85380836,3,1379.2386841996558,1000
F_grdp_Hu0d0.15_a_v0.05_s0.7_bias,85380836,4,11009.916762270317,1000
F_grdp_Hu0d0.15_a_v0.05_s0.7_bias,85380836,5,24602.709731432773,1000
F_grdp_Hu0d0.15_a_v0.05_s0.7_bias,85380836,6,15553.412380240934,619
F_grdp_Hu0d0.15_a_v0.05_s0.7_bias,521a7819,0,7991.819047000157,999
F_grdp_Hu0d0.15_a_v0.05_s0.7_bias,521a7819,1,751.2574198926628,1000
F_grdp_Hu0d0.15_a_v0.05_s0.7_bias,521a7819,2,39803.1684557852,1000
F_grdp_Hu0d0.15_a_v0.05_s0.7_bias,521a7819,3,32365.944407245443,1000
F_grdp_Hu0d0.15_a_v0.05_s0.7_bias,521a7819,4,32186.540439042594,1000
F_grdp_Hu0d0.15_a_v0.05_s0.7_bias,521a7819,5,106.16618989860012,201
F_grdp_Hu0d0.15_a_v0.05_s0.7_bias,e2fc7745,0,20866.270666627293,999
F_grdp_Hu0d0.15_a_v0.05_s0.7_bias,e2fc7745,1,75349.56432595733,1000
F_grdp_Hu0d0.15_a_v0.05_s0.7_bias,e2fc7745,2,16885.103024137406,1000
F_grdp_Hu0d0.15_a_v0.05_s0.7_bias,e2fc7745,3,10836.959518941887,693
F_grdp_Hu0d0.15_a_v0.05_s0.7_bias,73348914,0,6721.626412992126,999
F_grdp_Hu0d0.15_a_v0.05_s0.7_bias,73348914,1,82414.88751859395,1000
F_grdp_Hu0d0.15_a_v0.05_s0.7_bias,73348914,2,65190.95862649384,1000
F_grdp_Hu0d0.15_a_v0.05_s0.7_bias,73348914,3,1548.68641100828,1000
F_grdp_Hu0d0.15_a_v0.05_s0.7_bias,73348914,4,1692.5971685933503,222
F_grdp_Hu0d0.15_a_v0.05_s0.7_bias,f6824bb0,0,344.63895881198414,999
F_grdp_Hu0d0.15_a_v0.05_s0.7_bias,f6824bb0,1,11240.504115456324,1000
F_grdp_Hu0d0.15_a_v0.05_s0.7_bias,f6824bb0,2,1479.9455604220102,1000
F_grdp_Hu0d0.15_a_v0.05_s0.7_bias,f6824bb0,3,16913.643445773316,1000
F_grdp_Hu0d0.15_a_v0.05_s0.7_bias,f6824bb0,4,8206.610146485738,1000
F_grdp_Hu0d0.15_a_v0.05_s0.7_bias,f6824bb0,5,53.30738079050613,16
F_grdp_Hu0d0.15_a_v0.05_s0.7_bias,b19b0395,0,27164.27666103399,999
F_grdp_Hu0d0.15_a_v0.05_s0.7_bias,b19b0395,1,149856.11304716,1000
F_grdp_Hu0d0.15_a_v0.05_s0.7_bias,b19b0395,2,183882.28457147267,1000
F_grdp_Hu0d0.15_a_v0.05_s0.7_bias,b19b0395,3,259270.90464973202,1000
F_grdp_Hu0d0.15_a_v0.05_s0.7_bias,b19b0395,4,309366.29537643085,1000
F_grdp_Hu0d0.15_a_v0.05_s0.7_bias,b19b0395,5,86502.7545181794,814
F_grdp_Hu0d0.15_a_v0.05_s0.7_bias,aaaf3c03,0,393450.3948725881,999
F_grdp_Hu0d0.15_a_v0.05_s0.7_bias,aaaf3c03,1,274655.81230492506,1000
F_grdp_Hu0d0.15_a_v0.05_s0.7_bias,aaaf3c03,2,64327.076454077294,998
F_grdp_Hu0d0.15_a_v0.05_s0.7_bias,125be846,0,27157.138982565568,999
F_grdp_Hu0d0.15_a_v0.05_s0.7_bias,125be846,1,14668.713819386998,1000
F_grdp_Hu0d0.15_a_v0.05_s0.7_bias,125be846,2,109210.99476625599,1000
F_grdp_Hu0d0.15_a_v0.05_s0.7_bias,125be846,3,28492.37391004946,1000
F_grdp_Hu0d0.15_a_v0.05_s0.7_bias,125be846,4,89943.25451618107,1000
F_grdp_Hu0d0.15_a_v0.05_s0.7_bias,125be846,5,238833.98789797357,1000
F_grdp_Hu0d0.15_a_v0.05_s0.7_bias,125be846,6,102141.74805847065,511
F_grdp_Hu0d0.15_a_v0.05_s0.7_bias,2d35f86d,0,34467.880727463926,999
F_grdp_Hu0d0.15_a_v0.05_s0.7_bias,2d35f86d,1,162232.54574672543,1000
F_grdp_Hu0d0.15_a_v0.05_s0.7_bias,2d35f86d,2,71712.63254563247,1000
F_grdp_Hu0d0.15_a_v0.05_s0.7_bias,2d35f86d,3,116127.99624051935,1000
F_grdp_Hu0d0.15_a_v0.05_s0.7_bias,2d35f86d,4,167479.64472952773,897
F_grdp_Hu0d0.15_a_v0.05_s0.7_bias,54753541,0,18276.499369803154,999
F_grdp_Hu0d0.15_a_v0.05_s0.7_bias,54753541,1,49641.56308781288,1000
F_grdp_Hu0d0.15_a_v0.05_s0.7_bias,54753541,2,16126.409143784404,1000
F_grdp_Hu0d0.15_a_v0.05_s0.7_bias,54753541,3,88098.07952855066,1000
F_grdp_Hu0d0.15_a_v0.05_s0.7_bias,54753541,4,4911.899355205226,27
F_grdp_Hu0d0.15_a_v0.05_s0.7_bias,9b5b61c1,0,1209.9681845557623,999
F_grdp_Hu0d0.15_a_v0.05_s0.7_bias,9b5b61c1,1,3318.660364685014,1000
F_grdp_Hu0d0.15_a_v0.05_s0.7_bias,9b5b61c1,2,3998.177943153924,1000
F_grdp_Hu0d0.15_a_v0.05_s0.7_bias,9b5b61c1,3,4645.035492501843,1000
F_grdp_Hu0d0.15_a_v0.05_s0.7_bias,9b5b61c1,4,2494.4518221655035,1000
F_grdp_Hu0d0.15_a_v0.05_s0.7_bias,9b5b61c1,5,2983.348593510051,533
F_grdp_Hu0d0.15_a_v0.05_s0.7_bias,1131525f,0,105553.85857500604,999
F_grdp_Hu0d0.15_a_v0.05_s0.7_bias,1131525f,1,4622.004977888877,1000
F_grdp_Hu0d0.15_a_v0.05_s0.7_bias,1131525f,2,2444.934818042947,1000
F_grdp_Hu0d0.15_a_v0.05_s0.7_bias,1131525f,3,6350.127495338027,1000
F_grdp_Hu0d0.15_a_v0.05_s0.7_bias,1131525f,4,1550.7636739983573,160
F_grdp_Hu0d0.15_a_v0.05_s0.7_bias,45fb3e21,0,10119.345698176157,999
F_grdp_Hu0d0.15_a_v0.05_s0.7_bias,45fb3e21,1,4106.868653051018,1000
F_grdp_Hu0d0.15_a_v0.05_s0.7_bias,45fb3e21,2,27232.677805212592,1000
F_grdp_Hu0d0.15_a_v0.05_s0.7_bias,45fb3e21,3,16653.95552750386,650
F_grdp_Hu0d0.15_a_v0.05_s0.7_bias,177622d7,0,175.81723531859006,999
F_grdp_Hu0d0.15_a_v0.05_s0.7_bias,177622d7,1,5750.031929021935,1000
F_grdp_Hu0d0.15_a_v0.05_s0.7_bias,177622d7,2,9959.29716321203,1000
F_grdp_Hu0d0.15_a_v0.05_s0.7_bias,177622d7,3,219.63833149366246,155
F_grdp_Hu0d0.15_a_v0.05_s0.7_bias,8bda1a11,0,5728.530603246836,999
F_grdp_Hu0d0.15_a_v0.05_s0.7_bias,8bda1a11,1,33408.53963692399,1000
F_grdp_Hu0d0.15_a_v0.05_s0.7_bias,8bda1a11,2,29236.448189555093,1000
F_grdp_Hu0d0.15_a_v0.05_s0.7_bias,8bda1a11,3,5501.593340106632,1000
F_grdp_Hu0d0.15_a_v0.05_s0.7_bias,8bda1a11,4,11659.72221079528,1000
F_grdp_Hu0d0.15_a_v0.05_s0.7_bias,8bda1a11,5,49457.89472703316,982
F_grdp_Hu0d0.15_a_v0.05_s0.7_bias,516088b7,0,3703.3083259522077,999
F_grdp_Hu0d0.15_a_v0.05_s0.7_bias,516088b7,1,16515.72951094169,1000
F_grdp_Hu0d0.15_a_v0.05_s0.7_bias,516088b7,2,78779.91751142454,1000
F_grdp_Hu0d0.15_a_v0.05_s0.7_bias,516088b7,3,12916.379472372655,1000
F_grdp_Hu0d0.15_a_v0.05_s0.7_bias,516088b7,4,23700.547912404276,1000
F_grdp_Hu0d0.15_a_v0.05_s0.7_bias,516088b7,5,9168.580912409021,1000
F_grdp_Hu0d0.15_a_v0.05_s0.7_bias,516088b7,6,3957.8336091946894,646
F_grdp_Hu0d0.15_a_v0.05_s0.7_bias,65156b96,0,8468.165279642795,999
F_grdp_Hu0d0.15_a_v0.05_s0.7_bias,65156b96,1,6259.834148657834,1000
F_grdp_Hu0d0.15_a_v0.05_s0.7_bias,65156b96,2,19127.74159618893,1000
F_grdp_Hu0d0.15_a_v0.05_s0.7_bias,65156b96,3,20192.93291927394,222
F_grdp_Hu0d0.15_a_v0.05_s0.7_bias,96b7eea1,0,5851.65270484953,999
F_grdp_Hu0d0.15_a_v0.05_s0.7_bias,96b7eea1,1,8242.215775241026,1000
F_grdp_Hu0d0.15_a_v0.05_s0.7_bias,96b7eea1,2,21717.034171645846,1000
F_grdp_Hu0d0.15_a_v0.05_s0.7_bias,96b7eea1,3,110140.53733988077,1000
F_grdp_Hu0d0.15_a_v0.05_s0.7_bias,96b7eea1,4,116535.43455937333,333
F_grdp_Hu0d0.15_a_v0.05_s0.7_bias,2d179ded,0,68676.19896161293,999
F_grdp_Hu0d0.15_a_v0.05_s0.7_bias,2d179ded,1,110568.45034691728,1000
F_grdp_Hu0d0.15_a_v0.05_s0.7_bias,2d179ded,2,20284.46616935105,1000
F_grdp_Hu0d0.15_a_v0.05_s0.7_bias,2d179ded,3,19549.35980027651,1000
F_grdp_Hu0d0.15_a_v0.05_s0.7_bias,2d179ded,4,39993.0302977452,1000
F_grdp_Hu0d0.15_a_v0.05_s0.7_bias,2d179ded,5,72875.93161468572,1000
F_grdp_Hu0d0.15_a_v0.05_s0.7_bias,2d179ded,6,100060.81215361918,1000
F_grdp_Hu0d0.15_a_v0.05_s0.7_bias,2d179ded,7,17.80764401151948,9
F_grdp_Hu0d0.15_a_v0.05_s0.7_bias,f140c2fa,0,618.8055313821151,999
F_grdp_Hu0d0.15_a_v0.05_s0.7_bias,f140c2fa,1,3416.5265360114704,1000
F_grdp_Hu0d0.15_a_v0.05_s0.7_bias,f140c2fa,2,2759.5533587317054,1000
F_grdp_Hu0d0.15_a_v0.05_s0.7_bias,f140c2fa,3,30819.02207930354,1000
F_grdp_Hu0d0.15_a_v0.05_s0.7_bias,f140c2fa,4,3211.756212380735,83
F_grdp_Hu0d0.15_a_v0.05_s0.7_bias,2e29e833,0,6280.636676256192,999
F_grdp_Hu0d0.15_a_v0.05_s0.7_bias,2e29e833,1,33933.70490259151,1000
F_grdp_Hu0d0.15_a_v0.05_s0.7_bias,2e29e833,2,104792.35407080766,1000
F_grdp_Hu0d0.15_a_v0.05_s0.7_bias,2e29e833,3,12541.658491873866,1000
F_grdp_Hu0d0.15_a_v0.05_s0.7_bias,2e29e833,4,15428.438038781016,1000
F_grdp_Hu0d0.15_a_v0.05_s0.7_bias,2e29e833,5,40367.254418037526,429
F_grdp_Hu0d0.15_a_v0.05_s0.7_bias,2ab29395,0,1017.7351734371582,999
F_grdp_Hu0d0.15_a_v0.05_s0.7_bias,2ab29395,1,1555.0565108326705,853
F_grdp_Hu0d0.15_a_v0.05_s0.7_bias,1295a25b,0,18094.804384152005,999
F_grdp_Hu0d0.15_a_v0.05_s0.7_bias,1295a25b,1,53363.48799210421,1000
F_grdp_Hu0d0.15_a_v0.05_s0.7_bias,1295a25b,2,126217.81943580274,1000
F_grdp_Hu0d0.15_a_v0.05_s0.7_bias,1295a25b,3,68616.1503223663,1000
F_grdp_Hu0d0.15_a_v0.05_s0.7_bias,1295a25b,4,29300.606700055734,1000
F_grdp_Hu0d0.15_a_v0.05_s0.7_bias,1295a25b,5,7599.570212917775,552
F_grdp_Hu0d0.15_a_v0.05_s0.7_bias,d60430e6,0,11327.26008688697,999
F_grdp_Hu0d0.15_a_v0.05_s0.7_bias,d60430e6,1,5914.785473252557,1000
F_grdp_Hu0d0.15_a_v0.05_s0.7_bias,d60430e6,2,1282.4857477729913,512
F_grdp_Hu0d0.15_a_v0.05_s0.7_bias,3df4b19e,0,8998.685808723823,999
F_grdp_Hu0d0.15_a_v0.05_s0.7_bias,3df4b19e,1,31965.405381281264,1000
F_grdp_Hu0d0.15_a_v0.05_s0.7_bias,3df4b19e,2,8926.626197068526,1000
F_grdp_Hu0d0.15_a_v0.05_s0.7_bias,3df4b19e,3,542.4470334667293,1000
F_grdp_Hu0d0.15_a_v0.05_s0.7_bias,3df4b19e,4,8942.08364739032,989
F_grdp_Hu0d0.15_a_v0.05_s0.7_bias,14ad5efb,0,27907.611848179342,999
F_grdp_Hu0d0.15_a_v0.05_s0.7_bias,14ad5efb,1,76637.9572102857,1000
F_grdp_Hu0d0.15_a_v0.05_s0.7_bias,14ad5efb,2,36145.02232112718,1000
F_grdp_Hu0d0.15_a_v0.05_s0.7_bias,14ad5efb,3,2149.6462677890413,1000
F_grdp_Hu0d0.15_a_v0.05_s0.7_bias,14ad5efb,4,708.5355184110032,1000
F_grdp_Hu0d0.15_a_v0.05_s0.7_bias,14ad5efb,5,11656.06635683481,843
F_grdp_Hu0d0.15_a_v0.05_s0.7_bias,b4d8dd4f,0,3438.947255099338,999
F_grdp_Hu0d0.15_a_v0.05_s0.7_bias,b4d8dd4f,1,9547.041881151916,1000
F_grdp_Hu0d0.15_a_v0.05_s0.7_bias,b4d8dd4f,2,2519.2802591022087,1000
F_grdp_Hu0d0.15_a_v0.05_s0.7_bias,b4d8dd4f,3,568309.1649075833,1000
F_grdp_Hu0d0.15_a_v0.05_s0.7_bias,b4d8dd4f,4,458735.6333423342,260
F_grdp_Hu0d0.15_a_v0.05_s0.7_bias,6a0ff78e,0,25168.539276294887,999
F_grdp_Hu0d0.15_a_v0.05_s0.7_bias,6a0ff78e,1,7947.6687128526,1000
F_grdp_Hu0d0.15_a_v0.05_s0.7_bias,6a0ff78e,2,8906.169971803762,1000
F_grdp_Hu0d0.15_a_v0.05_s0.7_bias,6a0ff78e,3,1185.6242104362339,1000
F_grdp_Hu0d0.15_a_v0.05_s0.7_bias,6a0ff78e,4,112.55487569949156,1000
F_grdp_Hu0d0.15_a_v0.05_s0.7_bias,6a0ff78e,5,3548.1813487924874,1000
F_grdp_Hu0d0.15_a_v0.05_s0.7_bias,6a0ff78e,6,1222.8764146323201,466
F_grdp_Hu0d0.15_a_v0.05_s0.7_bias,be063506,0,90586.91771774348,999
F_grdp_Hu0d0.15_a_v0.05_s0.7_bias,be063506,1,92799.24418173358,1000
F_grdp_Hu0d0.15_a_v0.05_s0.7_bias,be063506,2,150748.8988497579,1000
F_grdp_Hu0d0.15_a_v0.05_s0.7_bias,be063506,3,167601.19309796457,1000
F_grdp_Hu0d0.15_a_v0.05_s0.7_bias,be063506,4,46613.25597552921,501
F_grdp_Hu0d0.15_a_v0.05_s0.7_bias,87aa3730,0,2504.290385505152,999
F_grdp_Hu0d0.15_a_v0.05_s0.7_bias,87aa3730,1,3487.259042690216,1000
F_grdp_Hu0d0.15_a_v0.05_s0.7_bias,87aa3730,2,16280.355900185677,1000
F_grdp_Hu0d0.15_a_v0.05_s0.7_bias,87aa3730,3,302738.42474139726,1000
F_grdp_Hu0d0.15_a_v0.05_s0.7_bias,87aa3730,4,252910.5425792054,1000
F_grdp_Hu0d0.15_a_v0.05_s0.7_bias,87aa3730,5,141319.86047515614,608
F_grdp_Hu0d0.15_a_v0.05_s0.7_bias,75c20ec7,0,17345.39302075018,999
F_grdp_Hu0d0.15_a_v0.05_s0.7_bias,75c20ec7,1,112666.77864256146,1000
F_grdp_Hu0d0.15_a_v0.05_s0.7_bias,75c20ec7,2,72502.58399759552,1000
F_grdp_Hu0d0.15_a_v0.05_s0.7_bias,75c20ec7,3,235672.50248795116,1000
F_grdp_Hu0d0.15_a_v0.05_s0.7_bias,75c20ec7,4,23144.020561874084,1000
F_grdp_Hu0d0.15_a_v0.05_s0.7_bias,75c20ec7,5,32209.316304936474,362
F_grdp_Hu0d0.15_a_v0.05_s0.7_bias,367456ce,0,1523.0113384550305,999
F_grdp_Hu0d0.15_a_v0.05_s0.7_bias,367456ce,1,1788.7942955835774,1000
F_grdp_Hu0d0.15_a_v0.05_s0.7_bias,367456ce,2,1261.5373446813733,1000
F_grdp_Hu0d0.15_a_v0.05_s0.7_bias,367456ce,3,10471.72075987814,1000
F_grdp_Hu0d0.15_a_v0.05_s0.7_bias,367456ce,4,19552.760139416878,1000
F_grdp_Hu0d0.15_a_v0.05_s0.7_bias,367456ce,5,152.16022477209833,570
F_grdp_Hu0d0.15_a_v0.05_s0.7_bias,b0f53bf4,0,20854.811248139667,999
F_grdp_Hu0d0.15_a_v0.05_s0.7_bias,b0f53bf4,1,16995.656850166164,1000
F_grdp_Hu0d0.15_a_v0.05_s0.7_bias,b0f53bf4,2,58632.127323940724,756
F_grdp_Hu0d0.15_a_v0.05_s0.7_bias,ef8e3ed0,0,42624.03108668982,999
F_grdp_Hu0d0.15_a_v0.05_s0.7_bias,ef8e3ed0,1,97390.69649179798,1000
F_grdp_Hu0d0.15_a_v0.05_s0.7_bias,ef8e3ed0,2,31759.15158983911,1000
F_grdp_Hu0d0.15_a_v0.05_s0.7_bias,ef8e3ed0,3,156054.33778905886,1000
F_grdp_Hu0d0.15_a_v0.05_s0.7_bias,ef8e3ed0,4,109375.66938017911,1000
F_grdp_Hu0d0.15_a_v0.05_s0.7_bias,ef8e3ed0,5,5629.747026307574,225
F_grdp_Hu0d0.15_a_v0.05_s0.7_bias,d6dd7330,0,7868.828128659831,999
F_grdp_Hu0d0.15_a_v0.05_s0.7_bias,d6dd7330,1,6373.750283145278,1000
F_grdp_Hu0d0.15_a_v0.05_s0.7_bias,d6dd7330,2,16051.445748615242,1000
F_grdp_Hu0d0.15_a_v0.05_s0.7_bias,d6dd7330,3,32888.79775780987,1000
F_grdp_Hu0d0.15_a_v0.05_s0.7_bias,d6dd7330,4,90364.03926694338,1000
F_grdp_Hu0d0.15_a_v0.05_s0.7_bias,d6dd7330,5,1262.7213649318996,1000
F_grdp_Hu0d0.15_a_v0.05_s0.7_bias,d6dd7330,6,339.1764712405681,194
F_grdp_Hu0d0.15_a_v0.05_s0.7_bias,69e41fa6,0,4979.9986859144265,999
F_grdp_Hu0d0.15_a_v0.05_s0.7_bias,69e41fa6,1,49417.56940653722,1000
F_grdp_Hu0d0.15_a_v0.05_s0.7_bias,69e41fa6,2,19561.916153546634,1000
F_grdp_Hu0d0.15_a_v0.05_s0.7_bias,69e41fa6,3,20756.500238448312,1000
F_grdp_Hu0d0.15_a_v0.05_s0.7_bias,69e41fa6,4,659.8326797236825,1000
F_grdp_Hu0d0.15_a_v0.05_s0.7_bias,69e41fa6,5,73164.6925358337,773
F_grdp_Hu0d0.15_a_v0.05_s0.7_bias,bd6f0e19,0,11437.690526531605,999
F_grdp_Hu0d0.15_a_v0.05_s0.7_bias,bd6f0e19,1,50775.954754731276,1000
F_grdp_Hu0d0.15_a_v0.05_s0.7_bias,bd6f0e19,2,67263.37995765876,1000
F_grdp_Hu0d0.15_a_v0.05_s0.7_bias,bd6f0e19,3,105931.96370765124,1000
F_grdp_Hu0d0.15_a_v0.05_s0.7_bias,bd6f0e19,4,94108.18484997687,1000
F_grdp_Hu0d0.15_a_v0.05_s0.7_bias,bd6f0e19,5,9968.424119390927,141
F_grdp_Hu0d0.15_a_v0.05_s0.7_bias,512943b2,0,94.88713090441534,999
F_grdp_Hu0d0.15_a_v0.05_s0.7_bias,512943b2,1,1284.5266982819949,1000
F_grdp_Hu0d0.15_a_v0.05_s0.7_bias,512943b2,2,16344.944344111487,1000
F_grdp_Hu0d0.15_a_v0.05_s0.7_bias,512943b2,3,5633.101683097622,1000
F_grdp_Hu0d0.15_a_v0.05_s0.7_bias,512943b2,4,13954.136175521207,1000
F_grdp_Hu0d0.15_a_v0.05_s0.7_bias,512943b2,5,400.09956521219254,30
F_grdp_Hu0d0.15_a_v0.05_s0.7_bias,389ae58f,0,641612.1256602135,999
F_grdp_Hu0d0.15_a_v0.05_s0.7_bias,389ae58f,1,1609626.1938844582,1000
F_grdp_Hu0d0.15_a_v0.05_s0.7_bias,389ae58f,2,1791873.6865273013,1000
F_grdp_Hu0d0.15_a_v0.05_s0.7_bias,389ae58f,3,1993333.4366170755,1000
F_grdp_Hu0d0.15_a_v0.05_s0.7_bias,389ae58f,4,2647279.8130185497,1000
F_grdp_Hu0d0.15_a_v0.05_s0.7_bias,389ae58f,5,3512806.292607603,1000
F_grdp_Hu0d0.15_a_v0.05_s0.7_bias,389ae58f,6,1190557.839553381,464
F_grdp_Hu0d0.15_a_v0.05_s0.7_bias,d41beaf2,0,177.98483801108836,999
F_grdp_Hu0d0.15_a_v0.05_s0.7_bias,d41beaf2,1,18703.98689473466,1000
F_grdp_Hu0d0.15_a_v0.05_s0.7_bias,d41beaf2,2,34073.74633699143,1000
F_grdp_Hu0d0.15_a_v0.05_s0.7_bias,d41beaf2,3,3283.3888107021494,1000
F_grdp_Hu0d0.15_a_v0.05_s0.7_bias,d41beaf2,4,1127.7994529261653,754
F_grdp_Hu0d0.15_a_v0.05_s0.7_bias,2f8e53c3,0,385.69976379795645,999
F_grdp_Hu0d0.15_a_v0.05_s0.7_bias,2f8e53c3,1,594.127249145576,1000
F_grdp_Hu0d0.15_a_v0.05_s0.7_bias,2f8e53c3,2,287.54447037094786,595
F_grdp_Hu0d0.15_a_v0.05_s0.7_bias,e6c55748,0,262.0307018718038,999
F_grdp_Hu0d0.15_a_v0.05_s0.7_bias,e6c55748,1,23040.15811218,1000
F_grdp_Hu0d0.15_a_v0.05_s0.7_bias,e6c55748,2,72704.55521187605,1000
F_grdp_Hu0d0.15_a_v0.05_s0.7_bias,e6c55748,3,48282.437764587165,1000
F_grdp_Hu0d0.15_a_v0.05_s0.7_bias,e6c55748,4,7780.7469811677265,473
F_grdp_Hu0d0.15_a_v0.05_s0.7_bias,3a0af893,0,550.6779570031446,999
F_grdp_Hu0d0.15_a_v0.05_s0.7_bias,3a0af893,1,103241.8849588533,1000
F_grdp_Hu0d0.15_a_v0.05_s0.7_bias,3a0af893,2,112303.5656397932,928
F_grdp_Hu0d0.15_a_v0.05_s0.7_bias,e7c36e81,0,1070.1298023448476,999
F_grdp_Hu0d0.15_a_v0.05_s0.7_bias,e7c36e81,1,14442.508272740559,1000
F_grdp_Hu0d0.15_a_v0.05_s0.7_bias,e7c36e81,2,4548.808281187191,1000
F_grdp_Hu0d0.15_a_v0.05_s0.7_bias,e7c36e81,3,535.6159905599856,532
F_grdp_Hu0d0.15_a_v0.05_s0.7_bias,29b24409,0,6006.320252021064,999
F_grdp_Hu0d0.15_a_v0.05_s0.7_bias,29b24409,1,120571.62521832628,1000
F_grdp_Hu0d0.15_a_v0.05_s0.7_bias,29b24409,2,86312.48062240046,1000
F_grdp_Hu0d0.15_a_v0.05_s0.7_bias,29b24409,3,65769.66538322058,1000
F_grdp_Hu0d0.15_a_v0.05_s0.7_bias,29b24409,4,48759.04062709229,1000
F_grdp_Hu0d0.15_a_v0.05_s0.7_bias,29b24409,5,67047.86110510773,588
F_grdp_Hu0d0.15_a_v0.05_s0.7_bias,00e12e8b,0,10585.131154929097,999
F_grdp_Hu0d0.15_a_v0.05_s0.7_bias,00e12e8b,1,5634.0751686415215,1000
F_grdp_Hu0d0.15_a_v0.05_s0.7_bias,00e12e8b,2,9697.733235316044,1000
F_grdp_Hu0d0.15_a_v0.05_s0.7_bias,00e12e8b,3,10963.706071423258,1000
F_grdp_Hu0d0.15_a_v0.05_s0.7_bias,00e12e8b,4,2092.5773229643332,302
F_grdp_Hu0d0.15_a_v0.05_s0.7_bias,bb2cdd83,0,868.4155529124034,999
F_grdp_Hu0d0.15_a_v0.05_s0.7_bias,bb2cdd83,1,4753.935863510111,1000
F_grdp_Hu0d0.15_a_v0.05_s0.7_bias,bb2cdd83,2,14824.232272982785,1000
F_grdp_Hu0d0.15_a_v0.05_s0.7_bias,bb2cdd83,3,30217.005461944125,826
F_grdp_Hu0d0.15_a_v0.05_s0.7_bias,1285a37b,0,7921.684733003698,999
F_grdp_Hu0d0.15_a_v0.05_s0.7_bias,1285a37b,1,8694.083543610064,1000
F_grdp_Hu0d0.15_a_v0.05_s0.7_bias,1285a37b,2,37979.93545723053,1000
F_grdp_Hu0d0.15_a_v0.05_s0.7_bias,1285a37b,3,78291.74624102392,1000
F_grdp_Hu0d0.15_a_v0.05_s0.7_bias,1285a37b,4,246612.3140573866,1000
F_grdp_Hu0d0.15_a_v0.05_s0.7_bias,1285a37b,5,135960.77469244276,598
F_grdp_Hu0d0.15_a_v0.05_s0.7_bias,109d9d70,0,14561.049333915747,999
F_grdp_Hu0d0.15_a_v0.05_s0.7_bias,109d9d70,1,6718.342648930366,1000
F_grdp_Hu0d0.15_a_v0.05_s0.7_bias,109d9d70,2,3900.6771216870625,1000
F_grdp_Hu0d0.15_a_v0.05_s0.7_bias,109d9d70,3,155084.01842164085,1000
F_grdp_Hu0d0.15_a_v0.05_s0.7_bias,109d9d70,4,24240.094157887648,216
F_grdp_Hu0d0.15_a_v0.05_s0.7_bias,2fa01aa6,0,41849.35888454019,999
F_grdp_Hu0d0.15_a_v0.05_s0.7_bias,2fa01aa6,1,341052.589257673,1000
F_grdp_Hu0d0.15_a_v0.05_s0.7_bias,2fa01aa6,2,132156.02421154815,175
F_grdp_Hu0d0.15_a_v0.05_s0.7_bias,ba48188d,0,4205.646029864063,999
F_grdp_Hu0d0.15_a_v0.05_s0.7_bias,ba48188d,1,41131.824940525075,1000
F_grdp_Hu0d0.15_a_v0.05_s0.7_bias,ba48188d,2,773498.4152182979,1000
F_grdp_Hu0d0.15_a_v0.05_s0.7_bias,ba48188d,3,1889524.3768569967,1000
F_grdp_Hu0d0.15_a_v0.05_s0.7_bias,ba48188d,4,455796.58688162774,167
F_grdp_Hu0d0.15_a_v0.05_s0.7_bias,9e3e364d,0,2646.6123990053097,999
F_grdp_Hu0d0.15_a_v0.05_s0.7_bias,9e3e364d,1,22388.562632665205,1000
F_grdp_Hu0d0.15_a_v0.05_s0.7_bias,9e3e364d,2,13562.562514192083,1000
F_grdp_Hu0d0.15_a_v0.05_s0.7_bias,9e3e364d,3,5495.824087313325,1000
F_grdp_Hu0d0.15_a_v0.05_s0.7_bias,9e3e364d,4,12059.47032878394,291
F_grdp_Hu0d0.15_a_v0.05_s0.7_bias,3584a6eb,0,896.7097074711183,999
F_grdp_Hu0d0.15_a_v0.05_s0.7_bias,3584a6eb,1,26608.471132243107,1000
F_grdp_Hu0d0.15_a_v0.05_s0.7_bias,3584a6eb,2,40816.73756709829,1000
F_grdp_Hu0d0.15_a_v0.05_s0.7_bias,3584a6eb,3,20694.484556357627,1000
F_grdp_Hu0d0.15_a_v0.05_s0.7_bias,3584a6eb,4,26792.808847988028,495
F_grdp_Hu0d0.15_a_v0.05_s0.7_bias,9314ff13,0,5758.070593160674,999
F_grdp_Hu0d0.15_a_v0.05_s0.7_bias,9314ff13,1,19308.153483727103,1000
F_grdp_Hu0d0.15_a_v0.05_s0.7_bias,9314ff13,2,6710.488250592046,749
F_grdp_Hu0d0.15_a_v0.05_s0.7_bias,fde20ecf,0,5219.052654740773,999
F_grdp_Hu0d0.15_a_v0.05_s0.7_bias,fde20ecf,1,16572.926668821656,1000
F_grdp_Hu0d0.15_a_v0.05_s0.7_bias,fde20ecf,2,8113.434751553835,1000
F_grdp_Hu0d0.15_a_v0.05_s0.7_bias,fde20ecf,3,199639.12150885,1000
F_grdp_Hu0d0.15_a_v0.05_s0.7_bias,fde20ecf,4,98847.77613552174,668
F_grdp_Hu0d0.15_a_v0.05_s0.7_bias,ee0300f7,0,169964.66729061623,999
F_grdp_Hu0d0.15_a_v0.05_s0.7_bias,ee0300f7,1,511576.7896827113,1000
F_grdp_Hu0d0.15_a_v0.05_s0.7_bias,ee0300f7,2,735395.0957368592,1000
F_grdp_Hu0d0.15_a_v0.05_s0.7_bias,ee0300f7,3,1150913.2815178968,1000
F_grdp_Hu0d0.15_a_v0.05_s0.7_bias,ee0300f7,4,857291.594291708,545
F_grdp_Hu0d0.15_a_v0.05_s0.7_bias,89f36adf,0,206.75581501361017,999
F_grdp_Hu0d0.15_a_v0.05_s0.7_bias,89f36adf,1,14611.098206770184,1000
F_grdp_Hu0d0.15_a_v0.05_s0.7_bias,89f36adf,2,109980.64576511316,1000
F_grdp_Hu0d0.15_a_v0.05_s0.7_bias,89f36adf,3,56370.9703624374,1000
F_grdp_Hu0d0.15_a_v0.05_s0.7_bias,89f36adf,4,79507.9314910872,1000
F_grdp_Hu0d0.15_a_v0.05_s0.7_bias,89f36adf,5,22232.296469901023,293
F_grdp_Hu0d0.15_a_v0.05_s0.7_bias,6d6d93af,0,71511.67644887326,999
F_grdp_Hu0d0.15_a_v0.05_s0.7_bias,6d6d93af,1,781173.1864591258,1000
F_grdp_Hu0d0.15_a_v0.05_s0.7_bias,6d6d93af,2,253656.86688267795,1000
F_grdp_Hu0d0.15_a_v0.05_s0.7_bias,6d6d93af,3,17946.64352783619,596
F_grdp_Hu0d0.15_a_v0.05_s0.7_bias,4c3168cf,0,8887.085625208865,999
F_grdp_Hu0d0.15_a_v0.05_s0.7_bias,4c3168cf,1,658.4751471567391,1000
F_grdp_Hu0d0.15_a_v0.05_s0.7_bias,4c3168cf,2,1346.5847441930612,1000
F_grdp_Hu0d0.15_a_v0.05_s0.7_bias,4c3168cf,3,768.210705058146,1000
F_grdp_Hu0d0.15_a_v0.05_s0.7_bias,4c3168cf,4,681.9808662269901,335
F_grdp_Hu0d0.15_a_v0.05_s0.7_bias,26d3a96a,0,8894.294443186503,999
F_grdp_Hu0d0.15_a_v0.05_s0.7_bias,26d3a96a,1,9200.136448411524,1000
F_grdp_Hu0d0.15_a_v0.05_s0.7_bias,26d3a96a,2,49892.63816430674,1000
F_grdp_Hu0d0.15_a_v0.05_s0.7_bias,26d3a96a,3,147439.62256317225,1000
F_grdp_Hu0d0.15_a_v0.05_s0.7_bias,26d3a96a,4,70765.57936894982,722
F_grdp_Hu0d0.15_a_v0.05_s0.7_bias,bd4ae5da,0,16009.906788266526,999
F_grdp_Hu0d0.15_a_v0.05_s0.7_bias,bd4ae5da,1,10894.387941926103,1000
F_grdp_Hu0d0.15_a_v0.05_s0.7_bias,bd4ae5da,2,14854.050182933048,1000
F_grdp_Hu0d0.15_a_v0.05_s0.7_bias,bd4ae5da,3,115736.72358240868,1000
F_grdp_Hu0d0.15_a_v0.05_s0.7_bias,bd4ae5da,4,65634.34182426713,1000
F_grdp_Hu0d0.15_a_v0.05_s0.7_bias,bd4ae5da,5,190.12001496238275,7
F_grdp_Hu0d0.15_a_v0.05_s0.7_bias,8902c3f6,0,90113.47176796175,999
F_grdp_Hu0d0.15_a_v0.05_s0.7_bias,8902c3f6,1,17366.02635806333,1000
F_grdp_Hu0d0.15_a_v0.05_s0.7_bias,8902c3f6,2,129705.38346436684,1000
F_grdp_Hu0d0.15_a_v0.05_s0.7_bias,8902c3f6,3,279787.9937954201,1000
F_grdp_Hu0d0.15_a_v0.05_s0.7_bias,8902c3f6,4,98428.33700832722,960
F_grdp_Hu0d0.15_a_v0.05_s0.7_bias,b977be4a,0,118373.04354121447,999
F_grdp_Hu0d0.15_a_v0.05_s0.7_bias,b977be4a,1,269934.0747363719,1000
F_grdp_Hu0d0.15_a_v0.05_s0.7_bias,b977be4a,2,14915.123184599524,1000
F_grdp_Hu0d0.15_a_v0.05_s0.7_bias,b977be4a,3,85229.29222459192,1000
F_grdp_Hu0d0.15_a_v0.05_s0.7_bias,b977be4a,4,302708.32149380335,1000
F_grdp_Hu0d0.15_a_v0.05_s0.7_bias,b977be4a,5,323117.91196181433,918
F_grdp_Hu0d0.15_a_v0.05_s0.7_bias,f40cd091,0,78144.23090761698,999
F_grdp_Hu0d0.15_a_v0.05_s0.7_bias,f40cd091,1,26959.999163698165,1000
F_grdp_Hu0d0.15_a_v0.05_s0.7_bias,f40cd091,2,2642.180025773756,1000
F_grdp_Hu0d0.15_a_v0.05_s0.7_bias,f40cd091,3,14163.047643446223,1000
F_grdp_Hu0d0.15_a_v0.05_s0.7_bias,f40cd091,4,34631.43031166985,1000
F_grdp_Hu0d0.15_a_v0.05_s0.7_bias,f40cd091,5,2673.3012833361204,167
F_grdp_Hu0d0.15_a_v0.05_s0.7_bias,3a7dd95d,0,253917.91124256927,999
F_grdp_Hu0d0.15_a_v0.05_s0.7_bias,3a7dd95d,1,259923.71384211467,1000
F_grdp_Hu0d0.15_a_v0.05_s0.7_bias,3a7dd95d,2,26839.242922906273,1000
F_grdp_Hu0d0.15_a_v0.05_s0.7_bias,3a7dd95d,3,4960.838285436341,73
F_grdp_Hu0d0.15_a_v0.05_s0.7_bias,c96c018a,0,19199.888695033824,999
F_grdp_Hu0d0.15_a_v0.05_s0.7_bias,c96c018a,1,13031.924422295757,1000
F_grdp_Hu0d0.15_a_v0.05_s0.7_bias,c96c018a,2,63150.56869932988,1000
F_grdp_Hu0d0.15_a_v0.05_s0.7_bias,c96c018a,3,95451.07239278902,1000
F_grdp_Hu0d0.15_a_v0.05_s0.7_bias,c96c018a,4,9449.521504742532,1000
F_grdp_Hu0d0.15_a_v0.05_s0.7_bias,c96c018a,5,5510.227953595209,1000
F_grdp_Hu0d0.15_a_v0.05_s0.7_bias,c96c018a,6,102.50309981085,237
F_grdp_Hu0d0.15_a_v0.05_s0.7_bias,67a8da4a,0,3926.918092134846,999
F_grdp_Hu0d0.15_a_v0.05_s0.7_bias,67a8da4a,1,106863.72206208567,1000
F_grdp_Hu0d0.15_a_v0.05_s0.7_bias,67a8da4a,2,199678.84154762322,1000
F_grdp_Hu0d0.15_a_v0.05_s0.7_bias,67a8da4a,3,125101.02963537921,1000
F_grdp_Hu0d0.15_a_v0.05_s0.7_bias,67a8da4a,4,216470.00461032547,912
F_grdp_Hu0d0.15_a_v0.05_s0.7_bias,f321a31c,0,1483.4372100693747,999
F_grdp_Hu0d0.15_a_v0.05_s0.7_bias,f321a31c,1,108224.04455309761,1000
F_grdp_Hu0d0.15_a_v0.05_s0.7_bias,f321a31c,2,222201.69345097602,1000
F_grdp_Hu0d0.15_a_v0.05_s0.7_bias,f321a31c,3,33482.511780751396,1000
F_grdp_Hu0d0.15_a_v0.05_s0.7_bias,f321a31c,4,99666.0513661561,1000
F_grdp_Hu0d0.15_a_v0.05_s0.7_bias,f321a31c,5,14207.462029940309,142
F_grdp_Hu0d0.15_a_v0.05_s0.7_bias,b585b4fa,0,14089.387930973737,999
F_grdp_Hu0d0.15_a_v0.05_s0.7_bias,b585b4fa,1,1836.6654070627517,1000
F_grdp_Hu0d0.15_a_v0.05_s0.7_bias,b585b4fa,2,93676.05550757145,1000
F_grdp_Hu0d0.15_a_v0.05_s0.7_bias,b585b4fa,3,277899.68167730886,1000
F_grdp_Hu0d0.15_a_v0.05_s0.7_bias,b585b4fa,4,5328.752733268013,295
F_grdp_Hu0d0.15_a_v0.05_s0.7_bias,7acda2df,0,3252.607386581658,999
F_grdp_Hu0d0.15_a_v0.05_s0.7_bias,7acda2df,1,64477.59664030366,1000
F_grdp_Hu0d0.15_a_v0.05_s0.7_bias,7acda2df,2,174458.85559829304,1000
F_grdp_Hu0d0.15_a_v0.05_s0.7_bias,7acda2df,3,51733.69783746858,92
F_grdp_Hu0d0.15_a_v0.05_s0.7_bias,7987f2f2,0,35184.729116338305,999
F_grdp_Hu0d0.15_a_v0.05_s0.7_bias,7987f2f2,1,120706.9974903669,1000
F_grdp_Hu0d0.15_a_v0.05_s0.7_bias,7987f2f2,2,43129.79282916961,1000
F_grdp_Hu0d0.15_a_v0.05_s0.7_bias,7987f2f2,3,61134.02275116097,706
F_grdp_Hu0d0.15_a_v0.05_s0.7_bias,206b6193,0,5356.558145907297,999
F_grdp_Hu0d0.15_a_v0.05_s0.7_bias,206b6193,1,153082.28408214689,1000
F_grdp_Hu0d0.15_a_v0.05_s0.7_bias,206b6193,2,414217.35712692095,1000
F_grdp_Hu0d0.15_a_v0.05_s0.7_bias,206b6193,3,361947.0223666371,1000
F_grdp_Hu0d0.15_a_v0.05_s0.7_bias,206b6193,4,440426.503256182,1000
F_grdp_Hu0d0.15_a_v0.05_s0.7_bias,206b6193,5,761907.8169458216,1000
F_grdp_Hu0d0.15_a_v0.05_s0.7_bias,206b6193,6,620160.0815699778,536
F_grdp_Hu0d0.15_a_v0.05_s0.7_bias,656a067b,0,19643.491839378523,999
F_grdp_Hu0d0.15_a_v0.05_s0.7_bias,656a067b,1,34889.80726711471,1000
F_grdp_Hu0d0.15_a_v0.05_s0.7_bias,656a067b,2,142433.775464299,1000
F_grdp_Hu0d0.15_a_v0.05_s0.7_bias,656a067b,3,4948.206742870816,52
F_grdp_Hu0d0.15_a_v0.05_s0.7_bias,e0079ed1,0,64273.47037005673,999
F_grdp_Hu0d0.15_a_v0.05_s0.7_bias,e0079ed1,1,65248.178689694854,1000
F_grdp_Hu0d0.15_a_v0.05_s0.7_bias,e0079ed1,2,18091.535144716272,1000
F_grdp_Hu0d0.15_a_v0.05_s0.7_bias,e0079ed1,3,9636.910885282095,472
F_grdp_Hu0d0.15_a_v0.05_s0.7_bias,46d41ff6,0,101779.29907065148,999
F_grdp_Hu0d0.15_a_v0.05_s0.7_bias,46d41ff6,1,94472.43490068904,1000
F_grdp_Hu0d0.15_a_v0.05_s0.7_bias,46d41ff6,2,41770.833978916504,1000
F_grdp_Hu0d0.15_a_v0.05_s0.7_bias,46d41ff6,3,69356.54864346037,1000
F_grdp_Hu0d0.15_a_v0.05_s0.7_bias,46d41ff6,4,67595.03500318252,1000
F_grdp_Hu0d0.15_a_v0.05_s0.7_bias,46d41ff6,5,65495.86607775251,1000
F_grdp_Hu0d0.15_a_v0.05_s0.7_bias,46d41ff6,6,19734.487229264567,1000
F_grdp_Hu0d0.15_a_v0.05_s0.7_bias,46d41ff6,7,983.9103367245982,902
F_grdp_Hu0d0.15_a_v0.05_s0.7_bias,8b5be31b,0,2002.333444042057,999
F_grdp_Hu0d0.15_a_v0.05_s0.7_bias,8b5be31b,1,14705.41561900672,1000
F_grdp_Hu0d0.15_a_v0.05_s0.7_bias,8b5be31b,2,9565.724340952638,1000
F_grdp_Hu0d0.15_a_v0.05_s0.7_bias,8b5be31b,3,225946.8034305607,1000
F_grdp_Hu0d0.15_a_v0.05_s0.7_bias,8b5be31b,4,74079.11957198857,1000
F_grdp_Hu0d0.15_a_v0.05_s0.7_bias,8b5be31b,5,29714.398695848107,673
F_grdp_Hu0d0.15_a_v0.05_s0.7_bias,edf885a3,0,20190.765279135994,999
F_grdp_Hu0d0.15_a_v0.05_s0.7_bias,edf885a3,1,148027.32677362784,1000
F_grdp_Hu0d0.15_a_v0.05_s0.7_bias,edf885a3,2,32327.016183119336,1000
F_grdp_Hu0d0.15_a_v0.05_s0.7_bias,edf885a3,3,235.27089689503785,118
F_grdp_Hu0d0.15_a_v0.05_s0.7_bias,fd710aea,0,2645.736208750654,999
F_grdp_Hu0d0.15_a_v0.05_s0.7_bias,fd710aea,1,7190.352919097381,1000
F_grdp_Hu0d0.15_a_v0.05_s0.7_bias,fd710aea,2,1635.9785935168627,1000
F_grdp_Hu0d0.15_a_v0.05_s0.7_bias,fd710aea,3,93180.13164667625,1000
F_grdp_Hu0d0.15_a_v0.05_s0.7_bias,fd710aea,4,142012.17735923335,218
F_grdp_Hu0d0.15_a_v0.05_s0.7_bias,41fb0192,0,26706.35196891035,999
F_grdp_Hu0d0.15_a_v0.05_s0.7_bias,41fb0192,1,12162.652355197615,1000
F_grdp_Hu0d0.15_a_v0.05_s0.7_bias,41fb0192,2,23393.76121485939,974
F_grdp_Hu0d0.15_a_v0.05_s0.7_bias,1b82b665,0,21888.282044972642,999
F_grdp_Hu0d0.15_a_v0.05_s0.7_bias,1b82b665,1,14150.969990844205,1000
F_grdp_Hu0d0.15_a_v0.05_s0.7_bias,1b82b665,2,900.4104954188489,1000
F_grdp_Hu0d0.15_a_v0.05_s0.7_bias,1b82b665,3,9636.433271819931,807
F_grdp_Hu0d0.15_a_v0.05_s0.7_bias,cda7eb37,0,795.0755937202011,999
F_grdp_Hu0d0.15_a_v0.05_s0.7_bias,cda7eb37,1,2701.268035473811,1000
F_grdp_Hu0d0.15_a_v0.05_s0.7_bias,cda7eb37,2,8128.658429267284,1000
F_grdp_Hu0d0.15_a_v0.05_s0.7_bias,cda7eb37,3,4027.935434848581,1000
F_grdp_Hu0d0.15_a_v0.05_s0.7_bias,cda7eb37,4,1231.091962636539,1000
F_grdp_Hu0d0.15_a_v0.05_s0.7_bias,cda7eb37,5,29291.668211213055,974
F_grdp_Hu0d0.15_a_v0.05_s0.7_bias,99529c45,0,65826.79023175071,999
F_grdp_Hu0d0.15_a_v0.05_s0.7_bias,99529c45,1,68940.71543341009,1000
F_grdp_Hu0d0.15_a_v0.05_s0.7_bias,99529c45,2,40686.79838727931,1000
F_grdp_Hu0d0.15_a_v0.05_s0.7_bias,99529c45,3,161572.67321066352,1000
F_grdp_Hu0d0.15_a_v0.05_s0.7_bias,99529c45,4,31407.49261409765,1000
F_grdp_Hu0d0.15_a_v0.05_s0.7_bias,99529c45,5,2218.0385847888833,841
F_grdp_Hu0d0.15_a_v0.05_s0.7_bias,d2f3b1ab,0,1915.6196096133742,999
F_grdp_Hu0d0.15_a_v0.05_s0.7_bias,d2f3b1ab,1,5850.908287324228,1000
F_grdp_Hu0d0.15_a_v0.05_s0.7_bias,d2f3b1ab,2,1249.7201171812255,1000
F_grdp_Hu0d0.15_a_v0.05_s0.7_bias,d2f3b1ab,3,2283.016757521226,1000
F_grdp_Hu0d0.15_a_v0.05_s0.7_bias,d2f3b1ab,4,23708.356161179185,1000
F_grdp_Hu0d0.15_a_v0.05_s0.7_bias,d2f3b1ab,5,1252.4185048411732,582
F_grdp_Hu0d0.15_a_v0.05_s0.7_bias,46a301e9,0,133629.76502432884,999
F_grdp_Hu0d0.15_a_v0.05_s0.7_bias,46a301e9,1,566502.9009137279,1000
F_grdp_Hu0d0.15_a_v0.05_s0.7_bias,46a301e9,2,191666.9684618845,1000
F_grdp_Hu0d0.15_a_v0.05_s0.7_bias,46a301e9,3,413197.5573942626,1000
F_grdp_Hu0d0.15_a_v0.05_s0.7_bias,46a301e9,4,353477.9106118279,1000
F_grdp_Hu0d0.15_a_v0.05_s0.7_bias,46a301e9,5,211644.29930534493,1000
F_grdp_Hu0d0.15_a_v0.05_s0.7_bias,46a301e9,6,183802.62233997195,1000
F_grdp_Hu0d0.15_a_v0.05_s0.7_bias,46a301e9,7,216613.9371361805,1000
F_grdp_Hu0d0.15_a_v0.05_s0.7_bias,46a301e9,8,71700.20072626368,227
F_grdp_Hu0d0.15_a_v0.05_s0.7_bias,5567d551,0,8328.871505118792,999
F_grdp_Hu0d0.15_a_v0.05_s0.7_bias,5567d551,1,4069.3103993320897,1000
F_grdp_Hu0d0.15_a_v0.05_s0.7_bias,5567d551,2,4869.715917363778,1000
F_grdp_Hu0d0.15_a_v0.05_s0.7_bias,5567d551,3,2173.0884854897427,1000
F_grdp_Hu0d0.15_a_v0.05_s0.7_bias,5567d551,4,91753.33980929409,1000
F_grdp_Hu0d0.15_a_v0.05_s0.7_bias,5567d551,5,27099.871943434224,1000
F_grdp_Hu0d0.15_a_v0.05_s0.7_bias,5567d551,6,96001.40532966143,890
F_grdp_Hu0d0.15_a_v0.05_s0.7_bias,ea41324e,0,114.88033678250416,999
F_grdp_Hu0d0.15_a_v0.05_s0.7_bias,ea41324e,1,7950.598452008976,1000
F_grdp_Hu0d0.15_a_v0.05_s0.7_bias,ea41324e,2,4277.538579865953,1000
F_grdp_Hu0d0.15_a_v0.05_s0.7_bias,ea41324e,3,8516.84197850454,1000
F_grdp_Hu0d0.15_a_v0.05_s0.7_bias,ea41324e,4,1398.8753918504483,1000
F_grdp_Hu0d0.15_a_v0.05_s0.7_bias,ea41324e,5,5.348397991163697,26
F_grdp_Hu0d0.15_a_v0.05_s0.7_bias,fc03f21f,0,9293.440099996316,999
F_grdp_Hu0d0.15_a_v0.05_s0.7_bias,fc03f21f,1,202132.3566999748,1000
F_grdp_Hu0d0.15_a_v0.05_s0.7_bias,fc03f21f,2,72299.93069998236,1000
F_grdp_Hu0d0.15_a_v0.05_s0.7_bias,fc03f21f,3,19264.32709999246,1000
F_grdp_Hu0d0.15_a_v0.05_s0.7_bias,fc03f21f,4,424273.0964999795,804
F_grdp_Hu0d0.15_a_v0.05_s0.7_bias,2fd68f7b,0,256840.4212379201,999
F_grdp_Hu0d0.15_a_v0.05_s0.7_bias,2fd68f7b,1,2160253.389182728,1000
F_grdp_Hu0d0.15_a_v0.05_s0.7_bias,2fd68f7b,2,2464674.989878244,1000
F_grdp_Hu0d0.15_a_v0.05_s0.7_bias,2fd68f7b,3,2320530.164365702,1000
F_grdp_Hu0d0.15_a_v0.05_s0.7_bias,2fd68f7b,4,1265987.4616941155,731
F_grdp_Hu0d0.15_a_v0.05_s0.7_bias,653612bc,0,8603.063880145224,999
F_grdp_Hu0d0.15_a_v0.05_s0.7_bias,653612bc,1,11455.18387336915,1000
F_grdp_Hu0d0.15_a_v0.05_s0.7_bias,653612bc,2,16873.530490762583,1000
F_grdp_Hu0d0.15_a_v0.05_s0.7_bias,653612bc,3,35729.71471667802,1000
F_grdp_Hu0d0.15_a_v0.05_s0.7_bias,653612bc,4,21559.446668095672,606
F_grdp_Hu0d0.15_a_v0.05_s0.7_bias,c59b6c4a,0,464.6919043937012,999
F_grdp_Hu0d0.15_a_v0.05_s0.7_bias,c59b6c4a,1,13752.166226830714,1000
F_grdp_Hu0d0.15_a_v0.05_s0.7_bias,c59b6c4a,2,14005.690488059661,1000
F_grdp_Hu0d0.15_a_v0.05_s0.7_bias,c59b6c4a,3,16392.51238332104,1000
F_grdp_Hu0d0.15_a_v0.05_s0.7_bias,c59b6c4a,4,202509.15040958833,1000
F_grdp_Hu0d0.15_a_v0.05_s0.7_bias,c59b6c4a,5,150215.49308141824,500
F_grdp_Hu0d0.15_a_v0.05_s0.7_bias,f021b650,0,18140.13605088082,999
F_grdp_Hu0d0.15_a_v0.05_s0.7_bias,f021b650,1,99798.28196495006,1000
F_grdp_Hu0d0.15_a_v0.05_s0.7_bias,f021b650,2,38272.80265528645,1000
F_grdp_Hu0d0.15_a_v0.05_s0.7_bias,f021b650,3,34335.972923379115,740
F_grdp_Hu0d0.15_a_v0.05_s0.7_bias,13f598d9,0,17024.825136925054,999
F_grdp_Hu0d0.15_a_v0.05_s0.7_bias,13f598d9,1,8597.146887924433,1000
F_grdp_Hu0d0.15_a_v0.05_s0.7_bias,13f598d9,2,834.6821309339662,1000
F_grdp_Hu0d0.15_a_v0.05_s0.7_bias,13f598d9,3,5931.076794908543,1000
F_grdp_Hu0d0.15_a_v0.05_s0.7_bias,13f598d9,4,6015.333838293359,1000
F_grdp_Hu0d0.15_a_v0.05_s0.7_bias,13f598d9,5,126685.90282704704,1000
F_grdp_Hu0d0.15_a_v0.05_s0.7_bias,13f598d9,6,76099.46057701284,1000
F_grdp_Hu0d0.15_a_v0.05_s0.7_bias,13f598d9,7,312.40391475704035,307
F_grdp_Hu0d0.15_a_v0.05_s0.7_bias,20096916,0,144098.52246865726,999
F_grdp_Hu0d0.15_a_v0.05_s0.7_bias,20096916,1,136257.09723496903,1000
F_grdp_Hu0d0.15_a_v0.05_s0.7_bias,20096916,2,188741.6005766514,1000
F_grdp_Hu0d0.15_a_v0.05_s0.7_bias,20096916,3,413152.70867943286,1000
F_grdp_Hu0d0.15_a_v0.05_s0.7_bias,20096916,4,586226.6073919926,1000
F_grdp_Hu0d0.15_a_v0.05_s0.7_bias,20096916,5,79744.65377517183,134
F_grdp_Hu0d0.15_a_v0.05_s0.7_bias,796dbd4c,0,4479.129793296427,999
F_grdp_Hu0d0.15_a_v0.05_s0.7_bias,796dbd4c,1,18624.346700088598,1000
F_grdp_Hu0d0.15_a_v0.05_s0.7_bias,796dbd4c,2,41580.97101418295,1000
F_grdp_Hu0d0.15_a_v0.05_s0.7_bias,796dbd4c,3,76476.08763195992,1000
F_grdp_Hu0d0.15_a_v0.05_s0.7_bias,796dbd4c,4,143973.5246015953,1000
F_grdp_Hu0d0.15_a_v0.05_s0.7_bias,796dbd4c,5,120110.49683521886,1000
F_grdp_Hu0d0.15_a_v0.05_s0.7_bias,796dbd4c,6,6357.766289812993,249
F_grdp_Hu0d0.15_a_v0.05_s0.7_bias,811f52b3,0,1741.4268613030831,999
F_grdp_Hu0d0.15_a_v0.05_s0.7_bias,811f52b3,1,15606.750118528309,1000
F_grdp_Hu0d0.15_a_v0.05_s0.7_bias,811f52b3,2,23326.852196095737,1000
F_grdp_Hu0d0.15_a_v0.05_s0.7_bias,811f52b3,3,116157.17565296826,1000
F_grdp_Hu0d0.15_a_v0.05_s0.7_bias,811f52b3,4,88758.4609877433,837
F_grdp_Hu0d0.15_a_v0.05_s0.7_bias,1a518997,0,2673.828633543737,999
F_grdp_Hu0d0.15_a_v0.05_s0.7_bias,1a518997,1,5537.779580811353,1000
F_grdp_Hu0d0.15_a_v0.05_s0.7_bias,1a518997,2,6039.142004185196,1000
F_grdp_Hu0d0.15_a_v0.05_s0.7_bias,1a518997,3,6566.469215394162,1000
F_grdp_Hu0d0.15_a_v0.05_s0.7_bias,1a518997,4,6204.228593750606,607
F_grdp_Hu0d0.15_a_v0.05_s0.7_bias,264feceb,0,7379.557692232039,999
F_grdp_Hu0d0.15_a_v0.05_s0.7_bias,264feceb,1,10310.587235996349,1000
F_grdp_Hu0d0.15_a_v0.05_s0.7_bias,264feceb,2,1004.9909836319725,1000
F_grdp_Hu0d0.15_a_v0.05_s0.7_bias,264feceb,3,2301.4680012655676,1000
F_grdp_Hu0d0.15_a_v0.05_s0.7_bias,264feceb,4,2207.3483707491073,1000
F_grdp_Hu0d0.15_a_v0.05_s0.7_bias,264feceb,5,15306.89062123559,666
F_grdp_Hu0d0.15_a_v0.05_s0.7_bias,197f8a5a,0,10350.684854345334,999
F_grdp_Hu0d0.15_a_v0.05_s0.7_bias,197f8a5a,1,179675.76860591234,1000
F_grdp_Hu0d0.15_a_v0.05_s0.7_bias,197f8a5a,2,153067.58641838504,1000
F_grdp_Hu0d0.15_a_v0.05_s0.7_bias,197f8a5a,3,156760.45082285942,1000
F_grdp_Hu0d0.15_a_v0.05_s0.7_bias,197f8a5a,4,446997.9068848293,1000
F_grdp_Hu0d0.15_a_v0.05_s0.7_bias,197f8a5a,5,362277.28622653295,1000
F_grdp_Hu0d0.15_a_v0.05_s0.7_bias,197f8a5a,6,47829.807274521096,311
F_grdp_Hu0d0.15_a_v0.05_s0.7_bias,fba7683c,0,2641.2556580048285,407
F_grdp_Hu0d0.15_a_v0.05_s0.7_bias,ef04658e,0,4491.465028553515,999
F_grdp_Hu0d0.15_a_v0.05_s0.7_bias,ef04658e,1,1239.7292445603105,1000
F_grdp_Hu0d0.15_a_v0.05_s0.7_bias,ef04658e,2,12847.419943919947,1000
F_grdp_Hu0d0.15_a_v0.05_s0.7_bias,ef04658e,3,81241.11891421209,1000
F_grdp_Hu0d0.15_a_v0.05_s0.7_bias,ef04658e,4,9065.370669652571,105
F_grdp_Hu0d0.15_a_v0.05_s0.7_bias,aff4e561,0,17596.531658607822,999
F_grdp_Hu0d0.15_a_v0.05_s0.7_bias,aff4e561,1,24593.17641542486,1000
F_grdp_Hu0d0.15_a_v0.05_s0.7_bias,aff4e561,2,152492.2286603376,1000
F_grdp_Hu0d0.15_a_v0.05_s0.7_bias,aff4e561,3,113017.90931930458,1000
F_grdp_Hu0d0.15_a_v0.05_s0.7_bias,aff4e561,4,185404.09075164242,1000
F_grdp_Hu0d0.15_a_v0.05_s0.7_bias,aff4e561,5,80177.2900241736,1000
F_grdp_Hu0d0.15_a_v0.05_s0.7_bias,aff4e561,6,768.8813328511039,27
F_grdp_Hu0d0.15_a_v0.05_s0.7_bias,d085e611,0,39880.235304491514,999
F_grdp_Hu0d0.15_a_v0.05_s0.7_bias,d085e611,1,39475.95263554756,1000
F_grdp_Hu0d0.15_a_v0.05_s0.7_bias,d085e611,2,16096.952956205398,1000
F_grdp_Hu0d0.15_a_v0.05_s0.7_bias,d085e611,3,7884.209252670914,1000
F_grdp_Hu0d0.15_a_v0.05_s0.7_bias,d085e611,4,24062.81646013067,1000
F_grdp_Hu0d0.15_a_v0.05_s0.7_bias,d085e611,5,442340.1876520789,1000
F_grdp_Hu0d0.15_a_v0.05_s0.7_bias,d085e611,6,222385.12214647702,192
F_grdp_Hu0d0.15_a_v0.05_s0.7_bias,9da441ba,0,77791.74025047342,999
F_grdp_Hu0d0.15_a_v0.05_s0.7_bias,9da441ba,1,229641.58669622155,1000
F_grdp_Hu0d0.15_a_v0.05_s0.7_bias,9da441ba,2,240956.94582151136,1000
F_grdp_Hu0d0.15_a_v0.05_s0.7_bias,9da441ba,3,137280.60212348995,1000
F_grdp_Hu0d0.15_a_v0.05_s0.7_bias,9da441ba,4,204462.59781392786,1000
F_grdp_Hu0d0.15_a_v0.05_s0.7_bias,9da441ba,5,193624.24919800978,784
F_grdp_Hu0d0.15_a_v0.05_s0.7_bias,e5864244,0,2704.8830247552037,999
F_grdp_Hu0d0.15_a_v0.05_s0.7_bias,e5864244,1,30138.401189030967,1000
F_grdp_Hu0d0.15_a_v0.05_s0.7_bias,e5864244,2,29176.03489983083,1000
F_grdp_Hu0d0.15_a_v0.05_s0.7_bias,e5864244,3,23848.956970544776,1000
F_grdp_Hu0d0.15_a_v0.05_s0.7_bias,e5864244,4,11918.980823772014,470
F_grdp_Hu0d0.15_a_v0.05_s0.7_bias,357c12f9,0,2752.2660931942773,999
F_grdp_Hu0d0.15_a_v0.05_s0.7_bias,357c12f9,1,4300.1871940333895,1000
F_grdp_Hu0d0.15_a_v0.05_s0.7_bias,357c12f9,2,13132.329298066381,1000
F_grdp_Hu0d0.15_a_v0.05_s0.7_bias,357c12f9,3,3799.0274724109413,1000
F_grdp_Hu0d0.15_a_v0.05_s0.7_bias,357c12f9,4,1089.085289383456,80
F_grdp_Hu0d0.15_a_v0.05_s0.7_bias,7256229b,0,5288.253228029452,999
F_grdp_Hu0d0.15_a_v0.05_s0.7_bias,7256229b,1,9866.55322467809,1000
F_grdp_Hu0d0.15_a_v0.05_s0.7_bias,7256229b,2,7076.40372783341,1000
F_grdp_Hu0d0.15_a_v0.05_s0.7_bias,7256229b,3,17217.77243413433,1000
F_grdp_Hu0d0.15_a_v0.05_s0.7_bias,7256229b,4,16110.036071664728,1000
F_grdp_Hu0d0.15_a_v0.05_s0.7_bias,7256229b,5,25127.812291100097,416
F_grdp_Hu0d0.15_a_v0.05_s0.7_bias,c43812e2,0,70310.88552193683,999
F_grdp_Hu0d0.15_a_v0.05_s0.7_bias,c43812e2,1,14232.27120796029,1000
F_grdp_Hu0d0.15_a_v0.05_s0.7_bias,c43812e2,2,49429.10435383521,1000
F_grdp_Hu0d0.15_a_v0.05_s0.7_bias,c43812e2,3,9583.96920830536,1000
F_grdp_Hu0d0.15_a_v0.05_s0.7_bias,c43812e2,4,9477.546264714232,1000
F_grdp_Hu0d0.15_a_v0.05_s0.7_bias,c43812e2,5,8041.245498034601,528
F_grdp_Hu0d0.15_a_v0.05_s0.7_bias,2cee0cba,0,2779.2023431192,999
F_grdp_Hu0d0.15_a_v0.05_s0.7_bias,2cee0cba,1,1400.1743444729004,1000
F_grdp_Hu0d0.15_a_v0.05_s0.7_bias,2cee0cba,2,4162.806325614715,1000
F_grdp_Hu0d0.15_a_v0.05_s0.7_bias,2cee0cba,3,8885.322463837734,1000
F_grdp_Hu0d0.15_a_v0.05_s0.7_bias,2cee0cba,4,3683.430823952446,1000
F_grdp_Hu0d0.15_a_v0.05_s0.7_bias,2cee0cba,5,546.7123268767681,501
F_grdp_Hu0d0.15_a_v0.05_s0.7_bias,4a035ec2,0,8141.864560813546,999
F_grdp_Hu0d0.15_a_v0.05_s0.7_bias,4a035ec2,1,288829.3990529309,1000
F_grdp_Hu0d0.15_a_v0.05_s0.7_bias,4a035ec2,2,291338.0166172961,589
F_grdp_Hu0d0.15_a_v0.05_s0.7_bias,be83e781,0,17217.00094328149,999
F_grdp_Hu0d0.15_a_v0.05_s0.7_bias,be83e781,1,717.2173413377573,1000
F_grdp_Hu0d0.15_a_v0.05_s0.7_bias,be83e781,2,4207.697419833739,1000
F_grdp_Hu0d0.15_a_v0.05_s0.7_bias,be83e781,3,351.1601645743553,222
F_grdp_Hu0d0.15_a_v0.05_s0.7_bias,0dd99dc5,0,1126.628401622237,999
F_grdp_Hu0d0.15_a_v0.05_s0.7_bias,0dd99dc5,1,12554.60358714429,1000
F_grdp_Hu0d0.15_a_v0.05_s0.7_bias,0dd99dc5,2,13790.966746932436,1000
F_grdp_Hu0d0.15_a_v0.05_s0.7_bias,0dd99dc5,3,17083.48034308793,1000
F_grdp_Hu0d0.15_a_v0.05_s0.7_bias,0dd99dc5,4,235391.27629037452,1000
F_grdp_Hu0d0.15_a_v0.05_s0.7_bias,0dd99dc5,5,314245.841442494,1000
F_grdp_Hu0d0.15_a_v0.05_s0.7_bias,0dd99dc5,6,141659.00642808547,1000
F_grdp_Hu0d0.15_a_v0.05_s0.7_bias,0dd99dc5,7,106671.9743599979,343
F_grdp_Hu0d0.15_a_v0.05_s0.7_bias,42c538a1,0,58390.93481439499,999
F_grdp_Hu0d0.15_a_v0.05_s0.7_bias,42c538a1,1,860753.9514119024,1000
F_grdp_Hu0d0.15_a_v0.05_s0.7_bias,42c538a1,2,881979.1438732982,1000
F_grdp_Hu0d0.15_a_v0.05_s0.7_bias,42c538a1,3,117233.0639430561,280
F_grdp_Hu0d0.15_a_v0.05_s0.7_bias,ee288beb,0,10171.5629096988,999
F_grdp_Hu0d0.15_a_v0.05_s0.7_bias,ee288beb,1,24951.959761719387,1000
F_grdp_Hu0d0.15_a_v0.05_s0.7_bias,ee288beb,2,133845.4974514302,1000
F_grdp_Hu0d0.15_a_v0.05_s0.7_bias,ee288beb,3,720112.2076832777,1000
F_grdp_Hu0d0.15_a_v0.05_s0.7_bias,ee288beb,4,992822.7583428546,639
F_grdp_Hu0d0.15_a_v0.05_s0.7_bias,7d50373e,0,61714.32867831146,999
F_grdp_Hu0d0.15_a_v0.05_s0.7_bias,7d50373e,1,85214.403446214,1000
F_grdp_Hu0d0.15_a_v0.05_s0.7_bias,7d50373e,2,170741.57647785408,1000
F_grdp_Hu0d0.15_a_v0.05_s0.7_bias,7d50373e,3,92153.1774786709,1000
F_grdp_Hu0d0.15_a_v0.05_s0.7_bias,7d50373e,4,20567.64963673559,1000
F_grdp_Hu0d0.15_a_v0.05_s0.7_bias,7d50373e,5,3152.8747394042834,123
F_grdp_Hu0d0.15_a_v0.05_s0.7_bias,cad13e8f,0,11405.047464754609,999
F_grdp_Hu0d0.15_a_v0.05_s0.7_bias,cad13e8f,1,6175.871916108072,1000
F_grdp_Hu0d0.15_a_v0.05_s0.7_bias,cad13e8f,2,4017.0996522419223,1000
F_grdp_Hu0d0.15_a_v0.05_s0.7_bias,cad13e8f,3,12223.996359979168,1000
F_grdp_Hu0d0.15_a_v0.05_s0.7_bias,cad13e8f,4,28957.571984360256,849
F_grdp_Hu0d0.15_a_v0.05_s0.7_bias,ab112491,0,20196.225014304764,999
F_grdp_Hu0d0.15_a_v0.05_s0.7_bias,ab112491,1,699767.4626218347,1000
F_grdp_Hu0d0.15_a_v0.05_s0.7_bias,ab112491,2,684262.4606990634,1000
F_grdp_Hu0d0.15_a_v0.05_s0.7_bias,ab112491,3,291247.06229160196,1000
F_grdp_Hu0d0.15_a_v0.05_s0.7_bias,ab112491,4,28694.200072024592,1000
F_grdp_Hu0d0.15_a_v0.05_s0.7_bias,ab112491,5,12447.051815037848,186
F_grdp_Hu0d0.15_a_v0.05_s0.7_bias,dc5fbe29,0,8934.613671653775,999
F_grdp_Hu0d0.15_a_v0.05_s0.7_bias,dc5fbe29,1,116295.3903185629,1000
F_grdp_Hu0d0.15_a_v0.05_s0.7_bias,dc5fbe29,2,35243.451401258644,1000
F_grdp_Hu0d0.15_a_v0.05_s0.7_bias,dc5fbe29,3,50302.25587559655,1000
F_grdp_Hu0d0.15_a_v0.05_s0.7_bias,dc5fbe29,4,21372.960750331986,1000
F_grdp_Hu0d0.15_a_v0.05_s0.7_bias,dc5fbe29,5,2511.079900532501,204
F_grdp_Hu0d0.15_a_v0.05_s0.7_bias,a247e7cf,0,35.94020144598963,999
F_grdp_Hu0d0.15_a_v0.05_s0.7_bias,a247e7cf,1,978.2795912296765,1000
F_grdp_Hu0d0.15_a_v0.05_s0.7_bias,a247e7cf,2,1094.83265518929,1000
F_grdp_Hu0d0.15_a_v0.05_s0.7_bias,a247e7cf,3,14296.06033778804,1000
F_grdp_Hu0d0.15_a_v0.05_s0.7_bias,a247e7cf,4,10277.309217532158,1000
F_grdp_Hu0d0.15_a_v0.05_s0.7_bias,a247e7cf,5,11325.60835902956,675
F_grdp_Hu0d0.15_a_v0.05_s0.7_bias,1590af81,0,14501.097224830353,999
F_grdp_Hu0d0.15_a_v0.05_s0.7_bias,1590af81,1,5028.337074356437,1000
F_grdp_Hu0d0.15_a_v0.05_s0.7_bias,1590af81,2,8318.319446268932,1000
F_grdp_Hu0d0.15_a_v0.05_s0.7_bias,1590af81,3,5700.000080249258,800
F_grdp_Hu0d0.15_a_v0.05_s0.7_bias,c2717d4f,0,1539.5878126433158,999
F_grdp_Hu0d0.15_a_v0.05_s0.7_bias,c2717d4f,1,19638.27159051472,1000
F_grdp_Hu0d0.15_a_v0.05_s0.7_bias,c2717d4f,2,42816.51965094438,1000
F_grdp_Hu0d0.15_a_v0.05_s0.7_bias,c2717d4f,3,39174.94980696294,1000
F_grdp_Hu0d0.15_a_v0.05_s0.7_bias,c2717d4f,4,27430.33745516877,722
F_grdp_Hu0d0.15_a_v0.05_s0.7_bias,9d4272e3,0,93792.89493425594,999
F_grdp_Hu0d0.15_a_v0.05_s0.7_bias,9d4272e3,1,231156.88708900593,1000
F_grdp_Hu0d0.15_a_v0.05_s0.7_bias,9d4272e3,2,190145.41149936957,1000
F_grdp_Hu0d0.15_a_v0.05_s0.7_bias,9d4272e3,3,380792.384832379,1000
F_grdp_Hu0d0.15_a_v0.05_s0.7_bias,9d4272e3,4,13270.960252492849,31
F_grdp_Hu0d0.15_a_v0.05_s0.7_bias,122bd617,0,3478.021323555731,999
F_grdp_Hu0d0.15_a_v0.05_s0.7_bias,122bd617,1,14599.531716821915,1000
F_grdp_Hu0d0.15_a_v0.05_s0.7_bias,122bd617,2,48950.01234535719,1000
F_grdp_Hu0d0.15_a_v0.05_s0.7_bias,122bd617,3,21328.311347547024,1000
F_grdp_Hu0d0.15_a_v0.05_s0.7_bias,122bd617,4,11063.614450727622,571
F_grdp_Hu0d0.15_a_v0.05_s0.7_bias,57796579,0,34200.84462909796,999
F_grdp_Hu0d0.15_a_v0.05_s0.7_bias,57796579,1,50909.3951628078,1000
F_grdp_Hu0d0.15_a_v0.05_s0.7_bias,57796579,2,7503.5641183522885,1000
F_grdp_Hu0d0.15_a_v0.05_s0.7_bias,57796579,3,8346.00039308523,1000
F_grdp_Hu0d0.15_a_v0.05_s0.7_bias,57796579,4,10558.573638033828,1000
F_grdp_Hu0d0.15_a_v0.05_s0.7_bias,57796579,5,7266.739492339587,891
F_grdp_Hu0d0.15_a_v0.05_s0.7_bias,cbe62450,0,7362.400851249018,999
F_grdp_Hu0d0.15_a_v0.05_s0.7_bias,cbe62450,1,20197.82607931942,1000
F_grdp_Hu0d0.15_a_v0.05_s0.7_bias,cbe62450,2,104605.7106020485,1000
F_grdp_Hu0d0.15_a_v0.05_s0.7_bias,cbe62450,3,126486.4235894636,1000
F_grdp_Hu0d0.15_a_v0.05_s0.7_bias,cbe62450,4,48083.214939970945,1000
F_grdp_Hu0d0.15_a_v0.05_s0.7_bias,cbe62450,5,12486.979144063871,1000
F_grdp_Hu0d0.15_a_v0.05_s0.7_bias,cbe62450,6,3857.3692795796437,259
F_grdp_Hu0d0.15_a_v0.05_s0.7_bias,877ed19c,0,7340.427450802831,999
F_grdp_Hu0d0.15_a_v0.05_s0.7_bias,877ed19c,1,47601.505777044134,1000
F_grdp_Hu0d0.15_a_v0.05_s0.7_bias,877ed19c,2,12809.54428694913,1000
F_grdp_Hu0d0.15_a_v0.05_s0.7_bias,877ed19c,3,3220.0656870738685,709
F_grdp_Hu0d0.15_a_v0.05_s0.7_bias,543198e8,0,10621.904960828408,999
F_grdp_Hu0d0.15_a_v0.05_s0.7_bias,543198e8,1,254633.9758454957,1000
F_grdp_Hu0d0.15_a_v0.05_s0.7_bias,543198e8,2,346851.42194272066,1000
F_grdp_Hu0d0.15_a_v0.05_s0.7_bias,543198e8,3,4420.424227670931,1000
F_grdp_Hu0d0.15_a_v0.05_s0.7_bias,543198e8,4,70477.34389944744,1000
F_grdp_Hu0d0.15_a_v0.05_s0.7_bias,543198e8,5,268829.97538151563,1000
F_grdp_Hu0d0.15_a_v0.05_s0.7_bias,543198e8,6,58207.52655813356,504
F_grdp_Hu0d0.15_a_v0.05_s0.7_bias,e97032ad,0,26988.069851547123,999
F_grdp_Hu0d0.15_a_v0.05_s0.7_bias,e97032ad,1,93139.81611299701,1000
F_grdp_Hu0d0.15_a_v0.05_s0.7_bias,e97032ad,2,48704.885095819714,1000
F_grdp_Hu0d0.15_a_v0.05_s0.7_bias,e97032ad,3,26215.302350838498,531
F_grdp_Hu0d0.15_a_v0.05_s0.7_bias,c47e0767,0,88659.04622841526,999
F_grdp_Hu0d0.15_a_v0.05_s0.7_bias,c47e0767,1,538849.9684351527,1000
F_grdp_Hu0d0.15_a_v0.05_s0.7_bias,c47e0767,2,982898.0285143468,1000
F_grdp_Hu0d0.15_a_v0.05_s0.7_bias,c47e0767,3,931685.2132562319,1000
F_grdp_Hu0d0.15_a_v0.05_s0.7_bias,c47e0767,4,193872.63825163373,357
F_grdp_Hu0d0.15_a_v0.05_s0.7_bias,974802e7,0,19070.85206805158,999
F_grdp_Hu0d0.15_a_v0.05_s0.7_bias,974802e7,1,34073.13571007027,1000
F_grdp_Hu0d0.15_a_v0.05_s0.7_bias,974802e7,2,27177.40532581921,1000
F_grdp_Hu0d0.15_a_v0.05_s0.7_bias,974802e7,3,2988.126943866719,1000
F_grdp_Hu0d0.15_a_v0.05_s0.7_bias,974802e7,4,150874.01736459375,1000
F_grdp_Hu0d0.15_a_v0.05_s0.7_bias,974802e7,5,493730.77304574364,844
F_grdp_Hu0d0.15_a_v0.05_s0.7_bias,9def2eb2,0,11067.03768242544,999
F_grdp_Hu0d0.15_a_v0.05_s0.7_bias,9def2eb2,1,25263.45009529847,1000
F_grdp_Hu0d0.15_a_v0.05_s0.7_bias,9def2eb2,2,151533.66769478185,1000
F_grdp_Hu0d0.15_a_v0.05_s0.7_bias,9def2eb2,3,66770.53524409492,1000
F_grdp_Hu0d0.15_a_v0.05_s0.7_bias,9def2eb2,4,26514.04945753181,1000
F_grdp_Hu0d0.15_a_v0.05_s0.7_bias,9def2eb2,5,20697.96326461626,1000
F_grdp_Hu0d0.15_a_v0.05_s0.7_bias,9def2eb2,6,304.19894476707634,4
F_grdp_Hu0d0.15_a_v0.05_s0.7_bias,47222616,0,47984.02381439538,999
F_grdp_Hu0d0.15_a_v0.05_s0.7_bias,47222616,1,24352.31201452894,1000
F_grdp_Hu0d0.15_a_v0.05_s0.7_bias,47222616,2,64717.04385105361,1000
F_grdp_Hu0d0.15_a_v0.05_s0.7_bias,47222616,3,26413.8503571264,1000
F_grdp_Hu0d0.15_a_v0.05_s0.7_bias,47222616,4,43285.5876201733,407
F_grdp_Hu0d0.15_a_v0.05_s0.7_bias,d00e7eb9,0,5065.439933131783,999
F_grdp_Hu0d0.15_a_v0.05_s0.7_bias,d00e7eb9,1,20584.803658613186,1000
F_grdp_Hu0d0.15_a_v0.05_s0.7_bias,d00e7eb9,2,54732.878489785835,1000
F_grdp_Hu0d0.15_a_v0.05_s0.7_bias,d00e7eb9,3,52872.86228260191,1000
F_grdp_Hu0d0.15_a_v0.05_s0.7_bias,d00e7eb9,4,35266.630111499406,1000
F_grdp_Hu0d0.15_a_v0.05_s0.7_bias,d00e7eb9,5,5492.654290580268,705
F_grdp_Hu0d0.15_a_v0.05_s0.7_bias,2b06ad65,0,4861.15305524284,999
F_grdp_Hu0d0.15_a_v0.05_s0.7_bias,2b06ad65,1,1181.5765916553498,1000
F_grdp_Hu0d0.15_a_v0.05_s0.7_bias,2b06ad65,2,3341.9557678733067,1000
F_grdp_Hu0d0.15_a_v0.05_s0.7_bias,2b06ad65,3,1911.685729751912,1000
F_grdp_Hu0d0.15_a_v0.05_s0.7_bias,2b06ad65,4,5382.914430655592,257
F_grdp_Hu0d0.15_a_v0.05_s0.7_bias,4f4ac5ce,0,54963.05537974795,999
F_grdp_Hu0d0.15_a_v0.05_s0.7_bias,4f4ac5ce,1,7683.343669915952,1000
F_grdp_Hu0d0.15_a_v0.05_s0.7_bias,4f4ac5ce,2,39150.0143512489,1000
F_grdp_Hu0d0.15_a_v0.05_s0.7_bias,4f4ac5ce,3,58736.22588931709,1000
F_grdp_Hu0d0.15_a_v0.05_s0.7_bias,4f4ac5ce,4,41036.05155277572,1000
F_grdp_Hu0d0.15_a_v0.05_s0.7_bias,4f4ac5ce,5,13354.076571580898,163
F_grdp_Hu0d0.15_a_v0.05_s0.7_bias,5cdd8dbc,0,15887.429235606025,999
F_grdp_Hu0d0.15_a_v0.05_s0.7_bias,5cdd8dbc,1,2597.696535456795,1000
F_grdp_Hu0d0.15_a_v0.05_s0.7_bias,5cdd8dbc,2,2531.2634061973035,1000
F_grdp_Hu0d0.15_a_v0.05_s0.7_bias,5cdd8dbc,3,92938.46386970817,1000
F_grdp_Hu0d0.15_a_v0.05_s0.7_bias,5cdd8dbc,4,1005.4031334138509,11
F_grdp_Hu0d0.15_a_v0.05_s0.7_bias,347242c8,0,30904.756423308212,999
F_grdp_Hu0d0.15_a_v0.05_s0.7_bias,347242c8,1,367013.57770348986,1000
F_grdp_Hu0d0.15_a_v0.05_s0.7_bias,347242c8,2,421807.9364768264,1000
F_grdp_Hu0d0.15_a_v0.05_s0.7_bias,347242c8,3,24336.009431236238,596
F_grdp_Hu0d0.15_a_v0.05_s0.7_bias,ed6e6e54,0,1330.8170205817203,999
F_grdp_Hu0d0.15_a_v0.05_s0.7_bias,ed6e6e54,1,2184.0962244025022,1000
F_grdp_Hu0d0.15_a_v0.05_s0.7_bias,ed6e6e54,2,14582.316339071693,1000
F_grdp_Hu0d0.15_a_v0.05_s0.7_bias,ed6e6e54,3,22286.374938415018,1000
F_grdp_Hu0d0.15_a_v0.05_s0.7_bias,ed6e6e54,4,75901.31467580755,1000
F_grdp_Hu0d0.15_a_v0.05_s0.7_bias,ed6e6e54,5,89956.41564922681,1000
F_grdp_Hu0d0.15_a_v0.05_s0.7_bias,ed6e6e54,6,13830.294520017544,49
F_grdp_Hu0d0.15_a_v0.05_s0.7_bias,b85f7b06,0,9812.559684732834,999
F_grdp_Hu0d0.15_a_v0.05_s0.7_bias,b85f7b06,1,20133.60685213354,1000
F_grdp_Hu0d0.15_a_v0.05_s0.7_bias,b85f7b06,2,564.0973956655804,1000
F_grdp_Hu0d0.15_a_v0.05_s0.7_bias,b85f7b06,3,640.3931423963501,804
F_grdp_Hu0d0.15_a_v0.05_s0.7_bias,f6d009f4,0,157462.71679996065,999
F_grdp_Hu0d0.15_a_v0.05_s0.7_bias,f6d009f4,1,1797770.2972998715,1000
F_grdp_Hu0d0.15_a_v0.05_s0.7_bias,f6d009f4,2,2286812.05829985,1000
F_grdp_Hu0d0.15_a_v0.05_s0.7_bias,f6d009f4,3,926319.5132999362,1000
F_grdp_Hu0d0.15_a_v0.05_s0.7_bias,f6d009f4,4,19297.59450000443,1000
F_grdp_Hu0d0.15_a_v0.05_s0.7_bias,f6d009f4,5,1815001.570999898,1000
F_grdp_Hu0d0.15_a_v0.05_s0.7_bias,f6d009f4,6,3412680.690199871,716
F_grdp_Hu0d0.15_a_v0.05_s0.7_bias,8255c867,0,6522.749525473943,999
F_grdp_Hu0d0.15_a_v0.05_s0.7_bias,8255c867,1,58396.29695595079,1000
F_grdp_Hu0d0.15_a_v0.05_s0.7_bias,8255c867,2,6962.109608942175,1000
F_grdp_Hu0d0.15_a_v0.05_s0.7_bias,8255c867,3,24609.223641713976,590
F_grdp_Hu0d0.15_a_v0.05_s0.7_bias,0a57a29c,0,78950.53446990748,999
F_grdp_Hu0d0.15_a_v0.05_s0.7_bias,0a57a29c,1,97365.57055565732,1000
F_grdp_Hu0d0.15_a_v0.05_s0.7_bias,0a57a29c,2,97118.07813871308,1000
F_grdp_Hu0d0.15_a_v0.05_s0.7_bias,0a57a29c,3,3205.7124740677186,1000
F_grdp_Hu0d0.15_a_v0.05_s0.7_bias,0a57a29c,4,4566.047401998623,1000
F_grdp_Hu0d0.15_a_v0.05_s0.7_bias,0a57a29c,5,2017.1331719967482,822
F_grdp_Hu0d0.15_a_v0.05_s0.7_bias,3ac16ad0,0,8686.736806043727,999
F_grdp_Hu0d0.15_a_v0.05_s0.7_bias,3ac16ad0,1,3867.142534298021,1000
F_grdp_Hu0d0.15_a_v0.05_s0.7_bias,3ac16ad0,2,4784.568970492091,1000
F_grdp_Hu0d0.15_a_v0.05_s0.7_bias,3ac16ad0,3,17431.087491889644,1000
F_grdp_Hu0d0.15_a_v0.05_s0.7_bias,3ac16ad0,4,87380.97848056251,1000
F_grdp_Hu0d0.15_a_v0.05_s0.7_bias,3ac16ad0,5,11490.044962423855,650
F_grdp_Hu0d0.15_a_v0.05_s0.7_bias,ccedb12b,0,17331.14414125177,999
F_grdp_Hu0d0.15_a_v0.05_s0.7_bias,ccedb12b,1,11481.894477946444,1000
F_grdp_Hu0d0.15_a_v0.05_s0.7_bias,ccedb12b,2,46440.569934327104,1000
F_grdp_Hu0d0.15_a_v0.05_s0.7_bias,ccedb12b,3,91025.33957232958,1000
F_grdp_Hu0d0.15_a_v0.05_s0.7_bias,ccedb12b,4,83735.62053820005,402
F_grdp_Hu0d0.15_a_v0.05_s0.7_bias,5aa03df7,0,1389.388409753246,999
F_grdp_Hu0d0.15_a_v0.05_s0.7_bias,5aa03df7,1,20597.055203630203,1000
F_grdp_Hu0d0.15_a_v0.05_s0.7_bias,5aa03df7,2,58763.33587056111,1000
F_grdp_Hu0d0.15_a_v0.05_s0.7_bias,5aa03df7,3,132436.23532332762,1000
F_grdp_Hu0d0.15_a_v0.05_s0.7_bias,5aa03df7,4,206218.07560531446,872
F_grdp_Hu0d0.15_a_v0.05_s0.7_bias,ab3ced07,0,6233.150247537779,999
F_grdp_Hu0d0.15_a_v0.05_s0.7_bias,ab3ced07,1,6146.62617428659,1000
F_grdp_Hu0d0.15_a_v0.05_s0.7_bias,ab3ced07,2,13102.182518421729,1000
F_grdp_Hu0d0.15_a_v0.05_s0.7_bias,ab3ced07,3,17744.152183260747,1000
F_grdp_Hu0d0.15_a_v0.05_s0.7_bias,ab3ced07,4,45870.25142395307,251
F_grdp_Hu0d0.15_a_v0.05_s0.7_bias,fef8af96,0,60330.07868309054,999
F_grdp_Hu0d0.15_a_v0.05_s0.7_bias,fef8af96,1,541815.9483216945,1000
F_grdp_Hu0d0.15_a_v0.05_s0.7_bias,fef8af96,2,1242055.868852234,1000
F_grdp_Hu0d0.15_a_v0.05_s0.7_bias,fef8af96,3,3416925.1593651716,827
F_grdp_Hu0d0.15_a_v0.05_s0.7_bias,4cd1ac61,0,45324.03389446521,999
F_grdp_Hu0d0.15_a_v0.05_s0.7_bias,4cd1ac61,1,45330.45680724067,1000
F_grdp_Hu0d0.15_a_v0.05_s0.7_bias,4cd1ac61,2,9994.086712923066,1000
F_grdp_Hu0d0.15_a_v0.05_s0.7_bias,4cd1ac61,3,4733.418111799215,1000
F_grdp_Hu0d0.15_a_v0.05_s0.7_bias,4cd1ac61,4,65.58820070205483,490
F_grdp_Hu0d0.15_a_v0.05_s0.7_bias,cb34231f,0,10175.755824497232,999
F_grdp_Hu0d0.15_a_v0.05_s0.7_bias,cb34231f,1,65482.06227486666,1000
F_grdp_Hu0d0.15_a_v0.05_s0.7_bias,cb34231f,2,143017.42217999275,1000
F_grdp_Hu0d0.15_a_v0.05_s0.7_bias,cb34231f,3,206689.30692237758,1000
F_grdp_Hu0d0.15_a_v0.05_s0.7_bias,cb34231f,4,311671.1143380038,1000
F_grdp_Hu0d0.15_a_v0.05_s0.7_bias,cb34231f,5,589909.6922028142,610
F_grdp_Hu0d0.15_a_v0.05_s0.7_bias,f72b268f,0,49061.9601071018,999
F_grdp_Hu0d0.15_a_v0.05_s0.7_bias,f72b268f,1,65756.73091935304,1000
F_grdp_Hu0d0.15_a_v0.05_s0.7_bias,f72b268f,2,60417.79276681311,1000
F_grdp_Hu0d0.15_a_v0.05_s0.7_bias,f72b268f,3,129035.09688441122,1000
F_grdp_Hu0d0.15_a_v0.05_s0.7_bias,f72b268f,4,126338.27090992805,1000
F_grdp_Hu0d0.15_a_v0.05_s0.7_bias,f72b268f,5,24718.380800006118,1000
F_grdp_Hu0d0.15_a_v0.05_s0.7_bias,f72b268f,6,96.94890135778654,405
F_grdp_Hu0d0.15_a_v0.05_s0.7_bias,e0f36d98,0,8982.423145456003,999
F_grdp_Hu0d0.15_a_v0.05_s0.7_bias,e0f36d98,1,11067.401889521512,1000
F_grdp_Hu0d0.15_a_v0.05_s0.7_bias,e0f36d98,2,171179.1790734804,1000
F_grdp_Hu0d0.15_a_v0.05_s0.7_bias,e0f36d98,3,74171.583372864,1000
F_grdp_Hu0d0.15_a_v0.05_s0.7_bias,e0f36d98,4,206388.18745591256,977
F_grdp_Hu0d0.15_a_v0.05_s0.7_bias,1d78281a,0,320.5195608183033,999
F_grdp_Hu0d0.15_a_v0.05_s0.7_bias,1d78281a,1,7741.675923804938,1000
F_grdp_Hu0d0.15_a_v0.05_s0.7_bias,1d78281a,2,25473.787249896468,1000
F_grdp_Hu0d0.15_a_v0.05_s0.7_bias,1d78281a,3,8634.681120941383,1000
F_grdp_Hu0d0.15_a_v0.05_s0.7_bias,1d78281a,4,79040.65058442955,950
F_grdp_Hu0d0.15_a_v0.05_s0.7_bias,a7744f5b,0,1684.253764146932,999
F_grdp_Hu0d0.15_a_v0.05_s0.7_bias,a7744f5b,1,11869.919902779575,1000
F_grdp_Hu0d0.15_a_v0.05_s0.7_bias,a7744f5b,2,360.89484201652454,1000
F_grdp_Hu0d0.15_a_v0.05_s0.7_bias,a7744f5b,3,33169.090721073386,1000
F_grdp_Hu0d0.15_a_v0.05_s0.7_bias,a7744f5b,4,30475.460324624775,378
F_grdp_Hu0d0.15_a_v0.05_s0.7_bias,1b6ba517,0,5832.17226007851,999
F_grdp_Hu0d0.15_a_v0.05_s0.7_bias,1b6ba517,1,154148.5988289996,1000
F_grdp_Hu0d0.15_a_v0.05_s0.7_bias,1b6ba517,2,103359.64304128641,1000
F_grdp_Hu0d0.15_a_v0.05_s0.7_bias,1b6ba517,3,7377.647706447768,1000
F_grdp_Hu0d0.15_a_v0.05_s0.7_bias,1b6ba517,4,4944.023574938348,1000
F_grdp_Hu0d0.15_a_v0.05_s0.7_bias,1b6ba517,5,26509.00481183074,1000
F_grdp_Hu0d0.15_a_v0.05_s0.7_bias,1b6ba517,6,21891.927681752877,598
F_grdp_Hu0d0.15_a_v0.05_s0.7_bias,9df1b1f9,0,11560.833910040908,999
F_grdp_Hu0d0.15_a_v0.05_s0.7_bias,9df1b1f9,1,9101.760541904614,1000
F_grdp_Hu0d0.15_a_v0.05_s0.7_bias,9df1b1f9,2,16374.815997903,1000
F_grdp_Hu0d0.15_a_v0.05_s0.7_bias,9df1b1f9,3,5317.047728485975,1000
F_grdp_Hu0d0.15_a_v0.05_s0.7_bias,9df1b1f9,4,642.4396400653128,702
F_grdp_Hu0d0.15_a_v0.05_s0.7_bias,12f0cd90,0,46924.97310246769,999
F_grdp_Hu0d0.15_a_v0.05_s0.7_bias,12f0cd90,1,99588.68877548962,1000
F_grdp_Hu0d0.15_a_v0.05_s0.7_bias,12f0cd90,2,76432.98589669685,1000
F_grdp_Hu0d0.15_a_v0.05_s0.7_bias,12f0cd90,3,86314.99014514634,1000
F_grdp_Hu0d0.15_a_v0.05_s0.7_bias,12f0cd90,4,159949.75900779146,1000
F_grdp_Hu0d0.15_a_v0.05_s0.7_bias,12f0cd90,5,255151.8150446203,948
F_grdp_Hu0d0.15_a_v0.05_s0.7_bias,37344c2a,0,1026.207066228795,999
F_grdp_Hu0d0.15_a_v0.05_s0.7_bias,37344c2a,1,7777.323149153126,1000
F_grdp_Hu0d0.15_a_v0.05_s0.7_bias,37344c2a,2,51812.2519631531,1000
F_grdp_Hu0d0.15_a_v0.05_s0.7_bias,37344c2a,3,173422.41156114463,1000
F_grdp_Hu0d0.15_a_v0.05_s0.7_bias,37344c2a,4,356656.71918335016,1000
F_grdp_Hu0d0.15_a_v0.05_s0.7_bias,37344c2a,5,84635.20627568846,198
F_grdp_Hu0d0.15_a_v0.05_s0.7_bias,fa667be2,0,2536.2551762782286,999
F_grdp_Hu0d0.15_a_v0.05_s0.7_bias,fa667be2,1,427.5613810981939,1000
F_grdp_Hu0d0.15_a_v0.05_s0.7_bias,fa667be2,2,5084.684379936577,1000
F_grdp_Hu0d0.15_a_v0.05_s0.7_bias,fa667be2,3,33389.3803080406,1000
F_grdp_Hu0d0.15_a_v0.05_s0.7_bias,fa667be2,4,22931.421777947435,1000
F_grdp_Hu0d0.15_a_v0.05_s0.7_bias,fa667be2,5,63059.72018994905,1000
F_grdp_Hu0d0.15_a_v0.05_s0.7_bias,fa667be2,6,132613.03817665283,1000
F_grdp_Hu0d0.15_a_v0.05_s0.7_bias,fa667be2,7,5740.868351920522,297
F_grdp_Hu0d0.15_a_v0.05_s0.7_bias,96ae5806,0,4613.787697219729,999
F_grdp_Hu0d0.15_a_v0.05_s0.7_bias,96ae5806,1,5606.058379646673,1000
F_grdp_Hu0d0.15_a_v0.05_s0.7_bias,96ae5806,2,4426.43036054452,1000
F_grdp_Hu0d0.15_a_v0.05_s0.7_bias,96ae5806,3,363.3533525303023,1000
F_grdp_Hu0d0.15_a_v0.05_s0.7_bias,96ae5806,4,690.6648984356392,1000
F_grdp_Hu0d0.15_a_v0.05_s0.7_bias,96ae5806,5,457.05710845812524,1000
F_grdp_Hu0d0.15_a_v0.05_s0.7_bias,96ae5806,6,777.9831793754693,1000
F_grdp_Hu0d0.15_a_v0.05_s0.7_bias,96ae5806,7,297.9887048098743,1000
F_grdp_Hu0d0.15_a_v0.05_s0.7_bias,96ae5806,8,1484.1610305810461,1000
F_grdp_Hu0d0.15_a_v0.05_s0.7_bias,96ae5806,9,4538.843354571448,840
F_grdp_Hu0d0.15_a_v0.05_s0.7_bias,5d7198fd,0,4757.83911240643,999
F_grdp_Hu0d0.15_a_v0.05_s0.7_bias,5d7198fd,1,20912.07548020836,1000
F_grdp_Hu0d0.15_a_v0.05_s0.7_bias,5d7198fd,2,109939.14513787958,1000
F_grdp_Hu0d0.15_a_v0.05_s0.7_bias,5d7198fd,3,36039.46390403717,369
F_grdp_Hu0d0.15_a_v0.05_s0.7_bias,ebe69318,0,5830.121432852441,999
F_grdp_Hu0d0.15_a_v0.05_s0.7_bias,ebe69318,1,60610.68897731884,1000
F_grdp_Hu0d0.15_a_v0.05_s0.7_bias,ebe69318,2,20559.86091967729,1000
F_grdp_Hu0d0.15_a_v0.05_s0.7_bias,ebe69318,3,6570.244806823264,1000
F_grdp_Hu0d0.15_a_v0.05_s0.7_bias,ebe69318,4,801.2060047423782,977
F_grdp_Hu0d0.15_a_v0.05_s0.7_bias,5663b2b7,0,1451.5757246874564,999
F_grdp_Hu0d0.15_a_v0.05_s0.7_bias,5663b2b7,1,5028.269204219592,1000
F_grdp_Hu0d0.15_a_v0.05_s0.7_bias,5663b2b7,2,2001.9305141434095,1000
F_grdp_Hu0d0.15_a_v0.05_s0.7_bias,5663b2b7,3,2222.7225512014616,1000
F_grdp_Hu0d0.15_a_v0.05_s0.7_bias,5663b2b7,4,4013.6731820428436,973
F_grdp_Hu0d0.15_a_v0.05_s0.7_bias,368131f9,0,8065.530523208499,999
F_grdp_Hu0d0.15_a_v0.05_s0.7_bias,368131f9,1,51852.3961087965,1000
F_grdp_Hu0d0.15_a_v0.05_s0.7_bias,368131f9,2,133582.27210691542,1000
F_grdp_Hu0d0.15_a_v0.05_s0.7_bias,368131f9,3,198194.3230910023,1000
F_grdp_Hu0d0.15_a_v0.05_s0.7_bias,368131f9,4,173501.9875537312,992
F_grdp_Hu0d0.15_a_v0.05_s0.7_bias,1a730ac2,0,10992.404572990457,999
F_grdp_Hu0d0.15_a_v0.05_s0.7_bias,1a730ac2,1,23683.2815452866,1000
F_grdp_Hu0d0.15_a_v0.05_s0.7_bias,1a730ac2,2,18221.85830309105,1000
F_grdp_Hu0d0.15_a_v0.05_s0.7_bias,1a730ac2,3,35064.87831414169,1000
F_grdp_Hu0d0.15_a_v0.05_s0.7_bias,1a730ac2,4,60533.146660549806,606
F_grdp_Hu0d0.15_a_v0.05_s0.7_bias,925a7cd1,0,14375.824126363927,999
F_grdp_Hu0d0.15_a_v0.05_s0.7_bias,925a7cd1,1,10381.445444851932,1000
F_grdp_Hu0d0.15_a_v0.05_s0.7_bias,925a7cd1,2,1102.017608231681,1000
F_grdp_Hu0d0.15_a_v0.05_s0.7_bias,925a7cd1,3,5553.762417047078,1000
F_grdp_Hu0d0.15_a_v0.05_s0.7_bias,925a7cd1,4,33103.79624676365,518
F_grdp_Hu0d0.15_a_v0.05_s0.7_bias,f8afa78a,0,16047.551422284585,999
F_grdp_Hu0d0.15_a_v0.05_s0.7_bias,f8afa78a,1,162919.05380296137,1000
F_grdp_Hu0d0.15_a_v0.05_s0.7_bias,f8afa78a,2,55348.350338694254,1000
F_grdp_Hu0d0.15_a_v0.05_s0.7_bias,f8afa78a,3,8348.610339034618,1000
F_grdp_Hu0d0.15_a_v0.05_s0.7_bias,f8afa78a,4,30777.979119108655,1000
F_grdp_Hu0d0.15_a_v0.05_s0.7_bias,f8afa78a,5,100403.97974219461,1000
F_grdp_Hu0d0.15_a_v0.05_s0.7_bias,f8afa78a,6,9618.914516511497,33
F_grdp_Hu0d0.15_a_v0.05_s0.7_bias,4463446c,0,2853.4184412595405,999
F_grdp_Hu0d0.15_a_v0.05_s0.7_bias,4463446c,1,12491.843122757615,1000
F_grdp_Hu0d0.15_a_v0.05_s0.7_bias,4463446c,2,71607.12909025773,1000
F_grdp_Hu0d0.15_a_v0.05_s0.7_bias,4463446c,3,8827.919079438747,257
F_grdp_Hu0d0.15_a_v0.05_s0.7_bias,c1d046f4,0,21920.602841380238,999
F_grdp_Hu0d0.15_a_v0.05_s0.7_bias,c1d046f4,1,17783.87354311378,1000
F_grdp_Hu0d0.15_a_v0.05_s0.7_bias,c1d046f4,2,24202.263493280258,1000
F_grdp_Hu0d0.15_a_v0.05_s0.7_bias,c1d046f4,3,4372.729963786598,1000
F_grdp_Hu0d0.15_a_v0.05_s0.7_bias,c1d046f4,4,5648.073218176879,1000
F_grdp_Hu0d0.15_a_v0.05_s0.7_bias,c1d046f4,5,7633.112413115834,514
F_grdp_Hu0d0.15_a_v0.05_s0.7_bias,dd168de0,0,3345.2362995782914,999
F_grdp_Hu0d0.15_a_v0.05_s0.7_bias,dd168de0,1,11727.058375953999,1000
F_grdp_Hu0d0.15_a_v0.05_s0.7_bias,dd168de0,2,1593.6712481438879,1000
F_grdp_Hu0d0.15_a_v0.05_s0.7_bias,dd168de0,3,15573.076560497659,305
F_grdp_Hu0d0.15_a_v0.05_s0.7_bias,c03fba65,0,126796.15791915193,999
F_grdp_Hu0d0.15_a_v0.05_s0.7_bias,c03fba65,1,599705.0177176822,1000
F_grdp_Hu0d0.15_a_v0.05_s0.7_bias,c03fba65,2,860102.0095582329,1000
F_grdp_Hu0d0.15_a_v0.05_s0.7_bias,c03fba65,3,818843.5019113048,700
F_grdp_Hu0d0.15_a_v0.05_s0.7_bias,2c0c4a4e,0,2407.5842586734266,999
F_grdp_Hu0d0.15_a_v0.05_s0.7_bias,2c0c4a4e,1,12900.562580123717,1000
F_grdp_Hu0d0.15_a_v0.05_s0.7_bias,2c0c4a4e,2,3184.444409584396,1000
F_grdp_Hu0d0.15_a_v0.05_s0.7_bias,2c0c4a4e,3,12226.301166329735,1000
F_grdp_Hu0d0.15_a_v0.05_s0.7_bias,2c0c4a4e,4,183343.32195187677,791
F_grdp_Hu0d0.15_a_v0.05_s0.7_bias,fb3848a1,0,1181.9421228711735,999
F_grdp_Hu0d0.15_a_v0.05_s0.7_bias,fb3848a1,1,15899.381442694952,1000
F_grdp_Hu0d0.15_a_v0.05_s0.7_bias,fb3848a1,2,197325.5235848197,1000
F_grdp_Hu0d0.15_a_v0.05_s0.7_bias,fb3848a1,3,267795.992586468,1000
F_grdp_Hu0d0.15_a_v0.05_s0.7_bias,fb3848a1,4,228932.32975577036,1000
F_grdp_Hu0d0.15_a_v0.05_s0.7_bias,fb3848a1,5,346010.1828460325,920
F_grdp_Hu0d0.15_a_v0.05_s0.7_bias,62a6f539,0,9838.285938907311,999
F_grdp_Hu0d0.15_a_v0.05_s0.7_bias,62a6f539,1,4633.736944807596,1000
F_grdp_Hu0d0.15_a_v0.05_s0.7_bias,62a6f539,2,4011.892165169107,1000
F_grdp_Hu0d0.15_a_v0.05_s0.7_bias,62a6f539,3,2407.881572079227,694
F_grdp_Hu0d0.15_a_v0.05_s0.7_bias,63559d57,0,28314.596725957672,999
F_grdp_Hu0d0.15_a_v0.05_s0.7_bias,63559d57,1,71669.44277337258,1000
F_grdp_Hu0d0.15_a_v0.05_s0.7_bias,63559d57,2,35363.619297372985,1000
F_grdp_Hu0d0.15_a_v0.05_s0.7_bias,63559d57,3,6134.872803108106,1000
F_grdp_Hu0d0.15_a_v0.05_s0.7_bias,63559d57,4,421.11877862628944,70
F_grdp_Hu0d0.15_a_v0.05_s0.7_bias,4f3eb9e9,0,2079.4248657095354,999
F_grdp_Hu0d0.15_a_v0.05_s0.7_bias,4f3eb9e9,1,61586.13916266442,1000
F_grdp_Hu0d0.15_a_v0.05_s0.7_bias,4f3eb9e9,2,392988.7733120539,1000
F_grdp_Hu0d0.15_a_v0.05_s0.7_bias,4f3eb9e9,3,698097.7618819256,1000
F_grdp_Hu0d0.15_a_v0.05_s0.7_bias,4f3eb9e9,4,108972.54108252536,698
F_grdp_Hu0d0.15_a_v0.05_s0.7_bias,460f859e,0,275527.81326873857,999
F_grdp_Hu0d0.15_a_v0.05_s0.7_bias,460f859e,1,1155594.2192766883,1000
F_grdp_Hu0d0.15_a_v0.05_s0.7_bias,460f859e,2,484180.18105775444,1000
F_grdp_Hu0d0.15_a_v0.05_s0.7_bias,460f859e,3,108060.41813316062,337
F_grdp_Hu0d0.15_a_v0.05_s0.7_bias,28f4eda9,0,858.7154948956005,999
F_grdp_Hu0d0.15_a_v0.05_s0.7_bias,28f4eda9,1,5211.395872540018,1000
F_grdp_Hu0d0.15_a_v0.05_s0.7_bias,28f4eda9,2,4848.345311508163,1000
F_grdp_Hu0d0.15_a_v0.05_s0.7_bias,28f4eda9,3,3742.2677938909574,1000
F_grdp_Hu0d0.15_a_v0.05_s0.7_bias,28f4eda9,4,1769.2272564516477,1000
F_grdp_Hu0d0.15_a_v0.05_s0.7_bias,28f4eda9,5,28.274483645230642,267
F_grdp_Hu0d0.15_a_v0.05_s0.7_bias,739a914f,0,4391.322382201815,999
F_grdp_Hu0d0.15_a_v0.05_s0.7_bias,739a914f,1,2608.4790972364976,1000
F_grdp_Hu0d0.15_a_v0.05_s0.7_bias,739a914f,2,1792.548227790294,1000
F_grdp_Hu0d0.15_a_v0.05_s0.7_bias,739a914f,3,8399.090828381215,1000
F_grdp_Hu0d0.15_a_v0.05_s0.7_bias,739a914f,4,3939.747618496108,1000
F_grdp_Hu0d0.15_a_v0.05_s0.7_bias,739a914f,5,2997.998298221408,506
F_grdp_Hu0d0.15_a_v0.05_s0.7_bias,995ff498,0,16224.828784086165,999
F_grdp_Hu0d0.15_a_v0.05_s0.7_bias,995ff498,1,42127.04826265775,1000
F_grdp_Hu0d0.15_a_v0.05_s0.7_bias,995ff498,2,7423.07926665427,1000
F_grdp_Hu0d0.15_a_v0.05_s0.7_bias,995ff498,3,26014.21737570875,1000
F_grdp_Hu0d0.15_a_v0.05_s0.7_bias,995ff498,4,148642.59422968302,527
F_grdp_Hu0d0.15_a_v0.05_s0.7_bias,698930d1,0,459.9056036286359,999
F_grdp_Hu0d0.15_a_v0.05_s0.7_bias,698930d1,1,8537.191794052575,1000
F_grdp_Hu0d0.15_a_v0.05_s0.7_bias,698930d1,2,15304.32001266137,1000
F_grdp_Hu0d0.15_a_v0.05_s0.7_bias,698930d1,3,46637.05280538381,1000
F_grdp_Hu0d0.15_a_v0.05_s0.7_bias,698930d1,4,4229.035606376233,742
F_grdp_Hu0d0.15_a_v0.05_s0.7_bias,f16e25e3,0,1929.6434198319507,999
F_grdp_Hu0d0.15_a_v0.05_s0.7_bias,f16e25e3,1,753.111055209587,1000
F_grdp_Hu0d0.15_a_v0.05_s0.7_bias,f16e25e3,2,20742.660162403186,1000
F_grdp_Hu0d0.15_a_v0.05_s0.7_bias,f16e25e3,3,24723.999450366202,1000
F_grdp_Hu0d0.15_a_v0.05_s0.7_bias,f16e25e3,4,17744.125499722173,652
F_grdp_Hu0d0.15_a_v0.05_s0.7_bias,37d36812,0,7146.14367496945,999
F_grdp_Hu0d0.15_a_v0.05_s0.7_bias,37d36812,1,153491.19147046097,1000
F_grdp_Hu0d0.15_a_v0.05_s0.7_bias,37d36812,2,177175.96352071964,1000
F_grdp_Hu0d0.15_a_v0.05_s0.7_bias,37d36812,3,390298.5145650071,1000
F_grdp_Hu0d0.15_a_v0.05_s0.7_bias,37d36812,4,43614.01670567175,368
F_grdp_Hu0d0.15_a_v0.05_s0.7_bias,a5aa7973,0,14268.68240450318,999
F_grdp_Hu0d0.15_a_v0.05_s0.7_bias,a5aa7973,1,4163.150160295037,1000
F_grdp_Hu0d0.15_a_v0.05_s0.7_bias,a5aa7973,2,92853.01378800813,1000
F_grdp_Hu0d0.15_a_v0.05_s0.7_bias,a5aa7973,3,116918.33848897537,1000
F_grdp_Hu0d0.15_a_v0.05_s0.7_bias,a5aa7973,4,73837.67383965635,617
F_grdp_Hu0d0.15_a_v0.05_s0.7_bias,8612b37f,0,54658.556767801034,999
F_grdp_Hu0d0.15_a_v0.05_s0.7_bias,8612b37f,1,19823.60781825686,1000
F_grdp_Hu0d0.15_a_v0.05_s0.7_bias,8612b37f,2,17961.26331453369,1000
F_grdp_Hu0d0.15_a_v0.05_s0.7_bias,8612b37f,3,390764.89675397146,1000
F_grdp_Hu0d0.15_a_v0.05_s0.7_bias,8612b37f,4,320081.4793779642,1000
F_grdp_Hu0d0.15_a_v0.05_s0.7_bias,8612b37f,5,7077.796159094775,166
F_grdp_Hu0d0.15_a_v0.05_s0.7_bias,94467f50,0,29886.588422565655,999
F_grdp_Hu0d0.15_a_v0.05_s0.7_bias,94467f50,1,86392.22293649203,1000
F_grdp_Hu0d0.15_a_v0.05_s0.7_bias,94467f50,2,306912.95221209934,1000
F_grdp_Hu0d0.15_a_v0.05_s0.7_bias,94467f50,3,21638.971097810467,36
F_grdp_Hu0d0.15_a_v0.05_s0.7_bias,14fee784,0,38275.63043962032,999
F_grdp_Hu0d0.15_a_v0.05_s0.7_bias,14fee784,1,557918.3422341145,1000
F_grdp_Hu0d0.15_a_v0.05_s0.7_bias,14fee784,2,1275329.6397697658,1000
F_grdp_Hu0d0.15_a_v0.05_s0.7_bias,14fee784,3,1316825.534477275,1000
F_grdp_Hu0d0.15_a_v0.05_s0.7_bias,14fee784,4,177021.10812870238,911
F_grdp_Hu0d0.15_a_v0.05_s0.7_bias,eabc711b,0,11437.896097753877,999
F_grdp_Hu0d0.15_a_v0.05_s0.7_bias,eabc711b,1,115366.29892113993,1000
F_grdp_Hu0d0.15_a_v0.05_s0.7_bias,eabc711b,2,39435.84139832993,1000
F_grdp_Hu0d0.15_a_v0.05_s0.7_bias,eabc711b,3,244610.13470175967,1000
F_grdp_Hu0d0.15_a_v0.05_s0.7_bias,eabc711b,4,219210.78597419785,1000
F_grdp_Hu0d0.15_a_v0.05_s0.7_bias,eabc711b,5,3794.73740951714,349
F_grdp_Hu0d0.15_a_v0.05_s0.7_bias,bd2c2f34,0,2230.06689120542,999
F_grdp_Hu0d0.15_a_v0.05_s0.7_bias,bd2c2f34,1,6331.160851358266,1000
F_grdp_Hu0d0.15_a_v0.05_s0.7_bias,bd2c2f34,2,2450.340677511278,1000
F_grdp_Hu0d0.15_a_v0.05_s0.7_bias,bd2c2f34,3,2831.885604822069,1000
F_grdp_Hu0d0.15_a_v0.05_s0.7_bias,bd2c2f34,4,6431.447723943876,1000
F_grdp_Hu0d0.15_a_v0.05_s0.7_bias,bd2c2f34,5,829.3634726773786,1000
F_grdp_Hu0d0.15_a_v0.05_s0.7_bias,bd2c2f34,6,924.7539662109644,1000
F_grdp_Hu0d0.15_a_v0.05_s0.7_bias,bd2c2f34,7,11568.622127202307,1000
F_grdp_Hu0d0.15_a_v0.05_s0.7_bias,bd2c2f34,8,1905.3310297009375,1000
F_grdp_Hu0d0.15_a_v0.05_s0.7_bias,bd2c2f34,9,31758.873571055567,824
F_grdp_Hu0d0.15_a_v0.05_s0.7_bias,d9d6d94d,0,29269.423468835485,999
F_grdp_Hu0d0.15_a_v0.05_s0.7_bias,d9d6d94d,1,16127.764424627807,1000
F_grdp_Hu0d0.15_a_v0.05_s0.7_bias,d9d6d94d,2,359708.81275370973,1000
F_grdp_Hu0d0.15_a_v0.05_s0.7_bias,d9d6d94d,3,185562.66549756684,1000
F_grdp_Hu0d0.15_a_v0.05_s0.7_bias,d9d6d94d,4,28982.610140125387,920
F_grdp_Hu0d0.15_a_v0.05_s0.7_bias,dd64382d,0,4758.782453970911,999
F_grdp_Hu0d0.15_a_v0.05_s0.7_bias,dd64382d,1,26227.93815292597,1000
F_grdp_Hu0d0.15_a_v0.05_s0.7_bias,dd64382d,2,95423.20439707865,1000
F_grdp_Hu0d0.15_a_v0.05_s0.7_bias,dd64382d,3,26185.881318112763,125
F_grdp_Hu0d0.15_a_v0.05_s0.7_bias,c42fe306,0,25062.21185162728,999
F_grdp_Hu0d0.15_a_v0.05_s0.7_bias,c42fe306,1,272054.4346880397,1000
F_grdp_Hu0d0.15_a_v0.05_s0.7_bias,c42fe306,2,399679.6983722831,1000
F_grdp_Hu0d0.15_a_v0.05_s0.7_bias,c42fe306,3,186204.31188746146,1000
F_grdp_Hu0d0.15_a_v0.05_s0.7_bias,c42fe306,4,13945.03466486556,1000
F_grdp_Hu0d0.15_a_v0.05_s0.7_bias,c42fe306,5,264.8653562098843,96
F_grdp_Hu0d0.15_a_v0.05_s0.7_bias,7ff89f8f,0,9850.040702278431,999
F_grdp_Hu0d0.15_a_v0.05_s0.7_bias,7ff89f8f,1,28479.67836029252,1000
F_grdp_Hu0d0.15_a_v0.05_s0.7_bias,7ff89f8f,2,173393.49828192993,1000
F_grdp_Hu0d0.15_a_v0.05_s0.7_bias,7ff89f8f,3,425323.5990344565,1000
F_grdp_Hu0d0.15_a_v0.05_s0.7_bias,7ff89f8f,4,594012.7664711381,1000
F_grdp_Hu0d0.15_a_v0.05_s0.7_bias,7ff89f8f,5,618810.939482425,1000
F_grdp_Hu0d0.15_a_v0.05_s0.7_bias,7ff89f8f,6,374123.34495702805,1000
F_grdp_Hu0d0.15_a_v0.05_s0.7_bias,7ff89f8f,7,8300.39025026258,338
F_grdp_Hu0d0.15_a_v0.05_s0.7_bias,8478df29,0,20635.887551586948,999
F_grdp_Hu0d0.15_a_v0.05_s0.7_bias,8478df29,1,35914.45174227099,1000
F_grdp_Hu0d0.15_a_v0.05_s0.7_bias,8478df29,2,88272.18478803344,1000
F_grdp_Hu0d0.15_a_v0.05_s0.7_bias,8478df29,3,6704.140361976444,1000
F_grdp_Hu0d0.15_a_v0.05_s0.7_bias,8478df29,4,6607.784932423745,858
F_grdp_Hu0d0.15_a_v0.05_s0.7_bias,5eae34a8,0,2563.827430407348,999
F_grdp_Hu0d0.15_a_v0.05_s0.7_bias,5eae34a8,1,1213.1564858622248,1000
F_grdp_Hu0d0.15_a_v0.05_s0.7_bias,5eae34a8,2,16263.295826990521,1000
F_grdp_Hu0d0.15_a_v0.05_s0.7_bias,5eae34a8,3,43795.5472383631,1000
F_grdp_Hu0d0.15_a_v0.05_s0.7_bias,5eae34a8,4,242764.71188339026,905
F_grdp_Hu0d0.15_a_v0.05_s0.7_bias,5a1a8fd8,0,7705.979787205043,999
F_grdp_Hu0d0.15_a_v0.05_s0.7_bias,5a1a8fd8,1,9220.488825906243,1000
F_grdp_Hu0d0.15_a_v0.05_s0.7_bias,5a1a8fd8,2,6460.8176846201395,1000
F_grdp_Hu0d0.15_a_v0.05_s0.7_bias,5a1a8fd8,3,9671.21897582756,1000
F_grdp_Hu0d0.15_a_v0.05_s0.7_bias,5a1a8fd8,4,108530.05669749755,1000
F_grdp_Hu0d0.15_a_v0.05_s0.7_bias,5a1a8fd8,5,101875.65324510571,261
F_grdp_Hu0d0.15_a_v0.05_s0.7_bias,940e709a,0,9961.554188336911,999
F_grdp_Hu0d0.15_a_v0.05_s0.7_bias,940e709a,1,13065.658628508016,1000
F_grdp_Hu0d0.15_a_v0.05_s0.7_bias,940e709a,2,2959.595702704378,1000
F_grdp_Hu0d0.15_a_v0.05_s0.7_bias,940e709a,3,13768.8497849287,349
F_grdp_Hu0d0.15_a_v0.05_s0.7_bias,7bb17b96,0,4100.021158065413,999
F_grdp_Hu0d0.15_a_v0.05_s0.7_bias,7bb17b96,1,1692.8706776793572,1000
F_grdp_Hu0d0.15_a_v0.05_s0.7_bias,7bb17b96,2,56662.321773574215,1000
F_grdp_Hu0d0.15_a_v0.05_s0.7_bias,7bb17b96,3,38977.14501299083,923
F_grdp_Hu0d0.15_a_v0.05_s0.7_bias,e149204f,0,7985.220496834951,999
F_grdp_Hu0d0.15_a_v0.05_s0.7_bias,e149204f,1,5061.609403474989,1000
F_grdp_Hu0d0.15_a_v0.05_s0.7_bias,e149204f,2,1499.7239126617856,1000
F_grdp_Hu0d0.15_a_v0.05_s0.7_bias,e149204f,3,5604.1838066605815,1000
F_grdp_Hu0d0.15_a_v0.05_s0.7_bias,e149204f,4,4255.511115387481,1000
F_grdp_Hu0d0.15_a_v0.05_s0.7_bias,e149204f,5,27133.655993917528,1000
F_grdp_Hu0d0.15_a_v0.05_s0.7_bias,e149204f,6,51.70714931901398,98
F_grdp_Hu0d0.15_a_v0.05_s0.7_bias,22c5f93f,0,129.3177936121456,999
F_grdp_Hu0d0.15_a_v0.05_s0.7_bias,22c5f93f,1,32954.22261947576,1000
F_grdp_Hu0d0.15_a_v0.05_s0.7_bias,22c5f93f,2,21549.639509324985,1000
F_grdp_Hu0d0.15_a_v0.05_s0.7_bias,22c5f93f,3,44239.73145182413,1000
F_grdp_Hu0d0.15_a_v0.05_s0.7_bias,22c5f93f,4,9496.316691810085,1000
F_grdp_Hu0d0.15_a_v0.05_s0.7_bias,22c5f93f,5,4221.840738305768,173
F_grdp_Hu0d0.15_a_v0.05_s0.7_bias,2e43c2ea,0,17250.618066085553,999
F_grdp_Hu0d0.15_a_v0.05_s0.7_bias,2e43c2ea,1,5552.610431406374,1000
F_grdp_Hu0d0.15_a_v0.05_s0.7_bias,2e43c2ea,2,3233.0799193169355,1000
F_grdp_Hu0d0.15_a_v0.05_s0.7_bias,2e43c2ea,3,3726.4340627842043,1000
F_grdp_Hu0d0.15_a_v0.05_s0.7_bias,2e43c2ea,4,17420.06143061931,1000
F_grdp_Hu0d0.15_a_v0.05_s0.7_bias,2e43c2ea,5,217069.5377751988,699
F_grdp_Hu0d0.15_a_v0.05_s0.7_bias,44a94013,0,26604.26738280379,999
F_grdp_Hu0d0.15_a_v0.05_s0.7_bias,44a94013,1,32804.71057643784,1000
F_grdp_Hu0d0.15_a_v0.05_s0.7_bias,44a94013,2,16474.437387209236,1000
F_grdp_Hu0d0.15_a_v0.05_s0.7_bias,44a94013,3,2916.3083903874767,1000
F_grdp_Hu0d0.15_a_v0.05_s0.7_bias,44a94013,4,55551.38264808647,904
F_grdp_Hu0d0.15_a_v0.05_s0.7_bias,2b547943,0,6191.658149067094,999
F_grdp_Hu0d0.15_a_v0.05_s0.7_bias,2b547943,1,200316.5422253657,1000
F_grdp_Hu0d0.15_a_v0.05_s0.7_bias,2b547943,2,227063.4488145683,1000
F_grdp_Hu0d0.15_a_v0.05_s0.7_bias,2b547943,3,108300.44617959199,481
F_grdp_Hu0d0.15_a_v0.05_s0.7_bias,d07aed8f,0,45451.518489918046,999
F_grdp_Hu0d0.15_a_v0.05_s0.7_bias,d07aed8f,1,146374.57580091807,1000
F_grdp_Hu0d0.15_a_v0.05_s0.7_bias,d07aed8f,2,11573.90987922134,958
F_grdp_Hu0d0.15_a_v0.05_s0.7_bias,6ede926a,0,7525.310079869361,999
F_grdp_Hu0d0.15_a_v0.05_s0.7_bias,6ede926a,1,306.58913959655143,1000
F_grdp_Hu0d0.15_a_v0.05_s0.7_bias,6ede926a,2,12159.070231497073,1000
F_grdp_Hu0d0.15_a_v0.05_s0.7_bias,6ede926a,3,22279.24368229551,1000
F_grdp_Hu0d0.15_a_v0.05_s0.7_bias,6ede926a,4,707.8827656533273,939
F_grdp_Hu0d0.15_a_v0.05_s0.7_bias,529e88ca,0,29980.47507661924,999
F_grdp_Hu0d0.15_a_v0.05_s0.7_bias,529e88ca,1,68082.20803889092,1000
F_grdp_Hu0d0.15_a_v0.05_s0.7_bias,529e88ca,2,43365.71233404238,1000
F_grdp_Hu0d0.15_a_v0.05_s0.7_bias,529e88ca,3,5418.09785633443,418
F_grdp_Hu0d0.15_a_v0.05_s0.7_bias,09441b8d,0,712.8286648398441,999
F_grdp_Hu0d0.15_a_v0.05_s0.7_bias,09441b8d,1,507.99515332330634,1000
F_grdp_Hu0d0.15_a_v0.05_s0.7_bias,09441b8d,2,7121.134764769545,1000
F_grdp_Hu0d0.15_a_v0.05_s0.7_bias,09441b8d,3,464.8575600689221,1000
F_grdp_Hu0d0.15_a_v0.05_s0.7_bias,09441b8d,4,627.5872874226702,1000
F_grdp_Hu0d0.15_a_v0.05_s0.7_bias,09441b8d,5,1127.1378358948812,489
F_grdp_Hu0d0.15_a_v0.05_s0.7_bias,4121c517,0,2072.6512120255156,999
F_grdp_Hu0d0.15_a_v0.05_s0.7_bias,4121c517,1,2021.7868350336896,1000
F_grdp_Hu0d0.15_a_v0.05_s0.7_bias,4121c517,2,41974.49881700642,1000
F_grdp_Hu0d0.15_a_v0.05_s0.7_bias,4121c517,3,12398.643516812894,724
F_grdp_Hu0d0.15_a_v0.05_s0.7_bias,58850d2c,0,50677.52353245356,999
F_grdp_Hu0d0.15_a_v0.05_s0.7_bias,58850d2c,1,4677.848131412541,1000
F_grdp_Hu0d0.15_a_v0.05_s0.7_bias,58850d2c,2,42941.75639941335,1000
F_grdp_Hu0d0.15_a_v0.05_s0.7_bias,58850d2c,3,67888.43332787153,1000
F_grdp_Hu0d0.15_a_v0.05_s0.7_bias,58850d2c,4,20510.81844773004,996
F_grdp_Hu0d0.15_a_v0.05_s0.7_bias,d273674e,0,1886.9680213928145,999
F_grdp_Hu0d0.15_a_v0.05_s0.7_bias,d273674e,1,1688.5256861490636,1000
F_grdp_Hu0d0.15_a_v0.05_s0.7_bias,d273674e,2,1493.50705735517,1000
F_grdp_Hu0d0.15_a_v0.05_s0.7_bias,d273674e,3,12816.663016500914,900
F_grdp_Hu0d0.15_a_v0.05_s0.7_bias,cbb406b5,0,67654.58781269041,999
F_grdp_Hu0d0.15_a_v0.05_s0.7_bias,cbb406b5,1,143250.07244089595,1000
F_grdp_Hu0d0.15_a_v0.05_s0.7_bias,cbb406b5,2,148065.2815748281,1000
F_grdp_Hu0d0.15_a_v0.05_s0.7_bias,cbb406b5,3,22063.27557818863,1000
F_grdp_Hu0d0.15_a_v0.05_s0.7_bias,cbb406b5,4,2024.8950533701466,1000
F_grdp_Hu0d0.15_a_v0.05_s0.7_bias,cbb406b5,5,10385.113548292233,1000
F_grdp_Hu0d0.15_a_v0.05_s0.7_bias,cbb406b5,6,3754.521146477442,329
F_grdp_Hu0d0.15_a_v0.05_s0.7_bias,c03d4aed,0,1684.8795016164436,999
F_grdp_Hu0d0.15_a_v0.05_s0.7_bias,c03d4aed,1,39011.15281562628,1000
F_grdp_Hu0d0.15_a_v0.05_s0.7_bias,c03d4aed,2,4415.5457464630945,1000
F_grdp_Hu0d0.15_a_v0.05_s0.7_bias,c03d4aed,3,3202.531070431848,1000
F_grdp_Hu0d0.15_a_v0.05_s0.7_bias,c03d4aed,4,61852.51344069223,642
F_grdp_Hu0d0.15_a_v0.05_s0.7_bias,9283ae69,0,42525.739683336215,999
F_grdp_Hu0d0.15_a_v0.05_s0.7_bias,9283ae69,1,56251.919700546845,1000
F_grdp_Hu0d0.15_a_v0.05_s0.7_bias,9283ae69,2,13484.710611318935,1000
F_grdp_Hu0d0.15_a_v0.05_s0.7_bias,9283ae69,3,1259.2233067979068,372
F_grdp_Hu0d0.15_a_v0.05_s0.7_bias,999daf80,0,25434.79947030064,999
F_grdp_Hu0d0.15_a_v0.05_s0.7_bias,999daf80,1,30252.16492883519,1000
F_grdp_Hu0d0.15_a_v0.05_s0.7_bias,999daf80,2,1425.9442516805957,1000
F_grdp_Hu0d0.15_a_v0.05_s0.7_bias,999daf80,3,5669.403377094789,565
F_grdp_Hu0d0.15_a_v0.05_s0.7_bias,3d96d897,0,2023.2037193029314,999
F_grdp_Hu0d0.15_a_v0.05_s0.7_bias,3d96d897,1,110.24252618004161,1000
F_grdp_Hu0d0.15_a_v0.05_s0.7_bias,3d96d897,2,2473.9768627487542,1000
F_grdp_Hu0d0.15_a_v0.05_s0.7_bias,3d96d897,3,517.509589790117,1000
F_grdp_Hu0d0.15_a_v0.05_s0.7_bias,3d96d897,4,40412.16336493481,1000
F_grdp_Hu0d0.15_a_v0.05_s0.7_bias,3d96d897,5,44921.01691122152,660
F_grdp_Hu0d0.15_a_v0.05_s0.7_bias,f8f59188,0,2319.311965209619,999
F_grdp_Hu0d0.15_a_v0.05_s0.7_bias,f8f59188,1,1683.919704489405,1000
F_grdp_Hu0d0.15_a_v0.05_s0.7_bias,f8f59188,2,7491.122157385746,1000
F_grdp_Hu0d0.15_a_v0.05_s0.7_bias,f8f59188,3,81488.61349772567,1000
F_grdp_Hu0d0.15_a_v0.05_s0.7_bias,f8f59188,4,7607.802497476302,808
F_grdp_Hu0d0.15_a_v0.05_s0.7_bias,d5df0ff5,0,208729.30362488367,999
F_grdp_Hu0d0.15_a_v0.05_s0.7_bias,d5df0ff5,1,271216.0367587577,1000
F_grdp_Hu0d0.15_a_v0.05_s0.7_bias,d5df0ff5,2,114402.29077060838,1000
F_grdp_Hu0d0.15_a_v0.05_s0.7_bias,d5df0ff5,3,169808.9995552054,1000
F_grdp_Hu0d0.15_a_v0.05_s0.7_bias,d5df0ff5,4,10458.535242762131,33
F_grdp_Hu0d0.15_a_v0.05_s0.7_bias,d40f61d5,0,36275.772480048465,999
F_grdp_Hu0d0.15_a_v0.05_s0.7_bias,d40f61d5,1,24127.992918075855,1000
F_grdp_Hu0d0.15_a_v0.05_s0.7_bias,d40f61d5,2,132699.40180671893,1000
F_grdp_Hu0d0.15_a_v0.05_s0.7_bias,d40f61d5,3,99476.72269711175,1000
F_grdp_Hu0d0.15_a_v0.05_s0.7_bias,d40f61d5,4,833.0082932600077,40
F_grdp_Hu0d0.15_a_v0.05_s0.7_bias,4654e7de,0,13656.257495860817,999
F_grdp_Hu0d0.15_a_v0.05_s0.7_bias,4654e7de,1,69206.48107287324,1000
F_grdp_Hu0d0.15_a_v0.05_s0.7_bias,4654e7de,2,61236.739976808,1000
F_grdp_Hu0d0.15_a_v0.05_s0.7_bias,4654e7de,3,4970.26838517168,1000
F_grdp_Hu0d0.15_a_v0.05_s0.7_bias,4654e7de,4,12856.645542242582,1000
F_grdp_Hu0d0.15_a_v0.05_s0.7_bias,4654e7de,5,3022.534157169584,374
F_grdp_Hu0d0.15_a_v0.05_s0.7_bias,0390d174,0,17259.99706881594,999
F_grdp_Hu0d0.15_a_v0.05_s0.7_bias,0390d174,1,1175.1106548433293,1000
F_grdp_Hu0d0.15_a_v0.05_s0.7_bias,0390d174,2,18960.043231163825,1000
F_grdp_Hu0d0.15_a_v0.05_s0.7_bias,0390d174,3,28074.167755529106,1000
F_grdp_Hu0d0.15_a_v0.05_s0.7_bias,0390d174,4,3059.5042083676694,412
F_grdp_Hu0d0.15_a_v0.05_s0.7_bias,577eec7c,0,105928.53315876283,999
F_grdp_Hu0d0.15_a_v0.05_s0.7_bias,577eec7c,1,230211.38730693934,1000
F_grdp_Hu0d0.15_a_v0.05_s0.7_bias,577eec7c,2,45780.11281517341,1000
F_grdp_Hu0d0.15_a_v0.05_s0.7_bias,577eec7c,3,36974.8422452009,1000
F_grdp_Hu0d0.15_a_v0.05_s0.7_bias,577eec7c,4,93287.04556304147,540
F_grdp_Hu0d0.15_a_v0.05_s0.7_bias,5138a660,0,27032.965016716727,999
F_grdp_Hu0d0.15_a_v0.05_s0.7_bias,5138a660,1,17962.14868765021,1000
F_grdp_Hu0d0.15_a_v0.05_s0.7_bias,5138a660,2,7462.4708075332555,1000
F_grdp_Hu0d0.15_a_v0.05_s0.7_bias,5138a660,3,13555.080843236054,560
F_grdp_Hu0d0.15_a_v0.05_s0.7_bias,2d196986,0,1648.266424026842,999
F_grdp_Hu0d0.15_a_v0.05_s0.7_bias,2d196986,1,40300.430889023344,1000
F_grdp_Hu0d0.15_a_v0.05_s0.7_bias,2d196986,2,23518.85059413389,1000
F_grdp_Hu0d0.15_a_v0.05_s0.7_bias,2d196986,3,52100.03621914079,1000
F_grdp_Hu0d0.15_a_v0.05_s0.7_bias,2d196986,4,25496.96768546622,1000
F_grdp_Hu0d0.15_a_v0.05_s0.7_bias,2d196986,5,25067.538057340418,1000
F_grdp_Hu0d0.15_a_v0.05_s0.7_bias,2d196986,6,11699.808355581466,475
F_grdp_Hu0d0.15_a_v0.05_s0.7_bias,ab94878e,0,1153.2175081060102,999
F_grdp_Hu0d0.15_a_v0.05_s0.7_bias,ab94878e,1,5007.347374812893,1000
F_grdp_Hu0d0.15_a_v0.05_s0.7_bias,ab94878e,2,45100.56189981603,1000
F_grdp_Hu0d0.15_a_v0.05_s0.7_bias,ab94878e,3,86472.90619946663,1000
F_grdp_Hu0d0.15_a_v0.05_s0.7_bias,ab94878e,4,51959.559983143365,1000
F_grdp_Hu0d0.15_a_v0.05_s0.7_bias,ab94878e,5,55555.63007464206,1000
F_grdp_Hu0d0.15_a_v0.05_s0.7_bias,ab94878e,6,49.252842865478186,5
F_grdp_Hu0d0.15_a_v0.05_s0.7_bias,1e30dedf,0,248351.57129727665,999
F_grdp_Hu0d0.15_a_v0.05_s0.7_bias,1e30dedf,1,227094.156939757,1000
F_grdp_Hu0d0.15_a_v0.05_s0.7_bias,1e30dedf,2,58323.201360422034,1000
F_grdp_Hu0d0.15_a_v0.05_s0.7_bias,1e30dedf,3,52328.422776511245,1000
F_grdp_Hu0d0.15_a_v0.05_s0.7_bias,1e30dedf,4,780.6896858257963,72
F_grdp_Hu0d0.15_a_v0.05_s0.7_bias,d217e0c5,0,3860.1917452019525,999
F_grdp_Hu0d0.15_a_v0.05_s0.7_bias,d217e0c5,1,435.2984599848198,1000
F_grdp_Hu0d0.15_a_v0.05_s0.7_bias,d217e0c5,2,29841.571298934585,1000
F_grdp_Hu0d0.15_a_v0.05_s0.7_bias,d217e0c5,3,261701.65969099346,839
F_grdp_Hu0d0.15_a_v0.05_s0.7_bias,59f8b2e8,0,2715.266880955282,999
F_grdp_Hu0d0.15_a_v0.05_s0.7_bias,59f8b2e8,1,50126.89531663492,1000
F_grdp_Hu0d0.15_a_v0.05_s0.7_bias,59f8b2e8,2,47767.77964045418,1000
F_grdp_Hu0d0.15_a_v0.05_s0.7_bias,59f8b2e8,3,4194.138817492524,748
F_grdp_Hu0d0.15_a_v0.05_s0.7_bias,504c8b08,0,27279.82299048471,999
F_grdp_Hu0d0.15_a_v0.05_s0.7_bias,504c8b08,1,49878.35071856339,1000
F_grdp_Hu0d0.15_a_v0.05_s0.7_bias,504c8b08,2,3980.5967489889485,1000
F_grdp_Hu0d0.15_a_v0.05_s0.7_bias,504c8b08,3,13360.793255070326,1000
F_grdp_Hu0d0.15_a_v0.05_s0.7_bias,504c8b08,4,27458.323384457137,1000
F_grdp_Hu0d0.15_a_v0.05_s0.7_bias,504c8b08,5,60394.2694912612,1000
F_grdp_Hu0d0.15_a_v0.05_s0.7_bias,504c8b08,6,31702.631307722702,368
F_grdp_Hu0d0.15_a_v0.05_s0.7_bias,a08d9e63,0,157169.91786375738,999
F_grdp_Hu0d0.15_a_v0.05_s0.7_bias,a08d9e63,1,443674.0936350994,1000
F_grdp_Hu0d0.15_a_v0.05_s0.7_bias,a08d9e63,2,444923.3353150274,1000
F_grdp_Hu0d0.15_a_v0.05_s0.7_bias,a08d9e63,3,63445.59173120486,686
F_grdp_Hu0d0.15_a_v0.05_s0.7_bias,1beca81d,0,346.9207267768061,999
F_grdp_Hu0d0.15_a_v0.05_s0.7_bias,1beca81d,1,7887.119888014238,1000
F_grdp_Hu0d0.15_a_v0.05_s0.7_bias,1beca81d,2,48875.55080924673,1000
F_grdp_Hu0d0.15_a_v0.05_s0.7_bias,1beca81d,3,174310.75752005362,1000
F_grdp_Hu0d0.15_a_v0.05_s0.7_bias,1beca81d,4,82032.36652377217,1000
F_grdp_Hu0d0.15_a_v0.05_s0.7_bias,1beca81d,5,31.81008313683924,37
F_grdp_Hu0d0.15_a_v0.05_s0.7_bias,eac10e86,0,121.21113718087962,999
F_grdp_Hu0d0.15_a_v0.05_s0.7_bias,eac10e86,1,398.0385411702631,1000
F_grdp_Hu0d0.15_a_v0.05_s0.7_bias,eac10e86,2,3308.0532131109644,1000
F_grdp_Hu0d0.15_a_v0.05_s0.7_bias,eac10e86,3,6478.399505749038,1000
F_grdp_Hu0d0.15_a_v0.05_s0.7_bias,eac10e86,4,24304.242156081116,1000
F_grdp_Hu0d0.15_a_v0.05_s0.7_bias,eac10e86,5,36352.0365558178,1000
F_grdp_Hu0d0.15_a_v0.05_s0.7_bias,eac10e86,6,5785.368663373593,68
F_grdp_Hu0d0.15_a_v0.05_s0.7_bias,efde6ac3,0,11248.41126955203,999
F_grdp_Hu0d0.15_a_v0.05_s0.7_bias,efde6ac3,1,38554.41613634992,1000
F_grdp_Hu0d0.15_a_v0.05_s0.7_bias,efde6ac3,2,20220.636395854923,1000
F_grdp_Hu0d0.15_a_v0.05_s0.7_bias,efde6ac3,3,167577.4761165673,1000
F_grdp_Hu0d0.15_a_v0.05_s0.7_bias,efde6ac3,4,124159.01467489614,560
F_grdp_Hu0d0.15_a_v0.05_s0.7_bias,9896fc0b,0,8284.36769782765,999
F_grdp_Hu0d0.15_a_v0.05_s0.7_bias,9896fc0b,1,9485.37951309864,1000
F_grdp_Hu0d0.15_a_v0.05_s0.7_bias,9896fc0b,2,86896.84955852997,1000
F_grdp_Hu0d0.15_a_v0.05_s0.7_bias,9896fc0b,3,579077.9673893239,596
F_grdp_Hu0d0.15_a_v0.05_s0.7_bias,24d8997e,0,2100.5336124509518,999
F_grdp_Hu0d0.15_a_v0.05_s0.7_bias,24d8997e,1,19696.049574803354,1000
F_grdp_Hu0d0.15_a_v0.05_s0.7_bias,24d8997e,2,2068.2045130452602,1000
F_grdp_Hu0d0.15_a_v0.05_s0.7_bias,24d8997e,3,253.83147725251487,443
F_grdp_Hu0d0.15_a_v0.05_s0.7_bias,9d072e4c,0,1548.055708696383,999
F_grdp_Hu0d0.15_a_v0.05_s0.7_bias,9d072e4c,1,6317.671352929596,1000
F_grdp_Hu0d0.15_a_v0.05_s0.7_bias,9d072e4c,2,8515.790615149404,1000
F_grdp_Hu0d0.15_a_v0.05_s0.7_bias,9d072e4c,3,7360.0023173744685,1000
F_grdp_Hu0d0.15_a_v0.05_s0.7_bias,9d072e4c,4,19163.703177137428,1000
F_grdp_Hu0d0.15_a_v0.05_s0.7_bias,9d072e4c,5,6489.901590112114,108
F_grdp_Hu0d0.15_a_v0.05_s0.7_bias,c03b9305,0,2338.1171403636135,999
F_grdp_Hu0d0.15_a_v0.05_s0.7_bias,c03b9305,1,43990.51841613325,1000
F_grdp_Hu0d0.15_a_v0.05_s0.7_bias,c03b9305,2,230700.19740863552,1000
F_grdp_Hu0d0.15_a_v0.05_s0.7_bias,c03b9305,3,142951.38395491664,1000
F_grdp_Hu0d0.15_a_v0.05_s0.7_bias,c03b9305,4,100322.09727238651,256
F_grdp_Hu0d0.15_a_v0.05_s0.7_bias,722cf0d8,0,50281.39212499747,999
F_grdp_Hu0d0.15_a_v0.05_s0.7_bias,722cf0d8,1,119510.79364405763,1000
F_grdp_Hu0d0.15_a_v0.05_s0.7_bias,722cf0d8,2,99834.69906898431,1000
F_grdp_Hu0d0.15_a_v0.05_s0.7_bias,722cf0d8,3,7055.483766036591,1000
F_grdp_Hu0d0.15_a_v0.05_s0.7_bias,722cf0d8,4,1152.1315499307345,1000
F_grdp_Hu0d0.15_a_v0.05_s0.7_bias,722cf0d8,5,20.38046061387151,144
F_grdp_Hu0d0.15_a_v0.05_s0.7_bias,25050f63,0,566527.0150000305,999
F_grdp_Hu0d0.15_a_v0.05_s0.7_bias,25050f63,1,726858.2851000483,1000
F_grdp_Hu0d0.15_a_v0.05_s0.7_bias,25050f63,2,1041510.8362000467,1000
F_grdp_Hu0d0.15_a_v0.05_s0.7_bias,25050f63,3,1861470.8546000125,1000
F_grdp_Hu0d0.15_a_v0.05_s0.7_bias,25050f63,4,1741443.859100034,1000
F_grdp_Hu0d0.15_a_v0.05_s0.7_bias,25050f63,5,1368402.0424000456,1000
F_grdp_Hu0d0.15_a_v0.05_s0.7_bias,25050f63,6,171000.05330000134,125
F_grdp_Hu0d0.15_a_v0.05_s0.7_bias,d90aa14c,0,12968.079055501374,999
F_grdp_Hu0d0.15_a_v0.05_s0.7_bias,d90aa14c,1,30375.60068126707,1000
F_grdp_Hu0d0.15_a_v0.05_s0.7_bias,d90aa14c,2,251111.05988658505,1000
F_grdp_Hu0d0.15_a_v0.05_s0.7_bias,d90aa14c,3,309642.90739203524,1000
F_grdp_Hu0d0.15_a_v0.05_s0.7_bias,d90aa14c,4,208101.30815516828,1000
F_grdp_Hu0d0.15_a_v0.05_s0.7_bias,d90aa14c,5,91620.9196896478,1000
F_grdp_Hu0d0.15_a_v0.05_s0.7_bias,d90aa14c,6,756920.1766151096,1000
F_grdp_Hu0d0.15_a_v0.05_s0.7_bias,d90aa14c,7,378649.81683630607,1000
F_grdp_Hu0d0.15_a_v0.05_s0.7_bias,d90aa14c,8,95324.81974489697,1000
F_grdp_Hu0d0.15_a_v0.05_s0.7_bias,d90aa14c,9,71307.1645216573,1000
F_grdp_Hu0d0.15_a_v0.05_s0.7_bias,d90aa14c,10,3324.3430491629265,19
F_grdp_Hu0d0.15_a_v0.05_s0.7_bias,dafc88c3,0,27776.003533879055,999
F_grdp_Hu0d0.15_a_v0.05_s0.7_bias,dafc88c3,1,14699.702522425689,1000
F_grdp_Hu0d0.15_a_v0.05_s0.7_bias,dafc88c3,2,1447.2115273922122,1000
F_grdp_Hu0d0.15_a_v0.05_s0.7_bias,dafc88c3,3,2967.038906907125,1000
F_grdp_Hu0d0.15_a_v0.05_s0.7_bias,dafc88c3,4,90335.89303427767,1000
F_grdp_Hu0d0.15_a_v0.05_s0.7_bias,dafc88c3,5,341071.7307077057,573
F_grdp_Hu0d0.15_a_v0.05_s0.7_bias,d1457cc5,0,26891.224699999446,999
F_grdp_Hu0d0.15_a_v0.05_s0.7_bias,d1457cc5,1,54978.19969999899,1000
F_grdp_Hu0d0.15_a_v0.05_s0.7_bias,d1457cc5,2,77602.71700000102,1000
F_grdp_Hu0d0.15_a_v0.05_s0.7_bias,d1457cc5,3,206147.1808000021,1000
F_grdp_Hu0d0.15_a_v0.05_s0.7_bias,d1457cc5,4,143713.57870000042,1000
F_grdp_Hu0d0.15_a_v0.05_s0.7_bias,d1457cc5,5,25426.888299999853,1000
F_grdp_Hu0d0.15_a_v0.05_s0.7_bias,d1457cc5,6,53736.99680000101,921
F_grdp_Hu0d0.15_a_v0.05_s0.7_bias,08fecf00,0,3308.444256308351,999
F_grdp_Hu0d0.15_a_v0.05_s0.7_bias,08fecf00,1,85209.82949222418,1000
F_grdp_Hu0d0.15_a_v0.05_s0.7_bias,08fecf00,2,43381.22241264856,1000
F_grdp_Hu0d0.15_a_v0.05_s0.7_bias,08fecf00,3,14796.02496435676,1000
F_grdp_Hu0d0.15_a_v0.05_s0.7_bias,08fecf00,4,54997.39058733539,1000
F_grdp_Hu0d0.15_a_v0.05_s0.7_bias,08fecf00,5,121971.11216337008,575
F_grdp_Hu0d0.15_a_v0.05_s0.7_bias,d7ba4f9d,0,1597.6896519980894,999
F_grdp_Hu0d0.15_a_v0.05_s0.7_bias,d7ba4f9d,1,7448.034526567454,1000
F_grdp_Hu0d0.15_a_v0.05_s0.7_bias,d7ba4f9d,2,26251.272173327423,1000
F_grdp_Hu0d0.15_a_v0.05_s0.7_bias,d7ba4f9d,3,183128.48061583855,1000
F_grdp_Hu0d0.15_a_v0.05_s0.7_bias,d7ba4f9d,4,188531.09016625857,1000
F_grdp_Hu0d0.15_a_v0.05_s0.7_bias,d7ba4f9d,5,126336.56868247992,1000
F_grdp_Hu0d0.15_a_v0.05_s0.7_bias,d7ba4f9d,6,1524.0047194828016,24
F_grdp_Hu0d0.15_a_v0.05_s0.7_bias,5aa403d0,0,29752.204261553197,999
F_grdp_Hu0d0.15_a_v0.05_s0.7_bias,5aa403d0,1,137934.67916657228,1000
F_grdp_Hu0d0.15_a_v0.05_s0.7_bias,5aa403d0,2,163473.04902641982,1000
F_grdp_Hu0d0.15_a_v0.05_s0.7_bias,5aa403d0,3,21507.563359770076,119
F_grdp_Hu0d0.15_a_v0.05_s0.7_bias,0dc5e64d,0,43961.26971028015,999
F_grdp_Hu0d0.15_a_v0.05_s0.7_bias,0dc5e64d,1,131070.30582476029,1000
F_grdp_Hu0d0.15_a_v0.05_s0.7_bias,0dc5e64d,2,37190.61554029654,1000
F_grdp_Hu0d0.15_a_v0.05_s0.7_bias,0dc5e64d,3,111179.73993583657,1000
F_grdp_Hu0d0.15_a_v0.05_s0.7_bias,0dc5e64d,4,858402.5372933495,880
F_grdp_Hu0d0.15_a_v0.05_s0.7_bias,940a48d9,0,19255.056304595906,999
F_grdp_Hu0d0.15_a_v0.05_s0.7_bias,940a48d9,1,6597.171298500279,1000
F_grdp_Hu0d0.15_a_v0.05_s0.7_bias,940a48d9,2,7693.200725071176,1000
F_grdp_Hu0d0.15_a_v0.05_s0.7_bias,940a48d9,3,40905.56977596715,964
F_grdp_Hu0d0.15_a_v0.05_s0.7_bias,3932faa6,0,41841.23548247795,999
F_grdp_Hu0d0.15_a_v0.05_s0.7_bias,3932faa6,1,614107.4631063176,1000
F_grdp_Hu0d0.15_a_v0.05_s0.7_bias,3932faa6,2,453549.17111375363,1000
F_grdp_Hu0d0.15_a_v0.05_s0.7_bias,3932faa6,3,13803.655302719162,1000
F_grdp_Hu0d0.15_a_v0.05_s0.7_bias,3932faa6,4,12670.30239616904,1000
F_grdp_Hu0d0.15_a_v0.05_s0.7_bias,3932faa6,5,45810.71041310762,453
F_grdp_Hu0d0.15_a_v0.05_s0.7_bias,c84c65be,0,15230.261126616659,999
F_grdp_Hu0d0.15_a_v0.05_s0.7_bias,c84c65be,1,25442.78822592456,1000
F_grdp_Hu0d0.15_a_v0.05_s0.7_bias,c84c65be,2,12957.380006637273,1000
F_grdp_Hu0d0.15_a_v0.05_s0.7_bias,c84c65be,3,182418.908735376,1000
F_grdp_Hu0d0.15_a_v0.05_s0.7_bias,c84c65be,4,341472.7154607376,1000
F_grdp_Hu0d0.15_a_v0.05_s0.7_bias,c84c65be,5,281514.30420892406,1000
F_grdp_Hu0d0.15_a_v0.05_s0.7_bias,c84c65be,6,61078.23401293854,1000
F_grdp_Hu0d0.15_a_v0.05_s0.7_bias,c84c65be,7,96487.40713610596,1000
F_grdp_Hu0d0.15_a_v0.05_s0.7_bias,c84c65be,8,28561.822616595393,497
F_grdp_Hu0d0.15_a_v0.05_s0.7_bias,86454a6f,0,220710.54969834053,999
F_grdp_Hu0d0.15_a_v0.05_s0.7_bias,86454a6f,1,1681304.1395906238,1000
F_grdp_Hu0d0.15_a_v0.05_s0.7_bias,86454a6f,2,1719109.7245535902,1000
F_grdp_Hu0d0.15_a_v0.05_s0.7_bias,86454a6f,3,3327532.3793689427,1000
F_grdp_Hu0d0.15_a_v0.05_s0.7_bias,86454a6f,4,1748800.3975393758,1000
F_grdp_Hu0d0.15_a_v0.05_s0.7_bias,86454a6f,5,2173840.3402977237,1000
F_grdp_Hu0d0.15_a_v0.05_s0.7_bias,86454a6f,6,2547313.9031114434,1000
F_grdp_Hu0d0.15_a_v0.05_s0.7_bias,86454a6f,7,2835465.3432851844,965
F_grdp_Hu0d0.15_a_v0.05_s0.7_bias,54a7e3c2,0,47179.91868530066,999
F_grdp_Hu0d0.15_a_v0.05_s0.7_bias,54a7e3c2,1,38374.62616552129,1000
F_grdp_Hu0d0.15_a_v0.05_s0.7_bias,54a7e3c2,2,5876.534449465239,1000
F_grdp_Hu0d0.15_a_v0.05_s0.7_bias,54a7e3c2,3,69070.34012209318,1000
F_grdp_Hu0d0.15_a_v0.05_s0.7_bias,54a7e3c2,4,166907.64257699167,1000
F_grdp_Hu0d0.15_a_v0.05_s0.7_bias,54a7e3c2,5,77747.14361419047,1000
F_grdp_Hu0d0.15_a_v0.05_s0.7_bias,54a7e3c2,6,11159.788457286377,156
F_grdp_Hu0d0.15_a_v0.05_s0.7_bias,ae069086,0,13423.802138816538,999
F_grdp_Hu0d0.15_a_v0.05_s0.7_bias,ae069086,1,28346.258737664357,1000
F_grdp_Hu0d0.15_a_v0.05_s0.7_bias,ae069086,2,196050.36469481667,1000
F_grdp_Hu0d0.15_a_v0.05_s0.7_bias,ae069086,3,22190.532769774956,1000
F_grdp_Hu0d0.15_a_v0.05_s0.7_bias,ae069086,4,2016.3282742537187,771
F_grdp_Hu0d0.15_a_v0.05_s0.7_bias,06df5958,0,33544.08411684307,999
F_grdp_Hu0d0.15_a_v0.05_s0.7_bias,06df5958,1,200623.41290393067,1000
F_grdp_Hu0d0.15_a_v0.05_s0.7_bias,06df5958,2,243883.6498821596,1000
F_grdp_Hu0d0.15_a_v0.05_s0.7_bias,06df5958,3,150927.2754213738,510
F_grdp_Hu0d0.15_a_v0.05_s0.7_bias,992c99e8,0,879.2434409904256,999
F_grdp_Hu0d0.15_a_v0.05_s0.7_bias,992c99e8,1,13347.402875616348,1000
F_grdp_Hu0d0.15_a_v0.05_s0.7_bias,992c99e8,2,16122.729941579468,1000
F_grdp_Hu0d0.15_a_v0.05_s0.7_bias,992c99e8,3,3084.8919473514493,1000
F_grdp_Hu0d0.15_a_v0.05_s0.7_bias,992c99e8,4,3657.689344177949,905
F_grdp_Hu0d0.15_a_v0.05_s0.7_bias,0955cd6c,0,927.411192204657,999
F_grdp_Hu0d0.15_a_v0.05_s0.7_bias,0955cd6c,1,8444.048952195764,1000
F_grdp_Hu0d0.15_a_v0.05_s0.7_bias,0955cd6c,2,3236.2375588441396,1000
F_grdp_Hu0d0.15_a_v0.05_s0.7_bias,0955cd6c,3,1436.43825004023,1000
F_grdp_Hu0d0.15_a_v0.05_s0.7_bias,0955cd6c,4,31222.76693971569,1000
F_grdp_Hu0d0.15_a_v0.05_s0.7_bias,0955cd6c,5,14925.265770038837,196
F_grdp_Hu0d0.15_a_v0.05_s0.7_bias,8d92cb49,0,671.7409097828277,999
F_grdp_Hu0d0.15_a_v0.05_s0.7_bias,8d92cb49,1,37056.11337832735,1000
F_grdp_Hu0d0.15_a_v0.05_s0.7_bias,8d92cb49,2,86034.51674334361,1000
F_grdp_Hu0d0.15_a_v0.05_s0.7_bias,8d92cb49,3,141951.52246524216,590
F_grdp_Hu0d0.15_a_v0.05_s0.7_bias,77e4821c,0,22363.0991590601,999
F_grdp_Hu0d0.15_a_v0.05_s0.7_bias,77e4821c,1,48017.690798647396,1000
F_grdp_Hu0d0.15_a_v0.05_s0.7_bias,77e4821c,2,186965.66750297433,1000
F_grdp_Hu0d0.15_a_v0.05_s0.7_bias,77e4821c,3,256872.92740810092,1000
F_grdp_Hu0d0.15_a_v0.05_s0.7_bias,77e4821c,4,802091.6652321114,1000
F_grdp_Hu0d0.15_a_v0.05_s0.7_bias,77e4821c,5,150509.6303807793,394
F_grdp_Hu0d0.15_a_v0.05_s0.7_bias,7b2c7b3c,0,625.8434482433678,999
F_grdp_Hu0d0.15_a_v0.05_s0.7_bias,7b2c7b3c,1,9662.780558293714,1000
F_grdp_Hu0d0.15_a_v0.05_s0.7_bias,7b2c7b3c,2,20322.030732505,585
F_grdp_Hu0d0.15_a_v0.05_s0.7_bias,ab18d3fc,0,55876.40527029818,999
F_grdp_Hu0d0.15_a_v0.05_s0.7_bias,ab18d3fc,1,45753.189456018896,1000
F_grdp_Hu0d0.15_a_v0.05_s0.7_bias,ab18d3fc,2,39782.147650932675,1000
F_grdp_Hu0d0.15_a_v0.05_s0.7_bias,ab18d3fc,3,85247.85918063857,1000
F_grdp_Hu0d0.15_a_v0.05_s0.7_bias,ab18d3fc,4,103821.50364561853,1000
F_grdp_Hu0d0.15_a_v0.05_s0.7_bias,ab18d3fc,5,213588.85203075683,695
F_grdp_Hu0d0.15_a_v0.05_s0.7_bias,84815d5a,0,4801.924396960868,999
F_grdp_Hu0d0.15_a_v0.05_s0.7_bias,84815d5a,1,67307.53098032463,1000
F_grdp_Hu0d0.15_a_v0.05_s0.7_bias,84815d5a,2,16922.58349521804,1000
F_grdp_Hu0d0.15_a_v0.05_s0.7_bias,84815d5a,3,52371.23377133544,648
F_grdp_Hu0d0.15_a_v0.05_s0.7_bias,0498acab,0,3953.634813657279,999
F_grdp_Hu0d0.15_a_v0.05_s0.7_bias,0498acab,1,50483.365027778724,1000
F_grdp_Hu0d0.15_a_v0.05_s0.7_bias,0498acab,2,15094.285557857878,1000
F_grdp_Hu0d0.15_a_v0.05_s0.7_bias,0498acab,3,75943.77227287475,1000
F_grdp_Hu0d0.15_a_v0.05_s0.7_bias,0498acab,4,41033.77115180086,799
F_grdp_Hu0d0.15_a_v0.05_s0.7_bias,ea0b99b7,0,139121.91049781846,999
F_grdp_Hu0d0.15_a_v0.05_s0.7_bias,ea0b99b7,1,42913.490188584736,1000
F_grdp_Hu0d0.15_a_v0.05_s0.7_bias,ea0b99b7,2,54811.63167910885,1000
F_grdp_Hu0d0.15_a_v0.05_s0.7_bias,ea0b99b7,3,184965.60117550156,1000
F_grdp_Hu0d0.15_a_v0.05_s0.7_bias,ea0b99b7,4,176207.72999187722,1000
F_grdp_Hu0d0.15_a_v0.05_s0.7_bias,ea0b99b7,5,36718.98251894234,1000
F_grdp_Hu0d0.15_a_v0.05_s0.7_bias,ea0b99b7,6,92188.76130793866,1000
F_grdp_Hu0d0.15_a_v0.05_s0.7_bias,ea0b99b7,7,194699.7807760573,1000
F_grdp_Hu0d0.15_a_v0.05_s0.7_bias,ea0b99b7,8,65790.35107970715,1000
F_grdp_Hu0d0.15_a_v0.05_s0.7_bias,ea0b99b7,9,20272.409776172182,240
F_grdp_Hu0d0.15_a_v0.05_s0.7_bias,71642c7d,0,57583.62286034484,999
F_grdp_Hu0d0.15_a_v0.05_s0.7_bias,71642c7d,1,267365.84487070673,1000
F_grdp_Hu0d0.15_a_v0.05_s0.7_bias,71642c7d,2,141831.35877616057,1000
F_grdp_Hu0d0.15_a_v0.05_s0.7_bias,71642c7d,3,135239.5125629787,1000
F_grdp_Hu0d0.15_a_v0.05_s0.7_bias,71642c7d,4,12993.398544587508,649
F_grdp_Hu0d0.15_a_v0.05_s0.7_bias,44441e54,0,263.9015034903255,999
F_grdp_Hu0d0.15_a_v0.05_s0.7_bias,44441e54,1,964.3202386746815,1000
F_grdp_Hu0d0.15_a_v0.05_s0.7_bias,44441e54,2,416.71855638166454,1000
F_grdp_Hu0d0.15_a_v0.05_s0.7_bias,44441e54,3,94990.81844485912,1000
F_grdp_Hu0d0.15_a_v0.05_s0.7_bias,44441e54,4,32173.42899074361,358
F_grdp_Hu0d0.15_a_v0.05_s0.7_bias,8f201368,0,13604.862357149983,999
F_grdp_Hu0d0.15_a_v0.05_s0.7_bias,8f201368,1,23548.164202496664,1000
F_grdp_Hu0d0.15_a_v0.05_s0.7_bias,8f201368,2,1453.5446018452326,1000
F_grdp_Hu0d0.15_a_v0.05_s0.7_bias,8f201368,3,28540.63207808059,1000
F_grdp_Hu0d0.15_a_v0.05_s0.7_bias,8f201368,4,15990.791168192394,1000
F_grdp_Hu0d0.15_a_v0.05_s0.7_bias,8f201368,5,24376.28291414344,1000
F_grdp_Hu0d0.15_a_v0.05_s0.7_bias,8f201368,6,24274.48066189324,350
F_grdp_Hu0d0.15_a_v0.05_s0.7_bias,1550491d,0,12865.35496952331,999
F_grdp_Hu0d0.15_a_v0.05_s0.7_bias,1550491d,1,156505.2398614661,1000
F_grdp_Hu0d0.15_a_v0.05_s0.7_bias,1550491d,2,67454.80717319051,1000
F_grdp_Hu0d0.15_a_v0.05_s0.7_bias,1550491d,3,9144.838162716685,1000
F_grdp_Hu0d0.15_a_v0.05_s0.7_bias,1550491d,4,24841.21864671811,564
F_grdp_Hu0d0.15_a_v0.05_s0.7_bias,f49fdea3,0,51833.064819129475,999
F_grdp_Hu0d0.15_a_v0.05_s0.7_bias,f49fdea3,1,65537.28070482155,1000
F_grdp_Hu0d0.15_a_v0.05_s0.7_bias,f49fdea3,2,20710.763615847387,1000
F_grdp_Hu0d0.15_a_v0.05_s0.7_bias,f49fdea3,3,166485.49345296173,1000
F_grdp_Hu0d0.15_a_v0.05_s0.7_bias,f49fdea3,4,407885.4796457989,1000
F_grdp_Hu0d0.15_a_v0.05_s0.7_bias,f49fdea3,5,112325.80610964212,392
F_grdp_Hu0d0.15_a_v0.05_s0.7_bias,9c8375f7,0,12177.995246188893,999
F_grdp_Hu0d0.15_a_v0.05_s0.7_bias,9c8375f7,1,183261.47515433902,1000
F_grdp_Hu0d0.15_a_v0.05_s0.7_bias,9c8375f7,2,64150.13298339457,1000
F_grdp_Hu0d0.15_a_v0.05_s0.7_bias,9c8375f7,3,104227.95324924191,675
F_grdp_Hu0d0.15_a_v0.05_s0.7_bias,43e16325,0,9340.077932272241,999
F_grdp_Hu0d0.15_a_v0.05_s0.7_bias,43e16325,1,21821.38785376727,1000
F_grdp_Hu0d0.15_a_v0.05_s0.7_bias,43e16325,2,359529.74220738903,1000
F_grdp_Hu0d0.15_a_v0.05_s0.7_bias,43e16325,3,743154.9832607022,721
F_grdp_Hu0d0.15_a_v0.05_s0.7_bias,0849b4e2,0,44581.44334570994,999
F_grdp_Hu0d0.15_a_v0.05_s0.7_bias,0849b4e2,1,114826.35154198254,1000
F_grdp_Hu0d0.15_a_v0.05_s0.7_bias,0849b4e2,2,17541.282442257474,1000
F_grdp_Hu0d0.15_a_v0.05_s0.7_bias,0849b4e2,3,62697.637527946055,1000
F_grdp_Hu0d0.15_a_v0.05_s0.7_bias,0849b4e2,4,490636.8047629778,1000
F_grdp_Hu0d0.15_a_v0.05_s0.7_bias,0849b4e2,5,469006.5574438787,538
F_grdp_Hu0d0.15_a_v0.05_s0.7_bias,3690a146,0,41181.03612000542,999
F_grdp_Hu0d0.15_a_v0.05_s0.7_bias,3690a146,1,28585.61279409358,1000
F_grdp_Hu0d0.15_a_v0.05_s0.7_bias,3690a146,2,1786.069692245913,1000
F_grdp_Hu0d0.15_a_v0.05_s0.7_bias,3690a146,3,93.38395248398425,1000
F_grdp_Hu0d0.15_a_v0.05_s0.7_bias,3690a146,4,12.836875700238116,74
F_grdp_Hu0d0.15_a_v0.05_s0.7_bias,a0e92ed6,0,14397.789780566578,999
F_grdp_Hu0d0.15_a_v0.05_s0.7_bias,a0e92ed6,1,1921.8808482433285,1000
F_grdp_Hu0d0.15_a_v0.05_s0.7_bias,a0e92ed6,2,17016.571522921484,1000
F_grdp_Hu0d0.15_a_v0.05_s0.7_bias,a0e92ed6,3,10001.550229561719,1000
F_grdp_Hu0d0.15_a_v0.05_s0.7_bias,a0e92ed6,4,50113.702431575235,898
F_grdp_Hu0d0.15_a_v0.05_s0.7_bias,a15bc102,0,6986.539434368818,999
F_grdp_Hu0d0.15_a_v0.05_s0.7_bias,a15bc102,1,26653.779655254042,1000
F_grdp_Hu0d0.15_a_v0.05_s0.7_bias,a15bc102,2,17195.689492383888,1000
F_grdp_Hu0d0.15_a_v0.05_s0.7_bias,a15bc102,3,3295.5736994026656,237
F_grdp_Hu0d0.15_a_v0.05_s0.7_bias,69c1bdad,0,10613.708154011323,999
F_grdp_Hu0d0.15_a_v0.05_s0.7_bias,69c1bdad,1,28215.175324995143,1000
F_grdp_Hu0d0.15_a_v0.05_s0.7_bias,69c1bdad,2,28517.737762175915,715
F_grdp_Hu0d0.15_a_v0.05_s0.7_bias,f88ddb26,0,46386.61024307922,999
F_grdp_Hu0d0.15_a_v0.05_s0.7_bias,f88ddb26,1,31721.33484317619,1000
F_grdp_Hu0d0.15_a_v0.05_s0.7_bias,f88ddb26,2,402526.59766250406,1000
F_grdp_Hu0d0.15_a_v0.05_s0.7_bias,f88ddb26,3,186666.77031065477,1000
F_grdp_Hu0d0.15_a_v0.05_s0.7_bias,f88ddb26,4,72851.12628244873,991
F_grdp_Hu0d0.15_a_v0.05_s0.7_bias,c1708b88,0,6661.266411366399,999
F_grdp_Hu0d0.15_a_v0.05_s0.7_bias,c1708b88,1,22978.064566260826,1000
F_grdp_Hu0d0.15_a_v0.05_s0.7_bias,c1708b88,2,515849.18532752356,1000
F_grdp_Hu0d0.15_a_v0.05_s0.7_bias,c1708b88,3,277815.8657883007,1000
F_grdp_Hu0d0.15_a_v0.05_s0.7_bias,c1708b88,4,217615.9574527921,1000
F_grdp_Hu0d0.15_a_v0.05_s0.7_bias,c1708b88,5,473753.45089279645,1000
F_grdp_Hu0d0.15_a_v0.05_s0.7_bias,c1708b88,6,93019.09170923046,316
F_grdp_Hu0d0.15_a_v0.05_s0.7_bias,71ccf778,0,10176.36171080394,999
F_grdp_Hu0d0.15_a_v0.05_s0.7_bias,71ccf778,1,39036.7471738509,1000
F_grdp_Hu0d0.15_a_v0.05_s0.7_bias,71ccf778,2,15664.203540612689,699
F_grdp_Hu0d0.15_a_v0.05_s0.7_bias,1a68190b,0,48189.286465973484,999
F_grdp_Hu0d0.15_a_v0.05_s0.7_bias,1a68190b,1,371119.5067010249,1000
F_grdp_Hu0d0.15_a_v0.05_s0.7_bias,1a68190b,2,309992.9185635663,1000
F_grdp_Hu0d0.15_a_v0.05_s0.7_bias,1a68190b,3,4392.933890407618,1000
F_grdp_Hu0d0.15_a_v0.05_s0.7_bias,1a68190b,4,7290.855312200555,475
F_grdp_Hu0d0.15_a_v0.05_s0.7_bias,1aaf1da0,0,1003.7605502915503,999
F_grdp_Hu0d0.15_a_v0.05_s0.7_bias,1aaf1da0,1,12733.3153498397,1000
F_grdp_Hu0d0.15_a_v0.05_s0.7_bias,1aaf1da0,2,189342.2091108198,1000
F_grdp_Hu0d0.15_a_v0.05_s0.7_bias,1aaf1da0,3,28984.019732507015,1000
F_grdp_Hu0d0.15_a_v0.05_s0.7_bias,1aaf1da0,4,64003.38070009809,805
F_grdp_Hu0d0.15_a_v0.05_s0.7_bias,015fe0d2,0,6536.841085195335,999
F_grdp_Hu0d0.15_a_v0.05_s0.7_bias,015fe0d2,1,97105.71675619924,1000
F_grdp_Hu0d0.15_a_v0.05_s0.7_bias,015fe0d2,2,467133.55175293674,1000
F_grdp_Hu0d0.15_a_v0.05_s0.7_bias,015fe0d2,3,212037.03161928407,1000
F_grdp_Hu0d0.15_a_v0.05_s0.7_bias,015fe0d2,4,29982.374315855275,297
F_grdp_Hu0d0.15_a_v0.05_s0.7_bias,d4f60a28,0,32097.14059202602,999
F_grdp_Hu0d0.15_a_v0.05_s0.7_bias,d4f60a28,1,56647.125187399586,1000
F_grdp_Hu0d0.15_a_v0.05_s0.7_bias,d4f60a28,2,77436.65563494254,1000
F_grdp_Hu0d0.15_a_v0.05_s0.7_bias,d4f60a28,3,95435.9969873478,1000
F_grdp_Hu0d0.15_a_v0.05_s0.7_bias,d4f60a28,4,161598.8297326564,502
F_grdp_Hu0d0.15_a_v0.05_s0.7_bias,060ab2b8,0,13720.403099997062,999
F_grdp_Hu0d0.15_a_v0.05_s0.7_bias,060ab2b8,1,8176.716499998586,1000
F_grdp_Hu0d0.15_a_v0.05_s0.7_bias,060ab2b8,2,27455.90999999355,1000
F_grdp_Hu0d0.15_a_v0.05_s0.7_bias,060ab2b8,3,54179.540899996275,1000
F_grdp_Hu0d0.15_a_v0.05_s0.7_bias,060ab2b8,4,44132.25880000383,1000
F_grdp_Hu0d0.15_a_v0.05_s0.7_bias,060ab2b8,5,143008.2541999895,1000
F_grdp_Hu0d0.15_a_v0.05_s0.7_bias,060ab2b8,6,62345.42169999596,259
F_grdp_Hu0d0.15_a_v0.05_s0.7_bias,e85074c5,0,61894.805104490544,999
F_grdp_Hu0d0.15_a_v0.05_s0.7_bias,e85074c5,1,130066.32678339114,1000
F_grdp_Hu0d0.15_a_v0.05_s0.7_bias,e85074c5,2,175098.4811166394,1000
F_grdp_Hu0d0.15_a_v0.05_s0.7_bias,e85074c5,3,212211.25701899003,1000
F_grdp_Hu0d0.15_a_v0.05_s0.7_bias,e85074c5,4,194477.38171988213,1000
F_grdp_Hu0d0.15_a_v0.05_s0.7_bias,e85074c5,5,126608.64947554172,676
F_grdp_Hu0d0.15_a_v0.05_s0.7_bias,eba6605e,0,101383.76598135795,999
F_grdp_Hu0d0.15_a_v0.05_s0.7_bias,eba6605e,1,8285.256136321803,1000
F_grdp_Hu0d0.15_a_v0.05_s0.7_bias,eba6605e,2,2562.890163505574,1000
F_grdp_Hu0d0.15_a_v0.05_s0.7_bias,eba6605e,3,76150.4263368387,1000
F_grdp_Hu0d0.15_a_v0.05_s0.7_bias,eba6605e,4,35421.48477914482,411
F_grdp_Hu0d0.15_a_v0.05_s0.7_bias,1fdbba44,0,1636.2342683052193,999
F_grdp_Hu0d0.15_a_v0.05_s0.7_bias,1fdbba44,1,3124.360262110034,1000
F_grdp_Hu0d0.15_a_v0.05_s0.7_bias,1fdbba44,2,7472.072479594905,1000
F_grdp_Hu0d0.15_a_v0.05_s0.7_bias,1fdbba44,3,11374.354530346456,1000
F_grdp_Hu0d0.15_a_v0.05_s0.7_bias,1fdbba44,4,31384.153431227347,912
F_grdp_Hu0d0.15_a_v0.05_s0.7_bias,e4726608,0,10747.225736003307,999
F_grdp_Hu0d0.15_a_v0.05_s0.7_bias,e4726608,1,4590.313203498858,1000
F_grdp_Hu0d0.15_a_v0.05_s0.7_bias,e4726608,2,2203.0031329812923,1000
F_grdp_Hu0d0.15_a_v0.05_s0.7_bias,e4726608,3,1485.8565026055621,1000
F_grdp_Hu0d0.15_a_v0.05_s0.7_bias,e4726608,4,11218.272260113828,734
F_grdp_Hu0d0.15_a_v0.05_s0.7_bias,5def1ce5,0,50033.37924441661,999
F_grdp_Hu0d0.15_a_v0.05_s0.7_bias,5def1ce5,1,155359.0217267608,1000
F_grdp_Hu0d0.15_a_v0.05_s0.7_bias,5def1ce5,2,164768.71709653945,1000
F_grdp_Hu0d0.15_a_v0.05_s0.7_bias,5def1ce5,3,10497.57023953684,1000
F_grdp_Hu0d0.15_a_v0.05_s0.7_bias,5def1ce5,4,120598.88875714065,1000
F_grdp_Hu0d0.15_a_v0.05_s0.7_bias,5def1ce5,5,68627.34067277992,1000
F_grdp_Hu0d0.15_a_v0.05_s0.7_bias,5def1ce5,6,65977.71624475192,444
F_grdp_Hu0d0.15_a_v0.05_s0.7_bias,bcebcc5f,0,2974.6397332167257,999
F_grdp_Hu0d0.15_a_v0.05_s0.7_bias,bcebcc5f,1,4406.232197183224,1000
F_grdp_Hu0d0.15_a_v0.05_s0.7_bias,bcebcc5f,2,5415.4449508638645,1000
F_grdp_Hu0d0.15_a_v0.05_s0.7_bias,bcebcc5f,3,4131.63587217629,1000
F_grdp_Hu0d0.15_a_v0.05_s0.7_bias,bcebcc5f,4,987.9204968232982,1000
F_grdp_Hu0d0.15_a_v0.05_s0.7_bias,bcebcc5f,5,5126.5488445346155,1000
F_grdp_Hu0d0.15_a_v0.05_s0.7_bias,bcebcc5f,6,940.057037379629,259
F_grdp_Hu0d0.15_a_v0.05_s0.7_bias,833af382,0,46415.1705830754,999
F_grdp_Hu0d0.15_a_v0.05_s0.7_bias,833af382,1,31205.469681218452,1000
F_grdp_Hu0d0.15_a_v0.05_s0.7_bias,833af382,2,92834.95886453395,1000
F_grdp_Hu0d0.15_a_v0.05_s0.7_bias,833af382,3,10286.91620349009,629
F_grdp_Hu0d0.15_a_v0.05_s0.7_bias,c9e980e8,0,10920.69311070608,999
F_grdp_Hu0d0.15_a_v0.05_s0.7_bias,c9e980e8,1,9456.155125894447,1000
F_grdp_Hu0d0.15_a_v0.05_s0.7_bias,c9e980e8,2,12231.09587553057,1000
F_grdp_Hu0d0.15_a_v0.05_s0.7_bias,c9e980e8,3,83190.97618174934,1000
F_grdp_Hu0d0.15_a_v0.05_s0.7_bias,c9e980e8,4,36688.56518436273,360
F_grdp_Hu0d0.15_a_v0.05_s0.7_bias,94d813a4,0,545.0096415782065,999
F_grdp_Hu0d0.15_a_v0.05_s0.7_bias,94d813a4,1,105350.16505457621,1000
F_grdp_Hu0d0.15_a_v0.05_s0.7_bias,94d813a4,2,284664.9665963016,1000
F_grdp_Hu0d0.15_a_v0.05_s0.7_bias,94d813a4,3,809539.5119102849,1000
F_grdp_Hu0d0.15_a_v0.05_s0.7_bias,94d813a4,4,518750.8611851818,848
F_grdp_Hu0d0.15_a_v0.05_s0.7_bias,481de5fc,0,30788.88418987047,999
F_grdp_Hu0d0.15_a_v0.05_s0.7_bias,481de5fc,1,122378.9836347566,1000
F_grdp_Hu0d0.15_a_v0.05_s0.7_bias,481de5fc,2,118020.70901476748,1000
F_grdp_Hu0d0.15_a_v0.05_s0.7_bias,481de5fc,3,109254.8382042057,1000
F_grdp_Hu0d0.15_a_v0.05_s0.7_bias,481de5fc,4,76990.80698577959,1000
F_grdp_Hu0d0.15_a_v0.05_s0.7_bias,481de5fc,5,45420.205965342386,953
F_grdp_Hu0d0.15_a_v0.05_s0.7_bias,861e71df,0,553153.1293182961,999
F_grdp_Hu0d0.15_a_v0.05_s0.7_bias,861e71df,1,34839.41647305892,1000
F_grdp_Hu0d0.15_a_v0.05_s0.7_bias,861e71df,2,155977.73937445262,1000
F_grdp_Hu0d0.15_a_v0.05_s0.7_bias,861e71df,3,297460.9201919247,1000
F_grdp_Hu0d0.15_a_v0.05_s0.7_bias,861e71df,4,164057.23970126698,701
F_grdp_Hu0d0.15_a_v0.05_s0.7_bias,d50c649a,0,72786.41238117953,999
F_grdp_Hu0d0.15_a_v0.05_s0.7_bias,d50c649a,1,98599.03879586258,1000
F_grdp_Hu0d0.15_a_v0.05_s0.7_bias,d50c649a,2,138977.81482644868,1000
F_grdp_Hu0d0.15_a_v0.05_s0.7_bias,d50c649a,3,196009.71398932373,1000
F_grdp_Hu0d0.15_a_v0.05_s0.7_bias,d50c649a,4,38312.12319109562,874
F_grdp_Hu0d0.15_a_v0.05_s0.7_bias,fcfcc902,0,15952.797499575765,999
F_grdp_Hu0d0.15_a_v0.05_s0.7_bias,fcfcc902,1,62758.09551150628,1000
F_grdp_Hu0d0.15_a_v0.05_s0.7_bias,fcfcc902,2,7075.197900282165,792
F_grdp_Hu0d0.15_a_v0.05_s0.7_bias,173ed841,0,11185.027296373662,999
F_grdp_Hu0d0.15_a_v0.05_s0.7_bias,173ed841,1,293596.6865989195,1000
F_grdp_Hu0d0.15_a_v0.05_s0.7_bias,173ed841,2,477694.8013063639,1000
F_grdp_Hu0d0.15_a_v0.05_s0.7_bias,173ed841,3,627721.2988438125,1000
F_grdp_Hu0d0.15_a_v0.05_s0.7_bias,173ed841,4,447837.1301047785,884
F_grdp_Hu0d0.15_a_v0.05_s0.7_bias,9b9e3b49,0,17873.03468618941,999
F_grdp_Hu0d0.15_a_v0.05_s0.7_bias,9b9e3b49,1,1398.9043876598655,1000
F_grdp_Hu0d0.15_a_v0.05_s0.7_bias,9b9e3b49,2,12617.76294254886,1000
F_grdp_Hu0d0.15_a_v0.05_s0.7_bias,9b9e3b49,3,46755.08345549938,1000
F_grdp_Hu0d0.15_a_v0.05_s0.7_bias,9b9e3b49,4,36976.77073034487,1000
F_grdp_Hu0d0.15_a_v0.05_s0.7_bias,9b9e3b49,5,4392.468467621155,119
F_grdp_Hu0d0.15_a_v0.05_s0.7_bias,2be5c96a,0,20568.68526774859,999
F_grdp_Hu0d0.15_a_v0.05_s0.7_bias,2be5c96a,1,35808.138745926815,1000
F_grdp_Hu0d0.15_a_v0.05_s0.7_bias,2be5c96a,2,45396.66261372525,1000
F_grdp_Hu0d0.15_a_v0.05_s0.7_bias,2be5c96a,3,114927.3997404388,1000
F_grdp_Hu0d0.15_a_v0.05_s0.7_bias,2be5c96a,4,4593.517148277149,211
F_grdp_Hu0d0.15_a_v0.05_s0.7_bias,9dede370,0,1540.9808299252416,999
F_grdp_Hu0d0.15_a_v0.05_s0.7_bias,9dede370,1,40680.40495419774,1000
F_grdp_Hu0d0.15_a_v0.05_s0.7_bias,9dede370,2,13020.880496147312,1000
F_grdp_Hu0d0.15_a_v0.05_s0.7_bias,9dede370,3,156950.05467295094,1000
F_grdp_Hu0d0.15_a_v0.05_s0.7_bias,9dede370,4,216653.3029155367,1000
F_grdp_Hu0d0.15_a_v0.05_s0.7_bias,9dede370,5,197377.99743145172,1000
F_grdp_Hu0d0.15_a_v0.05_s0.7_bias,9dede370,6,147797.6707672114,298
F_grdp_Hu0d0.15_a_v0.05_s0.7_bias,2fe023be,0,41517.19349075315,999
F_grdp_Hu0d0.15_a_v0.05_s0.7_bias,2fe023be,1,200845.69782946794,1000
F_grdp_Hu0d0.15_a_v0.05_s0.7_bias,2fe023be,2,165019.82995766134,1000
F_grdp_Hu0d0.15_a_v0.05_s0.7_bias,2fe023be,3,15621.215971151243,1000
F_grdp_Hu0d0.15_a_v0.05_s0.7_bias,2fe023be,4,3912.3226822395036,222
F_grdp_Hu0d0.15_a_v0.05_s0.7_bias,ac6f01d5,0,2066.6309266367402,999
F_grdp_Hu0d0.15_a_v0.05_s0.7_bias,ac6f01d5,1,405624.0212618468,1000
F_grdp_Hu0d0.15_a_v0.05_s0.7_bias,ac6f01d5,2,41914.04724626739,1000
F_grdp_Hu0d0.15_a_v0.05_s0.7_bias,ac6f01d5,3,6550.285870928567,1000
F_grdp_Hu0d0.15_a_v0.05_s0.7_bias,ac6f01d5,4,53003.94241807377,1000
F_grdp_Hu0d0.15_a_v0.05_s0.7_bias,ac6f01d5,5,279.633046254036,5
F_grdp_Hu0d0.15_a_v0.05_s0.7_bias,ff0aea78,0,82937.45646232723,999
F_grdp_Hu0d0.15_a_v0.05_s0.7_bias,ff0aea78,1,235086.98906983796,1000
F_grdp_Hu0d0.15_a_v0.05_s0.7_bias,ff0aea78,2,130132.56786353496,1000
F_grdp_Hu0d0.15_a_v0.05_s0.7_bias,ff0aea78,3,33740.28487526136,262
F_grdp_Hu0d0.15_a_v0.05_s0.7_bias,0bbf5e67,0,274.7628283398607,999
F_grdp_Hu0d0.15_a_v0.05_s0.7_bias,0bbf5e67,1,6211.253169860698,1000
F_grdp_Hu0d0.15_a_v0.05_s0.7_bias,0bbf5e67,2,194.04762833494485,1000
F_grdp_Hu0d0.15_a_v0.05_s0.7_bias,0bbf5e67,3,4461.230330337778,1000
F_grdp_Hu0d0.15_a_v0.05_s0.7_bias,0bbf5e67,4,2257.026360925064,299
F_grdp_Hu0d0.15_a_v0.05_s0.7_bias,53134831,0,81936.09707429018,999
F_grdp_Hu0d0.15_a_v0.05_s0.7_bias,53134831,1,185440.3556617528,1000
F_grdp_Hu0d0.15_a_v0.05_s0.7_bias,53134831,2,290577.74387338926,1000
F_grdp_Hu0d0.15_a_v0.05_s0.7_bias,53134831,3,389555.8063845097,1000
F_grdp_Hu0d0.15_a_v0.05_s0.7_bias,53134831,4,210997.24708442434,1000
F_grdp_Hu0d0.15_a_v0.05_s0.7_bias,53134831,5,21178.246223778246,127
F_grdp_Hu0d0.15_a_v0.05_s0.7_bias,84c3b497,0,34342.085998055496,999
F_grdp_Hu0d0.15_a_v0.05_s0.7_bias,84c3b497,1,274751.4132935599,1000
F_grdp_Hu0d0.15_a_v0.05_s0.7_bias,84c3b497,2,136993.62490168575,1000
F_grdp_Hu0d0.15_a_v0.05_s0.7_bias,84c3b497,3,63175.396428856904,1000
F_grdp_Hu0d0.15_a_v0.05_s0.7_bias,84c3b497,4,62737.61464087372,1000
F_grdp_Hu0d0.15_a_v0.05_s0.7_bias,84c3b497,5,6100.838350217441,313
F_grdp_Hu0d0.15_a_v0.05_s0.7_bias,bb682ebd,0,4194.402443885613,999
F_grdp_Hu0d0.15_a_v0.05_s0.7_bias,bb682ebd,1,26059.475276895588,1000
F_grdp_Hu0d0.15_a_v0.05_s0.7_bias,bb682ebd,2,327794.2083441454,1000
F_grdp_Hu0d0.15_a_v0.05_s0.7_bias,bb682ebd,3,482194.3758386745,1000
F_grdp_Hu0d0.15_a_v0.05_s0.7_bias,bb682ebd,4,84305.67886115835,140
F_grdp_Hu0d0.15_a_v0.05_s0.7_bias,d924e971,0,27872.385744077867,999
F_grdp_Hu0d0.15_a_v0.05_s0.7_bias,d924e971,1,336588.4330519651,1000
F_grdp_Hu0d0.15_a_v0.05_s0.7_bias,d924e971,2,1556893.4582175724,1000
F_grdp_Hu0d0.15_a_v0.05_s0.7_bias,d924e971,3,484066.37132644345,185
F_grdp_Hu0d0.15_a_v0.05_s0.7_bias,62569ae3,0,67687.28608066443,999
F_grdp_Hu0d0.15_a_v0.05_s0.7_bias,62569ae3,1,11308.038794130955,1000
F_grdp_Hu0d0.15_a_v0.05_s0.7_bias,62569ae3,2,103454.31078729169,1000
F_grdp_Hu0d0.15_a_v0.05_s0.7_bias,62569ae3,3,147504.82910793126,589
F_grdp_Hu0d0.15_a_v0.05_s0.7_bias,a0b83014,0,327.3922332296865,999
F_grdp_Hu0d0.15_a_v0.05_s0.7_bias,a0b83014,1,1083.3923211061658,1000
F_grdp_Hu0d0.15_a_v0.05_s0.7_bias,a0b83014,2,3962.6969353265963,1000
F_grdp_Hu0d0.15_a_v0.05_s0.7_bias,a0b83014,3,31499.97830715486,1000
F_grdp_Hu0d0.15_a_v0.05_s0.7_bias,a0b83014,4,40253.55083827896,1000
F_grdp_Hu0d0.15_a_v0.05_s0.7_bias,a0b83014,5,1386.6692230162366,36
F_grdp_Hu0d0.15_a_v0.05_s0.7_bias,58fa8486,0,1748.5737604426236,999
F_grdp_Hu0d0.15_a_v0.05_s0.7_bias,58fa8486,1,2950.327698037161,1000
F_grdp_Hu0d0.15_a_v0.05_s0.7_bias,58fa8486,2,5195.459926586031,1000
F_grdp_Hu0d0.15_a_v0.05_s0.7_bias,58fa8486,3,61391.30812100131,1000
F_grdp_Hu0d0.15_a_v0.05_s0.7_bias,58fa8486,4,9947.25290969484,476
F_grdp_Hu0d0.15_a_v0.05_s0.7_bias,d1ecf309,0,3873.0947078769236,999
F_grdp_Hu0d0.15_a_v0.05_s0.7_bias,d1ecf309,1,9730.15146387896,1000
F_grdp_Hu0d0.15_a_v0.05_s0.7_bias,d1ecf309,2,162642.3541405666,1000
F_grdp_Hu0d0.15_a_v0.05_s0.7_bias,d1ecf309,3,287559.1145486895,1000
F_grdp_Hu0d0.15_a_v0.05_s0.7_bias,d1ecf309,4,184954.93760472446,1000
F_grdp_Hu0d0.15_a_v0.05_s0.7_bias,d1ecf309,5,597312.4532586265,1000
F_grdp_Hu0d0.15_a_v0.05_s0.7_bias,d1ecf309,6,141841.85452458903,169
F_grdp_Hu0d0.15_a_v0.05_s0.7_bias,52f1e77a,0,229445.61479358247,999
F_grdp_Hu0d0.15_a_v0.05_s0.7_bias,52f1e77a,1,252928.08522377908,1000
F_grdp_Hu0d0.15_a_v0.05_s0.7_bias,52f1e77a,2,141231.05002993072,1000
F_grdp_Hu0d0.15_a_v0.05_s0.7_bias,52f1e77a,3,150562.30634442667,1000
F_grdp_Hu0d0.15_a_v0.05_s0.7_bias,52f1e77a,4,135023.3334518253,443
F_grdp_Hu0d0.15_a_v0.05_s0.7_bias,7271dd80,0,8329.365741417887,999
F_grdp_Hu0d0.15_a_v0.05_s0.7_bias,7271dd80,1,8123.101764186684,1000
F_grdp_Hu0d0.15_a_v0.05_s0.7_bias,7271dd80,2,902.5921671315224,1000
F_grdp_Hu0d0.15_a_v0.05_s0.7_bias,7271dd80,3,9191.104595466531,1000
F_grdp_Hu0d0.15_a_v0.05_s0.7_bias,7271dd80,4,650.6912025636763,341
F_grdp_Hu0d0.15_a_v0.05_s0.7_bias,fb73b13a,0,13525.240960506835,999
F_grdp_Hu0d0.15_a_v0.05_s0.7_bias,fb73b13a,1,20431.165648395603,1000
F_grdp_Hu0d0.15_a_v0.05_s0.7_bias,fb73b13a,2,32930.48343009279,1000
F_grdp_Hu0d0.15_a_v0.05_s0.7_bias,fb73b13a,3,16553.815084344904,1000
F_grdp_Hu0d0.15_a_v0.05_s0.7_bias,fb73b13a,4,46868.884253998345,1000
F_grdp_Hu0d0.15_a_v0.05_s0.7_bias,fb73b13a,5,196461.57239657763,641
F_grdp_Hu0d0.15_a_v0.05_s0.7_bias,b7fea9ef,0,10204.984560480694,999
F_grdp_Hu0d0.15_a_v0.05_s0.7_bias,b7fea9ef,1,98942.36521987674,1000
F_grdp_Hu0d0.15_a_v0.05_s0.7_bias,b7fea9ef,2,15923.86736432604,1000
F_grdp_Hu0d0.15_a_v0.05_s0.7_bias,b7fea9ef,3,185588.35263753156,867
F_grdp_Hu0d0.15_a_v0.05_s0.7_bias,4caa7289,0,72996.30244119163,999
F_grdp_Hu0d0.15_a_v0.05_s0.7_bias,4caa7289,1,14593.16710015458,1000
F_grdp_Hu0d0.15_a_v0.05_s0.7_bias,4caa7289,2,10173.263034749696,1000
F_grdp_Hu0d0.15_a_v0.05_s0.7_bias,4caa7289,3,3494.654566802443,1000
F_grdp_Hu0d0.15_a_v0.05_s0.7_bias,4caa7289,4,102.1198663410814,1000
F_grdp_Hu0d0.15_a_v0.05_s0.7_bias,4caa7289,5,192.99270748316258,397
F_grdp_Hu0d0.15_a_v0.05_s0.7_bias,aed44918,0,11248.612951000041,999
F_grdp_Hu0d0.15_a_v0.05_s0.7_bias,aed44918,1,102653.91809630739,1000
F_grdp_Hu0d0.15_a_v0.05_s0.7_bias,aed44918,2,28630.985839101297,720
F_grdp_Hu0d0.15_a_v0.05_s0.7_bias,e161bd0c,0,2114.854596122033,999
F_grdp_Hu0d0.15_a_v0.05_s0.7_bias,e161bd0c,1,19998.176141186475,1000
F_grdp_Hu0d0.15_a_v0.05_s0.7_bias,e161bd0c,2,75776.14344004053,950
F_grdp_Hu0d0.15_a_v0.05_s0.7_bias,633774dc,0,4214.83824076775,999
F_grdp_Hu0d0.15_a_v0.05_s0.7_bias,633774dc,1,25287.170914775765,1000
F_grdp_Hu0d0.15_a_v0.05_s0.7_bias,633774dc,2,246429.64391429245,1000
F_grdp_Hu0d0.15_a_v0.05_s0.7_bias,633774dc,3,302887.64631194086,1000
F_grdp_Hu0d0.15_a_v0.05_s0.7_bias,633774dc,4,360558.85749481904,1000
F_grdp_Hu0d0.15_a_v0.05_s0.7_bias,633774dc,5,391350.76735586434,1000
F_grdp_Hu0d0.15_a_v0.05_s0.7_bias,633774dc,6,227415.7772863714,234
F_grdp_Hu0d0.15_a_v0.05_s0.7_bias,09053135,0,149819.05319484297,999
F_grdp_Hu0d0.15_a_v0.05_s0.7_bias,09053135,1,350058.1632022336,1000
F_grdp_Hu0d0.15_a_v0.05_s0.7_bias,09053135,2,315476.44435673766,1000
F_grdp_Hu0d0.15_a_v0.05_s0.7_bias,09053135,3,217081.5868779986,1000
F_grdp_Hu0d0.15_a_v0.05_s0.7_bias,09053135,4,161552.81555099637,1000
F_grdp_Hu0d0.15_a_v0.05_s0.7_bias,09053135,5,319791.4394388173,908
F_grdp_Hu0d0.15_a_v0.05_s0.7_bias,46d24a09,0,86782.40496659302,999
F_grdp_Hu0d0.15_a_v0.05_s0.7_bias,46d24a09,1,73458.71718915731,1000
F_grdp_Hu0d0.15_a_v0.05_s0.7_bias,46d24a09,2,471091.1006131629,1000
F_grdp_Hu0d0.15_a_v0.05_s0.7_bias,46d24a09,3,158879.7989187493,1000
F_grdp_Hu0d0.15_a_v0.05_s0.7_bias,46d24a09,4,8389.247189209358,450
F_grdp_Hu0d0.15_a_v0.05_s0.7_bias,1fee2b62,0,10629.214740139969,999
F_grdp_Hu0d0.15_a_v0.05_s0.7_bias,1fee2b62,1,21809.472338805524,1000
F_grdp_Hu0d0.15_a_v0.05_s0.7_bias,1fee2b62,2,168141.18271409537,1000
F_grdp_Hu0d0.15_a_v0.05_s0.7_bias,1fee2b62,3,147097.3218109898,1000
F_grdp_Hu0d0.15_a_v0.05_s0.7_bias,1fee2b62,4,40847.223749044824,642
F_grdp_Hu0d0.15_a_v0.05_s0.7_bias,310c71a5,0,114.33986000470627,999
F_grdp_Hu0d0.15_a_v0.05_s0.7_bias,310c71a5,1,3185.925017530483,1000
F_grdp_Hu0d0.15_a_v0.05_s0.7_bias,310c71a5,2,17276.672993258886,1000
F_grdp_Hu0d0.15_a_v0.05_s0.7_bias,310c71a5,3,2114.177782895859,1000
F_grdp_Hu0d0.15_a_v0.05_s0.7_bias,310c71a5,4,306.6962760812652,1000
F_grdp_Hu0d0.15_a_v0.05_s0.7_bias,310c71a5,5,2274.3654614888947,246
F_grdp_Hu0d0.15_a_v0.05_s0.7_bias,a48640d9,0,32691.226754278658,999
F_grdp_Hu0d0.15_a_v0.05_s0.7_bias,a48640d9,1,28448.820744562592,1000
F_grdp_Hu0d0.15_a_v0.05_s0.7_bias,a48640d9,2,174789.1272771717,1000
F_grdp_Hu0d0.15_a_v0.05_s0.7_bias,a48640d9,3,409724.2174928165,1000
F_grdp_Hu0d0.15_a_v0.05_s0.7_bias,a48640d9,4,251210.3582077348,533
F_grdp_Hu0d0.15_a_v0.05_s0.7_bias,43c7f85a,0,173.61804335544682,999
F_grdp_Hu0d0.15_a_v0.05_s0.7_bias,43c7f85a,1,3466.754798709639,1000
F_grdp_Hu0d0.15_a_v0.05_s0.7_bias,43c7f85a,2,99027.8622766046,1000
F_grdp_Hu0d0.15_a_v0.05_s0.7_bias,43c7f85a,3,239624.2669186141,1000
F_grdp_Hu0d0.15_a_v0.05_s0.7_bias,43c7f85a,4,176492.70463676506,1000
F_grdp_Hu0d0.15_a_v0.05_s0.7_bias,43c7f85a,5,48067.18057704632,979
F_grdp_Hu0d0.15_a_v0.05_s0.7_bias,2d2d0c6b,0,55308.93123410709,999
F_grdp_Hu0d0.15_a_v0.05_s0.7_bias,2d2d0c6b,1,171518.01636829576,1000
F_grdp_Hu0d0.15_a_v0.05_s0.7_bias,2d2d0c6b,2,87614.2937652848,1000
F_grdp_Hu0d0.15_a_v0.05_s0.7_bias,2d2d0c6b,3,198853.66960091976,1000
F_grdp_Hu0d0.15_a_v0.05_s0.7_bias,2d2d0c6b,4,227935.43535413838,1000
F_grdp_Hu0d0.15_a_v0.05_s0.7_bias,2d2d0c6b,5,7552.885629965564,46
F_grdp_Hu0d0.15_a_v0.05_s0.7_bias,eb06a4e7,0,1642.5620036723703,999
F_grdp_Hu0d0.15_a_v0.05_s0.7_bias,eb06a4e7,1,16202.97790477645,1000
F_grdp_Hu0d0.15_a_v0.05_s0.7_bias,eb06a4e7,2,3915.538718552197,1000
F_grdp_Hu0d0.15_a_v0.05_s0.7_bias,eb06a4e7,3,120428.92293905096,1000
F_grdp_Hu0d0.15_a_v0.05_s0.7_bias,eb06a4e7,4,60863.067112658224,536
F_grdp_Hu0d0.15_a_v0.05_s0.7_bias,1944513c,0,1217.7839478871576,999
F_grdp_Hu0d0.15_a_v0.05_s0.7_bias,1944513c,1,15849.874725305794,1000
F_grdp_Hu0d0.15_a_v0.05_s0.7_bias,1944513c,2,7771.712159244804,1000
F_grdp_Hu0d0.15_a_v0.05_s0.7_bias,1944513c,3,3589.403180730536,1000
F_grdp_Hu0d0.15_a_v0.05_s0.7_bias,1944513c,4,7579.833301465729,723
F_grdp_Hu0d0.15_a_v0.05_s0.7_bias,a6b8ac67,0,54672.33228173586,999
F_grdp_Hu0d0.15_a_v0.05_s0.7_bias,a6b8ac67,1,47311.30926605145,1000
F_grdp_Hu0d0.15_a_v0.05_s0.7_bias,a6b8ac67,2,20590.055528287012,1000
F_grdp_Hu0d0.15_a_v0.05_s0.7_bias,a6b8ac67,3,72827.37920450297,1000
F_grdp_Hu0d0.15_a_v0.05_s0.7_bias,a6b8ac67,4,84752.50845387904,1000
F_grdp_Hu0d0.15_a_v0.05_s0.7_bias,a6b8ac67,5,57043.23769218368,454
F_grdp_Hu0d0.15_a_v0.05_s0.7_bias,a76db406,0,51857.77971599193,999
F_grdp_Hu0d0.15_a_v0.05_s0.7_bias,a76db406,1,92404.1533514025,1000
F_grdp_Hu0d0.15_a_v0.05_s0.7_bias,a76db406,2,226780.80934898896,1000
F_grdp_Hu0d0.15_a_v0.05_s0.7_bias,a76db406,3,262942.1178411308,1000
F_grdp_Hu0d0.15_a_v0.05_s0.7_bias,a76db406,4,375829.0150379862,673
F_grdp_Hu0d0.15_a_v0.05_s0.7_bias,eafb863e,0,7035.21056033132,999
F_grdp_Hu0d0.15_a_v0.05_s0.7_bias,eafb863e,1,67822.55643290684,1000
F_grdp_Hu0d0.15_a_v0.05_s0.7_bias,eafb863e,2,11130.686531162355,1000
F_grdp_Hu0d0.15_a_v0.05_s0.7_bias,eafb863e,3,22404.15813951372,569
F_grdp_Hu0d0.15_a_v0.05_s0.7_bias,add9c322,0,31437.53340655814,999
F_grdp_Hu0d0.15_a_v0.05_s0.7_bias,add9c322,1,8268.125132654255,1000
F_grdp_Hu0d0.15_a_v0.05_s0.7_bias,add9c322,2,12813.99974881793,1000
F_grdp_Hu0d0.15_a_v0.05_s0.7_bias,add9c322,3,13446.91894472045,933
F_grdp_Hu0d0.15_a_v0.05_s0.7_bias,f56d3ace,0,30567.83884222197,999
F_grdp_Hu0d0.15_a_v0.05_s0.7_bias,f56d3ace,1,254650.23160113493,1000
F_grdp_Hu0d0.15_a_v0.05_s0.7_bias,f56d3ace,2,243010.51025258703,1000
F_grdp_Hu0d0.15_a_v0.05_s0.7_bias,f56d3ace,3,161238.16229147205,1000
F_grdp_Hu0d0.15_a_v0.05_s0.7_bias,f56d3ace,4,127140.3225166357,1000
F_grdp_Hu0d0.15_a_v0.05_s0.7_bias,f56d3ace,5,59023.20830198509,433
F_grdp_Hu0d0.15_a_v0.05_s0.7_bias,7c607683,0,7088.036866059139,999
F_grdp_Hu0d0.15_a_v0.05_s0.7_bias,7c607683,1,10875.982839108914,1000
F_grdp_Hu0d0.15_a_v0.05_s0.7_bias,7c607683,2,56362.5178254183,1000
F_grdp_Hu0d0.15_a_v0.05_s0.7_bias,7c607683,3,76785.72772286797,1000
F_grdp_Hu0d0.15_a_v0.05_s0.7_bias,7c607683,4,78890.57165165969,1000
F_grdp_Hu0d0.15_a_v0.05_s0.7_bias,7c607683,5,38026.37630585547,329
F_grdp_Hu0d0.15_a_v0.05_s0.7_bias,b7cdcecb,0,281.432531202765,999
F_grdp_Hu0d0.15_a_v0.05_s0.7_bias,b7cdcecb,1,3375.7914395113226,1000
F_grdp_Hu0d0.15_a_v0.05_s0.7_bias,b7cdcecb,2,535.5033286912889,1000
F_grdp_Hu0d0.15_a_v0.05_s0.7_bias,b7cdcecb,3,213.9609136731402,1000
F_grdp_Hu0d0.15_a_v0.05_s0.7_bias,b7cdcecb,4,2029.8559442674039,1000
F_grdp_Hu0d0.15_a_v0.05_s0.7_bias,b7cdcecb,5,35738.65390832025,1000
F_grdp_Hu0d0.15_a_v0.05_s0.7_bias,b7cdcecb,6,12522.789726963547,169
F_grdp_Hu0d0.15_a_v0.05_s0.7_bias,a5e6f7dc,0,133233.49364329354,999
F_grdp_Hu0d0.15_a_v0.05_s0.7_bias,a5e6f7dc,1,208925.77310933644,1000
F_grdp_Hu0d0.15_a_v0.05_s0.7_bias,a5e6f7dc,2,321195.15571604425,1000
F_grdp_Hu0d0.15_a_v0.05_s0.7_bias,a5e6f7dc,3,358496.82714567694,1000
F_grdp_Hu0d0.15_a_v0.05_s0.7_bias,a5e6f7dc,4,548937.8351049195,1000
F_grdp_Hu0d0.15_a_v0.05_s0.7_bias,a5e6f7dc,5,442532.12068749464,650
F_grdp_Hu0d0.15_a_v0.05_s0.7_bias,4ed93db6,0,13452.016116705954,999
F_grdp_Hu0d0.15_a_v0.05_s0.7_bias,4ed93db6,1,26698.46875202397,1000
F_grdp_Hu0d0.15_a_v0.05_s0.7_bias,4ed93db6,2,1914.7249102700914,1000
F_grdp_Hu0d0.15_a_v0.05_s0.7_bias,4ed93db6,3,879.8540966803622,1000
F_grdp_Hu0d0.15_a_v0.05_s0.7_bias,4ed93db6,4,715.5006855859696,658
F_grdp_Hu0d0.15_a_v0.05_s0.7_bias,26623a50,0,26875.81728634756,999
F_grdp_Hu0d0.15_a_v0.05_s0.7_bias,26623a50,1,259369.14054715412,1000
F_grdp_Hu0d0.15_a_v0.05_s0.7_bias,26623a50,2,224307.92559173453,1000
F_grdp_Hu0d0.15_a_v0.05_s0.7_bias,26623a50,3,11565.750885773861,1000
F_grdp_Hu0d0.15_a_v0.05_s0.7_bias,26623a50,4,50090.02335586053,1000
F_grdp_Hu0d0.15_a_v0.05_s0.7_bias,26623a50,5,87845.74291796824,736
F_grdp_Hu0d0.15_a_v0.05_s0.7_bias,eeed308d,0,1371.9749753306612,999
F_grdp_Hu0d0.15_a_v0.05_s0.7_bias,eeed308d,1,2089.545734444558,1000
F_grdp_Hu0d0.15_a_v0.05_s0.7_bias,eeed308d,2,134.04420769529733,1000
F_grdp_Hu0d0.15_a_v0.05_s0.7_bias,eeed308d,3,236.45286400360956,900
F_grdp_Hu0d0.15_a_v0.05_s0.7_bias,8d5d46d7,0,29656.77735804802,999
F_grdp_Hu0d0.15_a_v0.05_s0.7_bias,8d5d46d7,1,201835.6118483078,1000
F_grdp_Hu0d0.15_a_v0.05_s0.7_bias,8d5d46d7,2,364959.418721947,1000
F_grdp_Hu0d0.15_a_v0.05_s0.7_bias,8d5d46d7,3,235582.7113974068,1000
F_grdp_Hu0d0.15_a_v0.05_s0.7_bias,8d5d46d7,4,99517.32161006914,1000
F_grdp_Hu0d0.15_a_v0.05_s0.7_bias,8d5d46d7,5,35434.13886915831,756
F_grdp_Hu0d0.15_a_v0.05_s0.7_bias,61f27424,0,116.7167286099123,999
F_grdp_Hu0d0.15_a_v0.05_s0.7_bias,61f27424,1,314.0341962881278,1000
F_grdp_Hu0d0.15_a_v0.05_s0.7_bias,61f27424,2,4154.269200736495,1000
F_grdp_Hu0d0.15_a_v0.05_s0.7_bias,61f27424,3,199483.15860780128,1000
F_grdp_Hu0d0.15_a_v0.05_s0.7_bias,61f27424,4,397475.0008988771,1000
F_grdp_Hu0d0.15_a_v0.05_s0.7_bias,61f27424,5,275048.49897408165,1000
F_grdp_Hu0d0.15_a_v0.05_s0.7_bias,61f27424,6,52481.807319575804,221
F_grdp_Hu0d0.15_a_v0.05_s0.7_bias,3bfee975,0,1280.9652889939662,999
F_grdp_Hu0d0.15_a_v0.05_s0.7_bias,3bfee975,1,11573.520663233809,1000
F_grdp_Hu0d0.15_a_v0.05_s0.7_bias,3bfee975,2,16428.228112969042,1000
F_grdp_Hu0d0.15_a_v0.05_s0.7_bias,3bfee975,3,25858.88434061224,604
F_grdp_Hu0d0.15_a_v0.05_s0.7_bias,efe96181,0,1327287.134913445,999
F_grdp_Hu0d0.15_a_v0.05_s0.7_bias,efe96181,1,1810449.976128543,1000
F_grdp_Hu0d0.15_a_v0.05_s0.7_bias,efe96181,2,2442103.268695911,1000
F_grdp_Hu0d0.15_a_v0.05_s0.7_bias,efe96181,3,3039132.4871532703,1000
F_grdp_Hu0d0.15_a_v0.05_s0.7_bias,efe96181,4,36691.475939737546,13
F_grdp_Hu0d0.15_a_v0.05_s0.7_bias,8bb9c1e6,0,1701.3740783477785,999
F_grdp_Hu0d0.15_a_v0.05_s0.7_bias,8bb9c1e6,1,30184.728000814433,1000
F_grdp_Hu0d0.15_a_v0.05_s0.7_bias,8bb9c1e6,2,46561.4128226668,1000
F_grdp_Hu0d0.15_a_v0.05_s0.7_bias,8bb9c1e6,3,142100.16264540315,1000
F_grdp_Hu0d0.15_a_v0.05_s0.7_bias,8bb9c1e6,4,170884.76388266438,547
F_grdp_Hu0d0.15_a_v0.05_s0.7_bias,896d15b9,0,3715.0068745861245,999
F_grdp_Hu0d0.15_a_v0.05_s0.7_bias,896d15b9,1,101797.54262590912,1000
F_grdp_Hu0d0.15_a_v0.05_s0.7_bias,896d15b9,2,934968.853908019,1000
F_grdp_Hu0d0.15_a_v0.05_s0.7_bias,896d15b9,3,1776116.8666721527,1000
F_grdp_Hu0d0.15_a_v0.05_s0.7_bias,896d15b9,4,456672.41681379254,280
F_grdp_Hu0d0.15_a_v0.05_s0.7_bias,374be387,0,11805.885933849984,999
F_grdp_Hu0d0.15_a_v0.05_s0.7_bias,374be387,1,90616.21702273564,1000
F_grdp_Hu0d0.15_a_v0.05_s0.7_bias,374be387,2,71082.29763860135,1000
F_grdp_Hu0d0.15_a_v0.05_s0.7_bias,374be387,3,52651.72352269347,1000
F_grdp_Hu0d0.15_a_v0.05_s0.7_bias,374be387,4,7321.881400311594,1000
F_grdp_Hu0d0.15_a_v0.05_s0.7_bias,374be387,5,13334.362189040834,1000
F_grdp_Hu0d0.15_a_v0.05_s0.7_bias,374be387,6,13868.29765050611,1000
F_grdp_Hu0d0.15_a_v0.05_s0.7_bias,374be387,7,18476.724339876473,1000
F_grdp_Hu0d0.15_a_v0.05_s0.7_bias,374be387,8,86417.2380620192,1000
F_grdp_Hu0d0.15_a_v0.05_s0.7_bias,374be387,9,76790.03647628527,966
F_grdp_Hu0d0.15_a_v0.05_s0.7_bias,9a8ae0d6,0,69551.06940429572,999
F_grdp_Hu0d0.15_a_v0.05_s0.7_bias,9a8ae0d6,1,227135.35618614714,1000
F_grdp_Hu0d0.15_a_v0.05_s0.7_bias,9a8ae0d6,2,291549.75841540063,1000
F_grdp_Hu0d0.15_a_v0.05_s0.7_bias,9a8ae0d6,3,181077.06210631953,1000
F_grdp_Hu0d0.15_a_v0.05_s0.7_bias,9a8ae0d6,4,44352.978790498586,1000
F_grdp_Hu0d0.15_a_v0.05_s0.7_bias,9a8ae0d6,5,68776.73170384929,1000
F_grdp_Hu0d0.15_a_v0.05_s0.7_bias,9a8ae0d6,6,2243.5657985146113,295
F_grdp_Hu0d0.15_a_v0.05_s0.7_bias,ffefef30,0,791.6242943844546,999
F_grdp_Hu0d0.15_a_v0.05_s0.7_bias,ffefef30,1,12817.401696453984,1000
F_grdp_Hu0d0.15_a_v0.05_s0.7_bias,ffefef30,2,1897.9020707362558,1000
F_grdp_Hu0d0.15_a_v0.05_s0.7_bias,ffefef30,3,970.0930219813607,1000
F_grdp_Hu0d0.15_a_v0.05_s0.7_bias,ffefef30,4,13941.177840969183,571
F_grdp_Hu0d0.15_a_v0.05_s0.7_bias,46a7190b,0,907.4267118440363,999
F_grdp_Hu0d0.15_a_v0.05_s0.7_bias,46a7190b,1,3243.1186850183076,1000
F_grdp_Hu0d0.15_a_v0.05_s0.7_bias,46a7190b,2,28940.456190730103,1000
F_grdp_Hu0d0.15_a_v0.05_s0.7_bias,46a7190b,3,45586.64759505019,1000
F_grdp_Hu0d0.15_a_v0.05_s0.7_bias,46a7190b,4,475.3771771790243,216
F_grdp_Hu0d0.15_a_v0.05_s0.7_bias,8b12bab6,0,5393.187224102351,999
F_grdp_Hu0d0.15_a_v0.05_s0.7_bias,8b12bab6,1,25103.221057697312,1000
F_grdp_Hu0d0.15_a_v0.05_s0.7_bias,8b12bab6,2,6378.61143064079,1000
F_grdp_Hu0d0.15_a_v0.05_s0.7_bias,8b12bab6,3,99804.23938793075,1000
F_grdp_Hu0d0.15_a_v0.05_s0.7_bias,8b12bab6,4,272844.82741106855,1000
F_grdp_Hu0d0.15_a_v0.05_s0.7_bias,8b12bab6,5,96146.14796093147,235
F_grdp_Hu0d0.15_a_v0.05_s0.7_bias,9ffce529,0,4540.370281761213,999
F_grdp_Hu0d0.15_a_v0.05_s0.7_bias,9ffce529,1,246.0134915421843,1000
F_grdp_Hu0d0.15_a_v0.05_s0.7_bias,9ffce529,2,6591.05256783315,1000
F_grdp_Hu0d0.15_a_v0.05_s0.7_bias,9ffce529,3,5273.159696117075,1000
F_grdp_Hu0d0.15_a_v0.05_s0.7_bias,9ffce529,4,17730.88744992205,1000
F_grdp_Hu0d0.15_a_v0.05_s0.7_bias,9ffce529,5,19611.35117868908,213
F_grdp_Hu0d0.15_a_v0.05_s0.7_bias,32fe84c9,0,15971.416467184477,999
F_grdp_Hu0d0.15_a_v0.05_s0.7_bias,32fe84c9,1,13851.876680513089,1000
F_grdp_Hu0d0.15_a_v0.05_s0.7_bias,32fe84c9,2,84172.3230373534,1000
F_grdp_Hu0d0.15_a_v0.05_s0.7_bias,32fe84c9,3,82865.81285274039,1000
F_grdp_Hu0d0.15_a_v0.05_s0.7_bias,32fe84c9,4,180048.24014281185,1000
F_grdp_Hu0d0.15_a_v0.05_s0.7_bias,32fe84c9,5,54686.16833930265,1000
F_grdp_Hu0d0.15_a_v0.05_s0.7_bias,32fe84c9,6,54316.64750408152,409
F_grdp_Hu0d0.15_a_v0.05_s0.7_bias,f5d8aab6,0,13230.821139367903,999
F_grdp_Hu0d0.15_a_v0.05_s0.7_bias,f5d8aab6,1,119934.2558984386,1000
F_grdp_Hu0d0.15_a_v0.05_s0.7_bias,f5d8aab6,2,100380.00796955988,1000
F_grdp_Hu0d0.15_a_v0.05_s0.7_bias,f5d8aab6,3,274677.12118903006,1000
F_grdp_Hu0d0.15_a_v0.05_s0.7_bias,f5d8aab6,4,105102.49668285792,445
F_grdp_Hu0d0.15_a_v0.05_s0.7_bias,198a5607,0,1216.0922424054734,999
F_grdp_Hu0d0.15_a_v0.05_s0.7_bias,198a5607,1,5133.830994983633,1000
F_grdp_Hu0d0.15_a_v0.05_s0.7_bias,198a5607,2,13644.134585816173,1000
F_grdp_Hu0d0.15_a_v0.05_s0.7_bias,198a5607,3,1310.3690993059915,1000
F_grdp_Hu0d0.15_a_v0.05_s0.7_bias,198a5607,4,979.8877262703494,1000
F_grdp_Hu0d0.15_a_v0.05_s0.7_bias,198a5607,5,17730.510980218194,1000
F_grdp_Hu0d0.15_a_v0.05_s0.7_bias,198a5607,6,30407.55138032665,252
F_grdp_Hu0d0.15_a_v0.05_s0.7_bias,5542c301,0,3768.8617193287973,999
F_grdp_Hu0d0.15_a_v0.05_s0.7_bias,5542c301,1,9150.570849123598,1000
F_grdp_Hu0d0.15_a_v0.05_s0.7_bias,5542c301,2,163140.96008813797,1000
F_grdp_Hu0d0.15_a_v0.05_s0.7_bias,5542c301,3,195178.45538926983,592
F_grdp_Hu0d0.15_a_v0.05_s0.7_bias,10b89021,0,72042.22468929502,999
F_grdp_Hu0d0.15_a_v0.05_s0.7_bias,10b89021,1,210766.7529384779,1000
F_grdp_Hu0d0.15_a_v0.05_s0.7_bias,10b89021,2,220560.0204931497,1000
F_grdp_Hu0d0.15_a_v0.05_s0.7_bias,10b89021,3,348019.72605605936,1000
F_grdp_Hu0d0.15_a_v0.05_s0.7_bias,10b89021,4,412287.41880396934,1000
F_grdp_Hu0d0.15_a_v0.05_s0.7_bias,10b89021,5,79872.06444123395,415
F_grdp_Hu0d0.15_a_v0.05_s0.7_bias,9426ec1e,0,280.72619429334964,999
F_grdp_Hu0d0.15_a_v0.05_s0.7_bias,9426ec1e,1,66950.59693954913,1000
F_grdp_Hu0d0.15_a_v0.05_s0.7_bias,9426ec1e,2,169756.15711041275,533
F_grdp_Hu0d0.15_a_v0.05_s0.7_bias,6e9ccd38,0,9483.775136391883,999
F_grdp_Hu0d0.15_a_v0.05_s0.7_bias,6e9ccd38,1,146569.23151739597,1000
F_grdp_Hu0d0.15_a_v0.05_s0.7_bias,6e9ccd38,2,65639.10522272294,1000
F_grdp_Hu0d0.15_a_v0.05_s0.7_bias,6e9ccd38,3,75318.87749862096,1000
F_grdp_Hu0d0.15_a_v0.05_s0.7_bias,6e9ccd38,4,28335.737729199696,1000
F_grdp_Hu0d0.15_a_v0.05_s0.7_bias,6e9ccd38,5,4122.116336094045,1000
F_grdp_Hu0d0.15_a_v0.05_s0.7_bias,6e9ccd38,6,33270.44326836347,1000
F_grdp_Hu0d0.15_a_v0.05_s0.7_bias,6e9ccd38,7,447387.3742331161,1000
F_grdp_Hu0d0.15_a_v0.05_s0.7_bias,6e9ccd38,8,125776.82730717177,283
F_grdp_Hu0d0.15_a_v0.05_s0.7_bias,c593337f,0,64710.44236378453,999
F_grdp_Hu0d0.15_a_v0.05_s0.7_bias,c593337f,1,1913.3808703481698,1000
F_grdp_Hu0d0.15_a_v0.05_s0.7_bias,c593337f,2,8216.024911393813,1000
F_grdp_Hu0d0.15_a_v0.05_s0.7_bias,c593337f,3,716233.6537845656,1000
F_grdp_Hu0d0.15_a_v0.05_s0.7_bias,c593337f,4,801773.3121267675,1000
F_grdp_Hu0d0.15_a_v0.05_s0.7_bias,c593337f,5,274619.83689451957,209
F_grdp_Hu0d0.15_a_v0.05_s0.7_bias,70925e23,0,21061.663877551135,999
F_grdp_Hu0d0.15_a_v0.05_s0.7_bias,70925e23,1,349621.4332018851,1000
F_grdp_Hu0d0.15_a_v0.05_s0.7_bias,70925e23,2,65751.60410357038,1000
F_grdp_Hu0d0.15_a_v0.05_s0.7_bias,70925e23,3,300.3903155925012,1000
F_grdp_Hu0d0.15_a_v0.05_s0.7_bias,70925e23,4,237.8169920648964,1000
F_grdp_Hu0d0.15_a_v0.05_s0.7_bias,70925e23,5,1003.3728459154082,948
F_grdp_Hu0d0.15_a_v0.05_s0.7_bias,f074d277,0,45857.776988747464,999
F_grdp_Hu0d0.15_a_v0.05_s0.7_bias,f074d277,1,141924.4663210678,1000
F_grdp_Hu0d0.15_a_v0.05_s0.7_bias,f074d277,2,45371.625473633954,454
F_grdp_Hu0d0.15_a_v0.05_s0.7_bias,f2d4c8c9,0,26151.71780714071,999
F_grdp_Hu0d0.15_a_v0.05_s0.7_bias,f2d4c8c9,1,13501.023776466998,1000
F_grdp_Hu0d0.15_a_v0.05_s0.7_bias,f2d4c8c9,2,67668.83413144946,1000
F_grdp_Hu0d0.15_a_v0.05_s0.7_bias,f2d4c8c9,3,20015.492892339626,1000
F_grdp_Hu0d0.15_a_v0.05_s0.7_bias,f2d4c8c9,4,283740.36798025167,1000
F_grdp_Hu0d0.15_a_v0.05_s0.7_bias,f2d4c8c9,5,1009335.0793549158,1000
F_grdp_Hu0d0.15_a_v0.05_s0.7_bias,f2d4c8c9,6,165043.25826077777,250
F_grdp_Hu0d0.15_a_v0.05_s0.7_bias,35b3ef6a,0,80436.14340932235,999
F_grdp_Hu0d0.15_a_v0.05_s0.7_bias,35b3ef6a,1,300351.4322920975,1000
F_grdp_Hu0d0.15_a_v0.05_s0.7_bias,35b3ef6a,2,797357.2315137059,1000
F_grdp_Hu0d0.15_a_v0.05_s0.7_bias,35b3ef6a,3,675394.5482333757,905
F_grdp_Hu0d0.15_a_v0.05_s0.7_bias,2043abc5,0,260093.50594264548,999
F_grdp_Hu0d0.15_a_v0.05_s0.7_bias,2043abc5,1,199684.53875592322,1000
F_grdp_Hu0d0.15_a_v0.05_s0.7_bias,2043abc5,2,245340.5566328883,1000
F_grdp_Hu0d0.15_a_v0.05_s0.7_bias,2043abc5,3,12795.799107435492,1000
F_grdp_Hu0d0.15_a_v0.05_s0.7_bias,2043abc5,4,34102.922429215265,1000
F_grdp_Hu0d0.15_a_v0.05_s0.7_bias,2043abc5,5,93126.90965649248,1000
F_grdp_Hu0d0.15_a_v0.05_s0.7_bias,2043abc5,6,259673.64270648346,959
F_grdp_Hu0d0.15_a_v0.05_s0.7_bias,78a4a386,0,2376.7454402215767,999
F_grdp_Hu0d0.15_a_v0.05_s0.7_bias,78a4a386,1,2476.870045523459,1000
F_grdp_Hu0d0.15_a_v0.05_s0.7_bias,78a4a386,2,19169.988275044187,1000
F_grdp_Hu0d0.15_a_v0.05_s0.7_bias,78a4a386,3,12707.682496623474,1000
F_grdp_Hu0d0.15_a_v0.05_s0.7_bias,78a4a386,4,18859.87260992775,1000
F_grdp_Hu0d0.15_a_v0.05_s0.7_bias,78a4a386,5,3616.878865569877,120
F_grdp_Hu0d0.15_a_v0.05_s0.7_bias,a4f989c2,0,6233.949314645536,999
F_grdp_Hu0d0.15_a_v0.05_s0.7_bias,a4f989c2,1,2404.1396207012667,1000
F_grdp_Hu0d0.15_a_v0.05_s0.7_bias,a4f989c2,2,3196.035566294743,1000
F_grdp_Hu0d0.15_a_v0.05_s0.7_bias,a4f989c2,3,1461.7381396476865,1000
F_grdp_Hu0d0.15_a_v0.05_s0.7_bias,a4f989c2,4,2651.6428473932306,1000
F_grdp_Hu0d0.15_a_v0.05_s0.7_bias,a4f989c2,5,702.2446653605101,386
F_grdp_Hu0d0.15_a_v0.05_s0.7_bias,3a824aa7,0,20786.247717785573,999
F_grdp_Hu0d0.15_a_v0.05_s0.7_bias,3a824aa7,1,33590.340297677445,1000
F_grdp_Hu0d0.15_a_v0.05_s0.7_bias,3a824aa7,2,14624.802208183883,1000
F_grdp_Hu0d0.15_a_v0.05_s0.7_bias,3a824aa7,3,8273.501854442731,1000
F_grdp_Hu0d0.15_a_v0.05_s0.7_bias,3a824aa7,4,10793.257332812844,202
F_grdp_Hu0d0.15_a_v0.05_s0.7_bias,75cd5f11,0,68719.76957951074,999
F_grdp_Hu0d0.15_a_v0.05_s0.7_bias,75cd5f11,1,48822.57548376586,1000
F_grdp_Hu0d0.15_a_v0.05_s0.7_bias,75cd5f11,2,5697.564058342874,1000
F_grdp_Hu0d0.15_a_v0.05_s0.7_bias,75cd5f11,3,134.34652273495817,1000
F_grdp_Hu0d0.15_a_v0.05_s0.7_bias,75cd5f11,4,2022.8416143549432,947
F_grdp_Hu0d0.15_a_v0.05_s0.7_bias,ce8399b7,0,275.981817561856,999
F_grdp_Hu0d0.15_a_v0.05_s0.7_bias,ce8399b7,1,626.3250555907367,616
F_grdp_Hu0d0.15_a_v0.05_s0.7_bias,3e678ea7,0,169144.10609798256,999
F_grdp_Hu0d0.15_a_v0.05_s0.7_bias,3e678ea7,1,323028.08159393154,1000
F_grdp_Hu0d0.15_a_v0.05_s0.7_bias,3e678ea7,2,139397.3424257202,1000
F_grdp_Hu0d0.15_a_v0.05_s0.7_bias,3e678ea7,3,149788.18968619042,1000
F_grdp_Hu0d0.15_a_v0.05_s0.7_bias,3e678ea7,4,99545.05117796086,1000
F_grdp_Hu0d0.15_a_v0.05_s0.7_bias,3e678ea7,5,83172.39739376337,1000
F_grdp_Hu0d0.15_a_v0.05_s0.7_bias,3e678ea7,6,81075.4842598599,859
F_grdp_Hu0d0.15_a_v0.05_s0.7_bias,ecdaf714,0,995.7760442885448,999
F_grdp_Hu0d0.15_a_v0.05_s0.7_bias,ecdaf714,1,12201.834155741015,1000
F_grdp_Hu0d0.15_a_v0.05_s0.7_bias,ecdaf714,2,312472.62326467363,1000
F_grdp_Hu0d0.15_a_v0.05_s0.7_bias,ecdaf714,3,272974.45857004257,1000
F_grdp_Hu0d0.15_a_v0.05_s0.7_bias,ecdaf714,4,9695.440044197092,1000
F_grdp_Hu0d0.15_a_v0.05_s0.7_bias,ecdaf714,5,62760.176403955105,1000
F_grdp_Hu0d0.15_a_v0.05_s0.7_bias,ecdaf714,6,155153.52757863657,593
F_grdp_Hu0d0.15_a_v0.05_s0.7_bias,57f05c51,0,63914.182584965194,999
F_grdp_Hu0d0.15_a_v0.05_s0.7_bias,57f05c51,1,130457.62666561281,1000
F_grdp_Hu0d0.15_a_v0.05_s0.7_bias,57f05c51,2,61532.56774984342,1000
F_grdp_Hu0d0.15_a_v0.05_s0.7_bias,57f05c51,3,13407.162967041453,1000
F_grdp_Hu0d0.15_a_v0.05_s0.7_bias,57f05c51,4,7767.853514552887,772
F_grdp_Hu0d0.15_a_v0.05_s0.7_bias,8cc800b3,0,190087.7062523751,999
F_grdp_Hu0d0.15_a_v0.05_s0.7_bias,8cc800b3,1,453709.2757866777,1000
F_grdp_Hu0d0.15_a_v0.05_s0.7_bias,8cc800b3,2,546977.9263529517,1000
F_grdp_Hu0d0.15_a_v0.05_s0.7_bias,8cc800b3,3,1299299.9558874837,1000
F_grdp_Hu0d0.15_a_v0.05_s0.7_bias,8cc800b3,4,1447397.0847361349,1000
F_grdp_Hu0d0.15_a_v0.05_s0.7_bias,8cc800b3,5,1135240.6153805596,1000
F_grdp_Hu0d0.15_a_v0.05_s0.7_bias,8cc800b3,6,822389.8629303992,577
F_grdp_Hu0d0.15_a_v0.05_s0.7_bias,55efee7f,0,675.475060622936,999
F_grdp_Hu0d0.15_a_v0.05_s0.7_bias,55efee7f,1,82587.49064922883,1000
F_grdp_Hu0d0.15_a_v0.05_s0.7_bias,55efee7f,2,219058.73531312586,1000
F_grdp_Hu0d0.15_a_v0.05_s0.7_bias,55efee7f,3,58788.52237190162,1000
F_grdp_Hu0d0.15_a_v0.05_s0.7_bias,55efee7f,4,5047.165321269,802
F_grdp_Hu0d0.15_a_v0.05_s0.7_bias,d0a0e7b5,0,40034.94892087892,999
F_grdp_Hu0d0.15_a_v0.05_s0.7_bias,d0a0e7b5,1,23492.334834815945,1000
F_grdp_Hu0d0.15_a_v0.05_s0.7_bias,d0a0e7b5,2,51969.202736664745,1000
F_grdp_Hu0d0.15_a_v0.05_s0.7_bias,d0a0e7b5,3,36265.83844096348,817
F_grdp_Hu0d0.15_a_v0.05_s0.7_bias,6dbe4b60,0,2040.536774458114,999
F_grdp_Hu0d0.15_a_v0.05_s0.7_bias,6dbe4b60,1,506.2285583856229,1000
F_grdp_Hu0d0.15_a_v0.05_s0.7_bias,6dbe4b60,2,9331.274625407428,1000
F_grdp_Hu0d0.15_a_v0.05_s0.7_bias,6dbe4b60,3,1817.0165904537241,1000
F_grdp_Hu0d0.15_a_v0.05_s0.7_bias,6dbe4b60,4,310.22049550233913,649
F_grdp_Hu0d0.15_a_v0.05_s0.7_bias,53f23031,0,17784.60763071006,999
F_grdp_Hu0d0.15_a_v0.05_s0.7_bias,53f23031,1,23249.613237910482,1000
F_grdp_Hu0d0.15_a_v0.05_s0.7_bias,53f23031,2,6120.7834069700575,1000
F_grdp_Hu0d0.15_a_v0.05_s0.7_bias,53f23031,3,29453.57185997694,1000
F_grdp_Hu0d0.15_a_v0.05_s0.7_bias,53f23031,4,8995.052973968752,1000
F_grdp_Hu0d0.15_a_v0.05_s0.7_bias,53f23031,5,1003.2401347843913,1000
F_grdp_Hu0d0.15_a_v0.05_s0.7_bias,53f23031,6,17016.02078896316,1000
F_grdp_Hu0d0.15_a_v0.05_s0.7_bias,53f23031,7,151537.19781492138,1000
F_grdp_Hu0d0.15_a_v0.05_s0.7_bias,53f23031,8,149440.71837167235,551
F_grdp_Hu0d0.15_a_v0.05_s0.7_bias,f053a1b9,0,52968.8133421702,999
F_grdp_Hu0d0.15_a_v0.05_s0.7_bias,f053a1b9,1,22260.891925842636,1000
F_grdp_Hu0d0.15_a_v0.05_s0.7_bias,f053a1b9,2,148231.06563502675,1000
F_grdp_Hu0d0.15_a_v0.05_s0.7_bias,f053a1b9,3,95473.86821090225,1000
F_grdp_Hu0d0.15_a_v0.05_s0.7_bias,f053a1b9,4,24745.13324473703,109
F_grdp_Hu0d0.15_a_v0.05_s0.7_bias,a959858c,0,1834572.3285174607,999
F_grdp_Hu0d0.15_a_v0.05_s0.7_bias,a959858c,1,1076939.9137590607,1000
F_grdp_Hu0d0.15_a_v0.05_s0.7_bias,a959858c,2,920519.1495052543,1000
F_grdp_Hu0d0.15_a_v0.05_s0.7_bias,a959858c,3,2602906.2630816256,1000
F_grdp_Hu0d0.15_a_v0.05_s0.7_bias,a959858c,4,1599503.267160441,405
F_grdp_Hu0d0.15_a_v0.05_s0.7_bias,1b1eba53,0,773800.3113943789,999
F_grdp_Hu0d0.15_a_v0.05_s0.7_bias,1b1eba53,1,2954478.771089715,1000
F_grdp_Hu0d0.15_a_v0.05_s0.7_bias,1b1eba53,2,5518780.170361704,1000
F_grdp_Hu0d0.15_a_v0.05_s0.7_bias,1b1eba53,3,7718175.8109373925,1000
F_grdp_Hu0d0.15_a_v0.05_s0.7_bias,1b1eba53,4,5057257.439749573,656
F_grdp_Hu0d0.15_a_v0.05_s0.7_bias,511e1db0,0,185.48118179499087,999
F_grdp_Hu0d0.15_a_v0.05_s0.7_bias,511e1db0,1,198.76717306194672,1000
F_grdp_Hu0d0.15_a_v0.05_s0.7_bias,511e1db0,2,26739.377358493384,1000
F_grdp_Hu0d0.15_a_v0.05_s0.7_bias,511e1db0,3,140062.66123850743,822
F_grdp_Hu0d0.15_a_v0.05_s0.7_bias,84633df4,0,11354.114367215425,999
F_grdp_Hu0d0.15_a_v0.05_s0.7_bias,84633df4,1,13910.391251233885,1000
F_grdp_Hu0d0.15_a_v0.05_s0.7_bias,84633df4,2,109143.81004531287,1000
F_grdp_Hu0d0.15_a_v0.05_s0.7_bias,84633df4,3,112112.26534427951,1000
F_grdp_Hu0d0.15_a_v0.05_s0.7_bias,84633df4,4,150749.74895293676,973
F_grdp_Hu0d0.15_a_v0.05_s0.7_bias,47ee27ab,0,1047.0217397435706,999
F_grdp_Hu0d0.15_a_v0.05_s0.7_bias,47ee27ab,1,4873.823552402608,1000
F_grdp_Hu0d0.15_a_v0.05_s0.7_bias,47ee27ab,2,23607.228535876246,1000
F_grdp_Hu0d0.15_a_v0.05_s0.7_bias,47ee27ab,3,2981.981058599193,1000
F_grdp_Hu0d0.15_a_v0.05_s0.7_bias,47ee27ab,4,3566.6580825511014,1000
F_grdp_Hu0d0.15_a_v0.05_s0.7_bias,47ee27ab,5,968.1184677024261,1000
F_grdp_Hu0d0.15_a_v0.05_s0.7_bias,47ee27ab,6,1952.0269588229364,398
F_grdp_Hu0d0.15_a_v0.05_s0.7_bias,b95e7121,0,41682.44756018393,999
F_grdp_Hu0d0.15_a_v0.05_s0.7_bias,b95e7121,1,45337.78553721066,1000
F_grdp_Hu0d0.15_a_v0.05_s0.7_bias,b95e7121,2,69055.5052705218,1000
F_grdp_Hu0d0.15_a_v0.05_s0.7_bias,b95e7121,3,58605.16605431483,1000
F_grdp_Hu0d0.15_a_v0.05_s0.7_bias,b95e7121,4,165590.04193767108,1000
F_grdp_Hu0d0.15_a_v0.05_s0.7_bias,b95e7121,5,158232.38647672316,1000
F_grdp_Hu0d0.15_a_v0.05_s0.7_bias,b95e7121,6,45189.825105631906,307
F_grdp_Hu0d0.15_a_v0.05_s0.7_bias,91db7070,0,10378.64360251217,999
F_grdp_Hu0d0.15_a_v0.05_s0.7_bias,91db7070,1,208338.1224514722,1000
F_grdp_Hu0d0.15_a_v0.05_s0.7_bias,91db7070,2,699943.2269131563,1000
F_grdp_Hu0d0.15_a_v0.05_s0.7_bias,91db7070,3,455318.1489421384,1000
F_grdp_Hu0d0.15_a_v0.05_s0.7_bias,91db7070,4,3117.0073442126663,74
F_grdp_Hu0d0.15_a_v0.05_s0.7_bias,e3b34f5b,0,67658.68245869444,999
F_grdp_Hu0d0.15_a_v0.05_s0.7_bias,e3b34f5b,1,57294.46107392142,1000
F_grdp_Hu0d0.15_a_v0.05_s0.7_bias,e3b34f5b,2,6479.40696626577,1000
F_grdp_Hu0d0.15_a_v0.05_s0.7_bias,e3b34f5b,3,3428.1916222725777,1000
F_grdp_Hu0d0.15_a_v0.05_s0.7_bias,e3b34f5b,4,4779.115396893409,1000
F_grdp_Hu0d0.15_a_v0.05_s0.7_bias,e3b34f5b,5,707.1111244126172,456
F_grdp_Hu0d0.15_a_v0.05_s0.7_bias,5a5269a9,0,24798.85252983569,999
F_grdp_Hu0d0.15_a_v0.05_s0.7_bias,5a5269a9,1,56349.32047246443,1000
F_grdp_Hu0d0.15_a_v0.05_s0.7_bias,5a5269a9,2,83776.47282795605,1000
F_grdp_Hu0d0.15_a_v0.05_s0.7_bias,5a5269a9,3,14694.813924497103,1000
F_grdp_Hu0d0.15_a_v0.05_s0.7_bias,5a5269a9,4,19070.89120237663,1000
F_grdp_Hu0d0.15_a_v0.05_s0.7_bias,5a5269a9,5,160817.83759778092,1000
F_grdp_Hu0d0.15_a_v0.05_s0.7_bias,5a5269a9,6,65366.46644665768,514
F_grdp_Hu0d0.15_a_v0.05_s0.7_bias,05948241,0,909.7105266076635,999
F_grdp_Hu0d0.15_a_v0.05_s0.7_bias,05948241,1,5490.09440493302,1000
F_grdp_Hu0d0.15_a_v0.05_s0.7_bias,05948241,2,1142.0410582077811,1000
F_grdp_Hu0d0.15_a_v0.05_s0.7_bias,05948241,3,1623.9671181767758,880
F_grdp_Hu0d0.15_a_v0.05_s0.7_bias,a645da9a,0,54914.364725792235,999
F_grdp_Hu0d0.15_a_v0.05_s0.7_bias,a645da9a,1,58848.04241163708,1000
F_grdp_Hu0d0.15_a_v0.05_s0.7_bias,a645da9a,2,13194.237148191502,1000
F_grdp_Hu0d0.15_a_v0.05_s0.7_bias,a645da9a,3,60031.4483287595,1000
F_grdp_Hu0d0.15_a_v0.05_s0.7_bias,a645da9a,4,8300.335509955385,1000
F_grdp_Hu0d0.15_a_v0.05_s0.7_bias,a645da9a,5,1630.44862931451,154
F_grdp_Hu0d0.15_a_v0.05_s0.7_bias,368fe682,0,7811.4256216186295,999
F_grdp_Hu0d0.15_a_v0.05_s0.7_bias,368fe682,1,22841.66747249054,1000
F_grdp_Hu0d0.15_a_v0.05_s0.7_bias,368fe682,2,56741.06361573033,1000
F_grdp_Hu0d0.15_a_v0.05_s0.7_bias,368fe682,3,22507.562206117305,1000
F_grdp_Hu0d0.15_a_v0.05_s0.7_bias,368fe682,4,7578.122128172568,937
F_grdp_Hu0d0.15_a_v0.05_s0.7_bias,8995c945,0,2139.9921233716505,999
F_grdp_Hu0d0.15_a_v0.05_s0.7_bias,8995c945,1,804.7827705643997,1000
F_grdp_Hu0d0.15_a_v0.05_s0.7_bias,8995c945,2,54517.33065451617,1000
F_grdp_Hu0d0.15_a_v0.05_s0.7_bias,8995c945,3,12165.31230173531,1000
F_grdp_Hu0d0.15_a_v0.05_s0.7_bias,8995c945,4,13755.42271255051,1000
F_grdp_Hu0d0.15_a_v0.05_s0.7_bias,8995c945,5,10898.760974190778,1000
F_grdp_Hu0d0.15_a_v0.05_s0.7_bias,8995c945,6,31670.006281590722,725
F_grdp_Hu0d0.15_a_v0.05_s0.7_bias,48c1f673,0,71017.96062366318,999
F_grdp_Hu0d0.15_a_v0.05_s0.7_bias,48c1f673,1,290949.1025147445,1000
F_grdp_Hu0d0.15_a_v0.05_s0.7_bias,48c1f673,2,220569.4907099449,918
F_grdp_Hu0d0.15_a_v0.05_s0.7_bias,466fc788,0,12961.943592460546,999
F_grdp_Hu0d0.15_a_v0.05_s0.7_bias,466fc788,1,4646.40308543247,1000
F_grdp_Hu0d0.15_a_v0.05_s0.7_bias,466fc788,2,20097.13064424861,1000
F_grdp_Hu0d0.15_a_v0.05_s0.7_bias,466fc788,3,28376.207687012215,1000
F_grdp_Hu0d0.15_a_v0.05_s0.7_bias,466fc788,4,14831.417352021967,1000
F_grdp_Hu0d0.15_a_v0.05_s0.7_bias,466fc788,5,42670.49894316856,1000
F_grdp_Hu0d0.15_a_v0.05_s0.7_bias,466fc788,6,14258.757246882067,198
F_grdp_Hu0d0.15_a_v0.05_s0.7_bias,27300fd5,0,77172.94629885112,999
F_grdp_Hu0d0.15_a_v0.05_s0.7_bias,27300fd5,1,119639.46373491817,1000
F_grdp_Hu0d0.15_a_v0.05_s0.7_bias,27300fd5,2,81803.38231632298,1000
F_grdp_Hu0d0.15_a_v0.05_s0.7_bias,27300fd5,3,316970.76275940833,1000
F_grdp_Hu0d0.15_a_v0.05_s0.7_bias,27300fd5,4,96479.9146279508,1000
F_grdp_Hu0d0.15_a_v0.05_s0.7_bias,27300fd5,5,28585.945742067892,468
F_grdp_Hu0d0.15_a_v0.05_s0.7_bias,a9c9b150,0,5863.415976242646,999
F_grdp_Hu0d0.15_a_v0.05_s0.7_bias,a9c9b150,1,32721.057410992533,1000
F_grdp_Hu0d0.15_a_v0.05_s0.7_bias,a9c9b150,2,54472.015311050636,1000
F_grdp_Hu0d0.15_a_v0.05_s0.7_bias,a9c9b150,3,58526.84648809554,987
F_grdp_Hu0d0.15_a_v0.05_s0.7_bias,071d7b45,0,408971.12365503376,999
F_grdp_Hu0d0.15_a_v0.05_s0.7_bias,071d7b45,1,526263.6317573893,1000
F_grdp_Hu0d0.15_a_v0.05_s0.7_bias,071d7b45,2,291383.244127535,1000
F_grdp_Hu0d0.15_a_v0.05_s0.7_bias,071d7b45,3,54590.814341097765,212
F_grdp_Hu0d0.15_a_v0.05_s0.7_bias,ae8959c3,0,5049.81268120344,999
F_grdp_Hu0d0.15_a_v0.05_s0.7_bias,ae8959c3,1,16628.86208577649,1000
F_grdp_Hu0d0.15_a_v0.05_s0.7_bias,ae8959c3,2,37066.2130658118,1000
F_grdp_Hu0d0.15_a_v0.05_s0.7_bias,ae8959c3,3,9103.526667411359,1000
F_grdp_Hu0d0.15_a_v0.05_s0.7_bias,ae8959c3,4,965.6254734546817,519
F_grdp_Hu0d0.15_a_v0.05_s0.7_bias,35b30c7f,0,8613.925527951591,999
F_grdp_Hu0d0.15_a_v0.05_s0.7_bias,35b30c7f,1,21875.290775923353,1000
F_grdp_Hu0d0.15_a_v0.05_s0.7_bias,35b30c7f,2,37832.877652841744,1000
F_grdp_Hu0d0.15_a_v0.05_s0.7_bias,35b30c7f,3,1650.6128089831723,1000
F_grdp_Hu0d0.15_a_v0.05_s0.7_bias,35b30c7f,4,11538.754331884254,1000
F_grdp_Hu0d0.15_a_v0.05_s0.7_bias,35b30c7f,5,42946.30628834527,1000
F_grdp_Hu0d0.15_a_v0.05_s0.7_bias,35b30c7f,6,5231.119970026145,1000
F_grdp_Hu0d0.15_a_v0.05_s0.7_bias,35b30c7f,7,16510.657299706287,1000
F_grdp_Hu0d0.15_a_v0.05_s0.7_bias,35b30c7f,8,5500.736480277649,1000
F_grdp_Hu0d0.15_a_v0.05_s0.7_bias,35b30c7f,9,11807.178738345534,580
F_grdp_Hu0d0.15_a_v0.05_s0.7_bias,463c38f2,0,2205.630497782082,999
F_grdp_Hu0d0.15_a_v0.05_s0.7_bias,463c38f2,1,74367.2434981458,1000
F_grdp_Hu0d0.15_a_v0.05_s0.7_bias,463c38f2,2,69228.57998669361,1000
F_grdp_Hu0d0.15_a_v0.05_s0.7_bias,463c38f2,3,468.32198224437155,1000
F_grdp_Hu0d0.15_a_v0.05_s0.7_bias,463c38f2,4,244.8308560868343,461
F_grdp_Hu0d0.15_a_v0.05_s0.7_bias,72dd8501,0,3380.4009595895645,999
F_grdp_Hu0d0.15_a_v0.05_s0.7_bias,72dd8501,1,1454.9506370316926,1000
F_grdp_Hu0d0.15_a_v0.05_s0.7_bias,72dd8501,2,462.0187916260576,1000
F_grdp_Hu0d0.15_a_v0.05_s0.7_bias,72dd8501,3,3365.1224126401603,1000
F_grdp_Hu0d0.15_a_v0.05_s0.7_bias,72dd8501,4,15355.29601410134,1000
F_grdp_Hu0d0.15_a_v0.05_s0.7_bias,72dd8501,5,22445.676795457388,194
F_grdp_Hu0d0.15_a_v0.05_s0.7_bias,9c211c53,0,3039.5605816705274,999
F_grdp_Hu0d0.15_a_v0.05_s0.7_bias,9c211c53,1,6516.726611334805,1000
F_grdp_Hu0d0.15_a_v0.05_s0.7_bias,9c211c53,2,891.6250264432156,1000
F_grdp_Hu0d0.15_a_v0.05_s0.7_bias,9c211c53,3,7016.121509643862,1000
F_grdp_Hu0d0.15_a_v0.05_s0.7_bias,9c211c53,4,11595.946862192503,1000
F_grdp_Hu0d0.15_a_v0.05_s0.7_bias,9c211c53,5,58237.66802371419,1000
F_grdp_Hu0d0.15_a_v0.05_s0.7_bias,9c211c53,6,275769.99866932293,1000
F_grdp_Hu0d0.15_a_v0.05_s0.7_bias,9c211c53,7,86307.18095512904,266
F_grdp_Hu0d0.15_a_v0.05_s0.7_bias,4b462989,0,22697.071756441383,999
F_grdp_Hu0d0.15_a_v0.05_s0.7_bias,4b462989,1,19194.328642221604,1000
F_grdp_Hu0d0.15_a_v0.05_s0.7_bias,4b462989,2,18122.638244970665,1000
F_grdp_Hu0d0.15_a_v0.05_s0.7_bias,4b462989,3,7015.057989074209,107
F_grdp_Hu0d0.15_a_v0.05_s0.7_bias,ee4aecac,0,27214.14374675404,999
F_grdp_Hu0d0.15_a_v0.05_s0.7_bias,ee4aecac,1,78092.34988468132,1000
F_grdp_Hu0d0.15_a_v0.05_s0.7_bias,ee4aecac,2,152435.74442865566,1000
F_grdp_Hu0d0.15_a_v0.05_s0.7_bias,ee4aecac,3,229326.0464188202,1000
F_grdp_Hu0d0.15_a_v0.05_s0.7_bias,ee4aecac,4,262806.6243114364,1000
F_grdp_Hu0d0.15_a_v0.05_s0.7_bias,ee4aecac,5,103244.6752512931,266
F_grdp_Hu0d0.15_a_v0.05_s0.7_bias,c3957531,0,46190.17907595727,999
F_grdp_Hu0d0.15_a_v0.05_s0.7_bias,c3957531,1,17531.559011023655,1000
F_grdp_Hu0d0.15_a_v0.05_s0.7_bias,c3957531,2,41513.64021253187,1000
F_grdp_Hu0d0.15_a_v0.05_s0.7_bias,c3957531,3,43563.44066246407,1000
F_grdp_Hu0d0.15_a_v0.05_s0.7_bias,c3957531,4,69934.60803253257,1000
F_grdp_Hu0d0.15_a_v0.05_s0.7_bias,c3957531,5,4366.143664729154,317
F_grdp_Hu0d0.15_a_v0.05_s0.7_bias,ae0784a8,0,40821.835522038695,999
F_grdp_Hu0d0.15_a_v0.05_s0.7_bias,ae0784a8,1,3474.2190268705763,1000
F_grdp_Hu0d0.15_a_v0.05_s0.7_bias,ae0784a8,2,2137.9876989001987,1000
F_grdp_Hu0d0.15_a_v0.05_s0.7_bias,ae0784a8,3,13678.378877811345,1000
F_grdp_Hu0d0.15_a_v0.05_s0.7_bias,ae0784a8,4,2961.445091750903,1000
F_grdp_Hu0d0.15_a_v0.05_s0.7_bias,ae0784a8,5,9584.559101410317,1000
F_grdp_Hu0d0.15_a_v0.05_s0.7_bias,ae0784a8,6,146276.78346852292,1000
F_grdp_Hu0d0.15_a_v0.05_s0.7_bias,ae0784a8,7,212856.89681045304,824
F_grdp_Hu0d0.15_a_v0.05_s0.7_bias,7d57c75d,0,694.8584049915237,999
F_grdp_Hu0d0.15_a_v0.05_s0.7_bias,7d57c75d,1,3795.7510088649124,1000
F_grdp_Hu0d0.15_a_v0.05_s0.7_bias,7d57c75d,2,151058.5227294097,1000
F_grdp_Hu0d0.15_a_v0.05_s0.7_bias,7d57c75d,3,73134.31393434809,1000
F_grdp_Hu0d0.15_a_v0.05_s0.7_bias,7d57c75d,4,1101.4631140820775,406
F_grdp_Hu0d0.15_a_v0.05_s0.7_bias,e748dd88,0,5269.89165448982,999
F_grdp_Hu0d0.15_a_v0.05_s0.7_bias,e748dd88,1,17052.16472079157,1000
F_grdp_Hu0d0.15_a_v0.05_s0.7_bias,e748dd88,2,53428.52671500748,1000
F_grdp_Hu0d0.15_a_v0.05_s0.7_bias,e748dd88,3,43508.37138743724,1000
F_grdp_Hu0d0.15_a_v0.05_s0.7_bias,e748dd88,4,66526.52982657778,813
F_grdp_Hu0d0.15_a_v0.05_s0.7_bias,aaeffccb,0,12117.596337078992,999
F_grdp_Hu0d0.15_a_v0.05_s0.7_bias,aaeffccb,1,19885.740702514602,1000
F_grdp_Hu0d0.15_a_v0.05_s0.7_bias,aaeffccb,2,55840.69387290784,713
F_grdp_Hu0d0.15_a_v0.05_s0.7_bias,c07fd0cd,0,144.74056752202677,999
F_grdp_Hu0d0.15_a_v0.05_s0.7_bias,c07fd0cd,1,52507.81496752234,1000
F_grdp_Hu0d0.15_a_v0.05_s0.7_bias,c07fd0cd,2,295521.56431789015,1000
F_grdp_Hu0d0.15_a_v0.05_s0.7_bias,c07fd0cd,3,234728.4526695735,1000
F_grdp_Hu0d0.15_a_v0.05_s0.7_bias,c07fd0cd,4,5462.2422566694295,192
F_grdp_Hu0d0.15_a_v0.05_s0.7_bias,8bfa881d,0,1641.4086662209156,999
F_grdp_Hu0d0.15_a_v0.05_s0.7_bias,8bfa881d,1,22118.141992685756,1000
F_grdp_Hu0d0.15_a_v0.05_s0.7_bias,8bfa881d,2,172526.29694678242,1000
F_grdp_Hu0d0.15_a_v0.05_s0.7_bias,8bfa881d,3,232269.00853856176,1000
F_grdp_Hu0d0.15_a_v0.05_s0.7_bias,8bfa881d,4,24461.363667614893,90
F_grdp_Hu0d0.15_a_v0.05_s0.7_bias,d1ee630d,0,20796.988167294472,999
F_grdp_Hu0d0.15_a_v0.05_s0.7_bias,d1ee630d,1,185099.83269792574,1000
F_grdp_Hu0d0.15_a_v0.05_s0.7_bias,d1ee630d,2,205414.09730525874,1000
F_grdp_Hu0d0.15_a_v0.05_s0.7_bias,d1ee630d,3,52015.23800795084,1000
F_grdp_Hu0d0.15_a_v0.05_s0.7_bias,d1ee630d,4,34184.03950340952,1000
F_grdp_Hu0d0.15_a_v0.05_s0.7_bias,d1ee630d,5,82857.6857647744,1000
F_grdp_Hu0d0.15_a_v0.05_s0.7_bias,d1ee630d,6,29979.40479219306,291
F_grdp_Hu0d0.15_a_v0.05_s0.7_bias,01869cd4,0,1650.975943726694,999
F_grdp_Hu0d0.15_a_v0.05_s0.7_bias,01869cd4,1,203.97734311936546,1000
F_grdp_Hu0d0.15_a_v0.05_s0.7_bias,01869cd4,2,2811.394021231588,1000
F_grdp_Hu0d0.15_a_v0.05_s0.7_bias,01869cd4,3,13194.30106289119,1000
F_grdp_Hu0d0.15_a_v0.05_s0.7_bias,01869cd4,4,6513.205759268794,1000
F_grdp_Hu0d0.15_a_v0.05_s0.7_bias,01869cd4,5,23322.235899586754,558
F_grdp_Hu0d0.15_a_v0.05_s0.7_bias,20402d71,0,25373.987992175593,999
F_grdp_Hu0d0.15_a_v0.05_s0.7_bias,20402d71,1,16092.336871551852,1000
F_grdp_Hu0d0.15_a_v0.05_s0.7_bias,20402d71,2,2991.0245594044004,1000
F_grdp_Hu0d0.15_a_v0.05_s0.7_bias,20402d71,3,32862.09837854313,1000
F_grdp_Hu0d0.15_a_v0.05_s0.7_bias,20402d71,4,57802.390503711176,1000
F_grdp_Hu0d0.15_a_v0.05_s0.7_bias,20402d71,5,118852.11838061418,1000
F_grdp_Hu0d0.15_a_v0.05_s0.7_bias,20402d71,6,24742.003010683624,373
F_grdp_Hu0d0.15_a_v0.05_s0.7_bias,bd8f847e,0,53874.89410241584,999
F_grdp_Hu0d0.15_a_v0.05_s0.7_bias,bd8f847e,1,115929.03930853763,1000
F_grdp_Hu0d0.15_a_v0.05_s0.7_bias,bd8f847e,2,13318.038901247935,1000
F_grdp_Hu0d0.15_a_v0.05_s0.7_bias,bd8f847e,3,9039.925869045259,1000
F_grdp_Hu0d0.15_a_v0.05_s0.7_bias,bd8f847e,4,36182.724780276425,962
F_grdp_Hu0d0.15_a_v0.05_s0.7_bias,a2e8e7f6,0,17099.407006170095,999
F_grdp_Hu0d0.15_a_v0.05_s0.7_bias,a2e8e7f6,1,17681.29138702443,1000
F_grdp_Hu0d0.15_a_v0.05_s0.7_bias,a2e8e7f6,2,58174.27156665408,1000
F_grdp_Hu0d0.15_a_v0.05_s0.7_bias,a2e8e7f6,3,169780.39060833582,1000
F_grdp_Hu0d0.15_a_v0.05_s0.7_bias,a2e8e7f6,4,476954.4996105222,761
F_grdp_Hu0d0.15_a_v0.05_s0.7_bias,a783cc24,0,1337.5933362612232,999
F_grdp_Hu0d0.15_a_v0.05_s0.7_bias,a783cc24,1,7654.439754210404,890
F_grdp_Hu0d0.15_a_v0.05_s0.7_bias,70e1788b,0,11062.850787420071,999
F_grdp_Hu0d0.15_a_v0.05_s0.7_bias,70e1788b,1,14846.482484367689,1000
F_grdp_Hu0d0.15_a_v0.05_s0.7_bias,70e1788b,2,12632.288518670844,1000
F_grdp_Hu0d0.15_a_v0.05_s0.7_bias,70e1788b,3,3204.576956383968,1000
F_grdp_Hu0d0.15_a_v0.05_s0.7_bias,70e1788b,4,7719.720800792463,1000
F_grdp_Hu0d0.15_a_v0.05_s0.7_bias,70e1788b,5,50193.79205731258,1000
F_grdp_Hu0d0.15_a_v0.05_s0.7_bias,70e1788b,6,2243.7608963928724,1000
F_grdp_Hu0d0.15_a_v0.05_s0.7_bias,70e1788b,7,14160.896867573505,1000
F_grdp_Hu0d0.15_a_v0.05_s0.7_bias,70e1788b,8,55683.70457391786,1000
F_grdp_Hu0d0.15_a_v0.05_s0.7_bias,70e1788b,9,185.25355671118496,286
F_grdp_Hu0d0.15_a_v0.05_s0.7_bias,203721ab,0,1991.9431245938702,999
F_grdp_Hu0d0.15_a_v0.05_s0.7_bias,203721ab,1,12421.392431981985,1000
F_grdp_Hu0d0.15_a_v0.05_s0.7_bias,203721ab,2,22436.04088387801,1000
F_grdp_Hu0d0.15_a_v0.05_s0.7_bias,203721ab,3,2662.677418912211,1000
F_grdp_Hu0d0.15_a_v0.05_s0.7_bias,203721ab,4,1906.8321948403143,1000
F_grdp_Hu0d0.15_a_v0.05_s0.7_bias,203721ab,5,49071.21226749357,731
F_grdp_Hu0d0.15_a_v0.05_s0.7_bias,d84b621b,0,30020.177928728222,999
F_grdp_Hu0d0.15_a_v0.05_s0.7_bias,d84b621b,1,73174.96886226848,1000
F_grdp_Hu0d0.15_a_v0.05_s0.7_bias,d84b621b,2,159296.49883215476,1000
F_grdp_Hu0d0.15_a_v0.05_s0.7_bias,d84b621b,3,945271.4234143115,995
F_grdp_Hu0d0.15_a_v0.05_s0.7_bias,da3cf798,0,10852.247056237022,999
F_grdp_Hu0d0.15_a_v0.05_s0.7_bias,da3cf798,1,54236.496302494954,1000
F_grdp_Hu0d0.15_a_v0.05_s0.7_bias,da3cf798,2,114419.80478815752,1000
F_grdp_Hu0d0.15_a_v0.05_s0.7_bias,da3cf798,3,297994.9889136252,1000
F_grdp_Hu0d0.15_a_v0.05_s0.7_bias,da3cf798,4,198825.14954063777,1000
F_grdp_Hu0d0.15_a_v0.05_s0.7_bias,da3cf798,5,309452.69933068106,845
F_grdp_Hu0d0.15_a_v0.05_s0.7_bias,884ecb5f,0,179860.16839427612,999
F_grdp_Hu0d0.15_a_v0.05_s0.7_bias,884ecb5f,1,281553.3255854672,1000
F_grdp_Hu0d0.15_a_v0.05_s0.7_bias,884ecb5f,2,151579.92723317444,1000
F_grdp_Hu0d0.15_a_v0.05_s0.7_bias,884ecb5f,3,98594.76971448946,1000
F_grdp_Hu0d0.15_a_v0.05_s0.7_bias,884ecb5f,4,24483.15951123461,1000
F_grdp_Hu0d0.15_a_v0.05_s0.7_bias,884ecb5f,5,3512.4524307738952,1000
F_grdp_Hu0d0.15_a_v0.05_s0.7_bias,884ecb5f,6,5160.536802450974,725
F_grdp_Hu0d0.15_a_v0.05_s0.7_bias,8a3da6d1,0,114479.99602190219,999
F_grdp_Hu0d0.15_a_v0.05_s0.7_bias,8a3da6d1,1,111675.88361586025,1000
F_grdp_Hu0d0.15_a_v0.05_s0.7_bias,8a3da6d1,2,34500.674930908826,1000
F_grdp_Hu0d0.15_a_v0.05_s0.7_bias,8a3da6d1,3,47394.36483633856,1000
F_grdp_Hu0d0.15_a_v0.05_s0.7_bias,8a3da6d1,4,47551.32453704535,594
F_grdp_Hu0d0.15_a_v0.05_s0.7_bias,beda8696,0,3003.3477850695626,999
F_grdp_Hu0d0.15_a_v0.05_s0.7_bias,beda8696,1,3248.6501600915585,1000
F_grdp_Hu0d0.15_a_v0.05_s0.7_bias,beda8696,2,10156.711692657342,1000
F_grdp_Hu0d0.15_a_v0.05_s0.7_bias,beda8696,3,28129.70083809068,1000
F_grdp_Hu0d0.15_a_v0.05_s0.7_bias,beda8696,4,27896.97889860972,1000
F_grdp_Hu0d0.15_a_v0.05_s0.7_bias,beda8696,5,187245.85544076285,913
F_grdp_Hu0d0.15_a_v0.05_s0.7_bias,0dc835f3,0,248220.7965000132,999
F_grdp_Hu0d0.15_a_v0.05_s0.7_bias,0dc835f3,1,72184.42060000262,1000
F_grdp_Hu0d0.15_a_v0.05_s0.7_bias,0dc835f3,2,97731.78770000124,1000
F_grdp_Hu0d0.15_a_v0.05_s0.7_bias,0dc835f3,3,15423.552800007006,1000
F_grdp_Hu0d0.15_a_v0.05_s0.7_bias,0dc835f3,4,31632.02569999557,429
F_grdp_Hu0d0.15_a_v0.05_s0.7_bias,87695469,0,77484.36012900033,999
F_grdp_Hu0d0.15_a_v0.05_s0.7_bias,87695469,1,43894.58823128132,1000
F_grdp_Hu0d0.15_a_v0.05_s0.7_bias,87695469,2,5006.316699928157,1000
F_grdp_Hu0d0.15_a_v0.05_s0.7_bias,87695469,3,141065.38224971568,1000
F_grdp_Hu0d0.15_a_v0.05_s0.7_bias,87695469,4,249501.69247699503,1000
F_grdp_Hu0d0.15_a_v0.05_s0.7_bias,87695469,5,93684.07941425202,1000
F_grdp_Hu0d0.15_a_v0.05_s0.7_bias,87695469,6,108785.78714377838,1000
F_grdp_Hu0d0.15_a_v0.05_s0.7_bias,87695469,7,352.00546648965417,4
F_grdp_Hu0d0.15_a_v0.05_s0.7_bias,7e721392,0,28629.785250374403,999
F_grdp_Hu0d0.15_a_v0.05_s0.7_bias,7e721392,1,168625.76829186364,1000
F_grdp_Hu0d0.15_a_v0.05_s0.7_bias,7e721392,2,222169.81013642676,1000
F_grdp_Hu0d0.15_a_v0.05_s0.7_bias,7e721392,3,38710.80221960097,1000
F_grdp_Hu0d0.15_a_v0.05_s0.7_bias,7e721392,4,172619.82913341737,1000
F_grdp_Hu0d0.15_a_v0.05_s0.7_bias,7e721392,5,293601.42919243575,1000
F_grdp_Hu0d0.15_a_v0.05_s0.7_bias,7e721392,6,102254.94915082892,175
F_grdp_Hu0d0.15_a_v0.05_s0.7_bias,9ae248be,0,17100.51575567515,999
F_grdp_Hu0d0.15_a_v0.05_s0.7_bias,9ae248be,1,9589.862360272266,1000
F_grdp_Hu0d0.15_a_v0.05_s0.7_bias,9ae248be,2,14057.815512283903,1000
F_grdp_Hu0d0.15_a_v0.05_s0.7_bias,9ae248be,3,11480.85240895715,1000
F_grdp_Hu0d0.15_a_v0.05_s0.7_bias,9ae248be,4,108078.42359409614,1000
F_grdp_Hu0d0.15_a_v0.05_s0.7_bias,9ae248be,5,28357.487007150918,272
F_grdp_Hu0d0.15_a_v0.05_s0.7_bias,98177ced,0,234621.49990448955,999
F_grdp_Hu0d0.15_a_v0.05_s0.7_bias,98177ced,1,125822.11613161731,1000
F_grdp_Hu0d0.15_a_v0.05_s0.7_bias,98177ced,2,18670.59013161489,1000
F_grdp_Hu0d0.15_a_v0.05_s0.7_bias,98177ced,3,14312.687016867902,1000
F_grdp_Hu0d0.15_a_v0.05_s0.7_bias,98177ced,4,55336.13525837457,773
F_grdp_Hu0d0.15_a_v0.05_s0.7_bias,4c3df468,0,69759.77700124965,999
F_grdp_Hu0d0.15_a_v0.05_s0.7_bias,4c3df468,1,211883.02685504555,1000
F_grdp_Hu0d0.15_a_v0.05_s0.7_bias,4c3df468,2,655250.9242354427,1000
F_grdp_Hu0d0.15_a_v0.05_s0.7_bias,4c3df468,3,341361.1464733825,1000
F_grdp_Hu0d0.15_a_v0.05_s0.7_bias,4c3df468,4,38190.224597316395,1000
F_grdp_Hu0d0.15_a_v0.05_s0.7_bias,4c3df468,5,24215.385362098627,393
F_grdp_Hu0d0.15_a_v0.05_s0.7_bias,81bf5923,0,290185.0209128624,999
F_grdp_Hu0d0.15_a_v0.05_s0.7_bias,81bf5923,1,291774.4991948147,1000
F_grdp_Hu0d0.15_a_v0.05_s0.7_bias,81bf5923,2,254673.6141423794,1000
F_grdp_Hu0d0.15_a_v0.05_s0.7_bias,81bf5923,3,1049095.6841214986,1000
F_grdp_Hu0d0.15_a_v0.05_s0.7_bias,81bf5923,4,480054.2315062746,544
F_grdp_Hu0d0.15_a_v0.05_s0.7_bias,91abc4c7,0,23216.47039180203,999
F_grdp_Hu0d0.15_a_v0.05_s0.7_bias,91abc4c7,1,179829.86035456884,1000
F_grdp_Hu0d0.15_a_v0.05_s0.7_bias,91abc4c7,2,53366.18966104275,1000
F_grdp_Hu0d0.15_a_v0.05_s0.7_bias,91abc4c7,3,2904.228585089247,1000
F_grdp_Hu0d0.15_a_v0.05_s0.7_bias,91abc4c7,4,3882.2986680313943,1000
F_grdp_Hu0d0.15_a_v0.05_s0.7_bias,91abc4c7,5,13012.966100753261,849
F_grdp_Hu0d0.15_a_v0.05_s0.7_bias,9ad5410a,0,47466.36080036175,999
F_grdp_Hu0d0.15_a_v0.05_s0.7_bias,9ad5410a,1,105780.51263761753,1000
F_grdp_Hu0d0.15_a_v0.05_s0.7_bias,9ad5410a,2,28556.040318983767,1000
F_grdp_Hu0d0.15_a_v0.05_s0.7_bias,9ad5410a,3,2481.306769697733,1000
F_grdp_Hu0d0.15_a_v0.05_s0.7_bias,9ad5410a,4,2408.0467580629547,206
F_grdp_Hu0d0.15_a_v0.05_s0.7_bias,1bcb2fcf,0,18973.00040330143,999
F_grdp_Hu0d0.15_a_v0.05_s0.7_bias,1bcb2fcf,1,5189.886616888388,1000
F_grdp_Hu0d0.15_a_v0.05_s0.7_bias,1bcb2fcf,2,847.1595790500729,1000
F_grdp_Hu0d0.15_a_v0.05_s0.7_bias,1bcb2fcf,3,17989.49718227769,1000
F_grdp_Hu0d0.15_a_v0.05_s0.7_bias,1bcb2fcf,4,16222.47238539732,525
F_grdp_Hu0d0.15_a_v0.05_s0.7_bias,d3df146b,0,5150.8441081122455,999
F_grdp_Hu0d0.15_a_v0.05_s0.7_bias,d3df146b,1,154247.00234518107,1000
F_grdp_Hu0d0.15_a_v0.05_s0.7_bias,d3df146b,2,120492.13943852547,1000
F_grdp_Hu0d0.15_a_v0.05_s0.7_bias,d3df146b,3,78747.63029628363,1000
F_grdp_Hu0d0.15_a_v0.05_s0.7_bias,d3df146b,4,98971.53152504843,1000
F_grdp_Hu0d0.15_a_v0.05_s0.7_bias,d3df146b,5,102218.30359485974,788
F_grdp_Hu0d0.15_a_v0.05_s0.7_bias,dd6bc5b2,0,430.43623126358386,999
F_grdp_Hu0d0.15_a_v0.05_s0.7_bias,dd6bc5b2,1,7104.69421080752,1000
F_grdp_Hu0d0.15_a_v0.05_s0.7_bias,dd6bc5b2,2,1050.755114293781,1000
F_grdp_Hu0d0.15_a_v0.05_s0.7_bias,dd6bc5b2,3,7122.026354770877,603
F_grdp_Hu0d0.15_a_v0.05_s0.7_bias,81fc01c6,0,17489.55708122841,999
F_grdp_Hu0d0.15_a_v0.05_s0.7_bias,81fc01c6,1,88329.39382844404,1000
F_grdp_Hu0d0.15_a_v0.05_s0.7_bias,81fc01c6,2,52733.49178259982,1000
F_grdp_Hu0d0.15_a_v0.05_s0.7_bias,81fc01c6,3,61718.69896081641,1000
F_grdp_Hu0d0.15_a_v0.05_s0.7_bias,81fc01c6,4,43184.040377628975,1000
F_grdp_Hu0d0.15_a_v0.05_s0.7_bias,81fc01c6,5,499427.3224135524,910
F_grdp_Hu0d0.15_a_v0.05_s0.7_bias,6a8fa194,0,16031.331865877619,999
F_grdp_Hu0d0.15_a_v0.05_s0.7_bias,6a8fa194,1,3163.4659007928826,1000
F_grdp_Hu0d0.15_a_v0.05_s0.7_bias,6a8fa194,2,7377.329032929958,1000
F_grdp_Hu0d0.15_a_v0.05_s0.7_bias,6a8fa194,3,116.84138369419733,18
F_grdp_Hu0d0.15_a_v0.05_s0.7_bias,9a95e33f,0,43214.63412048721,999
F_grdp_Hu0d0.15_a_v0.05_s0.7_bias,9a95e33f,1,27255.0849596731,1000
F_grdp_Hu0d0.15_a_v0.05_s0.7_bias,9a95e33f,2,5562.487295339325,1000
F_grdp_Hu0d0.15_a_v0.05_s0.7_bias,9a95e33f,3,151702.13455480072,1000
F_grdp_Hu0d0.15_a_v0.05_s0.7_bias,9a95e33f,4,194014.82321117172,1000
F_grdp_Hu0d0.15_a_v0.05_s0.7_bias,9a95e33f,5,19059.514438299586,1000
F_grdp_Hu0d0.15_a_v0.05_s0.7_bias,9a95e33f,6,12241.500173687042,448
F_grdp_Hu0d0.15_a_v0.05_s0.7_bias,14ab73fb,0,14944.5885373824,999
F_grdp_Hu0d0.15_a_v0.05_s0.7_bias,14ab73fb,1,10696.300757726136,1000
F_grdp_Hu0d0.15_a_v0.05_s0.7_bias,14ab73fb,2,21742.501836466126,1000
F_grdp_Hu0d0.15_a_v0.05_s0.7_bias,14ab73fb,3,81893.47590498753,650
F_grdp_Hu0d0.15_a_v0.05_s0.7_bias,eb934281,0,19101.477948235697,999
F_grdp_Hu0d0.15_a_v0.05_s0.7_bias,eb934281,1,22606.769189932184,1000
F_grdp_Hu0d0.15_a_v0.05_s0.7_bias,eb934281,2,18964.035960015426,1000
F_grdp_Hu0d0.15_a_v0.05_s0.7_bias,eb934281,3,4307.204305984414,1000
F_grdp_Hu0d0.15_a_v0.05_s0.7_bias,eb934281,4,15776.85643520501,1000
F_grdp_Hu0d0.15_a_v0.05_s0.7_bias,eb934281,5,27824.90193872627,972
F_grdp_Hu0d0.15_a_v0.05_s0.7_bias,75d20a82,0,767.0773798719271,999
F_grdp_Hu0d0.15_a_v0.05_s0.7_bias,75d20a82,1,7279.274519773469,1000
F_grdp_Hu0d0.15_a_v0.05_s0.7_bias,75d20a82,2,4747.774629212329,1000
F_grdp_Hu0d0.15_a_v0.05_s0.7_bias,75d20a82,3,2319.337929140625,1000
F_grdp_Hu0d0.15_a_v0.05_s0.7_bias,75d20a82,4,9151.503798703847,1000
F_grdp_Hu0d0.15_a_v0.05_s0.7_bias,75d20a82,5,148.75487585825888,68
F_grdp_Hu0d0.15_a_v0.05_s0.7_bias,b56bc0aa,0,28188.7798019599,999
F_grdp_Hu0d0.15_a_v0.05_s0.7_bias,b56bc0aa,1,178174.02338816217,1000
F_grdp_Hu0d0.15_a_v0.05_s0.7_bias,b56bc0aa,2,224545.7884300304,1000
F_grdp_Hu0d0.15_a_v0.05_s0.7_bias,b56bc0aa,3,351633.35643225187,1000
F_grdp_Hu0d0.15_a_v0.05_s0.7_bias,b56bc0aa,4,322118.04161734454,1000
F_grdp_Hu0d0.15_a_v0.05_s0.7_bias,b56bc0aa,5,129694.56408127028,603
F_grdp_Hu0d0.15_a_v0.05_s0.7_bias,593876b6,0,9877.790648328863,999
F_grdp_Hu0d0.15_a_v0.05_s0.7_bias,593876b6,1,3156.5398926323637,1000
F_grdp_Hu0d0.15_a_v0.05_s0.7_bias,593876b6,2,4236.469234033852,1000
F_grdp_Hu0d0.15_a_v0.05_s0.7_bias,593876b6,3,1364.2680505500625,1000
F_grdp_Hu0d0.15_a_v0.05_s0.7_bias,593876b6,4,744.754868035863,843
F_grdp_Hu0d0.15_a_v0.05_s0.7_bias,25fd32b3,0,2805.1143909389684,999
F_grdp_Hu0d0.15_a_v0.05_s0.7_bias,25fd32b3,1,10890.923847845685,1000
F_grdp_Hu0d0.15_a_v0.05_s0.7_bias,25fd32b3,2,7779.168772582034,886
F_grdp_Hu0d0.15_a_v0.05_s0.7_bias,2ac7cb6b,0,5891.490760058865,999
F_grdp_Hu0d0.15_a_v0.05_s0.7_bias,2ac7cb6b,1,98569.36874821986,1000
F_grdp_Hu0d0.15_a_v0.05_s0.7_bias,2ac7cb6b,2,137141.00319927346,1000
F_grdp_Hu0d0.15_a_v0.05_s0.7_bias,2ac7cb6b,3,73355.13804554484,1000
F_grdp_Hu0d0.15_a_v0.05_s0.7_bias,2ac7cb6b,4,182540.00483561648,991
F_grdp_Hu0d0.15_a_v0.05_s0.7_bias,89fdb2f2,0,1711.0435403474087,999
F_grdp_Hu0d0.15_a_v0.05_s0.7_bias,89fdb2f2,1,1558.6587320995277,1000
F_grdp_Hu0d0.15_a_v0.05_s0.7_bias,89fdb2f2,2,43.496766962095876,32
F_grdp_Hu0d0.15_a_v0.05_s0.7_bias,fdfd57da,0,7350.736633525216,999
F_grdp_Hu0d0.15_a_v0.05_s0.7_bias,fdfd57da,1,60930.795855284035,1000
F_grdp_Hu0d0.15_a_v0.05_s0.7_bias,fdfd57da,2,116497.34370383315,1000
F_grdp_Hu0d0.15_a_v0.05_s0.7_bias,fdfd57da,3,36364.71704762123,1000
F_grdp_Hu0d0.15_a_v0.05_s0.7_bias,fdfd57da,4,35903.91689104751,1000
F_grdp_Hu0d0.15_a_v0.05_s0.7_bias,fdfd57da,5,5762.4544617199845,237
F_grdp_Hu0d0.15_a_v0.05_s0.7_bias,b32902c0,0,37598.31485545101,999
F_grdp_Hu0d0.15_a_v0.05_s0.7_bias,b32902c0,1,109876.10243326228,1000
F_grdp_Hu0d0.15_a_v0.05_s0.7_bias,b32902c0,2,421140.6466556659,1000
F_grdp_Hu0d0.15_a_v0.05_s0.7_bias,b32902c0,3,269783.51823894493,809
F_grdp_Hu0d0.15_a_v0.05_s0.7_bias,8648abae,0,1861.90525269121,999
F_grdp_Hu0d0.15_a_v0.05_s0.7_bias,8648abae,1,7011.889929355346,1000
F_grdp_Hu0d0.15_a_v0.05_s0.7_bias,8648abae,2,4515.835459866801,1000
F_grdp_Hu0d0.15_a_v0.05_s0.7_bias,8648abae,3,91319.57089276673,1000
F_grdp_Hu0d0.15_a_v0.05_s0.7_bias,8648abae,4,31210.10078273282,245
F_grdp_Hu0d0.15_a_v0.05_s0.7_bias,25939962,0,24492.586899461006,999
F_grdp_Hu0d0.15_a_v0.05_s0.7_bias,25939962,1,59059.644680123216,1000
F_grdp_Hu0d0.15_a_v0.05_s0.7_bias,25939962,2,47940.93154207878,1000
F_grdp_Hu0d0.15_a_v0.05_s0.7_bias,25939962,3,3838.140084409912,1000
F_grdp_Hu0d0.15_a_v0.05_s0.7_bias,25939962,4,11417.219023954887,320
F_grdp_Hu0d0.15_a_v0.05_s0.7_bias,591cc951,0,13971.278886664928,999
F_grdp_Hu0d0.15_a_v0.05_s0.7_bias,591cc951,1,29513.539452611472,1000
F_grdp_Hu0d0.15_a_v0.05_s0.7_bias,591cc951,2,68672.21594341745,1000
F_grdp_Hu0d0.15_a_v0.05_s0.7_bias,591cc951,3,81644.90275224588,1000
F_grdp_Hu0d0.15_a_v0.05_s0.7_bias,591cc951,4,58338.089223429226,610
F_grdp_Hu0d0.15_a_v0.05_s0.7_bias,7850c72e,0,229988.1647537807,999
F_grdp_Hu0d0.15_a_v0.05_s0.7_bias,7850c72e,1,489587.4168483599,1000
F_grdp_Hu0d0.15_a_v0.05_s0.7_bias,7850c72e,2,502950.88304026454,1000
F_grdp_Hu0d0.15_a_v0.05_s0.7_bias,7850c72e,3,782093.4265882848,1000
F_grdp_Hu0d0.15_a_v0.05_s0.7_bias,7850c72e,4,1550822.3566347128,1000
F_grdp_Hu0d0.15_a_v0.05_s0.7_bias,7850c72e,5,615660.0686858968,498
F_grdp_Hu0d0.15_a_v0.05_s0.7_bias,404c4384,0,3800.449444524954,911
F_grdp_Hu0d0.15_a_v0.05_s0.7_bias,dd7d638e,0,277.8692799256724,999
F_grdp_Hu0d0.15_a_v0.05_s0.7_bias,dd7d638e,1,7084.723148148502,1000
F_grdp_Hu0d0.15_a_v0.05_s0.7_bias,dd7d638e,2,2043.5345531844653,1000
F_grdp_Hu0d0.15_a_v0.05_s0.7_bias,dd7d638e,3,613.2787719510112,1000
F_grdp_Hu0d0.15_a_v0.05_s0.7_bias,dd7d638e,4,5633.005800816325,302
F_grdp_Hu0d0.15_a_v0.05_s0.7_bias,da3bfe4e,0,4358.477726767336,999
F_grdp_Hu0d0.15_a_v0.05_s0.7_bias,da3bfe4e,1,87791.8088467476,1000
F_grdp_Hu0d0.15_a_v0.05_s0.7_bias,da3bfe4e,2,81663.2326064028,1000
F_grdp_Hu0d0.15_a_v0.05_s0.7_bias,da3bfe4e,3,3046.1869886100235,1000
F_grdp_Hu0d0.15_a_v0.05_s0.7_bias,da3bfe4e,4,4208.65529018157,1000
F_grdp_Hu0d0.15_a_v0.05_s0.7_bias,da3bfe4e,5,961.999869082799,550
F_grdp_Hu0d0.15_a_v0.05_s0.7_bias,113011eb,0,55075.90326374905,999
F_grdp_Hu0d0.15_a_v0.05_s0.7_bias,113011eb,1,34261.446872001325,1000
F_grdp_Hu0d0.15_a_v0.05_s0.7_bias,113011eb,2,23167.592869525306,1000
F_grdp_Hu0d0.15_a_v0.05_s0.7_bias,113011eb,3,1422.2278158340234,273
F_grdp_Hu0d0.15_a_v0.05_s0.7_bias,74b6186b,0,325.0126416789976,999
F_grdp_Hu0d0.15_a_v0.05_s0.7_bias,74b6186b,1,13648.292089041703,1000
F_grdp_Hu0d0.15_a_v0.05_s0.7_bias,74b6186b,2,51187.304275298855,1000
F_grdp_Hu0d0.15_a_v0.05_s0.7_bias,74b6186b,3,1648.0880426810654,406
F_grdp_Hu0d0.15_a_v0.05_s0.7_bias,3ef98781,0,17802.26719574072,999
F_grdp_Hu0d0.15_a_v0.05_s0.7_bias,3ef98781,1,6867.171023512864,1000
F_grdp_Hu0d0.15_a_v0.05_s0.7_bias,3ef98781,2,55537.513366649015,1000
F_grdp_Hu0d0.15_a_v0.05_s0.7_bias,3ef98781,3,56848.53574038298,893
F_grdp_Hu0d0.15_a_v0.05_s0.7_bias,8b95d6d1,0,13470.810036028663,999
F_grdp_Hu0d0.15_a_v0.05_s0.7_bias,8b95d6d1,1,26951.894775811874,732
F_grdp_Hu0d0.15_a_v0.05_s0.7_bias,aee6393a,0,20049.39731451847,999
F_grdp_Hu0d0.15_a_v0.05_s0.7_bias,aee6393a,1,49231.59257212188,1000
F_grdp_Hu0d0.15_a_v0.05_s0.7_bias,aee6393a,2,32706.692181365357,1000
F_grdp_Hu0d0.15_a_v0.05_s0.7_bias,aee6393a,3,40415.74058749888,1000
F_grdp_Hu0d0.15_a_v0.05_s0.7_bias,aee6393a,4,11814.098517198317,1000
F_grdp_Hu0d0.15_a_v0.05_s0.7_bias,aee6393a,5,24100.895418006785,866
F_grdp_Hu0d0.15_a_v0.05_s0.7_bias,3f603129,0,96247.30162920902,999
F_grdp_Hu0d0.15_a_v0.05_s0.7_bias,3f603129,1,669007.9832333735,1000
F_grdp_Hu0d0.15_a_v0.05_s0.7_bias,3f603129,2,509359.55809051637,1000
F_grdp_Hu0d0.15_a_v0.05_s0.7_bias,3f603129,3,541939.3765307572,1000
F_grdp_Hu0d0.15_a_v0.05_s0.7_bias,3f603129,4,295389.27307030425,1000
F_grdp_Hu0d0.15_a_v0.05_s0.7_bias,3f603129,5,6806.644171727631,52
F_grdp_Hu0d0.15_a_v0.05_s0.7_bias,1f9afacb,0,6658.655313282421,999
F_grdp_Hu0d0.15_a_v0.05_s0.7_bias,1f9afacb,1,2465.595136173236,1000
F_grdp_Hu0d0.15_a_v0.05_s0.7_bias,1f9afacb,2,24427.235942433592,1000
F_grdp_Hu0d0.15_a_v0.05_s0.7_bias,1f9afacb,3,5763.822067836425,1000
F_grdp_Hu0d0.15_a_v0.05_s0.7_bias,1f9afacb,4,115.16044430582565,1000
F_grdp_Hu0d0.15_a_v0.05_s0.7_bias,1f9afacb,5,659.6359044148604,329
F_grdp_Hu0d0.15_a_v0.05_s0.7_bias,a3f71395,0,207053.1225587804,999
F_grdp_Hu0d0.15_a_v0.05_s0.7_bias,a3f71395,1,397021.27326446696,1000
F_grdp_Hu0d0.15_a_v0.05_s0.7_bias,a3f71395,2,217835.51349427746,1000
F_grdp_Hu0d0.15_a_v0.05_s0.7_bias,a3f71395,3,185092.34689528003,1000
F_grdp_Hu0d0.15_a_v0.05_s0.7_bias,a3f71395,4,16659.99950216842,1000
F_grdp_Hu0d0.15_a_v0.05_s0.7_bias,a3f71395,5,4881.548693875255,544
F_grdp_Hu0d0.15_a_v0.05_s0.7_bias,01982c1d,0,1956.7676708861804,999
F_grdp_Hu0d0.15_a_v0.05_s0.7_bias,01982c1d,1,873.1640634273614,1000
F_grdp_Hu0d0.15_a_v0.05_s0.7_bias,01982c1d,2,2375.8757488935557,1000
F_grdp_Hu0d0.15_a_v0.05_s0.7_bias,01982c1d,3,3078.9813217686656,942
F_grdp_Hu0d0.15_a_v0.05_s0.7_bias,c9e6734f,0,16987.296491729598,999
F_grdp_Hu0d0.15_a_v0.05_s0.7_bias,c9e6734f,1,9363.789135185869,1000
F_grdp_Hu0d0.15_a_v0.05_s0.7_bias,c9e6734f,2,2575.312247732874,1000
F_grdp_Hu0d0.15_a_v0.05_s0.7_bias,c9e6734f,3,28500.03875776032,1000
F_grdp_Hu0d0.15_a_v0.05_s0.7_bias,c9e6734f,4,27291.68657830596,736
F_grdp_Hu0d0.15_a_v0.05_s0.7_bias,f439a621,0,8058.407245280153,999
F_grdp_Hu0d0.15_a_v0.05_s0.7_bias,f439a621,1,9950.899949801107,1000
F_grdp_Hu0d0.15_a_v0.05_s0.7_bias,f439a621,2,12735.807870123492,822
F_grdp_Hu0d0.15_a_v0.05_s0.7_bias,98bc6f66,0,38854.16491944689,999
F_grdp_Hu0d0.15_a_v0.05_s0.7_bias,98bc6f66,1,205432.709214313,1000
F_grdp_Hu0d0.15_a_v0.05_s0.7_bias,98bc6f66,2,232308.47390209016,1000
F_grdp_Hu0d0.15_a_v0.05_s0.7_bias,98bc6f66,3,246896.77931945794,1000
F_grdp_Hu0d0.15_a_v0.05_s0.7_bias,98bc6f66,4,288289.131558699,1000
F_grdp_Hu0d0.15_a_v0.05_s0.7_bias,98bc6f66,5,66227.48285362234,1000
F_grdp_Hu0d0.15_a_v0.05_s0.7_bias,98bc6f66,6,1991.3074820809152,64
F_grdp_Hu0d0.15_a_v0.05_s0.7_bias,e730c32b,0,6116.6669304737925,999
F_grdp_Hu0d0.15_a_v0.05_s0.7_bias,e730c32b,1,18865.935069554038,1000
F_grdp_Hu0d0.15_a_v0.05_s0.7_bias,e730c32b,2,254789.90168141382,1000
F_grdp_Hu0d0.15_a_v0.05_s0.7_bias,e730c32b,3,204984.56656938535,1000
F_grdp_Hu0d0.15_a_v0.05_s0.7_bias,e730c32b,4,192687.3222216485,729
F_grdp_Hu0d0.15_a_v0.05_s0.7_bias,865033f8,0,2040.9539506910342,999
F_grdp_Hu0d0.15_a_v0.05_s0.7_bias,865033f8,1,16542.338940558217,1000
F_grdp_Hu0d0.15_a_v0.05_s0.7_bias,865033f8,2,21286.701149137163,1000
F_grdp_Hu0d0.15_a_v0.05_s0.7_bias,865033f8,3,8471.598624026019,558
F_grdp_Hu0d0.15_a_v0.05_s0.7_bias,729665c0,0,72229.13837807642,999
F_grdp_Hu0d0.15_a_v0.05_s0.7_bias,729665c0,1,112396.16688894169,1000
F_grdp_Hu0d0.15_a_v0.05_s0.7_bias,729665c0,2,16776.851544384088,1000
F_grdp_Hu0d0.15_a_v0.05_s0.7_bias,729665c0,3,66741.96616344301,1000
F_grdp_Hu0d0.15_a_v0.05_s0.7_bias,729665c0,4,35131.979167006866,264
F_grdp_Hu0d0.15_a_v0.05_s0.7_bias,7cbbd047,0,23688.139829945692,999
F_grdp_Hu0d0.15_a_v0.05_s0.7_bias,7cbbd047,1,41172.50318939154,1000
F_grdp_Hu0d0.15_a_v0.05_s0.7_bias,7cbbd047,2,28688.26975267093,1000
F_grdp_Hu0d0.15_a_v0.05_s0.7_bias,7cbbd047,3,2312.7094973518515,1000
F_grdp_Hu0d0.15_a_v0.05_s0.7_bias,7cbbd047,4,50569.15694457571,1000
F_grdp_Hu0d0.15_a_v0.05_s0.7_bias,7cbbd047,5,19479.47034569065,122
F_grdp_Hu0d0.15_a_v0.05_s0.7_bias,c70c0e01,0,87.25281972372373,999
F_grdp_Hu0d0.15_a_v0.05_s0.7_bias,c70c0e01,1,19206.34292919182,1000
F_grdp_Hu0d0.15_a_v0.05_s0.7_bias,c70c0e01,2,7890.775668383583,1000
F_grdp_Hu0d0.15_a_v0.05_s0.7_bias,c70c0e01,3,149887.83739700125,1000
F_grdp_Hu0d0.15_a_v0.05_s0.7_bias,c70c0e01,4,100407.68549844777,313
F_grdp_Hu0d0.15_a_v0.05_s0.7_bias,a87433c9,0,27030.991850371487,999
F_grdp_Hu0d0.15_a_v0.05_s0.7_bias,a87433c9,1,8252.117889839183,1000
F_grdp_Hu0d0.15_a_v0.05_s0.7_bias,a87433c9,2,11518.504634516985,1000
F_grdp_Hu0d0.15_a_v0.05_s0.7_bias,a87433c9,3,12064.387749913467,1000
F_grdp_Hu0d0.15_a_v0.05_s0.7_bias,a87433c9,4,148709.61888685313,1000
F_grdp_Hu0d0.15_a_v0.05_s0.7_bias,a87433c9,5,460209.39122170093,722
F_grdp_Hu0d0.15_a_v0.05_s0.7_bias,f6bc699b,0,3635.101388172369,999
F_grdp_Hu0d0.15_a_v0.05_s0.7_bias,f6bc699b,1,58946.52680157911,1000
F_grdp_Hu0d0.15_a_v0.05_s0.7_bias,f6bc699b,2,19170.18816847903,1000
F_grdp_Hu0d0.15_a_v0.05_s0.7_bias,f6bc699b,3,107038.998440376,753
F_grdp_Hu0d0.15_a_v0.05_s0.7_bias,8382f4b6,0,2491.0051893537616,999
F_grdp_Hu0d0.15_a_v0.05_s0.7_bias,8382f4b6,1,736.7876714405553,1000
F_grdp_Hu0d0.15_a_v0.05_s0.7_bias,8382f4b6,2,891.4157379693049,1000
F_grdp_Hu0d0.15_a_v0.05_s0.7_bias,8382f4b6,3,6579.555291564317,1000
F_grdp_Hu0d0.15_a_v0.05_s0.7_bias,8382f4b6,4,27361.326704825446,968
F_grdp_Hu0d0.15_a_v0.05_s0.7_bias,27c3155b,0,50358.24028779451,999
F_grdp_Hu0d0.15_a_v0.05_s0.7_bias,27c3155b,1,81750.57367214421,1000
F_grdp_Hu0d0.15_a_v0.05_s0.7_bias,27c3155b,2,138151.30225835188,1000
F_grdp_Hu0d0.15_a_v0.05_s0.7_bias,27c3155b,3,313152.2597811968,1000
F_grdp_Hu0d0.15_a_v0.05_s0.7_bias,27c3155b,4,134477.4983920087,959
F_grdp_Hu0d0.15_a_v0.05_s0.7_bias,398dce4b,0,80.62504058500639,999
F_grdp_Hu0d0.15_a_v0.05_s0.7_bias,398dce4b,1,23414.409574880985,1000
F_grdp_Hu0d0.15_a_v0.05_s0.7_bias,398dce4b,2,8443.221560531525,1000
F_grdp_Hu0d0.15_a_v0.05_s0.7_bias,398dce4b,3,809.504929218508,167
F_grdp_Hu0d0.15_a_v0.05_s0.7_bias,2acc78d4,0,779.9816166526965,999
F_grdp_Hu0d0.15_a_v0.05_s0.7_bias,2acc78d4,1,60852.80201922623,1000
F_grdp_Hu0d0.15_a_v0.05_s0.7_bias,2acc78d4,2,30797.811334536134,1000
F_grdp_Hu0d0.15_a_v0.05_s0.7_bias,2acc78d4,3,218684.2192813602,1000
F_grdp_Hu0d0.15_a_v0.05_s0.7_bias,2acc78d4,4,14323.303015460062,267
F_grdp_Hu0d0.15_a_v0.05_s0.7_bias,660d9546,0,1989.0655729184773,999
F_grdp_Hu0d0.15_a_v0.05_s0.7_bias,660d9546,1,4137.457582224997,1000
F_grdp_Hu0d0.15_a_v0.05_s0.7_bias,660d9546,2,4814.496042736075,1000
F_grdp_Hu0d0.15_a_v0.05_s0.7_bias,660d9546,3,19629.537656822034,1000
F_grdp_Hu0d0.15_a_v0.05_s0.7_bias,660d9546,4,10111.004722109767,733
F_grdp_Hu0d0.15_a_v0.05_s0.7_bias,cf50c9d1,0,73659.86118084568,999
F_grdp_Hu0d0.15_a_v0.05_s0.7_bias,cf50c9d1,1,215389.0721192068,1000
F_grdp_Hu0d0.15_a_v0.05_s0.7_bias,cf50c9d1,2,398432.82567319024,1000
F_grdp_Hu0d0.15_a_v0.05_s0.7_bias,cf50c9d1,3,235604.1738304516,1000
F_grdp_Hu0d0.15_a_v0.05_s0.7_bias,cf50c9d1,4,293617.4912500823,859
F_grdp_Hu0d0.15_a_v0.05_s0.7_bias,cb879f40,0,143.09756936151229,999
F_grdp_Hu0d0.15_a_v0.05_s0.7_bias,cb879f40,1,1728.558738975264,1000
F_grdp_Hu0d0.15_a_v0.05_s0.7_bias,cb879f40,2,34384.434593181875,1000
F_grdp_Hu0d0.15_a_v0.05_s0.7_bias,cb879f40,3,52234.93901516498,1000
F_grdp_Hu0d0.15_a_v0.05_s0.7_bias,cb879f40,4,86501.21163314575,1000
F_grdp_Hu0d0.15_a_v0.05_s0.7_bias,cb879f40,5,51158.94935372099,1000
F_grdp_Hu0d0.15_a_v0.05_s0.7_bias,cb879f40,6,3696.028805821616,316
F_grdp_Hu0d0.15_a_v0.05_s0.7_bias,ecdab904,0,12409.971753216969,999
F_grdp_Hu0d0.15_a_v0.05_s0.7_bias,ecdab904,1,11044.87102677534,1000
F_grdp_Hu0d0.15_a_v0.05_s0.7_bias,ecdab904,2,1955.408005820642,1000
F_grdp_Hu0d0.15_a_v0.05_s0.7_bias,ecdab904,3,13201.102148183492,1000
F_grdp_Hu0d0.15_a_v0.05_s0.7_bias,ecdab904,4,1271.3613518587388,1000
F_grdp_Hu0d0.15_a_v0.05_s0.7_bias,ecdab904,5,86146.35904897287,1000
F_grdp_Hu0d0.15_a_v0.05_s0.7_bias,ecdab904,6,67960.28611458116,148
F_grdp_Hu0d0.15_a_v0.05_s0.7_bias,aa95015b,0,1822.5113669395657,999
F_grdp_Hu0d0.15_a_v0.05_s0.7_bias,aa95015b,1,33175.32366581105,1000
F_grdp_Hu0d0.15_a_v0.05_s0.7_bias,aa95015b,2,39924.842797000645,1000
F_grdp_Hu0d0.15_a_v0.05_s0.7_bias,aa95015b,3,16285.37567670765,1000
F_grdp_Hu0d0.15_a_v0.05_s0.7_bias,aa95015b,4,11356.952340062271,301
F_grdp_Hu0d0.15_a_v0.05_s0.7_bias,c9fedcf3,0,165.78031204717107,999
F_grdp_Hu0d0.15_a_v0.05_s0.7_bias,c9fedcf3,1,12956.113266854454,1000
F_grdp_Hu0d0.15_a_v0.05_s0.7_bias,c9fedcf3,2,1375.5219563264084,1000
F_grdp_Hu0d0.15_a_v0.05_s0.7_bias,c9fedcf3,3,189.76256201027354,518
F_grdp_Hu0d0.15_a_v0.05_s0.7_bias,4a335117,0,25558.992203629365,999
F_grdp_Hu0d0.15_a_v0.05_s0.7_bias,4a335117,1,78177.26535776308,1000
F_grdp_Hu0d0.15_a_v0.05_s0.7_bias,4a335117,2,248512.8969583453,1000
F_grdp_Hu0d0.15_a_v0.05_s0.7_bias,4a335117,3,55956.31945560213,1000
F_grdp_Hu0d0.15_a_v0.05_s0.7_bias,4a335117,4,53787.72383903693,1000
F_grdp_Hu0d0.15_a_v0.05_s0.7_bias,4a335117,5,19.207599913619507,16
F_grdp_Hu0d0.15_a_v0.05_s0.7_bias,da940160,0,976.6094557164373,999
F_grdp_Hu0d0.15_a_v0.05_s0.7_bias,da940160,1,868.6168742025383,1000
F_grdp_Hu0d0.15_a_v0.05_s0.7_bias,da940160,2,5498.5251209631015,1000
F_grdp_Hu0d0.15_a_v0.05_s0.7_bias,da940160,3,6721.07960882448,1000
F_grdp_Hu0d0.15_a_v0.05_s0.7_bias,da940160,4,26679.262195393196,1000
F_grdp_Hu0d0.15_a_v0.05_s0.7_bias,da940160,5,7637.106062592405,133
F_grdp_Hu0d0.15_a_v0.05_s0.7_bias,272abef3,0,214.36907985368927,999
F_grdp_Hu0d0.15_a_v0.05_s0.7_bias,272abef3,1,66231.81755765868,1000
F_grdp_Hu0d0.15_a_v0.05_s0.7_bias,272abef3,2,159401.80652214712,1000
F_grdp_Hu0d0.15_a_v0.05_s0.7_bias,272abef3,3,158992.28544517723,1000
F_grdp_Hu0d0.15_a_v0.05_s0.7_bias,272abef3,4,14257.969128926896,136
F_grdp_Hu0d0.15_a_v0.05_s0.7_bias,a056d01e,0,5748.656596597733,999
F_grdp_Hu0d0.15_a_v0.05_s0.7_bias,a056d01e,1,2381.4239730093173,1000
F_grdp_Hu0d0.15_a_v0.05_s0.7_bias,a056d01e,2,7473.062626654753,1000
F_grdp_Hu0d0.15_a_v0.05_s0.7_bias,a056d01e,3,6868.933152424385,1000
F_grdp_Hu0d0.15_a_v0.05_s0.7_bias,a056d01e,4,9290.627317832397,1000
F_grdp_Hu0d0.15_a_v0.05_s0.7_bias,a056d01e,5,7754.490419261405,1000
F_grdp_Hu0d0.15_a_v0.05_s0.7_bias,a056d01e,6,3627.520644770443,558
F_grdp_Hu0d0.15_a_v0.05_s0.7_bias,a4719920,0,56115.806055943896,999
F_grdp_Hu0d0.15_a_v0.05_s0.7_bias,a4719920,1,7930.148756895654,1000
F_grdp_Hu0d0.15_a_v0.05_s0.7_bias,a4719920,2,99127.01877985554,1000
F_grdp_Hu0d0.15_a_v0.05_s0.7_bias,a4719920,3,385738.57839390094,1000
F_grdp_Hu0d0.15_a_v0.05_s0.7_bias,a4719920,4,467617.7254090167,1000
F_grdp_Hu0d0.15_a_v0.05_s0.7_bias,a4719920,5,317379.51060971903,885
F_grdp_Hu0d0.15_a_v0.05_s0.7_bias,726f3dc2,0,1633.4355773202685,999
F_grdp_Hu0d0.15_a_v0.05_s0.7_bias,726f3dc2,1,6640.200141048756,1000
F_grdp_Hu0d0.15_a_v0.05_s0.7_bias,726f3dc2,2,51870.91676361858,1000
F_grdp_Hu0d0.15_a_v0.05_s0.7_bias,726f3dc2,3,8812.8714724531,1000
F_grdp_Hu0d0.15_a_v0.05_s0.7_bias,726f3dc2,4,16755.08876642215,1000
F_grdp_Hu0d0.15_a_v0.05_s0.7_bias,726f3dc2,5,3553.9184122502943,1000
F_grdp_Hu0d0.15_a_v0.05_s0.7_bias,726f3dc2,6,8739.463263024458,724
F_grdp_Hu0d0.15_a_v0.05_s0.7_bias,5cb483ac,0,3710.948204673083,999
F_grdp_Hu0d0.15_a_v0.05_s0.7_bias,5cb483ac,1,28346.81565735306,1000
F_grdp_Hu0d0.15_a_v0.05_s0.7_bias,5cb483ac,2,7871.187956852219,1000
F_grdp_Hu0d0.15_a_v0.05_s0.7_bias,5cb483ac,3,1985.4331573337058,853
F_grdp_Hu0d0.15_a_v0.05_s0.7_bias,5bd25f59,0,4835.315112386798,999
F_grdp_Hu0d0.15_a_v0.05_s0.7_bias,5bd25f59,1,24157.199182891283,1000
F_grdp_Hu0d0.15_a_v0.05_s0.7_bias,5bd25f59,2,20957.989346717408,1000
F_grdp_Hu0d0.15_a_v0.05_s0.7_bias,5bd25f59,3,10330.314985850528,1000
F_grdp_Hu0d0.15_a_v0.05_s0.7_bias,5bd25f59,4,238.23769635094283,211
F_grdp_Hu0d0.15_a_v0.05_s0.7_bias,79507629,0,21856.872880407238,999
F_grdp_Hu0d0.15_a_v0.05_s0.7_bias,79507629,1,60232.92963685546,1000
F_grdp_Hu0d0.15_a_v0.05_s0.7_bias,79507629,2,177501.88356102904,1000
F_grdp_Hu0d0.15_a_v0.05_s0.7_bias,79507629,3,128950.83015574257,1000
F_grdp_Hu0d0.15_a_v0.05_s0.7_bias,79507629,4,165415.5490115082,1000
F_grdp_Hu0d0.15_a_v0.05_s0.7_bias,79507629,5,82683.26629637984,303
F_grdp_Hu0d0.15_a_v0.05_s0.7_bias,f4d12d23,0,3164.2985304582135,999
F_grdp_Hu0d0.15_a_v0.05_s0.7_bias,f4d12d23,1,12544.016188153379,1000
F_grdp_Hu0d0.15_a_v0.05_s0.7_bias,f4d12d23,2,5746.419162014705,1000
F_grdp_Hu0d0.15_a_v0.05_s0.7_bias,f4d12d23,3,1818.9502589679953,702
F_grdp_Hu0d0.15_a_v0.05_s0.7_bias,3ef6372a,0,10224.363872383308,999
F_grdp_Hu0d0.15_a_v0.05_s0.7_bias,3ef6372a,1,596.6123668859092,1000
F_grdp_Hu0d0.15_a_v0.05_s0.7_bias,3ef6372a,2,3503.773751408686,1000
F_grdp_Hu0d0.15_a_v0.05_s0.7_bias,3ef6372a,3,28308.89899726686,1000
F_grdp_Hu0d0.15_a_v0.05_s0.7_bias,3ef6372a,4,321.36463400956376,728
F_grdp_Hu0d0.15_a_v0.05_s0.7_bias,18d24f7b,0,5696.1808603716545,999
F_grdp_Hu0d0.15_a_v0.05_s0.7_bias,18d24f7b,1,5776.541315013517,1000
F_grdp_Hu0d0.15_a_v0.05_s0.7_bias,18d24f7b,2,35270.333666457744,1000
F_grdp_Hu0d0.15_a_v0.05_s0.7_bias,18d24f7b,3,127450.69067199808,1000
F_grdp_Hu0d0.15_a_v0.05_s0.7_bias,18d24f7b,4,92393.53153471946,559
F_grdp_Hu0d0.15_a_v0.05_s0.7_bias,fa31da94,0,9592.44593013783,999
F_grdp_Hu0d0.15_a_v0.05_s0.7_bias,fa31da94,1,363330.34255616093,1000
F_grdp_Hu0d0.15_a_v0.05_s0.7_bias,fa31da94,2,281498.65318325144,1000
F_grdp_Hu0d0.15_a_v0.05_s0.7_bias,fa31da94,3,4093.736474782253,1000
F_grdp_Hu0d0.15_a_v0.05_s0.7_bias,fa31da94,4,3263.9635084385013,1000
F_grdp_Hu0d0.15_a_v0.05_s0.7_bias,fa31da94,5,0.8098272148443937,28
F_grdp_Hu0d0.15_a_v0.05_s0.7_bias,cdc31d65,0,25023.438999750542,999
F_grdp_Hu0d0.15_a_v0.05_s0.7_bias,cdc31d65,1,23974.983093077448,1000
F_grdp_Hu0d0.15_a_v0.05_s0.7_bias,cdc31d65,2,1580.9738293966439,1000
F_grdp_Hu0d0.15_a_v0.05_s0.7_bias,cdc31d65,3,1351.8536216216232,1000
F_grdp_Hu0d0.15_a_v0.05_s0.7_bias,cdc31d65,4,850.835966794571,841
F_grdp_Hu0d0.15_a_v0.05_s0.7_bias,c50b42f6,0,1398.6454476344247,999
F_grdp_Hu0d0.15_a_v0.05_s0.7_bias,c50b42f6,1,4138.413317333267,1000
F_grdp_Hu0d0.15_a_v0.05_s0.7_bias,c50b42f6,2,4162.99638460918,1000
F_grdp_Hu0d0.15_a_v0.05_s0.7_bias,c50b42f6,3,1154.092380178152,1000
F_grdp_Hu0d0.15_a_v0.05_s0.7_bias,c50b42f6,4,12536.742789495174,1000
F_grdp_Hu0d0.15_a_v0.05_s0.7_bias,c50b42f6,5,4242.747356837206,1000
F_grdp_Hu0d0.15_a_v0.05_s0.7_bias,c50b42f6,6,3.0674000297587285,15
F_grdp_Hu0d0.15_a_v0.05_s0.7_bias,19871e7f,0,2662.57642609909,999
F_grdp_Hu0d0.15_a_v0.05_s0.7_bias,19871e7f,1,1249.7256194592712,1000
F_grdp_Hu0d0.15_a_v0.05_s0.7_bias,19871e7f,2,24515.005232255942,1000
F_grdp_Hu0d0.15_a_v0.05_s0.7_bias,19871e7f,3,57537.144197372334,1000
F_grdp_Hu0d0.15_a_v0.05_s0.7_bias,19871e7f,4,56682.77126153667,1000
F_grdp_Hu0d0.15_a_v0.05_s0.7_bias,19871e7f,5,14116.499577555885,294
F_grdp_Hu0d0.15_a_v0.05_s0.7_bias,8cc21f01,0,50241.44082225137,999
F_grdp_Hu0d0.15_a_v0.05_s0.7_bias,8cc21f01,1,5359.54407864065,1000
F_grdp_Hu0d0.15_a_v0.05_s0.7_bias,8cc21f01,2,69778.30242479368,1000
F_grdp_Hu0d0.15_a_v0.05_s0.7_bias,8cc21f01,3,144700.26913970767,1000
F_grdp_Hu0d0.15_a_v0.05_s0.7_bias,8cc21f01,4,5838.999637056071,45
F_grdp_Hu0d0.15_a_v0.05_s0.7_bias,e7818f7a,0,3824.634826359723,999
F_grdp_Hu0d0.15_a_v0.05_s0.7_bias,e7818f7a,1,26426.108990087745,1000
F_grdp_Hu0d0.15_a_v0.05_s0.7_bias,e7818f7a,2,9469.910664181149,1000
F_grdp_Hu0d0.15_a_v0.05_s0.7_bias,e7818f7a,3,7904.150903289464,1000
F_grdp_Hu0d0.15_a_v0.05_s0.7_bias,e7818f7a,4,257044.17985870363,1000
F_grdp_Hu0d0.15_a_v0.05_s0.7_bias,e7818f7a,5,108638.4842791577,372
F_grdp_Hu0d0.15_a_v0.05_s0.7_bias,d543916f,0,13582.180504484315,999
F_grdp_Hu0d0.15_a_v0.05_s0.7_bias,d543916f,1,2909.697619569163,1000
F_grdp_Hu0d0.15_a_v0.05_s0.7_bias,d543916f,2,99928.89892737521,1000
F_grdp_Hu0d0.15_a_v0.05_s0.7_bias,d543916f,3,306775.894596317,1000
F_grdp_Hu0d0.15_a_v0.05_s0.7_bias,d543916f,4,406462.6092898681,800
F_grdp_Hu0d0.15_a_v0.05_s0.7_bias,3aaa2b30,0,611.4921240064617,999
F_grdp_Hu0d0.15_a_v0.05_s0.7_bias,3aaa2b30,1,1766.0349045313048,1000
F_grdp_Hu0d0.15_a_v0.05_s0.7_bias,3aaa2b30,2,8749.781973577943,1000
F_grdp_Hu0d0.15_a_v0.05_s0.7_bias,3aaa2b30,3,48018.242353409994,1000
F_grdp_Hu0d0.15_a_v0.05_s0.7_bias,3aaa2b30,4,153676.31630000036,712
F_grdp_Hu0d0.15_a_v0.05_s0.7_bias,fbd68d27,0,15436.78274522716,999
F_grdp_Hu0d0.15_a_v0.05_s0.7_bias,fbd68d27,1,1282.6399743065674,1000
F_grdp_Hu0d0.15_a_v0.05_s0.7_bias,fbd68d27,2,5033.638502429855,1000
F_grdp_Hu0d0.15_a_v0.05_s0.7_bias,fbd68d27,3,27237.070846725186,1000
F_grdp_Hu0d0.15_a_v0.05_s0.7_bias,fbd68d27,4,7445.457596932346,1000
F_grdp_Hu0d0.15_a_v0.05_s0.7_bias,fbd68d27,5,16151.411531749422,1000
F_grdp_Hu0d0.15_a_v0.05_s0.7_bias,fbd68d27,6,25558.577213425204,830
F_grdp_Hu0d0.15_a_v0.05_s0.7_bias,28473855,0,884.1432934590687,999
F_grdp_Hu0d0.15_a_v0.05_s0.7_bias,28473855,1,302.9490533574492,1000
F_grdp_Hu0d0.15_a_v0.05_s0.7_bias,28473855,2,5102.869303558321,1000
F_grdp_Hu0d0.15_a_v0.05_s0.7_bias,28473855,3,38655.20579819719,1000
F_grdp_Hu0d0.15_a_v0.05_s0.7_bias,28473855,4,49731.351532577,291
F_grdp_Hu0d0.15_a_v0.05_s0.7_bias,c66be2b8,0,61837.807008845935,999
F_grdp_Hu0d0.15_a_v0.05_s0.7_bias,c66be2b8,1,63218.72306677234,1000
F_grdp_Hu0d0.15_a_v0.05_s0.7_bias,c66be2b8,2,39561.80497288958,1000
F_grdp_Hu0d0.15_a_v0.05_s0.7_bias,c66be2b8,3,54471.596335451555,1000
F_grdp_Hu0d0.15_a_v0.05_s0.7_bias,c66be2b8,4,7654.961309059605,155
F_grdp_Hu0d0.15_a_v0.05_s0.7_bias,82aab6d2,0,26968.82515882222,999
F_grdp_Hu0d0.15_a_v0.05_s0.7_bias,82aab6d2,1,7329.494007812325,1000
F_grdp_Hu0d0.15_a_v0.05_s0.7_bias,82aab6d2,2,25898.240585379794,1000
F_grdp_Hu0d0.15_a_v0.05_s0.7_bias,82aab6d2,3,2131.9682686890387,1000
F_grdp_Hu0d0.15_a_v0.05_s0.7_bias,82aab6d2,4,3650.4823650183685,1000
F_grdp_Hu0d0.15_a_v0.05_s0.7_bias,82aab6d2,5,2859.760024677078,1000
F_grdp_Hu0d0.15_a_v0.05_s0.7_bias,82aab6d2,6,17.75474201762068,141
F_grdp_Hu0d0.15_a_v0.05_s0.7_bias,044af7d1,0,14298.130363438131,999
F_grdp_Hu0d0.15_a_v0.05_s0.7_bias,044af7d1,1,2964.72112140401,1000
F_grdp_Hu0d0.15_a_v0.05_s0.7_bias,044af7d1,2,4830.537440040593,1000
F_grdp_Hu0d0.15_a_v0.05_s0.7_bias,044af7d1,3,2303.3087292047917,1000
F_grdp_Hu0d0.15_a_v0.05_s0.7_bias,044af7d1,4,1910.070730904077,520
F_grdp_Hu0d0.15_a_v0.05_s0.7_bias,d24ff243,0,664.2505335621127,999
F_grdp_Hu0d0.15_a_v0.05_s0.7_bias,d24ff243,1,522.5600882002876,1000
F_grdp_Hu0d0.15_a_v0.05_s0.7_bias,d24ff243,2,28998.143501228373,1000
F_grdp_Hu0d0.15_a_v0.05_s0.7_bias,d24ff243,3,1236.8308222901912,1000
F_grdp_Hu0d0.15_a_v0.05_s0.7_bias,d24ff243,4,588.3380290976473,1000
F_grdp_Hu0d0.15_a_v0.05_s0.7_bias,d24ff243,5,94858.05729412108,642
F_grdp_Hu0d0.15_a_v0.05_s0.7_bias,e03b45fd,0,924.0662859709247,999
F_grdp_Hu0d0.15_a_v0.05_s0.7_bias,e03b45fd,1,51955.002369141584,1000
F_grdp_Hu0d0.15_a_v0.05_s0.7_bias,e03b45fd,2,189563.7889679467,1000
F_grdp_Hu0d0.15_a_v0.05_s0.7_bias,e03b45fd,3,39781.66797629145,1000
F_grdp_Hu0d0.15_a_v0.05_s0.7_bias,e03b45fd,4,245495.20553492807,1000
F_grdp_Hu0d0.15_a_v0.05_s0.7_bias,e03b45fd,5,46830.76257818087,343
F_grdp_Hu0d0.15_a_v0.05_s0.7_bias,1770d7c6,0,2918.4272810492694,999
F_grdp_Hu0d0.15_a_v0.05_s0.7_bias,1770d7c6,1,589.2153514653203,1000
F_grdp_Hu0d0.15_a_v0.05_s0.7_bias,1770d7c6,2,12885.266919658863,1000
F_grdp_Hu0d0.15_a_v0.05_s0.7_bias,1770d7c6,3,11563.655161109467,1000
F_grdp_Hu0d0.15_a_v0.05_s0.7_bias,1770d7c6,4,14325.897082282405,1000
F_grdp_Hu0d0.15_a_v0.05_s0.7_bias,1770d7c6,5,2299.7774541800572,1000
F_grdp_Hu0d0.15_a_v0.05_s0.7_bias,1770d7c6,6,6613.5601966699,1000
F_grdp_Hu0d0.15_a_v0.05_s0.7_bias,1770d7c6,7,9117.6354737906,241
F_grdp_Hu0d0.15_a_v0.05_s0.7_bias,a79fd2e7,0,16453.81597271635,999
F_grdp_Hu0d0.15_a_v0.05_s0.7_bias,a79fd2e7,1,71324.61656166043,1000
F_grdp_Hu0d0.15_a_v0.05_s0.7_bias,a79fd2e7,2,21749.124885724603,1000
F_grdp_Hu0d0.15_a_v0.05_s0.7_bias,a79fd2e7,3,15130.354359378278,1000
F_grdp_Hu0d0.15_a_v0.05_s0.7_bias,a79fd2e7,4,165764.6747664005,405
F_grdp_Hu0d0.15_a_v0.05_s0.7_bias,00bbac68,0,38105.91219999992,999
F_grdp_Hu0d0.15_a_v0.05_s0.7_bias,00bbac68,1,88407.21959999502,1000
F_grdp_Hu0d0.15_a_v0.05_s0.7_bias,00bbac68,2,155895.3801999814,1000
F_grdp_Hu0d0.15_a_v0.05_s0.7_bias,00bbac68,3,27439.31629999996,1000
F_grdp_Hu0d0.15_a_v0.05_s0.7_bias,00bbac68,4,636365.4678000038,1000
F_grdp_Hu0d0.15_a_v0.05_s0.7_bias,00bbac68,5,440428.1001000045,1000
F_grdp_Hu0d0.15_a_v0.05_s0.7_bias,00bbac68,6,657.799500000065,15
F_grdp_Hu0d0.15_a_v0.05_s0.7_bias,12203f2a,0,2449.095971227733,999
F_grdp_Hu0d0.15_a_v0.05_s0.7_bias,12203f2a,1,1111.9074642145026,1000
F_grdp_Hu0d0.15_a_v0.05_s0.7_bias,12203f2a,2,18703.844576070434,1000
F_grdp_Hu0d0.15_a_v0.05_s0.7_bias,12203f2a,3,10295.045932808138,262
F_grdp_Hu0d0.15_a_v0.05_s0.7_bias,d463e527,0,4114.161740494537,999
F_grdp_Hu0d0.15_a_v0.05_s0.7_bias,d463e527,1,9391.768290367298,1000
F_grdp_Hu0d0.15_a_v0.05_s0.7_bias,d463e527,2,46846.248443544624,1000
F_grdp_Hu0d0.15_a_v0.05_s0.7_bias,d463e527,3,130555.06615744533,1000
F_grdp_Hu0d0.15_a_v0.05_s0.7_bias,d463e527,4,90651.8657046782,768
F_grdp_Hu0d0.15_a_v0.05_s0.7_bias,b0d42b0d,0,354011.2801388072,999
F_grdp_Hu0d0.15_a_v0.05_s0.7_bias,b0d42b0d,1,685314.0800729634,1000
F_grdp_Hu0d0.15_a_v0.05_s0.7_bias,b0d42b0d,2,636757.7263379111,1000
F_grdp_Hu0d0.15_a_v0.05_s0.7_bias,b0d42b0d,3,604943.5007302789,1000
F_grdp_Hu0d0.15_a_v0.05_s0.7_bias,b0d42b0d,4,199062.62194571874,972
F_grdp_Hu0d0.15_a_v0.05_s0.7_bias,38991fd4,0,2866.2138900290615,999
F_grdp_Hu0d0.15_a_v0.05_s0.7_bias,38991fd4,1,585.3122347089147,1000
F_grdp_Hu0d0.15_a_v0.05_s0.7_bias,38991fd4,2,2607.9727465444344,1000
F_grdp_Hu0d0.15_a_v0.05_s0.7_bias,38991fd4,3,88231.68337948999,1000
F_grdp_Hu0d0.15_a_v0.05_s0.7_bias,38991fd4,4,31106.48576133738,799
F_grdp_Hu0d0.15_a_v0.05_s0.7_bias,1b08ed48,0,1964.8084892281902,999
F_grdp_Hu0d0.15_a_v0.05_s0.7_bias,1b08ed48,1,516.0244639131536,1000
F_grdp_Hu0d0.15_a_v0.05_s0.7_bias,1b08ed48,2,118.09578069624224,1000
F_grdp_Hu0d0.15_a_v0.05_s0.7_bias,1b08ed48,3,194.6361250258106,1000
F_grdp_Hu0d0.15_a_v0.05_s0.7_bias,1b08ed48,4,2615.0326859338024,1000
F_grdp_Hu0d0.15_a_v0.05_s0.7_bias,1b08ed48,5,9525.80372832901,619
F_grdp_Hu0d0.15_a_v0.05_s0.7_bias,6d1d74e1,0,122979.38050158857,999
F_grdp_Hu0d0.15_a_v0.05_s0.7_bias,6d1d74e1,1,76190.6457641475,1000
F_grdp_Hu0d0.15_a_v0.05_s0.7_bias,6d1d74e1,2,6495.0708046051,1000
F_grdp_Hu0d0.15_a_v0.05_s0.7_bias,6d1d74e1,3,14209.88041653326,1000
F_grdp_Hu0d0.15_a_v0.05_s0.7_bias,6d1d74e1,4,275203.0307337836,1000
F_grdp_Hu0d0.15_a_v0.05_s0.7_bias,6d1d74e1,5,702749.2406850734,831
F_grdp_Hu0d0.15_a_v0.05_s0.7_bias,647f2a41,0,3278.3718370353913,999
F_grdp_Hu0d0.15_a_v0.05_s0.7_bias,647f2a41,1,895.2770800793452,1000
F_grdp_Hu0d0.15_a_v0.05_s0.7_bias,647f2a41,2,45981.013322119434,1000
F_grdp_Hu0d0.15_a_v0.05_s0.7_bias,647f2a41,3,14990.331300654834,882
F_grdp_Hu0d0.15_a_v0.05_s0.7_bias,a85bb86f,0,181718.30961014944,999
F_grdp_Hu0d0.15_a_v0.05_s0.7_bias,a85bb86f,1,461432.5031155236,1000
F_grdp_Hu0d0.15_a_v0.05_s0.7_bias,a85bb86f,2,363430.4989191065,1000
F_grdp_Hu0d0.15_a_v0.05_s0.7_bias,a85bb86f,3,34182.04715065888,100
F_grdp_Hu0d0.15_a_v0.05_s0.7_bias,a612d5a0,0,20620.98828722618,999
F_grdp_Hu0d0.15_a_v0.05_s0.7_bias,a612d5a0,1,114543.34844003795,1000
F_grdp_Hu0d0.15_a_v0.05_s0.7_bias,a612d5a0,2,168378.95775784328,1000
F_grdp_Hu0d0.15_a_v0.05_s0.7_bias,a612d5a0,3,260998.88799768168,1000
F_grdp_Hu0d0.15_a_v0.05_s0.7_bias,a612d5a0,4,334039.2784385546,1000
F_grdp_Hu0d0.15_a_v0.05_s0.7_bias,a612d5a0,5,131337.24242428245,330
F_grdp_Hu0d0.15_a_v0.05_s0.7_bias,b7974e66,0,1306.9112858005456,999
F_grdp_Hu0d0.15_a_v0.05_s0.7_bias,b7974e66,1,28146.227375986717,1000
F_grdp_Hu0d0.15_a_v0.05_s0.7_bias,b7974e66,2,132841.96227561546,1000
F_grdp_Hu0d0.15_a_v0.05_s0.7_bias,b7974e66,3,134554.3810008397,1000
F_grdp_Hu0d0.15_a_v0.05_s0.7_bias,b7974e66,4,61572.75278291839,1000
F_grdp_Hu0d0.15_a_v0.05_s0.7_bias,b7974e66,5,32309.465201235616,559
F_grdp_Hu0d0.15_a_v0.05_s0.7_bias,d6c320d9,0,19114.740797306607,999
F_grdp_Hu0d0.15_a_v0.05_s0.7_bias,d6c320d9,1,112544.12712721777,1000
F_grdp_Hu0d0.15_a_v0.05_s0.7_bias,d6c320d9,2,157448.5268491851,1000
F_grdp_Hu0d0.15_a_v0.05_s0.7_bias,d6c320d9,3,422634.272570413,1000
F_grdp_Hu0d0.15_a_v0.05_s0.7_bias,d6c320d9,4,200433.61523439424,1000
F_grdp_Hu0d0.15_a_v0.05_s0.7_bias,d6c320d9,5,157256.0473935974,453
F_grdp_Hu0d0.15_a_v0.05_s0.7_bias,f03f10fe,0,19679.636838532042,999
F_grdp_Hu0d0.15_a_v0.05_s0.7_bias,f03f10fe,1,28716.896622154538,1000
F_grdp_Hu0d0.15_a_v0.05_s0.7_bias,f03f10fe,2,2305.6661460773685,1000
F_grdp_Hu0d0.15_a_v0.05_s0.7_bias,f03f10fe,3,1228.1440075664634,1000
F_grdp_Hu0d0.15_a_v0.05_s0.7_bias,f03f10fe,4,112.36667370578776,146
F_grdp_Hu0d0.15_a_v0.05_s0.7_bias,d011f41b,0,1994.2227303145182,999
F_grdp_Hu0d0.15_a_v0.05_s0.7_bias,d011f41b,1,1391.3288490934574,1000
F_grdp_Hu0d0.15_a_v0.05_s0.7_bias,d011f41b,2,923.3737584006262,268
F_grdp_Hu0d0.15_a_v0.05_s0.7_bias,60e37807,0,10948.983306087433,999
F_grdp_Hu0d0.15_a_v0.05_s0.7_bias,60e37807,1,67982.41836350114,1000
F_grdp_Hu0d0.15_a_v0.05_s0.7_bias,60e37807,2,347522.0389223945,700
F_grdp_Hu0d0.15_a_v0.05_s0.7_bias,46dfcfca,0,145.3801631145985,999
F_grdp_Hu0d0.15_a_v0.05_s0.7_bias,46dfcfca,1,2383.0114266773417,1000
F_grdp_Hu0d0.15_a_v0.05_s0.7_bias,46dfcfca,2,3568.968043086936,1000
F_grdp_Hu0d0.15_a_v0.05_s0.7_bias,46dfcfca,3,9101.030797488493,607
F_grdp_Hu0d0.15_a_v0.05_s0.7_bias,bc4381e2,0,82225.3098850215,999
F_grdp_Hu0d0.15_a_v0.05_s0.7_bias,bc4381e2,1,183423.35167303536,1000
F_grdp_Hu0d0.15_a_v0.05_s0.7_bias,bc4381e2,2,276293.77160634357,1000
F_grdp_Hu0d0.15_a_v0.05_s0.7_bias,bc4381e2,3,480229.7769371652,1000
F_grdp_Hu0d0.15_a_v0.05_s0.7_bias,bc4381e2,4,269779.8747449951,956
F_grdp_Hu0d0.15_a_v0.05_s0.7_bias,f8662c22,0,25088.79368985751,999
F_grdp_Hu0d0.15_a_v0.05_s0.7_bias,f8662c22,1,10092.706964437479,1000
F_grdp_Hu0d0.15_a_v0.05_s0.7_bias,f8662c22,2,40739.18308212963,1000
F_grdp_Hu0d0.15_a_v0.05_s0.7_bias,f8662c22,3,306759.74697657477,1000
F_grdp_Hu0d0.15_a_v0.05_s0.7_bias,f8662c22,4,233400.4779071982,1000
F_grdp_Hu0d0.15_a_v0.05_s0.7_bias,f8662c22,5,27654.365906831998,430
F_grdp_Hu0d0.15_a_v0.05_s0.7_bias,e14d641e,0,1632.740407777654,999
F_grdp_Hu0d0.15_a_v0.05_s0.7_bias,e14d641e,1,670.078882115028,1000
F_grdp_Hu0d0.15_a_v0.05_s0.7_bias,e14d641e,2,16248.785311401007,1000
F_grdp_Hu0d0.15_a_v0.05_s0.7_bias,e14d641e,3,3236.873658989618,185
F_grdp_Hu0d0.15_a_v0.05_s0.7_bias,6e6d122c,0,10937.4700674112,999
F_grdp_Hu0d0.15_a_v0.05_s0.7_bias,6e6d122c,1,101397.45971500485,1000
F_grdp_Hu0d0.15_a_v0.05_s0.7_bias,6e6d122c,2,7366.654091202497,1000
F_grdp_Hu0d0.15_a_v0.05_s0.7_bias,6e6d122c,3,1905.8743489043604,1000
F_grdp_Hu0d0.15_a_v0.05_s0.7_bias,6e6d122c,4,2211.1532369978268,1000
F_grdp_Hu0d0.15_a_v0.05_s0.7_bias,6e6d122c,5,2343.1099842141393,633
F_grdp_Hu0d0.15_a_v0.05_s0.7_bias,155887bb,0,41542.15160002262,999
F_grdp_Hu0d0.15_a_v0.05_s0.7_bias,155887bb,1,27595.23109998538,1000
F_grdp_Hu0d0.15_a_v0.05_s0.7_bias,155887bb,2,173544.28229995669,1000
F_grdp_Hu0d0.15_a_v0.05_s0.7_bias,155887bb,3,246335.38329995156,1000
F_grdp_Hu0d0.15_a_v0.05_s0.7_bias,155887bb,4,74062.72519997922,1000
F_grdp_Hu0d0.15_a_v0.05_s0.7_bias,155887bb,5,203393.93659997507,586
F_grdp_Hu0d0.15_a_v0.05_s0.7_bias,b3388334,0,6205.891589457784,999
F_grdp_Hu0d0.15_a_v0.05_s0.7_bias,b3388334,1,219394.68446364533,1000
F_grdp_Hu0d0.15_a_v0.05_s0.7_bias,b3388334,2,5771.394349374983,1000
F_grdp_Hu0d0.15_a_v0.05_s0.7_bias,b3388334,3,2190.83379430067,1000
F_grdp_Hu0d0.15_a_v0.05_s0.7_bias,b3388334,4,30507.49316669738,1000
F_grdp_Hu0d0.15_a_v0.05_s0.7_bias,b3388334,5,164615.21931382146,1000
F_grdp_Hu0d0.15_a_v0.05_s0.7_bias,b3388334,6,48583.67388526763,81
F_grdp_Hu0d0.15_a_v0.05_s0.7_bias,5a63b5d1,0,9686.064192573502,999
F_grdp_Hu0d0.15_a_v0.05_s0.7_bias,5a63b5d1,1,136238.81639633057,1000
F_grdp_Hu0d0.15_a_v0.05_s0.7_bias,5a63b5d1,2,19628.318998463998,1000
F_grdp_Hu0d0.15_a_v0.05_s0.7_bias,5a63b5d1,3,20013.156648220123,1000
F_grdp_Hu0d0.15_a_v0.05_s0.7_bias,5a63b5d1,4,107394.49454790878,1000
F_grdp_Hu0d0.15_a_v0.05_s0.7_bias,5a63b5d1,5,9041.840532020431,1000
F_grdp_Hu0d0.15_a_v0.05_s0.7_bias,5a63b5d1,6,1226.4476274497458,218
F_grdp_Hu0d0.15_a_v0.05_s0.7_bias,05a0ee4d,0,14137.279474992412,999
F_grdp_Hu0d0.15_a_v0.05_s0.7_bias,05a0ee4d,1,29170.675027007575,1000
F_grdp_Hu0d0.15_a_v0.05_s0.7_bias,05a0ee4d,2,20884.16639752413,1000
F_grdp_Hu0d0.15_a_v0.05_s0.7_bias,05a0ee4d,3,425418.8731753556,1000
F_grdp_Hu0d0.15_a_v0.05_s0.7_bias,05a0ee4d,4,56450.52082025266,349
F_grdp_Hu0d0.15_a_v0.05_s0.7_bias,95b559e7,0,27842.62806106301,999
F_grdp_Hu0d0.15_a_v0.05_s0.7_bias,95b559e7,1,221893.24646727118,1000
F_grdp_Hu0d0.15_a_v0.05_s0.7_bias,95b559e7,2,194903.21454882738,888
F_grdp_Hu0d0.15_a_v0.05_s0.7_bias,a85e4bc3,0,6392.010280845618,999
F_grdp_Hu0d0.15_a_v0.05_s0.7_bias,a85e4bc3,1,208765.81607525598,1000
F_grdp_Hu0d0.15_a_v0.05_s0.7_bias,a85e4bc3,2,21604.442297986327,1000
F_grdp_Hu0d0.15_a_v0.05_s0.7_bias,a85e4bc3,3,56226.14571999161,1000
F_grdp_Hu0d0.15_a_v0.05_s0.7_bias,a85e4bc3,4,7479.116318722184,582
F_grdp_Hu0d0.15_a_v0.05_s0.7_bias,d0a43760,0,12326.313955384772,999
F_grdp_Hu0d0.15_a_v0.05_s0.7_bias,d0a43760,1,11346.185799164414,1000
F_grdp_Hu0d0.15_a_v0.05_s0.7_bias,d0a43760,2,1528.5059008130665,1000
F_grdp_Hu0d0.15_a_v0.05_s0.7_bias,d0a43760,3,5635.164174852802,1000
F_grdp_Hu0d0.15_a_v0.05_s0.7_bias,d0a43760,4,20.34230309274267,42
F_grdp_Hu0d0.15_a_v0.05_s0.7_bias,2ddad940,0,18559.286595302485,999
F_grdp_Hu0d0.15_a_v0.05_s0.7_bias,2ddad940,1,21645.401929077518,1000
F_grdp_Hu0d0.15_a_v0.05_s0.7_bias,2ddad940,2,7367.76868076232,1000
F_grdp_Hu0d0.15_a_v0.05_s0.7_bias,2ddad940,3,3842.6190204343566,1000
F_grdp_Hu0d0.15_a_v0.05_s0.7_bias,2ddad940,4,29604.610036508846,1000
F_grdp_Hu0d0.15_a_v0.05_s0.7_bias,2ddad940,5,19245.829714010102,332
F_grdp_Hu0d0.15_a_v0.05_s0.7_bias,eb640a35,0,60295.913414938586,999
F_grdp_Hu0d0.15_a_v0.05_s0.7_bias,eb640a35,1,288633.61171442963,1000
F_grdp_Hu0d0.15_a_v0.05_s0.7_bias,eb640a35,2,104101.70617340363,1000
F_grdp_Hu0d0.15_a_v0.05_s0.7_bias,eb640a35,3,4725.246258310889,1000
F_grdp_Hu0d0.15_a_v0.05_s0.7_bias,eb640a35,4,8419.156735160963,1000
F_grdp_Hu0d0.15_a_v0.05_s0.7_bias,eb640a35,5,18042.27707287883,1000
F_grdp_Hu0d0.15_a_v0.05_s0.7_bias,eb640a35,6,973.1165319044244,38
F_grdp_Hu0d0.15_a_v0.05_s0.7_bias,5f75f796,0,9001.141840691604,999
F_grdp_Hu0d0.15_a_v0.05_s0.7_bias,5f75f796,1,14514.14314060647,1000
F_grdp_Hu0d0.15_a_v0.05_s0.7_bias,5f75f796,2,23418.64387467218,1000
F_grdp_Hu0d0.15_a_v0.05_s0.7_bias,5f75f796,3,46554.62421156206,1000
F_grdp_Hu0d0.15_a_v0.05_s0.7_bias,5f75f796,4,68910.64198652134,1000
F_grdp_Hu0d0.15_a_v0.05_s0.7_bias,5f75f796,5,3800.4895630349833,563
F_grdp_Hu0d0.15_a_v0.05_s0.7_bias,9ab94eeb,0,48124.353733472155,999
F_grdp_Hu0d0.15_a_v0.05_s0.7_bias,9ab94eeb,1,19344.63431451822,1000
F_grdp_Hu0d0.15_a_v0.05_s0.7_bias,9ab94eeb,2,64722.857813734256,1000
F_grdp_Hu0d0.15_a_v0.05_s0.7_bias,9ab94eeb,3,8285.914933359625,1000
F_grdp_Hu0d0.15_a_v0.05_s0.7_bias,9ab94eeb,4,9804.79788181884,443
F_grdp_Hu0d0.15_a_v0.05_s0.7_bias,b04b58a3,0,34215.00464567684,999
F_grdp_Hu0d0.15_a_v0.05_s0.7_bias,b04b58a3,1,234538.0875887997,1000
F_grdp_Hu0d0.15_a_v0.05_s0.7_bias,b04b58a3,2,24296.493891413047,1000
F_grdp_Hu0d0.15_a_v0.05_s0.7_bias,b04b58a3,3,16697.337093159855,403
F_grdp_Hu0d0.15_a_v0.05_s0.7_bias,65a5466a,0,41416.47963269919,999
F_grdp_Hu0d0.15_a_v0.05_s0.7_bias,65a5466a,1,150962.69264535894,1000
F_grdp_Hu0d0.15_a_v0.05_s0.7_bias,65a5466a,2,98248.78950927622,1000
F_grdp_Hu0d0.15_a_v0.05_s0.7_bias,65a5466a,3,26096.501535419735,1000
F_grdp_Hu0d0.15_a_v0.05_s0.7_bias,65a5466a,4,1006.1401616639793,684
F_grdp_Hu0d0.15_a_v0.05_s0.7_bias,d0cb63ae,0,4946.368755035241,999
F_grdp_Hu0d0.15_a_v0.05_s0.7_bias,d0cb63ae,1,180767.4260250554,1000
F_grdp_Hu0d0.15_a_v0.05_s0.7_bias,d0cb63ae,2,348495.5116250316,1000
F_grdp_Hu0d0.15_a_v0.05_s0.7_bias,d0cb63ae,3,136520.10377241793,1000
F_grdp_Hu0d0.15_a_v0.05_s0.7_bias,d0cb63ae,4,307602.99336933467,1000
F_grdp_Hu0d0.15_a_v0.05_s0.7_bias,d0cb63ae,5,63127.144227518045,224
F_grdp_Hu0d0.15_a_v0.05_s0.7_bias,43b06c70,0,64482.18456733203,999
F_grdp_Hu0d0.15_a_v0.05_s0.7_bias,43b06c70,1,51797.83864983454,1000
F_grdp_Hu0d0.15_a_v0.05_s0.7_bias,43b06c70,2,14280.058820502498,1000
F_grdp_Hu0d0.15_a_v0.05_s0.7_bias,43b06c70,3,74371.3242805299,1000
F_grdp_Hu0d0.15_a_v0.05_s0.7_bias,43b06c70,4,23493.911631280964,847
F_grdp_Hu0d0.15_a_v0.05_s0.7_bias,0e5e560d,0,32686.89740753163,999
F_grdp_Hu0d0.15_a_v0.05_s0.7_bias,0e5e560d,1,4806.3051943566625,1000
F_grdp_Hu0d0.15_a_v0.05_s0.7_bias,0e5e560d,2,34508.82842409656,1000
F_grdp_Hu0d0.15_a_v0.05_s0.7_bias,0e5e560d,3,101261.48778902642,254
F_grdp_Hu0d0.15_a_v0.05_s0.7_bias,5f6756c5,0,802.6987490462052,999
F_grdp_Hu0d0.15_a_v0.05_s0.7_bias,5f6756c5,1,12407.347696705934,1000
F_grdp_Hu0d0.15_a_v0.05_s0.7_bias,5f6756c5,2,19056.38054677712,1000
F_grdp_Hu0d0.15_a_v0.05_s0.7_bias,5f6756c5,3,19251.214200972965,1000
F_grdp_Hu0d0.15_a_v0.05_s0.7_bias,5f6756c5,4,7195.813337983683,1000
F_grdp_Hu0d0.15_a_v0.05_s0.7_bias,5f6756c5,5,7737.009547714851,932
F_grdp_Hu0d0.15_a_v0.05_s0.7_bias,6d590e26,0,47637.906635046544,999
F_grdp_Hu0d0.15_a_v0.05_s0.7_bias,6d590e26,1,51244.292030766024,1000
F_grdp_Hu0d0.15_a_v0.05_s0.7_bias,6d590e26,2,10968.882152464024,1000
F_grdp_Hu0d0.15_a_v0.05_s0.7_bias,6d590e26,3,80545.26236338512,1000
F_grdp_Hu0d0.15_a_v0.05_s0.7_bias,6d590e26,4,19259.57220306797,1000
F_grdp_Hu0d0.15_a_v0.05_s0.7_bias,6d590e26,5,1776.2513497589882,1000
F_grdp_Hu0d0.15_a_v0.05_s0.7_bias,6d590e26,6,8.058932388557078,97
F_grdp_Hu0d0.15_a_v0.05_s0.7_bias,b881d27e,0,4617.525445468325,999
F_grdp_Hu0d0.15_a_v0.05_s0.7_bias,b881d27e,1,5919.679674987556,1000
F_grdp_Hu0d0.15_a_v0.05_s0.7_bias,b881d27e,2,14859.279185654195,1000
F_grdp_Hu0d0.15_a_v0.05_s0.7_bias,b881d27e,3,27100.269305214562,1000
F_grdp_Hu0d0.15_a_v0.05_s0.7_bias,b881d27e,4,470.1127675272505,10
F_grdp_Hu0d0.15_a_v0.05_s0.7_bias,729e9750,0,982.0013256431783,999
F_grdp_Hu0d0.15_a_v0.05_s0.7_bias,729e9750,1,5578.156092169802,1000
F_grdp_Hu0d0.15_a_v0.05_s0.7_bias,729e9750,2,1330.4100303348544,1000
F_grdp_Hu0d0.15_a_v0.05_s0.7_bias,729e9750,3,276.7446115595537,1000
F_grdp_Hu0d0.15_a_v0.05_s0.7_bias,729e9750,4,17628.334164787095,1000
F_grdp_Hu0d0.15_a_v0.05_s0.7_bias,729e9750,5,1634.3921811937068,920
F_grdp_Hu0d0.15_a_v0.05_s0.7_bias,3c3dbcbc,0,12555.742028866778,999
F_grdp_Hu0d0.15_a_v0.05_s0.7_bias,3c3dbcbc,1,39395.74568769493,1000
F_grdp_Hu0d0.15_a_v0.05_s0.7_bias,3c3dbcbc,2,70179.01626539987,1000
F_grdp_Hu0d0.15_a_v0.05_s0.7_bias,3c3dbcbc,3,11466.908044104985,1000
F_grdp_Hu0d0.15_a_v0.05_s0.7_bias,3c3dbcbc,4,6316.294780033256,1000
F_grdp_Hu0d0.15_a_v0.05_s0.7_bias,3c3dbcbc,5,3.426107576394221,70
F_grdp_Hu0d0.15_a_v0.05_s0.7_bias,13ce113d,0,1474.4537281948694,999
F_grdp_Hu0d0.15_a_v0.05_s0.7_bias,13ce113d,1,3726.6580624024573,1000
F_grdp_Hu0d0.15_a_v0.05_s0.7_bias,13ce113d,2,11725.21233309799,967
F_grdp_Hu0d0.15_a_v0.05_s0.7_bias,ad2133a8,0,87869.57278019199,999
F_grdp_Hu0d0.15_a_v0.05_s0.7_bias,ad2133a8,1,125466.83820289855,1000
F_grdp_Hu0d0.15_a_v0.05_s0.7_bias,ad2133a8,2,288764.45268335554,1000
F_grdp_Hu0d0.15_a_v0.05_s0.7_bias,ad2133a8,3,548332.4981175503,1000
F_grdp_Hu0d0.15_a_v0.05_s0.7_bias,ad2133a8,4,386062.3103757174,1000
F_grdp_Hu0d0.15_a_v0.05_s0.7_bias,ad2133a8,5,21790.03459019114,730
F_grdp_Hu0d0.15_a_v0.05_s0.7_bias,23b9beb0,0,11545.669195285254,999
F_grdp_Hu0d0.15_a_v0.05_s0.7_bias,23b9beb0,1,16013.285547403635,1000
F_grdp_Hu0d0.15_a_v0.05_s0.7_bias,23b9beb0,2,5364.744887058479,1000
F_grdp_Hu0d0.15_a_v0.05_s0.7_bias,23b9beb0,3,29842.635199146767,1000
F_grdp_Hu0d0.15_a_v0.05_s0.7_bias,23b9beb0,4,8970.458502685793,1000
F_grdp_Hu0d0.15_a_v0.05_s0.7_bias,23b9beb0,5,194.6099861820839,1000
F_grdp_Hu0d0.15_a_v0.05_s0.7_bias,23b9beb0,6,770.5637123004495,1000
F_grdp_Hu0d0.15_a_v0.05_s0.7_bias,23b9beb0,7,370.43568481777567,341
F_grdp_Hu0d0.15_a_v0.05_s0.7_bias,e737965a,0,25278.21196563589,999
F_grdp_Hu0d0.15_a_v0.05_s0.7_bias,e737965a,1,23554.031609652182,1000
F_grdp_Hu0d0.15_a_v0.05_s0.7_bias,e737965a,2,41549.68321547629,1000
F_grdp_Hu0d0.15_a_v0.05_s0.7_bias,e737965a,3,7040.275701512611,1000
F_grdp_Hu0d0.15_a_v0.05_s0.7_bias,e737965a,4,34652.31280797585,1000
F_grdp_Hu0d0.15_a_v0.05_s0.7_bias,e737965a,5,22722.37020231302,956
F_grdp_Hu0d0.15_a_v0.05_s0.7_bias,da2d4d7c,0,287.0750903555654,999
F_grdp_Hu0d0.15_a_v0.05_s0.7_bias,da2d4d7c,1,4191.742252404804,1000
F_grdp_Hu0d0.15_a_v0.05_s0.7_bias,da2d4d7c,2,2640.165872813787,115
F_grdp_Hu0d0.15_a_v0.05_s0.7_bias,11d0f5ac,0,6758.452452848424,999
F_grdp_Hu0d0.15_a_v0.05_s0.7_bias,11d0f5ac,1,20697.96514829545,1000
F_grdp_Hu0d0.15_a_v0.05_s0.7_bias,11d0f5ac,2,1975.0547070015155,1000
F_grdp_Hu0d0.15_a_v0.05_s0.7_bias,11d0f5ac,3,1537.2509628463933,1000
F_grdp_Hu0d0.15_a_v0.05_s0.7_bias,11d0f5ac,4,268.82404017412557,884
F_grdp_Hu0d0.15_a_v0.05_s0.7_bias,bb337fa0,0,42393.23550318022,999
F_grdp_Hu0d0.15_a_v0.05_s0.7_bias,bb337fa0,1,51448.64050665326,1000
F_grdp_Hu0d0.15_a_v0.05_s0.7_bias,bb337fa0,2,130952.31202737904,1000
F_grdp_Hu0d0.15_a_v0.05_s0.7_bias,bb337fa0,3,86655.30123792453,1000
F_grdp_Hu0d0.15_a_v0.05_s0.7_bias,bb337fa0,4,143029.74518384697,1000
F_grdp_Hu0d0.15_a_v0.05_s0.7_bias,bb337fa0,5,326369.5641575376,1000
F_grdp_Hu0d0.15_a_v0.05_s0.7_bias,bb337fa0,6,383907.9741040546,874
F_grdp_Hu0d0.15_a_v0.05_s0.7_bias,8050c789,0,21723.338818103613,999
F_grdp_Hu0d0.15_a_v0.05_s0.7_bias,8050c789,1,350712.6037792827,1000
F_grdp_Hu0d0.15_a_v0.05_s0.7_bias,8050c789,2,411121.75706514093,1000
F_grdp_Hu0d0.15_a_v0.05_s0.7_bias,8050c789,3,34402.67094162605,78
F_grdp_Hu0d0.15_a_v0.05_s0.7_bias,b32e4903,0,14362.00668705199,999
F_grdp_Hu0d0.15_a_v0.05_s0.7_bias,b32e4903,1,23708.655136537127,1000
F_grdp_Hu0d0.15_a_v0.05_s0.7_bias,b32e4903,2,1047.17427037879,1000
F_grdp_Hu0d0.15_a_v0.05_s0.7_bias,b32e4903,3,23528.1701877792,1000
F_grdp_Hu0d0.15_a_v0.05_s0.7_bias,b32e4903,4,14113.891452059428,1000
F_grdp_Hu0d0.15_a_v0.05_s0.7_bias,b32e4903,5,11110.395152970248,771
F_grdp_Hu0d0.15_a_v0.05_s0.7_bias,5aef5c6c,0,13849.828958327289,999
F_grdp_Hu0d0.15_a_v0.05_s0.7_bias,5aef5c6c,1,110600.3638672694,1000
F_grdp_Hu0d0.15_a_v0.05_s0.7_bias,5aef5c6c,2,94306.8338077198,1000
F_grdp_Hu0d0.15_a_v0.05_s0.7_bias,5aef5c6c,3,3410.7777658304794,122
F_grdp_Hu0d0.15_a_v0.05_s0.7_bias,e25f1537,0,29480.137269497536,999
F_grdp_Hu0d0.15_a_v0.05_s0.7_bias,e25f1537,1,52884.74012354038,1000
F_grdp_Hu0d0.15_a_v0.05_s0.7_bias,e25f1537,2,225522.73994658986,1000
F_grdp_Hu0d0.15_a_v0.05_s0.7_bias,e25f1537,3,40256.068931215814,178
F_grdp_Hu0d0.15_a_v0.05_s0.7_bias,67847288,0,7476.058979188393,999
F_grdp_Hu0d0.15_a_v0.05_s0.7_bias,67847288,1,690.6491307368201,1000
F_grdp_Hu0d0.15_a_v0.05_s0.7_bias,67847288,2,2085.817842439781,1000
F_grdp_Hu0d0.15_a_v0.05_s0.7_bias,67847288,3,10405.866798662511,1000
F_grdp_Hu0d0.15_a_v0.05_s0.7_bias,67847288,4,36989.594127441436,1000
F_grdp_Hu0d0.15_a_v0.05_s0.7_bias,67847288,5,2566.508330813056,1000
F_grdp_Hu0d0.15_a_v0.05_s0.7_bias,67847288,6,4317.899665880221,1000
F_grdp_Hu0d0.15_a_v0.05_s0.7_bias,67847288,7,13710.37951433802,430
F_grdp_Hu0d0.15_a_v0.05_s0.7_bias,276b012a,0,6526.139594707969,999
F_grdp_Hu0d0.15_a_v0.05_s0.7_bias,276b012a,1,118127.61616888894,1000
F_grdp_Hu0d0.15_a_v0.05_s0.7_bias,276b012a,2,9998.093033429443,1000
F_grdp_Hu0d0.15_a_v0.05_s0.7_bias,276b012a,3,16744.226112636672,1000
F_grdp_Hu0d0.15_a_v0.05_s0.7_bias,276b012a,4,13832.6425717566,838
F_grdp_Hu0d0.15_a_v0.05_s0.7_bias,f9fc81aa,0,70.32430232418906,999
F_grdp_Hu0d0.15_a_v0.05_s0.7_bias,f9fc81aa,1,636.2946258700849,1000
F_grdp_Hu0d0.15_a_v0.05_s0.7_bias,f9fc81aa,2,71976.54350714854,1000
F_grdp_Hu0d0.15_a_v0.05_s0.7_bias,f9fc81aa,3,78558.98484451472,1000
F_grdp_Hu0d0.15_a_v0.05_s0.7_bias,f9fc81aa,4,2969.7149984569983,1000
F_grdp_Hu0d0.15_a_v0.05_s0.7_bias,f9fc81aa,5,7352.044591663434,599
F_grdp_Hu0d0.15_a_v0.05_s0.7_bias,9719aa04,0,6497.774845083895,999
F_grdp_Hu0d0.15_a_v0.05_s0.7_bias,9719aa04,1,54235.98099483928,1000
F_grdp_Hu0d0.15_a_v0.05_s0.7_bias,9719aa04,2,195758.73700150897,1000
F_grdp_Hu0d0.15_a_v0.05_s0.7_bias,9719aa04,3,314232.4047397851,1000
F_grdp_Hu0d0.15_a_v0.05_s0.7_bias,9719aa04,4,66581.42545547413,872
F_grdp_Hu0d0.15_a_v0.05_s0.7_bias,a622ce4d,0,17922.532264418314,999
F_grdp_Hu0d0.15_a_v0.05_s0.7_bias,a622ce4d,1,52641.22000768755,1000
F_grdp_Hu0d0.15_a_v0.05_s0.7_bias,a622ce4d,2,1790.2178952032948,1000
F_grdp_Hu0d0.15_a_v0.05_s0.7_bias,a622ce4d,3,42119.59181652092,1000
F_grdp_Hu0d0.15_a_v0.05_s0.7_bias,a622ce4d,4,32382.578404816442,1000
F_grdp_Hu0d0.15_a_v0.05_s0.7_bias,a622ce4d,5,29760.438177853197,1000
F_grdp_Hu0d0.15_a_v0.05_s0.7_bias,a622ce4d,6,6884.077640686511,299
F_grdp_Hu0d0.15_a_v0.05_s0.7_bias,af7a59ce,0,2815.221174968653,999
F_grdp_Hu0d0.15_a_v0.05_s0.7_bias,af7a59ce,1,3540.9552394120988,1000
F_grdp_Hu0d0.15_a_v0.05_s0.7_bias,af7a59ce,2,1681.462144086464,1000
F_grdp_Hu0d0.15_a_v0.05_s0.7_bias,af7a59ce,3,173.94348349238115,25
F_grdp_Hu0d0.15_a_v0.05_s0.7_bias,2ee0235b,0,26005.452521104835,999
F_grdp_Hu0d0.15_a_v0.05_s0.7_bias,2ee0235b,1,10544.108729056228,1000
F_grdp_Hu0d0.15_a_v0.05_s0.7_bias,2ee0235b,2,20343.473964474204,1000
F_grdp_Hu0d0.15_a_v0.05_s0.7_bias,2ee0235b,3,9098.264898135407,1000
F_grdp_Hu0d0.15_a_v0.05_s0.7_bias,2ee0235b,4,5028.672686083412,1000
F_grdp_Hu0d0.15_a_v0.05_s0.7_bias,2ee0235b,5,1353.5710958079808,557
F_grdp_Hu0d0.15_a_v0.05_s0.7_bias,ec0d597b,0,555.2301363385177,999
F_grdp_Hu0d0.15_a_v0.05_s0.7_bias,ec0d597b,1,4968.055758047019,1000
F_grdp_Hu0d0.15_a_v0.05_s0.7_bias,ec0d597b,2,292977.04467632587,1000
F_grdp_Hu0d0.15_a_v0.05_s0.7_bias,ec0d597b,3,516605.8368308977,1000
F_grdp_Hu0d0.15_a_v0.05_s0.7_bias,ec0d597b,4,103984.50754689124,617
F_grdp_Hu0d0.15_a_v0.05_s0.7_bias,b8c49c1a,0,2379.3677013921842,999
F_grdp_Hu0d0.15_a_v0.05_s0.7_bias,b8c49c1a,1,19905.9857984933,1000
F_grdp_Hu0d0.15_a_v0.05_s0.7_bias,b8c49c1a,2,5523.38035435003,1000
F_grdp_Hu0d0.15_a_v0.05_s0.7_bias,b8c49c1a,3,10324.969056917611,1000
F_grdp_Hu0d0.15_a_v0.05_s0.7_bias,b8c49c1a,4,32060.95724370492,320
F_grdp_Hu0d0.15_a_v0.05_s0.7_bias,cd7f1687,0,1726.7495028566439,999
F_grdp_Hu0d0.15_a_v0.05_s0.7_bias,cd7f1687,1,19615.437694840086,1000
F_grdp_Hu0d0.15_a_v0.05_s0.7_bias,cd7f1687,2,45033.40131934833,1000
F_grdp_Hu0d0.15_a_v0.05_s0.7_bias,cd7f1687,3,111119.31910993399,1000
F_grdp_Hu0d0.15_a_v0.05_s0.7_bias,cd7f1687,4,6186.962524744128,233
F_grdp_Hu0d0.15_a_v0.05_s0.7_bias,d9ae59b2,0,16574.814883803498,999
F_grdp_Hu0d0.15_a_v0.05_s0.7_bias,d9ae59b2,1,85750.77630655441,1000
F_grdp_Hu0d0.15_a_v0.05_s0.7_bias,d9ae59b2,2,111844.7975343268,1000
F_grdp_Hu0d0.15_a_v0.05_s0.7_bias,d9ae59b2,3,136046.85835093303,649
