model,well,bucket_kft,sse,n
F_grdp_G_a_v0.02_s0.5,fc0d20b2,0,800.4698599206405,999
F_grdp_G_a_v0.02_s0.5,fc0d20b2,1,1677.599909005916,1000
F_grdp_G_a_v0.02_s0.5,fc0d20b2,2,30114.50372158013,1000
F_grdp_G_a_v0.02_s0.5,fc0d20b2,3,145658.20979257635,955
F_grdp_G_a_v0.02_s0.5,be35c8f2,0,1044318.6464896081,999
F_grdp_G_a_v0.02_s0.5,be35c8f2,1,1706743.3299827906,1000
F_grdp_G_a_v0.02_s0.5,be35c8f2,2,707612.0748949513,1000
F_grdp_G_a_v0.02_s0.5,be35c8f2,3,75038.74573886534,1000
F_grdp_G_a_v0.02_s0.5,be35c8f2,4,14301.065751052914,227
F_grdp_G_a_v0.02_s0.5,90386ee4,0,3471.85758952106,999
F_grdp_G_a_v0.02_s0.5,90386ee4,1,30698.227635913547,1000
F_grdp_G_a_v0.02_s0.5,90386ee4,2,13674.386653975098,1000
F_grdp_G_a_v0.02_s0.5,90386ee4,3,15089.695169965264,841
F_grdp_G_a_v0.02_s0.5,4b831d20,0,208046.42097739622,999
F_grdp_G_a_v0.02_s0.5,4b831d20,1,99084.23546700714,1000
F_grdp_G_a_v0.02_s0.5,4b831d20,2,32825.3148807809,1000
F_grdp_G_a_v0.02_s0.5,4b831d20,3,26955.480873296463,1000
F_grdp_G_a_v0.02_s0.5,4b831d20,4,58501.959076596,1000
F_grdp_G_a_v0.02_s0.5,4b831d20,5,82785.15922986582,1000
F_grdp_G_a_v0.02_s0.5,4b831d20,6,287630.53923826397,1000
F_grdp_G_a_v0.02_s0.5,4b831d20,7,34021.814747351615,313
F_grdp_G_a_v0.02_s0.5,fd8f77fa,0,297819.2408000096,999
F_grdp_G_a_v0.02_s0.5,fd8f77fa,1,271011.6668000097,1000
F_grdp_G_a_v0.02_s0.5,fd8f77fa,2,1013065.0472000154,1000
F_grdp_G_a_v0.02_s0.5,fd8f77fa,3,1470359.0015000235,1000
F_grdp_G_a_v0.02_s0.5,fd8f77fa,4,769006.4282000156,1000
F_grdp_G_a_v0.02_s0.5,fd8f77fa,5,46477.93030000187,273
F_grdp_G_a_v0.02_s0.5,cc08aa63,0,19786.549675156533,999
F_grdp_G_a_v0.02_s0.5,cc08aa63,1,284401.4326559965,1000
F_grdp_G_a_v0.02_s0.5,cc08aa63,2,263926.1399916452,1000
F_grdp_G_a_v0.02_s0.5,cc08aa63,3,71052.9295393973,275
F_grdp_G_a_v0.02_s0.5,dc7da28f,0,13060.607587331886,999
F_grdp_G_a_v0.02_s0.5,dc7da28f,1,8523.774905399016,1000
F_grdp_G_a_v0.02_s0.5,dc7da28f,2,43890.265859873405,1000
F_grdp_G_a_v0.02_s0.5,dc7da28f,3,173496.58624441616,1000
F_grdp_G_a_v0.02_s0.5,dc7da28f,4,142349.67498701648,775
F_grdp_G_a_v0.02_s0.5,7cd4bb31,0,54259.68054334573,999
F_grdp_G_a_v0.02_s0.5,7cd4bb31,1,75041.86622017209,1000
F_grdp_G_a_v0.02_s0.5,7cd4bb31,2,58971.68157465203,1000
F_grdp_G_a_v0.02_s0.5,7cd4bb31,3,15459.125375582995,1000
F_grdp_G_a_v0.02_s0.5,7cd4bb31,4,6914.870168053362,1000
F_grdp_G_a_v0.02_s0.5,7cd4bb31,5,17028.514569350507,1000
F_grdp_G_a_v0.02_s0.5,7cd4bb31,6,12929.88271027471,440
F_grdp_G_a_v0.02_s0.5,cdc60a53,0,70912.96002952736,999
F_grdp_G_a_v0.02_s0.5,cdc60a53,1,66474.99597471872,1000
F_grdp_G_a_v0.02_s0.5,cdc60a53,2,5155.235992944265,1000
F_grdp_G_a_v0.02_s0.5,cdc60a53,3,10871.052903372865,1000
F_grdp_G_a_v0.02_s0.5,cdc60a53,4,4326.970754681926,1000
F_grdp_G_a_v0.02_s0.5,cdc60a53,5,6999.746784902592,879
F_grdp_G_a_v0.02_s0.5,f631da6e,0,2165.07512887308,999
F_grdp_G_a_v0.02_s0.5,f631da6e,1,24654.558470656782,1000
F_grdp_G_a_v0.02_s0.5,f631da6e,2,45217.721919816875,1000
F_grdp_G_a_v0.02_s0.5,f631da6e,3,29568.226079175838,1000
F_grdp_G_a_v0.02_s0.5,f631da6e,4,5960.125232704567,94
F_grdp_G_a_v0.02_s0.5,4ddde4c1,0,15141.592756827566,999
F_grdp_G_a_v0.02_s0.5,4ddde4c1,1,43967.51354096165,1000
F_grdp_G_a_v0.02_s0.5,4ddde4c1,2,24718.72645194474,1000
F_grdp_G_a_v0.02_s0.5,4ddde4c1,3,15389.023513728109,1000
F_grdp_G_a_v0.02_s0.5,4ddde4c1,4,2890.3719189569983,473
F_grdp_G_a_v0.02_s0.5,82fcf37c,0,4093.32526917899,999
F_grdp_G_a_v0.02_s0.5,82fcf37c,1,4519.824426528159,1000
F_grdp_G_a_v0.02_s0.5,82fcf37c,2,9107.508228888713,1000
F_grdp_G_a_v0.02_s0.5,82fcf37c,3,14051.920802495733,1000
F_grdp_G_a_v0.02_s0.5,82fcf37c,4,10097.636960830416,1000
F_grdp_G_a_v0.02_s0.5,82fcf37c,5,1629.1442497961064,1000
F_grdp_G_a_v0.02_s0.5,82fcf37c,6,33.29266183162435,15
F_grdp_G_a_v0.02_s0.5,8a9c8932,0,1975.956145269971,999
F_grdp_G_a_v0.02_s0.5,8a9c8932,1,1645.9041438986544,1000
F_grdp_G_a_v0.02_s0.5,8a9c8932,2,7801.516812209418,1000
F_grdp_G_a_v0.02_s0.5,8a9c8932,3,22500.797990040926,1000
F_grdp_G_a_v0.02_s0.5,8a9c8932,4,45641.51185985869,664
F_grdp_G_a_v0.02_s0.5,6ae68655,0,32957.16084002666,999
F_grdp_G_a_v0.02_s0.5,6ae68655,1,14298.911070649357,1000
F_grdp_G_a_v0.02_s0.5,6ae68655,2,9251.209843021976,1000
F_grdp_G_a_v0.02_s0.5,6ae68655,3,27505.341312408193,1000
F_grdp_G_a_v0.02_s0.5,6ae68655,4,26844.842625164572,205
F_grdp_G_a_v0.02_s0.5,2d9f6cb9,0,2720.053880476825,999
F_grdp_G_a_v0.02_s0.5,2d9f6cb9,1,39280.45536034046,1000
F_grdp_G_a_v0.02_s0.5,2d9f6cb9,2,38351.25838448002,1000
F_grdp_G_a_v0.02_s0.5,2d9f6cb9,3,13188.787084221625,1000
F_grdp_G_a_v0.02_s0.5,2d9f6cb9,4,21919.766674975435,1000
F_grdp_G_a_v0.02_s0.5,2d9f6cb9,5,19467.240080151874,1000
F_grdp_G_a_v0.02_s0.5,2d9f6cb9,6,47570.34223204129,1000
F_grdp_G_a_v0.02_s0.5,2d9f6cb9,7,35510.099235165435,339
F_grdp_G_a_v0.02_s0.5,97cd5bf9,0,8121.99104453648,999
F_grdp_G_a_v0.02_s0.5,97cd5bf9,1,3066.596631535619,1000
F_grdp_G_a_v0.02_s0.5,97cd5bf9,2,41901.23361789052,1000
F_grdp_G_a_v0.02_s0.5,97cd5bf9,3,46311.34400614968,450
F_grdp_G_a_v0.02_s0.5,204cc64b,0,41532.43604503853,999
F_grdp_G_a_v0.02_s0.5,204cc64b,1,12176.291632801353,1000
F_grdp_G_a_v0.02_s0.5,204cc64b,2,113140.1708962629,1000
F_grdp_G_a_v0.02_s0.5,204cc64b,3,160863.35919138926,1000
F_grdp_G_a_v0.02_s0.5,204cc64b,4,12927.796193084567,806
F_grdp_G_a_v0.02_s0.5,b1efb8a4,0,903.5701024645613,999
F_grdp_G_a_v0.02_s0.5,b1efb8a4,1,1506.8167198177898,1000
F_grdp_G_a_v0.02_s0.5,b1efb8a4,2,1511.7160122278926,1000
F_grdp_G_a_v0.02_s0.5,b1efb8a4,3,45508.41069354127,1000
F_grdp_G_a_v0.02_s0.5,b1efb8a4,4,31727.119414439174,1000
F_grdp_G_a_v0.02_s0.5,b1efb8a4,5,18999.818697101404,999
F_grdp_G_a_v0.02_s0.5,d63196fe,0,82212.7462880691,999
F_grdp_G_a_v0.02_s0.5,d63196fe,1,336418.03118356894,1000
F_grdp_G_a_v0.02_s0.5,d63196fe,2,359187.2251513945,1000
F_grdp_G_a_v0.02_s0.5,d63196fe,3,311568.90780735837,1000
F_grdp_G_a_v0.02_s0.5,d63196fe,4,158767.36531843359,511
F_grdp_G_a_v0.02_s0.5,1d3fbf02,0,35016.03592003863,999
F_grdp_G_a_v0.02_s0.5,1d3fbf02,1,52108.57344455941,1000
F_grdp_G_a_v0.02_s0.5,1d3fbf02,2,2551.670807619315,695
F_grdp_G_a_v0.02_s0.5,ae35f33a,0,8414.73246090154,999
F_grdp_G_a_v0.02_s0.5,ae35f33a,1,34230.97029312681,1000
F_grdp_G_a_v0.02_s0.5,ae35f33a,2,63336.47233551822,1000
F_grdp_G_a_v0.02_s0.5,ae35f33a,3,165714.57366970318,1000
F_grdp_G_a_v0.02_s0.5,ae35f33a,4,36412.95291694528,451
F_grdp_G_a_v0.02_s0.5,3b21ea64,0,1331.4532521586982,999
F_grdp_G_a_v0.02_s0.5,3b21ea64,1,5463.666342214452,1000
F_grdp_G_a_v0.02_s0.5,3b21ea64,2,115521.58669701563,1000
F_grdp_G_a_v0.02_s0.5,3b21ea64,3,39585.01011065323,1000
F_grdp_G_a_v0.02_s0.5,3b21ea64,4,58406.10382114566,1000
F_grdp_G_a_v0.02_s0.5,3b21ea64,5,36157.42400974809,1000
F_grdp_G_a_v0.02_s0.5,3b21ea64,6,236422.0159462095,1000
F_grdp_G_a_v0.02_s0.5,3b21ea64,7,203909.41689167608,377
F_grdp_G_a_v0.02_s0.5,9bd2bba3,0,140307.19382842572,999
F_grdp_G_a_v0.02_s0.5,9bd2bba3,1,102449.56137624873,1000
F_grdp_G_a_v0.02_s0.5,9bd2bba3,2,19155.300020511197,1000
F_grdp_G_a_v0.02_s0.5,9bd2bba3,3,56816.39374056665,1000
F_grdp_G_a_v0.02_s0.5,9bd2bba3,4,61882.904219306314,1000
F_grdp_G_a_v0.02_s0.5,9bd2bba3,5,24629.200114818363,1000
F_grdp_G_a_v0.02_s0.5,9bd2bba3,6,847.9685902702766,1000
F_grdp_G_a_v0.02_s0.5,9bd2bba3,7,5590.201718763677,440
F_grdp_G_a_v0.02_s0.5,df71d1ff,0,32072.892825477782,999
F_grdp_G_a_v0.02_s0.5,df71d1ff,1,14270.760000349783,1000
F_grdp_G_a_v0.02_s0.5,df71d1ff,2,72102.54138886694,1000
F_grdp_G_a_v0.02_s0.5,df71d1ff,3,176226.74489370218,1000
F_grdp_G_a_v0.02_s0.5,df71d1ff,4,524550.5526358836,1000
F_grdp_G_a_v0.02_s0.5,df71d1ff,5,185145.88012457153,1000
F_grdp_G_a_v0.02_s0.5,df71d1ff,6,28800.061216830934,229
F_grdp_G_a_v0.02_s0.5,4c2208f5,0,504211.4149706339,999
F_grdp_G_a_v0.02_s0.5,4c2208f5,1,2623676.1114565013,1000
F_grdp_G_a_v0.02_s0.5,4c2208f5,2,1168556.5835166692,1000
F_grdp_G_a_v0.02_s0.5,4c2208f5,3,1576759.4118658416,1000
F_grdp_G_a_v0.02_s0.5,4c2208f5,4,1346059.9354074264,1000
F_grdp_G_a_v0.02_s0.5,4c2208f5,5,87092.52775168564,385
F_grdp_G_a_v0.02_s0.5,230eaaa3,0,83953.53699986172,999
F_grdp_G_a_v0.02_s0.5,230eaaa3,1,65289.51778579487,1000
F_grdp_G_a_v0.02_s0.5,230eaaa3,2,22785.885140353686,1000
F_grdp_G_a_v0.02_s0.5,230eaaa3,3,146939.30504106852,1000
F_grdp_G_a_v0.02_s0.5,230eaaa3,4,87407.89606340366,691
F_grdp_G_a_v0.02_s0.5,02e7fe5a,0,21086.729274510155,999
F_grdp_G_a_v0.02_s0.5,02e7fe5a,1,24283.389595290908,1000
F_grdp_G_a_v0.02_s0.5,02e7fe5a,2,47535.992307769804,1000
F_grdp_G_a_v0.02_s0.5,02e7fe5a,3,11443.784738453547,1000
F_grdp_G_a_v0.02_s0.5,02e7fe5a,4,14164.14329155433,1000
F_grdp_G_a_v0.02_s0.5,02e7fe5a,5,7098.089026403593,109
F_grdp_G_a_v0.02_s0.5,e9949a23,0,28048.29719187286,999
F_grdp_G_a_v0.02_s0.5,e9949a23,1,52995.94395273626,1000
F_grdp_G_a_v0.02_s0.5,e9949a23,2,178767.06863887422,1000
F_grdp_G_a_v0.02_s0.5,e9949a23,3,136555.55096286975,1000
F_grdp_G_a_v0.02_s0.5,e9949a23,4,5222.407385729986,560
F_grdp_G_a_v0.02_s0.5,9af1ffd0,0,614.0753491531759,999
F_grdp_G_a_v0.02_s0.5,9af1ffd0,1,6525.638758153964,1000
F_grdp_G_a_v0.02_s0.5,9af1ffd0,2,424680.44391090685,1000
F_grdp_G_a_v0.02_s0.5,9af1ffd0,3,380511.42247068835,526
F_grdp_G_a_v0.02_s0.5,2d0c268a,0,24612.044995168762,999
F_grdp_G_a_v0.02_s0.5,2d0c268a,1,342522.1153080314,1000
F_grdp_G_a_v0.02_s0.5,2d0c268a,2,122253.27161481856,1000
F_grdp_G_a_v0.02_s0.5,2d0c268a,3,96459.05964027232,1000
F_grdp_G_a_v0.02_s0.5,2d0c268a,4,151313.67684464972,551
F_grdp_G_a_v0.02_s0.5,14a53cb3,0,14830.914312432036,999
F_grdp_G_a_v0.02_s0.5,14a53cb3,1,126258.27220387426,1000
F_grdp_G_a_v0.02_s0.5,14a53cb3,2,60476.068416252034,1000
F_grdp_G_a_v0.02_s0.5,14a53cb3,3,71392.37771318488,1000
F_grdp_G_a_v0.02_s0.5,14a53cb3,4,100097.08087353576,1000
F_grdp_G_a_v0.02_s0.5,14a53cb3,5,66337.64694983831,1000
F_grdp_G_a_v0.02_s0.5,14a53cb3,6,114141.36605253034,920
F_grdp_G_a_v0.02_s0.5,3e011332,0,45844.9395377149,999
F_grdp_G_a_v0.02_s0.5,3e011332,1,131943.4624977873,1000
F_grdp_G_a_v0.02_s0.5,3e011332,2,95027.80153728666,724
F_grdp_G_a_v0.02_s0.5,4f69febf,0,13604.39292090631,999
F_grdp_G_a_v0.02_s0.5,4f69febf,1,25302.65565557469,1000
F_grdp_G_a_v0.02_s0.5,4f69febf,2,30192.712314659686,1000
F_grdp_G_a_v0.02_s0.5,4f69febf,3,36312.207175116826,1000
F_grdp_G_a_v0.02_s0.5,4f69febf,4,152170.84039865612,1000
F_grdp_G_a_v0.02_s0.5,4f69febf,5,166177.0594862625,461
F_grdp_G_a_v0.02_s0.5,03a935ae,0,258408.4899078615,999
F_grdp_G_a_v0.02_s0.5,03a935ae,1,248282.38373110627,1000
F_grdp_G_a_v0.02_s0.5,03a935ae,2,920636.833508617,787
F_grdp_G_a_v0.02_s0.5,93209a3d,0,165978.9569515017,999
F_grdp_G_a_v0.02_s0.5,93209a3d,1,187233.8475590958,1000
F_grdp_G_a_v0.02_s0.5,93209a3d,2,160353.02548661246,1000
F_grdp_G_a_v0.02_s0.5,93209a3d,3,399915.1398192574,1000
F_grdp_G_a_v0.02_s0.5,93209a3d,4,213244.75294131035,698
F_grdp_G_a_v0.02_s0.5,c99f9fae,0,10912.632793813447,999
F_grdp_G_a_v0.02_s0.5,c99f9fae,1,14770.517859818221,1000
F_grdp_G_a_v0.02_s0.5,c99f9fae,2,1302.0416081886046,1000
F_grdp_G_a_v0.02_s0.5,c99f9fae,3,99432.09024662474,1000
F_grdp_G_a_v0.02_s0.5,c99f9fae,4,26869.36752762999,1000
F_grdp_G_a_v0.02_s0.5,c99f9fae,5,101605.54359198373,1000
F_grdp_G_a_v0.02_s0.5,c99f9fae,6,24097.78907470424,362
F_grdp_G_a_v0.02_s0.5,8ac2f237,0,2122.6097275986594,999
F_grdp_G_a_v0.02_s0.5,8ac2f237,1,4928.547203726416,1000
F_grdp_G_a_v0.02_s0.5,8ac2f237,2,8418.481036674315,1000
F_grdp_G_a_v0.02_s0.5,8ac2f237,3,89488.2443263897,1000
F_grdp_G_a_v0.02_s0.5,8ac2f237,4,278844.0095721997,1000
F_grdp_G_a_v0.02_s0.5,8ac2f237,5,156613.8643508789,320
F_grdp_G_a_v0.02_s0.5,10be2420,0,1288.1980229352016,999
F_grdp_G_a_v0.02_s0.5,10be2420,1,5426.9276278499,1000
F_grdp_G_a_v0.02_s0.5,10be2420,2,972.2621246320515,1000
F_grdp_G_a_v0.02_s0.5,10be2420,3,324.98875715431836,272
F_grdp_G_a_v0.02_s0.5,0c1b160c,0,20831.09808376331,999
F_grdp_G_a_v0.02_s0.5,0c1b160c,1,33438.52591695276,1000
F_grdp_G_a_v0.02_s0.5,0c1b160c,2,28661.36863750171,1000
F_grdp_G_a_v0.02_s0.5,0c1b160c,3,71973.31027929984,1000
F_grdp_G_a_v0.02_s0.5,0c1b160c,4,152390.1566813425,1000
F_grdp_G_a_v0.02_s0.5,0c1b160c,5,8828.618349876868,55
F_grdp_G_a_v0.02_s0.5,153552f5,0,4229.902353077988,999
F_grdp_G_a_v0.02_s0.5,153552f5,1,1034.5502259236164,1000
F_grdp_G_a_v0.02_s0.5,153552f5,2,8406.831099341445,1000
F_grdp_G_a_v0.02_s0.5,153552f5,3,83220.48682379018,1000
F_grdp_G_a_v0.02_s0.5,153552f5,4,118952.0156632311,696
F_grdp_G_a_v0.02_s0.5,684a6fc1,0,1703.514783632816,999
F_grdp_G_a_v0.02_s0.5,684a6fc1,1,1524.1462864142143,1000
F_grdp_G_a_v0.02_s0.5,684a6fc1,2,8344.222144320524,1000
F_grdp_G_a_v0.02_s0.5,684a6fc1,3,2260.8144593037546,1000
F_grdp_G_a_v0.02_s0.5,684a6fc1,4,2150.2718614181954,1000
F_grdp_G_a_v0.02_s0.5,684a6fc1,5,4070.1979997850503,1000
F_grdp_G_a_v0.02_s0.5,684a6fc1,6,18154.634612307535,1000
F_grdp_G_a_v0.02_s0.5,684a6fc1,7,386323.70463009155,1000
F_grdp_G_a_v0.02_s0.5,684a6fc1,8,613360.5620973048,1000
F_grdp_G_a_v0.02_s0.5,684a6fc1,9,148357.11379984996,819
F_grdp_G_a_v0.02_s0.5,9c350a6a,0,12622.046739300644,999
F_grdp_G_a_v0.02_s0.5,9c350a6a,1,43949.124826812906,1000
F_grdp_G_a_v0.02_s0.5,9c350a6a,2,168593.49688706745,1000
F_grdp_G_a_v0.02_s0.5,9c350a6a,3,235210.73204593427,1000
F_grdp_G_a_v0.02_s0.5,9c350a6a,4,822419.6419872133,1000
F_grdp_G_a_v0.02_s0.5,9c350a6a,5,503728.2991038384,1000
F_grdp_G_a_v0.02_s0.5,9c350a6a,6,385.39113242333707,53
F_grdp_G_a_v0.02_s0.5,729f4217,0,4822.16919392088,999
F_grdp_G_a_v0.02_s0.5,729f4217,1,15620.066434801132,1000
F_grdp_G_a_v0.02_s0.5,729f4217,2,12099.348010242964,1000
F_grdp_G_a_v0.02_s0.5,729f4217,3,6240.086850561334,1000
F_grdp_G_a_v0.02_s0.5,729f4217,4,6318.106274216041,1000
F_grdp_G_a_v0.02_s0.5,729f4217,5,22766.28852604383,1000
F_grdp_G_a_v0.02_s0.5,729f4217,6,26223.456018733614,196
F_grdp_G_a_v0.02_s0.5,261785ee,0,187111.8693327524,999
F_grdp_G_a_v0.02_s0.5,261785ee,1,795829.7928478202,1000
F_grdp_G_a_v0.02_s0.5,261785ee,2,889559.5809735575,1000
F_grdp_G_a_v0.02_s0.5,261785ee,3,38866.61408259923,647
F_grdp_G_a_v0.02_s0.5,c6b782a4,0,31798.918980476737,999
F_grdp_G_a_v0.02_s0.5,c6b782a4,1,26292.784597555168,1000
F_grdp_G_a_v0.02_s0.5,c6b782a4,2,84580.63650821433,1000
F_grdp_G_a_v0.02_s0.5,c6b782a4,3,142881.0269823351,1000
F_grdp_G_a_v0.02_s0.5,c6b782a4,4,12138.346509852072,878
F_grdp_G_a_v0.02_s0.5,fb03ae90,0,476390.0528465355,999
F_grdp_G_a_v0.02_s0.5,fb03ae90,1,1852287.4390893036,1000
F_grdp_G_a_v0.02_s0.5,fb03ae90,2,2243607.134622171,1000
F_grdp_G_a_v0.02_s0.5,fb03ae90,3,2342564.588957529,1000
F_grdp_G_a_v0.02_s0.5,fb03ae90,4,2401423.2214671993,1000
F_grdp_G_a_v0.02_s0.5,fb03ae90,5,2139274.900355645,1000
F_grdp_G_a_v0.02_s0.5,fb03ae90,6,666068.5687113032,432
F_grdp_G_a_v0.02_s0.5,201661b5,0,179963.19670873467,999
F_grdp_G_a_v0.02_s0.5,201661b5,1,46401.41369802064,1000
F_grdp_G_a_v0.02_s0.5,201661b5,2,140808.431092935,1000
F_grdp_G_a_v0.02_s0.5,201661b5,3,200540.16990391284,1000
F_grdp_G_a_v0.02_s0.5,201661b5,4,265794.95635543176,1000
F_grdp_G_a_v0.02_s0.5,201661b5,5,472156.43585161923,956
F_grdp_G_a_v0.02_s0.5,a0383629,0,6300.670440013603,999
F_grdp_G_a_v0.02_s0.5,a0383629,1,50806.699025986956,1000
F_grdp_G_a_v0.02_s0.5,a0383629,2,81099.21455955846,1000
F_grdp_G_a_v0.02_s0.5,a0383629,3,42481.14234417401,1000
F_grdp_G_a_v0.02_s0.5,a0383629,4,741.3091458162007,1000
F_grdp_G_a_v0.02_s0.5,a0383629,5,28560.061708823745,833
F_grdp_G_a_v0.02_s0.5,3a223519,0,5111.093925420065,999
F_grdp_G_a_v0.02_s0.5,3a223519,1,10669.541584049926,1000
F_grdp_G_a_v0.02_s0.5,3a223519,2,4628.107856583973,1000
F_grdp_G_a_v0.02_s0.5,3a223519,3,958.9421044940731,1000
F_grdp_G_a_v0.02_s0.5,3a223519,4,492.75706019724174,584
F_grdp_G_a_v0.02_s0.5,3407f5bf,0,27243.538014626574,999
F_grdp_G_a_v0.02_s0.5,3407f5bf,1,26001.293877483764,1000
F_grdp_G_a_v0.02_s0.5,3407f5bf,2,122718.58051291038,1000
F_grdp_G_a_v0.02_s0.5,3407f5bf,3,285522.73012748425,639
F_grdp_G_a_v0.02_s0.5,493b5b31,0,167776.6875045115,999
F_grdp_G_a_v0.02_s0.5,493b5b31,1,47470.13550940105,1000
F_grdp_G_a_v0.02_s0.5,493b5b31,2,113566.35353054771,1000
F_grdp_G_a_v0.02_s0.5,493b5b31,3,45682.39968294347,1000
F_grdp_G_a_v0.02_s0.5,493b5b31,4,24016.87615973944,672
F_grdp_G_a_v0.02_s0.5,939d9c34,0,33288.38119999167,999
F_grdp_G_a_v0.02_s0.5,939d9c34,1,38362.67460000713,1000
F_grdp_G_a_v0.02_s0.5,939d9c34,2,49020.96240000226,1000
F_grdp_G_a_v0.02_s0.5,939d9c34,3,661278.830199959,1000
F_grdp_G_a_v0.02_s0.5,939d9c34,4,540160.360899978,1000
F_grdp_G_a_v0.02_s0.5,939d9c34,5,74693.70610000445,102
F_grdp_G_a_v0.02_s0.5,6767c111,0,329769.74675400136,999
F_grdp_G_a_v0.02_s0.5,6767c111,1,131884.08331437944,1000
F_grdp_G_a_v0.02_s0.5,6767c111,2,73183.39718758555,1000
F_grdp_G_a_v0.02_s0.5,6767c111,3,77781.18385905222,1000
F_grdp_G_a_v0.02_s0.5,6767c111,4,71812.91269888771,1000
F_grdp_G_a_v0.02_s0.5,6767c111,5,41399.464183193406,1000
F_grdp_G_a_v0.02_s0.5,6767c111,6,129811.63749411365,784
F_grdp_G_a_v0.02_s0.5,e5c92e59,0,2207.602805531809,999
F_grdp_G_a_v0.02_s0.5,e5c92e59,1,28776.519723502486,1000
F_grdp_G_a_v0.02_s0.5,e5c92e59,2,10975.431922673779,1000
F_grdp_G_a_v0.02_s0.5,e5c92e59,3,28821.516170284114,1000
F_grdp_G_a_v0.02_s0.5,e5c92e59,4,5649.448554129296,296
F_grdp_G_a_v0.02_s0.5,fb0904bd,0,1801.5526332458853,999
F_grdp_G_a_v0.02_s0.5,fb0904bd,1,38085.01270160794,1000
F_grdp_G_a_v0.02_s0.5,fb0904bd,2,15238.921071772971,1000
F_grdp_G_a_v0.02_s0.5,fb0904bd,3,106.02954540510888,182
F_grdp_G_a_v0.02_s0.5,0d99f8e4,0,13153.180381530161,999
F_grdp_G_a_v0.02_s0.5,0d99f8e4,1,9098.414196045725,1000
F_grdp_G_a_v0.02_s0.5,0d99f8e4,2,11524.50878133004,1000
F_grdp_G_a_v0.02_s0.5,0d99f8e4,3,6717.071813028721,1000
F_grdp_G_a_v0.02_s0.5,0d99f8e4,4,43062.97252682735,1000
F_grdp_G_a_v0.02_s0.5,0d99f8e4,5,103224.27452428016,824
F_grdp_G_a_v0.02_s0.5,df73b8f3,0,218014.73247222032,999
F_grdp_G_a_v0.02_s0.5,df73b8f3,1,270198.7407481359,1000
F_grdp_G_a_v0.02_s0.5,df73b8f3,2,3650.9388040795757,1000
F_grdp_G_a_v0.02_s0.5,df73b8f3,3,13552.047869440468,1000
F_grdp_G_a_v0.02_s0.5,df73b8f3,4,380189.11578549084,1000
F_grdp_G_a_v0.02_s0.5,df73b8f3,5,312961.94873559754,312
F_grdp_G_a_v0.02_s0.5,27ebb9b9,0,20194.29880477816,999
F_grdp_G_a_v0.02_s0.5,27ebb9b9,1,39602.68366388327,1000
F_grdp_G_a_v0.02_s0.5,27ebb9b9,2,9251.294091032834,1000
F_grdp_G_a_v0.02_s0.5,27ebb9b9,3,59754.97682768613,1000
F_grdp_G_a_v0.02_s0.5,27ebb9b9,4,95681.98098100776,1000
F_grdp_G_a_v0.02_s0.5,27ebb9b9,5,29127.69606027497,767
F_grdp_G_a_v0.02_s0.5,2075c696,0,11792.854116237979,999
F_grdp_G_a_v0.02_s0.5,2075c696,1,296686.59164365527,1000
F_grdp_G_a_v0.02_s0.5,2075c696,2,460999.5622831367,1000
F_grdp_G_a_v0.02_s0.5,2075c696,3,57721.40179974832,189
F_grdp_G_a_v0.02_s0.5,a8ed028a,0,297940.2542443589,999
F_grdp_G_a_v0.02_s0.5,a8ed028a,1,1417219.9570640337,1000
F_grdp_G_a_v0.02_s0.5,a8ed028a,2,274493.6711554787,1000
F_grdp_G_a_v0.02_s0.5,a8ed028a,3,603066.138780848,1000
F_grdp_G_a_v0.02_s0.5,a8ed028a,4,473163.3449727924,1000
F_grdp_G_a_v0.02_s0.5,a8ed028a,5,44492.757252695075,539
F_grdp_G_a_v0.02_s0.5,6ea22614,0,9421.381934736688,999
F_grdp_G_a_v0.02_s0.5,6ea22614,1,18410.256958822454,1000
F_grdp_G_a_v0.02_s0.5,6ea22614,2,147653.80748693045,1000
F_grdp_G_a_v0.02_s0.5,6ea22614,3,54094.09820278221,1000
F_grdp_G_a_v0.02_s0.5,6ea22614,4,24688.882478403586,1000
F_grdp_G_a_v0.02_s0.5,6ea22614,5,33541.51272808275,972
F_grdp_G_a_v0.02_s0.5,df8290be,0,41173.79156525457,999
F_grdp_G_a_v0.02_s0.5,df8290be,1,9128.723199658687,1000
F_grdp_G_a_v0.02_s0.5,df8290be,2,226537.503665963,1000
F_grdp_G_a_v0.02_s0.5,df8290be,3,405301.3697739882,973
F_grdp_G_a_v0.02_s0.5,283269ac,0,2346.520115216316,999
F_grdp_G_a_v0.02_s0.5,283269ac,1,459.8983481685647,1000
F_grdp_G_a_v0.02_s0.5,283269ac,2,3775.133474725149,627
F_grdp_G_a_v0.02_s0.5,c2c4db09,0,18358.636869484828,999
F_grdp_G_a_v0.02_s0.5,c2c4db09,1,190292.40918300799,1000
F_grdp_G_a_v0.02_s0.5,c2c4db09,2,119258.15894577697,1000
F_grdp_G_a_v0.02_s0.5,c2c4db09,3,15228.004880715198,1000
F_grdp_G_a_v0.02_s0.5,c2c4db09,4,22165.09334706049,1000
F_grdp_G_a_v0.02_s0.5,c2c4db09,5,3303.6727242400425,1000
F_grdp_G_a_v0.02_s0.5,c2c4db09,6,306.31372144720785,40
F_grdp_G_a_v0.02_s0.5,89f1085d,0,37323.348213224635,999
F_grdp_G_a_v0.02_s0.5,89f1085d,1,180344.65543292905,1000
F_grdp_G_a_v0.02_s0.5,89f1085d,2,302741.9089140023,1000
F_grdp_G_a_v0.02_s0.5,89f1085d,3,23173.227215881572,1000
F_grdp_G_a_v0.02_s0.5,89f1085d,4,6108.406941981001,1000
F_grdp_G_a_v0.02_s0.5,89f1085d,5,33552.76038708799,995
F_grdp_G_a_v0.02_s0.5,5fb1c15f,0,160633.79204056042,999
F_grdp_G_a_v0.02_s0.5,5fb1c15f,1,323355.41911510256,1000
F_grdp_G_a_v0.02_s0.5,5fb1c15f,2,251820.97856742318,861
F_grdp_G_a_v0.02_s0.5,0be01c24,0,6794.906207532554,999
F_grdp_G_a_v0.02_s0.5,0be01c24,1,5968.185822250408,1000
F_grdp_G_a_v0.02_s0.5,0be01c24,2,292.30841099994433,1000
F_grdp_G_a_v0.02_s0.5,0be01c24,3,1717.3821066011396,1000
F_grdp_G_a_v0.02_s0.5,0be01c24,4,2972.226005680888,739
F_grdp_G_a_v0.02_s0.5,96936c22,0,2616.6281110591367,999
F_grdp_G_a_v0.02_s0.5,96936c22,1,6999.045108722722,1000
F_grdp_G_a_v0.02_s0.5,96936c22,2,10008.642440681757,1000
F_grdp_G_a_v0.02_s0.5,96936c22,3,5640.519336923728,347
F_grdp_G_a_v0.02_s0.5,ab6fe95d,0,2726.6502972504745,999
F_grdp_G_a_v0.02_s0.5,ab6fe95d,1,2678.5444624447796,1000
F_grdp_G_a_v0.02_s0.5,ab6fe95d,2,27897.10099827451,1000
F_grdp_G_a_v0.02_s0.5,ab6fe95d,3,61148.989840647366,1000
F_grdp_G_a_v0.02_s0.5,ab6fe95d,4,49708.19548120786,1000
F_grdp_G_a_v0.02_s0.5,ab6fe95d,5,18597.08275489159,492
F_grdp_G_a_v0.02_s0.5,d7eb0be8,0,634264.3840962315,999
F_grdp_G_a_v0.02_s0.5,d7eb0be8,1,2656769.794294645,1000
F_grdp_G_a_v0.02_s0.5,d7eb0be8,2,2173984.5581164686,1000
F_grdp_G_a_v0.02_s0.5,d7eb0be8,3,596160.8351814977,1000
F_grdp_G_a_v0.02_s0.5,d7eb0be8,4,97619.18006136881,1000
F_grdp_G_a_v0.02_s0.5,d7eb0be8,5,183500.07862108367,402
F_grdp_G_a_v0.02_s0.5,fd3b4faa,0,71037.2702471348,999
F_grdp_G_a_v0.02_s0.5,fd3b4faa,1,126825.10472214928,1000
F_grdp_G_a_v0.02_s0.5,fd3b4faa,2,16211.430941043132,1000
F_grdp_G_a_v0.02_s0.5,fd3b4faa,3,1691.2889933906702,1000
F_grdp_G_a_v0.02_s0.5,fd3b4faa,4,9740.196342377176,1000
F_grdp_G_a_v0.02_s0.5,fd3b4faa,5,71.85689261572655,23
F_grdp_G_a_v0.02_s0.5,5254b6db,0,4520.780942799948,999
F_grdp_G_a_v0.02_s0.5,5254b6db,1,963.487412136126,1000
F_grdp_G_a_v0.02_s0.5,5254b6db,2,777.8221594008897,1000
F_grdp_G_a_v0.02_s0.5,5254b6db,3,2347.262598874952,275
F_grdp_G_a_v0.02_s0.5,2364716c,0,12003.442741684294,999
F_grdp_G_a_v0.02_s0.5,2364716c,1,128160.76124639265,1000
F_grdp_G_a_v0.02_s0.5,2364716c,2,55896.66221522198,1000
F_grdp_G_a_v0.02_s0.5,2364716c,3,7824.318961728724,1000
F_grdp_G_a_v0.02_s0.5,2364716c,4,1711.4149372792888,317
F_grdp_G_a_v0.02_s0.5,c6797dd7,0,8130.795199993961,999
F_grdp_G_a_v0.02_s0.5,c6797dd7,1,71554.61209998367,1000
F_grdp_G_a_v0.02_s0.5,c6797dd7,2,17995.71059999993,1000
F_grdp_G_a_v0.02_s0.5,c6797dd7,3,29931.285400015906,1000
F_grdp_G_a_v0.02_s0.5,c6797dd7,4,27016.45650001247,665
F_grdp_G_a_v0.02_s0.5,e5ff9fd2,0,21864.921585947526,999
F_grdp_G_a_v0.02_s0.5,e5ff9fd2,1,57613.45273938283,1000
F_grdp_G_a_v0.02_s0.5,e5ff9fd2,2,92449.62420990429,355
F_grdp_G_a_v0.02_s0.5,8c8348e8,0,10233.922822586488,999
F_grdp_G_a_v0.02_s0.5,8c8348e8,1,1907.0503164897177,1000
F_grdp_G_a_v0.02_s0.5,8c8348e8,2,9823.417664966077,1000
F_grdp_G_a_v0.02_s0.5,8c8348e8,3,7166.820975947252,889
F_grdp_G_a_v0.02_s0.5,19fb4f7b,0,685701.8759744943,999
F_grdp_G_a_v0.02_s0.5,19fb4f7b,1,1108927.4010754316,1000
F_grdp_G_a_v0.02_s0.5,19fb4f7b,2,295880.1424352203,1000
F_grdp_G_a_v0.02_s0.5,19fb4f7b,3,20654.48502971447,1000
F_grdp_G_a_v0.02_s0.5,19fb4f7b,4,17036.347736582964,1000
F_grdp_G_a_v0.02_s0.5,19fb4f7b,5,11054.11843533216,621
F_grdp_G_a_v0.02_s0.5,1b1c5372,0,6756.0104471245795,999
F_grdp_G_a_v0.02_s0.5,1b1c5372,1,17660.518077556888,1000
F_grdp_G_a_v0.02_s0.5,1b1c5372,2,146327.6536428785,1000
F_grdp_G_a_v0.02_s0.5,1b1c5372,3,566367.3957611335,1000
F_grdp_G_a_v0.02_s0.5,1b1c5372,4,112133.759201439,262
F_grdp_G_a_v0.02_s0.5,f07d7037,0,14328.349550906374,999
F_grdp_G_a_v0.02_s0.5,f07d7037,1,11739.539560889285,1000
F_grdp_G_a_v0.02_s0.5,f07d7037,2,235.54430507618838,1000
F_grdp_G_a_v0.02_s0.5,f07d7037,3,14673.770429056112,1000
F_grdp_G_a_v0.02_s0.5,f07d7037,4,7268.46504112385,1000
F_grdp_G_a_v0.02_s0.5,f07d7037,5,15402.936895582428,564
F_grdp_G_a_v0.02_s0.5,b5aa9634,0,19406.22528075751,999
F_grdp_G_a_v0.02_s0.5,b5aa9634,1,3472.680248566898,1000
F_grdp_G_a_v0.02_s0.5,b5aa9634,2,35871.143793737705,1000
F_grdp_G_a_v0.02_s0.5,b5aa9634,3,11095.558044686913,1000
F_grdp_G_a_v0.02_s0.5,b5aa9634,4,6220.379565403908,1000
F_grdp_G_a_v0.02_s0.5,b5aa9634,5,18527.569731773263,1000
F_grdp_G_a_v0.02_s0.5,b5aa9634,6,193393.1372060941,1000
F_grdp_G_a_v0.02_s0.5,b5aa9634,7,163816.7327499501,327
F_grdp_G_a_v0.02_s0.5,373ef48b,0,372.9447011318222,999
F_grdp_G_a_v0.02_s0.5,373ef48b,1,8985.339228337298,1000
F_grdp_G_a_v0.02_s0.5,373ef48b,2,6221.515918593358,1000
F_grdp_G_a_v0.02_s0.5,373ef48b,3,193.34491148291855,510
F_grdp_G_a_v0.02_s0.5,dbee6c86,0,8506.619115061052,999
F_grdp_G_a_v0.02_s0.5,dbee6c86,1,51125.79777205669,1000
F_grdp_G_a_v0.02_s0.5,dbee6c86,2,1213.5121156823786,1000
F_grdp_G_a_v0.02_s0.5,dbee6c86,3,11644.5804316337,1000
F_grdp_G_a_v0.02_s0.5,dbee6c86,4,2093.426288105228,1000
F_grdp_G_a_v0.02_s0.5,dbee6c86,5,12788.857721654873,1000
F_grdp_G_a_v0.02_s0.5,dbee6c86,6,7389.884299362941,1000
F_grdp_G_a_v0.02_s0.5,dbee6c86,7,10340.156938919017,370
F_grdp_G_a_v0.02_s0.5,000d7d20,0,1640.53003159327,999
F_grdp_G_a_v0.02_s0.5,000d7d20,1,12028.975035005724,1000
F_grdp_G_a_v0.02_s0.5,000d7d20,2,11324.785343233523,1000
F_grdp_G_a_v0.02_s0.5,000d7d20,3,56962.570873907185,837
F_grdp_G_a_v0.02_s0.5,727a3a10,0,61665.700667232595,999
F_grdp_G_a_v0.02_s0.5,727a3a10,1,161575.45598480917,1000
F_grdp_G_a_v0.02_s0.5,727a3a10,2,55883.05265424903,1000
F_grdp_G_a_v0.02_s0.5,727a3a10,3,18188.134170715388,1000
F_grdp_G_a_v0.02_s0.5,727a3a10,4,10724.728190083188,398
F_grdp_G_a_v0.02_s0.5,5beded95,0,193182.15909658882,999
F_grdp_G_a_v0.02_s0.5,5beded95,1,427487.94011708756,1000
F_grdp_G_a_v0.02_s0.5,5beded95,2,139403.55751145654,1000
F_grdp_G_a_v0.02_s0.5,5beded95,3,11204.121335074624,58
F_grdp_G_a_v0.02_s0.5,33c40295,0,168420.22304838587,999
F_grdp_G_a_v0.02_s0.5,33c40295,1,62167.542570661906,1000
F_grdp_G_a_v0.02_s0.5,33c40295,2,40657.57161031162,1000
F_grdp_G_a_v0.02_s0.5,33c40295,3,65956.30913867746,1000
F_grdp_G_a_v0.02_s0.5,33c40295,4,28531.16681712678,170
F_grdp_G_a_v0.02_s0.5,992ce078,0,1380.107081887468,999
F_grdp_G_a_v0.02_s0.5,992ce078,1,8577.437285036267,1000
F_grdp_G_a_v0.02_s0.5,992ce078,2,3588.2570461454193,880
F_grdp_G_a_v0.02_s0.5,49dbc14c,0,17074.764567759124,999
F_grdp_G_a_v0.02_s0.5,49dbc14c,1,7220.711033187583,1000
F_grdp_G_a_v0.02_s0.5,49dbc14c,2,624.4479368812111,1000
F_grdp_G_a_v0.02_s0.5,49dbc14c,3,1581.2486339805503,873
F_grdp_G_a_v0.02_s0.5,5b7b6324,0,30672.576928228318,999
F_grdp_G_a_v0.02_s0.5,5b7b6324,1,39865.01391504702,1000
F_grdp_G_a_v0.02_s0.5,5b7b6324,2,8645.10244087564,1000
F_grdp_G_a_v0.02_s0.5,5b7b6324,3,160872.51366785142,1000
F_grdp_G_a_v0.02_s0.5,5b7b6324,4,208365.73701455293,1000
F_grdp_G_a_v0.02_s0.5,5b7b6324,5,311066.56168293045,1000
F_grdp_G_a_v0.02_s0.5,5b7b6324,6,269483.3342556162,565
F_grdp_G_a_v0.02_s0.5,ddc790ff,0,4818.0644118634345,999
F_grdp_G_a_v0.02_s0.5,ddc790ff,1,6033.879217611671,1000
F_grdp_G_a_v0.02_s0.5,ddc790ff,2,5232.169361969197,1000
F_grdp_G_a_v0.02_s0.5,ddc790ff,3,1813.2847705210934,1000
F_grdp_G_a_v0.02_s0.5,ddc790ff,4,3312.1727751561543,727
F_grdp_G_a_v0.02_s0.5,cbe51de1,0,14707.82468420235,999
F_grdp_G_a_v0.02_s0.5,cbe51de1,1,13510.988641168484,1000
F_grdp_G_a_v0.02_s0.5,cbe51de1,2,115074.64905934066,1000
F_grdp_G_a_v0.02_s0.5,cbe51de1,3,14143.20394786527,964
F_grdp_G_a_v0.02_s0.5,10a1281a,0,29553.403770231842,999
F_grdp_G_a_v0.02_s0.5,10a1281a,1,12867.214339225486,1000
F_grdp_G_a_v0.02_s0.5,10a1281a,2,26430.716243757674,1000
F_grdp_G_a_v0.02_s0.5,10a1281a,3,13892.486566314774,1000
F_grdp_G_a_v0.02_s0.5,10a1281a,4,3428.8655782899477,1000
F_grdp_G_a_v0.02_s0.5,10a1281a,5,417.26542554017544,610
F_grdp_G_a_v0.02_s0.5,16e4a047,0,54714.8133999992,999
F_grdp_G_a_v0.02_s0.5,16e4a047,1,126676.13570000013,1000
F_grdp_G_a_v0.02_s0.5,16e4a047,2,78831.83469999986,1000
F_grdp_G_a_v0.02_s0.5,16e4a047,3,137165.8413999993,1000
F_grdp_G_a_v0.02_s0.5,16e4a047,4,14961.975900000069,132
F_grdp_G_a_v0.02_s0.5,abf460d2,0,5084.39558255888,999
F_grdp_G_a_v0.02_s0.5,abf460d2,1,16909.952907502495,1000
F_grdp_G_a_v0.02_s0.5,abf460d2,2,24575.285570658914,1000
F_grdp_G_a_v0.02_s0.5,abf460d2,3,25139.393046553683,218
F_grdp_G_a_v0.02_s0.5,445af6c2,0,9105.622795069143,999
F_grdp_G_a_v0.02_s0.5,445af6c2,1,43382.488025855775,1000
F_grdp_G_a_v0.02_s0.5,445af6c2,2,124201.89035864173,1000
F_grdp_G_a_v0.02_s0.5,445af6c2,3,108276.63218899557,1000
F_grdp_G_a_v0.02_s0.5,445af6c2,4,82412.33266444909,1000
F_grdp_G_a_v0.02_s0.5,445af6c2,5,73028.11471080058,1000
F_grdp_G_a_v0.02_s0.5,445af6c2,6,4880.4545902994305,42
F_grdp_G_a_v0.02_s0.5,a692b17e,0,29291.86901810916,999
F_grdp_G_a_v0.02_s0.5,a692b17e,1,177194.77903034867,1000
F_grdp_G_a_v0.02_s0.5,a692b17e,2,296058.0052738879,1000
F_grdp_G_a_v0.02_s0.5,a692b17e,3,49411.40232191699,567
F_grdp_G_a_v0.02_s0.5,bffe3082,0,3742.7358081587136,999
F_grdp_G_a_v0.02_s0.5,bffe3082,1,36807.47938341098,1000
F_grdp_G_a_v0.02_s0.5,bffe3082,2,173860.57270817136,1000
F_grdp_G_a_v0.02_s0.5,bffe3082,3,156735.9101165735,1000
F_grdp_G_a_v0.02_s0.5,bffe3082,4,594079.1073404613,1000
F_grdp_G_a_v0.02_s0.5,bffe3082,5,492060.80205308495,724
F_grdp_G_a_v0.02_s0.5,7993a768,0,6027.640211152105,999
F_grdp_G_a_v0.02_s0.5,7993a768,1,6673.095379891398,1000
F_grdp_G_a_v0.02_s0.5,7993a768,2,6678.609013889324,1000
F_grdp_G_a_v0.02_s0.5,7993a768,3,13144.424260230133,1000
F_grdp_G_a_v0.02_s0.5,7993a768,4,35730.23172046186,1000
F_grdp_G_a_v0.02_s0.5,7993a768,5,14992.750756741418,488
F_grdp_G_a_v0.02_s0.5,e201fd6d,0,28989.31719663359,999
F_grdp_G_a_v0.02_s0.5,e201fd6d,1,265699.3483541148,1000
F_grdp_G_a_v0.02_s0.5,e201fd6d,2,208151.58703384205,1000
F_grdp_G_a_v0.02_s0.5,e201fd6d,3,114792.55087760724,1000
F_grdp_G_a_v0.02_s0.5,e201fd6d,4,23864.177637295263,1000
F_grdp_G_a_v0.02_s0.5,e201fd6d,5,2709.6084336101676,71
F_grdp_G_a_v0.02_s0.5,5fffa282,0,3599.6576524842426,999
F_grdp_G_a_v0.02_s0.5,5fffa282,1,7415.143648554923,1000
F_grdp_G_a_v0.02_s0.5,5fffa282,2,20792.545217187733,1000
F_grdp_G_a_v0.02_s0.5,5fffa282,3,124586.79538065496,1000
F_grdp_G_a_v0.02_s0.5,5fffa282,4,29318.77981281101,202
F_grdp_G_a_v0.02_s0.5,eeda36f5,0,1785.6866149228101,999
F_grdp_G_a_v0.02_s0.5,eeda36f5,1,1373.707383582389,1000
F_grdp_G_a_v0.02_s0.5,eeda36f5,2,9437.383564519218,1000
F_grdp_G_a_v0.02_s0.5,eeda36f5,3,20987.054348656366,1000
F_grdp_G_a_v0.02_s0.5,eeda36f5,4,30155.135062941907,798
F_grdp_G_a_v0.02_s0.5,a7fc3e6b,0,7251.3953694657075,999
F_grdp_G_a_v0.02_s0.5,a7fc3e6b,1,52479.81247705399,1000
F_grdp_G_a_v0.02_s0.5,a7fc3e6b,2,524386.4204406966,1000
F_grdp_G_a_v0.02_s0.5,a7fc3e6b,3,155121.48940934113,1000
F_grdp_G_a_v0.02_s0.5,a7fc3e6b,4,41178.516334229826,765
F_grdp_G_a_v0.02_s0.5,19137a89,0,18085.62100728964,999
F_grdp_G_a_v0.02_s0.5,19137a89,1,339830.23577676434,1000
F_grdp_G_a_v0.02_s0.5,19137a89,2,278080.37654601334,1000
F_grdp_G_a_v0.02_s0.5,19137a89,3,83859.79865043424,1000
F_grdp_G_a_v0.02_s0.5,19137a89,4,81088.30865554542,1000
F_grdp_G_a_v0.02_s0.5,19137a89,5,102406.16191506815,1000
F_grdp_G_a_v0.02_s0.5,19137a89,6,50790.311354442674,268
F_grdp_G_a_v0.02_s0.5,fa16d114,0,3351.4850776939634,999
F_grdp_G_a_v0.02_s0.5,fa16d114,1,57477.306134554616,1000
F_grdp_G_a_v0.02_s0.5,fa16d114,2,238819.35414022522,1000
F_grdp_G_a_v0.02_s0.5,fa16d114,3,267644.2906120305,1000
F_grdp_G_a_v0.02_s0.5,fa16d114,4,366240.6637215146,1000
F_grdp_G_a_v0.02_s0.5,fa16d114,5,115732.20165217458,687
F_grdp_G_a_v0.02_s0.5,e32da4ec,0,1574.4140427760992,999
F_grdp_G_a_v0.02_s0.5,e32da4ec,1,6454.790914569668,1000
F_grdp_G_a_v0.02_s0.5,e32da4ec,2,52755.08828561205,1000
F_grdp_G_a_v0.02_s0.5,e32da4ec,3,34168.98113887848,1000
F_grdp_G_a_v0.02_s0.5,e32da4ec,4,23748.272180725366,690
F_grdp_G_a_v0.02_s0.5,5a5d1982,0,14479.296715261333,999
F_grdp_G_a_v0.02_s0.5,5a5d1982,1,11670.193767874269,1000
F_grdp_G_a_v0.02_s0.5,5a5d1982,2,3217.251494973475,1000
F_grdp_G_a_v0.02_s0.5,5a5d1982,3,1130.0095661658413,895
F_grdp_G_a_v0.02_s0.5,76201745,0,786.9011482338672,999
F_grdp_G_a_v0.02_s0.5,76201745,1,4446.461092276059,1000
F_grdp_G_a_v0.02_s0.5,76201745,2,12752.550971401126,1000
F_grdp_G_a_v0.02_s0.5,76201745,3,6423.637694943679,1000
F_grdp_G_a_v0.02_s0.5,76201745,4,3141.1069688891234,449
F_grdp_G_a_v0.02_s0.5,c6c96179,0,3318.6960454388714,999
F_grdp_G_a_v0.02_s0.5,c6c96179,1,7922.133150442619,1000
F_grdp_G_a_v0.02_s0.5,c6c96179,2,2057.4954795864132,1000
F_grdp_G_a_v0.02_s0.5,c6c96179,3,2219.6860564992817,1000
F_grdp_G_a_v0.02_s0.5,c6c96179,4,19.69699932720465,5
F_grdp_G_a_v0.02_s0.5,5305524b,0,51503.63229914443,999
F_grdp_G_a_v0.02_s0.5,5305524b,1,4993.199713827765,1000
F_grdp_G_a_v0.02_s0.5,5305524b,2,54751.90398563795,1000
F_grdp_G_a_v0.02_s0.5,5305524b,3,5791.6752013762925,1000
F_grdp_G_a_v0.02_s0.5,5305524b,4,7321.735216607879,899
F_grdp_G_a_v0.02_s0.5,4a8ecc0b,0,43455.15318622842,999
F_grdp_G_a_v0.02_s0.5,4a8ecc0b,1,208104.6587277811,1000
F_grdp_G_a_v0.02_s0.5,4a8ecc0b,2,41795.54229758708,1000
F_grdp_G_a_v0.02_s0.5,4a8ecc0b,3,22925.0846644835,1000
F_grdp_G_a_v0.02_s0.5,4a8ecc0b,4,7928.254609629637,1000
F_grdp_G_a_v0.02_s0.5,4a8ecc0b,5,6232.034232274856,810
F_grdp_G_a_v0.02_s0.5,ff8bb73a,0,2894.892347174052,999
F_grdp_G_a_v0.02_s0.5,ff8bb73a,1,45680.411438492505,1000
F_grdp_G_a_v0.02_s0.5,ff8bb73a,2,13755.428518644243,1000
F_grdp_G_a_v0.02_s0.5,ff8bb73a,3,64057.78682182261,1000
F_grdp_G_a_v0.02_s0.5,ff8bb73a,4,7756.727577350655,1000
F_grdp_G_a_v0.02_s0.5,ff8bb73a,5,195041.22731079767,928
F_grdp_G_a_v0.02_s0.5,b4f37e6e,0,7718.164931904141,999
F_grdp_G_a_v0.02_s0.5,b4f37e6e,1,19385.17476946802,1000
F_grdp_G_a_v0.02_s0.5,b4f37e6e,2,169882.12044488575,993
F_grdp_G_a_v0.02_s0.5,09ec2ca9,0,32512.132186994164,999
F_grdp_G_a_v0.02_s0.5,09ec2ca9,1,46051.58774852447,1000
F_grdp_G_a_v0.02_s0.5,09ec2ca9,2,71356.11558986326,1000
F_grdp_G_a_v0.02_s0.5,09ec2ca9,3,76138.27812876824,1000
F_grdp_G_a_v0.02_s0.5,09ec2ca9,4,17263.786246137814,1000
F_grdp_G_a_v0.02_s0.5,09ec2ca9,5,11059.439567595104,886
F_grdp_G_a_v0.02_s0.5,200d233d,0,4953.435041287197,999
F_grdp_G_a_v0.02_s0.5,200d233d,1,22317.618630482775,1000
F_grdp_G_a_v0.02_s0.5,200d233d,2,9564.892498981659,1000
F_grdp_G_a_v0.02_s0.5,200d233d,3,8359.72922772181,927
F_grdp_G_a_v0.02_s0.5,3417285d,0,10612.49119597973,999
F_grdp_G_a_v0.02_s0.5,3417285d,1,163227.8037110632,1000
F_grdp_G_a_v0.02_s0.5,3417285d,2,287608.03598953784,1000
F_grdp_G_a_v0.02_s0.5,3417285d,3,344145.19316824776,1000
F_grdp_G_a_v0.02_s0.5,3417285d,4,564383.8190930609,1000
F_grdp_G_a_v0.02_s0.5,3417285d,5,128599.3570921559,450
F_grdp_G_a_v0.02_s0.5,3bbe1f5d,0,124084.43779999106,999
F_grdp_G_a_v0.02_s0.5,3bbe1f5d,1,217978.36699998524,1000
F_grdp_G_a_v0.02_s0.5,3bbe1f5d,2,239035.54689998558,1000
F_grdp_G_a_v0.02_s0.5,3bbe1f5d,3,189711.5879999865,1000
F_grdp_G_a_v0.02_s0.5,3bbe1f5d,4,27007.499999994936,1000
F_grdp_G_a_v0.02_s0.5,3bbe1f5d,5,269678.80219998193,1000
F_grdp_G_a_v0.02_s0.5,3bbe1f5d,6,296743.54539998365,919
F_grdp_G_a_v0.02_s0.5,30d75030,0,4927.957801769865,999
F_grdp_G_a_v0.02_s0.5,30d75030,1,6017.131793712336,1000
F_grdp_G_a_v0.02_s0.5,30d75030,2,56462.44596993781,1000
F_grdp_G_a_v0.02_s0.5,30d75030,3,91339.18698756352,405
F_grdp_G_a_v0.02_s0.5,052d64df,0,4666.748729313492,999
F_grdp_G_a_v0.02_s0.5,052d64df,1,22995.72366456689,1000
F_grdp_G_a_v0.02_s0.5,052d64df,2,68022.14448765696,446
F_grdp_G_a_v0.02_s0.5,c36625df,0,17782.64923336582,999
F_grdp_G_a_v0.02_s0.5,c36625df,1,29577.3867887336,1000
F_grdp_G_a_v0.02_s0.5,c36625df,2,21717.31486089295,1000
F_grdp_G_a_v0.02_s0.5,c36625df,3,24861.396968276775,1000
F_grdp_G_a_v0.02_s0.5,c36625df,4,15284.10748930738,743
F_grdp_G_a_v0.02_s0.5,ea3a0e38,0,35006.517053575124,999
F_grdp_G_a_v0.02_s0.5,ea3a0e38,1,14635.820859875275,1000
F_grdp_G_a_v0.02_s0.5,ea3a0e38,2,2229.3207549943913,1000
F_grdp_G_a_v0.02_s0.5,ea3a0e38,3,2381.610034463736,1000
F_grdp_G_a_v0.02_s0.5,ea3a0e38,4,13332.149773487601,1000
F_grdp_G_a_v0.02_s0.5,ea3a0e38,5,22382.927367815864,1000
F_grdp_G_a_v0.02_s0.5,ea3a0e38,6,39137.30652457178,1000
F_grdp_G_a_v0.02_s0.5,ea3a0e38,7,52194.57288832849,1000
F_grdp_G_a_v0.02_s0.5,ea3a0e38,8,79872.04576690677,1000
F_grdp_G_a_v0.02_s0.5,ea3a0e38,9,298487.27637778287,1000
F_grdp_G_a_v0.02_s0.5,ea3a0e38,10,9180.934229867948,53
F_grdp_G_a_v0.02_s0.5,5693dde2,0,72626.79804845645,999
F_grdp_G_a_v0.02_s0.5,5693dde2,1,444641.07843842113,1000
F_grdp_G_a_v0.02_s0.5,5693dde2,2,707708.6572072194,1000
F_grdp_G_a_v0.02_s0.5,5693dde2,3,607147.8412295519,489
F_grdp_G_a_v0.02_s0.5,807f0298,0,562.9121570509533,999
F_grdp_G_a_v0.02_s0.5,807f0298,1,51870.794932018944,1000
F_grdp_G_a_v0.02_s0.5,807f0298,2,37872.99383685761,1000
F_grdp_G_a_v0.02_s0.5,807f0298,3,56897.071984831055,748
F_grdp_G_a_v0.02_s0.5,8a89da23,0,37840.37786393114,999
F_grdp_G_a_v0.02_s0.5,8a89da23,1,71443.50425000145,1000
F_grdp_G_a_v0.02_s0.5,8a89da23,2,41854.592152897756,1000
F_grdp_G_a_v0.02_s0.5,8a89da23,3,103312.61916898897,936
F_grdp_G_a_v0.02_s0.5,7224331b,0,1236.0832688308035,999
F_grdp_G_a_v0.02_s0.5,7224331b,1,9658.440964463201,1000
F_grdp_G_a_v0.02_s0.5,7224331b,2,632.5028036812603,1000
F_grdp_G_a_v0.02_s0.5,7224331b,3,6554.570167291984,1000
F_grdp_G_a_v0.02_s0.5,7224331b,4,102869.9478857714,1000
F_grdp_G_a_v0.02_s0.5,7224331b,5,99605.86799750614,1000
F_grdp_G_a_v0.02_s0.5,7224331b,6,10497.216888192655,64
F_grdp_G_a_v0.02_s0.5,e45a2a62,0,58837.85532946091,999
F_grdp_G_a_v0.02_s0.5,e45a2a62,1,41684.51288770973,1000
F_grdp_G_a_v0.02_s0.5,e45a2a62,2,237314.3443405798,1000
F_grdp_G_a_v0.02_s0.5,e45a2a62,3,467832.2486982352,1000
F_grdp_G_a_v0.02_s0.5,e45a2a62,4,26505.82098298762,1000
F_grdp_G_a_v0.02_s0.5,e45a2a62,5,3.086715249286989,8
F_grdp_G_a_v0.02_s0.5,3a86fe8d,0,24832.362502807788,999
F_grdp_G_a_v0.02_s0.5,3a86fe8d,1,65189.85986639401,1000
F_grdp_G_a_v0.02_s0.5,3a86fe8d,2,67087.04569268337,1000
F_grdp_G_a_v0.02_s0.5,3a86fe8d,3,149582.47272897864,1000
F_grdp_G_a_v0.02_s0.5,3a86fe8d,4,269742.0237191894,1000
F_grdp_G_a_v0.02_s0.5,3a86fe8d,5,21998.067088667736,119
F_grdp_G_a_v0.02_s0.5,d9eca87b,0,13159.870339044734,999
F_grdp_G_a_v0.02_s0.5,d9eca87b,1,99272.75986715883,1000
F_grdp_G_a_v0.02_s0.5,d9eca87b,2,45997.285095553954,1000
F_grdp_G_a_v0.02_s0.5,d9eca87b,3,67745.41857493143,1000
F_grdp_G_a_v0.02_s0.5,d9eca87b,4,32183.80242114915,1000
F_grdp_G_a_v0.02_s0.5,d9eca87b,5,126721.33638951962,1000
F_grdp_G_a_v0.02_s0.5,d9eca87b,6,334088.5885987789,374
F_grdp_G_a_v0.02_s0.5,93f5d2e6,0,115.7417583978367,999
F_grdp_G_a_v0.02_s0.5,93f5d2e6,1,25246.7521770771,1000
F_grdp_G_a_v0.02_s0.5,93f5d2e6,2,36313.57814997777,1000
F_grdp_G_a_v0.02_s0.5,93f5d2e6,3,187980.60499415366,692
F_grdp_G_a_v0.02_s0.5,cc8a1d57,0,184917.89432623846,999
F_grdp_G_a_v0.02_s0.5,cc8a1d57,1,258614.368160311,1000
F_grdp_G_a_v0.02_s0.5,cc8a1d57,2,427619.27438779734,1000
F_grdp_G_a_v0.02_s0.5,cc8a1d57,3,576284.3874831065,1000
F_grdp_G_a_v0.02_s0.5,cc8a1d57,4,526924.7331803264,1000
F_grdp_G_a_v0.02_s0.5,cc8a1d57,5,310695.3434297903,1000
F_grdp_G_a_v0.02_s0.5,cc8a1d57,6,16632.435658646278,639
F_grdp_G_a_v0.02_s0.5,bf70b410,0,25815.494687136103,999
F_grdp_G_a_v0.02_s0.5,bf70b410,1,11617.024828670226,1000
F_grdp_G_a_v0.02_s0.5,bf70b410,2,9638.940849112334,1000
F_grdp_G_a_v0.02_s0.5,bf70b410,3,4155.005924845515,1000
F_grdp_G_a_v0.02_s0.5,bf70b410,4,325801.33800201386,1000
F_grdp_G_a_v0.02_s0.5,bf70b410,5,815283.7344058931,1000
F_grdp_G_a_v0.02_s0.5,bf70b410,6,432440.0172834364,348
F_grdp_G_a_v0.02_s0.5,c472c0b5,0,250.83690679229363,999
F_grdp_G_a_v0.02_s0.5,c472c0b5,1,4229.577173806333,1000
F_grdp_G_a_v0.02_s0.5,c472c0b5,2,1413.654246287798,1000
F_grdp_G_a_v0.02_s0.5,c472c0b5,3,3.8197762003163542,55
F_grdp_G_a_v0.02_s0.5,dc7f9757,0,136067.3335627305,999
F_grdp_G_a_v0.02_s0.5,dc7f9757,1,71395.34850120099,1000
F_grdp_G_a_v0.02_s0.5,dc7f9757,2,88946.74531138518,1000
F_grdp_G_a_v0.02_s0.5,dc7f9757,3,52520.58523499428,1000
F_grdp_G_a_v0.02_s0.5,dc7f9757,4,20028.32575599416,361
F_grdp_G_a_v0.02_s0.5,ec13af42,0,128116.35771935161,999
F_grdp_G_a_v0.02_s0.5,ec13af42,1,225203.1802654591,1000
F_grdp_G_a_v0.02_s0.5,ec13af42,2,47431.36750259188,1000
F_grdp_G_a_v0.02_s0.5,ec13af42,3,59991.696258504024,1000
F_grdp_G_a_v0.02_s0.5,ec13af42,4,96505.05134010609,1000
F_grdp_G_a_v0.02_s0.5,ec13af42,5,106055.8125718265,463
F_grdp_G_a_v0.02_s0.5,7e208414,0,4734.92710917149,999
F_grdp_G_a_v0.02_s0.5,7e208414,1,13385.462772275547,1000
F_grdp_G_a_v0.02_s0.5,7e208414,2,23175.24654417735,1000
F_grdp_G_a_v0.02_s0.5,7e208414,3,90150.91714345,1000
F_grdp_G_a_v0.02_s0.5,7e208414,4,36072.75107526161,227
F_grdp_G_a_v0.02_s0.5,4e050c92,0,5824.189252669247,999
F_grdp_G_a_v0.02_s0.5,4e050c92,1,12377.030513755799,1000
F_grdp_G_a_v0.02_s0.5,4e050c92,2,20936.53947350511,1000
F_grdp_G_a_v0.02_s0.5,4e050c92,3,98247.72975329802,706
F_grdp_G_a_v0.02_s0.5,944f36b9,0,1192.0109303425957,999
F_grdp_G_a_v0.02_s0.5,944f36b9,1,45783.7449501925,1000
F_grdp_G_a_v0.02_s0.5,944f36b9,2,91466.59130516605,1000
F_grdp_G_a_v0.02_s0.5,944f36b9,3,103722.9113995194,1000
F_grdp_G_a_v0.02_s0.5,944f36b9,4,64051.72631116089,631
F_grdp_G_a_v0.02_s0.5,708caea9,0,21792.161413891838,999
F_grdp_G_a_v0.02_s0.5,708caea9,1,318831.62918901985,1000
F_grdp_G_a_v0.02_s0.5,708caea9,2,189245.67486213637,1000
F_grdp_G_a_v0.02_s0.5,708caea9,3,486185.82179393765,1000
F_grdp_G_a_v0.02_s0.5,708caea9,4,644423.0281844834,1000
F_grdp_G_a_v0.02_s0.5,708caea9,5,360033.5653091192,1000
F_grdp_G_a_v0.02_s0.5,708caea9,6,164177.6157885236,549
F_grdp_G_a_v0.02_s0.5,699ea575,0,3497.58836406216,999
F_grdp_G_a_v0.02_s0.5,699ea575,1,40190.66806377589,1000
F_grdp_G_a_v0.02_s0.5,699ea575,2,7687.098326076724,1000
F_grdp_G_a_v0.02_s0.5,699ea575,3,25749.814315167765,1000
F_grdp_G_a_v0.02_s0.5,699ea575,4,825.038433075361,121
F_grdp_G_a_v0.02_s0.5,a6f967fb,0,5671.995624886236,999
F_grdp_G_a_v0.02_s0.5,a6f967fb,1,3604.1809829190133,1000
F_grdp_G_a_v0.02_s0.5,a6f967fb,2,2791.397449645137,1000
F_grdp_G_a_v0.02_s0.5,a6f967fb,3,1896.6558195813511,1000
F_grdp_G_a_v0.02_s0.5,a6f967fb,4,6695.907187675655,671
F_grdp_G_a_v0.02_s0.5,f08774c3,0,41071.08185704542,999
F_grdp_G_a_v0.02_s0.5,f08774c3,1,83118.22256051034,1000
F_grdp_G_a_v0.02_s0.5,f08774c3,2,95205.72838673549,1000
F_grdp_G_a_v0.02_s0.5,f08774c3,3,143281.1935095438,901
F_grdp_G_a_v0.02_s0.5,e46f4ef4,0,27325.421563763415,999
F_grdp_G_a_v0.02_s0.5,e46f4ef4,1,134658.0689820538,1000
F_grdp_G_a_v0.02_s0.5,e46f4ef4,2,94610.58026780149,1000
F_grdp_G_a_v0.02_s0.5,e46f4ef4,3,183275.0727697811,1000
F_grdp_G_a_v0.02_s0.5,e46f4ef4,4,327331.4217148881,1000
F_grdp_G_a_v0.02_s0.5,e46f4ef4,5,252701.44101987785,1000
F_grdp_G_a_v0.02_s0.5,e46f4ef4,6,321286.04017881764,1000
F_grdp_G_a_v0.02_s0.5,e46f4ef4,7,59754.54997280789,196
F_grdp_G_a_v0.02_s0.5,4f4afcc6,0,13100.697563020032,999
F_grdp_G_a_v0.02_s0.5,4f4afcc6,1,25374.69740937405,1000
F_grdp_G_a_v0.02_s0.5,4f4afcc6,2,26292.577260538714,1000
F_grdp_G_a_v0.02_s0.5,4f4afcc6,3,17379.881641249263,1000
F_grdp_G_a_v0.02_s0.5,4f4afcc6,4,1143.0389216252893,1000
F_grdp_G_a_v0.02_s0.5,4f4afcc6,5,4040.491201158206,646
F_grdp_G_a_v0.02_s0.5,c2c6fc71,0,1477.063297808449,999
F_grdp_G_a_v0.02_s0.5,c2c6fc71,1,12966.879221911904,1000
F_grdp_G_a_v0.02_s0.5,c2c6fc71,2,38902.11236178146,1000
F_grdp_G_a_v0.02_s0.5,c2c6fc71,3,57067.26763663817,1000
F_grdp_G_a_v0.02_s0.5,c2c6fc71,4,32348.06383958778,1000
F_grdp_G_a_v0.02_s0.5,c2c6fc71,5,155894.10242085627,1000
F_grdp_G_a_v0.02_s0.5,c2c6fc71,6,137533.32099748627,1000
F_grdp_G_a_v0.02_s0.5,c2c6fc71,7,9102.535130593049,120
F_grdp_G_a_v0.02_s0.5,9d3ec64c,0,56563.31249999122,999
F_grdp_G_a_v0.02_s0.5,9d3ec64c,1,251172.02079997567,1000
F_grdp_G_a_v0.02_s0.5,9d3ec64c,2,145860.75239998283,1000
F_grdp_G_a_v0.02_s0.5,9d3ec64c,3,12319.377299997639,481
F_grdp_G_a_v0.02_s0.5,137d1e44,0,118517.80007589901,999
F_grdp_G_a_v0.02_s0.5,137d1e44,1,258921.56771337072,1000
F_grdp_G_a_v0.02_s0.5,137d1e44,2,20929.029270704905,1000
F_grdp_G_a_v0.02_s0.5,137d1e44,3,45301.52581760267,1000
F_grdp_G_a_v0.02_s0.5,137d1e44,4,25456.19571841576,555
F_grdp_G_a_v0.02_s0.5,42669188,0,8269.435677170728,999
F_grdp_G_a_v0.02_s0.5,42669188,1,9664.447950837211,1000
F_grdp_G_a_v0.02_s0.5,42669188,2,4677.294124178223,1000
F_grdp_G_a_v0.02_s0.5,42669188,3,3715.5175566620173,1000
F_grdp_G_a_v0.02_s0.5,42669188,4,229.36268623237459,283
F_grdp_G_a_v0.02_s0.5,fae0c593,0,51473.39940535968,999
F_grdp_G_a_v0.02_s0.5,fae0c593,1,45479.562868269306,1000
F_grdp_G_a_v0.02_s0.5,fae0c593,2,3644.5423167017257,1000
F_grdp_G_a_v0.02_s0.5,fae0c593,3,338.8081803903525,1000
F_grdp_G_a_v0.02_s0.5,fae0c593,4,5866.049792486977,404
F_grdp_G_a_v0.02_s0.5,febb4411,0,4679.730838920978,999
F_grdp_G_a_v0.02_s0.5,febb4411,1,44262.69420204985,1000
F_grdp_G_a_v0.02_s0.5,febb4411,2,11432.438000250308,1000
F_grdp_G_a_v0.02_s0.5,febb4411,3,172861.1116819586,1000
F_grdp_G_a_v0.02_s0.5,febb4411,4,29905.394715153736,248
F_grdp_G_a_v0.02_s0.5,059c8f24,0,13636.248082046704,999
F_grdp_G_a_v0.02_s0.5,059c8f24,1,39093.42678662871,1000
F_grdp_G_a_v0.02_s0.5,059c8f24,2,42193.25776852158,1000
F_grdp_G_a_v0.02_s0.5,059c8f24,3,10243.790018151758,1000
F_grdp_G_a_v0.02_s0.5,059c8f24,4,2996.914715451866,1000
F_grdp_G_a_v0.02_s0.5,059c8f24,5,21801.715681486134,1000
F_grdp_G_a_v0.02_s0.5,059c8f24,6,67127.26997234956,259
F_grdp_G_a_v0.02_s0.5,1e5e3573,0,13331.995048248149,999
F_grdp_G_a_v0.02_s0.5,1e5e3573,1,88118.7361702706,1000
F_grdp_G_a_v0.02_s0.5,1e5e3573,2,86399.18080874537,1000
F_grdp_G_a_v0.02_s0.5,1e5e3573,3,43883.611225620574,1000
F_grdp_G_a_v0.02_s0.5,1e5e3573,4,25940.09720884664,1000
F_grdp_G_a_v0.02_s0.5,1e5e3573,5,23356.403329473065,481
F_grdp_G_a_v0.02_s0.5,028d7b28,0,48144.45824595139,999
F_grdp_G_a_v0.02_s0.5,028d7b28,1,8292.875766962768,1000
F_grdp_G_a_v0.02_s0.5,028d7b28,2,4013.1513348427357,1000
F_grdp_G_a_v0.02_s0.5,028d7b28,3,20633.712374546496,1000
F_grdp_G_a_v0.02_s0.5,028d7b28,4,41841.90855876366,1000
F_grdp_G_a_v0.02_s0.5,028d7b28,5,61423.606988033884,1000
F_grdp_G_a_v0.02_s0.5,028d7b28,6,1030.6121183569358,235
F_grdp_G_a_v0.02_s0.5,ed6436d6,0,33374.01294192592,999
F_grdp_G_a_v0.02_s0.5,ed6436d6,1,29209.973989098573,1000
F_grdp_G_a_v0.02_s0.5,ed6436d6,2,92778.61831137635,946
F_grdp_G_a_v0.02_s0.5,39b51819,0,4492.813316268709,999
F_grdp_G_a_v0.02_s0.5,39b51819,1,18334.320920582024,1000
F_grdp_G_a_v0.02_s0.5,39b51819,2,1518.199371782238,1000
F_grdp_G_a_v0.02_s0.5,39b51819,3,1101.7067824035546,1000
F_grdp_G_a_v0.02_s0.5,39b51819,4,815.9093519441374,232
F_grdp_G_a_v0.02_s0.5,9f0c7bae,0,21431.237589747863,999
F_grdp_G_a_v0.02_s0.5,9f0c7bae,1,123678.47895526634,1000
F_grdp_G_a_v0.02_s0.5,9f0c7bae,2,68937.84359022258,543
F_grdp_G_a_v0.02_s0.5,73b1447d,0,10446.089810373835,999
F_grdp_G_a_v0.02_s0.5,73b1447d,1,27724.732319977913,1000
F_grdp_G_a_v0.02_s0.5,73b1447d,2,12202.936331022784,1000
F_grdp_G_a_v0.02_s0.5,73b1447d,3,19799.60611915317,1000
F_grdp_G_a_v0.02_s0.5,73b1447d,4,72262.16387505602,1000
F_grdp_G_a_v0.02_s0.5,73b1447d,5,2670.907390175219,671
F_grdp_G_a_v0.02_s0.5,764072a5,0,9050.988984092197,999
F_grdp_G_a_v0.02_s0.5,764072a5,1,38915.1243393803,1000
F_grdp_G_a_v0.02_s0.5,764072a5,2,33348.72838195068,950
F_grdp_G_a_v0.02_s0.5,e7d0c1de,0,2898.8935501096457,999
F_grdp_G_a_v0.02_s0.5,e7d0c1de,1,4009.8142442400376,1000
F_grdp_G_a_v0.02_s0.5,e7d0c1de,2,4529.820417135383,1000
F_grdp_G_a_v0.02_s0.5,e7d0c1de,3,5923.541874537917,1000
F_grdp_G_a_v0.02_s0.5,e7d0c1de,4,3015.338515933674,712
F_grdp_G_a_v0.02_s0.5,a6ed2eff,0,8607.478022119423,999
F_grdp_G_a_v0.02_s0.5,a6ed2eff,1,16334.503861242152,1000
F_grdp_G_a_v0.02_s0.5,a6ed2eff,2,3138.867514073792,1000
F_grdp_G_a_v0.02_s0.5,a6ed2eff,3,19908.337175442455,1000
F_grdp_G_a_v0.02_s0.5,a6ed2eff,4,88945.87101206914,1000
F_grdp_G_a_v0.02_s0.5,a6ed2eff,5,24231.998351855607,276
F_grdp_G_a_v0.02_s0.5,4630ab92,0,44178.145631813175,999
F_grdp_G_a_v0.02_s0.5,4630ab92,1,195488.80792407127,1000
F_grdp_G_a_v0.02_s0.5,4630ab92,2,190941.62151768996,1000
F_grdp_G_a_v0.02_s0.5,4630ab92,3,20121.29281240045,374
F_grdp_G_a_v0.02_s0.5,29de15c8,0,23443.911633514253,999
F_grdp_G_a_v0.02_s0.5,29de15c8,1,38546.103090791104,1000
F_grdp_G_a_v0.02_s0.5,29de15c8,2,46915.11455377298,1000
F_grdp_G_a_v0.02_s0.5,29de15c8,3,28967.73161320314,432
F_grdp_G_a_v0.02_s0.5,b38e3116,0,1713.3027192509433,999
F_grdp_G_a_v0.02_s0.5,b38e3116,1,953.5394372239933,1000
F_grdp_G_a_v0.02_s0.5,b38e3116,2,2228.8587581482448,1000
F_grdp_G_a_v0.02_s0.5,b38e3116,3,1376.9343847423004,1000
F_grdp_G_a_v0.02_s0.5,b38e3116,4,23239.29179776782,1000
F_grdp_G_a_v0.02_s0.5,b38e3116,5,3906.1614114994845,1000
F_grdp_G_a_v0.02_s0.5,b38e3116,6,314.7829280728628,212
F_grdp_G_a_v0.02_s0.5,2f19d536,0,18597.865550532282,999
F_grdp_G_a_v0.02_s0.5,2f19d536,1,37478.157203384784,1000
F_grdp_G_a_v0.02_s0.5,2f19d536,2,53333.265696507086,1000
F_grdp_G_a_v0.02_s0.5,2f19d536,3,4612.661955180109,89
F_grdp_G_a_v0.02_s0.5,f5859199,0,55381.31945519474,999
F_grdp_G_a_v0.02_s0.5,f5859199,1,234270.78512929357,1000
F_grdp_G_a_v0.02_s0.5,f5859199,2,172398.11018835186,1000
F_grdp_G_a_v0.02_s0.5,f5859199,3,118789.21652037615,1000
F_grdp_G_a_v0.02_s0.5,f5859199,4,3796.610043064001,1000
F_grdp_G_a_v0.02_s0.5,f5859199,5,53073.452557942364,791
F_grdp_G_a_v0.02_s0.5,d114d9c2,0,868.9578175457308,999
F_grdp_G_a_v0.02_s0.5,d114d9c2,1,10289.08708274172,1000
F_grdp_G_a_v0.02_s0.5,d114d9c2,2,2743.5918699120816,1000
F_grdp_G_a_v0.02_s0.5,d114d9c2,3,2489.750980830894,1000
F_grdp_G_a_v0.02_s0.5,d114d9c2,4,65551.83248036331,1000
F_grdp_G_a_v0.02_s0.5,d114d9c2,5,156599.9651038143,1000
F_grdp_G_a_v0.02_s0.5,d114d9c2,6,28433.18199866235,207
F_grdp_G_a_v0.02_s0.5,91b301ce,0,354858.96411699685,999
F_grdp_G_a_v0.02_s0.5,91b301ce,1,173580.6462609964,1000
F_grdp_G_a_v0.02_s0.5,91b301ce,2,5883.086451280341,1000
F_grdp_G_a_v0.02_s0.5,91b301ce,3,4667.781383078427,1000
F_grdp_G_a_v0.02_s0.5,91b301ce,4,197481.92489812686,1000
F_grdp_G_a_v0.02_s0.5,91b301ce,5,1969186.1465446325,1000
F_grdp_G_a_v0.02_s0.5,91b301ce,6,2425779.167953653,571
F_grdp_G_a_v0.02_s0.5,2bff06cf,0,108462.92532250738,999
F_grdp_G_a_v0.02_s0.5,2bff06cf,1,386562.3469804988,1000
F_grdp_G_a_v0.02_s0.5,2bff06cf,2,758568.6066876122,1000
F_grdp_G_a_v0.02_s0.5,2bff06cf,3,889640.1419326968,1000
F_grdp_G_a_v0.02_s0.5,2bff06cf,4,850358.1857918472,1000
F_grdp_G_a_v0.02_s0.5,2bff06cf,5,987497.3739141034,1000
F_grdp_G_a_v0.02_s0.5,2bff06cf,6,894822.0295142106,1000
F_grdp_G_a_v0.02_s0.5,2bff06cf,7,219864.9790183285,625
F_grdp_G_a_v0.02_s0.5,353e5502,0,5832.134380140728,999
F_grdp_G_a_v0.02_s0.5,353e5502,1,56018.86357740213,1000
F_grdp_G_a_v0.02_s0.5,353e5502,2,379017.1683968484,1000
F_grdp_G_a_v0.02_s0.5,353e5502,3,140680.65144232605,1000
F_grdp_G_a_v0.02_s0.5,353e5502,4,141084.5971021101,1000
F_grdp_G_a_v0.02_s0.5,353e5502,5,316715.5149957864,1000
F_grdp_G_a_v0.02_s0.5,353e5502,6,12332.182682848656,63
F_grdp_G_a_v0.02_s0.5,f0188a48,0,127601.69022156268,999
F_grdp_G_a_v0.02_s0.5,f0188a48,1,49622.015397073876,1000
F_grdp_G_a_v0.02_s0.5,f0188a48,2,46064.293396130495,1000
F_grdp_G_a_v0.02_s0.5,f0188a48,3,131928.80028033428,1000
F_grdp_G_a_v0.02_s0.5,f0188a48,4,16621.515021466912,171
F_grdp_G_a_v0.02_s0.5,c908edd0,0,6926.295281616731,999
F_grdp_G_a_v0.02_s0.5,c908edd0,1,10833.779438363725,1000
F_grdp_G_a_v0.02_s0.5,c908edd0,2,5377.182219685192,1000
F_grdp_G_a_v0.02_s0.5,c908edd0,3,9624.250975319943,1000
F_grdp_G_a_v0.02_s0.5,c908edd0,4,4776.963760397541,1000
F_grdp_G_a_v0.02_s0.5,c908edd0,5,642.6358061069202,294
F_grdp_G_a_v0.02_s0.5,1619e2ca,0,6712.807144678279,999
F_grdp_G_a_v0.02_s0.5,1619e2ca,1,15038.01140747842,1000
F_grdp_G_a_v0.02_s0.5,1619e2ca,2,95929.64029872643,1000
F_grdp_G_a_v0.02_s0.5,1619e2ca,3,40254.938610507576,1000
F_grdp_G_a_v0.02_s0.5,1619e2ca,4,60936.88335097777,444
F_grdp_G_a_v0.02_s0.5,4936af16,0,12329.207192832588,999
F_grdp_G_a_v0.02_s0.5,4936af16,1,8568.340877090612,1000
F_grdp_G_a_v0.02_s0.5,4936af16,2,13617.24088245518,1000
F_grdp_G_a_v0.02_s0.5,4936af16,3,48328.08556952651,992
F_grdp_G_a_v0.02_s0.5,5d11dfb5,0,8011.498923068647,999
F_grdp_G_a_v0.02_s0.5,5d11dfb5,1,14911.490587019345,1000
F_grdp_G_a_v0.02_s0.5,5d11dfb5,2,18441.32601801582,1000
F_grdp_G_a_v0.02_s0.5,5d11dfb5,3,45203.13561222016,1000
F_grdp_G_a_v0.02_s0.5,5d11dfb5,4,188174.98925171833,1000
F_grdp_G_a_v0.02_s0.5,5d11dfb5,5,47497.73893148462,896
F_grdp_G_a_v0.02_s0.5,56b00794,0,98614.07053282096,999
F_grdp_G_a_v0.02_s0.5,56b00794,1,286799.5956239546,1000
F_grdp_G_a_v0.02_s0.5,56b00794,2,170976.81663926205,1000
F_grdp_G_a_v0.02_s0.5,56b00794,3,193823.41163298133,1000
F_grdp_G_a_v0.02_s0.5,56b00794,4,242368.00059935317,1000
F_grdp_G_a_v0.02_s0.5,56b00794,5,246196.37653539938,1000
F_grdp_G_a_v0.02_s0.5,56b00794,6,10823.336212921446,66
F_grdp_G_a_v0.02_s0.5,5f4d2a52,0,12518.023735712444,999
F_grdp_G_a_v0.02_s0.5,5f4d2a52,1,228133.86521079153,1000
F_grdp_G_a_v0.02_s0.5,5f4d2a52,2,2098192.510848063,1000
F_grdp_G_a_v0.02_s0.5,5f4d2a52,3,4008511.9695414654,1000
F_grdp_G_a_v0.02_s0.5,5f4d2a52,4,5582700.7451859275,1000
F_grdp_G_a_v0.02_s0.5,5f4d2a52,5,607886.7569965818,226
F_grdp_G_a_v0.02_s0.5,9a6b0392,0,8107.409502014894,999
F_grdp_G_a_v0.02_s0.5,9a6b0392,1,17901.546863363496,1000
F_grdp_G_a_v0.02_s0.5,9a6b0392,2,3781.4539571457426,1000
F_grdp_G_a_v0.02_s0.5,9a6b0392,3,4447.25165031613,1000
F_grdp_G_a_v0.02_s0.5,9a6b0392,4,1115.5997772786802,256
F_grdp_G_a_v0.02_s0.5,9298ad5b,0,6872.999419134145,999
F_grdp_G_a_v0.02_s0.5,9298ad5b,1,16047.481799521063,1000
F_grdp_G_a_v0.02_s0.5,9298ad5b,2,354532.5623973349,1000
F_grdp_G_a_v0.02_s0.5,9298ad5b,3,40055.97500525912,965
F_grdp_G_a_v0.02_s0.5,7b38844c,0,5577.226650859363,999
F_grdp_G_a_v0.02_s0.5,7b38844c,1,1479.6600097415997,1000
F_grdp_G_a_v0.02_s0.5,7b38844c,2,9873.551919794276,1000
F_grdp_G_a_v0.02_s0.5,7b38844c,3,26138.53898392395,750
F_grdp_G_a_v0.02_s0.5,4cecf7b3,0,9550.218336158308,999
F_grdp_G_a_v0.02_s0.5,4cecf7b3,1,19637.111624462388,1000
F_grdp_G_a_v0.02_s0.5,4cecf7b3,2,45920.86612177931,1000
F_grdp_G_a_v0.02_s0.5,4cecf7b3,3,21192.881812554508,1000
F_grdp_G_a_v0.02_s0.5,4cecf7b3,4,19797.024593335234,1000
F_grdp_G_a_v0.02_s0.5,4cecf7b3,5,17229.296316580017,1000
F_grdp_G_a_v0.02_s0.5,4cecf7b3,6,898.619575972834,20
F_grdp_G_a_v0.02_s0.5,8b9d8326,0,7229.73177866556,999
F_grdp_G_a_v0.02_s0.5,8b9d8326,1,9405.084542885814,1000
F_grdp_G_a_v0.02_s0.5,8b9d8326,2,13932.757122568526,1000
F_grdp_G_a_v0.02_s0.5,8b9d8326,3,56548.67155836073,1000
F_grdp_G_a_v0.02_s0.5,8b9d8326,4,55553.44511393386,1000
F_grdp_G_a_v0.02_s0.5,8b9d8326,5,11870.592369468292,1000
F_grdp_G_a_v0.02_s0.5,8b9d8326,6,819.8735865025518,164
F_grdp_G_a_v0.02_s0.5,bf39bc20,0,6991.145616831815,999
F_grdp_G_a_v0.02_s0.5,bf39bc20,1,111685.06151890403,1000
F_grdp_G_a_v0.02_s0.5,bf39bc20,2,13342.004406860318,1000
F_grdp_G_a_v0.02_s0.5,bf39bc20,3,6665.420565671387,304
F_grdp_G_a_v0.02_s0.5,77b0d905,0,18261.189302066377,999
F_grdp_G_a_v0.02_s0.5,77b0d905,1,20042.59419071145,1000
F_grdp_G_a_v0.02_s0.5,77b0d905,2,22513.10370262591,1000
F_grdp_G_a_v0.02_s0.5,77b0d905,3,16698.16608504665,1000
F_grdp_G_a_v0.02_s0.5,77b0d905,4,10557.519544253808,175
F_grdp_G_a_v0.02_s0.5,a4cdbb0f,0,442.54048603068145,999
F_grdp_G_a_v0.02_s0.5,a4cdbb0f,1,47823.00307111469,1000
F_grdp_G_a_v0.02_s0.5,a4cdbb0f,2,22272.38516695495,1000
F_grdp_G_a_v0.02_s0.5,a4cdbb0f,3,62661.08897337526,1000
F_grdp_G_a_v0.02_s0.5,a4cdbb0f,4,94352.72519975029,1000
F_grdp_G_a_v0.02_s0.5,a4cdbb0f,5,29.579710531367965,205
F_grdp_G_a_v0.02_s0.5,084d66f9,0,5780.066301806784,999
F_grdp_G_a_v0.02_s0.5,084d66f9,1,36162.428680614736,1000
F_grdp_G_a_v0.02_s0.5,084d66f9,2,277496.3260589313,1000
F_grdp_G_a_v0.02_s0.5,084d66f9,3,137468.2574076761,886
F_grdp_G_a_v0.02_s0.5,9efc812e,0,3206.777030711985,999
F_grdp_G_a_v0.02_s0.5,9efc812e,1,2024.2636448908831,1000
F_grdp_G_a_v0.02_s0.5,9efc812e,2,13359.75110397129,1000
F_grdp_G_a_v0.02_s0.5,9efc812e,3,77165.7739392936,1000
F_grdp_G_a_v0.02_s0.5,9efc812e,4,35504.16917904709,451
F_grdp_G_a_v0.02_s0.5,95c8427f,0,78665.71523176557,999
F_grdp_G_a_v0.02_s0.5,95c8427f,1,211632.46302945784,1000
F_grdp_G_a_v0.02_s0.5,95c8427f,2,200737.6893453882,1000
F_grdp_G_a_v0.02_s0.5,95c8427f,3,63140.836749469956,1000
F_grdp_G_a_v0.02_s0.5,95c8427f,4,101889.3928745085,1000
F_grdp_G_a_v0.02_s0.5,95c8427f,5,23668.18920578527,1000
F_grdp_G_a_v0.02_s0.5,95c8427f,6,9058.947572200457,336
F_grdp_G_a_v0.02_s0.5,a3518960,0,38853.63521504688,999
F_grdp_G_a_v0.02_s0.5,a3518960,1,113660.71987015197,1000
F_grdp_G_a_v0.02_s0.5,a3518960,2,20643.811241226344,1000
F_grdp_G_a_v0.02_s0.5,a3518960,3,55019.785122897585,1000
F_grdp_G_a_v0.02_s0.5,a3518960,4,44330.22972588411,968
F_grdp_G_a_v0.02_s0.5,ce55ba43,0,29260.588911099003,999
F_grdp_G_a_v0.02_s0.5,ce55ba43,1,118801.57628494357,1000
F_grdp_G_a_v0.02_s0.5,ce55ba43,2,9363.012520600445,1000
F_grdp_G_a_v0.02_s0.5,ce55ba43,3,73971.9447232432,1000
F_grdp_G_a_v0.02_s0.5,ce55ba43,4,10293.909362145503,105
F_grdp_G_a_v0.02_s0.5,8c167025,0,26191.449264735536,999
F_grdp_G_a_v0.02_s0.5,8c167025,1,8086.097354343729,1000
F_grdp_G_a_v0.02_s0.5,8c167025,2,17250.616536281723,1000
F_grdp_G_a_v0.02_s0.5,8c167025,3,267890.7984022783,1000
F_grdp_G_a_v0.02_s0.5,8c167025,4,227654.08555851903,1000
F_grdp_G_a_v0.02_s0.5,8c167025,5,7658.8954076451055,369
F_grdp_G_a_v0.02_s0.5,c8d9680c,0,15001.006873228518,999
F_grdp_G_a_v0.02_s0.5,c8d9680c,1,144715.58820726047,1000
F_grdp_G_a_v0.02_s0.5,c8d9680c,2,233793.71418476675,1000
F_grdp_G_a_v0.02_s0.5,c8d9680c,3,259612.21945370987,1000
F_grdp_G_a_v0.02_s0.5,c8d9680c,4,600568.4866483927,1000
F_grdp_G_a_v0.02_s0.5,c8d9680c,5,715150.5982936296,1000
F_grdp_G_a_v0.02_s0.5,c8d9680c,6,250607.9314463563,282
F_grdp_G_a_v0.02_s0.5,89969c7a,0,6979.66809999852,999
F_grdp_G_a_v0.02_s0.5,89969c7a,1,79642.20490000496,1000
F_grdp_G_a_v0.02_s0.5,89969c7a,2,46929.12339999912,1000
F_grdp_G_a_v0.02_s0.5,89969c7a,3,145471.92500002007,1000
F_grdp_G_a_v0.02_s0.5,89969c7a,4,77965.13130000932,948
F_grdp_G_a_v0.02_s0.5,c9578d27,0,18087.199728874115,999
F_grdp_G_a_v0.02_s0.5,c9578d27,1,48959.02957741739,1000
F_grdp_G_a_v0.02_s0.5,c9578d27,2,316611.4433433915,1000
F_grdp_G_a_v0.02_s0.5,c9578d27,3,70863.60022202192,1000
F_grdp_G_a_v0.02_s0.5,c9578d27,4,7118.5197920079045,488
F_grdp_G_a_v0.02_s0.5,b37fd114,0,14128.668120428476,999
F_grdp_G_a_v0.02_s0.5,b37fd114,1,102504.77612262321,1000
F_grdp_G_a_v0.02_s0.5,b37fd114,2,37127.67333021894,1000
F_grdp_G_a_v0.02_s0.5,b37fd114,3,701670.1365371826,1000
F_grdp_G_a_v0.02_s0.5,b37fd114,4,285969.5940920753,1000
F_grdp_G_a_v0.02_s0.5,b37fd114,5,419419.65378196235,1000
F_grdp_G_a_v0.02_s0.5,b37fd114,6,249643.34699632673,1000
F_grdp_G_a_v0.02_s0.5,b37fd114,7,434525.3407715763,1000
F_grdp_G_a_v0.02_s0.5,b37fd114,8,26161.648391825714,162
F_grdp_G_a_v0.02_s0.5,2e63d9de,0,13238.021134505925,999
F_grdp_G_a_v0.02_s0.5,2e63d9de,1,19497.06172148213,1000
F_grdp_G_a_v0.02_s0.5,2e63d9de,2,135486.89581138905,1000
F_grdp_G_a_v0.02_s0.5,2e63d9de,3,476461.38684960053,1000
F_grdp_G_a_v0.02_s0.5,2e63d9de,4,319187.08141985256,700
F_grdp_G_a_v0.02_s0.5,4fbe9c06,0,2187.761397501665,999
F_grdp_G_a_v0.02_s0.5,4fbe9c06,1,58094.29112495929,1000
F_grdp_G_a_v0.02_s0.5,4fbe9c06,2,130941.22546664506,1000
F_grdp_G_a_v0.02_s0.5,4fbe9c06,3,132868.3820055628,1000
F_grdp_G_a_v0.02_s0.5,4fbe9c06,4,133231.32667781433,1000
F_grdp_G_a_v0.02_s0.5,4fbe9c06,5,94070.35025867644,1000
F_grdp_G_a_v0.02_s0.5,4fbe9c06,6,9716.7519964782,288
F_grdp_G_a_v0.02_s0.5,5397ceb1,0,80214.63272012013,999
F_grdp_G_a_v0.02_s0.5,5397ceb1,1,45672.63481260135,1000
F_grdp_G_a_v0.02_s0.5,5397ceb1,2,207211.14687279201,1000
F_grdp_G_a_v0.02_s0.5,5397ceb1,3,306609.02524508315,1000
F_grdp_G_a_v0.02_s0.5,5397ceb1,4,151035.777069654,1000
F_grdp_G_a_v0.02_s0.5,5397ceb1,5,43809.19020576978,256
F_grdp_G_a_v0.02_s0.5,9dfff011,0,3217.805925049103,999
F_grdp_G_a_v0.02_s0.5,9dfff011,1,94146.42435060107,1000
F_grdp_G_a_v0.02_s0.5,9dfff011,2,42754.20719604125,1000
F_grdp_G_a_v0.02_s0.5,9dfff011,3,4647.542620420227,1000
F_grdp_G_a_v0.02_s0.5,9dfff011,4,6955.299034927007,320
F_grdp_G_a_v0.02_s0.5,9d5e14d4,0,175347.78189999293,999
F_grdp_G_a_v0.02_s0.5,9d5e14d4,1,236973.9304999909,1000
F_grdp_G_a_v0.02_s0.5,9d5e14d4,2,728804.6431999855,1000
F_grdp_G_a_v0.02_s0.5,9d5e14d4,3,1636064.8367999766,1000
F_grdp_G_a_v0.02_s0.5,9d5e14d4,4,1592819.496199976,1000
F_grdp_G_a_v0.02_s0.5,9d5e14d4,5,627828.1645999898,401
F_grdp_G_a_v0.02_s0.5,2b034622,0,17681.789434632057,999
F_grdp_G_a_v0.02_s0.5,2b034622,1,8636.927109105463,1000
F_grdp_G_a_v0.02_s0.5,2b034622,2,42210.25383167993,1000
F_grdp_G_a_v0.02_s0.5,2b034622,3,12975.6443474207,1000
F_grdp_G_a_v0.02_s0.5,2b034622,4,6665.694128178967,1000
F_grdp_G_a_v0.02_s0.5,2b034622,5,790.2329437991332,204
F_grdp_G_a_v0.02_s0.5,7a5660b0,0,2774.0730249496182,999
F_grdp_G_a_v0.02_s0.5,7a5660b0,1,3917.8363622002166,1000
F_grdp_G_a_v0.02_s0.5,7a5660b0,2,18777.830602095142,1000
F_grdp_G_a_v0.02_s0.5,7a5660b0,3,57740.86338034703,1000
F_grdp_G_a_v0.02_s0.5,7a5660b0,4,46665.16317548402,999
F_grdp_G_a_v0.02_s0.5,15e154a1,0,9889.728698943114,999
F_grdp_G_a_v0.02_s0.5,15e154a1,1,12854.73809115645,1000
F_grdp_G_a_v0.02_s0.5,15e154a1,2,18941.836569742092,1000
F_grdp_G_a_v0.02_s0.5,15e154a1,3,10291.554973060141,1000
F_grdp_G_a_v0.02_s0.5,15e154a1,4,5541.685887080394,1000
F_grdp_G_a_v0.02_s0.5,15e154a1,5,14886.14052660877,1000
F_grdp_G_a_v0.02_s0.5,15e154a1,6,1709.8624615899362,69
F_grdp_G_a_v0.02_s0.5,85380836,0,9592.02336020789,999
F_grdp_G_a_v0.02_s0.5,85380836,1,26613.890198141602,1000
F_grdp_G_a_v0.02_s0.5,85380836,2,2618.183632615189,1000
F_grdp_G_a_v0.02_s0.5,85380836,3,3515.501532777693,1000
F_grdp_G_a_v0.02_s0.5,85380836,4,1872.1064539640292,1000
F_grdp_G_a_v0.02_s0.5,85380836,5,8916.049160087774,1000
F_grdp_G_a_v0.02_s0.5,85380836,6,12538.609835035328,619
F_grdp_G_a_v0.02_s0.5,521a7819,0,39853.648592276346,999
F_grdp_G_a_v0.02_s0.5,521a7819,1,111461.88164958997,1000
F_grdp_G_a_v0.02_s0.5,521a7819,2,48517.8383061364,1000
F_grdp_G_a_v0.02_s0.5,521a7819,3,262468.64822584036,1000
F_grdp_G_a_v0.02_s0.5,521a7819,4,146040.6710706378,1000
F_grdp_G_a_v0.02_s0.5,521a7819,5,4279.507680749344,201
F_grdp_G_a_v0.02_s0.5,e2fc7745,0,45046.161896613754,999
F_grdp_G_a_v0.02_s0.5,e2fc7745,1,99963.10814954381,1000
F_grdp_G_a_v0.02_s0.5,e2fc7745,2,19935.761024629825,1000
F_grdp_G_a_v0.02_s0.5,e2fc7745,3,11691.23992285056,693
F_grdp_G_a_v0.02_s0.5,73348914,0,11179.714246238806,999
F_grdp_G_a_v0.02_s0.5,73348914,1,82200.32179674102,1000
F_grdp_G_a_v0.02_s0.5,73348914,2,58665.255504573084,1000
F_grdp_G_a_v0.02_s0.5,73348914,3,518.170983886476,1000
F_grdp_G_a_v0.02_s0.5,73348914,4,1474.6250017090738,222
F_grdp_G_a_v0.02_s0.5,f6824bb0,0,19708.46228147427,999
F_grdp_G_a_v0.02_s0.5,f6824bb0,1,22861.43220069093,1000
F_grdp_G_a_v0.02_s0.5,f6824bb0,2,5120.430908407377,1000
F_grdp_G_a_v0.02_s0.5,f6824bb0,3,18664.204236641704,1000
F_grdp_G_a_v0.02_s0.5,f6824bb0,4,3722.1206709889652,1000
F_grdp_G_a_v0.02_s0.5,f6824bb0,5,124.22314530888136,16
F_grdp_G_a_v0.02_s0.5,b19b0395,0,96338.51110327574,999
F_grdp_G_a_v0.02_s0.5,b19b0395,1,190094.4243534542,1000
F_grdp_G_a_v0.02_s0.5,b19b0395,2,258418.99861421165,1000
F_grdp_G_a_v0.02_s0.5,b19b0395,3,306485.1058539018,1000
F_grdp_G_a_v0.02_s0.5,b19b0395,4,323147.10985529615,1000
F_grdp_G_a_v0.02_s0.5,b19b0395,5,93337.30835605634,814
F_grdp_G_a_v0.02_s0.5,aaaf3c03,0,434329.98854794336,999
F_grdp_G_a_v0.02_s0.5,aaaf3c03,1,280497.38533708814,1000
F_grdp_G_a_v0.02_s0.5,aaaf3c03,2,68393.82810132469,998
F_grdp_G_a_v0.02_s0.5,125be846,0,5747.4260453772595,999
F_grdp_G_a_v0.02_s0.5,125be846,1,8396.167034188846,1000
F_grdp_G_a_v0.02_s0.5,125be846,2,20385.63176971171,1000
F_grdp_G_a_v0.02_s0.5,125be846,3,2789.3001836580056,1000
F_grdp_G_a_v0.02_s0.5,125be846,4,22081.266686961153,1000
F_grdp_G_a_v0.02_s0.5,125be846,5,258254.13240566172,1000
F_grdp_G_a_v0.02_s0.5,125be846,6,151373.38400158865,511
F_grdp_G_a_v0.02_s0.5,2d35f86d,0,32202.864036928382,999
F_grdp_G_a_v0.02_s0.5,2d35f86d,1,148395.9675862719,1000
F_grdp_G_a_v0.02_s0.5,2d35f86d,2,92380.98266971638,1000
F_grdp_G_a_v0.02_s0.5,2d35f86d,3,170662.70064251797,1000
F_grdp_G_a_v0.02_s0.5,2d35f86d,4,138462.40455044477,897
F_grdp_G_a_v0.02_s0.5,54753541,0,39088.987399331854,999
F_grdp_G_a_v0.02_s0.5,54753541,1,104039.34672522268,1000
F_grdp_G_a_v0.02_s0.5,54753541,2,18865.248624830965,1000
F_grdp_G_a_v0.02_s0.5,54753541,3,254188.05968921896,1000
F_grdp_G_a_v0.02_s0.5,54753541,4,18917.069788117675,27
F_grdp_G_a_v0.02_s0.5,9b5b61c1,0,746.1197726747214,999
F_grdp_G_a_v0.02_s0.5,9b5b61c1,1,13319.488539850534,1000
F_grdp_G_a_v0.02_s0.5,9b5b61c1,2,5779.1536999628615,1000
F_grdp_G_a_v0.02_s0.5,9b5b61c1,3,6206.341944109953,1000
F_grdp_G_a_v0.02_s0.5,9b5b61c1,4,3273.611436040531,1000
F_grdp_G_a_v0.02_s0.5,9b5b61c1,5,9396.967335704463,533
F_grdp_G_a_v0.02_s0.5,1131525f,0,28347.541288710887,999
F_grdp_G_a_v0.02_s0.5,1131525f,1,26120.076943174772,1000
F_grdp_G_a_v0.02_s0.5,1131525f,2,10642.156344870535,1000
F_grdp_G_a_v0.02_s0.5,1131525f,3,14626.64185445542,1000
F_grdp_G_a_v0.02_s0.5,1131525f,4,3993.3077670856273,160
F_grdp_G_a_v0.02_s0.5,45fb3e21,0,4700.802926853506,999
F_grdp_G_a_v0.02_s0.5,45fb3e21,1,4388.320159746099,1000
F_grdp_G_a_v0.02_s0.5,45fb3e21,2,38050.895795032164,1000
F_grdp_G_a_v0.02_s0.5,45fb3e21,3,28085.468520166905,650
F_grdp_G_a_v0.02_s0.5,177622d7,0,673.0270168828974,999
F_grdp_G_a_v0.02_s0.5,177622d7,1,7871.52664641991,1000
F_grdp_G_a_v0.02_s0.5,177622d7,2,24317.905844588888,1000
F_grdp_G_a_v0.02_s0.5,177622d7,3,567.6461341620252,155
F_grdp_G_a_v0.02_s0.5,8bda1a11,0,18405.88147763304,999
F_grdp_G_a_v0.02_s0.5,8bda1a11,1,147176.83326358476,1000
F_grdp_G_a_v0.02_s0.5,8bda1a11,2,141038.89018728977,1000
F_grdp_G_a_v0.02_s0.5,8bda1a11,3,98379.84950832646,1000
F_grdp_G_a_v0.02_s0.5,8bda1a11,4,87660.80774070711,1000
F_grdp_G_a_v0.02_s0.5,8bda1a11,5,5387.095433941938,982
F_grdp_G_a_v0.02_s0.5,516088b7,0,3806.56093216027,999
F_grdp_G_a_v0.02_s0.5,516088b7,1,18058.661147557843,1000
F_grdp_G_a_v0.02_s0.5,516088b7,2,85226.44083689609,1000
F_grdp_G_a_v0.02_s0.5,516088b7,3,14184.047009977166,1000
F_grdp_G_a_v0.02_s0.5,516088b7,4,22420.594093428637,1000
F_grdp_G_a_v0.02_s0.5,516088b7,5,9867.487924376172,1000
F_grdp_G_a_v0.02_s0.5,516088b7,6,4440.787746574859,646
F_grdp_G_a_v0.02_s0.5,65156b96,0,8898.278385165995,999
F_grdp_G_a_v0.02_s0.5,65156b96,1,2623.0527026661853,1000
F_grdp_G_a_v0.02_s0.5,65156b96,2,7451.384307288271,1000
F_grdp_G_a_v0.02_s0.5,65156b96,3,34012.06667314881,222
F_grdp_G_a_v0.02_s0.5,96b7eea1,0,15800.91645748152,999
F_grdp_G_a_v0.02_s0.5,96b7eea1,1,16253.230309699537,1000
F_grdp_G_a_v0.02_s0.5,96b7eea1,2,9916.145952463357,1000
F_grdp_G_a_v0.02_s0.5,96b7eea1,3,71472.2885349261,1000
F_grdp_G_a_v0.02_s0.5,96b7eea1,4,78356.62082933579,333
F_grdp_G_a_v0.02_s0.5,2d179ded,0,17314.306520325787,999
F_grdp_G_a_v0.02_s0.5,2d179ded,1,41457.1551012296,1000
F_grdp_G_a_v0.02_s0.5,2d179ded,2,7459.242410007759,1000
F_grdp_G_a_v0.02_s0.5,2d179ded,3,44586.69753265368,1000
F_grdp_G_a_v0.02_s0.5,2d179ded,4,75799.37711858045,1000
F_grdp_G_a_v0.02_s0.5,2d179ded,5,6545.168624985641,1000
F_grdp_G_a_v0.02_s0.5,2d179ded,6,4321.622914253525,1000
F_grdp_G_a_v0.02_s0.5,2d179ded,7,343.7047851035854,9
F_grdp_G_a_v0.02_s0.5,f140c2fa,0,4577.537229227083,999
F_grdp_G_a_v0.02_s0.5,f140c2fa,1,21458.01879937724,1000
F_grdp_G_a_v0.02_s0.5,f140c2fa,2,7289.131772586103,1000
F_grdp_G_a_v0.02_s0.5,f140c2fa,3,40070.60640440684,1000
F_grdp_G_a_v0.02_s0.5,f140c2fa,4,3868.596525720447,83
F_grdp_G_a_v0.02_s0.5,2e29e833,0,5811.194584335941,999
F_grdp_G_a_v0.02_s0.5,2e29e833,1,44523.73899435968,1000
F_grdp_G_a_v0.02_s0.5,2e29e833,2,137469.64033850998,1000
F_grdp_G_a_v0.02_s0.5,2e29e833,3,22829.195296735383,1000
F_grdp_G_a_v0.02_s0.5,2e29e833,4,11375.81080933939,1000
F_grdp_G_a_v0.02_s0.5,2e29e833,5,39739.33588920301,429
F_grdp_G_a_v0.02_s0.5,2ab29395,0,903.9089002615339,999
F_grdp_G_a_v0.02_s0.5,2ab29395,1,1319.371269675168,853
F_grdp_G_a_v0.02_s0.5,1295a25b,0,21968.714699577966,999
F_grdp_G_a_v0.02_s0.5,1295a25b,1,62816.77657428302,1000
F_grdp_G_a_v0.02_s0.5,1295a25b,2,118758.12215719483,1000
F_grdp_G_a_v0.02_s0.5,1295a25b,3,71077.64809065087,1000
F_grdp_G_a_v0.02_s0.5,1295a25b,4,41365.929356637185,1000
F_grdp_G_a_v0.02_s0.5,1295a25b,5,10246.6769646225,552
F_grdp_G_a_v0.02_s0.5,d60430e6,0,11227.410257426009,999
F_grdp_G_a_v0.02_s0.5,d60430e6,1,4924.803200838555,1000
F_grdp_G_a_v0.02_s0.5,d60430e6,2,564.5753079663297,512
F_grdp_G_a_v0.02_s0.5,3df4b19e,0,9989.338572986739,999
F_grdp_G_a_v0.02_s0.5,3df4b19e,1,33646.43448609926,1000
F_grdp_G_a_v0.02_s0.5,3df4b19e,2,9098.487281496888,1000
F_grdp_G_a_v0.02_s0.5,3df4b19e,3,2258.263755343427,1000
F_grdp_G_a_v0.02_s0.5,3df4b19e,4,10438.301926644477,989
F_grdp_G_a_v0.02_s0.5,14ad5efb,0,37583.97269282709,999
F_grdp_G_a_v0.02_s0.5,14ad5efb,1,50850.880904336685,1000
F_grdp_G_a_v0.02_s0.5,14ad5efb,2,1233.2198256096087,1000
F_grdp_G_a_v0.02_s0.5,14ad5efb,3,32234.44852997861,1000
F_grdp_G_a_v0.02_s0.5,14ad5efb,4,48618.93135281534,1000
F_grdp_G_a_v0.02_s0.5,14ad5efb,5,23298.054245858068,843
F_grdp_G_a_v0.02_s0.5,b4d8dd4f,0,9417.936786782157,999
F_grdp_G_a_v0.02_s0.5,b4d8dd4f,1,16199.690724202457,1000
F_grdp_G_a_v0.02_s0.5,b4d8dd4f,2,2903.4138336774604,1000
F_grdp_G_a_v0.02_s0.5,b4d8dd4f,3,801023.2174336243,1000
F_grdp_G_a_v0.02_s0.5,b4d8dd4f,4,570704.150569124,260
F_grdp_G_a_v0.02_s0.5,6a0ff78e,0,57963.03398599659,999
F_grdp_G_a_v0.02_s0.5,6a0ff78e,1,27025.350613042374,1000
F_grdp_G_a_v0.02_s0.5,6a0ff78e,2,4964.913531003573,1000
F_grdp_G_a_v0.02_s0.5,6a0ff78e,3,859.8795920635889,1000
F_grdp_G_a_v0.02_s0.5,6a0ff78e,4,257.17078397852794,1000
F_grdp_G_a_v0.02_s0.5,6a0ff78e,5,788.2890029956459,1000
F_grdp_G_a_v0.02_s0.5,6a0ff78e,6,3054.1173510030453,466
F_grdp_G_a_v0.02_s0.5,be063506,0,79681.00268011542,999
F_grdp_G_a_v0.02_s0.5,be063506,1,77680.27592926762,1000
F_grdp_G_a_v0.02_s0.5,be063506,2,128028.21720999932,1000
F_grdp_G_a_v0.02_s0.5,be063506,3,156613.5936062606,1000
F_grdp_G_a_v0.02_s0.5,be063506,4,41726.43706141424,501
F_grdp_G_a_v0.02_s0.5,87aa3730,0,4692.287938352291,999
F_grdp_G_a_v0.02_s0.5,87aa3730,1,9074.486471257864,1000
F_grdp_G_a_v0.02_s0.5,87aa3730,2,33873.98455855434,1000
F_grdp_G_a_v0.02_s0.5,87aa3730,3,317553.80019239784,1000
F_grdp_G_a_v0.02_s0.5,87aa3730,4,212813.59696811895,1000
F_grdp_G_a_v0.02_s0.5,87aa3730,5,108463.94562168974,608
F_grdp_G_a_v0.02_s0.5,75c20ec7,0,48427.48139590221,999
F_grdp_G_a_v0.02_s0.5,75c20ec7,1,248489.00918090492,1000
F_grdp_G_a_v0.02_s0.5,75c20ec7,2,199841.36403714036,1000
F_grdp_G_a_v0.02_s0.5,75c20ec7,3,395135.7450165437,1000
F_grdp_G_a_v0.02_s0.5,75c20ec7,4,12955.812213861167,1000
F_grdp_G_a_v0.02_s0.5,75c20ec7,5,9148.525329013182,362
F_grdp_G_a_v0.02_s0.5,367456ce,0,4230.23253701063,999
F_grdp_G_a_v0.02_s0.5,367456ce,1,7301.616800580431,1000
F_grdp_G_a_v0.02_s0.5,367456ce,2,2259.002273975746,1000
F_grdp_G_a_v0.02_s0.5,367456ce,3,12944.571926458202,1000
F_grdp_G_a_v0.02_s0.5,367456ce,4,22018.662863226797,1000
F_grdp_G_a_v0.02_s0.5,367456ce,5,667.7921406932631,570
F_grdp_G_a_v0.02_s0.5,b0f53bf4,0,18595.415977374134,999
F_grdp_G_a_v0.02_s0.5,b0f53bf4,1,24567.360205863326,1000
F_grdp_G_a_v0.02_s0.5,b0f53bf4,2,58364.407796081534,756
F_grdp_G_a_v0.02_s0.5,ef8e3ed0,0,61586.00265220733,999
F_grdp_G_a_v0.02_s0.5,ef8e3ed0,1,112528.54395831298,1000
F_grdp_G_a_v0.02_s0.5,ef8e3ed0,2,36218.106717978764,1000
F_grdp_G_a_v0.02_s0.5,ef8e3ed0,3,108174.75018064292,1000
F_grdp_G_a_v0.02_s0.5,ef8e3ed0,4,116717.91386717903,1000
F_grdp_G_a_v0.02_s0.5,ef8e3ed0,5,8441.946761309264,225
F_grdp_G_a_v0.02_s0.5,d6dd7330,0,2678.8997497046166,999
F_grdp_G_a_v0.02_s0.5,d6dd7330,1,14114.907045818754,1000
F_grdp_G_a_v0.02_s0.5,d6dd7330,2,28021.65554603862,1000
F_grdp_G_a_v0.02_s0.5,d6dd7330,3,38073.387107320275,1000
F_grdp_G_a_v0.02_s0.5,d6dd7330,4,105577.4838849145,1000
F_grdp_G_a_v0.02_s0.5,d6dd7330,5,3541.1774399972396,1000
F_grdp_G_a_v0.02_s0.5,d6dd7330,6,388.4301345428491,194
F_grdp_G_a_v0.02_s0.5,69e41fa6,0,4040.1886187491186,999
F_grdp_G_a_v0.02_s0.5,69e41fa6,1,65103.64691366387,1000
F_grdp_G_a_v0.02_s0.5,69e41fa6,2,20474.964212569954,1000
F_grdp_G_a_v0.02_s0.5,69e41fa6,3,30386.764158809478,1000
F_grdp_G_a_v0.02_s0.5,69e41fa6,4,9361.37204030877,1000
F_grdp_G_a_v0.02_s0.5,69e41fa6,5,39374.94535167664,773
F_grdp_G_a_v0.02_s0.5,bd6f0e19,0,7370.464364724782,999
F_grdp_G_a_v0.02_s0.5,bd6f0e19,1,30268.907340015576,1000
F_grdp_G_a_v0.02_s0.5,bd6f0e19,2,47422.54582824864,1000
F_grdp_G_a_v0.02_s0.5,bd6f0e19,3,66323.44438402687,1000
F_grdp_G_a_v0.02_s0.5,bd6f0e19,4,56434.68574891383,1000
F_grdp_G_a_v0.02_s0.5,bd6f0e19,5,6042.956642601972,141
F_grdp_G_a_v0.02_s0.5,512943b2,0,154.78714962145193,999
F_grdp_G_a_v0.02_s0.5,512943b2,1,1822.2246445086707,1000
F_grdp_G_a_v0.02_s0.5,512943b2,2,13734.454321052843,1000
F_grdp_G_a_v0.02_s0.5,512943b2,3,8832.827833895677,1000
F_grdp_G_a_v0.02_s0.5,512943b2,4,20087.52302873142,1000
F_grdp_G_a_v0.02_s0.5,512943b2,5,679.9661540359214,30
F_grdp_G_a_v0.02_s0.5,389ae58f,0,857696.6513149443,999
F_grdp_G_a_v0.02_s0.5,389ae58f,1,1536631.4287004333,1000
F_grdp_G_a_v0.02_s0.5,389ae58f,2,1548685.8556154736,1000
F_grdp_G_a_v0.02_s0.5,389ae58f,3,1534011.749327337,1000
F_grdp_G_a_v0.02_s0.5,389ae58f,4,1789479.8801387644,1000
F_grdp_G_a_v0.02_s0.5,389ae58f,5,2154034.881914422,1000
F_grdp_G_a_v0.02_s0.5,389ae58f,6,595640.2080905619,464
F_grdp_G_a_v0.02_s0.5,d41beaf2,0,315.8821048251114,999
F_grdp_G_a_v0.02_s0.5,d41beaf2,1,18101.624765667515,1000
F_grdp_G_a_v0.02_s0.5,d41beaf2,2,27809.300203089144,1000
F_grdp_G_a_v0.02_s0.5,d41beaf2,3,6677.539204762819,1000
F_grdp_G_a_v0.02_s0.5,d41beaf2,4,922.5940724885803,754
F_grdp_G_a_v0.02_s0.5,2f8e53c3,0,766.8368351707566,999
F_grdp_G_a_v0.02_s0.5,2f8e53c3,1,2546.9848751102527,1000
F_grdp_G_a_v0.02_s0.5,2f8e53c3,2,89.50259781873322,595
F_grdp_G_a_v0.02_s0.5,e6c55748,0,426.4717016222383,999
F_grdp_G_a_v0.02_s0.5,e6c55748,1,13898.751314407235,1000
F_grdp_G_a_v0.02_s0.5,e6c55748,2,33042.5853982104,1000
F_grdp_G_a_v0.02_s0.5,e6c55748,3,26234.425450202598,1000
F_grdp_G_a_v0.02_s0.5,e6c55748,4,7358.806307969631,473
F_grdp_G_a_v0.02_s0.5,3a0af893,0,748.2341013665405,999
F_grdp_G_a_v0.02_s0.5,3a0af893,1,80453.48126264142,1000
F_grdp_G_a_v0.02_s0.5,3a0af893,2,103306.6011717912,928
F_grdp_G_a_v0.02_s0.5,e7c36e81,0,1320.1488270864493,999
F_grdp_G_a_v0.02_s0.5,e7c36e81,1,786.9380535009675,1000
F_grdp_G_a_v0.02_s0.5,e7c36e81,2,913.5334797281342,1000
F_grdp_G_a_v0.02_s0.5,e7c36e81,3,3581.4457182085443,532
F_grdp_G_a_v0.02_s0.5,29b24409,0,5666.252993264537,999
F_grdp_G_a_v0.02_s0.5,29b24409,1,103657.28230049745,1000
F_grdp_G_a_v0.02_s0.5,29b24409,2,71636.37164169134,1000
F_grdp_G_a_v0.02_s0.5,29b24409,3,55950.57621172499,1000
F_grdp_G_a_v0.02_s0.5,29b24409,4,63947.07152695327,1000
F_grdp_G_a_v0.02_s0.5,29b24409,5,98249.83799224724,588
F_grdp_G_a_v0.02_s0.5,00e12e8b,0,23005.767494492407,999
F_grdp_G_a_v0.02_s0.5,00e12e8b,1,14413.769075024706,1000
F_grdp_G_a_v0.02_s0.5,00e12e8b,2,12360.853258846946,1000
F_grdp_G_a_v0.02_s0.5,00e12e8b,3,7435.286176058935,1000
F_grdp_G_a_v0.02_s0.5,00e12e8b,4,2140.0086318479216,302
F_grdp_G_a_v0.02_s0.5,bb2cdd83,0,5507.783390428775,999
F_grdp_G_a_v0.02_s0.5,bb2cdd83,1,1380.2025323217217,1000
F_grdp_G_a_v0.02_s0.5,bb2cdd83,2,13164.600863735941,1000
F_grdp_G_a_v0.02_s0.5,bb2cdd83,3,14444.377838805356,826
F_grdp_G_a_v0.02_s0.5,1285a37b,0,12309.856958433224,999
F_grdp_G_a_v0.02_s0.5,1285a37b,1,16876.787959589463,1000
F_grdp_G_a_v0.02_s0.5,1285a37b,2,42087.55851701791,1000
F_grdp_G_a_v0.02_s0.5,1285a37b,3,69484.91351913553,1000
F_grdp_G_a_v0.02_s0.5,1285a37b,4,227371.15023177685,1000
F_grdp_G_a_v0.02_s0.5,1285a37b,5,122265.89039453167,598
F_grdp_G_a_v0.02_s0.5,109d9d70,0,15225.556405152865,999
F_grdp_G_a_v0.02_s0.5,109d9d70,1,4448.4328487836465,1000
F_grdp_G_a_v0.02_s0.5,109d9d70,2,4449.418503061138,1000
F_grdp_G_a_v0.02_s0.5,109d9d70,3,154055.96437337733,1000
F_grdp_G_a_v0.02_s0.5,109d9d70,4,28954.79394287205,216
F_grdp_G_a_v0.02_s0.5,2fa01aa6,0,68882.19006199883,999
F_grdp_G_a_v0.02_s0.5,2fa01aa6,1,468879.3284292686,1000
F_grdp_G_a_v0.02_s0.5,2fa01aa6,2,165220.98925401323,175
F_grdp_G_a_v0.02_s0.5,ba48188d,0,3175.4876069116076,999
F_grdp_G_a_v0.02_s0.5,ba48188d,1,84155.90141646499,1000
F_grdp_G_a_v0.02_s0.5,ba48188d,2,1017410.5244681011,1000
F_grdp_G_a_v0.02_s0.5,ba48188d,3,2812326.020159704,1000
F_grdp_G_a_v0.02_s0.5,ba48188d,4,725382.7240096548,167
F_grdp_G_a_v0.02_s0.5,9e3e364d,0,3442.9778094536427,999
F_grdp_G_a_v0.02_s0.5,9e3e364d,1,6792.03052345997,1000
F_grdp_G_a_v0.02_s0.5,9e3e364d,2,7652.190177448735,1000
F_grdp_G_a_v0.02_s0.5,9e3e364d,3,14450.206777942016,1000
F_grdp_G_a_v0.02_s0.5,9e3e364d,4,28255.78018987985,291
F_grdp_G_a_v0.02_s0.5,3584a6eb,0,9575.790031130571,999
F_grdp_G_a_v0.02_s0.5,3584a6eb,1,30242.266402942372,1000
F_grdp_G_a_v0.02_s0.5,3584a6eb,2,45876.36225138993,1000
F_grdp_G_a_v0.02_s0.5,3584a6eb,3,39219.21468708395,1000
F_grdp_G_a_v0.02_s0.5,3584a6eb,4,46656.66746083571,495
F_grdp_G_a_v0.02_s0.5,9314ff13,0,4043.6916415699,999
F_grdp_G_a_v0.02_s0.5,9314ff13,1,16245.052303620801,1000
F_grdp_G_a_v0.02_s0.5,9314ff13,2,6481.680435051203,749
F_grdp_G_a_v0.02_s0.5,fde20ecf,0,998.9541579355799,999
F_grdp_G_a_v0.02_s0.5,fde20ecf,1,19174.640000684598,1000
F_grdp_G_a_v0.02_s0.5,fde20ecf,2,1754.3629698475604,1000
F_grdp_G_a_v0.02_s0.5,fde20ecf,3,92242.84622405874,1000
F_grdp_G_a_v0.02_s0.5,fde20ecf,4,34512.37656170046,668
F_grdp_G_a_v0.02_s0.5,ee0300f7,0,328622.74600002775,999
F_grdp_G_a_v0.02_s0.5,ee0300f7,1,824428.431700044,1000
F_grdp_G_a_v0.02_s0.5,ee0300f7,2,725435.6950000419,1000
F_grdp_G_a_v0.02_s0.5,ee0300f7,3,1021533.6917000494,1000
F_grdp_G_a_v0.02_s0.5,ee0300f7,4,777699.3687000315,545
F_grdp_G_a_v0.02_s0.5,89f36adf,0,113.94768266249835,999
F_grdp_G_a_v0.02_s0.5,89f36adf,1,6856.643427820693,1000
F_grdp_G_a_v0.02_s0.5,89f36adf,2,104299.26896860857,1000
F_grdp_G_a_v0.02_s0.5,89f36adf,3,43526.47025971858,1000
F_grdp_G_a_v0.02_s0.5,89f36adf,4,55813.39849495083,1000
F_grdp_G_a_v0.02_s0.5,89f36adf,5,12028.874655613436,293
F_grdp_G_a_v0.02_s0.5,6d6d93af,0,159280.5324943557,999
F_grdp_G_a_v0.02_s0.5,6d6d93af,1,1218047.1829079003,1000
F_grdp_G_a_v0.02_s0.5,6d6d93af,2,380757.91859249386,1000
F_grdp_G_a_v0.02_s0.5,6d6d93af,3,45677.157645653664,596
F_grdp_G_a_v0.02_s0.5,4c3168cf,0,10500.727712315846,999
F_grdp_G_a_v0.02_s0.5,4c3168cf,1,6198.239500132606,1000
F_grdp_G_a_v0.02_s0.5,4c3168cf,2,2384.0304333650133,1000
F_grdp_G_a_v0.02_s0.5,4c3168cf,3,1569.8382222520058,1000
F_grdp_G_a_v0.02_s0.5,4c3168cf,4,2666.540264732346,335
F_grdp_G_a_v0.02_s0.5,26d3a96a,0,19094.203513365122,999
F_grdp_G_a_v0.02_s0.5,26d3a96a,1,50735.12591557565,1000
F_grdp_G_a_v0.02_s0.5,26d3a96a,2,211890.4859746969,1000
F_grdp_G_a_v0.02_s0.5,26d3a96a,3,357734.98747993604,1000
F_grdp_G_a_v0.02_s0.5,26d3a96a,4,133798.23903642656,722
F_grdp_G_a_v0.02_s0.5,bd4ae5da,0,15956.384847773992,999
F_grdp_G_a_v0.02_s0.5,bd4ae5da,1,8940.754702882577,1000
F_grdp_G_a_v0.02_s0.5,bd4ae5da,2,15136.223123667149,1000
F_grdp_G_a_v0.02_s0.5,bd4ae5da,3,122952.73480260462,1000
F_grdp_G_a_v0.02_s0.5,bd4ae5da,4,71758.86395063986,1000
F_grdp_G_a_v0.02_s0.5,bd4ae5da,5,206.83062888983503,7
F_grdp_G_a_v0.02_s0.5,8902c3f6,0,1925.2624220929713,999
F_grdp_G_a_v0.02_s0.5,8902c3f6,1,9006.074471004471,1000
F_grdp_G_a_v0.02_s0.5,8902c3f6,2,63051.57267778757,1000
F_grdp_G_a_v0.02_s0.5,8902c3f6,3,218289.06035271127,1000
F_grdp_G_a_v0.02_s0.5,8902c3f6,4,106025.16029284873,960
F_grdp_G_a_v0.02_s0.5,b977be4a,0,147443.7284618994,999
F_grdp_G_a_v0.02_s0.5,b977be4a,1,348543.5663044142,1000
F_grdp_G_a_v0.02_s0.5,b977be4a,2,23411.72993194246,1000
F_grdp_G_a_v0.02_s0.5,b977be4a,3,65668.34892315888,1000
F_grdp_G_a_v0.02_s0.5,b977be4a,4,178155.48008618224,1000
F_grdp_G_a_v0.02_s0.5,b977be4a,5,138947.729400899,918
F_grdp_G_a_v0.02_s0.5,f40cd091,0,77273.84964671737,999
F_grdp_G_a_v0.02_s0.5,f40cd091,1,22531.07684197055,1000
F_grdp_G_a_v0.02_s0.5,f40cd091,2,7417.651717306505,1000
F_grdp_G_a_v0.02_s0.5,f40cd091,3,19666.66846653298,1000
F_grdp_G_a_v0.02_s0.5,f40cd091,4,69757.21314963994,1000
F_grdp_G_a_v0.02_s0.5,f40cd091,5,6691.916755071021,167
F_grdp_G_a_v0.02_s0.5,3a7dd95d,0,264573.0398893488,999
F_grdp_G_a_v0.02_s0.5,3a7dd95d,1,257987.0611215854,1000
F_grdp_G_a_v0.02_s0.5,3a7dd95d,2,25831.34710541083,1000
F_grdp_G_a_v0.02_s0.5,3a7dd95d,3,4143.80413699308,73
F_grdp_G_a_v0.02_s0.5,c96c018a,0,15393.071384543779,999
F_grdp_G_a_v0.02_s0.5,c96c018a,1,14082.73827456057,1000
F_grdp_G_a_v0.02_s0.5,c96c018a,2,65299.485202243566,1000
F_grdp_G_a_v0.02_s0.5,c96c018a,3,124984.02091180856,1000
F_grdp_G_a_v0.02_s0.5,c96c018a,4,99841.35450623475,1000
F_grdp_G_a_v0.02_s0.5,c96c018a,5,44751.12420213064,1000
F_grdp_G_a_v0.02_s0.5,c96c018a,6,581.1423486512799,237
F_grdp_G_a_v0.02_s0.5,67a8da4a,0,3882.2635205711053,999
F_grdp_G_a_v0.02_s0.5,67a8da4a,1,102493.61818077476,1000
F_grdp_G_a_v0.02_s0.5,67a8da4a,2,196743.61889288164,1000
F_grdp_G_a_v0.02_s0.5,67a8da4a,3,113623.66962969075,1000
F_grdp_G_a_v0.02_s0.5,67a8da4a,4,200132.30370561616,912
F_grdp_G_a_v0.02_s0.5,f321a31c,0,2382.8867825749207,999
F_grdp_G_a_v0.02_s0.5,f321a31c,1,86308.75908191397,1000
F_grdp_G_a_v0.02_s0.5,f321a31c,2,160622.45427138451,1000
F_grdp_G_a_v0.02_s0.5,f321a31c,3,69706.76083509704,1000
F_grdp_G_a_v0.02_s0.5,f321a31c,4,50215.57126455542,1000
F_grdp_G_a_v0.02_s0.5,f321a31c,5,5580.899308615317,142
F_grdp_G_a_v0.02_s0.5,b585b4fa,0,22039.554236228018,999
F_grdp_G_a_v0.02_s0.5,b585b4fa,1,2336.390270421907,1000
F_grdp_G_a_v0.02_s0.5,b585b4fa,2,67039.0107871021,1000
F_grdp_G_a_v0.02_s0.5,b585b4fa,3,159370.07163287504,1000
F_grdp_G_a_v0.02_s0.5,b585b4fa,4,1863.7238680840123,295
F_grdp_G_a_v0.02_s0.5,7acda2df,0,4471.114620757769,999
F_grdp_G_a_v0.02_s0.5,7acda2df,1,44377.19497818875,1000
F_grdp_G_a_v0.02_s0.5,7acda2df,2,114783.64921969104,1000
F_grdp_G_a_v0.02_s0.5,7acda2df,3,35564.99572638926,92
F_grdp_G_a_v0.02_s0.5,7987f2f2,0,33331.64329831887,999
F_grdp_G_a_v0.02_s0.5,7987f2f2,1,121704.35411994535,1000
F_grdp_G_a_v0.02_s0.5,7987f2f2,2,44870.28120434802,1000
F_grdp_G_a_v0.02_s0.5,7987f2f2,3,56049.811478820644,706
F_grdp_G_a_v0.02_s0.5,206b6193,0,23452.700549711783,999
F_grdp_G_a_v0.02_s0.5,206b6193,1,118976.92812802557,1000
F_grdp_G_a_v0.02_s0.5,206b6193,2,368685.4930585455,1000
F_grdp_G_a_v0.02_s0.5,206b6193,3,314988.92640373856,1000
F_grdp_G_a_v0.02_s0.5,206b6193,4,436576.041620487,1000
F_grdp_G_a_v0.02_s0.5,206b6193,5,947116.4486399597,1000
F_grdp_G_a_v0.02_s0.5,206b6193,6,751915.7953867953,536
F_grdp_G_a_v0.02_s0.5,656a067b,0,14459.098887776683,999
F_grdp_G_a_v0.02_s0.5,656a067b,1,26771.196679181296,1000
F_grdp_G_a_v0.02_s0.5,656a067b,2,105724.89363041769,1000
F_grdp_G_a_v0.02_s0.5,656a067b,3,3486.0329915355173,52
F_grdp_G_a_v0.02_s0.5,e0079ed1,0,89159.55362627034,999
F_grdp_G_a_v0.02_s0.5,e0079ed1,1,115689.76645372385,1000
F_grdp_G_a_v0.02_s0.5,e0079ed1,2,43986.5327990669,1000
F_grdp_G_a_v0.02_s0.5,e0079ed1,3,3341.241861881607,472
F_grdp_G_a_v0.02_s0.5,46d41ff6,0,95741.28202904182,999
F_grdp_G_a_v0.02_s0.5,46d41ff6,1,93167.91167860737,1000
F_grdp_G_a_v0.02_s0.5,46d41ff6,2,22975.61831390469,1000
F_grdp_G_a_v0.02_s0.5,46d41ff6,3,31874.06338848477,1000
F_grdp_G_a_v0.02_s0.5,46d41ff6,4,49549.39648184114,1000
F_grdp_G_a_v0.02_s0.5,46d41ff6,5,51031.890790238765,1000
F_grdp_G_a_v0.02_s0.5,46d41ff6,6,14042.456984033612,1000
F_grdp_G_a_v0.02_s0.5,46d41ff6,7,3253.4069845866998,902
F_grdp_G_a_v0.02_s0.5,8b5be31b,0,2643.02437674413,999
F_grdp_G_a_v0.02_s0.5,8b5be31b,1,33511.74078411222,1000
F_grdp_G_a_v0.02_s0.5,8b5be31b,2,18458.436211117296,1000
F_grdp_G_a_v0.02_s0.5,8b5be31b,3,160790.0494068624,1000
F_grdp_G_a_v0.02_s0.5,8b5be31b,4,75022.46811734865,1000
F_grdp_G_a_v0.02_s0.5,8b5be31b,5,33666.53735830275,673
F_grdp_G_a_v0.02_s0.5,edf885a3,0,36409.42517357507,999
F_grdp_G_a_v0.02_s0.5,edf885a3,1,192398.34129582992,1000
F_grdp_G_a_v0.02_s0.5,edf885a3,2,104434.36153766366,1000
F_grdp_G_a_v0.02_s0.5,edf885a3,3,3540.053946054369,118
F_grdp_G_a_v0.02_s0.5,fd710aea,0,2742.7961146905172,999
F_grdp_G_a_v0.02_s0.5,fd710aea,1,8008.308546798951,1000
F_grdp_G_a_v0.02_s0.5,fd710aea,2,9134.633934629923,1000
F_grdp_G_a_v0.02_s0.5,fd710aea,3,194638.04587431194,1000
F_grdp_G_a_v0.02_s0.5,fd710aea,4,213500.41460285315,218
F_grdp_G_a_v0.02_s0.5,41fb0192,0,34480.58081293348,999
F_grdp_G_a_v0.02_s0.5,41fb0192,1,11958.801082955733,1000
F_grdp_G_a_v0.02_s0.5,41fb0192,2,13310.253260956448,974
F_grdp_G_a_v0.02_s0.5,1b82b665,0,38517.81468015344,999
F_grdp_G_a_v0.02_s0.5,1b82b665,1,29641.74501105267,1000
F_grdp_G_a_v0.02_s0.5,1b82b665,2,705.9214416607467,1000
F_grdp_G_a_v0.02_s0.5,1b82b665,3,13450.631164189395,807
F_grdp_G_a_v0.02_s0.5,cda7eb37,0,21110.17993242069,999
F_grdp_G_a_v0.02_s0.5,cda7eb37,1,50331.68340287488,1000
F_grdp_G_a_v0.02_s0.5,cda7eb37,2,73707.73123732573,1000
F_grdp_G_a_v0.02_s0.5,cda7eb37,3,62780.95020723114,1000
F_grdp_G_a_v0.02_s0.5,cda7eb37,4,7821.145695436763,1000
F_grdp_G_a_v0.02_s0.5,cda7eb37,5,26537.27428293493,974
F_grdp_G_a_v0.02_s0.5,99529c45,0,110479.71110107865,999
F_grdp_G_a_v0.02_s0.5,99529c45,1,133905.9325430812,1000
F_grdp_G_a_v0.02_s0.5,99529c45,2,77889.7970456579,1000
F_grdp_G_a_v0.02_s0.5,99529c45,3,212764.30507019605,1000
F_grdp_G_a_v0.02_s0.5,99529c45,4,58584.71994799214,1000
F_grdp_G_a_v0.02_s0.5,99529c45,5,5530.025971343964,841
F_grdp_G_a_v0.02_s0.5,d2f3b1ab,0,1979.9753919963769,999
F_grdp_G_a_v0.02_s0.5,d2f3b1ab,1,2513.905630251523,1000
F_grdp_G_a_v0.02_s0.5,d2f3b1ab,2,21747.840509305166,1000
F_grdp_G_a_v0.02_s0.5,d2f3b1ab,3,10209.342541465303,1000
F_grdp_G_a_v0.02_s0.5,d2f3b1ab,4,31904.751725680646,1000
F_grdp_G_a_v0.02_s0.5,d2f3b1ab,5,10067.528495694616,582
F_grdp_G_a_v0.02_s0.5,46a301e9,0,131724.91977828037,999
F_grdp_G_a_v0.02_s0.5,46a301e9,1,638922.4000367805,1000
F_grdp_G_a_v0.02_s0.5,46a301e9,2,158993.79373298428,1000
F_grdp_G_a_v0.02_s0.5,46a301e9,3,310923.79175742244,1000
F_grdp_G_a_v0.02_s0.5,46a301e9,4,257525.7606754068,1000
F_grdp_G_a_v0.02_s0.5,46a301e9,5,144896.3957666735,1000
F_grdp_G_a_v0.02_s0.5,46a301e9,6,200556.75637978213,1000
F_grdp_G_a_v0.02_s0.5,46a301e9,7,209426.63665561858,1000
F_grdp_G_a_v0.02_s0.5,46a301e9,8,71998.96876700266,227
F_grdp_G_a_v0.02_s0.5,5567d551,0,30438.61779654359,999
F_grdp_G_a_v0.02_s0.5,5567d551,1,15666.09460138169,1000
F_grdp_G_a_v0.02_s0.5,5567d551,2,10672.397877424813,1000
F_grdp_G_a_v0.02_s0.5,5567d551,3,4317.895150851797,1000
F_grdp_G_a_v0.02_s0.5,5567d551,4,119822.85901110276,1000
F_grdp_G_a_v0.02_s0.5,5567d551,5,32622.957363826245,1000
F_grdp_G_a_v0.02_s0.5,5567d551,6,87746.72608300712,890
F_grdp_G_a_v0.02_s0.5,ea41324e,0,4160.073817018326,999
F_grdp_G_a_v0.02_s0.5,ea41324e,1,11878.56352864475,1000
F_grdp_G_a_v0.02_s0.5,ea41324e,2,26007.00239684551,1000
F_grdp_G_a_v0.02_s0.5,ea41324e,3,49179.842202882326,1000
F_grdp_G_a_v0.02_s0.5,ea41324e,4,5865.586627162992,1000
F_grdp_G_a_v0.02_s0.5,ea41324e,5,138.60396155722347,26
F_grdp_G_a_v0.02_s0.5,fc03f21f,0,15474.526599997564,999
F_grdp_G_a_v0.02_s0.5,fc03f21f,1,220132.1986999926,1000
F_grdp_G_a_v0.02_s0.5,fc03f21f,2,84437.58069999401,1000
F_grdp_G_a_v0.02_s0.5,fc03f21f,3,25094.249099997633,1000
F_grdp_G_a_v0.02_s0.5,fc03f21f,4,456061.5314999897,804
F_grdp_G_a_v0.02_s0.5,2fd68f7b,0,326482.20138812414,999
F_grdp_G_a_v0.02_s0.5,2fd68f7b,1,2761326.543528352,1000
F_grdp_G_a_v0.02_s0.5,2fd68f7b,2,3407333.1544507644,1000
F_grdp_G_a_v0.02_s0.5,2fd68f7b,3,3376653.7005186584,1000
F_grdp_G_a_v0.02_s0.5,2fd68f7b,4,1844445.6729644486,731
F_grdp_G_a_v0.02_s0.5,653612bc,0,7872.514025115287,999
F_grdp_G_a_v0.02_s0.5,653612bc,1,6583.096219437391,1000
F_grdp_G_a_v0.02_s0.5,653612bc,2,10455.852666961757,1000
F_grdp_G_a_v0.02_s0.5,653612bc,3,21039.883136250297,1000
F_grdp_G_a_v0.02_s0.5,653612bc,4,9262.696608504015,606
F_grdp_G_a_v0.02_s0.5,c59b6c4a,0,949.1828690070322,999
F_grdp_G_a_v0.02_s0.5,c59b6c4a,1,29134.489543668587,1000
F_grdp_G_a_v0.02_s0.5,c59b6c4a,2,32669.016599278682,1000
F_grdp_G_a_v0.02_s0.5,c59b6c4a,3,40759.750621712614,1000
F_grdp_G_a_v0.02_s0.5,c59b6c4a,4,259383.8533293627,1000
F_grdp_G_a_v0.02_s0.5,c59b6c4a,5,192145.91607626074,500
F_grdp_G_a_v0.02_s0.5,f021b650,0,19804.637936089424,999
F_grdp_G_a_v0.02_s0.5,f021b650,1,94034.34581676107,1000
F_grdp_G_a_v0.02_s0.5,f021b650,2,42222.15462190582,1000
F_grdp_G_a_v0.02_s0.5,f021b650,3,41172.545791578144,740
F_grdp_G_a_v0.02_s0.5,13f598d9,0,46836.28748852106,999
F_grdp_G_a_v0.02_s0.5,13f598d9,1,27248.985719898657,1000
F_grdp_G_a_v0.02_s0.5,13f598d9,2,12702.099107201671,1000
F_grdp_G_a_v0.02_s0.5,13f598d9,3,21816.70060611996,1000
F_grdp_G_a_v0.02_s0.5,13f598d9,4,15619.785503577094,1000
F_grdp_G_a_v0.02_s0.5,13f598d9,5,102270.33987014905,1000
F_grdp_G_a_v0.02_s0.5,13f598d9,6,67085.28320494333,1000
F_grdp_G_a_v0.02_s0.5,13f598d9,7,156.11493351374784,307
F_grdp_G_a_v0.02_s0.5,20096916,0,2546.034769303936,999
F_grdp_G_a_v0.02_s0.5,20096916,1,1877.703762967282,1000
F_grdp_G_a_v0.02_s0.5,20096916,2,15937.520966879114,1000
F_grdp_G_a_v0.02_s0.5,20096916,3,99481.62919797469,1000
F_grdp_G_a_v0.02_s0.5,20096916,4,177847.51579573812,1000
F_grdp_G_a_v0.02_s0.5,20096916,5,26982.333079284177,134
F_grdp_G_a_v0.02_s0.5,796dbd4c,0,4749.08066135108,999
F_grdp_G_a_v0.02_s0.5,796dbd4c,1,19426.32742640466,1000
F_grdp_G_a_v0.02_s0.5,796dbd4c,2,35949.82084186894,1000
F_grdp_G_a_v0.02_s0.5,796dbd4c,3,65401.29067106283,1000
F_grdp_G_a_v0.02_s0.5,796dbd4c,4,148307.42004666335,1000
F_grdp_G_a_v0.02_s0.5,796dbd4c,5,148232.7045932184,1000
F_grdp_G_a_v0.02_s0.5,796dbd4c,6,10061.047272337431,249
F_grdp_G_a_v0.02_s0.5,811f52b3,0,6320.179305996956,999
F_grdp_G_a_v0.02_s0.5,811f52b3,1,20711.53701586159,1000
F_grdp_G_a_v0.02_s0.5,811f52b3,2,3776.170289594739,1000
F_grdp_G_a_v0.02_s0.5,811f52b3,3,109803.83214494957,1000
F_grdp_G_a_v0.02_s0.5,811f52b3,4,86530.3878274628,837
F_grdp_G_a_v0.02_s0.5,1a518997,0,60635.67790747832,999
F_grdp_G_a_v0.02_s0.5,1a518997,1,93334.92281735777,1000
F_grdp_G_a_v0.02_s0.5,1a518997,2,86259.71585141368,1000
F_grdp_G_a_v0.02_s0.5,1a518997,3,89606.61812358368,1000
F_grdp_G_a_v0.02_s0.5,1a518997,4,68217.12042345281,607
F_grdp_G_a_v0.02_s0.5,264feceb,0,6457.658611324074,999
F_grdp_G_a_v0.02_s0.5,264feceb,1,9067.177376435311,1000
F_grdp_G_a_v0.02_s0.5,264feceb,2,2220.506044607299,1000
F_grdp_G_a_v0.02_s0.5,264feceb,3,2029.527339971407,1000
F_grdp_G_a_v0.02_s0.5,264feceb,4,3550.914506251994,1000
F_grdp_G_a_v0.02_s0.5,264feceb,5,13750.067578314964,666
F_grdp_G_a_v0.02_s0.5,197f8a5a,0,10705.42491887,999
F_grdp_G_a_v0.02_s0.5,197f8a5a,1,316491.77179024654,1000
F_grdp_G_a_v0.02_s0.5,197f8a5a,2,278474.2604189595,1000
F_grdp_G_a_v0.02_s0.5,197f8a5a,3,203414.78531087688,1000
F_grdp_G_a_v0.02_s0.5,197f8a5a,4,493028.8917611829,1000
F_grdp_G_a_v0.02_s0.5,197f8a5a,5,422584.90713469783,1000
F_grdp_G_a_v0.02_s0.5,197f8a5a,6,57487.0434479642,311
F_grdp_G_a_v0.02_s0.5,fba7683c,0,2642.7785272191427,407
F_grdp_G_a_v0.02_s0.5,ef04658e,0,18208.120922599537,999
F_grdp_G_a_v0.02_s0.5,ef04658e,1,9869.969802671827,1000
F_grdp_G_a_v0.02_s0.5,ef04658e,2,19324.57696083213,1000
F_grdp_G_a_v0.02_s0.5,ef04658e,3,110369.7890169504,1000
F_grdp_G_a_v0.02_s0.5,ef04658e,4,9461.103488774774,105
F_grdp_G_a_v0.02_s0.5,aff4e561,0,433.6957233331021,999
F_grdp_G_a_v0.02_s0.5,aff4e561,1,2492.3387312093505,1000
F_grdp_G_a_v0.02_s0.5,aff4e561,2,17394.52620605654,1000
F_grdp_G_a_v0.02_s0.5,aff4e561,3,3437.421921011053,1000
F_grdp_G_a_v0.02_s0.5,aff4e561,4,21614.74695565983,1000
F_grdp_G_a_v0.02_s0.5,aff4e561,5,25306.692375125695,1000
F_grdp_G_a_v0.02_s0.5,aff4e561,6,234.24486214807467,27
F_grdp_G_a_v0.02_s0.5,d085e611,0,22166.277130759096,999
F_grdp_G_a_v0.02_s0.5,d085e611,1,41032.78776420217,1000
F_grdp_G_a_v0.02_s0.5,d085e611,2,17803.217137343818,1000
F_grdp_G_a_v0.02_s0.5,d085e611,3,8588.891638350615,1000
F_grdp_G_a_v0.02_s0.5,d085e611,4,27055.419832197204,1000
F_grdp_G_a_v0.02_s0.5,d085e611,5,488766.65964623075,1000
F_grdp_G_a_v0.02_s0.5,d085e611,6,247452.43964244527,192
F_grdp_G_a_v0.02_s0.5,9da441ba,0,112263.92544105437,999
F_grdp_G_a_v0.02_s0.5,9da441ba,1,362372.48990016966,1000
F_grdp_G_a_v0.02_s0.5,9da441ba,2,460219.24109885277,1000
F_grdp_G_a_v0.02_s0.5,9da441ba,3,247283.12053679363,1000
F_grdp_G_a_v0.02_s0.5,9da441ba,4,343153.9659501354,1000
F_grdp_G_a_v0.02_s0.5,9da441ba,5,351375.2629893336,784
F_grdp_G_a_v0.02_s0.5,e5864244,0,6980.462126107954,999
F_grdp_G_a_v0.02_s0.5,e5864244,1,21024.276805826863,1000
F_grdp_G_a_v0.02_s0.5,e5864244,2,22791.492423826185,1000
F_grdp_G_a_v0.02_s0.5,e5864244,3,31913.768859287255,1000
F_grdp_G_a_v0.02_s0.5,e5864244,4,12283.240995570071,470
F_grdp_G_a_v0.02_s0.5,357c12f9,0,4152.549746034891,999
F_grdp_G_a_v0.02_s0.5,357c12f9,1,24650.68793104851,1000
F_grdp_G_a_v0.02_s0.5,357c12f9,2,7081.993801693086,1000
F_grdp_G_a_v0.02_s0.5,357c12f9,3,10594.507586222126,1000
F_grdp_G_a_v0.02_s0.5,357c12f9,4,2206.7567747834837,80
F_grdp_G_a_v0.02_s0.5,7256229b,0,3891.152331623909,999
F_grdp_G_a_v0.02_s0.5,7256229b,1,13712.378690805215,1000
F_grdp_G_a_v0.02_s0.5,7256229b,2,9368.902730303065,1000
F_grdp_G_a_v0.02_s0.5,7256229b,3,30717.46132846482,1000
F_grdp_G_a_v0.02_s0.5,7256229b,4,13894.608414486887,1000
F_grdp_G_a_v0.02_s0.5,7256229b,5,7537.953564554059,416
F_grdp_G_a_v0.02_s0.5,c43812e2,0,66828.9263158535,999
F_grdp_G_a_v0.02_s0.5,c43812e2,1,14195.47624663329,1000
F_grdp_G_a_v0.02_s0.5,c43812e2,2,51437.328894908525,1000
F_grdp_G_a_v0.02_s0.5,c43812e2,3,6248.575813502517,1000
F_grdp_G_a_v0.02_s0.5,c43812e2,4,17532.305249774185,1000
F_grdp_G_a_v0.02_s0.5,c43812e2,5,63108.44197103496,528
F_grdp_G_a_v0.02_s0.5,2cee0cba,0,9321.238699982685,999
F_grdp_G_a_v0.02_s0.5,2cee0cba,1,6678.831999333575,1000
F_grdp_G_a_v0.02_s0.5,2cee0cba,2,26153.69306573342,1000
F_grdp_G_a_v0.02_s0.5,2cee0cba,3,93284.82536843397,1000
F_grdp_G_a_v0.02_s0.5,2cee0cba,4,20997.91896682786,1000
F_grdp_G_a_v0.02_s0.5,2cee0cba,5,3586.969041916105,501
F_grdp_G_a_v0.02_s0.5,4a035ec2,0,17552.718007868898,999
F_grdp_G_a_v0.02_s0.5,4a035ec2,1,440016.60978493735,1000
F_grdp_G_a_v0.02_s0.5,4a035ec2,2,423802.315186193,589
F_grdp_G_a_v0.02_s0.5,be83e781,0,4621.283743523811,999
F_grdp_G_a_v0.02_s0.5,be83e781,1,1705.526016013745,1000
F_grdp_G_a_v0.02_s0.5,be83e781,2,3557.5813458645216,1000
F_grdp_G_a_v0.02_s0.5,be83e781,3,3304.9141367821358,222
F_grdp_G_a_v0.02_s0.5,0dd99dc5,0,457.7873660580947,999
F_grdp_G_a_v0.02_s0.5,0dd99dc5,1,8929.520316581644,1000
F_grdp_G_a_v0.02_s0.5,0dd99dc5,2,18423.14377047323,1000
F_grdp_G_a_v0.02_s0.5,0dd99dc5,3,19367.35407720723,1000
F_grdp_G_a_v0.02_s0.5,0dd99dc5,4,285641.2696687065,1000
F_grdp_G_a_v0.02_s0.5,0dd99dc5,5,453150.78422508633,1000
F_grdp_G_a_v0.02_s0.5,0dd99dc5,6,109789.59524485764,1000
F_grdp_G_a_v0.02_s0.5,0dd99dc5,7,77178.11141470131,343
F_grdp_G_a_v0.02_s0.5,42c538a1,0,58879.51471423126,999
F_grdp_G_a_v0.02_s0.5,42c538a1,1,884497.4868997002,1000
F_grdp_G_a_v0.02_s0.5,42c538a1,2,904996.6749892458,1000
F_grdp_G_a_v0.02_s0.5,42c538a1,3,121429.76098351694,280
F_grdp_G_a_v0.02_s0.5,ee288beb,0,18615.053866505434,999
F_grdp_G_a_v0.02_s0.5,ee288beb,1,61728.68045509847,1000
F_grdp_G_a_v0.02_s0.5,ee288beb,2,206067.89589636435,1000
F_grdp_G_a_v0.02_s0.5,ee288beb,3,830838.6067212226,1000
F_grdp_G_a_v0.02_s0.5,ee288beb,4,1193583.0224344407,639
F_grdp_G_a_v0.02_s0.5,7d50373e,0,79139.39411843142,999
F_grdp_G_a_v0.02_s0.5,7d50373e,1,147086.15166655765,1000
F_grdp_G_a_v0.02_s0.5,7d50373e,2,281577.91904080217,1000
F_grdp_G_a_v0.02_s0.5,7d50373e,3,246951.3740540883,1000
F_grdp_G_a_v0.02_s0.5,7d50373e,4,159396.27780924673,1000
F_grdp_G_a_v0.02_s0.5,7d50373e,5,25278.2870763866,123
F_grdp_G_a_v0.02_s0.5,cad13e8f,0,12842.348060288161,999
F_grdp_G_a_v0.02_s0.5,cad13e8f,1,1654.8099731978239,1000
F_grdp_G_a_v0.02_s0.5,cad13e8f,2,14582.891483960875,1000
F_grdp_G_a_v0.02_s0.5,cad13e8f,3,23217.741800110245,1000
F_grdp_G_a_v0.02_s0.5,cad13e8f,4,32434.679588525378,849
F_grdp_G_a_v0.02_s0.5,ab112491,0,12126.83766204261,999
F_grdp_G_a_v0.02_s0.5,ab112491,1,568185.9584998417,1000
F_grdp_G_a_v0.02_s0.5,ab112491,2,843757.8133291925,1000
F_grdp_G_a_v0.02_s0.5,ab112491,3,383406.20932198066,1000
F_grdp_G_a_v0.02_s0.5,ab112491,4,26674.386451696948,1000
F_grdp_G_a_v0.02_s0.5,ab112491,5,14580.960622223738,186
F_grdp_G_a_v0.02_s0.5,dc5fbe29,0,17191.222400001472,999
F_grdp_G_a_v0.02_s0.5,dc5fbe29,1,151870.19100000456,1000
F_grdp_G_a_v0.02_s0.5,dc5fbe29,2,22352.13459999849,1000
F_grdp_G_a_v0.02_s0.5,dc5fbe29,3,29296.93339999859,1000
F_grdp_G_a_v0.02_s0.5,dc5fbe29,4,10970.511899999738,1000
F_grdp_G_a_v0.02_s0.5,dc5fbe29,5,8042.665700000536,204
F_grdp_G_a_v0.02_s0.5,a247e7cf,0,372.7261055741726,999
F_grdp_G_a_v0.02_s0.5,a247e7cf,1,15470.89106164737,1000
F_grdp_G_a_v0.02_s0.5,a247e7cf,2,14435.392818095068,1000
F_grdp_G_a_v0.02_s0.5,a247e7cf,3,44861.0310452609,1000
F_grdp_G_a_v0.02_s0.5,a247e7cf,4,23790.77887713746,1000
F_grdp_G_a_v0.02_s0.5,a247e7cf,5,8229.956474371022,675
F_grdp_G_a_v0.02_s0.5,1590af81,0,10978.311608945585,999
F_grdp_G_a_v0.02_s0.5,1590af81,1,8508.57936007967,1000
F_grdp_G_a_v0.02_s0.5,1590af81,2,13538.27404542757,1000
F_grdp_G_a_v0.02_s0.5,1590af81,3,14697.26072459642,800
F_grdp_G_a_v0.02_s0.5,c2717d4f,0,1855.2069904093482,999
F_grdp_G_a_v0.02_s0.5,c2717d4f,1,27027.04202937762,1000
F_grdp_G_a_v0.02_s0.5,c2717d4f,2,67708.01186354877,1000
F_grdp_G_a_v0.02_s0.5,c2717d4f,3,47338.21314442013,1000
F_grdp_G_a_v0.02_s0.5,c2717d4f,4,26027.4484299078,722
F_grdp_G_a_v0.02_s0.5,9d4272e3,0,92028.57051898909,999
F_grdp_G_a_v0.02_s0.5,9d4272e3,1,240022.90038139746,1000
F_grdp_G_a_v0.02_s0.5,9d4272e3,2,208113.62753246853,1000
F_grdp_G_a_v0.02_s0.5,9d4272e3,3,460099.4839425106,1000
F_grdp_G_a_v0.02_s0.5,9d4272e3,4,15123.492242138676,31
F_grdp_G_a_v0.02_s0.5,122bd617,0,3815.8892962176997,999
F_grdp_G_a_v0.02_s0.5,122bd617,1,15406.62368743276,1000
F_grdp_G_a_v0.02_s0.5,122bd617,2,53674.50161894889,1000
F_grdp_G_a_v0.02_s0.5,122bd617,3,44411.68824767032,1000
F_grdp_G_a_v0.02_s0.5,122bd617,4,43777.72973835574,571
F_grdp_G_a_v0.02_s0.5,57796579,0,35617.62829491509,999
F_grdp_G_a_v0.02_s0.5,57796579,1,43535.05670671516,1000
F_grdp_G_a_v0.02_s0.5,57796579,2,96589.20931761783,1000
F_grdp_G_a_v0.02_s0.5,57796579,3,131349.36002791132,1000
F_grdp_G_a_v0.02_s0.5,57796579,4,77296.28352626669,1000
F_grdp_G_a_v0.02_s0.5,57796579,5,86470.44602589053,891
F_grdp_G_a_v0.02_s0.5,cbe62450,0,11853.92216363666,999
F_grdp_G_a_v0.02_s0.5,cbe62450,1,29123.195332245898,1000
F_grdp_G_a_v0.02_s0.5,cbe62450,2,100003.51970034462,1000
F_grdp_G_a_v0.02_s0.5,cbe62450,3,118882.24585558168,1000
F_grdp_G_a_v0.02_s0.5,cbe62450,4,41893.13619446032,1000
F_grdp_G_a_v0.02_s0.5,cbe62450,5,16182.16928813877,1000
F_grdp_G_a_v0.02_s0.5,cbe62450,6,5795.408290167696,259
F_grdp_G_a_v0.02_s0.5,877ed19c,0,2767.3302461314674,999
F_grdp_G_a_v0.02_s0.5,877ed19c,1,27294.34154848056,1000
F_grdp_G_a_v0.02_s0.5,877ed19c,2,9840.113432496224,1000
F_grdp_G_a_v0.02_s0.5,877ed19c,3,1383.084284703527,709
F_grdp_G_a_v0.02_s0.5,543198e8,0,9057.511759647003,999
F_grdp_G_a_v0.02_s0.5,543198e8,1,290769.1505369934,1000
F_grdp_G_a_v0.02_s0.5,543198e8,2,432658.1166610466,1000
F_grdp_G_a_v0.02_s0.5,543198e8,3,5060.176877641566,1000
F_grdp_G_a_v0.02_s0.5,543198e8,4,64036.142628991816,1000
F_grdp_G_a_v0.02_s0.5,543198e8,5,241214.04880116432,1000
F_grdp_G_a_v0.02_s0.5,543198e8,6,89825.52643803606,504
F_grdp_G_a_v0.02_s0.5,e97032ad,0,27068.455443105355,999
F_grdp_G_a_v0.02_s0.5,e97032ad,1,104329.08506774806,1000
F_grdp_G_a_v0.02_s0.5,e97032ad,2,61108.593120768535,1000
F_grdp_G_a_v0.02_s0.5,e97032ad,3,32697.91976637157,531
F_grdp_G_a_v0.02_s0.5,c47e0767,0,47746.3037243914,999
F_grdp_G_a_v0.02_s0.5,c47e0767,1,398639.95295337046,1000
F_grdp_G_a_v0.02_s0.5,c47e0767,2,1168616.6027795332,1000
F_grdp_G_a_v0.02_s0.5,c47e0767,3,1089327.8803019503,1000
F_grdp_G_a_v0.02_s0.5,c47e0767,4,188304.1956289994,357
F_grdp_G_a_v0.02_s0.5,974802e7,0,24405.874624171112,999
F_grdp_G_a_v0.02_s0.5,974802e7,1,40933.45093194111,1000
F_grdp_G_a_v0.02_s0.5,974802e7,2,44354.97390269533,1000
F_grdp_G_a_v0.02_s0.5,974802e7,3,4527.996654142539,1000
F_grdp_G_a_v0.02_s0.5,974802e7,4,208859.72040570033,1000
F_grdp_G_a_v0.02_s0.5,974802e7,5,669744.0380560562,844
F_grdp_G_a_v0.02_s0.5,9def2eb2,0,685127.7378952081,999
F_grdp_G_a_v0.02_s0.5,9def2eb2,1,1922536.4634063342,1000
F_grdp_G_a_v0.02_s0.5,9def2eb2,2,1709057.758358958,1000
F_grdp_G_a_v0.02_s0.5,9def2eb2,3,208261.99969763384,1000
F_grdp_G_a_v0.02_s0.5,9def2eb2,4,201029.14484757066,1000
F_grdp_G_a_v0.02_s0.5,9def2eb2,5,196783.6786702665,1000
F_grdp_G_a_v0.02_s0.5,9def2eb2,6,1733.8103763700178,4
F_grdp_G_a_v0.02_s0.5,47222616,0,8405.328087811744,999
F_grdp_G_a_v0.02_s0.5,47222616,1,399.1619358443902,1000
F_grdp_G_a_v0.02_s0.5,47222616,2,114904.02663005255,1000
F_grdp_G_a_v0.02_s0.5,47222616,3,97614.2087782588,1000
F_grdp_G_a_v0.02_s0.5,47222616,4,9103.969818028603,407
F_grdp_G_a_v0.02_s0.5,d00e7eb9,0,7185.247556114895,999
F_grdp_G_a_v0.02_s0.5,d00e7eb9,1,30095.288990570454,1000
F_grdp_G_a_v0.02_s0.5,d00e7eb9,2,61370.0171924513,1000
F_grdp_G_a_v0.02_s0.5,d00e7eb9,3,52527.62779844246,1000
F_grdp_G_a_v0.02_s0.5,d00e7eb9,4,32763.890055989996,1000
F_grdp_G_a_v0.02_s0.5,d00e7eb9,5,8925.803991490455,705
F_grdp_G_a_v0.02_s0.5,2b06ad65,0,1394.3519545852114,999
F_grdp_G_a_v0.02_s0.5,2b06ad65,1,5373.727318367558,1000
F_grdp_G_a_v0.02_s0.5,2b06ad65,2,6788.427986665544,1000
F_grdp_G_a_v0.02_s0.5,2b06ad65,3,2253.430721680174,1000
F_grdp_G_a_v0.02_s0.5,2b06ad65,4,6484.127649014267,257
F_grdp_G_a_v0.02_s0.5,4f4ac5ce,0,29845.539700239417,999
F_grdp_G_a_v0.02_s0.5,4f4ac5ce,1,9256.608346503475,1000
F_grdp_G_a_v0.02_s0.5,4f4ac5ce,2,50930.98764688987,1000
F_grdp_G_a_v0.02_s0.5,4f4ac5ce,3,75032.24600682686,1000
F_grdp_G_a_v0.02_s0.5,4f4ac5ce,4,50102.0650413278,1000
F_grdp_G_a_v0.02_s0.5,4f4ac5ce,5,15913.55905166453,163
F_grdp_G_a_v0.02_s0.5,5cdd8dbc,0,18059.004183229907,999
F_grdp_G_a_v0.02_s0.5,5cdd8dbc,1,3285.7374379098974,1000
F_grdp_G_a_v0.02_s0.5,5cdd8dbc,2,32599.450545949938,1000
F_grdp_G_a_v0.02_s0.5,5cdd8dbc,3,241393.115067274,1000
F_grdp_G_a_v0.02_s0.5,5cdd8dbc,4,2826.280816254393,11
F_grdp_G_a_v0.02_s0.5,347242c8,0,24221.74897103329,999
F_grdp_G_a_v0.02_s0.5,347242c8,1,244648.20078076073,1000
F_grdp_G_a_v0.02_s0.5,347242c8,2,263198.69772272615,1000
F_grdp_G_a_v0.02_s0.5,347242c8,3,25765.87194723395,596
F_grdp_G_a_v0.02_s0.5,ed6e6e54,0,4023.9779213417696,999
F_grdp_G_a_v0.02_s0.5,ed6e6e54,1,5952.617525934531,1000
F_grdp_G_a_v0.02_s0.5,ed6e6e54,2,53206.485792945234,1000
F_grdp_G_a_v0.02_s0.5,ed6e6e54,3,40315.14098948433,1000
F_grdp_G_a_v0.02_s0.5,ed6e6e54,4,84552.04566172328,1000
F_grdp_G_a_v0.02_s0.5,ed6e6e54,5,120020.74509177188,1000
F_grdp_G_a_v0.02_s0.5,ed6e6e54,6,28356.434935437857,49
F_grdp_G_a_v0.02_s0.5,b85f7b06,0,17354.361184703073,999
F_grdp_G_a_v0.02_s0.5,b85f7b06,1,54920.735378877274,1000
F_grdp_G_a_v0.02_s0.5,b85f7b06,2,19918.58806363653,1000
F_grdp_G_a_v0.02_s0.5,b85f7b06,3,9785.25087624948,804
F_grdp_G_a_v0.02_s0.5,f6d009f4,0,63678.6122999769,999
F_grdp_G_a_v0.02_s0.5,f6d009f4,1,1864956.1462998793,1000
F_grdp_G_a_v0.02_s0.5,f6d009f4,2,2457130.080299856,1000
F_grdp_G_a_v0.02_s0.5,f6d009f4,3,992282.6162999155,1000
F_grdp_G_a_v0.02_s0.5,f6d009f4,4,21939.562999997645,1000
F_grdp_G_a_v0.02_s0.5,f6d009f4,5,2048146.8654998783,1000
F_grdp_G_a_v0.02_s0.5,f6d009f4,6,3739195.387699847,716
F_grdp_G_a_v0.02_s0.5,8255c867,0,11104.919947915443,999
F_grdp_G_a_v0.02_s0.5,8255c867,1,98119.46367233251,1000
F_grdp_G_a_v0.02_s0.5,8255c867,2,8104.116230855028,1000
F_grdp_G_a_v0.02_s0.5,8255c867,3,34472.93759518992,590
F_grdp_G_a_v0.02_s0.5,0a57a29c,0,75467.61601245086,999
F_grdp_G_a_v0.02_s0.5,0a57a29c,1,92513.71220755181,1000
F_grdp_G_a_v0.02_s0.5,0a57a29c,2,82652.11031363487,1000
F_grdp_G_a_v0.02_s0.5,0a57a29c,3,1370.4121088326635,1000
F_grdp_G_a_v0.02_s0.5,0a57a29c,4,3432.2317364844266,1000
F_grdp_G_a_v0.02_s0.5,0a57a29c,5,30876.756900740795,822
F_grdp_G_a_v0.02_s0.5,3ac16ad0,0,16922.378059904007,999
F_grdp_G_a_v0.02_s0.5,3ac16ad0,1,38309.64373972568,1000
F_grdp_G_a_v0.02_s0.5,3ac16ad0,2,2637.8564972226463,1000
F_grdp_G_a_v0.02_s0.5,3ac16ad0,3,41723.606393646936,1000
F_grdp_G_a_v0.02_s0.5,3ac16ad0,4,125856.9880750211,1000
F_grdp_G_a_v0.02_s0.5,3ac16ad0,5,15352.644525507676,650
F_grdp_G_a_v0.02_s0.5,ccedb12b,0,21713.83178153372,999
F_grdp_G_a_v0.02_s0.5,ccedb12b,1,7396.214041464078,1000
F_grdp_G_a_v0.02_s0.5,ccedb12b,2,34953.79443904556,1000
F_grdp_G_a_v0.02_s0.5,ccedb12b,3,92552.3625038428,1000
F_grdp_G_a_v0.02_s0.5,ccedb12b,4,88727.86581318463,402
F_grdp_G_a_v0.02_s0.5,5aa03df7,0,1449.3275907100003,999
F_grdp_G_a_v0.02_s0.5,5aa03df7,1,24634.056943573618,1000
F_grdp_G_a_v0.02_s0.5,5aa03df7,2,24394.21296116819,1000
F_grdp_G_a_v0.02_s0.5,5aa03df7,3,40045.97199206587,1000
F_grdp_G_a_v0.02_s0.5,5aa03df7,4,124831.51276926722,872
F_grdp_G_a_v0.02_s0.5,ab3ced07,0,8736.12556364513,999
F_grdp_G_a_v0.02_s0.5,ab3ced07,1,33535.56890430031,1000
F_grdp_G_a_v0.02_s0.5,ab3ced07,2,17510.999739354153,1000
F_grdp_G_a_v0.02_s0.5,ab3ced07,3,87280.60895986813,1000
F_grdp_G_a_v0.02_s0.5,ab3ced07,4,173840.33396105337,251
F_grdp_G_a_v0.02_s0.5,fef8af96,0,170672.19649998142,999
F_grdp_G_a_v0.02_s0.5,fef8af96,1,1068123.718599944,1000
F_grdp_G_a_v0.02_s0.5,fef8af96,2,2130534.291999925,1000
F_grdp_G_a_v0.02_s0.5,fef8af96,3,4904716.242399894,827
F_grdp_G_a_v0.02_s0.5,4cd1ac61,0,3048.5069654757626,999
F_grdp_G_a_v0.02_s0.5,4cd1ac61,1,165.30074161365383,1000
F_grdp_G_a_v0.02_s0.5,4cd1ac61,2,29927.130395162723,1000
F_grdp_G_a_v0.02_s0.5,4cd1ac61,3,98770.90886798115,1000
F_grdp_G_a_v0.02_s0.5,4cd1ac61,4,27141.275249167047,490
F_grdp_G_a_v0.02_s0.5,cb34231f,0,10676.778037570391,999
F_grdp_G_a_v0.02_s0.5,cb34231f,1,59184.29557815336,1000
F_grdp_G_a_v0.02_s0.5,cb34231f,2,123569.16718309405,1000
F_grdp_G_a_v0.02_s0.5,cb34231f,3,178904.7946578169,1000
F_grdp_G_a_v0.02_s0.5,cb34231f,4,292804.53990615817,1000
F_grdp_G_a_v0.02_s0.5,cb34231f,5,456994.550051738,610
F_grdp_G_a_v0.02_s0.5,f72b268f,0,49646.706552337404,999
F_grdp_G_a_v0.02_s0.5,f72b268f,1,57524.281760302554,1000
F_grdp_G_a_v0.02_s0.5,f72b268f,2,44986.252433939226,1000
F_grdp_G_a_v0.02_s0.5,f72b268f,3,117489.67259267531,1000
F_grdp_G_a_v0.02_s0.5,f72b268f,4,125889.82438968174,1000
F_grdp_G_a_v0.02_s0.5,f72b268f,5,26960.080255277862,1000
F_grdp_G_a_v0.02_s0.5,f72b268f,6,158.58110125161457,405
F_grdp_G_a_v0.02_s0.5,e0f36d98,0,5291.645843929949,999
F_grdp_G_a_v0.02_s0.5,e0f36d98,1,4576.168703776318,1000
F_grdp_G_a_v0.02_s0.5,e0f36d98,2,189979.94477220933,1000
F_grdp_G_a_v0.02_s0.5,e0f36d98,3,142620.72503103866,1000
F_grdp_G_a_v0.02_s0.5,e0f36d98,4,190857.98657576347,977
F_grdp_G_a_v0.02_s0.5,1d78281a,0,707.4791544625864,999
F_grdp_G_a_v0.02_s0.5,1d78281a,1,33025.09756756024,1000
F_grdp_G_a_v0.02_s0.5,1d78281a,2,68723.68665804884,1000
F_grdp_G_a_v0.02_s0.5,1d78281a,3,7752.865864224311,1000
F_grdp_G_a_v0.02_s0.5,1d78281a,4,67841.29746769437,950
F_grdp_G_a_v0.02_s0.5,a7744f5b,0,509.38158204731553,999
F_grdp_G_a_v0.02_s0.5,a7744f5b,1,15323.909001235255,1000
F_grdp_G_a_v0.02_s0.5,a7744f5b,2,1502.0215693555515,1000
F_grdp_G_a_v0.02_s0.5,a7744f5b,3,40179.16066403475,1000
F_grdp_G_a_v0.02_s0.5,a7744f5b,4,24511.084880602135,378
F_grdp_G_a_v0.02_s0.5,1b6ba517,0,5553.941852978853,999
F_grdp_G_a_v0.02_s0.5,1b6ba517,1,136030.6919645475,1000
F_grdp_G_a_v0.02_s0.5,1b6ba517,2,97192.22122900099,1000
F_grdp_G_a_v0.02_s0.5,1b6ba517,3,32263.473221272474,1000
F_grdp_G_a_v0.02_s0.5,1b6ba517,4,28510.265979673353,1000
F_grdp_G_a_v0.02_s0.5,1b6ba517,5,49706.427859103715,1000
F_grdp_G_a_v0.02_s0.5,1b6ba517,6,23775.174791124085,598
F_grdp_G_a_v0.02_s0.5,9df1b1f9,0,5033.607002608859,999
F_grdp_G_a_v0.02_s0.5,9df1b1f9,1,6225.318986130803,1000
F_grdp_G_a_v0.02_s0.5,9df1b1f9,2,2068.2869574393944,1000
F_grdp_G_a_v0.02_s0.5,9df1b1f9,3,4161.056354605229,1000
F_grdp_G_a_v0.02_s0.5,9df1b1f9,4,2643.234048906162,702
F_grdp_G_a_v0.02_s0.5,12f0cd90,0,65759.53935774046,999
F_grdp_G_a_v0.02_s0.5,12f0cd90,1,98585.8656941602,1000
F_grdp_G_a_v0.02_s0.5,12f0cd90,2,41324.307618234256,1000
F_grdp_G_a_v0.02_s0.5,12f0cd90,3,18010.436831387764,1000
F_grdp_G_a_v0.02_s0.5,12f0cd90,4,50516.57484168886,1000
F_grdp_G_a_v0.02_s0.5,12f0cd90,5,148957.66433844413,948
F_grdp_G_a_v0.02_s0.5,37344c2a,0,1209.942517644921,999
F_grdp_G_a_v0.02_s0.5,37344c2a,1,909.1678919194546,1000
F_grdp_G_a_v0.02_s0.5,37344c2a,2,4596.389354651112,1000
F_grdp_G_a_v0.02_s0.5,37344c2a,3,103764.96103608087,1000
F_grdp_G_a_v0.02_s0.5,37344c2a,4,248672.13942928406,1000
F_grdp_G_a_v0.02_s0.5,37344c2a,5,28095.089986541454,198
F_grdp_G_a_v0.02_s0.5,fa667be2,0,10134.161513177192,999
F_grdp_G_a_v0.02_s0.5,fa667be2,1,4926.532971156652,1000
F_grdp_G_a_v0.02_s0.5,fa667be2,2,7074.5924213522185,1000
F_grdp_G_a_v0.02_s0.5,fa667be2,3,38787.24060363037,1000
F_grdp_G_a_v0.02_s0.5,fa667be2,4,28535.68349316053,1000
F_grdp_G_a_v0.02_s0.5,fa667be2,5,80764.1085042389,1000
F_grdp_G_a_v0.02_s0.5,fa667be2,6,81411.47487924772,1000
F_grdp_G_a_v0.02_s0.5,fa667be2,7,749.5783382478298,297
F_grdp_G_a_v0.02_s0.5,96ae5806,0,1368.5452247908718,999
F_grdp_G_a_v0.02_s0.5,96ae5806,1,5386.62800688567,1000
F_grdp_G_a_v0.02_s0.5,96ae5806,2,6341.99304561211,1000
F_grdp_G_a_v0.02_s0.5,96ae5806,3,390.8786623550809,1000
F_grdp_G_a_v0.02_s0.5,96ae5806,4,470.6746427721642,1000
F_grdp_G_a_v0.02_s0.5,96ae5806,5,556.0802246758996,1000
F_grdp_G_a_v0.02_s0.5,96ae5806,6,1094.5073584601625,1000
F_grdp_G_a_v0.02_s0.5,96ae5806,7,563.1815861711871,1000
F_grdp_G_a_v0.02_s0.5,96ae5806,8,18009.089541346693,1000
F_grdp_G_a_v0.02_s0.5,96ae5806,9,40707.450358459646,840
F_grdp_G_a_v0.02_s0.5,5d7198fd,0,6894.47691644007,999
F_grdp_G_a_v0.02_s0.5,5d7198fd,1,19613.120305204764,1000
F_grdp_G_a_v0.02_s0.5,5d7198fd,2,116897.00336966956,1000
F_grdp_G_a_v0.02_s0.5,5d7198fd,3,43878.470216926034,369
F_grdp_G_a_v0.02_s0.5,ebe69318,0,17723.514617875797,999
F_grdp_G_a_v0.02_s0.5,ebe69318,1,110438.89704209285,1000
F_grdp_G_a_v0.02_s0.5,ebe69318,2,37429.23513089833,1000
F_grdp_G_a_v0.02_s0.5,ebe69318,3,32486.919785721013,1000
F_grdp_G_a_v0.02_s0.5,ebe69318,4,5819.538112697043,977
F_grdp_G_a_v0.02_s0.5,5663b2b7,0,15820.603626978995,999
F_grdp_G_a_v0.02_s0.5,5663b2b7,1,2010.040491077594,1000
F_grdp_G_a_v0.02_s0.5,5663b2b7,2,3343.3702477551965,1000
F_grdp_G_a_v0.02_s0.5,5663b2b7,3,8471.326684016063,1000
F_grdp_G_a_v0.02_s0.5,5663b2b7,4,29617.95814643563,973
F_grdp_G_a_v0.02_s0.5,368131f9,0,13648.341505464019,999
F_grdp_G_a_v0.02_s0.5,368131f9,1,18425.526171130427,1000
F_grdp_G_a_v0.02_s0.5,368131f9,2,65541.25585708713,1000
F_grdp_G_a_v0.02_s0.5,368131f9,3,126224.26157134194,1000
F_grdp_G_a_v0.02_s0.5,368131f9,4,196169.5262916405,992
F_grdp_G_a_v0.02_s0.5,1a730ac2,0,11270.13571869499,999
F_grdp_G_a_v0.02_s0.5,1a730ac2,1,52906.79176290944,1000
F_grdp_G_a_v0.02_s0.5,1a730ac2,2,46498.83283812339,1000
F_grdp_G_a_v0.02_s0.5,1a730ac2,3,77017.6308629799,1000
F_grdp_G_a_v0.02_s0.5,1a730ac2,4,105190.02298069814,606
F_grdp_G_a_v0.02_s0.5,925a7cd1,0,22359.822909266535,999
F_grdp_G_a_v0.02_s0.5,925a7cd1,1,14870.446198601763,1000
F_grdp_G_a_v0.02_s0.5,925a7cd1,2,7107.264847778261,1000
F_grdp_G_a_v0.02_s0.5,925a7cd1,3,16610.323826111606,1000
F_grdp_G_a_v0.02_s0.5,925a7cd1,4,54722.30550490147,518
F_grdp_G_a_v0.02_s0.5,f8afa78a,0,25230.146083363703,999
F_grdp_G_a_v0.02_s0.5,f8afa78a,1,194479.58285308068,1000
F_grdp_G_a_v0.02_s0.5,f8afa78a,2,65973.438771909,1000
F_grdp_G_a_v0.02_s0.5,f8afa78a,3,21459.150290067253,1000
F_grdp_G_a_v0.02_s0.5,f8afa78a,4,28540.758728585013,1000
F_grdp_G_a_v0.02_s0.5,f8afa78a,5,116094.06101375067,1000
F_grdp_G_a_v0.02_s0.5,f8afa78a,6,9882.191347516158,33
F_grdp_G_a_v0.02_s0.5,4463446c,0,91655.60600433593,999
F_grdp_G_a_v0.02_s0.5,4463446c,1,305289.7758090613,1000
F_grdp_G_a_v0.02_s0.5,4463446c,2,814685.3859248328,1000
F_grdp_G_a_v0.02_s0.5,4463446c,3,182377.54418772753,257
F_grdp_G_a_v0.02_s0.5,c1d046f4,0,23687.354124529713,999
F_grdp_G_a_v0.02_s0.5,c1d046f4,1,40880.50144080505,1000
F_grdp_G_a_v0.02_s0.5,c1d046f4,2,14252.454978064474,1000
F_grdp_G_a_v0.02_s0.5,c1d046f4,3,29098.615219516796,1000
F_grdp_G_a_v0.02_s0.5,c1d046f4,4,23373.685524412806,1000
F_grdp_G_a_v0.02_s0.5,c1d046f4,5,14247.706540697787,514
F_grdp_G_a_v0.02_s0.5,dd168de0,0,4099.51514326353,999
F_grdp_G_a_v0.02_s0.5,dd168de0,1,23029.025168009965,1000
F_grdp_G_a_v0.02_s0.5,dd168de0,2,3931.144970171148,1000
F_grdp_G_a_v0.02_s0.5,dd168de0,3,16068.565874702006,305
F_grdp_G_a_v0.02_s0.5,c03fba65,0,47588.55373129113,999
F_grdp_G_a_v0.02_s0.5,c03fba65,1,353786.8399064569,1000
F_grdp_G_a_v0.02_s0.5,c03fba65,2,551260.6845984088,1000
F_grdp_G_a_v0.02_s0.5,c03fba65,3,592135.529116255,700
F_grdp_G_a_v0.02_s0.5,2c0c4a4e,0,5198.539740717382,999
F_grdp_G_a_v0.02_s0.5,2c0c4a4e,1,3468.5586470480534,1000
F_grdp_G_a_v0.02_s0.5,2c0c4a4e,2,4819.668376301498,1000
F_grdp_G_a_v0.02_s0.5,2c0c4a4e,3,12784.813152382041,1000
F_grdp_G_a_v0.02_s0.5,2c0c4a4e,4,82527.30917764983,791
F_grdp_G_a_v0.02_s0.5,fb3848a1,0,13902.96707830761,999
F_grdp_G_a_v0.02_s0.5,fb3848a1,1,40019.5663152376,1000
F_grdp_G_a_v0.02_s0.5,fb3848a1,2,138436.2919799211,1000
F_grdp_G_a_v0.02_s0.5,fb3848a1,3,186023.01869018737,1000
F_grdp_G_a_v0.02_s0.5,fb3848a1,4,123010.54555125085,1000
F_grdp_G_a_v0.02_s0.5,fb3848a1,5,150767.32023552802,920
F_grdp_G_a_v0.02_s0.5,62a6f539,0,55218.08515348514,999
F_grdp_G_a_v0.02_s0.5,62a6f539,1,57594.449392286224,1000
F_grdp_G_a_v0.02_s0.5,62a6f539,2,29767.325527930563,1000
F_grdp_G_a_v0.02_s0.5,62a6f539,3,32515.251167678234,694
F_grdp_G_a_v0.02_s0.5,63559d57,0,31575.862615334878,999
F_grdp_G_a_v0.02_s0.5,63559d57,1,55841.38101801332,1000
F_grdp_G_a_v0.02_s0.5,63559d57,2,21664.819840218956,1000
F_grdp_G_a_v0.02_s0.5,63559d57,3,2795.9654045425027,1000
F_grdp_G_a_v0.02_s0.5,63559d57,4,10.995154175057785,70
F_grdp_G_a_v0.02_s0.5,4f3eb9e9,0,13153.121156275309,999
F_grdp_G_a_v0.02_s0.5,4f3eb9e9,1,51706.27805041188,1000
F_grdp_G_a_v0.02_s0.5,4f3eb9e9,2,347256.29811895237,1000
F_grdp_G_a_v0.02_s0.5,4f3eb9e9,3,456569.875243755,1000
F_grdp_G_a_v0.02_s0.5,4f3eb9e9,4,46877.24548568161,698
F_grdp_G_a_v0.02_s0.5,460f859e,0,435978.0305992842,999
F_grdp_G_a_v0.02_s0.5,460f859e,1,1135323.8343610684,1000
F_grdp_G_a_v0.02_s0.5,460f859e,2,316223.511194828,1000
F_grdp_G_a_v0.02_s0.5,460f859e,3,58941.98532249263,337
F_grdp_G_a_v0.02_s0.5,28f4eda9,0,5295.876260145627,999
F_grdp_G_a_v0.02_s0.5,28f4eda9,1,4126.080091316121,1000
F_grdp_G_a_v0.02_s0.5,28f4eda9,2,4617.161844984604,1000
F_grdp_G_a_v0.02_s0.5,28f4eda9,3,9126.558276443373,1000
F_grdp_G_a_v0.02_s0.5,28f4eda9,4,49573.50882836027,1000
F_grdp_G_a_v0.02_s0.5,28f4eda9,5,9167.409642086819,267
F_grdp_G_a_v0.02_s0.5,739a914f,0,6733.439503966637,999
F_grdp_G_a_v0.02_s0.5,739a914f,1,8457.892127300529,1000
F_grdp_G_a_v0.02_s0.5,739a914f,2,10325.402171397818,1000
F_grdp_G_a_v0.02_s0.5,739a914f,3,6296.997531426012,1000
F_grdp_G_a_v0.02_s0.5,739a914f,4,2434.6210522186707,1000
F_grdp_G_a_v0.02_s0.5,739a914f,5,18010.560106772587,506
F_grdp_G_a_v0.02_s0.5,995ff498,0,5620.941920503417,999
F_grdp_G_a_v0.02_s0.5,995ff498,1,20750.563539844792,1000
F_grdp_G_a_v0.02_s0.5,995ff498,2,15087.2315255245,1000
F_grdp_G_a_v0.02_s0.5,995ff498,3,98544.25351536456,1000
F_grdp_G_a_v0.02_s0.5,995ff498,4,239359.75193327287,527
F_grdp_G_a_v0.02_s0.5,698930d1,0,4075.7406907193094,999
F_grdp_G_a_v0.02_s0.5,698930d1,1,12694.265299588906,1000
F_grdp_G_a_v0.02_s0.5,698930d1,2,16754.236267893913,1000
F_grdp_G_a_v0.02_s0.5,698930d1,3,86727.04339721704,1000
F_grdp_G_a_v0.02_s0.5,698930d1,4,53512.23449630332,742
F_grdp_G_a_v0.02_s0.5,f16e25e3,0,2273.969223702566,999
F_grdp_G_a_v0.02_s0.5,f16e25e3,1,3692.5629789049153,1000
F_grdp_G_a_v0.02_s0.5,f16e25e3,2,16143.268024263647,1000
F_grdp_G_a_v0.02_s0.5,f16e25e3,3,19957.976177219163,1000
F_grdp_G_a_v0.02_s0.5,f16e25e3,4,14943.85658999122,652
F_grdp_G_a_v0.02_s0.5,37d36812,0,6931.6377189555305,999
F_grdp_G_a_v0.02_s0.5,37d36812,1,138639.6544744366,1000
F_grdp_G_a_v0.02_s0.5,37d36812,2,119654.71120685813,1000
F_grdp_G_a_v0.02_s0.5,37d36812,3,693317.1876366936,1000
F_grdp_G_a_v0.02_s0.5,37d36812,4,29632.229378822078,368
F_grdp_G_a_v0.02_s0.5,a5aa7973,0,29646.175492272552,999
F_grdp_G_a_v0.02_s0.5,a5aa7973,1,9072.997922086819,1000
F_grdp_G_a_v0.02_s0.5,a5aa7973,2,111522.34405781682,1000
F_grdp_G_a_v0.02_s0.5,a5aa7973,3,132581.83599149855,1000
F_grdp_G_a_v0.02_s0.5,a5aa7973,4,72803.47651224633,617
F_grdp_G_a_v0.02_s0.5,8612b37f,0,49848.21451613203,999
F_grdp_G_a_v0.02_s0.5,8612b37f,1,18804.592294519556,1000
F_grdp_G_a_v0.02_s0.5,8612b37f,2,19120.91985091303,1000
F_grdp_G_a_v0.02_s0.5,8612b37f,3,439734.0097250627,1000
F_grdp_G_a_v0.02_s0.5,8612b37f,4,343050.2678501164,1000
F_grdp_G_a_v0.02_s0.5,8612b37f,5,6429.480308931514,166
F_grdp_G_a_v0.02_s0.5,94467f50,0,82557.80330472108,999
F_grdp_G_a_v0.02_s0.5,94467f50,1,217803.25912004485,1000
F_grdp_G_a_v0.02_s0.5,94467f50,2,289168.0307271395,1000
F_grdp_G_a_v0.02_s0.5,94467f50,3,25900.792645958096,36
F_grdp_G_a_v0.02_s0.5,14fee784,0,22092.723930254782,999
F_grdp_G_a_v0.02_s0.5,14fee784,1,565465.754219453,1000
F_grdp_G_a_v0.02_s0.5,14fee784,2,1270042.0355089249,1000
F_grdp_G_a_v0.02_s0.5,14fee784,3,1294092.6589438787,1000
F_grdp_G_a_v0.02_s0.5,14fee784,4,179157.66604468366,911
F_grdp_G_a_v0.02_s0.5,eabc711b,0,4042.63624524174,999
F_grdp_G_a_v0.02_s0.5,eabc711b,1,46369.447763924516,1000
F_grdp_G_a_v0.02_s0.5,eabc711b,2,33611.51823852766,1000
F_grdp_G_a_v0.02_s0.5,eabc711b,3,266226.15177140053,1000
F_grdp_G_a_v0.02_s0.5,eabc711b,4,224212.94356386902,1000
F_grdp_G_a_v0.02_s0.5,eabc711b,5,2699.3074011554877,349
F_grdp_G_a_v0.02_s0.5,bd2c2f34,0,2318.7656970899725,999
F_grdp_G_a_v0.02_s0.5,bd2c2f34,1,8802.744036594919,1000
F_grdp_G_a_v0.02_s0.5,bd2c2f34,2,5025.61291061633,1000
F_grdp_G_a_v0.02_s0.5,bd2c2f34,3,7467.822717022339,1000
F_grdp_G_a_v0.02_s0.5,bd2c2f34,4,11390.750693255974,1000
F_grdp_G_a_v0.02_s0.5,bd2c2f34,5,1482.8306626293495,1000
F_grdp_G_a_v0.02_s0.5,bd2c2f34,6,2267.7983123124855,1000
F_grdp_G_a_v0.02_s0.5,bd2c2f34,7,16373.565310624448,1000
F_grdp_G_a_v0.02_s0.5,bd2c2f34,8,3039.3399964518885,1000
F_grdp_G_a_v0.02_s0.5,bd2c2f34,9,2589.518708446641,824
F_grdp_G_a_v0.02_s0.5,d9d6d94d,0,28617.004253844774,999
F_grdp_G_a_v0.02_s0.5,d9d6d94d,1,27235.456343251055,1000
F_grdp_G_a_v0.02_s0.5,d9d6d94d,2,466291.5580956081,1000
F_grdp_G_a_v0.02_s0.5,d9d6d94d,3,288650.5056204522,1000
F_grdp_G_a_v0.02_s0.5,d9d6d94d,4,6587.583928164532,920
F_grdp_G_a_v0.02_s0.5,dd64382d,0,5178.881298687934,999
F_grdp_G_a_v0.02_s0.5,dd64382d,1,17935.122022396234,1000
F_grdp_G_a_v0.02_s0.5,dd64382d,2,58385.4369432316,1000
F_grdp_G_a_v0.02_s0.5,dd64382d,3,19791.584178901874,125
F_grdp_G_a_v0.02_s0.5,c42fe306,0,15156.154980658135,999
F_grdp_G_a_v0.02_s0.5,c42fe306,1,208477.71433484767,1000
F_grdp_G_a_v0.02_s0.5,c42fe306,2,314613.19647865463,1000
F_grdp_G_a_v0.02_s0.5,c42fe306,3,165105.4206257524,1000
F_grdp_G_a_v0.02_s0.5,c42fe306,4,15123.551205929687,1000
F_grdp_G_a_v0.02_s0.5,c42fe306,5,37.027033787164484,96
F_grdp_G_a_v0.02_s0.5,7ff89f8f,0,6192.439438106501,999
F_grdp_G_a_v0.02_s0.5,7ff89f8f,1,23597.29873563152,1000
F_grdp_G_a_v0.02_s0.5,7ff89f8f,2,134211.11546964463,1000
F_grdp_G_a_v0.02_s0.5,7ff89f8f,3,385930.96749624977,1000
F_grdp_G_a_v0.02_s0.5,7ff89f8f,4,581057.7311140562,1000
F_grdp_G_a_v0.02_s0.5,7ff89f8f,5,571452.4212193628,1000
F_grdp_G_a_v0.02_s0.5,7ff89f8f,6,329628.20650869166,1000
F_grdp_G_a_v0.02_s0.5,7ff89f8f,7,8343.27107956583,338
F_grdp_G_a_v0.02_s0.5,8478df29,0,52342.14216609512,999
F_grdp_G_a_v0.02_s0.5,8478df29,1,68800.95323057937,1000
F_grdp_G_a_v0.02_s0.5,8478df29,2,145116.78306201726,1000
F_grdp_G_a_v0.02_s0.5,8478df29,3,41208.240520051666,1000
F_grdp_G_a_v0.02_s0.5,8478df29,4,5290.723918396556,858
F_grdp_G_a_v0.02_s0.5,5eae34a8,0,439.8382413901985,999
F_grdp_G_a_v0.02_s0.5,5eae34a8,1,1247.3806318143384,1000
F_grdp_G_a_v0.02_s0.5,5eae34a8,2,22092.732268528212,1000
F_grdp_G_a_v0.02_s0.5,5eae34a8,3,77085.49204539668,1000
F_grdp_G_a_v0.02_s0.5,5eae34a8,4,295091.0962575204,905
F_grdp_G_a_v0.02_s0.5,5a1a8fd8,0,72226.32124080272,999
F_grdp_G_a_v0.02_s0.5,5a1a8fd8,1,7885.2552150173815,1000
F_grdp_G_a_v0.02_s0.5,5a1a8fd8,2,14389.926225617686,1000
F_grdp_G_a_v0.02_s0.5,5a1a8fd8,3,9565.810844341497,1000
F_grdp_G_a_v0.02_s0.5,5a1a8fd8,4,315381.6968507184,1000
F_grdp_G_a_v0.02_s0.5,5a1a8fd8,5,279473.7032972856,261
F_grdp_G_a_v0.02_s0.5,940e709a,0,3684.8630451447743,999
F_grdp_G_a_v0.02_s0.5,940e709a,1,10486.940258608523,1000
F_grdp_G_a_v0.02_s0.5,940e709a,2,4027.322091582696,1000
F_grdp_G_a_v0.02_s0.5,940e709a,3,13533.419422569339,349
F_grdp_G_a_v0.02_s0.5,7bb17b96,0,1852.8825900851355,999
F_grdp_G_a_v0.02_s0.5,7bb17b96,1,6946.440697713675,1000
F_grdp_G_a_v0.02_s0.5,7bb17b96,2,69057.95494780882,1000
F_grdp_G_a_v0.02_s0.5,7bb17b96,3,52303.00410471831,923
F_grdp_G_a_v0.02_s0.5,e149204f,0,3805.6835943792157,999
F_grdp_G_a_v0.02_s0.5,e149204f,1,2115.744967881052,1000
F_grdp_G_a_v0.02_s0.5,e149204f,2,2597.57849994453,1000
F_grdp_G_a_v0.02_s0.5,e149204f,3,27251.68923172453,1000
F_grdp_G_a_v0.02_s0.5,e149204f,4,42850.48790636498,1000
F_grdp_G_a_v0.02_s0.5,e149204f,5,135250.46525248574,1000
F_grdp_G_a_v0.02_s0.5,e149204f,6,5935.90029102146,98
F_grdp_G_a_v0.02_s0.5,22c5f93f,0,314.48444007487586,999
F_grdp_G_a_v0.02_s0.5,22c5f93f,1,33356.08747730163,1000
F_grdp_G_a_v0.02_s0.5,22c5f93f,2,15887.539052524266,1000
F_grdp_G_a_v0.02_s0.5,22c5f93f,3,34613.11590633703,1000
F_grdp_G_a_v0.02_s0.5,22c5f93f,4,12964.297745446247,1000
F_grdp_G_a_v0.02_s0.5,22c5f93f,5,5621.209158962404,173
F_grdp_G_a_v0.02_s0.5,2e43c2ea,0,3402.3310040008414,999
F_grdp_G_a_v0.02_s0.5,2e43c2ea,1,54136.64661509349,1000
F_grdp_G_a_v0.02_s0.5,2e43c2ea,2,28505.215887836974,1000
F_grdp_G_a_v0.02_s0.5,2e43c2ea,3,3196.6068115513344,1000
F_grdp_G_a_v0.02_s0.5,2e43c2ea,4,24861.80592580557,1000
F_grdp_G_a_v0.02_s0.5,2e43c2ea,5,348982.20365428436,699
F_grdp_G_a_v0.02_s0.5,44a94013,0,87647.15022813359,999
F_grdp_G_a_v0.02_s0.5,44a94013,1,87871.95458101142,1000
F_grdp_G_a_v0.02_s0.5,44a94013,2,94683.13026781373,1000
F_grdp_G_a_v0.02_s0.5,44a94013,3,42082.85132285025,1000
F_grdp_G_a_v0.02_s0.5,44a94013,4,294794.1368152723,904
F_grdp_G_a_v0.02_s0.5,2b547943,0,6581.95017345567,999
F_grdp_G_a_v0.02_s0.5,2b547943,1,189792.73626140517,1000
F_grdp_G_a_v0.02_s0.5,2b547943,2,212265.95170636068,1000
F_grdp_G_a_v0.02_s0.5,2b547943,3,92131.94005691676,481
F_grdp_G_a_v0.02_s0.5,d07aed8f,0,28038.853179006444,999
F_grdp_G_a_v0.02_s0.5,d07aed8f,1,101506.34360643473,1000
F_grdp_G_a_v0.02_s0.5,d07aed8f,2,36327.906349089724,958
F_grdp_G_a_v0.02_s0.5,6ede926a,0,4867.960897993597,999
F_grdp_G_a_v0.02_s0.5,6ede926a,1,2665.0727243852266,1000
F_grdp_G_a_v0.02_s0.5,6ede926a,2,11538.35619694159,1000
F_grdp_G_a_v0.02_s0.5,6ede926a,3,23189.234817400666,1000
F_grdp_G_a_v0.02_s0.5,6ede926a,4,2307.5101959922454,939
F_grdp_G_a_v0.02_s0.5,529e88ca,0,17130.15570259389,999
F_grdp_G_a_v0.02_s0.5,529e88ca,1,93588.8686695664,1000
F_grdp_G_a_v0.02_s0.5,529e88ca,2,143735.0895357482,1000
F_grdp_G_a_v0.02_s0.5,529e88ca,3,82857.21837820827,418
F_grdp_G_a_v0.02_s0.5,09441b8d,0,686.4153670574348,999
F_grdp_G_a_v0.02_s0.5,09441b8d,1,1587.7174090327671,1000
F_grdp_G_a_v0.02_s0.5,09441b8d,2,24811.810205072827,1000
F_grdp_G_a_v0.02_s0.5,09441b8d,3,1443.290554007141,1000
F_grdp_G_a_v0.02_s0.5,09441b8d,4,2623.7759835746924,1000
F_grdp_G_a_v0.02_s0.5,09441b8d,5,3484.1877069712223,489
F_grdp_G_a_v0.02_s0.5,4121c517,0,11959.942877424388,999
F_grdp_G_a_v0.02_s0.5,4121c517,1,9454.234123679009,1000
F_grdp_G_a_v0.02_s0.5,4121c517,2,45288.02529206943,1000
F_grdp_G_a_v0.02_s0.5,4121c517,3,26984.885120711475,724
F_grdp_G_a_v0.02_s0.5,58850d2c,0,5883.374611884148,999
F_grdp_G_a_v0.02_s0.5,58850d2c,1,40559.176689139094,1000
F_grdp_G_a_v0.02_s0.5,58850d2c,2,14479.711290649026,1000
F_grdp_G_a_v0.02_s0.5,58850d2c,3,6437.045140770916,1000
F_grdp_G_a_v0.02_s0.5,58850d2c,4,12452.659791634316,996
F_grdp_G_a_v0.02_s0.5,d273674e,0,3003.562416516371,999
F_grdp_G_a_v0.02_s0.5,d273674e,1,3449.846698264626,1000
F_grdp_G_a_v0.02_s0.5,d273674e,2,1361.376441849819,1000
F_grdp_G_a_v0.02_s0.5,d273674e,3,15130.647465367389,900
F_grdp_G_a_v0.02_s0.5,cbb406b5,0,19387.4248931049,999
F_grdp_G_a_v0.02_s0.5,cbb406b5,1,96358.95557028554,1000
F_grdp_G_a_v0.02_s0.5,cbb406b5,2,99791.3043659141,1000
F_grdp_G_a_v0.02_s0.5,cbb406b5,3,16157.02197236735,1000
F_grdp_G_a_v0.02_s0.5,cbb406b5,4,7493.5307894474745,1000
F_grdp_G_a_v0.02_s0.5,cbb406b5,5,4983.497243205913,1000
F_grdp_G_a_v0.02_s0.5,cbb406b5,6,9349.6045918278,329
F_grdp_G_a_v0.02_s0.5,c03d4aed,0,7023.641191454187,999
F_grdp_G_a_v0.02_s0.5,c03d4aed,1,166083.56155282454,1000
F_grdp_G_a_v0.02_s0.5,c03d4aed,2,48180.19301800892,1000
F_grdp_G_a_v0.02_s0.5,c03d4aed,3,17875.726470600417,1000
F_grdp_G_a_v0.02_s0.5,c03d4aed,4,3583.0946986697786,642
F_grdp_G_a_v0.02_s0.5,9283ae69,0,51539.38784860558,999
F_grdp_G_a_v0.02_s0.5,9283ae69,1,72167.88676211837,1000
F_grdp_G_a_v0.02_s0.5,9283ae69,2,15503.286205094935,1000
F_grdp_G_a_v0.02_s0.5,9283ae69,3,1979.3978127098817,372
F_grdp_G_a_v0.02_s0.5,999daf80,0,29042.775671006206,999
F_grdp_G_a_v0.02_s0.5,999daf80,1,36714.030523661575,1000
F_grdp_G_a_v0.02_s0.5,999daf80,2,5797.351574456778,1000
F_grdp_G_a_v0.02_s0.5,999daf80,3,3298.05771667182,565
F_grdp_G_a_v0.02_s0.5,3d96d897,0,1548.5183903842258,999
F_grdp_G_a_v0.02_s0.5,3d96d897,1,2155.342746690447,1000
F_grdp_G_a_v0.02_s0.5,3d96d897,2,654.401707006024,1000
F_grdp_G_a_v0.02_s0.5,3d96d897,3,1965.1414392980876,1000
F_grdp_G_a_v0.02_s0.5,3d96d897,4,37955.91592854693,1000
F_grdp_G_a_v0.02_s0.5,3d96d897,5,29946.88466787208,660
F_grdp_G_a_v0.02_s0.5,f8f59188,0,1479.0967110027373,999
F_grdp_G_a_v0.02_s0.5,f8f59188,1,514.7313731219308,1000
F_grdp_G_a_v0.02_s0.5,f8f59188,2,8283.272940729155,1000
F_grdp_G_a_v0.02_s0.5,f8f59188,3,96781.41745283724,1000
F_grdp_G_a_v0.02_s0.5,f8f59188,4,6671.521746833159,808
F_grdp_G_a_v0.02_s0.5,d5df0ff5,0,243199.7598284175,999
F_grdp_G_a_v0.02_s0.5,d5df0ff5,1,327634.0844500892,1000
F_grdp_G_a_v0.02_s0.5,d5df0ff5,2,194914.88023166123,1000
F_grdp_G_a_v0.02_s0.5,d5df0ff5,3,251824.85948704294,1000
F_grdp_G_a_v0.02_s0.5,d5df0ff5,4,14501.983849258175,33
F_grdp_G_a_v0.02_s0.5,d40f61d5,0,57745.675430583695,999
F_grdp_G_a_v0.02_s0.5,d40f61d5,1,53023.891864506186,1000
F_grdp_G_a_v0.02_s0.5,d40f61d5,2,119428.11207460849,1000
F_grdp_G_a_v0.02_s0.5,d40f61d5,3,93318.24364614462,1000
F_grdp_G_a_v0.02_s0.5,d40f61d5,4,1247.087280932647,40
F_grdp_G_a_v0.02_s0.5,4654e7de,0,11370.435652272323,999
F_grdp_G_a_v0.02_s0.5,4654e7de,1,56953.81318701862,1000
F_grdp_G_a_v0.02_s0.5,4654e7de,2,105274.46816914597,1000
F_grdp_G_a_v0.02_s0.5,4654e7de,3,5634.141418992937,1000
F_grdp_G_a_v0.02_s0.5,4654e7de,4,21529.382052348807,1000
F_grdp_G_a_v0.02_s0.5,4654e7de,5,2648.3254254364547,374
F_grdp_G_a_v0.02_s0.5,0390d174,0,15576.001576310437,999
F_grdp_G_a_v0.02_s0.5,0390d174,1,25529.33409952368,1000
F_grdp_G_a_v0.02_s0.5,0390d174,2,78334.06099453944,1000
F_grdp_G_a_v0.02_s0.5,0390d174,3,130972.436409992,1000
F_grdp_G_a_v0.02_s0.5,0390d174,4,4278.336182250458,412
F_grdp_G_a_v0.02_s0.5,577eec7c,0,219228.8054904646,999
F_grdp_G_a_v0.02_s0.5,577eec7c,1,495611.55416176515,1000
F_grdp_G_a_v0.02_s0.5,577eec7c,2,118670.93053876178,1000
F_grdp_G_a_v0.02_s0.5,577eec7c,3,8147.828296709484,1000
F_grdp_G_a_v0.02_s0.5,577eec7c,4,29712.96366645155,540
F_grdp_G_a_v0.02_s0.5,5138a660,0,30510.18917858841,999
F_grdp_G_a_v0.02_s0.5,5138a660,1,46857.83258454102,1000
F_grdp_G_a_v0.02_s0.5,5138a660,2,23364.831727015902,1000
F_grdp_G_a_v0.02_s0.5,5138a660,3,123624.24191216196,560
F_grdp_G_a_v0.02_s0.5,2d196986,0,4443.310973879442,999
F_grdp_G_a_v0.02_s0.5,2d196986,1,19885.181163140733,1000
F_grdp_G_a_v0.02_s0.5,2d196986,2,6323.668341563521,1000
F_grdp_G_a_v0.02_s0.5,2d196986,3,4997.126869906849,1000
F_grdp_G_a_v0.02_s0.5,2d196986,4,3319.2313459584666,1000
F_grdp_G_a_v0.02_s0.5,2d196986,5,21421.776999859543,1000
F_grdp_G_a_v0.02_s0.5,2d196986,6,13256.91998721081,475
F_grdp_G_a_v0.02_s0.5,ab94878e,0,3989.961164505287,999
F_grdp_G_a_v0.02_s0.5,ab94878e,1,8546.243172306911,1000
F_grdp_G_a_v0.02_s0.5,ab94878e,2,16966.262144668126,1000
F_grdp_G_a_v0.02_s0.5,ab94878e,3,46771.28053427426,1000
F_grdp_G_a_v0.02_s0.5,ab94878e,4,59139.71058630552,1000
F_grdp_G_a_v0.02_s0.5,ab94878e,5,53997.13256361646,1000
F_grdp_G_a_v0.02_s0.5,ab94878e,6,222.88630215116862,5
F_grdp_G_a_v0.02_s0.5,1e30dedf,0,174734.45120323083,999
F_grdp_G_a_v0.02_s0.5,1e30dedf,1,165368.76751383682,1000
F_grdp_G_a_v0.02_s0.5,1e30dedf,2,52410.17803193093,1000
F_grdp_G_a_v0.02_s0.5,1e30dedf,3,57526.1693691114,1000
F_grdp_G_a_v0.02_s0.5,1e30dedf,4,1942.2235658396864,72
F_grdp_G_a_v0.02_s0.5,d217e0c5,0,12859.566561809985,999
F_grdp_G_a_v0.02_s0.5,d217e0c5,1,22926.00195089612,1000
F_grdp_G_a_v0.02_s0.5,d217e0c5,2,27364.322207543937,1000
F_grdp_G_a_v0.02_s0.5,d217e0c5,3,258446.4195503932,839
F_grdp_G_a_v0.02_s0.5,59f8b2e8,0,3373.4097949145266,999
F_grdp_G_a_v0.02_s0.5,59f8b2e8,1,48496.9791950926,1000
F_grdp_G_a_v0.02_s0.5,59f8b2e8,2,27228.959249179563,1000
F_grdp_G_a_v0.02_s0.5,59f8b2e8,3,8850.025850170223,748
F_grdp_G_a_v0.02_s0.5,504c8b08,0,37397.677769130045,999
F_grdp_G_a_v0.02_s0.5,504c8b08,1,71842.00212346358,1000
F_grdp_G_a_v0.02_s0.5,504c8b08,2,12542.74221162625,1000
F_grdp_G_a_v0.02_s0.5,504c8b08,3,25569.735285361443,1000
F_grdp_G_a_v0.02_s0.5,504c8b08,4,12789.450143196422,1000
F_grdp_G_a_v0.02_s0.5,504c8b08,5,180836.99854157038,1000
F_grdp_G_a_v0.02_s0.5,504c8b08,6,97420.74014317579,368
F_grdp_G_a_v0.02_s0.5,a08d9e63,0,186754.0335010846,999
F_grdp_G_a_v0.02_s0.5,a08d9e63,1,458773.389274416,1000
F_grdp_G_a_v0.02_s0.5,a08d9e63,2,481818.4716632504,1000
F_grdp_G_a_v0.02_s0.5,a08d9e63,3,73685.27683355093,686
F_grdp_G_a_v0.02_s0.5,1beca81d,0,310.97902597236106,999
F_grdp_G_a_v0.02_s0.5,1beca81d,1,32406.4451102013,1000
F_grdp_G_a_v0.02_s0.5,1beca81d,2,57156.87071583291,1000
F_grdp_G_a_v0.02_s0.5,1beca81d,3,61763.10576183367,1000
F_grdp_G_a_v0.02_s0.5,1beca81d,4,54184.708282962696,1000
F_grdp_G_a_v0.02_s0.5,1beca81d,5,1720.4516573813817,37
F_grdp_G_a_v0.02_s0.5,eac10e86,0,480.27719535437274,999
F_grdp_G_a_v0.02_s0.5,eac10e86,1,213.42504101139852,1000
F_grdp_G_a_v0.02_s0.5,eac10e86,2,970.4482570234339,1000
F_grdp_G_a_v0.02_s0.5,eac10e86,3,174.3784733281828,1000
F_grdp_G_a_v0.02_s0.5,eac10e86,4,3272.1411207283445,1000
F_grdp_G_a_v0.02_s0.5,eac10e86,5,30894.068205671734,1000
F_grdp_G_a_v0.02_s0.5,eac10e86,6,1838.201968329144,68
F_grdp_G_a_v0.02_s0.5,efde6ac3,0,19198.27620497038,999
F_grdp_G_a_v0.02_s0.5,efde6ac3,1,39150.624693072896,1000
F_grdp_G_a_v0.02_s0.5,efde6ac3,2,25627.32675714249,1000
F_grdp_G_a_v0.02_s0.5,efde6ac3,3,157659.29938145028,1000
F_grdp_G_a_v0.02_s0.5,efde6ac3,4,114275.45839377337,560
F_grdp_G_a_v0.02_s0.5,9896fc0b,0,8103.308468949555,999
F_grdp_G_a_v0.02_s0.5,9896fc0b,1,10853.233127098349,1000
F_grdp_G_a_v0.02_s0.5,9896fc0b,2,48224.38191281194,1000
F_grdp_G_a_v0.02_s0.5,9896fc0b,3,419977.89667025744,596
F_grdp_G_a_v0.02_s0.5,24d8997e,0,33133.87497809973,999
F_grdp_G_a_v0.02_s0.5,24d8997e,1,32006.660255302515,1000
F_grdp_G_a_v0.02_s0.5,24d8997e,2,1241.0295678946957,1000
F_grdp_G_a_v0.02_s0.5,24d8997e,3,210.81775837472262,443
F_grdp_G_a_v0.02_s0.5,9d072e4c,0,29818.871740627757,999
F_grdp_G_a_v0.02_s0.5,9d072e4c,1,13595.252262297154,1000
F_grdp_G_a_v0.02_s0.5,9d072e4c,2,15446.704438655466,1000
F_grdp_G_a_v0.02_s0.5,9d072e4c,3,14938.791401764263,1000
F_grdp_G_a_v0.02_s0.5,9d072e4c,4,149470.4225236125,1000
F_grdp_G_a_v0.02_s0.5,9d072e4c,5,49804.14092157942,108
F_grdp_G_a_v0.02_s0.5,c03b9305,0,5516.090045813163,999
F_grdp_G_a_v0.02_s0.5,c03b9305,1,47792.97347069418,1000
F_grdp_G_a_v0.02_s0.5,c03b9305,2,230977.5251091738,1000
F_grdp_G_a_v0.02_s0.5,c03b9305,3,153725.24828605817,1000
F_grdp_G_a_v0.02_s0.5,c03b9305,4,113464.09859549467,256
F_grdp_G_a_v0.02_s0.5,722cf0d8,0,45873.39524325022,999
F_grdp_G_a_v0.02_s0.5,722cf0d8,1,111572.74911431725,1000
F_grdp_G_a_v0.02_s0.5,722cf0d8,2,104511.9501699543,1000
F_grdp_G_a_v0.02_s0.5,722cf0d8,3,11973.170347014997,1000
F_grdp_G_a_v0.02_s0.5,722cf0d8,4,4741.759034688329,1000
F_grdp_G_a_v0.02_s0.5,722cf0d8,5,586.004216741817,144
F_grdp_G_a_v0.02_s0.5,25050f63,0,618697.373000042,999
F_grdp_G_a_v0.02_s0.5,25050f63,1,799377.4401000497,1000
F_grdp_G_a_v0.02_s0.5,25050f63,2,1080752.8902000545,1000
F_grdp_G_a_v0.02_s0.5,25050f63,3,1814327.2526000745,1000
F_grdp_G_a_v0.02_s0.5,25050f63,4,1701061.3256000723,1000
F_grdp_G_a_v0.02_s0.5,25050f63,5,1336888.7639000614,1000
F_grdp_G_a_v0.02_s0.5,25050f63,6,165952.29080000796,125
F_grdp_G_a_v0.02_s0.5,d90aa14c,0,50397.07556852326,999
F_grdp_G_a_v0.02_s0.5,d90aa14c,1,33163.01706511438,1000
F_grdp_G_a_v0.02_s0.5,d90aa14c,2,95037.92999990028,1000
F_grdp_G_a_v0.02_s0.5,d90aa14c,3,156041.59357064555,1000
F_grdp_G_a_v0.02_s0.5,d90aa14c,4,107076.87359976134,1000
F_grdp_G_a_v0.02_s0.5,d90aa14c,5,21418.264404159163,1000
F_grdp_G_a_v0.02_s0.5,d90aa14c,6,414077.0790508255,1000
F_grdp_G_a_v0.02_s0.5,d90aa14c,7,169337.58499896762,1000
F_grdp_G_a_v0.02_s0.5,d90aa14c,8,3494.1393383893196,1000
F_grdp_G_a_v0.02_s0.5,d90aa14c,9,100008.01561374257,1000
F_grdp_G_a_v0.02_s0.5,d90aa14c,10,11028.905339765763,19
F_grdp_G_a_v0.02_s0.5,dafc88c3,0,20416.607119652446,999
F_grdp_G_a_v0.02_s0.5,dafc88c3,1,15189.470955071723,1000
F_grdp_G_a_v0.02_s0.5,dafc88c3,2,6727.054985695548,1000
F_grdp_G_a_v0.02_s0.5,dafc88c3,3,8778.305345268263,1000
F_grdp_G_a_v0.02_s0.5,dafc88c3,4,95198.45167477129,1000
F_grdp_G_a_v0.02_s0.5,dafc88c3,5,339459.7801580068,573
F_grdp_G_a_v0.02_s0.5,d1457cc5,0,29777.60469999935,999
F_grdp_G_a_v0.02_s0.5,d1457cc5,1,70109.93969999884,1000
F_grdp_G_a_v0.02_s0.5,d1457cc5,2,62654.877000000895,1000
F_grdp_G_a_v0.02_s0.5,d1457cc5,3,178537.54080000194,1000
F_grdp_G_a_v0.02_s0.5,d1457cc5,4,121939.23870000038,1000
F_grdp_G_a_v0.02_s0.5,d1457cc5,5,29516.508299999765,1000
F_grdp_G_a_v0.02_s0.5,d1457cc5,6,40743.87680000088,921
F_grdp_G_a_v0.02_s0.5,08fecf00,0,3164.0131513572824,999
F_grdp_G_a_v0.02_s0.5,08fecf00,1,78603.5673164132,1000
F_grdp_G_a_v0.02_s0.5,08fecf00,2,32006.233162062323,1000
F_grdp_G_a_v0.02_s0.5,08fecf00,3,103601.6050730001,1000
F_grdp_G_a_v0.02_s0.5,08fecf00,4,1279.4989439932867,1000
F_grdp_G_a_v0.02_s0.5,08fecf00,5,66813.9021759723,575
F_grdp_G_a_v0.02_s0.5,d7ba4f9d,0,2699.3196493826467,999
F_grdp_G_a_v0.02_s0.5,d7ba4f9d,1,443.269075943234,1000
F_grdp_G_a_v0.02_s0.5,d7ba4f9d,2,18914.02911725978,1000
F_grdp_G_a_v0.02_s0.5,d7ba4f9d,3,126197.8510700681,1000
F_grdp_G_a_v0.02_s0.5,d7ba4f9d,4,168113.37501320872,1000
F_grdp_G_a_v0.02_s0.5,d7ba4f9d,5,99576.83680484799,1000
F_grdp_G_a_v0.02_s0.5,d7ba4f9d,6,1011.5075060017318,24
F_grdp_G_a_v0.02_s0.5,5aa403d0,0,32629.104157331458,999
F_grdp_G_a_v0.02_s0.5,5aa403d0,1,127597.6778484021,1000
F_grdp_G_a_v0.02_s0.5,5aa403d0,2,175521.68749750432,1000
F_grdp_G_a_v0.02_s0.5,5aa403d0,3,31343.16034655355,119
F_grdp_G_a_v0.02_s0.5,0dc5e64d,0,51325.6880000094,999
F_grdp_G_a_v0.02_s0.5,0dc5e64d,1,216551.74390002072,1000
F_grdp_G_a_v0.02_s0.5,0dc5e64d,2,6097.258799998498,1000
F_grdp_G_a_v0.02_s0.5,0dc5e64d,3,237582.85460001064,1000
F_grdp_G_a_v0.02_s0.5,0dc5e64d,4,1595531.1789000526,880
F_grdp_G_a_v0.02_s0.5,940a48d9,0,21558.940292881238,999
F_grdp_G_a_v0.02_s0.5,940a48d9,1,11084.547817303723,1000
F_grdp_G_a_v0.02_s0.5,940a48d9,2,17767.056854837472,1000
F_grdp_G_a_v0.02_s0.5,940a48d9,3,10193.827777739629,964
F_grdp_G_a_v0.02_s0.5,3932faa6,0,6813.535362181363,999
F_grdp_G_a_v0.02_s0.5,3932faa6,1,254118.8126659126,1000
F_grdp_G_a_v0.02_s0.5,3932faa6,2,138334.12862078947,1000
F_grdp_G_a_v0.02_s0.5,3932faa6,3,17899.719301861718,1000
F_grdp_G_a_v0.02_s0.5,3932faa6,4,137075.773767833,1000
F_grdp_G_a_v0.02_s0.5,3932faa6,5,363046.3530932126,453
F_grdp_G_a_v0.02_s0.5,c84c65be,0,23212.5860316618,999
F_grdp_G_a_v0.02_s0.5,c84c65be,1,62741.84671846916,1000
F_grdp_G_a_v0.02_s0.5,c84c65be,2,11393.448864663978,1000
F_grdp_G_a_v0.02_s0.5,c84c65be,3,102309.93519361797,1000
F_grdp_G_a_v0.02_s0.5,c84c65be,4,185170.8068808877,1000
F_grdp_G_a_v0.02_s0.5,c84c65be,5,145329.0909634033,1000
F_grdp_G_a_v0.02_s0.5,c84c65be,6,55578.34458388472,1000
F_grdp_G_a_v0.02_s0.5,c84c65be,7,43099.28132043146,1000
F_grdp_G_a_v0.02_s0.5,c84c65be,8,5918.958461484845,497
F_grdp_G_a_v0.02_s0.5,86454a6f,0,171519.70380152192,999
F_grdp_G_a_v0.02_s0.5,86454a6f,1,1499217.5537624224,1000
F_grdp_G_a_v0.02_s0.5,86454a6f,2,1613607.3581648304,1000
F_grdp_G_a_v0.02_s0.5,86454a6f,3,3030648.9989519836,1000
F_grdp_G_a_v0.02_s0.5,86454a6f,4,1348312.4299034087,1000
F_grdp_G_a_v0.02_s0.5,86454a6f,5,1819754.966642719,1000
F_grdp_G_a_v0.02_s0.5,86454a6f,6,2262032.1517065973,1000
F_grdp_G_a_v0.02_s0.5,86454a6f,7,2654857.2143847886,965
F_grdp_G_a_v0.02_s0.5,54a7e3c2,0,3294.1424576285294,999
F_grdp_G_a_v0.02_s0.5,54a7e3c2,1,5971.656109705979,1000
F_grdp_G_a_v0.02_s0.5,54a7e3c2,2,56249.66314064407,1000
F_grdp_G_a_v0.02_s0.5,54a7e3c2,3,55212.32147072002,1000
F_grdp_G_a_v0.02_s0.5,54a7e3c2,4,126051.0448624991,1000
F_grdp_G_a_v0.02_s0.5,54a7e3c2,5,67020.08418694169,1000
F_grdp_G_a_v0.02_s0.5,54a7e3c2,6,14384.4868362063,156
F_grdp_G_a_v0.02_s0.5,ae069086,0,7834.515684628794,999
F_grdp_G_a_v0.02_s0.5,ae069086,1,41088.38974601635,1000
F_grdp_G_a_v0.02_s0.5,ae069086,2,260092.87526611995,1000
F_grdp_G_a_v0.02_s0.5,ae069086,3,50878.07772015633,1000
F_grdp_G_a_v0.02_s0.5,ae069086,4,25857.962267930263,771
F_grdp_G_a_v0.02_s0.5,06df5958,0,6867.084154236246,999
F_grdp_G_a_v0.02_s0.5,06df5958,1,70044.19981416856,1000
F_grdp_G_a_v0.02_s0.5,06df5958,2,122532.62636231082,1000
F_grdp_G_a_v0.02_s0.5,06df5958,3,84959.06580074732,510
F_grdp_G_a_v0.02_s0.5,992c99e8,0,299.7224479538585,999
F_grdp_G_a_v0.02_s0.5,992c99e8,1,9809.487392553281,1000
F_grdp_G_a_v0.02_s0.5,992c99e8,2,7266.665606804797,1000
F_grdp_G_a_v0.02_s0.5,992c99e8,3,5873.916422742919,1000
F_grdp_G_a_v0.02_s0.5,992c99e8,4,6669.894227692919,905
F_grdp_G_a_v0.02_s0.5,0955cd6c,0,2416.91892882464,999
F_grdp_G_a_v0.02_s0.5,0955cd6c,1,11875.652710258626,1000
F_grdp_G_a_v0.02_s0.5,0955cd6c,2,2552.616461926398,1000
F_grdp_G_a_v0.02_s0.5,0955cd6c,3,327.92695273814206,1000
F_grdp_G_a_v0.02_s0.5,0955cd6c,4,43018.197788464655,1000
F_grdp_G_a_v0.02_s0.5,0955cd6c,5,15187.930974386196,196
F_grdp_G_a_v0.02_s0.5,8d92cb49,0,1431.7106549482426,999
F_grdp_G_a_v0.02_s0.5,8d92cb49,1,30893.711516194013,1000
F_grdp_G_a_v0.02_s0.5,8d92cb49,2,134556.97023328085,1000
F_grdp_G_a_v0.02_s0.5,8d92cb49,3,206362.7995153482,590
F_grdp_G_a_v0.02_s0.5,77e4821c,0,92254.95980000864,999
F_grdp_G_a_v0.02_s0.5,77e4821c,1,158950.24620001088,1000
F_grdp_G_a_v0.02_s0.5,77e4821c,2,398089.6851000195,1000
F_grdp_G_a_v0.02_s0.5,77e4821c,3,471037.8301000222,1000
F_grdp_G_a_v0.02_s0.5,77e4821c,4,1194942.0478000364,1000
F_grdp_G_a_v0.02_s0.5,77e4821c,5,229830.57150000843,394
F_grdp_G_a_v0.02_s0.5,7b2c7b3c,0,730.028212051823,999
F_grdp_G_a_v0.02_s0.5,7b2c7b3c,1,5070.164047871527,1000
F_grdp_G_a_v0.02_s0.5,7b2c7b3c,2,19328.857891056014,585
F_grdp_G_a_v0.02_s0.5,ab18d3fc,0,115314.31717424512,999
F_grdp_G_a_v0.02_s0.5,ab18d3fc,1,73015.55933155525,1000
F_grdp_G_a_v0.02_s0.5,ab18d3fc,2,19442.368290816743,1000
F_grdp_G_a_v0.02_s0.5,ab18d3fc,3,48888.95562519874,1000
F_grdp_G_a_v0.02_s0.5,ab18d3fc,4,75718.62142212757,1000
F_grdp_G_a_v0.02_s0.5,ab18d3fc,5,223515.41086073255,695
F_grdp_G_a_v0.02_s0.5,84815d5a,0,17158.640251871377,999
F_grdp_G_a_v0.02_s0.5,84815d5a,1,85491.5465877291,1000
F_grdp_G_a_v0.02_s0.5,84815d5a,2,59725.52061090788,1000
F_grdp_G_a_v0.02_s0.5,84815d5a,3,121985.9721874543,648
F_grdp_G_a_v0.02_s0.5,0498acab,0,8264.856946455704,999
F_grdp_G_a_v0.02_s0.5,0498acab,1,78424.43858289698,1000
F_grdp_G_a_v0.02_s0.5,0498acab,2,14992.188067761535,1000
F_grdp_G_a_v0.02_s0.5,0498acab,3,45952.37211931921,1000
F_grdp_G_a_v0.02_s0.5,0498acab,4,12201.458463861727,799
F_grdp_G_a_v0.02_s0.5,ea0b99b7,0,169992.5420829948,999
F_grdp_G_a_v0.02_s0.5,ea0b99b7,1,45639.48658549651,1000
F_grdp_G_a_v0.02_s0.5,ea0b99b7,2,60975.92722465139,1000
F_grdp_G_a_v0.02_s0.5,ea0b99b7,3,206402.79151365618,1000
F_grdp_G_a_v0.02_s0.5,ea0b99b7,4,212316.21000144238,1000
F_grdp_G_a_v0.02_s0.5,ea0b99b7,5,54968.86164588038,1000
F_grdp_G_a_v0.02_s0.5,ea0b99b7,6,101372.90613404418,1000
F_grdp_G_a_v0.02_s0.5,ea0b99b7,7,248971.31219309036,1000
F_grdp_G_a_v0.02_s0.5,ea0b99b7,8,64888.90778414716,1000
F_grdp_G_a_v0.02_s0.5,ea0b99b7,9,25776.931433043777,240
F_grdp_G_a_v0.02_s0.5,71642c7d,0,58859.04689679232,999
F_grdp_G_a_v0.02_s0.5,71642c7d,1,271185.6812624191,1000
F_grdp_G_a_v0.02_s0.5,71642c7d,2,131844.51489489232,1000
F_grdp_G_a_v0.02_s0.5,71642c7d,3,125206.4049473879,1000
F_grdp_G_a_v0.02_s0.5,71642c7d,4,26352.91671301186,649
F_grdp_G_a_v0.02_s0.5,44441e54,0,671.4848923515281,999
F_grdp_G_a_v0.02_s0.5,44441e54,1,1066.5730256376526,1000
F_grdp_G_a_v0.02_s0.5,44441e54,2,3923.8643047405094,1000
F_grdp_G_a_v0.02_s0.5,44441e54,3,74836.13367473557,1000
F_grdp_G_a_v0.02_s0.5,44441e54,4,20126.488239759812,358
F_grdp_G_a_v0.02_s0.5,8f201368,0,128378.41117539232,999
F_grdp_G_a_v0.02_s0.5,8f201368,1,341838.74136313377,1000
F_grdp_G_a_v0.02_s0.5,8f201368,2,199461.32330631278,1000
F_grdp_G_a_v0.02_s0.5,8f201368,3,60805.6313156103,1000
F_grdp_G_a_v0.02_s0.5,8f201368,4,268437.9008141319,1000
F_grdp_G_a_v0.02_s0.5,8f201368,5,171455.36702545354,1000
F_grdp_G_a_v0.02_s0.5,8f201368,6,31864.511525304835,350
F_grdp_G_a_v0.02_s0.5,1550491d,0,22680.21007332622,999
F_grdp_G_a_v0.02_s0.5,1550491d,1,182499.7271766335,1000
F_grdp_G_a_v0.02_s0.5,1550491d,2,65457.619558963765,1000
F_grdp_G_a_v0.02_s0.5,1550491d,3,7129.124300533497,1000
F_grdp_G_a_v0.02_s0.5,1550491d,4,26251.8724342077,564
F_grdp_G_a_v0.02_s0.5,f49fdea3,0,64314.64954348658,999
F_grdp_G_a_v0.02_s0.5,f49fdea3,1,87884.9659516309,1000
F_grdp_G_a_v0.02_s0.5,f49fdea3,2,41550.77763737851,1000
F_grdp_G_a_v0.02_s0.5,f49fdea3,3,191251.68466768973,1000
F_grdp_G_a_v0.02_s0.5,f49fdea3,4,386309.7720205934,1000
F_grdp_G_a_v0.02_s0.5,f49fdea3,5,110346.86063994207,392
F_grdp_G_a_v0.02_s0.5,9c8375f7,0,4653.498806629784,999
F_grdp_G_a_v0.02_s0.5,9c8375f7,1,64073.78767966214,1000
F_grdp_G_a_v0.02_s0.5,9c8375f7,2,12378.00515932758,1000
F_grdp_G_a_v0.02_s0.5,9c8375f7,3,39495.47060695726,675
F_grdp_G_a_v0.02_s0.5,43e16325,0,10606.801004852388,999
F_grdp_G_a_v0.02_s0.5,43e16325,1,304599.88591631764,1000
F_grdp_G_a_v0.02_s0.5,43e16325,2,1783113.0802293944,1000
F_grdp_G_a_v0.02_s0.5,43e16325,3,2519663.292060674,721
F_grdp_G_a_v0.02_s0.5,0849b4e2,0,51059.13568512877,999
F_grdp_G_a_v0.02_s0.5,0849b4e2,1,155748.1873910464,1000
F_grdp_G_a_v0.02_s0.5,0849b4e2,2,14232.560651501313,1000
F_grdp_G_a_v0.02_s0.5,0849b4e2,3,64695.61941234976,1000
F_grdp_G_a_v0.02_s0.5,0849b4e2,4,512347.2519977332,1000
F_grdp_G_a_v0.02_s0.5,0849b4e2,5,593893.6237436777,538
F_grdp_G_a_v0.02_s0.5,3690a146,0,57161.31003573232,999
F_grdp_G_a_v0.02_s0.5,3690a146,1,31028.991774496048,1000
F_grdp_G_a_v0.02_s0.5,3690a146,2,8637.232996634017,1000
F_grdp_G_a_v0.02_s0.5,3690a146,3,620.1137215350308,1000
F_grdp_G_a_v0.02_s0.5,3690a146,4,47.49464296235177,74
F_grdp_G_a_v0.02_s0.5,a0e92ed6,0,11118.508441304279,999
F_grdp_G_a_v0.02_s0.5,a0e92ed6,1,3003.4337524030548,1000
F_grdp_G_a_v0.02_s0.5,a0e92ed6,2,17505.246859188275,1000
F_grdp_G_a_v0.02_s0.5,a0e92ed6,3,8849.843937988884,1000
F_grdp_G_a_v0.02_s0.5,a0e92ed6,4,38398.02487980367,898
F_grdp_G_a_v0.02_s0.5,a15bc102,0,5520.478134115601,999
F_grdp_G_a_v0.02_s0.5,a15bc102,1,23694.237708519082,1000
F_grdp_G_a_v0.02_s0.5,a15bc102,2,21170.360817590154,1000
F_grdp_G_a_v0.02_s0.5,a15bc102,3,4807.490560334005,237
F_grdp_G_a_v0.02_s0.5,69c1bdad,0,5370.246498630669,999
F_grdp_G_a_v0.02_s0.5,69c1bdad,1,54488.678909774855,1000
F_grdp_G_a_v0.02_s0.5,69c1bdad,2,31339.484995967912,715
F_grdp_G_a_v0.02_s0.5,f88ddb26,0,83703.12507836989,999
F_grdp_G_a_v0.02_s0.5,f88ddb26,1,10910.192295538374,1000
F_grdp_G_a_v0.02_s0.5,f88ddb26,2,125931.41940375147,1000
F_grdp_G_a_v0.02_s0.5,f88ddb26,3,32347.160934474774,1000
F_grdp_G_a_v0.02_s0.5,f88ddb26,4,7933.994136838618,991
F_grdp_G_a_v0.02_s0.5,c1708b88,0,20262.890324829023,999
F_grdp_G_a_v0.02_s0.5,c1708b88,1,25323.10468993372,1000
F_grdp_G_a_v0.02_s0.5,c1708b88,2,193905.64733004657,1000
F_grdp_G_a_v0.02_s0.5,c1708b88,3,34220.511501680885,1000
F_grdp_G_a_v0.02_s0.5,c1708b88,4,721.5033994739058,1000
F_grdp_G_a_v0.02_s0.5,c1708b88,5,37821.3829929206,1000
F_grdp_G_a_v0.02_s0.5,c1708b88,6,1394.2857331578507,316
F_grdp_G_a_v0.02_s0.5,71ccf778,0,21380.860455410046,999
F_grdp_G_a_v0.02_s0.5,71ccf778,1,100604.07780606426,1000
F_grdp_G_a_v0.02_s0.5,71ccf778,2,45476.99272732267,699
F_grdp_G_a_v0.02_s0.5,1a68190b,0,41987.203037239524,999
F_grdp_G_a_v0.02_s0.5,1a68190b,1,368084.7259517516,1000
F_grdp_G_a_v0.02_s0.5,1a68190b,2,308639.87528293714,1000
F_grdp_G_a_v0.02_s0.5,1a68190b,3,10830.171496940748,1000
F_grdp_G_a_v0.02_s0.5,1a68190b,4,17737.359870486267,475
F_grdp_G_a_v0.02_s0.5,1aaf1da0,0,5658.882577238819,999
F_grdp_G_a_v0.02_s0.5,1aaf1da0,1,20691.58597097042,1000
F_grdp_G_a_v0.02_s0.5,1aaf1da0,2,211550.83480795685,1000
F_grdp_G_a_v0.02_s0.5,1aaf1da0,3,36415.16971974901,1000
F_grdp_G_a_v0.02_s0.5,1aaf1da0,4,72697.27609805629,805
F_grdp_G_a_v0.02_s0.5,015fe0d2,0,3064.9417355353153,999
F_grdp_G_a_v0.02_s0.5,015fe0d2,1,92985.58246997921,1000
F_grdp_G_a_v0.02_s0.5,015fe0d2,2,452229.21394845675,1000
F_grdp_G_a_v0.02_s0.5,015fe0d2,3,214875.4432522124,1000
F_grdp_G_a_v0.02_s0.5,015fe0d2,4,33750.578157367745,297
F_grdp_G_a_v0.02_s0.5,d4f60a28,0,29192.005016390107,999
F_grdp_G_a_v0.02_s0.5,d4f60a28,1,50950.34825822186,1000
F_grdp_G_a_v0.02_s0.5,d4f60a28,2,69912.50812716845,1000
F_grdp_G_a_v0.02_s0.5,d4f60a28,3,92346.62003841695,1000
F_grdp_G_a_v0.02_s0.5,d4f60a28,4,176658.87079826643,502
F_grdp_G_a_v0.02_s0.5,060ab2b8,0,43920.510599998874,999
F_grdp_G_a_v0.02_s0.5,060ab2b8,1,37339.92899999979,1000
F_grdp_G_a_v0.02_s0.5,060ab2b8,2,73291.05650000015,1000
F_grdp_G_a_v0.02_s0.5,060ab2b8,3,95438.80739999918,1000
F_grdp_G_a_v0.02_s0.5,060ab2b8,4,34007.20730000034,1000
F_grdp_G_a_v0.02_s0.5,060ab2b8,5,228113.4787000002,1000
F_grdp_G_a_v0.02_s0.5,060ab2b8,6,90750.2361999998,259
F_grdp_G_a_v0.02_s0.5,e85074c5,0,66951.46000073673,999
F_grdp_G_a_v0.02_s0.5,e85074c5,1,98559.2692667514,1000
F_grdp_G_a_v0.02_s0.5,e85074c5,2,72513.76295931113,1000
F_grdp_G_a_v0.02_s0.5,e85074c5,3,60102.747535231574,1000
F_grdp_G_a_v0.02_s0.5,e85074c5,4,80088.0236263693,1000
F_grdp_G_a_v0.02_s0.5,e85074c5,5,54494.950578471246,676
F_grdp_G_a_v0.02_s0.5,eba6605e,0,169053.83090001944,999
F_grdp_G_a_v0.02_s0.5,eba6605e,1,18575.315700004274,1000
F_grdp_G_a_v0.02_s0.5,eba6605e,2,27088.600900006317,1000
F_grdp_G_a_v0.02_s0.5,eba6605e,3,477448.4914000354,1000
F_grdp_G_a_v0.02_s0.5,eba6605e,4,251793.329900016,411
F_grdp_G_a_v0.02_s0.5,1fdbba44,0,2384.2307740919637,999
F_grdp_G_a_v0.02_s0.5,1fdbba44,1,41799.54941768864,1000
F_grdp_G_a_v0.02_s0.5,1fdbba44,2,74115.7810949686,1000
F_grdp_G_a_v0.02_s0.5,1fdbba44,3,151992.27518049045,1000
F_grdp_G_a_v0.02_s0.5,1fdbba44,4,14418.206382898097,912
F_grdp_G_a_v0.02_s0.5,e4726608,0,4544.210262042276,999
F_grdp_G_a_v0.02_s0.5,e4726608,1,17787.96565882976,1000
F_grdp_G_a_v0.02_s0.5,e4726608,2,8421.421305973276,1000
F_grdp_G_a_v0.02_s0.5,e4726608,3,9624.111623601784,1000
F_grdp_G_a_v0.02_s0.5,e4726608,4,40340.2725003405,734
F_grdp_G_a_v0.02_s0.5,5def1ce5,0,5108.039331472356,999
F_grdp_G_a_v0.02_s0.5,5def1ce5,1,69409.25815052267,1000
F_grdp_G_a_v0.02_s0.5,5def1ce5,2,88440.83193011317,1000
F_grdp_G_a_v0.02_s0.5,5def1ce5,3,28942.790055813006,1000
F_grdp_G_a_v0.02_s0.5,5def1ce5,4,184170.16470611724,1000
F_grdp_G_a_v0.02_s0.5,5def1ce5,5,30850.58983939647,1000
F_grdp_G_a_v0.02_s0.5,5def1ce5,6,36625.4328218124,444
F_grdp_G_a_v0.02_s0.5,bcebcc5f,0,8725.58514129373,999
F_grdp_G_a_v0.02_s0.5,bcebcc5f,1,10974.06774582984,1000
F_grdp_G_a_v0.02_s0.5,bcebcc5f,2,16577.076166363706,1000
F_grdp_G_a_v0.02_s0.5,bcebcc5f,3,8007.861946637366,1000
F_grdp_G_a_v0.02_s0.5,bcebcc5f,4,4471.425085805695,1000
F_grdp_G_a_v0.02_s0.5,bcebcc5f,5,10456.052359348909,1000
F_grdp_G_a_v0.02_s0.5,bcebcc5f,6,1120.6617109327506,259
F_grdp_G_a_v0.02_s0.5,833af382,0,71719.5130510128,999
F_grdp_G_a_v0.02_s0.5,833af382,1,46496.14480927084,1000
F_grdp_G_a_v0.02_s0.5,833af382,2,120888.55318545157,1000
F_grdp_G_a_v0.02_s0.5,833af382,3,5196.602726155041,629
F_grdp_G_a_v0.02_s0.5,c9e980e8,0,433.30519454621526,999
F_grdp_G_a_v0.02_s0.5,c9e980e8,1,637.3647035815167,1000
F_grdp_G_a_v0.02_s0.5,c9e980e8,2,3103.9505055807927,1000
F_grdp_G_a_v0.02_s0.5,c9e980e8,3,14345.153431651861,1000
F_grdp_G_a_v0.02_s0.5,c9e980e8,4,12706.215924428343,360
F_grdp_G_a_v0.02_s0.5,94d813a4,0,1437.697248977431,999
F_grdp_G_a_v0.02_s0.5,94d813a4,1,84196.9655714297,1000
F_grdp_G_a_v0.02_s0.5,94d813a4,2,177440.96147273318,1000
F_grdp_G_a_v0.02_s0.5,94d813a4,3,617453.9352267418,1000
F_grdp_G_a_v0.02_s0.5,94d813a4,4,298689.4887757015,848
F_grdp_G_a_v0.02_s0.5,481de5fc,0,28120.81789903642,999
F_grdp_G_a_v0.02_s0.5,481de5fc,1,119213.24066316281,1000
F_grdp_G_a_v0.02_s0.5,481de5fc,2,134028.98732748156,1000
F_grdp_G_a_v0.02_s0.5,481de5fc,3,109193.88345606344,1000
F_grdp_G_a_v0.02_s0.5,481de5fc,4,73330.88005585253,1000
F_grdp_G_a_v0.02_s0.5,481de5fc,5,36875.99111140086,953
F_grdp_G_a_v0.02_s0.5,861e71df,0,84115.4396000103,999
F_grdp_G_a_v0.02_s0.5,861e71df,1,10000.650300002913,1000
F_grdp_G_a_v0.02_s0.5,861e71df,2,31779.948399995057,1000
F_grdp_G_a_v0.02_s0.5,861e71df,3,75846.63899999022,1000
F_grdp_G_a_v0.02_s0.5,861e71df,4,22363.81659999558,701
F_grdp_G_a_v0.02_s0.5,d50c649a,0,26846.014025174663,999
F_grdp_G_a_v0.02_s0.5,d50c649a,1,45741.12954777696,1000
F_grdp_G_a_v0.02_s0.5,d50c649a,2,54466.93730517561,1000
F_grdp_G_a_v0.02_s0.5,d50c649a,3,40774.94456998237,1000
F_grdp_G_a_v0.02_s0.5,d50c649a,4,36951.484540520614,874
F_grdp_G_a_v0.02_s0.5,fcfcc902,0,130344.83223038638,999
F_grdp_G_a_v0.02_s0.5,fcfcc902,1,508617.80865657097,1000
F_grdp_G_a_v0.02_s0.5,fcfcc902,2,190373.9944605063,792
F_grdp_G_a_v0.02_s0.5,173ed841,0,4192.516999585334,999
F_grdp_G_a_v0.02_s0.5,173ed841,1,259534.32532163453,1000
F_grdp_G_a_v0.02_s0.5,173ed841,2,465746.65135306504,1000
F_grdp_G_a_v0.02_s0.5,173ed841,3,614217.9083041666,1000
F_grdp_G_a_v0.02_s0.5,173ed841,4,399246.11363001546,884
F_grdp_G_a_v0.02_s0.5,9b9e3b49,0,6413.3175880939225,999
F_grdp_G_a_v0.02_s0.5,9b9e3b49,1,10168.584928428352,1000
F_grdp_G_a_v0.02_s0.5,9b9e3b49,2,37641.750005934475,1000
F_grdp_G_a_v0.02_s0.5,9b9e3b49,3,94945.35095454878,1000
F_grdp_G_a_v0.02_s0.5,9b9e3b49,4,21669.47819125915,1000
F_grdp_G_a_v0.02_s0.5,9b9e3b49,5,59.15211415467316,119
F_grdp_G_a_v0.02_s0.5,2be5c96a,0,20500.95262786954,999
F_grdp_G_a_v0.02_s0.5,2be5c96a,1,32080.428665132527,1000
F_grdp_G_a_v0.02_s0.5,2be5c96a,2,38869.18001152281,1000
F_grdp_G_a_v0.02_s0.5,2be5c96a,3,107461.57715919896,1000
F_grdp_G_a_v0.02_s0.5,2be5c96a,4,4757.2914976847815,211
F_grdp_G_a_v0.02_s0.5,9dede370,0,13158.593598221098,999
F_grdp_G_a_v0.02_s0.5,9dede370,1,7905.873871817682,1000
F_grdp_G_a_v0.02_s0.5,9dede370,2,62980.35027763134,1000
F_grdp_G_a_v0.02_s0.5,9dede370,3,291592.1785634289,1000
F_grdp_G_a_v0.02_s0.5,9dede370,4,303071.6925208262,1000
F_grdp_G_a_v0.02_s0.5,9dede370,5,207987.57656529258,1000
F_grdp_G_a_v0.02_s0.5,9dede370,6,144148.73161518836,298
F_grdp_G_a_v0.02_s0.5,2fe023be,0,40808.77483936039,999
F_grdp_G_a_v0.02_s0.5,2fe023be,1,169814.7185961022,1000
F_grdp_G_a_v0.02_s0.5,2fe023be,2,152718.12235078312,1000
F_grdp_G_a_v0.02_s0.5,2fe023be,3,15311.25233835764,1000
F_grdp_G_a_v0.02_s0.5,2fe023be,4,2722.1741599199577,222
F_grdp_G_a_v0.02_s0.5,ac6f01d5,0,17196.316544076708,999
F_grdp_G_a_v0.02_s0.5,ac6f01d5,1,687239.8068244507,1000
F_grdp_G_a_v0.02_s0.5,ac6f01d5,2,142231.63063251757,1000
F_grdp_G_a_v0.02_s0.5,ac6f01d5,3,52893.22893114654,1000
F_grdp_G_a_v0.02_s0.5,ac6f01d5,4,82971.45234865147,1000
F_grdp_G_a_v0.02_s0.5,ac6f01d5,5,391.5824242012785,5
F_grdp_G_a_v0.02_s0.5,ff0aea78,0,143562.9036071865,999
F_grdp_G_a_v0.02_s0.5,ff0aea78,1,337806.93769014254,1000
F_grdp_G_a_v0.02_s0.5,ff0aea78,2,240229.29036230824,1000
F_grdp_G_a_v0.02_s0.5,ff0aea78,3,70394.62021391015,262
F_grdp_G_a_v0.02_s0.5,0bbf5e67,0,2814.7763210177886,999
F_grdp_G_a_v0.02_s0.5,0bbf5e67,1,26088.18250696798,1000
F_grdp_G_a_v0.02_s0.5,0bbf5e67,2,2715.295894589463,1000
F_grdp_G_a_v0.02_s0.5,0bbf5e67,3,58370.63952801429,1000
F_grdp_G_a_v0.02_s0.5,0bbf5e67,4,23873.54492860477,299
F_grdp_G_a_v0.02_s0.5,53134831,0,69466.58978071822,999
F_grdp_G_a_v0.02_s0.5,53134831,1,145915.4227025503,1000
F_grdp_G_a_v0.02_s0.5,53134831,2,263102.959889993,1000
F_grdp_G_a_v0.02_s0.5,53134831,3,390226.3349786822,1000
F_grdp_G_a_v0.02_s0.5,53134831,4,197066.14726431028,1000
F_grdp_G_a_v0.02_s0.5,53134831,5,14826.50890460059,127
F_grdp_G_a_v0.02_s0.5,84c3b497,0,70774.40107719014,999
F_grdp_G_a_v0.02_s0.5,84c3b497,1,154365.36158092626,1000
F_grdp_G_a_v0.02_s0.5,84c3b497,2,86454.6679967053,1000
F_grdp_G_a_v0.02_s0.5,84c3b497,3,72615.67510033616,1000
F_grdp_G_a_v0.02_s0.5,84c3b497,4,76421.79527891862,1000
F_grdp_G_a_v0.02_s0.5,84c3b497,5,574.5112473967239,313
F_grdp_G_a_v0.02_s0.5,bb682ebd,0,5596.143618400182,999
F_grdp_G_a_v0.02_s0.5,bb682ebd,1,27358.09021045091,1000
F_grdp_G_a_v0.02_s0.5,bb682ebd,2,365669.54572866217,1000
F_grdp_G_a_v0.02_s0.5,bb682ebd,3,588415.7470240328,1000
F_grdp_G_a_v0.02_s0.5,bb682ebd,4,98086.06700822072,140
F_grdp_G_a_v0.02_s0.5,d924e971,0,20315.714263329337,999
F_grdp_G_a_v0.02_s0.5,d924e971,1,321418.66465985164,1000
F_grdp_G_a_v0.02_s0.5,d924e971,2,1621452.445940289,1000
F_grdp_G_a_v0.02_s0.5,d924e971,3,529610.3152539075,185
F_grdp_G_a_v0.02_s0.5,62569ae3,0,42697.37405481219,999
F_grdp_G_a_v0.02_s0.5,62569ae3,1,4806.4962648241035,1000
F_grdp_G_a_v0.02_s0.5,62569ae3,2,139065.4756381574,1000
F_grdp_G_a_v0.02_s0.5,62569ae3,3,202570.0521204201,589
F_grdp_G_a_v0.02_s0.5,a0b83014,0,4565.931706845681,999
F_grdp_G_a_v0.02_s0.5,a0b83014,1,1588.6229960692237,1000
F_grdp_G_a_v0.02_s0.5,a0b83014,2,6886.134390453701,1000
F_grdp_G_a_v0.02_s0.5,a0b83014,3,34780.93049528108,1000
F_grdp_G_a_v0.02_s0.5,a0b83014,4,30686.23938711503,1000
F_grdp_G_a_v0.02_s0.5,a0b83014,5,892.0545064641381,36
F_grdp_G_a_v0.02_s0.5,58fa8486,0,819.9018853817654,999
F_grdp_G_a_v0.02_s0.5,58fa8486,1,13751.433028001687,1000
F_grdp_G_a_v0.02_s0.5,58fa8486,2,24229.1823172465,1000
F_grdp_G_a_v0.02_s0.5,58fa8486,3,123340.59878931048,1000
F_grdp_G_a_v0.02_s0.5,58fa8486,4,25553.07421316838,476
F_grdp_G_a_v0.02_s0.5,d1ecf309,0,11606.599837652559,999
F_grdp_G_a_v0.02_s0.5,d1ecf309,1,36706.4940098515,1000
F_grdp_G_a_v0.02_s0.5,d1ecf309,2,184208.31764317985,1000
F_grdp_G_a_v0.02_s0.5,d1ecf309,3,313340.3920360502,1000
F_grdp_G_a_v0.02_s0.5,d1ecf309,4,177931.71737647068,1000
F_grdp_G_a_v0.02_s0.5,d1ecf309,5,453111.9266873002,1000
F_grdp_G_a_v0.02_s0.5,d1ecf309,6,107300.28311807834,169
F_grdp_G_a_v0.02_s0.5,52f1e77a,0,63178.990849166636,999
F_grdp_G_a_v0.02_s0.5,52f1e77a,1,78091.18208945401,1000
F_grdp_G_a_v0.02_s0.5,52f1e77a,2,55426.59918872464,1000
F_grdp_G_a_v0.02_s0.5,52f1e77a,3,35668.30872230495,1000
F_grdp_G_a_v0.02_s0.5,52f1e77a,4,15361.03358033657,443
F_grdp_G_a_v0.02_s0.5,7271dd80,0,17459.09970000854,999
F_grdp_G_a_v0.02_s0.5,7271dd80,1,16661.731400008517,1000
F_grdp_G_a_v0.02_s0.5,7271dd80,2,7087.4261000075885,1000
F_grdp_G_a_v0.02_s0.5,7271dd80,3,343.6561999987734,1000
F_grdp_G_a_v0.02_s0.5,7271dd80,4,1062.747600001512,341
F_grdp_G_a_v0.02_s0.5,fb73b13a,0,7312.522131786369,999
F_grdp_G_a_v0.02_s0.5,fb73b13a,1,12346.925648633656,1000
F_grdp_G_a_v0.02_s0.5,fb73b13a,2,15555.043170311767,1000
F_grdp_G_a_v0.02_s0.5,fb73b13a,3,9444.88135431525,1000
F_grdp_G_a_v0.02_s0.5,fb73b13a,4,29513.449400775844,1000
F_grdp_G_a_v0.02_s0.5,fb73b13a,5,161866.8649767617,641
F_grdp_G_a_v0.02_s0.5,b7fea9ef,0,7669.760625616208,999
F_grdp_G_a_v0.02_s0.5,b7fea9ef,1,104433.26275310913,1000
F_grdp_G_a_v0.02_s0.5,b7fea9ef,2,101518.4354162421,1000
F_grdp_G_a_v0.02_s0.5,b7fea9ef,3,1517258.6967694375,867
F_grdp_G_a_v0.02_s0.5,4caa7289,0,51925.23623975395,999
F_grdp_G_a_v0.02_s0.5,4caa7289,1,14290.812066646811,1000
F_grdp_G_a_v0.02_s0.5,4caa7289,2,13374.454217165203,1000
F_grdp_G_a_v0.02_s0.5,4caa7289,3,13515.890343307607,1000
F_grdp_G_a_v0.02_s0.5,4caa7289,4,1938.6538862212496,1000
F_grdp_G_a_v0.02_s0.5,4caa7289,5,217.55278821034324,397
F_grdp_G_a_v0.02_s0.5,aed44918,0,29794.055697144642,999
F_grdp_G_a_v0.02_s0.5,aed44918,1,124448.15164373828,1000
F_grdp_G_a_v0.02_s0.5,aed44918,2,50734.526492910845,720
F_grdp_G_a_v0.02_s0.5,e161bd0c,0,2797.471237976616,999
F_grdp_G_a_v0.02_s0.5,e161bd0c,1,13660.139718928007,1000
F_grdp_G_a_v0.02_s0.5,e161bd0c,2,44263.66661904063,950
F_grdp_G_a_v0.02_s0.5,633774dc,0,8938.323707097534,999
F_grdp_G_a_v0.02_s0.5,633774dc,1,34303.663894738726,1000
F_grdp_G_a_v0.02_s0.5,633774dc,2,254411.76424954206,1000
F_grdp_G_a_v0.02_s0.5,633774dc,3,307220.07148534956,1000
F_grdp_G_a_v0.02_s0.5,633774dc,4,327203.5330064898,1000
F_grdp_G_a_v0.02_s0.5,633774dc,5,359028.0808547922,1000
F_grdp_G_a_v0.02_s0.5,633774dc,6,221138.00661298464,234
F_grdp_G_a_v0.02_s0.5,09053135,0,81497.2626792081,999
F_grdp_G_a_v0.02_s0.5,09053135,1,204874.1981775603,1000
F_grdp_G_a_v0.02_s0.5,09053135,2,216630.5492953602,1000
F_grdp_G_a_v0.02_s0.5,09053135,3,183567.434683979,1000
F_grdp_G_a_v0.02_s0.5,09053135,4,171315.14981696598,1000
F_grdp_G_a_v0.02_s0.5,09053135,5,387094.65740494477,908
F_grdp_G_a_v0.02_s0.5,46d24a09,0,159531.27783837286,999
F_grdp_G_a_v0.02_s0.5,46d24a09,1,204945.3757325035,1000
F_grdp_G_a_v0.02_s0.5,46d24a09,2,693265.620661319,1000
F_grdp_G_a_v0.02_s0.5,46d24a09,3,287712.0211072575,1000
F_grdp_G_a_v0.02_s0.5,46d24a09,4,28569.834522433805,450
F_grdp_G_a_v0.02_s0.5,1fee2b62,0,11643.487324521624,999
F_grdp_G_a_v0.02_s0.5,1fee2b62,1,24829.156063791164,1000
F_grdp_G_a_v0.02_s0.5,1fee2b62,2,153327.1432411545,1000
F_grdp_G_a_v0.02_s0.5,1fee2b62,3,128625.84055377377,1000
F_grdp_G_a_v0.02_s0.5,1fee2b62,4,32090.786005427337,642
F_grdp_G_a_v0.02_s0.5,310c71a5,0,9210.082162693652,999
F_grdp_G_a_v0.02_s0.5,310c71a5,1,1946.1544734969116,1000
F_grdp_G_a_v0.02_s0.5,310c71a5,2,35603.83496679497,1000
F_grdp_G_a_v0.02_s0.5,310c71a5,3,10317.94713314819,1000
F_grdp_G_a_v0.02_s0.5,310c71a5,4,968.8057326234145,1000
F_grdp_G_a_v0.02_s0.5,310c71a5,5,4796.471148554646,246
F_grdp_G_a_v0.02_s0.5,a48640d9,0,16828.130303182905,999
F_grdp_G_a_v0.02_s0.5,a48640d9,1,202909.44723475887,1000
F_grdp_G_a_v0.02_s0.5,a48640d9,2,432097.38010500086,1000
F_grdp_G_a_v0.02_s0.5,a48640d9,3,535712.6296306809,1000
F_grdp_G_a_v0.02_s0.5,a48640d9,4,242832.37569253906,533
F_grdp_G_a_v0.02_s0.5,43c7f85a,0,485.1630007297405,999
F_grdp_G_a_v0.02_s0.5,43c7f85a,1,3345.765984560267,1000
F_grdp_G_a_v0.02_s0.5,43c7f85a,2,64976.78831392054,1000
F_grdp_G_a_v0.02_s0.5,43c7f85a,3,187405.65504485962,1000
F_grdp_G_a_v0.02_s0.5,43c7f85a,4,157909.15508151345,1000
F_grdp_G_a_v0.02_s0.5,43c7f85a,5,39033.09116266041,979
F_grdp_G_a_v0.02_s0.5,2d2d0c6b,0,27957.949481276642,999
F_grdp_G_a_v0.02_s0.5,2d2d0c6b,1,89831.36670005857,1000
F_grdp_G_a_v0.02_s0.5,2d2d0c6b,2,25430.162074638178,1000
F_grdp_G_a_v0.02_s0.5,2d2d0c6b,3,75793.55827763044,1000
F_grdp_G_a_v0.02_s0.5,2d2d0c6b,4,107368.25285879345,1000
F_grdp_G_a_v0.02_s0.5,2d2d0c6b,5,3811.3742274024744,46
F_grdp_G_a_v0.02_s0.5,eb06a4e7,0,1347.2378116677676,999
F_grdp_G_a_v0.02_s0.5,eb06a4e7,1,7143.143246104835,1000
F_grdp_G_a_v0.02_s0.5,eb06a4e7,2,8359.29764236854,1000
F_grdp_G_a_v0.02_s0.5,eb06a4e7,3,108453.96826782222,1000
F_grdp_G_a_v0.02_s0.5,eb06a4e7,4,47152.57984510008,536
F_grdp_G_a_v0.02_s0.5,1944513c,0,2122.934546675275,999
F_grdp_G_a_v0.02_s0.5,1944513c,1,46193.28417600072,1000
F_grdp_G_a_v0.02_s0.5,1944513c,2,38498.495445207394,1000
F_grdp_G_a_v0.02_s0.5,1944513c,3,15767.611468427223,1000
F_grdp_G_a_v0.02_s0.5,1944513c,4,5243.199286622064,723
F_grdp_G_a_v0.02_s0.5,a6b8ac67,0,22697.263031206217,999
F_grdp_G_a_v0.02_s0.5,a6b8ac67,1,40165.0995145004,1000
F_grdp_G_a_v0.02_s0.5,a6b8ac67,2,34184.4928546269,1000
F_grdp_G_a_v0.02_s0.5,a6b8ac67,3,90661.4911808153,1000
F_grdp_G_a_v0.02_s0.5,a6b8ac67,4,127044.46999990483,1000
F_grdp_G_a_v0.02_s0.5,a6b8ac67,5,84780.71036745215,454
F_grdp_G_a_v0.02_s0.5,a76db406,0,27986.82905966862,999
F_grdp_G_a_v0.02_s0.5,a76db406,1,90544.81207685045,1000
F_grdp_G_a_v0.02_s0.5,a76db406,2,304195.37729210546,1000
F_grdp_G_a_v0.02_s0.5,a76db406,3,305617.9150061085,1000
F_grdp_G_a_v0.02_s0.5,a76db406,4,377803.7842206756,673
F_grdp_G_a_v0.02_s0.5,eafb863e,0,10346.167359614159,999
F_grdp_G_a_v0.02_s0.5,eafb863e,1,82638.77138991779,1000
F_grdp_G_a_v0.02_s0.5,eafb863e,2,8254.396783538801,1000
F_grdp_G_a_v0.02_s0.5,eafb863e,3,54426.98661553168,569
F_grdp_G_a_v0.02_s0.5,add9c322,0,13171.812746634832,999
F_grdp_G_a_v0.02_s0.5,add9c322,1,6391.762736353927,1000
F_grdp_G_a_v0.02_s0.5,add9c322,2,33084.38590102939,1000
F_grdp_G_a_v0.02_s0.5,add9c322,3,20042.111155942,933
F_grdp_G_a_v0.02_s0.5,f56d3ace,0,20080.34311354862,999
F_grdp_G_a_v0.02_s0.5,f56d3ace,1,215228.37628702717,1000
F_grdp_G_a_v0.02_s0.5,f56d3ace,2,209254.01967432254,1000
F_grdp_G_a_v0.02_s0.5,f56d3ace,3,159867.9832670772,1000
F_grdp_G_a_v0.02_s0.5,f56d3ace,4,175632.6215327493,1000
F_grdp_G_a_v0.02_s0.5,f56d3ace,5,62700.216245709926,433
F_grdp_G_a_v0.02_s0.5,7c607683,0,9705.087905101656,999
F_grdp_G_a_v0.02_s0.5,7c607683,1,4540.263967840525,1000
F_grdp_G_a_v0.02_s0.5,7c607683,2,53654.59325064493,1000
F_grdp_G_a_v0.02_s0.5,7c607683,3,61906.61837793645,1000
F_grdp_G_a_v0.02_s0.5,7c607683,4,71440.16101373396,1000
F_grdp_G_a_v0.02_s0.5,7c607683,5,38957.04300284895,329
F_grdp_G_a_v0.02_s0.5,b7cdcecb,0,860.9553549818613,999
F_grdp_G_a_v0.02_s0.5,b7cdcecb,1,12854.02781967615,1000
F_grdp_G_a_v0.02_s0.5,b7cdcecb,2,2517.6461529593976,1000
F_grdp_G_a_v0.02_s0.5,b7cdcecb,3,1247.4485697618684,1000
F_grdp_G_a_v0.02_s0.5,b7cdcecb,4,5925.209021942413,1000
F_grdp_G_a_v0.02_s0.5,b7cdcecb,5,51511.377469077335,1000
F_grdp_G_a_v0.02_s0.5,b7cdcecb,6,21211.073458801173,169
F_grdp_G_a_v0.02_s0.5,a5e6f7dc,0,108236.51340305175,999
F_grdp_G_a_v0.02_s0.5,a5e6f7dc,1,77850.56152901828,1000
F_grdp_G_a_v0.02_s0.5,a5e6f7dc,2,86526.05133988032,1000
F_grdp_G_a_v0.02_s0.5,a5e6f7dc,3,42386.48616859979,1000
F_grdp_G_a_v0.02_s0.5,a5e6f7dc,4,101552.21232186361,1000
F_grdp_G_a_v0.02_s0.5,a5e6f7dc,5,89788.56499878487,650
F_grdp_G_a_v0.02_s0.5,4ed93db6,0,10891.624673130878,999
F_grdp_G_a_v0.02_s0.5,4ed93db6,1,30632.779131421554,1000
F_grdp_G_a_v0.02_s0.5,4ed93db6,2,8471.585872538448,1000
F_grdp_G_a_v0.02_s0.5,4ed93db6,3,2201.599817432248,1000
F_grdp_G_a_v0.02_s0.5,4ed93db6,4,4657.252666472063,658
F_grdp_G_a_v0.02_s0.5,26623a50,0,9365.161809721796,999
F_grdp_G_a_v0.02_s0.5,26623a50,1,127298.39842651457,1000
F_grdp_G_a_v0.02_s0.5,26623a50,2,157887.5038506514,1000
F_grdp_G_a_v0.02_s0.5,26623a50,3,16291.432874303116,1000
F_grdp_G_a_v0.02_s0.5,26623a50,4,45208.41561901764,1000
F_grdp_G_a_v0.02_s0.5,26623a50,5,92051.62424196835,736
F_grdp_G_a_v0.02_s0.5,eeed308d,0,4116.537149525645,999
F_grdp_G_a_v0.02_s0.5,eeed308d,1,7391.837198875872,1000
F_grdp_G_a_v0.02_s0.5,eeed308d,2,2905.9516686492866,1000
F_grdp_G_a_v0.02_s0.5,eeed308d,3,1219.3483414352029,900
F_grdp_G_a_v0.02_s0.5,8d5d46d7,0,26941.466665178483,999
F_grdp_G_a_v0.02_s0.5,8d5d46d7,1,151209.0919333406,1000
F_grdp_G_a_v0.02_s0.5,8d5d46d7,2,263548.08011429064,1000
F_grdp_G_a_v0.02_s0.5,8d5d46d7,3,161266.27110855636,1000
F_grdp_G_a_v0.02_s0.5,8d5d46d7,4,51985.16013776559,1000
F_grdp_G_a_v0.02_s0.5,8d5d46d7,5,12077.121245114004,756
F_grdp_G_a_v0.02_s0.5,61f27424,0,93.2600655276893,999
F_grdp_G_a_v0.02_s0.5,61f27424,1,475.22042049061866,1000
F_grdp_G_a_v0.02_s0.5,61f27424,2,4006.70118721514,1000
F_grdp_G_a_v0.02_s0.5,61f27424,3,159891.61122298345,1000
F_grdp_G_a_v0.02_s0.5,61f27424,4,360552.7728414639,1000
F_grdp_G_a_v0.02_s0.5,61f27424,5,247687.47028251408,1000
F_grdp_G_a_v0.02_s0.5,61f27424,6,39844.280714140325,221
F_grdp_G_a_v0.02_s0.5,3bfee975,0,3224.5786404102428,999
F_grdp_G_a_v0.02_s0.5,3bfee975,1,18940.611309616026,1000
F_grdp_G_a_v0.02_s0.5,3bfee975,2,23472.870998148883,1000
F_grdp_G_a_v0.02_s0.5,3bfee975,3,38858.75051857391,604
F_grdp_G_a_v0.02_s0.5,efe96181,0,1734759.0023000569,999
F_grdp_G_a_v0.02_s0.5,efe96181,1,2104147.912100062,1000
F_grdp_G_a_v0.02_s0.5,efe96181,2,2127846.059700058,1000
F_grdp_G_a_v0.02_s0.5,efe96181,3,2216215.8906000643,1000
F_grdp_G_a_v0.02_s0.5,efe96181,4,26524.293900000906,13
F_grdp_G_a_v0.02_s0.5,8bb9c1e6,0,2958.847766233819,999
F_grdp_G_a_v0.02_s0.5,8bb9c1e6,1,18393.908938078963,1000
F_grdp_G_a_v0.02_s0.5,8bb9c1e6,2,33881.17835622519,1000
F_grdp_G_a_v0.02_s0.5,8bb9c1e6,3,88004.83982131354,1000
F_grdp_G_a_v0.02_s0.5,8bb9c1e6,4,117367.68817757908,547
F_grdp_G_a_v0.02_s0.5,896d15b9,0,4810.224642778817,999
F_grdp_G_a_v0.02_s0.5,896d15b9,1,170253.63668154707,1000
F_grdp_G_a_v0.02_s0.5,896d15b9,2,1138515.8126686586,1000
F_grdp_G_a_v0.02_s0.5,896d15b9,3,1721497.797199284,1000
F_grdp_G_a_v0.02_s0.5,896d15b9,4,442654.7466678086,280
F_grdp_G_a_v0.02_s0.5,374be387,0,13448.76869104042,999
F_grdp_G_a_v0.02_s0.5,374be387,1,115416.66851556473,1000
F_grdp_G_a_v0.02_s0.5,374be387,2,82964.5154222045,1000
F_grdp_G_a_v0.02_s0.5,374be387,3,28887.576323664664,1000
F_grdp_G_a_v0.02_s0.5,374be387,4,7318.3545588274765,1000
F_grdp_G_a_v0.02_s0.5,374be387,5,9581.037944569747,1000
F_grdp_G_a_v0.02_s0.5,374be387,6,30625.058110523914,1000
F_grdp_G_a_v0.02_s0.5,374be387,7,43383.74819462221,1000
F_grdp_G_a_v0.02_s0.5,374be387,8,84089.2682674979,1000
F_grdp_G_a_v0.02_s0.5,374be387,9,109197.08081241176,966
F_grdp_G_a_v0.02_s0.5,9a8ae0d6,0,73428.81706199556,999
F_grdp_G_a_v0.02_s0.5,9a8ae0d6,1,237558.11361962938,1000
F_grdp_G_a_v0.02_s0.5,9a8ae0d6,2,246960.95092349622,1000
F_grdp_G_a_v0.02_s0.5,9a8ae0d6,3,153540.58864049305,1000
F_grdp_G_a_v0.02_s0.5,9a8ae0d6,4,53634.81400350107,1000
F_grdp_G_a_v0.02_s0.5,9a8ae0d6,5,161770.76087288183,1000
F_grdp_G_a_v0.02_s0.5,9a8ae0d6,6,15367.88387530889,295
F_grdp_G_a_v0.02_s0.5,ffefef30,0,2711.3516521515216,999
F_grdp_G_a_v0.02_s0.5,ffefef30,1,12717.004974667827,1000
F_grdp_G_a_v0.02_s0.5,ffefef30,2,1418.433295027104,1000
F_grdp_G_a_v0.02_s0.5,ffefef30,3,2525.2099211788263,1000
F_grdp_G_a_v0.02_s0.5,ffefef30,4,4555.554190269609,571
F_grdp_G_a_v0.02_s0.5,46a7190b,0,790.7645387588447,999
F_grdp_G_a_v0.02_s0.5,46a7190b,1,4947.203874990287,1000
F_grdp_G_a_v0.02_s0.5,46a7190b,2,14764.14047985439,1000
F_grdp_G_a_v0.02_s0.5,46a7190b,3,53549.81318542582,1000
F_grdp_G_a_v0.02_s0.5,46a7190b,4,3671.8708568342663,216
F_grdp_G_a_v0.02_s0.5,8b12bab6,0,6802.7161773475555,999
F_grdp_G_a_v0.02_s0.5,8b12bab6,1,25485.624327179787,1000
F_grdp_G_a_v0.02_s0.5,8b12bab6,2,8394.000599566276,1000
F_grdp_G_a_v0.02_s0.5,8b12bab6,3,96370.38865990318,1000
F_grdp_G_a_v0.02_s0.5,8b12bab6,4,286899.725215745,1000
F_grdp_G_a_v0.02_s0.5,8b12bab6,5,103918.43989559668,235
F_grdp_G_a_v0.02_s0.5,9ffce529,0,6166.563510371006,999
F_grdp_G_a_v0.02_s0.5,9ffce529,1,645.7289957520001,1000
F_grdp_G_a_v0.02_s0.5,9ffce529,2,51239.483462712575,1000
F_grdp_G_a_v0.02_s0.5,9ffce529,3,56181.5304540353,1000
F_grdp_G_a_v0.02_s0.5,9ffce529,4,60406.79673557892,1000
F_grdp_G_a_v0.02_s0.5,9ffce529,5,36554.73248127741,213
F_grdp_G_a_v0.02_s0.5,32fe84c9,0,77314.28992252596,999
F_grdp_G_a_v0.02_s0.5,32fe84c9,1,214381.4025083221,1000
F_grdp_G_a_v0.02_s0.5,32fe84c9,2,458738.54564466,1000
F_grdp_G_a_v0.02_s0.5,32fe84c9,3,575340.6549590278,1000
F_grdp_G_a_v0.02_s0.5,32fe84c9,4,1016504.3035457017,1000
F_grdp_G_a_v0.02_s0.5,32fe84c9,5,645982.3269528982,1000
F_grdp_G_a_v0.02_s0.5,32fe84c9,6,460216.60784525966,409
F_grdp_G_a_v0.02_s0.5,f5d8aab6,0,17106.36885974215,999
F_grdp_G_a_v0.02_s0.5,f5d8aab6,1,116826.79918570259,1000
F_grdp_G_a_v0.02_s0.5,f5d8aab6,2,108052.41122072947,1000
F_grdp_G_a_v0.02_s0.5,f5d8aab6,3,283174.4757986409,1000
F_grdp_G_a_v0.02_s0.5,f5d8aab6,4,99311.8550953006,445
F_grdp_G_a_v0.02_s0.5,198a5607,0,1109.6524309771594,999
F_grdp_G_a_v0.02_s0.5,198a5607,1,4273.145336207395,1000
F_grdp_G_a_v0.02_s0.5,198a5607,2,11159.979921786531,1000
F_grdp_G_a_v0.02_s0.5,198a5607,3,11615.582957990513,1000
F_grdp_G_a_v0.02_s0.5,198a5607,4,12549.767622632588,1000
F_grdp_G_a_v0.02_s0.5,198a5607,5,20215.541099032238,1000
F_grdp_G_a_v0.02_s0.5,198a5607,6,25963.877286763865,252
F_grdp_G_a_v0.02_s0.5,5542c301,0,5171.398964687467,999
F_grdp_G_a_v0.02_s0.5,5542c301,1,7852.791371446559,1000
F_grdp_G_a_v0.02_s0.5,5542c301,2,138940.36746459967,1000
F_grdp_G_a_v0.02_s0.5,5542c301,3,155462.10874489267,592
F_grdp_G_a_v0.02_s0.5,10b89021,0,32951.55333025175,999
F_grdp_G_a_v0.02_s0.5,10b89021,1,207468.7248205946,1000
F_grdp_G_a_v0.02_s0.5,10b89021,2,209478.37727896194,1000
F_grdp_G_a_v0.02_s0.5,10b89021,3,360935.5257603528,1000
F_grdp_G_a_v0.02_s0.5,10b89021,4,483680.40601360414,1000
F_grdp_G_a_v0.02_s0.5,10b89021,5,148148.44275863463,415
F_grdp_G_a_v0.02_s0.5,9426ec1e,0,827.2995922189497,999
F_grdp_G_a_v0.02_s0.5,9426ec1e,1,47509.10559608695,1000
F_grdp_G_a_v0.02_s0.5,9426ec1e,2,117426.04424963435,533
F_grdp_G_a_v0.02_s0.5,6e9ccd38,0,54134.87920773909,999
F_grdp_G_a_v0.02_s0.5,6e9ccd38,1,289944.74701401923,1000
F_grdp_G_a_v0.02_s0.5,6e9ccd38,2,135700.64202819986,1000
F_grdp_G_a_v0.02_s0.5,6e9ccd38,3,32023.97275983408,1000
F_grdp_G_a_v0.02_s0.5,6e9ccd38,4,12435.592466353783,1000
F_grdp_G_a_v0.02_s0.5,6e9ccd38,5,1489.5791541872047,1000
F_grdp_G_a_v0.02_s0.5,6e9ccd38,6,13449.91182251296,1000
F_grdp_G_a_v0.02_s0.5,6e9ccd38,7,294951.02315933956,1000
F_grdp_G_a_v0.02_s0.5,6e9ccd38,8,89153.50989300356,283
F_grdp_G_a_v0.02_s0.5,c593337f,0,76123.55935080256,999
F_grdp_G_a_v0.02_s0.5,c593337f,1,6981.424032681753,1000
F_grdp_G_a_v0.02_s0.5,c593337f,2,20657.872449463415,1000
F_grdp_G_a_v0.02_s0.5,c593337f,3,869791.8416964709,1000
F_grdp_G_a_v0.02_s0.5,c593337f,4,982840.1358732223,1000
F_grdp_G_a_v0.02_s0.5,c593337f,5,284405.79537301126,209
F_grdp_G_a_v0.02_s0.5,70925e23,0,36048.0544769827,999
F_grdp_G_a_v0.02_s0.5,70925e23,1,456665.264675497,1000
F_grdp_G_a_v0.02_s0.5,70925e23,2,189206.1617863841,1000
F_grdp_G_a_v0.02_s0.5,70925e23,3,41772.66235780184,1000
F_grdp_G_a_v0.02_s0.5,70925e23,4,33659.60221877392,1000
F_grdp_G_a_v0.02_s0.5,70925e23,5,21751.464578393454,948
F_grdp_G_a_v0.02_s0.5,f074d277,0,80646.29826133135,999
F_grdp_G_a_v0.02_s0.5,f074d277,1,206419.62228386855,1000
F_grdp_G_a_v0.02_s0.5,f074d277,2,66010.21257479623,454
F_grdp_G_a_v0.02_s0.5,f2d4c8c9,0,28675.988686825902,999
F_grdp_G_a_v0.02_s0.5,f2d4c8c9,1,12542.246788829876,1000
F_grdp_G_a_v0.02_s0.5,f2d4c8c9,2,44515.93283044772,1000
F_grdp_G_a_v0.02_s0.5,f2d4c8c9,3,16738.101364355447,1000
F_grdp_G_a_v0.02_s0.5,f2d4c8c9,4,225500.3458016307,1000
F_grdp_G_a_v0.02_s0.5,f2d4c8c9,5,698467.0572769049,1000
F_grdp_G_a_v0.02_s0.5,f2d4c8c9,6,127835.02600541005,250
F_grdp_G_a_v0.02_s0.5,35b3ef6a,0,59581.66762192018,999
F_grdp_G_a_v0.02_s0.5,35b3ef6a,1,217672.5602068348,1000
F_grdp_G_a_v0.02_s0.5,35b3ef6a,2,481608.03827640775,1000
F_grdp_G_a_v0.02_s0.5,35b3ef6a,3,342713.6319827792,905
F_grdp_G_a_v0.02_s0.5,2043abc5,0,255956.94557041678,999
F_grdp_G_a_v0.02_s0.5,2043abc5,1,198336.171345618,1000
F_grdp_G_a_v0.02_s0.5,2043abc5,2,271403.47071896883,1000
F_grdp_G_a_v0.02_s0.5,2043abc5,3,19409.17387790129,1000
F_grdp_G_a_v0.02_s0.5,2043abc5,4,48086.678479975584,1000
F_grdp_G_a_v0.02_s0.5,2043abc5,5,174866.5025895572,1000
F_grdp_G_a_v0.02_s0.5,2043abc5,6,426835.9620880047,959
F_grdp_G_a_v0.02_s0.5,78a4a386,0,2559.527483011224,999
F_grdp_G_a_v0.02_s0.5,78a4a386,1,4019.2432720074244,1000
F_grdp_G_a_v0.02_s0.5,78a4a386,2,32720.425712616856,1000
F_grdp_G_a_v0.02_s0.5,78a4a386,3,4145.334387317088,1000
F_grdp_G_a_v0.02_s0.5,78a4a386,4,2284.985434297741,1000
F_grdp_G_a_v0.02_s0.5,78a4a386,5,1549.8046893829182,120
F_grdp_G_a_v0.02_s0.5,a4f989c2,0,14173.89331200685,999
F_grdp_G_a_v0.02_s0.5,a4f989c2,1,5198.405341549134,1000
F_grdp_G_a_v0.02_s0.5,a4f989c2,2,4457.4298167193865,1000
F_grdp_G_a_v0.02_s0.5,a4f989c2,3,7308.686723503375,1000
F_grdp_G_a_v0.02_s0.5,a4f989c2,4,8438.739323542535,1000
F_grdp_G_a_v0.02_s0.5,a4f989c2,5,2116.833106805326,386
F_grdp_G_a_v0.02_s0.5,3a824aa7,0,21623.27906306491,999
F_grdp_G_a_v0.02_s0.5,3a824aa7,1,32538.223332948197,1000
F_grdp_G_a_v0.02_s0.5,3a824aa7,2,14945.816942369394,1000
F_grdp_G_a_v0.02_s0.5,3a824aa7,3,14133.114097678153,1000
F_grdp_G_a_v0.02_s0.5,3a824aa7,4,15930.662166494612,202
F_grdp_G_a_v0.02_s0.5,75cd5f11,0,73758.55894750541,999
F_grdp_G_a_v0.02_s0.5,75cd5f11,1,46741.60265059246,1000
F_grdp_G_a_v0.02_s0.5,75cd5f11,2,5898.503599972814,1000
F_grdp_G_a_v0.02_s0.5,75cd5f11,3,265.5868449710081,1000
F_grdp_G_a_v0.02_s0.5,75cd5f11,4,2291.1356091229645,947
F_grdp_G_a_v0.02_s0.5,ce8399b7,0,650.4261704422178,999
F_grdp_G_a_v0.02_s0.5,ce8399b7,1,403.9818710924987,616
F_grdp_G_a_v0.02_s0.5,3e678ea7,0,140647.95645830483,999
F_grdp_G_a_v0.02_s0.5,3e678ea7,1,315651.57774820895,1000
F_grdp_G_a_v0.02_s0.5,3e678ea7,2,129142.82164717247,1000
F_grdp_G_a_v0.02_s0.5,3e678ea7,3,121633.90673357909,1000
F_grdp_G_a_v0.02_s0.5,3e678ea7,4,52089.31708419952,1000
F_grdp_G_a_v0.02_s0.5,3e678ea7,5,25330.38889373387,1000
F_grdp_G_a_v0.02_s0.5,3e678ea7,6,40721.63064750867,859
F_grdp_G_a_v0.02_s0.5,ecdaf714,0,10950.15239317417,999
F_grdp_G_a_v0.02_s0.5,ecdaf714,1,14154.843419482359,1000
F_grdp_G_a_v0.02_s0.5,ecdaf714,2,338154.9542586139,1000
F_grdp_G_a_v0.02_s0.5,ecdaf714,3,278312.28319328185,1000
F_grdp_G_a_v0.02_s0.5,ecdaf714,4,26279.339233702547,1000
F_grdp_G_a_v0.02_s0.5,ecdaf714,5,93253.20667666446,1000
F_grdp_G_a_v0.02_s0.5,ecdaf714,6,189872.4418672006,593
F_grdp_G_a_v0.02_s0.5,57f05c51,0,42412.12853885579,999
F_grdp_G_a_v0.02_s0.5,57f05c51,1,98287.91870563758,1000
F_grdp_G_a_v0.02_s0.5,57f05c51,2,60730.23489237364,1000
F_grdp_G_a_v0.02_s0.5,57f05c51,3,60653.40145251244,1000
F_grdp_G_a_v0.02_s0.5,57f05c51,4,11331.207650185006,772
F_grdp_G_a_v0.02_s0.5,8cc800b3,0,178220.51716644998,999
F_grdp_G_a_v0.02_s0.5,8cc800b3,1,343680.7886668659,1000
F_grdp_G_a_v0.02_s0.5,8cc800b3,2,308135.1816120412,1000
F_grdp_G_a_v0.02_s0.5,8cc800b3,3,677348.1842011117,1000
F_grdp_G_a_v0.02_s0.5,8cc800b3,4,660531.6919957726,1000
F_grdp_G_a_v0.02_s0.5,8cc800b3,5,365885.88017958414,1000
F_grdp_G_a_v0.02_s0.5,8cc800b3,6,239389.62128236663,577
F_grdp_G_a_v0.02_s0.5,55efee7f,0,23797.95688785531,999
F_grdp_G_a_v0.02_s0.5,55efee7f,1,167377.1121878142,1000
F_grdp_G_a_v0.02_s0.5,55efee7f,2,353618.6837090079,1000
F_grdp_G_a_v0.02_s0.5,55efee7f,3,162647.14100073124,1000
F_grdp_G_a_v0.02_s0.5,55efee7f,4,8112.5005747460045,802
F_grdp_G_a_v0.02_s0.5,d0a0e7b5,0,23169.29644755905,999
F_grdp_G_a_v0.02_s0.5,d0a0e7b5,1,12632.24732757245,1000
F_grdp_G_a_v0.02_s0.5,d0a0e7b5,2,42997.69424532475,1000
F_grdp_G_a_v0.02_s0.5,d0a0e7b5,3,28070.898149603163,817
F_grdp_G_a_v0.02_s0.5,6dbe4b60,0,2014.149872276071,999
F_grdp_G_a_v0.02_s0.5,6dbe4b60,1,1553.9614690763199,1000
F_grdp_G_a_v0.02_s0.5,6dbe4b60,2,7202.649318606252,1000
F_grdp_G_a_v0.02_s0.5,6dbe4b60,3,3226.4551364335757,1000
F_grdp_G_a_v0.02_s0.5,6dbe4b60,4,2324.694942290623,649
F_grdp_G_a_v0.02_s0.5,53f23031,0,24726.25114605967,999
F_grdp_G_a_v0.02_s0.5,53f23031,1,29987.0101896889,1000
F_grdp_G_a_v0.02_s0.5,53f23031,2,5223.323030711033,1000
F_grdp_G_a_v0.02_s0.5,53f23031,3,33351.459528659616,1000
F_grdp_G_a_v0.02_s0.5,53f23031,4,18714.56212494704,1000
F_grdp_G_a_v0.02_s0.5,53f23031,5,2334.346317203142,1000
F_grdp_G_a_v0.02_s0.5,53f23031,6,20504.392087531516,1000
F_grdp_G_a_v0.02_s0.5,53f23031,7,139557.093996642,1000
F_grdp_G_a_v0.02_s0.5,53f23031,8,137505.88034679467,551
F_grdp_G_a_v0.02_s0.5,f053a1b9,0,54404.24621073353,999
F_grdp_G_a_v0.02_s0.5,f053a1b9,1,11183.914878787169,1000
F_grdp_G_a_v0.02_s0.5,f053a1b9,2,80098.52793340114,1000
F_grdp_G_a_v0.02_s0.5,f053a1b9,3,50553.433556068,1000
F_grdp_G_a_v0.02_s0.5,f053a1b9,4,16673.095843889227,109
F_grdp_G_a_v0.02_s0.5,a959858c,0,4444275.323699972,999
F_grdp_G_a_v0.02_s0.5,a959858c,1,3799294.0963999704,1000
F_grdp_G_a_v0.02_s0.5,a959858c,2,3872883.459199977,1000
F_grdp_G_a_v0.02_s0.5,a959858c,3,7060185.437599962,1000
F_grdp_G_a_v0.02_s0.5,a959858c,4,3849461.282699976,405
F_grdp_G_a_v0.02_s0.5,1b1eba53,0,882465.2876451664,999
F_grdp_G_a_v0.02_s0.5,1b1eba53,1,3547662.867564781,1000
F_grdp_G_a_v0.02_s0.5,1b1eba53,2,5952303.016950571,1000
F_grdp_G_a_v0.02_s0.5,1b1eba53,3,7918511.146996394,1000
F_grdp_G_a_v0.02_s0.5,1b1eba53,4,5427678.797948279,656
F_grdp_G_a_v0.02_s0.5,511e1db0,0,1005.2192895212056,999
F_grdp_G_a_v0.02_s0.5,511e1db0,1,935.5855107944956,1000
F_grdp_G_a_v0.02_s0.5,511e1db0,2,39325.63312377839,1000
F_grdp_G_a_v0.02_s0.5,511e1db0,3,283311.3686664722,822
F_grdp_G_a_v0.02_s0.5,84633df4,0,12926.273263897978,999
F_grdp_G_a_v0.02_s0.5,84633df4,1,12086.927761304407,1000
F_grdp_G_a_v0.02_s0.5,84633df4,2,99532.99310396775,1000
F_grdp_G_a_v0.02_s0.5,84633df4,3,103684.87958009022,1000
F_grdp_G_a_v0.02_s0.5,84633df4,4,131129.5276784751,973
F_grdp_G_a_v0.02_s0.5,47ee27ab,0,1413.9131227258767,999
F_grdp_G_a_v0.02_s0.5,47ee27ab,1,1277.8045093756905,1000
F_grdp_G_a_v0.02_s0.5,47ee27ab,2,77245.43159276922,1000
F_grdp_G_a_v0.02_s0.5,47ee27ab,3,15386.956640887254,1000
F_grdp_G_a_v0.02_s0.5,47ee27ab,4,16202.118425620274,1000
F_grdp_G_a_v0.02_s0.5,47ee27ab,5,4876.116046067095,1000
F_grdp_G_a_v0.02_s0.5,47ee27ab,6,861.4213226626941,398
F_grdp_G_a_v0.02_s0.5,b95e7121,0,5092.464100000018,999
F_grdp_G_a_v0.02_s0.5,b95e7121,1,37874.974500000564,1000
F_grdp_G_a_v0.02_s0.5,b95e7121,2,17372.82080000056,1000
F_grdp_G_a_v0.02_s0.5,b95e7121,3,34491.03570000087,1000
F_grdp_G_a_v0.02_s0.5,b95e7121,4,9943.69479999991,1000
F_grdp_G_a_v0.02_s0.5,b95e7121,5,9474.382400000068,1000
F_grdp_G_a_v0.02_s0.5,b95e7121,6,3929.935100000159,307
F_grdp_G_a_v0.02_s0.5,91db7070,0,7160.346481507049,999
F_grdp_G_a_v0.02_s0.5,91db7070,1,242463.42796916387,1000
F_grdp_G_a_v0.02_s0.5,91db7070,2,1006977.067691098,1000
F_grdp_G_a_v0.02_s0.5,91db7070,3,749440.4943731892,1000
F_grdp_G_a_v0.02_s0.5,91db7070,4,15889.009295272115,74
F_grdp_G_a_v0.02_s0.5,e3b34f5b,0,74146.58198900834,999
F_grdp_G_a_v0.02_s0.5,e3b34f5b,1,44858.63643955499,1000
F_grdp_G_a_v0.02_s0.5,e3b34f5b,2,3856.97166913354,1000
F_grdp_G_a_v0.02_s0.5,e3b34f5b,3,45698.66479593232,1000
F_grdp_G_a_v0.02_s0.5,e3b34f5b,4,28256.536346841356,1000
F_grdp_G_a_v0.02_s0.5,e3b34f5b,5,18503.928667526292,456
F_grdp_G_a_v0.02_s0.5,5a5269a9,0,23240.9040182645,999
F_grdp_G_a_v0.02_s0.5,5a5269a9,1,65069.08010771274,1000
F_grdp_G_a_v0.02_s0.5,5a5269a9,2,124269.03130078415,1000
F_grdp_G_a_v0.02_s0.5,5a5269a9,3,24688.77229591873,1000
F_grdp_G_a_v0.02_s0.5,5a5269a9,4,17149.11279493978,1000
F_grdp_G_a_v0.02_s0.5,5a5269a9,5,73742.80676746453,1000
F_grdp_G_a_v0.02_s0.5,5a5269a9,6,22712.742764747734,514
F_grdp_G_a_v0.02_s0.5,05948241,0,2786.2879954917335,999
F_grdp_G_a_v0.02_s0.5,05948241,1,9277.305782587748,1000
F_grdp_G_a_v0.02_s0.5,05948241,2,2301.101070370742,1000
F_grdp_G_a_v0.02_s0.5,05948241,3,10652.430120923182,880
F_grdp_G_a_v0.02_s0.5,a645da9a,0,69839.8611013117,999
F_grdp_G_a_v0.02_s0.5,a645da9a,1,120717.61164950479,1000
F_grdp_G_a_v0.02_s0.5,a645da9a,2,22688.09369451862,1000
F_grdp_G_a_v0.02_s0.5,a645da9a,3,7470.555524830156,1000
F_grdp_G_a_v0.02_s0.5,a645da9a,4,3521.77908415762,1000
F_grdp_G_a_v0.02_s0.5,a645da9a,5,437.8940796649657,154
F_grdp_G_a_v0.02_s0.5,368fe682,0,7004.672117412581,999
F_grdp_G_a_v0.02_s0.5,368fe682,1,43629.957418615115,1000
F_grdp_G_a_v0.02_s0.5,368fe682,2,111142.26846127983,1000
F_grdp_G_a_v0.02_s0.5,368fe682,3,48046.363642203214,1000
F_grdp_G_a_v0.02_s0.5,368fe682,4,3331.227827413474,937
F_grdp_G_a_v0.02_s0.5,8995c945,0,1501.8638483238049,999
F_grdp_G_a_v0.02_s0.5,8995c945,1,636.2771050722898,1000
F_grdp_G_a_v0.02_s0.5,8995c945,2,42856.533168593,1000
F_grdp_G_a_v0.02_s0.5,8995c945,3,7966.622023364902,1000
F_grdp_G_a_v0.02_s0.5,8995c945,4,10250.075248668303,1000
F_grdp_G_a_v0.02_s0.5,8995c945,5,13364.60716338326,1000
F_grdp_G_a_v0.02_s0.5,8995c945,6,36965.28194910278,725
F_grdp_G_a_v0.02_s0.5,48c1f673,0,32659.124106772713,999
F_grdp_G_a_v0.02_s0.5,48c1f673,1,166495.9251612716,1000
F_grdp_G_a_v0.02_s0.5,48c1f673,2,109029.09780962791,918
F_grdp_G_a_v0.02_s0.5,466fc788,0,34782.259864872096,999
F_grdp_G_a_v0.02_s0.5,466fc788,1,16630.486352612108,1000
F_grdp_G_a_v0.02_s0.5,466fc788,2,122541.3486905284,1000
F_grdp_G_a_v0.02_s0.5,466fc788,3,210106.36691772568,1000
F_grdp_G_a_v0.02_s0.5,466fc788,4,100059.57428237547,1000
F_grdp_G_a_v0.02_s0.5,466fc788,5,109008.79960869641,1000
F_grdp_G_a_v0.02_s0.5,466fc788,6,29392.680197861246,198
F_grdp_G_a_v0.02_s0.5,27300fd5,0,68336.27126678148,999
F_grdp_G_a_v0.02_s0.5,27300fd5,1,101203.76520482478,1000
F_grdp_G_a_v0.02_s0.5,27300fd5,2,76458.38821507363,1000
F_grdp_G_a_v0.02_s0.5,27300fd5,3,299436.6868496833,1000
F_grdp_G_a_v0.02_s0.5,27300fd5,4,94418.91219683908,1000
F_grdp_G_a_v0.02_s0.5,27300fd5,5,28269.695773136922,468
F_grdp_G_a_v0.02_s0.5,a9c9b150,0,3424.9932651123236,999
F_grdp_G_a_v0.02_s0.5,a9c9b150,1,25405.910864816924,1000
F_grdp_G_a_v0.02_s0.5,a9c9b150,2,49286.103626947915,1000
F_grdp_G_a_v0.02_s0.5,a9c9b150,3,56546.20610762824,987
F_grdp_G_a_v0.02_s0.5,071d7b45,0,351759.64880603005,999
F_grdp_G_a_v0.02_s0.5,071d7b45,1,439758.6307403621,1000
F_grdp_G_a_v0.02_s0.5,071d7b45,2,232339.25068099675,1000
F_grdp_G_a_v0.02_s0.5,071d7b45,3,43752.55939973542,212
F_grdp_G_a_v0.02_s0.5,ae8959c3,0,2888.159642095801,999
F_grdp_G_a_v0.02_s0.5,ae8959c3,1,7752.046610012302,1000
F_grdp_G_a_v0.02_s0.5,ae8959c3,2,19833.231082234743,1000
F_grdp_G_a_v0.02_s0.5,ae8959c3,3,5624.306974271104,1000
F_grdp_G_a_v0.02_s0.5,ae8959c3,4,908.2907550878292,519
F_grdp_G_a_v0.02_s0.5,35b30c7f,0,3877.3636328859875,999
F_grdp_G_a_v0.02_s0.5,35b30c7f,1,15392.691249572576,1000
F_grdp_G_a_v0.02_s0.5,35b30c7f,2,1030.611064024337,1000
F_grdp_G_a_v0.02_s0.5,35b30c7f,3,52591.59009266493,1000
F_grdp_G_a_v0.02_s0.5,35b30c7f,4,110299.33545970086,1000
F_grdp_G_a_v0.02_s0.5,35b30c7f,5,149190.43170928178,1000
F_grdp_G_a_v0.02_s0.5,35b30c7f,6,9084.774371254083,1000
F_grdp_G_a_v0.02_s0.5,35b30c7f,7,86558.97504666238,1000
F_grdp_G_a_v0.02_s0.5,35b30c7f,8,64898.03666588124,1000
F_grdp_G_a_v0.02_s0.5,35b30c7f,9,61905.1358957127,580
F_grdp_G_a_v0.02_s0.5,463c38f2,0,3650.7627559358207,999
F_grdp_G_a_v0.02_s0.5,463c38f2,1,70990.43564974923,1000
F_grdp_G_a_v0.02_s0.5,463c38f2,2,57637.67037835906,1000
F_grdp_G_a_v0.02_s0.5,463c38f2,3,2378.598636031823,1000
F_grdp_G_a_v0.02_s0.5,463c38f2,4,481.54396433743705,461
F_grdp_G_a_v0.02_s0.5,72dd8501,0,21682.288351019753,999
F_grdp_G_a_v0.02_s0.5,72dd8501,1,11299.645563924421,1000
F_grdp_G_a_v0.02_s0.5,72dd8501,2,442.9948874806168,1000
F_grdp_G_a_v0.02_s0.5,72dd8501,3,3140.9284051429,1000
F_grdp_G_a_v0.02_s0.5,72dd8501,4,22455.015247966217,1000
F_grdp_G_a_v0.02_s0.5,72dd8501,5,30233.862200889504,194
F_grdp_G_a_v0.02_s0.5,9c211c53,0,2691.8410949203053,999
F_grdp_G_a_v0.02_s0.5,9c211c53,1,15359.181934384058,1000
F_grdp_G_a_v0.02_s0.5,9c211c53,2,5510.443219728587,1000
F_grdp_G_a_v0.02_s0.5,9c211c53,3,16314.484774871018,1000
F_grdp_G_a_v0.02_s0.5,9c211c53,4,45238.57354827568,1000
F_grdp_G_a_v0.02_s0.5,9c211c53,5,147752.3325163078,1000
F_grdp_G_a_v0.02_s0.5,9c211c53,6,442997.4298235041,1000
F_grdp_G_a_v0.02_s0.5,9c211c53,7,132652.74722899002,266
F_grdp_G_a_v0.02_s0.5,4b462989,0,12288.748713044413,999
F_grdp_G_a_v0.02_s0.5,4b462989,1,10191.708975308775,1000
F_grdp_G_a_v0.02_s0.5,4b462989,2,7576.833658306968,1000
F_grdp_G_a_v0.02_s0.5,4b462989,3,7683.3790077743015,107
F_grdp_G_a_v0.02_s0.5,ee4aecac,0,20181.660137693685,999
F_grdp_G_a_v0.02_s0.5,ee4aecac,1,54044.38334465764,1000
F_grdp_G_a_v0.02_s0.5,ee4aecac,2,75195.75953052133,1000
F_grdp_G_a_v0.02_s0.5,ee4aecac,3,126047.16338388436,1000
F_grdp_G_a_v0.02_s0.5,ee4aecac,4,185467.88306570513,1000
F_grdp_G_a_v0.02_s0.5,ee4aecac,5,62486.766282000695,266
F_grdp_G_a_v0.02_s0.5,c3957531,0,133790.8831260355,999
F_grdp_G_a_v0.02_s0.5,c3957531,1,106284.7980691621,1000
F_grdp_G_a_v0.02_s0.5,c3957531,2,72396.33311372859,1000
F_grdp_G_a_v0.02_s0.5,c3957531,3,16362.112637242137,1000
F_grdp_G_a_v0.02_s0.5,c3957531,4,24304.66147995195,1000
F_grdp_G_a_v0.02_s0.5,c3957531,5,61236.514380632696,317
F_grdp_G_a_v0.02_s0.5,ae0784a8,0,45537.209712734155,999
F_grdp_G_a_v0.02_s0.5,ae0784a8,1,7156.509583321548,1000
F_grdp_G_a_v0.02_s0.5,ae0784a8,2,7499.187909096358,1000
F_grdp_G_a_v0.02_s0.5,ae0784a8,3,4068.460512547983,1000
F_grdp_G_a_v0.02_s0.5,ae0784a8,4,3174.937770304586,1000
F_grdp_G_a_v0.02_s0.5,ae0784a8,5,7522.901879462665,1000
F_grdp_G_a_v0.02_s0.5,ae0784a8,6,133062.13236238563,1000
F_grdp_G_a_v0.02_s0.5,ae0784a8,7,210838.68611709712,824
F_grdp_G_a_v0.02_s0.5,7d57c75d,0,2245.9661832799397,999
F_grdp_G_a_v0.02_s0.5,7d57c75d,1,3023.324849371895,1000
F_grdp_G_a_v0.02_s0.5,7d57c75d,2,179656.48457625977,1000
F_grdp_G_a_v0.02_s0.5,7d57c75d,3,89543.86311854812,1000
F_grdp_G_a_v0.02_s0.5,7d57c75d,4,1571.3732755348178,406
F_grdp_G_a_v0.02_s0.5,e748dd88,0,7663.967417014629,999
F_grdp_G_a_v0.02_s0.5,e748dd88,1,11111.272790286277,1000
F_grdp_G_a_v0.02_s0.5,e748dd88,2,23754.865130830487,1000
F_grdp_G_a_v0.02_s0.5,e748dd88,3,14900.190605443104,1000
F_grdp_G_a_v0.02_s0.5,e748dd88,4,31731.110417836124,813
F_grdp_G_a_v0.02_s0.5,aaeffccb,0,18042.67972217378,999
F_grdp_G_a_v0.02_s0.5,aaeffccb,1,17263.646121782353,1000
F_grdp_G_a_v0.02_s0.5,aaeffccb,2,44297.88975613308,713
F_grdp_G_a_v0.02_s0.5,c07fd0cd,0,157.57925860604178,999
F_grdp_G_a_v0.02_s0.5,c07fd0cd,1,38518.51391950461,1000
F_grdp_G_a_v0.02_s0.5,c07fd0cd,2,194983.17191535287,1000
F_grdp_G_a_v0.02_s0.5,c07fd0cd,3,159152.11061337782,1000
F_grdp_G_a_v0.02_s0.5,c07fd0cd,4,3678.6468622975012,192
F_grdp_G_a_v0.02_s0.5,8bfa881d,0,3383.9948199117775,999
F_grdp_G_a_v0.02_s0.5,8bfa881d,1,27466.460814713595,1000
F_grdp_G_a_v0.02_s0.5,8bfa881d,2,73750.7017636722,1000
F_grdp_G_a_v0.02_s0.5,8bfa881d,3,73497.2365797455,1000
F_grdp_G_a_v0.02_s0.5,8bfa881d,4,6501.315787252367,90
F_grdp_G_a_v0.02_s0.5,d1ee630d,0,41364.58525469164,999
F_grdp_G_a_v0.02_s0.5,d1ee630d,1,234039.90829869776,1000
F_grdp_G_a_v0.02_s0.5,d1ee630d,2,220638.26213030607,1000
F_grdp_G_a_v0.02_s0.5,d1ee630d,3,146860.06758905057,1000
F_grdp_G_a_v0.02_s0.5,d1ee630d,4,160067.3181911321,1000
F_grdp_G_a_v0.02_s0.5,d1ee630d,5,253797.38367603163,1000
F_grdp_G_a_v0.02_s0.5,d1ee630d,6,99206.03342212597,291
F_grdp_G_a_v0.02_s0.5,01869cd4,0,2196.3470732494343,999
F_grdp_G_a_v0.02_s0.5,01869cd4,1,516.4798350038104,1000
F_grdp_G_a_v0.02_s0.5,01869cd4,2,4183.741698036671,1000
F_grdp_G_a_v0.02_s0.5,01869cd4,3,15735.608132750429,1000
F_grdp_G_a_v0.02_s0.5,01869cd4,4,13527.703764879416,1000
F_grdp_G_a_v0.02_s0.5,01869cd4,5,28147.147891119694,558
F_grdp_G_a_v0.02_s0.5,20402d71,0,29878.38674250776,999
F_grdp_G_a_v0.02_s0.5,20402d71,1,18282.96115086738,1000
F_grdp_G_a_v0.02_s0.5,20402d71,2,27299.7792497861,1000
F_grdp_G_a_v0.02_s0.5,20402d71,3,102762.22383099135,1000
F_grdp_G_a_v0.02_s0.5,20402d71,4,84739.29485204638,1000
F_grdp_G_a_v0.02_s0.5,20402d71,5,106918.3089749982,1000
F_grdp_G_a_v0.02_s0.5,20402d71,6,21784.362975913773,373
F_grdp_G_a_v0.02_s0.5,bd8f847e,0,40763.953500016316,999
F_grdp_G_a_v0.02_s0.5,bd8f847e,1,80962.03410002426,1000
F_grdp_G_a_v0.02_s0.5,bd8f847e,2,2572.3597000024124,1000
F_grdp_G_a_v0.02_s0.5,bd8f847e,3,31711.53489998521,1000
F_grdp_G_a_v0.02_s0.5,bd8f847e,4,78595.1217999776,962
F_grdp_G_a_v0.02_s0.5,a2e8e7f6,0,93572.79930000177,999
F_grdp_G_a_v0.02_s0.5,a2e8e7f6,1,225211.19420000206,1000
F_grdp_G_a_v0.02_s0.5,a2e8e7f6,2,34246.05500000114,1000
F_grdp_G_a_v0.02_s0.5,a2e8e7f6,3,19810.315099999192,1000
F_grdp_G_a_v0.02_s0.5,a2e8e7f6,4,194202.8038999988,761
F_grdp_G_a_v0.02_s0.5,a783cc24,0,5542.604307668422,999
F_grdp_G_a_v0.02_s0.5,a783cc24,1,37566.53282963705,890
F_grdp_G_a_v0.02_s0.5,70e1788b,0,20173.620301231203,999
F_grdp_G_a_v0.02_s0.5,70e1788b,1,15781.639577444024,1000
F_grdp_G_a_v0.02_s0.5,70e1788b,2,43254.64761492581,1000
F_grdp_G_a_v0.02_s0.5,70e1788b,3,13804.300361626953,1000
F_grdp_G_a_v0.02_s0.5,70e1788b,4,8646.261100701575,1000
F_grdp_G_a_v0.02_s0.5,70e1788b,5,32197.243392963697,1000
F_grdp_G_a_v0.02_s0.5,70e1788b,6,25639.107000596225,1000
F_grdp_G_a_v0.02_s0.5,70e1788b,7,1935.4866997450931,1000
F_grdp_G_a_v0.02_s0.5,70e1788b,8,11656.14673979062,1000
F_grdp_G_a_v0.02_s0.5,70e1788b,9,12120.990087594782,286
F_grdp_G_a_v0.02_s0.5,203721ab,0,11616.286306962122,999
F_grdp_G_a_v0.02_s0.5,203721ab,1,88020.89707047446,1000
F_grdp_G_a_v0.02_s0.5,203721ab,2,152811.90122062608,1000
F_grdp_G_a_v0.02_s0.5,203721ab,3,94807.02181348365,1000
F_grdp_G_a_v0.02_s0.5,203721ab,4,32353.78230127508,1000
F_grdp_G_a_v0.02_s0.5,203721ab,5,3571.831267520179,731
F_grdp_G_a_v0.02_s0.5,d84b621b,0,48117.51484431554,999
F_grdp_G_a_v0.02_s0.5,d84b621b,1,110240.17550660533,1000
F_grdp_G_a_v0.02_s0.5,d84b621b,2,200310.9679215439,1000
F_grdp_G_a_v0.02_s0.5,d84b621b,3,1029606.5496524944,995
F_grdp_G_a_v0.02_s0.5,da3cf798,0,23514.047802301964,999
F_grdp_G_a_v0.02_s0.5,da3cf798,1,64807.319859033196,1000
F_grdp_G_a_v0.02_s0.5,da3cf798,2,116046.81278763249,1000
F_grdp_G_a_v0.02_s0.5,da3cf798,3,290010.2925305174,1000
F_grdp_G_a_v0.02_s0.5,da3cf798,4,166077.52393325063,1000
F_grdp_G_a_v0.02_s0.5,da3cf798,5,253678.80552661145,845
F_grdp_G_a_v0.02_s0.5,884ecb5f,0,190304.14788113954,999
F_grdp_G_a_v0.02_s0.5,884ecb5f,1,275868.8289817379,1000
F_grdp_G_a_v0.02_s0.5,884ecb5f,2,150623.86117770895,1000
F_grdp_G_a_v0.02_s0.5,884ecb5f,3,170237.2707526026,1000
F_grdp_G_a_v0.02_s0.5,884ecb5f,4,144064.04739849566,1000
F_grdp_G_a_v0.02_s0.5,884ecb5f,5,78916.46449786637,1000
F_grdp_G_a_v0.02_s0.5,884ecb5f,6,15456.935836055054,725
F_grdp_G_a_v0.02_s0.5,8a3da6d1,0,176885.31156194655,999
F_grdp_G_a_v0.02_s0.5,8a3da6d1,1,307552.8530454132,1000
F_grdp_G_a_v0.02_s0.5,8a3da6d1,2,200832.32422468494,1000
F_grdp_G_a_v0.02_s0.5,8a3da6d1,3,84018.27518158162,1000
F_grdp_G_a_v0.02_s0.5,8a3da6d1,4,535249.3414711044,594
F_grdp_G_a_v0.02_s0.5,beda8696,0,6695.683660888778,999
F_grdp_G_a_v0.02_s0.5,beda8696,1,4590.119575822763,1000
F_grdp_G_a_v0.02_s0.5,beda8696,2,16097.034571843387,1000
F_grdp_G_a_v0.02_s0.5,beda8696,3,27200.91558164632,1000
F_grdp_G_a_v0.02_s0.5,beda8696,4,34008.74301313992,1000
F_grdp_G_a_v0.02_s0.5,beda8696,5,193829.76175663632,913
F_grdp_G_a_v0.02_s0.5,0dc835f3,0,22719.411999999156,999
F_grdp_G_a_v0.02_s0.5,0dc835f3,1,78985.38059999642,1000
F_grdp_G_a_v0.02_s0.5,0dc835f3,2,103697.79569999661,1000
F_grdp_G_a_v0.02_s0.5,0dc835f3,3,17811.829800001906,1000
F_grdp_G_a_v0.02_s0.5,0dc835f3,4,30187.158699998887,429
F_grdp_G_a_v0.02_s0.5,87695469,0,5883.2697365237045,999
F_grdp_G_a_v0.02_s0.5,87695469,1,7606.6498692024825,1000
F_grdp_G_a_v0.02_s0.5,87695469,2,14375.376844739945,1000
F_grdp_G_a_v0.02_s0.5,87695469,3,103125.34460791395,1000
F_grdp_G_a_v0.02_s0.5,87695469,4,251408.52454402862,1000
F_grdp_G_a_v0.02_s0.5,87695469,5,103669.2044338009,1000
F_grdp_G_a_v0.02_s0.5,87695469,6,210264.4414862931,1000
F_grdp_G_a_v0.02_s0.5,87695469,7,866.8461895620527,4
F_grdp_G_a_v0.02_s0.5,7e721392,0,53183.41456081096,999
F_grdp_G_a_v0.02_s0.5,7e721392,1,150472.80878568065,1000
F_grdp_G_a_v0.02_s0.5,7e721392,2,88188.19008428408,1000
F_grdp_G_a_v0.02_s0.5,7e721392,3,42697.08439403459,1000
F_grdp_G_a_v0.02_s0.5,7e721392,4,137947.66123546162,1000
F_grdp_G_a_v0.02_s0.5,7e721392,5,345970.47962225793,1000
F_grdp_G_a_v0.02_s0.5,7e721392,6,139289.71598885243,175
F_grdp_G_a_v0.02_s0.5,9ae248be,0,17166.00217718181,999
F_grdp_G_a_v0.02_s0.5,9ae248be,1,4478.336779385406,1000
F_grdp_G_a_v0.02_s0.5,9ae248be,2,6061.64380815649,1000
F_grdp_G_a_v0.02_s0.5,9ae248be,3,13414.244844359902,1000
F_grdp_G_a_v0.02_s0.5,9ae248be,4,122214.43005850339,1000
F_grdp_G_a_v0.02_s0.5,9ae248be,5,23356.120189811787,272
F_grdp_G_a_v0.02_s0.5,98177ced,0,256609.55990763643,999
F_grdp_G_a_v0.02_s0.5,98177ced,1,200406.69296837502,1000
F_grdp_G_a_v0.02_s0.5,98177ced,2,65125.614828787344,1000
F_grdp_G_a_v0.02_s0.5,98177ced,3,33493.87951990469,1000
F_grdp_G_a_v0.02_s0.5,98177ced,4,41719.96658368982,773
F_grdp_G_a_v0.02_s0.5,4c3df468,0,78813.29031950198,999
F_grdp_G_a_v0.02_s0.5,4c3df468,1,299824.9554229084,1000
F_grdp_G_a_v0.02_s0.5,4c3df468,2,959986.6382934537,1000
F_grdp_G_a_v0.02_s0.5,4c3df468,3,654043.7042100836,1000
F_grdp_G_a_v0.02_s0.5,4c3df468,4,65895.82460470225,1000
F_grdp_G_a_v0.02_s0.5,4c3df468,5,6739.585140647103,393
F_grdp_G_a_v0.02_s0.5,81bf5923,0,284021.7617186464,999
F_grdp_G_a_v0.02_s0.5,81bf5923,1,268513.6498194962,1000
F_grdp_G_a_v0.02_s0.5,81bf5923,2,232097.0116883142,1000
F_grdp_G_a_v0.02_s0.5,81bf5923,3,973617.8919873285,1000
F_grdp_G_a_v0.02_s0.5,81bf5923,4,418333.4129713358,544
F_grdp_G_a_v0.02_s0.5,91abc4c7,0,21752.57315971482,999
F_grdp_G_a_v0.02_s0.5,91abc4c7,1,98303.54028573146,1000
F_grdp_G_a_v0.02_s0.5,91abc4c7,2,14459.478860227891,1000
F_grdp_G_a_v0.02_s0.5,91abc4c7,3,949.2882198812885,1000
F_grdp_G_a_v0.02_s0.5,91abc4c7,4,4610.780512992618,1000
F_grdp_G_a_v0.02_s0.5,91abc4c7,5,10236.911935015738,849
F_grdp_G_a_v0.02_s0.5,9ad5410a,0,17015.588343415817,999
F_grdp_G_a_v0.02_s0.5,9ad5410a,1,31241.547310659007,1000
F_grdp_G_a_v0.02_s0.5,9ad5410a,2,49217.45275030453,1000
F_grdp_G_a_v0.02_s0.5,9ad5410a,3,68321.45671860666,1000
F_grdp_G_a_v0.02_s0.5,9ad5410a,4,1236.484341512292,206
F_grdp_G_a_v0.02_s0.5,1bcb2fcf,0,17087.593469516687,999
F_grdp_G_a_v0.02_s0.5,1bcb2fcf,1,9820.330784309966,1000
F_grdp_G_a_v0.02_s0.5,1bcb2fcf,2,706.5060762667001,1000
F_grdp_G_a_v0.02_s0.5,1bcb2fcf,3,15633.223721744711,1000
F_grdp_G_a_v0.02_s0.5,1bcb2fcf,4,17199.23467530581,525
F_grdp_G_a_v0.02_s0.5,d3df146b,0,4835.432550415397,999
F_grdp_G_a_v0.02_s0.5,d3df146b,1,119243.5265406114,1000
F_grdp_G_a_v0.02_s0.5,d3df146b,2,81147.69188743479,1000
F_grdp_G_a_v0.02_s0.5,d3df146b,3,41319.27725121974,1000
F_grdp_G_a_v0.02_s0.5,d3df146b,4,81823.9689292064,1000
F_grdp_G_a_v0.02_s0.5,d3df146b,5,69639.93888608269,788
F_grdp_G_a_v0.02_s0.5,dd6bc5b2,0,1270.8795864856595,999
F_grdp_G_a_v0.02_s0.5,dd6bc5b2,1,22620.855394552076,1000
F_grdp_G_a_v0.02_s0.5,dd6bc5b2,2,23320.637796013674,1000
F_grdp_G_a_v0.02_s0.5,dd6bc5b2,3,43659.556633783046,603
F_grdp_G_a_v0.02_s0.5,81fc01c6,0,20560.80425727962,999
F_grdp_G_a_v0.02_s0.5,81fc01c6,1,100007.71665967903,1000
F_grdp_G_a_v0.02_s0.5,81fc01c6,2,61719.70606052152,1000
F_grdp_G_a_v0.02_s0.5,81fc01c6,3,72272.75562894346,1000
F_grdp_G_a_v0.02_s0.5,81fc01c6,4,51956.751129770666,1000
F_grdp_G_a_v0.02_s0.5,81fc01c6,5,500158.0232758137,910
F_grdp_G_a_v0.02_s0.5,6a8fa194,0,6714.835808915627,999
F_grdp_G_a_v0.02_s0.5,6a8fa194,1,817.367081451568,1000
F_grdp_G_a_v0.02_s0.5,6a8fa194,2,23036.978328637277,1000
F_grdp_G_a_v0.02_s0.5,6a8fa194,3,97.18566470165379,18
F_grdp_G_a_v0.02_s0.5,9a95e33f,0,59165.92296509091,999
F_grdp_G_a_v0.02_s0.5,9a95e33f,1,19059.837898383852,1000
F_grdp_G_a_v0.02_s0.5,9a95e33f,2,1137.7233073190596,1000
F_grdp_G_a_v0.02_s0.5,9a95e33f,3,76606.71019613786,1000
F_grdp_G_a_v0.02_s0.5,9a95e33f,4,79481.55595491327,1000
F_grdp_G_a_v0.02_s0.5,9a95e33f,5,13951.327360444853,1000
F_grdp_G_a_v0.02_s0.5,9a95e33f,6,13266.45523201009,448
F_grdp_G_a_v0.02_s0.5,14ab73fb,0,13212.58111875971,999
F_grdp_G_a_v0.02_s0.5,14ab73fb,1,60522.3445675859,1000
F_grdp_G_a_v0.02_s0.5,14ab73fb,2,29842.783583672866,1000
F_grdp_G_a_v0.02_s0.5,14ab73fb,3,88810.03404677186,650
F_grdp_G_a_v0.02_s0.5,eb934281,0,3177.653905586967,999
F_grdp_G_a_v0.02_s0.5,eb934281,1,5808.1439182579925,1000
F_grdp_G_a_v0.02_s0.5,eb934281,2,4966.866408059257,1000
F_grdp_G_a_v0.02_s0.5,eb934281,3,318.5002555323137,1000
F_grdp_G_a_v0.02_s0.5,eb934281,4,8984.494624960833,1000
F_grdp_G_a_v0.02_s0.5,eb934281,5,39712.89908772457,972
F_grdp_G_a_v0.02_s0.5,75d20a82,0,2320.2595600134923,999
F_grdp_G_a_v0.02_s0.5,75d20a82,1,35431.822539272594,1000
F_grdp_G_a_v0.02_s0.5,75d20a82,2,56233.95398098182,1000
F_grdp_G_a_v0.02_s0.5,75d20a82,3,48502.25641792192,1000
F_grdp_G_a_v0.02_s0.5,75d20a82,4,2409.002299150595,1000
F_grdp_G_a_v0.02_s0.5,75d20a82,5,525.429307790064,68
F_grdp_G_a_v0.02_s0.5,b56bc0aa,0,38614.6856803459,999
F_grdp_G_a_v0.02_s0.5,b56bc0aa,1,192523.41204222228,1000
F_grdp_G_a_v0.02_s0.5,b56bc0aa,2,200703.3872146074,1000
F_grdp_G_a_v0.02_s0.5,b56bc0aa,3,314206.39469008293,1000
F_grdp_G_a_v0.02_s0.5,b56bc0aa,4,289865.6565586534,1000
F_grdp_G_a_v0.02_s0.5,b56bc0aa,5,121036.20782623904,603
F_grdp_G_a_v0.02_s0.5,593876b6,0,15620.572111423982,999
F_grdp_G_a_v0.02_s0.5,593876b6,1,677.7640547764216,1000
F_grdp_G_a_v0.02_s0.5,593876b6,2,3323.211645054448,1000
F_grdp_G_a_v0.02_s0.5,593876b6,3,1075.6661130625423,1000
F_grdp_G_a_v0.02_s0.5,593876b6,4,2865.7362428916977,843
F_grdp_G_a_v0.02_s0.5,25fd32b3,0,2176.6267526910533,999
F_grdp_G_a_v0.02_s0.5,25fd32b3,1,11576.508208048062,1000
F_grdp_G_a_v0.02_s0.5,25fd32b3,2,8311.68478429877,886
F_grdp_G_a_v0.02_s0.5,2ac7cb6b,0,26097.93331718189,999
F_grdp_G_a_v0.02_s0.5,2ac7cb6b,1,29874.060833984007,1000
F_grdp_G_a_v0.02_s0.5,2ac7cb6b,2,339771.29565740743,1000
F_grdp_G_a_v0.02_s0.5,2ac7cb6b,3,115926.35686746765,1000
F_grdp_G_a_v0.02_s0.5,2ac7cb6b,4,196496.1746728838,991
F_grdp_G_a_v0.02_s0.5,89fdb2f2,0,1402.2296322968725,999
F_grdp_G_a_v0.02_s0.5,89fdb2f2,1,2975.2771618365196,1000
F_grdp_G_a_v0.02_s0.5,89fdb2f2,2,133.89340638865485,32
F_grdp_G_a_v0.02_s0.5,fdfd57da,0,9851.594342954711,999
F_grdp_G_a_v0.02_s0.5,fdfd57da,1,36358.50115265329,1000
F_grdp_G_a_v0.02_s0.5,fdfd57da,2,113013.30907647517,1000
F_grdp_G_a_v0.02_s0.5,fdfd57da,3,61175.95719662667,1000
F_grdp_G_a_v0.02_s0.5,fdfd57da,4,30676.008346432467,1000
F_grdp_G_a_v0.02_s0.5,fdfd57da,5,5595.456153077456,237
F_grdp_G_a_v0.02_s0.5,b32902c0,0,17322.71715130838,999
F_grdp_G_a_v0.02_s0.5,b32902c0,1,73797.03256098912,1000
F_grdp_G_a_v0.02_s0.5,b32902c0,2,352861.6326544789,1000
F_grdp_G_a_v0.02_s0.5,b32902c0,3,222042.84446517393,809
F_grdp_G_a_v0.02_s0.5,8648abae,0,1343.695614195885,999
F_grdp_G_a_v0.02_s0.5,8648abae,1,23894.21166410717,1000
F_grdp_G_a_v0.02_s0.5,8648abae,2,8473.10820972988,1000
F_grdp_G_a_v0.02_s0.5,8648abae,3,118124.00408281275,1000
F_grdp_G_a_v0.02_s0.5,8648abae,4,46988.69413249592,245
F_grdp_G_a_v0.02_s0.5,25939962,0,22145.15515124443,999
F_grdp_G_a_v0.02_s0.5,25939962,1,40416.61056529294,1000
F_grdp_G_a_v0.02_s0.5,25939962,2,21199.68744027216,1000
F_grdp_G_a_v0.02_s0.5,25939962,3,28591.597226774124,1000
F_grdp_G_a_v0.02_s0.5,25939962,4,48633.74154429146,320
F_grdp_G_a_v0.02_s0.5,591cc951,0,3872.918113603042,999
F_grdp_G_a_v0.02_s0.5,591cc951,1,16688.415473401783,1000
F_grdp_G_a_v0.02_s0.5,591cc951,2,74867.93665964642,1000
F_grdp_G_a_v0.02_s0.5,591cc951,3,158647.57312568396,1000
F_grdp_G_a_v0.02_s0.5,591cc951,4,65595.16878081307,610
F_grdp_G_a_v0.02_s0.5,7850c72e,0,254372.45400274,999
F_grdp_G_a_v0.02_s0.5,7850c72e,1,602141.2644931435,1000
F_grdp_G_a_v0.02_s0.5,7850c72e,2,389091.327636652,1000
F_grdp_G_a_v0.02_s0.5,7850c72e,3,587346.5431163468,1000
F_grdp_G_a_v0.02_s0.5,7850c72e,4,1219740.4385853414,1000
F_grdp_G_a_v0.02_s0.5,7850c72e,5,581917.5917192823,498
F_grdp_G_a_v0.02_s0.5,404c4384,0,4568.533616329521,911
F_grdp_G_a_v0.02_s0.5,dd7d638e,0,219.9473904655111,999
F_grdp_G_a_v0.02_s0.5,dd7d638e,1,7150.043611112539,1000
F_grdp_G_a_v0.02_s0.5,dd7d638e,2,2702.5860978159585,1000
F_grdp_G_a_v0.02_s0.5,dd7d638e,3,330.65979275898366,1000
F_grdp_G_a_v0.02_s0.5,dd7d638e,4,3680.669894226448,302
F_grdp_G_a_v0.02_s0.5,da3bfe4e,0,4226.40244647267,999
F_grdp_G_a_v0.02_s0.5,da3bfe4e,1,90382.87160889496,1000
F_grdp_G_a_v0.02_s0.5,da3bfe4e,2,96036.90407434003,1000
F_grdp_G_a_v0.02_s0.5,da3bfe4e,3,9639.538829068659,1000
F_grdp_G_a_v0.02_s0.5,da3bfe4e,4,54969.021565995405,1000
F_grdp_G_a_v0.02_s0.5,da3bfe4e,5,16636.743669494077,550
F_grdp_G_a_v0.02_s0.5,113011eb,0,56921.1609185896,999
F_grdp_G_a_v0.02_s0.5,113011eb,1,33313.64037070834,1000
F_grdp_G_a_v0.02_s0.5,113011eb,2,17895.1222828527,1000
F_grdp_G_a_v0.02_s0.5,113011eb,3,820.9820668709127,273
F_grdp_G_a_v0.02_s0.5,74b6186b,0,246.59130857035186,999
F_grdp_G_a_v0.02_s0.5,74b6186b,1,10908.661027913116,1000
F_grdp_G_a_v0.02_s0.5,74b6186b,2,26366.748595662895,1000
F_grdp_G_a_v0.02_s0.5,74b6186b,3,1021.9601525064521,406
F_grdp_G_a_v0.02_s0.5,3ef98781,0,21752.18230997108,999
F_grdp_G_a_v0.02_s0.5,3ef98781,1,7920.2894007028135,1000
F_grdp_G_a_v0.02_s0.5,3ef98781,2,43301.56403255293,1000
F_grdp_G_a_v0.02_s0.5,3ef98781,3,43737.81410003621,893
F_grdp_G_a_v0.02_s0.5,8b95d6d1,0,94471.31300000186,999
F_grdp_G_a_v0.02_s0.5,8b95d6d1,1,200560.00670000384,732
F_grdp_G_a_v0.02_s0.5,aee6393a,0,5457.808023889784,999
F_grdp_G_a_v0.02_s0.5,aee6393a,1,15467.256590879622,1000
F_grdp_G_a_v0.02_s0.5,aee6393a,2,5823.951752398006,1000
F_grdp_G_a_v0.02_s0.5,aee6393a,3,10147.046877998184,1000
F_grdp_G_a_v0.02_s0.5,aee6393a,4,3772.521196509746,1000
F_grdp_G_a_v0.02_s0.5,aee6393a,5,8734.038873047255,866
F_grdp_G_a_v0.02_s0.5,3f603129,0,117433.85297480716,999
F_grdp_G_a_v0.02_s0.5,3f603129,1,854434.7095575664,1000
F_grdp_G_a_v0.02_s0.5,3f603129,2,643164.6180116041,1000
F_grdp_G_a_v0.02_s0.5,3f603129,3,757828.4264079288,1000
F_grdp_G_a_v0.02_s0.5,3f603129,4,443138.1110291699,1000
F_grdp_G_a_v0.02_s0.5,3f603129,5,12150.063630304829,52
F_grdp_G_a_v0.02_s0.5,1f9afacb,0,4334.44984268664,999
F_grdp_G_a_v0.02_s0.5,1f9afacb,1,4193.281399823831,1000
F_grdp_G_a_v0.02_s0.5,1f9afacb,2,21842.91120637589,1000
F_grdp_G_a_v0.02_s0.5,1f9afacb,3,5372.7275624704,1000
F_grdp_G_a_v0.02_s0.5,1f9afacb,4,63.65697564592577,1000
F_grdp_G_a_v0.02_s0.5,1f9afacb,5,440.40775985947454,329
F_grdp_G_a_v0.02_s0.5,a3f71395,0,170229.86732894188,999
F_grdp_G_a_v0.02_s0.5,a3f71395,1,396932.90316105634,1000
F_grdp_G_a_v0.02_s0.5,a3f71395,2,226846.2262197676,1000
F_grdp_G_a_v0.02_s0.5,a3f71395,3,194608.97135158328,1000
F_grdp_G_a_v0.02_s0.5,a3f71395,4,20388.455023532402,1000
F_grdp_G_a_v0.02_s0.5,a3f71395,5,2991.4190325241398,544
F_grdp_G_a_v0.02_s0.5,01982c1d,0,3413.5773218741747,999
F_grdp_G_a_v0.02_s0.5,01982c1d,1,1382.839243217548,1000
F_grdp_G_a_v0.02_s0.5,01982c1d,2,2817.7153081205793,1000
F_grdp_G_a_v0.02_s0.5,01982c1d,3,4915.362125112274,942
F_grdp_G_a_v0.02_s0.5,c9e6734f,0,5260.577637771128,999
F_grdp_G_a_v0.02_s0.5,c9e6734f,1,4281.3132538133905,1000
F_grdp_G_a_v0.02_s0.5,c9e6734f,2,2388.498760834973,1000
F_grdp_G_a_v0.02_s0.5,c9e6734f,3,10791.992021368967,1000
F_grdp_G_a_v0.02_s0.5,c9e6734f,4,6233.76952537655,736
F_grdp_G_a_v0.02_s0.5,f439a621,0,3264.6068453685484,999
F_grdp_G_a_v0.02_s0.5,f439a621,1,4471.651745460567,1000
F_grdp_G_a_v0.02_s0.5,f439a621,2,53218.468927137845,822
F_grdp_G_a_v0.02_s0.5,98bc6f66,0,40619.3049942221,999
F_grdp_G_a_v0.02_s0.5,98bc6f66,1,177749.74874161373,1000
F_grdp_G_a_v0.02_s0.5,98bc6f66,2,218465.32080661837,1000
F_grdp_G_a_v0.02_s0.5,98bc6f66,3,248937.57008109175,1000
F_grdp_G_a_v0.02_s0.5,98bc6f66,4,370008.96537405404,1000
F_grdp_G_a_v0.02_s0.5,98bc6f66,5,161806.64237043157,1000
F_grdp_G_a_v0.02_s0.5,98bc6f66,6,7799.641290385724,64
F_grdp_G_a_v0.02_s0.5,e730c32b,0,8942.756701198792,999
F_grdp_G_a_v0.02_s0.5,e730c32b,1,14497.143150081003,1000
F_grdp_G_a_v0.02_s0.5,e730c32b,2,181979.8453455595,1000
F_grdp_G_a_v0.02_s0.5,e730c32b,3,149808.7956517384,1000
F_grdp_G_a_v0.02_s0.5,e730c32b,4,192077.8152306281,729
F_grdp_G_a_v0.02_s0.5,865033f8,0,5848.227891778515,999
F_grdp_G_a_v0.02_s0.5,865033f8,1,43417.14275778407,1000
F_grdp_G_a_v0.02_s0.5,865033f8,2,5057.958936487373,1000
F_grdp_G_a_v0.02_s0.5,865033f8,3,687.0941496054731,558
F_grdp_G_a_v0.02_s0.5,729665c0,0,85599.65721761562,999
F_grdp_G_a_v0.02_s0.5,729665c0,1,167233.81639345983,1000
F_grdp_G_a_v0.02_s0.5,729665c0,2,62183.404931745485,1000
F_grdp_G_a_v0.02_s0.5,729665c0,3,201825.61510140385,1000
F_grdp_G_a_v0.02_s0.5,729665c0,4,89830.23921664071,264
F_grdp_G_a_v0.02_s0.5,7cbbd047,0,51343.26968574038,999
F_grdp_G_a_v0.02_s0.5,7cbbd047,1,32092.634397067883,1000
F_grdp_G_a_v0.02_s0.5,7cbbd047,2,7929.018506970165,1000
F_grdp_G_a_v0.02_s0.5,7cbbd047,3,55704.44080511496,1000
F_grdp_G_a_v0.02_s0.5,7cbbd047,4,197150.48345781484,1000
F_grdp_G_a_v0.02_s0.5,7cbbd047,5,47731.3662898229,122
F_grdp_G_a_v0.02_s0.5,c70c0e01,0,898.8459365761869,999
F_grdp_G_a_v0.02_s0.5,c70c0e01,1,24068.28318717866,1000
F_grdp_G_a_v0.02_s0.5,c70c0e01,2,8780.853436562546,1000
F_grdp_G_a_v0.02_s0.5,c70c0e01,3,149024.35087358835,1000
F_grdp_G_a_v0.02_s0.5,c70c0e01,4,84186.73010951918,313
F_grdp_G_a_v0.02_s0.5,a87433c9,0,5262.996674014205,999
F_grdp_G_a_v0.02_s0.5,a87433c9,1,1489.2470481787898,1000
F_grdp_G_a_v0.02_s0.5,a87433c9,2,2422.727214213348,1000
F_grdp_G_a_v0.02_s0.5,a87433c9,3,3391.184591735356,1000
F_grdp_G_a_v0.02_s0.5,a87433c9,4,102278.74946065743,1000
F_grdp_G_a_v0.02_s0.5,a87433c9,5,372088.5200439663,722
F_grdp_G_a_v0.02_s0.5,f6bc699b,0,9078.103737716623,999
F_grdp_G_a_v0.02_s0.5,f6bc699b,1,103292.58265263725,1000
F_grdp_G_a_v0.02_s0.5,f6bc699b,2,37787.48148076858,1000
F_grdp_G_a_v0.02_s0.5,f6bc699b,3,158292.85317964086,753
F_grdp_G_a_v0.02_s0.5,8382f4b6,0,10895.64495680613,999
F_grdp_G_a_v0.02_s0.5,8382f4b6,1,11918.679143247778,1000
F_grdp_G_a_v0.02_s0.5,8382f4b6,2,1429.8085376120337,1000
F_grdp_G_a_v0.02_s0.5,8382f4b6,3,6203.998363280854,1000
F_grdp_G_a_v0.02_s0.5,8382f4b6,4,43544.62740470114,968
F_grdp_G_a_v0.02_s0.5,27c3155b,0,19264.94282968616,999
F_grdp_G_a_v0.02_s0.5,27c3155b,1,24164.52473649593,1000
F_grdp_G_a_v0.02_s0.5,27c3155b,2,90680.73229757904,1000
F_grdp_G_a_v0.02_s0.5,27c3155b,3,278237.6546484281,1000
F_grdp_G_a_v0.02_s0.5,27c3155b,4,76947.02374221126,959
F_grdp_G_a_v0.02_s0.5,398dce4b,0,432.5613685315952,999
F_grdp_G_a_v0.02_s0.5,398dce4b,1,19100.944212847946,1000
F_grdp_G_a_v0.02_s0.5,398dce4b,2,11199.870362280317,1000
F_grdp_G_a_v0.02_s0.5,398dce4b,3,149.3016160460681,167
F_grdp_G_a_v0.02_s0.5,2acc78d4,0,2135.5518000737884,999
F_grdp_G_a_v0.02_s0.5,2acc78d4,1,33238.81579610439,1000
F_grdp_G_a_v0.02_s0.5,2acc78d4,2,26233.693180154223,1000
F_grdp_G_a_v0.02_s0.5,2acc78d4,3,254818.0280133683,1000
F_grdp_G_a_v0.02_s0.5,2acc78d4,4,13352.795678763676,267
F_grdp_G_a_v0.02_s0.5,660d9546,0,2037.1973527815842,999
F_grdp_G_a_v0.02_s0.5,660d9546,1,3431.747245652375,1000
F_grdp_G_a_v0.02_s0.5,660d9546,2,6581.300890208102,1000
F_grdp_G_a_v0.02_s0.5,660d9546,3,139743.5834828519,1000
F_grdp_G_a_v0.02_s0.5,660d9546,4,98453.13848784946,733
F_grdp_G_a_v0.02_s0.5,cf50c9d1,0,97551.66727836445,999
F_grdp_G_a_v0.02_s0.5,cf50c9d1,1,298886.6199965474,1000
F_grdp_G_a_v0.02_s0.5,cf50c9d1,2,457071.6859532219,1000
F_grdp_G_a_v0.02_s0.5,cf50c9d1,3,321286.9618523836,1000
F_grdp_G_a_v0.02_s0.5,cf50c9d1,4,498125.6538639101,859
F_grdp_G_a_v0.02_s0.5,cb879f40,0,4660.802008060445,999
F_grdp_G_a_v0.02_s0.5,cb879f40,1,3771.112105367234,1000
F_grdp_G_a_v0.02_s0.5,cb879f40,2,24925.931849206732,1000
F_grdp_G_a_v0.02_s0.5,cb879f40,3,60792.21184134216,1000
F_grdp_G_a_v0.02_s0.5,cb879f40,4,30425.357216007695,1000
F_grdp_G_a_v0.02_s0.5,cb879f40,5,14368.497132626058,1000
F_grdp_G_a_v0.02_s0.5,cb879f40,6,3115.0148665485476,316
F_grdp_G_a_v0.02_s0.5,ecdab904,0,10575.866490517406,999
F_grdp_G_a_v0.02_s0.5,ecdab904,1,35323.514238354175,1000
F_grdp_G_a_v0.02_s0.5,ecdab904,2,4336.154498358931,1000
F_grdp_G_a_v0.02_s0.5,ecdab904,3,21692.236737539923,1000
F_grdp_G_a_v0.02_s0.5,ecdab904,4,2497.316515172168,1000
F_grdp_G_a_v0.02_s0.5,ecdab904,5,65602.3209064731,1000
F_grdp_G_a_v0.02_s0.5,ecdab904,6,53947.03466798189,148
F_grdp_G_a_v0.02_s0.5,aa95015b,0,3567.6367541596524,999
F_grdp_G_a_v0.02_s0.5,aa95015b,1,54574.46281632493,1000
F_grdp_G_a_v0.02_s0.5,aa95015b,2,79215.10052543411,1000
F_grdp_G_a_v0.02_s0.5,aa95015b,3,44268.5241131335,1000
F_grdp_G_a_v0.02_s0.5,aa95015b,4,31092.843398904115,301
F_grdp_G_a_v0.02_s0.5,c9fedcf3,0,2785.16722628851,999
F_grdp_G_a_v0.02_s0.5,c9fedcf3,1,15424.790836706767,1000
F_grdp_G_a_v0.02_s0.5,c9fedcf3,2,2812.4570134116257,1000
F_grdp_G_a_v0.02_s0.5,c9fedcf3,3,322.52604150022034,518
F_grdp_G_a_v0.02_s0.5,4a335117,0,37211.85218706417,999
F_grdp_G_a_v0.02_s0.5,4a335117,1,79995.83087300866,1000
F_grdp_G_a_v0.02_s0.5,4a335117,2,142896.91117813578,1000
F_grdp_G_a_v0.02_s0.5,4a335117,3,38073.54631344675,1000
F_grdp_G_a_v0.02_s0.5,4a335117,4,116973.38215438617,1000
F_grdp_G_a_v0.02_s0.5,4a335117,5,493.3973642506127,16
F_grdp_G_a_v0.02_s0.5,da940160,0,1248.1234243945516,999
F_grdp_G_a_v0.02_s0.5,da940160,1,932.5871303963474,1000
F_grdp_G_a_v0.02_s0.5,da940160,2,9041.921039236271,1000
F_grdp_G_a_v0.02_s0.5,da940160,3,14594.775450291208,1000
F_grdp_G_a_v0.02_s0.5,da940160,4,21725.667874261373,1000
F_grdp_G_a_v0.02_s0.5,da940160,5,6753.817308254871,133
F_grdp_G_a_v0.02_s0.5,272abef3,0,183.7970661295726,999
F_grdp_G_a_v0.02_s0.5,272abef3,1,110414.84613659405,1000
F_grdp_G_a_v0.02_s0.5,272abef3,2,268726.760547363,1000
F_grdp_G_a_v0.02_s0.5,272abef3,3,219657.31393258742,1000
F_grdp_G_a_v0.02_s0.5,272abef3,4,19986.46747026178,136
F_grdp_G_a_v0.02_s0.5,a056d01e,0,5183.995517715253,999
F_grdp_G_a_v0.02_s0.5,a056d01e,1,5111.05483668406,1000
F_grdp_G_a_v0.02_s0.5,a056d01e,2,7387.430190187764,1000
F_grdp_G_a_v0.02_s0.5,a056d01e,3,4233.216345743996,1000
F_grdp_G_a_v0.02_s0.5,a056d01e,4,74931.22677569525,1000
F_grdp_G_a_v0.02_s0.5,a056d01e,5,25238.252612595046,1000
F_grdp_G_a_v0.02_s0.5,a056d01e,6,3826.7132142326423,558
F_grdp_G_a_v0.02_s0.5,a4719920,0,12197.910830216313,999
F_grdp_G_a_v0.02_s0.5,a4719920,1,9905.499524936324,1000
F_grdp_G_a_v0.02_s0.5,a4719920,2,37158.12933635845,1000
F_grdp_G_a_v0.02_s0.5,a4719920,3,427015.23332231503,1000
F_grdp_G_a_v0.02_s0.5,a4719920,4,684444.2115813474,1000
F_grdp_G_a_v0.02_s0.5,a4719920,5,466941.11452479445,885
F_grdp_G_a_v0.02_s0.5,726f3dc2,0,18889.226412609485,999
F_grdp_G_a_v0.02_s0.5,726f3dc2,1,11854.482570158676,1000
F_grdp_G_a_v0.02_s0.5,726f3dc2,2,53761.181601965654,1000
F_grdp_G_a_v0.02_s0.5,726f3dc2,3,16245.787536403612,1000
F_grdp_G_a_v0.02_s0.5,726f3dc2,4,17417.225428804606,1000
F_grdp_G_a_v0.02_s0.5,726f3dc2,5,6883.854289294758,1000
F_grdp_G_a_v0.02_s0.5,726f3dc2,6,10887.619993235006,724
F_grdp_G_a_v0.02_s0.5,5cb483ac,0,1149.0121054026508,999
F_grdp_G_a_v0.02_s0.5,5cb483ac,1,28401.671686500948,1000
F_grdp_G_a_v0.02_s0.5,5cb483ac,2,6279.013945917694,1000
F_grdp_G_a_v0.02_s0.5,5cb483ac,3,1637.8661280138397,853
F_grdp_G_a_v0.02_s0.5,5bd25f59,0,2749.212340263307,999
F_grdp_G_a_v0.02_s0.5,5bd25f59,1,23521.11215134081,1000
F_grdp_G_a_v0.02_s0.5,5bd25f59,2,8554.679781255556,1000
F_grdp_G_a_v0.02_s0.5,5bd25f59,3,5119.071747497385,1000
F_grdp_G_a_v0.02_s0.5,5bd25f59,4,1525.9466356285589,211
F_grdp_G_a_v0.02_s0.5,79507629,0,1997.6304253447422,999
F_grdp_G_a_v0.02_s0.5,79507629,1,15293.589571419256,1000
F_grdp_G_a_v0.02_s0.5,79507629,2,130887.42952887078,1000
F_grdp_G_a_v0.02_s0.5,79507629,3,134785.04981018853,1000
F_grdp_G_a_v0.02_s0.5,79507629,4,220277.45872532701,1000
F_grdp_G_a_v0.02_s0.5,79507629,5,111537.08519173521,303
F_grdp_G_a_v0.02_s0.5,f4d12d23,0,4020.1003466079164,999
F_grdp_G_a_v0.02_s0.5,f4d12d23,1,19381.837635826887,1000
F_grdp_G_a_v0.02_s0.5,f4d12d23,2,8995.581364526415,1000
F_grdp_G_a_v0.02_s0.5,f4d12d23,3,28222.23154921358,702
F_grdp_G_a_v0.02_s0.5,3ef6372a,0,14702.975359064254,999
F_grdp_G_a_v0.02_s0.5,3ef6372a,1,4488.205294951459,1000
F_grdp_G_a_v0.02_s0.5,3ef6372a,2,7738.821508814757,1000
F_grdp_G_a_v0.02_s0.5,3ef6372a,3,63008.403347890904,1000
F_grdp_G_a_v0.02_s0.5,3ef6372a,4,9826.725853055288,728
F_grdp_G_a_v0.02_s0.5,18d24f7b,0,4242.397099893409,999
F_grdp_G_a_v0.02_s0.5,18d24f7b,1,7968.531761499624,1000
F_grdp_G_a_v0.02_s0.5,18d24f7b,2,33569.75221270098,1000
F_grdp_G_a_v0.02_s0.5,18d24f7b,3,122359.4319503225,1000
F_grdp_G_a_v0.02_s0.5,18d24f7b,4,89224.36838957998,559
F_grdp_G_a_v0.02_s0.5,fa31da94,0,8785.716362108566,999
F_grdp_G_a_v0.02_s0.5,fa31da94,1,490176.64038755355,1000
F_grdp_G_a_v0.02_s0.5,fa31da94,2,386200.7024575097,1000
F_grdp_G_a_v0.02_s0.5,fa31da94,3,7872.780425832287,1000
F_grdp_G_a_v0.02_s0.5,fa31da94,4,30368.76963176639,1000
F_grdp_G_a_v0.02_s0.5,fa31da94,5,2561.17354415557,28
F_grdp_G_a_v0.02_s0.5,cdc31d65,0,23423.324757318707,999
F_grdp_G_a_v0.02_s0.5,cdc31d65,1,25167.59304866602,1000
F_grdp_G_a_v0.02_s0.5,cdc31d65,2,4203.4555679997875,1000
F_grdp_G_a_v0.02_s0.5,cdc31d65,3,3265.67352045639,1000
F_grdp_G_a_v0.02_s0.5,cdc31d65,4,1071.2587629356713,841
F_grdp_G_a_v0.02_s0.5,c50b42f6,0,2963.510000488403,999
F_grdp_G_a_v0.02_s0.5,c50b42f6,1,12681.781287608039,1000
F_grdp_G_a_v0.02_s0.5,c50b42f6,2,54268.59993376567,1000
F_grdp_G_a_v0.02_s0.5,c50b42f6,3,8587.121963989526,1000
F_grdp_G_a_v0.02_s0.5,c50b42f6,4,17098.264731250525,1000
F_grdp_G_a_v0.02_s0.5,c50b42f6,5,2300.500160319294,1000
F_grdp_G_a_v0.02_s0.5,c50b42f6,6,42.275858007042515,15
F_grdp_G_a_v0.02_s0.5,19871e7f,0,534.3365552625111,999
F_grdp_G_a_v0.02_s0.5,19871e7f,1,2033.648805900943,1000
F_grdp_G_a_v0.02_s0.5,19871e7f,2,26386.96077182238,1000
F_grdp_G_a_v0.02_s0.5,19871e7f,3,58983.20437898411,1000
F_grdp_G_a_v0.02_s0.5,19871e7f,4,54913.18219651753,1000
F_grdp_G_a_v0.02_s0.5,19871e7f,5,13240.124721709399,294
F_grdp_G_a_v0.02_s0.5,8cc21f01,0,9572.976182142656,999
F_grdp_G_a_v0.02_s0.5,8cc21f01,1,50608.18748516489,1000
F_grdp_G_a_v0.02_s0.5,8cc21f01,2,10163.908728679664,1000
F_grdp_G_a_v0.02_s0.5,8cc21f01,3,38134.62574995155,1000
F_grdp_G_a_v0.02_s0.5,8cc21f01,4,1050.9537440160232,45
F_grdp_G_a_v0.02_s0.5,e7818f7a,0,2761.905932795856,999
F_grdp_G_a_v0.02_s0.5,e7818f7a,1,30984.37603969908,1000
F_grdp_G_a_v0.02_s0.5,e7818f7a,2,12717.024560102604,1000
F_grdp_G_a_v0.02_s0.5,e7818f7a,3,6214.822977480088,1000
F_grdp_G_a_v0.02_s0.5,e7818f7a,4,210714.10235788516,1000
F_grdp_G_a_v0.02_s0.5,e7818f7a,5,67223.59364063795,372
F_grdp_G_a_v0.02_s0.5,d543916f,0,681.3574460332615,999
F_grdp_G_a_v0.02_s0.5,d543916f,1,16930.02121767166,1000
F_grdp_G_a_v0.02_s0.5,d543916f,2,179248.12143090134,1000
F_grdp_G_a_v0.02_s0.5,d543916f,3,432965.2911347113,1000
F_grdp_G_a_v0.02_s0.5,d543916f,4,421657.8032059826,800
F_grdp_G_a_v0.02_s0.5,3aaa2b30,0,11306.1633761445,999
F_grdp_G_a_v0.02_s0.5,3aaa2b30,1,2332.31037876798,1000
F_grdp_G_a_v0.02_s0.5,3aaa2b30,2,23741.731633160805,1000
F_grdp_G_a_v0.02_s0.5,3aaa2b30,3,33082.012167014575,1000
F_grdp_G_a_v0.02_s0.5,3aaa2b30,4,128754.6485992316,712
F_grdp_G_a_v0.02_s0.5,fbd68d27,0,52789.08525340972,999
F_grdp_G_a_v0.02_s0.5,fbd68d27,1,41251.98924463184,1000
F_grdp_G_a_v0.02_s0.5,fbd68d27,2,90506.17325563946,1000
F_grdp_G_a_v0.02_s0.5,fbd68d27,3,206668.770822259,1000
F_grdp_G_a_v0.02_s0.5,fbd68d27,4,172291.75557097088,1000
F_grdp_G_a_v0.02_s0.5,fbd68d27,5,243181.6355008304,1000
F_grdp_G_a_v0.02_s0.5,fbd68d27,6,278543.5095945677,830
F_grdp_G_a_v0.02_s0.5,28473855,0,21139.604640527694,999
F_grdp_G_a_v0.02_s0.5,28473855,1,165468.61181034203,1000
F_grdp_G_a_v0.02_s0.5,28473855,2,78833.69124998344,1000
F_grdp_G_a_v0.02_s0.5,28473855,3,179041.7510486335,1000
F_grdp_G_a_v0.02_s0.5,28473855,4,133318.96501256712,291
F_grdp_G_a_v0.02_s0.5,c66be2b8,0,3949.5762573007064,999
F_grdp_G_a_v0.02_s0.5,c66be2b8,1,21012.110971691956,1000
F_grdp_G_a_v0.02_s0.5,c66be2b8,2,380058.63525151025,1000
F_grdp_G_a_v0.02_s0.5,c66be2b8,3,539917.021844099,1000
F_grdp_G_a_v0.02_s0.5,c66be2b8,4,74582.97948218149,155
F_grdp_G_a_v0.02_s0.5,82aab6d2,0,30670.87819384924,999
F_grdp_G_a_v0.02_s0.5,82aab6d2,1,9094.627905968402,1000
F_grdp_G_a_v0.02_s0.5,82aab6d2,2,28726.031162879215,1000
F_grdp_G_a_v0.02_s0.5,82aab6d2,3,2141.876797432027,1000
F_grdp_G_a_v0.02_s0.5,82aab6d2,4,4885.233723973384,1000
F_grdp_G_a_v0.02_s0.5,82aab6d2,5,4815.620287698814,1000
F_grdp_G_a_v0.02_s0.5,82aab6d2,6,27.421029765191715,141
F_grdp_G_a_v0.02_s0.5,044af7d1,0,40461.660582330114,999
F_grdp_G_a_v0.02_s0.5,044af7d1,1,13164.68182725425,1000
F_grdp_G_a_v0.02_s0.5,044af7d1,2,3520.2592961070304,1000
F_grdp_G_a_v0.02_s0.5,044af7d1,3,12891.928170400523,1000
F_grdp_G_a_v0.02_s0.5,044af7d1,4,9663.535040945933,520
F_grdp_G_a_v0.02_s0.5,d24ff243,0,4775.071700982058,999
F_grdp_G_a_v0.02_s0.5,d24ff243,1,3710.2364841367557,1000
F_grdp_G_a_v0.02_s0.5,d24ff243,2,46960.63959777949,1000
F_grdp_G_a_v0.02_s0.5,d24ff243,3,11254.619185923884,1000
F_grdp_G_a_v0.02_s0.5,d24ff243,4,4389.696878364517,1000
F_grdp_G_a_v0.02_s0.5,d24ff243,5,20766.183532266776,642
F_grdp_G_a_v0.02_s0.5,e03b45fd,0,1198.419956269588,999
F_grdp_G_a_v0.02_s0.5,e03b45fd,1,41767.687865614906,1000
F_grdp_G_a_v0.02_s0.5,e03b45fd,2,220057.26773525582,1000
F_grdp_G_a_v0.02_s0.5,e03b45fd,3,14047.922297773137,1000
F_grdp_G_a_v0.02_s0.5,e03b45fd,4,298868.1292775891,1000
F_grdp_G_a_v0.02_s0.5,e03b45fd,5,14052.508905838446,343
F_grdp_G_a_v0.02_s0.5,1770d7c6,0,1142.778138127774,999
F_grdp_G_a_v0.02_s0.5,1770d7c6,1,776.8446571772929,1000
F_grdp_G_a_v0.02_s0.5,1770d7c6,2,26084.24322584963,1000
F_grdp_G_a_v0.02_s0.5,1770d7c6,3,15597.219669322258,1000
F_grdp_G_a_v0.02_s0.5,1770d7c6,4,26017.324467535112,1000
F_grdp_G_a_v0.02_s0.5,1770d7c6,5,2945.3308862086274,1000
F_grdp_G_a_v0.02_s0.5,1770d7c6,6,1648.1764796571877,1000
F_grdp_G_a_v0.02_s0.5,1770d7c6,7,572.0630614122501,241
F_grdp_G_a_v0.02_s0.5,a79fd2e7,0,15495.027628004285,999
F_grdp_G_a_v0.02_s0.5,a79fd2e7,1,72817.28139196121,1000
F_grdp_G_a_v0.02_s0.5,a79fd2e7,2,44679.68435913308,1000
F_grdp_G_a_v0.02_s0.5,a79fd2e7,3,52995.64228241536,1000
F_grdp_G_a_v0.02_s0.5,a79fd2e7,4,223114.29430362504,405
F_grdp_G_a_v0.02_s0.5,00bbac68,0,35760.77619999154,999
F_grdp_G_a_v0.02_s0.5,00bbac68,1,86119.80759998808,1000
F_grdp_G_a_v0.02_s0.5,00bbac68,2,152947.58469998208,1000
F_grdp_G_a_v0.02_s0.5,00bbac68,3,25586.288299993364,1000
F_grdp_G_a_v0.02_s0.5,00bbac68,4,642817.2538000346,1000
F_grdp_G_a_v0.02_s0.5,00bbac68,5,451990.59960002836,1000
F_grdp_G_a_v0.02_s0.5,00bbac68,6,677.8115000001393,15
F_grdp_G_a_v0.02_s0.5,12203f2a,0,1058.3193910616676,999
F_grdp_G_a_v0.02_s0.5,12203f2a,1,9933.2107792311,1000
F_grdp_G_a_v0.02_s0.5,12203f2a,2,27693.30164929389,1000
F_grdp_G_a_v0.02_s0.5,12203f2a,3,9463.324827722678,262
F_grdp_G_a_v0.02_s0.5,d463e527,0,22108.035074249427,999
F_grdp_G_a_v0.02_s0.5,d463e527,1,31569.102952784662,1000
F_grdp_G_a_v0.02_s0.5,d463e527,2,30033.186964265133,1000
F_grdp_G_a_v0.02_s0.5,d463e527,3,105926.88277823069,1000
F_grdp_G_a_v0.02_s0.5,d463e527,4,84858.55103680133,768
F_grdp_G_a_v0.02_s0.5,b0d42b0d,0,308428.1688173146,999
F_grdp_G_a_v0.02_s0.5,b0d42b0d,1,615166.7701154811,1000
F_grdp_G_a_v0.02_s0.5,b0d42b0d,2,550196.2522209985,1000
F_grdp_G_a_v0.02_s0.5,b0d42b0d,3,575929.7015207036,1000
F_grdp_G_a_v0.02_s0.5,b0d42b0d,4,199327.06382128058,972
F_grdp_G_a_v0.02_s0.5,38991fd4,0,4219.337007623352,999
F_grdp_G_a_v0.02_s0.5,38991fd4,1,3453.5726971605714,1000
F_grdp_G_a_v0.02_s0.5,38991fd4,2,10389.25003605734,1000
F_grdp_G_a_v0.02_s0.5,38991fd4,3,139112.7785380302,1000
F_grdp_G_a_v0.02_s0.5,38991fd4,4,53196.293027818676,799
F_grdp_G_a_v0.02_s0.5,1b08ed48,0,2166.0406987176834,999
F_grdp_G_a_v0.02_s0.5,1b08ed48,1,748.1941912392203,1000
F_grdp_G_a_v0.02_s0.5,1b08ed48,2,765.9390785407164,1000
F_grdp_G_a_v0.02_s0.5,1b08ed48,3,287.5436500856417,1000
F_grdp_G_a_v0.02_s0.5,1b08ed48,4,9517.079765662293,1000
F_grdp_G_a_v0.02_s0.5,1b08ed48,5,50.555411652852065,619
F_grdp_G_a_v0.02_s0.5,6d1d74e1,0,136008.2283497588,999
F_grdp_G_a_v0.02_s0.5,6d1d74e1,1,102754.49281142821,1000
F_grdp_G_a_v0.02_s0.5,6d1d74e1,2,20606.51969201912,1000
F_grdp_G_a_v0.02_s0.5,6d1d74e1,3,3418.343001518663,1000
F_grdp_G_a_v0.02_s0.5,6d1d74e1,4,110984.32785803964,1000
F_grdp_G_a_v0.02_s0.5,6d1d74e1,5,342750.77163192886,831
F_grdp_G_a_v0.02_s0.5,647f2a41,0,2742.995252784214,999
F_grdp_G_a_v0.02_s0.5,647f2a41,1,769.9768273334638,1000
F_grdp_G_a_v0.02_s0.5,647f2a41,2,39063.30922875187,1000
F_grdp_G_a_v0.02_s0.5,647f2a41,3,21342.239747082105,882
F_grdp_G_a_v0.02_s0.5,a85bb86f,0,159645.23381839925,999
F_grdp_G_a_v0.02_s0.5,a85bb86f,1,370012.08628701145,1000
F_grdp_G_a_v0.02_s0.5,a85bb86f,2,207859.68308601918,1000
F_grdp_G_a_v0.02_s0.5,a85bb86f,3,15929.873816681915,100
F_grdp_G_a_v0.02_s0.5,a612d5a0,0,21739.792208116414,999
F_grdp_G_a_v0.02_s0.5,a612d5a0,1,128340.60717486494,1000
F_grdp_G_a_v0.02_s0.5,a612d5a0,2,153462.05666542338,1000
F_grdp_G_a_v0.02_s0.5,a612d5a0,3,256980.7936175642,1000
F_grdp_G_a_v0.02_s0.5,a612d5a0,4,200087.20299799758,1000
F_grdp_G_a_v0.02_s0.5,a612d5a0,5,83651.71453000174,330
F_grdp_G_a_v0.02_s0.5,b7974e66,0,6937.021807408234,999
F_grdp_G_a_v0.02_s0.5,b7974e66,1,4759.261650858757,1000
F_grdp_G_a_v0.02_s0.5,b7974e66,2,9942.38314942348,1000
F_grdp_G_a_v0.02_s0.5,b7974e66,3,9514.28890168683,1000
F_grdp_G_a_v0.02_s0.5,b7974e66,4,1639.5693229562062,1000
F_grdp_G_a_v0.02_s0.5,b7974e66,5,426.1047032044329,559
F_grdp_G_a_v0.02_s0.5,d6c320d9,0,14056.990806249527,999
F_grdp_G_a_v0.02_s0.5,d6c320d9,1,87461.82395726236,1000
F_grdp_G_a_v0.02_s0.5,d6c320d9,2,100453.33933027844,1000
F_grdp_G_a_v0.02_s0.5,d6c320d9,3,269272.37542513397,1000
F_grdp_G_a_v0.02_s0.5,d6c320d9,4,222432.27958417672,1000
F_grdp_G_a_v0.02_s0.5,d6c320d9,5,158158.1845212128,453
F_grdp_G_a_v0.02_s0.5,f03f10fe,0,27114.721497274793,999
F_grdp_G_a_v0.02_s0.5,f03f10fe,1,38855.71963804161,1000
F_grdp_G_a_v0.02_s0.5,f03f10fe,2,951.5791396356315,1000
F_grdp_G_a_v0.02_s0.5,f03f10fe,3,1349.5560521122845,1000
F_grdp_G_a_v0.02_s0.5,f03f10fe,4,336.8748737199346,146
F_grdp_G_a_v0.02_s0.5,d011f41b,0,9474.622866771717,999
F_grdp_G_a_v0.02_s0.5,d011f41b,1,5239.023833823756,1000
F_grdp_G_a_v0.02_s0.5,d011f41b,2,512.1781523259795,268
F_grdp_G_a_v0.02_s0.5,60e37807,0,11457.010496718702,999
F_grdp_G_a_v0.02_s0.5,60e37807,1,74264.33057423514,1000
F_grdp_G_a_v0.02_s0.5,60e37807,2,371095.3942347606,700
F_grdp_G_a_v0.02_s0.5,46dfcfca,0,2332.6052694410228,999
F_grdp_G_a_v0.02_s0.5,46dfcfca,1,8487.616914591381,1000
F_grdp_G_a_v0.02_s0.5,46dfcfca,2,2912.1274881042814,1000
F_grdp_G_a_v0.02_s0.5,46dfcfca,3,9224.312007987426,607
F_grdp_G_a_v0.02_s0.5,bc4381e2,0,62420.68198889461,999
F_grdp_G_a_v0.02_s0.5,bc4381e2,1,181358.6047302676,1000
F_grdp_G_a_v0.02_s0.5,bc4381e2,2,238042.78460621065,1000
F_grdp_G_a_v0.02_s0.5,bc4381e2,3,381260.7834237334,1000
F_grdp_G_a_v0.02_s0.5,bc4381e2,4,242336.12275898605,956
F_grdp_G_a_v0.02_s0.5,f8662c22,0,46516.07873426489,999
F_grdp_G_a_v0.02_s0.5,f8662c22,1,44558.76332640708,1000
F_grdp_G_a_v0.02_s0.5,f8662c22,2,106802.05375215466,1000
F_grdp_G_a_v0.02_s0.5,f8662c22,3,420510.30123750196,1000
F_grdp_G_a_v0.02_s0.5,f8662c22,4,327807.93835856614,1000
F_grdp_G_a_v0.02_s0.5,f8662c22,5,42154.8673840626,430
F_grdp_G_a_v0.02_s0.5,e14d641e,0,2812.3768316252335,999
F_grdp_G_a_v0.02_s0.5,e14d641e,1,4032.9976276837356,1000
F_grdp_G_a_v0.02_s0.5,e14d641e,2,18437.502233468316,1000
F_grdp_G_a_v0.02_s0.5,e14d641e,3,4834.472583484342,185
F_grdp_G_a_v0.02_s0.5,6e6d122c,0,2419.721519090751,999
F_grdp_G_a_v0.02_s0.5,6e6d122c,1,76742.25808389635,1000
F_grdp_G_a_v0.02_s0.5,6e6d122c,2,5958.778793403326,1000
F_grdp_G_a_v0.02_s0.5,6e6d122c,3,351.1143827272935,1000
F_grdp_G_a_v0.02_s0.5,6e6d122c,4,4421.600860683151,1000
F_grdp_G_a_v0.02_s0.5,6e6d122c,5,11923.91436003528,633
F_grdp_G_a_v0.02_s0.5,155887bb,0,39773.47910001494,999
F_grdp_G_a_v0.02_s0.5,155887bb,1,28116.232099987723,1000
F_grdp_G_a_v0.02_s0.5,155887bb,2,174515.37079996266,1000
F_grdp_G_a_v0.02_s0.5,155887bb,3,244258.1942999535,1000
F_grdp_G_a_v0.02_s0.5,155887bb,4,79345.03969997414,1000
F_grdp_G_a_v0.02_s0.5,155887bb,5,203096.59659997054,586
F_grdp_G_a_v0.02_s0.5,b3388334,0,21259.889226336993,999
F_grdp_G_a_v0.02_s0.5,b3388334,1,268715.0671442809,1000
F_grdp_G_a_v0.02_s0.5,b3388334,2,4217.891861236101,1000
F_grdp_G_a_v0.02_s0.5,b3388334,3,4134.434237955251,1000
F_grdp_G_a_v0.02_s0.5,b3388334,4,25757.34027508441,1000
F_grdp_G_a_v0.02_s0.5,b3388334,5,249761.22431254605,1000
F_grdp_G_a_v0.02_s0.5,b3388334,6,63949.139637207074,81
F_grdp_G_a_v0.02_s0.5,5a63b5d1,0,8630.886693951988,999
F_grdp_G_a_v0.02_s0.5,5a63b5d1,1,131053.87131190451,1000
F_grdp_G_a_v0.02_s0.5,5a63b5d1,2,33655.61506548977,1000
F_grdp_G_a_v0.02_s0.5,5a63b5d1,3,20943.096392234038,1000
F_grdp_G_a_v0.02_s0.5,5a63b5d1,4,18308.42079674593,1000
F_grdp_G_a_v0.02_s0.5,5a63b5d1,5,17595.08797082726,1000
F_grdp_G_a_v0.02_s0.5,5a63b5d1,6,1634.0625185431584,218
F_grdp_G_a_v0.02_s0.5,05a0ee4d,0,2412.682987149278,999
F_grdp_G_a_v0.02_s0.5,05a0ee4d,1,16473.482505830823,1000
F_grdp_G_a_v0.02_s0.5,05a0ee4d,2,19138.92465211502,1000
F_grdp_G_a_v0.02_s0.5,05a0ee4d,3,425978.8360940546,1000
F_grdp_G_a_v0.02_s0.5,05a0ee4d,4,65429.80353203638,349
F_grdp_G_a_v0.02_s0.5,95b559e7,0,25530.89389832202,999
F_grdp_G_a_v0.02_s0.5,95b559e7,1,203852.08966813466,1000
F_grdp_G_a_v0.02_s0.5,95b559e7,2,193714.31139936362,888
F_grdp_G_a_v0.02_s0.5,a85e4bc3,0,1427.6908139654047,999
F_grdp_G_a_v0.02_s0.5,a85e4bc3,1,177473.66720546945,1000
F_grdp_G_a_v0.02_s0.5,a85e4bc3,2,40344.86956290395,1000
F_grdp_G_a_v0.02_s0.5,a85e4bc3,3,30326.60096588454,1000
F_grdp_G_a_v0.02_s0.5,a85e4bc3,4,27239.03851920779,582
F_grdp_G_a_v0.02_s0.5,d0a43760,0,17573.241042439204,999
F_grdp_G_a_v0.02_s0.5,d0a43760,1,17706.294578030345,1000
F_grdp_G_a_v0.02_s0.5,d0a43760,2,883.2264256948009,1000
F_grdp_G_a_v0.02_s0.5,d0a43760,3,1081.2285834441088,1000
F_grdp_G_a_v0.02_s0.5,d0a43760,4,819.9476641360288,42
F_grdp_G_a_v0.02_s0.5,2ddad940,0,23396.399981993465,999
F_grdp_G_a_v0.02_s0.5,2ddad940,1,21123.663835253185,1000
F_grdp_G_a_v0.02_s0.5,2ddad940,2,3666.884891595392,1000
F_grdp_G_a_v0.02_s0.5,2ddad940,3,7997.430060562004,1000
F_grdp_G_a_v0.02_s0.5,2ddad940,4,28995.48227037364,1000
F_grdp_G_a_v0.02_s0.5,2ddad940,5,19589.193714721212,332
F_grdp_G_a_v0.02_s0.5,eb640a35,0,32093.421359946602,999
F_grdp_G_a_v0.02_s0.5,eb640a35,1,277689.0596319054,1000
F_grdp_G_a_v0.02_s0.5,eb640a35,2,140400.91616741504,1000
F_grdp_G_a_v0.02_s0.5,eb640a35,3,7921.610668003748,1000
F_grdp_G_a_v0.02_s0.5,eb640a35,4,28182.667642156357,1000
F_grdp_G_a_v0.02_s0.5,eb640a35,5,61371.821865231286,1000
F_grdp_G_a_v0.02_s0.5,eb640a35,6,2885.6786149594896,38
F_grdp_G_a_v0.02_s0.5,5f75f796,0,3754.1581556264277,999
F_grdp_G_a_v0.02_s0.5,5f75f796,1,1680.2347590189174,1000
F_grdp_G_a_v0.02_s0.5,5f75f796,2,7073.215805838739,1000
F_grdp_G_a_v0.02_s0.5,5f75f796,3,49632.70129965205,1000
F_grdp_G_a_v0.02_s0.5,5f75f796,4,69857.9944753022,1000
F_grdp_G_a_v0.02_s0.5,5f75f796,5,3542.364047318056,563
F_grdp_G_a_v0.02_s0.5,9ab94eeb,0,21833.55781460776,999
F_grdp_G_a_v0.02_s0.5,9ab94eeb,1,45344.283665345865,1000
F_grdp_G_a_v0.02_s0.5,9ab94eeb,2,70915.26039243137,1000
F_grdp_G_a_v0.02_s0.5,9ab94eeb,3,5999.515427243978,1000
F_grdp_G_a_v0.02_s0.5,9ab94eeb,4,11406.715871754128,443
F_grdp_G_a_v0.02_s0.5,b04b58a3,0,53022.73200724438,999
F_grdp_G_a_v0.02_s0.5,b04b58a3,1,402366.85600047,1000
F_grdp_G_a_v0.02_s0.5,b04b58a3,2,37941.75151159561,1000
F_grdp_G_a_v0.02_s0.5,b04b58a3,3,5808.425278619108,403
F_grdp_G_a_v0.02_s0.5,65a5466a,0,34373.53398822606,999
F_grdp_G_a_v0.02_s0.5,65a5466a,1,174746.87940055167,1000
F_grdp_G_a_v0.02_s0.5,65a5466a,2,112047.31474482283,1000
F_grdp_G_a_v0.02_s0.5,65a5466a,3,25956.471041890614,1000
F_grdp_G_a_v0.02_s0.5,65a5466a,4,4709.623762800068,684
F_grdp_G_a_v0.02_s0.5,d0cb63ae,0,5234.438500103395,999
F_grdp_G_a_v0.02_s0.5,d0cb63ae,1,174041.50429389745,1000
F_grdp_G_a_v0.02_s0.5,d0cb63ae,2,309568.7777809925,1000
F_grdp_G_a_v0.02_s0.5,d0cb63ae,3,105704.39452868677,1000
F_grdp_G_a_v0.02_s0.5,d0cb63ae,4,251527.57956760115,1000
F_grdp_G_a_v0.02_s0.5,d0cb63ae,5,50884.28447387704,224
F_grdp_G_a_v0.02_s0.5,43b06c70,0,63338.50556247167,999
F_grdp_G_a_v0.02_s0.5,43b06c70,1,27512.2229820003,1000
F_grdp_G_a_v0.02_s0.5,43b06c70,2,20129.728317188066,1000
F_grdp_G_a_v0.02_s0.5,43b06c70,3,158830.38194837925,1000
F_grdp_G_a_v0.02_s0.5,43b06c70,4,36679.67321366802,847
F_grdp_G_a_v0.02_s0.5,0e5e560d,0,24067.633661765027,999
F_grdp_G_a_v0.02_s0.5,0e5e560d,1,43202.77116072885,1000
F_grdp_G_a_v0.02_s0.5,0e5e560d,2,49600.097913168334,1000
F_grdp_G_a_v0.02_s0.5,0e5e560d,3,107084.9401538301,254
F_grdp_G_a_v0.02_s0.5,5f6756c5,0,80022.77870390058,999
F_grdp_G_a_v0.02_s0.5,5f6756c5,1,37013.76539035775,1000
F_grdp_G_a_v0.02_s0.5,5f6756c5,2,21306.833260657426,1000
F_grdp_G_a_v0.02_s0.5,5f6756c5,3,29517.460800922436,1000
F_grdp_G_a_v0.02_s0.5,5f6756c5,4,140874.23731611363,1000
F_grdp_G_a_v0.02_s0.5,5f6756c5,5,91248.38000939865,932
F_grdp_G_a_v0.02_s0.5,6d590e26,0,100600.94066138045,999
F_grdp_G_a_v0.02_s0.5,6d590e26,1,104121.096447203,1000
F_grdp_G_a_v0.02_s0.5,6d590e26,2,8912.048996274305,1000
F_grdp_G_a_v0.02_s0.5,6d590e26,3,33273.415531691106,1000
F_grdp_G_a_v0.02_s0.5,6d590e26,4,2931.550887982267,1000
F_grdp_G_a_v0.02_s0.5,6d590e26,5,1621.9759033066473,1000
F_grdp_G_a_v0.02_s0.5,6d590e26,6,9.73932265961736,97
F_grdp_G_a_v0.02_s0.5,b881d27e,0,5035.947517230896,999
F_grdp_G_a_v0.02_s0.5,b881d27e,1,3076.8378784467536,1000
F_grdp_G_a_v0.02_s0.5,b881d27e,2,21006.919111948362,1000
F_grdp_G_a_v0.02_s0.5,b881d27e,3,34230.29857019984,1000
F_grdp_G_a_v0.02_s0.5,b881d27e,4,608.2964064875409,10
F_grdp_G_a_v0.02_s0.5,729e9750,0,1496.0032747838657,999
F_grdp_G_a_v0.02_s0.5,729e9750,1,7905.983793860102,1000
F_grdp_G_a_v0.02_s0.5,729e9750,2,1406.1585719713974,1000
F_grdp_G_a_v0.02_s0.5,729e9750,3,1469.7466356548516,1000
F_grdp_G_a_v0.02_s0.5,729e9750,4,40067.070833722966,1000
F_grdp_G_a_v0.02_s0.5,729e9750,5,20695.568507443382,920
F_grdp_G_a_v0.02_s0.5,3c3dbcbc,0,8262.099315221387,999
F_grdp_G_a_v0.02_s0.5,3c3dbcbc,1,37243.5399032178,1000
F_grdp_G_a_v0.02_s0.5,3c3dbcbc,2,70309.41704425197,1000
F_grdp_G_a_v0.02_s0.5,3c3dbcbc,3,11442.637257365339,1000
F_grdp_G_a_v0.02_s0.5,3c3dbcbc,4,7200.268033420358,1000
F_grdp_G_a_v0.02_s0.5,3c3dbcbc,5,14.331453889901487,70
F_grdp_G_a_v0.02_s0.5,13ce113d,0,1778.563568975905,999
F_grdp_G_a_v0.02_s0.5,13ce113d,1,4946.836611256463,1000
F_grdp_G_a_v0.02_s0.5,13ce113d,2,12728.160793325036,967
F_grdp_G_a_v0.02_s0.5,ad2133a8,0,73013.0839001289,999
F_grdp_G_a_v0.02_s0.5,ad2133a8,1,154620.09732729613,1000
F_grdp_G_a_v0.02_s0.5,ad2133a8,2,320205.2812404129,1000
F_grdp_G_a_v0.02_s0.5,ad2133a8,3,534730.985035056,1000
F_grdp_G_a_v0.02_s0.5,ad2133a8,4,468841.5697403225,1000
F_grdp_G_a_v0.02_s0.5,ad2133a8,5,36038.96560885471,730
F_grdp_G_a_v0.02_s0.5,23b9beb0,0,14931.285753155464,999
F_grdp_G_a_v0.02_s0.5,23b9beb0,1,16597.5441384812,1000
F_grdp_G_a_v0.02_s0.5,23b9beb0,2,2300.478478859816,1000
F_grdp_G_a_v0.02_s0.5,23b9beb0,3,27099.811345493472,1000
F_grdp_G_a_v0.02_s0.5,23b9beb0,4,16425.765847454764,1000
F_grdp_G_a_v0.02_s0.5,23b9beb0,5,655.8168015377521,1000
F_grdp_G_a_v0.02_s0.5,23b9beb0,6,1990.3825628387708,1000
F_grdp_G_a_v0.02_s0.5,23b9beb0,7,609.8242423778917,341
F_grdp_G_a_v0.02_s0.5,e737965a,0,47028.94683171047,999
F_grdp_G_a_v0.02_s0.5,e737965a,1,40652.654533868124,1000
F_grdp_G_a_v0.02_s0.5,e737965a,2,53406.99669706667,1000
F_grdp_G_a_v0.02_s0.5,e737965a,3,9418.03329549375,1000
F_grdp_G_a_v0.02_s0.5,e737965a,4,54107.079988673046,1000
F_grdp_G_a_v0.02_s0.5,e737965a,5,36788.73344179953,956
F_grdp_G_a_v0.02_s0.5,da2d4d7c,0,609.7121257387224,999
F_grdp_G_a_v0.02_s0.5,da2d4d7c,1,3518.0485210081247,1000
F_grdp_G_a_v0.02_s0.5,da2d4d7c,2,1844.9757853323506,115
F_grdp_G_a_v0.02_s0.5,11d0f5ac,0,503.2067923227133,999
F_grdp_G_a_v0.02_s0.5,11d0f5ac,1,38577.41051345043,1000
F_grdp_G_a_v0.02_s0.5,11d0f5ac,2,69564.01635910606,1000
F_grdp_G_a_v0.02_s0.5,11d0f5ac,3,66873.89991736824,1000
F_grdp_G_a_v0.02_s0.5,11d0f5ac,4,45047.89113222741,884
F_grdp_G_a_v0.02_s0.5,bb337fa0,0,88446.59066327097,999
F_grdp_G_a_v0.02_s0.5,bb337fa0,1,68531.46685698649,1000
F_grdp_G_a_v0.02_s0.5,bb337fa0,2,137454.57252204182,1000
F_grdp_G_a_v0.02_s0.5,bb337fa0,3,105338.06721283452,1000
F_grdp_G_a_v0.02_s0.5,bb337fa0,4,245351.60895041534,1000
F_grdp_G_a_v0.02_s0.5,bb337fa0,5,764841.3866225851,1000
F_grdp_G_a_v0.02_s0.5,bb337fa0,6,815126.0337366854,874
F_grdp_G_a_v0.02_s0.5,8050c789,0,27838.280750911334,999
F_grdp_G_a_v0.02_s0.5,8050c789,1,368057.10769555357,1000
F_grdp_G_a_v0.02_s0.5,8050c789,2,416468.65036676876,1000
F_grdp_G_a_v0.02_s0.5,8050c789,3,34153.49209350176,78
F_grdp_G_a_v0.02_s0.5,b32e4903,0,20835.591552955688,999
F_grdp_G_a_v0.02_s0.5,b32e4903,1,21853.53501782826,1000
F_grdp_G_a_v0.02_s0.5,b32e4903,2,2926.6200453819265,1000
F_grdp_G_a_v0.02_s0.5,b32e4903,3,16659.030743808722,1000
F_grdp_G_a_v0.02_s0.5,b32e4903,4,14246.208766111056,1000
F_grdp_G_a_v0.02_s0.5,b32e4903,5,11630.000564862903,771
F_grdp_G_a_v0.02_s0.5,5aef5c6c,0,17430.311580371108,999
F_grdp_G_a_v0.02_s0.5,5aef5c6c,1,117480.2349507381,1000
F_grdp_G_a_v0.02_s0.5,5aef5c6c,2,36692.93163707088,1000
F_grdp_G_a_v0.02_s0.5,5aef5c6c,3,11979.623042650424,122
F_grdp_G_a_v0.02_s0.5,e25f1537,0,42629.20884447081,999
F_grdp_G_a_v0.02_s0.5,e25f1537,1,71666.84973214549,1000
F_grdp_G_a_v0.02_s0.5,e25f1537,2,286907.42906677484,1000
F_grdp_G_a_v0.02_s0.5,e25f1537,3,59885.449974619274,178
F_grdp_G_a_v0.02_s0.5,67847288,0,2472.12296951855,999
F_grdp_G_a_v0.02_s0.5,67847288,1,3151.2802012241905,1000
F_grdp_G_a_v0.02_s0.5,67847288,2,10051.800382693802,1000
F_grdp_G_a_v0.02_s0.5,67847288,3,47987.37651310829,1000
F_grdp_G_a_v0.02_s0.5,67847288,4,71061.95035418599,1000
F_grdp_G_a_v0.02_s0.5,67847288,5,8222.759263162983,1000
F_grdp_G_a_v0.02_s0.5,67847288,6,8555.629002374999,1000
F_grdp_G_a_v0.02_s0.5,67847288,7,20145.120006585563,430
F_grdp_G_a_v0.02_s0.5,276b012a,0,3173.987717364688,999
F_grdp_G_a_v0.02_s0.5,276b012a,1,69630.20438601155,1000
F_grdp_G_a_v0.02_s0.5,276b012a,2,32186.584563427285,1000
F_grdp_G_a_v0.02_s0.5,276b012a,3,115401.3875855318,1000
F_grdp_G_a_v0.02_s0.5,276b012a,4,131618.6428763118,838
F_grdp_G_a_v0.02_s0.5,f9fc81aa,0,184.17041123460118,999
F_grdp_G_a_v0.02_s0.5,f9fc81aa,1,554.6267710637793,1000
F_grdp_G_a_v0.02_s0.5,f9fc81aa,2,65002.68836525223,1000
F_grdp_G_a_v0.02_s0.5,f9fc81aa,3,65996.37126508502,1000
F_grdp_G_a_v0.02_s0.5,f9fc81aa,4,1322.8318609470148,1000
F_grdp_G_a_v0.02_s0.5,f9fc81aa,5,6062.359735465857,599
F_grdp_G_a_v0.02_s0.5,9719aa04,0,6242.533807566772,999
F_grdp_G_a_v0.02_s0.5,9719aa04,1,62049.93930898954,1000
F_grdp_G_a_v0.02_s0.5,9719aa04,2,121249.1078768608,1000
F_grdp_G_a_v0.02_s0.5,9719aa04,3,244415.83384700818,1000
F_grdp_G_a_v0.02_s0.5,9719aa04,4,50168.379688211455,872
F_grdp_G_a_v0.02_s0.5,a622ce4d,0,15473.236347703578,999
F_grdp_G_a_v0.02_s0.5,a622ce4d,1,47776.04727040937,1000
F_grdp_G_a_v0.02_s0.5,a622ce4d,2,2610.886931509499,1000
F_grdp_G_a_v0.02_s0.5,a622ce4d,3,51504.79533573671,1000
F_grdp_G_a_v0.02_s0.5,a622ce4d,4,39188.830324867,1000
F_grdp_G_a_v0.02_s0.5,a622ce4d,5,62774.75031358429,1000
F_grdp_G_a_v0.02_s0.5,a622ce4d,6,23838.400748567477,299
F_grdp_G_a_v0.02_s0.5,af7a59ce,0,4622.088701313884,999
F_grdp_G_a_v0.02_s0.5,af7a59ce,1,8762.842459577254,1000
F_grdp_G_a_v0.02_s0.5,af7a59ce,2,5330.72309924167,1000
F_grdp_G_a_v0.02_s0.5,af7a59ce,3,372.247288396968,25
F_grdp_G_a_v0.02_s0.5,2ee0235b,0,34702.32119696921,999
F_grdp_G_a_v0.02_s0.5,2ee0235b,1,12776.163470523012,1000
F_grdp_G_a_v0.02_s0.5,2ee0235b,2,10339.04999099903,1000
F_grdp_G_a_v0.02_s0.5,2ee0235b,3,12614.191014545093,1000
F_grdp_G_a_v0.02_s0.5,2ee0235b,4,5583.799637844066,1000
F_grdp_G_a_v0.02_s0.5,2ee0235b,5,2472.488459059736,557
F_grdp_G_a_v0.02_s0.5,ec0d597b,0,490.5579294101104,999
F_grdp_G_a_v0.02_s0.5,ec0d597b,1,2509.7279063179712,1000
F_grdp_G_a_v0.02_s0.5,ec0d597b,2,353488.2511102512,1000
F_grdp_G_a_v0.02_s0.5,ec0d597b,3,535451.891191263,1000
F_grdp_G_a_v0.02_s0.5,ec0d597b,4,34245.95429484072,617
F_grdp_G_a_v0.02_s0.5,b8c49c1a,0,12526.463161521198,999
F_grdp_G_a_v0.02_s0.5,b8c49c1a,1,4319.282125363849,1000
F_grdp_G_a_v0.02_s0.5,b8c49c1a,2,7015.741478687253,1000
F_grdp_G_a_v0.02_s0.5,b8c49c1a,3,13696.817974643409,1000
F_grdp_G_a_v0.02_s0.5,b8c49c1a,4,35036.49500060325,320
F_grdp_G_a_v0.02_s0.5,cd7f1687,0,1082.667728522882,999
F_grdp_G_a_v0.02_s0.5,cd7f1687,1,29058.465480032144,1000
F_grdp_G_a_v0.02_s0.5,cd7f1687,2,48768.98195949531,1000
F_grdp_G_a_v0.02_s0.5,cd7f1687,3,118801.85311808051,1000
F_grdp_G_a_v0.02_s0.5,cd7f1687,4,4874.6533427951945,233
F_grdp_G_a_v0.02_s0.5,d9ae59b2,0,7443.046883469079,999
F_grdp_G_a_v0.02_s0.5,d9ae59b2,1,34482.89680787523,1000
F_grdp_G_a_v0.02_s0.5,d9ae59b2,2,35111.865118901485,1000
F_grdp_G_a_v0.02_s0.5,d9ae59b2,3,57531.90199587983,649
