model,well,bucket_kft,sse,n
G_dipaxis_s0.1,fc0d20b2,0,308.28504925362387,999
G_dipaxis_s0.1,fc0d20b2,1,951.8138129595123,1000
G_dipaxis_s0.1,fc0d20b2,2,18808.746018292935,1000
G_dipaxis_s0.1,fc0d20b2,3,79837.53573445707,955
G_dipaxis_s0.15,fc0d20b2,0,176.2935729012041,999
G_dipaxis_s0.15,fc0d20b2,1,807.4842595990392,1000
G_dipaxis_s0.15,fc0d20b2,2,13836.691245151553,1000
G_dipaxis_s0.15,fc0d20b2,3,58981.08392059504,955
G_dipaxis_s0.2,fc0d20b2,0,129.6705515796292,999
G_dipaxis_s0.2,fc0d20b2,1,960.9066215566131,1000
G_dipaxis_s0.2,fc0d20b2,2,9895.319063080326,1000
G_dipaxis_s0.2,fc0d20b2,3,41363.90392670871,955
G_dipaxis_s0.1,be35c8f2,0,382935.9592157141,999
G_dipaxis_s0.1,be35c8f2,1,586415.4067774309,1000
G_dipaxis_s0.1,be35c8f2,2,250413.43126447583,1000
G_dipaxis_s0.1,be35c8f2,3,5107.038237762837,1000
G_dipaxis_s0.1,be35c8f2,4,3746.9988918325375,227
G_dipaxis_s0.15,be35c8f2,0,386797.9257571303,999
G_dipaxis_s0.15,be35c8f2,1,587674.1919949256,1000
G_dipaxis_s0.15,be35c8f2,2,247306.64758038055,1000
G_dipaxis_s0.15,be35c8f2,3,5774.553524642377,1000
G_dipaxis_s0.15,be35c8f2,4,4474.298285060453,227
G_dipaxis_s0.2,be35c8f2,0,390705.42450868967,999
G_dipaxis_s0.2,be35c8f2,1,588975.9322189362,1000
G_dipaxis_s0.2,be35c8f2,2,244226.09564461504,1000
G_dipaxis_s0.2,be35c8f2,3,6821.3949559219645,1000
G_dipaxis_s0.2,be35c8f2,4,5275.5112260398655,227
G_dipaxis_s0.1,90386ee4,0,466.8417243449446,999
G_dipaxis_s0.1,90386ee4,1,34230.07089824108,1000
G_dipaxis_s0.1,90386ee4,2,14250.141047430452,1000
G_dipaxis_s0.1,90386ee4,3,23643.949925306122,841
G_dipaxis_s0.15,90386ee4,0,504.1897392055424,999
G_dipaxis_s0.15,90386ee4,1,32381.379418181667,1000
G_dipaxis_s0.15,90386ee4,2,13867.828377692736,1000
G_dipaxis_s0.15,90386ee4,3,22101.251920518378,841
G_dipaxis_s0.2,90386ee4,0,551.7392463506228,999
G_dipaxis_s0.2,90386ee4,1,30620.916349536845,1000
G_dipaxis_s0.2,90386ee4,2,13533.376623387161,1000
G_dipaxis_s0.2,90386ee4,3,20610.92710636225,841
G_dipaxis_s0.1,4b831d20,0,155252.26349194205,999
G_dipaxis_s0.1,4b831d20,1,64452.697956947675,1000
G_dipaxis_s0.1,4b831d20,2,11587.525250030914,1000
G_dipaxis_s0.1,4b831d20,3,7913.664490610167,1000
G_dipaxis_s0.1,4b831d20,4,21332.117137839687,1000
G_dipaxis_s0.1,4b831d20,5,32917.83254804465,1000
G_dipaxis_s0.1,4b831d20,6,173266.466157256,1000
G_dipaxis_s0.1,4b831d20,7,12609.350411265896,313
G_dipaxis_s0.15,4b831d20,0,152180.3494841865,999
G_dipaxis_s0.15,4b831d20,1,63109.85227315831,1000
G_dipaxis_s0.15,4b831d20,2,10907.676488325833,1000
G_dipaxis_s0.15,4b831d20,3,7335.479130902411,1000
G_dipaxis_s0.15,4b831d20,4,19190.644950369977,1000
G_dipaxis_s0.15,4b831d20,5,29214.19828062932,1000
G_dipaxis_s0.15,4b831d20,6,161637.62559619735,1000
G_dipaxis_s0.15,4b831d20,7,10691.343053392588,313
G_dipaxis_s0.2,4b831d20,0,149139.29201701217,999
G_dipaxis_s0.2,4b831d20,1,61782.50640903969,1000
G_dipaxis_s0.2,4b831d20,2,10249.189976972553,1000
G_dipaxis_s0.2,4b831d20,3,6782.392273931686,1000
G_dipaxis_s0.2,4b831d20,4,17170.19482794581,1000
G_dipaxis_s0.2,4b831d20,5,25779.148746470655,1000
G_dipaxis_s0.2,4b831d20,6,150426.16874025064,1000
G_dipaxis_s0.2,4b831d20,7,8948.847846920462,313
G_dipaxis_s0.1,fd8f77fa,0,252691.33906563374,999
G_dipaxis_s0.1,fd8f77fa,1,247386.34873055172,1000
G_dipaxis_s0.1,fd8f77fa,2,893047.5282533802,1000
G_dipaxis_s0.1,fd8f77fa,3,1225157.857806103,1000
G_dipaxis_s0.1,fd8f77fa,4,577158.3399024057,1000
G_dipaxis_s0.1,fd8f77fa,5,28450.818794751853,273
G_dipaxis_s0.15,fd8f77fa,0,228155.23574931893,999
G_dipaxis_s0.15,fd8f77fa,1,231121.3791828722,1000
G_dipaxis_s0.15,fd8f77fa,2,826002.7506459757,1000
G_dipaxis_s0.15,fd8f77fa,3,1101251.6302091153,1000
G_dipaxis_s0.15,fd8f77fa,4,480833.94760102395,1000
G_dipaxis_s0.15,fd8f77fa,5,19973.92563379467,273
G_dipaxis_s0.2,fd8f77fa,0,204898.70663358594,999
G_dipaxis_s0.2,fd8f77fa,1,215503.68762655876,1000
G_dipaxis_s0.2,fd8f77fa,2,761671.8609491818,1000
G_dipaxis_s0.2,fd8f77fa,3,984072.0679454452,1000
G_dipaxis_s0.2,fd8f77fa,4,393447.7831979275,1000
G_dipaxis_s0.2,fd8f77fa,5,13005.364200615171,273
G_dipaxis_s0.1,cc08aa63,0,35590.4444990881,999
G_dipaxis_s0.1,cc08aa63,1,329910.02108484815,1000
G_dipaxis_s0.1,cc08aa63,2,314361.83816754573,1000
G_dipaxis_s0.1,cc08aa63,3,85183.7741277196,275
G_dipaxis_s0.15,cc08aa63,0,34605.255837383396,999
G_dipaxis_s0.15,cc08aa63,1,319727.54522323975,1000
G_dipaxis_s0.15,cc08aa63,2,307593.5266631819,1000
G_dipaxis_s0.15,cc08aa63,3,84462.2411785849,275
G_dipaxis_s0.2,cc08aa63,0,33635.458030734495,999
G_dipaxis_s0.2,cc08aa63,1,309708.42160189425,1000
G_dipaxis_s0.2,cc08aa63,2,300916.55801827466,1000
G_dipaxis_s0.2,cc08aa63,3,83743.78701289659,275
G_dipaxis_s0.1,dc7da28f,0,12558.067372410746,999
G_dipaxis_s0.1,dc7da28f,1,7577.331481372047,1000
G_dipaxis_s0.1,dc7da28f,2,64459.9101141468,1000
G_dipaxis_s0.1,dc7da28f,3,266555.14990843285,1000
G_dipaxis_s0.1,dc7da28f,4,283231.5426039048,775
G_dipaxis_s0.15,dc7da28f,0,10891.186015905445,999
G_dipaxis_s0.15,dc7da28f,1,7218.645448163157,1000
G_dipaxis_s0.15,dc7da28f,2,75620.85477087638,1000
G_dipaxis_s0.15,dc7da28f,3,313269.38823628635,1000
G_dipaxis_s0.15,dc7da28f,4,344460.379893284,775
G_dipaxis_s0.2,dc7da28f,0,9366.426165845553,999
G_dipaxis_s0.2,dc7da28f,1,7298.245895400008,1000
G_dipaxis_s0.2,dc7da28f,2,87739.5074195211,1000
G_dipaxis_s0.2,dc7da28f,3,363820.1865511238,1000
G_dipaxis_s0.2,dc7da28f,4,411761.9633126875,775
G_dipaxis_s0.1,7cd4bb31,0,34975.800066622294,999
G_dipaxis_s0.1,7cd4bb31,1,57871.747417843195,1000
G_dipaxis_s0.1,7cd4bb31,2,38989.492654118934,1000
G_dipaxis_s0.1,7cd4bb31,3,8922.774084023593,1000
G_dipaxis_s0.1,7cd4bb31,4,12131.265372354053,1000
G_dipaxis_s0.1,7cd4bb31,5,4302.2599057545485,1000
G_dipaxis_s0.1,7cd4bb31,6,4667.947201850158,440
G_dipaxis_s0.15,7cd4bb31,0,33158.80889791398,999
G_dipaxis_s0.15,7cd4bb31,1,56894.793249666654,1000
G_dipaxis_s0.15,7cd4bb31,2,38154.152641154644,1000
G_dipaxis_s0.15,7cd4bb31,3,9068.636690671898,1000
G_dipaxis_s0.15,7cd4bb31,4,12145.878002357333,1000
G_dipaxis_s0.15,7cd4bb31,5,3291.2922868521355,1000
G_dipaxis_s0.15,7cd4bb31,6,3755.390069053142,440
G_dipaxis_s0.2,7cd4bb31,0,31392.082550093965,999
G_dipaxis_s0.2,7cd4bb31,1,55931.06918211017,1000
G_dipaxis_s0.2,7cd4bb31,2,37329.14525746507,1000
G_dipaxis_s0.2,7cd4bb31,3,9216.043042519826,1000
G_dipaxis_s0.2,7cd4bb31,4,12178.358060481773,1000
G_dipaxis_s0.2,7cd4bb31,5,2427.2264709228252,1000
G_dipaxis_s0.2,7cd4bb31,6,2945.1714435184763,440
G_dipaxis_s0.1,cdc60a53,0,79105.14552721541,999
G_dipaxis_s0.1,cdc60a53,1,90404.54500844475,1000
G_dipaxis_s0.1,cdc60a53,2,13953.852664906424,1000
G_dipaxis_s0.1,cdc60a53,3,19952.08787310934,1000
G_dipaxis_s0.1,cdc60a53,4,13775.392036727162,1000
G_dipaxis_s0.1,cdc60a53,5,16585.269667249573,879
G_dipaxis_s0.15,cdc60a53,0,77751.65855477974,999
G_dipaxis_s0.15,cdc60a53,1,90159.61295963898,1000
G_dipaxis_s0.15,cdc60a53,2,13831.93912847903,1000
G_dipaxis_s0.15,cdc60a53,3,19154.34391260568,1000
G_dipaxis_s0.15,cdc60a53,4,13300.467005667508,1000
G_dipaxis_s0.15,cdc60a53,5,16635.91929822704,879
G_dipaxis_s0.2,cdc60a53,0,76411.43594439498,999
G_dipaxis_s0.2,cdc60a53,1,89916.11755633554,1000
G_dipaxis_s0.2,cdc60a53,2,13717.952894648492,1000
G_dipaxis_s0.2,cdc60a53,3,18376.475418906517,1000
G_dipaxis_s0.2,cdc60a53,4,12836.828821697727,1000
G_dipaxis_s0.2,cdc60a53,5,16687.263690679814,879
G_dipaxis_s0.1,f631da6e,0,2430.8505385684275,999
G_dipaxis_s0.1,f631da6e,1,27455.192047711265,1000
G_dipaxis_s0.1,f631da6e,2,44725.2769026201,1000
G_dipaxis_s0.1,f631da6e,3,31496.772330845622,1000
G_dipaxis_s0.1,f631da6e,4,6519.152586152822,94
G_dipaxis_s0.15,f631da6e,0,1998.336561483551,999
G_dipaxis_s0.15,f631da6e,1,23736.62496145046,1000
G_dipaxis_s0.15,f631da6e,2,37545.739847615296,1000
G_dipaxis_s0.15,f631da6e,3,26230.131859262754,1000
G_dipaxis_s0.15,f631da6e,4,5838.926942327688,94
G_dipaxis_s0.2,f631da6e,0,1646.5228641329934,999
G_dipaxis_s0.2,f631da6e,1,20352.223465818723,1000
G_dipaxis_s0.2,f631da6e,2,31070.10602703229,1000
G_dipaxis_s0.2,f631da6e,3,21534.112046589045,1000
G_dipaxis_s0.2,f631da6e,4,5196.179957146176,94
G_dipaxis_s0.1,4ddde4c1,0,20720.905286127163,999
G_dipaxis_s0.1,4ddde4c1,1,54774.50881121386,1000
G_dipaxis_s0.1,4ddde4c1,2,38899.43922063524,1000
G_dipaxis_s0.1,4ddde4c1,3,30052.512996813744,1000
G_dipaxis_s0.1,4ddde4c1,4,7822.139889298368,473
G_dipaxis_s0.15,4ddde4c1,0,20658.366300276688,999
G_dipaxis_s0.15,4ddde4c1,1,54778.4703423743,1000
G_dipaxis_s0.15,4ddde4c1,2,38768.83999212446,1000
G_dipaxis_s0.15,4ddde4c1,3,29678.757447821656,1000
G_dipaxis_s0.15,4ddde4c1,4,7614.210145945574,473
G_dipaxis_s0.2,4ddde4c1,0,20596.44862573045,999
G_dipaxis_s0.2,4ddde4c1,1,54782.94884064889,1000
G_dipaxis_s0.2,4ddde4c1,2,38638.91948367257,1000
G_dipaxis_s0.2,4ddde4c1,3,29307.619519712316,1000
G_dipaxis_s0.2,4ddde4c1,4,7409.111248959578,473
G_dipaxis_s0.1,82fcf37c,0,3366.842925585301,999
G_dipaxis_s0.1,82fcf37c,1,12687.730607445717,1000
G_dipaxis_s0.1,82fcf37c,2,25885.474908772496,1000
G_dipaxis_s0.1,82fcf37c,3,4625.5239024302155,1000
G_dipaxis_s0.1,82fcf37c,4,70080.20076202451,1000
G_dipaxis_s0.1,82fcf37c,5,75568.36408018233,1000
G_dipaxis_s0.1,82fcf37c,6,630.2324417963597,15
G_dipaxis_s0.15,82fcf37c,0,3655.172370488598,999
G_dipaxis_s0.15,82fcf37c,1,15391.101724349353,1000
G_dipaxis_s0.15,82fcf37c,2,32820.59630437341,1000
G_dipaxis_s0.15,82fcf37c,3,9290.279731106435,1000
G_dipaxis_s0.15,82fcf37c,4,96919.1521405953,1000
G_dipaxis_s0.15,82fcf37c,5,118314.42818747596,1000
G_dipaxis_s0.15,82fcf37c,6,1205.550167856768,15
G_dipaxis_s0.2,82fcf37c,0,4033.405799807042,999
G_dipaxis_s0.2,82fcf37c,1,18367.671389454496,1000
G_dipaxis_s0.2,82fcf37c,2,40828.75705258859,1000
G_dipaxis_s0.2,82fcf37c,3,16356.728114732716,1000
G_dipaxis_s0.2,82fcf37c,4,128254.48977272658,1000
G_dipaxis_s0.2,82fcf37c,5,170739.18596649056,1000
G_dipaxis_s0.2,82fcf37c,6,1965.9196478493957,15
G_dipaxis_s0.1,8a9c8932,0,942.0063353241337,999
G_dipaxis_s0.1,8a9c8932,1,5207.363680425068,1000
G_dipaxis_s0.1,8a9c8932,2,23678.715507758832,1000
G_dipaxis_s0.1,8a9c8932,3,38192.6702042668,1000
G_dipaxis_s0.1,8a9c8932,4,35269.89451668511,664
G_dipaxis_s0.15,8a9c8932,0,1083.703892746594,999
G_dipaxis_s0.15,8a9c8932,1,6086.925984130152,1000
G_dipaxis_s0.15,8a9c8932,2,27121.340428547388,1000
G_dipaxis_s0.15,8a9c8932,3,39763.56096675569,1000
G_dipaxis_s0.15,8a9c8932,4,38240.96745686109,664
G_dipaxis_s0.2,8a9c8932,0,1246.5985069205733,999
G_dipaxis_s0.2,8a9c8932,1,7058.900112764136,1000
G_dipaxis_s0.2,8a9c8932,2,30804.172381187036,1000
G_dipaxis_s0.2,8a9c8932,3,41368.25949052615,1000
G_dipaxis_s0.2,8a9c8932,4,41333.01433718719,664
G_dipaxis_s0.1,6ae68655,0,20675.60428000409,999
G_dipaxis_s0.1,6ae68655,1,33923.18646317427,1000
G_dipaxis_s0.1,6ae68655,2,13858.903529130172,1000
G_dipaxis_s0.1,6ae68655,3,18432.455588620283,1000
G_dipaxis_s0.1,6ae68655,4,13214.758532645077,205
G_dipaxis_s0.15,6ae68655,0,19379.32544474781,999
G_dipaxis_s0.15,6ae68655,1,40766.46975962798,1000
G_dipaxis_s0.15,6ae68655,2,18420.926256896604,1000
G_dipaxis_s0.15,6ae68655,3,20303.7069249644,1000
G_dipaxis_s0.15,6ae68655,4,9167.066057163633,205
G_dipaxis_s0.2,6ae68655,0,18193.449093949264,999
G_dipaxis_s0.2,6ae68655,1,48262.770604126505,1000
G_dipaxis_s0.2,6ae68655,2,24438.882122464212,1000
G_dipaxis_s0.2,6ae68655,3,24957.453693496183,1000
G_dipaxis_s0.2,6ae68655,4,5858.518238568376,205
G_dipaxis_s0.1,2d9f6cb9,0,3756.916997235345,999
G_dipaxis_s0.1,2d9f6cb9,1,33001.76052424732,1000
G_dipaxis_s0.1,2d9f6cb9,2,49308.134305544736,1000
G_dipaxis_s0.1,2d9f6cb9,3,28144.213755277997,1000
G_dipaxis_s0.1,2d9f6cb9,4,51647.03504664805,1000
G_dipaxis_s0.1,2d9f6cb9,5,53778.994689194406,1000
G_dipaxis_s0.1,2d9f6cb9,6,96794.4158316219,1000
G_dipaxis_s0.1,2d9f6cb9,7,64277.7328963684,339
G_dipaxis_s0.15,2d9f6cb9,0,3950.7868269071723,999
G_dipaxis_s0.15,2d9f6cb9,1,31892.871688636384,1000
G_dipaxis_s0.15,2d9f6cb9,2,51357.89022208567,1000
G_dipaxis_s0.15,2d9f6cb9,3,30811.251241831513,1000
G_dipaxis_s0.15,2d9f6cb9,4,55900.50960709462,1000
G_dipaxis_s0.15,2d9f6cb9,5,59951.232163455985,1000
G_dipaxis_s0.15,2d9f6cb9,6,112187.92277754965,1000
G_dipaxis_s0.15,2d9f6cb9,7,73654.4077093393,339
G_dipaxis_s0.2,2d9f6cb9,0,4152.318781194855,999
G_dipaxis_s0.2,2d9f6cb9,1,30808.050295484885,1000
G_dipaxis_s0.2,2d9f6cb9,2,53453.45414999575,1000
G_dipaxis_s0.2,2d9f6cb9,3,33623.73673252965,1000
G_dipaxis_s0.2,2d9f6cb9,4,60343.631315556966,1000
G_dipaxis_s0.2,2d9f6cb9,5,66471.01532152218,1000
G_dipaxis_s0.2,2d9f6cb9,6,128724.47397736776,1000
G_dipaxis_s0.2,2d9f6cb9,7,83671.91805329174,339
G_dipaxis_s0.1,97cd5bf9,0,2458.520839999997,999
G_dipaxis_s0.1,97cd5bf9,1,2436.1201989052006,1000
G_dipaxis_s0.1,97cd5bf9,2,57059.29318282569,1000
G_dipaxis_s0.1,97cd5bf9,3,57807.200988692945,450
G_dipaxis_s0.15,97cd5bf9,0,1951.729828330024,999
G_dipaxis_s0.15,97cd5bf9,1,2876.3228520323373,1000
G_dipaxis_s0.15,97cd5bf9,2,58513.73858980154,1000
G_dipaxis_s0.15,97cd5bf9,3,59128.115925678896,450
G_dipaxis_s0.2,97cd5bf9,0,1529.3988591471455,999
G_dipaxis_s0.2,97cd5bf9,1,3509.458672168258,1000
G_dipaxis_s0.2,97cd5bf9,2,59998.92475607403,1000
G_dipaxis_s0.2,97cd5bf9,3,60464.84105548079,450
G_dipaxis_s0.1,204cc64b,0,21155.007305826846,999
G_dipaxis_s0.1,204cc64b,1,19151.011784914474,1000
G_dipaxis_s0.1,204cc64b,2,161632.70587097498,1000
G_dipaxis_s0.1,204cc64b,3,215383.94600886942,1000
G_dipaxis_s0.1,204cc64b,4,26492.86120398316,806
G_dipaxis_s0.15,204cc64b,0,21004.731175555076,999
G_dipaxis_s0.15,204cc64b,1,19364.808550299203,1000
G_dipaxis_s0.15,204cc64b,2,162203.2615066553,1000
G_dipaxis_s0.15,204cc64b,3,215643.52456475858,1000
G_dipaxis_s0.15,204cc64b,4,26680.89163091939,806
G_dipaxis_s0.2,204cc64b,0,20855.29861868875,999
G_dipaxis_s0.2,204cc64b,1,19580.074174436893,1000
G_dipaxis_s0.2,204cc64b,2,162774.91556033364,1000
G_dipaxis_s0.2,204cc64b,3,215903.54289839565,1000
G_dipaxis_s0.2,204cc64b,4,26870.628022595338,806
G_dipaxis_s0.1,b1efb8a4,0,1445.818081834224,999
G_dipaxis_s0.1,b1efb8a4,1,2148.416100689306,1000
G_dipaxis_s0.1,b1efb8a4,2,1744.639071608618,1000
G_dipaxis_s0.1,b1efb8a4,3,37459.473345060105,1000
G_dipaxis_s0.1,b1efb8a4,4,21310.55835932292,1000
G_dipaxis_s0.1,b1efb8a4,5,14026.507282170098,999
G_dipaxis_s0.15,b1efb8a4,0,1425.315258710885,999
G_dipaxis_s0.15,b1efb8a4,1,2128.5647760814363,1000
G_dipaxis_s0.15,b1efb8a4,2,1611.2233939501643,1000
G_dipaxis_s0.15,b1efb8a4,3,34088.86089350133,1000
G_dipaxis_s0.15,b1efb8a4,4,17749.90968319718,1000
G_dipaxis_s0.15,b1efb8a4,5,12184.278876229902,999
G_dipaxis_s0.2,b1efb8a4,0,1411.302444174858,999
G_dipaxis_s0.2,b1efb8a4,1,2155.331690832607,1000
G_dipaxis_s0.2,b1efb8a4,2,1545.604345024448,1000
G_dipaxis_s0.2,b1efb8a4,3,30884.603286355632,1000
G_dipaxis_s0.2,b1efb8a4,4,14545.189428821779,1000
G_dipaxis_s0.2,b1efb8a4,5,10934.928018676412,999
G_dipaxis_s0.1,d63196fe,0,53178.68226777876,999
G_dipaxis_s0.1,d63196fe,1,247240.65034744912,1000
G_dipaxis_s0.1,d63196fe,2,286560.42083588656,1000
G_dipaxis_s0.1,d63196fe,3,231748.5001376382,1000
G_dipaxis_s0.1,d63196fe,4,113493.94766876807,511
G_dipaxis_s0.15,d63196fe,0,52375.06581919937,999
G_dipaxis_s0.15,d63196fe,1,247729.63291957657,1000
G_dipaxis_s0.15,d63196fe,2,296881.9900724373,1000
G_dipaxis_s0.15,d63196fe,3,241830.47242201224,1000
G_dipaxis_s0.15,d63196fe,4,115719.03176151845,511
G_dipaxis_s0.2,d63196fe,0,51584.02611662978,999
G_dipaxis_s0.2,d63196fe,1,248240.89105451957,1000
G_dipaxis_s0.2,d63196fe,2,307393.54618814983,1000
G_dipaxis_s0.2,d63196fe,3,252132.8624071497,1000
G_dipaxis_s0.2,d63196fe,4,117965.86211041761,511
G_dipaxis_s0.1,1d3fbf02,0,41266.399123913354,999
G_dipaxis_s0.1,1d3fbf02,1,71324.35697703519,1000
G_dipaxis_s0.1,1d3fbf02,2,17176.8769948062,695
G_dipaxis_s0.15,1d3fbf02,0,36219.69440406897,999
G_dipaxis_s0.15,1d3fbf02,1,59955.138390871434,1000
G_dipaxis_s0.15,1d3fbf02,2,12918.045600924474,695
G_dipaxis_s0.2,1d3fbf02,0,31533.575636352318,999
G_dipaxis_s0.2,1d3fbf02,1,49609.095107686706,1000
G_dipaxis_s0.2,1d3fbf02,2,9271.49046281914,695
G_dipaxis_s0.1,ae35f33a,0,8513.692956142033,999
G_dipaxis_s0.1,ae35f33a,1,31551.842820053836,1000
G_dipaxis_s0.1,ae35f33a,2,67404.10598499751,1000
G_dipaxis_s0.1,ae35f33a,3,188415.1387806681,1000
G_dipaxis_s0.1,ae35f33a,4,44548.44053473048,451
G_dipaxis_s0.15,ae35f33a,0,8017.3632477790225,999
G_dipaxis_s0.15,ae35f33a,1,29223.254490859843,1000
G_dipaxis_s0.15,ae35f33a,2,65952.35619505013,1000
G_dipaxis_s0.15,ae35f33a,3,190388.783949497,1000
G_dipaxis_s0.15,ae35f33a,4,45158.38769597454,451
G_dipaxis_s0.2,ae35f33a,0,7535.988586447872,999
G_dipaxis_s0.2,ae35f33a,1,26990.323177010025,1000
G_dipaxis_s0.2,ae35f33a,2,64531.403584419415,1000
G_dipaxis_s0.2,ae35f33a,3,192373.11871312198,1000
G_dipaxis_s0.2,ae35f33a,4,45772.96693257713,451
G_dipaxis_s0.1,3b21ea64,0,5515.994426944158,999
G_dipaxis_s0.1,3b21ea64,1,8094.246915748297,1000
G_dipaxis_s0.1,3b21ea64,2,149347.46454983106,1000
G_dipaxis_s0.1,3b21ea64,3,64187.63353079631,1000
G_dipaxis_s0.1,3b21ea64,4,86659.52250863328,1000
G_dipaxis_s0.1,3b21ea64,5,59009.51007984122,1000
G_dipaxis_s0.1,3b21ea64,6,301477.02255000954,1000
G_dipaxis_s0.1,3b21ea64,7,247826.1098755029,377
G_dipaxis_s0.15,3b21ea64,0,5616.390776233566,999
G_dipaxis_s0.15,3b21ea64,1,8359.913334805013,1000
G_dipaxis_s0.15,3b21ea64,2,149626.73547012566,1000
G_dipaxis_s0.15,3b21ea64,3,65577.75812247425,1000
G_dipaxis_s0.15,3b21ea64,4,87758.82123290871,1000
G_dipaxis_s0.15,3b21ea64,5,60388.41323058205,1000
G_dipaxis_s0.15,3b21ea64,6,308332.736594436,1000
G_dipaxis_s0.15,3b21ea64,7,254662.77175741075,377
G_dipaxis_s0.2,3b21ea64,0,5719.340956017617,999
G_dipaxis_s0.2,3b21ea64,1,8643.526757522419,1000
G_dipaxis_s0.2,3b21ea64,2,149906.7918010304,1000
G_dipaxis_s0.2,3b21ea64,3,66983.66595206608,1000
G_dipaxis_s0.2,3b21ea64,4,88865.50778183425,1000
G_dipaxis_s0.2,3b21ea64,5,61784.561545137716,1000
G_dipaxis_s0.2,3b21ea64,6,315268.96873698884,1000
G_dipaxis_s0.2,3b21ea64,7,261592.55394213836,377
G_dipaxis_s0.1,9bd2bba3,0,73211.13456387835,999
G_dipaxis_s0.1,9bd2bba3,1,50980.79150164539,1000
G_dipaxis_s0.1,9bd2bba3,2,5435.300804186394,1000
G_dipaxis_s0.1,9bd2bba3,3,16943.486514901753,1000
G_dipaxis_s0.1,9bd2bba3,4,19433.23864295903,1000
G_dipaxis_s0.1,9bd2bba3,5,3999.63492827846,1000
G_dipaxis_s0.1,9bd2bba3,6,19222.77684762285,1000
G_dipaxis_s0.1,9bd2bba3,7,30271.66513434094,440
G_dipaxis_s0.15,9bd2bba3,0,66954.71574862053,999
G_dipaxis_s0.15,9bd2bba3,1,46820.7683740508,1000
G_dipaxis_s0.15,9bd2bba3,2,4957.115105900319,1000
G_dipaxis_s0.15,9bd2bba3,3,11999.878711962643,1000
G_dipaxis_s0.15,9bd2bba3,4,13783.58772500398,1000
G_dipaxis_s0.15,9bd2bba3,5,5122.790025709982,1000
G_dipaxis_s0.15,9bd2bba3,6,31007.128242405695,1000
G_dipaxis_s0.15,9bd2bba3,7,40815.22037731786,440
G_dipaxis_s0.2,9bd2bba3,0,60981.62225057971,999
G_dipaxis_s0.2,9bd2bba3,1,42904.43343039417,1000
G_dipaxis_s0.2,9bd2bba3,2,4991.760942613899,1000
G_dipaxis_s0.2,9bd2bba3,3,8053.470679439223,1000
G_dipaxis_s0.2,9bd2bba3,4,9254.794164279401,1000
G_dipaxis_s0.2,9bd2bba3,5,8100.771405836157,1000
G_dipaxis_s0.2,9bd2bba3,6,45661.64592327969,1000
G_dipaxis_s0.2,9bd2bba3,7,53022.515624471715,440
G_dipaxis_s0.1,df71d1ff,0,18013.8906136904,999
G_dipaxis_s0.1,df71d1ff,1,27983.8315711684,1000
G_dipaxis_s0.1,df71d1ff,2,113330.12636381212,1000
G_dipaxis_s0.1,df71d1ff,3,247257.8563355399,1000
G_dipaxis_s0.1,df71d1ff,4,686539.896782629,1000
G_dipaxis_s0.1,df71d1ff,5,305235.79664296244,1000
G_dipaxis_s0.1,df71d1ff,6,50655.41795808576,229
G_dipaxis_s0.15,df71d1ff,0,15853.303431085238,999
G_dipaxis_s0.15,df71d1ff,1,32658.89532882386,1000
G_dipaxis_s0.15,df71d1ff,2,127107.56571110238,1000
G_dipaxis_s0.15,df71d1ff,3,274451.5317623141,1000
G_dipaxis_s0.15,df71d1ff,4,754587.180625038,1000
G_dipaxis_s0.15,df71d1ff,5,382860.1192592278,1000
G_dipaxis_s0.15,df71d1ff,6,67691.25371596754,229
G_dipaxis_s0.2,df71d1ff,0,13871.517837900516,999
G_dipaxis_s0.2,df71d1ff,1,37816.254311560326,1000
G_dipaxis_s0.2,df71d1ff,2,141695.15135947833,1000
G_dipaxis_s0.2,df71d1ff,3,303092.006080343,1000
G_dipaxis_s0.2,df71d1ff,4,825908.1123216163,1000
G_dipaxis_s0.2,df71d1ff,5,469820.314848046,1000
G_dipaxis_s0.2,df71d1ff,6,87214.93401673088,229
G_dipaxis_s0.1,4c2208f5,0,477129.13701358496,999
G_dipaxis_s0.1,4c2208f5,1,2380167.964004109,1000
G_dipaxis_s0.1,4c2208f5,2,895668.4292281717,1000
G_dipaxis_s0.1,4c2208f5,3,1117043.2173140435,1000
G_dipaxis_s0.1,4c2208f5,4,829838.0850813222,1000
G_dipaxis_s0.1,4c2208f5,5,7982.342614610964,385
G_dipaxis_s0.15,4c2208f5,0,453808.08067312924,999
G_dipaxis_s0.15,4c2208f5,1,2238507.0659599192,1000
G_dipaxis_s0.15,4c2208f5,2,771950.5155719742,1000
G_dipaxis_s0.15,4c2208f5,3,913717.9443743661,1000
G_dipaxis_s0.15,4c2208f5,4,619073.9119605533,1000
G_dipaxis_s0.15,4c2208f5,5,1475.415093820489,385
G_dipaxis_s0.2,4c2208f5,0,431071.5628721315,999
G_dipaxis_s0.2,4c2208f5,1,2101404.624919022,1000
G_dipaxis_s0.2,4c2208f5,2,658645.3783732295,1000
G_dipaxis_s0.2,4c2208f5,3,730987.1835656747,1000
G_dipaxis_s0.2,4c2208f5,4,445218.14266396925,1000
G_dipaxis_s0.2,4c2208f5,5,14759.8002044429,385
G_dipaxis_s0.1,230eaaa3,0,64651.594753749065,999
G_dipaxis_s0.1,230eaaa3,1,47052.20680901858,1000
G_dipaxis_s0.1,230eaaa3,2,8146.71249767963,1000
G_dipaxis_s0.1,230eaaa3,3,72488.291910183,1000
G_dipaxis_s0.1,230eaaa3,4,35483.045997874215,691
G_dipaxis_s0.15,230eaaa3,0,61269.428545238516,999
G_dipaxis_s0.15,230eaaa3,1,43737.68170297516,1000
G_dipaxis_s0.15,230eaaa3,2,7374.5289651346775,1000
G_dipaxis_s0.15,230eaaa3,3,68518.17298552352,1000
G_dipaxis_s0.15,230eaaa3,4,33416.07774294544,691
G_dipaxis_s0.2,230eaaa3,0,57981.45808667391,999
G_dipaxis_s0.2,230eaaa3,1,40558.948903074786,1000
G_dipaxis_s0.2,230eaaa3,2,6643.41561891137,1000
G_dipaxis_s0.2,230eaaa3,3,64664.28886710854,1000
G_dipaxis_s0.2,230eaaa3,4,31412.221296887015,691
G_dipaxis_s0.1,02e7fe5a,0,19847.31303090616,999
G_dipaxis_s0.1,02e7fe5a,1,22296.664107439734,1000
G_dipaxis_s0.1,02e7fe5a,2,39428.30100709427,1000
G_dipaxis_s0.1,02e7fe5a,3,10496.18835213772,1000
G_dipaxis_s0.1,02e7fe5a,4,8875.333935359495,1000
G_dipaxis_s0.1,02e7fe5a,5,4861.889678730916,109
G_dipaxis_s0.15,02e7fe5a,0,19080.740861631497,999
G_dipaxis_s0.15,02e7fe5a,1,20718.66516026218,1000
G_dipaxis_s0.15,02e7fe5a,2,35524.40801973448,1000
G_dipaxis_s0.15,02e7fe5a,3,10704.216563870063,1000
G_dipaxis_s0.15,02e7fe5a,4,6850.612630931137,1000
G_dipaxis_s0.15,02e7fe5a,5,3563.0620070636937,109
G_dipaxis_s0.2,02e7fe5a,0,18329.483704961785,999
G_dipaxis_s0.2,02e7fe5a,1,19208.42887937994,1000
G_dipaxis_s0.2,02e7fe5a,2,31849.933041807213,1000
G_dipaxis_s0.2,02e7fe5a,3,11418.19633049431,1000
G_dipaxis_s0.2,02e7fe5a,4,6139.306258893769,1000
G_dipaxis_s0.2,02e7fe5a,5,2466.4053397772223,109
G_dipaxis_s0.1,e9949a23,0,31902.15625737158,999
G_dipaxis_s0.1,e9949a23,1,62668.979136625865,1000
G_dipaxis_s0.1,e9949a23,2,203753.08039651168,1000
G_dipaxis_s0.1,e9949a23,3,175794.92061166512,1000
G_dipaxis_s0.1,e9949a23,4,14472.564184078577,560
G_dipaxis_s0.15,e9949a23,0,31737.61809954207,999
G_dipaxis_s0.15,e9949a23,1,64227.88941447411,1000
G_dipaxis_s0.15,e9949a23,2,207486.26055364465,1000
G_dipaxis_s0.15,e9949a23,3,193080.38755657926,1000
G_dipaxis_s0.15,e9949a23,4,19709.012597508074,560
G_dipaxis_s0.2,e9949a23,0,31574.76653624442,999
G_dipaxis_s0.2,e9949a23,1,65848.35043858518,1000
G_dipaxis_s0.2,e9949a23,2,211276.4859798035,1000
G_dipaxis_s0.2,e9949a23,3,211352.14373972503,1000
G_dipaxis_s0.2,e9949a23,4,26054.796014561525,560
G_dipaxis_s0.1,9af1ffd0,0,714.1387464556407,999
G_dipaxis_s0.1,9af1ffd0,1,2215.966917734084,1000
G_dipaxis_s0.1,9af1ffd0,2,258759.55263976753,1000
G_dipaxis_s0.1,9af1ffd0,3,244317.91247126998,526
G_dipaxis_s0.15,9af1ffd0,0,963.4152403492502,999
G_dipaxis_s0.15,9af1ffd0,1,1606.4900666643862,1000
G_dipaxis_s0.15,9af1ffd0,2,212278.02089571065,1000
G_dipaxis_s0.15,9af1ffd0,3,204288.23285988008,526
G_dipaxis_s0.2,9af1ffd0,0,1323.8087758290276,999
G_dipaxis_s0.2,9af1ffd0,1,1599.3161982894153,1000
G_dipaxis_s0.2,9af1ffd0,2,170533.53618206177,1000
G_dipaxis_s0.2,9af1ffd0,3,167847.4157910558,526
G_dipaxis_s0.1,2d0c268a,0,18327.149807829202,999
G_dipaxis_s0.1,2d0c268a,1,277816.9062498349,1000
G_dipaxis_s0.1,2d0c268a,2,91944.35696035768,1000
G_dipaxis_s0.1,2d0c268a,3,59220.32529508413,1000
G_dipaxis_s0.1,2d0c268a,4,100592.55403452342,551
G_dipaxis_s0.15,2d0c268a,0,15087.663549930981,999
G_dipaxis_s0.15,2d0c268a,1,250592.25409186952,1000
G_dipaxis_s0.15,2d0c268a,2,84651.19160332099,1000
G_dipaxis_s0.15,2d0c268a,3,50081.8284138207,1000
G_dipaxis_s0.15,2d0c268a,4,84302.31324330044,551
G_dipaxis_s0.2,2d0c268a,0,12199.489740124613,999
G_dipaxis_s0.2,2d0c268a,1,224784.7753829861,1000
G_dipaxis_s0.2,2d0c268a,2,77668.34233975307,1000
G_dipaxis_s0.2,2d0c268a,3,41749.28271980655,1000
G_dipaxis_s0.2,2d0c268a,4,69479.8490205216,551
G_dipaxis_s0.1,14a53cb3,0,10919.010852976144,999
G_dipaxis_s0.1,14a53cb3,1,105080.88664713054,1000
G_dipaxis_s0.1,14a53cb3,2,44710.819118893705,1000
G_dipaxis_s0.1,14a53cb3,3,76819.11760554848,1000
G_dipaxis_s0.1,14a53cb3,4,120010.18120604179,1000
G_dipaxis_s0.1,14a53cb3,5,78044.7524318968,1000
G_dipaxis_s0.1,14a53cb3,6,118611.53029202278,920
G_dipaxis_s0.15,14a53cb3,0,10436.441501971029,999
G_dipaxis_s0.15,14a53cb3,1,99770.9324620639,1000
G_dipaxis_s0.15,14a53cb3,2,39681.241432112416,1000
G_dipaxis_s0.15,14a53cb3,3,68857.66011593593,1000
G_dipaxis_s0.15,14a53cb3,4,108369.68296312359,1000
G_dipaxis_s0.15,14a53cb3,5,66398.20439711705,1000
G_dipaxis_s0.15,14a53cb3,6,102586.9383906097,920
G_dipaxis_s0.2,14a53cb3,0,9965.33536472611,999
G_dipaxis_s0.2,14a53cb3,1,94600.861213431,1000
G_dipaxis_s0.2,14a53cb3,2,34982.43783842742,1000
G_dipaxis_s0.2,14a53cb3,3,61340.60006642033,1000
G_dipaxis_s0.2,14a53cb3,4,97336.36464706907,1000
G_dipaxis_s0.2,14a53cb3,5,55699.600740198555,1000
G_dipaxis_s0.2,14a53cb3,6,87729.43784024596,920
G_dipaxis_s0.1,3e011332,0,42742.40817657279,999
G_dipaxis_s0.1,3e011332,1,139376.81809974494,1000
G_dipaxis_s0.1,3e011332,2,118042.67187563711,724
G_dipaxis_s0.15,3e011332,0,42648.431698718174,999
G_dipaxis_s0.15,3e011332,1,138220.68818957423,1000
G_dipaxis_s0.15,3e011332,2,123029.37715449766,724
G_dipaxis_s0.2,3e011332,0,42556.77212283475,999
G_dipaxis_s0.2,3e011332,1,137103.87417945135,1000
G_dipaxis_s0.2,3e011332,2,128653.94439004699,724
G_dipaxis_s0.1,4f69febf,0,6003.080958320046,999
G_dipaxis_s0.1,4f69febf,1,7814.894908237022,1000
G_dipaxis_s0.1,4f69febf,2,9744.559747832733,1000
G_dipaxis_s0.1,4f69febf,3,8604.914285890827,1000
G_dipaxis_s0.1,4f69febf,4,80354.84913335725,1000
G_dipaxis_s0.1,4f69febf,5,109698.70766282461,461
G_dipaxis_s0.15,4f69febf,0,5172.555511736058,999
G_dipaxis_s0.15,4f69febf,1,5703.082788589058,1000
G_dipaxis_s0.15,4f69febf,2,6879.093339768958,1000
G_dipaxis_s0.15,4f69febf,3,5021.110586733312,1000
G_dipaxis_s0.15,4f69febf,4,68676.5333673519,1000
G_dipaxis_s0.15,4f69febf,5,99930.82705897327,461
G_dipaxis_s0.2,4f69febf,0,4434.301096757912,999
G_dipaxis_s0.2,4f69febf,1,3992.3516203409495,1000
G_dipaxis_s0.2,4f69febf,2,4526.2160905959845,1000
G_dipaxis_s0.2,4f69febf,3,2451.8911544399443,1000
G_dipaxis_s0.2,4f69febf,4,58097.605687448464,1000
G_dipaxis_s0.2,4f69febf,5,90618.45598333678,461
G_dipaxis_s0.1,03a935ae,0,94641.55013562506,999
G_dipaxis_s0.1,03a935ae,1,85725.08293730566,1000
G_dipaxis_s0.1,03a935ae,2,582473.9957747805,787
G_dipaxis_s0.15,03a935ae,0,80289.44665755196,999
G_dipaxis_s0.15,03a935ae,1,72477.4632923792,1000
G_dipaxis_s0.15,03a935ae,2,524291.0671238429,787
G_dipaxis_s0.2,03a935ae,0,68400.09904125352,999
G_dipaxis_s0.2,03a935ae,1,70194.7859620538,1000
G_dipaxis_s0.2,03a935ae,2,469984.25699759077,787
G_dipaxis_s0.1,93209a3d,0,128186.54007866593,999
G_dipaxis_s0.1,93209a3d,1,150392.91971723034,1000
G_dipaxis_s0.1,93209a3d,2,145196.43797429407,1000
G_dipaxis_s0.1,93209a3d,3,407118.90503943036,1000
G_dipaxis_s0.1,93209a3d,4,229168.64391220006,698
G_dipaxis_s0.15,93209a3d,0,126182.05246232385,999
G_dipaxis_s0.15,93209a3d,1,152078.44112220214,1000
G_dipaxis_s0.15,93209a3d,2,158170.8389588539,1000
G_dipaxis_s0.15,93209a3d,3,449186.44801649154,1000
G_dipaxis_s0.15,93209a3d,4,268398.5061673271,698
G_dipaxis_s0.2,93209a3d,0,124197.18624476698,999
G_dipaxis_s0.2,93209a3d,1,153810.35103738547,1000
G_dipaxis_s0.2,93209a3d,2,171733.79359954761,1000
G_dipaxis_s0.2,93209a3d,3,493345.6801094202,1000
G_dipaxis_s0.2,93209a3d,4,310917.671231205,698
G_dipaxis_s0.1,c99f9fae,0,17624.437583794534,999
G_dipaxis_s0.1,c99f9fae,1,31049.858950879418,1000
G_dipaxis_s0.1,c99f9fae,2,4885.807650835411,1000
G_dipaxis_s0.1,c99f9fae,3,152974.07305018645,1000
G_dipaxis_s0.1,c99f9fae,4,75106.8835974036,1000
G_dipaxis_s0.1,c99f9fae,5,192809.06284299085,1000
G_dipaxis_s0.1,c99f9fae,6,46306.7412768768,362
G_dipaxis_s0.15,c99f9fae,0,19159.54136585254,999
G_dipaxis_s0.15,c99f9fae,1,37241.1135222814,1000
G_dipaxis_s0.15,c99f9fae,2,8867.890529003576,1000
G_dipaxis_s0.15,c99f9fae,3,184350.56838147948,1000
G_dipaxis_s0.15,c99f9fae,4,110501.1778387728,1000
G_dipaxis_s0.15,c99f9fae,5,257418.243669624,1000
G_dipaxis_s0.15,c99f9fae,6,64302.97254234778,362
G_dipaxis_s0.2,c99f9fae,0,20759.537249984016,999
G_dipaxis_s0.2,c99f9fae,1,44088.98221914807,1000
G_dipaxis_s0.2,c99f9fae,2,14318.15983482531,1000
G_dipaxis_s0.2,c99f9fae,3,218886.26238444485,1000
G_dipaxis_s0.2,c99f9fae,4,153428.69584706926,1000
G_dipaxis_s0.2,c99f9fae,5,331410.7834592045,1000
G_dipaxis_s0.2,c99f9fae,6,85649.84228127747,362
G_dipaxis_s0.1,8ac2f237,0,2929.9881642047994,999
G_dipaxis_s0.1,8ac2f237,1,4573.715156623491,1000
G_dipaxis_s0.1,8ac2f237,2,14711.456725333734,1000
G_dipaxis_s0.1,8ac2f237,3,109175.43554619003,1000
G_dipaxis_s0.1,8ac2f237,4,278110.6517116563,1000
G_dipaxis_s0.1,8ac2f237,5,141243.92980228193,320
G_dipaxis_s0.15,8ac2f237,0,3142.3049601263556,999
G_dipaxis_s0.15,8ac2f237,1,4651.447160684918,1000
G_dipaxis_s0.15,8ac2f237,2,17310.8402649196,1000
G_dipaxis_s0.15,8ac2f237,3,119514.8530136526,1000
G_dipaxis_s0.15,8ac2f237,4,291686.70200529794,1000
G_dipaxis_s0.15,8ac2f237,5,145360.6203164018,320
G_dipaxis_s0.2,8ac2f237,0,3387.775583853815,999
G_dipaxis_s0.2,8ac2f237,1,4764.508826177535,1000
G_dipaxis_s0.2,8ac2f237,2,20142.27160245211,1000
G_dipaxis_s0.2,8ac2f237,3,130326.10264890714,1000
G_dipaxis_s0.2,8ac2f237,4,305640.87598181365,1000
G_dipaxis_s0.2,8ac2f237,5,149536.7247410297,320
G_dipaxis_s0.1,10be2420,0,744.8540533035348,999
G_dipaxis_s0.1,10be2420,1,1638.9407102568523,1000
G_dipaxis_s0.1,10be2420,2,7338.105134878731,1000
G_dipaxis_s0.1,10be2420,3,2431.4293750955776,272
G_dipaxis_s0.15,10be2420,0,714.0717349606131,999
G_dipaxis_s0.15,10be2420,1,1381.5991022296653,1000
G_dipaxis_s0.15,10be2420,2,10778.10891681726,1000
G_dipaxis_s0.15,10be2420,3,3703.212531978765,272
G_dipaxis_s0.2,10be2420,0,715.8278229883147,999
G_dipaxis_s0.2,10be2420,1,1347.5693080331957,1000
G_dipaxis_s0.2,10be2420,2,14895.292307552016,1000
G_dipaxis_s0.2,10be2420,3,5241.561197195358,272
G_dipaxis_s0.1,0c1b160c,0,52576.13144697958,999
G_dipaxis_s0.1,0c1b160c,1,73436.16790602627,1000
G_dipaxis_s0.1,0c1b160c,2,12205.777320955425,1000
G_dipaxis_s0.1,0c1b160c,3,129763.74649430029,1000
G_dipaxis_s0.1,0c1b160c,4,235586.66858559224,1000
G_dipaxis_s0.1,0c1b160c,5,12742.775414746486,55
G_dipaxis_s0.15,0c1b160c,0,52020.00755797638,999
G_dipaxis_s0.15,0c1b160c,1,70673.68272680044,1000
G_dipaxis_s0.15,0c1b160c,2,11181.583867014246,1000
G_dipaxis_s0.15,0c1b160c,3,119203.68227098545,1000
G_dipaxis_s0.15,0c1b160c,4,219586.46389717353,1000
G_dipaxis_s0.15,0c1b160c,5,11812.87116211822,55
G_dipaxis_s0.2,0c1b160c,0,51467.155006658155,999
G_dipaxis_s0.2,0c1b160c,1,67965.46577342774,1000
G_dipaxis_s0.2,0c1b160c,2,10204.568343931564,1000
G_dipaxis_s0.2,0c1b160c,3,109092.50048233251,1000
G_dipaxis_s0.2,0c1b160c,4,204154.4689766034,1000
G_dipaxis_s0.2,0c1b160c,5,10918.19482851448,55
G_dipaxis_s0.1,153552f5,0,2981.523730342626,999
G_dipaxis_s0.1,153552f5,1,1598.1489134878427,1000
G_dipaxis_s0.1,153552f5,2,8160.170561283286,1000
G_dipaxis_s0.1,153552f5,3,80263.39243101048,1000
G_dipaxis_s0.1,153552f5,4,112467.51428475045,696
G_dipaxis_s0.15,153552f5,0,2942.923020479911,999
G_dipaxis_s0.15,153552f5,1,1604.8457061083614,1000
G_dipaxis_s0.15,153552f5,2,7982.611547300763,1000
G_dipaxis_s0.15,153552f5,3,79357.85924508824,1000
G_dipaxis_s0.15,153552f5,4,109762.55512986112,696
G_dipaxis_s0.2,153552f5,0,2905.1700189059443,999
G_dipaxis_s0.2,153552f5,1,1627.3838380010377,1000
G_dipaxis_s0.2,153552f5,2,7841.676808252879,1000
G_dipaxis_s0.2,153552f5,3,78458.60744680451,1000
G_dipaxis_s0.2,153552f5,4,107091.63741312097,696
G_dipaxis_s0.1,684a6fc1,0,24629.83439924748,999
G_dipaxis_s0.1,684a6fc1,1,34058.11955696581,1000
G_dipaxis_s0.1,684a6fc1,2,50150.38612123776,1000
G_dipaxis_s0.1,684a6fc1,3,7994.4011472184,1000
G_dipaxis_s0.1,684a6fc1,4,5841.895228495224,1000
G_dipaxis_s0.1,684a6fc1,5,29805.361831392875,1000
G_dipaxis_s0.1,684a6fc1,6,141294.18847077747,1000
G_dipaxis_s0.1,684a6fc1,7,769123.739136535,1000
G_dipaxis_s0.1,684a6fc1,8,1087959.7292858842,1000
G_dipaxis_s0.1,684a6fc1,9,327613.67840849655,819
G_dipaxis_s0.15,684a6fc1,0,23605.818599447248,999
G_dipaxis_s0.15,684a6fc1,1,33305.35650988738,1000
G_dipaxis_s0.15,684a6fc1,2,50030.6637752076,1000
G_dipaxis_s0.15,684a6fc1,3,8913.429217189005,1000
G_dipaxis_s0.15,684a6fc1,4,6400.46920536229,1000
G_dipaxis_s0.15,684a6fc1,5,30988.010668799907,1000
G_dipaxis_s0.15,684a6fc1,6,151154.97738710747,1000
G_dipaxis_s0.15,684a6fc1,7,810900.4393114576,1000
G_dipaxis_s0.15,684a6fc1,8,1144596.8097952618,1000
G_dipaxis_s0.15,684a6fc1,9,362314.82298541575,819
G_dipaxis_s0.2,684a6fc1,0,22605.50469257601,999
G_dipaxis_s0.2,684a6fc1,1,32561.884169679044,1000
G_dipaxis_s0.2,684a6fc1,2,49923.87711478806,1000
G_dipaxis_s0.2,684a6fc1,3,9893.25105347388,1000
G_dipaxis_s0.2,684a6fc1,4,6989.241613834997,1000
G_dipaxis_s0.2,684a6fc1,5,32195.720048396808,1000
G_dipaxis_s0.2,684a6fc1,6,161349.69750911882,1000
G_dipaxis_s0.2,684a6fc1,7,853787.7321900489,1000
G_dipaxis_s0.2,684a6fc1,8,1202691.3263158977,1000
G_dipaxis_s0.2,684a6fc1,9,398831.9608361229,819
G_dipaxis_s0.1,9c350a6a,0,19688.164821547558,999
G_dipaxis_s0.1,9c350a6a,1,75535.95318763662,1000
G_dipaxis_s0.1,9c350a6a,2,249453.4070910593,1000
G_dipaxis_s0.1,9c350a6a,3,370347.9215356365,1000
G_dipaxis_s0.1,9c350a6a,4,1121072.8111048932,1000
G_dipaxis_s0.1,9c350a6a,5,825357.4057236854,1000
G_dipaxis_s0.1,9c350a6a,6,6787.268763712563,53
G_dipaxis_s0.15,9c350a6a,0,22525.008124340955,999
G_dipaxis_s0.15,9c350a6a,1,89701.79912702637,1000
G_dipaxis_s0.15,9c350a6a,2,277576.0178490517,1000
G_dipaxis_s0.15,9c350a6a,3,433671.94520922756,1000
G_dipaxis_s0.15,9c350a6a,4,1265474.2777777407,1000
G_dipaxis_s0.15,9c350a6a,5,1012361.859103603,1000
G_dipaxis_s0.15,9c350a6a,6,12846.555056071431,53
G_dipaxis_s0.2,9c350a6a,0,25588.04323515975,999
G_dipaxis_s0.2,9c350a6a,1,105384.24980614908,1000
G_dipaxis_s0.2,9c350a6a,2,307209.33087554167,1000
G_dipaxis_s0.2,9c350a6a,3,502118.7085595082,1000
G_dipaxis_s0.2,9c350a6a,4,1418664.8284353314,1000
G_dipaxis_s0.2,9c350a6a,5,1222464.1789489628,1000
G_dipaxis_s0.2,9c350a6a,6,20822.611413500465,53
G_dipaxis_s0.1,729f4217,0,4664.946915466856,999
G_dipaxis_s0.1,729f4217,1,33903.205517715745,1000
G_dipaxis_s0.1,729f4217,2,28946.212805556013,1000
G_dipaxis_s0.1,729f4217,3,17489.202697807184,1000
G_dipaxis_s0.1,729f4217,4,17314.720404990607,1000
G_dipaxis_s0.1,729f4217,5,17848.372860080486,1000
G_dipaxis_s0.1,729f4217,6,16453.214493700863,196
G_dipaxis_s0.15,729f4217,0,4100.86428366625,999
G_dipaxis_s0.15,729f4217,1,31818.81105131145,1000
G_dipaxis_s0.15,729f4217,2,27361.946412076173,1000
G_dipaxis_s0.15,729f4217,3,16242.083253454597,1000
G_dipaxis_s0.15,729f4217,4,15937.44035400209,1000
G_dipaxis_s0.15,729f4217,5,17626.27636443221,1000
G_dipaxis_s0.15,729f4217,6,17138.109744030662,196
G_dipaxis_s0.2,729f4217,0,3613.45790144154,999
G_dipaxis_s0.2,729f4217,1,29812.667929050025,1000
G_dipaxis_s0.2,729f4217,2,25830.237145827643,1000
G_dipaxis_s0.2,729f4217,3,15044.339857036663,1000
G_dipaxis_s0.2,729f4217,4,14618.432759847274,1000
G_dipaxis_s0.2,729f4217,5,17460.336727200687,1000
G_dipaxis_s0.2,729f4217,6,17837.200840760226,196
G_dipaxis_s0.1,261785ee,0,182588.7966162729,999
G_dipaxis_s0.1,261785ee,1,778263.4027010571,1000
G_dipaxis_s0.1,261785ee,2,890687.2217653039,1000
G_dipaxis_s0.1,261785ee,3,54831.33962895013,647
G_dipaxis_s0.15,261785ee,0,174484.71653745818,999
G_dipaxis_s0.15,261785ee,1,734608.0351569756,1000
G_dipaxis_s0.15,261785ee,2,837086.3143115455,1000
G_dipaxis_s0.15,261785ee,3,45350.798838782925,647
G_dipaxis_s0.2,261785ee,0,166592.20806739997,999
G_dipaxis_s0.2,261785ee,1,692224.8738403362,1000
G_dipaxis_s0.2,261785ee,2,785165.3765322624,1000
G_dipaxis_s0.2,261785ee,3,36906.024252780946,647
G_dipaxis_s0.1,c6b782a4,0,61223.64521172218,999
G_dipaxis_s0.1,c6b782a4,1,53555.70390467066,1000
G_dipaxis_s0.1,c6b782a4,2,127290.09786472055,1000
G_dipaxis_s0.1,c6b782a4,3,200674.50268975095,1000
G_dipaxis_s0.1,c6b782a4,4,34482.177859085125,878
G_dipaxis_s0.15,c6b782a4,0,58436.16888208439,999
G_dipaxis_s0.15,c6b782a4,1,50391.9070804,1000
G_dipaxis_s0.15,c6b782a4,2,120058.00932210074,1000
G_dipaxis_s0.15,c6b782a4,3,190443.90089232076,1000
G_dipaxis_s0.15,c6b782a4,4,30629.985907460017,878
G_dipaxis_s0.2,c6b782a4,0,55714.18281395083,999
G_dipaxis_s0.2,c6b782a4,1,47324.70278632037,1000
G_dipaxis_s0.2,c6b782a4,2,113038.37393105941,1000
G_dipaxis_s0.2,c6b782a4,3,180503.00373334094,1000
G_dipaxis_s0.2,c6b782a4,4,27008.04117281864,878
G_dipaxis_s0.1,fb03ae90,0,461616.9768682858,999
G_dipaxis_s0.1,fb03ae90,1,1851889.9409927363,1000
G_dipaxis_s0.1,fb03ae90,2,2281750.003458897,1000
G_dipaxis_s0.1,fb03ae90,3,2408987.6872402215,1000
G_dipaxis_s0.1,fb03ae90,4,2501467.9989410364,1000
G_dipaxis_s0.1,fb03ae90,5,2208582.4031114466,1000
G_dipaxis_s0.1,fb03ae90,6,682148.7793530097,432
G_dipaxis_s0.15,fb03ae90,0,468217.9560323607,999
G_dipaxis_s0.15,fb03ae90,1,1880994.0013719671,1000
G_dipaxis_s0.15,fb03ae90,2,2336206.85619697,1000
G_dipaxis_s0.15,fb03ae90,3,2477485.089265392,1000
G_dipaxis_s0.15,fb03ae90,4,2593606.5187907154,1000
G_dipaxis_s0.15,fb03ae90,5,2282434.073874713,1000
G_dipaxis_s0.15,fb03ae90,6,702554.9685721039,432
G_dipaxis_s0.2,fb03ae90,0,474866.7688718928,999
G_dipaxis_s0.2,fb03ae90,1,1910327.0864359355,1000
G_dipaxis_s0.2,fb03ae90,2,2391311.775904374,1000
G_dipaxis_s0.2,fb03ae90,3,2546945.8376081623,1000
G_dipaxis_s0.2,fb03ae90,4,2687424.4799594246,1000
G_dipaxis_s0.2,fb03ae90,5,2357504.542499032,1000
G_dipaxis_s0.2,fb03ae90,6,723262.414354958,432
G_dipaxis_s0.1,201661b5,0,144847.45020799237,999
G_dipaxis_s0.1,201661b5,1,30102.20866674621,1000
G_dipaxis_s0.1,201661b5,2,102199.88667264409,1000
G_dipaxis_s0.1,201661b5,3,123894.62977306586,1000
G_dipaxis_s0.1,201661b5,4,198491.9681986358,1000
G_dipaxis_s0.1,201661b5,5,423076.50717220904,956
G_dipaxis_s0.15,201661b5,0,131462.16341384623,999
G_dipaxis_s0.15,201661b5,1,25495.17050505977,1000
G_dipaxis_s0.15,201661b5,2,89284.73491817765,1000
G_dipaxis_s0.15,201661b5,3,102816.67780648136,1000
G_dipaxis_s0.15,201661b5,4,187241.0984297805,1000
G_dipaxis_s0.15,201661b5,5,426343.5870601319,956
G_dipaxis_s0.2,201661b5,0,118740.53523185769,999
G_dipaxis_s0.2,201661b5,1,21322.28634860446,1000
G_dipaxis_s0.2,201661b5,2,77244.93479366253,1000
G_dipaxis_s0.2,201661b5,3,83740.94378436526,1000
G_dipaxis_s0.2,201661b5,4,176654.97970890987,1000
G_dipaxis_s0.2,201661b5,5,429754.25119690335,956
G_dipaxis_s0.1,a0383629,0,3278.690157793619,999
G_dipaxis_s0.1,a0383629,1,20722.644479559494,1000
G_dipaxis_s0.1,a0383629,2,42224.21264103227,1000
G_dipaxis_s0.1,a0383629,3,15752.217828977167,1000
G_dipaxis_s0.1,a0383629,4,18070.727236287945,1000
G_dipaxis_s0.1,a0383629,5,84073.86082207003,833
G_dipaxis_s0.15,a0383629,0,3124.0697060056914,999
G_dipaxis_s0.15,a0383629,1,17572.759872682676,1000
G_dipaxis_s0.15,a0383629,2,37853.76531374842,1000
G_dipaxis_s0.15,a0383629,3,13614.23097319367,1000
G_dipaxis_s0.15,a0383629,4,23752.82112014675,1000
G_dipaxis_s0.15,a0383629,5,96607.83633472367,833
G_dipaxis_s0.2,a0383629,0,3075.0052368449446,999
G_dipaxis_s0.2,a0383629,1,14701.620519191718,1000
G_dipaxis_s0.2,a0383629,2,33747.83342102121,1000
G_dipaxis_s0.2,a0383629,3,12043.084336884505,1000
G_dipaxis_s0.2,a0383629,4,30249.9855556243,1000
G_dipaxis_s0.2,a0383629,5,110070.20263507322,833
G_dipaxis_s0.1,3a223519,0,5154.9559801748865,999
G_dipaxis_s0.1,3a223519,1,12286.800013777238,1000
G_dipaxis_s0.1,3a223519,2,5994.150211625939,1000
G_dipaxis_s0.1,3a223519,3,2263.435262897077,1000
G_dipaxis_s0.1,3a223519,4,284.20804367516706,584
G_dipaxis_s0.15,3a223519,0,5623.6029631006895,999
G_dipaxis_s0.15,3a223519,1,14042.556416003776,1000
G_dipaxis_s0.15,3a223519,2,6538.384861893227,1000
G_dipaxis_s0.15,3a223519,3,2673.3925500470978,1000
G_dipaxis_s0.15,3a223519,4,314.50155366103434,584
G_dipaxis_s0.2,3a223519,0,6118.541991175864,999
G_dipaxis_s0.2,3a223519,1,15946.72595557708,1000
G_dipaxis_s0.2,3a223519,2,7156.219476205552,1000
G_dipaxis_s0.2,3a223519,3,3152.212922767722,1000
G_dipaxis_s0.2,3a223519,4,360.8954878661771,584
G_dipaxis_s0.1,3407f5bf,0,5613.879791522405,999
G_dipaxis_s0.1,3407f5bf,1,5692.88584556472,1000
G_dipaxis_s0.1,3407f5bf,2,56606.67678586343,1000
G_dipaxis_s0.1,3407f5bf,3,265642.9393208995,639
G_dipaxis_s0.15,3407f5bf,0,5613.73637754673,999
G_dipaxis_s0.15,3407f5bf,1,5220.6575764828785,1000
G_dipaxis_s0.15,3407f5bf,2,52544.98773995399,1000
G_dipaxis_s0.15,3407f5bf,3,251424.6133459589,639
G_dipaxis_s0.2,3407f5bf,0,5613.761236807022,999
G_dipaxis_s0.2,3407f5bf,1,4881.93703260787,1000
G_dipaxis_s0.2,3407f5bf,2,48674.725560720566,1000
G_dipaxis_s0.2,3407f5bf,3,237599.3610292883,639
G_dipaxis_s0.1,493b5b31,0,105459.17906308724,999
G_dipaxis_s0.1,493b5b31,1,47057.93019954975,1000
G_dipaxis_s0.1,493b5b31,2,366810.2307027452,1000
G_dipaxis_s0.1,493b5b31,3,208561.502237027,1000
G_dipaxis_s0.1,493b5b31,4,108598.72968983665,672
G_dipaxis_s0.15,493b5b31,0,104045.45791529735,999
G_dipaxis_s0.15,493b5b31,1,47989.082411931944,1000
G_dipaxis_s0.15,493b5b31,2,381256.254306668,1000
G_dipaxis_s0.15,493b5b31,3,217381.20698838102,1000
G_dipaxis_s0.15,493b5b31,4,112477.40839958063,672
G_dipaxis_s0.2,493b5b31,0,102644.87529863518,999
G_dipaxis_s0.2,493b5b31,1,48941.69617602238,1000
G_dipaxis_s0.2,493b5b31,2,395988.680879585,1000
G_dipaxis_s0.2,493b5b31,3,226383.88464939472,1000
G_dipaxis_s0.2,493b5b31,4,116424.67415690493,672
G_dipaxis_s0.1,939d9c34,0,12459.127876882745,999
G_dipaxis_s0.1,939d9c34,1,49090.03532458275,1000
G_dipaxis_s0.1,939d9c34,2,51193.90624405835,1000
G_dipaxis_s0.1,939d9c34,3,477888.2114364424,1000
G_dipaxis_s0.1,939d9c34,4,427631.88838882465,1000
G_dipaxis_s0.1,939d9c34,5,63280.07681763527,102
G_dipaxis_s0.15,939d9c34,0,11339.605782025226,999
G_dipaxis_s0.15,939d9c34,1,42716.55180160533,1000
G_dipaxis_s0.15,939d9c34,2,47437.31895169511,1000
G_dipaxis_s0.15,939d9c34,3,442188.6049301092,1000
G_dipaxis_s0.15,939d9c34,4,402874.07858931844,1000
G_dipaxis_s0.15,939d9c34,5,52592.610171028995,102
G_dipaxis_s0.2,939d9c34,0,10293.782564967198,999
G_dipaxis_s0.2,939d9c34,1,36947.21235511897,1000
G_dipaxis_s0.2,939d9c34,2,43987.16551640625,1000
G_dipaxis_s0.2,939d9c34,3,407922.5470073957,1000
G_dipaxis_s0.2,939d9c34,4,379935.71809386305,1000
G_dipaxis_s0.2,939d9c34,5,42893.098854140095,102
G_dipaxis_s0.1,6767c111,0,443380.30009253894,999
G_dipaxis_s0.1,6767c111,1,271404.68110468646,1000
G_dipaxis_s0.1,6767c111,2,230230.71721315797,1000
G_dipaxis_s0.1,6767c111,3,308037.24072771694,1000
G_dipaxis_s0.1,6767c111,4,395856.09585644153,1000
G_dipaxis_s0.1,6767c111,5,478241.5192706803,1000
G_dipaxis_s0.1,6767c111,6,796513.0412874301,784
G_dipaxis_s0.15,6767c111,0,436544.6475697954,999
G_dipaxis_s0.15,6767c111,1,309181.78873037366,1000
G_dipaxis_s0.15,6767c111,2,294667.26396115334,1000
G_dipaxis_s0.15,6767c111,3,436798.89483746694,1000
G_dipaxis_s0.15,6767c111,4,598409.3409652138,1000
G_dipaxis_s0.15,6767c111,5,777748.5560657285,1000
G_dipaxis_s0.15,6767c111,6,1152174.834317144,784
G_dipaxis_s0.2,6767c111,0,429838.25183398335,999
G_dipaxis_s0.2,6767c111,1,349651.0308068942,1000
G_dipaxis_s0.2,6767c111,2,367443.84495606757,1000
G_dipaxis_s0.2,6767c111,3,588115.9654700239,1000
G_dipaxis_s0.2,6767c111,4,842691.3304050512,1000
G_dipaxis_s0.2,6767c111,5,1150124.0208878275,1000
G_dipaxis_s0.2,6767c111,6,1573731.2647179875,784
G_dipaxis_s0.1,e5c92e59,0,3835.209874406237,999
G_dipaxis_s0.1,e5c92e59,1,32015.655592648043,1000
G_dipaxis_s0.1,e5c92e59,2,18842.133335342212,1000
G_dipaxis_s0.1,e5c92e59,3,45527.250726572034,1000
G_dipaxis_s0.1,e5c92e59,4,1520.209445189632,296
G_dipaxis_s0.15,e5c92e59,0,3000.2539604638177,999
G_dipaxis_s0.15,e5c92e59,1,36610.32515242797,1000
G_dipaxis_s0.15,e5c92e59,2,25799.34720908402,1000
G_dipaxis_s0.15,e5c92e59,3,59359.43559658155,1000
G_dipaxis_s0.15,e5c92e59,4,322.14692704206254,296
G_dipaxis_s0.2,e5c92e59,0,2305.8078466252114,999
G_dipaxis_s0.2,e5c92e59,1,41637.8390819562,1000
G_dipaxis_s0.2,e5c92e59,2,34294.88140212313,1000
G_dipaxis_s0.2,e5c92e59,3,75748.11271232678,1000
G_dipaxis_s0.2,e5c92e59,4,48.37174657556193,296
G_dipaxis_s0.1,fb0904bd,0,6984.776749977594,999
G_dipaxis_s0.1,fb0904bd,1,23043.992365061247,1000
G_dipaxis_s0.1,fb0904bd,2,11441.794151915934,1000
G_dipaxis_s0.1,fb0904bd,3,223.8454784852184,182
G_dipaxis_s0.15,fb0904bd,0,7275.947749245394,999
G_dipaxis_s0.15,fb0904bd,1,23657.903808975498,1000
G_dipaxis_s0.15,fb0904bd,2,13128.657625558439,1000
G_dipaxis_s0.15,fb0904bd,3,60.53685758524731,182
G_dipaxis_s0.2,fb0904bd,0,7573.6378975414045,999
G_dipaxis_s0.2,fb0904bd,1,24294.68255003813,1000
G_dipaxis_s0.2,fb0904bd,2,15296.349087634946,1000
G_dipaxis_s0.2,fb0904bd,3,5.595760565277801,182
G_dipaxis_s0.1,0d99f8e4,0,5291.954235617302,999
G_dipaxis_s0.1,0d99f8e4,1,13280.210067764283,1000
G_dipaxis_s0.1,0d99f8e4,2,18320.361596467355,1000
G_dipaxis_s0.1,0d99f8e4,3,5154.401447512355,1000
G_dipaxis_s0.1,0d99f8e4,4,33889.17851343362,1000
G_dipaxis_s0.1,0d99f8e4,5,126076.47540732115,824
G_dipaxis_s0.15,0d99f8e4,0,5205.083587717077,999
G_dipaxis_s0.15,0d99f8e4,1,12253.736478299657,1000
G_dipaxis_s0.15,0d99f8e4,2,16941.10363067198,1000
G_dipaxis_s0.15,0d99f8e4,3,4531.096669648884,1000
G_dipaxis_s0.15,0d99f8e4,4,36133.84834702441,1000
G_dipaxis_s0.15,0d99f8e4,5,136045.94117993757,824
G_dipaxis_s0.2,0d99f8e4,0,5120.169619884207,999
G_dipaxis_s0.2,0d99f8e4,1,11272.450534501506,1000
G_dipaxis_s0.2,0d99f8e4,2,15626.043721413867,1000
G_dipaxis_s0.2,0d99f8e4,3,3988.5681964793753,1000
G_dipaxis_s0.2,0d99f8e4,4,38460.95676214727,1000
G_dipaxis_s0.2,0d99f8e4,5,146443.87870336275,824
G_dipaxis_s0.1,df73b8f3,0,182315.20249509704,999
G_dipaxis_s0.1,df73b8f3,1,217468.11694287046,1000
G_dipaxis_s0.1,df73b8f3,2,4660.359496072203,1000
G_dipaxis_s0.1,df73b8f3,3,24540.10065909758,1000
G_dipaxis_s0.1,df73b8f3,4,460796.36842471507,1000
G_dipaxis_s0.1,df73b8f3,5,355429.59033965773,312
G_dipaxis_s0.15,df73b8f3,0,181274.59543608065,999
G_dipaxis_s0.15,df73b8f3,1,217874.815741286,1000
G_dipaxis_s0.15,df73b8f3,2,4790.47164362512,1000
G_dipaxis_s0.15,df73b8f3,3,22794.97430248758,1000
G_dipaxis_s0.15,df73b8f3,4,465828.68123530777,1000
G_dipaxis_s0.15,df73b8f3,5,367255.479948023,312
G_dipaxis_s0.2,df73b8f3,0,180249.55836899302,999
G_dipaxis_s0.2,df73b8f3,1,218307.90756239832,1000
G_dipaxis_s0.2,df73b8f3,2,4933.406239334974,1000
G_dipaxis_s0.2,df73b8f3,3,21131.464954084993,1000
G_dipaxis_s0.2,df73b8f3,4,470900.7191377025,1000
G_dipaxis_s0.2,df73b8f3,5,379305.5497432419,312
G_dipaxis_s0.1,27ebb9b9,0,18679.450504208053,999
G_dipaxis_s0.1,27ebb9b9,1,29619.918624740763,1000
G_dipaxis_s0.1,27ebb9b9,2,5034.310565613286,1000
G_dipaxis_s0.1,27ebb9b9,3,42804.49206531687,1000
G_dipaxis_s0.1,27ebb9b9,4,83817.31314172622,1000
G_dipaxis_s0.1,27ebb9b9,5,30224.755014721122,767
G_dipaxis_s0.15,27ebb9b9,0,17042.50232633644,999
G_dipaxis_s0.15,27ebb9b9,1,23508.472671201118,1000
G_dipaxis_s0.15,27ebb9b9,2,4698.277998178108,1000
G_dipaxis_s0.15,27ebb9b9,3,32343.89376985186,1000
G_dipaxis_s0.15,27ebb9b9,4,75255.00972166345,1000
G_dipaxis_s0.15,27ebb9b9,5,32874.44428209883,767
G_dipaxis_s0.2,27ebb9b9,0,15484.43448984646,999
G_dipaxis_s0.2,27ebb9b9,1,18171.91588246041,1000
G_dipaxis_s0.2,27ebb9b9,2,5666.748462430244,1000
G_dipaxis_s0.2,27ebb9b9,3,23848.10944966584,1000
G_dipaxis_s0.2,27ebb9b9,4,67182.4332321459,1000
G_dipaxis_s0.2,27ebb9b9,5,35742.29540828918,767
G_dipaxis_s0.1,2075c696,0,28113.06204793464,999
G_dipaxis_s0.1,2075c696,1,201322.8958722944,1000
G_dipaxis_s0.1,2075c696,2,315633.50147665926,1000
G_dipaxis_s0.1,2075c696,3,33432.14025653645,189
G_dipaxis_s0.15,2075c696,0,30632.13051141123,999
G_dipaxis_s0.15,2075c696,1,181443.05156825916,1000
G_dipaxis_s0.15,2075c696,2,282987.3857300083,1000
G_dipaxis_s0.15,2075c696,3,28265.977002023665,189
G_dipaxis_s0.2,2075c696,0,33272.879106585075,999
G_dipaxis_s0.2,2075c696,1,162712.34596116605,1000
G_dipaxis_s0.2,2075c696,2,252156.03352299405,1000
G_dipaxis_s0.2,2075c696,3,23534.859911284355,189
G_dipaxis_s0.1,a8ed028a,0,296488.79562087625,999
G_dipaxis_s0.1,a8ed028a,1,1408060.683601551,1000
G_dipaxis_s0.1,a8ed028a,2,261129.47452272556,1000
G_dipaxis_s0.1,a8ed028a,3,469334.4192413285,1000
G_dipaxis_s0.1,a8ed028a,4,312478.50728644634,1000
G_dipaxis_s0.1,a8ed028a,5,3544.2789653646046,539
G_dipaxis_s0.15,a8ed028a,0,294785.5976434254,999
G_dipaxis_s0.15,a8ed028a,1,1387405.7396279525,1000
G_dipaxis_s0.15,a8ed028a,2,253334.22728733168,1000
G_dipaxis_s0.15,a8ed028a,3,409974.50159310835,1000
G_dipaxis_s0.15,a8ed028a,4,233871.34586800972,1000
G_dipaxis_s0.15,a8ed028a,5,2405.644795531852,539
G_dipaxis_s0.2,a8ed028a,0,293094.84277847345,999
G_dipaxis_s0.2,a8ed028a,1,1366934.417298944,1000
G_dipaxis_s0.2,a8ed028a,2,245769.15054184903,1000
G_dipaxis_s0.2,a8ed028a,3,354737.5769971155,1000
G_dipaxis_s0.2,a8ed028a,4,169364.64134689132,1000
G_dipaxis_s0.2,a8ed028a,5,15889.973833991477,539
G_dipaxis_s0.1,6ea22614,0,10398.382295822448,999
G_dipaxis_s0.1,6ea22614,1,17782.785201246228,1000
G_dipaxis_s0.1,6ea22614,2,133284.2817738815,1000
G_dipaxis_s0.1,6ea22614,3,49744.946623978474,1000
G_dipaxis_s0.1,6ea22614,4,24028.14973634775,1000
G_dipaxis_s0.1,6ea22614,5,36104.00233392522,972
G_dipaxis_s0.15,6ea22614,0,10011.223172326494,999
G_dipaxis_s0.15,6ea22614,1,18116.972357723887,1000
G_dipaxis_s0.15,6ea22614,2,135330.71973611257,1000
G_dipaxis_s0.15,6ea22614,3,52943.06538465661,1000
G_dipaxis_s0.15,6ea22614,4,23232.651752241996,1000
G_dipaxis_s0.15,6ea22614,5,33249.379175114256,972
G_dipaxis_s0.2,6ea22614,0,9634.40804527108,999
G_dipaxis_s0.2,6ea22614,1,18488.670730341382,1000
G_dipaxis_s0.2,6ea22614,2,137394.75636092684,1000
G_dipaxis_s0.2,6ea22614,3,56272.31502954572,1000
G_dipaxis_s0.2,6ea22614,4,22595.45228591965,1000
G_dipaxis_s0.2,6ea22614,5,30513.31278133649,972
G_dipaxis_s0.1,df8290be,0,40733.962189634505,999
G_dipaxis_s0.1,df8290be,1,12591.399919768864,1000
G_dipaxis_s0.1,df8290be,2,182698.52845620396,1000
G_dipaxis_s0.1,df8290be,3,388414.44822571566,973
G_dipaxis_s0.15,df8290be,0,41415.692941998,999
G_dipaxis_s0.15,df8290be,1,13855.15155823527,1000
G_dipaxis_s0.15,df8290be,2,168565.9284002174,1000
G_dipaxis_s0.15,df8290be,3,375569.4703528031,973
G_dipaxis_s0.2,df8290be,0,42113.88057626472,999
G_dipaxis_s0.2,df8290be,1,15527.46532212006,1000
G_dipaxis_s0.2,df8290be,2,155052.1948723926,1000
G_dipaxis_s0.2,df8290be,3,362995.6892494456,973
G_dipaxis_s0.1,283269ac,0,2531.186441637381,999
G_dipaxis_s0.1,283269ac,1,890.2664388996834,1000
G_dipaxis_s0.1,283269ac,2,6066.925260170402,627
G_dipaxis_s0.15,283269ac,0,2496.745758186765,999
G_dipaxis_s0.15,283269ac,1,937.5110764637151,1000
G_dipaxis_s0.15,283269ac,2,6292.816015178557,627
G_dipaxis_s0.2,283269ac,0,2464.867708422767,999
G_dipaxis_s0.2,283269ac,1,987.883789123972,1000
G_dipaxis_s0.2,283269ac,2,6524.9129026699475,627
G_dipaxis_s0.1,c2c4db09,0,19311.56147130812,999
G_dipaxis_s0.1,c2c4db09,1,192029.6318232057,1000
G_dipaxis_s0.1,c2c4db09,2,100829.9019613933,1000
G_dipaxis_s0.1,c2c4db09,3,8966.022634675632,1000
G_dipaxis_s0.1,c2c4db09,4,53861.51680504176,1000
G_dipaxis_s0.1,c2c4db09,5,37396.41628435864,1000
G_dipaxis_s0.1,c2c4db09,6,2598.0338663824164,40
G_dipaxis_s0.15,c2c4db09,0,18078.257235596997,999
G_dipaxis_s0.15,c2c4db09,1,176200.1936127092,1000
G_dipaxis_s0.15,c2c4db09,2,80922.90686614762,1000
G_dipaxis_s0.15,c2c4db09,3,6992.291146676912,1000
G_dipaxis_s0.15,c2c4db09,4,85010.32301588099,1000
G_dipaxis_s0.15,c2c4db09,5,79135.45480252348,1000
G_dipaxis_s0.15,c2c4db09,6,5074.831972511761,40
G_dipaxis_s0.2,c2c4db09,0,16939.725911003752,999
G_dipaxis_s0.2,c2c4db09,1,161084.1976057351,1000
G_dipaxis_s0.2,c2c4db09,2,63389.60334061764,1000
G_dipaxis_s0.2,c2c4db09,3,8640.069611259587,1000
G_dipaxis_s0.2,c2c4db09,4,123385.67233248099,1000
G_dipaxis_s0.2,c2c4db09,5,136571.03710029903,1000
G_dipaxis_s0.2,c2c4db09,6,8373.366790712143,40
G_dipaxis_s0.1,89f1085d,0,3214.6757371856274,999
G_dipaxis_s0.1,89f1085d,1,38935.27801366965,1000
G_dipaxis_s0.1,89f1085d,2,72335.80930951612,1000
G_dipaxis_s0.1,89f1085d,3,33611.625528551514,1000
G_dipaxis_s0.1,89f1085d,4,75183.11770988394,1000
G_dipaxis_s0.1,89f1085d,5,13622.721771411287,995
G_dipaxis_s0.15,89f1085d,0,960.2409359153017,999
G_dipaxis_s0.15,89f1085d,1,24599.679027062855,1000
G_dipaxis_s0.15,89f1085d,2,44113.49574138155,1000
G_dipaxis_s0.15,89f1085d,3,57073.3466031539,1000
G_dipaxis_s0.15,89f1085d,4,116644.3627070668,1000
G_dipaxis_s0.15,89f1085d,5,29641.535680235025,995
G_dipaxis_s0.2,89f1085d,0,674.1527507369802,999
G_dipaxis_s0.2,89f1085d,1,15839.36965237577,1000
G_dipaxis_s0.2,89f1085d,2,23691.084142710424,1000
G_dipaxis_s0.2,89f1085d,3,88169.91215355622,1000
G_dipaxis_s0.2,89f1085d,4,167490.25142271462,1000
G_dipaxis_s0.2,89f1085d,5,53161.30247187345,995
G_dipaxis_s0.1,5fb1c15f,0,61386.20966605513,999
G_dipaxis_s0.1,5fb1c15f,1,181288.77713193395,1000
G_dipaxis_s0.1,5fb1c15f,2,183456.0507854163,861
G_dipaxis_s0.15,5fb1c15f,0,58819.20034059366,999
G_dipaxis_s0.15,5fb1c15f,1,190148.8035779094,1000
G_dipaxis_s0.15,5fb1c15f,2,213114.8703716076,861
G_dipaxis_s0.2,5fb1c15f,0,56322.71979518291,999
G_dipaxis_s0.2,5fb1c15f,1,199254.2848077141,1000
G_dipaxis_s0.2,5fb1c15f,2,245363.24410304156,861
G_dipaxis_s0.1,0be01c24,0,10600.376076772576,999
G_dipaxis_s0.1,0be01c24,1,10059.406050323369,1000
G_dipaxis_s0.1,0be01c24,2,752.5937441908633,1000
G_dipaxis_s0.1,0be01c24,3,2762.496479404249,1000
G_dipaxis_s0.1,0be01c24,4,3025.223506930755,739
G_dipaxis_s0.15,0be01c24,0,11064.17821119731,999
G_dipaxis_s0.15,0be01c24,1,10504.524671874025,1000
G_dipaxis_s0.15,0be01c24,2,764.76920607873,1000
G_dipaxis_s0.15,0be01c24,3,2537.0793424009503,1000
G_dipaxis_s0.15,0be01c24,4,2716.976507992005,739
G_dipaxis_s0.2,0be01c24,0,11538.309779628786,999
G_dipaxis_s0.2,0be01c24,1,10965.244493040937,1000
G_dipaxis_s0.2,0be01c24,2,818.43889525346,1000
G_dipaxis_s0.2,0be01c24,3,2339.5425443464705,1000
G_dipaxis_s0.2,0be01c24,4,2480.1259709020887,739
G_dipaxis_s0.1,96936c22,0,2760.353465236496,999
G_dipaxis_s0.1,96936c22,1,8223.9190332636,1000
G_dipaxis_s0.1,96936c22,2,12579.553749471363,1000
G_dipaxis_s0.1,96936c22,3,3306.661952700104,347
G_dipaxis_s0.15,96936c22,0,2921.791974588277,999
G_dipaxis_s0.15,96936c22,1,8717.997322342988,1000
G_dipaxis_s0.15,96936c22,2,13751.317803685879,1000
G_dipaxis_s0.15,96936c22,3,2751.9761575269763,347
G_dipaxis_s0.2,96936c22,0,3088.063852143278,999
G_dipaxis_s0.2,96936c22,1,9268.283550846658,1000
G_dipaxis_s0.2,96936c22,2,15004.307270179866,1000
G_dipaxis_s0.2,96936c22,3,2257.1088451802143,347
G_dipaxis_s0.1,ab6fe95d,0,12039.941150810162,999
G_dipaxis_s0.1,ab6fe95d,1,2214.933271141293,1000
G_dipaxis_s0.1,ab6fe95d,2,28853.111756383933,1000
G_dipaxis_s0.1,ab6fe95d,3,72312.4827019519,1000
G_dipaxis_s0.1,ab6fe95d,4,60199.344974079766,1000
G_dipaxis_s0.1,ab6fe95d,5,21792.37785726165,492
G_dipaxis_s0.15,ab6fe95d,0,11861.683276868634,999
G_dipaxis_s0.15,ab6fe95d,1,2194.138856008599,1000
G_dipaxis_s0.15,ab6fe95d,2,26328.883729541187,1000
G_dipaxis_s0.15,ab6fe95d,3,69485.92508936812,1000
G_dipaxis_s0.15,ab6fe95d,4,58734.78114743733,1000
G_dipaxis_s0.15,ab6fe95d,5,21047.01067305814,492
G_dipaxis_s0.2,ab6fe95d,0,11690.490727712404,999
G_dipaxis_s0.2,ab6fe95d,1,2187.0668294172074,1000
G_dipaxis_s0.2,ab6fe95d,2,23932.44131792559,1000
G_dipaxis_s0.2,ab6fe95d,3,66722.83331402937,1000
G_dipaxis_s0.2,ab6fe95d,4,57303.33544550489,1000
G_dipaxis_s0.2,ab6fe95d,5,20318.843566606833,492
G_dipaxis_s0.1,d7eb0be8,0,708024.6228638669,999
G_dipaxis_s0.1,d7eb0be8,1,2634019.8998070178,1000
G_dipaxis_s0.1,d7eb0be8,2,2118996.387531293,1000
G_dipaxis_s0.1,d7eb0be8,3,512946.1162908162,1000
G_dipaxis_s0.1,d7eb0be8,4,77398.91201549521,1000
G_dipaxis_s0.1,d7eb0be8,5,253738.0093262316,402
G_dipaxis_s0.15,d7eb0be8,0,689903.1827204347,999
G_dipaxis_s0.15,d7eb0be8,1,2536768.9780158927,1000
G_dipaxis_s0.15,d7eb0be8,2,1958444.7186495087,1000
G_dipaxis_s0.15,d7eb0be8,3,404137.5560223768,1000
G_dipaxis_s0.15,d7eb0be8,4,75792.54280010887,1000
G_dipaxis_s0.15,d7eb0be8,5,341562.15378349304,402
G_dipaxis_s0.2,d7eb0be8,0,672041.7387249104,999
G_dipaxis_s0.2,d7eb0be8,1,2441429.7225114694,1000
G_dipaxis_s0.2,d7eb0be8,2,1804778.91023406,1000
G_dipaxis_s0.2,d7eb0be8,3,310420.4609878469,1000
G_dipaxis_s0.2,d7eb0be8,4,99657.50060430757,1000
G_dipaxis_s0.2,d7eb0be8,5,442870.87016654166,402
G_dipaxis_s0.1,fd3b4faa,0,47661.921069548545,999
G_dipaxis_s0.1,fd3b4faa,1,89093.08064947906,1000
G_dipaxis_s0.1,fd3b4faa,2,11768.82586083117,1000
G_dipaxis_s0.1,fd3b4faa,3,4062.144032513081,1000
G_dipaxis_s0.1,fd3b4faa,4,24274.044310372097,1000
G_dipaxis_s0.1,fd3b4faa,5,42.95362046819175,23
G_dipaxis_s0.15,fd3b4faa,0,44151.373194792235,999
G_dipaxis_s0.15,fd3b4faa,1,87267.40372372759,1000
G_dipaxis_s0.15,fd3b4faa,2,10919.492268480182,1000
G_dipaxis_s0.15,fd3b4faa,3,2625.3773661433247,1000
G_dipaxis_s0.15,fd3b4faa,4,20057.25238371099,1000
G_dipaxis_s0.15,fd3b4faa,5,27.91563861642886,23
G_dipaxis_s0.2,fd3b4faa,0,40778.92082823697,999
G_dipaxis_s0.2,fd3b4faa,1,85503.62167878015,1000
G_dipaxis_s0.2,fd3b4faa,2,10381.870621647644,1000
G_dipaxis_s0.2,fd3b4faa,3,1520.9856245756946,1000
G_dipaxis_s0.2,fd3b4faa,4,16288.580575210539,1000
G_dipaxis_s0.2,fd3b4faa,5,16.125744367900534,23
G_dipaxis_s0.1,5254b6db,0,5194.467236211312,999
G_dipaxis_s0.1,5254b6db,1,827.3512410138873,1000
G_dipaxis_s0.1,5254b6db,2,828.1525968897164,1000
G_dipaxis_s0.1,5254b6db,3,2662.269926743005,275
G_dipaxis_s0.15,5254b6db,0,4916.845005739217,999
G_dipaxis_s0.15,5254b6db,1,913.5341210215569,1000
G_dipaxis_s0.15,5254b6db,2,811.4092623324809,1000
G_dipaxis_s0.15,5254b6db,3,2550.3299939028257,275
G_dipaxis_s0.2,5254b6db,0,4647.379781386485,999
G_dipaxis_s0.2,5254b6db,1,1018.1973332467882,1000
G_dipaxis_s0.2,5254b6db,2,822.3092138869372,1000
G_dipaxis_s0.2,5254b6db,3,2441.358175516239,275
G_dipaxis_s0.1,2364716c,0,12405.208028184592,999
G_dipaxis_s0.1,2364716c,1,163672.212343608,1000
G_dipaxis_s0.1,2364716c,2,74387.31061550084,1000
G_dipaxis_s0.1,2364716c,3,10963.215041599082,1000
G_dipaxis_s0.1,2364716c,4,1799.3782055737463,317
G_dipaxis_s0.15,2364716c,0,11643.961592390924,999
G_dipaxis_s0.15,2364716c,1,156127.86548988023,1000
G_dipaxis_s0.15,2364716c,2,67729.83018440538,1000
G_dipaxis_s0.15,2364716c,3,6741.727239350548,1000
G_dipaxis_s0.15,2364716c,4,705.7867916419223,317
G_dipaxis_s0.2,2364716c,0,10909.663580305803,999
G_dipaxis_s0.2,2364716c,1,148762.63617503786,1000
G_dipaxis_s0.2,2364716c,2,61473.31579269226,1000
G_dipaxis_s0.2,2364716c,3,3844.5090949134774,1000
G_dipaxis_s0.2,2364716c,4,243.40710757529416,317
G_dipaxis_s0.1,c6797dd7,0,11693.710565170088,999
G_dipaxis_s0.1,c6797dd7,1,78179.70267236365,1000
G_dipaxis_s0.1,c6797dd7,2,20697.67745112461,1000
G_dipaxis_s0.1,c6797dd7,3,2259.3866141954627,1000
G_dipaxis_s0.1,c6797dd7,4,1009.780232903805,665
G_dipaxis_s0.15,c6797dd7,0,10119.80261911217,999
G_dipaxis_s0.15,c6797dd7,1,73703.92819211869,1000
G_dipaxis_s0.15,c6797dd7,2,22256.496198092053,1000
G_dipaxis_s0.15,c6797dd7,3,216.3033143276051,1000
G_dipaxis_s0.15,c6797dd7,4,551.2682819052499,665
G_dipaxis_s0.2,c6797dd7,0,8661.12675395553,999
G_dipaxis_s0.2,c6797dd7,1,69383.24636758167,1000
G_dipaxis_s0.2,c6797dd7,2,24740.465159329262,1000
G_dipaxis_s0.2,c6797dd7,3,1969.636576486471,1000
G_dipaxis_s0.2,c6797dd7,4,5315.9362859430585,665
G_dipaxis_s0.1,e5ff9fd2,0,11706.944000733274,999
G_dipaxis_s0.1,e5ff9fd2,1,45395.89348960996,1000
G_dipaxis_s0.1,e5ff9fd2,2,83627.87358288083,355
G_dipaxis_s0.15,e5ff9fd2,0,12678.17051098617,999
G_dipaxis_s0.15,e5ff9fd2,1,48317.68456483013,1000
G_dipaxis_s0.15,e5ff9fd2,2,86277.24879645163,355
G_dipaxis_s0.2,e5ff9fd2,0,13690.305752395892,999
G_dipaxis_s0.2,e5ff9fd2,1,51337.6747674726,1000
G_dipaxis_s0.2,e5ff9fd2,2,88968.73149096378,355
G_dipaxis_s0.1,8c8348e8,0,14363.418362057113,999
G_dipaxis_s0.1,8c8348e8,1,2350.6206989296215,1000
G_dipaxis_s0.1,8c8348e8,2,7635.206851312145,1000
G_dipaxis_s0.1,8c8348e8,3,2585.4754607576015,889
G_dipaxis_s0.15,8c8348e8,0,15105.337729471521,999
G_dipaxis_s0.15,8c8348e8,1,2811.5444347039866,1000
G_dipaxis_s0.15,8c8348e8,2,6497.6438986672,1000
G_dipaxis_s0.15,8c8348e8,3,2572.796545917337,889
G_dipaxis_s0.2,8c8348e8,0,15866.695384657765,999
G_dipaxis_s0.2,8c8348e8,1,3325.9717873465206,1000
G_dipaxis_s0.2,8c8348e8,2,5554.966519125221,1000
G_dipaxis_s0.2,8c8348e8,3,3012.1976250326247,889
G_dipaxis_s0.1,19fb4f7b,0,738746.457738418,999
G_dipaxis_s0.1,19fb4f7b,1,1078951.2350350409,1000
G_dipaxis_s0.1,19fb4f7b,2,284320.0264216332,1000
G_dipaxis_s0.1,19fb4f7b,3,26579.217599042262,1000
G_dipaxis_s0.1,19fb4f7b,4,36502.8601811315,1000
G_dipaxis_s0.1,19fb4f7b,5,25445.44064918162,621
G_dipaxis_s0.15,19fb4f7b,0,729614.9008755189,999
G_dipaxis_s0.15,19fb4f7b,1,1069663.7120064453,1000
G_dipaxis_s0.15,19fb4f7b,2,284938.6263755211,1000
G_dipaxis_s0.15,19fb4f7b,3,26183.63307760488,1000
G_dipaxis_s0.15,19fb4f7b,4,32675.7627685741,1000
G_dipaxis_s0.15,19fb4f7b,5,22553.085930487458,621
G_dipaxis_s0.2,19fb4f7b,0,720541.0158347068,999
G_dipaxis_s0.2,19fb4f7b,1,1060420.9883012061,1000
G_dipaxis_s0.2,19fb4f7b,2,285558.76024128933,1000
G_dipaxis_s0.2,19fb4f7b,3,25814.879069703675,1000
G_dipaxis_s0.2,19fb4f7b,4,29062.45370281682,1000
G_dipaxis_s0.2,19fb4f7b,5,19836.367291291845,621
G_dipaxis_s0.1,1b1c5372,0,5947.755742184791,999
G_dipaxis_s0.1,1b1c5372,1,15539.955860693077,1000
G_dipaxis_s0.1,1b1c5372,2,137644.40208745678,1000
G_dipaxis_s0.1,1b1c5372,3,534894.7209514987,1000
G_dipaxis_s0.1,1b1c5372,4,111345.15442070442,262
G_dipaxis_s0.15,1b1c5372,0,4939.28207931163,999
G_dipaxis_s0.15,1b1c5372,1,16521.271429577675,1000
G_dipaxis_s0.15,1b1c5372,2,139673.3790043607,1000
G_dipaxis_s0.15,1b1c5372,3,537041.144879731,1000
G_dipaxis_s0.15,1b1c5372,4,114529.26099717105,262
G_dipaxis_s0.2,1b1c5372,0,4048.7588818363497,999
G_dipaxis_s0.2,1b1c5372,1,17555.590500872066,1000
G_dipaxis_s0.2,1b1c5372,2,141775.2584079525,1000
G_dipaxis_s0.2,1b1c5372,3,539237.6408113022,1000
G_dipaxis_s0.2,1b1c5372,4,117758.30309011757,262
G_dipaxis_s0.1,f07d7037,0,14477.408029937096,999
G_dipaxis_s0.1,f07d7037,1,11909.52944942346,1000
G_dipaxis_s0.1,f07d7037,2,214.88992519052297,1000
G_dipaxis_s0.1,f07d7037,3,16984.007138098852,1000
G_dipaxis_s0.1,f07d7037,4,5332.089920973726,1000
G_dipaxis_s0.1,f07d7037,5,13495.903990550461,564
G_dipaxis_s0.15,f07d7037,0,14858.09830555938,999
G_dipaxis_s0.15,f07d7037,1,12248.079164865867,1000
G_dipaxis_s0.15,f07d7037,2,284.7407397645502,1000
G_dipaxis_s0.15,f07d7037,3,18714.73490455609,1000
G_dipaxis_s0.15,f07d7037,4,4399.557154584253,1000
G_dipaxis_s0.15,f07d7037,5,11790.252978396607,564
G_dipaxis_s0.2,f07d7037,0,15243.839800501228,999
G_dipaxis_s0.2,f07d7037,1,12611.789708836723,1000
G_dipaxis_s0.2,f07d7037,2,421.6442709566812,1000
G_dipaxis_s0.2,f07d7037,3,20554.089650769874,1000
G_dipaxis_s0.2,f07d7037,4,3615.998544942652,1000
G_dipaxis_s0.2,f07d7037,5,10200.940570878898,564
G_dipaxis_s0.1,b5aa9634,0,22253.396136790092,999
G_dipaxis_s0.1,b5aa9634,1,9018.97449825106,1000
G_dipaxis_s0.1,b5aa9634,2,59555.059810922896,1000
G_dipaxis_s0.1,b5aa9634,3,26398.57010542565,1000
G_dipaxis_s0.1,b5aa9634,4,19768.597803730085,1000
G_dipaxis_s0.1,b5aa9634,5,32513.807911278982,1000
G_dipaxis_s0.1,b5aa9634,6,221424.7377827565,1000
G_dipaxis_s0.1,b5aa9634,7,182002.04517428364,327
G_dipaxis_s0.15,b5aa9634,0,21365.999110118384,999
G_dipaxis_s0.15,b5aa9634,1,8861.152982900468,1000
G_dipaxis_s0.15,b5aa9634,2,59353.51661277033,1000
G_dipaxis_s0.15,b5aa9634,3,26285.84016591715,1000
G_dipaxis_s0.15,b5aa9634,4,20031.7315273823,1000
G_dipaxis_s0.15,b5aa9634,5,32476.1444563618,1000
G_dipaxis_s0.15,b5aa9634,6,218740.5810976259,1000
G_dipaxis_s0.15,b5aa9634,7,181683.00532345282,327
G_dipaxis_s0.2,b5aa9634,0,20500.818910129146,999
G_dipaxis_s0.2,b5aa9634,1,8711.141103234,1000
G_dipaxis_s0.2,b5aa9634,2,59157.001763794775,1000
G_dipaxis_s0.2,b5aa9634,3,26175.09648284265,1000
G_dipaxis_s0.2,b5aa9634,4,20297.30400848761,1000
G_dipaxis_s0.2,b5aa9634,5,32438.791322413217,1000
G_dipaxis_s0.2,b5aa9634,6,216077.59859198795,1000
G_dipaxis_s0.2,b5aa9634,7,181364.7193533087,327
G_dipaxis_s0.1,373ef48b,0,868.3616898054231,999
G_dipaxis_s0.1,373ef48b,1,8476.646195917157,1000
G_dipaxis_s0.1,373ef48b,2,6911.724541192255,1000
G_dipaxis_s0.1,373ef48b,3,228.4552949345982,510
G_dipaxis_s0.15,373ef48b,0,936.9234969263559,999
G_dipaxis_s0.15,373ef48b,1,8046.639216483553,1000
G_dipaxis_s0.15,373ef48b,2,6669.4303221590935,1000
G_dipaxis_s0.15,373ef48b,3,246.54070083116451,510
G_dipaxis_s0.2,373ef48b,0,1012.4510783836466,999
G_dipaxis_s0.2,373ef48b,1,7636.356723914097,1000
G_dipaxis_s0.2,373ef48b,2,6434.058875792851,1000
G_dipaxis_s0.2,373ef48b,3,278.26842279093006,510
G_dipaxis_s0.1,dbee6c86,0,7194.484999718376,999
G_dipaxis_s0.1,dbee6c86,1,43871.54935645504,1000
G_dipaxis_s0.1,dbee6c86,2,2378.514739664809,1000
G_dipaxis_s0.1,dbee6c86,3,8446.919416847128,1000
G_dipaxis_s0.1,dbee6c86,4,1136.8283447383221,1000
G_dipaxis_s0.1,dbee6c86,5,7457.612239865681,1000
G_dipaxis_s0.1,dbee6c86,6,14943.914537160115,1000
G_dipaxis_s0.1,dbee6c86,7,17693.507460878474,370
G_dipaxis_s0.15,dbee6c86,0,7107.127758085577,999
G_dipaxis_s0.15,dbee6c86,1,44294.09082920683,1000
G_dipaxis_s0.15,dbee6c86,2,2272.1794172951663,1000
G_dipaxis_s0.15,dbee6c86,3,8710.772557462487,1000
G_dipaxis_s0.15,dbee6c86,4,1202.4894144772063,1000
G_dipaxis_s0.15,dbee6c86,5,7605.167446179948,1000
G_dipaxis_s0.15,dbee6c86,6,16046.698617955728,1000
G_dipaxis_s0.15,dbee6c86,7,19312.330611049267,370
G_dipaxis_s0.2,dbee6c86,0,7023.2097076006885,999
G_dipaxis_s0.2,dbee6c86,1,44732.73454167709,1000
G_dipaxis_s0.2,dbee6c86,2,2172.192605287269,1000
G_dipaxis_s0.2,dbee6c86,3,8984.992558297485,1000
G_dipaxis_s0.2,dbee6c86,4,1294.1303995373044,1000
G_dipaxis_s0.2,dbee6c86,5,7757.7884479210925,1000
G_dipaxis_s0.2,dbee6c86,6,17190.898329832373,1000
G_dipaxis_s0.2,dbee6c86,7,21004.932298423708,370
G_dipaxis_s0.1,000d7d20,0,1601.6233560431242,999
G_dipaxis_s0.1,000d7d20,1,10239.006894948492,1000
G_dipaxis_s0.1,000d7d20,2,7431.695133733244,1000
G_dipaxis_s0.1,000d7d20,3,57973.06983409301,837
G_dipaxis_s0.15,000d7d20,0,1820.922480177464,999
G_dipaxis_s0.15,000d7d20,1,11003.842384876234,1000
G_dipaxis_s0.15,000d7d20,2,8120.793059732704,1000
G_dipaxis_s0.15,000d7d20,3,62134.15006714836,837
G_dipaxis_s0.2,000d7d20,0,2057.3821255005723,999
G_dipaxis_s0.2,000d7d20,1,11819.910120823984,1000
G_dipaxis_s0.2,000d7d20,2,8858.315311903138,1000
G_dipaxis_s0.2,000d7d20,3,66439.61867947657,837
G_dipaxis_s0.1,727a3a10,0,102817.21704960636,999
G_dipaxis_s0.1,727a3a10,1,347885.5811699342,1000
G_dipaxis_s0.1,727a3a10,2,345354.36101336573,1000
G_dipaxis_s0.1,727a3a10,3,150022.40067323684,1000
G_dipaxis_s0.1,727a3a10,4,68810.04237669351,398
G_dipaxis_s0.15,727a3a10,0,111862.06910649137,999
G_dipaxis_s0.15,727a3a10,1,421531.33265589975,1000
G_dipaxis_s0.15,727a3a10,2,502793.2592998504,1000
G_dipaxis_s0.15,727a3a10,3,317475.3341945261,1000
G_dipaxis_s0.15,727a3a10,4,154495.39956574267,398
G_dipaxis_s0.2,727a3a10,0,121331.78399904566,999
G_dipaxis_s0.2,727a3a10,1,502595.4105243763,1000
G_dipaxis_s0.2,727a3a10,2,691186.5178077454,1000
G_dipaxis_s0.2,727a3a10,3,547830.9211542793,1000
G_dipaxis_s0.2,727a3a10,4,274413.1111720826,398
G_dipaxis_s0.1,5beded95,0,151615.93401148904,999
G_dipaxis_s0.1,5beded95,1,341799.985077336,1000
G_dipaxis_s0.1,5beded95,2,88024.07681069411,1000
G_dipaxis_s0.1,5beded95,3,6967.784334993743,58
G_dipaxis_s0.15,5beded95,0,144199.51961852348,999
G_dipaxis_s0.15,5beded95,1,322179.0036022452,1000
G_dipaxis_s0.15,5beded95,2,81831.32230748392,1000
G_dipaxis_s0.15,5beded95,3,6330.93153385404,58
G_dipaxis_s0.2,5beded95,0,136980.61253788517,999
G_dipaxis_s0.2,5beded95,1,303147.29903161863,1000
G_dipaxis_s0.2,5beded95,2,75872.2056509456,1000
G_dipaxis_s0.2,5beded95,3,5724.59419065556,58
G_dipaxis_s0.1,33c40295,0,94407.17742391501,999
G_dipaxis_s0.1,33c40295,1,24444.175111124794,1000
G_dipaxis_s0.1,33c40295,2,3635.5881767529077,1000
G_dipaxis_s0.1,33c40295,3,22950.478831606935,1000
G_dipaxis_s0.1,33c40295,4,21050.415099486614,170
G_dipaxis_s0.15,33c40295,0,93386.28701985386,999
G_dipaxis_s0.15,33c40295,1,24937.494018033143,1000
G_dipaxis_s0.15,33c40295,2,3702.346860773984,1000
G_dipaxis_s0.15,33c40295,3,21176.368554406363,1000
G_dipaxis_s0.15,33c40295,4,20154.73401718803,170
G_dipaxis_s0.2,33c40295,0,92383.60680971199,999
G_dipaxis_s0.2,33c40295,1,25518.97196089943,1000
G_dipaxis_s0.2,33c40295,2,3812.928888939287,1000
G_dipaxis_s0.2,33c40295,3,19621.765014259643,1000
G_dipaxis_s0.2,33c40295,4,19278.7078015354,170
G_dipaxis_s0.1,992ce078,0,5019.591609329979,999
G_dipaxis_s0.1,992ce078,1,15468.349703522501,1000
G_dipaxis_s0.1,992ce078,2,5938.608168783045,880
G_dipaxis_s0.15,992ce078,0,5510.899640882365,999
G_dipaxis_s0.15,992ce078,1,16220.156731380044,1000
G_dipaxis_s0.15,992ce078,2,5070.555933288006,880
G_dipaxis_s0.2,992ce078,0,6030.54690602744,999
G_dipaxis_s0.2,992ce078,1,17034.137353307637,1000
G_dipaxis_s0.2,992ce078,2,4498.086482503283,880
G_dipaxis_s0.1,49dbc14c,0,38654.21572789759,999
G_dipaxis_s0.1,49dbc14c,1,26788.652463605387,1000
G_dipaxis_s0.1,49dbc14c,2,8236.685025478284,1000
G_dipaxis_s0.1,49dbc14c,3,13969.821320588218,873
G_dipaxis_s0.15,49dbc14c,0,38930.007525059904,999
G_dipaxis_s0.15,49dbc14c,1,28096.410635269494,1000
G_dipaxis_s0.15,49dbc14c,2,8880.175799391227,1000
G_dipaxis_s0.15,49dbc14c,3,14980.294528429136,873
G_dipaxis_s0.2,49dbc14c,0,39210.06798823238,999
G_dipaxis_s0.2,49dbc14c,1,29439.264141176234,1000
G_dipaxis_s0.2,49dbc14c,2,9549.779898709494,1000
G_dipaxis_s0.2,49dbc14c,3,16027.44249527014,873
G_dipaxis_s0.1,5b7b6324,0,10741.44546348613,999
G_dipaxis_s0.1,5b7b6324,1,14333.182507481315,1000
G_dipaxis_s0.1,5b7b6324,2,18618.394869631687,1000
G_dipaxis_s0.1,5b7b6324,3,98331.82629881082,1000
G_dipaxis_s0.1,5b7b6324,4,153627.69092021612,1000
G_dipaxis_s0.1,5b7b6324,5,232580.58456693692,1000
G_dipaxis_s0.1,5b7b6324,6,201738.95652110103,565
G_dipaxis_s0.15,5b7b6324,0,10203.741638212412,999
G_dipaxis_s0.15,5b7b6324,1,13382.908239677536,1000
G_dipaxis_s0.15,5b7b6324,2,19443.09379379404,1000
G_dipaxis_s0.15,5b7b6324,3,88306.44008600763,1000
G_dipaxis_s0.15,5b7b6324,4,144609.89405577866,1000
G_dipaxis_s0.15,5b7b6324,5,219876.41687755566,1000
G_dipaxis_s0.15,5b7b6324,6,190887.4523634337,565
G_dipaxis_s0.2,5b7b6324,0,9680.127958773086,999
G_dipaxis_s0.2,5b7b6324,1,12471.806936833804,1000
G_dipaxis_s0.2,5b7b6324,2,20305.582642111764,1000
G_dipaxis_s0.2,5b7b6324,3,78838.23353542776,1000
G_dipaxis_s0.2,5b7b6324,4,135880.09344212688,1000
G_dipaxis_s0.2,5b7b6324,5,207537.89963435853,1000
G_dipaxis_s0.2,5b7b6324,6,180337.51717915278,565
G_dipaxis_s0.1,ddc790ff,0,2181.3659419227793,999
G_dipaxis_s0.1,ddc790ff,1,18454.772436715597,1000
G_dipaxis_s0.1,ddc790ff,2,13977.147242644036,1000
G_dipaxis_s0.1,ddc790ff,3,6197.0458942872865,1000
G_dipaxis_s0.1,ddc790ff,4,14259.429459785488,727
G_dipaxis_s0.15,ddc790ff,0,2034.9607497026122,999
G_dipaxis_s0.15,ddc790ff,1,18250.045430378505,1000
G_dipaxis_s0.15,ddc790ff,2,14452.963182164218,1000
G_dipaxis_s0.15,ddc790ff,3,6791.938457254109,1000
G_dipaxis_s0.15,ddc790ff,4,15444.61166654171,727
G_dipaxis_s0.2,ddc790ff,0,1895.773341006072,999
G_dipaxis_s0.2,ddc790ff,1,18051.554490326424,1000
G_dipaxis_s0.2,ddc790ff,2,14939.333955437483,1000
G_dipaxis_s0.2,ddc790ff,3,7439.124052555354,1000
G_dipaxis_s0.2,ddc790ff,4,16680.250178428774,727
G_dipaxis_s0.1,cbe51de1,0,17993.537900458967,999
G_dipaxis_s0.1,cbe51de1,1,13514.854050010059,1000
G_dipaxis_s0.1,cbe51de1,2,78319.87394417755,1000
G_dipaxis_s0.1,cbe51de1,3,39302.04193803735,964
G_dipaxis_s0.15,cbe51de1,0,19960.341715981926,999
G_dipaxis_s0.15,cbe51de1,1,14004.633994650178,1000
G_dipaxis_s0.15,cbe51de1,2,58183.19345922033,1000
G_dipaxis_s0.15,cbe51de1,3,54785.600733285115,964
G_dipaxis_s0.2,cbe51de1,0,22033.051165584024,999
G_dipaxis_s0.2,cbe51de1,1,15816.509588769997,1000
G_dipaxis_s0.2,cbe51de1,2,41588.234545394705,1000
G_dipaxis_s0.2,cbe51de1,3,73878.47931426208,964
G_dipaxis_s0.1,10a1281a,0,25072.180756542097,999
G_dipaxis_s0.1,10a1281a,1,20086.44170196931,1000
G_dipaxis_s0.1,10a1281a,2,31051.945015303452,1000
G_dipaxis_s0.1,10a1281a,3,19573.208534417863,1000
G_dipaxis_s0.1,10a1281a,4,7849.21859494873,1000
G_dipaxis_s0.1,10a1281a,5,4019.610498950383,610
G_dipaxis_s0.15,10a1281a,0,25865.621208734072,999
G_dipaxis_s0.15,10a1281a,1,20005.54319426388,1000
G_dipaxis_s0.15,10a1281a,2,32211.022545167918,1000
G_dipaxis_s0.15,10a1281a,3,19461.5698903217,1000
G_dipaxis_s0.15,10a1281a,4,8456.22691340769,1000
G_dipaxis_s0.15,10a1281a,5,4552.192761873002,610
G_dipaxis_s0.2,10a1281a,0,26671.752280223423,999
G_dipaxis_s0.2,10a1281a,1,19925.95314722538,1000
G_dipaxis_s0.2,10a1281a,2,33442.45024897079,1000
G_dipaxis_s0.2,10a1281a,3,19369.190115155558,1000
G_dipaxis_s0.2,10a1281a,4,9095.68281448776,1000
G_dipaxis_s0.2,10a1281a,5,5119.393187316054,610
G_dipaxis_s0.1,16e4a047,0,73190.6877324529,999
G_dipaxis_s0.1,16e4a047,1,191920.85442955262,1000
G_dipaxis_s0.1,16e4a047,2,155462.29503191554,1000
G_dipaxis_s0.1,16e4a047,3,235469.50873995788,1000
G_dipaxis_s0.1,16e4a047,4,27838.379021743254,132
G_dipaxis_s0.15,16e4a047,0,77382.2315532525,999
G_dipaxis_s0.15,16e4a047,1,218791.99500388955,1000
G_dipaxis_s0.15,16e4a047,2,193180.26376542586,1000
G_dipaxis_s0.15,16e4a047,3,281916.76116489136,1000
G_dipaxis_s0.15,16e4a047,4,34186.46608419436,132
G_dipaxis_s0.2,16e4a047,0,81824.66564376706,999
G_dipaxis_s0.2,16e4a047,1,247587.61471793355,1000
G_dipaxis_s0.2,16e4a047,2,235046.37321063835,1000
G_dipaxis_s0.2,16e4a047,3,332575.7494264606,1000
G_dipaxis_s0.2,16e4a047,4,41196.461814364935,132
G_dipaxis_s0.1,abf460d2,0,13711.296402106806,999
G_dipaxis_s0.1,abf460d2,1,8322.966104814777,1000
G_dipaxis_s0.1,abf460d2,2,11642.63574131057,1000
G_dipaxis_s0.1,abf460d2,3,19271.87417502018,218
G_dipaxis_s0.15,abf460d2,0,14082.862825376465,999
G_dipaxis_s0.15,abf460d2,1,8001.310989933026,1000
G_dipaxis_s0.15,abf460d2,2,10469.971928290144,1000
G_dipaxis_s0.15,abf460d2,3,18399.792844361462,218
G_dipaxis_s0.2,abf460d2,0,14461.174257809182,999
G_dipaxis_s0.2,abf460d2,1,7706.970716153322,1000
G_dipaxis_s0.2,abf460d2,2,9363.471892010248,1000
G_dipaxis_s0.2,abf460d2,3,17548.715812518185,218
G_dipaxis_s0.1,445af6c2,0,4542.760738813329,999
G_dipaxis_s0.1,445af6c2,1,99494.03968124518,1000
G_dipaxis_s0.1,445af6c2,2,169739.07432194782,1000
G_dipaxis_s0.1,445af6c2,3,148654.65151432317,1000
G_dipaxis_s0.1,445af6c2,4,115491.10819109046,1000
G_dipaxis_s0.1,445af6c2,5,103037.91866523039,1000
G_dipaxis_s0.1,445af6c2,6,6541.055996739728,42
G_dipaxis_s0.15,445af6c2,0,4471.798209365787,999
G_dipaxis_s0.15,445af6c2,1,97303.20938054757,1000
G_dipaxis_s0.15,445af6c2,2,163263.26819607435,1000
G_dipaxis_s0.15,445af6c2,3,142104.532272288,1000
G_dipaxis_s0.15,445af6c2,4,108741.25400185662,1000
G_dipaxis_s0.15,445af6c2,5,96007.35526939099,1000
G_dipaxis_s0.15,445af6c2,6,6212.474455152871,42
G_dipaxis_s0.2,445af6c2,0,4402.188422605775,999
G_dipaxis_s0.2,445af6c2,1,95141.38840420984,1000
G_dipaxis_s0.2,445af6c2,2,156913.77357115908,1000
G_dipaxis_s0.2,445af6c2,3,135702.58451095456,1000
G_dipaxis_s0.2,445af6c2,4,102201.12187253985,1000
G_dipaxis_s0.2,445af6c2,5,89227.90977012542,1000
G_dipaxis_s0.2,445af6c2,6,5892.361304807224,42
G_dipaxis_s0.1,a692b17e,0,30137.538309908716,999
G_dipaxis_s0.1,a692b17e,1,167846.58204840965,1000
G_dipaxis_s0.1,a692b17e,2,282261.6879934698,1000
G_dipaxis_s0.1,a692b17e,3,59321.075973103085,567
G_dipaxis_s0.15,a692b17e,0,31809.4683577739,999
G_dipaxis_s0.15,a692b17e,1,158307.01073365269,1000
G_dipaxis_s0.15,a692b17e,2,269419.5421303925,1000
G_dipaxis_s0.15,a692b17e,3,57939.83149356638,567
G_dipaxis_s0.2,a692b17e,0,33540.091926883644,999
G_dipaxis_s0.2,a692b17e,1,149066.475839004,1000
G_dipaxis_s0.2,a692b17e,2,256879.08250342016,1000
G_dipaxis_s0.2,a692b17e,3,56575.052445505746,567
G_dipaxis_s0.1,bffe3082,0,1809.8697540929888,999
G_dipaxis_s0.1,bffe3082,1,53053.754908717034,1000
G_dipaxis_s0.1,bffe3082,2,229332.935986551,1000
G_dipaxis_s0.1,bffe3082,3,219571.51160580586,1000
G_dipaxis_s0.1,bffe3082,4,719047.3332036955,1000
G_dipaxis_s0.1,bffe3082,5,606707.2862979136,724
G_dipaxis_s0.15,bffe3082,0,1615.248298241743,999
G_dipaxis_s0.15,bffe3082,1,62319.13183932809,1000
G_dipaxis_s0.15,bffe3082,2,253616.1627488849,1000
G_dipaxis_s0.15,bffe3082,3,237765.20765010014,1000
G_dipaxis_s0.15,bffe3082,4,743011.0861579496,1000
G_dipaxis_s0.15,bffe3082,5,632993.270991675,724
G_dipaxis_s0.2,bffe3082,0,1521.7375057084075,999
G_dipaxis_s0.2,bffe3082,1,72456.3678185537,1000
G_dipaxis_s0.2,bffe3082,2,279318.6462090642,1000
G_dipaxis_s0.2,bffe3082,3,256698.6916366124,1000
G_dipaxis_s0.2,bffe3082,4,767436.4534843741,1000
G_dipaxis_s0.2,bffe3082,5,659845.499090129,724
G_dipaxis_s0.1,7993a768,0,3872.66436267068,999
G_dipaxis_s0.1,7993a768,1,1952.2021967294138,1000
G_dipaxis_s0.1,7993a768,2,502.55691375991057,1000
G_dipaxis_s0.1,7993a768,3,900.2190945459853,1000
G_dipaxis_s0.1,7993a768,4,4185.78968486355,1000
G_dipaxis_s0.1,7993a768,5,437.7909364104033,488
G_dipaxis_s0.15,7993a768,0,3247.5305042223804,999
G_dipaxis_s0.15,7993a768,1,2017.642738367826,1000
G_dipaxis_s0.15,7993a768,2,1627.7492490183201,1000
G_dipaxis_s0.15,7993a768,3,3162.779804238523,1000
G_dipaxis_s0.15,7993a768,4,6994.213007894072,1000
G_dipaxis_s0.15,7993a768,5,3875.414118532401,488
G_dipaxis_s0.2,7993a768,0,2681.584613662591,999
G_dipaxis_s0.2,7993a768,1,3199.8453775490198,1000
G_dipaxis_s0.2,7993a768,2,5069.919142408444,1000
G_dipaxis_s0.2,7993a768,3,10300.511608983188,1000
G_dipaxis_s0.2,7993a768,4,20725.60043479125,1000
G_dipaxis_s0.2,7993a768,5,13811.093262399487,488
G_dipaxis_s0.1,e201fd6d,0,18982.067859008625,999
G_dipaxis_s0.1,e201fd6d,1,230972.43327876372,1000
G_dipaxis_s0.1,e201fd6d,2,198137.3564434403,1000
G_dipaxis_s0.1,e201fd6d,3,139776.55061778438,1000
G_dipaxis_s0.1,e201fd6d,4,15466.838095254507,1000
G_dipaxis_s0.1,e201fd6d,5,2153.0246391682867,71
G_dipaxis_s0.15,e201fd6d,0,17263.884665545178,999
G_dipaxis_s0.15,e201fd6d,1,228482.51758126423,1000
G_dipaxis_s0.15,e201fd6d,2,200718.6538300748,1000
G_dipaxis_s0.15,e201fd6d,3,148337.2981813392,1000
G_dipaxis_s0.15,e201fd6d,4,13485.793450347046,1000
G_dipaxis_s0.15,e201fd6d,5,2013.210894690141,71
G_dipaxis_s0.2,e201fd6d,0,15653.160625066455,999
G_dipaxis_s0.2,e201fd6d,1,226009.93221004013,1000
G_dipaxis_s0.2,e201fd6d,2,203360.40403987776,1000
G_dipaxis_s0.2,e201fd6d,3,157269.26317068483,1000
G_dipaxis_s0.2,e201fd6d,4,11756.503611027545,1000
G_dipaxis_s0.2,e201fd6d,5,1878.099376723795,71
G_dipaxis_s0.1,5fffa282,0,1370.059318128838,999
G_dipaxis_s0.1,5fffa282,1,8986.564370222453,1000
G_dipaxis_s0.1,5fffa282,2,7673.585042209244,1000
G_dipaxis_s0.1,5fffa282,3,46094.30032838685,1000
G_dipaxis_s0.1,5fffa282,4,9712.311932659703,202
G_dipaxis_s0.15,5fffa282,0,1271.4308725076119,999
G_dipaxis_s0.15,5fffa282,1,9963.147355339655,1000
G_dipaxis_s0.15,5fffa282,2,6978.608979294224,1000
G_dipaxis_s0.15,5fffa282,3,41932.94526573048,1000
G_dipaxis_s0.15,5fffa282,4,8570.486773252918,202
G_dipaxis_s0.2,5fffa282,0,1214.3219480168918,999
G_dipaxis_s0.2,5fffa282,1,11137.187338096133,1000
G_dipaxis_s0.2,5fffa282,2,6383.279372455712,1000
G_dipaxis_s0.2,5fffa282,3,37969.8374607466,1000
G_dipaxis_s0.2,5fffa282,4,7500.320308413807,202
G_dipaxis_s0.1,eeda36f5,0,10642.045550171708,999
G_dipaxis_s0.1,eeda36f5,1,7093.994743280528,1000
G_dipaxis_s0.1,eeda36f5,2,1586.8179276429012,1000
G_dipaxis_s0.1,eeda36f5,3,4925.735228749658,1000
G_dipaxis_s0.1,eeda36f5,4,59238.13962568581,798
G_dipaxis_s0.15,eeda36f5,0,11490.357306709713,999
G_dipaxis_s0.15,eeda36f5,1,8271.833848508853,1000
G_dipaxis_s0.15,eeda36f5,2,1772.9417844727902,1000
G_dipaxis_s0.15,eeda36f5,3,4918.540410759806,1000
G_dipaxis_s0.15,eeda36f5,4,62626.77509015421,798
G_dipaxis_s0.2,eeda36f5,0,12397.849736733913,999
G_dipaxis_s0.2,eeda36f5,1,9600.761782910333,1000
G_dipaxis_s0.2,eeda36f5,2,2020.2009890886918,1000
G_dipaxis_s0.2,eeda36f5,3,4917.743304637497,1000
G_dipaxis_s0.2,eeda36f5,4,66110.10492219019,798
G_dipaxis_s0.1,a7fc3e6b,0,17795.52662264034,999
G_dipaxis_s0.1,a7fc3e6b,1,77900.43568092602,1000
G_dipaxis_s0.1,a7fc3e6b,2,456731.29370730487,1000
G_dipaxis_s0.1,a7fc3e6b,3,83163.35603468967,1000
G_dipaxis_s0.1,a7fc3e6b,4,130637.3254995912,765
G_dipaxis_s0.15,a7fc3e6b,0,16333.703105876933,999
G_dipaxis_s0.15,a7fc3e6b,1,73620.18210440282,1000
G_dipaxis_s0.15,a7fc3e6b,2,419477.84369894187,1000
G_dipaxis_s0.15,a7fc3e6b,3,68953.66865406757,1000
G_dipaxis_s0.15,a7fc3e6b,4,171665.52247880155,765
G_dipaxis_s0.2,a7fc3e6b,0,14941.336451750429,999
G_dipaxis_s0.2,a7fc3e6b,1,69520.06615284614,1000
G_dipaxis_s0.2,a7fc3e6b,2,383816.2005458433,1000
G_dipaxis_s0.2,a7fc3e6b,3,57894.22538158677,1000
G_dipaxis_s0.2,a7fc3e6b,4,218518.96989069082,765
G_dipaxis_s0.1,19137a89,0,29048.73123968836,999
G_dipaxis_s0.1,19137a89,1,393832.6787818365,1000
G_dipaxis_s0.1,19137a89,2,318948.01881091436,1000
G_dipaxis_s0.1,19137a89,3,115551.21215751175,1000
G_dipaxis_s0.1,19137a89,4,141706.8770222403,1000
G_dipaxis_s0.1,19137a89,5,319976.0730315669,1000
G_dipaxis_s0.1,19137a89,6,195815.56603757854,268
G_dipaxis_s0.15,19137a89,0,28472.43220569315,999
G_dipaxis_s0.15,19137a89,1,387026.0798333445,1000
G_dipaxis_s0.15,19137a89,2,311031.5241691359,1000
G_dipaxis_s0.15,19137a89,3,109897.68429211833,1000
G_dipaxis_s0.15,19137a89,4,132508.92885943074,1000
G_dipaxis_s0.15,19137a89,5,301503.69643076736,1000
G_dipaxis_s0.15,19137a89,6,187616.91484321127,268
G_dipaxis_s0.2,19137a89,0,27905.58234245756,999
G_dipaxis_s0.2,19137a89,1,380279.4181503688,1000
G_dipaxis_s0.2,19137a89,2,303217.3586603613,1000
G_dipaxis_s0.2,19137a89,3,104387.95115070886,1000
G_dipaxis_s0.2,19137a89,4,123656.86514743228,1000
G_dipaxis_s0.2,19137a89,5,283614.4729768879,1000
G_dipaxis_s0.2,19137a89,6,179593.65649912582,268
G_dipaxis_s0.1,fa16d114,0,1319.6749868611096,999
G_dipaxis_s0.1,fa16d114,1,25899.52151439353,1000
G_dipaxis_s0.1,fa16d114,2,76422.64277001985,1000
G_dipaxis_s0.1,fa16d114,3,92838.73963621905,1000
G_dipaxis_s0.1,fa16d114,4,160838.65414318469,1000
G_dipaxis_s0.1,fa16d114,5,33739.47627523195,687
G_dipaxis_s0.15,fa16d114,0,1206.0763324970583,999
G_dipaxis_s0.15,fa16d114,1,24494.16249892852,1000
G_dipaxis_s0.15,fa16d114,2,64548.35642519533,1000
G_dipaxis_s0.15,fa16d114,3,78778.88156091186,1000
G_dipaxis_s0.15,fa16d114,4,141419.02566803564,1000
G_dipaxis_s0.15,fa16d114,5,26669.93031714053,687
G_dipaxis_s0.2,fa16d114,0,1106.1879085825183,999
G_dipaxis_s0.2,fa16d114,1,23168.77859758783,1000
G_dipaxis_s0.2,fa16d114,2,53719.65101237494,1000
G_dipaxis_s0.2,fa16d114,3,65928.34258018763,1000
G_dipaxis_s0.2,fa16d114,4,123283.70259515438,1000
G_dipaxis_s0.2,fa16d114,5,20613.569585653517,687
G_dipaxis_s0.1,e32da4ec,0,2225.868921592015,999
G_dipaxis_s0.1,e32da4ec,1,8435.45269408135,1000
G_dipaxis_s0.1,e32da4ec,2,53156.093628480055,1000
G_dipaxis_s0.1,e32da4ec,3,34702.64777132102,1000
G_dipaxis_s0.1,e32da4ec,4,22963.456270013376,690
G_dipaxis_s0.15,e32da4ec,0,2273.5103006799754,999
G_dipaxis_s0.15,e32da4ec,1,8899.42372956729,1000
G_dipaxis_s0.15,e32da4ec,2,53944.887747994835,1000
G_dipaxis_s0.15,e32da4ec,3,35150.54920615616,1000
G_dipaxis_s0.15,e32da4ec,4,22147.5103388717,690
G_dipaxis_s0.2,e32da4ec,0,2330.0505237250886,999
G_dipaxis_s0.2,e32da4ec,1,9393.527836197663,1000
G_dipaxis_s0.2,e32da4ec,2,54744.209702363885,1000
G_dipaxis_s0.2,e32da4ec,3,35601.79665092048,1000
G_dipaxis_s0.2,e32da4ec,4,21347.794361407097,690
G_dipaxis_s0.1,5a5d1982,0,16324.232617201458,999
G_dipaxis_s0.1,5a5d1982,1,12101.635215554377,1000
G_dipaxis_s0.1,5a5d1982,2,5044.574370856699,1000
G_dipaxis_s0.1,5a5d1982,3,2752.562094685097,895
G_dipaxis_s0.15,5a5d1982,0,16047.17250756345,999
G_dipaxis_s0.15,5a5d1982,1,11350.791587329764,1000
G_dipaxis_s0.15,5a5d1982,2,4834.197859110508,1000
G_dipaxis_s0.15,5a5d1982,3,2921.2138994393167,895
G_dipaxis_s0.2,5a5d1982,0,15772.64317320048,999
G_dipaxis_s0.2,5a5d1982,1,10630.490977073321,1000
G_dipaxis_s0.2,5a5d1982,2,4629.928206381355,1000
G_dipaxis_s0.2,5a5d1982,3,3103.0220790243557,895
G_dipaxis_s0.1,76201745,0,1310.5372381630518,999
G_dipaxis_s0.1,76201745,1,13158.464151113698,1000
G_dipaxis_s0.1,76201745,2,50202.87468379,1000
G_dipaxis_s0.1,76201745,3,5518.704002042989,1000
G_dipaxis_s0.1,76201745,4,629.8116070536449,449
G_dipaxis_s0.15,76201745,0,1375.7135829279764,999
G_dipaxis_s0.15,76201745,1,12785.273300531511,1000
G_dipaxis_s0.15,76201745,2,49048.25125776252,1000
G_dipaxis_s0.15,76201745,3,5409.963083847947,1000
G_dipaxis_s0.15,76201745,4,445.3284086564062,449
G_dipaxis_s0.2,76201745,0,1444.3848289365283,999
G_dipaxis_s0.2,76201745,1,12445.578280395826,1000
G_dipaxis_s0.2,76201745,2,47914.825667918136,1000
G_dipaxis_s0.2,76201745,3,5304.331527825464,1000
G_dipaxis_s0.2,76201745,4,295.0129317531838,449
G_dipaxis_s0.1,c6c96179,0,4365.522644850755,999
G_dipaxis_s0.1,c6c96179,1,20890.18357877361,1000
G_dipaxis_s0.1,c6c96179,2,7280.430815330058,1000
G_dipaxis_s0.1,c6c96179,3,4931.287700996752,1000
G_dipaxis_s0.1,c6c96179,4,2.104458832618093,5
G_dipaxis_s0.15,c6c96179,0,4263.406383169275,999
G_dipaxis_s0.15,c6c96179,1,20566.52154409097,1000
G_dipaxis_s0.15,c6c96179,2,7191.404744922577,1000
G_dipaxis_s0.15,c6c96179,3,4935.9677853204685,1000
G_dipaxis_s0.15,c6c96179,4,2.110790046687943,5
G_dipaxis_s0.2,c6c96179,0,4163.101242930728,999
G_dipaxis_s0.2,c6c96179,1,20245.58492811488,1000
G_dipaxis_s0.2,c6c96179,2,7103.130365679377,1000
G_dipaxis_s0.2,c6c96179,3,4940.687085114303,1000
G_dipaxis_s0.2,c6c96179,4,2.1171308048809503,5
G_dipaxis_s0.1,5305524b,0,60075.41925045189,999
G_dipaxis_s0.1,5305524b,1,11257.715835356525,1000
G_dipaxis_s0.1,5305524b,2,34694.68088713132,1000
G_dipaxis_s0.1,5305524b,3,28019.38511197094,1000
G_dipaxis_s0.1,5305524b,4,18033.68464003129,899
G_dipaxis_s0.15,5305524b,0,63026.745395407124,999
G_dipaxis_s0.15,5305524b,1,13395.254569282528,1000
G_dipaxis_s0.15,5305524b,2,33048.63539502563,1000
G_dipaxis_s0.15,5305524b,3,33948.953305815696,1000
G_dipaxis_s0.15,5305524b,4,21998.85589885963,899
G_dipaxis_s0.2,5305524b,0,66056.33585874845,999
G_dipaxis_s0.2,5305524b,1,15749.739695410884,1000
G_dipaxis_s0.2,5305524b,2,31652.745372099293,1000
G_dipaxis_s0.2,5305524b,3,40468.67296930195,1000
G_dipaxis_s0.2,5305524b,4,26575.394580582924,899
G_dipaxis_s0.1,4a8ecc0b,0,55668.28086697745,999
G_dipaxis_s0.1,4a8ecc0b,1,235018.03956520127,1000
G_dipaxis_s0.1,4a8ecc0b,2,14363.046576277744,1000
G_dipaxis_s0.1,4a8ecc0b,3,3908.6417139797077,1000
G_dipaxis_s0.1,4a8ecc0b,4,3898.0247296979164,1000
G_dipaxis_s0.1,4a8ecc0b,5,1416.0956054945498,810
G_dipaxis_s0.15,4a8ecc0b,0,58623.27699240365,999
G_dipaxis_s0.15,4a8ecc0b,1,242396.3918197357,1000
G_dipaxis_s0.15,4a8ecc0b,2,10809.93357143507,1000
G_dipaxis_s0.15,4a8ecc0b,3,3263.446035590232,1000
G_dipaxis_s0.15,4a8ecc0b,4,9869.655162313804,1000
G_dipaxis_s0.15,4a8ecc0b,5,5389.067277396007,810
G_dipaxis_s0.2,4a8ecc0b,0,61659.41683719359,999
G_dipaxis_s0.2,4a8ecc0b,1,249937.09337079368,1000
G_dipaxis_s0.2,4a8ecc0b,2,10199.582500347326,1000
G_dipaxis_s0.2,4a8ecc0b,3,5808.000118692954,1000
G_dipaxis_s0.2,4a8ecc0b,4,19573.27692580327,1000
G_dipaxis_s0.2,4a8ecc0b,5,12612.473126733345,810
G_dipaxis_s0.1,ff8bb73a,0,720.6913376723475,999
G_dipaxis_s0.1,ff8bb73a,1,35148.77969192477,1000
G_dipaxis_s0.1,ff8bb73a,2,12385.09961988077,1000
G_dipaxis_s0.1,ff8bb73a,3,61024.41259270295,1000
G_dipaxis_s0.1,ff8bb73a,4,12541.046700241544,1000
G_dipaxis_s0.1,ff8bb73a,5,234288.9846152971,928
G_dipaxis_s0.15,ff8bb73a,0,981.7482257312245,999
G_dipaxis_s0.15,ff8bb73a,1,40367.47129656296,1000
G_dipaxis_s0.15,ff8bb73a,2,13484.099390266136,1000
G_dipaxis_s0.15,ff8bb73a,3,60633.68114395469,1000
G_dipaxis_s0.15,ff8bb73a,4,20271.721969128474,1000
G_dipaxis_s0.15,ff8bb73a,5,270608.00309185486,928
G_dipaxis_s0.2,ff8bb73a,0,1340.631736171854,999
G_dipaxis_s0.2,ff8bb73a,1,46021.585144896104,1000
G_dipaxis_s0.2,ff8bb73a,2,16076.865973524722,1000
G_dipaxis_s0.2,ff8bb73a,3,62397.120640144036,1000
G_dipaxis_s0.2,ff8bb73a,4,30650.05425017235,1000
G_dipaxis_s0.2,ff8bb73a,5,310001.68361430353,928
G_dipaxis_s0.1,b4f37e6e,0,25964.033068137833,999
G_dipaxis_s0.1,b4f37e6e,1,88165.86190352916,1000
G_dipaxis_s0.1,b4f37e6e,2,354156.06845915143,993
G_dipaxis_s0.15,b4f37e6e,0,26185.42967741766,999
G_dipaxis_s0.15,b4f37e6e,1,92539.13830220615,1000
G_dipaxis_s0.15,b4f37e6e,2,368296.4983720733,993
G_dipaxis_s0.2,b4f37e6e,0,26416.180616473615,999
G_dipaxis_s0.2,b4f37e6e,1,97036.76674339865,1000
G_dipaxis_s0.2,b4f37e6e,2,382729.3789528908,993
G_dipaxis_s0.1,09ec2ca9,0,23951.08304936591,999
G_dipaxis_s0.1,09ec2ca9,1,38051.29992106209,1000
G_dipaxis_s0.1,09ec2ca9,2,47462.02858770943,1000
G_dipaxis_s0.1,09ec2ca9,3,43383.18703687023,1000
G_dipaxis_s0.1,09ec2ca9,4,6700.3874831844005,1000
G_dipaxis_s0.1,09ec2ca9,5,371.9316948819913,886
G_dipaxis_s0.15,09ec2ca9,0,26719.42431396555,999
G_dipaxis_s0.15,09ec2ca9,1,40926.812678022776,1000
G_dipaxis_s0.15,09ec2ca9,2,44189.9963762856,1000
G_dipaxis_s0.15,09ec2ca9,3,37172.908975188446,1000
G_dipaxis_s0.15,09ec2ca9,4,5652.589287422673,1000
G_dipaxis_s0.15,09ec2ca9,5,343.719024325774,886
G_dipaxis_s0.2,09ec2ca9,0,29744.93793710321,999
G_dipaxis_s0.2,09ec2ca9,1,44031.89749960477,1000
G_dipaxis_s0.2,09ec2ca9,2,41054.64781808494,1000
G_dipaxis_s0.2,09ec2ca9,3,31487.38188978413,1000
G_dipaxis_s0.2,09ec2ca9,4,4994.2949647984115,1000
G_dipaxis_s0.2,09ec2ca9,5,474.0824257858628,886
G_dipaxis_s0.1,200d233d,0,18257.434586302872,999
G_dipaxis_s0.1,200d233d,1,44707.78155014315,1000
G_dipaxis_s0.1,200d233d,2,32287.603821003475,1000
G_dipaxis_s0.1,200d233d,3,35074.078396904995,927
G_dipaxis_s0.15,200d233d,0,18126.476373924725,999
G_dipaxis_s0.15,200d233d,1,42170.860399132966,1000
G_dipaxis_s0.15,200d233d,2,33232.795384633115,1000
G_dipaxis_s0.15,200d233d,3,39452.413807517754,927
G_dipaxis_s0.2,200d233d,0,18000.319469329985,999
G_dipaxis_s0.2,200d233d,1,39719.65029373506,1000
G_dipaxis_s0.2,200d233d,2,34202.641360607544,1000
G_dipaxis_s0.2,200d233d,3,44141.60678880237,927
G_dipaxis_s0.1,3417285d,0,7441.5998963801985,999
G_dipaxis_s0.1,3417285d,1,96070.76141004049,1000
G_dipaxis_s0.1,3417285d,2,174434.61680693092,1000
G_dipaxis_s0.1,3417285d,3,250487.97778449988,1000
G_dipaxis_s0.1,3417285d,4,425329.8703670306,1000
G_dipaxis_s0.1,3417285d,5,80873.51498063531,450
G_dipaxis_s0.15,3417285d,0,6846.5719717878055,999
G_dipaxis_s0.15,3417285d,1,87615.18247618985,1000
G_dipaxis_s0.15,3417285d,2,162415.91129965932,1000
G_dipaxis_s0.15,3417285d,3,233720.0408596324,1000
G_dipaxis_s0.15,3417285d,4,394937.3975228695,1000
G_dipaxis_s0.15,3417285d,5,69620.51055190264,450
G_dipaxis_s0.2,3417285d,0,6354.542236184892,999
G_dipaxis_s0.2,3417285d,1,79555.99979628096,1000
G_dipaxis_s0.2,3417285d,2,150832.36742478627,1000
G_dipaxis_s0.2,3417285d,3,217534.0753770964,1000
G_dipaxis_s0.2,3417285d,4,365724.77887495694,1000
G_dipaxis_s0.2,3417285d,5,59215.26305027314,450
G_dipaxis_s0.1,3bbe1f5d,0,68617.33834670484,999
G_dipaxis_s0.1,3bbe1f5d,1,121862.7861521571,1000
G_dipaxis_s0.1,3bbe1f5d,2,145715.6471470563,1000
G_dipaxis_s0.1,3bbe1f5d,3,114125.05308153662,1000
G_dipaxis_s0.1,3bbe1f5d,4,7264.839654228533,1000
G_dipaxis_s0.1,3bbe1f5d,5,134209.81789386141,1000
G_dipaxis_s0.1,3bbe1f5d,6,153363.69512478483,919
G_dipaxis_s0.15,3bbe1f5d,0,65660.50126434969,999
G_dipaxis_s0.15,3bbe1f5d,1,124464.52260657733,1000
G_dipaxis_s0.15,3bbe1f5d,2,152681.55354761452,1000
G_dipaxis_s0.15,3bbe1f5d,3,120519.50150610619,1000
G_dipaxis_s0.15,3bbe1f5d,4,9065.46589245668,1000
G_dipaxis_s0.15,3bbe1f5d,5,123538.1534741093,1000
G_dipaxis_s0.15,3bbe1f5d,6,138427.15619454734,919
G_dipaxis_s0.2,3bbe1f5d,0,62807.672611521215,999
G_dipaxis_s0.2,3bbe1f5d,1,127113.74364655635,1000
G_dipaxis_s0.2,3bbe1f5d,2,159815.67329952255,1000
G_dipaxis_s0.2,3bbe1f5d,3,127122.2555198723,1000
G_dipaxis_s0.2,3bbe1f5d,4,11309.343904760302,1000
G_dipaxis_s0.2,3bbe1f5d,5,113310.72087656443,1000
G_dipaxis_s0.2,3bbe1f5d,6,124261.46140255222,919
G_dipaxis_s0.1,30d75030,0,20966.263251142107,999
G_dipaxis_s0.1,30d75030,1,12185.548312409377,1000
G_dipaxis_s0.1,30d75030,2,14672.512922530295,1000
G_dipaxis_s0.1,30d75030,3,40650.06886249382,405
G_dipaxis_s0.15,30d75030,0,21782.004166002025,999
G_dipaxis_s0.15,30d75030,1,14531.091377512654,1000
G_dipaxis_s0.15,30d75030,2,10512.851330652817,1000
G_dipaxis_s0.15,30d75030,3,32727.743346517298,405
G_dipaxis_s0.2,30d75030,0,22639.763394167054,999
G_dipaxis_s0.2,30d75030,1,17312.4814953877,1000
G_dipaxis_s0.2,30d75030,2,7661.90748485132,1000
G_dipaxis_s0.2,30d75030,3,25730.685248251928,405
G_dipaxis_s0.1,052d64df,0,2052.804374126889,999
G_dipaxis_s0.1,052d64df,1,15728.439294991187,1000
G_dipaxis_s0.1,052d64df,2,58787.463019545605,446
G_dipaxis_s0.15,052d64df,0,1881.6673531100196,999
G_dipaxis_s0.15,052d64df,1,14931.593283211349,1000
G_dipaxis_s0.15,052d64df,2,56310.84368924928,446
G_dipaxis_s0.2,052d64df,0,1724.6722191300082,999
G_dipaxis_s0.2,052d64df,1,14159.247563608526,1000
G_dipaxis_s0.2,052d64df,2,53887.726528109044,446
G_dipaxis_s0.1,c36625df,0,23274.246671416113,999
G_dipaxis_s0.1,c36625df,1,33682.63668511548,1000
G_dipaxis_s0.1,c36625df,2,23451.374884526398,1000
G_dipaxis_s0.1,c36625df,3,24960.46906172593,1000
G_dipaxis_s0.1,c36625df,4,13168.822601514512,743
G_dipaxis_s0.15,c36625df,0,19980.596313716615,999
G_dipaxis_s0.15,c36625df,1,27886.677073977826,1000
G_dipaxis_s0.15,c36625df,2,18213.078503375837,1000
G_dipaxis_s0.15,c36625df,3,19941.60321015516,1000
G_dipaxis_s0.15,c36625df,4,9092.784483613455,743
G_dipaxis_s0.2,c36625df,0,16946.07813893774,999
G_dipaxis_s0.2,c36625df,1,22639.877366593053,1000
G_dipaxis_s0.2,c36625df,2,13638.986143607422,1000
G_dipaxis_s0.2,c36625df,3,15705.267491295213,1000
G_dipaxis_s0.2,c36625df,4,6116.338084108449,743
G_dipaxis_s0.1,ea3a0e38,0,5282.81223723913,999
G_dipaxis_s0.1,ea3a0e38,1,59990.85007550864,1000
G_dipaxis_s0.1,ea3a0e38,2,33805.248204471645,1000
G_dipaxis_s0.1,ea3a0e38,3,37934.32709029498,1000
G_dipaxis_s0.1,ea3a0e38,4,22486.12224334458,1000
G_dipaxis_s0.1,ea3a0e38,5,144130.51041984354,1000
G_dipaxis_s0.1,ea3a0e38,6,223352.02469048937,1000
G_dipaxis_s0.1,ea3a0e38,7,385502.0286394319,1000
G_dipaxis_s0.1,ea3a0e38,8,534156.2870365594,1000
G_dipaxis_s0.1,ea3a0e38,9,1025227.601977859,1000
G_dipaxis_s0.1,ea3a0e38,10,40934.831449304234,53
G_dipaxis_s0.15,ea3a0e38,0,4934.399888628068,999
G_dipaxis_s0.15,ea3a0e38,1,60626.14588967333,1000
G_dipaxis_s0.15,ea3a0e38,2,36761.54180942159,1000
G_dipaxis_s0.15,ea3a0e38,3,41913.225663651785,1000
G_dipaxis_s0.15,ea3a0e38,4,28081.639025318713,1000
G_dipaxis_s0.15,ea3a0e38,5,163938.11380646616,1000
G_dipaxis_s0.15,ea3a0e38,6,259523.71889010147,1000
G_dipaxis_s0.15,ea3a0e38,7,455010.1147065369,1000
G_dipaxis_s0.15,ea3a0e38,8,630916.3863803062,1000
G_dipaxis_s0.15,ea3a0e38,9,1155763.5256626909,1000
G_dipaxis_s0.15,ea3a0e38,10,46925.29855371446,53
G_dipaxis_s0.2,ea3a0e38,0,4619.232354805435,999
G_dipaxis_s0.2,ea3a0e38,1,61272.32032288067,1000
G_dipaxis_s0.2,ea3a0e38,2,39858.71171680628,1000
G_dipaxis_s0.2,ea3a0e38,3,46107.875872736586,1000
G_dipaxis_s0.2,ea3a0e38,4,34451.128157073894,1000
G_dipaxis_s0.2,ea3a0e38,5,185022.3658339999,1000
G_dipaxis_s0.2,ea3a0e38,6,298441.3669656277,1000
G_dipaxis_s0.2,ea3a0e38,7,530284.3087482172,1000
G_dipaxis_s0.2,ea3a0e38,8,735956.3535325646,1000
G_dipaxis_s0.2,ea3a0e38,9,1294138.24258759,1000
G_dipaxis_s0.2,ea3a0e38,10,53324.69980175782,53
G_dipaxis_s0.1,5693dde2,0,100652.37940504182,999
G_dipaxis_s0.1,5693dde2,1,634891.0613663403,1000
G_dipaxis_s0.1,5693dde2,2,1163047.9932569205,1000
G_dipaxis_s0.1,5693dde2,3,1019248.7395918973,489
G_dipaxis_s0.15,5693dde2,0,99111.99013212307,999
G_dipaxis_s0.15,5693dde2,1,649200.3450230686,1000
G_dipaxis_s0.15,5693dde2,2,1269080.446438905,1000
G_dipaxis_s0.15,5693dde2,3,1118132.97353615,489
G_dipaxis_s0.2,5693dde2,0,97588.72762985986,999
G_dipaxis_s0.2,5693dde2,1,663820.854842874,1000
G_dipaxis_s0.2,5693dde2,2,1379768.7951163477,1000
G_dipaxis_s0.2,5693dde2,3,1221628.07152679,489
G_dipaxis_s0.1,807f0298,0,5765.360288405426,999
G_dipaxis_s0.1,807f0298,1,18450.578109810616,1000
G_dipaxis_s0.1,807f0298,2,530.0412540290015,1000
G_dipaxis_s0.1,807f0298,3,195481.30059576847,748
G_dipaxis_s0.15,807f0298,0,8339.061542342637,999
G_dipaxis_s0.15,807f0298,1,13363.649673383574,1000
G_dipaxis_s0.15,807f0298,2,9995.225942618954,1000
G_dipaxis_s0.15,807f0298,3,280715.1975899692,748
G_dipaxis_s0.2,807f0298,0,11392.688991874253,999
G_dipaxis_s0.2,807f0298,1,12145.753273399305,1000
G_dipaxis_s0.2,807f0298,2,34015.51374505072,1000
G_dipaxis_s0.2,807f0298,3,383533.95014770405,748
G_dipaxis_s0.1,8a89da23,0,40459.65095435517,999
G_dipaxis_s0.1,8a89da23,1,76315.86678822785,1000
G_dipaxis_s0.1,8a89da23,2,49768.91790134221,1000
G_dipaxis_s0.1,8a89da23,3,126130.02414708752,936
G_dipaxis_s0.15,8a89da23,0,38939.71562505112,999
G_dipaxis_s0.15,8a89da23,1,74923.81065602487,1000
G_dipaxis_s0.15,8a89da23,2,50968.8574785972,1000
G_dipaxis_s0.15,8a89da23,3,131364.88196366798,936
G_dipaxis_s0.2,8a89da23,0,37450.45217384995,999
G_dipaxis_s0.2,8a89da23,1,73546.92325835145,1000
G_dipaxis_s0.2,8a89da23,2,52186.00105307425,1000
G_dipaxis_s0.2,8a89da23,3,136713.36315642783,936
G_dipaxis_s0.1,7224331b,0,2553.80587044755,999
G_dipaxis_s0.1,7224331b,1,9365.080081385238,1000
G_dipaxis_s0.1,7224331b,2,639.6547309797348,1000
G_dipaxis_s0.1,7224331b,3,5809.179884842762,1000
G_dipaxis_s0.1,7224331b,4,86763.07336549569,1000
G_dipaxis_s0.1,7224331b,5,85918.12117782304,1000
G_dipaxis_s0.1,7224331b,6,9035.32687362672,64
G_dipaxis_s0.15,7224331b,0,2211.0264048269964,999
G_dipaxis_s0.15,7224331b,1,6890.9469206777685,1000
G_dipaxis_s0.15,7224331b,2,842.1553272349516,1000
G_dipaxis_s0.15,7224331b,3,6083.982369397839,1000
G_dipaxis_s0.15,7224331b,4,71285.99042075354,1000
G_dipaxis_s0.15,7224331b,5,70146.68416441331,1000
G_dipaxis_s0.15,7224331b,6,7471.637478596404,64
G_dipaxis_s0.2,7224331b,0,1952.5323052523258,999
G_dipaxis_s0.2,7224331b,1,5032.877838952034,1000
G_dipaxis_s0.2,7224331b,2,1424.9227576170479,1000
G_dipaxis_s0.2,7224331b,3,7468.697515036237,1000
G_dipaxis_s0.2,7224331b,4,57377.81285057332,1000
G_dipaxis_s0.2,7224331b,5,56025.915898653046,1000
G_dipaxis_s0.2,7224331b,6,6056.5757444378805,64
G_dipaxis_s0.1,e45a2a62,0,41862.41437544785,999
G_dipaxis_s0.1,e45a2a62,1,41125.192802389036,1000
G_dipaxis_s0.1,e45a2a62,2,272171.18063948705,1000
G_dipaxis_s0.1,e45a2a62,3,472044.47525797866,1000
G_dipaxis_s0.1,e45a2a62,4,38110.85635028916,1000
G_dipaxis_s0.1,e45a2a62,5,0.9996595910651559,8
G_dipaxis_s0.15,e45a2a62,0,41464.29339869646,999
G_dipaxis_s0.15,e45a2a62,1,37523.747344299925,1000
G_dipaxis_s0.15,e45a2a62,2,265243.242107671,1000
G_dipaxis_s0.15,e45a2a62,3,462755.9848738653,1000
G_dipaxis_s0.15,e45a2a62,4,40882.20947991518,1000
G_dipaxis_s0.15,e45a2a62,5,1.5443421432559137,8
G_dipaxis_s0.2,e45a2a62,0,41089.57548160966,999
G_dipaxis_s0.2,e45a2a62,1,34318.37926485786,1000
G_dipaxis_s0.2,e45a2a62,2,258447.9954788007,1000
G_dipaxis_s0.2,e45a2a62,3,453580.69123854476,1000
G_dipaxis_s0.2,e45a2a62,4,43878.113871042144,1000
G_dipaxis_s0.2,e45a2a62,5,2.2118234991972345,8
G_dipaxis_s0.1,3a86fe8d,0,20156.322638867765,999
G_dipaxis_s0.1,3a86fe8d,1,50952.41632565252,1000
G_dipaxis_s0.1,3a86fe8d,2,56672.43291679727,1000
G_dipaxis_s0.1,3a86fe8d,3,127778.66103604149,1000
G_dipaxis_s0.1,3a86fe8d,4,265021.5790713849,1000
G_dipaxis_s0.1,3a86fe8d,5,22697.13668405085,119
G_dipaxis_s0.15,3a86fe8d,0,19077.742459861358,999
G_dipaxis_s0.15,3a86fe8d,1,48084.43964035386,1000
G_dipaxis_s0.15,3a86fe8d,2,51569.98875970073,1000
G_dipaxis_s0.15,3a86fe8d,3,117241.22056326375,1000
G_dipaxis_s0.15,3a86fe8d,4,251829.5446944364,1000
G_dipaxis_s0.15,3a86fe8d,5,21325.73576771657,119
G_dipaxis_s0.2,3a86fe8d,0,18030.727015665158,999
G_dipaxis_s0.2,3a86fe8d,1,45309.74472559813,1000
G_dipaxis_s0.2,3a86fe8d,2,46719.94464199173,1000
G_dipaxis_s0.2,3a86fe8d,3,107161.5233072195,1000
G_dipaxis_s0.2,3a86fe8d,4,238986.5288041392,1000
G_dipaxis_s0.2,3a86fe8d,5,19997.127056383106,119
G_dipaxis_s0.1,d9eca87b,0,13458.06732769096,999
G_dipaxis_s0.1,d9eca87b,1,109668.487337102,1000
G_dipaxis_s0.1,d9eca87b,2,65324.41324361588,1000
G_dipaxis_s0.1,d9eca87b,3,80443.01649626,1000
G_dipaxis_s0.1,d9eca87b,4,32894.77412049812,1000
G_dipaxis_s0.1,d9eca87b,5,121551.74513462376,1000
G_dipaxis_s0.1,d9eca87b,6,306787.7689582462,374
G_dipaxis_s0.15,d9eca87b,0,13559.089074553145,999
G_dipaxis_s0.15,d9eca87b,1,111505.27670024587,1000
G_dipaxis_s0.15,d9eca87b,2,67736.16843217243,1000
G_dipaxis_s0.15,d9eca87b,3,78398.50937095014,1000
G_dipaxis_s0.15,d9eca87b,4,28284.329719668727,1000
G_dipaxis_s0.15,d9eca87b,5,135564.71883062716,1000
G_dipaxis_s0.15,d9eca87b,6,321409.68802877807,374
G_dipaxis_s0.2,d9eca87b,0,13676.904802417273,999
G_dipaxis_s0.2,d9eca87b,1,113359.08925792557,1000
G_dipaxis_s0.2,d9eca87b,2,70201.94902151756,1000
G_dipaxis_s0.2,d9eca87b,3,76417.70512607627,1000
G_dipaxis_s0.2,d9eca87b,4,24096.467193056164,1000
G_dipaxis_s0.2,d9eca87b,5,150466.79634602106,1000
G_dipaxis_s0.2,d9eca87b,6,336390.6086097509,374
G_dipaxis_s0.1,93f5d2e6,0,614.6499710510711,999
G_dipaxis_s0.1,93f5d2e6,1,27106.52253860181,1000
G_dipaxis_s0.1,93f5d2e6,2,38753.74141154079,1000
G_dipaxis_s0.1,93f5d2e6,3,222716.11385511147,692
G_dipaxis_s0.15,93f5d2e6,0,823.3460026431754,999
G_dipaxis_s0.15,93f5d2e6,1,26444.320034995337,1000
G_dipaxis_s0.15,93f5d2e6,2,31749.709726578007,1000
G_dipaxis_s0.15,93f5d2e6,3,194735.90873588898,692
G_dipaxis_s0.2,93f5d2e6,0,1075.4128361689986,999
G_dipaxis_s0.2,93f5d2e6,1,25827.264115776103,1000
G_dipaxis_s0.2,93f5d2e6,2,25934.917650001582,1000
G_dipaxis_s0.2,93f5d2e6,3,168687.67288099034,692
G_dipaxis_s0.1,cc8a1d57,0,103164.3327576431,999
G_dipaxis_s0.1,cc8a1d57,1,156232.84399927914,1000
G_dipaxis_s0.1,cc8a1d57,2,346523.8101792974,1000
G_dipaxis_s0.1,cc8a1d57,3,548063.2078565714,1000
G_dipaxis_s0.1,cc8a1d57,4,623576.1369348064,1000
G_dipaxis_s0.1,cc8a1d57,5,431123.49747968797,1000
G_dipaxis_s0.1,cc8a1d57,6,76013.86857941358,639
G_dipaxis_s0.15,cc8a1d57,0,95650.26946598431,999
G_dipaxis_s0.15,cc8a1d57,1,139013.21258249736,1000
G_dipaxis_s0.15,cc8a1d57,2,329171.24523256643,1000
G_dipaxis_s0.15,cc8a1d57,3,540917.7221110984,1000
G_dipaxis_s0.15,cc8a1d57,4,631488.5001031155,1000
G_dipaxis_s0.15,cc8a1d57,5,442949.4295553398,1000
G_dipaxis_s0.15,cc8a1d57,6,86909.0691819253,639
G_dipaxis_s0.2,cc8a1d57,0,88422.54142427542,999
G_dipaxis_s0.2,cc8a1d57,1,122812.78121624923,1000
G_dipaxis_s0.2,cc8a1d57,2,312316.3563188045,1000
G_dipaxis_s0.2,cc8a1d57,3,533853.419738881,1000
G_dipaxis_s0.2,cc8a1d57,4,639460.2039658384,1000
G_dipaxis_s0.2,cc8a1d57,5,455143.32051794353,1000
G_dipaxis_s0.2,cc8a1d57,6,98540.2561417715,639
G_dipaxis_s0.1,bf70b410,0,22107.01617324916,999
G_dipaxis_s0.1,bf70b410,1,14405.470823143836,1000
G_dipaxis_s0.1,bf70b410,2,10324.869468731298,1000
G_dipaxis_s0.1,bf70b410,3,5183.831829942109,1000
G_dipaxis_s0.1,bf70b410,4,352744.7088051938,1000
G_dipaxis_s0.1,bf70b410,5,977444.8228846769,1000
G_dipaxis_s0.1,bf70b410,6,498502.2369302977,348
G_dipaxis_s0.15,bf70b410,0,21962.48752819626,999
G_dipaxis_s0.15,bf70b410,1,16008.707444566833,1000
G_dipaxis_s0.15,bf70b410,2,11074.554824128887,1000
G_dipaxis_s0.15,bf70b410,3,3719.7944909158746,1000
G_dipaxis_s0.15,bf70b410,4,382738.21580810467,1000
G_dipaxis_s0.15,bf70b410,5,1078509.4903344528,1000
G_dipaxis_s0.15,bf70b410,6,548294.9783906064,348
G_dipaxis_s0.2,bf70b410,0,21834.76987422526,999
G_dipaxis_s0.2,bf70b410,1,17704.07029285204,1000
G_dipaxis_s0.2,bf70b410,2,12094.519602261364,1000
G_dipaxis_s0.2,bf70b410,3,2610.803201139829,1000
G_dipaxis_s0.2,bf70b410,4,414151.26365071157,1000
G_dipaxis_s0.2,bf70b410,5,1184563.2276444999,1000
G_dipaxis_s0.2,bf70b410,6,600458.5035423507,348
G_dipaxis_s0.1,c472c0b5,0,1301.9984560530268,999
G_dipaxis_s0.1,c472c0b5,1,3453.212392972155,1000
G_dipaxis_s0.1,c472c0b5,2,594.4793944659267,1000
G_dipaxis_s0.1,c472c0b5,3,18.848277198072232,55
G_dipaxis_s0.15,c472c0b5,0,1468.135718030119,999
G_dipaxis_s0.15,c472c0b5,1,2571.542272586308,1000
G_dipaxis_s0.15,c472c0b5,2,452.0993237157981,1000
G_dipaxis_s0.15,c472c0b5,3,73.7090752201895,55
G_dipaxis_s0.2,c472c0b5,0,1656.45465075451,999
G_dipaxis_s0.2,c472c0b5,1,1833.8930504739274,1000
G_dipaxis_s0.2,c472c0b5,2,725.6460929276449,1000
G_dipaxis_s0.2,c472c0b5,3,164.60084124260914,55
G_dipaxis_s0.1,dc7f9757,0,146870.6597005082,999
G_dipaxis_s0.1,dc7f9757,1,94248.52612567024,1000
G_dipaxis_s0.1,dc7f9757,2,131217.75255216143,1000
G_dipaxis_s0.1,dc7f9757,3,104756.78014382545,1000
G_dipaxis_s0.1,dc7f9757,4,42053.12515017333,361
G_dipaxis_s0.15,dc7f9757,0,150744.30415591077,999
G_dipaxis_s0.15,dc7f9757,1,106184.47821245856,1000
G_dipaxis_s0.15,dc7f9757,2,138805.4215978344,1000
G_dipaxis_s0.15,dc7f9757,3,112772.57999627765,1000
G_dipaxis_s0.15,dc7f9757,4,45970.920256588404,361
G_dipaxis_s0.2,dc7f9757,0,154705.5345861541,999
G_dipaxis_s0.2,dc7f9757,1,119017.52396291246,1000
G_dipaxis_s0.2,dc7f9757,2,146677.2754042762,1000
G_dipaxis_s0.2,dc7f9757,3,121092.26320011621,1000
G_dipaxis_s0.2,dc7f9757,4,50063.283052502105,361
G_dipaxis_s0.1,ec13af42,0,97538.20970783746,999
G_dipaxis_s0.1,ec13af42,1,212033.91233816318,1000
G_dipaxis_s0.1,ec13af42,2,49180.57449049222,1000
G_dipaxis_s0.1,ec13af42,3,65933.80484935039,1000
G_dipaxis_s0.1,ec13af42,4,117894.1384457464,1000
G_dipaxis_s0.1,ec13af42,5,128001.05822401907,463
G_dipaxis_s0.15,ec13af42,0,96750.86866259082,999
G_dipaxis_s0.15,ec13af42,1,218100.4698409745,1000
G_dipaxis_s0.15,ec13af42,2,54803.23220927628,1000
G_dipaxis_s0.15,ec13af42,3,74184.90408169967,1000
G_dipaxis_s0.15,ec13af42,4,132677.34670208686,1000
G_dipaxis_s0.15,ec13af42,5,140279.231685593,463
G_dipaxis_s0.2,ec13af42,0,95975.75152425733,999
G_dipaxis_s0.2,ec13af42,1,224265.2105330852,1000
G_dipaxis_s0.2,ec13af42,2,60763.90829723559,1000
G_dipaxis_s0.2,ec13af42,3,82934.87636522023,1000
G_dipaxis_s0.2,ec13af42,4,148338.905933459,1000
G_dipaxis_s0.2,ec13af42,5,153121.45710024334,463
G_dipaxis_s0.1,7e208414,0,6446.635121443029,999
G_dipaxis_s0.1,7e208414,1,13629.05386366614,1000
G_dipaxis_s0.1,7e208414,2,23266.79438751585,1000
G_dipaxis_s0.1,7e208414,3,89377.93110825769,1000
G_dipaxis_s0.1,7e208414,4,35167.29101625745,227
G_dipaxis_s0.15,7e208414,0,6896.284384685671,999
G_dipaxis_s0.15,7e208414,1,13421.687064243619,1000
G_dipaxis_s0.15,7e208414,2,22379.723159127545,1000
G_dipaxis_s0.15,7e208414,3,86250.87111335913,1000
G_dipaxis_s0.15,7e208414,4,33622.12649261902,227
G_dipaxis_s0.2,7e208414,0,7362.719305850995,999
G_dipaxis_s0.2,7e208414,1,13249.577486617998,1000
G_dipaxis_s0.2,7e208414,2,21510.071910913543,1000
G_dipaxis_s0.2,7e208414,3,83180.78405000163,1000
G_dipaxis_s0.2,7e208414,4,32111.743937304975,227
G_dipaxis_s0.1,4e050c92,0,5391.696982311583,999
G_dipaxis_s0.1,4e050c92,1,14551.32727272726,1000
G_dipaxis_s0.1,4e050c92,2,14427.777735249841,1000
G_dipaxis_s0.1,4e050c92,3,77382.24689044393,706
G_dipaxis_s0.15,4e050c92,0,5386.601914219392,999
G_dipaxis_s0.15,4e050c92,1,14880.77061032953,1000
G_dipaxis_s0.15,4e050c92,2,14252.878863460144,1000
G_dipaxis_s0.15,4e050c92,3,75491.40673077859,706
G_dipaxis_s0.2,4e050c92,0,5382.513953397628,999
G_dipaxis_s0.2,4e050c92,1,15218.022672158377,1000
G_dipaxis_s0.2,4e050c92,2,14079.23444766085,1000
G_dipaxis_s0.2,4e050c92,3,73625.63405122679,706
G_dipaxis_s0.1,944f36b9,0,3082.6496783325147,999
G_dipaxis_s0.1,944f36b9,1,36598.73123910807,1000
G_dipaxis_s0.1,944f36b9,2,75908.6883184993,1000
G_dipaxis_s0.1,944f36b9,3,78454.47220215455,1000
G_dipaxis_s0.1,944f36b9,4,34221.5345253476,631
G_dipaxis_s0.15,944f36b9,0,3603.107087320891,999
G_dipaxis_s0.15,944f36b9,1,35095.66960174566,1000
G_dipaxis_s0.15,944f36b9,2,72820.5130475445,1000
G_dipaxis_s0.15,944f36b9,3,75464.60515076674,1000
G_dipaxis_s0.15,944f36b9,4,31458.204716405842,631
G_dipaxis_s0.2,944f36b9,0,4188.4578760140075,999
G_dipaxis_s0.2,944f36b9,1,33643.670827544534,1000
G_dipaxis_s0.2,944f36b9,2,69797.94751791224,1000
G_dipaxis_s0.2,944f36b9,3,72535.5868822434,1000
G_dipaxis_s0.2,944f36b9,4,28821.471346988907,631
G_dipaxis_s0.1,708caea9,0,38408.21420500161,999
G_dipaxis_s0.1,708caea9,1,478506.0485251926,1000
G_dipaxis_s0.1,708caea9,2,362070.5299488428,1000
G_dipaxis_s0.1,708caea9,3,781353.5003208192,1000
G_dipaxis_s0.1,708caea9,4,1030939.6460575638,1000
G_dipaxis_s0.1,708caea9,5,768976.8027996522,1000
G_dipaxis_s0.1,708caea9,6,419393.19478457834,549
G_dipaxis_s0.15,708caea9,0,39955.80273806387,999
G_dipaxis_s0.15,708caea9,1,489212.31007613125,1000
G_dipaxis_s0.15,708caea9,2,400870.58162480866,1000
G_dipaxis_s0.15,708caea9,3,876553.0173606185,1000
G_dipaxis_s0.15,708caea9,4,1192237.6969586231,1000
G_dipaxis_s0.15,708caea9,5,932126.3999657677,1000
G_dipaxis_s0.15,708caea9,6,537749.9652815018,549
G_dipaxis_s0.2,708caea9,0,41540.247865739584,999
G_dipaxis_s0.2,708caea9,1,500114.91097361816,1000
G_dipaxis_s0.2,708caea9,2,441715.8285379625,1000
G_dipaxis_s0.2,708caea9,3,977380.7634706161,1000
G_dipaxis_s0.2,708caea9,4,1365506.7995629786,1000
G_dipaxis_s0.2,708caea9,5,1111843.6203997582,1000
G_dipaxis_s0.2,708caea9,6,670820.0989264821,549
G_dipaxis_s0.1,699ea575,0,8455.447270423241,999
G_dipaxis_s0.1,699ea575,1,76143.70384536064,1000
G_dipaxis_s0.1,699ea575,2,41086.44595049844,1000
G_dipaxis_s0.1,699ea575,3,1587.0694325910579,1000
G_dipaxis_s0.1,699ea575,4,308.42834212299766,121
G_dipaxis_s0.15,699ea575,0,10009.361865030944,999
G_dipaxis_s0.15,699ea575,1,87839.35081350642,1000
G_dipaxis_s0.15,699ea575,2,56762.704882794955,1000
G_dipaxis_s0.15,699ea575,3,4628.3890401808,1000
G_dipaxis_s0.15,699ea575,4,987.0111756845089,121
G_dipaxis_s0.2,699ea575,0,11703.201202261527,999
G_dipaxis_s0.2,699ea575,1,100391.85118527178,1000
G_dipaxis_s0.2,699ea575,2,75343.94490032166,1000
G_dipaxis_s0.2,699ea575,3,11537.422993965869,1000
G_dipaxis_s0.2,699ea575,4,2049.806440401476,121
G_dipaxis_s0.1,a6f967fb,0,6977.794272158864,999
G_dipaxis_s0.1,a6f967fb,1,4600.654885063951,1000
G_dipaxis_s0.1,a6f967fb,2,2874.353061208212,1000
G_dipaxis_s0.1,a6f967fb,3,1954.532865708812,1000
G_dipaxis_s0.1,a6f967fb,4,6904.250299085487,671
G_dipaxis_s0.15,a6f967fb,0,6780.179723543148,999
G_dipaxis_s0.15,a6f967fb,1,4250.007325762546,1000
G_dipaxis_s0.15,a6f967fb,2,2760.1643565942563,1000
G_dipaxis_s0.15,a6f967fb,3,1680.2106313946672,1000
G_dipaxis_s0.15,a6f967fb,4,6422.4682513557345,671
G_dipaxis_s0.2,a6f967fb,0,6585.43568681729,999
G_dipaxis_s0.2,a6f967fb,1,3919.685464147025,1000
G_dipaxis_s0.2,a6f967fb,2,2691.7940253020824,1000
G_dipaxis_s0.2,a6f967fb,3,1447.9080250040497,1000
G_dipaxis_s0.2,a6f967fb,4,5963.131246723955,671
G_dipaxis_s0.1,f08774c3,0,28858.70846189118,999
G_dipaxis_s0.1,f08774c3,1,59137.102879325204,1000
G_dipaxis_s0.1,f08774c3,2,108411.2370617047,1000
G_dipaxis_s0.1,f08774c3,3,179255.76515698404,901
G_dipaxis_s0.15,f08774c3,0,25819.48745412987,999
G_dipaxis_s0.15,f08774c3,1,52590.38896721777,1000
G_dipaxis_s0.15,f08774c3,2,112578.29906800181,1000
G_dipaxis_s0.15,f08774c3,3,189784.7261802039,901
G_dipaxis_s0.2,f08774c3,0,22950.20658201226,999
G_dipaxis_s0.2,f08774c3,1,46429.28904411758,1000
G_dipaxis_s0.2,f08774c3,2,117084.39168932423,1000
G_dipaxis_s0.2,f08774c3,3,201311.118097687,901
G_dipaxis_s0.1,e46f4ef4,0,41760.544347029274,999
G_dipaxis_s0.1,e46f4ef4,1,176966.83376169726,1000
G_dipaxis_s0.1,e46f4ef4,2,134773.84732232365,1000
G_dipaxis_s0.1,e46f4ef4,3,280308.9785248592,1000
G_dipaxis_s0.1,e46f4ef4,4,452037.3951448857,1000
G_dipaxis_s0.1,e46f4ef4,5,386817.527351556,1000
G_dipaxis_s0.1,e46f4ef4,6,474925.30312382657,1000
G_dipaxis_s0.1,e46f4ef4,7,100021.78322154003,196
G_dipaxis_s0.15,e46f4ef4,0,43383.89658533826,999
G_dipaxis_s0.15,e46f4ef4,1,184420.40666322218,1000
G_dipaxis_s0.15,e46f4ef4,2,145016.2068464096,1000
G_dipaxis_s0.15,e46f4ef4,3,309328.9585291886,1000
G_dipaxis_s0.15,e46f4ef4,4,493398.60294762696,1000
G_dipaxis_s0.15,e46f4ef4,5,435477.32741170854,1000
G_dipaxis_s0.15,e46f4ef4,6,536364.7243955922,1000
G_dipaxis_s0.15,e46f4ef4,7,116108.6472813636,196
G_dipaxis_s0.2,e46f4ef4,0,45038.41633688664,999
G_dipaxis_s0.2,e46f4ef4,1,192033.7599998931,1000
G_dipaxis_s0.2,e46f4ef4,2,155648.00753304685,1000
G_dipaxis_s0.2,e46f4ef4,3,339828.6948830071,1000
G_dipaxis_s0.2,e46f4ef4,4,536578.8359385778,1000
G_dipaxis_s0.2,e46f4ef4,5,487065.4823939511,1000
G_dipaxis_s0.2,e46f4ef4,6,601566.110829752,1000
G_dipaxis_s0.2,e46f4ef4,7,133396.29699206463,196
G_dipaxis_s0.1,4f4afcc6,0,9556.83998228788,999
G_dipaxis_s0.1,4f4afcc6,1,22755.055672043312,1000
G_dipaxis_s0.1,4f4afcc6,2,38576.794613822494,1000
G_dipaxis_s0.1,4f4afcc6,3,17336.217743581703,1000
G_dipaxis_s0.1,4f4afcc6,4,851.336439595993,1000
G_dipaxis_s0.1,4f4afcc6,5,7455.973568820178,646
G_dipaxis_s0.15,4f4afcc6,0,8639.094112653138,999
G_dipaxis_s0.15,4f4afcc6,1,21428.189115334175,1000
G_dipaxis_s0.15,4f4afcc6,2,41425.579167010284,1000
G_dipaxis_s0.15,4f4afcc6,3,17820.62967822947,1000
G_dipaxis_s0.15,4f4afcc6,4,828.1160077227631,1000
G_dipaxis_s0.15,4f4afcc6,5,7360.146346117071,646
G_dipaxis_s0.2,4f4afcc6,0,7772.643090716019,999
G_dipaxis_s0.2,4f4afcc6,1,20196.235558342465,1000
G_dipaxis_s0.2,4f4afcc6,2,44379.15926955515,1000
G_dipaxis_s0.2,4f4afcc6,3,18339.078999724217,1000
G_dipaxis_s0.2,4f4afcc6,4,814.2327998358877,1000
G_dipaxis_s0.2,4f4afcc6,5,7265.513038367524,646
G_dipaxis_s0.1,c2c6fc71,0,1942.288870176163,999
G_dipaxis_s0.1,c2c6fc71,1,12780.45252330714,1000
G_dipaxis_s0.1,c2c6fc71,2,34808.916811117495,1000
G_dipaxis_s0.1,c2c6fc71,3,55599.75871200332,1000
G_dipaxis_s0.1,c2c6fc71,4,30168.637535153768,1000
G_dipaxis_s0.1,c2c6fc71,5,149987.761492725,1000
G_dipaxis_s0.1,c2c6fc71,6,119571.16681231139,1000
G_dipaxis_s0.1,c2c6fc71,7,6866.904899511124,120
G_dipaxis_s0.15,c2c6fc71,0,2000.9532187197917,999
G_dipaxis_s0.15,c2c6fc71,1,12706.756136701932,1000
G_dipaxis_s0.15,c2c6fc71,2,34603.17570632701,1000
G_dipaxis_s0.15,c2c6fc71,3,55305.990077710805,1000
G_dipaxis_s0.15,c2c6fc71,4,29602.704471925892,1000
G_dipaxis_s0.15,c2c6fc71,5,148424.2305764556,1000
G_dipaxis_s0.15,c2c6fc71,6,118255.18361043595,1000
G_dipaxis_s0.15,c2c6fc71,7,6695.098087857693,120
G_dipaxis_s0.2,c2c6fc71,0,2060.5226017635455,999
G_dipaxis_s0.2,c2c6fc71,1,12633.54002957045,1000
G_dipaxis_s0.2,c2c6fc71,2,34398.71595784061,1000
G_dipaxis_s0.2,c2c6fc71,3,55013.24248276453,1000
G_dipaxis_s0.2,c2c6fc71,4,29042.682073544882,1000
G_dipaxis_s0.2,c2c6fc71,5,146869.15866174147,1000
G_dipaxis_s0.2,c2c6fc71,6,116947.71572377186,1000
G_dipaxis_s0.2,c2c6fc71,7,6525.4702432032245,120
G_dipaxis_s0.1,9d3ec64c,0,26220.33558676672,999
G_dipaxis_s0.1,9d3ec64c,1,153467.4380098394,1000
G_dipaxis_s0.1,9d3ec64c,2,103258.66013672897,1000
G_dipaxis_s0.1,9d3ec64c,3,9973.582756633272,481
G_dipaxis_s0.15,9d3ec64c,0,24163.68715047098,999
G_dipaxis_s0.15,9d3ec64c,1,146368.48325409976,1000
G_dipaxis_s0.15,9d3ec64c,2,111482.1539302561,1000
G_dipaxis_s0.15,9d3ec64c,3,14114.683725364886,481
G_dipaxis_s0.2,9d3ec64c,0,22200.517061053568,999
G_dipaxis_s0.2,9d3ec64c,1,139474.23459124347,1000
G_dipaxis_s0.2,9d3ec64c,2,120204.60100722038,1000
G_dipaxis_s0.2,9d3ec64c,3,19881.7826877065,481
G_dipaxis_s0.1,137d1e44,0,140890.58204961324,999
G_dipaxis_s0.1,137d1e44,1,308870.9596177935,1000
G_dipaxis_s0.1,137d1e44,2,16677.025209872452,1000
G_dipaxis_s0.1,137d1e44,3,14688.504065952564,1000
G_dipaxis_s0.1,137d1e44,4,9732.811511111135,555
G_dipaxis_s0.15,137d1e44,0,143120.01372642745,999
G_dipaxis_s0.15,137d1e44,1,314193.1990001599,1000
G_dipaxis_s0.15,137d1e44,2,17617.728413156583,1000
G_dipaxis_s0.15,137d1e44,3,12165.99301024777,1000
G_dipaxis_s0.15,137d1e44,4,8397.311426681414,555
G_dipaxis_s0.2,137d1e44,0,145367.89499419648,999
G_dipaxis_s0.2,137d1e44,1,319578.06332402176,1000
G_dipaxis_s0.2,137d1e44,2,18920.313296872144,1000
G_dipaxis_s0.2,137d1e44,3,9954.629014134462,1000
G_dipaxis_s0.2,137d1e44,4,7165.573836198015,555
G_dipaxis_s0.1,42669188,0,42229.65609766499,999
G_dipaxis_s0.1,42669188,1,66322.16909753019,1000
G_dipaxis_s0.1,42669188,2,42617.83573623443,1000
G_dipaxis_s0.1,42669188,3,23320.245049334007,1000
G_dipaxis_s0.1,42669188,4,1912.8100116967314,283
G_dipaxis_s0.15,42669188,0,45958.760261866504,999
G_dipaxis_s0.15,42669188,1,75171.9904682897,1000
G_dipaxis_s0.15,42669188,2,50991.7659798309,1000
G_dipaxis_s0.15,42669188,3,26096.34842535245,1000
G_dipaxis_s0.15,42669188,4,2701.4048966537434,283
G_dipaxis_s0.2,42669188,0,49857.056086330165,999
G_dipaxis_s0.2,42669188,1,84602.33759330542,1000
G_dipaxis_s0.2,42669188,2,60154.72258576935,1000
G_dipaxis_s0.2,42669188,3,29045.777692633765,1000
G_dipaxis_s0.2,42669188,4,3634.9183932698816,283
G_dipaxis_s0.1,fae0c593,0,74604.88924375831,999
G_dipaxis_s0.1,fae0c593,1,66866.60440626962,1000
G_dipaxis_s0.1,fae0c593,2,9840.082453383851,1000
G_dipaxis_s0.1,fae0c593,3,1176.0888072382231,1000
G_dipaxis_s0.1,fae0c593,4,8761.981697116727,404
G_dipaxis_s0.15,fae0c593,0,73315.91843436958,999
G_dipaxis_s0.15,fae0c593,1,66337.2637311261,1000
G_dipaxis_s0.15,fae0c593,2,9882.078503837725,1000
G_dipaxis_s0.15,fae0c593,3,837.1825173657245,1000
G_dipaxis_s0.15,fae0c593,4,7764.781256622873,404
G_dipaxis_s0.2,fae0c593,0,72038.64055592085,999
G_dipaxis_s0.2,fae0c593,1,65821.79017741805,1000
G_dipaxis_s0.2,fae0c593,2,9938.998487006731,1000
G_dipaxis_s0.2,fae0c593,3,576.5883341297481,1000
G_dipaxis_s0.2,fae0c593,4,6828.969691651607,404
G_dipaxis_s0.1,febb4411,0,4987.483204432946,999
G_dipaxis_s0.1,febb4411,1,50005.71138437195,1000
G_dipaxis_s0.1,febb4411,2,22352.674022409516,1000
G_dipaxis_s0.1,febb4411,3,121309.2645142476,1000
G_dipaxis_s0.1,febb4411,4,25074.003085295997,248
G_dipaxis_s0.15,febb4411,0,4937.334514430993,999
G_dipaxis_s0.15,febb4411,1,50195.600497405,1000
G_dipaxis_s0.15,febb4411,2,22689.476533096185,1000
G_dipaxis_s0.15,febb4411,3,125486.13380524128,1000
G_dipaxis_s0.15,febb4411,4,26957.51602296484,248
G_dipaxis_s0.2,febb4411,0,4888.335871750706,999
G_dipaxis_s0.2,febb4411,1,50389.350884318104,1000
G_dipaxis_s0.2,febb4411,2,23029.466944036078,1000
G_dipaxis_s0.2,febb4411,3,129756.62410583049,1000
G_dipaxis_s0.2,febb4411,4,28910.895675810858,248
G_dipaxis_s0.1,059c8f24,0,22125.763364191997,999
G_dipaxis_s0.1,059c8f24,1,116606.30695765707,1000
G_dipaxis_s0.1,059c8f24,2,17315.29013553491,1000
G_dipaxis_s0.1,059c8f24,3,60938.34885462633,1000
G_dipaxis_s0.1,059c8f24,4,85215.22066997344,1000
G_dipaxis_s0.1,059c8f24,5,112912.68508683187,1000
G_dipaxis_s0.1,059c8f24,6,42596.37562420571,259
G_dipaxis_s0.15,059c8f24,0,27522.659047323363,999
G_dipaxis_s0.15,059c8f24,1,161853.48234580492,1000
G_dipaxis_s0.15,059c8f24,2,59023.800548366286,1000
G_dipaxis_s0.15,059c8f24,3,142066.8392507337,1000
G_dipaxis_s0.15,059c8f24,4,174171.03051228914,1000
G_dipaxis_s0.15,059c8f24,5,177196.09445428487,1000
G_dipaxis_s0.15,059c8f24,6,36208.59045571302,259
G_dipaxis_s0.2,059c8f24,0,33683.17149981112,999
G_dipaxis_s0.2,059c8f24,1,214866.98092174387,1000
G_dipaxis_s0.2,059c8f24,2,131499.1414370315,1000
G_dipaxis_s0.2,059c8f24,3,258083.01690627515,1000
G_dipaxis_s0.2,059c8f24,4,295134.0713863911,1000
G_dipaxis_s0.2,059c8f24,5,257646.90695207543,1000
G_dipaxis_s0.2,059c8f24,6,30455.89911686309,259
G_dipaxis_s0.1,1e5e3573,0,35584.34033403906,999
G_dipaxis_s0.1,1e5e3573,1,141851.9877506922,1000
G_dipaxis_s0.1,1e5e3573,2,142885.71370934875,1000
G_dipaxis_s0.1,1e5e3573,3,85811.85329833777,1000
G_dipaxis_s0.1,1e5e3573,4,59637.196399871806,1000
G_dipaxis_s0.1,1e5e3573,5,46566.04437017051,481
G_dipaxis_s0.15,1e5e3573,0,35451.437156876214,999
G_dipaxis_s0.15,1e5e3573,1,143916.86060971915,1000
G_dipaxis_s0.15,1e5e3573,2,145845.87825950407,1000
G_dipaxis_s0.15,1e5e3573,3,90655.3789640601,1000
G_dipaxis_s0.15,1e5e3573,4,65378.62004120656,1000
G_dipaxis_s0.15,1e5e3573,5,50453.08516647466,481
G_dipaxis_s0.2,1e5e3573,0,35322.83747772246,999
G_dipaxis_s0.2,1e5e3573,1,145999.68834181796,1000
G_dipaxis_s0.2,1e5e3573,2,148839.10700670912,1000
G_dipaxis_s0.2,1e5e3573,3,95636.70024094718,1000
G_dipaxis_s0.2,1e5e3573,4,71403.5187502103,1000
G_dipaxis_s0.2,1e5e3573,5,54499.64294513281,481
G_dipaxis_s0.1,028d7b28,0,31029.490304548857,999
G_dipaxis_s0.1,028d7b28,1,1699.646298022361,1000
G_dipaxis_s0.1,028d7b28,2,29694.60382849011,1000
G_dipaxis_s0.1,028d7b28,3,59370.49206140719,1000
G_dipaxis_s0.1,028d7b28,4,20302.0286557938,1000
G_dipaxis_s0.1,028d7b28,5,81757.29098370255,1000
G_dipaxis_s0.1,028d7b28,6,158.19155393835442,235
G_dipaxis_s0.15,028d7b28,0,30350.091608357106,999
G_dipaxis_s0.15,028d7b28,1,1721.824790202561,1000
G_dipaxis_s0.15,028d7b28,2,35578.93415384633,1000
G_dipaxis_s0.15,028d7b28,3,72598.47935830125,1000
G_dipaxis_s0.15,028d7b28,4,18994.382023877384,1000
G_dipaxis_s0.15,028d7b28,5,91860.70879753071,1000
G_dipaxis_s0.15,028d7b28,6,206.52108169502418,235
G_dipaxis_s0.2,028d7b28,0,29680.726038829653,999
G_dipaxis_s0.2,028d7b28,1,1880.277147927655,1000
G_dipaxis_s0.2,028d7b28,2,42022.16037018638,1000
G_dipaxis_s0.2,028d7b28,3,87382.769909873,1000
G_dipaxis_s0.2,028d7b28,4,19293.245283192464,1000
G_dipaxis_s0.2,028d7b28,5,102610.18418989053,1000
G_dipaxis_s0.2,028d7b28,6,300.08872809220213,235
G_dipaxis_s0.1,ed6436d6,0,8052.253475535669,999
G_dipaxis_s0.1,ed6436d6,1,6127.800192495032,1000
G_dipaxis_s0.1,ed6436d6,2,41946.911262720976,946
G_dipaxis_s0.15,ed6436d6,0,8845.465312402368,999
G_dipaxis_s0.15,ed6436d6,1,7065.542118684037,1000
G_dipaxis_s0.15,ed6436d6,2,45934.125136106944,946
G_dipaxis_s0.2,ed6436d6,0,9693.985095489828,999
G_dipaxis_s0.2,ed6436d6,1,8233.388982800976,1000
G_dipaxis_s0.2,ed6436d6,2,50164.98365352428,946
G_dipaxis_s0.1,39b51819,0,4803.540268964341,999
G_dipaxis_s0.1,39b51819,1,23085.372902753137,1000
G_dipaxis_s0.1,39b51819,2,2357.5269132588387,1000
G_dipaxis_s0.1,39b51819,3,409.05694354328205,1000
G_dipaxis_s0.1,39b51819,4,348.20349559283085,232
G_dipaxis_s0.15,39b51819,0,4822.719490566529,999
G_dipaxis_s0.15,39b51819,1,24390.74814113168,1000
G_dipaxis_s0.15,39b51819,2,2658.739791243469,1000
G_dipaxis_s0.15,39b51819,3,185.18048433366613,1000
G_dipaxis_s0.15,39b51819,4,167.48266679680773,232
G_dipaxis_s0.2,39b51819,0,4858.956811809894,999
G_dipaxis_s0.2,39b51819,1,25741.700438017473,1000
G_dipaxis_s0.2,39b51819,2,3013.7292799909133,1000
G_dipaxis_s0.2,39b51819,3,106.62168804236845,1000
G_dipaxis_s0.2,39b51819,4,54.49096233311926,232
G_dipaxis_s0.1,9f0c7bae,0,23667.380277949593,999
G_dipaxis_s0.1,9f0c7bae,1,131227.88028520954,1000
G_dipaxis_s0.1,9f0c7bae,2,82003.71190506319,543
G_dipaxis_s0.15,9f0c7bae,0,26198.892841699715,999
G_dipaxis_s0.15,9f0c7bae,1,140532.6879922267,1000
G_dipaxis_s0.15,9f0c7bae,2,90549.85362087078,543
G_dipaxis_s0.2,9f0c7bae,0,28876.423804658763,999
G_dipaxis_s0.2,9f0c7bae,1,150205.9810735486,1000
G_dipaxis_s0.2,9f0c7bae,2,99565.2214537251,543
G_dipaxis_s0.1,73b1447d,0,14721.882184845692,999
G_dipaxis_s0.1,73b1447d,1,50454.65858084544,1000
G_dipaxis_s0.1,73b1447d,2,6228.689259544378,1000
G_dipaxis_s0.1,73b1447d,3,17974.467785406745,1000
G_dipaxis_s0.1,73b1447d,4,85850.38972211092,1000
G_dipaxis_s0.1,73b1447d,5,4399.195159847033,671
G_dipaxis_s0.15,73b1447d,0,15373.759986468416,999
G_dipaxis_s0.15,73b1447d,1,55884.088963744194,1000
G_dipaxis_s0.15,73b1447d,2,5946.54440058101,1000
G_dipaxis_s0.15,73b1447d,3,17755.336276153226,1000
G_dipaxis_s0.15,73b1447d,4,88795.59739464115,1000
G_dipaxis_s0.15,73b1447d,5,4732.175111693945,671
G_dipaxis_s0.2,73b1447d,0,16043.939062362455,999
G_dipaxis_s0.2,73b1447d,1,61628.81064477962,1000
G_dipaxis_s0.2,73b1447d,2,6033.533890423984,1000
G_dipaxis_s0.2,73b1447d,3,17584.268076484994,1000
G_dipaxis_s0.2,73b1447d,4,91800.25846129797,1000
G_dipaxis_s0.2,73b1447d,5,5082.105389014531,671
G_dipaxis_s0.1,764072a5,0,9226.678119490007,999
G_dipaxis_s0.1,764072a5,1,28153.80074190857,1000
G_dipaxis_s0.1,764072a5,2,28532.535675628653,950
G_dipaxis_s0.15,764072a5,0,8689.417720960237,999
G_dipaxis_s0.15,764072a5,1,24569.806276252602,1000
G_dipaxis_s0.15,764072a5,2,25979.651291086106,950
G_dipaxis_s0.2,764072a5,0,8169.489467009791,999
G_dipaxis_s0.2,764072a5,1,21249.657547714065,1000
G_dipaxis_s0.2,764072a5,2,23552.560055520997,950
G_dipaxis_s0.1,e7d0c1de,0,4400.349698000673,999
G_dipaxis_s0.1,e7d0c1de,1,2287.4914018822215,1000
G_dipaxis_s0.1,e7d0c1de,2,6343.463050825971,1000
G_dipaxis_s0.1,e7d0c1de,3,6860.6623245253495,1000
G_dipaxis_s0.1,e7d0c1de,4,1962.8725268520022,712
G_dipaxis_s0.15,e7d0c1de,0,4655.999338122505,999
G_dipaxis_s0.15,e7d0c1de,1,2199.240411171123,1000
G_dipaxis_s0.15,e7d0c1de,2,6210.791680394704,1000
G_dipaxis_s0.15,e7d0c1de,3,6691.537763626421,1000
G_dipaxis_s0.15,e7d0c1de,4,1804.3880769207624,712
G_dipaxis_s0.2,e7d0c1de,0,4919.399810384618,999
G_dipaxis_s0.2,e7d0c1de,1,2112.969751981474,1000
G_dipaxis_s0.2,e7d0c1de,2,6080.693942378755,1000
G_dipaxis_s0.2,e7d0c1de,3,6527.495576704623,1000
G_dipaxis_s0.2,e7d0c1de,4,1659.995253260044,712
G_dipaxis_s0.1,a6ed2eff,0,15268.009228829651,999
G_dipaxis_s0.1,a6ed2eff,1,28462.028304854302,1000
G_dipaxis_s0.1,a6ed2eff,2,7283.165444276251,1000
G_dipaxis_s0.1,a6ed2eff,3,14269.222682385469,1000
G_dipaxis_s0.1,a6ed2eff,4,69167.25426620813,1000
G_dipaxis_s0.1,a6ed2eff,5,19874.554508610407,276
G_dipaxis_s0.15,a6ed2eff,0,14687.70259077467,999
G_dipaxis_s0.15,a6ed2eff,1,26719.357315369347,1000
G_dipaxis_s0.15,a6ed2eff,2,6400.321010379257,1000
G_dipaxis_s0.15,a6ed2eff,3,13897.31647226697,1000
G_dipaxis_s0.15,a6ed2eff,4,61341.32426556577,1000
G_dipaxis_s0.15,a6ed2eff,5,15516.627568199827,276
G_dipaxis_s0.2,a6ed2eff,0,14119.95143692353,999
G_dipaxis_s0.2,a6ed2eff,1,25040.343739903932,1000
G_dipaxis_s0.2,a6ed2eff,2,5580.4592883834075,1000
G_dipaxis_s0.2,a6ed2eff,3,13616.90003560817,1000
G_dipaxis_s0.2,a6ed2eff,4,54762.98576442065,1000
G_dipaxis_s0.2,a6ed2eff,5,11710.998503089708,276
G_dipaxis_s0.1,4630ab92,0,48382.06948680545,999
G_dipaxis_s0.1,4630ab92,1,210705.13388469446,1000
G_dipaxis_s0.1,4630ab92,2,193923.89400709234,1000
G_dipaxis_s0.1,4630ab92,3,23778.62531795692,374
G_dipaxis_s0.15,4630ab92,0,48954.071989072465,999
G_dipaxis_s0.15,4630ab92,1,214094.64175340583,1000
G_dipaxis_s0.15,4630ab92,2,195156.51017078766,1000
G_dipaxis_s0.15,4630ab92,3,24879.82855531848,374
G_dipaxis_s0.2,4630ab92,0,49530.17440342588,999
G_dipaxis_s0.2,4630ab92,1,217512.79339886998,1000
G_dipaxis_s0.2,4630ab92,2,196402.6447545645,1000
G_dipaxis_s0.2,4630ab92,3,26006.379910802418,374
G_dipaxis_s0.1,29de15c8,0,26933.361509635663,999
G_dipaxis_s0.1,29de15c8,1,44055.1509433445,1000
G_dipaxis_s0.1,29de15c8,2,51987.486193149314,1000
G_dipaxis_s0.1,29de15c8,3,33225.390975998096,432
G_dipaxis_s0.15,29de15c8,0,27121.880785060966,999
G_dipaxis_s0.15,29de15c8,1,44776.300195019474,1000
G_dipaxis_s0.15,29de15c8,2,52780.428617582926,1000
G_dipaxis_s0.15,29de15c8,3,34129.91715414549,432
G_dipaxis_s0.2,29de15c8,0,27311.457488743254,999
G_dipaxis_s0.2,29de15c8,1,45503.526063916885,1000
G_dipaxis_s0.2,29de15c8,2,53579.56262256885,1000
G_dipaxis_s0.2,29de15c8,3,35047.461317073605,432
G_dipaxis_s0.1,b38e3116,0,2581.6861833834564,999
G_dipaxis_s0.1,b38e3116,1,5732.507323732332,1000
G_dipaxis_s0.1,b38e3116,2,15709.443094948132,1000
G_dipaxis_s0.1,b38e3116,3,11334.851735208591,1000
G_dipaxis_s0.1,b38e3116,4,6117.327105127747,1000
G_dipaxis_s0.1,b38e3116,5,32332.575834470594,1000
G_dipaxis_s0.1,b38e3116,6,1766.0761709805922,212
G_dipaxis_s0.15,b38e3116,0,2535.153803511066,999
G_dipaxis_s0.15,b38e3116,1,6947.17766910974,1000
G_dipaxis_s0.15,b38e3116,2,18577.541492244654,1000
G_dipaxis_s0.15,b38e3116,3,14131.766417234187,1000
G_dipaxis_s0.15,b38e3116,4,7567.667957871479,1000
G_dipaxis_s0.15,b38e3116,5,42097.048058160646,1000
G_dipaxis_s0.15,b38e3116,6,2919.146533954301,212
G_dipaxis_s0.2,b38e3116,0,2511.7257253437256,999
G_dipaxis_s0.2,b38e3116,1,8285.02543300168,1000
G_dipaxis_s0.2,b38e3116,2,21686.997854588495,1000
G_dipaxis_s0.2,b38e3116,3,17270.887584630105,1000
G_dipaxis_s0.2,b38e3116,4,10095.653763881597,1000
G_dipaxis_s0.2,b38e3116,5,53192.985095610435,1000
G_dipaxis_s0.2,b38e3116,6,4408.658243584696,212
G_dipaxis_s0.1,2f19d536,0,12632.212370426276,999
G_dipaxis_s0.1,2f19d536,1,23470.160668668188,1000
G_dipaxis_s0.1,2f19d536,2,38178.27356846944,1000
G_dipaxis_s0.1,2f19d536,3,3563.8530868268203,89
G_dipaxis_s0.15,2f19d536,0,11406.48019718547,999
G_dipaxis_s0.15,2f19d536,1,20811.087504894633,1000
G_dipaxis_s0.15,2f19d536,2,37100.72646975914,1000
G_dipaxis_s0.15,2f19d536,3,3640.3756314264447,89
G_dipaxis_s0.2,2f19d536,0,10306.677748509257,999
G_dipaxis_s0.2,2f19d536,1,18323.542740767716,1000
G_dipaxis_s0.2,2f19d536,2,36043.81317298127,1000
G_dipaxis_s0.2,2f19d536,3,3717.7502425483954,89
G_dipaxis_s0.1,f5859199,0,92985.52991703723,999
G_dipaxis_s0.1,f5859199,1,363895.65638694767,1000
G_dipaxis_s0.1,f5859199,2,357123.6808361589,1000
G_dipaxis_s0.1,f5859199,3,322424.21583210665,1000
G_dipaxis_s0.1,f5859199,4,106634.20424375978,1000
G_dipaxis_s0.1,f5859199,5,142868.21890172403,791
G_dipaxis_s0.15,f5859199,0,96099.28905094806,999
G_dipaxis_s0.15,f5859199,1,393225.1048751533,1000
G_dipaxis_s0.15,f5859199,2,424239.1781091853,1000
G_dipaxis_s0.15,f5859199,3,411485.5412854789,1000
G_dipaxis_s0.15,f5859199,4,171027.42857536572,1000
G_dipaxis_s0.15,f5859199,5,201444.1543895478,791
G_dipaxis_s0.2,f5859199,0,99333.14858477494,999
G_dipaxis_s0.2,f5859199,1,424433.157300166,1000
G_dipaxis_s0.2,f5859199,2,497429.22178096685,1000
G_dipaxis_s0.2,f5859199,3,512920.14656198525,1000
G_dipaxis_s0.2,f5859199,4,251159.5812232719,1000
G_dipaxis_s0.2,f5859199,5,276415.45225607377,791
G_dipaxis_s0.1,d114d9c2,0,6199.149410696851,999
G_dipaxis_s0.1,d114d9c2,1,3195.3968687917504,1000
G_dipaxis_s0.1,d114d9c2,2,2119.2838658262713,1000
G_dipaxis_s0.1,d114d9c2,3,4011.986741382344,1000
G_dipaxis_s0.1,d114d9c2,4,95031.072253439,1000
G_dipaxis_s0.1,d114d9c2,5,276082.0669709682,1000
G_dipaxis_s0.1,d114d9c2,6,72633.36092523467,207
G_dipaxis_s0.15,d114d9c2,0,7207.702624668703,999
G_dipaxis_s0.15,d114d9c2,1,3314.378058641528,1000
G_dipaxis_s0.15,d114d9c2,2,2482.294331556117,1000
G_dipaxis_s0.15,d114d9c2,3,6436.872615567769,1000
G_dipaxis_s0.15,d114d9c2,4,117095.20860707744,1000
G_dipaxis_s0.15,d114d9c2,5,332305.90268811677,1000
G_dipaxis_s0.15,d114d9c2,6,89205.9450650776,207
G_dipaxis_s0.2,d114d9c2,0,8308.859887454604,999
G_dipaxis_s0.2,d114d9c2,1,3601.814370965607,1000
G_dipaxis_s0.2,d114d9c2,2,3185.0967728582655,1000
G_dipaxis_s0.2,d114d9c2,3,9801.528901863689,1000
G_dipaxis_s0.2,d114d9c2,4,141488.2896456225,1000
G_dipaxis_s0.2,d114d9c2,5,393765.88530429546,1000
G_dipaxis_s0.2,d114d9c2,6,107480.56444643727,207
G_dipaxis_s0.1,91b301ce,0,372923.67055952083,999
G_dipaxis_s0.1,91b301ce,1,226773.8772291786,1000
G_dipaxis_s0.1,91b301ce,2,36016.621345960215,1000
G_dipaxis_s0.1,91b301ce,3,19705.411526928383,1000
G_dipaxis_s0.1,91b301ce,4,123992.70047497193,1000
G_dipaxis_s0.1,91b301ce,5,1239252.2269637731,1000
G_dipaxis_s0.1,91b301ce,6,1777701.6545352088,571
G_dipaxis_s0.15,91b301ce,0,361492.93203108315,999
G_dipaxis_s0.15,91b301ce,1,240963.85432809032,1000
G_dipaxis_s0.15,91b301ce,2,51310.326309115284,1000
G_dipaxis_s0.15,91b301ce,3,40907.69197105513,1000
G_dipaxis_s0.15,91b301ce,4,119748.70942316414,1000
G_dipaxis_s0.15,91b301ce,5,1039121.6415064007,1000
G_dipaxis_s0.15,91b301ce,6,1622140.9630171703,571
G_dipaxis_s0.2,91b301ce,0,350260.62826986663,999
G_dipaxis_s0.2,91b301ce,1,256838.38086075493,1000
G_dipaxis_s0.2,91b301ce,2,69410.845780022,1000
G_dipaxis_s0.2,91b301ce,3,70341.77709684937,1000
G_dipaxis_s0.2,91b301ce,4,127168.20882482927,1000
G_dipaxis_s0.2,91b301ce,5,857169.1111128012,1000
G_dipaxis_s0.2,91b301ce,6,1473843.5935332533,571
G_dipaxis_s0.1,2bff06cf,0,92005.0378607459,999
G_dipaxis_s0.1,2bff06cf,1,336183.67341912794,1000
G_dipaxis_s0.1,2bff06cf,2,735796.5511416461,1000
G_dipaxis_s0.1,2bff06cf,3,1030827.7912143685,1000
G_dipaxis_s0.1,2bff06cf,4,1254076.027675838,1000
G_dipaxis_s0.1,2bff06cf,5,1362107.390349916,1000
G_dipaxis_s0.1,2bff06cf,6,1250930.1168838183,1000
G_dipaxis_s0.1,2bff06cf,7,394967.4562427282,625
G_dipaxis_s0.15,2bff06cf,0,91907.98053143139,999
G_dipaxis_s0.15,2bff06cf,1,341528.77679774095,1000
G_dipaxis_s0.15,2bff06cf,2,774525.8868061614,1000
G_dipaxis_s0.15,2bff06cf,3,1134714.981815425,1000
G_dipaxis_s0.15,2bff06cf,4,1470518.5175073,1000
G_dipaxis_s0.15,2bff06cf,5,1597202.6006327,1000
G_dipaxis_s0.15,2bff06cf,6,1493982.963095047,1000
G_dipaxis_s0.15,2bff06cf,7,514694.0705757435,625
G_dipaxis_s0.2,2bff06cf,0,91848.51127260289,999
G_dipaxis_s0.2,2bff06cf,1,346982.26986908494,1000
G_dipaxis_s0.2,2bff06cf,2,814324.2996357975,1000
G_dipaxis_s0.2,2bff06cf,3,1244696.436007349,1000
G_dipaxis_s0.2,2bff06cf,4,1704200.4865807071,1000
G_dipaxis_s0.2,2bff06cf,5,1851059.2095272269,1000
G_dipaxis_s0.2,2bff06cf,6,1758668.4590912487,1000
G_dipaxis_s0.2,2bff06cf,7,650337.5865830177,625
G_dipaxis_s0.1,353e5502,0,17559.553742906304,999
G_dipaxis_s0.1,353e5502,1,39466.78052153762,1000
G_dipaxis_s0.1,353e5502,2,309985.0757270822,1000
G_dipaxis_s0.1,353e5502,3,125415.69086405843,1000
G_dipaxis_s0.1,353e5502,4,118327.71106717967,1000
G_dipaxis_s0.1,353e5502,5,267588.9229615287,1000
G_dipaxis_s0.1,353e5502,6,12643.983313443208,63
G_dipaxis_s0.15,353e5502,0,17574.73750859215,999
G_dipaxis_s0.15,353e5502,1,40719.00946609934,1000
G_dipaxis_s0.15,353e5502,2,308199.041337577,1000
G_dipaxis_s0.15,353e5502,3,131641.4071592141,1000
G_dipaxis_s0.15,353e5502,4,123861.98575353932,1000
G_dipaxis_s0.15,353e5502,5,276911.74563596776,1000
G_dipaxis_s0.15,353e5502,6,13979.16336402752,63
G_dipaxis_s0.2,353e5502,0,17602.55643112921,999
G_dipaxis_s0.2,353e5502,1,42000.21785813875,1000
G_dipaxis_s0.2,353e5502,2,306437.69043998024,1000
G_dipaxis_s0.2,353e5502,3,138036.01495866268,1000
G_dipaxis_s0.2,353e5502,4,129569.79406526648,1000
G_dipaxis_s0.2,353e5502,5,286447.37861747027,1000
G_dipaxis_s0.2,353e5502,6,15381.6635426992,63
G_dipaxis_s0.1,f0188a48,0,146589.47570993032,999
G_dipaxis_s0.1,f0188a48,1,87698.10037605859,1000
G_dipaxis_s0.1,f0188a48,2,94215.71665639443,1000
G_dipaxis_s0.1,f0188a48,3,239502.79605522312,1000
G_dipaxis_s0.1,f0188a48,4,39198.44429582047,171
G_dipaxis_s0.15,f0188a48,0,157367.93181439838,999
G_dipaxis_s0.15,f0188a48,1,107055.0196227795,1000
G_dipaxis_s0.15,f0188a48,2,124468.15277498872,1000
G_dipaxis_s0.15,f0188a48,3,298231.0060532851,1000
G_dipaxis_s0.15,f0188a48,4,50748.99046468952,171
G_dipaxis_s0.2,f0188a48,0,168651.1313923004,999
G_dipaxis_s0.2,f0188a48,1,129469.33690723867,1000
G_dipaxis_s0.2,f0188a48,2,159224.26537405097,1000
G_dipaxis_s0.2,f0188a48,3,363401.30499764445,1000
G_dipaxis_s0.2,f0188a48,4,63801.074173395406,171
G_dipaxis_s0.1,c908edd0,0,634.9316544689714,999
G_dipaxis_s0.1,c908edd0,1,8286.890829268503,1000
G_dipaxis_s0.1,c908edd0,2,22993.17014769207,1000
G_dipaxis_s0.1,c908edd0,3,39102.01358742596,1000
G_dipaxis_s0.1,c908edd0,4,21089.471922238525,1000
G_dipaxis_s0.1,c908edd0,5,1645.5153030373408,294
G_dipaxis_s0.15,c908edd0,0,553.9395752168261,999
G_dipaxis_s0.15,c908edd0,1,9270.132230397088,1000
G_dipaxis_s0.15,c908edd0,2,27083.06997875286,1000
G_dipaxis_s0.15,c908edd0,3,46214.50454546697,1000
G_dipaxis_s0.15,c908edd0,4,25184.54316319417,1000
G_dipaxis_s0.15,c908edd0,5,2119.3866460851586,294
G_dipaxis_s0.2,c908edd0,0,514.7640599189134,999
G_dipaxis_s0.2,c908edd0,1,10506.177030118546,1000
G_dipaxis_s0.2,c908edd0,2,31580.282149308256,1000
G_dipaxis_s0.2,c908edd0,3,54009.57490118378,1000
G_dipaxis_s0.2,c908edd0,4,29674.702976917994,1000
G_dipaxis_s0.2,c908edd0,5,2691.166329275003,294
G_dipaxis_s0.1,1619e2ca,0,22667.211944295836,999
G_dipaxis_s0.1,1619e2ca,1,3316.372738754734,1000
G_dipaxis_s0.1,1619e2ca,2,44239.33945637958,1000
G_dipaxis_s0.1,1619e2ca,3,29914.547080813056,1000
G_dipaxis_s0.1,1619e2ca,4,42552.10182669695,444
G_dipaxis_s0.15,1619e2ca,0,22188.461130651867,999
G_dipaxis_s0.15,1619e2ca,1,2731.1130391018332,1000
G_dipaxis_s0.15,1619e2ca,2,44714.93905073409,1000
G_dipaxis_s0.15,1619e2ca,3,31430.087415006205,1000
G_dipaxis_s0.15,1619e2ca,4,46691.92701924921,444
G_dipaxis_s0.2,1619e2ca,0,21718.939343790928,999
G_dipaxis_s0.2,1619e2ca,1,2233.519755086728,1000
G_dipaxis_s0.2,1619e2ca,2,45254.11845470209,1000
G_dipaxis_s0.2,1619e2ca,3,33823.91611048756,1000
G_dipaxis_s0.2,1619e2ca,4,51027.45525408038,444
G_dipaxis_s0.1,4936af16,0,8791.134603424658,999
G_dipaxis_s0.1,4936af16,1,4802.872480418519,1000
G_dipaxis_s0.1,4936af16,2,8249.816909734458,1000
G_dipaxis_s0.1,4936af16,3,36819.5559605995,992
G_dipaxis_s0.15,4936af16,0,8896.185686735651,999
G_dipaxis_s0.15,4936af16,1,4571.463714485173,1000
G_dipaxis_s0.15,4936af16,2,7880.4213126846125,1000
G_dipaxis_s0.15,4936af16,3,36065.20706165557,992
G_dipaxis_s0.2,4936af16,0,9003.479801897378,999
G_dipaxis_s0.2,4936af16,1,4347.1795356465,1000
G_dipaxis_s0.2,4936af16,2,7520.013963325694,1000
G_dipaxis_s0.2,4936af16,3,35325.23899020195,992
G_dipaxis_s0.1,5d11dfb5,0,16041.387028191608,999
G_dipaxis_s0.1,5d11dfb5,1,30221.87173518859,1000
G_dipaxis_s0.1,5d11dfb5,2,2683.6869597891405,1000
G_dipaxis_s0.1,5d11dfb5,3,75759.70724187355,1000
G_dipaxis_s0.1,5d11dfb5,4,253533.74400136655,1000
G_dipaxis_s0.1,5d11dfb5,5,51134.73274085924,896
G_dipaxis_s0.15,5d11dfb5,0,16612.440713730273,999
G_dipaxis_s0.15,5d11dfb5,1,32043.32940692813,1000
G_dipaxis_s0.15,5d11dfb5,2,2556.7853144822025,1000
G_dipaxis_s0.15,5d11dfb5,3,83290.52971229062,1000
G_dipaxis_s0.15,5d11dfb5,4,269566.98983675655,1000
G_dipaxis_s0.15,5d11dfb5,5,54106.61320837214,896
G_dipaxis_s0.2,5d11dfb5,0,17193.89623353673,999
G_dipaxis_s0.2,5d11dfb5,1,33964.062726697965,1000
G_dipaxis_s0.2,5d11dfb5,2,2899.0404967044065,1000
G_dipaxis_s0.2,5d11dfb5,3,91349.34120655591,1000
G_dipaxis_s0.2,5d11dfb5,4,286163.25109931326,1000
G_dipaxis_s0.2,5d11dfb5,5,58378.25154337598,896
G_dipaxis_s0.1,56b00794,0,90642.84461733692,999
G_dipaxis_s0.1,56b00794,1,275989.6010564145,1000
G_dipaxis_s0.1,56b00794,2,171129.28058183976,1000
G_dipaxis_s0.1,56b00794,3,200946.74845887662,1000
G_dipaxis_s0.1,56b00794,4,270234.5173621231,1000
G_dipaxis_s0.1,56b00794,5,300035.4084748923,1000
G_dipaxis_s0.1,56b00794,6,14571.417413504514,66
G_dipaxis_s0.15,56b00794,0,88209.36677838823,999
G_dipaxis_s0.15,56b00794,1,273566.2041447077,1000
G_dipaxis_s0.15,56b00794,2,172374.3991264718,1000
G_dipaxis_s0.15,56b00794,3,202950.85517966116,1000
G_dipaxis_s0.15,56b00794,4,282643.65368286055,1000
G_dipaxis_s0.15,56b00794,5,328762.44411217805,1000
G_dipaxis_s0.15,56b00794,6,16748.70348493654,66
G_dipaxis_s0.2,56b00794,0,85809.47858533695,999
G_dipaxis_s0.2,56b00794,1,271165.3817368067,1000
G_dipaxis_s0.2,56b00794,2,173624.84459742613,1000
G_dipaxis_s0.2,56b00794,3,204966.52128724146,1000
G_dipaxis_s0.2,56b00794,4,295367.8050596193,1000
G_dipaxis_s0.2,56b00794,5,358845.22515038186,1000
G_dipaxis_s0.2,56b00794,6,19077.619160943355,66
G_dipaxis_s0.1,5f4d2a52,0,6333.754637164582,999
G_dipaxis_s0.1,5f4d2a52,1,136805.6467682553,1000
G_dipaxis_s0.1,5f4d2a52,2,1558530.2895769917,1000
G_dipaxis_s0.1,5f4d2a52,3,3046791.24324515,1000
G_dipaxis_s0.1,5f4d2a52,4,4524189.495178429,1000
G_dipaxis_s0.1,5f4d2a52,5,512693.02434951527,226
G_dipaxis_s0.15,5f4d2a52,0,4872.570761224273,999
G_dipaxis_s0.15,5f4d2a52,1,115094.52078651414,1000
G_dipaxis_s0.15,5f4d2a52,2,1413647.4389060384,1000
G_dipaxis_s0.15,5f4d2a52,3,2786424.698948555,1000
G_dipaxis_s0.15,5f4d2a52,4,4206280.572146001,1000
G_dipaxis_s0.15,5f4d2a52,5,483795.44581366796,226
G_dipaxis_s0.2,5f4d2a52,0,3606.8066944563193,999
G_dipaxis_s0.2,5f4d2a52,1,95402.20014455609,1000
G_dipaxis_s0.2,5f4d2a52,2,1275842.4410534482,1000
G_dipaxis_s0.2,5f4d2a52,3,2537750.182606881,1000
G_dipaxis_s0.2,5f4d2a52,4,3899973.808206794,1000
G_dipaxis_s0.2,5f4d2a52,5,455741.5878499665,226
G_dipaxis_s0.1,9a6b0392,0,672.0311318167688,999
G_dipaxis_s0.1,9a6b0392,1,3076.3456456369036,1000
G_dipaxis_s0.1,9a6b0392,2,6556.891901805876,1000
G_dipaxis_s0.1,9a6b0392,3,1325.3284797474432,1000
G_dipaxis_s0.1,9a6b0392,4,2456.149132653954,256
G_dipaxis_s0.15,9a6b0392,0,754.7167621442525,999
G_dipaxis_s0.15,9a6b0392,1,3492.881846248536,1000
G_dipaxis_s0.15,9a6b0392,2,5687.32561853676,1000
G_dipaxis_s0.15,9a6b0392,3,1151.1500766290287,1000
G_dipaxis_s0.15,9a6b0392,4,2511.6577923850073,256
G_dipaxis_s0.2,9a6b0392,0,902.1887032950757,999
G_dipaxis_s0.2,9a6b0392,1,3941.5439233864595,1000
G_dipaxis_s0.2,9a6b0392,2,4940.970801728519,1000
G_dipaxis_s0.2,9a6b0392,3,1094.347392017036,1000
G_dipaxis_s0.2,9a6b0392,4,2569.327666439327,256
G_dipaxis_s0.1,9298ad5b,0,465.9073486404821,999
G_dipaxis_s0.1,9298ad5b,1,3411.5439067342886,1000
G_dipaxis_s0.1,9298ad5b,2,218049.4243507854,1000
G_dipaxis_s0.1,9298ad5b,3,58369.508762118945,965
G_dipaxis_s0.15,9298ad5b,0,333.41021913095796,999
G_dipaxis_s0.15,9298ad5b,1,3605.2625224603976,1000
G_dipaxis_s0.15,9298ad5b,2,197443.171261506,1000
G_dipaxis_s0.15,9298ad5b,3,65558.47952878234,965
G_dipaxis_s0.2,9298ad5b,0,334.53013191127405,999
G_dipaxis_s0.2,9298ad5b,1,4268.518509337641,1000
G_dipaxis_s0.2,9298ad5b,2,177885.9088734173,1000
G_dipaxis_s0.2,9298ad5b,3,73330.28208793158,965
G_dipaxis_s0.1,7b38844c,0,8264.274861559827,999
G_dipaxis_s0.1,7b38844c,1,3090.461451666031,1000
G_dipaxis_s0.1,7b38844c,2,16776.10207726429,1000
G_dipaxis_s0.1,7b38844c,3,40386.25431867205,750
G_dipaxis_s0.15,7b38844c,0,8071.157689024128,999
G_dipaxis_s0.15,7b38844c,1,2958.302916945581,1000
G_dipaxis_s0.15,7b38844c,2,16558.264905905653,1000
G_dipaxis_s0.15,7b38844c,3,40552.21895358777,750
G_dipaxis_s0.2,7b38844c,0,7881.0748593810795,999
G_dipaxis_s0.2,7b38844c,1,2831.4101757689036,1000
G_dipaxis_s0.2,7b38844c,2,16342.01672915872,1000
G_dipaxis_s0.2,7b38844c,3,40719.35076671155,750
G_dipaxis_s0.1,4cecf7b3,0,7352.496562137271,999
G_dipaxis_s0.1,4cecf7b3,1,13461.464847467558,1000
G_dipaxis_s0.1,4cecf7b3,2,39268.653780426976,1000
G_dipaxis_s0.1,4cecf7b3,3,32970.83328058685,1000
G_dipaxis_s0.1,4cecf7b3,4,25269.71639581581,1000
G_dipaxis_s0.1,4cecf7b3,5,17553.640321353738,1000
G_dipaxis_s0.1,4cecf7b3,6,1103.0597142822312,20
G_dipaxis_s0.15,4cecf7b3,0,6788.7304655647695,999
G_dipaxis_s0.15,4cecf7b3,1,11475.308670160879,1000
G_dipaxis_s0.15,4cecf7b3,2,36771.94838541623,1000
G_dipaxis_s0.15,4cecf7b3,3,38006.816924691775,1000
G_dipaxis_s0.15,4cecf7b3,4,27637.468161248806,1000
G_dipaxis_s0.15,4cecf7b3,5,18300.761563955126,1000
G_dipaxis_s0.15,4cecf7b3,6,1143.2630102567036,20
G_dipaxis_s0.2,4cecf7b3,0,6257.175226339573,999
G_dipaxis_s0.2,4cecf7b3,1,9684.449261078107,1000
G_dipaxis_s0.2,4cecf7b3,2,34618.36616068921,1000
G_dipaxis_s0.2,4cecf7b3,3,43505.556504174565,1000
G_dipaxis_s0.2,4cecf7b3,4,30402.91138392453,1000
G_dipaxis_s0.2,4cecf7b3,5,19818.648011379504,1000
G_dipaxis_s0.2,4cecf7b3,6,1184.1868131972587,20
G_dipaxis_s0.1,8b9d8326,0,5957.002799454685,999
G_dipaxis_s0.1,8b9d8326,1,16354.82849050086,1000
G_dipaxis_s0.1,8b9d8326,2,36223.682145064544,1000
G_dipaxis_s0.1,8b9d8326,3,106915.66232388791,1000
G_dipaxis_s0.1,8b9d8326,4,124624.92449382902,1000
G_dipaxis_s0.1,8b9d8326,5,86739.0778132813,1000
G_dipaxis_s0.1,8b9d8326,6,11787.198688131208,164
G_dipaxis_s0.15,8b9d8326,0,5279.824744456647,999
G_dipaxis_s0.15,8b9d8326,1,19379.27500900408,1000
G_dipaxis_s0.15,8b9d8326,2,45579.36537078871,1000
G_dipaxis_s0.15,8b9d8326,3,122457.74256950391,1000
G_dipaxis_s0.15,8b9d8326,4,145004.08758989992,1000
G_dipaxis_s0.15,8b9d8326,5,113374.75813416172,1000
G_dipaxis_s0.15,8b9d8326,6,15748.2833408722,164
G_dipaxis_s0.2,8b9d8326,0,4647.588825055159,999
G_dipaxis_s0.2,8b9d8326,1,22737.237003447186,1000
G_dipaxis_s0.2,8b9d8326,2,56074.99130209134,1000
G_dipaxis_s0.2,8b9d8326,3,139097.7144404562,1000
G_dipaxis_s0.2,8b9d8326,4,167069.56082482325,1000
G_dipaxis_s0.2,8b9d8326,5,143743.4813326707,1000
G_dipaxis_s0.2,8b9d8326,6,20283.121666104795,164
G_dipaxis_s0.1,bf39bc20,0,8803.886552760985,999
G_dipaxis_s0.1,bf39bc20,1,140447.23137606843,1000
G_dipaxis_s0.1,bf39bc20,2,34065.309543447,1000
G_dipaxis_s0.1,bf39bc20,3,16338.135319752359,304
G_dipaxis_s0.15,bf39bc20,0,9846.79112484535,999
G_dipaxis_s0.15,bf39bc20,1,150253.24031099764,1000
G_dipaxis_s0.15,bf39bc20,2,45886.774586603104,1000
G_dipaxis_s0.15,bf39bc20,3,22182.90127679042,304
G_dipaxis_s0.2,bf39bc20,0,11074.148216954503,999
G_dipaxis_s0.2,bf39bc20,1,160566.41919408465,1000
G_dipaxis_s0.2,bf39bc20,2,59577.5958621473,1000
G_dipaxis_s0.2,bf39bc20,3,28928.997886887257,304
G_dipaxis_s0.1,77b0d905,0,50364.44888452877,999
G_dipaxis_s0.1,77b0d905,1,52321.14588718308,1000
G_dipaxis_s0.1,77b0d905,2,55788.401587455766,1000
G_dipaxis_s0.1,77b0d905,3,26449.05433755592,1000
G_dipaxis_s0.1,77b0d905,4,2292.0312640803418,175
G_dipaxis_s0.15,77b0d905,0,45732.55356617157,999
G_dipaxis_s0.15,77b0d905,1,44867.07543646429,1000
G_dipaxis_s0.15,77b0d905,2,46748.9441519946,1000
G_dipaxis_s0.15,77b0d905,3,22610.904055869843,1000
G_dipaxis_s0.15,77b0d905,4,3140.2068245609553,175
G_dipaxis_s0.2,77b0d905,0,41330.128816216864,999
G_dipaxis_s0.2,77b0d905,1,38002.13687241819,1000
G_dipaxis_s0.2,77b0d905,2,38515.958900122496,1000
G_dipaxis_s0.2,77b0d905,3,19570.82609507232,1000
G_dipaxis_s0.2,77b0d905,4,4122.221754387715,175
G_dipaxis_s0.1,a4cdbb0f,0,2256.352768069376,999
G_dipaxis_s0.1,a4cdbb0f,1,49857.1710525776,1000
G_dipaxis_s0.1,a4cdbb0f,2,27978.740841288316,1000
G_dipaxis_s0.1,a4cdbb0f,3,53091.05469768449,1000
G_dipaxis_s0.1,a4cdbb0f,4,88489.34281127837,1000
G_dipaxis_s0.1,a4cdbb0f,5,126.44389581277899,205
G_dipaxis_s0.15,a4cdbb0f,0,2405.6824780546644,999
G_dipaxis_s0.15,a4cdbb0f,1,48109.22419587975,1000
G_dipaxis_s0.15,a4cdbb0f,2,27430.82447598505,1000
G_dipaxis_s0.15,a4cdbb0f,3,51920.799661196404,1000
G_dipaxis_s0.15,a4cdbb0f,4,88873.55238619469,1000
G_dipaxis_s0.15,a4cdbb0f,5,218.4403508853907,205
G_dipaxis_s0.2,a4cdbb0f,0,2564.609815430225,999
G_dipaxis_s0.2,a4cdbb0f,1,46399.14312255145,1000
G_dipaxis_s0.2,a4cdbb0f,2,26888.87043111186,1000
G_dipaxis_s0.2,a4cdbb0f,3,50765.086961175446,1000
G_dipaxis_s0.2,a4cdbb0f,4,89298.11406938489,1000
G_dipaxis_s0.2,a4cdbb0f,5,336.3321110197242,205
G_dipaxis_s0.1,084d66f9,0,7613.751262734334,999
G_dipaxis_s0.1,084d66f9,1,46012.23309780059,1000
G_dipaxis_s0.1,084d66f9,2,304209.28972453886,1000
G_dipaxis_s0.1,084d66f9,3,142264.49198815756,886
G_dipaxis_s0.15,084d66f9,0,7692.514348298739,999
G_dipaxis_s0.15,084d66f9,1,48305.57186267858,1000
G_dipaxis_s0.15,084d66f9,2,311016.24660424964,1000
G_dipaxis_s0.15,084d66f9,3,147710.24462954447,886
G_dipaxis_s0.2,084d66f9,0,7799.497277153169,999
G_dipaxis_s0.2,084d66f9,1,50758.062635720766,1000
G_dipaxis_s0.2,084d66f9,2,317960.7908104684,1000
G_dipaxis_s0.2,084d66f9,3,153490.55741786517,886
G_dipaxis_s0.1,9efc812e,0,3292.3854391710292,999
G_dipaxis_s0.1,9efc812e,1,1828.1252196023138,1000
G_dipaxis_s0.1,9efc812e,2,10414.094763484698,1000
G_dipaxis_s0.1,9efc812e,3,127210.10214680567,1000
G_dipaxis_s0.1,9efc812e,4,113407.43246535264,451
G_dipaxis_s0.15,9efc812e,0,2956.409757609234,999
G_dipaxis_s0.15,9efc812e,1,2012.5547582168872,1000
G_dipaxis_s0.15,9efc812e,2,13305.816957200943,1000
G_dipaxis_s0.15,9efc812e,3,144288.21672517736,1000
G_dipaxis_s0.15,9efc812e,4,130225.61619191068,451
G_dipaxis_s0.2,9efc812e,0,2642.9876501684967,999
G_dipaxis_s0.2,9efc812e,1,2284.624280820435,1000
G_dipaxis_s0.2,9efc812e,2,16561.770761665437,1000
G_dipaxis_s0.2,9efc812e,3,162498.5017035144,1000
G_dipaxis_s0.2,9efc812e,4,148212.96426046133,451
G_dipaxis_s0.1,95c8427f,0,49489.06974535172,999
G_dipaxis_s0.1,95c8427f,1,133267.87777225883,1000
G_dipaxis_s0.1,95c8427f,2,146885.3038990642,1000
G_dipaxis_s0.1,95c8427f,3,45612.33352642733,1000
G_dipaxis_s0.1,95c8427f,4,67554.2192293248,1000
G_dipaxis_s0.1,95c8427f,5,29110.55194671519,1000
G_dipaxis_s0.1,95c8427f,6,13986.165351858635,336
G_dipaxis_s0.15,95c8427f,0,48391.14279887579,999
G_dipaxis_s0.15,95c8427f,1,131236.22716102476,1000
G_dipaxis_s0.15,95c8427f,2,148880.0108124393,1000
G_dipaxis_s0.15,95c8427f,3,48664.36464858131,1000
G_dipaxis_s0.15,95c8427f,4,71044.38449731976,1000
G_dipaxis_s0.15,95c8427f,5,34537.392232823986,1000
G_dipaxis_s0.15,95c8427f,6,16424.994631745725,336
G_dipaxis_s0.2,95c8427f,0,47307.252874845406,999
G_dipaxis_s0.2,95c8427f,1,129221.9798053501,1000
G_dipaxis_s0.2,95c8427f,2,150895.93410647084,1000
G_dipaxis_s0.2,95c8427f,3,51817.96852975622,1000
G_dipaxis_s0.2,95c8427f,4,74629.26787966787,1000
G_dipaxis_s0.2,95c8427f,5,40477.98351964282,1000
G_dipaxis_s0.2,95c8427f,6,19060.772418030847,336
G_dipaxis_s0.1,a3518960,0,16859.686214395984,999
G_dipaxis_s0.1,a3518960,1,63800.15116036286,1000
G_dipaxis_s0.1,a3518960,2,11726.956319992569,1000
G_dipaxis_s0.1,a3518960,3,43679.652198489544,1000
G_dipaxis_s0.1,a3518960,4,51903.933614118614,968
G_dipaxis_s0.15,a3518960,0,15761.559106109382,999
G_dipaxis_s0.15,a3518960,1,59391.46081705939,1000
G_dipaxis_s0.15,a3518960,2,11241.768987444393,1000
G_dipaxis_s0.15,a3518960,3,41428.272610639106,1000
G_dipaxis_s0.15,a3518960,4,53953.2950463143,968
G_dipaxis_s0.2,a3518960,0,14702.477403515746,999
G_dipaxis_s0.2,a3518960,1,55143.2011818023,1000
G_dipaxis_s0.2,a3518960,2,10801.274217784714,1000
G_dipaxis_s0.2,a3518960,3,39239.08628745831,1000
G_dipaxis_s0.2,a3518960,4,56121.219356922964,968
G_dipaxis_s0.1,ce55ba43,0,19050.693941455087,999
G_dipaxis_s0.1,ce55ba43,1,81767.64333525882,1000
G_dipaxis_s0.1,ce55ba43,2,4877.118920844545,1000
G_dipaxis_s0.1,ce55ba43,3,28111.172765326537,1000
G_dipaxis_s0.1,ce55ba43,4,4018.272004201053,105
G_dipaxis_s0.15,ce55ba43,0,17704.448408966837,999
G_dipaxis_s0.15,ce55ba43,1,76137.8131421511,1000
G_dipaxis_s0.15,ce55ba43,2,4845.5373664093295,1000
G_dipaxis_s0.15,ce55ba43,3,24411.144635347784,1000
G_dipaxis_s0.15,ce55ba43,4,3542.2151608517315,105
G_dipaxis_s0.2,ce55ba43,0,16408.308540093687,999
G_dipaxis_s0.2,ce55ba43,1,70710.32959446784,1000
G_dipaxis_s0.2,ce55ba43,2,5010.2498143354205,1000
G_dipaxis_s0.2,ce55ba43,3,21087.972575041582,1000
G_dipaxis_s0.2,ce55ba43,4,3096.3579779157967,105
G_dipaxis_s0.1,8c167025,0,14887.314712291143,999
G_dipaxis_s0.1,8c167025,1,6672.415654218016,1000
G_dipaxis_s0.1,8c167025,2,12204.253106395368,1000
G_dipaxis_s0.1,8c167025,3,235599.67716100675,1000
G_dipaxis_s0.1,8c167025,4,238653.82534077243,1000
G_dipaxis_s0.1,8c167025,5,24571.969273489605,369
G_dipaxis_s0.15,8c167025,0,11285.144984364555,999
G_dipaxis_s0.15,8c167025,1,6092.29702421369,1000
G_dipaxis_s0.15,8c167025,2,10815.329984697944,1000
G_dipaxis_s0.15,8c167025,3,233230.08774886347,1000
G_dipaxis_s0.15,8c167025,4,257355.7981527355,1000
G_dipaxis_s0.15,8c167025,5,36020.12258746464,369
G_dipaxis_s0.2,8c167025,0,8196.112393374422,999
G_dipaxis_s0.2,8c167025,1,5722.839926045054,1000
G_dipaxis_s0.2,8c167025,2,9601.330118955688,1000
G_dipaxis_s0.2,8c167025,3,230886.54613755172,1000
G_dipaxis_s0.2,8c167025,4,277423.43676097924,1000
G_dipaxis_s0.2,8c167025,5,49694.98570405458,369
G_dipaxis_s0.1,c8d9680c,0,19687.9205384482,999
G_dipaxis_s0.1,c8d9680c,1,199922.17115981603,1000
G_dipaxis_s0.1,c8d9680c,2,312801.948430805,1000
G_dipaxis_s0.1,c8d9680c,3,339638.0982395721,1000
G_dipaxis_s0.1,c8d9680c,4,718038.8816094107,1000
G_dipaxis_s0.1,c8d9680c,5,841679.8479416763,1000
G_dipaxis_s0.1,c8d9680c,6,280486.12003390485,282
G_dipaxis_s0.15,c8d9680c,0,19810.886975028152,999
G_dipaxis_s0.15,c8d9680c,1,198862.28657943697,1000
G_dipaxis_s0.15,c8d9680c,2,309811.3729966053,1000
G_dipaxis_s0.15,c8d9680c,3,338345.7138531953,1000
G_dipaxis_s0.15,c8d9680c,4,720259.976393444,1000
G_dipaxis_s0.15,c8d9680c,5,843038.0458660029,1000
G_dipaxis_s0.15,c8d9680c,6,282379.4404133541,282
G_dipaxis_s0.2,c8d9680c,0,19938.340164050507,999
G_dipaxis_s0.2,c8d9680c,1,197806.88932712047,1000
G_dipaxis_s0.2,c8d9680c,2,306835.36548903666,1000
G_dipaxis_s0.2,c8d9680c,3,337056.94037673256,1000
G_dipaxis_s0.2,c8d9680c,4,722485.1390225462,1000
G_dipaxis_s0.2,c8d9680c,5,844398.5829742722,1000
G_dipaxis_s0.2,c8d9680c,6,284279.19447558874,282
G_dipaxis_s0.1,89969c7a,0,7413.585646792869,999
G_dipaxis_s0.1,89969c7a,1,63638.30087552307,1000
G_dipaxis_s0.1,89969c7a,2,40507.07133674022,1000
G_dipaxis_s0.1,89969c7a,3,124555.15925318215,1000
G_dipaxis_s0.1,89969c7a,4,75828.14518382863,948
G_dipaxis_s0.15,89969c7a,0,6767.185410057346,999
G_dipaxis_s0.15,89969c7a,1,58247.0354524872,1000
G_dipaxis_s0.15,89969c7a,2,36954.63041031046,1000
G_dipaxis_s0.15,89969c7a,3,121227.97251041312,1000
G_dipaxis_s0.15,89969c7a,4,81125.84741250116,948
G_dipaxis_s0.2,89969c7a,0,6151.110833232809,999
G_dipaxis_s0.2,89969c7a,1,53133.27275558781,1000
G_dipaxis_s0.2,89969c7a,2,33577.31955401219,1000
G_dipaxis_s0.2,89969c7a,3,117983.90652141026,1000
G_dipaxis_s0.2,89969c7a,4,88633.32483234789,948
G_dipaxis_s0.1,c9578d27,0,7431.726827188747,999
G_dipaxis_s0.1,c9578d27,1,57509.66994623544,1000
G_dipaxis_s0.1,c9578d27,2,375692.82531867275,1000
G_dipaxis_s0.1,c9578d27,3,141270.36575540891,1000
G_dipaxis_s0.1,c9578d27,4,20889.961971955458,488
G_dipaxis_s0.15,c9578d27,0,6515.446989602139,999
G_dipaxis_s0.15,c9578d27,1,59361.8007647493,1000
G_dipaxis_s0.15,c9578d27,2,389206.59617827286,1000
G_dipaxis_s0.15,c9578d27,3,159129.77976379383,1000
G_dipaxis_s0.15,c9578d27,4,25087.373725530342,488
G_dipaxis_s0.2,c9578d27,0,5687.04268808726,999
G_dipaxis_s0.2,c9578d27,1,61338.03395884601,1000
G_dipaxis_s0.2,c9578d27,2,403094.912416768,1000
G_dipaxis_s0.2,c9578d27,3,178141.47521760882,1000
G_dipaxis_s0.2,c9578d27,4,29742.67102920831,488
G_dipaxis_s0.1,b37fd114,0,9229.973999638749,999
G_dipaxis_s0.1,b37fd114,1,95090.66018207806,1000
G_dipaxis_s0.1,b37fd114,2,47238.25531902437,1000
G_dipaxis_s0.1,b37fd114,3,643969.7909265064,1000
G_dipaxis_s0.1,b37fd114,4,271484.0712129654,1000
G_dipaxis_s0.1,b37fd114,5,462215.5996366868,1000
G_dipaxis_s0.1,b37fd114,6,317590.98480059823,1000
G_dipaxis_s0.1,b37fd114,7,560393.8577758654,1000
G_dipaxis_s0.1,b37fd114,8,45019.769494218795,162
G_dipaxis_s0.15,b37fd114,0,7181.364607475494,999
G_dipaxis_s0.15,b37fd114,1,85369.28990668507,1000
G_dipaxis_s0.15,b37fd114,2,41523.809445985586,1000
G_dipaxis_s0.15,b37fd114,3,564928.6643591654,1000
G_dipaxis_s0.15,b37fd114,4,235295.62597326838,1000
G_dipaxis_s0.15,b37fd114,5,439283.0732322506,1000
G_dipaxis_s0.15,b37fd114,6,325538.25778399454,1000
G_dipaxis_s0.15,b37fd114,7,587411.8182143936,1000
G_dipaxis_s0.15,b37fd114,8,51928.83105158262,162
G_dipaxis_s0.2,b37fd114,0,5403.165421873599,999
G_dipaxis_s0.2,b37fd114,1,76205.48847083397,1000
G_dipaxis_s0.2,b37fd114,2,36192.950050415384,1000
G_dipaxis_s0.2,b37fd114,3,491091.86190318107,1000
G_dipaxis_s0.2,b37fd114,4,201782.9158089754,1000
G_dipaxis_s0.2,b37fd114,5,417059.369759624,1000
G_dipaxis_s0.2,b37fd114,6,333707.9465482495,1000
G_dipaxis_s0.2,b37fd114,7,615166.9573847444,1000
G_dipaxis_s0.2,b37fd114,8,59335.92261787802,162
G_dipaxis_s0.1,2e63d9de,0,3406.1040660269846,999
G_dipaxis_s0.1,2e63d9de,1,28630.465120690937,1000
G_dipaxis_s0.1,2e63d9de,2,105679.29746120481,1000
G_dipaxis_s0.1,2e63d9de,3,324486.5467844995,1000
G_dipaxis_s0.1,2e63d9de,4,226743.34880850778,700
G_dipaxis_s0.15,2e63d9de,0,2775.9850184556685,999
G_dipaxis_s0.15,2e63d9de,1,29163.2293645969,1000
G_dipaxis_s0.15,2e63d9de,2,98951.9289529022,1000
G_dipaxis_s0.15,2e63d9de,3,297174.62904858676,1000
G_dipaxis_s0.15,2e63d9de,4,201511.5591843195,700
G_dipaxis_s0.2,2e63d9de,0,2227.7324935918828,999
G_dipaxis_s0.2,2e63d9de,1,29748.57239999686,1000
G_dipaxis_s0.2,2e63d9de,2,92457.8711340448,1000
G_dipaxis_s0.2,2e63d9de,3,271069.7922708031,1000
G_dipaxis_s0.2,2e63d9de,4,177816.16581183148,700
G_dipaxis_s0.1,4fbe9c06,0,1839.0379881988924,999
G_dipaxis_s0.1,4fbe9c06,1,40923.56781362575,1000
G_dipaxis_s0.1,4fbe9c06,2,102160.41401432904,1000
G_dipaxis_s0.1,4fbe9c06,3,103587.66268405046,1000
G_dipaxis_s0.1,4fbe9c06,4,103285.39128651776,1000
G_dipaxis_s0.1,4fbe9c06,5,72278.5671994589,1000
G_dipaxis_s0.1,4fbe9c06,6,6039.891510129453,288
G_dipaxis_s0.15,4fbe9c06,0,1904.5411800200395,999
G_dipaxis_s0.15,4fbe9c06,1,41195.146046232236,1000
G_dipaxis_s0.15,4fbe9c06,2,100778.8595907288,1000
G_dipaxis_s0.15,4fbe9c06,3,101962.51116801063,1000
G_dipaxis_s0.15,4fbe9c06,4,101393.76039397866,1000
G_dipaxis_s0.15,4fbe9c06,5,72420.47647928481,1000
G_dipaxis_s0.15,4fbe9c06,6,6160.393264760969,288
G_dipaxis_s0.2,4fbe9c06,0,1973.3223576986072,999
G_dipaxis_s0.2,4fbe9c06,1,41468.3857174077,1000
G_dipaxis_s0.2,4fbe9c06,2,99406.96668221532,1000
G_dipaxis_s0.2,4fbe9c06,3,100350.28305766704,1000
G_dipaxis_s0.2,4fbe9c06,4,99519.65977985067,1000
G_dipaxis_s0.2,4fbe9c06,5,72570.60513258426,1000
G_dipaxis_s0.2,4fbe9c06,6,6282.087022230478,288
G_dipaxis_s0.1,5397ceb1,0,99785.27312485667,999
G_dipaxis_s0.1,5397ceb1,1,132269.26624371376,1000
G_dipaxis_s0.1,5397ceb1,2,440780.12515495264,1000
G_dipaxis_s0.1,5397ceb1,3,674725.0987246975,1000
G_dipaxis_s0.1,5397ceb1,4,567365.7280529095,1000
G_dipaxis_s0.1,5397ceb1,5,149314.92480078203,256
G_dipaxis_s0.15,5397ceb1,0,95067.9636499048,999
G_dipaxis_s0.15,5397ceb1,1,132555.15774427928,1000
G_dipaxis_s0.15,5397ceb1,2,443233.5197105607,1000
G_dipaxis_s0.15,5397ceb1,3,682812.2246835622,1000
G_dipaxis_s0.15,5397ceb1,4,589958.1942387274,1000
G_dipaxis_s0.15,5397ceb1,5,153625.2849610303,256
G_dipaxis_s0.2,5397ceb1,0,90482.5294654773,999
G_dipaxis_s0.2,5397ceb1,1,132854.28001456588,1000
G_dipaxis_s0.2,5397ceb1,2,445696.30623002304,1000
G_dipaxis_s0.2,5397ceb1,3,690953.6149362774,1000
G_dipaxis_s0.2,5397ceb1,4,612998.502271947,1000
G_dipaxis_s0.2,5397ceb1,5,157996.99421906134,256
G_dipaxis_s0.1,9dfff011,0,25976.459293879092,999
G_dipaxis_s0.1,9dfff011,1,254533.56364087109,1000
G_dipaxis_s0.1,9dfff011,2,148836.74579492962,1000
G_dipaxis_s0.1,9dfff011,3,90685.69274941186,1000
G_dipaxis_s0.1,9dfff011,4,65342.342784464345,320
G_dipaxis_s0.15,9dfff011,0,28981.435838684763,999
G_dipaxis_s0.15,9dfff011,1,279925.8383095506,1000
G_dipaxis_s0.15,9dfff011,2,171736.69048500212,1000
G_dipaxis_s0.15,9dfff011,3,121767.91905519768,1000
G_dipaxis_s0.15,9dfff011,4,85832.43426141613,320
G_dipaxis_s0.2,9dfff011,0,32210.564706282687,999
G_dipaxis_s0.2,9dfff011,1,306582.3436021915,1000
G_dipaxis_s0.2,9dfff011,2,196692.96453618308,1000
G_dipaxis_s0.2,9dfff011,3,157494.047986943,1000
G_dipaxis_s0.2,9dfff011,4,109114.466113989,320
G_dipaxis_s0.1,9d5e14d4,0,101834.01811049452,999
G_dipaxis_s0.1,9d5e14d4,1,145575.03766154588,1000
G_dipaxis_s0.1,9d5e14d4,2,467104.7099516422,1000
G_dipaxis_s0.1,9d5e14d4,3,1129839.9075222958,1000
G_dipaxis_s0.1,9d5e14d4,4,1063510.4177117099,1000
G_dipaxis_s0.1,9d5e14d4,5,421307.79531784484,401
G_dipaxis_s0.15,9d5e14d4,0,89437.56723413804,999
G_dipaxis_s0.15,9d5e14d4,1,129182.73839274501,1000
G_dipaxis_s0.15,9d5e14d4,2,400484.304566184,1000
G_dipaxis_s0.15,9d5e14d4,3,976499.6148252848,1000
G_dipaxis_s0.15,9d5e14d4,4,897730.9522856348,1000
G_dipaxis_s0.15,9d5e14d4,5,356971.5921104843,401
G_dipaxis_s0.2,9d5e14d4,0,77845.7312033778,999
G_dipaxis_s0.2,9d5e14d4,1,113791.1747242248,1000
G_dipaxis_s0.2,9d5e14d4,2,338994.6666732055,1000
G_dipaxis_s0.2,9d5e14d4,3,834367.4867561602,1000
G_dipaxis_s0.2,9d5e14d4,4,745992.6827382662,1000
G_dipaxis_s0.2,9d5e14d4,5,297963.74985893304,401
G_dipaxis_s0.1,2b034622,0,9509.52812003778,999
G_dipaxis_s0.1,2b034622,1,5892.9252601112385,1000
G_dipaxis_s0.1,2b034622,2,42148.81500522171,1000
G_dipaxis_s0.1,2b034622,3,12207.320752369942,1000
G_dipaxis_s0.1,2b034622,4,5965.042841352917,1000
G_dipaxis_s0.1,2b034622,5,364.2472747912497,204
G_dipaxis_s0.15,2b034622,0,8085.339147371711,999
G_dipaxis_s0.15,2b034622,1,5093.703293046499,1000
G_dipaxis_s0.15,2b034622,2,40230.13147006287,1000
G_dipaxis_s0.15,2b034622,3,11387.782526703199,1000
G_dipaxis_s0.15,2b034622,4,5036.302156106824,1000
G_dipaxis_s0.15,2b034622,5,210.65827955504895,204
G_dipaxis_s0.2,2b034622,0,6778.511239698073,999
G_dipaxis_s0.2,2b034622,1,4362.34654227016,1000
G_dipaxis_s0.2,2b034622,2,38361.12811633771,1000
G_dipaxis_s0.2,2b034622,3,10606.007748753018,1000
G_dipaxis_s0.2,2b034622,4,4235.753927746561,1000
G_dipaxis_s0.2,2b034622,5,98.95502737384892,204
G_dipaxis_s0.1,7a5660b0,0,4586.8240461049245,999
G_dipaxis_s0.1,7a5660b0,1,15104.4097487233,1000
G_dipaxis_s0.1,7a5660b0,2,13273.4282712433,1000
G_dipaxis_s0.1,7a5660b0,3,27974.687864577674,1000
G_dipaxis_s0.1,7a5660b0,4,20783.469477997096,999
G_dipaxis_s0.15,7a5660b0,0,4845.702594327288,999
G_dipaxis_s0.15,7a5660b0,1,17004.346623767673,1000
G_dipaxis_s0.15,7a5660b0,2,13037.088392301437,1000
G_dipaxis_s0.15,7a5660b0,3,23036.794942852783,1000
G_dipaxis_s0.15,7a5660b0,4,16265.192603621095,999
G_dipaxis_s0.2,7a5660b0,0,5112.634284909823,999
G_dipaxis_s0.2,7a5660b0,1,19036.81982531299,1000
G_dipaxis_s0.2,7a5660b0,2,13050.269961128513,1000
G_dipaxis_s0.2,7a5660b0,3,18598.885340777186,1000
G_dipaxis_s0.2,7a5660b0,4,12487.841071683708,999
G_dipaxis_s0.1,15e154a1,0,37407.406965455346,999
G_dipaxis_s0.1,15e154a1,1,48794.560231970994,1000
G_dipaxis_s0.1,15e154a1,2,63514.12216750296,1000
G_dipaxis_s0.1,15e154a1,3,31856.94196759317,1000
G_dipaxis_s0.1,15e154a1,4,21638.194632199087,1000
G_dipaxis_s0.1,15e154a1,5,52442.48630459003,1000
G_dipaxis_s0.1,15e154a1,6,5518.4188682481135,69
G_dipaxis_s0.15,15e154a1,0,37299.46211932416,999
G_dipaxis_s0.15,15e154a1,1,48722.89408773836,1000
G_dipaxis_s0.15,15e154a1,2,63526.25308332997,1000
G_dipaxis_s0.15,15e154a1,3,32033.931009491294,1000
G_dipaxis_s0.15,15e154a1,4,21744.494355161885,1000
G_dipaxis_s0.15,15e154a1,5,52752.1458317196,1000
G_dipaxis_s0.15,15e154a1,6,5567.29145736033,69
G_dipaxis_s0.2,15e154a1,0,37191.69415542875,999
G_dipaxis_s0.2,15e154a1,1,48651.289354561144,1000
G_dipaxis_s0.2,15e154a1,2,63538.483517611705,1000
G_dipaxis_s0.2,15e154a1,3,32211.447289343363,1000
G_dipaxis_s0.2,15e154a1,4,21851.081862034272,1000
G_dipaxis_s0.2,15e154a1,5,53062.79324594451,1000
G_dipaxis_s0.2,15e154a1,6,5616.379966255179,69
G_dipaxis_s0.1,85380836,0,15680.81818116245,999
G_dipaxis_s0.1,85380836,1,35744.22278660252,1000
G_dipaxis_s0.1,85380836,2,2368.591625300849,1000
G_dipaxis_s0.1,85380836,3,8095.054233772125,1000
G_dipaxis_s0.1,85380836,4,5191.537425487569,1000
G_dipaxis_s0.1,85380836,5,14430.526065898122,1000
G_dipaxis_s0.1,85380836,6,16504.10893484969,619
G_dipaxis_s0.15,85380836,0,15562.023349812649,999
G_dipaxis_s0.15,85380836,1,35057.86278934717,1000
G_dipaxis_s0.15,85380836,2,2255.3119812850537,1000
G_dipaxis_s0.15,85380836,3,9380.963530985473,1000
G_dipaxis_s0.15,85380836,4,6388.338245604394,1000
G_dipaxis_s0.15,85380836,5,16485.553181206877,1000
G_dipaxis_s0.15,85380836,6,18099.640901598817,619
G_dipaxis_s0.2,85380836,0,15444.002429699369,999
G_dipaxis_s0.2,85380836,1,34380.91691257665,1000
G_dipaxis_s0.2,85380836,2,2187.570224365719,1000
G_dipaxis_s0.2,85380836,3,10766.07396874104,1000
G_dipaxis_s0.2,85380836,4,7714.0733950432705,1000
G_dipaxis_s0.2,85380836,5,18678.89642153686,1000
G_dipaxis_s0.2,85380836,6,19774.5915222621,619
G_dipaxis_s0.1,521a7819,0,10339.751836945175,999
G_dipaxis_s0.1,521a7819,1,4615.7629680919745,1000
G_dipaxis_s0.1,521a7819,2,7896.145161792065,1000
G_dipaxis_s0.1,521a7819,3,66920.22369168383,1000
G_dipaxis_s0.1,521a7819,4,30989.300970150634,1000
G_dipaxis_s0.1,521a7819,5,1918.5307093263125,201
G_dipaxis_s0.15,521a7819,0,10491.60716817209,999
G_dipaxis_s0.15,521a7819,1,3534.4497859006315,1000
G_dipaxis_s0.15,521a7819,2,9486.110542957515,1000
G_dipaxis_s0.15,521a7819,3,61837.63699308573,1000
G_dipaxis_s0.15,521a7819,4,28966.50451771565,1000
G_dipaxis_s0.15,521a7819,5,2254.3513043595217,201
G_dipaxis_s0.2,521a7819,0,10702.907285229467,999
G_dipaxis_s0.2,521a7819,1,2605.2165429313645,1000
G_dipaxis_s0.2,521a7819,2,11322.09734012969,1000
G_dipaxis_s0.2,521a7819,3,56979.822978283315,1000
G_dipaxis_s0.2,521a7819,4,27127.600722088675,1000
G_dipaxis_s0.2,521a7819,5,2618.149628440339,201
G_dipaxis_s0.1,e2fc7745,0,33743.30641713837,999
G_dipaxis_s0.1,e2fc7745,1,77471.62690451473,1000
G_dipaxis_s0.1,e2fc7745,2,16537.105419504063,1000
G_dipaxis_s0.1,e2fc7745,3,16087.88623648624,693
G_dipaxis_s0.15,e2fc7745,0,33127.1412330224,999
G_dipaxis_s0.15,e2fc7745,1,76481.00370008503,1000
G_dipaxis_s0.15,e2fc7745,2,16807.405069430326,1000
G_dipaxis_s0.15,e2fc7745,3,15588.308017267507,693
G_dipaxis_s0.2,e2fc7745,0,32516.894722358717,999
G_dipaxis_s0.2,e2fc7745,1,75499.14542326983,1000
G_dipaxis_s0.2,e2fc7745,2,17090.466923368946,1000
G_dipaxis_s0.2,e2fc7745,3,15096.905224570959,693
G_dipaxis_s0.1,73348914,0,10156.603448140175,999
G_dipaxis_s0.1,73348914,1,118765.52257429501,1000
G_dipaxis_s0.1,73348914,2,86728.5739053983,1000
G_dipaxis_s0.1,73348914,3,2965.338963174315,1000
G_dipaxis_s0.1,73348914,4,2843.4240426587685,222
G_dipaxis_s0.15,73348914,0,11007.623846927727,999
G_dipaxis_s0.15,73348914,1,136243.54242322643,1000
G_dipaxis_s0.15,73348914,2,102021.45742019176,1000
G_dipaxis_s0.15,73348914,3,5149.221383599756,1000
G_dipaxis_s0.15,73348914,4,3714.5577852830866,222
G_dipaxis_s0.2,73348914,0,12289.055011369028,999
G_dipaxis_s0.2,73348914,1,155057.74165685638,1000
G_dipaxis_s0.2,73348914,2,118640.40845524152,1000
G_dipaxis_s0.2,73348914,3,7973.400197051521,1000
G_dipaxis_s0.2,73348914,4,4711.204396417155,222
G_dipaxis_s0.1,f6824bb0,0,1726.86675955092,999
G_dipaxis_s0.1,f6824bb0,1,37654.94433895044,1000
G_dipaxis_s0.1,f6824bb0,2,14731.175758136531,1000
G_dipaxis_s0.1,f6824bb0,3,17275.034005285852,1000
G_dipaxis_s0.1,f6824bb0,4,5102.414935750073,1000
G_dipaxis_s0.1,f6824bb0,5,233.76340158066532,16
G_dipaxis_s0.15,f6824bb0,0,1773.0719926110621,999
G_dipaxis_s0.15,f6824bb0,1,34684.48158838084,1000
G_dipaxis_s0.15,f6824bb0,2,13048.064879926089,1000
G_dipaxis_s0.15,f6824bb0,3,13460.320256301075,1000
G_dipaxis_s0.15,f6824bb0,4,5553.36850702922,1000
G_dipaxis_s0.15,f6824bb0,5,305.68836024845973,16
G_dipaxis_s0.2,f6824bb0,0,1824.2103168855115,999
G_dipaxis_s0.2,f6824bb0,1,31851.88233214335,1000
G_dipaxis_s0.2,f6824bb0,2,11517.797685243248,1000
G_dipaxis_s0.2,f6824bb0,3,10151.279159536345,1000
G_dipaxis_s0.2,f6824bb0,4,6457.027027268622,1000
G_dipaxis_s0.2,f6824bb0,5,387.24686465194776,16
G_dipaxis_s0.1,b19b0395,0,62786.24427955672,999
G_dipaxis_s0.1,b19b0395,1,144228.00310660442,1000
G_dipaxis_s0.1,b19b0395,2,195848.0596322996,1000
G_dipaxis_s0.1,b19b0395,3,254822.71078075914,1000
G_dipaxis_s0.1,b19b0395,4,264117.33004839555,1000
G_dipaxis_s0.1,b19b0395,5,65096.36369572688,814
G_dipaxis_s0.15,b19b0395,0,60743.02263922006,999
G_dipaxis_s0.15,b19b0395,1,140859.35424096923,1000
G_dipaxis_s0.15,b19b0395,2,187190.61661958348,1000
G_dipaxis_s0.15,b19b0395,3,241389.40810633847,1000
G_dipaxis_s0.15,b19b0395,4,246782.2763434936,1000
G_dipaxis_s0.15,b19b0395,5,57880.250532352424,814
G_dipaxis_s0.2,b19b0395,0,58734.67164621677,999
G_dipaxis_s0.2,b19b0395,1,137532.40221922897,1000
G_dipaxis_s0.2,b19b0395,2,178738.60454078676,1000
G_dipaxis_s0.2,b19b0395,3,228323.2153496513,1000
G_dipaxis_s0.2,b19b0395,4,230038.92567433196,1000
G_dipaxis_s0.2,b19b0395,5,51392.07314593402,814
G_dipaxis_s0.1,aaaf3c03,0,437100.1253064485,999
G_dipaxis_s0.1,aaaf3c03,1,292650.9704166705,1000
G_dipaxis_s0.1,aaaf3c03,2,95660.31519210736,998
G_dipaxis_s0.15,aaaf3c03,0,448998.07620477845,999
G_dipaxis_s0.15,aaaf3c03,1,312070.90353152726,1000
G_dipaxis_s0.15,aaaf3c03,2,104356.09431541974,998
G_dipaxis_s0.2,aaaf3c03,0,461066.27076923853,999
G_dipaxis_s0.2,aaaf3c03,1,332203.5467079872,1000
G_dipaxis_s0.2,aaaf3c03,2,114321.39352907182,998
G_dipaxis_s0.1,125be846,0,18824.470329858632,999
G_dipaxis_s0.1,125be846,1,14101.802826910223,1000
G_dipaxis_s0.1,125be846,2,127729.54075218456,1000
G_dipaxis_s0.1,125be846,3,56786.98696287199,1000
G_dipaxis_s0.1,125be846,4,127128.88565746445,1000
G_dipaxis_s0.1,125be846,5,305797.7616195599,1000
G_dipaxis_s0.1,125be846,6,149676.94866062302,511
G_dipaxis_s0.15,125be846,0,16100.112133446539,999
G_dipaxis_s0.15,125be846,1,11444.498002711696,1000
G_dipaxis_s0.15,125be846,2,110319.63302852899,1000
G_dipaxis_s0.15,125be846,3,47592.49608387269,1000
G_dipaxis_s0.15,125be846,4,108863.0930070583,1000
G_dipaxis_s0.15,125be846,5,284934.2050218087,1000
G_dipaxis_s0.15,125be846,6,145280.77883015535,511
G_dipaxis_s0.2,125be846,0,13593.919507316099,999
G_dipaxis_s0.2,125be846,1,9227.703207614322,1000
G_dipaxis_s0.2,125be846,2,94189.97314945959,1000
G_dipaxis_s0.2,125be846,3,39213.16831214681,1000
G_dipaxis_s0.2,125be846,4,92014.34686931725,1000
G_dipaxis_s0.2,125be846,5,264972.06834295875,1000
G_dipaxis_s0.2,125be846,6,140961.43107667012,511
G_dipaxis_s0.1,2d35f86d,0,39117.21464954863,999
G_dipaxis_s0.1,2d35f86d,1,138553.12014032147,1000
G_dipaxis_s0.1,2d35f86d,2,80015.11419815921,1000
G_dipaxis_s0.1,2d35f86d,3,174466.9664640133,1000
G_dipaxis_s0.1,2d35f86d,4,141285.4588615079,897
G_dipaxis_s0.15,2d35f86d,0,34129.917152341455,999
G_dipaxis_s0.15,2d35f86d,1,121086.60224113654,1000
G_dipaxis_s0.15,2d35f86d,2,81110.30526140211,1000
G_dipaxis_s0.15,2d35f86d,3,202880.74656765137,1000
G_dipaxis_s0.15,2d35f86d,4,178351.4429230353,897
G_dipaxis_s0.2,2d35f86d,0,29484.387203823688,999
G_dipaxis_s0.2,2d35f86d,1,104803.6417563254,1000
G_dipaxis_s0.2,2d35f86d,2,83084.64060036368,1000
G_dipaxis_s0.2,2d35f86d,3,233488.58987188034,1000
G_dipaxis_s0.2,2d35f86d,4,219805.80956026097,897
G_dipaxis_s0.1,54753541,0,33008.35776637311,999
G_dipaxis_s0.1,54753541,1,80640.36958050838,1000
G_dipaxis_s0.1,54753541,2,29322.115344398615,1000
G_dipaxis_s0.1,54753541,3,134058.58332273367,1000
G_dipaxis_s0.1,54753541,4,8531.835288061873,27
G_dipaxis_s0.15,54753541,0,32207.108048461967,999
G_dipaxis_s0.15,54753541,1,77513.56992500661,1000
G_dipaxis_s0.15,54753541,2,27841.7995405947,1000
G_dipaxis_s0.15,54753541,3,135216.90677445996,1000
G_dipaxis_s0.15,54753541,4,8447.2237145009,27
G_dipaxis_s0.2,54753541,0,31416.101099202187,999
G_dipaxis_s0.2,54753541,1,74451.50914772617,1000
G_dipaxis_s0.2,54753541,2,26422.964155623424,1000
G_dipaxis_s0.2,54753541,3,136434.43902547023,1000
G_dipaxis_s0.2,54753541,4,8363.035235951751,27
G_dipaxis_s0.1,9b5b61c1,0,9335.82824408388,999
G_dipaxis_s0.1,9b5b61c1,1,38794.477174383566,1000
G_dipaxis_s0.1,9b5b61c1,2,27336.26346835824,1000
G_dipaxis_s0.1,9b5b61c1,3,34080.31218882053,1000
G_dipaxis_s0.1,9b5b61c1,4,27131.86058736225,1000
G_dipaxis_s0.1,9b5b61c1,5,23658.717624234556,533
G_dipaxis_s0.15,9b5b61c1,0,9685.751260883968,999
G_dipaxis_s0.15,9b5b61c1,1,39261.40712608928,1000
G_dipaxis_s0.15,9b5b61c1,2,28150.579822472093,1000
G_dipaxis_s0.15,9b5b61c1,3,36759.364299246896,1000
G_dipaxis_s0.15,9b5b61c1,4,30318.08717416085,1000
G_dipaxis_s0.15,9b5b61c1,5,24663.836848322073,533
G_dipaxis_s0.2,9b5b61c1,0,10043.45024567143,999
G_dipaxis_s0.2,9b5b61c1,1,39735.137018029476,1000
G_dipaxis_s0.2,9b5b61c1,2,28995.611296215728,1000
G_dipaxis_s0.2,9b5b61c1,3,39545.356386159896,1000
G_dipaxis_s0.2,9b5b61c1,4,33685.351535439906,1000
G_dipaxis_s0.2,9b5b61c1,5,25692.595611450797,533
G_dipaxis_s0.1,1131525f,0,1493.3157180282976,999
G_dipaxis_s0.1,1131525f,1,89901.08518747124,1000
G_dipaxis_s0.1,1131525f,2,56199.05417355796,1000
G_dipaxis_s0.1,1131525f,3,59192.36587747348,1000
G_dipaxis_s0.1,1131525f,4,15351.753707167549,160
G_dipaxis_s0.15,1131525f,0,1510.9227650670896,999
G_dipaxis_s0.15,1131525f,1,90474.25931320006,1000
G_dipaxis_s0.15,1131525f,2,57921.51832397306,1000
G_dipaxis_s0.15,1131525f,3,62984.24804334479,1000
G_dipaxis_s0.15,1131525f,4,16361.85259700735,160
G_dipaxis_s0.2,1131525f,0,1530.3600441867632,999
G_dipaxis_s0.2,1131525f,1,91051.10641193809,1000
G_dipaxis_s0.2,1131525f,2,59686.54836808841,1000
G_dipaxis_s0.2,1131525f,3,66922.70117229818,1000
G_dipaxis_s0.2,1131525f,4,17404.139853731012,160
G_dipaxis_s0.1,45fb3e21,0,766.7494820664774,999
G_dipaxis_s0.1,45fb3e21,1,3034.373434567318,1000
G_dipaxis_s0.1,45fb3e21,2,50951.218270390564,1000
G_dipaxis_s0.1,45fb3e21,3,37907.23099836598,650
G_dipaxis_s0.15,45fb3e21,0,796.3399458727578,999
G_dipaxis_s0.15,45fb3e21,1,2881.341318127823,1000
G_dipaxis_s0.15,45fb3e21,2,48483.3897306342,1000
G_dipaxis_s0.15,45fb3e21,3,36558.64790094532,650
G_dipaxis_s0.2,45fb3e21,0,827.2160249230194,999
G_dipaxis_s0.2,45fb3e21,1,2737.5488256135327,1000
G_dipaxis_s0.2,45fb3e21,2,46078.02889775039,1000
G_dipaxis_s0.2,45fb3e21,3,35239.44808673955,650
G_dipaxis_s0.1,177622d7,0,1681.1406335543668,999
G_dipaxis_s0.1,177622d7,1,21074.11010169898,1000
G_dipaxis_s0.1,177622d7,2,8639.112250246657,1000
G_dipaxis_s0.1,177622d7,3,32.22083870876091,155
G_dipaxis_s0.15,177622d7,0,1576.6763766497309,999
G_dipaxis_s0.15,177622d7,1,20360.43665942355,1000
G_dipaxis_s0.15,177622d7,2,8705.634373863146,1000
G_dipaxis_s0.15,177622d7,3,25.768120306877538,155
G_dipaxis_s0.2,177622d7,0,1475.644401386729,999
G_dipaxis_s0.2,177622d7,1,19659.448486071382,1000
G_dipaxis_s0.2,177622d7,2,8773.856296756661,1000
G_dipaxis_s0.2,177622d7,3,20.599088085769175,155
G_dipaxis_s0.1,8bda1a11,0,5877.632124384778,999
G_dipaxis_s0.1,8bda1a11,1,78751.71704423963,1000
G_dipaxis_s0.1,8bda1a11,2,76659.05745960544,1000
G_dipaxis_s0.1,8bda1a11,3,54845.83258213437,1000
G_dipaxis_s0.1,8bda1a11,4,59661.18792108414,1000
G_dipaxis_s0.1,8bda1a11,5,2977.52461361154,982
G_dipaxis_s0.15,8bda1a11,0,5480.352393059207,999
G_dipaxis_s0.15,8bda1a11,1,74443.2892256523,1000
G_dipaxis_s0.15,8bda1a11,2,72837.72036380174,1000
G_dipaxis_s0.15,8bda1a11,3,53805.836522727746,1000
G_dipaxis_s0.15,8bda1a11,4,61073.0427273814,1000
G_dipaxis_s0.15,8bda1a11,5,3025.7189247070405,982
G_dipaxis_s0.2,8bda1a11,0,5098.8496870441695,999
G_dipaxis_s0.2,8bda1a11,1,70259.53895039998,1000
G_dipaxis_s0.2,8bda1a11,2,69114.28579107554,1000
G_dipaxis_s0.2,8bda1a11,3,52785.06155257504,1000
G_dipaxis_s0.2,8bda1a11,4,62514.9618509717,1000
G_dipaxis_s0.2,8bda1a11,5,3098.4471448372265,982
G_dipaxis_s0.1,516088b7,0,4391.40503004286,999
G_dipaxis_s0.1,516088b7,1,30124.37701917675,1000
G_dipaxis_s0.1,516088b7,2,103819.81398379209,1000
G_dipaxis_s0.1,516088b7,3,24047.564441691593,1000
G_dipaxis_s0.1,516088b7,4,35394.583113333276,1000
G_dipaxis_s0.1,516088b7,5,4270.625493106886,1000
G_dipaxis_s0.1,516088b7,6,15806.144922321622,646
G_dipaxis_s0.15,516088b7,0,4417.791532700757,999
G_dipaxis_s0.15,516088b7,1,32713.386016777058,1000
G_dipaxis_s0.15,516088b7,2,106345.94625383173,1000
G_dipaxis_s0.15,516088b7,3,27237.40311793066,1000
G_dipaxis_s0.15,516088b7,4,38785.65320849675,1000
G_dipaxis_s0.15,516088b7,5,5613.5674651172885,1000
G_dipaxis_s0.15,516088b7,6,19599.938148556463,646
G_dipaxis_s0.2,516088b7,0,4488.064282818105,999
G_dipaxis_s0.2,516088b7,1,35421.94835963782,1000
G_dipaxis_s0.2,516088b7,2,108971.47673631278,1000
G_dipaxis_s0.2,516088b7,3,30901.6623666578,1000
G_dipaxis_s0.2,516088b7,4,42473.39990059318,1000
G_dipaxis_s0.2,516088b7,5,8107.942059608302,1000
G_dipaxis_s0.2,516088b7,6,23812.24473487819,646
G_dipaxis_s0.1,65156b96,0,15881.715512000845,999
G_dipaxis_s0.1,65156b96,1,13559.282457976904,1000
G_dipaxis_s0.1,65156b96,2,18266.825563869097,1000
G_dipaxis_s0.1,65156b96,3,14459.597597865146,222
G_dipaxis_s0.15,65156b96,0,19340.933475963386,999
G_dipaxis_s0.15,65156b96,1,23029.52092734528,1000
G_dipaxis_s0.15,65156b96,2,33640.30050261669,1000
G_dipaxis_s0.15,65156b96,3,6981.036389626476,222
G_dipaxis_s0.2,65156b96,0,23158.067205353327,999
G_dipaxis_s0.2,65156b96,1,35329.72990904717,1000
G_dipaxis_s0.2,65156b96,2,56142.01193451474,1000
G_dipaxis_s0.2,65156b96,3,2547.256687305438,222
G_dipaxis_s0.1,96b7eea1,0,48399.417327822055,999
G_dipaxis_s0.1,96b7eea1,1,54407.12183596722,1000
G_dipaxis_s0.1,96b7eea1,2,57207.870101835455,1000
G_dipaxis_s0.1,96b7eea1,3,178461.69483597513,1000
G_dipaxis_s0.1,96b7eea1,4,161940.70668814532,333
G_dipaxis_s0.15,96b7eea1,0,47364.66044941334,999
G_dipaxis_s0.15,96b7eea1,1,54264.26869477016,1000
G_dipaxis_s0.15,96b7eea1,2,59197.57114260005,1000
G_dipaxis_s0.15,96b7eea1,3,185120.93781062897,1000
G_dipaxis_s0.15,96b7eea1,4,168587.38463497104,333
G_dipaxis_s0.2,96b7eea1,0,46341.80750659371,999
G_dipaxis_s0.2,96b7eea1,1,54123.70205905162,1000
G_dipaxis_s0.2,96b7eea1,2,61224.75079071927,1000
G_dipaxis_s0.2,96b7eea1,3,191902.69688165848,1000
G_dipaxis_s0.2,96b7eea1,4,175367.79651616953,333
G_dipaxis_s0.1,2d179ded,0,51228.651712138075,999
G_dipaxis_s0.1,2d179ded,1,109692.29644711693,1000
G_dipaxis_s0.1,2d179ded,2,18953.13428979711,1000
G_dipaxis_s0.1,2d179ded,3,8546.721388055075,1000
G_dipaxis_s0.1,2d179ded,4,23608.37012160503,1000
G_dipaxis_s0.1,2d179ded,5,20727.594328223335,1000
G_dipaxis_s0.1,2d179ded,6,30164.300847877523,1000
G_dipaxis_s0.1,2d179ded,7,14.376444141352419,9
G_dipaxis_s0.15,2d179ded,0,53106.29994247736,999
G_dipaxis_s0.15,2d179ded,1,116571.6844555494,1000
G_dipaxis_s0.15,2d179ded,2,21479.916175140603,1000
G_dipaxis_s0.15,2d179ded,3,5450.361683579687,1000
G_dipaxis_s0.15,2d179ded,4,16799.857162600714,1000
G_dipaxis_s0.15,2d179ded,5,29702.708852737425,1000
G_dipaxis_s0.15,2d179ded,6,46108.348545032604,1000
G_dipaxis_s0.15,2d179ded,7,1.463415668432805,9
G_dipaxis_s0.2,2d179ded,0,55022.264080870125,999
G_dipaxis_s0.2,2d179ded,1,123666.80434852863,1000
G_dipaxis_s0.2,2d179ded,2,24275.64420989006,1000
G_dipaxis_s0.2,2d179ded,3,3093.0008706261024,1000
G_dipaxis_s0.2,2d179ded,4,11418.98911496965,1000
G_dipaxis_s0.2,2d179ded,5,40720.87279346679,1000
G_dipaxis_s0.2,2d179ded,6,65781.5931742108,1000
G_dipaxis_s0.2,2d179ded,7,37.25917254922017,9
G_dipaxis_s0.1,f140c2fa,0,5815.908599312691,999
G_dipaxis_s0.1,f140c2fa,1,34619.724933403246,1000
G_dipaxis_s0.1,f140c2fa,2,16292.676758362082,1000
G_dipaxis_s0.1,f140c2fa,3,54745.46214765381,1000
G_dipaxis_s0.1,f140c2fa,4,5026.3195643190475,83
G_dipaxis_s0.15,f140c2fa,0,5100.980157398513,999
G_dipaxis_s0.15,f140c2fa,1,32188.403578204485,1000
G_dipaxis_s0.15,f140c2fa,2,15104.645343939852,1000
G_dipaxis_s0.15,f140c2fa,3,51562.41489018514,1000
G_dipaxis_s0.15,f140c2fa,4,4684.736483629461,83
G_dipaxis_s0.2,f140c2fa,0,4438.362391649976,999
G_dipaxis_s0.2,f140c2fa,1,29847.5428587316,1000
G_dipaxis_s0.2,f140c2fa,2,13962.809249242871,1000
G_dipaxis_s0.2,f140c2fa,3,48475.36048170629,1000
G_dipaxis_s0.2,f140c2fa,4,4355.302050840601,83
G_dipaxis_s0.1,2e29e833,0,6910.73606928584,999
G_dipaxis_s0.1,2e29e833,1,66824.2239237994,1000
G_dipaxis_s0.1,2e29e833,2,210216.99289344222,1000
G_dipaxis_s0.1,2e29e833,3,64414.85311103464,1000
G_dipaxis_s0.1,2e29e833,4,39735.62473850834,1000
G_dipaxis_s0.1,2e29e833,5,82610.49540802099,429
G_dipaxis_s0.15,2e29e833,0,7383.511793230636,999
G_dipaxis_s0.15,2e29e833,1,74309.05197822154,1000
G_dipaxis_s0.15,2e29e833,2,232160.43106459512,1000
G_dipaxis_s0.15,2e29e833,3,81907.92333907963,1000
G_dipaxis_s0.15,2e29e833,4,54249.90453234446,1000
G_dipaxis_s0.15,2e29e833,5,98016.90963421174,429
G_dipaxis_s0.2,2e29e833,0,7890.681784565384,999
G_dipaxis_s0.2,2e29e833,1,82203.6428186313,1000
G_dipaxis_s0.2,2e29e833,2,255216.86916101605,1000
G_dipaxis_s0.2,2e29e833,3,101838.30565944519,1000
G_dipaxis_s0.2,2e29e833,4,71578.56595307092,1000
G_dipaxis_s0.2,2e29e833,5,114771.01145460829,429
G_dipaxis_s0.1,2ab29395,0,2590.785764028083,999
G_dipaxis_s0.1,2ab29395,1,5207.375629338119,853
G_dipaxis_s0.15,2ab29395,0,2803.8875380547843,999
G_dipaxis_s0.15,2ab29395,1,6026.344323670643,853
G_dipaxis_s0.2,2ab29395,0,3032.1243847625637,999
G_dipaxis_s0.2,2ab29395,1,6911.273637164675,853
G_dipaxis_s0.1,1295a25b,0,28362.56499107985,999
G_dipaxis_s0.1,1295a25b,1,77574.28240635725,1000
G_dipaxis_s0.1,1295a25b,2,147938.30891959078,1000
G_dipaxis_s0.1,1295a25b,3,96638.97589780616,1000
G_dipaxis_s0.1,1295a25b,4,55262.23595289481,1000
G_dipaxis_s0.1,1295a25b,5,11344.550981662556,552
G_dipaxis_s0.15,1295a25b,0,28226.476233978934,999
G_dipaxis_s0.15,1295a25b,1,76643.49574164773,1000
G_dipaxis_s0.15,1295a25b,2,151157.53393927374,1000
G_dipaxis_s0.15,1295a25b,3,101741.24001915593,1000
G_dipaxis_s0.15,1295a25b,4,57818.85779366016,1000
G_dipaxis_s0.15,1295a25b,5,11379.347652960094,552
G_dipaxis_s0.2,1295a25b,0,28091.767279022748,999
G_dipaxis_s0.2,1295a25b,1,75730.22067076889,1000
G_dipaxis_s0.2,1295a25b,2,154421.73301259807,1000
G_dipaxis_s0.2,1295a25b,3,107048.66810459265,1000
G_dipaxis_s0.2,1295a25b,4,60582.039834274474,1000
G_dipaxis_s0.2,1295a25b,5,11421.259306168455,552
G_dipaxis_s0.1,d60430e6,0,9068.812839089289,999
G_dipaxis_s0.1,d60430e6,1,8731.44642615217,1000
G_dipaxis_s0.1,d60430e6,2,1013.0442767519704,512
G_dipaxis_s0.15,d60430e6,0,8880.746756524253,999
G_dipaxis_s0.15,d60430e6,1,9708.645818852126,1000
G_dipaxis_s0.15,d60430e6,2,1136.8935678582732,512
G_dipaxis_s0.2,d60430e6,0,8795.41400129225,999
G_dipaxis_s0.2,d60430e6,1,10750.209886735463,1000
G_dipaxis_s0.2,d60430e6,2,1269.9275535283034,512
G_dipaxis_s0.1,3df4b19e,0,12530.8713838577,999
G_dipaxis_s0.1,3df4b19e,1,28595.98227190238,1000
G_dipaxis_s0.1,3df4b19e,2,6863.492771795963,1000
G_dipaxis_s0.1,3df4b19e,3,5570.548198398365,1000
G_dipaxis_s0.1,3df4b19e,4,4964.17260097207,989
G_dipaxis_s0.15,3df4b19e,0,12697.865373243732,999
G_dipaxis_s0.15,3df4b19e,1,26735.41827589109,1000
G_dipaxis_s0.15,3df4b19e,2,5000.0017035278015,1000
G_dipaxis_s0.15,3df4b19e,3,4467.144355229978,1000
G_dipaxis_s0.15,3df4b19e,4,4613.343095681787,989
G_dipaxis_s0.2,3df4b19e,0,12866.525036586336,999
G_dipaxis_s0.2,3df4b19e,1,24981.055570949535,1000
G_dipaxis_s0.2,3df4b19e,2,3458.962773372577,1000
G_dipaxis_s0.2,3df4b19e,3,3504.8245192662407,1000
G_dipaxis_s0.2,3df4b19e,4,4287.413368361226,989
G_dipaxis_s0.1,14ad5efb,0,38315.21973918069,999
G_dipaxis_s0.1,14ad5efb,1,69924.71305565974,1000
G_dipaxis_s0.1,14ad5efb,2,11790.683448005431,1000
G_dipaxis_s0.1,14ad5efb,3,2477.9385807116814,1000
G_dipaxis_s0.1,14ad5efb,4,2495.7744488271833,1000
G_dipaxis_s0.1,14ad5efb,5,4939.814255776818,843
G_dipaxis_s0.15,14ad5efb,0,38845.69034519932,999
G_dipaxis_s0.15,14ad5efb,1,83304.43991600664,1000
G_dipaxis_s0.15,14ad5efb,2,25555.80288429343,1000
G_dipaxis_s0.15,14ad5efb,3,1871.837937340538,1000
G_dipaxis_s0.15,14ad5efb,4,1905.3418478318297,1000
G_dipaxis_s0.15,14ad5efb,5,20690.103767687753,843
G_dipaxis_s0.2,14ad5efb,0,39403.54838033503,999
G_dipaxis_s0.2,14ad5efb,1,98299.83533414436,1000
G_dipaxis_s0.2,14ad5efb,2,44903.35465027007,1000
G_dipaxis_s0.2,14ad5efb,3,12040.742277701673,1000
G_dipaxis_s0.2,14ad5efb,4,17226.88962764197,1000
G_dipaxis_s0.2,14ad5efb,5,53426.321387804535,843
G_dipaxis_s0.1,b4d8dd4f,0,8522.54032703713,999
G_dipaxis_s0.1,b4d8dd4f,1,10389.784569854404,1000
G_dipaxis_s0.1,b4d8dd4f,2,3931.807792482766,1000
G_dipaxis_s0.1,b4d8dd4f,3,798185.8572953582,1000
G_dipaxis_s0.1,b4d8dd4f,4,612283.0494409391,260
G_dipaxis_s0.15,b4d8dd4f,0,7845.141197245475,999
G_dipaxis_s0.15,b4d8dd4f,1,9494.412912764392,1000
G_dipaxis_s0.15,b4d8dd4f,2,3868.836360532005,1000
G_dipaxis_s0.15,b4d8dd4f,3,775055.769972594,1000
G_dipaxis_s0.15,b4d8dd4f,4,600122.6735652661,260
G_dipaxis_s0.2,b4d8dd4f,0,7196.795710784605,999
G_dipaxis_s0.2,b4d8dd4f,1,8644.264562210064,1000
G_dipaxis_s0.2,b4d8dd4f,2,3806.842277815827,1000
G_dipaxis_s0.2,b4d8dd4f,3,752282.9133353438,1000
G_dipaxis_s0.2,b4d8dd4f,4,588084.8495301465,260
G_dipaxis_s0.1,6a0ff78e,0,110319.37533455834,999
G_dipaxis_s0.1,6a0ff78e,1,75868.79780457883,1000
G_dipaxis_s0.1,6a0ff78e,2,35262.95991814846,1000
G_dipaxis_s0.1,6a0ff78e,3,8064.984504496993,1000
G_dipaxis_s0.1,6a0ff78e,4,3360.589680281715,1000
G_dipaxis_s0.1,6a0ff78e,5,2385.473430268462,1000
G_dipaxis_s0.1,6a0ff78e,6,1309.821865134847,466
G_dipaxis_s0.15,6a0ff78e,0,109268.60066488838,999
G_dipaxis_s0.15,6a0ff78e,1,77652.85789610307,1000
G_dipaxis_s0.15,6a0ff78e,2,37404.0664699041,1000
G_dipaxis_s0.15,6a0ff78e,3,8873.055244146874,1000
G_dipaxis_s0.15,6a0ff78e,4,3773.827640346039,1000
G_dipaxis_s0.15,6a0ff78e,5,3152.6882756993737,1000
G_dipaxis_s0.15,6a0ff78e,6,1181.409252731391,466
G_dipaxis_s0.2,6a0ff78e,0,108223.09722468763,999
G_dipaxis_s0.2,6a0ff78e,1,79476.79863828723,1000
G_dipaxis_s0.2,6a0ff78e,2,39613.65910372156,1000
G_dipaxis_s0.2,6a0ff78e,3,9722.874110151692,1000
G_dipaxis_s0.2,6a0ff78e,4,4220.789221023761,1000
G_dipaxis_s0.2,6a0ff78e,5,4070.05871205253,1000
G_dipaxis_s0.2,6a0ff78e,6,1134.7943242092047,466
G_dipaxis_s0.1,be063506,0,44098.26293518502,999
G_dipaxis_s0.1,be063506,1,32702.573390031794,1000
G_dipaxis_s0.1,be063506,2,46828.33665434942,1000
G_dipaxis_s0.1,be063506,3,61730.129673735515,1000
G_dipaxis_s0.1,be063506,4,16964.65606022936,501
G_dipaxis_s0.15,be063506,0,40536.37714794591,999
G_dipaxis_s0.15,be063506,1,25641.226651691028,1000
G_dipaxis_s0.15,be063506,2,30935.72855516311,1000
G_dipaxis_s0.15,be063506,3,39905.86679272245,1000
G_dipaxis_s0.15,be063506,4,11456.004263138788,501
G_dipaxis_s0.2,be063506,0,37142.15033740143,999
G_dipaxis_s0.2,be063506,1,19529.026492190478,1000
G_dipaxis_s0.2,be063506,2,18549.114399777438,1000
G_dipaxis_s0.2,be063506,3,23072.329294306986,1000
G_dipaxis_s0.2,be063506,4,7042.248995231017,501
G_dipaxis_s0.1,87aa3730,0,13304.804270065077,999
G_dipaxis_s0.1,87aa3730,1,25385.607159667838,1000
G_dipaxis_s0.1,87aa3730,2,59589.380619962736,1000
G_dipaxis_s0.1,87aa3730,3,403803.93967669195,1000
G_dipaxis_s0.1,87aa3730,4,302096.4734618662,1000
G_dipaxis_s0.1,87aa3730,5,160286.8566426977,608
G_dipaxis_s0.15,87aa3730,0,12775.605862236665,999
G_dipaxis_s0.15,87aa3730,1,24741.870448056456,1000
G_dipaxis_s0.15,87aa3730,2,57464.73478908091,1000
G_dipaxis_s0.15,87aa3730,3,404876.1707768356,1000
G_dipaxis_s0.15,87aa3730,4,311493.56963975256,1000
G_dipaxis_s0.15,87aa3730,5,166428.37364151696,608
G_dipaxis_s0.2,87aa3730,0,12257.729551686265,999
G_dipaxis_s0.2,87aa3730,1,24107.310568257617,1000
G_dipaxis_s0.2,87aa3730,2,55382.64460437225,1000
G_dipaxis_s0.2,87aa3730,3,405960.17255503015,1000
G_dipaxis_s0.2,87aa3730,4,321046.46947485727,1000
G_dipaxis_s0.2,87aa3730,5,172686.3669098151,608
G_dipaxis_s0.1,75c20ec7,0,18968.68512123545,999
G_dipaxis_s0.1,75c20ec7,1,152571.07410771574,1000
G_dipaxis_s0.1,75c20ec7,2,112389.03460410416,1000
G_dipaxis_s0.1,75c20ec7,3,259140.6337408135,1000
G_dipaxis_s0.1,75c20ec7,4,16709.158293370194,1000
G_dipaxis_s0.1,75c20ec7,5,24538.72661499553,362
G_dipaxis_s0.15,75c20ec7,0,17170.78173025993,999
G_dipaxis_s0.15,75c20ec7,1,147317.80970293554,1000
G_dipaxis_s0.15,75c20ec7,2,112835.49087546549,1000
G_dipaxis_s0.15,75c20ec7,3,255182.36320493167,1000
G_dipaxis_s0.15,75c20ec7,4,15368.003334225505,1000
G_dipaxis_s0.15,75c20ec7,5,23075.413735651066,362
G_dipaxis_s0.2,75c20ec7,0,15505.020675201307,999
G_dipaxis_s0.2,75c20ec7,1,142169.92932645194,1000
G_dipaxis_s0.2,75c20ec7,2,113320.56930832719,1000
G_dipaxis_s0.2,75c20ec7,3,251259.0269431351,1000
G_dipaxis_s0.2,75c20ec7,4,14093.348118446815,1000
G_dipaxis_s0.2,75c20ec7,5,21660.883719543464,362
G_dipaxis_s0.1,367456ce,0,4746.372034029069,999
G_dipaxis_s0.1,367456ce,1,3830.441852329826,1000
G_dipaxis_s0.1,367456ce,2,4722.272384506676,1000
G_dipaxis_s0.1,367456ce,3,19443.30279924132,1000
G_dipaxis_s0.1,367456ce,4,21976.466782541687,1000
G_dipaxis_s0.1,367456ce,5,871.0226245526374,570
G_dipaxis_s0.15,367456ce,0,4418.896958048639,999
G_dipaxis_s0.15,367456ce,1,4058.0161760222495,1000
G_dipaxis_s0.15,367456ce,2,3809.035402903201,1000
G_dipaxis_s0.15,367456ce,3,16969.983981014877,1000
G_dipaxis_s0.15,367456ce,4,22239.723191725065,1000
G_dipaxis_s0.15,367456ce,5,375.2144909814175,570
G_dipaxis_s0.2,367456ce,0,4143.388507789257,999
G_dipaxis_s0.2,367456ce,1,4298.044681823424,1000
G_dipaxis_s0.2,367456ce,2,3029.5544810538345,1000
G_dipaxis_s0.2,367456ce,3,14759.191496494313,1000
G_dipaxis_s0.2,367456ce,4,22780.25119325216,1000
G_dipaxis_s0.2,367456ce,5,253.21445651153127,570
G_dipaxis_s0.1,b0f53bf4,0,10402.696818828637,999
G_dipaxis_s0.1,b0f53bf4,1,34869.46729126268,1000
G_dipaxis_s0.1,b0f53bf4,2,94032.3246648738,756
G_dipaxis_s0.15,b0f53bf4,0,10623.86624317035,999
G_dipaxis_s0.15,b0f53bf4,1,32860.7175789134,1000
G_dipaxis_s0.15,b0f53bf4,2,93530.5428707686,756
G_dipaxis_s0.2,b0f53bf4,0,10852.975618460943,999
G_dipaxis_s0.2,b0f53bf4,1,30913.545373450776,1000
G_dipaxis_s0.2,b0f53bf4,2,93034.4603981714,756
G_dipaxis_s0.1,ef8e3ed0,0,69041.60355077985,999
G_dipaxis_s0.1,ef8e3ed0,1,126674.44741379753,1000
G_dipaxis_s0.1,ef8e3ed0,2,29510.71829591707,1000
G_dipaxis_s0.1,ef8e3ed0,3,141718.2660309011,1000
G_dipaxis_s0.1,ef8e3ed0,4,143182.03967967685,1000
G_dipaxis_s0.1,ef8e3ed0,5,11348.691704732086,225
G_dipaxis_s0.15,ef8e3ed0,0,67290.37014809807,999
G_dipaxis_s0.15,ef8e3ed0,1,124949.73025455563,1000
G_dipaxis_s0.15,ef8e3ed0,2,28579.909287079186,1000
G_dipaxis_s0.15,ef8e3ed0,3,145992.80896640779,1000
G_dipaxis_s0.15,ef8e3ed0,4,147573.99551745027,1000
G_dipaxis_s0.15,ef8e3ed0,5,11915.499055592712,225
G_dipaxis_s0.2,ef8e3ed0,0,65575.71530422951,999
G_dipaxis_s0.2,ef8e3ed0,1,123248.7110302882,1000
G_dipaxis_s0.2,ef8e3ed0,2,27712.029723560077,1000
G_dipaxis_s0.2,ef8e3ed0,3,150344.45863805743,1000
G_dipaxis_s0.2,ef8e3ed0,4,152035.16195557587,1000
G_dipaxis_s0.2,ef8e3ed0,5,12496.179008489507,225
G_dipaxis_s0.1,d6dd7330,0,11072.273855209101,999
G_dipaxis_s0.1,d6dd7330,1,7002.339103166665,1000
G_dipaxis_s0.1,d6dd7330,2,41978.38812708006,1000
G_dipaxis_s0.1,d6dd7330,3,48129.32423823388,1000
G_dipaxis_s0.1,d6dd7330,4,117573.76554973643,1000
G_dipaxis_s0.1,d6dd7330,5,7943.3776091882555,1000
G_dipaxis_s0.1,d6dd7330,6,1690.8418450574484,194
G_dipaxis_s0.15,d6dd7330,0,10773.716831649977,999
G_dipaxis_s0.15,d6dd7330,1,6944.336041620836,1000
G_dipaxis_s0.15,d6dd7330,2,39650.49725569381,1000
G_dipaxis_s0.15,d6dd7330,3,44680.46530361778,1000
G_dipaxis_s0.15,d6dd7330,4,110339.85839038048,1000
G_dipaxis_s0.15,d6dd7330,5,6038.338953260951,1000
G_dipaxis_s0.15,d6dd7330,6,1258.1451106312393,194
G_dipaxis_s0.2,d6dd7330,0,10482.733972796741,999
G_dipaxis_s0.2,d6dd7330,1,6907.863594826467,1000
G_dipaxis_s0.2,d6dd7330,2,37403.20079436187,1000
G_dipaxis_s0.2,d6dd7330,3,41368.07557714877,1000
G_dipaxis_s0.2,d6dd7330,4,103357.27074672138,1000
G_dipaxis_s0.2,d6dd7330,5,4416.159094100973,1000
G_dipaxis_s0.2,d6dd7330,6,889.3369072036733,194
G_dipaxis_s0.1,69e41fa6,0,7461.962552766304,999
G_dipaxis_s0.1,69e41fa6,1,80941.50346603365,1000
G_dipaxis_s0.1,69e41fa6,2,23980.24716357704,1000
G_dipaxis_s0.1,69e41fa6,3,20121.565418488484,1000
G_dipaxis_s0.1,69e41fa6,4,3492.2675810458973,1000
G_dipaxis_s0.1,69e41fa6,5,51979.966016450024,773
G_dipaxis_s0.15,69e41fa6,0,7898.072246763998,999
G_dipaxis_s0.15,69e41fa6,1,83660.03744934131,1000
G_dipaxis_s0.15,69e41fa6,2,25268.86882231663,1000
G_dipaxis_s0.15,69e41fa6,3,19018.980266930914,1000
G_dipaxis_s0.15,69e41fa6,4,2715.4295735199544,1000
G_dipaxis_s0.15,69e41fa6,5,56572.98489715475,773
G_dipaxis_s0.2,69e41fa6,0,8347.701082732458,999
G_dipaxis_s0.2,69e41fa6,1,86429.12102855415,1000
G_dipaxis_s0.2,69e41fa6,2,26657.162533197883,1000
G_dipaxis_s0.2,69e41fa6,3,17952.513078956123,1000
G_dipaxis_s0.2,69e41fa6,4,2064.417220411181,1000
G_dipaxis_s0.2,69e41fa6,5,61447.96508925357,773
G_dipaxis_s0.1,bd6f0e19,0,13616.10039857345,999
G_dipaxis_s0.1,bd6f0e19,1,43805.802604912715,1000
G_dipaxis_s0.1,bd6f0e19,2,54155.4185369653,1000
G_dipaxis_s0.1,bd6f0e19,3,69613.86985835312,1000
G_dipaxis_s0.1,bd6f0e19,4,63936.58829479115,1000
G_dipaxis_s0.1,bd6f0e19,5,7037.1253592539415,141
G_dipaxis_s0.15,bd6f0e19,0,15721.71911637461,999
G_dipaxis_s0.15,bd6f0e19,1,48144.97977616048,1000
G_dipaxis_s0.15,bd6f0e19,2,53843.28638738534,1000
G_dipaxis_s0.15,bd6f0e19,3,66936.24910325592,1000
G_dipaxis_s0.15,bd6f0e19,4,63702.829407746656,1000
G_dipaxis_s0.15,bd6f0e19,5,7042.195276518702,141
G_dipaxis_s0.2,bd6f0e19,0,17988.569393948776,999
G_dipaxis_s0.2,bd6f0e19,1,52728.53494942061,1000
G_dipaxis_s0.2,bd6f0e19,2,53588.02176083325,1000
G_dipaxis_s0.2,bd6f0e19,3,64336.82279178289,1000
G_dipaxis_s0.2,bd6f0e19,4,63470.77317556107,1000
G_dipaxis_s0.2,bd6f0e19,5,7047.301998936999,141
G_dipaxis_s0.1,512943b2,0,207.83905413191445,999
G_dipaxis_s0.1,512943b2,1,6754.2158971243425,1000
G_dipaxis_s0.1,512943b2,2,40284.27624581132,1000
G_dipaxis_s0.1,512943b2,3,20897.935772529152,1000
G_dipaxis_s0.1,512943b2,4,37141.64967702356,1000
G_dipaxis_s0.1,512943b2,5,1134.9661248109353,30
G_dipaxis_s0.15,512943b2,0,256.36244319630936,999
G_dipaxis_s0.15,512943b2,1,7741.833931873403,1000
G_dipaxis_s0.15,512943b2,2,44400.32654296526,1000
G_dipaxis_s0.15,512943b2,3,20913.467075073542,1000
G_dipaxis_s0.15,512943b2,4,37910.730766462715,1000
G_dipaxis_s0.15,512943b2,5,1116.9961725778778,30
G_dipaxis_s0.2,512943b2,0,316.56586592224954,999
G_dipaxis_s0.2,512943b2,1,8804.82349397823,1000
G_dipaxis_s0.2,512943b2,2,48718.026801578526,1000
G_dipaxis_s0.2,512943b2,3,20961.988886098818,1000
G_dipaxis_s0.2,512943b2,4,38697.08972952974,1000
G_dipaxis_s0.2,512943b2,5,1099.169670074307,30
G_dipaxis_s0.1,389ae58f,0,738558.4384982288,999
G_dipaxis_s0.1,389ae58f,1,1783094.605891028,1000
G_dipaxis_s0.1,389ae58f,2,1949254.021817465,1000
G_dipaxis_s0.1,389ae58f,3,2135027.3772568204,1000
G_dipaxis_s0.1,389ae58f,4,2819419.952248768,1000
G_dipaxis_s0.1,389ae58f,5,3689305.851156809,1000
G_dipaxis_s0.1,389ae58f,6,1239301.5122735368,464
G_dipaxis_s0.15,389ae58f,0,741207.366230458,999
G_dipaxis_s0.15,389ae58f,1,1782233.5991628945,1000
G_dipaxis_s0.15,389ae58f,2,1974013.1690058664,1000
G_dipaxis_s0.15,389ae58f,3,2202810.1242506076,1000
G_dipaxis_s0.15,389ae58f,4,2904749.7407833072,1000
G_dipaxis_s0.15,389ae58f,5,3809171.5046721725,1000
G_dipaxis_s0.15,389ae58f,6,1308037.4195229243,464
G_dipaxis_s0.2,389ae58f,0,743875.0206847818,999
G_dipaxis_s0.2,389ae58f,1,1781413.48503011,1000
G_dipaxis_s0.2,389ae58f,2,1999019.7870986736,1000
G_dipaxis_s0.2,389ae58f,3,2271675.1919003595,1000
G_dipaxis_s0.2,389ae58f,4,2991376.4330005418,1000
G_dipaxis_s0.2,389ae58f,5,3931076.557020773,1000
G_dipaxis_s0.2,389ae58f,6,1378691.2230310235,464
G_dipaxis_s0.1,d41beaf2,0,393.0118509112727,999
G_dipaxis_s0.1,d41beaf2,1,21864.518778588063,1000
G_dipaxis_s0.1,d41beaf2,2,34526.05067582993,1000
G_dipaxis_s0.1,d41beaf2,3,12820.489530645827,1000
G_dipaxis_s0.1,d41beaf2,4,766.6650558031164,754
G_dipaxis_s0.15,d41beaf2,0,338.4722412419642,999
G_dipaxis_s0.15,d41beaf2,1,20522.39035833251,1000
G_dipaxis_s0.15,d41beaf2,2,32438.6120251412,1000
G_dipaxis_s0.15,d41beaf2,3,11782.010862323767,1000
G_dipaxis_s0.15,d41beaf2,4,688.6676404785096,754
G_dipaxis_s0.2,d41beaf2,0,288.52079320526985,999
G_dipaxis_s0.2,d41beaf2,1,19226.41927920184,1000
G_dipaxis_s0.2,d41beaf2,2,30425.064126059042,1000
G_dipaxis_s0.2,d41beaf2,3,10794.51271672992,1000
G_dipaxis_s0.2,d41beaf2,4,691.479104195323,754
G_dipaxis_s0.1,2f8e53c3,0,4372.747298000602,999
G_dipaxis_s0.1,2f8e53c3,1,8843.751018778248,1000
G_dipaxis_s0.1,2f8e53c3,2,416.7649220319843,595
G_dipaxis_s0.15,2f8e53c3,0,4407.448622233624,999
G_dipaxis_s0.15,2f8e53c3,1,8932.9878055874,1000
G_dipaxis_s0.15,2f8e53c3,2,442.89269027813054,595
G_dipaxis_s0.2,2f8e53c3,0,4442.308368009948,999
G_dipaxis_s0.2,2f8e53c3,1,9022.686998398949,1000
G_dipaxis_s0.2,2f8e53c3,2,469.9162804004827,595
G_dipaxis_s0.1,e6c55748,0,2348.196533179044,999
G_dipaxis_s0.1,e6c55748,1,16086.694399853226,1000
G_dipaxis_s0.1,e6c55748,2,50153.043968430175,1000
G_dipaxis_s0.1,e6c55748,3,53285.094436541076,1000
G_dipaxis_s0.1,e6c55748,4,22826.87726870435,473
G_dipaxis_s0.15,e6c55748,0,2219.5609458934528,999
G_dipaxis_s0.15,e6c55748,1,14187.840868818486,1000
G_dipaxis_s0.15,e6c55748,2,53139.555906014015,1000
G_dipaxis_s0.15,e6c55748,3,56709.67217489794,1000
G_dipaxis_s0.15,e6c55748,4,24533.935245619272,473
G_dipaxis_s0.2,e6c55748,0,2094.712006277028,999
G_dipaxis_s0.2,e6c55748,1,12480.065273919294,1000
G_dipaxis_s0.2,e6c55748,2,56246.797186812495,1000
G_dipaxis_s0.2,e6c55748,3,60245.76586064953,1000
G_dipaxis_s0.2,e6c55748,4,26307.86949344795,473
G_dipaxis_s0.1,3a0af893,0,2995.9565768431708,999
G_dipaxis_s0.1,3a0af893,1,93997.16908266336,1000
G_dipaxis_s0.1,3a0af893,2,123983.20968956129,928
G_dipaxis_s0.15,3a0af893,0,3471.6675128124566,999
G_dipaxis_s0.15,3a0af893,1,95409.77875274258,1000
G_dipaxis_s0.15,3a0af893,2,128214.14094824258,928
G_dipaxis_s0.2,3a0af893,0,3991.0249603780667,999
G_dipaxis_s0.2,3a0af893,1,96846.79530575189,1000
G_dipaxis_s0.2,3a0af893,2,132524.777197703,928
G_dipaxis_s0.1,e7c36e81,0,714.0441331919928,999
G_dipaxis_s0.1,e7c36e81,1,737.3280963062892,1000
G_dipaxis_s0.1,e7c36e81,2,713.7894991185019,1000
G_dipaxis_s0.1,e7c36e81,3,3686.5124134708053,532
G_dipaxis_s0.15,e7c36e81,0,695.4293707544664,999
G_dipaxis_s0.15,e7c36e81,1,716.9415077380057,1000
G_dipaxis_s0.15,e7c36e81,2,695.3168810175628,1000
G_dipaxis_s0.15,e7c36e81,3,3675.404697133339,532
G_dipaxis_s0.2,e7c36e81,0,678.2986057813689,999
G_dipaxis_s0.2,e7c36e81,1,697.3072567773347,1000
G_dipaxis_s0.2,e7c36e81,2,677.4032649014532,1000
G_dipaxis_s0.2,e7c36e81,3,3664.3751872890894,532
G_dipaxis_s0.1,29b24409,0,1647.4129996531594,999
G_dipaxis_s0.1,29b24409,1,48534.763711245585,1000
G_dipaxis_s0.1,29b24409,2,32338.650404741165,1000
G_dipaxis_s0.1,29b24409,3,21938.17314716369,1000
G_dipaxis_s0.1,29b24409,4,29555.30413725122,1000
G_dipaxis_s0.1,29b24409,5,65702.10866202993,588
G_dipaxis_s0.15,29b24409,0,1742.13190122451,999
G_dipaxis_s0.15,29b24409,1,46164.971765488015,1000
G_dipaxis_s0.15,29b24409,2,31298.606314468172,1000
G_dipaxis_s0.15,29b24409,3,20652.230619226662,1000
G_dipaxis_s0.15,29b24409,4,28494.487127480115,1000
G_dipaxis_s0.15,29b24409,5,65034.63009925239,588
G_dipaxis_s0.2,29b24409,0,1858.0581475247839,999
G_dipaxis_s0.2,29b24409,1,43868.630084763594,1000
G_dipaxis_s0.2,29b24409,2,30277.18424535027,1000
G_dipaxis_s0.2,29b24409,3,19405.330730890233,1000
G_dipaxis_s0.2,29b24409,4,27460.539035299593,1000
G_dipaxis_s0.2,29b24409,5,64370.74997564951,588
G_dipaxis_s0.1,00e12e8b,0,51914.99190497395,999
G_dipaxis_s0.1,00e12e8b,1,51638.95636651781,1000
G_dipaxis_s0.1,00e12e8b,2,26333.142526936117,1000
G_dipaxis_s0.1,00e12e8b,3,7353.134041978905,1000
G_dipaxis_s0.1,00e12e8b,4,907.3262036086842,302
G_dipaxis_s0.15,00e12e8b,0,51009.437647251616,999
G_dipaxis_s0.15,00e12e8b,1,54051.689005030275,1000
G_dipaxis_s0.15,00e12e8b,2,27770.27891559542,1000
G_dipaxis_s0.15,00e12e8b,3,7316.042495884055,1000
G_dipaxis_s0.15,00e12e8b,4,913.4480941222837,302
G_dipaxis_s0.2,00e12e8b,0,50117.64009942439,999
G_dipaxis_s0.2,00e12e8b,1,56574.43858957606,1000
G_dipaxis_s0.2,00e12e8b,2,29359.828770914286,1000
G_dipaxis_s0.2,00e12e8b,3,7292.940765673449,1000
G_dipaxis_s0.2,00e12e8b,4,927.894139691563,302
G_dipaxis_s0.1,bb2cdd83,0,1663.9177259287776,999
G_dipaxis_s0.1,bb2cdd83,1,5072.063292969292,1000
G_dipaxis_s0.1,bb2cdd83,2,27981.122566052432,1000
G_dipaxis_s0.1,bb2cdd83,3,22392.434353406254,826
G_dipaxis_s0.15,bb2cdd83,0,1584.4073584917369,999
G_dipaxis_s0.15,bb2cdd83,1,5347.162630145496,1000
G_dipaxis_s0.15,bb2cdd83,2,29355.95444161656,1000
G_dipaxis_s0.15,bb2cdd83,3,23164.412548566685,826
G_dipaxis_s0.2,bb2cdd83,0,1507.9363425672175,999
G_dipaxis_s0.2,bb2cdd83,1,5635.656423824188,1000
G_dipaxis_s0.2,bb2cdd83,2,30765.75431142217,1000
G_dipaxis_s0.2,bb2cdd83,3,23950.622783244566,826
G_dipaxis_s0.1,1285a37b,0,9716.24063690404,999
G_dipaxis_s0.1,1285a37b,1,13215.941963842535,1000
G_dipaxis_s0.1,1285a37b,2,35847.37147811538,1000
G_dipaxis_s0.1,1285a37b,3,61067.774048881634,1000
G_dipaxis_s0.1,1285a37b,4,209673.38161867464,1000
G_dipaxis_s0.1,1285a37b,5,112358.96722486345,598
G_dipaxis_s0.15,1285a37b,0,9667.81723395892,999
G_dipaxis_s0.15,1285a37b,1,13244.090144794756,1000
G_dipaxis_s0.15,1285a37b,2,35976.99847780056,1000
G_dipaxis_s0.15,1285a37b,3,61127.379111261434,1000
G_dipaxis_s0.15,1285a37b,4,209782.47148992706,1000
G_dipaxis_s0.15,1285a37b,5,112588.89200937425,598
G_dipaxis_s0.2,1285a37b,0,9619.542577211312,999
G_dipaxis_s0.2,1285a37b,1,13272.537147054536,1000
G_dipaxis_s0.2,1285a37b,2,36106.9077330758,1000
G_dipaxis_s0.2,1285a37b,3,61187.01816063193,1000
G_dipaxis_s0.2,1285a37b,4,209891.60741087765,1000
G_dipaxis_s0.2,1285a37b,5,112819.06787214727,598
G_dipaxis_s0.1,109d9d70,0,9498.752184675091,999
G_dipaxis_s0.1,109d9d70,1,3595.0050383328935,1000
G_dipaxis_s0.1,109d9d70,2,9403.784039153015,1000
G_dipaxis_s0.1,109d9d70,3,168972.04637681873,1000
G_dipaxis_s0.1,109d9d70,4,28483.272831009304,216
G_dipaxis_s0.15,109d9d70,0,8268.62520629066,999
G_dipaxis_s0.15,109d9d70,1,3324.165571906863,1000
G_dipaxis_s0.15,109d9d70,2,13732.68309933078,1000
G_dipaxis_s0.15,109d9d70,3,186185.47391357776,1000
G_dipaxis_s0.15,109d9d70,4,31640.641197119297,216
G_dipaxis_s0.2,109d9d70,0,7143.403431273134,999
G_dipaxis_s0.2,109d9d70,1,3162.725168935708,1000
G_dipaxis_s0.2,109d9d70,2,19023.66813643277,1000
G_dipaxis_s0.2,109d9d70,3,204257.56409255476,1000
G_dipaxis_s0.2,109d9d70,4,34964.02890258569,216
G_dipaxis_s0.1,2fa01aa6,0,72178.63383360158,999
G_dipaxis_s0.1,2fa01aa6,1,486273.0557501558,1000
G_dipaxis_s0.1,2fa01aa6,2,176236.619997108,175
G_dipaxis_s0.15,2fa01aa6,0,67415.6746171529,999
G_dipaxis_s0.15,2fa01aa6,1,467829.80228870944,1000
G_dipaxis_s0.15,2fa01aa6,2,175182.47876807192,175
G_dipaxis_s0.2,2fa01aa6,0,62823.97492885313,999
G_dipaxis_s0.2,2fa01aa6,1,449808.75399163406,1000
G_dipaxis_s0.2,2fa01aa6,2,174131.7967244019,175
G_dipaxis_s0.1,ba48188d,0,3371.8548400208765,999
G_dipaxis_s0.1,ba48188d,1,39230.12707358477,1000
G_dipaxis_s0.1,ba48188d,2,589068.6457335545,1000
G_dipaxis_s0.1,ba48188d,3,1562898.9175789924,1000
G_dipaxis_s0.1,ba48188d,4,390527.06454708014,167
G_dipaxis_s0.15,ba48188d,0,3521.6941359202365,999
G_dipaxis_s0.15,ba48188d,1,34765.76734878822,1000
G_dipaxis_s0.15,ba48188d,2,536406.8063393104,1000
G_dipaxis_s0.15,ba48188d,3,1406147.8185114951,1000
G_dipaxis_s0.15,ba48188d,4,348892.9235847279,167
G_dipaxis_s0.2,ba48188d,0,3692.959817014342,999
G_dipaxis_s0.2,ba48188d,1,30647.387010504488,1000
G_dipaxis_s0.2,ba48188d,2,486213.3262126607,1000
G_dipaxis_s0.2,ba48188d,3,1257693.2467482276,1000
G_dipaxis_s0.2,ba48188d,4,309604.9916848317,167
G_dipaxis_s0.1,9e3e364d,0,5331.547928688628,999
G_dipaxis_s0.1,9e3e364d,1,14605.849764059749,1000
G_dipaxis_s0.1,9e3e364d,2,7774.090004877409,1000
G_dipaxis_s0.1,9e3e364d,3,5207.1730885194265,1000
G_dipaxis_s0.1,9e3e364d,4,12802.664786128764,291
G_dipaxis_s0.15,9e3e364d,0,5917.002304228813,999
G_dipaxis_s0.15,9e3e364d,1,19839.341268238113,1000
G_dipaxis_s0.15,9e3e364d,2,10708.829593740882,1000
G_dipaxis_s0.15,9e3e364d,3,3611.4981284107225,1000
G_dipaxis_s0.15,9e3e364d,4,8118.018761484349,291
G_dipaxis_s0.2,9e3e364d,0,6612.423685345657,999
G_dipaxis_s0.2,9e3e364d,1,26336.190566992816,1000
G_dipaxis_s0.2,9e3e364d,2,15540.93471723895,1000
G_dipaxis_s0.2,9e3e364d,3,3889.924358962129,1000
G_dipaxis_s0.2,9e3e364d,4,4538.306456055976,291
G_dipaxis_s0.1,3584a6eb,0,6081.718493770355,999
G_dipaxis_s0.1,3584a6eb,1,103986.57183721077,1000
G_dipaxis_s0.1,3584a6eb,2,134778.71409858126,1000
G_dipaxis_s0.1,3584a6eb,3,130525.54103178308,1000
G_dipaxis_s0.1,3584a6eb,4,133138.21084715516,495
G_dipaxis_s0.15,3584a6eb,0,6948.493362220034,999
G_dipaxis_s0.15,3584a6eb,1,113532.8409391487,1000
G_dipaxis_s0.15,3584a6eb,2,146174.7363557595,1000
G_dipaxis_s0.15,3584a6eb,3,141172.79579748012,1000
G_dipaxis_s0.15,3584a6eb,4,142181.6183751487,495
G_dipaxis_s0.2,3584a6eb,0,7881.676402591703,999
G_dipaxis_s0.2,3584a6eb,1,123511.27381864522,1000
G_dipaxis_s0.2,3584a6eb,2,158040.05364204387,1000
G_dipaxis_s0.2,3584a6eb,3,152251.66718912256,1000
G_dipaxis_s0.2,3584a6eb,4,151522.29529613876,495
G_dipaxis_s0.1,9314ff13,0,6190.452390955983,999
G_dipaxis_s0.1,9314ff13,1,27194.517715703278,1000
G_dipaxis_s0.1,9314ff13,2,3376.6993389275644,749
G_dipaxis_s0.15,9314ff13,0,6338.741614249719,999
G_dipaxis_s0.15,9314ff13,1,30278.94223593549,1000
G_dipaxis_s0.15,9314ff13,2,3276.4299719502656,749
G_dipaxis_s0.2,9314ff13,0,6506.08938547653,999
G_dipaxis_s0.2,9314ff13,1,33687.31416427528,1000
G_dipaxis_s0.2,9314ff13,2,3391.7655261316077,749
G_dipaxis_s0.1,fde20ecf,0,1850.0058973207617,999
G_dipaxis_s0.1,fde20ecf,1,33856.80445531828,1000
G_dipaxis_s0.1,fde20ecf,2,9654.396310001257,1000
G_dipaxis_s0.1,fde20ecf,3,159798.7053463392,1000
G_dipaxis_s0.1,fde20ecf,4,73387.51533102118,668
G_dipaxis_s0.15,fde20ecf,0,2002.0196655176005,999
G_dipaxis_s0.15,fde20ecf,1,34106.017971900794,1000
G_dipaxis_s0.15,fde20ecf,2,9914.2457744909,1000
G_dipaxis_s0.15,fde20ecf,3,164545.99603075764,1000
G_dipaxis_s0.15,fde20ecf,4,76641.57727135382,668
G_dipaxis_s0.2,fde20ecf,0,2162.718959879208,999
G_dipaxis_s0.2,fde20ecf,1,34358.52465409754,1000
G_dipaxis_s0.2,fde20ecf,2,10178.39456122818,1000
G_dipaxis_s0.2,fde20ecf,3,169362.98899023212,1000
G_dipaxis_s0.2,fde20ecf,4,79973.18674767733,668
G_dipaxis_s0.1,ee0300f7,0,235510.45035259734,999
G_dipaxis_s0.1,ee0300f7,1,671215.3681982417,1000
G_dipaxis_s0.1,ee0300f7,2,646733.97846208,1000
G_dipaxis_s0.1,ee0300f7,3,1035249.0399538585,1000
G_dipaxis_s0.1,ee0300f7,4,822576.5349598109,545
G_dipaxis_s0.15,ee0300f7,0,224865.1240895313,999
G_dipaxis_s0.15,ee0300f7,1,665412.9672483185,1000
G_dipaxis_s0.15,ee0300f7,2,688836.8768209723,1000
G_dipaxis_s0.15,ee0300f7,3,1144021.6546688683,1000
G_dipaxis_s0.15,ee0300f7,4,913653.5006993886,545
G_dipaxis_s0.2,ee0300f7,0,214467.07803356103,999
G_dipaxis_s0.2,ee0300f7,1,659810.715999044,1000
G_dipaxis_s0.2,ee0300f7,2,732290.7787651134,1000
G_dipaxis_s0.2,ee0300f7,3,1258317.61227595,1000
G_dipaxis_s0.2,ee0300f7,4,1009540.0098454229,545
G_dipaxis_s0.1,89f36adf,0,104.54984069593363,999
G_dipaxis_s0.1,89f36adf,1,12318.479079937366,1000
G_dipaxis_s0.1,89f36adf,2,116913.64184936615,1000
G_dipaxis_s0.1,89f36adf,3,75140.32186579531,1000
G_dipaxis_s0.1,89f36adf,4,92250.41822890472,1000
G_dipaxis_s0.1,89f36adf,5,23669.4558398149,293
G_dipaxis_s0.15,89f36adf,0,76.37524015567584,999
G_dipaxis_s0.15,89f36adf,1,14611.098206770184,1000
G_dipaxis_s0.15,89f36adf,2,125256.70274734136,1000
G_dipaxis_s0.15,89f36adf,3,85557.5194192647,1000
G_dipaxis_s0.15,89f36adf,4,105118.48736637637,1000
G_dipaxis_s0.15,89f36adf,5,27907.80917821349,293
G_dipaxis_s0.2,89f36adf,0,64.78757585674644,999
G_dipaxis_s0.2,89f36adf,1,17149.260013914572,1000
G_dipaxis_s0.2,89f36adf,2,133917.72971863954,1000
G_dipaxis_s0.2,89f36adf,3,96657.44204507927,1000
G_dipaxis_s0.2,89f36adf,4,118833.50920659959,1000
G_dipaxis_s0.2,89f36adf,5,32497.37919251402,293
G_dipaxis_s0.1,6d6d93af,0,186852.33865496764,999
G_dipaxis_s0.1,6d6d93af,1,1273197.6468204532,1000
G_dipaxis_s0.1,6d6d93af,2,558252.7723108034,1000
G_dipaxis_s0.1,6d6d93af,3,109628.13084994185,596
G_dipaxis_s0.15,6d6d93af,0,183332.03130402454,999
G_dipaxis_s0.15,6d6d93af,1,1266723.341641879,1000
G_dipaxis_s0.15,6d6d93af,2,599931.5348728992,1000
G_dipaxis_s0.15,6d6d93af,3,130818.96923292217,596
G_dipaxis_s0.2,6d6d93af,0,179846.6401011607,999
G_dipaxis_s0.2,6d6d93af,1,1260365.792425149,1000
G_dipaxis_s0.2,6d6d93af,2,643314.9393249172,1000
G_dipaxis_s0.2,6d6d93af,3,154049.60456571932,596
G_dipaxis_s0.1,4c3168cf,0,13319.522326931774,999
G_dipaxis_s0.1,4c3168cf,1,10094.818183251307,1000
G_dipaxis_s0.1,4c3168cf,2,7041.280906827787,1000
G_dipaxis_s0.1,4c3168cf,3,5625.811001048334,1000
G_dipaxis_s0.1,4c3168cf,4,874.2977300202592,335
G_dipaxis_s0.15,4c3168cf,0,13137.128541825952,999
G_dipaxis_s0.15,4c3168cf,1,9980.659457153522,1000
G_dipaxis_s0.15,4c3168cf,2,6915.768382319806,1000
G_dipaxis_s0.15,4c3168cf,3,5492.97644107137,1000
G_dipaxis_s0.15,4c3168cf,4,923.1415319476553,335
G_dipaxis_s0.2,4c3168cf,0,12956.502527881725,999
G_dipaxis_s0.2,4c3168cf,1,9867.699979997999,1000
G_dipaxis_s0.2,4c3168cf,2,6792.124211481929,1000
G_dipaxis_s0.2,4c3168cf,3,5361.985425304789,1000
G_dipaxis_s0.2,4c3168cf,4,973.8705507933236,335
G_dipaxis_s0.1,26d3a96a,0,79075.9128811473,999
G_dipaxis_s0.1,26d3a96a,1,138478.5988269642,1000
G_dipaxis_s0.1,26d3a96a,2,380527.74238538067,1000
G_dipaxis_s0.1,26d3a96a,3,543142.0201026278,1000
G_dipaxis_s0.1,26d3a96a,4,216717.19824786077,722
G_dipaxis_s0.15,26d3a96a,0,79247.3347652424,999
G_dipaxis_s0.15,26d3a96a,1,138457.15194532368,1000
G_dipaxis_s0.15,26d3a96a,2,384635.66996458726,1000
G_dipaxis_s0.15,26d3a96a,3,546498.665193963,1000
G_dipaxis_s0.15,26d3a96a,4,218339.166359487,722
G_dipaxis_s0.2,26d3a96a,0,79419.20784278613,999
G_dipaxis_s0.2,26d3a96a,1,138436.75297420824,1000
G_dipaxis_s0.2,26d3a96a,2,388766.1313650117,1000
G_dipaxis_s0.2,26d3a96a,3,549865.7995923082,1000
G_dipaxis_s0.2,26d3a96a,4,219970.272669003,722
G_dipaxis_s0.1,bd4ae5da,0,22530.113952285657,999
G_dipaxis_s0.1,bd4ae5da,1,12887.83888106411,1000
G_dipaxis_s0.1,bd4ae5da,2,17362.065231241846,1000
G_dipaxis_s0.1,bd4ae5da,3,126456.71316572599,1000
G_dipaxis_s0.1,bd4ae5da,4,70600.93541457725,1000
G_dipaxis_s0.1,bd4ae5da,5,201.9959856246222,7
G_dipaxis_s0.15,bd4ae5da,0,20384.707787301184,999
G_dipaxis_s0.15,bd4ae5da,1,10555.32631206598,1000
G_dipaxis_s0.15,bd4ae5da,2,14004.650595901849,1000
G_dipaxis_s0.15,bd4ae5da,3,112733.33285420667,1000
G_dipaxis_s0.15,bd4ae5da,4,59108.481729740866,1000
G_dipaxis_s0.15,bd4ae5da,5,146.64169414708633,7
G_dipaxis_s0.2,bd4ae5da,0,18348.126284290123,999
G_dipaxis_s0.2,bd4ae5da,1,8545.433906475024,1000
G_dipaxis_s0.2,bd4ae5da,2,11218.817281813941,1000
G_dipaxis_s0.2,bd4ae5da,3,99812.60063729396,1000
G_dipaxis_s0.2,bd4ae5da,4,48678.22134720137,1000
G_dipaxis_s0.2,bd4ae5da,5,100.1323745525894,7
G_dipaxis_s0.1,8902c3f6,0,46542.266191481795,999
G_dipaxis_s0.1,8902c3f6,1,32774.43887135035,1000
G_dipaxis_s0.1,8902c3f6,2,266630.10632104723,1000
G_dipaxis_s0.1,8902c3f6,3,489998.04459465295,1000
G_dipaxis_s0.1,8902c3f6,4,228402.8913796074,960
G_dipaxis_s0.15,8902c3f6,0,49187.554340753864,999
G_dipaxis_s0.15,8902c3f6,1,36104.96833303601,1000
G_dipaxis_s0.15,8902c3f6,2,275885.260057975,1000
G_dipaxis_s0.15,8902c3f6,3,487483.3744851445,1000
G_dipaxis_s0.15,8902c3f6,4,212754.35501171232,960
G_dipaxis_s0.2,8902c3f6,0,51909.31396990707,999
G_dipaxis_s0.2,8902c3f6,1,39627.82363392037,1000
G_dipaxis_s0.2,8902c3f6,2,285313.7196660417,1000
G_dipaxis_s0.2,8902c3f6,3,485046.5906017852,1000
G_dipaxis_s0.2,8902c3f6,4,197704.1054924682,960
G_dipaxis_s0.1,b977be4a,0,149253.18203089037,999
G_dipaxis_s0.1,b977be4a,1,333846.8272836121,1000
G_dipaxis_s0.1,b977be4a,2,22625.941533196903,1000
G_dipaxis_s0.1,b977be4a,3,91380.56444064919,1000
G_dipaxis_s0.1,b977be4a,4,263429.6861194741,1000
G_dipaxis_s0.1,b977be4a,5,240524.80484009825,918
G_dipaxis_s0.15,b977be4a,0,138573.47051545855,999
G_dipaxis_s0.15,b977be4a,1,305031.81777338433,1000
G_dipaxis_s0.15,b977be4a,2,21316.173488974775,1000
G_dipaxis_s0.15,b977be4a,3,108912.10943799034,1000
G_dipaxis_s0.15,b977be4a,4,322816.8256507132,1000
G_dipaxis_s0.15,b977be4a,5,313511.83465642016,918
G_dipaxis_s0.2,b977be4a,0,128292.50833329256,999
G_dipaxis_s0.2,b977be4a,1,277583.0557420895,1000
G_dipaxis_s0.2,b977be4a,2,20804.880320153403,1000
G_dipaxis_s0.2,b977be4a,3,128013.16400763002,1000
G_dipaxis_s0.2,b977be4a,4,388332.8591907946,1000
G_dipaxis_s0.2,b977be4a,5,396167.6862633667,918
G_dipaxis_s0.1,f40cd091,0,70845.66066086447,999
G_dipaxis_s0.1,f40cd091,1,17590.608479711365,1000
G_dipaxis_s0.1,f40cd091,2,6676.13046131745,1000
G_dipaxis_s0.1,f40cd091,3,25781.28133586464,1000
G_dipaxis_s0.1,f40cd091,4,93453.67495152312,1000
G_dipaxis_s0.1,f40cd091,5,11219.900538296717,167
G_dipaxis_s0.15,f40cd091,0,67333.08670673428,999
G_dipaxis_s0.15,f40cd091,1,16232.42363527179,1000
G_dipaxis_s0.15,f40cd091,2,6958.566271205035,1000
G_dipaxis_s0.15,f40cd091,3,31148.664107743443,1000
G_dipaxis_s0.15,f40cd091,4,110864.89809771696,1000
G_dipaxis_s0.15,f40cd091,5,14575.873709334592,167
G_dipaxis_s0.2,f40cd091,0,63911.65353210177,999
G_dipaxis_s0.2,f40cd091,1,14948.324444739806,1000
G_dipaxis_s0.2,f40cd091,2,7256.055764874232,1000
G_dipaxis_s0.2,f40cd091,3,37556.96334244041,1000
G_dipaxis_s0.2,f40cd091,4,129828.87718408772,1000
G_dipaxis_s0.2,f40cd091,5,18398.189602589195,167
G_dipaxis_s0.1,3a7dd95d,0,238925.41108681206,999
G_dipaxis_s0.1,3a7dd95d,1,255326.2464204926,1000
G_dipaxis_s0.1,3a7dd95d,2,34624.91149564584,1000
G_dipaxis_s0.1,3a7dd95d,3,6157.794184141656,73
G_dipaxis_s0.15,3a7dd95d,0,225222.05491405437,999
G_dipaxis_s0.15,3a7dd95d,1,253639.10118550574,1000
G_dipaxis_s0.15,3a7dd95d,2,39224.44405934854,1000
G_dipaxis_s0.15,3a7dd95d,3,6786.655635608007,73
G_dipaxis_s0.2,3a7dd95d,0,211927.1146950599,999
G_dipaxis_s0.2,3a7dd95d,1,252281.25925711554,1000
G_dipaxis_s0.2,3a7dd95d,2,44969.26503768724,1000
G_dipaxis_s0.2,3a7dd95d,3,7446.195216760232,73
G_dipaxis_s0.1,c96c018a,0,5320.51716287908,999
G_dipaxis_s0.1,c96c018a,1,29076.581093701643,1000
G_dipaxis_s0.1,c96c018a,2,96154.7074766994,1000
G_dipaxis_s0.1,c96c018a,3,158091.36613892854,1000
G_dipaxis_s0.1,c96c018a,4,129534.87827757737,1000
G_dipaxis_s0.1,c96c018a,5,70559.62746050426,1000
G_dipaxis_s0.1,c96c018a,6,2078.439467089075,237
G_dipaxis_s0.15,c96c018a,0,5496.826517342137,999
G_dipaxis_s0.15,c96c018a,1,26713.594430460682,1000
G_dipaxis_s0.15,c96c018a,2,91536.3023642374,1000
G_dipaxis_s0.15,c96c018a,3,152902.79002754006,1000
G_dipaxis_s0.15,c96c018a,4,123665.43597571422,1000
G_dipaxis_s0.15,c96c018a,5,65569.77118575298,1000
G_dipaxis_s0.15,c96c018a,6,1428.671049655545,237
G_dipaxis_s0.2,c96c018a,0,5677.026891901094,999
G_dipaxis_s0.2,c96c018a,1,24468.20689197817,1000
G_dipaxis_s0.2,c96c018a,2,87036.89329513181,1000
G_dipaxis_s0.2,c96c018a,3,147803.43863032272,1000
G_dipaxis_s0.2,c96c018a,4,117948.10208379253,1000
G_dipaxis_s0.2,c96c018a,5,60816.6551546078,1000
G_dipaxis_s0.2,c96c018a,6,908.5489147020545,237
G_dipaxis_s0.1,67a8da4a,0,2604.46988416924,999
G_dipaxis_s0.1,67a8da4a,1,87402.79596130809,1000
G_dipaxis_s0.1,67a8da4a,2,182160.25172800355,1000
G_dipaxis_s0.1,67a8da4a,3,97508.5631713062,1000
G_dipaxis_s0.1,67a8da4a,4,174651.53962606384,912
G_dipaxis_s0.15,67a8da4a,0,2489.5612101463967,999
G_dipaxis_s0.15,67a8da4a,1,84005.67668986897,1000
G_dipaxis_s0.15,67a8da4a,2,179220.3802349368,1000
G_dipaxis_s0.15,67a8da4a,3,96314.1434372894,1000
G_dipaxis_s0.15,67a8da4a,4,171132.09729468715,912
G_dipaxis_s0.2,67a8da4a,0,2386.0692630264593,999
G_dipaxis_s0.2,67a8da4a,1,80676.29591574981,1000
G_dipaxis_s0.2,67a8da4a,2,176322.77436655882,1000
G_dipaxis_s0.2,67a8da4a,3,95131.21802630891,1000
G_dipaxis_s0.2,67a8da4a,4,167650.2502372923,912
G_dipaxis_s0.1,f321a31c,0,2344.884115479471,999
G_dipaxis_s0.1,f321a31c,1,76378.97447017636,1000
G_dipaxis_s0.1,f321a31c,2,183571.80932377538,1000
G_dipaxis_s0.1,f321a31c,3,30427.50238931396,1000
G_dipaxis_s0.1,f321a31c,4,123379.70547236847,1000
G_dipaxis_s0.1,f321a31c,5,13927.221084582034,142
G_dipaxis_s0.15,f321a31c,0,2280.1743858173763,999
G_dipaxis_s0.15,f321a31c,1,71628.19791704984,1000
G_dipaxis_s0.15,f321a31c,2,212020.33306264828,1000
G_dipaxis_s0.15,f321a31c,3,19929.812680859217,1000
G_dipaxis_s0.15,f321a31c,4,145327.03307879373,1000
G_dipaxis_s0.15,f321a31c,5,15351.095706907612,142
G_dipaxis_s0.2,f321a31c,0,2220.990996791254,999
G_dipaxis_s0.2,f321a31c,1,67059.58539875083,1000
G_dipaxis_s0.2,f321a31c,2,244280.23898093973,1000
G_dipaxis_s0.2,f321a31c,3,23312.265044294767,1000
G_dipaxis_s0.2,f321a31c,4,169156.5901294313,1000
G_dipaxis_s0.2,f321a31c,5,16844.47692134318,142
G_dipaxis_s0.1,b585b4fa,0,6820.1614488672185,999
G_dipaxis_s0.1,b585b4fa,1,2601.761931262453,1000
G_dipaxis_s0.1,b585b4fa,2,104776.84971135622,1000
G_dipaxis_s0.1,b585b4fa,3,220752.43434211003,1000
G_dipaxis_s0.1,b585b4fa,4,11513.511365025724,295
G_dipaxis_s0.15,b585b4fa,0,5775.464669005296,999
G_dipaxis_s0.15,b585b4fa,1,2982.1443822463066,1000
G_dipaxis_s0.15,b585b4fa,2,108573.86338337962,1000
G_dipaxis_s0.15,b585b4fa,3,226184.49242998668,1000
G_dipaxis_s0.15,b585b4fa,4,13250.512378071198,295
G_dipaxis_s0.2,b585b4fa,0,4829.871712509493,999
G_dipaxis_s0.2,b585b4fa,1,3421.709129550025,1000
G_dipaxis_s0.2,b585b4fa,2,112455.1742313344,1000
G_dipaxis_s0.2,b585b4fa,3,231695.01689591905,1000
G_dipaxis_s0.2,b585b4fa,4,15122.133377721493,295
G_dipaxis_s0.1,7acda2df,0,6396.557235635597,999
G_dipaxis_s0.1,7acda2df,1,62566.481649825844,1000
G_dipaxis_s0.1,7acda2df,2,153689.59104824983,1000
G_dipaxis_s0.1,7acda2df,3,43648.3758709493,92
G_dipaxis_s0.15,7acda2df,0,6517.740423927705,999
G_dipaxis_s0.15,7acda2df,1,64488.57540534146,1000
G_dipaxis_s0.15,7acda2df,2,157810.98572853263,1000
G_dipaxis_s0.15,7acda2df,3,44560.667519121256,92
G_dipaxis_s0.2,7acda2df,0,6659.989863975482,999
G_dipaxis_s0.2,7acda2df,1,66440.61596864404,1000
G_dipaxis_s0.2,7acda2df,2,161988.54564519544,1000
G_dipaxis_s0.2,7acda2df,3,45482.39505354269,92
G_dipaxis_s0.1,7987f2f2,0,34519.90918660795,999
G_dipaxis_s0.1,7987f2f2,1,132922.31154511712,1000
G_dipaxis_s0.1,7987f2f2,2,53778.106262033776,1000
G_dipaxis_s0.1,7987f2f2,3,65544.31759432242,706
G_dipaxis_s0.15,7987f2f2,0,34667.42515207665,999
G_dipaxis_s0.15,7987f2f2,1,134406.85507918798,1000
G_dipaxis_s0.15,7987f2f2,2,57300.03301077923,1000
G_dipaxis_s0.15,7987f2f2,3,71045.36934187941,706
G_dipaxis_s0.2,7987f2f2,0,34816.16896598768,999
G_dipaxis_s0.2,7987f2f2,1,135925.89747119325,1000
G_dipaxis_s0.2,7987f2f2,2,60939.513417527225,1000
G_dipaxis_s0.2,7987f2f2,3,76774.04863765318,706
G_dipaxis_s0.1,206b6193,0,8441.634255989706,999
G_dipaxis_s0.1,206b6193,1,50819.20490046396,1000
G_dipaxis_s0.1,206b6193,2,209270.02424304295,1000
G_dipaxis_s0.1,206b6193,3,124877.73589451752,1000
G_dipaxis_s0.1,206b6193,4,143893.18423727877,1000
G_dipaxis_s0.1,206b6193,5,424830.76588221884,1000
G_dipaxis_s0.1,206b6193,6,377426.7676626759,536
G_dipaxis_s0.15,206b6193,0,8727.81510399639,999
G_dipaxis_s0.15,206b6193,1,47153.54592477698,1000
G_dipaxis_s0.15,206b6193,2,197278.80325979122,1000
G_dipaxis_s0.15,206b6193,3,112651.45786568636,1000
G_dipaxis_s0.15,206b6193,4,125713.9629225024,1000
G_dipaxis_s0.15,206b6193,5,382853.5016819728,1000
G_dipaxis_s0.15,206b6193,6,342166.8814513683,536
G_dipaxis_s0.2,206b6193,0,9173.558435809467,999
G_dipaxis_s0.2,206b6193,1,43844.79671540856,1000
G_dipaxis_s0.2,206b6193,2,185644.40380002384,1000
G_dipaxis_s0.2,206b6193,3,101112.92619482448,1000
G_dipaxis_s0.2,206b6193,4,108768.50264393378,1000
G_dipaxis_s0.2,206b6193,5,343068.23079445487,1000
G_dipaxis_s0.2,206b6193,6,308638.7248394421,536
G_dipaxis_s0.1,656a067b,0,25095.298815492042,999
G_dipaxis_s0.1,656a067b,1,31369.042962050968,1000
G_dipaxis_s0.1,656a067b,2,94957.74899617246,1000
G_dipaxis_s0.1,656a067b,3,2331.8227564702947,52
G_dipaxis_s0.15,656a067b,0,24260.706625771058,999
G_dipaxis_s0.15,656a067b,1,30281.347255504872,1000
G_dipaxis_s0.15,656a067b,2,88792.26112344791,1000
G_dipaxis_s0.15,656a067b,3,2150.368105290858,52
G_dipaxis_s0.2,656a067b,0,23445.410756037018,999
G_dipaxis_s0.2,656a067b,1,29247.70791523868,1000
G_dipaxis_s0.2,656a067b,2,82835.99371572968,1000
G_dipaxis_s0.2,656a067b,3,1976.2626240306838,52
G_dipaxis_s0.1,e0079ed1,0,73983.18691507801,999
G_dipaxis_s0.1,e0079ed1,1,87412.32807676063,1000
G_dipaxis_s0.1,e0079ed1,2,24032.869180937352,1000
G_dipaxis_s0.1,e0079ed1,3,11212.554663609852,472
G_dipaxis_s0.15,e0079ed1,0,66992.82548928107,999
G_dipaxis_s0.15,e0079ed1,1,73904.78950850874,1000
G_dipaxis_s0.15,e0079ed1,2,16384.715882084565,1000
G_dipaxis_s0.15,e0079ed1,3,16389.39129948587,472
G_dipaxis_s0.2,e0079ed1,0,60427.57396951057,999
G_dipaxis_s0.2,e0079ed1,1,61566.59760181158,1000
G_dipaxis_s0.2,e0079ed1,2,11032.385101129648,1000
G_dipaxis_s0.2,e0079ed1,3,22620.25446211372,472
G_dipaxis_s0.1,46d41ff6,0,83567.55651675645,999
G_dipaxis_s0.1,46d41ff6,1,95919.86363586602,1000
G_dipaxis_s0.1,46d41ff6,2,51069.8345265399,1000
G_dipaxis_s0.1,46d41ff6,3,79912.78470064829,1000
G_dipaxis_s0.1,46d41ff6,4,94317.183107456,1000
G_dipaxis_s0.1,46d41ff6,5,85712.52950799119,1000
G_dipaxis_s0.1,46d41ff6,6,22307.347058814685,1000
G_dipaxis_s0.1,46d41ff6,7,3690.955943622758,902
G_dipaxis_s0.15,46d41ff6,0,81193.03061409942,999
G_dipaxis_s0.15,46d41ff6,1,95674.06064545884,1000
G_dipaxis_s0.15,46d41ff6,2,56037.458887537316,1000
G_dipaxis_s0.15,46d41ff6,3,87654.50014485545,1000
G_dipaxis_s0.15,46d41ff6,4,101010.69587572441,1000
G_dipaxis_s0.15,46d41ff6,5,91304.5259735121,1000
G_dipaxis_s0.15,46d41ff6,6,24657.40132660228,1000
G_dipaxis_s0.15,46d41ff6,7,4238.6743567053445,902
G_dipaxis_s0.2,46d41ff6,0,78857.29549561655,999
G_dipaxis_s0.2,46d41ff6,1,95433.5424605084,1000
G_dipaxis_s0.2,46d41ff6,2,61338.14678516493,1000
G_dipaxis_s0.2,46d41ff6,3,95761.9961591146,1000
G_dipaxis_s0.2,46d41ff6,4,107974.7532918065,1000
G_dipaxis_s0.2,46d41ff6,5,97073.57119651376,1000
G_dipaxis_s0.2,46d41ff6,6,27302.068216686584,1000
G_dipaxis_s0.2,46d41ff6,7,4881.316448636704,902
G_dipaxis_s0.1,8b5be31b,0,1961.3586982587046,999
G_dipaxis_s0.1,8b5be31b,1,18815.79066291281,1000
G_dipaxis_s0.1,8b5be31b,2,6371.743982919959,1000
G_dipaxis_s0.1,8b5be31b,3,104604.60969735177,1000
G_dipaxis_s0.1,8b5be31b,4,102098.14408372286,1000
G_dipaxis_s0.1,8b5be31b,5,57089.76248716704,673
G_dipaxis_s0.15,8b5be31b,0,1846.0579332249338,999
G_dipaxis_s0.15,8b5be31b,1,15794.34202243063,1000
G_dipaxis_s0.15,8b5be31b,2,4079.823743722944,1000
G_dipaxis_s0.15,8b5be31b,3,87771.05585277012,1000
G_dipaxis_s0.15,8b5be31b,4,113210.91857326213,1000
G_dipaxis_s0.15,8b5be31b,5,66720.97330857605,673
G_dipaxis_s0.2,8b5be31b,0,1758.6445375681988,999
G_dipaxis_s0.2,8b5be31b,1,13144.799779220777,1000
G_dipaxis_s0.2,8b5be31b,2,2467.9971214345464,1000
G_dipaxis_s0.2,8b5be31b,3,72464.86301052324,1000
G_dipaxis_s0.2,8b5be31b,4,125487.49326977963,1000
G_dipaxis_s0.2,8b5be31b,5,77232.95407042393,673
G_dipaxis_s0.1,edf885a3,0,36785.32307604557,999
G_dipaxis_s0.1,edf885a3,1,190703.8483568066,1000
G_dipaxis_s0.1,edf885a3,2,101552.12657968153,1000
G_dipaxis_s0.1,edf885a3,3,3365.8071124424287,118
G_dipaxis_s0.15,edf885a3,0,35250.300504472754,999
G_dipaxis_s0.15,edf885a3,1,185492.20431397317,1000
G_dipaxis_s0.15,edf885a3,2,100557.66279430258,1000
G_dipaxis_s0.15,edf885a3,3,3198.0135704942372,118
G_dipaxis_s0.2,edf885a3,0,33749.153900817066,999
G_dipaxis_s0.2,edf885a3,1,180355.35610933506,1000
G_dipaxis_s0.2,edf885a3,2,99569.62811384352,1000
G_dipaxis_s0.2,edf885a3,3,3034.6170073246603,118
G_dipaxis_s0.1,fd710aea,0,3134.8083665716367,999
G_dipaxis_s0.1,fd710aea,1,8805.097691502913,1000
G_dipaxis_s0.1,fd710aea,2,8281.155996923297,1000
G_dipaxis_s0.1,fd710aea,3,176948.5696476837,1000
G_dipaxis_s0.1,fd710aea,4,191985.78749344437,218
G_dipaxis_s0.15,fd710aea,0,2911.9690290966846,999
G_dipaxis_s0.15,fd710aea,1,7692.736093887619,1000
G_dipaxis_s0.15,fd710aea,2,9550.747650797834,1000
G_dipaxis_s0.15,fd710aea,3,192050.7987979188,1000
G_dipaxis_s0.15,fd710aea,4,201744.70590133144,218
G_dipaxis_s0.2,fd710aea,0,2702.4697647818343,999
G_dipaxis_s0.2,fd710aea,1,6717.832693320104,1000
G_dipaxis_s0.2,fd710aea,2,11163.113459065764,1000
G_dipaxis_s0.2,fd710aea,3,207913.61199452513,1000
G_dipaxis_s0.2,fd710aea,4,211746.2439124173,218
G_dipaxis_s0.1,41fb0192,0,36085.74205785674,999
G_dipaxis_s0.1,41fb0192,1,15040.587454099461,1000
G_dipaxis_s0.1,41fb0192,2,26868.351173140745,974
G_dipaxis_s0.15,41fb0192,0,36248.36538533925,999
G_dipaxis_s0.15,41fb0192,1,15379.348719937825,1000
G_dipaxis_s0.15,41fb0192,2,29393.965876624286,974
G_dipaxis_s0.2,41fb0192,0,36411.890686954095,999
G_dipaxis_s0.2,41fb0192,1,15727.4524983703,1000
G_dipaxis_s0.2,41fb0192,2,32039.897557083143,974
G_dipaxis_s0.1,1b82b665,0,31648.66238711956,999
G_dipaxis_s0.1,1b82b665,1,27473.90733480222,1000
G_dipaxis_s0.1,1b82b665,2,1011.3354291119849,1000
G_dipaxis_s0.1,1b82b665,3,17043.2610071964,807
G_dipaxis_s0.15,1b82b665,0,31751.371115318074,999
G_dipaxis_s0.15,1b82b665,1,29246.128595530034,1000
G_dipaxis_s0.15,1b82b665,2,1784.6073086593851,1000
G_dipaxis_s0.15,1b82b665,3,20427.69687314793,807
G_dipaxis_s0.2,1b82b665,0,31855.067733794353,999
G_dipaxis_s0.2,1b82b665,1,31131.913466116053,1000
G_dipaxis_s0.2,1b82b665,2,2972.666822569219,1000
G_dipaxis_s0.2,1b82b665,3,24182.656452341424,807
G_dipaxis_s0.1,cda7eb37,0,2482.781913342995,999
G_dipaxis_s0.1,cda7eb37,1,33372.899082772696,1000
G_dipaxis_s0.1,cda7eb37,2,66947.2607424488,1000
G_dipaxis_s0.1,cda7eb37,3,55443.230469905175,1000
G_dipaxis_s0.1,cda7eb37,4,5386.446292800042,1000
G_dipaxis_s0.1,cda7eb37,5,30554.55810654482,974
G_dipaxis_s0.15,cda7eb37,0,3327.95201754208,999
G_dipaxis_s0.15,cda7eb37,1,41365.106925454114,1000
G_dipaxis_s0.15,cda7eb37,2,84228.75171331508,1000
G_dipaxis_s0.15,cda7eb37,3,72797.05917091705,1000
G_dipaxis_s0.15,cda7eb37,4,7060.313521059363,1000
G_dipaxis_s0.15,cda7eb37,5,27361.60197555641,974
G_dipaxis_s0.2,cda7eb37,0,4335.122292404911,999
G_dipaxis_s0.2,cda7eb37,1,50236.57854580112,1000
G_dipaxis_s0.2,cda7eb37,2,103539.57114886002,1000
G_dipaxis_s0.2,cda7eb37,3,92573.14427710604,1000
G_dipaxis_s0.2,cda7eb37,4,10810.622015707959,1000
G_dipaxis_s0.2,cda7eb37,5,25853.236273892893,974
G_dipaxis_s0.1,99529c45,0,70235.26696226961,999
G_dipaxis_s0.1,99529c45,1,82063.38033827777,1000
G_dipaxis_s0.1,99529c45,2,44353.50135316022,1000
G_dipaxis_s0.1,99529c45,3,179501.0920612412,1000
G_dipaxis_s0.1,99529c45,4,48936.59022290429,1000
G_dipaxis_s0.1,99529c45,5,6140.280133513306,841
G_dipaxis_s0.15,99529c45,0,66037.57421215005,999
G_dipaxis_s0.15,99529c45,1,78218.46934572028,1000
G_dipaxis_s0.15,99529c45,2,44523.07262517852,1000
G_dipaxis_s0.15,99529c45,3,190566.54567384135,1000
G_dipaxis_s0.15,99529c45,4,56869.82629283454,1000
G_dipaxis_s0.15,99529c45,5,5091.045791334155,841
G_dipaxis_s0.2,99529c45,0,61970.31647521691,999
G_dipaxis_s0.2,99529c45,1,74473.17991474303,1000
G_dipaxis_s0.2,99529c45,2,44697.72204016437,1000
G_dipaxis_s0.2,99529c45,3,201972.64052691095,1000
G_dipaxis_s0.2,99529c45,4,65574.07144307384,1000
G_dipaxis_s0.2,99529c45,5,4687.132766881707,841
G_dipaxis_s0.1,d2f3b1ab,0,3394.2751982994355,999
G_dipaxis_s0.1,d2f3b1ab,1,3339.0362183144944,1000
G_dipaxis_s0.1,d2f3b1ab,2,19634.00811175373,1000
G_dipaxis_s0.1,d2f3b1ab,3,6828.322530329446,1000
G_dipaxis_s0.1,d2f3b1ab,4,45044.068157639915,1000
G_dipaxis_s0.1,d2f3b1ab,5,17149.732148579104,582
G_dipaxis_s0.15,d2f3b1ab,0,3533.386174219741,999
G_dipaxis_s0.15,d2f3b1ab,1,3476.8379543499254,1000
G_dipaxis_s0.15,d2f3b1ab,2,19426.846998867444,1000
G_dipaxis_s0.15,d2f3b1ab,3,7035.853256384572,1000
G_dipaxis_s0.15,d2f3b1ab,4,43930.44777684795,1000
G_dipaxis_s0.15,d2f3b1ab,5,16399.905365934952,582
G_dipaxis_s0.2,d2f3b1ab,0,3675.710529305081,999
G_dipaxis_s0.2,d2f3b1ab,1,3618.81681586075,1000
G_dipaxis_s0.2,d2f3b1ab,2,19221.684437605705,1000
G_dipaxis_s0.2,d2f3b1ab,3,7251.1336628058125,1000
G_dipaxis_s0.2,d2f3b1ab,4,42832.134046228326,1000
G_dipaxis_s0.2,d2f3b1ab,5,15666.871925373076,582
G_dipaxis_s0.1,46a301e9,0,70802.24583708632,999
G_dipaxis_s0.1,46a301e9,1,567326.3977530644,1000
G_dipaxis_s0.1,46a301e9,2,293452.3693320606,1000
G_dipaxis_s0.1,46a301e9,3,481277.4195998423,1000
G_dipaxis_s0.1,46a301e9,4,431655.35110284516,1000
G_dipaxis_s0.1,46a301e9,5,285731.1652853137,1000
G_dipaxis_s0.1,46a301e9,6,354211.4554451736,1000
G_dipaxis_s0.1,46a301e9,7,380005.9325332406,1000
G_dipaxis_s0.1,46a301e9,8,117732.70075433044,227
G_dipaxis_s0.15,46a301e9,0,68468.47082056207,999
G_dipaxis_s0.15,46a301e9,1,563794.3737363283,1000
G_dipaxis_s0.15,46a301e9,2,306779.7515375119,1000
G_dipaxis_s0.15,46a301e9,3,493828.38260287826,1000
G_dipaxis_s0.15,46a301e9,4,452099.39128538646,1000
G_dipaxis_s0.15,46a301e9,5,304681.94642617676,1000
G_dipaxis_s0.15,46a301e9,6,371326.8561812178,1000
G_dipaxis_s0.15,46a301e9,7,405063.3406962671,1000
G_dipaxis_s0.15,46a301e9,8,123986.17269135799,227
G_dipaxis_s0.2,46a301e9,0,66180.92578763528,999
G_dipaxis_s0.2,46a301e9,1,560311.1263018067,1000
G_dipaxis_s0.2,46a301e9,2,320414.07196774206,1000
G_dipaxis_s0.2,46a301e9,3,506549.9641002402,1000
G_dipaxis_s0.2,46a301e9,4,473034.99174759706,1000
G_dipaxis_s0.2,46a301e9,5,324241.69322436204,1000
G_dipaxis_s0.2,46a301e9,6,388852.84540241014,1000
G_dipaxis_s0.2,46a301e9,7,430936.5043784273,1000
G_dipaxis_s0.2,46a301e9,8,130401.46830666906,227
G_dipaxis_s0.1,5567d551,0,11112.200167521403,999
G_dipaxis_s0.1,5567d551,1,4476.278511165761,1000
G_dipaxis_s0.1,5567d551,2,6761.069821796001,1000
G_dipaxis_s0.1,5567d551,3,2612.125238495027,1000
G_dipaxis_s0.1,5567d551,4,95954.3638098239,1000
G_dipaxis_s0.1,5567d551,5,26714.81648370231,1000
G_dipaxis_s0.1,5567d551,6,122277.08019128669,890
G_dipaxis_s0.15,5567d551,0,9612.506387095329,999
G_dipaxis_s0.15,5567d551,1,3723.083096987356,1000
G_dipaxis_s0.15,5567d551,2,6979.749785634081,1000
G_dipaxis_s0.15,5567d551,3,2685.2098496144563,1000
G_dipaxis_s0.15,5567d551,4,94235.63216066068,1000
G_dipaxis_s0.15,5567d551,5,26532.361396242755,1000
G_dipaxis_s0.15,5567d551,6,127578.50704782974,890
G_dipaxis_s0.2,5567d551,0,8225.159773448495,999
G_dipaxis_s0.2,5567d551,1,3075.046710820835,1000
G_dipaxis_s0.2,5567d551,2,7202.174836689863,1000
G_dipaxis_s0.2,5567d551,3,2762.7325506507545,1000
G_dipaxis_s0.2,5567d551,4,92532.64038794844,1000
G_dipaxis_s0.2,5567d551,5,26368.40652436548,1000
G_dipaxis_s0.2,5567d551,6,133014.1125516814,890
G_dipaxis_s0.1,ea41324e,0,1636.9834058735414,999
G_dipaxis_s0.1,ea41324e,1,15539.834725093939,1000
G_dipaxis_s0.1,ea41324e,2,36033.644685327934,1000
G_dipaxis_s0.1,ea41324e,3,60532.85686801724,1000
G_dipaxis_s0.1,ea41324e,4,20014.267666362524,1000
G_dipaxis_s0.1,ea41324e,5,415.71600126704834,26
G_dipaxis_s0.15,ea41324e,0,1240.1176640037156,999
G_dipaxis_s0.15,ea41324e,1,17465.919246706108,1000
G_dipaxis_s0.15,ea41324e,2,39538.334341108275,1000
G_dipaxis_s0.15,ea41324e,3,61163.77122834283,1000
G_dipaxis_s0.15,ea41324e,4,19061.947449954947,1000
G_dipaxis_s0.15,ea41324e,5,406.04344545854684,26
G_dipaxis_s0.2,ea41324e,0,907.1765042180328,999
G_dipaxis_s0.2,ea41324e,1,19706.717450783985,1000
G_dipaxis_s0.2,ea41324e,2,43210.323144913455,1000
G_dipaxis_s0.2,ea41324e,3,61806.12915919267,1000
G_dipaxis_s0.2,ea41324e,4,18138.460391086537,1000
G_dipaxis_s0.2,ea41324e,5,396.484752200748,26
G_dipaxis_s0.1,fc03f21f,0,10612.605546803998,999
G_dipaxis_s0.1,fc03f21f,1,167419.26635854162,1000
G_dipaxis_s0.1,fc03f21f,2,41885.21113131529,1000
G_dipaxis_s0.1,fc03f21f,3,2745.2006337041885,1000
G_dipaxis_s0.1,fc03f21f,4,266210.68433538487,804
G_dipaxis_s0.15,fc03f21f,0,8835.243272839713,999
G_dipaxis_s0.15,fc03f21f,1,143849.04083084434,1000
G_dipaxis_s0.15,fc03f21f,2,27488.204730539226,1000
G_dipaxis_s0.15,fc03f21f,3,10000.255157334755,1000
G_dipaxis_s0.15,fc03f21f,4,191305.12050497142,804
G_dipaxis_s0.2,fc03f21f,0,7226.7373339638925,999
G_dipaxis_s0.2,fc03f21f,1,122136.30906517008,1000
G_dipaxis_s0.2,fc03f21f,2,17677.31725214027,1000
G_dipaxis_s0.2,fc03f21f,3,29541.695518816603,1000
G_dipaxis_s0.2,fc03f21f,4,129746.1298424838,804
G_dipaxis_s0.1,2fd68f7b,0,262118.0453900029,999
G_dipaxis_s0.1,2fd68f7b,1,2313950.1789974626,1000
G_dipaxis_s0.1,2fd68f7b,2,2812608.865132415,1000
G_dipaxis_s0.1,2fd68f7b,3,2744986.6413847464,1000
G_dipaxis_s0.1,2fd68f7b,4,1499587.7289337842,731
G_dipaxis_s0.15,2fd68f7b,0,238590.92894062845,999
G_dipaxis_s0.15,2fd68f7b,1,2079802.903253319,1000
G_dipaxis_s0.15,2fd68f7b,2,2476535.0363967153,1000
G_dipaxis_s0.15,2fd68f7b,3,2383594.2999797617,1000
G_dipaxis_s0.15,2fd68f7b,4,1281346.1567825694,731
G_dipaxis_s0.2,2fd68f7b,0,216225.03284535528,999
G_dipaxis_s0.2,2fd68f7b,1,1858217.98963761,1000
G_dipaxis_s0.2,2fd68f7b,2,2161843.82556223,1000
G_dipaxis_s0.2,2fd68f7b,3,2047765.2292365402,1000
G_dipaxis_s0.2,2fd68f7b,4,1080260.443872702,731
G_dipaxis_s0.1,653612bc,0,9241.735670033377,999
G_dipaxis_s0.1,653612bc,1,17619.440576101475,1000
G_dipaxis_s0.1,653612bc,2,46419.697865699185,1000
G_dipaxis_s0.1,653612bc,3,58951.16503729157,1000
G_dipaxis_s0.1,653612bc,4,28931.74741271309,606
G_dipaxis_s0.15,653612bc,0,9504.833379694388,999
G_dipaxis_s0.15,653612bc,1,22198.997121234228,1000
G_dipaxis_s0.15,653612bc,2,60086.4156840103,1000
G_dipaxis_s0.15,653612bc,3,73485.45499583341,1000
G_dipaxis_s0.15,653612bc,4,37483.851768852684,606
G_dipaxis_s0.2,653612bc,0,9779.413979202773,999
G_dipaxis_s0.2,653612bc,1,27399.797686549682,1000
G_dipaxis_s0.2,653612bc,2,75518.01940367598,1000
G_dipaxis_s0.2,653612bc,3,89627.04448895693,1000
G_dipaxis_s0.2,653612bc,4,47181.754599300584,606
G_dipaxis_s0.1,c59b6c4a,0,381.65071840937134,999
G_dipaxis_s0.1,c59b6c4a,1,13890.308024798493,1000
G_dipaxis_s0.1,c59b6c4a,2,19872.69371883634,1000
G_dipaxis_s0.1,c59b6c4a,3,23472.462718136587,1000
G_dipaxis_s0.1,c59b6c4a,4,214737.37667482652,1000
G_dipaxis_s0.1,c59b6c4a,5,162266.21512591487,500
G_dipaxis_s0.15,c59b6c4a,0,343.39241754286206,999
G_dipaxis_s0.15,c59b6c4a,1,13964.039178057832,1000
G_dipaxis_s0.15,c59b6c4a,2,21502.057149184573,1000
G_dipaxis_s0.15,c59b6c4a,3,26787.566865166453,1000
G_dipaxis_s0.15,c59b6c4a,4,231312.77447672994,1000
G_dipaxis_s0.15,c59b6c4a,5,174947.64249661885,500
G_dipaxis_s0.2,c59b6c4a,0,307.3089780935231,999
G_dipaxis_s0.2,c59b6c4a,1,14040.877167500355,1000
G_dipaxis_s0.2,c59b6c4a,2,23204.20281251751,1000
G_dipaxis_s0.2,c59b6c4a,3,30326.903901368656,1000
G_dipaxis_s0.2,c59b6c4a,4,248513.10886578372,1000
G_dipaxis_s0.2,c59b6c4a,5,188107.33022927967,500
G_dipaxis_s0.1,f021b650,0,17144.22255254857,999
G_dipaxis_s0.1,f021b650,1,54982.35210707965,1000
G_dipaxis_s0.1,f021b650,2,13715.642125412287,1000
G_dipaxis_s0.1,f021b650,3,2188.5011916227445,740
G_dipaxis_s0.15,f021b650,0,13540.909981917834,999
G_dipaxis_s0.15,f021b650,1,37920.29320806402,1000
G_dipaxis_s0.15,f021b650,2,14786.84730689233,1000
G_dipaxis_s0.15,f021b650,3,2832.7149319112336,740
G_dipaxis_s0.2,f021b650,0,10413.459896790138,999
G_dipaxis_s0.2,f021b650,1,24136.1927086712,1000
G_dipaxis_s0.2,f021b650,2,23548.815941668097,1000
G_dipaxis_s0.2,f021b650,3,13501.760948788822,740
G_dipaxis_s0.1,13f598d9,0,24318.287467577677,999
G_dipaxis_s0.1,13f598d9,1,11138.203190433183,1000
G_dipaxis_s0.1,13f598d9,2,2357.978822435929,1000
G_dipaxis_s0.1,13f598d9,3,5781.68722872268,1000
G_dipaxis_s0.1,13f598d9,4,10947.834108712936,1000
G_dipaxis_s0.1,13f598d9,5,159654.28200675166,1000
G_dipaxis_s0.1,13f598d9,6,124834.49050206807,1000
G_dipaxis_s0.1,13f598d9,7,5376.858048691208,307
G_dipaxis_s0.15,13f598d9,0,21400.458761066995,999
G_dipaxis_s0.15,13f598d9,1,9478.667223590011,1000
G_dipaxis_s0.15,13f598d9,2,1580.5730682600251,1000
G_dipaxis_s0.15,13f598d9,3,4501.425678486663,1000
G_dipaxis_s0.15,13f598d9,4,11488.409582418768,1000
G_dipaxis_s0.15,13f598d9,5,167682.34973920698,1000
G_dipaxis_s0.15,13f598d9,6,137817.89373024856,1000
G_dipaxis_s0.15,13f598d9,7,7580.9093872326375,307
G_dipaxis_s0.2,13f598d9,0,18674.327670187424,999
G_dipaxis_s0.2,13f598d9,1,8064.1817423217535,1000
G_dipaxis_s0.2,13f598d9,2,992.6595549346698,1000
G_dipaxis_s0.2,13f598d9,3,3556.375517769426,1000
G_dipaxis_s0.2,13f598d9,4,12399.149536486919,1000
G_dipaxis_s0.2,13f598d9,5,175918.93144041375,1000
G_dipaxis_s0.2,13f598d9,6,151514.17273621503,1000
G_dipaxis_s0.2,13f598d9,7,10168.000283470123,307
G_dipaxis_s0.1,20096916,0,5528.918484236405,999
G_dipaxis_s0.1,20096916,1,3411.8513533250766,1000
G_dipaxis_s0.1,20096916,2,18953.810748864333,1000
G_dipaxis_s0.1,20096916,3,106271.04883242512,1000
G_dipaxis_s0.1,20096916,4,183313.99692662546,1000
G_dipaxis_s0.1,20096916,5,27325.75535667706,134
G_dipaxis_s0.15,20096916,0,4890.439994842369,999
G_dipaxis_s0.15,20096916,1,2613.820107385009,1000
G_dipaxis_s0.15,20096916,2,16706.63578066959,1000
G_dipaxis_s0.15,20096916,3,98489.72134270874,1000
G_dipaxis_s0.15,20096916,4,173343.6347415657,1000
G_dipaxis_s0.15,20096916,5,26066.163687700697,134
G_dipaxis_s0.2,20096916,0,4300.152618067894,999
G_dipaxis_s0.2,20096916,1,1942.6694487319423,1000
G_dipaxis_s0.2,20096916,2,14635.403172642189,1000
G_dipaxis_s0.2,20096916,3,91020.2231950145,1000
G_dipaxis_s0.2,20096916,4,163652.92957397312,1000
G_dipaxis_s0.2,20096916,5,24836.295371677566,134
G_dipaxis_s0.1,796dbd4c,0,3903.6771228800153,999
G_dipaxis_s0.1,796dbd4c,1,3737.102383266918,1000
G_dipaxis_s0.1,796dbd4c,2,14427.75433233083,1000
G_dipaxis_s0.1,796dbd4c,3,39618.65176129495,1000
G_dipaxis_s0.1,796dbd4c,4,106144.11913285789,1000
G_dipaxis_s0.1,796dbd4c,5,106362.3162732251,1000
G_dipaxis_s0.1,796dbd4c,6,6617.655819243872,249
G_dipaxis_s0.15,796dbd4c,0,3855.295625949593,999
G_dipaxis_s0.15,796dbd4c,1,3861.1536885070873,1000
G_dipaxis_s0.15,796dbd4c,2,15235.2079232005,1000
G_dipaxis_s0.15,796dbd4c,3,40715.8708270781,1000
G_dipaxis_s0.15,796dbd4c,4,110544.08924082441,1000
G_dipaxis_s0.15,796dbd4c,5,116094.62309525075,1000
G_dipaxis_s0.15,796dbd4c,6,8174.427080001357,249
G_dipaxis_s0.2,796dbd4c,0,3810.8303662252047,999
G_dipaxis_s0.2,796dbd4c,1,3997.102866265706,1000
G_dipaxis_s0.2,796dbd4c,2,16073.640269180738,1000
G_dipaxis_s0.2,796dbd4c,3,41829.596946572936,1000
G_dipaxis_s0.2,796dbd4c,4,115042.53615101578,1000
G_dipaxis_s0.2,796dbd4c,5,126262.30175712686,1000
G_dipaxis_s0.2,796dbd4c,6,9913.061117283354,249
G_dipaxis_s0.1,811f52b3,0,9457.23185024505,999
G_dipaxis_s0.1,811f52b3,1,29145.626119379973,1000
G_dipaxis_s0.1,811f52b3,2,4506.204220341391,1000
G_dipaxis_s0.1,811f52b3,3,123844.1527777906,1000
G_dipaxis_s0.1,811f52b3,4,91771.6303888279,837
G_dipaxis_s0.15,811f52b3,0,9279.964254139737,999
G_dipaxis_s0.15,811f52b3,1,30115.05976354641,1000
G_dipaxis_s0.15,811f52b3,2,4889.289980193079,1000
G_dipaxis_s0.15,811f52b3,3,130020.22337466483,1000
G_dipaxis_s0.15,811f52b3,4,96368.30988897244,837
G_dipaxis_s0.2,811f52b3,0,9105.006665105899,999
G_dipaxis_s0.2,811f52b3,1,31112.355651083635,1000
G_dipaxis_s0.2,811f52b3,2,5294.371172053578,1000
G_dipaxis_s0.2,811f52b3,3,136348.43963264124,1000
G_dipaxis_s0.2,811f52b3,4,101082.16577151624,837
G_dipaxis_s0.1,1a518997,0,38010.18814656878,999
G_dipaxis_s0.1,1a518997,1,65591.89995138132,1000
G_dipaxis_s0.1,1a518997,2,70627.60580460835,1000
G_dipaxis_s0.1,1a518997,3,72874.31443534483,1000
G_dipaxis_s0.1,1a518997,4,58386.60401162691,607
G_dipaxis_s0.15,1a518997,0,37713.07209976282,999
G_dipaxis_s0.15,1a518997,1,65877.55893747242,1000
G_dipaxis_s0.15,1a518997,2,71144.45016778099,1000
G_dipaxis_s0.15,1a518997,3,72627.87365229969,1000
G_dipaxis_s0.15,1a518997,4,58603.80997163496,607
G_dipaxis_s0.2,1a518997,0,37417.54471201372,999
G_dipaxis_s0.2,1a518997,1,66163.98295904534,1000
G_dipaxis_s0.2,1a518997,2,71664.35686623692,1000
G_dipaxis_s0.2,1a518997,3,72381.98559349304,1000
G_dipaxis_s0.2,1a518997,4,58821.636269243114,607
G_dipaxis_s0.1,264feceb,0,8748.068747333282,999
G_dipaxis_s0.1,264feceb,1,10878.50625540608,1000
G_dipaxis_s0.1,264feceb,2,2295.7284874621882,1000
G_dipaxis_s0.1,264feceb,3,3301.0493905234416,1000
G_dipaxis_s0.1,264feceb,4,3786.3331117010716,1000
G_dipaxis_s0.1,264feceb,5,11054.69336144559,666
G_dipaxis_s0.15,264feceb,0,7610.053825414562,999
G_dipaxis_s0.15,264feceb,1,8994.776574974341,1000
G_dipaxis_s0.15,264feceb,2,1233.174161587259,1000
G_dipaxis_s0.15,264feceb,3,5678.682873856933,1000
G_dipaxis_s0.15,264feceb,4,3006.1588288465014,1000
G_dipaxis_s0.15,264feceb,5,12908.717038136467,666
G_dipaxis_s0.2,264feceb,0,6554.011652710581,999
G_dipaxis_s0.2,264feceb,1,7300.429796733917,1000
G_dipaxis_s0.2,264feceb,2,730.67369271117,1000
G_dipaxis_s0.2,264feceb,3,9027.844616869563,1000
G_dipaxis_s0.2,264feceb,4,2716.910297816384,1000
G_dipaxis_s0.2,264feceb,5,14939.287584391792,666
G_dipaxis_s0.1,197f8a5a,0,3862.9621154096,999
G_dipaxis_s0.1,197f8a5a,1,180217.46100160788,1000
G_dipaxis_s0.1,197f8a5a,2,137876.6980057955,1000
G_dipaxis_s0.1,197f8a5a,3,117378.3682505916,1000
G_dipaxis_s0.1,197f8a5a,4,363773.07836496166,1000
G_dipaxis_s0.1,197f8a5a,5,275601.27200391813,1000
G_dipaxis_s0.1,197f8a5a,6,32902.44413141793,311
G_dipaxis_s0.15,197f8a5a,0,3328.717099342873,999
G_dipaxis_s0.15,197f8a5a,1,170755.72153459667,1000
G_dipaxis_s0.15,197f8a5a,2,127658.71723713032,1000
G_dipaxis_s0.15,197f8a5a,3,106808.3613840007,1000
G_dipaxis_s0.15,197f8a5a,4,334253.59883268154,1000
G_dipaxis_s0.15,197f8a5a,5,242152.68707211965,1000
G_dipaxis_s0.15,197f8a5a,6,26710.115038264576,311
G_dipaxis_s0.2,197f8a5a,0,2836.5115413692815,999
G_dipaxis_s0.2,197f8a5a,1,161587.88733507783,1000
G_dipaxis_s0.2,197f8a5a,2,117868.93173492733,1000
G_dipaxis_s0.2,197f8a5a,3,96739.16329247045,1000
G_dipaxis_s0.2,197f8a5a,4,305985.7189534489,1000
G_dipaxis_s0.2,197f8a5a,5,210898.608486008,1000
G_dipaxis_s0.2,197f8a5a,6,21299.87350596573,311
G_dipaxis_s0.1,fba7683c,0,3354.0203358848544,407
G_dipaxis_s0.15,fba7683c,0,3394.16497830306,407
G_dipaxis_s0.2,fba7683c,0,3434.7399010494096,407
G_dipaxis_s0.1,ef04658e,0,17244.592462191373,999
G_dipaxis_s0.1,ef04658e,1,7986.672295266184,1000
G_dipaxis_s0.1,ef04658e,2,15585.059227098269,1000
G_dipaxis_s0.1,ef04658e,3,89646.77094592967,1000
G_dipaxis_s0.1,ef04658e,4,8792.728918220231,105
G_dipaxis_s0.15,ef04658e,0,16500.045722160226,999
G_dipaxis_s0.15,ef04658e,1,7464.849725400279,1000
G_dipaxis_s0.15,ef04658e,2,14685.990601440091,1000
G_dipaxis_s0.15,ef04658e,3,84655.53696586053,1000
G_dipaxis_s0.15,ef04658e,4,8658.001782015288,105
G_dipaxis_s0.2,ef04658e,0,15773.67302169041,999
G_dipaxis_s0.2,ef04658e,1,6961.576750447309,1000
G_dipaxis_s0.2,ef04658e,2,13826.256946791204,1000
G_dipaxis_s0.2,ef04658e,3,79812.79402193475,1000
G_dipaxis_s0.2,ef04658e,4,8524.337138817198,105
G_dipaxis_s0.1,aff4e561,0,593.482752939655,999
G_dipaxis_s0.1,aff4e561,1,3493.0329946440725,1000
G_dipaxis_s0.1,aff4e561,2,40650.624083396906,1000
G_dipaxis_s0.1,aff4e561,3,11978.453092382115,1000
G_dipaxis_s0.1,aff4e561,4,55550.0979035488,1000
G_dipaxis_s0.1,aff4e561,5,89669.73481993398,1000
G_dipaxis_s0.1,aff4e561,6,1948.8105919623638,27
G_dipaxis_s0.15,aff4e561,0,654.9841607862828,999
G_dipaxis_s0.15,aff4e561,1,4216.088092608344,1000
G_dipaxis_s0.15,aff4e561,2,47016.313684088265,1000
G_dipaxis_s0.15,aff4e561,3,15879.663353077127,1000
G_dipaxis_s0.15,aff4e561,4,67603.91799266901,1000
G_dipaxis_s0.15,aff4e561,5,113520.66312731805,1000
G_dipaxis_s0.15,aff4e561,6,2646.51910538326,27
G_dipaxis_s0.2,aff4e561,0,730.0996266190232,999
G_dipaxis_s0.2,aff4e561,1,5122.04537834282,1000
G_dipaxis_s0.2,aff4e561,2,53856.60037080882,1000
G_dipaxis_s0.2,aff4e561,3,20530.30728669813,1000
G_dipaxis_s0.2,aff4e561,4,80928.89986440053,1000
G_dipaxis_s0.2,aff4e561,5,140459.53542808935,1000
G_dipaxis_s0.2,aff4e561,6,3450.7786246825694,27
G_dipaxis_s0.1,d085e611,0,20196.907491151702,999
G_dipaxis_s0.1,d085e611,1,38041.38459054806,1000
G_dipaxis_s0.1,d085e611,2,16028.33291775633,1000
G_dipaxis_s0.1,d085e611,3,8029.005362189883,1000
G_dipaxis_s0.1,d085e611,4,31079.718314380236,1000
G_dipaxis_s0.1,d085e611,5,471246.04934023105,1000
G_dipaxis_s0.1,d085e611,6,240395.83018594724,192
G_dipaxis_s0.15,d085e611,0,20136.57002352154,999
G_dipaxis_s0.15,d085e611,1,38232.0581484793,1000
G_dipaxis_s0.15,d085e611,2,16116.750779922062,1000
G_dipaxis_s0.15,d085e611,3,8112.938892105727,1000
G_dipaxis_s0.15,d085e611,4,30440.276263476226,1000
G_dipaxis_s0.15,d085e611,5,473353.24816275336,1000
G_dipaxis_s0.15,d085e611,6,241015.2357188904,192
G_dipaxis_s0.2,d085e611,0,20076.428944819207,999
G_dipaxis_s0.2,d085e611,1,38423.24382316458,1000
G_dipaxis_s0.2,d085e611,2,16205.486357353258,1000
G_dipaxis_s0.2,d085e611,3,8206.09085670408,1000
G_dipaxis_s0.2,d085e611,4,29808.82411124649,1000
G_dipaxis_s0.2,d085e611,5,475467.9324812077,1000
G_dipaxis_s0.2,d085e611,6,241635.44280214128,192
G_dipaxis_s0.1,9da441ba,0,89210.19688293981,999
G_dipaxis_s0.1,9da441ba,1,275644.33800324984,1000
G_dipaxis_s0.1,9da441ba,2,334718.4423456078,1000
G_dipaxis_s0.1,9da441ba,3,141265.5325938954,1000
G_dipaxis_s0.1,9da441ba,4,183608.99632343912,1000
G_dipaxis_s0.1,9da441ba,5,188954.58551992147,784
G_dipaxis_s0.15,9da441ba,0,73854.80753927425,999
G_dipaxis_s0.15,9da441ba,1,224788.1721532988,1000
G_dipaxis_s0.15,9da441ba,2,269027.19534420536,1000
G_dipaxis_s0.15,9da441ba,3,95368.18322509131,1000
G_dipaxis_s0.15,9da441ba,4,119000.97890198386,1000
G_dipaxis_s0.15,9da441ba,5,124345.21775402731,784
G_dipaxis_s0.2,9da441ba,0,60024.04719609398,999
G_dipaxis_s0.2,9da441ba,1,179134.32898457273,1000
G_dipaxis_s0.2,9da441ba,2,210802.56891980182,1000
G_dipaxis_s0.2,9da441ba,3,58488.613963391486,1000
G_dipaxis_s0.2,9da441ba,4,68373.32619101596,1000
G_dipaxis_s0.2,9da441ba,5,73257.46089068081,784
G_dipaxis_s0.1,e5864244,0,7854.330266494857,999
G_dipaxis_s0.1,e5864244,1,20424.29515693578,1000
G_dipaxis_s0.1,e5864244,2,23387.448308846073,1000
G_dipaxis_s0.1,e5864244,3,28243.068716571568,1000
G_dipaxis_s0.1,e5864244,4,13990.740774538479,470
G_dipaxis_s0.15,e5864244,0,7762.531664405423,999
G_dipaxis_s0.15,e5864244,1,20884.860833213384,1000
G_dipaxis_s0.15,e5864244,2,22951.47369495458,1000
G_dipaxis_s0.15,e5864244,3,28763.024191071643,1000
G_dipaxis_s0.15,e5864244,4,13921.747137505308,470
G_dipaxis_s0.2,e5864244,0,7671.648784949625,999
G_dipaxis_s0.2,e5864244,1,21350.86920187437,1000
G_dipaxis_s0.2,e5864244,2,22522.41020543496,1000
G_dipaxis_s0.2,e5864244,3,29296.788477914364,1000
G_dipaxis_s0.2,e5864244,4,13861.41500354407,470
G_dipaxis_s0.1,357c12f9,0,229.0718310324832,999
G_dipaxis_s0.1,357c12f9,1,35904.79683741549,1000
G_dipaxis_s0.1,357c12f9,2,10678.84193088785,1000
G_dipaxis_s0.1,357c12f9,3,23053.604285735666,1000
G_dipaxis_s0.1,357c12f9,4,3530.1578632398714,80
G_dipaxis_s0.15,357c12f9,0,218.89476370390716,999
G_dipaxis_s0.15,357c12f9,1,34886.08573320735,1000
G_dipaxis_s0.15,357c12f9,2,10804.365215385435,1000
G_dipaxis_s0.15,357c12f9,3,20964.49471195043,1000
G_dipaxis_s0.15,357c12f9,4,3246.244373958274,80
G_dipaxis_s0.2,357c12f9,0,210.22261331244266,999
G_dipaxis_s0.2,357c12f9,1,33882.533140629566,1000
G_dipaxis_s0.2,357c12f9,2,10954.361560928332,1000
G_dipaxis_s0.2,357c12f9,3,18975.403037614662,1000
G_dipaxis_s0.2,357c12f9,4,2974.232945263872,80
G_dipaxis_s0.1,7256229b,0,1251.375183502273,999
G_dipaxis_s0.1,7256229b,1,9783.126718308196,1000
G_dipaxis_s0.1,7256229b,2,9702.058456849103,1000
G_dipaxis_s0.1,7256229b,3,23963.09219106465,1000
G_dipaxis_s0.1,7256229b,4,13323.391064341806,1000
G_dipaxis_s0.1,7256229b,5,18786.628233527677,416
G_dipaxis_s0.15,7256229b,0,1110.8444996098315,999
G_dipaxis_s0.15,7256229b,1,9706.823516771716,1000
G_dipaxis_s0.15,7256229b,2,11172.329391562364,1000
G_dipaxis_s0.15,7256229b,3,23344.35863381878,1000
G_dipaxis_s0.15,7256229b,4,16174.22624968555,1000
G_dipaxis_s0.15,7256229b,5,25127.812291100097,416
G_dipaxis_s0.2,7256229b,0,980.4200845582301,999
G_dipaxis_s0.2,7256229b,1,10132.666597374613,1000
G_dipaxis_s0.2,7256229b,2,13556.847516537438,1000
G_dipaxis_s0.2,7256229b,3,25229.08535805844,1000
G_dipaxis_s0.2,7256229b,4,21014.766539799035,1000
G_dipaxis_s0.2,7256229b,5,32394.060145546562,416
G_dipaxis_s0.1,c43812e2,0,32019.950122719743,999
G_dipaxis_s0.1,c43812e2,1,7898.3548835348865,1000
G_dipaxis_s0.1,c43812e2,2,23966.118611710663,1000
G_dipaxis_s0.1,c43812e2,3,24980.149485224767,1000
G_dipaxis_s0.1,c43812e2,4,20338.317418721068,1000
G_dipaxis_s0.1,c43812e2,5,14203.296930372118,528
G_dipaxis_s0.15,c43812e2,0,25336.756880639074,999
G_dipaxis_s0.15,c43812e2,1,8782.57654839036,1000
G_dipaxis_s0.15,c43812e2,2,20158.791612437155,1000
G_dipaxis_s0.15,c43812e2,3,39875.509121013245,1000
G_dipaxis_s0.15,c43812e2,4,34300.17868963288,1000
G_dipaxis_s0.15,c43812e2,5,5829.765730916551,528
G_dipaxis_s0.2,c43812e2,0,19448.286806061013,999
G_dipaxis_s0.2,c43812e2,1,10900.938074898164,1000
G_dipaxis_s0.2,c43812e2,2,18978.234363427775,1000
G_dipaxis_s0.2,c43812e2,3,59155.28453937023,1000
G_dipaxis_s0.2,c43812e2,4,54722.87326028705,1000
G_dipaxis_s0.2,c43812e2,5,1274.0542938309218,528
G_dipaxis_s0.1,2cee0cba,0,25299.77282718967,999
G_dipaxis_s0.1,2cee0cba,1,19399.57306774137,1000
G_dipaxis_s0.1,2cee0cba,2,45632.754151806934,1000
G_dipaxis_s0.1,2cee0cba,3,106070.98094096243,1000
G_dipaxis_s0.1,2cee0cba,4,28426.669255036322,1000
G_dipaxis_s0.1,2cee0cba,5,2350.1360167741427,501
G_dipaxis_s0.15,2cee0cba,0,24441.84809485576,999
G_dipaxis_s0.15,2cee0cba,1,18838.22616352994,1000
G_dipaxis_s0.15,2cee0cba,2,45046.353165335495,1000
G_dipaxis_s0.15,2cee0cba,3,102110.77388594754,1000
G_dipaxis_s0.15,2cee0cba,4,26762.447506653443,1000
G_dipaxis_s0.15,2cee0cba,5,2342.20893509065,501
G_dipaxis_s0.2,2cee0cba,0,23600.956672294215,999
G_dipaxis_s0.2,2cee0cba,1,18285.25246792332,1000
G_dipaxis_s0.2,2cee0cba,2,44466.47634238829,1000
G_dipaxis_s0.2,2cee0cba,3,98227.18541354999,1000
G_dipaxis_s0.2,2cee0cba,4,25164.067181052178,1000
G_dipaxis_s0.2,2cee0cba,5,2379.935504515069,501
G_dipaxis_s0.1,4a035ec2,0,8323.013389777474,999
G_dipaxis_s0.1,4a035ec2,1,343207.48379219667,1000
G_dipaxis_s0.1,4a035ec2,2,363307.3986540413,589
G_dipaxis_s0.15,4a035ec2,0,7969.23908540287,999
G_dipaxis_s0.15,4a035ec2,1,331514.5635764066,1000
G_dipaxis_s0.15,4a035ec2,2,355868.3686652017,589
G_dipaxis_s0.2,4a035ec2,0,7624.472308302787,999
G_dipaxis_s0.2,4a035ec2,1,320035.3320093963,1000
G_dipaxis_s0.2,4a035ec2,2,348507.1780365537,589
G_dipaxis_s0.1,be83e781,0,12706.620078403363,999
G_dipaxis_s0.1,be83e781,1,574.4560822070941,1000
G_dipaxis_s0.1,be83e781,2,3215.854821540812,1000
G_dipaxis_s0.1,be83e781,3,1144.0522653232897,222
G_dipaxis_s0.15,be83e781,0,13535.922382553259,999
G_dipaxis_s0.15,be83e781,1,626.8853608361436,1000
G_dipaxis_s0.15,be83e781,2,3324.0361042554896,1000
G_dipaxis_s0.15,be83e781,3,1012.442820050334,222
G_dipaxis_s0.2,be83e781,0,14397.026308402123,999
G_dipaxis_s0.2,be83e781,1,688.3242266150368,1000
G_dipaxis_s0.2,be83e781,2,3449.414104190385,1000
G_dipaxis_s0.2,be83e781,3,888.8842156419933,222
G_dipaxis_s0.1,0dd99dc5,0,221.35803037410426,999
G_dipaxis_s0.1,0dd99dc5,1,7785.828326040288,1000
G_dipaxis_s0.1,0dd99dc5,2,25352.35585241052,1000
G_dipaxis_s0.1,0dd99dc5,3,24303.654798760363,1000
G_dipaxis_s0.1,0dd99dc5,4,308088.3712669967,1000
G_dipaxis_s0.1,0dd99dc5,5,491522.8516648179,1000
G_dipaxis_s0.1,0dd99dc5,6,126999.36135271256,1000
G_dipaxis_s0.1,0dd99dc5,7,84489.48518796203,343
G_dipaxis_s0.15,0dd99dc5,0,218.73261732967646,999
G_dipaxis_s0.15,0dd99dc5,1,7848.80463665918,1000
G_dipaxis_s0.15,0dd99dc5,2,25435.47724211529,1000
G_dipaxis_s0.15,0dd99dc5,3,23803.69576619738,1000
G_dipaxis_s0.15,0dd99dc5,4,306446.10739742283,1000
G_dipaxis_s0.15,0dd99dc5,5,492169.7403544113,1000
G_dipaxis_s0.15,0dd99dc5,6,126225.42051784316,1000
G_dipaxis_s0.15,0dd99dc5,7,83448.7234404551,343
G_dipaxis_s0.2,0dd99dc5,0,217.1064157729161,999
G_dipaxis_s0.2,0dd99dc5,1,7912.666285229641,1000
G_dipaxis_s0.2,0dd99dc5,2,25519.404801536704,1000
G_dipaxis_s0.2,0dd99dc5,3,23309.787875364378,1000
G_dipaxis_s0.2,0dd99dc5,4,304810.2632179167,1000
G_dipaxis_s0.2,0dd99dc5,5,492818.3713522993,1000
G_dipaxis_s0.2,0dd99dc5,6,125454.74450249142,1000
G_dipaxis_s0.2,0dd99dc5,7,82414.6434223409,343
G_dipaxis_s0.1,42c538a1,0,68023.21361945484,999
G_dipaxis_s0.1,42c538a1,1,949789.261017719,1000
G_dipaxis_s0.1,42c538a1,2,1130216.9187351158,1000
G_dipaxis_s0.1,42c538a1,3,217281.15128905087,280
G_dipaxis_s0.15,42c538a1,0,70482.4782282547,999
G_dipaxis_s0.15,42c538a1,1,963498.0631250573,1000
G_dipaxis_s0.15,42c538a1,2,1248123.1899504848,1000
G_dipaxis_s0.15,42c538a1,3,273409.1817304975,280
G_dipaxis_s0.2,42c538a1,0,73238.18561146682,999
G_dipaxis_s0.2,42c538a1,1,977384.3258774601,1000
G_dipaxis_s0.2,42c538a1,2,1372967.0169431223,1000
G_dipaxis_s0.2,42c538a1,3,336038.7582262459,280
G_dipaxis_s0.1,ee288beb,0,29219.64966966063,999
G_dipaxis_s0.1,ee288beb,1,36953.45495726322,1000
G_dipaxis_s0.1,ee288beb,2,149327.0977916474,1000
G_dipaxis_s0.1,ee288beb,3,708712.361341762,1000
G_dipaxis_s0.1,ee288beb,4,1091801.13829334,639
G_dipaxis_s0.15,ee288beb,0,28511.8622902949,999
G_dipaxis_s0.15,ee288beb,1,35193.68659852602,1000
G_dipaxis_s0.15,ee288beb,2,145845.1462105273,1000
G_dipaxis_s0.15,ee288beb,3,698659.7413123474,1000
G_dipaxis_s0.15,ee288beb,4,1084274.0146679115,639
G_dipaxis_s0.2,ee288beb,0,27812.85040530548,999
G_dipaxis_s0.2,ee288beb,1,33479.930532138154,1000
G_dipaxis_s0.2,ee288beb,2,142408.71208129864,1000
G_dipaxis_s0.2,ee288beb,3,688680.7277016971,1000
G_dipaxis_s0.2,ee288beb,4,1076777.523128407,639
G_dipaxis_s0.1,7d50373e,0,64686.01469584376,999
G_dipaxis_s0.1,7d50373e,1,103893.0201503724,1000
G_dipaxis_s0.1,7d50373e,2,201329.4025954139,1000
G_dipaxis_s0.1,7d50373e,3,126187.61630292189,1000
G_dipaxis_s0.1,7d50373e,4,52106.17070572763,1000
G_dipaxis_s0.1,7d50373e,5,7139.126666052032,123
G_dipaxis_s0.15,7d50373e,0,56698.737272741186,999
G_dipaxis_s0.15,7d50373e,1,82316.03371809854,1000
G_dipaxis_s0.15,7d50373e,2,161741.05818040672,1000
G_dipaxis_s0.15,7d50373e,3,84873.17045800241,1000
G_dipaxis_s0.15,7d50373e,4,22183.646670123373,1000
G_dipaxis_s0.15,7d50373e,5,2733.2101850473973,123
G_dipaxis_s0.2,7d50373e,0,49311.739514270594,999
G_dipaxis_s0.2,7d50373e,1,63390.5496567196,1000
G_dipaxis_s0.2,7d50373e,2,126581.40764080134,1000
G_dipaxis_s0.2,7d50373e,3,52297.083656112256,1000
G_dipaxis_s0.2,7d50373e,4,5260.844456112737,1000
G_dipaxis_s0.2,7d50373e,5,412.00218464329737,123
G_dipaxis_s0.1,cad13e8f,0,9841.416728332688,999
G_dipaxis_s0.1,cad13e8f,1,2861.163513199006,1000
G_dipaxis_s0.1,cad13e8f,2,7187.008343401,1000
G_dipaxis_s0.1,cad13e8f,3,12601.087545561579,1000
G_dipaxis_s0.1,cad13e8f,4,20883.531514277358,849
G_dipaxis_s0.15,cad13e8f,0,9323.793411104585,999
G_dipaxis_s0.15,cad13e8f,1,3657.5099972398334,1000
G_dipaxis_s0.15,cad13e8f,2,5203.891771848502,1000
G_dipaxis_s0.15,cad13e8f,3,9401.046708807839,1000
G_dipaxis_s0.15,cad13e8f,4,16959.83818186872,849
G_dipaxis_s0.2,cad13e8f,0,8835.117919584529,999
G_dipaxis_s0.2,cad13e8f,1,4652.55791508655,1000
G_dipaxis_s0.2,cad13e8f,2,3696.0977611573094,1000
G_dipaxis_s0.2,cad13e8f,3,6869.965815377541,1000
G_dipaxis_s0.2,cad13e8f,4,13471.91059488343,849
G_dipaxis_s0.1,ab112491,0,8607.968753531493,999
G_dipaxis_s0.1,ab112491,1,427429.84525637235,1000
G_dipaxis_s0.1,ab112491,2,602519.282311029,1000
G_dipaxis_s0.1,ab112491,3,208424.41470569055,1000
G_dipaxis_s0.1,ab112491,4,57595.882359410956,1000
G_dipaxis_s0.1,ab112491,5,1794.990970383008,186
G_dipaxis_s0.15,ab112491,0,7738.626880926296,999
G_dipaxis_s0.15,ab112491,1,387963.4967658962,1000
G_dipaxis_s0.15,ab112491,2,547551.6960269135,1000
G_dipaxis_s0.15,ab112491,3,178235.22075924466,1000
G_dipaxis_s0.15,ab112491,4,73136.96416764492,1000
G_dipaxis_s0.15,ab112491,5,1104.344664967078,186
G_dipaxis_s0.2,ab112491,0,7075.304984908201,999
G_dipaxis_s0.2,ab112491,1,350437.00793840643,1000
G_dipaxis_s0.2,ab112491,2,495238.08517456223,1000
G_dipaxis_s0.2,ab112491,3,151498.158848039,1000
G_dipaxis_s0.2,ab112491,4,91656.77739666101,1000
G_dipaxis_s0.2,ab112491,5,1346.2745164947983,186
G_dipaxis_s0.1,dc5fbe29,0,32040.76161039449,999
G_dipaxis_s0.1,dc5fbe29,1,168500.82117923314,1000
G_dipaxis_s0.1,dc5fbe29,2,11449.39361390001,1000
G_dipaxis_s0.1,dc5fbe29,3,29363.918722932307,1000
G_dipaxis_s0.1,dc5fbe29,4,13064.758414080545,1000
G_dipaxis_s0.1,dc5fbe29,5,5335.341975271274,204
G_dipaxis_s0.15,dc5fbe29,0,25841.883951532374,999
G_dipaxis_s0.15,dc5fbe29,1,146556.5536290052,1000
G_dipaxis_s0.15,dc5fbe29,2,13857.836165469642,1000
G_dipaxis_s0.15,dc5fbe29,3,40319.17186002359,1000
G_dipaxis_s0.15,dc5fbe29,4,23310.751602493565,1000
G_dipaxis_s0.15,dc5fbe29,5,2035.8466620644851,204
G_dipaxis_s0.2,dc5fbe29,0,20364.254783298446,999
G_dipaxis_s0.2,dc5fbe29,1,126313.35598554937,1000
G_dipaxis_s0.2,dc5fbe29,2,17417.34574678535,1000
G_dipaxis_s0.2,dc5fbe29,3,55086.21531419827,1000
G_dipaxis_s0.2,dc5fbe29,4,41591.278078489086,1000
G_dipaxis_s0.2,dc5fbe29,5,301.0173816298131,204
G_dipaxis_s0.1,a247e7cf,0,160.5543348721025,999
G_dipaxis_s0.1,a247e7cf,1,9715.884284546295,1000
G_dipaxis_s0.1,a247e7cf,2,7762.800147083037,1000
G_dipaxis_s0.1,a247e7cf,3,28193.583405749283,1000
G_dipaxis_s0.1,a247e7cf,4,7950.0977640699175,1000
G_dipaxis_s0.1,a247e7cf,5,555.2293148365858,675
G_dipaxis_s0.15,a247e7cf,0,145.60809856426027,999
G_dipaxis_s0.15,a247e7cf,1,9914.788256510725,1000
G_dipaxis_s0.15,a247e7cf,2,7641.742323822703,1000
G_dipaxis_s0.15,a247e7cf,3,27343.02698559373,1000
G_dipaxis_s0.15,a247e7cf,4,7202.3329773050355,1000
G_dipaxis_s0.15,a247e7cf,5,360.3405566682425,675
G_dipaxis_s0.2,a247e7cf,0,132.27606019193536,999
G_dipaxis_s0.2,a247e7cf,1,10118.75401327446,1000
G_dipaxis_s0.2,a247e7cf,2,7524.124436145123,1000
G_dipaxis_s0.2,a247e7cf,3,26508.618118187336,1000
G_dipaxis_s0.2,a247e7cf,4,6505.020430234702,1000
G_dipaxis_s0.2,a247e7cf,5,226.00605093818373,675
G_dipaxis_s0.1,1590af81,0,38550.14152126273,999
G_dipaxis_s0.1,1590af81,1,45117.66701944526,1000
G_dipaxis_s0.1,1590af81,2,52544.86533728116,1000
G_dipaxis_s0.1,1590af81,3,53970.89408255574,800
G_dipaxis_s0.15,1590af81,0,38158.198977436434,999
G_dipaxis_s0.15,1590af81,1,47182.32407760075,1000
G_dipaxis_s0.15,1590af81,2,56372.163817128254,1000
G_dipaxis_s0.15,1590af81,3,56751.7585147884,800
G_dipaxis_s0.2,1590af81,0,37770.97427289168,999
G_dipaxis_s0.2,1590af81,1,49324.47446472437,1000
G_dipaxis_s0.2,1590af81,2,60397.0311692622,1000
G_dipaxis_s0.2,1590af81,3,59610.508112740165,800
G_dipaxis_s0.1,c2717d4f,0,2143.1637860014007,999
G_dipaxis_s0.1,c2717d4f,1,35006.35654266841,1000
G_dipaxis_s0.1,c2717d4f,2,87512.68089827718,1000
G_dipaxis_s0.1,c2717d4f,3,70866.34959937498,1000
G_dipaxis_s0.1,c2717d4f,4,39294.949490229315,722
G_dipaxis_s0.15,c2717d4f,0,2245.1206080404695,999
G_dipaxis_s0.15,c2717d4f,1,37177.8299488633,1000
G_dipaxis_s0.15,c2717d4f,2,93319.09837551006,1000
G_dipaxis_s0.15,c2717d4f,3,78011.3212979685,1000
G_dipaxis_s0.15,c2717d4f,4,43814.76020741153,722
G_dipaxis_s0.2,c2717d4f,0,2386.761969994357,999
G_dipaxis_s0.2,c2717d4f,1,39417.217732821526,1000
G_dipaxis_s0.2,c2717d4f,2,99321.91476446198,1000
G_dipaxis_s0.2,c2717d4f,3,85529.73387185554,1000
G_dipaxis_s0.2,c2717d4f,4,48633.22909229011,722
G_dipaxis_s0.1,9d4272e3,0,40393.335037399906,999
G_dipaxis_s0.1,9d4272e3,1,149767.72286920535,1000
G_dipaxis_s0.1,9d4272e3,2,133728.0583734784,1000
G_dipaxis_s0.1,9d4272e3,3,263280.28710967227,1000
G_dipaxis_s0.1,9d4272e3,4,8247.989161012005,31
G_dipaxis_s0.15,9d4272e3,0,34091.62689309067,999
G_dipaxis_s0.15,9d4272e3,1,139984.60776779847,1000
G_dipaxis_s0.15,9d4272e3,2,128091.91555189945,1000
G_dipaxis_s0.15,9d4272e3,3,237525.816513196,1000
G_dipaxis_s0.15,9d4272e3,4,7301.378492326836,31
G_dipaxis_s0.2,9d4272e3,0,28501.770226532928,999
G_dipaxis_s0.2,9d4272e3,1,130763.15693009074,1000
G_dipaxis_s0.2,9d4272e3,2,122664.37870600155,1000
G_dipaxis_s0.2,9d4272e3,3,213159.94472596113,1000
G_dipaxis_s0.2,9d4272e3,4,6412.452901715045,31
G_dipaxis_s0.1,122bd617,0,6696.792431091903,999
G_dipaxis_s0.1,122bd617,1,17734.40923397736,1000
G_dipaxis_s0.1,122bd617,2,31395.041251643815,1000
G_dipaxis_s0.1,122bd617,3,22397.86515219641,1000
G_dipaxis_s0.1,122bd617,4,28628.77453509477,571
G_dipaxis_s0.15,122bd617,0,6397.887127011887,999
G_dipaxis_s0.15,122bd617,1,17152.3242553611,1000
G_dipaxis_s0.15,122bd617,2,30408.0099415305,1000
G_dipaxis_s0.15,122bd617,3,21704.16302164276,1000
G_dipaxis_s0.15,122bd617,4,28562.871853341294,571
G_dipaxis_s0.2,122bd617,0,6106.170626642151,999
G_dipaxis_s0.2,122bd617,1,16581.469477926592,1000
G_dipaxis_s0.2,122bd617,2,29450.86186319667,1000
G_dipaxis_s0.2,122bd617,3,21023.084235797793,1000
G_dipaxis_s0.2,122bd617,4,28498.443490391208,571
G_dipaxis_s0.1,57796579,0,18161.964333666045,999
G_dipaxis_s0.1,57796579,1,22200.0664796668,1000
G_dipaxis_s0.1,57796579,2,30468.68347025241,1000
G_dipaxis_s0.1,57796579,3,47644.44549691926,1000
G_dipaxis_s0.1,57796579,4,14318.696640429536,1000
G_dipaxis_s0.1,57796579,5,15481.242831000138,891
G_dipaxis_s0.15,57796579,0,16985.40788055899,999
G_dipaxis_s0.15,57796579,1,19202.832068736472,1000
G_dipaxis_s0.15,57796579,2,21271.786813206247,1000
G_dipaxis_s0.15,57796579,3,36638.32423050833,1000
G_dipaxis_s0.15,57796579,4,10381.561149954881,1000
G_dipaxis_s0.15,57796579,5,11341.303008031218,891
G_dipaxis_s0.2,57796579,0,15855.417805550778,999
G_dipaxis_s0.2,57796579,1,16962.60405057604,1000
G_dipaxis_s0.2,57796579,2,13784.960320867069,1000
G_dipaxis_s0.2,57796579,3,27164.826749037144,1000
G_dipaxis_s0.2,57796579,4,7552.996897153942,1000
G_dipaxis_s0.2,57796579,5,9415.253281276793,891
G_dipaxis_s0.1,cbe62450,0,20969.278644389207,999
G_dipaxis_s0.1,cbe62450,1,50556.83646071857,1000
G_dipaxis_s0.1,cbe62450,2,114010.39191125923,1000
G_dipaxis_s0.1,cbe62450,3,130822.19015442407,1000
G_dipaxis_s0.1,cbe62450,4,57157.19802537203,1000
G_dipaxis_s0.1,cbe62450,5,22518.96611010906,1000
G_dipaxis_s0.1,cbe62450,6,7032.823713697536,259
G_dipaxis_s0.15,cbe62450,0,21365.791956582925,999
G_dipaxis_s0.15,cbe62450,1,52269.21375564878,1000
G_dipaxis_s0.15,cbe62450,2,116732.10309777317,1000
G_dipaxis_s0.15,cbe62450,3,133026.21589974692,1000
G_dipaxis_s0.15,cbe62450,4,58748.191273604134,1000
G_dipaxis_s0.15,cbe62450,5,23009.479447779882,1000
G_dipaxis_s0.15,cbe62450,6,6163.346122911189,259
G_dipaxis_s0.2,cbe62450,0,21767.90258901351,999
G_dipaxis_s0.2,cbe62450,1,54022.10031030802,1000
G_dipaxis_s0.2,cbe62450,2,119492.19947062536,1000
G_dipaxis_s0.2,cbe62450,3,135254.33662030063,1000
G_dipaxis_s0.2,cbe62450,4,60365.053020022504,1000
G_dipaxis_s0.2,cbe62450,5,23676.795317164455,1000
G_dipaxis_s0.2,cbe62450,6,5354.406918111312,259
G_dipaxis_s0.1,877ed19c,0,2895.842863312529,999
G_dipaxis_s0.1,877ed19c,1,27494.192589588667,1000
G_dipaxis_s0.1,877ed19c,2,10151.16344207205,1000
G_dipaxis_s0.1,877ed19c,3,1865.5428578858991,709
G_dipaxis_s0.15,877ed19c,0,2610.5238951418105,999
G_dipaxis_s0.15,877ed19c,1,25612.602697109058,1000
G_dipaxis_s0.15,877ed19c,2,10640.162654438876,1000
G_dipaxis_s0.15,877ed19c,3,2789.3953931522874,709
G_dipaxis_s0.2,877ed19c,0,2344.4863099148656,999
G_dipaxis_s0.2,877ed19c,1,23804.383540991763,1000
G_dipaxis_s0.2,877ed19c,2,11563.074849340032,1000
G_dipaxis_s0.2,877ed19c,3,4156.598922368011,709
G_dipaxis_s0.1,543198e8,0,6448.307631492385,999
G_dipaxis_s0.1,543198e8,1,286284.71387375594,1000
G_dipaxis_s0.1,543198e8,2,459862.43471855175,1000
G_dipaxis_s0.1,543198e8,3,8911.100551346139,1000
G_dipaxis_s0.1,543198e8,4,96225.44150957273,1000
G_dipaxis_s0.1,543198e8,5,313671.5575720839,1000
G_dipaxis_s0.1,543198e8,6,51796.19137916877,504
G_dipaxis_s0.15,543198e8,0,7187.551820892013,999
G_dipaxis_s0.15,543198e8,1,298607.54080528946,1000
G_dipaxis_s0.15,543198e8,2,481114.53726829233,1000
G_dipaxis_s0.15,543198e8,3,20685.440757974393,1000
G_dipaxis_s0.15,543198e8,4,139098.38037698262,1000
G_dipaxis_s0.15,543198e8,5,396600.6447169904,1000
G_dipaxis_s0.15,543198e8,6,21616.472839909424,504
G_dipaxis_s0.2,543198e8,0,8255.026309932986,999
G_dipaxis_s0.2,543198e8,1,311201.8087468129,1000
G_dipaxis_s0.2,543198e8,2,503250.8508346648,1000
G_dipaxis_s0.2,543198e8,3,40045.74291343658,1000
G_dipaxis_s0.2,543198e8,4,194959.20091655612,1000
G_dipaxis_s0.2,543198e8,5,494602.1829379444,1000
G_dipaxis_s0.2,543198e8,6,5853.110734023328,504
G_dipaxis_s0.1,e97032ad,0,35430.68290955746,999
G_dipaxis_s0.1,e97032ad,1,127790.8409774023,1000
G_dipaxis_s0.1,e97032ad,2,81359.98098728385,1000
G_dipaxis_s0.1,e97032ad,3,43863.29088805039,531
G_dipaxis_s0.15,e97032ad,0,35110.52754680145,999
G_dipaxis_s0.15,e97032ad,1,127105.89280241581,1000
G_dipaxis_s0.15,e97032ad,2,80938.36735355007,1000
G_dipaxis_s0.15,e97032ad,3,43686.441242409324,531
G_dipaxis_s0.2,e97032ad,0,34792.08259978617,999
G_dipaxis_s0.2,e97032ad,1,126422.81212972382,1000
G_dipaxis_s0.2,e97032ad,2,80517.88534462992,1000
G_dipaxis_s0.2,e97032ad,3,43509.95995776651,531
G_dipaxis_s0.1,c47e0767,0,32783.39356532922,999
G_dipaxis_s0.1,c47e0767,1,332588.3822117534,1000
G_dipaxis_s0.1,c47e0767,2,706791.8758410106,1000
G_dipaxis_s0.1,c47e0767,3,728144.4411078023,1000
G_dipaxis_s0.1,c47e0767,4,203695.61656417916,357
G_dipaxis_s0.15,c47e0767,0,30048.39890787549,999
G_dipaxis_s0.15,c47e0767,1,311411.5926898037,1000
G_dipaxis_s0.15,c47e0767,2,655636.7997723038,1000
G_dipaxis_s0.15,c47e0767,3,658436.9873074879,1000
G_dipaxis_s0.15,c47e0767,4,176550.6398276727,357
G_dipaxis_s0.2,c47e0767,0,27452.05836118378,999
G_dipaxis_s0.2,c47e0767,1,290951.8754869686,1000
G_dipaxis_s0.2,c47e0767,2,606423.2004177317,1000
G_dipaxis_s0.2,c47e0767,3,592244.3962765164,1000
G_dipaxis_s0.2,c47e0767,4,151362.92173879704,357
G_dipaxis_s0.1,974802e7,0,11960.926496686521,999
G_dipaxis_s0.1,974802e7,1,24382.75164690931,1000
G_dipaxis_s0.1,974802e7,2,22219.998296603833,1000
G_dipaxis_s0.1,974802e7,3,19519.275814393954,1000
G_dipaxis_s0.1,974802e7,4,276929.39195329184,1000
G_dipaxis_s0.1,974802e7,5,698843.0139222762,844
G_dipaxis_s0.15,974802e7,0,10904.287990906114,999
G_dipaxis_s0.15,974802e7,1,23612.1034852319,1000
G_dipaxis_s0.15,974802e7,2,16556.99875395803,1000
G_dipaxis_s0.15,974802e7,3,27649.168170563396,1000
G_dipaxis_s0.15,974802e7,4,294994.24841815705,1000
G_dipaxis_s0.15,974802e7,5,709578.4714217539,844
G_dipaxis_s0.2,974802e7,0,9914.50249163539,999
G_dipaxis_s0.2,974802e7,1,23030.325144741353,1000
G_dipaxis_s0.2,974802e7,2,12091.517475514302,1000
G_dipaxis_s0.2,974802e7,3,37616.595179979195,1000
G_dipaxis_s0.2,974802e7,4,313912.51141843444,1000
G_dipaxis_s0.2,974802e7,5,720461.1036433053,844
G_dipaxis_s0.1,9def2eb2,0,11988.517231817039,999
G_dipaxis_s0.1,9def2eb2,1,11716.221722068736,1000
G_dipaxis_s0.1,9def2eb2,2,116994.22216656232,1000
G_dipaxis_s0.1,9def2eb2,3,66949.47700047157,1000
G_dipaxis_s0.1,9def2eb2,4,29492.8798015699,1000
G_dipaxis_s0.1,9def2eb2,5,38481.83883142465,1000
G_dipaxis_s0.1,9def2eb2,6,549.404589356686,4
G_dipaxis_s0.15,9def2eb2,0,10996.359560269437,999
G_dipaxis_s0.15,9def2eb2,1,11074.899130252026,1000
G_dipaxis_s0.15,9def2eb2,2,114475.80571812081,1000
G_dipaxis_s0.15,9def2eb2,3,63048.81795857266,1000
G_dipaxis_s0.15,9def2eb2,4,27140.565266325368,1000
G_dipaxis_s0.15,9def2eb2,5,33729.73801344853,1000
G_dipaxis_s0.15,9def2eb2,6,468.34533313286016,4
G_dipaxis_s0.2,9def2eb2,0,10051.98948623404,999
G_dipaxis_s0.2,9def2eb2,1,10468.047224790149,1000
G_dipaxis_s0.2,9def2eb2,2,112072.20499264769,1000
G_dipaxis_s0.2,9def2eb2,3,59293.74372641924,1000
G_dipaxis_s0.2,9def2eb2,4,24920.633407202142,1000
G_dipaxis_s0.2,9def2eb2,5,29315.69948652301,1000
G_dipaxis_s0.2,9def2eb2,6,393.7523607788796,4
G_dipaxis_s0.1,47222616,0,12223.813531344704,999
G_dipaxis_s0.1,47222616,1,1054.1846562081635,1000
G_dipaxis_s0.1,47222616,2,103093.24264613123,1000
G_dipaxis_s0.1,47222616,3,83228.41813165671,1000
G_dipaxis_s0.1,47222616,4,9271.184530575976,407
G_dipaxis_s0.15,47222616,0,13214.74117191689,999
G_dipaxis_s0.15,47222616,1,1773.1802326531988,1000
G_dipaxis_s0.15,47222616,2,96487.01114890099,1000
G_dipaxis_s0.15,47222616,3,74050.58917917807,1000
G_dipaxis_s0.15,47222616,4,11655.280505265995,407
G_dipaxis_s0.2,47222616,0,14299.739532245427,999
G_dipaxis_s0.2,47222616,1,2854.0740174393814,1000
G_dipaxis_s0.2,47222616,2,90297.66136902286,1000
G_dipaxis_s0.2,47222616,3,65634.3023601461,1000
G_dipaxis_s0.2,47222616,4,14384.0403358945,407
G_dipaxis_s0.1,d00e7eb9,0,8517.380210466468,999
G_dipaxis_s0.1,d00e7eb9,1,60198.63268258235,1000
G_dipaxis_s0.1,d00e7eb9,2,108718.25157550126,1000
G_dipaxis_s0.1,d00e7eb9,3,85474.20008043213,1000
G_dipaxis_s0.1,d00e7eb9,4,53619.96238617829,1000
G_dipaxis_s0.1,d00e7eb9,5,8789.139715473075,705
G_dipaxis_s0.15,d00e7eb9,0,7943.733688913433,999
G_dipaxis_s0.15,d00e7eb9,1,57765.28271554665,1000
G_dipaxis_s0.15,d00e7eb9,2,102309.0344341026,1000
G_dipaxis_s0.15,d00e7eb9,3,73721.26049728495,1000
G_dipaxis_s0.15,d00e7eb9,4,44460.51006612739,1000
G_dipaxis_s0.15,d00e7eb9,5,7513.371806143226,705
G_dipaxis_s0.2,d00e7eb9,0,7394.597484114121,999
G_dipaxis_s0.2,d00e7eb9,1,55406.89483363475,1000
G_dipaxis_s0.2,d00e7eb9,2,96107.61256432776,1000
G_dipaxis_s0.2,d00e7eb9,3,62878.9851842111,1000
G_dipaxis_s0.2,d00e7eb9,4,36161.592504160086,1000
G_dipaxis_s0.2,d00e7eb9,5,6349.265122071682,705
G_dipaxis_s0.1,2b06ad65,0,2532.1240541212564,999
G_dipaxis_s0.1,2b06ad65,1,7603.523975365909,1000
G_dipaxis_s0.1,2b06ad65,2,3973.542820589412,1000
G_dipaxis_s0.1,2b06ad65,3,4646.597978625841,1000
G_dipaxis_s0.1,2b06ad65,4,9222.83276414419,257
G_dipaxis_s0.15,2b06ad65,0,2562.507697965043,999
G_dipaxis_s0.15,2b06ad65,1,7736.928964366928,1000
G_dipaxis_s0.15,2b06ad65,2,3951.657508162257,1000
G_dipaxis_s0.15,2b06ad65,3,4845.243718452876,1000
G_dipaxis_s0.15,2b06ad65,4,9368.476861928657,257
G_dipaxis_s0.2,2b06ad65,0,2593.226690020175,999
G_dipaxis_s0.2,2b06ad65,1,7872.964629772505,1000
G_dipaxis_s0.2,2b06ad65,2,3933.843754832456,1000
G_dipaxis_s0.2,2b06ad65,3,5050.87338855813,1000
G_dipaxis_s0.2,2b06ad65,4,9515.274901162551,257
G_dipaxis_s0.1,4f4ac5ce,0,25975.956760479807,999
G_dipaxis_s0.1,4f4ac5ce,1,9114.620007136818,1000
G_dipaxis_s0.1,4f4ac5ce,2,41836.600135358574,1000
G_dipaxis_s0.1,4f4ac5ce,3,73150.4692245466,1000
G_dipaxis_s0.1,4f4ac5ce,4,42263.91564202544,1000
G_dipaxis_s0.1,4f4ac5ce,5,12594.288815609083,163
G_dipaxis_s0.15,4f4ac5ce,0,25248.07962555569,999
G_dipaxis_s0.15,4f4ac5ce,1,10392.7513002055,1000
G_dipaxis_s0.15,4f4ac5ce,2,35344.50111429955,1000
G_dipaxis_s0.15,4f4ac5ce,3,59699.78962679991,1000
G_dipaxis_s0.15,4f4ac5ce,4,32172.36681161545,1000
G_dipaxis_s0.15,4f4ac5ce,5,9884.645243519228,163
G_dipaxis_s0.2,4f4ac5ce,0,24557.25930359888,999
G_dipaxis_s0.2,4f4ac5ce,1,11826.613704805619,1000
G_dipaxis_s0.2,4f4ac5ce,2,29623.176248726963,1000
G_dipaxis_s0.2,4f4ac5ce,3,47674.32626562952,1000
G_dipaxis_s0.2,4f4ac5ce,4,23700.15041271806,1000
G_dipaxis_s0.2,4f4ac5ce,5,7503.893194383156,163
G_dipaxis_s0.1,5cdd8dbc,0,19571.855441908054,999
G_dipaxis_s0.1,5cdd8dbc,1,12559.169989293905,1000
G_dipaxis_s0.1,5cdd8dbc,2,4831.546072938221,1000
G_dipaxis_s0.1,5cdd8dbc,3,105501.6389331906,1000
G_dipaxis_s0.1,5cdd8dbc,4,1135.3365718332739,11
G_dipaxis_s0.15,5cdd8dbc,0,19677.105458100195,999
G_dipaxis_s0.15,5cdd8dbc,1,14163.304783008885,1000
G_dipaxis_s0.15,5cdd8dbc,2,3692.955206648037,1000
G_dipaxis_s0.15,5cdd8dbc,3,94674.08042049514,1000
G_dipaxis_s0.15,5cdd8dbc,4,1010.3530875739938,11
G_dipaxis_s0.2,5cdd8dbc,0,19795.189842040203,999
G_dipaxis_s0.2,5cdd8dbc,1,15880.578068699922,1000
G_dipaxis_s0.2,5cdd8dbc,2,2888.2526593522953,1000
G_dipaxis_s0.2,5cdd8dbc,3,84439.26594653838,1000
G_dipaxis_s0.2,5cdd8dbc,4,892.6559144379453,11
G_dipaxis_s0.1,347242c8,0,17078.28019052158,999
G_dipaxis_s0.1,347242c8,1,295436.6176381365,1000
G_dipaxis_s0.1,347242c8,2,345038.37386789505,1000
G_dipaxis_s0.1,347242c8,3,32653.763587456542,596
G_dipaxis_s0.15,347242c8,0,17591.06564337896,999
G_dipaxis_s0.15,347242c8,1,303634.1612906858,1000
G_dipaxis_s0.15,347242c8,2,368260.9474772352,1000
G_dipaxis_s0.15,347242c8,3,40131.90109095781,596
G_dipaxis_s0.2,347242c8,0,18116.057038970466,999
G_dipaxis_s0.2,347242c8,1,311988.38071484293,1000
G_dipaxis_s0.2,347242c8,2,392406.2342101448,1000
G_dipaxis_s0.2,347242c8,3,48399.68969174115,596
G_dipaxis_s0.1,ed6e6e54,0,3635.594677962905,999
G_dipaxis_s0.1,ed6e6e54,1,9016.530247447248,1000
G_dipaxis_s0.1,ed6e6e54,2,68723.29126845588,1000
G_dipaxis_s0.1,ed6e6e54,3,44601.79485372529,1000
G_dipaxis_s0.1,ed6e6e54,4,78453.41502095833,1000
G_dipaxis_s0.1,ed6e6e54,5,124242.990198049,1000
G_dipaxis_s0.1,ed6e6e54,6,26878.20951030982,49
G_dipaxis_s0.15,ed6e6e54,0,3686.4174337904633,999
G_dipaxis_s0.15,ed6e6e54,1,8751.177720131911,1000
G_dipaxis_s0.15,ed6e6e54,2,66127.45373770321,1000
G_dipaxis_s0.15,ed6e6e54,3,43352.71592226435,1000
G_dipaxis_s0.15,ed6e6e54,4,81830.56900239995,1000
G_dipaxis_s0.15,ed6e6e54,5,120842.5914345944,1000
G_dipaxis_s0.15,ed6e6e54,6,26447.358762138756,49
G_dipaxis_s0.2,ed6e6e54,0,3737.6715272438632,999
G_dipaxis_s0.2,ed6e6e54,1,8492.5135309712,1000
G_dipaxis_s0.2,ed6e6e54,2,63584.8919010145,1000
G_dipaxis_s0.2,ed6e6e54,3,42169.220025793446,1000
G_dipaxis_s0.2,ed6e6e54,4,85299.02754029982,1000
G_dipaxis_s0.2,ed6e6e54,5,117534.85580789406,1000
G_dipaxis_s0.2,ed6e6e54,6,26019.99095378263,49
G_dipaxis_s0.1,b85f7b06,0,15862.607130486118,999
G_dipaxis_s0.1,b85f7b06,1,37338.89981503637,1000
G_dipaxis_s0.1,b85f7b06,2,7272.166373594305,1000
G_dipaxis_s0.1,b85f7b06,3,719.3239815339222,804
G_dipaxis_s0.15,b85f7b06,0,12762.33523331385,999
G_dipaxis_s0.15,b85f7b06,1,29670.408899292812,1000
G_dipaxis_s0.15,b85f7b06,2,3005.5138136041787,1000
G_dipaxis_s0.15,b85f7b06,3,1372.6450458383586,804
G_dipaxis_s0.2,b85f7b06,0,10019.320104813944,999
G_dipaxis_s0.2,b85f7b06,1,22969.230620486705,1000
G_dipaxis_s0.2,b85f7b06,2,1390.9581017817984,1000
G_dipaxis_s0.2,b85f7b06,3,6344.99712644471,804
G_dipaxis_s0.1,f6d009f4,0,229290.37412312898,999
G_dipaxis_s0.1,f6d009f4,1,2504454.9138593557,1000
G_dipaxis_s0.1,f6d009f4,2,3441102.205690018,1000
G_dipaxis_s0.1,f6d009f4,3,1913036.6836643724,1000
G_dipaxis_s0.1,f6d009f4,4,378659.18146052357,1000
G_dipaxis_s0.1,f6d009f4,5,3980592.4435020173,1000
G_dipaxis_s0.1,f6d009f4,6,6249863.59083829,716
G_dipaxis_s0.15,f6d009f4,0,223611.4677119557,999
G_dipaxis_s0.15,f6d009f4,1,2499486.64399563,1000
G_dipaxis_s0.15,f6d009f4,2,3560094.407992607,1000
G_dipaxis_s0.15,f6d009f4,3,2176675.535751062,1000
G_dipaxis_s0.15,f6d009f4,4,611956.8719962707,1000
G_dipaxis_s0.15,f6d009f4,5,4697377.184502433,1000
G_dipaxis_s0.15,f6d009f4,6,7160360.412595565,716
G_dipaxis_s0.2,f6d009f4,0,218263.6272522781,999
G_dipaxis_s0.2,f6d009f4,1,2494647.270036249,1000
G_dipaxis_s0.2,f6d009f4,2,3681713.5892001903,1000
G_dipaxis_s0.2,f6d009f4,3,2462751.0551073705,1000
G_dipaxis_s0.2,f6d009f4,4,903368.1400689989,1000
G_dipaxis_s0.2,f6d009f4,5,5477361.715169083,1000
G_dipaxis_s0.2,f6d009f4,6,8132802.3778115325,716
G_dipaxis_s0.1,8255c867,0,9844.597924001246,999
G_dipaxis_s0.1,8255c867,1,83383.40658968159,1000
G_dipaxis_s0.1,8255c867,2,21423.068608808007,1000
G_dipaxis_s0.1,8255c867,3,16263.802180250359,590
G_dipaxis_s0.15,8255c867,0,8600.34629314531,999
G_dipaxis_s0.15,8255c867,1,75136.49973007473,1000
G_dipaxis_s0.15,8255c867,2,28082.466086736353,1000
G_dipaxis_s0.15,8255c867,3,11787.939595252217,590
G_dipaxis_s0.2,8255c867,0,7449.869612491208,999
G_dipaxis_s0.2,8255c867,1,67592.30081495746,1000
G_dipaxis_s0.2,8255c867,2,35694.700666122466,1000
G_dipaxis_s0.2,8255c867,3,8549.564339993914,590
G_dipaxis_s0.1,0a57a29c,0,86596.75521710173,999
G_dipaxis_s0.1,0a57a29c,1,114454.70501454241,1000
G_dipaxis_s0.1,0a57a29c,2,96349.90770141639,1000
G_dipaxis_s0.1,0a57a29c,3,978.9511254057696,1000
G_dipaxis_s0.1,0a57a29c,4,6642.706180505066,1000
G_dipaxis_s0.1,0a57a29c,5,36162.77002420667,822
G_dipaxis_s0.15,0a57a29c,0,88218.7744513508,999
G_dipaxis_s0.15,0a57a29c,1,118642.4216411313,1000
G_dipaxis_s0.15,0a57a29c,2,100665.15482907291,1000
G_dipaxis_s0.15,0a57a29c,3,999.8259532018491,1000
G_dipaxis_s0.15,0a57a29c,4,6035.517482780717,1000
G_dipaxis_s0.15,0a57a29c,5,34319.36656581381,822
G_dipaxis_s0.2,0a57a29c,0,89857.96769471366,999
G_dipaxis_s0.2,0a57a29c,1,122906.56195346832,1000
G_dipaxis_s0.2,0a57a29c,2,105085.6055904159,1000
G_dipaxis_s0.2,0a57a29c,3,1114.6289596878842,1000
G_dipaxis_s0.2,0a57a29c,4,5492.250590584792,1000
G_dipaxis_s0.2,0a57a29c,5,32526.400173709888,822
G_dipaxis_s0.1,3ac16ad0,0,17933.065355961095,999
G_dipaxis_s0.1,3ac16ad0,1,51124.51552867555,1000
G_dipaxis_s0.1,3ac16ad0,2,14086.873247469106,1000
G_dipaxis_s0.1,3ac16ad0,3,47303.318788490156,1000
G_dipaxis_s0.1,3ac16ad0,4,140127.79096547738,1000
G_dipaxis_s0.1,3ac16ad0,5,17508.116279241207,650
G_dipaxis_s0.15,3ac16ad0,0,17634.313870003385,999
G_dipaxis_s0.15,3ac16ad0,1,51120.82251047675,1000
G_dipaxis_s0.15,3ac16ad0,2,14695.369413318645,1000
G_dipaxis_s0.15,3ac16ad0,3,44629.284120535565,1000
G_dipaxis_s0.15,3ac16ad0,4,134080.63104128218,1000
G_dipaxis_s0.15,3ac16ad0,5,17065.818919933572,650
G_dipaxis_s0.2,3ac16ad0,0,17338.460949338827,999
G_dipaxis_s0.2,3ac16ad0,1,51117.76681358389,1000
G_dipaxis_s0.2,3ac16ad0,2,15327.332865910514,1000
G_dipaxis_s0.2,3ac16ad0,3,42033.57623414201,1000
G_dipaxis_s0.2,3ac16ad0,4,128169.82860771942,1000
G_dipaxis_s0.2,3ac16ad0,5,16801.227609408674,650
G_dipaxis_s0.1,ccedb12b,0,24839.332552406016,999
G_dipaxis_s0.1,ccedb12b,1,9116.654461905837,1000
G_dipaxis_s0.1,ccedb12b,2,38977.33027724803,1000
G_dipaxis_s0.1,ccedb12b,3,110030.15502391799,1000
G_dipaxis_s0.1,ccedb12b,4,95168.55824727443,402
G_dipaxis_s0.15,ccedb12b,0,25338.712164165456,999
G_dipaxis_s0.15,ccedb12b,1,9329.433034857897,1000
G_dipaxis_s0.15,ccedb12b,2,39256.9741168632,1000
G_dipaxis_s0.15,ccedb12b,3,111261.43247790515,1000
G_dipaxis_s0.15,ccedb12b,4,95286.01382233524,402
G_dipaxis_s0.2,ccedb12b,0,25847.528921271612,999
G_dipaxis_s0.2,ccedb12b,1,9549.627730060052,1000
G_dipaxis_s0.2,ccedb12b,2,39537.819648755634,1000
G_dipaxis_s0.2,ccedb12b,3,112500.44861918925,1000
G_dipaxis_s0.2,ccedb12b,4,95403.6316121412,402
G_dipaxis_s0.1,5aa03df7,0,2449.5677135481014,999
G_dipaxis_s0.1,5aa03df7,1,21367.089680495563,1000
G_dipaxis_s0.1,5aa03df7,2,43553.67707660918,1000
G_dipaxis_s0.1,5aa03df7,3,106446.6348513888,1000
G_dipaxis_s0.1,5aa03df7,4,163544.51527283178,872
G_dipaxis_s0.15,5aa03df7,0,3096.1515294992246,999
G_dipaxis_s0.15,5aa03df7,1,22820.1660879325,1000
G_dipaxis_s0.15,5aa03df7,2,48969.0445222467,1000
G_dipaxis_s0.15,5aa03df7,3,116936.73824860233,1000
G_dipaxis_s0.15,5aa03df7,4,172598.84626155233,872
G_dipaxis_s0.2,5aa03df7,0,3921.196962928465,999
G_dipaxis_s0.2,5aa03df7,1,24930.304655824893,1000
G_dipaxis_s0.2,5aa03df7,2,54714.25147657778,1000
G_dipaxis_s0.2,5aa03df7,3,127950.29353441128,1000
G_dipaxis_s0.2,5aa03df7,4,182403.40504152392,872
G_dipaxis_s0.1,ab3ced07,0,3782.6908068947596,999
G_dipaxis_s0.1,ab3ced07,1,3641.393463209267,1000
G_dipaxis_s0.1,ab3ced07,2,54858.28624237873,1000
G_dipaxis_s0.1,ab3ced07,3,116325.53283722595,1000
G_dipaxis_s0.1,ab3ced07,4,107524.68513758836,251
G_dipaxis_s0.15,ab3ced07,0,4019.820662751957,999
G_dipaxis_s0.15,ab3ced07,1,3874.504296521953,1000
G_dipaxis_s0.15,ab3ced07,2,56965.12139017459,1000
G_dipaxis_s0.15,ab3ced07,3,124387.55954693882,1000
G_dipaxis_s0.15,ab3ced07,4,112332.54943033129,251
G_dipaxis_s0.2,ab3ced07,0,4270.978947434183,999
G_dipaxis_s0.2,ab3ced07,1,4167.530425396693,1000
G_dipaxis_s0.2,ab3ced07,2,59152.51748007433,1000
G_dipaxis_s0.2,ab3ced07,3,132782.85494490722,1000
G_dipaxis_s0.2,ab3ced07,4,117247.63215961782,251
G_dipaxis_s0.1,fef8af96,0,99731.4811746228,999
G_dipaxis_s0.1,fef8af96,1,712371.2818797308,1000
G_dipaxis_s0.1,fef8af96,2,1458880.6572966173,1000
G_dipaxis_s0.1,fef8af96,3,3802796.1028188076,827
G_dipaxis_s0.15,fef8af96,0,85075.9459768502,999
G_dipaxis_s0.15,fef8af96,1,618764.5537159928,1000
G_dipaxis_s0.15,fef8af96,2,1253042.2716847411,1000
G_dipaxis_s0.15,fef8af96,3,3423131.2764029093,827
G_dipaxis_s0.2,fef8af96,0,71590.01242234994,999
G_dipaxis_s0.2,fef8af96,1,531773.174849839,1000
G_dipaxis_s0.2,fef8af96,2,1063075.9847327117,1000
G_dipaxis_s0.2,fef8af96,3,3064060.0614034496,827
G_dipaxis_s0.1,4cd1ac61,0,10495.44219918051,999
G_dipaxis_s0.1,4cd1ac61,1,6248.90464086138,1000
G_dipaxis_s0.1,4cd1ac61,2,56916.20455580699,1000
G_dipaxis_s0.1,4cd1ac61,3,155423.1589056156,1000
G_dipaxis_s0.1,4cd1ac61,4,58204.358369421214,490
G_dipaxis_s0.15,4cd1ac61,0,9522.109622683662,999
G_dipaxis_s0.15,4cd1ac61,1,5936.967835144201,1000
G_dipaxis_s0.15,4cd1ac61,2,64440.20783408934,1000
G_dipaxis_s0.15,4cd1ac61,3,180470.16314037784,1000
G_dipaxis_s0.15,4cd1ac61,4,71879.2276643955,490
G_dipaxis_s0.2,4cd1ac61,0,8599.935759306472,999
G_dipaxis_s0.2,4cd1ac61,1,5646.411408802394,1000
G_dipaxis_s0.2,4cd1ac61,2,72432.57066184431,1000
G_dipaxis_s0.2,4cd1ac61,3,207408.35255088258,1000
G_dipaxis_s0.2,4cd1ac61,4,87000.41991101138,490
G_dipaxis_s0.1,cb34231f,0,12602.083165907265,999
G_dipaxis_s0.1,cb34231f,1,68651.1122969448,1000
G_dipaxis_s0.1,cb34231f,2,139488.2058702573,1000
G_dipaxis_s0.1,cb34231f,3,188015.1968766483,1000
G_dipaxis_s0.1,cb34231f,4,298523.5752475605,1000
G_dipaxis_s0.1,cb34231f,5,463398.34190605907,610
G_dipaxis_s0.15,cb34231f,0,12786.046958023016,999
G_dipaxis_s0.15,cb34231f,1,71166.96408837149,1000
G_dipaxis_s0.15,cb34231f,2,144437.63087560373,1000
G_dipaxis_s0.15,cb34231f,3,193655.88087645746,1000
G_dipaxis_s0.15,cb34231f,4,304820.7499264262,1000
G_dipaxis_s0.15,cb34231f,5,469673.59258583206,610
G_dipaxis_s0.2,cb34231f,0,12972.20043512616,999
G_dipaxis_s0.2,cb34231f,1,73728.2344061778,1000
G_dipaxis_s0.2,cb34231f,2,149476.53289293786,1000
G_dipaxis_s0.2,cb34231f,3,199381.51204057835,1000
G_dipaxis_s0.2,cb34231f,4,311188.52866108884,1000
G_dipaxis_s0.2,cb34231f,5,475991.2865578263,610
G_dipaxis_s0.1,f72b268f,0,51680.62376565641,999
G_dipaxis_s0.1,f72b268f,1,58596.5744880705,1000
G_dipaxis_s0.1,f72b268f,2,48188.03766931917,1000
G_dipaxis_s0.1,f72b268f,3,123371.75892259918,1000
G_dipaxis_s0.1,f72b268f,4,126191.67928426241,1000
G_dipaxis_s0.1,f72b268f,5,29666.62699312746,1000
G_dipaxis_s0.1,f72b268f,6,571.9479223908436,405
G_dipaxis_s0.15,f72b268f,0,53274.54236619171,999
G_dipaxis_s0.15,f72b268f,1,65756.73091935304,1000
G_dipaxis_s0.15,f72b268f,2,57315.618976058046,1000
G_dipaxis_s0.15,f72b268f,3,141334.79878399175,1000
G_dipaxis_s0.15,f72b268f,4,148665.0184887776,1000
G_dipaxis_s0.15,f72b268f,5,38751.9725735815,1000
G_dipaxis_s0.15,f72b268f,6,1490.014466227726,405
G_dipaxis_s0.2,f72b268f,0,54895.1129981547,999
G_dipaxis_s0.2,f72b268f,1,73342.16585357739,1000
G_dipaxis_s0.2,f72b268f,2,67270.58246410436,1000
G_dipaxis_s0.2,f72b268f,3,160556.74500911703,1000
G_dipaxis_s0.2,f72b268f,4,173018.66990176673,1000
G_dipaxis_s0.2,f72b268f,5,49427.99615214025,1000
G_dipaxis_s0.2,f72b268f,6,2882.99503769165,405
G_dipaxis_s0.1,e0f36d98,0,13286.754459330246,999
G_dipaxis_s0.1,e0f36d98,1,18550.650734753595,1000
G_dipaxis_s0.1,e0f36d98,2,139444.57261687686,1000
G_dipaxis_s0.1,e0f36d98,3,94269.4590480484,1000
G_dipaxis_s0.1,e0f36d98,4,213922.48531427866,977
G_dipaxis_s0.15,e0f36d98,0,12716.188838448228,999
G_dipaxis_s0.15,e0f36d98,1,19142.20816704336,1000
G_dipaxis_s0.15,e0f36d98,2,132301.33539186674,1000
G_dipaxis_s0.15,e0f36d98,3,90990.67122411338,1000
G_dipaxis_s0.15,e0f36d98,4,223759.54045074544,977
G_dipaxis_s0.2,e0f36d98,0,12160.952290949625,999
G_dipaxis_s0.2,e0f36d98,1,19749.85093213236,1000
G_dipaxis_s0.2,e0f36d98,2,125357.0219291248,1000
G_dipaxis_s0.2,e0f36d98,3,87809.65190138613,1000
G_dipaxis_s0.2,e0f36d98,4,233820.5747233392,977
G_dipaxis_s0.1,1d78281a,0,1276.1279248918115,999
G_dipaxis_s0.1,1d78281a,1,22908.690629428776,1000
G_dipaxis_s0.1,1d78281a,2,48226.59922432855,1000
G_dipaxis_s0.1,1d78281a,3,6018.585917889986,1000
G_dipaxis_s0.1,1d78281a,4,70234.9441696337,950
G_dipaxis_s0.15,1d78281a,0,1325.1074547946528,999
G_dipaxis_s0.15,1d78281a,1,22048.070592551438,1000
G_dipaxis_s0.15,1d78281a,2,46448.1913444158,1000
G_dipaxis_s0.15,1d78281a,3,5941.963970487587,1000
G_dipaxis_s0.15,1d78281a,4,70801.93075831108,950
G_dipaxis_s0.2,1d78281a,0,1376.9647636950367,999
G_dipaxis_s0.2,1d78281a,1,21206.951665052213,1000
G_dipaxis_s0.2,1d78281a,2,44703.49439284671,1000
G_dipaxis_s0.2,1d78281a,3,5870.2112683063515,1000
G_dipaxis_s0.2,1d78281a,4,71371.68883644266,950
G_dipaxis_s0.1,a7744f5b,0,622.9423320024957,999
G_dipaxis_s0.1,a7744f5b,1,14804.631915550737,1000
G_dipaxis_s0.1,a7744f5b,2,1005.8639917046061,1000
G_dipaxis_s0.1,a7744f5b,3,36544.395760119776,1000
G_dipaxis_s0.1,a7744f5b,4,19254.10647154215,378
G_dipaxis_s0.15,a7744f5b,0,644.3701162909166,999
G_dipaxis_s0.15,a7744f5b,1,15747.467537133898,1000
G_dipaxis_s0.15,a7744f5b,2,910.7343116163839,1000
G_dipaxis_s0.15,a7744f5b,3,34741.37784921348,1000
G_dipaxis_s0.15,a7744f5b,4,18620.53526617156,378
G_dipaxis_s0.2,a7744f5b,0,673.9623089110191,999
G_dipaxis_s0.2,a7744f5b,1,16725.397506782443,1000
G_dipaxis_s0.2,a7744f5b,2,836.5249595375626,1000
G_dipaxis_s0.2,a7744f5b,3,33010.28349778353,1000
G_dipaxis_s0.2,a7744f5b,4,17999.84329621237,378
G_dipaxis_s0.1,1b6ba517,0,5940.138826101465,999
G_dipaxis_s0.1,1b6ba517,1,179496.21322602069,1000
G_dipaxis_s0.1,1b6ba517,2,131912.71020636626,1000
G_dipaxis_s0.1,1b6ba517,3,29310.151055178627,1000
G_dipaxis_s0.1,1b6ba517,4,17698.050336512384,1000
G_dipaxis_s0.1,1b6ba517,5,41759.772830583126,1000
G_dipaxis_s0.1,1b6ba517,6,25170.64336687233,598
G_dipaxis_s0.15,1b6ba517,0,6158.338644623985,999
G_dipaxis_s0.15,1b6ba517,1,188305.74097475957,1000
G_dipaxis_s0.15,1b6ba517,2,142778.7105404449,1000
G_dipaxis_s0.15,1b6ba517,3,32757.694245941777,1000
G_dipaxis_s0.15,1b6ba517,4,19208.485221968793,1000
G_dipaxis_s0.15,1b6ba517,5,44645.92390670068,1000
G_dipaxis_s0.15,1b6ba517,6,26301.676685126524,598
G_dipaxis_s0.2,1b6ba517,0,6443.851505049109,999
G_dipaxis_s0.2,1b6ba517,1,197354.59066901304,1000
G_dipaxis_s0.2,1b6ba517,2,154085.3544864732,1000
G_dipaxis_s0.2,1b6ba517,3,36404.78572542003,1000
G_dipaxis_s0.2,1b6ba517,4,20785.645098229597,1000
G_dipaxis_s0.2,1b6ba517,5,47633.56643485395,1000
G_dipaxis_s0.2,1b6ba517,6,27548.026319876513,598
G_dipaxis_s0.1,9df1b1f9,0,6275.656597913092,999
G_dipaxis_s0.1,9df1b1f9,1,5347.304534072964,1000
G_dipaxis_s0.1,9df1b1f9,2,9985.898121052407,1000
G_dipaxis_s0.1,9df1b1f9,3,3036.873919938239,1000
G_dipaxis_s0.1,9df1b1f9,4,600.7802865235433,702
G_dipaxis_s0.15,9df1b1f9,0,6829.6343818497135,999
G_dipaxis_s0.15,9df1b1f9,1,5572.348410353853,1000
G_dipaxis_s0.15,9df1b1f9,2,10362.749861958815,1000
G_dipaxis_s0.15,9df1b1f9,3,2974.724457979782,1000
G_dipaxis_s0.15,9df1b1f9,4,986.7398117976018,702
G_dipaxis_s0.2,9df1b1f9,0,7480.213422459857,999
G_dipaxis_s0.2,9df1b1f9,1,5845.082387712671,1000
G_dipaxis_s0.2,9df1b1f9,2,10783.82343174894,1000
G_dipaxis_s0.2,9df1b1f9,3,3002.980858938075,1000
G_dipaxis_s0.2,9df1b1f9,4,1628.5315588302517,702
G_dipaxis_s0.1,12f0cd90,0,51085.88083137222,999
G_dipaxis_s0.1,12f0cd90,1,103977.90692105379,1000
G_dipaxis_s0.1,12f0cd90,2,62069.27845640222,1000
G_dipaxis_s0.1,12f0cd90,3,51493.91799516792,1000
G_dipaxis_s0.1,12f0cd90,4,106747.77651073057,1000
G_dipaxis_s0.1,12f0cd90,5,214886.7604760717,948
G_dipaxis_s0.15,12f0cd90,0,56361.08109504525,999
G_dipaxis_s0.15,12f0cd90,1,120128.01787906988,1000
G_dipaxis_s0.15,12f0cd90,2,82919.0211321233,1000
G_dipaxis_s0.15,12f0cd90,3,80870.266370291,1000
G_dipaxis_s0.15,12f0cd90,4,153728.83509924327,1000
G_dipaxis_s0.15,12f0cd90,5,278260.0981554984,948
G_dipaxis_s0.2,12f0cd90,0,61969.75529679777,999
G_dipaxis_s0.2,12f0cd90,1,137760.48577540202,1000
G_dipaxis_s0.2,12f0cd90,2,106963.21661021585,1000
G_dipaxis_s0.2,12f0cd90,3,117112.17113255068,1000
G_dipaxis_s0.2,12f0cd90,4,209540.6801394016,1000
G_dipaxis_s0.2,12f0cd90,5,350171.73708279885,948
G_dipaxis_s0.1,37344c2a,0,2478.085743352897,999
G_dipaxis_s0.1,37344c2a,1,2964.616562848553,1000
G_dipaxis_s0.1,37344c2a,2,28445.397285072886,1000
G_dipaxis_s0.1,37344c2a,3,149496.57406836806,1000
G_dipaxis_s0.1,37344c2a,4,262559.4184043596,1000
G_dipaxis_s0.1,37344c2a,5,49525.36594663273,198
G_dipaxis_s0.15,37344c2a,0,2740.8862089206464,999
G_dipaxis_s0.15,37344c2a,1,3830.244465349442,1000
G_dipaxis_s0.15,37344c2a,2,34096.81054614321,1000
G_dipaxis_s0.15,37344c2a,3,166195.92460563921,1000
G_dipaxis_s0.15,37344c2a,4,289090.23098055396,1000
G_dipaxis_s0.15,37344c2a,5,56261.505930204345,198
G_dipaxis_s0.2,37344c2a,0,3025.7121567756694,999
G_dipaxis_s0.2,37344c2a,1,4847.900024258703,1000
G_dipaxis_s0.2,37344c2a,2,40275.319909318154,1000
G_dipaxis_s0.2,37344c2a,3,183838.3883054033,1000
G_dipaxis_s0.2,37344c2a,4,317017.98680750106,1000
G_dipaxis_s0.2,37344c2a,5,63427.1798224739,198
G_dipaxis_s0.1,fa667be2,0,8704.684494341485,999
G_dipaxis_s0.1,fa667be2,1,3899.0238824923517,1000
G_dipaxis_s0.1,fa667be2,2,8931.212115865286,1000
G_dipaxis_s0.1,fa667be2,3,44866.742032249946,1000
G_dipaxis_s0.1,fa667be2,4,42559.89644862721,1000
G_dipaxis_s0.1,fa667be2,5,151923.24630345867,1000
G_dipaxis_s0.1,fa667be2,6,143124.31364661644,1000
G_dipaxis_s0.1,fa667be2,7,1188.3930840160058,297
G_dipaxis_s0.15,fa667be2,0,8692.91651643528,999
G_dipaxis_s0.15,fa667be2,1,3833.6802942056534,1000
G_dipaxis_s0.15,fa667be2,2,9057.591097757722,1000
G_dipaxis_s0.15,fa667be2,3,45334.26060718519,1000
G_dipaxis_s0.15,fa667be2,4,43148.62316784777,1000
G_dipaxis_s0.15,fa667be2,5,153490.01708697467,1000
G_dipaxis_s0.15,fa667be2,6,144134.13782700812,1000
G_dipaxis_s0.15,fa667be2,7,1180.9009452789862,297
G_dipaxis_s0.2,fa667be2,0,8681.244197020747,999
G_dipaxis_s0.2,fa667be2,1,3769.2259946036743,1000
G_dipaxis_s0.2,fa667be2,2,9184.876908880758,1000
G_dipaxis_s0.2,fa667be2,3,45804.313879663525,1000
G_dipaxis_s0.2,fa667be2,4,43741.61875635676,1000
G_dipaxis_s0.2,fa667be2,5,155064.88595384755,1000
G_dipaxis_s0.2,fa667be2,6,145147.64347397277,1000
G_dipaxis_s0.2,fa667be2,7,1173.4408528441516,297
G_dipaxis_s0.1,96ae5806,0,3008.986092430936,999
G_dipaxis_s0.1,96ae5806,1,3429.380491496801,1000
G_dipaxis_s0.1,96ae5806,2,4983.334963295214,1000
G_dipaxis_s0.1,96ae5806,3,6472.607546461551,1000
G_dipaxis_s0.1,96ae5806,4,5694.317398381633,1000
G_dipaxis_s0.1,96ae5806,5,461.04066614101373,1000
G_dipaxis_s0.1,96ae5806,6,2967.293415180678,1000
G_dipaxis_s0.1,96ae5806,7,1744.2863759292954,1000
G_dipaxis_s0.1,96ae5806,8,7950.435959708303,1000
G_dipaxis_s0.1,96ae5806,9,16973.22471409932,840
G_dipaxis_s0.15,96ae5806,0,2726.0263334180413,999
G_dipaxis_s0.15,96ae5806,1,3208.3454115764744,1000
G_dipaxis_s0.15,96ae5806,2,4795.984752823232,1000
G_dipaxis_s0.15,96ae5806,3,7518.468266237907,1000
G_dipaxis_s0.15,96ae5806,4,6533.306815568829,1000
G_dipaxis_s0.15,96ae5806,5,475.51823148953486,1000
G_dipaxis_s0.15,96ae5806,6,3111.1331382425,1000
G_dipaxis_s0.15,96ae5806,7,2510.710517573433,1000
G_dipaxis_s0.15,96ae5806,8,6286.98926959997,1000
G_dipaxis_s0.15,96ae5806,9,12706.943458136428,840
G_dipaxis_s0.2,96ae5806,0,2459.7193487273894,999
G_dipaxis_s0.2,96ae5806,1,3045.182036782753,1000
G_dipaxis_s0.2,96ae5806,2,4688.620282023856,1000
G_dipaxis_s0.2,96ae5806,3,8648.030121380836,1000
G_dipaxis_s0.2,96ae5806,4,7432.057364453704,1000
G_dipaxis_s0.2,96ae5806,5,500.036771643956,1000
G_dipaxis_s0.2,96ae5806,6,3262.1928935705896,1000
G_dipaxis_s0.2,96ae5806,7,3452.937106573271,1000
G_dipaxis_s0.2,96ae5806,8,4885.374561796321,1000
G_dipaxis_s0.2,96ae5806,9,9089.11331290197,840
G_dipaxis_s0.1,5d7198fd,0,9096.567526501683,999
G_dipaxis_s0.1,5d7198fd,1,17559.309247292567,1000
G_dipaxis_s0.1,5d7198fd,2,62364.38496477434,1000
G_dipaxis_s0.1,5d7198fd,3,19776.030689571762,369
G_dipaxis_s0.15,5d7198fd,0,9978.979023589747,999
G_dipaxis_s0.15,5d7198fd,1,17689.173747831304,1000
G_dipaxis_s0.15,5d7198fd,2,44603.71643003773,1000
G_dipaxis_s0.15,5d7198fd,3,12709.289510188815,369
G_dipaxis_s0.2,5d7198fd,0,10907.724786163943,999
G_dipaxis_s0.2,5d7198fd,1,18682.03465561709,1000
G_dipaxis_s0.2,5d7198fd,2,29978.23371000937,1000
G_dipaxis_s0.2,5d7198fd,3,7214.500265903683,369
G_dipaxis_s0.1,ebe69318,0,26806.720567477303,999
G_dipaxis_s0.1,ebe69318,1,116036.11656883187,1000
G_dipaxis_s0.1,ebe69318,2,37582.34138047995,1000
G_dipaxis_s0.1,ebe69318,3,25791.360067657577,1000
G_dipaxis_s0.1,ebe69318,4,9003.031887155495,977
G_dipaxis_s0.15,ebe69318,0,25913.467558718177,999
G_dipaxis_s0.15,ebe69318,1,105425.15533056363,1000
G_dipaxis_s0.15,ebe69318,2,30572.533150471845,1000
G_dipaxis_s0.15,ebe69318,3,17569.73426807847,1000
G_dipaxis_s0.15,ebe69318,4,4659.146469962791,977
G_dipaxis_s0.2,ebe69318,0,25051.97418022688,999
G_dipaxis_s0.2,ebe69318,1,95333.4779327277,1000
G_dipaxis_s0.2,ebe69318,2,24532.22913310913,1000
G_dipaxis_s0.2,ebe69318,3,11033.998231203774,1000
G_dipaxis_s0.2,ebe69318,4,2484.9511504715715,977
G_dipaxis_s0.1,5663b2b7,0,9971.627577154179,999
G_dipaxis_s0.1,5663b2b7,1,7033.84750901712,1000
G_dipaxis_s0.1,5663b2b7,2,13388.139346295733,1000
G_dipaxis_s0.1,5663b2b7,3,16816.11898370054,1000
G_dipaxis_s0.1,5663b2b7,4,12124.4997031782,973
G_dipaxis_s0.15,5663b2b7,0,10091.129292818256,999
G_dipaxis_s0.15,5663b2b7,1,7192.255211981054,1000
G_dipaxis_s0.15,5663b2b7,2,14217.831705535658,1000
G_dipaxis_s0.15,5663b2b7,3,17739.923733207946,1000
G_dipaxis_s0.15,5663b2b7,4,11582.86137251398,973
G_dipaxis_s0.2,5663b2b7,0,10211.58582331236,999
G_dipaxis_s0.2,5663b2b7,1,7352.715520484889,1000
G_dipaxis_s0.2,5663b2b7,2,15074.57900969821,1000
G_dipaxis_s0.2,5663b2b7,3,18703.481374280767,1000
G_dipaxis_s0.2,5663b2b7,4,11054.267298219429,973
G_dipaxis_s0.1,368131f9,0,7138.421651617148,999
G_dipaxis_s0.1,368131f9,1,27830.184460376084,1000
G_dipaxis_s0.1,368131f9,2,75742.4629327152,1000
G_dipaxis_s0.1,368131f9,3,158884.507034837,1000
G_dipaxis_s0.1,368131f9,4,215002.00624610746,992
G_dipaxis_s0.15,368131f9,0,6965.8847092517635,999
G_dipaxis_s0.15,368131f9,1,23941.326643954802,1000
G_dipaxis_s0.15,368131f9,2,69967.11553454034,1000
G_dipaxis_s0.15,368131f9,3,157951.65992013298,1000
G_dipaxis_s0.15,368131f9,4,212736.01641055432,992
G_dipaxis_s0.2,368131f9,0,6830.824025755908,999
G_dipaxis_s0.2,368131f9,1,20350.218032087665,1000
G_dipaxis_s0.2,368131f9,2,64468.926012118754,1000
G_dipaxis_s0.2,368131f9,3,157027.903099368,1000
G_dipaxis_s0.2,368131f9,4,210537.21931760086,992
G_dipaxis_s0.1,1a730ac2,0,54439.935766743874,999
G_dipaxis_s0.1,1a730ac2,1,187097.0035659965,1000
G_dipaxis_s0.1,1a730ac2,2,184746.38069603985,1000
G_dipaxis_s0.1,1a730ac2,3,255127.7536705238,1000
G_dipaxis_s0.1,1a730ac2,4,254922.6238974401,606
G_dipaxis_s0.15,1a730ac2,0,53662.23993811096,999
G_dipaxis_s0.15,1a730ac2,1,184268.26171167172,1000
G_dipaxis_s0.15,1a730ac2,2,183124.3245363965,1000
G_dipaxis_s0.15,1a730ac2,3,257301.21383445314,1000
G_dipaxis_s0.15,1a730ac2,4,255265.23655848426,606
G_dipaxis_s0.2,1a730ac2,0,52890.33950000581,999
G_dipaxis_s0.2,1a730ac2,1,181462.6940312759,1000
G_dipaxis_s0.2,1a730ac2,2,181514.29908775026,1000
G_dipaxis_s0.2,1a730ac2,3,259489.23959695458,1000
G_dipaxis_s0.2,1a730ac2,4,255608.08456085186,606
G_dipaxis_s0.1,925a7cd1,0,20145.290356150046,999
G_dipaxis_s0.1,925a7cd1,1,12162.315675490523,1000
G_dipaxis_s0.1,925a7cd1,2,4801.111367202803,1000
G_dipaxis_s0.1,925a7cd1,3,11288.182512122523,1000
G_dipaxis_s0.1,925a7cd1,4,40657.03537601897,518
G_dipaxis_s0.15,925a7cd1,0,18570.91649164662,999
G_dipaxis_s0.15,925a7cd1,1,10658.078231810503,1000
G_dipaxis_s0.15,925a7cd1,2,3695.2106172714844,1000
G_dipaxis_s0.15,925a7cd1,3,9282.814994235134,1000
G_dipaxis_s0.15,925a7cd1,4,36824.01002227404,518
G_dipaxis_s0.2,925a7cd1,0,17066.620999136834,999
G_dipaxis_s0.2,925a7cd1,1,9279.097220778704,1000
G_dipaxis_s0.2,925a7cd1,2,2776.898688101836,1000
G_dipaxis_s0.2,925a7cd1,3,7497.745376664842,1000
G_dipaxis_s0.2,925a7cd1,4,33183.83882748358,518
G_dipaxis_s0.1,f8afa78a,0,30030.414963364186,999
G_dipaxis_s0.1,f8afa78a,1,236938.21222899004,1000
G_dipaxis_s0.1,f8afa78a,2,100094.63602567322,1000
G_dipaxis_s0.1,f8afa78a,3,41655.02589299273,1000
G_dipaxis_s0.1,f8afa78a,4,44364.70595278256,1000
G_dipaxis_s0.1,f8afa78a,5,122518.25734879158,1000
G_dipaxis_s0.1,f8afa78a,6,9831.720645558784,33
G_dipaxis_s0.15,f8afa78a,0,28831.22209747017,999
G_dipaxis_s0.15,f8afa78a,1,236545.2183408025,1000
G_dipaxis_s0.15,f8afa78a,2,100812.17747848073,1000
G_dipaxis_s0.15,f8afa78a,3,39818.692441348685,1000
G_dipaxis_s0.15,f8afa78a,4,42000.630568688204,1000
G_dipaxis_s0.15,f8afa78a,5,113833.41206071925,1000
G_dipaxis_s0.15,f8afa78a,6,9228.574300543689,33
G_dipaxis_s0.2,f8afa78a,0,27665.747862828506,999
G_dipaxis_s0.2,f8afa78a,1,236153.8139974665,1000
G_dipaxis_s0.2,f8afa78a,2,101535.20565704136,1000
G_dipaxis_s0.2,f8afa78a,3,38055.613754806305,1000
G_dipaxis_s0.2,f8afa78a,4,39723.40785284147,1000
G_dipaxis_s0.2,f8afa78a,5,105475.41242136047,1000
G_dipaxis_s0.2,f8afa78a,6,8644.51906241881,33
G_dipaxis_s0.1,4463446c,0,9857.12323304349,999
G_dipaxis_s0.1,4463446c,1,87817.58094532203,1000
G_dipaxis_s0.1,4463446c,2,313280.1126945193,1000
G_dipaxis_s0.1,4463446c,3,69748.26498330732,257
G_dipaxis_s0.15,4463446c,0,7332.587198824911,999
G_dipaxis_s0.15,4463446c,1,67012.60722677282,1000
G_dipaxis_s0.15,4463446c,2,235156.72245668087,1000
G_dipaxis_s0.15,4463446c,3,53456.19833407021,257
G_dipaxis_s0.2,4463446c,0,5218.353219165302,999
G_dipaxis_s0.2,4463446c,1,49090.50386885792,1000
G_dipaxis_s0.2,4463446c,2,168438.1434727585,1000
G_dipaxis_s0.2,4463446c,3,39328.262446166555,257
G_dipaxis_s0.1,c1d046f4,0,6152.340691646626,999
G_dipaxis_s0.1,c1d046f4,1,12418.647148749094,1000
G_dipaxis_s0.1,c1d046f4,2,672.6321889126019,1000
G_dipaxis_s0.1,c1d046f4,3,6298.817218525385,1000
G_dipaxis_s0.1,c1d046f4,4,3373.7068706203145,1000
G_dipaxis_s0.1,c1d046f4,5,1577.7524651429915,514
G_dipaxis_s0.15,c1d046f4,0,5868.912945611243,999
G_dipaxis_s0.15,c1d046f4,1,12601.970245086552,1000
G_dipaxis_s0.15,c1d046f4,2,762.0077008535993,1000
G_dipaxis_s0.15,c1d046f4,3,5542.810584048959,1000
G_dipaxis_s0.15,c1d046f4,4,3341.5683922437825,1000
G_dipaxis_s0.15,c1d046f4,5,1479.9715006693875,514
G_dipaxis_s0.2,c1d046f4,0,5593.784941734926,999
G_dipaxis_s0.2,c1d046f4,1,12800.541598374773,1000
G_dipaxis_s0.2,c1d046f4,2,871.6044886816961,1000
G_dipaxis_s0.2,c1d046f4,3,4852.4436106009925,1000
G_dipaxis_s0.2,c1d046f4,4,3343.5538124998106,1000
G_dipaxis_s0.2,c1d046f4,5,1385.502082514902,514
G_dipaxis_s0.1,dd168de0,0,1874.57377823068,999
G_dipaxis_s0.1,dd168de0,1,26162.788250124962,1000
G_dipaxis_s0.1,dd168de0,2,4336.403135850279,1000
G_dipaxis_s0.1,dd168de0,3,12066.577874302817,305
G_dipaxis_s0.15,dd168de0,0,1853.0409427800566,999
G_dipaxis_s0.15,dd168de0,1,18232.409485583987,1000
G_dipaxis_s0.15,dd168de0,2,1548.1135156274165,1000
G_dipaxis_s0.15,dd168de0,3,18426.09965780635,305
G_dipaxis_s0.2,dd168de0,0,2183.0570060332775,999
G_dipaxis_s0.2,dd168de0,1,11969.018338739837,1000
G_dipaxis_s0.2,dd168de0,2,3160.7574666940864,1000
G_dipaxis_s0.2,dd168de0,3,26266.47811651165,305
G_dipaxis_s0.1,c03fba65,0,56782.66338238264,999
G_dipaxis_s0.1,c03fba65,1,363399.69883443514,1000
G_dipaxis_s0.1,c03fba65,2,507032.1655698939,1000
G_dipaxis_s0.1,c03fba65,3,502000.94269870984,700
G_dipaxis_s0.15,c03fba65,0,48934.95820528221,999
G_dipaxis_s0.15,c03fba65,1,319700.62075208576,1000
G_dipaxis_s0.15,c03fba65,2,424630.19455614785,1000
G_dipaxis_s0.15,c03fba65,3,408140.48928837146,700
G_dipaxis_s0.2,c03fba65,0,41716.37874796358,999
G_dipaxis_s0.2,c03fba65,1,278922.7546462558,1000
G_dipaxis_s0.2,c03fba65,2,349569.5767462853,1000
G_dipaxis_s0.2,c03fba65,3,324051.69173078303,700
G_dipaxis_s0.1,2c0c4a4e,0,5621.060973653229,999
G_dipaxis_s0.1,2c0c4a4e,1,25025.531206055683,1000
G_dipaxis_s0.1,2c0c4a4e,2,26732.404341657657,1000
G_dipaxis_s0.1,2c0c4a4e,3,72645.7112579999,1000
G_dipaxis_s0.1,2c0c4a4e,4,232409.53744568618,791
G_dipaxis_s0.15,2c0c4a4e,0,5847.08155811955,999
G_dipaxis_s0.15,2c0c4a4e,1,25599.836901731334,1000
G_dipaxis_s0.15,2c0c4a4e,2,26619.304771464344,1000
G_dipaxis_s0.15,2c0c4a4e,3,74054.87409381334,1000
G_dipaxis_s0.15,2c0c4a4e,4,237122.4667626322,791
G_dipaxis_s0.2,2c0c4a4e,0,6088.978104566765,999
G_dipaxis_s0.2,2c0c4a4e,1,26181.61771411278,1000
G_dipaxis_s0.2,2c0c4a4e,2,26506.66144380159,1000
G_dipaxis_s0.2,2c0c4a4e,3,75486.29254684452,1000
G_dipaxis_s0.2,2c0c4a4e,4,241888.76393032694,791
G_dipaxis_s0.1,fb3848a1,0,6574.935403852682,999
G_dipaxis_s0.1,fb3848a1,1,22318.051685568815,1000
G_dipaxis_s0.1,fb3848a1,2,110905.55284936704,1000
G_dipaxis_s0.1,fb3848a1,3,170628.52317747442,1000
G_dipaxis_s0.1,fb3848a1,4,97217.06354480461,1000
G_dipaxis_s0.1,fb3848a1,5,117111.36442763316,920
G_dipaxis_s0.15,fb3848a1,0,6255.228275101545,999
G_dipaxis_s0.15,fb3848a1,1,20643.42140603843,1000
G_dipaxis_s0.15,fb3848a1,2,108270.89006713667,1000
G_dipaxis_s0.15,fb3848a1,3,170462.13607399332,1000
G_dipaxis_s0.15,fb3848a1,4,93621.11576907415,1000
G_dipaxis_s0.15,fb3848a1,5,112428.2400487732,920
G_dipaxis_s0.2,fb3848a1,0,5946.612316140684,999
G_dipaxis_s0.2,fb3848a1,1,19034.606240590423,1000
G_dipaxis_s0.2,fb3848a1,2,105679.31184839805,1000
G_dipaxis_s0.2,fb3848a1,3,170296.7116723578,1000
G_dipaxis_s0.2,fb3848a1,4,90110.07843639665,1000
G_dipaxis_s0.2,fb3848a1,5,107847.19947673185,920
G_dipaxis_s0.1,62a6f539,0,46758.107618652044,999
G_dipaxis_s0.1,62a6f539,1,54328.100438037225,1000
G_dipaxis_s0.1,62a6f539,2,21958.39253289042,1000
G_dipaxis_s0.1,62a6f539,3,17849.37845204884,694
G_dipaxis_s0.15,62a6f539,0,47008.75183743575,999
G_dipaxis_s0.15,62a6f539,1,55002.41037341939,1000
G_dipaxis_s0.15,62a6f539,2,21938.602733632146,1000
G_dipaxis_s0.15,62a6f539,3,17134.941280881125,694
G_dipaxis_s0.2,62a6f539,0,47260.221574825606,999
G_dipaxis_s0.2,62a6f539,1,55681.61313240175,1000
G_dipaxis_s0.2,62a6f539,2,21925.519203938784,1000
G_dipaxis_s0.2,62a6f539,3,16436.87840769573,694
G_dipaxis_s0.1,63559d57,0,26779.170450961174,999
G_dipaxis_s0.1,63559d57,1,52899.42038494649,1000
G_dipaxis_s0.1,63559d57,2,21426.094639648283,1000
G_dipaxis_s0.1,63559d57,3,2682.6460148519727,1000
G_dipaxis_s0.1,63559d57,4,80.65345120024443,70
G_dipaxis_s0.15,63559d57,0,27940.302007598693,999
G_dipaxis_s0.15,63559d57,1,57482.27533001468,1000
G_dipaxis_s0.15,63559d57,2,24782.365972306125,1000
G_dipaxis_s0.15,63559d57,3,3774.5947923236995,1000
G_dipaxis_s0.15,63559d57,4,215.14336971843028,70
G_dipaxis_s0.2,63559d57,0,29139.557974884214,999
G_dipaxis_s0.2,63559d57,1,62271.61938024588,1000
G_dipaxis_s0.2,63559d57,2,28472.135994335807,1000
G_dipaxis_s0.2,63559d57,3,5363.706675307666,1000
G_dipaxis_s0.2,63559d57,4,414.5635399085002,70
G_dipaxis_s0.1,4f3eb9e9,0,5504.902969942622,999
G_dipaxis_s0.1,4f3eb9e9,1,33714.14606175128,1000
G_dipaxis_s0.1,4f3eb9e9,2,386068.5366752022,1000
G_dipaxis_s0.1,4f3eb9e9,3,647288.7255169816,1000
G_dipaxis_s0.1,4f3eb9e9,4,146499.75385707014,698
G_dipaxis_s0.15,4f3eb9e9,0,5543.72038479409,999
G_dipaxis_s0.15,4f3eb9e9,1,33462.98797156589,1000
G_dipaxis_s0.15,4f3eb9e9,2,372431.0810123016,1000
G_dipaxis_s0.15,4f3eb9e9,3,611370.0251238568,1000
G_dipaxis_s0.15,4f3eb9e9,4,127880.76025432211,698
G_dipaxis_s0.2,4f3eb9e9,0,5590.637676817263,999
G_dipaxis_s0.2,4f3eb9e9,1,33213.10938259232,1000
G_dipaxis_s0.2,4f3eb9e9,2,359043.5471598376,1000
G_dipaxis_s0.2,4f3eb9e9,3,576587.7079352243,1000
G_dipaxis_s0.2,4f3eb9e9,4,110569.78419484687,698
G_dipaxis_s0.1,460f859e,0,269746.4702190268,999
G_dipaxis_s0.1,460f859e,1,832669.1173443662,1000
G_dipaxis_s0.1,460f859e,2,303043.0125639349,1000
G_dipaxis_s0.1,460f859e,3,65042.82886814642,337
G_dipaxis_s0.15,460f859e,0,271221.67031191196,999
G_dipaxis_s0.15,460f859e,1,840398.3680965737,1000
G_dipaxis_s0.15,460f859e,2,322984.3619310201,1000
G_dipaxis_s0.15,460f859e,3,72038.84847644964,337
G_dipaxis_s0.2,460f859e,0,272700.94789050886,999
G_dipaxis_s0.2,460f859e,1,848178.8344407612,1000
G_dipaxis_s0.2,460f859e,2,343676.04996490927,1000
G_dipaxis_s0.2,460f859e,3,79392.34698291372,337
G_dipaxis_s0.1,28f4eda9,0,3343.539216879335,999
G_dipaxis_s0.1,28f4eda9,1,7019.650352441588,1000
G_dipaxis_s0.1,28f4eda9,2,8699.73509303762,1000
G_dipaxis_s0.1,28f4eda9,3,3785.7598427877424,1000
G_dipaxis_s0.1,28f4eda9,4,20098.640466828478,1000
G_dipaxis_s0.1,28f4eda9,5,3007.554531733852,267
G_dipaxis_s0.15,28f4eda9,0,2747.283278020166,999
G_dipaxis_s0.15,28f4eda9,1,8255.963241666306,1000
G_dipaxis_s0.15,28f4eda9,2,10708.921426407038,1000
G_dipaxis_s0.15,28f4eda9,3,3889.4248350160597,1000
G_dipaxis_s0.15,28f4eda9,4,13784.158769582911,1000
G_dipaxis_s0.15,28f4eda9,5,1633.293819442754,267
G_dipaxis_s0.2,28f4eda9,0,2218.809956270504,999
G_dipaxis_s0.2,28f4eda9,1,9631.912470598314,1000
G_dipaxis_s0.2,28f4eda9,2,12963.341756854,1000
G_dipaxis_s0.2,28f4eda9,3,4731.285703846783,1000
G_dipaxis_s0.2,28f4eda9,4,8736.279218352909,1000
G_dipaxis_s0.2,28f4eda9,5,682.9397977951949,267
G_dipaxis_s0.1,739a914f,0,21022.814644387163,999
G_dipaxis_s0.1,739a914f,1,30396.8120976491,1000
G_dipaxis_s0.1,739a914f,2,17236.47749991054,1000
G_dipaxis_s0.1,739a914f,3,13163.019607154678,1000
G_dipaxis_s0.1,739a914f,4,9260.13350116367,1000
G_dipaxis_s0.1,739a914f,5,7290.248394642484,506
G_dipaxis_s0.15,739a914f,0,19755.213912318064,999
G_dipaxis_s0.15,739a914f,1,27633.387689340423,1000
G_dipaxis_s0.15,739a914f,2,15497.125115798766,1000
G_dipaxis_s0.15,739a914f,3,14188.803512522774,1000
G_dipaxis_s0.15,739a914f,4,12035.628354070974,1000
G_dipaxis_s0.15,739a914f,5,5504.197174840863,506
G_dipaxis_s0.2,739a914f,0,18528.5638633684,999
G_dipaxis_s0.2,739a914f,1,25005.9675673483,1000
G_dipaxis_s0.2,739a914f,2,13851.192422154618,1000
G_dipaxis_s0.2,739a914f,3,15274.118216382869,1000
G_dipaxis_s0.2,739a914f,4,15332.555469179975,1000
G_dipaxis_s0.2,739a914f,5,4192.984731527129,506
G_dipaxis_s0.1,995ff498,0,6433.5556124501945,999
G_dipaxis_s0.1,995ff498,1,18048.638731631007,1000
G_dipaxis_s0.1,995ff498,2,14294.32951475476,1000
G_dipaxis_s0.1,995ff498,3,77493.87947099109,1000
G_dipaxis_s0.1,995ff498,4,227652.49117387555,527
G_dipaxis_s0.15,995ff498,0,6233.362946680024,999
G_dipaxis_s0.15,995ff498,1,18286.986945632376,1000
G_dipaxis_s0.15,995ff498,2,14504.217641511217,1000
G_dipaxis_s0.15,995ff498,3,76473.49066314813,1000
G_dipaxis_s0.15,995ff498,4,228390.59632634692,527
G_dipaxis_s0.2,995ff498,0,6042.838529139264,999
G_dipaxis_s0.2,995ff498,1,18528.255670804738,1000
G_dipaxis_s0.2,995ff498,2,14722.390847000552,1000
G_dipaxis_s0.2,995ff498,3,75464.89389348161,1000
G_dipaxis_s0.2,995ff498,4,229131.32560424524,527
G_dipaxis_s0.1,698930d1,0,2420.5799989993106,999
G_dipaxis_s0.1,698930d1,1,8744.04784889638,1000
G_dipaxis_s0.1,698930d1,2,13496.160488699457,1000
G_dipaxis_s0.1,698930d1,3,53094.43410333452,1000
G_dipaxis_s0.1,698930d1,4,20269.697037198282,742
G_dipaxis_s0.15,698930d1,0,2362.92916732696,999
G_dipaxis_s0.15,698930d1,1,8520.439151833283,1000
G_dipaxis_s0.15,698930d1,2,13192.878569865592,1000
G_dipaxis_s0.15,698930d1,3,52817.30985546138,1000
G_dipaxis_s0.15,698930d1,4,20851.376881299548,742
G_dipaxis_s0.2,698930d1,0,2306.4204118115686,999
G_dipaxis_s0.2,698930d1,1,8300.818859228895,1000
G_dipaxis_s0.2,698930d1,2,12893.388260334219,1000
G_dipaxis_s0.2,698930d1,3,52541.19476377674,1000
G_dipaxis_s0.2,698930d1,4,21442.417657649337,742
G_dipaxis_s0.1,f16e25e3,0,1078.1703788586428,999
G_dipaxis_s0.1,f16e25e3,1,866.6273721440762,1000
G_dipaxis_s0.1,f16e25e3,2,34904.66913280163,1000
G_dipaxis_s0.1,f16e25e3,3,42210.36923325825,1000
G_dipaxis_s0.1,f16e25e3,4,39747.20003685732,652
G_dipaxis_s0.15,f16e25e3,0,910.7894284164261,999
G_dipaxis_s0.15,f16e25e3,1,1421.7781646335957,1000
G_dipaxis_s0.15,f16e25e3,2,39672.80889444502,1000
G_dipaxis_s0.15,f16e25e3,3,48071.068549057985,1000
G_dipaxis_s0.15,f16e25e3,4,46720.96104113342,652
G_dipaxis_s0.2,f16e25e3,0,807.3494652493774,999
G_dipaxis_s0.2,f16e25e3,1,2371.4616337015677,1000
G_dipaxis_s0.2,f16e25e3,2,44768.24250623247,1000
G_dipaxis_s0.2,f16e25e3,3,54412.242752613995,1000
G_dipaxis_s0.2,f16e25e3,4,54263.243786418876,652
G_dipaxis_s0.1,37d36812,0,19300.567325823737,999
G_dipaxis_s0.1,37d36812,1,232253.35588506202,1000
G_dipaxis_s0.1,37d36812,2,254713.1297430546,1000
G_dipaxis_s0.1,37d36812,3,543604.7533935987,1000
G_dipaxis_s0.1,37d36812,4,56602.81855729143,368
G_dipaxis_s0.15,37d36812,0,16739.613718610624,999
G_dipaxis_s0.15,37d36812,1,211540.98243628617,1000
G_dipaxis_s0.15,37d36812,2,225702.637785335,1000
G_dipaxis_s0.15,37d36812,3,505665.3829964882,1000
G_dipaxis_s0.15,37d36812,4,47209.6507468994,368
G_dipaxis_s0.2,37d36812,0,14375.204157946373,999
G_dipaxis_s0.2,37d36812,1,191801.90403696994,1000
G_dipaxis_s0.2,37d36812,2,198476.9776442094,1000
G_dipaxis_s0.2,37d36812,3,469171.78026088147,1000
G_dipaxis_s0.2,37d36812,4,38712.82428322884,368
G_dipaxis_s0.1,a5aa7973,0,23205.17473192013,999
G_dipaxis_s0.1,a5aa7973,1,10685.43382619217,1000
G_dipaxis_s0.1,a5aa7973,2,130198.96754922724,1000
G_dipaxis_s0.1,a5aa7973,3,158722.18600592107,1000
G_dipaxis_s0.1,a5aa7973,4,88022.77774981233,617
G_dipaxis_s0.15,a5aa7973,0,23407.483850131786,999
G_dipaxis_s0.15,a5aa7973,1,10189.758522153406,1000
G_dipaxis_s0.15,a5aa7973,2,126087.22199516377,1000
G_dipaxis_s0.15,a5aa7973,3,150792.6415080826,1000
G_dipaxis_s0.15,a5aa7973,4,82521.83970623539,617
G_dipaxis_s0.2,a5aa7973,0,23610.959212272865,999
G_dipaxis_s0.2,a5aa7973,1,9726.119908450248,1000
G_dipaxis_s0.2,a5aa7973,2,122048.25460546107,1000
G_dipaxis_s0.2,a5aa7973,3,143086.3189169606,1000
G_dipaxis_s0.2,a5aa7973,4,77202.16516244793,617
G_dipaxis_s0.1,8612b37f,0,38340.659931105234,999
G_dipaxis_s0.1,8612b37f,1,15550.739148172188,1000
G_dipaxis_s0.1,8612b37f,2,21753.54598045701,1000
G_dipaxis_s0.1,8612b37f,3,449778.9986843177,1000
G_dipaxis_s0.1,8612b37f,4,389722.226337702,1000
G_dipaxis_s0.1,8612b37f,5,11942.717834462312,166
G_dipaxis_s0.15,8612b37f,0,36705.198593604364,999
G_dipaxis_s0.15,8612b37f,1,15420.16867346826,1000
G_dipaxis_s0.15,8612b37f,2,22804.97058044686,1000
G_dipaxis_s0.15,8612b37f,3,445582.48956960306,1000
G_dipaxis_s0.15,8612b37f,4,409637.91911904054,1000
G_dipaxis_s0.15,8612b37f,5,15414.379035567,166
G_dipaxis_s0.2,8612b37f,0,35107.9917937971,999
G_dipaxis_s0.2,8612b37f,1,15340.290883670255,1000
G_dipaxis_s0.2,8612b37f,2,23937.484260898735,1000
G_dipaxis_s0.2,8612b37f,3,441414.91964050935,1000
G_dipaxis_s0.2,8612b37f,4,430440.7080114373,1000
G_dipaxis_s0.2,8612b37f,5,19335.13910303287,166
G_dipaxis_s0.1,94467f50,0,88177.74108694842,999
G_dipaxis_s0.1,94467f50,1,265280.79411307845,1000
G_dipaxis_s0.1,94467f50,2,327017.0056596382,1000
G_dipaxis_s0.1,94467f50,3,20103.118639969627,36
G_dipaxis_s0.15,94467f50,0,85949.2169783568,999
G_dipaxis_s0.15,94467f50,1,261940.30135982615,1000
G_dipaxis_s0.15,94467f50,2,316731.05295442394,1000
G_dipaxis_s0.15,94467f50,3,18205.621870190756,36
G_dipaxis_s0.2,94467f50,0,83761.2458489143,999
G_dipaxis_s0.2,94467f50,1,258643.93655283254,1000
G_dipaxis_s0.2,94467f50,2,306749.0753021535,1000
G_dipaxis_s0.2,94467f50,3,16402.177004275887,36
G_dipaxis_s0.1,14fee784,0,41280.80163597428,999
G_dipaxis_s0.1,14fee784,1,592709.6833854058,1000
G_dipaxis_s0.1,14fee784,2,1260264.2617422307,1000
G_dipaxis_s0.1,14fee784,3,1303862.8273049607,1000
G_dipaxis_s0.1,14fee784,4,219649.69294677657,911
G_dipaxis_s0.15,14fee784,0,41818.70050337618,999
G_dipaxis_s0.15,14fee784,1,578133.9401802544,1000
G_dipaxis_s0.15,14fee784,2,1226140.918318739,1000
G_dipaxis_s0.15,14fee784,3,1273673.6691797343,1000
G_dipaxis_s0.15,14fee784,4,215225.8986050429,911
G_dipaxis_s0.2,14fee784,0,42361.9351926321,999
G_dipaxis_s0.2,14fee784,1,563745.0669285912,1000
G_dipaxis_s0.2,14fee784,2,1192495.7235433017,1000
G_dipaxis_s0.2,14fee784,3,1243847.5446299778,1000
G_dipaxis_s0.2,14fee784,4,210854.31331526776,911
G_dipaxis_s0.1,eabc711b,0,8574.763763658704,999
G_dipaxis_s0.1,eabc711b,1,53820.85684559409,1000
G_dipaxis_s0.1,eabc711b,2,31063.87781524955,1000
G_dipaxis_s0.1,eabc711b,3,263618.2082456052,1000
G_dipaxis_s0.1,eabc711b,4,255325.13722885924,1000
G_dipaxis_s0.1,eabc711b,5,8918.347330311282,349
G_dipaxis_s0.15,eabc711b,0,8178.359120217583,999
G_dipaxis_s0.15,eabc711b,1,49011.25890649856,1000
G_dipaxis_s0.15,eabc711b,2,28001.07115942783,1000
G_dipaxis_s0.15,eabc711b,3,284832.2775831549,1000
G_dipaxis_s0.15,eabc711b,4,289418.6270833329,1000
G_dipaxis_s0.15,eabc711b,5,15223.51986014001,349
G_dipaxis_s0.2,eabc711b,0,7792.285936879625,999
G_dipaxis_s0.2,eabc711b,1,44439.49739700721,1000
G_dipaxis_s0.2,eabc711b,2,25656.23825884885,1000
G_dipaxis_s0.2,eabc711b,3,306879.74056677683,1000
G_dipaxis_s0.2,eabc711b,4,325994.90419749287,1000
G_dipaxis_s0.2,eabc711b,5,23549.672181385162,349
G_dipaxis_s0.1,bd2c2f34,0,7819.890030230113,999
G_dipaxis_s0.1,bd2c2f34,1,26851.112196497426,1000
G_dipaxis_s0.1,bd2c2f34,2,20730.66160922315,1000
G_dipaxis_s0.1,bd2c2f34,3,23822.05418513207,1000
G_dipaxis_s0.1,bd2c2f34,4,36246.59258940215,1000
G_dipaxis_s0.1,bd2c2f34,5,11206.009269350103,1000
G_dipaxis_s0.1,bd2c2f34,6,8310.232904167358,1000
G_dipaxis_s0.1,bd2c2f34,7,40325.22687109005,1000
G_dipaxis_s0.1,bd2c2f34,8,13516.773246890487,1000
G_dipaxis_s0.1,bd2c2f34,9,2443.802968183504,824
G_dipaxis_s0.15,bd2c2f34,0,8161.879631540204,999
G_dipaxis_s0.15,bd2c2f34,1,28243.060795535646,1000
G_dipaxis_s0.15,bd2c2f34,2,22198.262129782473,1000
G_dipaxis_s0.15,bd2c2f34,3,25486.016031952295,1000
G_dipaxis_s0.15,bd2c2f34,4,39666.48283361206,1000
G_dipaxis_s0.15,bd2c2f34,5,13423.20166072433,1000
G_dipaxis_s0.15,bd2c2f34,6,10546.639059192092,1000
G_dipaxis_s0.15,bd2c2f34,7,45999.219901451535,1000
G_dipaxis_s0.15,bd2c2f34,8,17270.02035170275,1000
G_dipaxis_s0.15,bd2c2f34,9,1496.1851069006118,824
G_dipaxis_s0.2,bd2c2f34,0,8512.565400504449,999
G_dipaxis_s0.2,bd2c2f34,1,29675.096892282596,1000
G_dipaxis_s0.2,bd2c2f34,2,23717.05509775644,1000
G_dipaxis_s0.2,bd2c2f34,3,27208.107448968967,1000
G_dipaxis_s0.2,bd2c2f34,4,43250.16745925693,1000
G_dipaxis_s0.2,bd2c2f34,5,15864.060276311708,1000
G_dipaxis_s0.2,bd2c2f34,6,13120.127778199925,1000
G_dipaxis_s0.2,bd2c2f34,7,52050.217470726275,1000
G_dipaxis_s0.2,bd2c2f34,8,21562.297519238084,1000
G_dipaxis_s0.2,bd2c2f34,9,1032.8468469304858,824
G_dipaxis_s0.1,d9d6d94d,0,14666.190885628965,999
G_dipaxis_s0.1,d9d6d94d,1,49152.051360080244,1000
G_dipaxis_s0.1,d9d6d94d,2,561317.1821790062,1000
G_dipaxis_s0.1,d9d6d94d,3,368387.63531753136,1000
G_dipaxis_s0.1,d9d6d94d,4,25085.499727802544,920
G_dipaxis_s0.15,d9d6d94d,0,14596.241975830952,999
G_dipaxis_s0.15,d9d6d94d,1,48757.111636335445,1000
G_dipaxis_s0.15,d9d6d94d,2,561153.8359059918,1000
G_dipaxis_s0.15,d9d6d94d,3,369364.1657333599,1000
G_dipaxis_s0.15,d9d6d94d,4,24629.014970016357,920
G_dipaxis_s0.2,d9d6d94d,0,14529.218401647877,999
G_dipaxis_s0.2,d9d6d94d,1,48364.867473693594,1000
G_dipaxis_s0.2,d9d6d94d,2,560991.1665797653,1000
G_dipaxis_s0.2,d9d6d94d,3,370342.5724666759,1000
G_dipaxis_s0.2,d9d6d94d,4,24177.535723399284,920
G_dipaxis_s0.1,dd64382d,0,7944.913128279044,999
G_dipaxis_s0.1,dd64382d,1,25154.282479292542,1000
G_dipaxis_s0.1,dd64382d,2,73326.02794288922,1000
G_dipaxis_s0.1,dd64382d,3,22569.61989486149,125
G_dipaxis_s0.15,dd64382d,0,8178.8667938754925,999
G_dipaxis_s0.15,dd64382d,1,26214.93340863972,1000
G_dipaxis_s0.15,dd64382d,2,76389.51866703127,1000
G_dipaxis_s0.15,dd64382d,3,23183.70456604015,125
G_dipaxis_s0.2,dd64382d,0,8416.47514848134,999
G_dipaxis_s0.2,dd64382d,1,27297.597071209842,1000
G_dipaxis_s0.2,dd64382d,2,79518.94137262218,1000
G_dipaxis_s0.2,dd64382d,3,23806.0390891026,125
G_dipaxis_s0.1,c42fe306,0,10143.612484821597,999
G_dipaxis_s0.1,c42fe306,1,168645.75570493564,1000
G_dipaxis_s0.1,c42fe306,2,257039.11885302924,1000
G_dipaxis_s0.1,c42fe306,3,116163.92124589709,1000
G_dipaxis_s0.1,c42fe306,4,8386.223760850535,1000
G_dipaxis_s0.1,c42fe306,5,892.0188635043568,96
G_dipaxis_s0.15,c42fe306,0,10877.260289728196,999
G_dipaxis_s0.15,c42fe306,1,171889.12726791727,1000
G_dipaxis_s0.15,c42fe306,2,265816.7864070227,1000
G_dipaxis_s0.15,c42fe306,3,127888.47533941931,1000
G_dipaxis_s0.15,c42fe306,4,8398.933472160805,1000
G_dipaxis_s0.15,c42fe306,5,608.4788113788992,96
G_dipaxis_s0.2,c42fe306,0,11667.03977242822,999
G_dipaxis_s0.2,c42fe306,1,175170.3357145914,1000
G_dipaxis_s0.2,c42fe306,2,274766.2738785017,1000
G_dipaxis_s0.2,c42fe306,3,140253.094613077,1000
G_dipaxis_s0.2,c42fe306,4,8788.986051068758,1000
G_dipaxis_s0.2,c42fe306,5,379.012795008018,96
G_dipaxis_s0.1,7ff89f8f,0,3702.278337788669,999
G_dipaxis_s0.1,7ff89f8f,1,34567.36636897439,1000
G_dipaxis_s0.1,7ff89f8f,2,137677.46392151804,1000
G_dipaxis_s0.1,7ff89f8f,3,390428.2583465259,1000
G_dipaxis_s0.1,7ff89f8f,4,492918.29101410945,1000
G_dipaxis_s0.1,7ff89f8f,5,430617.07078537333,1000
G_dipaxis_s0.1,7ff89f8f,6,288076.9515853167,1000
G_dipaxis_s0.1,7ff89f8f,7,8618.218768379216,338
G_dipaxis_s0.15,7ff89f8f,0,3786.6656321870846,999
G_dipaxis_s0.15,7ff89f8f,1,33875.02115122581,1000
G_dipaxis_s0.15,7ff89f8f,2,132935.33579189537,1000
G_dipaxis_s0.15,7ff89f8f,3,378531.9960315219,1000
G_dipaxis_s0.15,7ff89f8f,4,472880.5577333538,1000
G_dipaxis_s0.15,7ff89f8f,5,406481.8785640727,1000
G_dipaxis_s0.15,7ff89f8f,6,267970.4303069351,1000
G_dipaxis_s0.15,7ff89f8f,7,6335.6898928161445,338
G_dipaxis_s0.2,7ff89f8f,0,3872.4575089986956,999
G_dipaxis_s0.2,7ff89f8f,1,33189.88671883929,1000
G_dipaxis_s0.2,7ff89f8f,2,128278.56844894747,1000
G_dipaxis_s0.2,7ff89f8f,3,366819.88536549074,1000
G_dipaxis_s0.2,7ff89f8f,4,453266.57273923437,1000
G_dipaxis_s0.2,7ff89f8f,5,383044.0591673821,1000
G_dipaxis_s0.2,7ff89f8f,6,248721.4664854084,1000
G_dipaxis_s0.2,7ff89f8f,7,4417.319715574807,338
G_dipaxis_s0.1,8478df29,0,44721.86814900807,999
G_dipaxis_s0.1,8478df29,1,55398.40125055503,1000
G_dipaxis_s0.1,8478df29,2,122711.4494095384,1000
G_dipaxis_s0.1,8478df29,3,24681.62757336461,1000
G_dipaxis_s0.1,8478df29,4,2367.1527236083502,858
G_dipaxis_s0.15,8478df29,0,42116.44587687428,999
G_dipaxis_s0.15,8478df29,1,50377.63674784456,1000
G_dipaxis_s0.15,8478df29,2,113146.60078079435,1000
G_dipaxis_s0.15,8478df29,3,18900.39527445937,1000
G_dipaxis_s0.15,8478df29,4,3551.488617934492,858
G_dipaxis_s0.2,8478df29,0,39599.70043585395,999
G_dipaxis_s0.2,8478df29,1,45610.51422249085,1000
G_dipaxis_s0.2,8478df29,2,104064.21761231487,1000
G_dipaxis_s0.2,8478df29,3,14180.628100368987,1000
G_dipaxis_s0.2,8478df29,4,6221.544127699399,858
G_dipaxis_s0.1,5eae34a8,0,638.7522935929563,999
G_dipaxis_s0.1,5eae34a8,1,2572.2754346933725,1000
G_dipaxis_s0.1,5eae34a8,2,26995.37678825702,1000
G_dipaxis_s0.1,5eae34a8,3,50421.618298133384,1000
G_dipaxis_s0.1,5eae34a8,4,265436.5377951591,905
G_dipaxis_s0.15,5eae34a8,0,603.5034576748211,999
G_dipaxis_s0.15,5eae34a8,1,2638.6675498331347,1000
G_dipaxis_s0.15,5eae34a8,2,27664.09627229677,1000
G_dipaxis_s0.15,5eae34a8,3,46991.10364769293,1000
G_dipaxis_s0.15,5eae34a8,4,256851.25875683542,905
G_dipaxis_s0.2,5eae34a8,0,569.5217160447493,999
G_dipaxis_s0.2,5eae34a8,1,2708.5473333175605,1000
G_dipaxis_s0.2,5eae34a8,2,28345.71984249772,1000
G_dipaxis_s0.2,5eae34a8,3,43722.781514515125,1000
G_dipaxis_s0.2,5eae34a8,4,248409.93243830604,905
G_dipaxis_s0.1,5a1a8fd8,0,35956.80283667146,999
G_dipaxis_s0.1,5a1a8fd8,1,17348.221796482438,1000
G_dipaxis_s0.1,5a1a8fd8,2,3512.051284850987,1000
G_dipaxis_s0.1,5a1a8fd8,3,10305.840342340598,1000
G_dipaxis_s0.1,5a1a8fd8,4,122365.79406469727,1000
G_dipaxis_s0.1,5a1a8fd8,5,108019.56339204739,261
G_dipaxis_s0.15,5a1a8fd8,0,36626.48772880217,999
G_dipaxis_s0.15,5a1a8fd8,1,11393.937688240916,1000
G_dipaxis_s0.15,5a1a8fd8,2,6084.6313394476565,1000
G_dipaxis_s0.15,5a1a8fd8,3,17355.622885049535,1000
G_dipaxis_s0.15,5a1a8fd8,4,89466.57359011957,1000
G_dipaxis_s0.15,5a1a8fd8,5,88410.569325033,261
G_dipaxis_s0.2,5a1a8fd8,0,37416.90049421643,999
G_dipaxis_s0.2,5a1a8fd8,1,7048.935767062322,1000
G_dipaxis_s0.2,5a1a8fd8,2,10182.727093640791,1000
G_dipaxis_s0.2,5a1a8fd8,3,27277.623843821653,1000
G_dipaxis_s0.2,5a1a8fd8,4,62987.34844855248,1000
G_dipaxis_s0.2,5a1a8fd8,5,70769.4896913685,261
G_dipaxis_s0.1,940e709a,0,6649.459033471148,999
G_dipaxis_s0.1,940e709a,1,5523.788204669857,1000
G_dipaxis_s0.1,940e709a,2,14506.016525524212,1000
G_dipaxis_s0.1,940e709a,3,607.161152793825,349
G_dipaxis_s0.15,940e709a,0,8359.122191351575,999
G_dipaxis_s0.15,940e709a,1,8637.388761173206,1000
G_dipaxis_s0.15,940e709a,2,26862.971108367456,1000
G_dipaxis_s0.15,940e709a,3,1277.7515864690288,349
G_dipaxis_s0.2,940e709a,0,10427.097287651735,999
G_dipaxis_s0.2,940e709a,1,13513.043414063537,1000
G_dipaxis_s0.2,940e709a,2,43522.004329558986,1000
G_dipaxis_s0.2,940e709a,3,5144.7722101284135,349
G_dipaxis_s0.1,7bb17b96,0,1695.2198924040447,999
G_dipaxis_s0.1,7bb17b96,1,13919.804498059611,1000
G_dipaxis_s0.1,7bb17b96,2,31498.743839087638,1000
G_dipaxis_s0.1,7bb17b96,3,19234.72950402379,923
G_dipaxis_s0.15,7bb17b96,0,1258.899239994368,999
G_dipaxis_s0.15,7bb17b96,1,16598.679259335437,1000
G_dipaxis_s0.15,7bb17b96,2,24307.72949654023,1000
G_dipaxis_s0.15,7bb17b96,3,13886.171078188776,923
G_dipaxis_s0.2,7bb17b96,0,905.4555947819904,999
G_dipaxis_s0.2,7bb17b96,1,19606.639659788812,1000
G_dipaxis_s0.2,7bb17b96,2,18414.040821419883,1000
G_dipaxis_s0.2,7bb17b96,3,10184.72332814243,923
G_dipaxis_s0.1,e149204f,0,13872.88337101516,999
G_dipaxis_s0.1,e149204f,1,11883.293751926647,1000
G_dipaxis_s0.1,e149204f,2,11057.261076835255,1000
G_dipaxis_s0.1,e149204f,3,32857.9672508534,1000
G_dipaxis_s0.1,e149204f,4,32096.568026966543,1000
G_dipaxis_s0.1,e149204f,5,109077.65714781049,1000
G_dipaxis_s0.1,e149204f,6,4137.965118528448,98
G_dipaxis_s0.15,e149204f,0,13931.304101921858,999
G_dipaxis_s0.15,e149204f,1,12499.239435358906,1000
G_dipaxis_s0.15,e149204f,2,12457.76152745345,1000
G_dipaxis_s0.15,e149204f,3,32254.292846115,1000
G_dipaxis_s0.15,e149204f,4,29644.410995161998,1000
G_dipaxis_s0.15,e149204f,5,100397.1715531257,1000
G_dipaxis_s0.15,e149204f,6,3509.469376468159,98
G_dipaxis_s0.2,e149204f,0,13995.18526755021,999
G_dipaxis_s0.2,e149204f,1,13135.118846637384,1000
G_dipaxis_s0.2,e149204f,2,13966.09277856174,1000
G_dipaxis_s0.2,e149204f,3,31681.78716257542,1000
G_dipaxis_s0.2,e149204f,4,27309.000985156934,1000
G_dipaxis_s0.2,e149204f,5,92091.25072651372,1000
G_dipaxis_s0.2,e149204f,6,2933.4411705195052,98
G_dipaxis_s0.1,22c5f93f,0,86.92314465327532,999
G_dipaxis_s0.1,22c5f93f,1,33315.1147864838,1000
G_dipaxis_s0.1,22c5f93f,2,10576.024619030677,1000
G_dipaxis_s0.1,22c5f93f,3,29039.807062756245,1000
G_dipaxis_s0.1,22c5f93f,4,19274.445447053866,1000
G_dipaxis_s0.1,22c5f93f,5,7567.564765650879,173
G_dipaxis_s0.15,22c5f93f,0,57.19384247822515,999
G_dipaxis_s0.15,22c5f93f,1,34424.45219584538,1000
G_dipaxis_s0.15,22c5f93f,2,8408.76587599343,1000
G_dipaxis_s0.15,22c5f93f,3,25985.206922616293,1000
G_dipaxis_s0.15,22c5f93f,4,23030.219925973808,1000
G_dipaxis_s0.15,22c5f93f,5,8723.016423975136,173
G_dipaxis_s0.2,22c5f93f,0,72.50581038012803,999
G_dipaxis_s0.2,22c5f93f,1,35574.4414374203,1000
G_dipaxis_s0.2,22c5f93f,2,6527.734425723487,1000
G_dipaxis_s0.2,22c5f93f,3,23145.50538539419,1000
G_dipaxis_s0.2,22c5f93f,4,27185.316861240142,1000
G_dipaxis_s0.2,22c5f93f,5,9960.572682760805,173
G_dipaxis_s0.1,2e43c2ea,0,3564.1437525828765,999
G_dipaxis_s0.1,2e43c2ea,1,61269.970033066624,1000
G_dipaxis_s0.1,2e43c2ea,2,30096.00352549961,1000
G_dipaxis_s0.1,2e43c2ea,3,8070.506544620883,1000
G_dipaxis_s0.1,2e43c2ea,4,37467.9247493708,1000
G_dipaxis_s0.1,2e43c2ea,5,408989.3742905732,699
G_dipaxis_s0.15,2e43c2ea,0,3595.563014689327,999
G_dipaxis_s0.15,2e43c2ea,1,61200.6354375754,1000
G_dipaxis_s0.15,2e43c2ea,2,29592.045104461988,1000
G_dipaxis_s0.15,2e43c2ea,3,7793.704184767339,1000
G_dipaxis_s0.15,2e43c2ea,4,36977.73042942426,1000
G_dipaxis_s0.15,2e43c2ea,5,407198.1420623113,699
G_dipaxis_s0.2,2e43c2ea,0,3629.681723708443,999
G_dipaxis_s0.2,2e43c2ea,1,61131.4752460852,1000
G_dipaxis_s0.2,2e43c2ea,2,29096.98775140694,1000
G_dipaxis_s0.2,2e43c2ea,3,7523.835973120462,1000
G_dipaxis_s0.2,2e43c2ea,4,36491.41056333006,1000
G_dipaxis_s0.2,2e43c2ea,5,405411.30503603356,699
G_dipaxis_s0.1,44a94013,0,118195.78723532791,999
G_dipaxis_s0.1,44a94013,1,119798.39622031608,1000
G_dipaxis_s0.1,44a94013,2,140642.17710113953,1000
G_dipaxis_s0.1,44a94013,3,89147.2301568983,1000
G_dipaxis_s0.1,44a94013,4,313706.85886667226,904
G_dipaxis_s0.15,44a94013,0,112707.54459985722,999
G_dipaxis_s0.15,44a94013,1,114214.03493707314,1000
G_dipaxis_s0.15,44a94013,2,134739.0006059836,1000
G_dipaxis_s0.15,44a94013,3,85435.59917888786,1000
G_dipaxis_s0.15,44a94013,4,294786.58009934775,904
G_dipaxis_s0.2,44a94013,0,107351.08881306145,999
G_dipaxis_s0.2,44a94013,1,108815.72447391329,1000
G_dipaxis_s0.2,44a94013,2,128978.16613787552,1000
G_dipaxis_s0.2,44a94013,3,81805.6925371592,1000
G_dipaxis_s0.2,44a94013,4,276468.11021948734,904
G_dipaxis_s0.1,2b547943,0,3513.2252487595147,999
G_dipaxis_s0.1,2b547943,1,149927.51559194276,1000
G_dipaxis_s0.1,2b547943,2,175472.01042798074,1000
G_dipaxis_s0.1,2b547943,3,85343.7916068822,481
G_dipaxis_s0.15,2b547943,0,3947.2783201925654,999
G_dipaxis_s0.15,2b547943,1,153231.37206730698,1000
G_dipaxis_s0.15,2b547943,2,182687.75041873718,1000
G_dipaxis_s0.15,2b547943,3,90911.27768125552,481
G_dipaxis_s0.2,2b547943,0,4412.866387323887,999
G_dipaxis_s0.2,2b547943,1,156575.80039538094,1000
G_dipaxis_s0.2,2b547943,2,190062.23217673405,1000
G_dipaxis_s0.2,2b547943,3,96661.3064877613,481
G_dipaxis_s0.1,d07aed8f,0,43216.18034058361,999
G_dipaxis_s0.1,d07aed8f,1,152081.8744666575,1000
G_dipaxis_s0.1,d07aed8f,2,16228.302944474342,958
G_dipaxis_s0.15,d07aed8f,0,47629.713204096166,999
G_dipaxis_s0.15,d07aed8f,1,172610.66789716447,1000
G_dipaxis_s0.15,d07aed8f,2,3058.858529932036,958
G_dipaxis_s0.2,d07aed8f,0,52293.965931914325,999
G_dipaxis_s0.2,d07aed8f,1,195281.6123444401,1000
G_dipaxis_s0.2,d07aed8f,2,707.5405850326563,958
G_dipaxis_s0.1,6ede926a,0,6147.512472395704,999
G_dipaxis_s0.1,6ede926a,1,1090.1011016657983,1000
G_dipaxis_s0.1,6ede926a,2,25438.264820554636,1000
G_dipaxis_s0.1,6ede926a,3,46245.22603484125,1000
G_dipaxis_s0.1,6ede926a,4,14850.591913942215,939
G_dipaxis_s0.15,6ede926a,0,5999.795293729687,999
G_dipaxis_s0.15,6ede926a,1,1268.7435172079718,1000
G_dipaxis_s0.15,6ede926a,2,26858.192311140454,1000
G_dipaxis_s0.15,6ede926a,3,49725.71058941863,1000
G_dipaxis_s0.15,6ede926a,4,17401.376344192828,939
G_dipaxis_s0.2,6ede926a,0,5861.414852664305,999
G_dipaxis_s0.2,6ede926a,1,1477.105114276333,1000
G_dipaxis_s0.2,6ede926a,2,28331.792755047583,1000
G_dipaxis_s0.2,6ede926a,3,53381.076709189714,1000
G_dipaxis_s0.2,6ede926a,4,20154.49264760087,939
G_dipaxis_s0.1,529e88ca,0,9640.850167908467,999
G_dipaxis_s0.1,529e88ca,1,143953.44157913743,1000
G_dipaxis_s0.1,529e88ca,2,351444.22141126817,1000
G_dipaxis_s0.1,529e88ca,3,233867.1180418048,418
G_dipaxis_s0.15,529e88ca,0,5149.921065467597,999
G_dipaxis_s0.15,529e88ca,1,169367.69521922318,1000
G_dipaxis_s0.15,529e88ca,2,477100.5415066003,1000
G_dipaxis_s0.15,529e88ca,3,338962.86456686666,418
G_dipaxis_s0.2,529e88ca,0,2123.5851863739813,999
G_dipaxis_s0.2,529e88ca,1,198925.75483921872,1000
G_dipaxis_s0.2,529e88ca,2,622571.580069366,1000
G_dipaxis_s0.2,529e88ca,3,463574.94854757405,418
G_dipaxis_s0.1,09441b8d,0,1302.9030227703743,999
G_dipaxis_s0.1,09441b8d,1,3656.8987287979144,1000
G_dipaxis_s0.1,09441b8d,2,38970.604681435005,1000
G_dipaxis_s0.1,09441b8d,3,3947.108900376134,1000
G_dipaxis_s0.1,09441b8d,4,10534.271204358534,1000
G_dipaxis_s0.1,09441b8d,5,13722.556130648078,489
G_dipaxis_s0.15,09441b8d,0,1326.2201434474991,999
G_dipaxis_s0.15,09441b8d,1,3398.659525674228,1000
G_dipaxis_s0.15,09441b8d,2,37371.01521610418,1000
G_dipaxis_s0.15,09441b8d,3,3677.1848025476197,1000
G_dipaxis_s0.15,09441b8d,4,10690.206319598947,1000
G_dipaxis_s0.15,09441b8d,5,14047.629097558216,489
G_dipaxis_s0.2,09441b8d,0,1352.862651315598,999
G_dipaxis_s0.2,09441b8d,1,3162.6944338570484,1000
G_dipaxis_s0.2,09441b8d,2,35805.75088787143,1000
G_dipaxis_s0.2,09441b8d,3,3417.6754204802182,1000
G_dipaxis_s0.2,09441b8d,4,10847.66474916533,1000
G_dipaxis_s0.2,09441b8d,5,14376.663260406087,489
G_dipaxis_s0.1,4121c517,0,9714.611083634487,999
G_dipaxis_s0.1,4121c517,1,7304.350776141897,1000
G_dipaxis_s0.1,4121c517,2,50958.97929510337,1000
G_dipaxis_s0.1,4121c517,3,30939.14410869816,724
G_dipaxis_s0.15,4121c517,0,9629.96659598684,999
G_dipaxis_s0.15,4121c517,1,7383.071682929425,1000
G_dipaxis_s0.15,4121c517,2,50392.04932937675,1000
G_dipaxis_s0.15,4121c517,3,30342.302714726717,724
G_dipaxis_s0.2,4121c517,0,9545.841900218229,999
G_dipaxis_s0.2,4121c517,1,7463.209498823939,1000
G_dipaxis_s0.2,4121c517,2,49828.439413871885,1000
G_dipaxis_s0.2,4121c517,3,29751.806960663558,724
G_dipaxis_s0.1,58850d2c,0,16971.278701391144,999
G_dipaxis_s0.1,58850d2c,1,10718.325773970095,1000
G_dipaxis_s0.1,58850d2c,2,32808.35774797374,1000
G_dipaxis_s0.1,58850d2c,3,42659.692482162194,1000
G_dipaxis_s0.1,58850d2c,4,13565.846543110592,996
G_dipaxis_s0.15,58850d2c,0,16338.121344833024,999
G_dipaxis_s0.15,58850d2c,1,12367.002578577898,1000
G_dipaxis_s0.15,58850d2c,2,28463.200323285717,1000
G_dipaxis_s0.15,58850d2c,3,32954.05017304678,1000
G_dipaxis_s0.15,58850d2c,4,17075.367718691137,996
G_dipaxis_s0.2,58850d2c,0,15721.750415861636,999
G_dipaxis_s0.2,58850d2c,1,14171.949099081896,1000
G_dipaxis_s0.2,58850d2c,2,24688.724749061184,1000
G_dipaxis_s0.2,58850d2c,3,24721.899495172576,1000
G_dipaxis_s0.2,58850d2c,4,23146.876625899175,996
G_dipaxis_s0.1,d273674e,0,5641.509396513281,999
G_dipaxis_s0.1,d273674e,1,1094.0758121348958,1000
G_dipaxis_s0.1,d273674e,2,1345.3739097923985,1000
G_dipaxis_s0.1,d273674e,3,22190.23302554925,900
G_dipaxis_s0.15,d273674e,0,5091.229602900433,999
G_dipaxis_s0.15,d273674e,1,1107.2040899636047,1000
G_dipaxis_s0.15,d273674e,2,724.8384243931572,1000
G_dipaxis_s0.15,d273674e,3,17801.372928243352,900
G_dipaxis_s0.2,d273674e,0,4581.320564507497,999
G_dipaxis_s0.2,d273674e,1,1295.1117883665272,1000
G_dipaxis_s0.2,d273674e,2,656.4872832634449,1000
G_dipaxis_s0.2,d273674e,3,14029.863710338519,900
G_dipaxis_s0.1,cbb406b5,0,32189.987233250744,999
G_dipaxis_s0.1,cbb406b5,1,121526.5061044362,1000
G_dipaxis_s0.1,cbb406b5,2,133801.03859493742,1000
G_dipaxis_s0.1,cbb406b5,3,19405.251812710354,1000
G_dipaxis_s0.1,cbb406b5,4,3138.1979116179073,1000
G_dipaxis_s0.1,cbb406b5,5,13075.195089830253,1000
G_dipaxis_s0.1,cbb406b5,6,2151.8714566656067,329
G_dipaxis_s0.15,cbb406b5,0,28537.456294937147,999
G_dipaxis_s0.15,cbb406b5,1,113288.1089803809,1000
G_dipaxis_s0.15,cbb406b5,2,126942.31607509844,1000
G_dipaxis_s0.15,cbb406b5,3,18047.82969257224,1000
G_dipaxis_s0.15,cbb406b5,4,3298.0036173249478,1000
G_dipaxis_s0.15,cbb406b5,5,12597.995737840361,1000
G_dipaxis_s0.15,cbb406b5,6,2017.3043258884113,329
G_dipaxis_s0.2,cbb406b5,0,25119.459520900913,999
G_dipaxis_s0.2,cbb406b5,1,105341.69892916824,1000
G_dipaxis_s0.2,cbb406b5,2,120265.85953532979,1000
G_dipaxis_s0.2,cbb406b5,3,16764.999201127623,1000
G_dipaxis_s0.2,cbb406b5,4,3484.451841286671,1000
G_dipaxis_s0.2,cbb406b5,5,12130.65112625718,1000
G_dipaxis_s0.2,cbb406b5,6,1889.7054718873749,329
G_dipaxis_s0.1,c03d4aed,0,6799.036405781705,999
G_dipaxis_s0.1,c03d4aed,1,94997.1135961667,1000
G_dipaxis_s0.1,c03d4aed,2,28203.841835818028,1000
G_dipaxis_s0.1,c03d4aed,3,2360.3649768280616,1000
G_dipaxis_s0.1,c03d4aed,4,16370.6606458082,642
G_dipaxis_s0.15,c03d4aed,0,7260.862218702466,999
G_dipaxis_s0.15,c03d4aed,1,80426.98802701241,1000
G_dipaxis_s0.15,c03d4aed,2,24083.096529524642,1000
G_dipaxis_s0.15,c03d4aed,3,2379.818752420994,1000
G_dipaxis_s0.15,c03d4aed,4,18677.581474894676,642
G_dipaxis_s0.2,c03d4aed,0,7954.891753182565,999
G_dipaxis_s0.2,c03d4aed,1,67144.72879092327,1000
G_dipaxis_s0.2,c03d4aed,2,20297.362906106406,1000
G_dipaxis_s0.2,c03d4aed,3,3118.8536636625254,1000
G_dipaxis_s0.2,c03d4aed,4,21187.535021388223,642
G_dipaxis_s0.1,9283ae69,0,46839.66822392868,999
G_dipaxis_s0.1,9283ae69,1,75488.56221943157,1000
G_dipaxis_s0.1,9283ae69,2,8332.795508453723,1000
G_dipaxis_s0.1,9283ae69,3,613.7162428213271,372
G_dipaxis_s0.15,9283ae69,0,50878.00281547081,999
G_dipaxis_s0.15,9283ae69,1,91694.04175463128,1000
G_dipaxis_s0.15,9283ae69,2,12113.80037258025,1000
G_dipaxis_s0.15,9283ae69,3,4687.723249209658,372
G_dipaxis_s0.2,9283ae69,0,55289.4700535865,999
G_dipaxis_s0.2,9283ae69,1,109706.57381936665,1000
G_dipaxis_s0.2,9283ae69,2,23550.34302319115,1000
G_dipaxis_s0.2,9283ae69,3,13134.795366847395,372
G_dipaxis_s0.1,999daf80,0,28382.421429147995,999
G_dipaxis_s0.1,999daf80,1,33820.53249862328,1000
G_dipaxis_s0.1,999daf80,2,6448.233540045494,1000
G_dipaxis_s0.1,999daf80,3,3568.604900866075,565
G_dipaxis_s0.15,999daf80,0,27283.45479671984,999
G_dipaxis_s0.15,999daf80,1,31845.7915094529,1000
G_dipaxis_s0.15,999daf80,2,5799.7657151398535,1000
G_dipaxis_s0.15,999daf80,3,3979.887422044117,565
G_dipaxis_s0.2,999daf80,0,26207.571267677216,999
G_dipaxis_s0.2,999daf80,1,29935.834326520773,1000
G_dipaxis_s0.2,999daf80,2,5206.032561504202,1000
G_dipaxis_s0.2,999daf80,3,4417.452958060439,565
G_dipaxis_s0.1,3d96d897,0,1933.0790613559893,999
G_dipaxis_s0.1,3d96d897,1,893.2062804712173,1000
G_dipaxis_s0.1,3d96d897,2,1472.3556713252583,1000
G_dipaxis_s0.1,3d96d897,3,597.2030234657641,1000
G_dipaxis_s0.1,3d96d897,4,31988.71423389729,1000
G_dipaxis_s0.1,3d96d897,5,23568.07699352267,660
G_dipaxis_s0.15,3d96d897,0,2133.2273483060953,999
G_dipaxis_s0.15,3d96d897,1,612.861081944466,1000
G_dipaxis_s0.15,3d96d897,2,2237.1097577441374,1000
G_dipaxis_s0.15,3d96d897,3,440.0449799175644,1000
G_dipaxis_s0.15,3d96d897,4,31502.86988376717,1000
G_dipaxis_s0.15,3d96d897,5,25125.44946905464,660
G_dipaxis_s0.2,3d96d897,0,2344.1570809188815,999
G_dipaxis_s0.2,3d96d897,1,412.0273189126963,1000
G_dipaxis_s0.2,3d96d897,2,3244.5692877969796,1000
G_dipaxis_s0.2,3d96d897,3,499.4025807572753,1000
G_dipaxis_s0.2,3d96d897,4,31062.78090751862,1000
G_dipaxis_s0.2,3d96d897,5,26733.60280118909,660
G_dipaxis_s0.1,f8f59188,0,3248.6200183196233,999
G_dipaxis_s0.1,f8f59188,1,2240.5633179220713,1000
G_dipaxis_s0.1,f8f59188,2,8150.493117979949,1000
G_dipaxis_s0.1,f8f59188,3,94402.30169034934,1000
G_dipaxis_s0.1,f8f59188,4,6264.402594838104,808
G_dipaxis_s0.15,f8f59188,0,3828.071835966824,999
G_dipaxis_s0.15,f8f59188,1,2660.78986073583,1000
G_dipaxis_s0.15,f8f59188,2,7710.772128684681,1000
G_dipaxis_s0.15,f8f59188,3,96754.85743946706,1000
G_dipaxis_s0.15,f8f59188,4,6208.904271611006,808
G_dipaxis_s0.2,f8f59188,0,4528.4190932577685,999
G_dipaxis_s0.2,f8f59188,1,3149.230963264081,1000
G_dipaxis_s0.2,f8f59188,2,7300.3244082717565,1000
G_dipaxis_s0.2,f8f59188,3,99145.18527639747,1000
G_dipaxis_s0.2,f8f59188,4,6229.338930663328,808
G_dipaxis_s0.1,d5df0ff5,0,179705.6726777483,999
G_dipaxis_s0.1,d5df0ff5,1,225370.50245180863,1000
G_dipaxis_s0.1,d5df0ff5,2,102960.51631918365,1000
G_dipaxis_s0.1,d5df0ff5,3,125015.05410160778,1000
G_dipaxis_s0.1,d5df0ff5,4,7167.48689136002,33
G_dipaxis_s0.15,d5df0ff5,0,162294.09736534083,999
G_dipaxis_s0.15,d5df0ff5,1,199565.76870823832,1000
G_dipaxis_s0.15,d5df0ff5,2,87253.17253016712,1000
G_dipaxis_s0.15,d5df0ff5,3,99943.45517679128,1000
G_dipaxis_s0.15,d5df0ff5,4,5602.959560893307,33
G_dipaxis_s0.2,d5df0ff5,0,145773.86836855725,999
G_dipaxis_s0.2,d5df0ff5,1,175482.16371194902,1000
G_dipaxis_s0.2,d5df0ff5,2,73052.81484339976,1000
G_dipaxis_s0.2,d5df0ff5,3,77693.20149406213,1000
G_dipaxis_s0.2,d5df0ff5,4,4230.848799655735,33
G_dipaxis_s0.1,d40f61d5,0,54117.510388454844,999
G_dipaxis_s0.1,d40f61d5,1,51119.585534764454,1000
G_dipaxis_s0.1,d40f61d5,2,124969.95027705589,1000
G_dipaxis_s0.1,d40f61d5,3,99424.07993284376,1000
G_dipaxis_s0.1,d40f61d5,4,1870.4081332884116,40
G_dipaxis_s0.15,d40f61d5,0,53695.56141393923,999
G_dipaxis_s0.15,d40f61d5,1,50390.53838928787,1000
G_dipaxis_s0.15,d40f61d5,2,124286.33780727662,1000
G_dipaxis_s0.15,d40f61d5,3,97007.26824469095,1000
G_dipaxis_s0.15,d40f61d5,4,1775.8753613966312,40
G_dipaxis_s0.2,d40f61d5,0,53275.854805543495,999
G_dipaxis_s0.2,d40f61d5,1,49667.96077182398,1000
G_dipaxis_s0.2,d40f61d5,2,123606.23692968642,1000
G_dipaxis_s0.2,d40f61d5,3,94623.25435028989,1000
G_dipaxis_s0.2,d40f61d5,4,1683.7951008743123,40
G_dipaxis_s0.1,4654e7de,0,9975.412699421084,999
G_dipaxis_s0.1,4654e7de,1,56360.00765463759,1000
G_dipaxis_s0.1,4654e7de,2,90012.34754531398,1000
G_dipaxis_s0.1,4654e7de,3,4365.925418166475,1000
G_dipaxis_s0.1,4654e7de,4,20128.18953266882,1000
G_dipaxis_s0.1,4654e7de,5,2862.335144971857,374
G_dipaxis_s0.15,4654e7de,0,9351.071175773148,999
G_dipaxis_s0.15,4654e7de,1,54770.806552345355,1000
G_dipaxis_s0.15,4654e7de,2,82318.82549202531,1000
G_dipaxis_s0.15,4654e7de,3,4382.592463103485,1000
G_dipaxis_s0.15,4654e7de,4,18608.010403895725,1000
G_dipaxis_s0.15,4654e7de,5,3043.689289709563,374
G_dipaxis_s0.2,4654e7de,0,8747.865747705335,999
G_dipaxis_s0.2,4654e7de,1,53210.069035689,1000
G_dipaxis_s0.2,4654e7de,2,75007.02780895999,1000
G_dipaxis_s0.2,4654e7de,3,4909.824075636774,1000
G_dipaxis_s0.2,4654e7de,4,17197.156585514203,1000
G_dipaxis_s0.2,4654e7de,5,3234.3772933238515,374
G_dipaxis_s0.1,0390d174,0,10242.261740613085,999
G_dipaxis_s0.1,0390d174,1,12162.100938918598,1000
G_dipaxis_s0.1,0390d174,2,102784.29363791349,1000
G_dipaxis_s0.1,0390d174,3,172726.55425289736,1000
G_dipaxis_s0.1,0390d174,4,11293.340421787976,412
G_dipaxis_s0.15,0390d174,0,10243.502193564796,999
G_dipaxis_s0.15,0390d174,1,13514.496880734609,1000
G_dipaxis_s0.15,0390d174,2,97594.56178357847,1000
G_dipaxis_s0.15,0390d174,3,167156.53610345843,1000
G_dipaxis_s0.15,0390d174,4,10246.293719962829,412
G_dipaxis_s0.2,0390d174,0,10248.450792983373,999
G_dipaxis_s0.2,0390d174,1,14956.853347500655,1000
G_dipaxis_s0.2,0390d174,2,92540.40666660994,1000
G_dipaxis_s0.2,0390d174,3,161683.61160024314,1000
G_dipaxis_s0.2,0390d174,4,9255.24886614531,412
G_dipaxis_s0.1,577eec7c,0,277687.7760561364,999
G_dipaxis_s0.1,577eec7c,1,573881.236048433,1000
G_dipaxis_s0.1,577eec7c,2,146377.7671727481,1000
G_dipaxis_s0.1,577eec7c,3,8275.818739901702,1000
G_dipaxis_s0.1,577eec7c,4,21972.21368843058,540
G_dipaxis_s0.15,577eec7c,0,264601.0381277494,999
G_dipaxis_s0.15,577eec7c,1,540688.8126214631,1000
G_dipaxis_s0.15,577eec7c,2,133685.9429754878,1000
G_dipaxis_s0.15,577eec7c,3,7887.4058839368,1000
G_dipaxis_s0.15,577eec7c,4,29021.801513758397,540
G_dipaxis_s0.2,577eec7c,0,251832.3692521064,999
G_dipaxis_s0.2,577eec7c,1,508585.8094056316,1000
G_dipaxis_s0.2,577eec7c,2,121722.63314169525,1000
G_dipaxis_s0.2,577eec7c,3,8968.782041760229,1000
G_dipaxis_s0.2,577eec7c,4,37151.623842715904,540
G_dipaxis_s0.1,5138a660,0,116003.93872632582,999
G_dipaxis_s0.1,5138a660,1,232528.02622479398,1000
G_dipaxis_s0.1,5138a660,2,160877.07327897908,1000
G_dipaxis_s0.1,5138a660,3,297265.16210423195,560
G_dipaxis_s0.15,5138a660,0,118447.32676020457,999
G_dipaxis_s0.15,5138a660,1,239140.04368974554,1000
G_dipaxis_s0.15,5138a660,2,163958.65039129936,1000
G_dipaxis_s0.15,5138a660,3,302198.1061805822,560
G_dipaxis_s0.2,5138a660,0,120916.7588627557,999
G_dipaxis_s0.2,5138a660,1,245844.97295416027,1000
G_dipaxis_s0.2,5138a660,2,167070.76891767513,1000
G_dipaxis_s0.2,5138a660,3,307171.9154333876,560
G_dipaxis_s0.1,2d196986,0,1944.545253381968,999
G_dipaxis_s0.1,2d196986,1,33704.5679639807,1000
G_dipaxis_s0.1,2d196986,2,11211.25671413577,1000
G_dipaxis_s0.1,2d196986,3,17490.627238335128,1000
G_dipaxis_s0.1,2d196986,4,12543.230821521824,1000
G_dipaxis_s0.1,2d196986,5,5506.359673070393,1000
G_dipaxis_s0.1,2d196986,6,6065.536039286715,475
G_dipaxis_s0.15,2d196986,0,1891.8549848829934,999
G_dipaxis_s0.15,2d196986,1,32318.42457204481,1000
G_dipaxis_s0.15,2d196986,2,10294.595634517875,1000
G_dipaxis_s0.15,2d196986,3,14994.352623467532,1000
G_dipaxis_s0.15,2d196986,4,10286.253956761417,1000
G_dipaxis_s0.15,2d196986,5,7082.804201831031,1000
G_dipaxis_s0.15,2d196986,6,7751.367556640636,475
G_dipaxis_s0.2,2d196986,0,1841.4509503113798,999
G_dipaxis_s0.2,2d196986,1,30962.479587495345,1000
G_dipaxis_s0.2,2d196986,2,9476.431416821762,1000
G_dipaxis_s0.2,2d196986,3,12719.373881010948,1000
G_dipaxis_s0.2,2d196986,4,8300.693987697627,1000
G_dipaxis_s0.2,2d196986,5,8948.264129686717,1000
G_dipaxis_s0.2,2d196986,6,9650.013883860169,475
G_dipaxis_s0.1,ab94878e,0,7395.4456797292605,999
G_dipaxis_s0.1,ab94878e,1,5595.471975368699,1000
G_dipaxis_s0.1,ab94878e,2,14726.26089476245,1000
G_dipaxis_s0.1,ab94878e,3,32071.868535854144,1000
G_dipaxis_s0.1,ab94878e,4,32259.27762667846,1000
G_dipaxis_s0.1,ab94878e,5,32717.942841373388,1000
G_dipaxis_s0.1,ab94878e,6,334.0533110686812,5
G_dipaxis_s0.15,ab94878e,0,7016.81457808535,999
G_dipaxis_s0.15,ab94878e,1,3604.594278069201,1000
G_dipaxis_s0.15,ab94878e,2,9414.729993451183,1000
G_dipaxis_s0.15,ab94878e,3,23111.14573297581,1000
G_dipaxis_s0.15,ab94878e,4,22205.31383616502,1000
G_dipaxis_s0.15,ab94878e,5,25081.533369601842,1000
G_dipaxis_s0.15,ab94878e,6,448.0643757502081,5
G_dipaxis_s0.2,ab94878e,0,6678.293899675381,999
G_dipaxis_s0.2,ab94878e,1,2193.1600240022917,1000
G_dipaxis_s0.2,ab94878e,2,5314.914223442918,1000
G_dipaxis_s0.2,ab94878e,3,15662.220095246024,1000
G_dipaxis_s0.2,ab94878e,4,14056.2973756299,1000
G_dipaxis_s0.2,ab94878e,5,20111.386751336715,1000
G_dipaxis_s0.2,ab94878e,6,578.7844277730867,5
G_dipaxis_s0.1,1e30dedf,0,28774.820252877253,999
G_dipaxis_s0.1,1e30dedf,1,21667.103659928718,1000
G_dipaxis_s0.1,1e30dedf,2,6310.517322238426,1000
G_dipaxis_s0.1,1e30dedf,3,27593.886601792958,1000
G_dipaxis_s0.1,1e30dedf,4,10123.329185200035,72
G_dipaxis_s0.15,1e30dedf,0,24533.897993943665,999
G_dipaxis_s0.15,1e30dedf,1,13186.368233561478,1000
G_dipaxis_s0.15,1e30dedf,2,1483.1713726185692,1000
G_dipaxis_s0.15,1e30dedf,3,38694.02336110367,1000
G_dipaxis_s0.15,1e30dedf,4,16024.885780682873,72
G_dipaxis_s0.2,1e30dedf,0,20731.39751844532,999
G_dipaxis_s0.2,1e30dedf,1,7583.117236329115,1000
G_dipaxis_s0.2,1e30dedf,2,6956.509532713318,1000
G_dipaxis_s0.2,1e30dedf,3,67124.15671285267,1000
G_dipaxis_s0.2,1e30dedf,4,23276.367159351492,72
G_dipaxis_s0.1,d217e0c5,0,6821.769165757694,999
G_dipaxis_s0.1,d217e0c5,1,8595.00471251549,1000
G_dipaxis_s0.1,d217e0c5,2,31129.816978075138,1000
G_dipaxis_s0.1,d217e0c5,3,269625.9220968321,839
G_dipaxis_s0.15,d217e0c5,0,6589.8823240714655,999
G_dipaxis_s0.15,d217e0c5,1,6761.084818137707,1000
G_dipaxis_s0.15,d217e0c5,2,33756.367182220776,1000
G_dipaxis_s0.15,d217e0c5,3,271879.15676746547,839
G_dipaxis_s0.2,d217e0c5,0,6377.886304777637,999
G_dipaxis_s0.2,d217e0c5,1,5165.370803877752,1000
G_dipaxis_s0.2,d217e0c5,2,36671.17347326799,1000
G_dipaxis_s0.2,d217e0c5,3,274172.06156814564,839
G_dipaxis_s0.1,59f8b2e8,0,2869.391525678901,999
G_dipaxis_s0.1,59f8b2e8,1,55238.08964986651,1000
G_dipaxis_s0.1,59f8b2e8,2,49062.571552934816,1000
G_dipaxis_s0.1,59f8b2e8,3,4001.8913737010653,748
G_dipaxis_s0.15,59f8b2e8,0,3295.9250735160613,999
G_dipaxis_s0.15,59f8b2e8,1,63484.60487294095,1000
G_dipaxis_s0.15,59f8b2e8,2,65931.65387839134,1000
G_dipaxis_s0.15,59f8b2e8,3,5016.572681578531,748
G_dipaxis_s0.2,59f8b2e8,0,3767.1042703197195,999
G_dipaxis_s0.2,59f8b2e8,1,72327.46483995942,1000
G_dipaxis_s0.2,59f8b2e8,2,85590.00399300255,1000
G_dipaxis_s0.2,59f8b2e8,3,8918.650947002507,748
G_dipaxis_s0.1,504c8b08,0,81163.68301621823,999
G_dipaxis_s0.1,504c8b08,1,146212.85250782955,1000
G_dipaxis_s0.1,504c8b08,2,44349.585982512865,1000
G_dipaxis_s0.1,504c8b08,3,57464.62812954326,1000
G_dipaxis_s0.1,504c8b08,4,4643.719261025316,1000
G_dipaxis_s0.1,504c8b08,5,261859.70498164414,1000
G_dipaxis_s0.1,504c8b08,6,141383.670228281,368
G_dipaxis_s0.15,504c8b08,0,81370.50958415441,999
G_dipaxis_s0.15,504c8b08,1,148208.04192727164,1000
G_dipaxis_s0.15,504c8b08,2,45991.00973371723,1000
G_dipaxis_s0.15,504c8b08,3,59717.775227872386,1000
G_dipaxis_s0.15,504c8b08,4,4195.02746544965,1000
G_dipaxis_s0.15,504c8b08,5,273852.68549172796,1000
G_dipaxis_s0.15,504c8b08,6,147890.6270229081,368
G_dipaxis_s0.2,504c8b08,0,81578.59868485296,999
G_dipaxis_s0.2,504c8b08,1,150217.87276579352,1000
G_dipaxis_s0.2,504c8b08,2,47667.01439022478,1000
G_dipaxis_s0.2,504c8b08,3,62017.879179096075,1000
G_dipaxis_s0.2,504c8b08,4,3869.4100273028857,1000
G_dipaxis_s0.2,504c8b08,5,286126.42626477295,1000
G_dipaxis_s0.2,504c8b08,6,154544.02807135312,368
G_dipaxis_s0.1,a08d9e63,0,203028.94446230883,999
G_dipaxis_s0.1,a08d9e63,1,495311.09477145824,1000
G_dipaxis_s0.1,a08d9e63,2,470464.00838898943,1000
G_dipaxis_s0.1,a08d9e63,3,54316.18503755562,686
G_dipaxis_s0.15,a08d9e63,0,184459.72131814182,999
G_dipaxis_s0.15,a08d9e63,1,456474.8349900081,1000
G_dipaxis_s0.15,a08d9e63,2,450249.66873815603,1000
G_dipaxis_s0.15,a08d9e63,3,48101.8987414736,686
G_dipaxis_s0.2,a08d9e63,0,166792.08442264292,999
G_dipaxis_s0.2,a08d9e63,1,419259.42356328643,1000
G_dipaxis_s0.2,a08d9e63,2,430519.55584748817,1000
G_dipaxis_s0.2,a08d9e63,3,42458.47771031757,686
G_dipaxis_s0.1,1beca81d,0,1667.779128625847,999
G_dipaxis_s0.1,1beca81d,1,29981.426191057184,1000
G_dipaxis_s0.1,1beca81d,2,52928.931065518846,1000
G_dipaxis_s0.1,1beca81d,3,47897.045267799855,1000
G_dipaxis_s0.1,1beca81d,4,74782.05500407876,1000
G_dipaxis_s0.1,1beca81d,5,3916.7848141315053,37
G_dipaxis_s0.15,1beca81d,0,2077.3231169820697,999
G_dipaxis_s0.15,1beca81d,1,33340.59204753566,1000
G_dipaxis_s0.15,1beca81d,2,55639.375300708874,1000
G_dipaxis_s0.15,1beca81d,3,36184.03197465783,1000
G_dipaxis_s0.15,1beca81d,4,86195.72220693796,1000
G_dipaxis_s0.15,1beca81d,5,4829.055407194826,37
G_dipaxis_s0.2,1beca81d,0,2544.877606436454,999
G_dipaxis_s0.2,1beca81d,1,36906.46761143493,1000
G_dipaxis_s0.2,1beca81d,2,59584.099154983836,1000
G_dipaxis_s0.2,1beca81d,3,26407.653708625345,1000
G_dipaxis_s0.2,1beca81d,4,100611.41345401014,1000
G_dipaxis_s0.2,1beca81d,5,5836.748032722019,37
G_dipaxis_s0.1,eac10e86,0,287.8778201356103,999
G_dipaxis_s0.1,eac10e86,1,591.2738461833682,1000
G_dipaxis_s0.1,eac10e86,2,3406.8246117309623,1000
G_dipaxis_s0.1,eac10e86,3,2180.034113493371,1000
G_dipaxis_s0.1,eac10e86,4,12309.840652291921,1000
G_dipaxis_s0.1,eac10e86,5,30359.67266656747,1000
G_dipaxis_s0.1,eac10e86,6,3841.7679018743333,68
G_dipaxis_s0.15,eac10e86,0,189.7631894525148,999
G_dipaxis_s0.15,eac10e86,1,1246.5861192014047,1000
G_dipaxis_s0.15,eac10e86,2,6119.296543679874,1000
G_dipaxis_s0.15,eac10e86,3,5946.9221406000825,1000
G_dipaxis_s0.15,eac10e86,4,21116.586811816986,1000
G_dipaxis_s0.15,eac10e86,5,34665.108511512284,1000
G_dipaxis_s0.15,eac10e86,6,5354.647917348256,68
G_dipaxis_s0.2,eac10e86,0,165.85138139644445,999
G_dipaxis_s0.2,eac10e86,1,2223.502674540875,1000
G_dipaxis_s0.2,eac10e86,2,9641.949592701749,1000
G_dipaxis_s0.2,eac10e86,3,11579.696572285055,1000
G_dipaxis_s0.2,eac10e86,4,32623.4317681387,1000
G_dipaxis_s0.2,eac10e86,5,42212.061260541224,1000
G_dipaxis_s0.2,eac10e86,6,7118.15672523785,68
G_dipaxis_s0.1,efde6ac3,0,15616.73433854232,999
G_dipaxis_s0.1,efde6ac3,1,33125.281634515195,1000
G_dipaxis_s0.1,efde6ac3,2,21087.289341145548,1000
G_dipaxis_s0.1,efde6ac3,3,145705.60239343418,1000
G_dipaxis_s0.1,efde6ac3,4,107249.44597169595,560
G_dipaxis_s0.15,efde6ac3,0,15588.654578418458,999
G_dipaxis_s0.15,efde6ac3,1,33220.53391490623,1000
G_dipaxis_s0.15,efde6ac3,2,21145.40351172935,1000
G_dipaxis_s0.15,efde6ac3,3,146050.87805977662,1000
G_dipaxis_s0.15,efde6ac3,4,107294.39428727851,560
G_dipaxis_s0.2,efde6ac3,0,15560.628938974112,999
G_dipaxis_s0.2,efde6ac3,1,33315.93193340329,1000
G_dipaxis_s0.2,efde6ac3,2,21203.610171042474,1000
G_dipaxis_s0.2,efde6ac3,3,146396.63187893992,1000
G_dipaxis_s0.2,efde6ac3,4,107339.35745829353,560
G_dipaxis_s0.1,9896fc0b,0,6365.21312088731,999
G_dipaxis_s0.1,9896fc0b,1,11383.159279127713,1000
G_dipaxis_s0.1,9896fc0b,2,45971.615546045105,1000
G_dipaxis_s0.1,9896fc0b,3,428209.01534417225,596
G_dipaxis_s0.15,9896fc0b,0,6104.32503203223,999
G_dipaxis_s0.15,9896fc0b,1,11204.38748944156,1000
G_dipaxis_s0.15,9896fc0b,2,43571.70196447678,1000
G_dipaxis_s0.15,9896fc0b,3,423656.5308338645,596
G_dipaxis_s0.2,9896fc0b,0,5872.779756948521,999
G_dipaxis_s0.2,9896fc0b,1,11053.407090953115,1000
G_dipaxis_s0.2,9896fc0b,2,41359.920673568085,1000
G_dipaxis_s0.2,9896fc0b,3,419146.17633127794,596
G_dipaxis_s0.1,24d8997e,0,8984.14294914281,999
G_dipaxis_s0.1,24d8997e,1,26666.434109331996,1000
G_dipaxis_s0.1,24d8997e,2,8916.98833237116,1000
G_dipaxis_s0.1,24d8997e,3,2216.6096471912583,443
G_dipaxis_s0.15,24d8997e,0,7952.94168885142,999
G_dipaxis_s0.15,24d8997e,1,26547.84078942613,1000
G_dipaxis_s0.15,24d8997e,2,11537.898997867216,1000
G_dipaxis_s0.15,24d8997e,3,3029.879581972929,443
G_dipaxis_s0.2,24d8997e,0,6986.190625543358,999
G_dipaxis_s0.2,24d8997e,1,26465.276880572274,1000
G_dipaxis_s0.2,24d8997e,2,14549.98520392184,1000
G_dipaxis_s0.2,24d8997e,3,3979.457860421695,443
G_dipaxis_s0.1,9d072e4c,0,21990.327251069342,999
G_dipaxis_s0.1,9d072e4c,1,19854.25700613998,1000
G_dipaxis_s0.1,9d072e4c,2,19506.62216923381,1000
G_dipaxis_s0.1,9d072e4c,3,5801.811167057333,1000
G_dipaxis_s0.1,9d072e4c,4,41448.644127387124,1000
G_dipaxis_s0.1,9d072e4c,5,17490.664801347917,108
G_dipaxis_s0.15,9d072e4c,0,22382.010284920416,999
G_dipaxis_s0.15,9d072e4c,1,17970.00684800437,1000
G_dipaxis_s0.15,9d072e4c,2,17903.943013828928,1000
G_dipaxis_s0.15,9d072e4c,3,5926.971712917289,1000
G_dipaxis_s0.15,9d072e4c,4,38119.1152337573,1000
G_dipaxis_s0.15,9d072e4c,5,16344.058341590691,108
G_dipaxis_s0.2,9d072e4c,0,22789.100304182244,999
G_dipaxis_s0.2,9d072e4c,1,16187.506986505568,1000
G_dipaxis_s0.2,9d072e4c,2,16404.26396591747,1000
G_dipaxis_s0.2,9d072e4c,3,6145.863188358459,1000
G_dipaxis_s0.2,9d072e4c,4,35014.975648292195,1000
G_dipaxis_s0.2,9d072e4c,5,15236.333565759594,108
G_dipaxis_s0.1,c03b9305,0,13406.978095893717,999
G_dipaxis_s0.1,c03b9305,1,101340.35664144302,1000
G_dipaxis_s0.1,c03b9305,2,360615.603000988,1000
G_dipaxis_s0.1,c03b9305,3,264062.83687279833,1000
G_dipaxis_s0.1,c03b9305,4,146119.27448319798,256
G_dipaxis_s0.15,c03b9305,0,15939.918750780012,999
G_dipaxis_s0.15,c03b9305,1,117748.2788823494,1000
G_dipaxis_s0.15,c03b9305,2,399610.43238324724,1000
G_dipaxis_s0.15,c03b9305,3,308728.79305817303,1000
G_dipaxis_s0.15,c03b9305,4,160814.1352414305,256
G_dipaxis_s0.2,c03b9305,0,18716.58033911933,999
G_dipaxis_s0.2,c03b9305,1,135435.41892883182,1000
G_dipaxis_s0.2,c03b9305,2,440699.8875729926,1000
G_dipaxis_s0.2,c03b9305,3,357173.41057795857,1000
G_dipaxis_s0.2,c03b9305,4,176212.94821016965,256
G_dipaxis_s0.1,722cf0d8,0,46712.099041546615,999
G_dipaxis_s0.1,722cf0d8,1,113037.62823948434,1000
G_dipaxis_s0.1,722cf0d8,2,100316.90507826964,1000
G_dipaxis_s0.1,722cf0d8,3,17293.578631163688,1000
G_dipaxis_s0.1,722cf0d8,4,1995.1392421353933,1000
G_dipaxis_s0.1,722cf0d8,5,79.36863648741651,144
G_dipaxis_s0.15,722cf0d8,0,48043.05420495855,999
G_dipaxis_s0.15,722cf0d8,1,115995.26641895427,1000
G_dipaxis_s0.15,722cf0d8,2,100811.74747174761,1000
G_dipaxis_s0.15,722cf0d8,3,18789.060612069068,1000
G_dipaxis_s0.15,722cf0d8,4,2675.09746314516,1000
G_dipaxis_s0.15,722cf0d8,5,174.68861665979517,144
G_dipaxis_s0.2,722cf0d8,0,49394.41399304349,999
G_dipaxis_s0.2,722cf0d8,1,118994.73280705088,1000
G_dipaxis_s0.2,722cf0d8,2,101308.7050381351,1000
G_dipaxis_s0.2,722cf0d8,3,20420.787404244653,1000
G_dipaxis_s0.2,722cf0d8,4,3602.477891777688,1000
G_dipaxis_s0.2,722cf0d8,5,307.31997663791844,144
G_dipaxis_s0.1,25050f63,0,612369.6527843495,999
G_dipaxis_s0.1,25050f63,1,692999.419743955,1000
G_dipaxis_s0.1,25050f63,2,881740.171063167,1000
G_dipaxis_s0.1,25050f63,3,1453870.2958112988,1000
G_dipaxis_s0.1,25050f63,4,1347478.0614049493,1000
G_dipaxis_s0.1,25050f63,5,1055419.7758526045,1000
G_dipaxis_s0.1,25050f63,6,130574.96094425437,125
G_dipaxis_s0.15,25050f63,0,541332.4848260073,999
G_dipaxis_s0.15,25050f63,1,566404.6120499582,1000
G_dipaxis_s0.15,25050f63,2,705630.4875637545,1000
G_dipaxis_s0.15,25050f63,3,1183189.6030257773,1000
G_dipaxis_s0.15,25050f63,4,1085274.9399817504,1000
G_dipaxis_s0.15,25050f63,5,838091.3678249606,1000
G_dipaxis_s0.15,25050f63,6,103407.91633868021,125
G_dipaxis_s0.2,25050f63,0,474751.5099673345,999
G_dipaxis_s0.2,25050f63,1,452736.01184532885,1000
G_dipaxis_s0.2,25050f63,2,549286.8272770318,1000
G_dipaxis_s0.2,25050f63,3,940373.0739795042,1000
G_dipaxis_s0.2,25050f63,4,851450.4256747983,1000
G_dipaxis_s0.2,25050f63,5,645800.970461372,1000
G_dipaxis_s0.2,25050f63,6,79405.95194797532,125
G_dipaxis_s0.1,d90aa14c,0,29537.37988517056,999
G_dipaxis_s0.1,d90aa14c,1,21475.325659231516,1000
G_dipaxis_s0.1,d90aa14c,2,58287.39783692253,1000
G_dipaxis_s0.1,d90aa14c,3,124398.41944157967,1000
G_dipaxis_s0.1,d90aa14c,4,89526.13374556879,1000
G_dipaxis_s0.1,d90aa14c,5,22756.306291125675,1000
G_dipaxis_s0.1,d90aa14c,6,387271.25501164043,1000
G_dipaxis_s0.1,d90aa14c,7,179530.6837326384,1000
G_dipaxis_s0.1,d90aa14c,8,10873.299466321836,1000
G_dipaxis_s0.1,d90aa14c,9,79680.91075758004,1000
G_dipaxis_s0.1,d90aa14c,10,8320.70478933155,19
G_dipaxis_s0.15,d90aa14c,0,28757.994894151347,999
G_dipaxis_s0.15,d90aa14c,1,20464.980459416725,1000
G_dipaxis_s0.15,d90aa14c,2,38351.58227676698,1000
G_dipaxis_s0.15,d90aa14c,3,96364.12856899729,1000
G_dipaxis_s0.15,d90aa14c,4,70917.71494251514,1000
G_dipaxis_s0.15,d90aa14c,5,16462.133252228534,1000
G_dipaxis_s0.15,d90aa14c,6,318907.8893459881,1000
G_dipaxis_s0.15,d90aa14c,7,146727.66699328233,1000
G_dipaxis_s0.15,d90aa14c,8,5987.690472262387,1000
G_dipaxis_s0.15,d90aa14c,9,91512.72382446706,1000
G_dipaxis_s0.15,d90aa14c,10,8886.89440747376,19
G_dipaxis_s0.2,d90aa14c,0,28010.960170755934,999
G_dipaxis_s0.2,d90aa14c,1,20007.211135127975,1000
G_dipaxis_s0.2,d90aa14c,2,22689.05763172863,1000
G_dipaxis_s0.2,d90aa14c,3,72389.9273835839,1000
G_dipaxis_s0.2,d90aa14c,4,55555.58427173029,1000
G_dipaxis_s0.2,d90aa14c,5,13815.520342695414,1000
G_dipaxis_s0.2,d90aa14c,6,257247.5042424002,1000
G_dipaxis_s0.2,d90aa14c,7,117341.9200519998,1000
G_dipaxis_s0.2,d90aa14c,8,2685.454195605714,1000
G_dipaxis_s0.2,d90aa14c,9,106386.00206278866,1000
G_dipaxis_s0.2,d90aa14c,10,9471.74460464292,19
G_dipaxis_s0.1,dafc88c3,0,17099.296549577175,999
G_dipaxis_s0.1,dafc88c3,1,14057.29307086658,1000
G_dipaxis_s0.1,dafc88c3,2,10697.654335106143,1000
G_dipaxis_s0.1,dafc88c3,3,16761.582607380944,1000
G_dipaxis_s0.1,dafc88c3,4,124041.68992687648,1000
G_dipaxis_s0.1,dafc88c3,5,421375.5019678974,573
G_dipaxis_s0.15,dafc88c3,0,17440.481718266135,999
G_dipaxis_s0.15,dafc88c3,1,12149.820547694286,1000
G_dipaxis_s0.15,dafc88c3,2,14545.793523434992,1000
G_dipaxis_s0.15,dafc88c3,3,23389.433159844742,1000
G_dipaxis_s0.15,dafc88c3,4,139867.8800459209,1000
G_dipaxis_s0.15,dafc88c3,5,454757.19269090286,573
G_dipaxis_s0.2,dafc88c3,0,17792.195744559845,999
G_dipaxis_s0.2,dafc88c3,1,10501.213230068613,1000
G_dipaxis_s0.2,dafc88c3,2,19059.141190823393,1000
G_dipaxis_s0.2,dafc88c3,3,31226.570795866268,1000
G_dipaxis_s0.2,dafc88c3,4,157290.84502572604,1000
G_dipaxis_s0.2,dafc88c3,5,489412.0436446327,573
G_dipaxis_s0.1,d1457cc5,0,48967.16904257946,999
G_dipaxis_s0.1,d1457cc5,1,135394.36289404257,1000
G_dipaxis_s0.1,d1457cc5,2,19154.587748500933,1000
G_dipaxis_s0.1,d1457cc5,3,54835.504253819796,1000
G_dipaxis_s0.1,d1457cc5,4,24149.920841624153,1000
G_dipaxis_s0.1,d1457cc5,5,135324.657320332,1000
G_dipaxis_s0.1,d1457cc5,6,15692.59163065781,921
G_dipaxis_s0.15,d1457cc5,0,50725.81106576276,999
G_dipaxis_s0.15,d1457cc5,1,145332.2628800557,1000
G_dipaxis_s0.15,d1457cc5,2,13942.746662040025,1000
G_dipaxis_s0.15,d1457cc5,3,32768.01229776727,1000
G_dipaxis_s0.15,d1457cc5,4,13679.49887370686,1000
G_dipaxis_s0.15,d1457cc5,5,205916.58816831885,1000
G_dipaxis_s0.15,d1457cc5,6,60019.55413908479,921
G_dipaxis_s0.2,d1457cc5,0,52579.426323541855,999
G_dipaxis_s0.2,d1457cc5,1,155660.405125398,1000
G_dipaxis_s0.2,d1457cc5,2,10216.574601771506,1000
G_dipaxis_s0.2,d1457cc5,3,17131.504553075258,1000
G_dipaxis_s0.2,d1457cc5,4,13596.618213303529,1000
G_dipaxis_s0.2,d1457cc5,5,294625.1065748538,1000
G_dipaxis_s0.2,d1457cc5,6,134106.90337624325,921
G_dipaxis_s0.1,08fecf00,0,3379.628989058763,999
G_dipaxis_s0.1,08fecf00,1,58298.61365127793,1000
G_dipaxis_s0.1,08fecf00,2,29425.993710529212,1000
G_dipaxis_s0.1,08fecf00,3,116038.17325074918,1000
G_dipaxis_s0.1,08fecf00,4,1590.3597003582825,1000
G_dipaxis_s0.1,08fecf00,5,39211.28941592927,575
G_dipaxis_s0.15,08fecf00,0,3436.5195625803467,999
G_dipaxis_s0.15,08fecf00,1,57123.59056297973,1000
G_dipaxis_s0.15,08fecf00,2,30252.302452491847,1000
G_dipaxis_s0.15,08fecf00,3,122130.8952748484,1000
G_dipaxis_s0.15,08fecf00,4,2347.2284107814176,1000
G_dipaxis_s0.15,08fecf00,5,36185.30269159925,575
G_dipaxis_s0.2,08fecf00,0,3498.3695155812547,999
G_dipaxis_s0.2,08fecf00,1,55961.229906201974,1000
G_dipaxis_s0.2,08fecf00,2,31163.4748095903,1000
G_dipaxis_s0.2,08fecf00,3,128396.45432927487,1000
G_dipaxis_s0.2,08fecf00,4,3284.122736373161,1000
G_dipaxis_s0.2,08fecf00,5,33306.608255225285,575
G_dipaxis_s0.1,d7ba4f9d,0,633.5283941834729,999
G_dipaxis_s0.1,d7ba4f9d,1,3761.353405025635,1000
G_dipaxis_s0.1,d7ba4f9d,2,34989.849074827085,1000
G_dipaxis_s0.1,d7ba4f9d,3,185840.536372508,1000
G_dipaxis_s0.1,d7ba4f9d,4,216899.36209940028,1000
G_dipaxis_s0.1,d7ba4f9d,5,131806.79517553875,1000
G_dipaxis_s0.1,d7ba4f9d,6,1739.9493579368989,24
G_dipaxis_s0.15,d7ba4f9d,0,615.0161263302805,999
G_dipaxis_s0.15,d7ba4f9d,1,5128.649513390186,1000
G_dipaxis_s0.15,d7ba4f9d,2,48910.51079511016,1000
G_dipaxis_s0.15,d7ba4f9d,3,224788.8412297519,1000
G_dipaxis_s0.15,d7ba4f9d,4,256252.49274101216,1000
G_dipaxis_s0.15,d7ba4f9d,5,150802.5684525986,1000
G_dipaxis_s0.15,d7ba4f9d,6,1952.0849702927678,24
G_dipaxis_s0.2,d7ba4f9d,0,600.2962259071494,999
G_dipaxis_s0.2,d7ba4f9d,1,6728.366740702203,1000
G_dipaxis_s0.2,d7ba4f9d,2,65371.411919438,1000
G_dipaxis_s0.2,d7ba4f9d,3,267460.11379900714,1000
G_dipaxis_s0.2,d7ba4f9d,4,298902.2518258536,1000
G_dipaxis_s0.2,d7ba4f9d,5,171081.67486060286,1000
G_dipaxis_s0.2,d7ba4f9d,6,2176.4205783893817,24
G_dipaxis_s0.1,5aa403d0,0,36367.63179202399,999
G_dipaxis_s0.1,5aa403d0,1,151754.34588866972,1000
G_dipaxis_s0.1,5aa403d0,2,212602.46199871917,1000
G_dipaxis_s0.1,5aa403d0,3,36938.84151639198,119
G_dipaxis_s0.15,5aa403d0,0,35841.1212691914,999
G_dipaxis_s0.15,5aa403d0,1,154257.3414449869,1000
G_dipaxis_s0.15,5aa403d0,2,224819.2984747005,1000
G_dipaxis_s0.15,5aa403d0,3,39295.82134294936,119
G_dipaxis_s0.2,5aa403d0,0,35320.17982548721,999
G_dipaxis_s0.2,5aa403d0,1,156798.34008470312,1000
G_dipaxis_s0.2,5aa403d0,2,237380.35673718093,1000
G_dipaxis_s0.2,5aa403d0,3,41725.69076161921,119
G_dipaxis_s0.1,0dc5e64d,0,7178.005210609124,999
G_dipaxis_s0.1,0dc5e64d,1,63889.77557546456,1000
G_dipaxis_s0.1,0dc5e64d,2,91029.2367545991,1000
G_dipaxis_s0.1,0dc5e64d,3,169170.53036475004,1000
G_dipaxis_s0.1,0dc5e64d,4,817280.194039201,880
G_dipaxis_s0.15,0dc5e64d,0,5827.980636326453,999
G_dipaxis_s0.15,0dc5e64d,1,49711.87914422031,1000
G_dipaxis_s0.15,0dc5e64d,2,124660.68960673099,1000
G_dipaxis_s0.15,0dc5e64d,3,174016.94552609432,1000
G_dipaxis_s0.15,0dc5e64d,4,640710.3059583616,880
G_dipaxis_s0.2,0dc5e64d,0,4724.367275652915,999
G_dipaxis_s0.2,0dc5e64d,1,38812.807866996154,1000
G_dipaxis_s0.2,0dc5e64d,2,163942.65170874956,1000
G_dipaxis_s0.2,0dc5e64d,3,189665.63054008762,1000
G_dipaxis_s0.2,0dc5e64d,4,486348.5191105748,880
G_dipaxis_s0.1,940a48d9,0,29909.417717680848,999
G_dipaxis_s0.1,940a48d9,1,12328.565367807305,1000
G_dipaxis_s0.1,940a48d9,2,9821.855307485679,1000
G_dipaxis_s0.1,940a48d9,3,21980.063108124003,964
G_dipaxis_s0.15,940a48d9,0,31567.150354781246,999
G_dipaxis_s0.15,940a48d9,1,13037.81943172695,1000
G_dipaxis_s0.15,940a48d9,2,8392.142847105759,1000
G_dipaxis_s0.15,940a48d9,3,25621.641826705858,964
G_dipaxis_s0.2,940a48d9,0,33276.97434922784,999
G_dipaxis_s0.2,940a48d9,1,13963.70043790938,1000
G_dipaxis_s0.2,940a48d9,2,7256.3429669497045,1000
G_dipaxis_s0.2,940a48d9,3,29560.396153580645,964
G_dipaxis_s0.1,3932faa6,0,1869.1339532719828,999
G_dipaxis_s0.1,3932faa6,1,193786.63865636016,1000
G_dipaxis_s0.1,3932faa6,2,76772.43517653605,1000
G_dipaxis_s0.1,3932faa6,3,89401.34875984759,1000
G_dipaxis_s0.1,3932faa6,4,43227.521295026694,1000
G_dipaxis_s0.1,3932faa6,5,181149.9255855766,453
G_dipaxis_s0.15,3932faa6,0,1799.7591806258774,999
G_dipaxis_s0.15,3932faa6,1,201532.21026440492,1000
G_dipaxis_s0.15,3932faa6,2,92261.59560247518,1000
G_dipaxis_s0.15,3932faa6,3,71514.92110994147,1000
G_dipaxis_s0.15,3932faa6,4,45171.88782555547,1000
G_dipaxis_s0.15,3932faa6,5,200287.574524385,453
G_dipaxis_s0.2,3932faa6,0,1801.7401641523413,999
G_dipaxis_s0.2,3932faa6,1,209507.91639625136,1000
G_dipaxis_s0.2,3932faa6,2,109752.60286377634,1000
G_dipaxis_s0.2,3932faa6,3,56020.72673665241,1000
G_dipaxis_s0.2,3932faa6,4,47374.95263855251,1000
G_dipaxis_s0.2,3932faa6,5,220386.34432791712,453
G_dipaxis_s0.1,c84c65be,0,14687.731267505162,999
G_dipaxis_s0.1,c84c65be,1,37873.574339869054,1000
G_dipaxis_s0.1,c84c65be,2,15432.571366898686,1000
G_dipaxis_s0.1,c84c65be,3,96685.34902742862,1000
G_dipaxis_s0.1,c84c65be,4,207783.9239906978,1000
G_dipaxis_s0.1,c84c65be,5,172547.54003109844,1000
G_dipaxis_s0.1,c84c65be,6,48105.89626483953,1000
G_dipaxis_s0.1,c84c65be,7,46680.10143449456,1000
G_dipaxis_s0.1,c84c65be,8,10334.84281894243,497
G_dipaxis_s0.15,c84c65be,0,14346.547010579632,999
G_dipaxis_s0.15,c84c65be,1,37259.56120956958,1000
G_dipaxis_s0.15,c84c65be,2,15371.362254472797,1000
G_dipaxis_s0.15,c84c65be,3,98200.27429195057,1000
G_dipaxis_s0.15,c84c65be,4,212937.86372995516,1000
G_dipaxis_s0.15,c84c65be,5,176844.52902965806,1000
G_dipaxis_s0.15,c84c65be,6,47390.15358542347,1000
G_dipaxis_s0.15,c84c65be,7,47293.364592953076,1000
G_dipaxis_s0.15,c84c65be,8,11225.301296877871,497
G_dipaxis_s0.2,c84c65be,0,14017.903429602065,999
G_dipaxis_s0.2,c84c65be,1,36694.31103075903,1000
G_dipaxis_s0.2,c84c65be,2,15343.596915791197,1000
G_dipaxis_s0.2,c84c65be,3,99731.91610223308,1000
G_dipaxis_s0.2,c84c65be,4,218169.57580383023,1000
G_dipaxis_s0.2,c84c65be,5,181197.1271413318,1000
G_dipaxis_s0.2,c84c65be,6,46692.47379750319,1000
G_dipaxis_s0.2,c84c65be,7,47920.22548595158,1000
G_dipaxis_s0.2,c84c65be,8,12166.178889610044,497
G_dipaxis_s0.1,86454a6f,0,178850.80465403272,999
G_dipaxis_s0.1,86454a6f,1,1604692.8660624844,1000
G_dipaxis_s0.1,86454a6f,2,1720176.47741861,1000
G_dipaxis_s0.1,86454a6f,3,3474237.116351507,1000
G_dipaxis_s0.1,86454a6f,4,1882114.6894990993,1000
G_dipaxis_s0.1,86454a6f,5,2367915.123164371,1000
G_dipaxis_s0.1,86454a6f,6,2792175.710304687,1000
G_dipaxis_s0.1,86454a6f,7,3094780.026694335,965
G_dipaxis_s0.15,86454a6f,0,168767.68555050195,999
G_dipaxis_s0.15,86454a6f,1,1540495.0312387878,1000
G_dipaxis_s0.15,86454a6f,2,1669317.3317408161,1000
G_dipaxis_s0.15,86454a6f,3,3327532.3793689427,1000
G_dipaxis_s0.15,86454a6f,4,1776083.4635992802,1000
G_dipaxis_s0.15,86454a6f,5,2239537.3090565125,1000
G_dipaxis_s0.15,86454a6f,6,2644860.88564365,1000
G_dipaxis_s0.15,86454a6f,7,2983800.828179111,965
G_dipaxis_s0.2,86454a6f,0,158985.2818994975,999
G_dipaxis_s0.2,86454a6f,1,1477620.1318561616,1000
G_dipaxis_s0.2,86454a6f,2,1619225.8821364292,1000
G_dipaxis_s0.2,86454a6f,3,3184070.3741025706,1000
G_dipaxis_s0.2,86454a6f,4,1673169.7125905035,1000
G_dipaxis_s0.2,86454a6f,5,2114773.646536358,1000
G_dipaxis_s0.2,86454a6f,6,2501599.480218885,1000
G_dipaxis_s0.2,86454a6f,7,2874896.533511341,965
G_dipaxis_s0.1,54a7e3c2,0,9046.66971566383,999
G_dipaxis_s0.1,54a7e3c2,1,6923.036448692915,1000
G_dipaxis_s0.1,54a7e3c2,2,10426.095156273968,1000
G_dipaxis_s0.1,54a7e3c2,3,46161.09994823891,1000
G_dipaxis_s0.1,54a7e3c2,4,152294.98595263812,1000
G_dipaxis_s0.1,54a7e3c2,5,82394.51431557309,1000
G_dipaxis_s0.1,54a7e3c2,6,17426.06049756411,156
G_dipaxis_s0.15,54a7e3c2,0,8157.646264253801,999
G_dipaxis_s0.15,54a7e3c2,1,5972.012814231389,1000
G_dipaxis_s0.15,54a7e3c2,2,11425.112476597513,1000
G_dipaxis_s0.15,54a7e3c2,3,45312.211305398116,1000
G_dipaxis_s0.15,54a7e3c2,4,147773.1639517615,1000
G_dipaxis_s0.15,54a7e3c2,5,82901.7901419897,1000
G_dipaxis_s0.15,54a7e3c2,6,18087.659204127718,156
G_dipaxis_s0.2,54a7e3c2,0,7321.549620790951,999
G_dipaxis_s0.2,54a7e3c2,1,5107.9938082588105,1000
G_dipaxis_s0.2,54a7e3c2,2,12497.119255300784,1000
G_dipaxis_s0.2,54a7e3c2,3,44525.726121386135,1000
G_dipaxis_s0.2,54a7e3c2,4,143320.92930101053,1000
G_dipaxis_s0.2,54a7e3c2,5,83422.53217848184,1000
G_dipaxis_s0.2,54a7e3c2,6,18761.6036209195,156
G_dipaxis_s0.1,ae069086,0,20307.00047008138,999
G_dipaxis_s0.1,ae069086,1,18131.575073192416,1000
G_dipaxis_s0.1,ae069086,2,156057.6226710273,1000
G_dipaxis_s0.1,ae069086,3,22248.843450636698,1000
G_dipaxis_s0.1,ae069086,4,5826.288073516421,771
G_dipaxis_s0.15,ae069086,0,21554.060235350633,999
G_dipaxis_s0.15,ae069086,1,15687.217394178666,1000
G_dipaxis_s0.15,ae069086,2,137205.55817224982,1000
G_dipaxis_s0.15,ae069086,3,18263.679140689394,1000
G_dipaxis_s0.15,ae069086,4,3162.0709484768236,771
G_dipaxis_s0.2,ae069086,0,22838.485828327113,999
G_dipaxis_s0.2,ae069086,1,13666.35566348737,1000
G_dipaxis_s0.2,ae069086,2,119597.29303911494,1000
G_dipaxis_s0.2,ae069086,3,15377.723629480664,1000
G_dipaxis_s0.2,ae069086,4,1623.5885422498857,771
G_dipaxis_s0.1,06df5958,0,13470.42165824676,999
G_dipaxis_s0.1,06df5958,1,100583.50870140953,1000
G_dipaxis_s0.1,06df5958,2,183337.86420075956,1000
G_dipaxis_s0.1,06df5958,3,153833.03252511864,510
G_dipaxis_s0.15,06df5958,0,13457.536765308036,999
G_dipaxis_s0.15,06df5958,1,100463.39427828726,1000
G_dipaxis_s0.15,06df5958,2,184285.91413073358,1000
G_dipaxis_s0.15,06df5958,3,157123.95841958682,510
G_dipaxis_s0.2,06df5958,0,13444.872678784795,999
G_dipaxis_s0.2,06df5958,1,100347.75704789402,1000
G_dipaxis_s0.2,06df5958,2,185242.032177498,1000
G_dipaxis_s0.2,06df5958,3,160449.90644665694,510
G_dipaxis_s0.1,992c99e8,0,850.3702065446669,999
G_dipaxis_s0.1,992c99e8,1,11251.412665316317,1000
G_dipaxis_s0.1,992c99e8,2,15405.127375295702,1000
G_dipaxis_s0.1,992c99e8,3,10856.366953662633,1000
G_dipaxis_s0.1,992c99e8,4,11999.64642690874,905
G_dipaxis_s0.15,992c99e8,0,867.6578980911662,999
G_dipaxis_s0.15,992c99e8,1,11044.75960906493,1000
G_dipaxis_s0.15,992c99e8,2,14617.113024445947,1000
G_dipaxis_s0.15,992c99e8,3,9802.77163807573,1000
G_dipaxis_s0.15,992c99e8,4,11754.385404898288,905
G_dipaxis_s0.2,992c99e8,0,885.5790130730938,999
G_dipaxis_s0.2,992c99e8,1,10841.114935588752,1000
G_dipaxis_s0.2,992c99e8,2,13853.154643286458,1000
G_dipaxis_s0.2,992c99e8,3,8811.36322899857,1000
G_dipaxis_s0.2,992c99e8,4,11514.627723922797,905
G_dipaxis_s0.1,0955cd6c,0,5091.565133939374,999
G_dipaxis_s0.1,0955cd6c,1,11978.827617220664,1000
G_dipaxis_s0.1,0955cd6c,2,2776.8377539546627,1000
G_dipaxis_s0.1,0955cd6c,3,801.5919828011105,1000
G_dipaxis_s0.1,0955cd6c,4,36506.62418997291,1000
G_dipaxis_s0.1,0955cd6c,5,13163.42753878676,196
G_dipaxis_s0.15,0955cd6c,0,5464.455548643939,999
G_dipaxis_s0.15,0955cd6c,1,13160.669453236294,1000
G_dipaxis_s0.15,0955cd6c,2,3236.2375588441396,1000
G_dipaxis_s0.15,0955cd6c,3,1436.43825004023,1000
G_dipaxis_s0.15,0955cd6c,4,32135.918491772805,1000
G_dipaxis_s0.15,0955cd6c,5,11815.803437261548,196
G_dipaxis_s0.2,0955cd6c,0,5853.015296326714,999
G_dipaxis_s0.2,0955cd6c,1,14415.375267370911,1000
G_dipaxis_s0.2,0955cd6c,2,3913.9520317460515,1000
G_dipaxis_s0.2,0955cd6c,3,2281.8835466520063,1000
G_dipaxis_s0.2,0955cd6c,4,28096.199097922417,1000
G_dipaxis_s0.2,0955cd6c,5,10541.159726579657,196
G_dipaxis_s0.1,8d92cb49,0,5024.08152060073,999
G_dipaxis_s0.1,8d92cb49,1,12493.91454994176,1000
G_dipaxis_s0.1,8d92cb49,2,71277.14820244696,1000
G_dipaxis_s0.1,8d92cb49,3,143338.62658884603,590
G_dipaxis_s0.15,8d92cb49,0,5523.025982490233,999
G_dipaxis_s0.15,8d92cb49,1,11793.347648247709,1000
G_dipaxis_s0.15,8d92cb49,2,70088.22199583377,1000
G_dipaxis_s0.15,8d92cb49,3,140260.10942425736,590
G_dipaxis_s0.2,8d92cb49,0,6049.81813496233,999
G_dipaxis_s0.2,8d92cb49,1,11181.177041239456,1000
G_dipaxis_s0.2,8d92cb49,2,68923.67752428829,1000
G_dipaxis_s0.2,8d92cb49,3,137215.27516842654,590
G_dipaxis_s0.1,77e4821c,0,43860.31203388093,999
G_dipaxis_s0.1,77e4821c,1,99625.75290216965,1000
G_dipaxis_s0.1,77e4821c,2,310065.65251856134,1000
G_dipaxis_s0.1,77e4821c,3,416397.4127575826,1000
G_dipaxis_s0.1,77e4821c,4,1122323.4200682694,1000
G_dipaxis_s0.1,77e4821c,5,246537.26662068648,394
G_dipaxis_s0.15,77e4821c,0,39312.59945625308,999
G_dipaxis_s0.15,77e4821c,1,99040.56189994588,1000
G_dipaxis_s0.15,77e4821c,2,317324.19234929973,1000
G_dipaxis_s0.15,77e4821c,3,446700.5596125149,1000
G_dipaxis_s0.15,77e4821c,4,1185919.9429478152,1000
G_dipaxis_s0.15,77e4821c,5,283476.13944909745,394
G_dipaxis_s0.2,77e4821c,0,35027.16024891452,999
G_dipaxis_s0.2,77e4821c,1,98620.16549551897,1000
G_dipaxis_s0.2,77e4821c,2,324746.64709434495,1000
G_dipaxis_s0.2,77e4821c,3,478151.29181821423,1000
G_dipaxis_s0.2,77e4821c,4,1251470.2811576512,1000
G_dipaxis_s0.2,77e4821c,5,323072.2757895598,394
G_dipaxis_s0.1,7b2c7b3c,0,499.15291151092094,999
G_dipaxis_s0.1,7b2c7b3c,1,3960.196841503385,1000
G_dipaxis_s0.1,7b2c7b3c,2,19833.034004906993,585
G_dipaxis_s0.15,7b2c7b3c,0,637.6305498811614,999
G_dipaxis_s0.15,7b2c7b3c,1,3587.374789432156,1000
G_dipaxis_s0.15,7b2c7b3c,2,20918.656490345955,585
G_dipaxis_s0.2,7b2c7b3c,0,812.4528065971527,999
G_dipaxis_s0.2,7b2c7b3c,1,3301.4781033860263,1000
G_dipaxis_s0.2,7b2c7b3c,2,22188.284784403208,585
G_dipaxis_s0.1,ab18d3fc,0,105614.9349475361,999
G_dipaxis_s0.1,ab18d3fc,1,77284.37271155987,1000
G_dipaxis_s0.1,ab18d3fc,2,13676.73716129456,1000
G_dipaxis_s0.1,ab18d3fc,3,42362.95578945993,1000
G_dipaxis_s0.1,ab18d3fc,4,63342.37015168267,1000
G_dipaxis_s0.1,ab18d3fc,5,193100.08246632828,695
G_dipaxis_s0.15,ab18d3fc,0,108713.16724414585,999
G_dipaxis_s0.15,ab18d3fc,1,86222.02315926083,1000
G_dipaxis_s0.15,ab18d3fc,2,8360.7022143456,1000
G_dipaxis_s0.15,ab18d3fc,3,33790.82060245315,1000
G_dipaxis_s0.15,ab18d3fc,4,51058.822568911455,1000
G_dipaxis_s0.15,ab18d3fc,5,172348.83348999132,695
G_dipaxis_s0.2,ab18d3fc,0,111863.42249637007,999
G_dipaxis_s0.2,ab18d3fc,1,95840.34764294155,1000
G_dipaxis_s0.2,ab18d3fc,2,4487.505439657974,1000
G_dipaxis_s0.2,ab18d3fc,3,26299.522576571377,1000
G_dipaxis_s0.2,ab18d3fc,4,40585.342639970884,1000
G_dipaxis_s0.2,ab18d3fc,5,152815.60466893262,695
G_dipaxis_s0.1,84815d5a,0,8019.668781456303,999
G_dipaxis_s0.1,84815d5a,1,50783.351370940756,1000
G_dipaxis_s0.1,84815d5a,2,41238.84357769038,1000
G_dipaxis_s0.1,84815d5a,3,100559.52043011604,648
G_dipaxis_s0.15,84815d5a,0,7588.622226654552,999
G_dipaxis_s0.15,84815d5a,1,47982.647277691605,1000
G_dipaxis_s0.15,84815d5a,2,39161.58357492578,1000
G_dipaxis_s0.15,84815d5a,3,97435.99292030993,648
G_dipaxis_s0.2,84815d5a,0,7173.116847151769,999
G_dipaxis_s0.2,84815d5a,1,45266.61007303334,1000
G_dipaxis_s0.2,84815d5a,2,37142.90855614384,1000
G_dipaxis_s0.2,84815d5a,3,94363.22286617117,648
G_dipaxis_s0.1,0498acab,0,7445.322473226143,999
G_dipaxis_s0.1,0498acab,1,70335.38444077375,1000
G_dipaxis_s0.1,0498acab,2,24375.175637725017,1000
G_dipaxis_s0.1,0498acab,3,77040.95264783711,1000
G_dipaxis_s0.1,0498acab,4,30388.160181355506,799
G_dipaxis_s0.15,0498acab,0,7569.309909974985,999
G_dipaxis_s0.15,0498acab,1,70811.78914821858,1000
G_dipaxis_s0.15,0498acab,2,28461.299598808975,1000
G_dipaxis_s0.15,0498acab,3,86404.85103056322,1000
G_dipaxis_s0.15,0498acab,4,37277.38231056949,799
G_dipaxis_s0.2,0498acab,0,7752.825822980887,999
G_dipaxis_s0.2,0498acab,1,71330.63082774001,1000
G_dipaxis_s0.2,0498acab,2,33048.88244833924,1000
G_dipaxis_s0.2,0498acab,3,96415.31557617003,1000
G_dipaxis_s0.2,0498acab,4,45155.59160224752,799
G_dipaxis_s0.1,ea0b99b7,0,136165.5959264987,999
G_dipaxis_s0.1,ea0b99b7,1,49356.15990350715,1000
G_dipaxis_s0.1,ea0b99b7,2,71755.28506652983,1000
G_dipaxis_s0.1,ea0b99b7,3,227051.17512296917,1000
G_dipaxis_s0.1,ea0b99b7,4,220336.4723638579,1000
G_dipaxis_s0.1,ea0b99b7,5,52501.63420325867,1000
G_dipaxis_s0.1,ea0b99b7,6,122339.62512809018,1000
G_dipaxis_s0.1,ea0b99b7,7,251414.6998859551,1000
G_dipaxis_s0.1,ea0b99b7,8,96823.17839947791,1000
G_dipaxis_s0.1,ea0b99b7,9,29372.645955708154,240
G_dipaxis_s0.15,ea0b99b7,0,128585.88210358044,999
G_dipaxis_s0.15,ea0b99b7,1,49105.00754485484,1000
G_dipaxis_s0.15,ea0b99b7,2,71484.87673119182,1000
G_dipaxis_s0.15,ea0b99b7,3,224652.14250135917,1000
G_dipaxis_s0.15,ea0b99b7,4,214682.77198866798,1000
G_dipaxis_s0.15,ea0b99b7,5,49471.32731054059,1000
G_dipaxis_s0.15,ea0b99b7,6,123528.05497206502,1000
G_dipaxis_s0.15,ea0b99b7,7,250546.79437399507,1000
G_dipaxis_s0.15,ea0b99b7,8,104087.80554520254,1000
G_dipaxis_s0.15,ea0b99b7,9,30580.70494724955,240
G_dipaxis_s0.2,ea0b99b7,0,121229.18167870483,999
G_dipaxis_s0.2,ea0b99b7,1,48883.58787743573,1000
G_dipaxis_s0.2,ea0b99b7,2,71230.22580472208,1000
G_dipaxis_s0.2,ea0b99b7,3,222266.65685296146,1000
G_dipaxis_s0.2,ea0b99b7,4,209113.9427307342,1000
G_dipaxis_s0.2,ea0b99b7,5,46570.631265076896,1000
G_dipaxis_s0.2,ea0b99b7,6,124758.80945348507,1000
G_dipaxis_s0.2,ea0b99b7,7,249718.34599316365,1000
G_dipaxis_s0.2,ea0b99b7,8,111628.92013146481,1000
G_dipaxis_s0.2,ea0b99b7,9,31813.68187871887,240
G_dipaxis_s0.1,71642c7d,0,55927.09185989245,999
G_dipaxis_s0.1,71642c7d,1,244013.04414790095,1000
G_dipaxis_s0.1,71642c7d,2,101992.72383192377,1000
G_dipaxis_s0.1,71642c7d,3,95347.8500326828,1000
G_dipaxis_s0.1,71642c7d,4,17317.84027677436,649
G_dipaxis_s0.15,71642c7d,0,54583.595236378096,999
G_dipaxis_s0.15,71642c7d,1,237712.0672662275,1000
G_dipaxis_s0.15,71642c7d,2,99423.03618865971,1000
G_dipaxis_s0.15,71642c7d,3,93036.360587639,1000
G_dipaxis_s0.15,71642c7d,4,16658.894563671354,649
G_dipaxis_s0.2,71642c7d,0,53256.960019619764,999
G_dipaxis_s0.2,71642c7d,1,231495.1035130709,1000
G_dipaxis_s0.2,71642c7d,2,96891.07761610573,1000
G_dipaxis_s0.2,71642c7d,3,90758.50715448493,1000
G_dipaxis_s0.2,71642c7d,4,16018.008673540127,649
G_dipaxis_s0.1,44441e54,0,458.3547221100393,999
G_dipaxis_s0.1,44441e54,1,698.6557582659362,1000
G_dipaxis_s0.1,44441e54,2,11077.545076974204,1000
G_dipaxis_s0.1,44441e54,3,101487.19904178096,1000
G_dipaxis_s0.1,44441e54,4,28830.96927010307,358
G_dipaxis_s0.15,44441e54,0,456.31477156860205,999
G_dipaxis_s0.15,44441e54,1,694.0060105300859,1000
G_dipaxis_s0.15,44441e54,2,11119.111387060117,1000
G_dipaxis_s0.15,44441e54,3,101796.8399278787,1000
G_dipaxis_s0.15,44441e54,4,29005.261131090538,358
G_dipaxis_s0.2,44441e54,0,454.31750500316434,999
G_dipaxis_s0.2,44441e54,1,689.4869737351594,1000
G_dipaxis_s0.2,44441e54,2,11160.776587304194,1000
G_dipaxis_s0.2,44441e54,3,102106.98603615772,1000
G_dipaxis_s0.2,44441e54,4,29180.091037281687,358
G_dipaxis_s0.1,8f201368,0,80855.33737800042,999
G_dipaxis_s0.1,8f201368,1,227847.92638666558,1000
G_dipaxis_s0.1,8f201368,2,116621.12608648208,1000
G_dipaxis_s0.1,8f201368,3,18996.074258978548,1000
G_dipaxis_s0.1,8f201368,4,146820.86305858387,1000
G_dipaxis_s0.1,8f201368,5,71969.71941940121,1000
G_dipaxis_s0.1,8f201368,6,7816.218499388687,350
G_dipaxis_s0.15,8f201368,0,78388.99278776,999
G_dipaxis_s0.15,8f201368,1,218389.36364744225,1000
G_dipaxis_s0.15,8f201368,2,110510.55904245717,1000
G_dipaxis_s0.15,8f201368,3,16810.676831750094,1000
G_dipaxis_s0.15,8f201368,4,137735.31823213358,1000
G_dipaxis_s0.15,8f201368,5,66649.56550616938,1000
G_dipaxis_s0.15,8f201368,6,6837.497573250582,350
G_dipaxis_s0.2,8f201368,0,75961.83270166873,999
G_dipaxis_s0.2,8f201368,1,209134.8219830842,1000
G_dipaxis_s0.2,8f201368,2,104569.48253085106,1000
G_dipaxis_s0.2,8f201368,3,14769.422250512202,1000
G_dipaxis_s0.2,8f201368,4,128945.97975886485,1000
G_dipaxis_s0.2,8f201368,5,61542.10590209467,1000
G_dipaxis_s0.2,8f201368,6,5924.513265820218,350
G_dipaxis_s0.1,1550491d,0,13812.737354213237,999
G_dipaxis_s0.1,1550491d,1,135976.21466621946,1000
G_dipaxis_s0.1,1550491d,2,43546.74458147724,1000
G_dipaxis_s0.1,1550491d,3,21412.9695694666,1000
G_dipaxis_s0.1,1550491d,4,41215.72721676046,564
G_dipaxis_s0.15,1550491d,0,12597.361036698228,999
G_dipaxis_s0.15,1550491d,1,126531.97396676448,1000
G_dipaxis_s0.15,1550491d,2,37841.04378777764,1000
G_dipaxis_s0.15,1550491d,3,29429.632157138283,1000
G_dipaxis_s0.15,1550491d,4,47898.23185686134,564
G_dipaxis_s0.2,1550491d,0,11472.162577556379,999
G_dipaxis_s0.2,1550491d,1,117457.14863883684,1000
G_dipaxis_s0.2,1550491d,2,32763.961723187113,1000
G_dipaxis_s0.2,1550491d,3,38776.801320201805,1000
G_dipaxis_s0.2,1550491d,4,55090.80069194891,564
G_dipaxis_s0.1,f49fdea3,0,44915.45949336186,999
G_dipaxis_s0.1,f49fdea3,1,80338.09745999971,1000
G_dipaxis_s0.1,f49fdea3,2,40588.749547084044,1000
G_dipaxis_s0.1,f49fdea3,3,215623.05991596865,1000
G_dipaxis_s0.1,f49fdea3,4,479481.33143135667,1000
G_dipaxis_s0.1,f49fdea3,5,135494.94580149784,392
G_dipaxis_s0.15,f49fdea3,0,44806.09254758502,999
G_dipaxis_s0.15,f49fdea3,1,86692.3909186001,1000
G_dipaxis_s0.15,f49fdea3,2,47338.10073284547,1000
G_dipaxis_s0.15,f49fdea3,3,241143.47646298277,1000
G_dipaxis_s0.15,f49fdea3,4,533445.0413541495,1000
G_dipaxis_s0.15,f49fdea3,5,153277.61444002908,392
G_dipaxis_s0.2,f49fdea3,0,44712.322690033,999
G_dipaxis_s0.2,f49fdea3,1,93375.21479006212,1000
G_dipaxis_s0.2,f49fdea3,2,54665.83031524047,1000
G_dipaxis_s0.2,f49fdea3,3,268092.0789736117,1000
G_dipaxis_s0.2,f49fdea3,4,590288.5865455726,1000
G_dipaxis_s0.2,f49fdea3,5,172162.16734576144,392
G_dipaxis_s0.1,9c8375f7,0,6108.094020739298,999
G_dipaxis_s0.1,9c8375f7,1,91090.08765984139,1000
G_dipaxis_s0.1,9c8375f7,2,30459.317329601832,1000
G_dipaxis_s0.1,9c8375f7,3,71936.7587893258,675
G_dipaxis_s0.15,9c8375f7,0,6317.959567394908,999
G_dipaxis_s0.15,9c8375f7,1,93620.87249984701,1000
G_dipaxis_s0.15,9c8375f7,2,32948.390058876095,1000
G_dipaxis_s0.15,9c8375f7,3,76286.99832436275,675
G_dipaxis_s0.2,9c8375f7,0,6533.570829548042,999
G_dipaxis_s0.2,9c8375f7,1,96188.34444575389,1000
G_dipaxis_s0.2,9c8375f7,2,35542.90660744341,1000
G_dipaxis_s0.2,9c8375f7,3,80771.19365889767,675
G_dipaxis_s0.1,43e16325,0,5454.9274870455965,999
G_dipaxis_s0.1,43e16325,1,174772.69073217746,1000
G_dipaxis_s0.1,43e16325,2,1070163.0584983595,1000
G_dipaxis_s0.1,43e16325,3,1470723.7115652796,721
G_dipaxis_s0.15,43e16325,0,2279.5837947987125,999
G_dipaxis_s0.15,43e16325,1,112696.97111088311,1000
G_dipaxis_s0.15,43e16325,2,823090.3874378708,1000
G_dipaxis_s0.15,43e16325,3,1124740.7480979275,721
G_dipaxis_s0.2,43e16325,0,983.0995483750062,999
G_dipaxis_s0.2,43e16325,1,64686.48841830398,1000
G_dipaxis_s0.2,43e16325,2,608898.7000772388,1000
G_dipaxis_s0.2,43e16325,3,825157.5529987541,721
G_dipaxis_s0.1,0849b4e2,0,38573.113512961536,999
G_dipaxis_s0.1,0849b4e2,1,111633.77636567767,1000
G_dipaxis_s0.1,0849b4e2,2,12219.718965911645,1000
G_dipaxis_s0.1,0849b4e2,3,53025.681311292996,1000
G_dipaxis_s0.1,0849b4e2,4,442305.8863558434,1000
G_dipaxis_s0.1,0849b4e2,5,549606.1753278594,538
G_dipaxis_s0.15,0849b4e2,0,38211.23348782205,999
G_dipaxis_s0.15,0849b4e2,1,110037.677440782,1000
G_dipaxis_s0.15,0849b4e2,2,12308.50508484195,1000
G_dipaxis_s0.15,0849b4e2,3,51289.68885012215,1000
G_dipaxis_s0.15,0849b4e2,4,415910.91195947165,1000
G_dipaxis_s0.15,0849b4e2,5,524336.6957701975,538
G_dipaxis_s0.2,0849b4e2,0,37851.339496381464,999
G_dipaxis_s0.2,0849b4e2,1,108457.59092552785,1000
G_dipaxis_s0.2,0849b4e2,2,12481.812139189438,1000
G_dipaxis_s0.2,0849b4e2,3,49889.826433594455,1000
G_dipaxis_s0.2,0849b4e2,4,390331.87750933133,1000
G_dipaxis_s0.2,0849b4e2,5,499670.9002427543,538
G_dipaxis_s0.1,3690a146,0,70674.94092685466,999
G_dipaxis_s0.1,3690a146,1,59317.443365720785,1000
G_dipaxis_s0.1,3690a146,2,7850.0193481666465,1000
G_dipaxis_s0.1,3690a146,3,699.18680156919,1000
G_dipaxis_s0.1,3690a146,4,55.03198205084745,74
G_dipaxis_s0.15,3690a146,0,69356.90702707422,999
G_dipaxis_s0.15,3690a146,1,58551.77153837534,1000
G_dipaxis_s0.15,3690a146,2,6648.32891027902,1000
G_dipaxis_s0.15,3690a146,3,946.7889638850422,1000
G_dipaxis_s0.15,3690a146,4,91.57816161326934,74
G_dipaxis_s0.2,3690a146,0,68052.50202949824,999
G_dipaxis_s0.2,3690a146,1,57795.311423066385,1000
G_dipaxis_s0.2,3690a146,2,5553.067282497981,1000
G_dipaxis_s0.2,3690a146,3,1295.2759077802805,1000
G_dipaxis_s0.2,3690a146,4,137.44124658816807,74
G_dipaxis_s0.1,a0e92ed6,0,8281.561897879694,999
G_dipaxis_s0.1,a0e92ed6,1,5339.210126057042,1000
G_dipaxis_s0.1,a0e92ed6,2,13416.129716051648,1000
G_dipaxis_s0.1,a0e92ed6,3,8394.478669808426,1000
G_dipaxis_s0.1,a0e92ed6,4,40175.7593822829,898
G_dipaxis_s0.15,a0e92ed6,0,8546.841745350828,999
G_dipaxis_s0.15,a0e92ed6,1,5169.629964238924,1000
G_dipaxis_s0.15,a0e92ed6,2,13744.478098384528,1000
G_dipaxis_s0.15,a0e92ed6,3,8459.931606311784,1000
G_dipaxis_s0.15,a0e92ed6,4,38089.14388637914,898
G_dipaxis_s0.2,a0e92ed6,0,8819.808802177635,999
G_dipaxis_s0.2,a0e92ed6,1,5007.43885739757,1000
G_dipaxis_s0.2,a0e92ed6,2,14077.716643823544,1000
G_dipaxis_s0.2,a0e92ed6,3,8548.482574045525,1000
G_dipaxis_s0.2,a0e92ed6,4,36062.18427818917,898
G_dipaxis_s0.1,a15bc102,0,9907.822063994838,999
G_dipaxis_s0.1,a15bc102,1,41105.88764299739,1000
G_dipaxis_s0.1,a15bc102,2,43058.536652849725,1000
G_dipaxis_s0.1,a15bc102,3,8720.416732012174,237
G_dipaxis_s0.15,a15bc102,0,10319.296775045097,999
G_dipaxis_s0.15,a15bc102,1,42693.24995747824,1000
G_dipaxis_s0.15,a15bc102,2,47745.12853737639,1000
G_dipaxis_s0.15,a15bc102,3,9609.456663210023,237
G_dipaxis_s0.2,a15bc102,0,10740.805097917237,999
G_dipaxis_s0.2,a15bc102,1,44315.45249146432,1000
G_dipaxis_s0.2,a15bc102,2,52680.45013788846,1000
G_dipaxis_s0.2,a15bc102,3,10542.28235073149,237
G_dipaxis_s0.1,69c1bdad,0,47691.38907310648,999
G_dipaxis_s0.1,69c1bdad,1,8116.6432419537,1000
G_dipaxis_s0.1,69c1bdad,2,69902.43154159753,715
G_dipaxis_s0.15,69c1bdad,0,47873.97938656523,999
G_dipaxis_s0.15,69c1bdad,1,8278.733665053924,1000
G_dipaxis_s0.15,69c1bdad,2,71066.91076682614,715
G_dipaxis_s0.2,69c1bdad,0,48071.52685457033,999
G_dipaxis_s0.2,69c1bdad,1,8644.29260822058,1000
G_dipaxis_s0.2,69c1bdad,2,72317.19717343699,715
G_dipaxis_s0.1,f88ddb26,0,74362.98069045953,999
G_dipaxis_s0.1,f88ddb26,1,80527.36041401408,1000
G_dipaxis_s0.1,f88ddb26,2,420006.2597174634,1000
G_dipaxis_s0.1,f88ddb26,3,172479.86033590673,1000
G_dipaxis_s0.1,f88ddb26,4,64185.683437693886,991
G_dipaxis_s0.15,f88ddb26,0,67925.95723969645,999
G_dipaxis_s0.15,f88ddb26,1,56044.179696664294,1000
G_dipaxis_s0.15,f88ddb26,2,329050.4082869591,1000
G_dipaxis_s0.15,f88ddb26,3,117462.77715290757,1000
G_dipaxis_s0.15,f88ddb26,4,33218.770761114836,991
G_dipaxis_s0.2,f88ddb26,0,62030.637770441295,999
G_dipaxis_s0.2,f88ddb26,1,36417.95799474053,1000
G_dipaxis_s0.2,f88ddb26,2,249237.01836937768,1000
G_dipaxis_s0.2,f88ddb26,3,74932.65469198978,1000
G_dipaxis_s0.2,f88ddb26,4,12966.692535043205,991
G_dipaxis_s0.1,c1708b88,0,32145.176927193093,999
G_dipaxis_s0.1,c1708b88,1,36517.61319611643,1000
G_dipaxis_s0.1,c1708b88,2,155847.7925624626,1000
G_dipaxis_s0.1,c1708b88,3,40209.32952711651,1000
G_dipaxis_s0.1,c1708b88,4,741.8914821359238,1000
G_dipaxis_s0.1,c1708b88,5,42087.902863769195,1000
G_dipaxis_s0.1,c1708b88,6,2457.516395938525,316
G_dipaxis_s0.15,c1708b88,0,34227.5710152045,999
G_dipaxis_s0.15,c1708b88,1,39759.15306434595,1000
G_dipaxis_s0.15,c1708b88,2,150159.407832433,1000
G_dipaxis_s0.15,c1708b88,3,44199.97543389309,1000
G_dipaxis_s0.15,c1708b88,4,1719.8790422436487,1000
G_dipaxis_s0.15,c1708b88,5,51045.93458195002,1000
G_dipaxis_s0.15,c1708b88,6,4102.285233648497,316
G_dipaxis_s0.2,c1708b88,0,36378.7720898925,999
G_dipaxis_s0.2,c1708b88,1,43436.49551753641,1000
G_dipaxis_s0.2,c1708b88,2,144767.00646964408,1000
G_dipaxis_s0.2,c1708b88,3,48486.61426906215,1000
G_dipaxis_s0.2,c1708b88,4,3182.950475479964,1000
G_dipaxis_s0.2,c1708b88,5,60953.245659539956,1000
G_dipaxis_s0.2,c1708b88,6,6392.985321405784,316
G_dipaxis_s0.1,71ccf778,0,20339.05216448966,999
G_dipaxis_s0.1,71ccf778,1,105094.25628670376,1000
G_dipaxis_s0.1,71ccf778,2,40772.71957867756,699
G_dipaxis_s0.15,71ccf778,0,21529.58531526204,999
G_dipaxis_s0.15,71ccf778,1,112048.47127324005,1000
G_dipaxis_s0.15,71ccf778,2,40802.07618386058,699
G_dipaxis_s0.2,71ccf778,0,22781.13601689739,999
G_dipaxis_s0.2,71ccf778,1,119240.34922393564,1000
G_dipaxis_s0.2,71ccf778,2,40869.44128542372,699
G_dipaxis_s0.1,1a68190b,0,44076.7404227578,999
G_dipaxis_s0.1,1a68190b,1,338714.3858531131,1000
G_dipaxis_s0.1,1a68190b,2,283941.09705772466,1000
G_dipaxis_s0.1,1a68190b,3,10359.850783479667,1000
G_dipaxis_s0.1,1a68190b,4,24712.678059527658,475
G_dipaxis_s0.15,1a68190b,0,43914.848157854605,999
G_dipaxis_s0.15,1a68190b,1,334170.4481036988,1000
G_dipaxis_s0.15,1a68190b,2,280150.7297519617,1000
G_dipaxis_s0.15,1a68190b,3,9637.680879354,1000
G_dipaxis_s0.15,1a68190b,4,25040.69530882417,475
G_dipaxis_s0.2,1a68190b,0,43756.92059734622,999
G_dipaxis_s0.2,1a68190b,1,329658.29188449914,1000
G_dipaxis_s0.2,1a68190b,2,276401.18037242437,1000
G_dipaxis_s0.2,1a68190b,3,8949.716388913035,1000
G_dipaxis_s0.2,1a68190b,4,25371.36577570579,475
G_dipaxis_s0.1,1aaf1da0,0,5548.06518755737,999
G_dipaxis_s0.1,1aaf1da0,1,24131.869341288617,1000
G_dipaxis_s0.1,1aaf1da0,2,229032.58377173313,1000
G_dipaxis_s0.1,1aaf1da0,3,23152.47406330841,1000
G_dipaxis_s0.1,1aaf1da0,4,24387.796967085684,805
G_dipaxis_s0.15,1aaf1da0,0,5839.691712567457,999
G_dipaxis_s0.15,1aaf1da0,1,25008.515782674436,1000
G_dipaxis_s0.15,1aaf1da0,2,234859.17079116608,1000
G_dipaxis_s0.15,1aaf1da0,3,23357.02935138563,1000
G_dipaxis_s0.15,1aaf1da0,4,19988.102042456623,805
G_dipaxis_s0.2,1aaf1da0,0,6140.336608005175,999
G_dipaxis_s0.2,1aaf1da0,1,25909.795022346876,1000
G_dipaxis_s0.2,1aaf1da0,2,240774.42070868483,1000
G_dipaxis_s0.2,1aaf1da0,3,23821.856273954192,1000
G_dipaxis_s0.2,1aaf1da0,4,16048.833668911508,805
G_dipaxis_s0.1,015fe0d2,0,6396.429082948323,999
G_dipaxis_s0.1,015fe0d2,1,99129.75311121302,1000
G_dipaxis_s0.1,015fe0d2,2,463443.0245471644,1000
G_dipaxis_s0.1,015fe0d2,3,214908.0397390381,1000
G_dipaxis_s0.1,015fe0d2,4,31609.7404036431,297
G_dipaxis_s0.15,015fe0d2,0,5722.186744852079,999
G_dipaxis_s0.15,015fe0d2,1,92407.43753752696,1000
G_dipaxis_s0.15,015fe0d2,2,437576.2091114586,1000
G_dipaxis_s0.15,015fe0d2,3,192662.24357265118,1000
G_dipaxis_s0.15,015fe0d2,4,25950.462349531685,297
G_dipaxis_s0.2,015fe0d2,0,5086.228426174671,999
G_dipaxis_s0.2,015fe0d2,1,85928.9419074708,1000
G_dipaxis_s0.2,015fe0d2,2,412461.99991354096,1000
G_dipaxis_s0.2,015fe0d2,3,171708.187202686,1000
G_dipaxis_s0.2,015fe0d2,4,20851.653273689513,297
G_dipaxis_s0.1,d4f60a28,0,39550.00163895928,999
G_dipaxis_s0.1,d4f60a28,1,67395.85866890372,1000
G_dipaxis_s0.1,d4f60a28,2,89611.20481339675,1000
G_dipaxis_s0.1,d4f60a28,3,123656.30864081313,1000
G_dipaxis_s0.1,d4f60a28,4,222675.78841487275,502
G_dipaxis_s0.15,d4f60a28,0,39513.37334486721,999
G_dipaxis_s0.15,d4f60a28,1,67556.24230075508,1000
G_dipaxis_s0.15,d4f60a28,2,90021.25383766078,1000
G_dipaxis_s0.15,d4f60a28,3,124488.79950360779,1000
G_dipaxis_s0.15,d4f60a28,4,223020.18763359069,502
G_dipaxis_s0.2,d4f60a28,0,39476.82515111348,999
G_dipaxis_s0.2,d4f60a28,1,67717.55039684208,1000
G_dipaxis_s0.2,d4f60a28,2,90432.61197837487,1000
G_dipaxis_s0.2,d4f60a28,3,125324.3936893135,1000
G_dipaxis_s0.2,d4f60a28,4,223364.94466720475,502
G_dipaxis_s0.1,060ab2b8,0,24911.337648910765,999
G_dipaxis_s0.1,060ab2b8,1,15706.992356899373,1000
G_dipaxis_s0.1,060ab2b8,2,30964.099136860164,1000
G_dipaxis_s0.1,060ab2b8,3,50550.29433474745,1000
G_dipaxis_s0.1,060ab2b8,4,37211.57932387253,1000
G_dipaxis_s0.1,060ab2b8,5,82156.82186854888,1000
G_dipaxis_s0.1,060ab2b8,6,35409.346638761344,259
G_dipaxis_s0.15,060ab2b8,0,21461.62785650932,999
G_dipaxis_s0.15,060ab2b8,1,11314.502185355817,1000
G_dipaxis_s0.15,060ab2b8,2,20867.253141322843,1000
G_dipaxis_s0.15,060ab2b8,3,39214.71258230204,1000
G_dipaxis_s0.15,060ab2b8,4,43906.108749375344,1000
G_dipaxis_s0.15,060ab2b8,5,42889.80693436186,1000
G_dipaxis_s0.15,060ab2b8,6,19582.800101051434,259
G_dipaxis_s0.2,060ab2b8,0,18271.32918620304,999
G_dipaxis_s0.2,060ab2b8,1,7653.597447149432,1000
G_dipaxis_s0.2,060ab2b8,2,12818.248936473441,1000
G_dipaxis_s0.2,060ab2b8,3,30152.580683310945,1000
G_dipaxis_s0.2,060ab2b8,4,54379.20711725625,1000
G_dipaxis_s0.2,060ab2b8,5,16470.54098786893,1000
G_dipaxis_s0.2,060ab2b8,6,8516.612391948116,259
G_dipaxis_s0.1,e85074c5,0,68949.1874004335,999
G_dipaxis_s0.1,e85074c5,1,109369.22141401628,1000
G_dipaxis_s0.1,e85074c5,2,116441.93956784105,1000
G_dipaxis_s0.1,e85074c5,3,136344.88752334766,1000
G_dipaxis_s0.1,e85074c5,4,178310.28717449648,1000
G_dipaxis_s0.1,e85074c5,5,125584.26420814269,676
G_dipaxis_s0.15,e85074c5,0,67385.5290774481,999
G_dipaxis_s0.15,e85074c5,1,109571.32410114621,1000
G_dipaxis_s0.15,e85074c5,2,124112.34605897624,1000
G_dipaxis_s0.15,e85074c5,3,156235.05515727284,1000
G_dipaxis_s0.15,e85074c5,4,209019.43535145765,1000
G_dipaxis_s0.15,e85074c5,5,151126.59967628613,676
G_dipaxis_s0.2,e85074c5,0,65842.84551045892,999
G_dipaxis_s0.2,e85074c5,1,109779.01664197119,1000
G_dipaxis_s0.2,e85074c5,2,132048.79467377116,1000
G_dipaxis_s0.2,e85074c5,3,177527.01868148515,1000
G_dipaxis_s0.2,e85074c5,4,242199.39383130212,1000
G_dipaxis_s0.2,e85074c5,5,179159.78731784815,676
G_dipaxis_s0.1,eba6605e,0,171084.56718862124,999
G_dipaxis_s0.1,eba6605e,1,19323.59140245551,1000
G_dipaxis_s0.1,eba6605e,2,6510.73751635355,1000
G_dipaxis_s0.1,eba6605e,3,192278.90695904757,1000
G_dipaxis_s0.1,eba6605e,4,82790.9755958917,411
G_dipaxis_s0.15,eba6605e,0,156969.39762509716,999
G_dipaxis_s0.15,eba6605e,1,17235.750566041334,1000
G_dipaxis_s0.15,eba6605e,2,8198.380889333313,1000
G_dipaxis_s0.15,eba6605e,3,87097.94982862248,1000
G_dipaxis_s0.15,eba6605e,4,28297.154121231943,411
G_dipaxis_s0.2,eba6605e,0,143462.07375635696,999
G_dipaxis_s0.2,eba6605e,1,16332.098937868077,1000
G_dipaxis_s0.2,eba6605e,2,21665.732638851394,1000
G_dipaxis_s0.2,eba6605e,3,25388.499424908274,1000
G_dipaxis_s0.2,eba6605e,4,2498.873931506744,411
G_dipaxis_s0.1,1fdbba44,0,6074.160757874226,999
G_dipaxis_s0.1,1fdbba44,1,35233.38926245638,1000
G_dipaxis_s0.1,1fdbba44,2,75423.00665361458,1000
G_dipaxis_s0.1,1fdbba44,3,147132.30100504166,1000
G_dipaxis_s0.1,1fdbba44,4,14761.288197146221,912
G_dipaxis_s0.15,1fdbba44,0,5987.194763485238,999
G_dipaxis_s0.15,1fdbba44,1,37877.508764505896,1000
G_dipaxis_s0.15,1fdbba44,2,85351.48609205152,1000
G_dipaxis_s0.15,1fdbba44,3,168461.8020237135,1000
G_dipaxis_s0.15,1fdbba44,4,19373.49002432771,912
G_dipaxis_s0.2,1fdbba44,0,5909.929811946523,999
G_dipaxis_s0.2,1fdbba44,1,40633.47921880427,1000
G_dipaxis_s0.2,1fdbba44,2,95913.32710118295,1000
G_dipaxis_s0.2,1fdbba44,3,191276.55771892748,1000
G_dipaxis_s0.2,1fdbba44,4,25771.490227228376,912
G_dipaxis_s0.1,e4726608,0,6710.085998554987,999
G_dipaxis_s0.1,e4726608,1,7770.640292383918,1000
G_dipaxis_s0.1,e4726608,2,3514.219043671202,1000
G_dipaxis_s0.1,e4726608,3,788.3018400578745,1000
G_dipaxis_s0.1,e4726608,4,13331.92210376889,734
G_dipaxis_s0.15,e4726608,0,6489.7226771734695,999
G_dipaxis_s0.15,e4726608,1,7929.089489395035,1000
G_dipaxis_s0.15,e4726608,2,3537.865903612269,1000
G_dipaxis_s0.15,e4726608,3,807.6571700851962,1000
G_dipaxis_s0.15,e4726608,4,13204.547550610107,734
G_dipaxis_s0.2,e4726608,0,6277.033779539991,999
G_dipaxis_s0.2,e4726608,1,8093.425685411648,1000
G_dipaxis_s0.2,e4726608,2,3562.9199397757966,1000
G_dipaxis_s0.2,e4726608,3,827.4217129167981,1000
G_dipaxis_s0.2,e4726608,4,13078.25984267637,734
G_dipaxis_s0.1,5def1ce5,0,14764.420616463489,999
G_dipaxis_s0.1,5def1ce5,1,82000.11188120021,1000
G_dipaxis_s0.1,5def1ce5,2,104632.63441688746,1000
G_dipaxis_s0.1,5def1ce5,3,49233.0798778325,1000
G_dipaxis_s0.1,5def1ce5,4,237296.02805607338,1000
G_dipaxis_s0.1,5def1ce5,5,25229.15307132609,1000
G_dipaxis_s0.1,5def1ce5,6,33513.620217480406,444
G_dipaxis_s0.15,5def1ce5,0,15774.456353158783,999
G_dipaxis_s0.15,5def1ce5,1,81887.66253922912,1000
G_dipaxis_s0.15,5def1ce5,2,104281.94158040755,1000
G_dipaxis_s0.15,5def1ce5,3,50634.47033850984,1000
G_dipaxis_s0.15,5def1ce5,4,241447.90222814272,1000
G_dipaxis_s0.15,5def1ce5,5,25323.335914595827,1000
G_dipaxis_s0.15,5def1ce5,6,33604.67785927004,444
G_dipaxis_s0.2,5def1ce5,0,16823.654465098483,999
G_dipaxis_s0.2,5def1ce5,1,81780.86242653562,1000
G_dipaxis_s0.2,5def1ce5,2,103933.50447792455,1000
G_dipaxis_s0.2,5def1ce5,3,52060.097611438025,1000
G_dipaxis_s0.2,5def1ce5,4,245636.22169685373,1000
G_dipaxis_s0.2,5def1ce5,5,25417.982291234977,1000
G_dipaxis_s0.2,5def1ce5,6,33695.86081954404,444
G_dipaxis_s0.1,bcebcc5f,0,35219.757602175574,999
G_dipaxis_s0.1,bcebcc5f,1,45994.896242537936,1000
G_dipaxis_s0.1,bcebcc5f,2,60312.87122533406,1000
G_dipaxis_s0.1,bcebcc5f,3,30149.185003290688,1000
G_dipaxis_s0.1,bcebcc5f,4,20964.71645001391,1000
G_dipaxis_s0.1,bcebcc5f,5,41903.78941748138,1000
G_dipaxis_s0.1,bcebcc5f,6,5720.457703793485,259
G_dipaxis_s0.15,bcebcc5f,0,35137.74379946254,999
G_dipaxis_s0.15,bcebcc5f,1,45933.821552081245,1000
G_dipaxis_s0.15,bcebcc5f,2,60305.178383784514,1000
G_dipaxis_s0.15,bcebcc5f,3,30263.793730742946,1000
G_dipaxis_s0.15,bcebcc5f,4,21026.16815081741,1000
G_dipaxis_s0.15,bcebcc5f,5,42053.74676432226,1000
G_dipaxis_s0.15,bcebcc5f,6,5749.194586536703,259
G_dipaxis_s0.2,bcebcc5f,0,35055.83755476247,999
G_dipaxis_s0.2,bcebcc5f,1,45872.7941246391,1000
G_dipaxis_s0.2,bcebcc5f,2,60297.543425421034,1000
G_dipaxis_s0.2,bcebcc5f,3,30378.63588679299,1000
G_dipaxis_s0.2,bcebcc5f,4,21087.723297372584,1000
G_dipaxis_s0.2,bcebcc5f,5,42203.98747330107,1000
G_dipaxis_s0.2,bcebcc5f,6,5778.008168554216,259
G_dipaxis_s0.1,833af382,0,41830.35655180549,999
G_dipaxis_s0.1,833af382,1,30938.910597647897,1000
G_dipaxis_s0.1,833af382,2,104717.16781212352,1000
G_dipaxis_s0.1,833af382,3,18873.227769497324,629
G_dipaxis_s0.15,833af382,0,41384.152647877956,999
G_dipaxis_s0.15,833af382,1,32650.771708372566,1000
G_dipaxis_s0.15,833af382,2,113643.19916728429,1000
G_dipaxis_s0.15,833af382,3,25552.585190072874,629
G_dipaxis_s0.2,833af382,0,40950.67767572149,999
G_dipaxis_s0.2,833af382,1,34854.762278508766,1000
G_dipaxis_s0.2,833af382,2,123263.74168226322,1000
G_dipaxis_s0.2,833af382,3,33264.02872965076,629
G_dipaxis_s0.1,c9e980e8,0,980.4867429839446,999
G_dipaxis_s0.1,c9e980e8,1,442.50908714677183,1000
G_dipaxis_s0.1,c9e980e8,2,5582.320181707695,1000
G_dipaxis_s0.1,c9e980e8,3,25929.29941198567,1000
G_dipaxis_s0.1,c9e980e8,4,20538.25462240308,360
G_dipaxis_s0.15,c9e980e8,0,1025.6625434958385,999
G_dipaxis_s0.15,c9e980e8,1,501.4616605650137,1000
G_dipaxis_s0.15,c9e980e8,2,5493.59322946562,1000
G_dipaxis_s0.15,c9e980e8,3,27492.563606906333,1000
G_dipaxis_s0.15,c9e980e8,4,21940.59848027327,360
G_dipaxis_s0.2,c9e980e8,0,1073.3098640126248,999
G_dipaxis_s0.2,c9e980e8,1,574.1512234610136,1000
G_dipaxis_s0.2,c9e980e8,2,5411.533410442634,1000
G_dipaxis_s0.2,c9e980e8,3,29103.601237120805,1000
G_dipaxis_s0.2,c9e980e8,4,23389.347068544146,360
G_dipaxis_s0.1,94d813a4,0,1199.6257492048846,999
G_dipaxis_s0.1,94d813a4,1,114757.51559394687,1000
G_dipaxis_s0.1,94d813a4,2,215381.21681870078,1000
G_dipaxis_s0.1,94d813a4,3,668693.8178634394,1000
G_dipaxis_s0.1,94d813a4,4,322067.17844526505,848
G_dipaxis_s0.15,94d813a4,0,1180.8405619084585,999
G_dipaxis_s0.15,94d813a4,1,114008.25174063465,1000
G_dipaxis_s0.15,94d813a4,2,211086.67132986925,1000
G_dipaxis_s0.15,94d813a4,3,656680.3168636177,1000
G_dipaxis_s0.15,94d813a4,4,313422.8689334646,848
G_dipaxis_s0.2,94d813a4,0,1164.1723699376412,999
G_dipaxis_s0.2,94d813a4,1,113265.16739467316,1000
G_dipaxis_s0.2,94d813a4,2,206839.74247307415,1000
G_dipaxis_s0.2,94d813a4,3,644777.2667355917,1000
G_dipaxis_s0.2,94d813a4,4,304898.37476280326,848
G_dipaxis_s0.1,481de5fc,0,28089.797270041272,999
G_dipaxis_s0.1,481de5fc,1,133787.8004855417,1000
G_dipaxis_s0.1,481de5fc,2,194924.07768845922,1000
G_dipaxis_s0.1,481de5fc,3,155158.04768506167,1000
G_dipaxis_s0.1,481de5fc,4,100716.53875733845,1000
G_dipaxis_s0.1,481de5fc,5,30752.26612687623,953
G_dipaxis_s0.15,481de5fc,0,27975.07868208421,999
G_dipaxis_s0.15,481de5fc,1,138591.03158123014,1000
G_dipaxis_s0.15,481de5fc,2,216496.89123935412,1000
G_dipaxis_s0.15,481de5fc,3,185507.23118504405,1000
G_dipaxis_s0.15,481de5fc,4,121123.90620922572,1000
G_dipaxis_s0.15,481de5fc,5,31554.503366073524,953
G_dipaxis_s0.2,481de5fc,0,27880.67347933895,999
G_dipaxis_s0.2,481de5fc,1,143538.11023859534,1000
G_dipaxis_s0.2,481de5fc,2,239325.48339589304,1000
G_dipaxis_s0.2,481de5fc,3,218634.84711138366,1000
G_dipaxis_s0.2,481de5fc,4,143511.12569970792,1000
G_dipaxis_s0.2,481de5fc,5,32812.20375787048,953
G_dipaxis_s0.1,861e71df,0,351.3857853490741,999
G_dipaxis_s0.1,861e71df,1,37803.31643303656,1000
G_dipaxis_s0.1,861e71df,2,145885.44416377315,1000
G_dipaxis_s0.1,861e71df,3,257431.0912034708,1000
G_dipaxis_s0.1,861e71df,4,132269.37877663522,701
G_dipaxis_s0.15,861e71df,0,181.97185829480102,999
G_dipaxis_s0.15,861e71df,1,38498.766192474715,1000
G_dipaxis_s0.15,861e71df,2,137514.3702535175,1000
G_dipaxis_s0.15,861e71df,3,239815.124694327,1000
G_dipaxis_s0.15,861e71df,4,133527.11963248448,701
G_dipaxis_s0.2,861e71df,0,92.14991808834101,999
G_dipaxis_s0.2,861e71df,1,39231.63708052342,1000
G_dipaxis_s0.2,861e71df,2,129509.02098182811,1000
G_dipaxis_s0.2,861e71df,3,222864.68227792755,1000
G_dipaxis_s0.2,861e71df,4,134873.98366668637,701
G_dipaxis_s0.1,d50c649a,0,52804.14057822764,999
G_dipaxis_s0.1,d50c649a,1,64638.350569794806,1000
G_dipaxis_s0.1,d50c649a,2,77761.92288721685,1000
G_dipaxis_s0.1,d50c649a,3,71974.40170180553,1000
G_dipaxis_s0.1,d50c649a,4,16435.88885109629,874
G_dipaxis_s0.15,d50c649a,0,51727.05677468932,999
G_dipaxis_s0.15,d50c649a,1,68219.62934441393,1000
G_dipaxis_s0.15,d50c649a,2,85904.08405186645,1000
G_dipaxis_s0.15,d50c649a,3,83571.94763928697,1000
G_dipaxis_s0.15,d50c649a,4,17459.190390707376,874
G_dipaxis_s0.2,d50c649a,0,50663.28598932612,999
G_dipaxis_s0.2,d50c649a,1,71938.29021781821,1000
G_dipaxis_s0.2,d50c649a,2,94467.4977599858,1000
G_dipaxis_s0.2,d50c649a,3,96080.51160236634,1000
G_dipaxis_s0.2,d50c649a,4,19758.361932335603,874
G_dipaxis_s0.1,fcfcc902,0,46102.93143769965,999
G_dipaxis_s0.1,fcfcc902,1,160665.23706768313,1000
G_dipaxis_s0.1,fcfcc902,2,51225.67713888727,792
G_dipaxis_s0.15,fcfcc902,0,40955.98428357683,999
G_dipaxis_s0.15,fcfcc902,1,138222.6299364899,1000
G_dipaxis_s0.15,fcfcc902,2,32902.85942238262,792
G_dipaxis_s0.2,fcfcc902,0,36145.436471618996,999
G_dipaxis_s0.2,fcfcc902,1,117557.39149852838,1000
G_dipaxis_s0.2,fcfcc902,2,19014.24537193777,792
G_dipaxis_s0.1,173ed841,0,6706.463253548668,999
G_dipaxis_s0.1,173ed841,1,280345.6078957625,1000
G_dipaxis_s0.1,173ed841,2,453091.05206819606,1000
G_dipaxis_s0.1,173ed841,3,614344.1755986073,1000
G_dipaxis_s0.1,173ed841,4,436453.9009754101,884
G_dipaxis_s0.15,173ed841,0,7188.443679554571,999
G_dipaxis_s0.15,173ed841,1,284701.37187510764,1000
G_dipaxis_s0.15,173ed841,2,455798.48466367857,1000
G_dipaxis_s0.15,173ed841,3,617711.2939193909,1000
G_dipaxis_s0.15,173ed841,4,437669.2631340816,884
G_dipaxis_s0.2,173ed841,0,7696.497744944405,999
G_dipaxis_s0.2,173ed841,1,289098.7098348672,1000
G_dipaxis_s0.2,173ed841,2,458516.76004731294,1000
G_dipaxis_s0.2,173ed841,3,621114.0495246919,1000
G_dipaxis_s0.2,173ed841,4,438891.0438275831,884
G_dipaxis_s0.1,9b9e3b49,0,6186.147747137827,999
G_dipaxis_s0.1,9b9e3b49,1,14087.542000409958,1000
G_dipaxis_s0.1,9b9e3b49,2,48335.15106215611,1000
G_dipaxis_s0.1,9b9e3b49,3,113189.6297699939,1000
G_dipaxis_s0.1,9b9e3b49,4,24694.66869612875,1000
G_dipaxis_s0.1,9b9e3b49,5,138.8613316894589,119
G_dipaxis_s0.15,9b9e3b49,0,6176.790100023719,999
G_dipaxis_s0.15,9b9e3b49,1,16066.667191194894,1000
G_dipaxis_s0.15,9b9e3b49,2,53353.84976727295,1000
G_dipaxis_s0.15,9b9e3b49,3,122924.5540221198,1000
G_dipaxis_s0.15,9b9e3b49,4,28931.79905220448,1000
G_dipaxis_s0.15,9b9e3b49,5,360.26269195118834,119
G_dipaxis_s0.2,9b9e3b49,0,6190.832095229615,999
G_dipaxis_s0.2,9b9e3b49,1,18177.83565446834,1000
G_dipaxis_s0.2,9b9e3b49,2,58628.771402201324,1000
G_dipaxis_s0.2,9b9e3b49,3,133068.92979353407,1000
G_dipaxis_s0.2,9b9e3b49,4,34313.11705867625,1000
G_dipaxis_s0.2,9b9e3b49,5,729.5179134976775,119
G_dipaxis_s0.1,2be5c96a,0,22267.483274555496,999
G_dipaxis_s0.1,2be5c96a,1,28964.78892518009,1000
G_dipaxis_s0.1,2be5c96a,2,35389.086227286905,1000
G_dipaxis_s0.1,2be5c96a,3,105447.69989992125,1000
G_dipaxis_s0.1,2be5c96a,4,4730.431762762944,211
G_dipaxis_s0.15,2be5c96a,0,22129.241452224443,999
G_dipaxis_s0.15,2be5c96a,1,29762.24081847756,1000
G_dipaxis_s0.15,2be5c96a,2,37010.39934006842,1000
G_dipaxis_s0.15,2be5c96a,3,111051.18187135017,1000
G_dipaxis_s0.15,2be5c96a,4,5258.821057413396,211
G_dipaxis_s0.2,2be5c96a,0,21999.41354445622,999
G_dipaxis_s0.2,2be5c96a,1,30574.12966105613,1000
G_dipaxis_s0.2,2be5c96a,2,38677.743172238814,1000
G_dipaxis_s0.2,2be5c96a,3,116803.8859949894,1000
G_dipaxis_s0.2,2be5c96a,4,5819.433354934785,211
G_dipaxis_s0.1,9dede370,0,4846.486515453973,999
G_dipaxis_s0.1,9dede370,1,7204.460235087583,1000
G_dipaxis_s0.1,9dede370,2,49937.482985444374,1000
G_dipaxis_s0.1,9dede370,3,263638.3961081959,1000
G_dipaxis_s0.1,9dede370,4,281917.49350287055,1000
G_dipaxis_s0.1,9dede370,5,198197.48488505557,1000
G_dipaxis_s0.1,9dede370,6,138971.48784185748,298
G_dipaxis_s0.15,9dede370,0,4760.69720695664,999
G_dipaxis_s0.15,9dede370,1,7314.357931863269,1000
G_dipaxis_s0.15,9dede370,2,50448.93495539461,1000
G_dipaxis_s0.15,9dede370,3,265316.4394945291,1000
G_dipaxis_s0.15,9dede370,4,286398.2762773661,1000
G_dipaxis_s0.15,9dede370,5,202515.4072488495,1000
G_dipaxis_s0.15,9dede370,6,140862.4843859999,298
G_dipaxis_s0.2,9dede370,0,4675.75937501568,999
G_dipaxis_s0.2,9dede370,1,7425.911450706645,1000
G_dipaxis_s0.2,9dede370,2,50963.797555637844,1000
G_dipaxis_s0.2,9dede370,3,267001.1690784857,1000
G_dipaxis_s0.2,9dede370,4,290917.61371989234,1000
G_dipaxis_s0.2,9dede370,5,206880.6448163035,1000
G_dipaxis_s0.2,9dede370,6,142766.30935058292,298
G_dipaxis_s0.1,2fe023be,0,37043.78920207383,999
G_dipaxis_s0.1,2fe023be,1,168726.801203165,1000
G_dipaxis_s0.1,2fe023be,2,154108.34971310617,1000
G_dipaxis_s0.1,2fe023be,3,23658.04337361718,1000
G_dipaxis_s0.1,2fe023be,4,1572.596647710657,222
G_dipaxis_s0.15,2fe023be,0,37057.07710810412,999
G_dipaxis_s0.15,2fe023be,1,168136.57463454775,1000
G_dipaxis_s0.15,2fe023be,2,153075.10844168303,1000
G_dipaxis_s0.15,2fe023be,3,24507.82268306759,1000
G_dipaxis_s0.15,2fe023be,4,959.9794159216939,222
G_dipaxis_s0.2,2fe023be,0,37071.2170828124,999
G_dipaxis_s0.2,2fe023be,1,167548.22508125386,1000
G_dipaxis_s0.2,2fe023be,2,152047.36694206958,1000
G_dipaxis_s0.2,2fe023be,3,25444.852086254865,1000
G_dipaxis_s0.2,2fe023be,4,521.0056215645858,222
G_dipaxis_s0.1,ac6f01d5,0,16634.302046102737,999
G_dipaxis_s0.1,ac6f01d5,1,541438.8299547356,1000
G_dipaxis_s0.1,ac6f01d5,2,99882.84335585151,1000
G_dipaxis_s0.1,ac6f01d5,3,39771.51423792259,1000
G_dipaxis_s0.1,ac6f01d5,4,82016.91130996037,1000
G_dipaxis_s0.1,ac6f01d5,5,409.636743166615,5
G_dipaxis_s0.15,ac6f01d5,0,17567.081348724652,999
G_dipaxis_s0.15,ac6f01d5,1,576012.0824255509,1000
G_dipaxis_s0.15,ac6f01d5,2,119429.29620404763,1000
G_dipaxis_s0.15,ac6f01d5,3,52812.97587999227,1000
G_dipaxis_s0.15,ac6f01d5,4,109101.06762462764,1000
G_dipaxis_s0.15,ac6f01d5,5,564.8149405103997,5
G_dipaxis_s0.2,ac6f01d5,0,18577.935663957196,999
G_dipaxis_s0.2,ac6f01d5,1,611904.0287860609,1000
G_dipaxis_s0.2,ac6f01d5,2,141091.74357158912,1000
G_dipaxis_s0.2,ac6f01d5,3,67846.58283920289,1000
G_dipaxis_s0.2,ac6f01d5,4,140062.82847963646,1000
G_dipaxis_s0.2,ac6f01d5,5,744.863493796312,5
G_dipaxis_s0.1,ff0aea78,0,70792.73134021876,999
G_dipaxis_s0.1,ff0aea78,1,164076.21457763712,1000
G_dipaxis_s0.1,ff0aea78,2,97487.97857022435,1000
G_dipaxis_s0.1,ff0aea78,3,41796.276944899655,262
G_dipaxis_s0.15,ff0aea78,0,65586.60362020099,999
G_dipaxis_s0.15,ff0aea78,1,150407.74916081715,1000
G_dipaxis_s0.15,ff0aea78,2,85400.83724902554,1000
G_dipaxis_s0.15,ff0aea78,3,38426.530200973786,262
G_dipaxis_s0.2,ff0aea78,0,60581.37751907714,999
G_dipaxis_s0.2,ff0aea78,1,137386.8428297794,1000
G_dipaxis_s0.2,ff0aea78,2,74159.55290973744,1000
G_dipaxis_s0.2,ff0aea78,3,35199.14347639089,262
G_dipaxis_s0.1,0bbf5e67,0,3841.605095776286,999
G_dipaxis_s0.1,0bbf5e67,1,22434.38892729381,1000
G_dipaxis_s0.1,0bbf5e67,2,2355.9614144316756,1000
G_dipaxis_s0.1,0bbf5e67,3,52454.935495982696,1000
G_dipaxis_s0.1,0bbf5e67,4,23330.608787218254,299
G_dipaxis_s0.15,0bbf5e67,0,3179.6178538221384,999
G_dipaxis_s0.15,0bbf5e67,1,19492.11470499712,1000
G_dipaxis_s0.15,0bbf5e67,2,1451.3481247467273,1000
G_dipaxis_s0.15,0bbf5e67,3,45900.59272773393,1000
G_dipaxis_s0.15,0bbf5e67,4,20707.581559429625,299
G_dipaxis_s0.2,0bbf5e67,0,2584.898043532422,999
G_dipaxis_s0.2,0bbf5e67,1,16768.708195115247,1000
G_dipaxis_s0.2,0bbf5e67,2,784.581430544005,1000
G_dipaxis_s0.2,0bbf5e67,3,39818.51511812774,1000
G_dipaxis_s0.2,0bbf5e67,4,18241.45540460962,299
G_dipaxis_s0.1,53134831,0,25646.605697276522,999
G_dipaxis_s0.1,53134831,1,67100.62316198024,1000
G_dipaxis_s0.1,53134831,2,145541.34285259905,1000
G_dipaxis_s0.1,53134831,3,251575.5433916347,1000
G_dipaxis_s0.1,53134831,4,97229.62205395995,1000
G_dipaxis_s0.1,53134831,5,5005.038991273793,127
G_dipaxis_s0.15,53134831,0,23771.13004199973,999
G_dipaxis_s0.15,53134831,1,58695.13346296508,1000
G_dipaxis_s0.15,53134831,2,131220.78912996117,1000
G_dipaxis_s0.15,53134831,3,230379.772139157,1000
G_dipaxis_s0.15,53134831,4,80815.9323924627,1000
G_dipaxis_s0.15,53134831,5,3464.8971489611763,127
G_dipaxis_s0.2,53134831,0,21983.697443085817,999
G_dipaxis_s0.2,53134831,1,50874.571473613374,1000
G_dipaxis_s0.2,53134831,2,117668.39634818218,1000
G_dipaxis_s0.2,53134831,3,210139.90401466578,1000
G_dipaxis_s0.2,53134831,4,66026.51695795036,1000
G_dipaxis_s0.2,53134831,5,2208.9549315812874,127
G_dipaxis_s0.1,84c3b497,0,45413.314586139175,999
G_dipaxis_s0.1,84c3b497,1,123409.9819956482,1000
G_dipaxis_s0.1,84c3b497,2,41730.637815849965,1000
G_dipaxis_s0.1,84c3b497,3,57086.91373184663,1000
G_dipaxis_s0.1,84c3b497,4,58423.241945676586,1000
G_dipaxis_s0.1,84c3b497,5,34903.843787651436,313
G_dipaxis_s0.15,84c3b497,0,45486.5591266665,999
G_dipaxis_s0.15,84c3b497,1,118842.52726254295,1000
G_dipaxis_s0.15,84c3b497,2,41551.224525280966,1000
G_dipaxis_s0.15,84c3b497,3,58755.7829530747,1000
G_dipaxis_s0.15,84c3b497,4,56982.62994748461,1000
G_dipaxis_s0.15,84c3b497,5,36099.9562988039,313
G_dipaxis_s0.2,84c3b497,0,45564.60866221072,999
G_dipaxis_s0.2,84c3b497,1,114387.12363871631,1000
G_dipaxis_s0.2,84c3b497,2,41387.403358543306,1000
G_dipaxis_s0.2,84c3b497,3,60475.419849751925,1000
G_dipaxis_s0.2,84c3b497,4,55573.2283001575,1000
G_dipaxis_s0.2,84c3b497,5,37335.23681103498,313
G_dipaxis_s0.1,bb682ebd,0,13667.481459519184,999
G_dipaxis_s0.1,bb682ebd,1,54798.399737718886,1000
G_dipaxis_s0.1,bb682ebd,2,475085.17686861055,1000
G_dipaxis_s0.1,bb682ebd,3,730818.2179993308,1000
G_dipaxis_s0.1,bb682ebd,4,121219.90399598274,140
G_dipaxis_s0.15,bb682ebd,0,13614.153037673159,999
G_dipaxis_s0.15,bb682ebd,1,55104.7173923026,1000
G_dipaxis_s0.15,bb682ebd,2,480381.4580130319,1000
G_dipaxis_s0.15,bb682ebd,3,739179.6054218888,1000
G_dipaxis_s0.15,bb682ebd,4,122611.22289993649,140
G_dipaxis_s0.2,bb682ebd,0,13562.012762495662,999
G_dipaxis_s0.2,bb682ebd,1,55416.609916315574,1000
G_dipaxis_s0.2,bb682ebd,2,485707.5402371133,1000
G_dipaxis_s0.2,bb682ebd,3,747590.9675196805,1000
G_dipaxis_s0.2,bb682ebd,4,124010.48949888053,140
G_dipaxis_s0.1,d924e971,0,6400.293933292093,999
G_dipaxis_s0.1,d924e971,1,276989.5685742811,1000
G_dipaxis_s0.1,d924e971,2,1531522.9124972788,1000
G_dipaxis_s0.1,d924e971,3,485560.81715692277,185
G_dipaxis_s0.15,d924e971,0,6174.259699816844,999
G_dipaxis_s0.15,d924e971,1,280389.7315613762,1000
G_dipaxis_s0.15,d924e971,2,1557027.3404724987,1000
G_dipaxis_s0.15,d924e971,3,485045.76443341945,185
G_dipaxis_s0.2,d924e971,0,5973.100269707274,999
G_dipaxis_s0.2,d924e971,1,283823.2920667506,1000
G_dipaxis_s0.2,d924e971,2,1582784.1046086375,1000
G_dipaxis_s0.2,d924e971,3,484531.07067809603,185
G_dipaxis_s0.1,62569ae3,0,12503.635948811045,999
G_dipaxis_s0.1,62569ae3,1,6689.569960805529,1000
G_dipaxis_s0.1,62569ae3,2,208163.56969514245,1000
G_dipaxis_s0.1,62569ae3,3,261176.17653665793,589
G_dipaxis_s0.15,62569ae3,0,12927.756927207276,999
G_dipaxis_s0.15,62569ae3,1,6397.510551320151,1000
G_dipaxis_s0.15,62569ae3,2,203358.64058991068,1000
G_dipaxis_s0.15,62569ae3,3,252820.8201428518,589
G_dipaxis_s0.2,62569ae3,0,13359.449288242995,999
G_dipaxis_s0.2,62569ae3,1,6112.629988956596,1000
G_dipaxis_s0.2,62569ae3,2,198611.70022832014,1000
G_dipaxis_s0.2,62569ae3,3,244606.31156915682,589
G_dipaxis_s0.1,a0b83014,0,825.8464335895998,999
G_dipaxis_s0.1,a0b83014,1,5541.834301084472,1000
G_dipaxis_s0.1,a0b83014,2,31140.051452584503,1000
G_dipaxis_s0.1,a0b83014,3,84538.84190569453,1000
G_dipaxis_s0.1,a0b83014,4,86696.41579178529,1000
G_dipaxis_s0.1,a0b83014,5,2851.936246679259,36
G_dipaxis_s0.15,a0b83014,0,713.7321808559094,999
G_dipaxis_s0.15,a0b83014,1,5487.957574359693,1000
G_dipaxis_s0.15,a0b83014,2,31953.11300181343,1000
G_dipaxis_s0.15,a0b83014,3,88557.84509207183,1000
G_dipaxis_s0.15,a0b83014,4,94408.31260027528,1000
G_dipaxis_s0.15,a0b83014,5,3150.945183658943,36
G_dipaxis_s0.2,a0b83014,0,616.5575188642753,999
G_dipaxis_s0.2,a0b83014,1,5439.88364228667,1000
G_dipaxis_s0.2,a0b83014,2,32782.179097583554,1000
G_dipaxis_s0.2,a0b83014,3,92670.55276447485,1000
G_dipaxis_s0.2,a0b83014,4,102463.73993182424,1000
G_dipaxis_s0.2,a0b83014,5,3464.862891774912,36
G_dipaxis_s0.1,58fa8486,0,2245.7615533604953,999
G_dipaxis_s0.1,58fa8486,1,13329.853376482908,1000
G_dipaxis_s0.1,58fa8486,2,13895.75308277281,1000
G_dipaxis_s0.1,58fa8486,3,90150.65486215403,1000
G_dipaxis_s0.1,58fa8486,4,18862.144636894365,476
G_dipaxis_s0.15,58fa8486,0,2521.0666208270154,999
G_dipaxis_s0.15,58fa8486,1,13504.30440059053,1000
G_dipaxis_s0.15,58fa8486,2,13282.341532804738,1000
G_dipaxis_s0.15,58fa8486,3,88562.05621439368,1000
G_dipaxis_s0.15,58fa8486,4,18880.009503742716,476
G_dipaxis_s0.2,58fa8486,0,2814.1791356316007,999
G_dipaxis_s0.2,58fa8486,1,13690.878062381791,1000
G_dipaxis_s0.2,58fa8486,2,12687.944428842326,1000
G_dipaxis_s0.2,58fa8486,3,86987.81695992549,1000
G_dipaxis_s0.2,58fa8486,4,18898.710376827603,476
G_dipaxis_s0.1,d1ecf309,0,11295.984816407898,999
G_dipaxis_s0.1,d1ecf309,1,34301.90305868344,1000
G_dipaxis_s0.1,d1ecf309,2,180683.1967805317,1000
G_dipaxis_s0.1,d1ecf309,3,305124.6809467425,1000
G_dipaxis_s0.1,d1ecf309,4,170849.21605189343,1000
G_dipaxis_s0.1,d1ecf309,5,437554.6733894857,1000
G_dipaxis_s0.1,d1ecf309,6,103527.53704783267,169
G_dipaxis_s0.15,d1ecf309,0,11938.84074123796,999
G_dipaxis_s0.15,d1ecf309,1,35405.735153930174,1000
G_dipaxis_s0.15,d1ecf309,2,180523.76041837712,1000
G_dipaxis_s0.15,d1ecf309,3,304144.5753903546,1000
G_dipaxis_s0.15,d1ecf309,4,167695.8700532661,1000
G_dipaxis_s0.15,d1ecf309,5,427848.5661844745,1000
G_dipaxis_s0.15,d1ecf309,6,101985.1998805485,169
G_dipaxis_s0.2,d1ecf309,0,12604.28161872793,999
G_dipaxis_s0.2,d1ecf309,1,36527.791533311014,1000
G_dipaxis_s0.2,d1ecf309,2,180366.27907056108,1000
G_dipaxis_s0.2,d1ecf309,3,303166.80543912994,1000
G_dipaxis_s0.2,d1ecf309,4,164578.5301301051,1000
G_dipaxis_s0.2,d1ecf309,5,418253.0634520351,1000
G_dipaxis_s0.2,d1ecf309,6,100454.67339489922,169
G_dipaxis_s0.1,52f1e77a,0,122753.90803104061,999
G_dipaxis_s0.1,52f1e77a,1,158243.32815186738,1000
G_dipaxis_s0.1,52f1e77a,2,92577.29713606356,1000
G_dipaxis_s0.1,52f1e77a,3,85311.62942423523,1000
G_dipaxis_s0.1,52f1e77a,4,56605.66161800721,443
G_dipaxis_s0.15,52f1e77a,0,122082.77393931005,999
G_dipaxis_s0.15,52f1e77a,1,159957.85640633086,1000
G_dipaxis_s0.15,52f1e77a,2,102390.0300483166,1000
G_dipaxis_s0.15,52f1e77a,3,92223.76452539481,1000
G_dipaxis_s0.15,52f1e77a,4,59162.65876404178,443
G_dipaxis_s0.2,52f1e77a,0,121416.2869695008,999
G_dipaxis_s0.2,52f1e77a,1,161699.2955794253,1000
G_dipaxis_s0.2,52f1e77a,2,112739.23619420074,1000
G_dipaxis_s0.2,52f1e77a,3,99450.68214589087,1000
G_dipaxis_s0.2,52f1e77a,4,61778.50973214629,443
G_dipaxis_s0.1,7271dd80,0,81611.60908476046,999
G_dipaxis_s0.1,7271dd80,1,74155.42691741839,1000
G_dipaxis_s0.1,7271dd80,2,52600.10683685489,1000
G_dipaxis_s0.1,7271dd80,3,24536.743601468206,1000
G_dipaxis_s0.1,7271dd80,4,15870.686900986933,341
G_dipaxis_s0.15,7271dd80,0,78095.76665513247,999
G_dipaxis_s0.15,7271dd80,1,68378.64517436689,1000
G_dipaxis_s0.15,7271dd80,2,43513.61571198383,1000
G_dipaxis_s0.15,7271dd80,3,21520.787320609095,1000
G_dipaxis_s0.15,7271dd80,4,14093.347396721812,341
G_dipaxis_s0.2,7271dd80,0,74661.91614417451,999
G_dipaxis_s0.2,7271dd80,1,62963.78876348404,1000
G_dipaxis_s0.2,7271dd80,2,35292.61025825577,1000
G_dipaxis_s0.2,7271dd80,3,18713.111052026852,1000
G_dipaxis_s0.2,7271dd80,4,12421.53512261981,341
G_dipaxis_s0.1,fb73b13a,0,24403.72835901843,999
G_dipaxis_s0.1,fb73b13a,1,6669.021018839942,1000
G_dipaxis_s0.1,fb73b13a,2,3658.0566621684047,1000
G_dipaxis_s0.1,fb73b13a,3,9610.717015409682,1000
G_dipaxis_s0.1,fb73b13a,4,115804.05175550221,1000
G_dipaxis_s0.1,fb73b13a,5,328735.1667360485,641
G_dipaxis_s0.15,fb73b13a,0,24698.86171950378,999
G_dipaxis_s0.15,fb73b13a,1,5780.232921132965,1000
G_dipaxis_s0.15,fb73b13a,2,2330.883978857842,1000
G_dipaxis_s0.15,fb73b13a,3,15853.975365172135,1000
G_dipaxis_s0.15,fb73b13a,4,163369.2412171105,1000
G_dipaxis_s0.15,fb73b13a,5,418911.7195743041,641
G_dipaxis_s0.2,fb73b13a,0,25033.39369938209,999
G_dipaxis_s0.2,fb73b13a,1,5853.275848031859,1000
G_dipaxis_s0.2,fb73b13a,2,3509.071398569749,1000
G_dipaxis_s0.2,fb73b13a,3,26766.916872081867,1000
G_dipaxis_s0.2,fb73b13a,4,220093.73403265185,1000
G_dipaxis_s0.2,fb73b13a,5,520012.021149439,641
G_dipaxis_s0.1,b7fea9ef,0,31674.85838346509,999
G_dipaxis_s0.1,b7fea9ef,1,178842.4536558334,1000
G_dipaxis_s0.1,b7fea9ef,2,104939.90846866132,1000
G_dipaxis_s0.1,b7fea9ef,3,601036.7636508016,867
G_dipaxis_s0.15,b7fea9ef,0,29651.124068649075,999
G_dipaxis_s0.15,b7fea9ef,1,177063.169372475,1000
G_dipaxis_s0.15,b7fea9ef,2,108359.68983904467,1000
G_dipaxis_s0.15,b7fea9ef,3,630162.2085796851,867
G_dipaxis_s0.2,b7fea9ef,0,27704.456774501065,999
G_dipaxis_s0.2,b7fea9ef,1,175302.80258086228,1000
G_dipaxis_s0.2,b7fea9ef,2,111838.25424888072,1000
G_dipaxis_s0.2,b7fea9ef,3,660008.8668359009,867
G_dipaxis_s0.1,4caa7289,0,43059.57296242658,999
G_dipaxis_s0.1,4caa7289,1,10130.707607199902,1000
G_dipaxis_s0.1,4caa7289,2,23379.506354459838,1000
G_dipaxis_s0.1,4caa7289,3,26322.86367871504,1000
G_dipaxis_s0.1,4caa7289,4,10233.208258829887,1000
G_dipaxis_s0.1,4caa7289,5,2029.1080685957795,397
G_dipaxis_s0.15,4caa7289,0,43711.496768714984,999
G_dipaxis_s0.15,4caa7289,1,10190.428715338616,1000
G_dipaxis_s0.15,4caa7289,2,24591.346202226316,1000
G_dipaxis_s0.15,4caa7289,3,28290.64644351914,1000
G_dipaxis_s0.15,4caa7289,4,11783.081998088457,1000
G_dipaxis_s0.15,4caa7289,5,2408.311563792832,397
G_dipaxis_s0.2,4caa7289,0,44369.1904142085,999
G_dipaxis_s0.2,4caa7289,1,10254.258337664089,1000
G_dipaxis_s0.2,4caa7289,2,25836.452706989458,1000
G_dipaxis_s0.2,4caa7289,3,30341.239502410885,1000
G_dipaxis_s0.2,4caa7289,4,13442.282480478525,1000
G_dipaxis_s0.2,4caa7289,5,2821.886274296016,397
G_dipaxis_s0.1,aed44918,0,11279.829603597458,999
G_dipaxis_s0.1,aed44918,1,66103.5889951142,1000
G_dipaxis_s0.1,aed44918,2,22035.826126166885,720
G_dipaxis_s0.15,aed44918,0,11124.805106050382,999
G_dipaxis_s0.15,aed44918,1,63608.72119602421,1000
G_dipaxis_s0.15,aed44918,2,20417.270912197633,720
G_dipaxis_s0.2,aed44918,0,10971.042673409827,999
G_dipaxis_s0.2,aed44918,1,61166.848359328455,1000
G_dipaxis_s0.2,aed44918,2,18861.55772325544,720
G_dipaxis_s0.1,e161bd0c,0,4232.301688587672,999
G_dipaxis_s0.1,e161bd0c,1,13128.644340047556,1000
G_dipaxis_s0.1,e161bd0c,2,52183.25622008087,950
G_dipaxis_s0.15,e161bd0c,0,4423.4289768142635,999
G_dipaxis_s0.15,e161bd0c,1,12285.135339761682,1000
G_dipaxis_s0.15,e161bd0c,2,49131.25183677318,950
G_dipaxis_s0.2,e161bd0c,0,4650.059239447577,999
G_dipaxis_s0.2,e161bd0c,1,11526.007744371558,1000
G_dipaxis_s0.2,e161bd0c,2,46173.199134610106,950
G_dipaxis_s0.1,633774dc,0,3918.848397380793,999
G_dipaxis_s0.1,633774dc,1,28404.99557633821,1000
G_dipaxis_s0.1,633774dc,2,267310.18265098863,1000
G_dipaxis_s0.1,633774dc,3,323558.9672616315,1000
G_dipaxis_s0.1,633774dc,4,366729.7406372796,1000
G_dipaxis_s0.1,633774dc,5,411134.3184374436,1000
G_dipaxis_s0.1,633774dc,6,233856.55126528142,234
G_dipaxis_s0.15,633774dc,0,3440.9759096456933,999
G_dipaxis_s0.15,633774dc,1,26824.723117698475,1000
G_dipaxis_s0.15,633774dc,2,260214.57864297103,1000
G_dipaxis_s0.15,633774dc,3,316216.87891466223,1000
G_dipaxis_s0.15,633774dc,4,366611.41653411346,1000
G_dipaxis_s0.15,633774dc,5,415114.9011267147,1000
G_dipaxis_s0.15,633774dc,6,234516.77560261186,234
G_dipaxis_s0.2,633774dc,0,3001.283323208998,999
G_dipaxis_s0.2,633774dc,1,25367.830699849983,1000
G_dipaxis_s0.2,633774dc,2,253218.69336381802,1000
G_dipaxis_s0.2,633774dc,3,308964.01400656323,1000
G_dipaxis_s0.2,633774dc,4,366502.3785449364,1000
G_dipaxis_s0.2,633774dc,5,419121.1343315795,1000
G_dipaxis_s0.2,633774dc,6,235178.63096825738,234
G_dipaxis_s0.1,09053135,0,83876.02023436771,999
G_dipaxis_s0.1,09053135,1,218048.53482734086,1000
G_dipaxis_s0.1,09053135,2,255861.24050307443,1000
G_dipaxis_s0.1,09053135,3,250759.4329012463,1000
G_dipaxis_s0.1,09053135,4,234098.60281035543,1000
G_dipaxis_s0.1,09053135,5,547407.6112110371,908
G_dipaxis_s0.15,09053135,0,80643.03647670882,999
G_dipaxis_s0.15,09053135,1,212017.1744805065,1000
G_dipaxis_s0.15,09053135,2,254128.31571645325,1000
G_dipaxis_s0.15,09053135,3,255492.94795997624,1000
G_dipaxis_s0.15,09053135,4,238805.21250986223,1000
G_dipaxis_s0.15,09053135,5,575536.382251088,908
G_dipaxis_s0.2,09053135,0,77477.84339466253,999
G_dipaxis_s0.2,09053135,1,206083.22809051233,1000
G_dipaxis_s0.2,09053135,2,252406.73652820068,1000
G_dipaxis_s0.2,09053135,3,260278.6571688341,1000
G_dipaxis_s0.2,09053135,4,243567.39857497322,1000
G_dipaxis_s0.2,09053135,5,604375.5175141356,908
G_dipaxis_s0.1,46d24a09,0,148512.24746792682,999
G_dipaxis_s0.1,46d24a09,1,206897.12791447184,1000
G_dipaxis_s0.1,46d24a09,2,768299.9195338379,1000
G_dipaxis_s0.1,46d24a09,3,375049.53613258066,1000
G_dipaxis_s0.1,46d24a09,4,58845.90679496559,450
G_dipaxis_s0.15,46d24a09,0,142745.21284613444,999
G_dipaxis_s0.15,46d24a09,1,215436.7209832455,1000
G_dipaxis_s0.15,46d24a09,2,803844.665867711,1000
G_dipaxis_s0.15,46d24a09,3,434172.25503398926,1000
G_dipaxis_s0.15,46d24a09,4,74795.79774440367,450
G_dipaxis_s0.2,46d24a09,0,137115.07657368263,999
G_dipaxis_s0.2,46d24a09,1,224195.3063606666,1000
G_dipaxis_s0.2,46d24a09,2,840283.2262404596,1000
G_dipaxis_s0.2,46d24a09,3,498627.6645652006,1000
G_dipaxis_s0.2,46d24a09,4,92668.10517287992,450
G_dipaxis_s0.1,1fee2b62,0,5483.051219237381,999
G_dipaxis_s0.1,1fee2b62,1,17485.337819754262,1000
G_dipaxis_s0.1,1fee2b62,2,117979.31490827864,1000
G_dipaxis_s0.1,1fee2b62,3,98385.21017648769,1000
G_dipaxis_s0.1,1fee2b62,4,16149.540806900444,642
G_dipaxis_s0.15,1fee2b62,0,4803.0648513904425,999
G_dipaxis_s0.15,1fee2b62,1,17235.749406926563,1000
G_dipaxis_s0.15,1fee2b62,2,105453.6848610678,1000
G_dipaxis_s0.15,1fee2b62,3,84355.77881707993,1000
G_dipaxis_s0.15,1fee2b62,4,10694.240456963384,642
G_dipaxis_s0.2,1fee2b62,0,4172.856411783492,999
G_dipaxis_s0.2,1fee2b62,1,17059.931577898107,1000
G_dipaxis_s0.2,1fee2b62,2,93650.97310515522,1000
G_dipaxis_s0.2,1fee2b62,3,71496.3151090779,1000
G_dipaxis_s0.2,1fee2b62,4,6421.874890357368,642
G_dipaxis_s0.1,310c71a5,0,1329.688355812327,999
G_dipaxis_s0.1,310c71a5,1,9648.065219278515,1000
G_dipaxis_s0.1,310c71a5,2,88336.38619310646,1000
G_dipaxis_s0.1,310c71a5,3,35642.777374598794,1000
G_dipaxis_s0.1,310c71a5,4,2167.122574409789,1000
G_dipaxis_s0.1,310c71a5,5,2842.7830569471007,246
G_dipaxis_s0.15,310c71a5,0,1359.5630811322585,999
G_dipaxis_s0.15,310c71a5,1,9910.215717150337,1000
G_dipaxis_s0.15,310c71a5,2,89964.65611488909,1000
G_dipaxis_s0.15,310c71a5,3,38174.733230071404,1000
G_dipaxis_s0.15,310c71a5,4,2577.3897117307715,1000
G_dipaxis_s0.15,310c71a5,5,2314.750072379191,246
G_dipaxis_s0.2,310c71a5,0,1394.1599056136467,999
G_dipaxis_s0.2,310c71a5,1,10179.020692888482,1000
G_dipaxis_s0.2,310c71a5,2,91617.29484023005,1000
G_dipaxis_s0.2,310c71a5,3,40800.478614042826,1000
G_dipaxis_s0.2,310c71a5,4,3065.095199038008,1000
G_dipaxis_s0.2,310c71a5,5,1841.7984437905545,246
G_dipaxis_s0.1,a48640d9,0,12608.84313786759,999
G_dipaxis_s0.1,a48640d9,1,149913.89669363518,1000
G_dipaxis_s0.1,a48640d9,2,366983.91433788085,1000
G_dipaxis_s0.1,a48640d9,3,525888.3499361933,1000
G_dipaxis_s0.1,a48640d9,4,265315.3258591599,533
G_dipaxis_s0.15,a48640d9,0,11884.55182789017,999
G_dipaxis_s0.15,a48640d9,1,124516.47255719562,1000
G_dipaxis_s0.15,a48640d9,2,350238.40247216803,1000
G_dipaxis_s0.15,a48640d9,3,543782.8057307209,1000
G_dipaxis_s0.15,a48640d9,4,286642.388197432,533
G_dipaxis_s0.2,a48640d9,0,12644.391134293548,999
G_dipaxis_s0.2,a48640d9,1,101595.79952791342,1000
G_dipaxis_s0.2,a48640d9,2,334004.043509496,1000
G_dipaxis_s0.2,a48640d9,3,562033.4744779486,1000
G_dipaxis_s0.2,a48640d9,4,309008.4744083955,533
G_dipaxis_s0.1,43c7f85a,0,144.42282887661156,999
G_dipaxis_s0.1,43c7f85a,1,3651.9516635404793,1000
G_dipaxis_s0.1,43c7f85a,2,42941.08357530271,1000
G_dipaxis_s0.1,43c7f85a,3,145027.30039283232,1000
G_dipaxis_s0.1,43c7f85a,4,127106.84465222107,1000
G_dipaxis_s0.1,43c7f85a,5,35215.254733700545,979
G_dipaxis_s0.15,43c7f85a,0,180.1367449113643,999
G_dipaxis_s0.15,43c7f85a,1,3905.1542806573166,1000
G_dipaxis_s0.15,43c7f85a,2,40738.82511581389,1000
G_dipaxis_s0.15,43c7f85a,3,142657.68254947677,1000
G_dipaxis_s0.15,43c7f85a,4,129253.40830768367,1000
G_dipaxis_s0.15,43c7f85a,5,36193.47615533093,979
G_dipaxis_s0.2,43c7f85a,0,231.9239550026472,999
G_dipaxis_s0.2,43c7f85a,1,4209.055197614929,1000
G_dipaxis_s0.2,43c7f85a,2,38600.35083906271,1000
G_dipaxis_s0.2,43c7f85a,3,140319.80738429533,1000
G_dipaxis_s0.2,43c7f85a,4,131430.56094859992,1000
G_dipaxis_s0.2,43c7f85a,5,37259.451587294236,979
G_dipaxis_s0.1,2d2d0c6b,0,28823.559035171056,999
G_dipaxis_s0.1,2d2d0c6b,1,108378.76068167455,1000
G_dipaxis_s0.1,2d2d0c6b,2,67252.0224358988,1000
G_dipaxis_s0.1,2d2d0c6b,3,174636.66284715326,1000
G_dipaxis_s0.1,2d2d0c6b,4,215305.24049675354,1000
G_dipaxis_s0.1,2d2d0c6b,5,5991.44888409553,46
G_dipaxis_s0.15,2d2d0c6b,0,31133.64154412328,999
G_dipaxis_s0.15,2d2d0c6b,1,117824.83793487758,1000
G_dipaxis_s0.15,2d2d0c6b,2,81280.07962216092,1000
G_dipaxis_s0.15,2d2d0c6b,3,206200.1522857092,1000
G_dipaxis_s0.15,2d2d0c6b,4,257850.82439344612,1000
G_dipaxis_s0.15,2d2d0c6b,5,7552.885629965564,46
G_dipaxis_s0.2,2d2d0c6b,0,33537.75517136345,999
G_dipaxis_s0.2,2d2d0c6b,1,127682.576786622,1000
G_dipaxis_s0.2,2d2d0c6b,2,96682.10459572049,1000
G_dipaxis_s0.2,2d2d0c6b,3,240386.66896897627,1000
G_dipaxis_s0.2,2d2d0c6b,4,304273.71772843355,1000
G_dipaxis_s0.2,2d2d0c6b,5,9294.933273440292,46
G_dipaxis_s0.1,eb06a4e7,0,1701.5057534960347,999
G_dipaxis_s0.1,eb06a4e7,1,16097.27911522218,1000
G_dipaxis_s0.1,eb06a4e7,2,4037.723256123937,1000
G_dipaxis_s0.1,eb06a4e7,3,80866.2947662382,1000
G_dipaxis_s0.1,eb06a4e7,4,24498.202678853653,536
G_dipaxis_s0.15,eb06a4e7,0,1634.0876868550474,999
G_dipaxis_s0.15,eb06a4e7,1,17423.979785610154,1000
G_dipaxis_s0.15,eb06a4e7,2,3983.4153302528616,1000
G_dipaxis_s0.15,eb06a4e7,3,74664.51153439183,1000
G_dipaxis_s0.15,eb06a4e7,4,22481.45912948234,536
G_dipaxis_s0.2,eb06a4e7,0,1574.3055583283153,999
G_dipaxis_s0.2,eb06a4e7,1,18804.52790519591,1000
G_dipaxis_s0.2,eb06a4e7,2,4020.401702621446,1000
G_dipaxis_s0.2,eb06a4e7,3,68748.14258803372,1000
G_dipaxis_s0.2,eb06a4e7,4,20553.486462096076,536
G_dipaxis_s0.1,1944513c,0,7368.566439824709,999
G_dipaxis_s0.1,1944513c,1,71354.09147156916,1000
G_dipaxis_s0.1,1944513c,2,59642.70995243726,1000
G_dipaxis_s0.1,1944513c,3,29279.7752499895,1000
G_dipaxis_s0.1,1944513c,4,2154.240981132858,723
G_dipaxis_s0.15,1944513c,0,7730.33505386553,999
G_dipaxis_s0.15,1944513c,1,73165.96072744792,1000
G_dipaxis_s0.15,1944513c,2,62915.45367355239,1000
G_dipaxis_s0.15,1944513c,3,31770.954523807133,1000
G_dipaxis_s0.15,1944513c,4,2014.2056131913962,723
G_dipaxis_s0.2,1944513c,0,8101.027996582596,999
G_dipaxis_s0.2,1944513c,1,75005.93638976877,1000
G_dipaxis_s0.2,1944513c,2,66276.53866606335,1000
G_dipaxis_s0.2,1944513c,3,34379.104045644905,1000
G_dipaxis_s0.2,1944513c,4,1928.358817967899,723
G_dipaxis_s0.1,a6b8ac67,0,22133.1310804044,999
G_dipaxis_s0.1,a6b8ac67,1,43377.46933672153,1000
G_dipaxis_s0.1,a6b8ac67,2,41360.212539872235,1000
G_dipaxis_s0.1,a6b8ac67,3,25640.99350401747,1000
G_dipaxis_s0.1,a6b8ac67,4,34875.53731960651,1000
G_dipaxis_s0.1,a6b8ac67,5,30027.89257172927,454
G_dipaxis_s0.15,a6b8ac67,0,19579.97092497625,999
G_dipaxis_s0.15,a6b8ac67,1,47239.66323617019,1000
G_dipaxis_s0.15,a6b8ac67,2,51822.46806024788,1000
G_dipaxis_s0.15,a6b8ac67,3,13683.081166920652,1000
G_dipaxis_s0.15,a6b8ac67,4,23893.677817912332,1000
G_dipaxis_s0.15,a6b8ac67,5,21991.39364135837,454
G_dipaxis_s0.2,a6b8ac67,0,17188.636110086612,999
G_dipaxis_s0.2,a6b8ac67,1,51897.83996173817,1000
G_dipaxis_s0.2,a6b8ac67,2,65591.99821005345,1000
G_dipaxis_s0.2,a6b8ac67,3,5999.701851659654,1000
G_dipaxis_s0.2,a6b8ac67,4,15788.520735706692,1000
G_dipaxis_s0.2,a6b8ac67,5,15209.484317166358,454
G_dipaxis_s0.1,a76db406,0,1465.1401012749006,999
G_dipaxis_s0.1,a76db406,1,53540.924592289986,1000
G_dipaxis_s0.1,a76db406,2,260670.2735709496,1000
G_dipaxis_s0.1,a76db406,3,277684.20128103584,1000
G_dipaxis_s0.1,a76db406,4,368635.42502143804,673
G_dipaxis_s0.15,a76db406,0,1476.6128733581706,999
G_dipaxis_s0.15,a76db406,1,54393.57055985471,1000
G_dipaxis_s0.15,a76db406,2,266714.27202839847,1000
G_dipaxis_s0.15,a76db406,3,289344.0886717568,1000
G_dipaxis_s0.15,a76db406,4,384868.98338615027,673
G_dipaxis_s0.2,a76db406,0,1488.296246456706,999
G_dipaxis_s0.2,a76db406,1,55253.0898557616,1000
G_dipaxis_s0.2,a76db406,2,272828.05684685195,1000
G_dipaxis_s0.2,a76db406,3,301247.53167291655,1000
G_dipaxis_s0.2,a76db406,4,401458.37973720406,673
G_dipaxis_s0.1,eafb863e,0,12057.901263359629,999
G_dipaxis_s0.1,eafb863e,1,80816.82237667534,1000
G_dipaxis_s0.1,eafb863e,2,9396.1520062062,1000
G_dipaxis_s0.1,eafb863e,3,35334.877818717265,569
G_dipaxis_s0.15,eafb863e,0,11073.46678978323,999
G_dipaxis_s0.15,eafb863e,1,74994.37200626466,1000
G_dipaxis_s0.15,eafb863e,2,11150.930162309045,1000
G_dipaxis_s0.15,eafb863e,3,29253.86834690256,569
G_dipaxis_s0.2,eafb863e,0,10133.89512510135,999
G_dipaxis_s0.2,eafb863e,1,69471.28567414026,1000
G_dipaxis_s0.2,eafb863e,2,13568.155992503082,1000
G_dipaxis_s0.2,eafb863e,3,23828.68015441287,569
G_dipaxis_s0.1,add9c322,0,8885.898580090348,999
G_dipaxis_s0.1,add9c322,1,41886.38407507776,1000
G_dipaxis_s0.1,add9c322,2,121255.97329247714,1000
G_dipaxis_s0.1,add9c322,3,83118.36864184553,933
G_dipaxis_s0.15,add9c322,0,8645.706546110048,999
G_dipaxis_s0.15,add9c322,1,41186.414771853786,1000
G_dipaxis_s0.15,add9c322,2,118792.98673849108,1000
G_dipaxis_s0.15,add9c322,3,81766.49207950565,933
G_dipaxis_s0.2,add9c322,0,8413.272604168653,999
G_dipaxis_s0.2,add9c322,1,40492.65003741009,1000
G_dipaxis_s0.2,add9c322,2,116356.89344669801,1000
G_dipaxis_s0.2,add9c322,3,80428.44443900028,933
G_dipaxis_s0.1,f56d3ace,0,17790.634066443534,999
G_dipaxis_s0.1,f56d3ace,1,192050.30583964798,1000
G_dipaxis_s0.1,f56d3ace,2,177053.88715491953,1000
G_dipaxis_s0.1,f56d3ace,3,126919.3383834297,1000
G_dipaxis_s0.1,f56d3ace,4,128590.18545755965,1000
G_dipaxis_s0.1,f56d3ace,5,50459.57820663925,433
G_dipaxis_s0.15,f56d3ace,0,18366.108886015718,999
G_dipaxis_s0.15,f56d3ace,1,202746.07369981395,1000
G_dipaxis_s0.15,f56d3ace,2,188767.1584016748,1000
G_dipaxis_s0.15,f56d3ace,3,135879.9625015945,1000
G_dipaxis_s0.15,f56d3ace,4,131376.37996780078,1000
G_dipaxis_s0.15,f56d3ace,5,51543.25533394645,433
G_dipaxis_s0.2,f56d3ace,0,18956.71541713299,999
G_dipaxis_s0.2,f56d3ace,1,213830.31250281955,1000
G_dipaxis_s0.2,f56d3ace,2,200867.54086907356,1000
G_dipaxis_s0.2,f56d3ace,3,145193.02830402338,1000
G_dipaxis_s0.2,f56d3ace,4,134198.82472964117,1000
G_dipaxis_s0.2,f56d3ace,5,52645.91289193163,433
G_dipaxis_s0.1,7c607683,0,21057.93878766603,999
G_dipaxis_s0.1,7c607683,1,15866.750170957526,1000
G_dipaxis_s0.1,7c607683,2,74544.61978484737,1000
G_dipaxis_s0.1,7c607683,3,90374.27686316246,1000
G_dipaxis_s0.1,7c607683,4,90954.6510593603,1000
G_dipaxis_s0.1,7c607683,5,28809.0966788892,329
G_dipaxis_s0.15,7c607683,0,20423.99582147098,999
G_dipaxis_s0.15,7c607683,1,14969.33818300776,1000
G_dipaxis_s0.15,7c607683,2,73290.85036868525,1000
G_dipaxis_s0.15,7c607683,3,87501.04653013458,1000
G_dipaxis_s0.15,7c607683,4,88088.81145844834,1000
G_dipaxis_s0.15,7c607683,5,29047.83438646158,329
G_dipaxis_s0.2,7c607683,0,19800.132714506803,999
G_dipaxis_s0.2,7c607683,1,14098.816846345442,1000
G_dipaxis_s0.2,7c607683,2,72052.11567251271,1000
G_dipaxis_s0.2,7c607683,3,84674.29601344316,1000
G_dipaxis_s0.2,7c607683,4,85281.74657092863,1000
G_dipaxis_s0.2,7c607683,5,29288.165461577286,329
G_dipaxis_s0.1,b7cdcecb,0,4697.824715992058,999
G_dipaxis_s0.1,b7cdcecb,1,25261.64016716236,1000
G_dipaxis_s0.1,b7cdcecb,2,9119.194047683679,1000
G_dipaxis_s0.1,b7cdcecb,3,2639.4255538049306,1000
G_dipaxis_s0.1,b7cdcecb,4,5605.4171618835935,1000
G_dipaxis_s0.1,b7cdcecb,5,28345.73843454696,1000
G_dipaxis_s0.1,b7cdcecb,6,9582.14473028911,169
G_dipaxis_s0.15,b7cdcecb,0,4475.476870108931,999
G_dipaxis_s0.15,b7cdcecb,1,24555.849224937738,1000
G_dipaxis_s0.15,b7cdcecb,2,7564.1713096786825,1000
G_dipaxis_s0.15,b7cdcecb,3,1858.0723879881264,1000
G_dipaxis_s0.15,b7cdcecb,4,11288.12415536856,1000
G_dipaxis_s0.15,b7cdcecb,5,43582.58198438689,1000
G_dipaxis_s0.15,b7cdcecb,6,13548.984117291406,169
G_dipaxis_s0.2,b7cdcecb,0,4263.820834145787,999
G_dipaxis_s0.2,b7cdcecb,1,23861.04528566154,1000
G_dipaxis_s0.2,b7cdcecb,2,6166.017358651075,1000
G_dipaxis_s0.2,b7cdcecb,3,1658.295769880185,1000
G_dipaxis_s0.2,b7cdcecb,4,19087.39580221639,1000
G_dipaxis_s0.2,b7cdcecb,5,62458.13084212215,1000
G_dipaxis_s0.2,b7cdcecb,6,18223.411187175137,169
G_dipaxis_s0.1,a5e6f7dc,0,118013.24338375388,999
G_dipaxis_s0.1,a5e6f7dc,1,153961.85218910067,1000
G_dipaxis_s0.1,a5e6f7dc,2,239538.80796692442,1000
G_dipaxis_s0.1,a5e6f7dc,3,241430.12390587802,1000
G_dipaxis_s0.1,a5e6f7dc,4,384445.25025183294,1000
G_dipaxis_s0.1,a5e6f7dc,5,269503.884919275,650
G_dipaxis_s0.15,a5e6f7dc,0,118395.02350122273,999
G_dipaxis_s0.15,a5e6f7dc,1,185502.1447519069,1000
G_dipaxis_s0.15,a5e6f7dc,2,319211.47119222395,1000
G_dipaxis_s0.15,a5e6f7dc,3,363740.7522316106,1000
G_dipaxis_s0.15,a5e6f7dc,4,551881.6366898523,1000
G_dipaxis_s0.15,a5e6f7dc,5,375149.17135981075,650
G_dipaxis_s0.2,a5e6f7dc,0,119230.95469495107,999
G_dipaxis_s0.2,a5e6f7dc,1,220044.7417646876,1000
G_dipaxis_s0.2,a5e6f7dc,2,411868.2814333324,1000
G_dipaxis_s0.2,a5e6f7dc,3,511101.35526548565,1000
G_dipaxis_s0.2,a5e6f7dc,4,749566.4222695137,1000
G_dipaxis_s0.2,a5e6f7dc,5,498675.0014986661,650
G_dipaxis_s0.1,4ed93db6,0,10840.42396969695,999
G_dipaxis_s0.1,4ed93db6,1,31681.9159024668,1000
G_dipaxis_s0.1,4ed93db6,2,13474.55029724562,1000
G_dipaxis_s0.1,4ed93db6,3,3489.117648216889,1000
G_dipaxis_s0.1,4ed93db6,4,6066.5636227593095,658
G_dipaxis_s0.15,4ed93db6,0,11005.316487576953,999
G_dipaxis_s0.15,4ed93db6,1,32760.921985471196,1000
G_dipaxis_s0.15,4ed93db6,2,13985.469987130904,1000
G_dipaxis_s0.15,4ed93db6,3,3498.5642147006,1000
G_dipaxis_s0.15,4ed93db6,4,5352.128952640986,658
G_dipaxis_s0.2,4ed93db6,0,11172.568751603796,999
G_dipaxis_s0.2,4ed93db6,1,33861.04629368322,1000
G_dipaxis_s0.2,4ed93db6,2,14508.254090224927,1000
G_dipaxis_s0.2,4ed93db6,3,3531.662025078769,1000
G_dipaxis_s0.2,4ed93db6,4,4685.490597215046,658
G_dipaxis_s0.1,26623a50,0,6497.6395427780835,999
G_dipaxis_s0.1,26623a50,1,100005.57254104079,1000
G_dipaxis_s0.1,26623a50,2,106335.85361127045,1000
G_dipaxis_s0.1,26623a50,3,7855.154771616379,1000
G_dipaxis_s0.1,26623a50,4,13415.535831279509,1000
G_dipaxis_s0.1,26623a50,5,33602.284037871876,736
G_dipaxis_s0.15,26623a50,0,4852.66834163031,999
G_dipaxis_s0.15,26623a50,1,72203.557623629,1000
G_dipaxis_s0.15,26623a50,2,76376.51014084114,1000
G_dipaxis_s0.15,26623a50,3,4963.431892810069,1000
G_dipaxis_s0.15,26623a50,4,6176.611728946167,1000
G_dipaxis_s0.15,26623a50,5,13907.78118686283,736
G_dipaxis_s0.2,26623a50,0,4712.393902343744,999
G_dipaxis_s0.2,26623a50,1,49204.42719607217,1000
G_dipaxis_s0.2,26623a50,2,51815.274494726866,1000
G_dipaxis_s0.2,26623a50,3,9122.54542490718,1000
G_dipaxis_s0.2,26623a50,4,8925.813891832644,1000
G_dipaxis_s0.2,26623a50,5,3066.335969801021,736
G_dipaxis_s0.1,eeed308d,0,15711.28786918033,999
G_dipaxis_s0.1,eeed308d,1,16110.54638335745,1000
G_dipaxis_s0.1,eeed308d,2,1180.438468083154,1000
G_dipaxis_s0.1,eeed308d,3,660.6032156181271,900
G_dipaxis_s0.15,eeed308d,0,15690.443357779915,999
G_dipaxis_s0.15,eeed308d,1,16131.883106947878,1000
G_dipaxis_s0.15,eeed308d,2,826.5126929137281,1000
G_dipaxis_s0.15,eeed308d,3,545.3969459526267,900
G_dipaxis_s0.2,eeed308d,0,15670.363640212492,999
G_dipaxis_s0.2,eeed308d,1,16155.587471482344,1000
G_dipaxis_s0.2,eeed308d,2,602.8131633345645,1000
G_dipaxis_s0.2,eeed308d,3,554.6703363492034,900
G_dipaxis_s0.1,8d5d46d7,0,39531.01651120155,999
G_dipaxis_s0.1,8d5d46d7,1,181832.0797534896,1000
G_dipaxis_s0.1,8d5d46d7,2,328538.1352530817,1000
G_dipaxis_s0.1,8d5d46d7,3,225697.1686624105,1000
G_dipaxis_s0.1,8d5d46d7,4,85326.99074398764,1000
G_dipaxis_s0.1,8d5d46d7,5,29106.54483380511,756
G_dipaxis_s0.15,8d5d46d7,0,38695.780799941014,999
G_dipaxis_s0.15,8d5d46d7,1,180116.94027402333,1000
G_dipaxis_s0.15,8d5d46d7,2,334912.62322276324,1000
G_dipaxis_s0.15,8d5d46d7,3,236657.1374793,1000
G_dipaxis_s0.15,8d5d46d7,4,91448.21740719902,1000
G_dipaxis_s0.15,8d5d46d7,5,32429.802488530786,756
G_dipaxis_s0.2,8d5d46d7,0,37875.548778365155,999
G_dipaxis_s0.2,8d5d46d7,1,178473.98228294068,1000
G_dipaxis_s0.2,8d5d46d7,2,341356.88037364156,1000
G_dipaxis_s0.2,8d5d46d7,3,247911.60364143428,1000
G_dipaxis_s0.2,8d5d46d7,4,97848.31629694747,1000
G_dipaxis_s0.2,8d5d46d7,5,35950.5006661644,756
G_dipaxis_s0.1,61f27424,0,393.7029062950874,999
G_dipaxis_s0.1,61f27424,1,2368.222068586423,1000
G_dipaxis_s0.1,61f27424,2,9088.040761211334,1000
G_dipaxis_s0.1,61f27424,3,205544.48733621047,1000
G_dipaxis_s0.1,61f27424,4,436323.9911584323,1000
G_dipaxis_s0.1,61f27424,5,320465.2789153589,1000
G_dipaxis_s0.1,61f27424,6,55775.54352566222,221
G_dipaxis_s0.15,61f27424,0,417.24624288486126,999
G_dipaxis_s0.15,61f27424,1,2258.074414786497,1000
G_dipaxis_s0.15,61f27424,2,8588.338596519403,1000
G_dipaxis_s0.15,61f27424,3,203647.6497424565,1000
G_dipaxis_s0.15,61f27424,4,431410.1687380277,1000
G_dipaxis_s0.15,61f27424,5,318286.29988862004,1000
G_dipaxis_s0.15,61f27424,6,55830.54420818787,221
G_dipaxis_s0.2,61f27424,0,441.69191117694913,999
G_dipaxis_s0.2,61f27424,1,2157.2690927259596,1000
G_dipaxis_s0.2,61f27424,2,8106.371444099207,1000
G_dipaxis_s0.2,61f27424,3,201760.76094755883,1000
G_dipaxis_s0.2,61f27424,4,426525.70786169556,1000
G_dipaxis_s0.2,61f27424,5,316116.13929356914,1000
G_dipaxis_s0.2,61f27424,6,55885.57388747961,221
G_dipaxis_s0.1,3bfee975,0,4109.582228634027,999
G_dipaxis_s0.1,3bfee975,1,14743.509340920185,1000
G_dipaxis_s0.1,3bfee975,2,23223.074920088242,1000
G_dipaxis_s0.1,3bfee975,3,36644.31047389375,604
G_dipaxis_s0.15,3bfee975,0,3762.8619631745473,999
G_dipaxis_s0.15,3bfee975,1,13564.511418039874,1000
G_dipaxis_s0.15,3bfee975,2,20892.738771820776,1000
G_dipaxis_s0.15,3bfee975,3,31631.664731145458,604
G_dipaxis_s0.2,3bfee975,0,3456.259173878547,999
G_dipaxis_s0.2,3bfee975,1,12493.02478773821,1000
G_dipaxis_s0.2,3bfee975,2,18698.172750014226,1000
G_dipaxis_s0.2,3bfee975,3,27008.74237336468,604
G_dipaxis_s0.1,efe96181,0,509154.856582141,999
G_dipaxis_s0.1,efe96181,1,767600.0057702377,1000
G_dipaxis_s0.1,efe96181,2,832865.4388012126,1000
G_dipaxis_s0.1,efe96181,3,882027.3702702469,1000
G_dipaxis_s0.1,efe96181,4,10577.280073322556,13
G_dipaxis_s0.15,efe96181,0,473307.18993451475,999
G_dipaxis_s0.15,efe96181,1,744929.9313491121,1000
G_dipaxis_s0.15,efe96181,2,839243.6421344301,1000
G_dipaxis_s0.15,efe96181,3,917183.4998944114,1000
G_dipaxis_s0.15,efe96181,4,11180.544286335802,13
G_dipaxis_s0.2,efe96181,0,438813.9007611011,999
G_dipaxis_s0.2,efe96181,1,722680.2544238307,1000
G_dipaxis_s0.2,efe96181,2,845656.8238227324,1000
G_dipaxis_s0.2,efe96181,3,953118.4560446128,1000
G_dipaxis_s0.2,efe96181,4,11800.538416917538,13
G_dipaxis_s0.1,8bb9c1e6,0,1420.2556883156394,999
G_dipaxis_s0.1,8bb9c1e6,1,15151.777216375296,1000
G_dipaxis_s0.1,8bb9c1e6,2,25696.622536126753,1000
G_dipaxis_s0.1,8bb9c1e6,3,73861.55618710704,1000
G_dipaxis_s0.1,8bb9c1e6,4,113599.08749638005,547
G_dipaxis_s0.15,8bb9c1e6,0,1228.6597138063992,999
G_dipaxis_s0.15,8bb9c1e6,1,13426.17560897463,1000
G_dipaxis_s0.15,8bb9c1e6,2,23026.629073726144,1000
G_dipaxis_s0.15,8bb9c1e6,3,68416.33575573139,1000
G_dipaxis_s0.15,8bb9c1e6,4,109942.64649290126,547
G_dipaxis_s0.2,8bb9c1e6,0,1115.6864000382716,999
G_dipaxis_s0.2,8bb9c1e6,1,11812.673567749687,1000
G_dipaxis_s0.2,8bb9c1e6,2,20507.77846051473,1000
G_dipaxis_s0.2,8bb9c1e6,3,63218.521590925455,1000
G_dipaxis_s0.2,8bb9c1e6,4,106347.56362834852,547
G_dipaxis_s0.1,896d15b9,0,12538.0246803893,999
G_dipaxis_s0.1,896d15b9,1,129181.9385807361,1000
G_dipaxis_s0.1,896d15b9,2,1140270.493455274,1000
G_dipaxis_s0.1,896d15b9,3,2310640.949611908,1000
G_dipaxis_s0.1,896d15b9,4,738381.5958770816,280
G_dipaxis_s0.15,896d15b9,0,10556.521505273273,999
G_dipaxis_s0.15,896d15b9,1,144269.39738071495,1000
G_dipaxis_s0.15,896d15b9,2,1260961.966011772,1000
G_dipaxis_s0.15,896d15b9,3,2634623.951953651,1000
G_dipaxis_s0.15,896d15b9,4,868810.1737682109,280
G_dipaxis_s0.2,896d15b9,0,8757.229509352763,999
G_dipaxis_s0.2,896d15b9,1,160727.49260398743,1000
G_dipaxis_s0.2,896d15b9,2,1387744.1243638315,1000
G_dipaxis_s0.2,896d15b9,3,2980072.7017490617,1000
G_dipaxis_s0.2,896d15b9,4,1009865.3443421545,280
G_dipaxis_s0.1,374be387,0,13178.76897276503,999
G_dipaxis_s0.1,374be387,1,118646.46397976147,1000
G_dipaxis_s0.1,374be387,2,112082.15116918497,1000
G_dipaxis_s0.1,374be387,3,66308.73069643993,1000
G_dipaxis_s0.1,374be387,4,10002.770105642903,1000
G_dipaxis_s0.1,374be387,5,26480.301609856357,1000
G_dipaxis_s0.1,374be387,6,37923.05496983824,1000
G_dipaxis_s0.1,374be387,7,61688.64425276065,1000
G_dipaxis_s0.1,374be387,8,94323.99553101587,1000
G_dipaxis_s0.1,374be387,9,149523.3166292631,966
G_dipaxis_s0.15,374be387,0,13023.065979687002,999
G_dipaxis_s0.15,374be387,1,121452.82535555938,1000
G_dipaxis_s0.15,374be387,2,118523.87409592875,1000
G_dipaxis_s0.15,374be387,3,73841.10754483318,1000
G_dipaxis_s0.15,374be387,4,11875.07317614872,1000
G_dipaxis_s0.15,374be387,5,31868.401614566785,1000
G_dipaxis_s0.15,374be387,6,45154.837336757926,1000
G_dipaxis_s0.15,374be387,7,74014.25829392606,1000
G_dipaxis_s0.15,374be387,8,111551.27531210618,1000
G_dipaxis_s0.15,374be387,9,178258.25249336453,966
G_dipaxis_s0.2,374be387,0,12884.171259187468,999
G_dipaxis_s0.2,374be387,1,124301.88464477526,1000
G_dipaxis_s0.2,374be387,2,125247.74735917823,1000
G_dipaxis_s0.2,374be387,3,81805.59560551279,1000
G_dipaxis_s0.2,374be387,4,14240.158826061212,1000
G_dipaxis_s0.2,374be387,5,37877.97638528175,1000
G_dipaxis_s0.2,374be387,6,53070.32257844744,1000
G_dipaxis_s0.2,374be387,7,87558.33474778828,1000
G_dipaxis_s0.2,374be387,8,130226.06476132957,1000
G_dipaxis_s0.2,374be387,9,209541.6602943663,966
G_dipaxis_s0.1,9a8ae0d6,0,92130.04154919775,999
G_dipaxis_s0.1,9a8ae0d6,1,306987.9124234603,1000
G_dipaxis_s0.1,9a8ae0d6,2,327573.1623626804,1000
G_dipaxis_s0.1,9a8ae0d6,3,180974.195649269,1000
G_dipaxis_s0.1,9a8ae0d6,4,67758.51427126722,1000
G_dipaxis_s0.1,9a8ae0d6,5,195131.0034597824,1000
G_dipaxis_s0.1,9a8ae0d6,6,23922.011798152624,295
G_dipaxis_s0.15,9a8ae0d6,0,90045.24027735175,999
G_dipaxis_s0.15,9a8ae0d6,1,314216.5467380145,1000
G_dipaxis_s0.15,9a8ae0d6,2,343923.646534382,1000
G_dipaxis_s0.15,9a8ae0d6,3,192808.77390930793,1000
G_dipaxis_s0.15,9a8ae0d6,4,74430.59972754894,1000
G_dipaxis_s0.15,9a8ae0d6,5,209494.79458877796,1000
G_dipaxis_s0.15,9a8ae0d6,6,27899.01741550778,295
G_dipaxis_s0.2,9a8ae0d6,0,87990.56357455709,999
G_dipaxis_s0.2,9a8ae0d6,1,321555.7306351329,1000
G_dipaxis_s0.2,9a8ae0d6,2,360686.68444546434,1000
G_dipaxis_s0.2,9a8ae0d6,3,205028.78407163516,1000
G_dipaxis_s0.2,9a8ae0d6,4,81421.21581115175,1000
G_dipaxis_s0.2,9a8ae0d6,5,224387.1222465759,1000
G_dipaxis_s0.2,9a8ae0d6,6,32184.63664781745,295
G_dipaxis_s0.1,ffefef30,0,735.6542931315197,999
G_dipaxis_s0.1,ffefef30,1,4885.291130856951,1000
G_dipaxis_s0.1,ffefef30,2,7358.33407795339,1000
G_dipaxis_s0.1,ffefef30,3,1097.472886955473,1000
G_dipaxis_s0.1,ffefef30,4,7394.876079367461,571
G_dipaxis_s0.15,ffefef30,0,735.6226495630796,999
G_dipaxis_s0.15,ffefef30,1,4487.142872898369,1000
G_dipaxis_s0.15,ffefef30,2,7793.609924841006,1000
G_dipaxis_s0.15,ffefef30,3,1101.6080217435065,1000
G_dipaxis_s0.15,ffefef30,4,7284.345120679698,571
G_dipaxis_s0.2,ffefef30,0,748.5101097575877,999
G_dipaxis_s0.2,ffefef30,1,4154.171293195388,1000
G_dipaxis_s0.2,ffefef30,2,8249.672015946968,1000
G_dipaxis_s0.2,ffefef30,3,1119.4804581900944,1000
G_dipaxis_s0.2,ffefef30,4,7175.841170514263,571
G_dipaxis_s0.1,46a7190b,0,1536.0701431909677,999
G_dipaxis_s0.1,46a7190b,1,6948.3100466682,1000
G_dipaxis_s0.1,46a7190b,2,13220.423159832246,1000
G_dipaxis_s0.1,46a7190b,3,43801.6061586667,1000
G_dipaxis_s0.1,46a7190b,4,2235.3900503625664,216
G_dipaxis_s0.15,46a7190b,0,1588.9089266336257,999
G_dipaxis_s0.15,46a7190b,1,6685.645474401042,1000
G_dipaxis_s0.15,46a7190b,2,13811.93173707131,1000
G_dipaxis_s0.15,46a7190b,3,45783.85309410954,1000
G_dipaxis_s0.15,46a7190b,4,2520.4132174601,216
G_dipaxis_s0.2,46a7190b,0,1642.72516468058,999
G_dipaxis_s0.2,46a7190b,1,6428.480817197233,1000
G_dipaxis_s0.2,46a7190b,2,14428.187975720964,1000
G_dipaxis_s0.2,46a7190b,3,47814.54774911671,1000
G_dipaxis_s0.2,46a7190b,4,2822.741437062036,216
G_dipaxis_s0.1,8b12bab6,0,10609.719893984322,999
G_dipaxis_s0.1,8b12bab6,1,41025.70366817118,1000
G_dipaxis_s0.1,8b12bab6,2,2335.990134825271,1000
G_dipaxis_s0.1,8b12bab6,3,57151.76096803877,1000
G_dipaxis_s0.1,8b12bab6,4,196136.319830477,1000
G_dipaxis_s0.1,8b12bab6,5,75318.66802109603,235
G_dipaxis_s0.15,8b12bab6,0,11260.800950549241,999
G_dipaxis_s0.15,8b12bab6,1,47168.88680423922,1000
G_dipaxis_s0.15,8b12bab6,2,1800.9906095691802,1000
G_dipaxis_s0.15,8b12bab6,3,44224.047150442,1000
G_dipaxis_s0.15,8b12bab6,4,162616.3854050827,1000
G_dipaxis_s0.15,8b12bab6,5,64487.85648386131,235
G_dipaxis_s0.2,8b12bab6,0,11939.65791272212,999
G_dipaxis_s0.2,8b12bab6,1,53759.10664664322,1000
G_dipaxis_s0.2,8b12bab6,2,2256.8651660812275,1000
G_dipaxis_s0.2,8b12bab6,3,33219.99759714011,1000
G_dipaxis_s0.2,8b12bab6,4,132329.2905420752,1000
G_dipaxis_s0.2,8b12bab6,5,54497.49130819447,235
G_dipaxis_s0.1,9ffce529,0,9744.686541855188,999
G_dipaxis_s0.1,9ffce529,1,4455.4087810272595,1000
G_dipaxis_s0.1,9ffce529,2,80297.23166412841,1000
G_dipaxis_s0.1,9ffce529,3,65756.3417757402,1000
G_dipaxis_s0.1,9ffce529,4,64764.98544169683,1000
G_dipaxis_s0.1,9ffce529,5,38085.11998234512,213
G_dipaxis_s0.15,9ffce529,0,9782.885705227773,999
G_dipaxis_s0.15,9ffce529,1,5444.218384150017,1000
G_dipaxis_s0.15,9ffce529,2,85133.29002647867,1000
G_dipaxis_s0.15,9ffce529,3,69075.78937786886,1000
G_dipaxis_s0.15,9ffce529,4,66429.16269442737,1000
G_dipaxis_s0.15,9ffce529,5,38579.78087820938,213
G_dipaxis_s0.2,9ffce529,0,9826.992231177162,999
G_dipaxis_s0.2,9ffce529,1,6537.401659260293,1000
G_dipaxis_s0.2,9ffce529,2,90123.57851877234,1000
G_dipaxis_s0.2,9ffce529,3,72477.82839799172,1000
G_dipaxis_s0.2,9ffce529,4,68127.13889882789,1000
G_dipaxis_s0.2,9ffce529,5,39077.6482140056,213
G_dipaxis_s0.1,32fe84c9,0,29700.673245645947,999
G_dipaxis_s0.1,32fe84c9,1,97019.88134235691,1000
G_dipaxis_s0.1,32fe84c9,2,235108.7670559318,1000
G_dipaxis_s0.1,32fe84c9,3,271824.8738101108,1000
G_dipaxis_s0.1,32fe84c9,4,535071.4281333238,1000
G_dipaxis_s0.1,32fe84c9,5,283946.4431953301,1000
G_dipaxis_s0.1,32fe84c9,6,231097.07492120328,409
G_dipaxis_s0.15,32fe84c9,0,25504.283015445886,999
G_dipaxis_s0.15,32fe84c9,1,79791.56832267366,1000
G_dipaxis_s0.15,32fe84c9,2,188437.68431871128,1000
G_dipaxis_s0.15,32fe84c9,3,207092.24788568483,1000
G_dipaxis_s0.15,32fe84c9,4,421530.530967388,1000
G_dipaxis_s0.15,32fe84c9,5,209837.60914255815,1000
G_dipaxis_s0.15,32fe84c9,6,176721.42891934016,409
G_dipaxis_s0.2,32fe84c9,0,21630.44110742766,999
G_dipaxis_s0.2,32fe84c9,1,64300.947932686664,1000
G_dipaxis_s0.2,32fe84c9,2,147011.10269975313,1000
G_dipaxis_s0.2,32fe84c9,3,151450.3129867858,1000
G_dipaxis_s0.2,32fe84c9,4,321619.087664631,1000
G_dipaxis_s0.2,32fe84c9,5,146975.1373891734,1000
G_dipaxis_s0.2,32fe84c9,6,129634.1993128098,409
G_dipaxis_s0.1,f5d8aab6,0,17473.40791081148,999
G_dipaxis_s0.1,f5d8aab6,1,116749.31218507297,1000
G_dipaxis_s0.1,f5d8aab6,2,104664.87497096966,1000
G_dipaxis_s0.1,f5d8aab6,3,276735.8013062666,1000
G_dipaxis_s0.1,f5d8aab6,4,95496.82298409908,445
G_dipaxis_s0.15,f5d8aab6,0,17018.28591802641,999
G_dipaxis_s0.15,f5d8aab6,1,114359.7120519398,1000
G_dipaxis_s0.15,f5d8aab6,2,102237.0164403638,1000
G_dipaxis_s0.15,f5d8aab6,3,270608.14273575,1000
G_dipaxis_s0.15,f5d8aab6,4,92372.27971105842,445
G_dipaxis_s0.2,f5d8aab6,0,16571.338664013863,999
G_dipaxis_s0.2,f5d8aab6,1,111995.63999997705,1000
G_dipaxis_s0.2,f5d8aab6,2,99840.74384425172,1000
G_dipaxis_s0.2,f5d8aab6,3,264550.00789513125,1000
G_dipaxis_s0.2,f5d8aab6,4,89300.92793491071,445
G_dipaxis_s0.1,198a5607,0,208.01953747169648,999
G_dipaxis_s0.1,198a5607,1,9006.815667138362,1000
G_dipaxis_s0.1,198a5607,2,22265.2767725915,1000
G_dipaxis_s0.1,198a5607,3,1300.6600525851889,1000
G_dipaxis_s0.1,198a5607,4,1114.231102406424,1000
G_dipaxis_s0.1,198a5607,5,26160.57011888353,1000
G_dipaxis_s0.1,198a5607,6,39813.33764225803,252
G_dipaxis_s0.15,198a5607,0,194.77712662633192,999
G_dipaxis_s0.15,198a5607,1,9352.772044740344,1000
G_dipaxis_s0.15,198a5607,2,24100.81653213824,1000
G_dipaxis_s0.15,198a5607,3,1370.1631889107882,1000
G_dipaxis_s0.15,198a5607,4,1256.594698700861,1000
G_dipaxis_s0.15,198a5607,5,28127.936882351176,1000
G_dipaxis_s0.15,198a5607,6,41926.35319856094,252
G_dipaxis_s0.2,198a5607,0,182.9111379901284,999
G_dipaxis_s0.2,198a5607,1,9707.92579009217,1000
G_dipaxis_s0.2,198a5607,2,26069.147147754447,1000
G_dipaxis_s0.2,198a5607,3,1604.09625356032,1000
G_dipaxis_s0.2,198a5607,4,1616.0381394173405,1000
G_dipaxis_s0.2,198a5607,5,30344.240431659015,1000
G_dipaxis_s0.2,198a5607,6,44094.63831255373,252
G_dipaxis_s0.1,5542c301,0,3894.3648171027517,999
G_dipaxis_s0.1,5542c301,1,4097.170538332268,1000
G_dipaxis_s0.1,5542c301,2,56274.286804943134,1000
G_dipaxis_s0.1,5542c301,3,72831.32892371003,592
G_dipaxis_s0.15,5542c301,0,3325.89795283425,999
G_dipaxis_s0.15,5542c301,1,4619.169330291165,1000
G_dipaxis_s0.15,5542c301,2,42891.26842166592,1000
G_dipaxis_s0.15,5542c301,3,58200.99153221495,592
G_dipaxis_s0.2,5542c301,0,2822.649325850885,999
G_dipaxis_s0.2,5542c301,1,5587.811555960537,1000
G_dipaxis_s0.2,5542c301,2,31405.669022819216,1000
G_dipaxis_s0.2,5542c301,3,45210.45721825915,592
G_dipaxis_s0.1,10b89021,0,25147.625628052516,999
G_dipaxis_s0.1,10b89021,1,180944.37480058192,1000
G_dipaxis_s0.1,10b89021,2,183414.25659251495,1000
G_dipaxis_s0.1,10b89021,3,328475.77121602005,1000
G_dipaxis_s0.1,10b89021,4,449196.47342402505,1000
G_dipaxis_s0.1,10b89021,5,138248.1221250922,415
G_dipaxis_s0.15,10b89021,0,24307.431637885835,999
G_dipaxis_s0.15,10b89021,1,176012.66481034915,1000
G_dipaxis_s0.15,10b89021,2,178456.12768090886,1000
G_dipaxis_s0.15,10b89021,3,329264.63330349576,1000
G_dipaxis_s0.15,10b89021,4,458791.1952204023,1000
G_dipaxis_s0.15,10b89021,5,145011.79228091406,415
G_dipaxis_s0.2,10b89021,0,23483.247009614504,999
G_dipaxis_s0.2,10b89021,1,171149.85036748095,1000
G_dipaxis_s0.2,10b89021,2,173571.1486719802,1000
G_dipaxis_s0.2,10b89021,3,330067.52195208875,1000
G_dipaxis_s0.2,10b89021,4,468494.060830287,1000
G_dipaxis_s0.2,10b89021,5,151940.11109764545,415
G_dipaxis_s0.1,9426ec1e,0,1219.5103175625054,999
G_dipaxis_s0.1,9426ec1e,1,44290.99775459778,1000
G_dipaxis_s0.1,9426ec1e,2,115837.13158034376,533
G_dipaxis_s0.15,9426ec1e,0,1376.9235950828618,999
G_dipaxis_s0.15,9426ec1e,1,43424.196721676606,1000
G_dipaxis_s0.15,9426ec1e,2,115228.01261386232,533
G_dipaxis_s0.2,9426ec1e,0,1552.892753328762,999
G_dipaxis_s0.2,9426ec1e,1,42574.702072488864,1000
G_dipaxis_s0.2,9426ec1e,2,114620.72664036465,533
G_dipaxis_s0.1,6e9ccd38,0,70163.43705062843,999
G_dipaxis_s0.1,6e9ccd38,1,216612.77558170364,1000
G_dipaxis_s0.1,6e9ccd38,2,86851.6165399911,1000
G_dipaxis_s0.1,6e9ccd38,3,86237.87459727623,1000
G_dipaxis_s0.1,6e9ccd38,4,58550.672396507245,1000
G_dipaxis_s0.1,6e9ccd38,5,37435.55153691232,1000
G_dipaxis_s0.1,6e9ccd38,6,47850.64787202183,1000
G_dipaxis_s0.1,6e9ccd38,7,354040.13229552435,1000
G_dipaxis_s0.1,6e9ccd38,8,106624.64551217364,283
G_dipaxis_s0.15,6e9ccd38,0,67575.74834193478,999
G_dipaxis_s0.15,6e9ccd38,1,205398.78929633403,1000
G_dipaxis_s0.15,6e9ccd38,2,81268.62009153952,1000
G_dipaxis_s0.15,6e9ccd38,3,95067.9486342776,1000
G_dipaxis_s0.15,6e9ccd38,4,68339.77660078672,1000
G_dipaxis_s0.15,6e9ccd38,5,48547.649625906524,1000
G_dipaxis_s0.15,6e9ccd38,6,63581.737405087006,1000
G_dipaxis_s0.15,6e9ccd38,7,402858.58951738046,1000
G_dipaxis_s0.15,6e9ccd38,8,123181.31861263544,283
G_dipaxis_s0.2,6e9ccd38,0,65038.467843340375,999
G_dipaxis_s0.2,6e9ccd38,1,194484.66326597732,1000
G_dipaxis_s0.2,6e9ccd38,2,75956.05657990737,1000
G_dipaxis_s0.2,6e9ccd38,3,104358.63829345057,1000
G_dipaxis_s0.2,6e9ccd38,4,78989.80414306992,1000
G_dipaxis_s0.2,6e9ccd38,5,61155.995377354826,1000
G_dipaxis_s0.2,6e9ccd38,6,81788.98121217774,1000
G_dipaxis_s0.2,6e9ccd38,7,454847.34421620594,1000
G_dipaxis_s0.2,6e9ccd38,8,140933.46669913954,283
G_dipaxis_s0.1,c593337f,0,62449.75234557923,999
G_dipaxis_s0.1,c593337f,1,3789.835374485102,1000
G_dipaxis_s0.1,c593337f,2,18426.31104750646,1000
G_dipaxis_s0.1,c593337f,3,729823.5015488953,1000
G_dipaxis_s0.1,c593337f,4,885495.3513790723,1000
G_dipaxis_s0.1,c593337f,5,286413.1734987064,209
G_dipaxis_s0.15,c593337f,0,62899.608104952524,999
G_dipaxis_s0.15,c593337f,1,3595.514083227642,1000
G_dipaxis_s0.15,c593337f,2,16335.733426825325,1000
G_dipaxis_s0.15,c593337f,3,689810.8804610968,1000
G_dipaxis_s0.15,c593337f,4,863409.4212403169,1000
G_dipaxis_s0.15,c593337f,5,281561.91353069537,209
G_dipaxis_s0.2,c593337f,0,63372.08812037524,999
G_dipaxis_s0.2,c593337f,1,4134.1420870370575,1000
G_dipaxis_s0.2,c593337f,2,14487.217594362246,1000
G_dipaxis_s0.2,c593337f,3,650964.8178920124,1000
G_dipaxis_s0.2,c593337f,4,841626.064217809,1000
G_dipaxis_s0.2,c593337f,5,276752.326943532,209
G_dipaxis_s0.1,70925e23,0,6333.313307900317,999
G_dipaxis_s0.1,70925e23,1,252071.74335584434,1000
G_dipaxis_s0.1,70925e23,2,107058.83981343314,1000
G_dipaxis_s0.1,70925e23,3,31498.64009480018,1000
G_dipaxis_s0.1,70925e23,4,59148.67565542797,1000
G_dipaxis_s0.1,70925e23,5,68215.68843736245,948
G_dipaxis_s0.15,70925e23,0,5157.750681721251,999
G_dipaxis_s0.15,70925e23,1,217417.84659183474,1000
G_dipaxis_s0.15,70925e23,2,108792.99848336665,1000
G_dipaxis_s0.15,70925e23,3,51567.87450123119,1000
G_dipaxis_s0.15,70925e23,4,116113.80590906365,1000
G_dipaxis_s0.15,70925e23,5,155566.0266298324,948
G_dipaxis_s0.2,70925e23,0,6604.446712826575,999
G_dipaxis_s0.2,70925e23,1,186139.9799634438,1000
G_dipaxis_s0.2,70925e23,2,110737.40525874119,1000
G_dipaxis_s0.2,70925e23,3,76676.739579678,1000
G_dipaxis_s0.2,70925e23,4,192241.1511265659,1000
G_dipaxis_s0.2,70925e23,5,278578.84900381434,948
G_dipaxis_s0.1,f074d277,0,68965.81297046151,999
G_dipaxis_s0.1,f074d277,1,193052.00463102196,1000
G_dipaxis_s0.1,f074d277,2,64910.62274486966,454
G_dipaxis_s0.15,f074d277,0,69179.77618820667,999
G_dipaxis_s0.15,f074d277,1,197717.7427798285,1000
G_dipaxis_s0.15,f074d277,2,68465.81268239448,454
G_dipaxis_s0.2,f074d277,0,69410.83953822928,999
G_dipaxis_s0.2,f074d277,1,202461.23659647265,1000
G_dipaxis_s0.2,f074d277,2,72116.64668033386,454
G_dipaxis_s0.1,f2d4c8c9,0,24106.844684945878,999
G_dipaxis_s0.1,f2d4c8c9,1,14298.719920148329,1000
G_dipaxis_s0.1,f2d4c8c9,2,47383.09641566357,1000
G_dipaxis_s0.1,f2d4c8c9,3,11755.863078111755,1000
G_dipaxis_s0.1,f2d4c8c9,4,225711.7019460759,1000
G_dipaxis_s0.1,f2d4c8c9,5,731163.2779241278,1000
G_dipaxis_s0.1,f2d4c8c9,6,136587.91747105497,250
G_dipaxis_s0.15,f2d4c8c9,0,23688.25157467853,999
G_dipaxis_s0.15,f2d4c8c9,1,14983.754470604223,1000
G_dipaxis_s0.15,f2d4c8c9,2,45867.126097275606,1000
G_dipaxis_s0.15,f2d4c8c9,3,9020.252422288293,1000
G_dipaxis_s0.15,f2d4c8c9,4,204970.2166215286,1000
G_dipaxis_s0.15,f2d4c8c9,5,676746.1917468818,1000
G_dipaxis_s0.15,f2d4c8c9,6,121433.14863799792,250
G_dipaxis_s0.2,f2d4c8c9,0,23275.921167685407,999
G_dipaxis_s0.2,f2d4c8c9,1,15788.250794155336,1000
G_dipaxis_s0.2,f2d4c8c9,2,44421.90921405574,1000
G_dipaxis_s0.2,f2d4c8c9,3,6792.312979624672,1000
G_dipaxis_s0.2,f2d4c8c9,4,185489.09834249967,1000
G_dipaxis_s0.2,f2d4c8c9,5,624517.1300740945,1000
G_dipaxis_s0.2,f2d4c8c9,6,107169.30167096108,250
G_dipaxis_s0.1,35b3ef6a,0,83978.51244271031,999
G_dipaxis_s0.1,35b3ef6a,1,231849.36360925165,1000
G_dipaxis_s0.1,35b3ef6a,2,379320.6806001007,1000
G_dipaxis_s0.1,35b3ef6a,3,246325.47476340042,905
G_dipaxis_s0.15,35b3ef6a,0,77865.90729651981,999
G_dipaxis_s0.15,35b3ef6a,1,209526.98442112675,1000
G_dipaxis_s0.15,35b3ef6a,2,327826.53477116016,1000
G_dipaxis_s0.15,35b3ef6a,3,200184.75393710544,905
G_dipaxis_s0.2,35b3ef6a,0,71989.03732882404,999
G_dipaxis_s0.2,35b3ef6a,1,188340.68076720912,1000
G_dipaxis_s0.2,35b3ef6a,2,280179.5520116684,1000
G_dipaxis_s0.2,35b3ef6a,3,158861.38258702445,905
G_dipaxis_s0.1,2043abc5,0,235808.2455268107,999
G_dipaxis_s0.1,2043abc5,1,198247.7889070187,1000
G_dipaxis_s0.1,2043abc5,2,298642.8328455073,1000
G_dipaxis_s0.1,2043abc5,3,20354.306610942396,1000
G_dipaxis_s0.1,2043abc5,4,48405.30031810823,1000
G_dipaxis_s0.1,2043abc5,5,178869.10217476968,1000
G_dipaxis_s0.1,2043abc5,6,428111.88770640467,959
G_dipaxis_s0.15,2043abc5,0,223820.22618882015,999
G_dipaxis_s0.15,2043abc5,1,194160.1672687418,1000
G_dipaxis_s0.15,2043abc5,2,297361.1298548298,1000
G_dipaxis_s0.15,2043abc5,3,23287.107484107848,1000
G_dipaxis_s0.15,2043abc5,4,51670.443686594095,1000
G_dipaxis_s0.15,2043abc5,5,194562.94987800566,1000
G_dipaxis_s0.15,2043abc5,6,451867.8320881647,959
G_dipaxis_s0.2,2043abc5,0,212149.90075414168,999
G_dipaxis_s0.2,2043abc5,1,190179.52736363836,1000
G_dipaxis_s0.2,2043abc5,2,296112.77708962664,1000
G_dipaxis_s0.2,2043abc5,3,26629.145400165427,1000
G_dipaxis_s0.2,2043abc5,4,55539.790995590614,1000
G_dipaxis_s0.2,2043abc5,5,210971.23728210863,1000
G_dipaxis_s0.2,2043abc5,6,476380.05266913684,959
G_dipaxis_s0.1,78a4a386,0,2717.420891047969,999
G_dipaxis_s0.1,78a4a386,1,3827.910578223956,1000
G_dipaxis_s0.1,78a4a386,2,89899.16629574528,1000
G_dipaxis_s0.1,78a4a386,3,30179.677468155438,1000
G_dipaxis_s0.1,78a4a386,4,16025.66351785077,1000
G_dipaxis_s0.1,78a4a386,5,8.184576344848242,120
G_dipaxis_s0.15,78a4a386,0,2767.6064278956237,999
G_dipaxis_s0.15,78a4a386,1,3947.766215943072,1000
G_dipaxis_s0.15,78a4a386,2,90032.00186033624,1000
G_dipaxis_s0.15,78a4a386,3,30468.041543700583,1000
G_dipaxis_s0.15,78a4a386,4,16079.238827993468,1000
G_dipaxis_s0.15,78a4a386,5,8.45640523301824,120
G_dipaxis_s0.2,78a4a386,0,2818.8409619919366,999
G_dipaxis_s0.2,78a4a386,1,4070.476366543928,1000
G_dipaxis_s0.2,78a4a386,2,90164.96993342036,1000
G_dipaxis_s0.2,78a4a386,3,30759.323529490553,1000
G_dipaxis_s0.2,78a4a386,4,16133.220233760025,1000
G_dipaxis_s0.2,78a4a386,5,8.738220702276015,120
G_dipaxis_s0.1,a4f989c2,0,6378.671127431979,999
G_dipaxis_s0.1,a4f989c2,1,10270.046955195972,1000
G_dipaxis_s0.1,a4f989c2,2,12424.40471625233,1000
G_dipaxis_s0.1,a4f989c2,3,20538.761543745848,1000
G_dipaxis_s0.1,a4f989c2,4,26073.61010531636,1000
G_dipaxis_s0.1,a4f989c2,5,7779.1791214827945,386
G_dipaxis_s0.15,a4f989c2,0,6464.580952671351,999
G_dipaxis_s0.15,a4f989c2,1,9804.653063229243,1000
G_dipaxis_s0.15,a4f989c2,2,11987.202966305664,1000
G_dipaxis_s0.15,a4f989c2,3,19368.52780222341,1000
G_dipaxis_s0.15,a4f989c2,4,24555.366116349924,1000
G_dipaxis_s0.15,a4f989c2,5,7316.487951020224,386
G_dipaxis_s0.2,a4f989c2,0,6553.502684174331,999
G_dipaxis_s0.2,a4f989c2,1,9382.466523645073,1000
G_dipaxis_s0.2,a4f989c2,2,11603.657961875895,1000
G_dipaxis_s0.2,a4f989c2,3,18235.68482905285,1000
G_dipaxis_s0.2,a4f989c2,4,23085.460141165808,1000
G_dipaxis_s0.2,a4f989c2,5,6868.54847077604,386
G_dipaxis_s0.1,3a824aa7,0,25802.18595701015,999
G_dipaxis_s0.1,3a824aa7,1,46068.10044306815,1000
G_dipaxis_s0.1,3a824aa7,2,27889.99432982559,1000
G_dipaxis_s0.1,3a824aa7,3,17008.859063818603,1000
G_dipaxis_s0.1,3a824aa7,4,14596.444372131426,202
G_dipaxis_s0.15,3a824aa7,0,27271.31223527702,999
G_dipaxis_s0.15,3a824aa7,1,50832.46479981415,1000
G_dipaxis_s0.15,3a824aa7,2,34380.96337587713,1000
G_dipaxis_s0.15,3a824aa7,3,23223.37579133621,1000
G_dipaxis_s0.15,3a824aa7,4,17528.775992237635,202
G_dipaxis_s0.2,3a824aa7,0,28801.37259366216,999
G_dipaxis_s0.2,3a824aa7,1,55932.49448611714,1000
G_dipaxis_s0.2,3a824aa7,2,41909.5133100586,1000
G_dipaxis_s0.2,3a824aa7,3,30610.33608324177,1000
G_dipaxis_s0.2,3a824aa7,4,20730.80777318455,202
G_dipaxis_s0.1,75cd5f11,0,105888.83995157808,999
G_dipaxis_s0.1,75cd5f11,1,74516.64063849403,1000
G_dipaxis_s0.1,75cd5f11,2,20205.139864492885,1000
G_dipaxis_s0.1,75cd5f11,3,6073.186300741582,1000
G_dipaxis_s0.1,75cd5f11,4,8605.060670176708,947
G_dipaxis_s0.15,75cd5f11,0,107140.41332879881,999
G_dipaxis_s0.15,75cd5f11,1,76075.07325156165,1000
G_dipaxis_s0.15,75cd5f11,2,21467.544820982635,1000
G_dipaxis_s0.15,75cd5f11,3,6676.532206229665,1000
G_dipaxis_s0.15,75cd5f11,4,9423.186408056248,947
G_dipaxis_s0.2,75cd5f11,0,108399.47543641398,999
G_dipaxis_s0.2,75cd5f11,1,77652.15122419337,1000
G_dipaxis_s0.2,75cd5f11,2,22771.2429265745,1000
G_dipaxis_s0.2,75cd5f11,3,7308.992958470451,1000
G_dipaxis_s0.2,75cd5f11,4,10293.41434735847,947
G_dipaxis_s0.1,ce8399b7,0,612.4256432849754,999
G_dipaxis_s0.1,ce8399b7,1,356.1971800334992,616
G_dipaxis_s0.15,ce8399b7,0,601.9424542307254,999
G_dipaxis_s0.15,ce8399b7,1,386.0082258600522,616
G_dipaxis_s0.2,ce8399b7,0,593.1087444003244,999
G_dipaxis_s0.2,ce8399b7,1,436.80413724875933,616
G_dipaxis_s0.1,3e678ea7,0,141726.80940472416,999
G_dipaxis_s0.1,3e678ea7,1,326264.45302111545,1000
G_dipaxis_s0.1,3e678ea7,2,133020.32880377295,1000
G_dipaxis_s0.1,3e678ea7,3,153767.02375120088,1000
G_dipaxis_s0.1,3e678ea7,4,101838.07352088201,1000
G_dipaxis_s0.1,3e678ea7,5,59785.70054280132,1000
G_dipaxis_s0.1,3e678ea7,6,113390.78573446794,859
G_dipaxis_s0.15,3e678ea7,0,141187.93806376075,999
G_dipaxis_s0.15,3e678ea7,1,329517.6553214695,1000
G_dipaxis_s0.15,3e678ea7,2,139143.98826099696,1000
G_dipaxis_s0.15,3e678ea7,3,166394.1467987641,1000
G_dipaxis_s0.15,3e678ea7,4,116482.64497463383,1000
G_dipaxis_s0.15,3e678ea7,5,73060.69636440923,1000
G_dipaxis_s0.15,3e678ea7,6,136206.8141589692,859
G_dipaxis_s0.2,3e678ea7,0,140650.61375711605,999
G_dipaxis_s0.2,3e678ea7,1,332805.58772997896,1000
G_dipaxis_s0.2,3e678ea7,2,145442.35839233972,1000
G_dipaxis_s0.2,3e678ea7,3,179553.89473733242,1000
G_dipaxis_s0.2,3e678ea7,4,132120.2022379935,1000
G_dipaxis_s0.2,3e678ea7,5,87669.24451975201,1000
G_dipaxis_s0.2,3e678ea7,6,161179.1937672269,859
G_dipaxis_s0.1,ecdaf714,0,9173.826249630962,999
G_dipaxis_s0.1,ecdaf714,1,18450.345869029592,1000
G_dipaxis_s0.1,ecdaf714,2,390801.24290390237,1000
G_dipaxis_s0.1,ecdaf714,3,340072.37224403844,1000
G_dipaxis_s0.1,ecdaf714,4,61652.403822925684,1000
G_dipaxis_s0.1,ecdaf714,5,121624.99926588427,1000
G_dipaxis_s0.1,ecdaf714,6,213913.94715619454,593
G_dipaxis_s0.15,ecdaf714,0,8152.876450930657,999
G_dipaxis_s0.15,ecdaf714,1,21579.32408247254,1000
G_dipaxis_s0.15,ecdaf714,2,420602.98821046605,1000
G_dipaxis_s0.15,ecdaf714,3,392137.4769458346,1000
G_dipaxis_s0.15,ecdaf714,4,93470.36994765804,1000
G_dipaxis_s0.15,ecdaf714,5,148476.51081225325,1000
G_dipaxis_s0.15,ecdaf714,6,236560.72624993598,593
G_dipaxis_s0.2,ecdaf714,0,7203.476350358777,999
G_dipaxis_s0.2,ecdaf714,1,25348.54877871306,1000
G_dipaxis_s0.2,ecdaf714,2,451546.59215221304,1000
G_dipaxis_s0.2,ecdaf714,3,447961.5563629608,1000
G_dipaxis_s0.2,ecdaf714,4,132554.40536802312,1000
G_dipaxis_s0.2,ecdaf714,5,179138.38819010553,1000
G_dipaxis_s0.2,ecdaf714,6,260403.34274707435,593
G_dipaxis_s0.1,57f05c51,0,34231.396080612394,999
G_dipaxis_s0.1,57f05c51,1,82289.80804080721,1000
G_dipaxis_s0.1,57f05c51,2,55301.513497575485,1000
G_dipaxis_s0.1,57f05c51,3,63729.09453438135,1000
G_dipaxis_s0.1,57f05c51,4,11394.78797156097,772
G_dipaxis_s0.15,57f05c51,0,34458.96845830024,999
G_dipaxis_s0.15,57f05c51,1,82787.91552863085,1000
G_dipaxis_s0.15,57f05c51,2,55274.1463004387,1000
G_dipaxis_s0.15,57f05c51,3,63823.00119543088,1000
G_dipaxis_s0.15,57f05c51,4,11289.755361578047,772
G_dipaxis_s0.2,57f05c51,0,34687.86055151829,999
G_dipaxis_s0.2,57f05c51,1,83287.53921037192,1000
G_dipaxis_s0.2,57f05c51,2,55247.03266960733,1000
G_dipaxis_s0.2,57f05c51,3,63917.12608674797,1000
G_dipaxis_s0.2,57f05c51,4,11185.286427087345,772
G_dipaxis_s0.1,8cc800b3,0,192425.99180423294,999
G_dipaxis_s0.1,8cc800b3,1,446315.2224254545,1000
G_dipaxis_s0.1,8cc800b3,2,534766.064581957,1000
G_dipaxis_s0.1,8cc800b3,3,1260788.7506972265,1000
G_dipaxis_s0.1,8cc800b3,4,1413284.7861992996,1000
G_dipaxis_s0.1,8cc800b3,5,1060131.7641901155,1000
G_dipaxis_s0.1,8cc800b3,6,718021.0630598313,577
G_dipaxis_s0.15,8cc800b3,0,187755.5681877834,999
G_dipaxis_s0.15,8cc800b3,1,458672.2997083609,1000
G_dipaxis_s0.15,8cc800b3,2,608364.5644740392,1000
G_dipaxis_s0.15,8cc800b3,3,1446195.0343838476,1000
G_dipaxis_s0.15,8cc800b3,4,1682420.8280599997,1000
G_dipaxis_s0.15,8cc800b3,5,1350555.5565922756,1000
G_dipaxis_s0.15,8cc800b3,6,920434.9382839274,577
G_dipaxis_s0.2,8cc800b3,0,183148.6027740384,999
G_dipaxis_s0.2,8cc800b3,1,471425.26454496913,1000
G_dipaxis_s0.2,8cc800b3,2,687047.1031848022,1000
G_dipaxis_s0.2,8cc800b3,3,1644446.683914229,1000
G_dipaxis_s0.2,8cc800b3,4,1975198.7407991828,1000
G_dipaxis_s0.2,8cc800b3,5,1676572.8437069429,1000
G_dipaxis_s0.2,8cc800b3,6,1147985.3779571666,577
G_dipaxis_s0.1,55efee7f,0,6106.98629292292,999
G_dipaxis_s0.1,55efee7f,1,103913.5672983102,1000
G_dipaxis_s0.1,55efee7f,2,249535.06136153353,1000
G_dipaxis_s0.1,55efee7f,3,96731.17371291693,1000
G_dipaxis_s0.1,55efee7f,4,2743.180454576989,802
G_dipaxis_s0.15,55efee7f,0,4276.981828221006,999
G_dipaxis_s0.15,55efee7f,1,89676.22338673651,1000
G_dipaxis_s0.15,55efee7f,2,216480.01409171787,1000
G_dipaxis_s0.15,55efee7f,3,79963.54343598842,1000
G_dipaxis_s0.15,55efee7f,4,3343.2530333655413,802
G_dipaxis_s0.2,55efee7f,0,2787.8559488003334,999
G_dipaxis_s0.2,55efee7f,1,76553.86561065308,1000
G_dipaxis_s0.2,55efee7f,2,185782.68790075107,1000
G_dipaxis_s0.2,55efee7f,3,64957.96501842628,1000
G_dipaxis_s0.2,55efee7f,4,4585.820236199176,802
G_dipaxis_s0.1,d0a0e7b5,0,16168.016224114494,999
G_dipaxis_s0.1,d0a0e7b5,1,7370.012136343747,1000
G_dipaxis_s0.1,d0a0e7b5,2,33349.43025432286,1000
G_dipaxis_s0.1,d0a0e7b5,3,23419.992947630217,817
G_dipaxis_s0.15,d0a0e7b5,0,17223.982889162748,999
G_dipaxis_s0.15,d0a0e7b5,1,8075.250821396842,1000
G_dipaxis_s0.15,d0a0e7b5,2,35047.08431405584,1000
G_dipaxis_s0.15,d0a0e7b5,3,25607.357256752064,817
G_dipaxis_s0.2,d0a0e7b5,0,18318.668920680633,999
G_dipaxis_s0.2,d0a0e7b5,1,8814.978216962658,1000
G_dipaxis_s0.2,d0a0e7b5,2,36794.19533162454,1000
G_dipaxis_s0.2,d0a0e7b5,3,27909.684121019498,817
G_dipaxis_s0.1,6dbe4b60,0,2947.5790562972165,999
G_dipaxis_s0.1,6dbe4b60,1,2570.011583389755,1000
G_dipaxis_s0.1,6dbe4b60,2,10047.3993615323,1000
G_dipaxis_s0.1,6dbe4b60,3,2117.0132439332556,1000
G_dipaxis_s0.1,6dbe4b60,4,1837.901474474426,649
G_dipaxis_s0.15,6dbe4b60,0,2635.255258792716,999
G_dipaxis_s0.15,6dbe4b60,1,2880.570731731987,1000
G_dipaxis_s0.15,6dbe4b60,2,9121.992557560821,1000
G_dipaxis_s0.15,6dbe4b60,3,3244.653547243173,1000
G_dipaxis_s0.15,6dbe4b60,4,1389.3902700002484,649
G_dipaxis_s0.2,6dbe4b60,0,2343.2572801576216,999
G_dipaxis_s0.2,6dbe4b60,1,3212.754329555395,1000
G_dipaxis_s0.2,6dbe4b60,2,8339.450354284154,1000
G_dipaxis_s0.2,6dbe4b60,3,4710.5358884823745,1000
G_dipaxis_s0.2,6dbe4b60,4,1061.9672418908715,649
G_dipaxis_s0.1,53f23031,0,45741.58567834658,999
G_dipaxis_s0.1,53f23031,1,57994.410633979576,1000
G_dipaxis_s0.1,53f23031,2,20075.31822409507,1000
G_dipaxis_s0.1,53f23031,3,63942.285442444845,1000
G_dipaxis_s0.1,53f23031,4,52877.57179440427,1000
G_dipaxis_s0.1,53f23031,5,10070.013615590356,1000
G_dipaxis_s0.1,53f23031,6,28123.274116924604,1000
G_dipaxis_s0.1,53f23031,7,164684.49768560464,1000
G_dipaxis_s0.1,53f23031,8,146087.65226299217,551
G_dipaxis_s0.15,53f23031,0,45893.41360691731,999
G_dipaxis_s0.15,53f23031,1,58223.03467173679,1000
G_dipaxis_s0.15,53f23031,2,20186.027541943273,1000
G_dipaxis_s0.15,53f23031,3,64227.99487002328,1000
G_dipaxis_s0.15,53f23031,4,52969.982231630456,1000
G_dipaxis_s0.15,53f23031,5,10057.228622993778,1000
G_dipaxis_s0.15,53f23031,6,28126.689454651783,1000
G_dipaxis_s0.15,53f23031,7,165288.93519084234,1000
G_dipaxis_s0.15,53f23031,8,146969.4162066365,551
G_dipaxis_s0.2,53f23031,0,46045.50805738577,999
G_dipaxis_s0.2,53f23031,1,58452.14009141922,1000
G_dipaxis_s0.2,53f23031,2,20297.052290895663,1000
G_dipaxis_s0.2,53f23031,3,64514.34667558937,1000
G_dipaxis_s0.2,53f23031,4,53062.530729036385,1000
G_dipaxis_s0.2,53f23031,5,10044.470077871136,1000
G_dipaxis_s0.2,53f23031,6,28130.17398245177,1000
G_dipaxis_s0.2,53f23031,7,165894.50944515047,1000
G_dipaxis_s0.2,53f23031,8,147853.87220265233,551
G_dipaxis_s0.1,f053a1b9,0,62482.952535402015,999
G_dipaxis_s0.1,f053a1b9,1,16923.75451693898,1000
G_dipaxis_s0.1,f053a1b9,2,95329.01889693346,1000
G_dipaxis_s0.1,f053a1b9,3,63140.93619246718,1000
G_dipaxis_s0.1,f053a1b9,4,19389.985759103824,109
G_dipaxis_s0.15,f053a1b9,0,64949.13587499947,999
G_dipaxis_s0.15,f053a1b9,1,19610.480749663475,1000
G_dipaxis_s0.15,f053a1b9,2,101196.69548743597,1000
G_dipaxis_s0.15,f053a1b9,3,68242.61601984651,1000
G_dipaxis_s0.15,f053a1b9,4,20447.206149121233,109
G_dipaxis_s0.2,f053a1b9,0,67474.10537111627,999
G_dipaxis_s0.2,f053a1b9,1,22586.355426049828,1000
G_dipaxis_s0.2,f053a1b9,2,107259.74443635406,1000
G_dipaxis_s0.2,f053a1b9,3,73587.65504141252,1000
G_dipaxis_s0.2,f053a1b9,4,21532.584524981,109
G_dipaxis_s0.1,a959858c,0,2884795.0084405104,999
G_dipaxis_s0.1,a959858c,1,2288656.894792033,1000
G_dipaxis_s0.1,a959858c,2,2188546.196733008,1000
G_dipaxis_s0.1,a959858c,3,4346943.058509431,1000
G_dipaxis_s0.1,a959858c,4,2432076.7926607286,405
G_dipaxis_s0.15,a959858c,0,2566186.5430890094,999
G_dipaxis_s0.15,a959858c,1,1980744.5568675844,1000
G_dipaxis_s0.15,a959858c,2,1814467.1145264902,1000
G_dipaxis_s0.15,a959858c,3,3650657.4137727027,1000
G_dipaxis_s0.15,a959858c,4,2048398.0766709773,405
G_dipaxis_s0.2,a959858c,0,2266252.0525896526,999
G_dipaxis_s0.2,a959858c,1,1695264.1833628165,1000
G_dipaxis_s0.2,a959858c,2,1475477.24667129,1000
G_dipaxis_s0.2,a959858c,3,3015465.758908338,1000
G_dipaxis_s0.2,a959858c,4,1697650.0558678047,405
G_dipaxis_s0.1,1b1eba53,0,999703.6258986719,999
G_dipaxis_s0.1,1b1eba53,1,3822042.610757507,1000
G_dipaxis_s0.1,1b1eba53,2,6622767.778611156,1000
G_dipaxis_s0.1,1b1eba53,3,8853960.366397532,1000
G_dipaxis_s0.1,1b1eba53,4,6000052.725706015,656
G_dipaxis_s0.15,1b1eba53,0,977056.9773168496,999
G_dipaxis_s0.15,1b1eba53,1,3916369.65183529,1000
G_dipaxis_s0.15,1b1eba53,2,6925745.89308057,1000
G_dipaxis_s0.15,1b1eba53,3,9077803.145267567,1000
G_dipaxis_s0.15,1b1eba53,4,6210555.1669828035,656
G_dipaxis_s0.2,1b1eba53,0,954824.2594662755,999
G_dipaxis_s0.2,1b1eba53,1,4011875.257034857,1000
G_dipaxis_s0.2,1b1eba53,2,7235537.349565933,1000
G_dipaxis_s0.2,1b1eba53,3,9304695.942433992,1000
G_dipaxis_s0.2,1b1eba53,4,6425049.702532735,656
G_dipaxis_s0.1,511e1db0,0,907.3553214663822,999
G_dipaxis_s0.1,511e1db0,1,2427.4516487085657,1000
G_dipaxis_s0.1,511e1db0,2,26736.636973083747,1000
G_dipaxis_s0.1,511e1db0,3,183024.09578937077,822
G_dipaxis_s0.15,511e1db0,0,869.8267984784555,999
G_dipaxis_s0.15,511e1db0,1,1915.677560472939,1000
G_dipaxis_s0.15,511e1db0,2,22531.154751383576,1000
G_dipaxis_s0.15,511e1db0,3,160708.07052580203,822
G_dipaxis_s0.2,511e1db0,0,836.6052695803861,999
G_dipaxis_s0.2,511e1db0,1,1622.716962818809,1000
G_dipaxis_s0.2,511e1db0,2,19174.81846487247,1000
G_dipaxis_s0.2,511e1db0,3,139847.19490887466,822
G_dipaxis_s0.1,84633df4,0,16183.785373593944,999
G_dipaxis_s0.1,84633df4,1,14515.817668429008,1000
G_dipaxis_s0.1,84633df4,2,112426.72858608935,1000
G_dipaxis_s0.1,84633df4,3,125040.20954918893,1000
G_dipaxis_s0.1,84633df4,4,169858.88343068576,973
G_dipaxis_s0.15,84633df4,0,15230.767113670156,999
G_dipaxis_s0.15,84633df4,1,15216.82720669147,1000
G_dipaxis_s0.15,84633df4,2,122132.76549766283,1000
G_dipaxis_s0.15,84633df4,3,140005.03924478358,1000
G_dipaxis_s0.15,84633df4,4,193984.10894282174,973
G_dipaxis_s0.2,84633df4,0,14311.766603249482,999
G_dipaxis_s0.2,84633df4,1,16040.443456820061,1000
G_dipaxis_s0.2,84633df4,2,132241.04088991732,1000
G_dipaxis_s0.2,84633df4,3,155828.51965538994,1000
G_dipaxis_s0.2,84633df4,4,219711.431440211,973
G_dipaxis_s0.1,47ee27ab,0,4785.99554924439,999
G_dipaxis_s0.1,47ee27ab,1,6476.904257530322,1000
G_dipaxis_s0.1,47ee27ab,2,108140.68653320697,1000
G_dipaxis_s0.1,47ee27ab,3,31333.448528139277,1000
G_dipaxis_s0.1,47ee27ab,4,32407.19402053169,1000
G_dipaxis_s0.1,47ee27ab,5,12165.962562588213,1000
G_dipaxis_s0.1,47ee27ab,6,315.2644318330458,398
G_dipaxis_s0.15,47ee27ab,0,4852.235462760094,999
G_dipaxis_s0.15,47ee27ab,1,6677.101979577052,1000
G_dipaxis_s0.15,47ee27ab,2,108314.87739453414,1000
G_dipaxis_s0.15,47ee27ab,3,31784.42842441189,1000
G_dipaxis_s0.15,47ee27ab,4,32819.535522025915,1000
G_dipaxis_s0.15,47ee27ab,5,12152.599168463586,1000
G_dipaxis_s0.15,47ee27ab,6,329.2508782781412,398
G_dipaxis_s0.2,47ee27ab,0,4919.962902939359,999
G_dipaxis_s0.2,47ee27ab,1,6881.347533045028,1000
G_dipaxis_s0.2,47ee27ab,2,108489.256159039,1000
G_dipaxis_s0.2,47ee27ab,3,32240.26906488152,1000
G_dipaxis_s0.2,47ee27ab,4,33235.56652590271,1000
G_dipaxis_s0.2,47ee27ab,5,12140.021432926671,1000
G_dipaxis_s0.2,47ee27ab,6,344.5108617259627,398
G_dipaxis_s0.1,b95e7121,0,10124.099399302682,999
G_dipaxis_s0.1,b95e7121,1,3918.330718997731,1000
G_dipaxis_s0.1,b95e7121,2,7630.0105172288,1000
G_dipaxis_s0.1,b95e7121,3,9113.774722042352,1000
G_dipaxis_s0.1,b95e7121,4,90656.73823361615,1000
G_dipaxis_s0.1,b95e7121,5,90516.65061863395,1000
G_dipaxis_s0.1,b95e7121,6,24682.209784859344,307
G_dipaxis_s0.15,b95e7121,0,15846.34486878114,999
G_dipaxis_s0.15,b95e7121,1,7593.363544675281,1000
G_dipaxis_s0.15,b95e7121,2,29068.275980898383,1000
G_dipaxis_s0.15,b95e7121,3,43337.58565647522,1000
G_dipaxis_s0.15,b95e7121,4,189431.00932078698,1000
G_dipaxis_s0.15,b95e7121,5,211989.83727555355,1000
G_dipaxis_s0.15,b95e7121,6,65259.537892966735,307
G_dipaxis_s0.2,b95e7121,0,23543.868884811083,999
G_dipaxis_s0.2,b95e7121,1,20122.36951447189,1000
G_dipaxis_s0.2,b95e7121,2,65058.02434793796,1000
G_dipaxis_s0.2,b95e7121,3,104593.84920651594,1000
G_dipaxis_s0.2,b95e7121,4,326717.6241548675,1000
G_dipaxis_s0.2,b95e7121,5,386117.313964209,1000
G_dipaxis_s0.2,b95e7121,6,125224.98067819246,307
G_dipaxis_s0.1,91db7070,0,1431.621245898944,999
G_dipaxis_s0.1,91db7070,1,171171.80070983648,1000
G_dipaxis_s0.1,91db7070,2,805560.0067183549,1000
G_dipaxis_s0.1,91db7070,3,522418.21371346555,1000
G_dipaxis_s0.1,91db7070,4,4576.324995879796,74
G_dipaxis_s0.15,91db7070,0,1351.554557909472,999
G_dipaxis_s0.15,91db7070,1,167750.89411525437,1000
G_dipaxis_s0.15,91db7070,2,789022.3420680148,1000
G_dipaxis_s0.15,91db7070,3,503581.32923755737,1000
G_dipaxis_s0.15,91db7070,4,3823.1067386827153,74
G_dipaxis_s0.2,91db7070,0,1274.2813868695453,999
G_dipaxis_s0.2,91db7070,1,164365.0642457924,1000
G_dipaxis_s0.2,91db7070,2,772659.0947747285,1000
G_dipaxis_s0.2,91db7070,3,485211.3378952247,1000
G_dipaxis_s0.2,91db7070,4,3138.0794381967567,74
G_dipaxis_s0.1,e3b34f5b,0,104478.19354081986,999
G_dipaxis_s0.1,e3b34f5b,1,89866.55064518387,1000
G_dipaxis_s0.1,e3b34f5b,2,15054.575547138591,1000
G_dipaxis_s0.1,e3b34f5b,3,5338.243912786802,1000
G_dipaxis_s0.1,e3b34f5b,4,5911.436263458107,1000
G_dipaxis_s0.1,e3b34f5b,5,881.8304798636655,456
G_dipaxis_s0.15,e3b34f5b,0,102902.76711716175,999
G_dipaxis_s0.15,e3b34f5b,1,91757.61026591972,1000
G_dipaxis_s0.15,e3b34f5b,2,16421.025570568232,1000
G_dipaxis_s0.15,e3b34f5b,3,3818.5963863165985,1000
G_dipaxis_s0.15,e3b34f5b,4,5685.264136790083,1000
G_dipaxis_s0.15,e3b34f5b,5,596.2357431410728,456
G_dipaxis_s0.2,e3b34f5b,0,101356.60923295803,999
G_dipaxis_s0.2,e3b34f5b,1,93675.24007414925,1000
G_dipaxis_s0.2,e3b34f5b,2,17900.084920685807,1000
G_dipaxis_s0.2,e3b34f5b,3,2775.9852719843707,1000
G_dipaxis_s0.2,e3b34f5b,4,5785.099189373736,1000
G_dipaxis_s0.2,e3b34f5b,5,584.7715731138869,456
G_dipaxis_s0.1,5a5269a9,0,25919.05433269529,999
G_dipaxis_s0.1,5a5269a9,1,72267.27731295025,1000
G_dipaxis_s0.1,5a5269a9,2,120152.18961333738,1000
G_dipaxis_s0.1,5a5269a9,3,21095.694205450607,1000
G_dipaxis_s0.1,5a5269a9,4,16625.247989339896,1000
G_dipaxis_s0.1,5a5269a9,5,150874.98800549938,1000
G_dipaxis_s0.1,5a5269a9,6,64384.149265037726,514
G_dipaxis_s0.15,5a5269a9,0,24798.85252983569,999
G_dipaxis_s0.15,5a5269a9,1,69557.14593583655,1000
G_dipaxis_s0.15,5a5269a9,2,110024.22815508085,1000
G_dipaxis_s0.15,5a5269a9,3,18367.738183310143,1000
G_dipaxis_s0.15,5a5269a9,4,23016.175168233847,1000
G_dipaxis_s0.15,5a5269a9,5,207207.07604995708,1000
G_dipaxis_s0.15,5a5269a9,6,96785.84710968826,514
G_dipaxis_s0.2,5a5269a9,0,23714.207431609433,999
G_dipaxis_s0.2,5a5269a9,1,66908.26292029255,1000
G_dipaxis_s0.2,5a5269a9,2,100393.4592017418,1000
G_dipaxis_s0.2,5a5269a9,3,16584.50794783316,1000
G_dipaxis_s0.2,5a5269a9,4,34540.76315415642,1000
G_dipaxis_s0.2,5a5269a9,5,272652.3749140458,1000
G_dipaxis_s0.2,5a5269a9,6,135830.5105348911,514
G_dipaxis_s0.1,05948241,0,11818.044717463514,999
G_dipaxis_s0.1,05948241,1,21598.18160907821,1000
G_dipaxis_s0.1,05948241,2,2475.934788850511,1000
G_dipaxis_s0.1,05948241,3,6591.930136437296,880
G_dipaxis_s0.15,05948241,0,11549.96187547511,999
G_dipaxis_s0.15,05948241,1,20704.68533965751,1000
G_dipaxis_s0.15,05948241,2,2203.8085794709477,1000
G_dipaxis_s0.15,05948241,3,8059.962520505782,880
G_dipaxis_s0.2,05948241,0,11285.092828550702,999
G_dipaxis_s0.2,05948241,1,19831.18192510809,1000
G_dipaxis_s0.2,05948241,2,1975.1116295482827,1000
G_dipaxis_s0.2,05948241,3,9684.76815969395,880
G_dipaxis_s0.1,a645da9a,0,47088.107804205916,999
G_dipaxis_s0.1,a645da9a,1,77264.77447238796,1000
G_dipaxis_s0.1,a645da9a,2,13202.200853221566,1000
G_dipaxis_s0.1,a645da9a,3,62667.41369423388,1000
G_dipaxis_s0.1,a645da9a,4,55102.28209100326,1000
G_dipaxis_s0.1,a645da9a,5,9210.925092408706,154
G_dipaxis_s0.15,a645da9a,0,40362.984311119515,999
G_dipaxis_s0.15,a645da9a,1,63667.1534437865,1000
G_dipaxis_s0.15,a645da9a,2,16455.62691006472,1000
G_dipaxis_s0.15,a645da9a,3,89760.99441557303,1000
G_dipaxis_s0.15,a645da9a,4,86645.19116896343,1000
G_dipaxis_s0.15,a645da9a,5,15099.569027554098,154
G_dipaxis_s0.2,a645da9a,0,34245.72210035126,999
G_dipaxis_s0.2,a645da9a,1,51502.79959995069,1000
G_dipaxis_s0.2,a645da9a,2,22731.415702344544,1000
G_dipaxis_s0.2,a645da9a,3,121757.95162789365,1000
G_dipaxis_s0.2,a645da9a,4,125344.24306557869,1000
G_dipaxis_s0.2,a645da9a,5,22436.201276545024,154
G_dipaxis_s0.1,368fe682,0,6573.5419330742925,999
G_dipaxis_s0.1,368fe682,1,63089.97298086042,1000
G_dipaxis_s0.1,368fe682,2,142992.5504695635,1000
G_dipaxis_s0.1,368fe682,3,72413.45384757912,1000
G_dipaxis_s0.1,368fe682,4,3775.0837016258843,937
G_dipaxis_s0.15,368fe682,0,6745.957437623373,999
G_dipaxis_s0.15,368fe682,1,61826.57132599885,1000
G_dipaxis_s0.15,368fe682,2,141821.05018717257,1000
G_dipaxis_s0.15,368fe682,3,74499.60467201353,1000
G_dipaxis_s0.15,368fe682,4,3999.7193871495815,937
G_dipaxis_s0.2,368fe682,0,6930.026337842539,999
G_dipaxis_s0.2,368fe682,1,60576.31949107655,1000
G_dipaxis_s0.2,368fe682,2,140659.3990485426,1000
G_dipaxis_s0.2,368fe682,3,76632.10263913145,1000
G_dipaxis_s0.2,368fe682,4,4315.857129372345,937
G_dipaxis_s0.1,8995c945,0,1263.401564241883,999
G_dipaxis_s0.1,8995c945,1,6921.021815595225,1000
G_dipaxis_s0.1,8995c945,2,101428.19784962715,1000
G_dipaxis_s0.1,8995c945,3,31143.196736567774,1000
G_dipaxis_s0.1,8995c945,4,39006.85047706054,1000
G_dipaxis_s0.1,8995c945,5,55661.874155041245,1000
G_dipaxis_s0.1,8995c945,6,142793.18778386217,725
G_dipaxis_s0.15,8995c945,0,1482.2113695090525,999
G_dipaxis_s0.15,8995c945,1,11031.072256308595,1000
G_dipaxis_s0.15,8995c945,2,123692.0938866111,1000
G_dipaxis_s0.15,8995c945,3,48735.44071476939,1000
G_dipaxis_s0.15,8995c945,4,65612.20362298809,1000
G_dipaxis_s0.15,8995c945,5,103041.81924849273,1000
G_dipaxis_s0.15,8995c945,6,219803.7849994766,725
G_dipaxis_s0.2,8995c945,0,1787.4256338171037,999
G_dipaxis_s0.2,8995c945,1,16131.88327473279,1000
G_dipaxis_s0.2,8995c945,2,148244.86246486954,1000
G_dipaxis_s0.2,8995c945,3,71137.61920603673,1000
G_dipaxis_s0.2,8995c945,4,100406.2437884698,1000
G_dipaxis_s0.2,8995c945,5,166771.91450600015,1000
G_dipaxis_s0.2,8995c945,6,316355.50959177647,725
G_dipaxis_s0.1,48c1f673,0,20592.992598771878,999
G_dipaxis_s0.1,48c1f673,1,165883.97250385303,1000
G_dipaxis_s0.1,48c1f673,2,123977.68033315704,918
G_dipaxis_s0.15,48c1f673,0,21914.46681440393,999
G_dipaxis_s0.15,48c1f673,1,175473.40712612725,1000
G_dipaxis_s0.15,48c1f673,2,142133.00044255564,918
G_dipaxis_s0.2,48c1f673,0,23292.650114613967,999
G_dipaxis_s0.2,48c1f673,1,185340.14085355474,1000
G_dipaxis_s0.2,48c1f673,2,161695.18054262237,918
G_dipaxis_s0.1,466fc788,0,79280.85021906275,999
G_dipaxis_s0.1,466fc788,1,62291.571840640165,1000
G_dipaxis_s0.1,466fc788,2,227247.09691454377,1000
G_dipaxis_s0.1,466fc788,3,354213.4060277491,1000
G_dipaxis_s0.1,466fc788,4,210205.48088076292,1000
G_dipaxis_s0.1,466fc788,5,220898.6465573544,1000
G_dipaxis_s0.1,466fc788,6,54472.07344321572,198
G_dipaxis_s0.15,466fc788,0,80991.72152238396,999
G_dipaxis_s0.15,466fc788,1,71889.90778599003,1000
G_dipaxis_s0.15,466fc788,2,244311.21389899537,1000
G_dipaxis_s0.15,466fc788,3,382658.3535865543,1000
G_dipaxis_s0.15,466fc788,4,238570.02942472667,1000
G_dipaxis_s0.15,466fc788,5,248529.92673653914,1000
G_dipaxis_s0.15,466fc788,6,60548.81411991885,198
G_dipaxis_s0.2,466fc788,0,82742.11167537085,999
G_dipaxis_s0.2,466fc788,1,82238.19815756951,1000
G_dipaxis_s0.2,466fc788,2,262001.109383078,1000
G_dipaxis_s0.2,466fc788,3,412211.31550983345,1000
G_dipaxis_s0.2,466fc788,4,268787.3750493892,1000
G_dipaxis_s0.2,466fc788,5,277797.7659650525,1000
G_dipaxis_s0.2,466fc788,6,66946.87852243398,198
G_dipaxis_s0.1,27300fd5,0,53662.32204557836,999
G_dipaxis_s0.1,27300fd5,1,81869.42603860034,1000
G_dipaxis_s0.1,27300fd5,2,67231.82928671432,1000
G_dipaxis_s0.1,27300fd5,3,278840.3806384587,1000
G_dipaxis_s0.1,27300fd5,4,88383.77905747491,1000
G_dipaxis_s0.1,27300fd5,5,26137.037540165515,468
G_dipaxis_s0.15,27300fd5,0,51146.699143924976,999
G_dipaxis_s0.15,27300fd5,1,78498.04347807895,1000
G_dipaxis_s0.15,27300fd5,2,64982.689805214315,1000
G_dipaxis_s0.15,27300fd5,3,271930.81611501164,1000
G_dipaxis_s0.15,27300fd5,4,87057.57356226143,1000
G_dipaxis_s0.15,27300fd5,5,25913.24622986604,468
G_dipaxis_s0.2,27300fd5,0,48697.194513320064,999
G_dipaxis_s0.2,27300fd5,1,75202.11384169084,1000
G_dipaxis_s0.2,27300fd5,2,62773.27119174574,1000
G_dipaxis_s0.2,27300fd5,3,265116.5040904957,1000
G_dipaxis_s0.2,27300fd5,4,85753.27657905659,1000
G_dipaxis_s0.2,27300fd5,5,25695.436409516304,468
G_dipaxis_s0.1,a9c9b150,0,3609.893096038983,999
G_dipaxis_s0.1,a9c9b150,1,23936.110022795754,1000
G_dipaxis_s0.1,a9c9b150,2,49467.72386379957,1000
G_dipaxis_s0.1,a9c9b150,3,55407.82989259874,987
G_dipaxis_s0.15,a9c9b150,0,3603.52680780518,999
G_dipaxis_s0.15,a9c9b150,1,23218.363966527093,1000
G_dipaxis_s0.15,a9c9b150,2,47228.35260336377,1000
G_dipaxis_s0.15,a9c9b150,3,51341.51514960915,987
G_dipaxis_s0.2,a9c9b150,0,3602.1001189315148,999
G_dipaxis_s0.2,a9c9b150,1,22511.827108819463,1000
G_dipaxis_s0.2,a9c9b150,2,45044.73519199161,1000
G_dipaxis_s0.2,a9c9b150,3,47448.16931450325,987
G_dipaxis_s0.1,071d7b45,0,321148.6602382517,999
G_dipaxis_s0.1,071d7b45,1,470038.66849660815,1000
G_dipaxis_s0.1,071d7b45,2,350298.2753641839,1000
G_dipaxis_s0.1,071d7b45,3,72301.75027351885,212
G_dipaxis_s0.15,071d7b45,0,303396.12149838166,999
G_dipaxis_s0.15,071d7b45,1,473253.68495757924,1000
G_dipaxis_s0.15,071d7b45,2,393062.8517664619,1000
G_dipaxis_s0.15,071d7b45,3,83555.50536261528,212
G_dipaxis_s0.2,071d7b45,0,286172.4420355206,999
G_dipaxis_s0.2,071d7b45,1,476640.28202102846,1000
G_dipaxis_s0.2,071d7b45,2,438465.843521571,1000
G_dipaxis_s0.2,071d7b45,3,95623.09893307672,212
G_dipaxis_s0.1,ae8959c3,0,6409.939922955468,999
G_dipaxis_s0.1,ae8959c3,1,27587.98923748967,1000
G_dipaxis_s0.1,ae8959c3,2,74395.27251669345,1000
G_dipaxis_s0.1,ae8959c3,3,49456.96608479939,1000
G_dipaxis_s0.1,ae8959c3,4,24001.852509732435,519
G_dipaxis_s0.15,ae8959c3,0,7005.454009455856,999
G_dipaxis_s0.15,ae8959c3,1,34729.568292627824,1000
G_dipaxis_s0.15,ae8959c3,2,99090.82644378245,1000
G_dipaxis_s0.15,ae8959c3,3,76215.86593090338,1000
G_dipaxis_s0.15,ae8959c3,4,41533.88978829479,519
G_dipaxis_s0.2,ae8959c3,0,7654.608727039847,999
G_dipaxis_s0.2,ae8959c3,1,42950.9754482829,1000
G_dipaxis_s0.2,ae8959c3,2,127341.34167723582,1000
G_dipaxis_s0.2,ae8959c3,3,109289.14481283289,1000
G_dipaxis_s0.2,ae8959c3,4,64027.47251050272,519
G_dipaxis_s0.1,35b30c7f,0,13579.631101406223,999
G_dipaxis_s0.1,35b30c7f,1,20268.26833111286,1000
G_dipaxis_s0.1,35b30c7f,2,22736.53313562134,1000
G_dipaxis_s0.1,35b30c7f,3,8036.170804065256,1000
G_dipaxis_s0.1,35b30c7f,4,25594.729099025022,1000
G_dipaxis_s0.1,35b30c7f,5,49235.560781443906,1000
G_dipaxis_s0.1,35b30c7f,6,8348.917032973937,1000
G_dipaxis_s0.1,35b30c7f,7,16204.36366570214,1000
G_dipaxis_s0.1,35b30c7f,8,9707.2318695992,1000
G_dipaxis_s0.1,35b30c7f,9,19826.74953882383,580
G_dipaxis_s0.15,35b30c7f,0,15072.669379145053,999
G_dipaxis_s0.15,35b30c7f,1,23154.397984160976,1000
G_dipaxis_s0.15,35b30c7f,2,26297.384640644083,1000
G_dipaxis_s0.15,35b30c7f,3,6340.061750504406,1000
G_dipaxis_s0.15,35b30c7f,4,21450.13751854339,1000
G_dipaxis_s0.15,35b30c7f,5,43351.72687094929,1000
G_dipaxis_s0.15,35b30c7f,6,9056.248909900789,1000
G_dipaxis_s0.15,35b30c7f,7,14849.727876608584,1000
G_dipaxis_s0.15,35b30c7f,8,11099.00026170774,1000
G_dipaxis_s0.15,35b30c7f,9,22568.385548000057,580
G_dipaxis_s0.2,35b30c7f,0,16683.812062260415,999
G_dipaxis_s0.2,35b30c7f,1,26527.014313693122,1000
G_dipaxis_s0.2,35b30c7f,2,30136.159056649434,1000
G_dipaxis_s0.2,35b30c7f,3,4897.054713994205,1000
G_dipaxis_s0.2,35b30c7f,4,17690.460096586616,1000
G_dipaxis_s0.2,35b30c7f,5,37857.99838593185,1000
G_dipaxis_s0.2,35b30c7f,6,9840.10525526615,1000
G_dipaxis_s0.2,35b30c7f,7,13709.870930579229,1000
G_dipaxis_s0.2,35b30c7f,8,12745.468789840043,1000
G_dipaxis_s0.2,35b30c7f,9,25521.013763346484,580
G_dipaxis_s0.1,463c38f2,0,11115.732332338961,999
G_dipaxis_s0.1,463c38f2,1,47454.44469038624,1000
G_dipaxis_s0.1,463c38f2,2,33016.38464843999,1000
G_dipaxis_s0.1,463c38f2,3,9533.349203043643,1000
G_dipaxis_s0.1,463c38f2,4,6111.920050136605,461
G_dipaxis_s0.15,463c38f2,0,12141.028636680143,999
G_dipaxis_s0.15,463c38f2,1,41396.96750039358,1000
G_dipaxis_s0.15,463c38f2,2,29370.414075470406,1000
G_dipaxis_s0.15,463c38f2,3,14059.851169938089,1000
G_dipaxis_s0.15,463c38f2,4,10356.041170062856,461
G_dipaxis_s0.2,463c38f2,0,13284.456894902396,999
G_dipaxis_s0.2,463c38f2,1,35823.79342987578,1000
G_dipaxis_s0.2,463c38f2,2,26008.648465909955,1000
G_dipaxis_s0.2,463c38f2,3,19620.78646745838,1000
G_dipaxis_s0.2,463c38f2,4,15717.40700645694,461
G_dipaxis_s0.1,72dd8501,0,12132.191957788937,999
G_dipaxis_s0.1,72dd8501,1,6656.284418925566,1000
G_dipaxis_s0.1,72dd8501,2,2031.7125339747029,1000
G_dipaxis_s0.1,72dd8501,3,3062.0503241178453,1000
G_dipaxis_s0.1,72dd8501,4,29210.130189956628,1000
G_dipaxis_s0.1,72dd8501,5,35379.753580791265,194
G_dipaxis_s0.15,72dd8501,0,12144.789053039924,999
G_dipaxis_s0.15,72dd8501,1,6663.860294713318,1000
G_dipaxis_s0.15,72dd8501,2,1791.8539025345399,1000
G_dipaxis_s0.15,72dd8501,3,2965.4061305241703,1000
G_dipaxis_s0.15,72dd8501,4,27477.211623482017,1000
G_dipaxis_s0.15,72dd8501,5,34221.30041073803,194
G_dipaxis_s0.2,72dd8501,0,12157.488529557326,999
G_dipaxis_s0.2,72dd8501,1,6676.557484256829,1000
G_dipaxis_s0.2,72dd8501,2,1570.6065828594133,1000
G_dipaxis_s0.2,72dd8501,3,2907.289942429748,1000
G_dipaxis_s0.2,72dd8501,4,25815.516360843434,1000
G_dipaxis_s0.2,72dd8501,5,33082.28077317505,194
G_dipaxis_s0.1,9c211c53,0,1694.7200777258588,999
G_dipaxis_s0.1,9c211c53,1,11833.855328172542,1000
G_dipaxis_s0.1,9c211c53,2,3173.347172037028,1000
G_dipaxis_s0.1,9c211c53,3,7096.337968202136,1000
G_dipaxis_s0.1,9c211c53,4,32538.670867811958,1000
G_dipaxis_s0.1,9c211c53,5,123822.58566583449,1000
G_dipaxis_s0.1,9c211c53,6,399779.6422578482,1000
G_dipaxis_s0.1,9c211c53,7,116055.97693894019,266
G_dipaxis_s0.15,9c211c53,0,1397.9154203835092,999
G_dipaxis_s0.15,9c211c53,1,11603.468071680089,1000
G_dipaxis_s0.15,9c211c53,2,2948.995517104461,1000
G_dipaxis_s0.15,9c211c53,3,4694.080222631029,1000
G_dipaxis_s0.15,9c211c53,4,28071.985493743163,1000
G_dipaxis_s0.15,9c211c53,5,113922.43880855104,1000
G_dipaxis_s0.15,9c211c53,6,378715.1095723371,1000
G_dipaxis_s0.15,9c211c53,7,108848.51590700721,266
G_dipaxis_s0.2,9c211c53,0,1166.793167476401,999
G_dipaxis_s0.2,9c211c53,1,11413.930450195077,1000
G_dipaxis_s0.2,9c211c53,2,2799.0838006186523,1000
G_dipaxis_s0.2,9c211c53,3,2830.5820673481157,1000
G_dipaxis_s0.2,9c211c53,4,24010.33902892202,1000
G_dipaxis_s0.2,9c211c53,5,104440.25665797669,1000
G_dipaxis_s0.2,9c211c53,6,358228.75758533017,1000
G_dipaxis_s0.2,9c211c53,7,101872.1648973125,266
G_dipaxis_s0.1,4b462989,0,19162.193976042407,999
G_dipaxis_s0.1,4b462989,1,10772.763085829542,1000
G_dipaxis_s0.1,4b462989,2,3333.04795767899,1000
G_dipaxis_s0.1,4b462989,3,2850.6106710450395,107
G_dipaxis_s0.15,4b462989,0,17671.128686077274,999
G_dipaxis_s0.15,4b462989,1,9676.074884781003,1000
G_dipaxis_s0.15,4b462989,2,2827.1398976050446,1000
G_dipaxis_s0.15,4b462989,3,3792.9013934322966,107
G_dipaxis_s0.2,4b462989,0,16245.670651330292,999
G_dipaxis_s0.2,4b462989,1,8968.94698231202,1000
G_dipaxis_s0.2,4b462989,2,2976.11696435475,1000
G_dipaxis_s0.2,4b462989,3,4870.914621844252,107
G_dipaxis_s0.1,ee4aecac,0,31045.96370152073,999
G_dipaxis_s0.1,ee4aecac,1,75689.52195299524,1000
G_dipaxis_s0.1,ee4aecac,2,98833.6700567431,1000
G_dipaxis_s0.1,ee4aecac,3,149756.51029062367,1000
G_dipaxis_s0.1,ee4aecac,4,184367.6808508044,1000
G_dipaxis_s0.1,ee4aecac,5,60809.27352567103,266
G_dipaxis_s0.15,ee4aecac,0,31276.594929429193,999
G_dipaxis_s0.15,ee4aecac,1,77486.86513362486,1000
G_dipaxis_s0.15,ee4aecac,2,102082.40360725067,1000
G_dipaxis_s0.15,ee4aecac,3,151938.69760070893,1000
G_dipaxis_s0.15,ee4aecac,4,182695.63311911435,1000
G_dipaxis_s0.15,ee4aecac,5,58412.74731348027,266
G_dipaxis_s0.2,ee4aecac,0,31509.965099003093,999
G_dipaxis_s0.2,ee4aecac,1,79311.75470182933,1000
G_dipaxis_s0.2,ee4aecac,2,105386.99397564016,1000
G_dipaxis_s0.2,ee4aecac,3,154138.70501829698,1000
G_dipaxis_s0.2,ee4aecac,4,181050.9028525642,1000
G_dipaxis_s0.2,ee4aecac,5,56065.04283962139,266
G_dipaxis_s0.1,c3957531,0,53000.18919478195,999
G_dipaxis_s0.1,c3957531,1,19584.184056581944,1000
G_dipaxis_s0.1,c3957531,2,10200.778450811486,1000
G_dipaxis_s0.1,c3957531,3,10886.306009791937,1000
G_dipaxis_s0.1,c3957531,4,14766.14236229909,1000
G_dipaxis_s0.1,c3957531,5,53849.68626429445,317
G_dipaxis_s0.15,c3957531,0,48922.47574346813,999
G_dipaxis_s0.15,c3957531,1,18635.23705653387,1000
G_dipaxis_s0.15,c3957531,2,7204.341690738289,1000
G_dipaxis_s0.15,c3957531,3,5821.136718334749,1000
G_dipaxis_s0.15,c3957531,4,30820.11379701354,1000
G_dipaxis_s0.15,c3957531,5,74222.24002837816,317
G_dipaxis_s0.2,c3957531,0,45019.26480042732,999
G_dipaxis_s0.2,c3957531,1,18265.249601322495,1000
G_dipaxis_s0.2,c3957531,2,7249.696280814524,1000
G_dipaxis_s0.2,c3957531,3,8834.641528693806,1000
G_dipaxis_s0.2,c3957531,4,59238.31583868634,1000
G_dipaxis_s0.2,c3957531,5,98010.03030315384,317
G_dipaxis_s0.1,ae0784a8,0,34587.19140507091,999
G_dipaxis_s0.1,ae0784a8,1,4376.917924083537,1000
G_dipaxis_s0.1,ae0784a8,2,4991.653199410573,1000
G_dipaxis_s0.1,ae0784a8,3,5764.914293494402,1000
G_dipaxis_s0.1,ae0784a8,4,5689.808089127006,1000
G_dipaxis_s0.1,ae0784a8,5,10993.713722615837,1000
G_dipaxis_s0.1,ae0784a8,6,94867.0801941373,1000
G_dipaxis_s0.1,ae0784a8,7,191273.43168640224,824
G_dipaxis_s0.15,ae0784a8,0,32225.58795472337,999
G_dipaxis_s0.15,ae0784a8,1,3614.647729171518,1000
G_dipaxis_s0.15,ae0784a8,2,4081.719449876042,1000
G_dipaxis_s0.15,ae0784a8,3,6785.525663179082,1000
G_dipaxis_s0.15,ae0784a8,4,6532.436977650157,1000
G_dipaxis_s0.15,ae0784a8,5,12115.526373124887,1000
G_dipaxis_s0.15,ae0784a8,6,89109.56684877441,1000
G_dipaxis_s0.15,ae0784a8,7,192660.31584441342,824
G_dipaxis_s0.2,ae0784a8,0,29953.123904543514,999
G_dipaxis_s0.2,ae0784a8,1,2987.899349960551,1000
G_dipaxis_s0.2,ae0784a8,2,3320.3520204996394,1000
G_dipaxis_s0.2,ae0784a8,3,8021.147547463515,1000
G_dipaxis_s0.2,ae0784a8,4,7455.896885150727,1000
G_dipaxis_s0.2,ae0784a8,5,13363.758083215716,1000
G_dipaxis_s0.2,ae0784a8,6,83597.10942283893,1000
G_dipaxis_s0.2,ae0784a8,7,194108.64123813264,824
G_dipaxis_s0.1,7d57c75d,0,7025.432899677444,999
G_dipaxis_s0.1,7d57c75d,1,8486.752554592491,1000
G_dipaxis_s0.1,7d57c75d,2,135357.73803464076,1000
G_dipaxis_s0.1,7d57c75d,3,60212.165728950415,1000
G_dipaxis_s0.1,7d57c75d,4,7296.981464023461,406
G_dipaxis_s0.15,7d57c75d,0,6607.359169290126,999
G_dipaxis_s0.15,7d57c75d,1,8160.326124353263,1000
G_dipaxis_s0.15,7d57c75d,2,138262.62660224078,1000
G_dipaxis_s0.15,7d57c75d,3,61552.52537189397,1000
G_dipaxis_s0.15,7d57c75d,4,6600.2555372415045,406
G_dipaxis_s0.2,7d57c75d,0,6204.141124938599,999
G_dipaxis_s0.2,7d57c75d,1,7842.8781848109575,1000
G_dipaxis_s0.2,7d57c75d,2,141201.0528886059,1000
G_dipaxis_s0.2,7d57c75d,3,62946.295212874364,1000
G_dipaxis_s0.2,7d57c75d,4,5940.263271374045,406
G_dipaxis_s0.1,e748dd88,0,7114.878945380915,999
G_dipaxis_s0.1,e748dd88,1,15406.893283138103,1000
G_dipaxis_s0.1,e748dd88,2,38469.34023523501,1000
G_dipaxis_s0.1,e748dd88,3,38368.82966691791,1000
G_dipaxis_s0.1,e748dd88,4,87616.5926867237,813
G_dipaxis_s0.15,e748dd88,0,6800.953209320248,999
G_dipaxis_s0.15,e748dd88,1,17345.53501545381,1000
G_dipaxis_s0.15,e748dd88,2,46060.89918707667,1000
G_dipaxis_s0.15,e748dd88,3,51828.56427622606,1000
G_dipaxis_s0.15,e748dd88,4,114295.89343900733,813
G_dipaxis_s0.2,e748dd88,0,6502.255069342675,999
G_dipaxis_s0.2,e748dd88,1,19416.29520255442,1000
G_dipaxis_s0.2,e748dd88,2,54343.095107835565,1000
G_dipaxis_s0.2,e748dd88,3,67340.74412743395,1000
G_dipaxis_s0.2,e748dd88,4,144578.00911861745,813
G_dipaxis_s0.1,aaeffccb,0,25810.60224488601,999
G_dipaxis_s0.1,aaeffccb,1,47561.591356791025,1000
G_dipaxis_s0.1,aaeffccb,2,69537.51901820384,713
G_dipaxis_s0.15,aaeffccb,0,26767.55803840548,999
G_dipaxis_s0.15,aaeffccb,1,52676.922581558305,1000
G_dipaxis_s0.15,aaeffccb,2,75425.1848840486,713
G_dipaxis_s0.2,aaeffccb,0,27751.289135772193,999
G_dipaxis_s0.2,aaeffccb,1,58071.96138406599,1000
G_dipaxis_s0.2,aaeffccb,2,81566.85384960614,713
G_dipaxis_s0.1,c07fd0cd,0,629.0122165560931,999
G_dipaxis_s0.1,c07fd0cd,1,43239.26689327245,1000
G_dipaxis_s0.1,c07fd0cd,2,261399.45498160375,1000
G_dipaxis_s0.1,c07fd0cd,3,221340.45674655627,1000
G_dipaxis_s0.1,c07fd0cd,4,5671.490891025573,192
G_dipaxis_s0.15,c07fd0cd,0,689.6612198769352,999
G_dipaxis_s0.15,c07fd0cd,1,44349.78382372276,1000
G_dipaxis_s0.15,c07fd0cd,2,273307.5932199687,1000
G_dipaxis_s0.15,c07fd0cd,3,229282.9606920306,1000
G_dipaxis_s0.15,c07fd0cd,4,5462.2422566694295,192
G_dipaxis_s0.2,c07fd0cd,0,754.1932090995584,999
G_dipaxis_s0.2,c07fd0cd,1,45477.224680046886,1000
G_dipaxis_s0.2,c07fd0cd,2,285484.2526021593,1000
G_dipaxis_s0.2,c07fd0cd,3,237380.267742155,1000
G_dipaxis_s0.2,c07fd0cd,4,5257.364104963767,192
G_dipaxis_s0.1,8bfa881d,0,2387.1807338834533,999
G_dipaxis_s0.1,8bfa881d,1,20298.807919755865,1000
G_dipaxis_s0.1,8bfa881d,2,68237.89009513544,1000
G_dipaxis_s0.1,8bfa881d,3,99538.38691656757,1000
G_dipaxis_s0.1,8bfa881d,4,11632.866974902572,90
G_dipaxis_s0.15,8bfa881d,0,2086.3707492051835,999
G_dipaxis_s0.15,8bfa881d,1,16343.114296747704,1000
G_dipaxis_s0.15,8bfa881d,2,54942.791973346495,1000
G_dipaxis_s0.15,8bfa881d,3,75920.54057288806,1000
G_dipaxis_s0.15,8bfa881d,4,8852.754921463307,90
G_dipaxis_s0.2,8bfa881d,0,1821.2444329860164,999
G_dipaxis_s0.2,8bfa881d,1,12874.054351095603,1000
G_dipaxis_s0.2,8bfa881d,2,43136.570329645714,1000
G_dipaxis_s0.2,8bfa881d,3,55572.10197928632,1000
G_dipaxis_s0.2,8bfa881d,4,6451.688563809818,90
G_dipaxis_s0.1,d1ee630d,0,40558.32517330602,999
G_dipaxis_s0.1,d1ee630d,1,222586.01445623473,1000
G_dipaxis_s0.1,d1ee630d,2,193759.88956737655,1000
G_dipaxis_s0.1,d1ee630d,3,100866.37926605334,1000
G_dipaxis_s0.1,d1ee630d,4,95655.45177616295,1000
G_dipaxis_s0.1,d1ee630d,5,155723.4349337078,1000
G_dipaxis_s0.1,d1ee630d,6,61849.44817311816,291
G_dipaxis_s0.15,d1ee630d,0,39062.979728093705,999
G_dipaxis_s0.15,d1ee630d,1,217499.13455151647,1000
G_dipaxis_s0.15,d1ee630d,2,182943.63897097163,1000
G_dipaxis_s0.15,d1ee630d,3,88153.40355033248,1000
G_dipaxis_s0.15,d1ee630d,4,77625.2288706408,1000
G_dipaxis_s0.15,d1ee630d,5,127343.02600904567,1000
G_dipaxis_s0.15,d1ee630d,6,51457.40069808702,291
G_dipaxis_s0.2,d1ee630d,0,37609.334779092,999
G_dipaxis_s0.2,d1ee630d,1,212480.84027949828,1000
G_dipaxis_s0.2,d1ee630d,2,172462.13949739578,1000
G_dipaxis_s0.2,d1ee630d,3,76421.26754769006,1000
G_dipaxis_s0.2,d1ee630d,4,61482.45701095423,1000
G_dipaxis_s0.2,d1ee630d,5,101820.26487980929,1000
G_dipaxis_s0.2,d1ee630d,6,42020.628183142,291
G_dipaxis_s0.1,01869cd4,0,5651.325326667389,999
G_dipaxis_s0.1,01869cd4,1,952.6409671546903,1000
G_dipaxis_s0.1,01869cd4,2,7296.1716831613585,1000
G_dipaxis_s0.1,01869cd4,3,21097.808614773,1000
G_dipaxis_s0.1,01869cd4,4,24133.184666561752,1000
G_dipaxis_s0.1,01869cd4,5,42096.01141233572,558
G_dipaxis_s0.15,01869cd4,0,5396.5134658170655,999
G_dipaxis_s0.15,01869cd4,1,931.5259858525943,1000
G_dipaxis_s0.15,01869cd4,2,8405.35171395634,1000
G_dipaxis_s0.15,01869cd4,3,22213.629099231723,1000
G_dipaxis_s0.15,01869cd4,4,26436.43009949312,1000
G_dipaxis_s0.15,01869cd4,5,44776.82931694008,558
G_dipaxis_s0.2,01869cd4,0,5150.625359528212,999
G_dipaxis_s0.2,01869cd4,1,937.7292385454365,1000
G_dipaxis_s0.2,01869cd4,2,9618.828845992803,1000
G_dipaxis_s0.2,01869cd4,3,23437.630855975607,1000
G_dipaxis_s0.2,01869cd4,4,28868.080185823885,1000
G_dipaxis_s0.2,01869cd4,5,47547.54410750445,558
G_dipaxis_s0.1,20402d71,0,28308.79334802292,999
G_dipaxis_s0.1,20402d71,1,18683.82319702118,1000
G_dipaxis_s0.1,20402d71,2,32163.633092108452,1000
G_dipaxis_s0.1,20402d71,3,119285.76209395999,1000
G_dipaxis_s0.1,20402d71,4,106085.55823845047,1000
G_dipaxis_s0.1,20402d71,5,68721.27615772952,1000
G_dipaxis_s0.1,20402d71,6,11686.360783989609,373
G_dipaxis_s0.15,20402d71,0,27339.620390150663,999
G_dipaxis_s0.15,20402d71,1,18786.722295393036,1000
G_dipaxis_s0.15,20402d71,2,35831.01421349794,1000
G_dipaxis_s0.15,20402d71,3,130203.03480673902,1000
G_dipaxis_s0.15,20402d71,4,115830.12703062869,1000
G_dipaxis_s0.15,20402d71,5,53737.26688098042,1000
G_dipaxis_s0.15,20402d71,6,8738.01520301021,373
G_dipaxis_s0.2,20402d71,0,26388.72427108211,999
G_dipaxis_s0.2,20402d71,1,18915.8780941703,1000
G_dipaxis_s0.2,20402d71,2,39708.66806817086,1000
G_dipaxis_s0.2,20402d71,3,141608.92094931848,1000
G_dipaxis_s0.2,20402d71,4,126383.75281548324,1000
G_dipaxis_s0.2,20402d71,5,40629.36971851692,1000
G_dipaxis_s0.2,20402d71,6,6987.667837923451,373
G_dipaxis_s0.1,bd8f847e,0,19597.326914532998,999
G_dipaxis_s0.1,bd8f847e,1,66804.02666600325,1000
G_dipaxis_s0.1,bd8f847e,2,3123.543548538892,1000
G_dipaxis_s0.1,bd8f847e,3,32592.477818502004,1000
G_dipaxis_s0.1,bd8f847e,4,54192.691246670525,962
G_dipaxis_s0.15,bd8f847e,0,21956.111022495916,999
G_dipaxis_s0.15,bd8f847e,1,83481.76811518654,1000
G_dipaxis_s0.15,bd8f847e,2,8455.84648691974,1000
G_dipaxis_s0.15,bd8f847e,3,17926.52376443621,1000
G_dipaxis_s0.15,bd8f847e,4,29200.43453350236,962
G_dipaxis_s0.2,bd8f847e,0,24530.737564259165,999
G_dipaxis_s0.2,bd8f847e,1,102432.41467516367,1000
G_dipaxis_s0.2,bd8f847e,2,18172.07843470597,1000
G_dipaxis_s0.2,bd8f847e,3,8060.945201484022,1000
G_dipaxis_s0.2,bd8f847e,4,13876.083529322217,962
G_dipaxis_s0.1,a2e8e7f6,0,72253.86760353013,999
G_dipaxis_s0.1,a2e8e7f6,1,157084.49559955427,1000
G_dipaxis_s0.1,a2e8e7f6,2,24384.53687773266,1000
G_dipaxis_s0.1,a2e8e7f6,3,60408.98316966016,1000
G_dipaxis_s0.1,a2e8e7f6,4,272005.7057551443,761
G_dipaxis_s0.15,a2e8e7f6,0,66280.55562503185,999
G_dipaxis_s0.15,a2e8e7f6,1,133487.86798056174,1000
G_dipaxis_s0.15,a2e8e7f6,2,26583.39509786102,1000
G_dipaxis_s0.15,a2e8e7f6,3,89324.05234366187,1000
G_dipaxis_s0.15,a2e8e7f6,4,316104.4217934942,761
G_dipaxis_s0.2,a2e8e7f6,0,60575.8662263608,999
G_dipaxis_s0.2,a2e8e7f6,1,111978.26814905612,1000
G_dipaxis_s0.2,a2e8e7f6,2,33406.3490054981,1000
G_dipaxis_s0.2,a2e8e7f6,3,124447.97827711071,1000
G_dipaxis_s0.2,a2e8e7f6,4,363667.98123902903,761
G_dipaxis_s0.1,a783cc24,0,8932.882247863216,999
G_dipaxis_s0.1,a783cc24,1,23492.35512088397,890
G_dipaxis_s0.15,a783cc24,0,8056.341042228466,999
G_dipaxis_s0.15,a783cc24,1,19300.94260145516,890
G_dipaxis_s0.2,a783cc24,0,7229.247662636618,999
G_dipaxis_s0.2,a783cc24,1,15549.417826214842,890
G_dipaxis_s0.1,70e1788b,0,9680.41091366857,999
G_dipaxis_s0.1,70e1788b,1,4216.813719835939,1000
G_dipaxis_s0.1,70e1788b,2,38790.12492668432,1000
G_dipaxis_s0.1,70e1788b,3,14167.00078556643,1000
G_dipaxis_s0.1,70e1788b,4,14384.903347572821,1000
G_dipaxis_s0.1,70e1788b,5,41588.634152658255,1000
G_dipaxis_s0.1,70e1788b,6,5642.217385212891,1000
G_dipaxis_s0.1,70e1788b,7,7044.350462009234,1000
G_dipaxis_s0.1,70e1788b,8,44990.48027615591,1000
G_dipaxis_s0.1,70e1788b,9,764.3640084408415,286
G_dipaxis_s0.15,70e1788b,0,9273.61181714588,999
G_dipaxis_s0.15,70e1788b,1,4299.26632105095,1000
G_dipaxis_s0.15,70e1788b,2,35816.22726461353,1000
G_dipaxis_s0.15,70e1788b,3,13634.62969121529,1000
G_dipaxis_s0.15,70e1788b,4,17169.30066799274,1000
G_dipaxis_s0.15,70e1788b,5,37636.73190920332,1000
G_dipaxis_s0.15,70e1788b,6,3189.561346845557,1000
G_dipaxis_s0.15,70e1788b,7,11986.046535528605,1000
G_dipaxis_s0.15,70e1788b,8,62448.37694328875,1000
G_dipaxis_s0.15,70e1788b,9,3042.892513621225,286
G_dipaxis_s0.2,70e1788b,0,8876.167542447076,999
G_dipaxis_s0.2,70e1788b,1,4389.196148787323,1000
G_dipaxis_s0.2,70e1788b,2,32978.13936000985,1000
G_dipaxis_s0.2,70e1788b,3,13219.854093390199,1000
G_dipaxis_s0.2,70e1788b,4,20368.73867734654,1000
G_dipaxis_s0.2,70e1788b,5,34038.03895850486,1000
G_dipaxis_s0.2,70e1788b,6,1859.4029124454667,1000
G_dipaxis_s0.2,70e1788b,7,18407.317991479464,1000
G_dipaxis_s0.2,70e1788b,8,82962.95508299895,1000
G_dipaxis_s0.2,70e1788b,9,7057.07816473317,286
G_dipaxis_s0.1,203721ab,0,8018.622678562518,999
G_dipaxis_s0.1,203721ab,1,21127.57423122709,1000
G_dipaxis_s0.1,203721ab,2,46491.5318880452,1000
G_dipaxis_s0.1,203721ab,3,29469.73710554848,1000
G_dipaxis_s0.1,203721ab,4,7671.620426046604,1000
G_dipaxis_s0.1,203721ab,5,29132.846631238583,731
G_dipaxis_s0.15,203721ab,0,9357.811410785529,999
G_dipaxis_s0.15,203721ab,1,12168.710618227366,1000
G_dipaxis_s0.15,203721ab,2,27862.097501715074,1000
G_dipaxis_s0.15,203721ab,3,13386.423802134283,1000
G_dipaxis_s0.15,203721ab,4,4577.605644678857,1000
G_dipaxis_s0.15,203721ab,5,51242.69920673027,731
G_dipaxis_s0.2,203721ab,0,10840.994227933132,999
G_dipaxis_s0.2,203721ab,1,6407.269205345547,1000
G_dipaxis_s0.2,203721ab,2,14456.205017222943,1000
G_dipaxis_s0.2,203721ab,3,3597.978403479269,1000
G_dipaxis_s0.2,203721ab,4,9197.527512154096,1000
G_dipaxis_s0.2,203721ab,5,81040.38129402713,731
G_dipaxis_s0.1,d84b621b,0,53698.94467584274,999
G_dipaxis_s0.1,d84b621b,1,117175.27913529452,1000
G_dipaxis_s0.1,d84b621b,2,233937.82288785107,1000
G_dipaxis_s0.1,d84b621b,3,1302295.8602239809,995
G_dipaxis_s0.15,d84b621b,0,47022.24756961697,999
G_dipaxis_s0.15,d84b621b,1,104723.46507448575,1000
G_dipaxis_s0.15,d84b621b,2,218945.9861804749,1000
G_dipaxis_s0.15,d84b621b,3,1290921.2859439175,995
G_dipaxis_s0.2,d84b621b,0,40798.37733865132,999
G_dipaxis_s0.2,d84b621b,1,92984.16298818926,1000
G_dipaxis_s0.2,d84b621b,2,204671.9743043744,1000
G_dipaxis_s0.2,d84b621b,3,1279656.370377558,995
G_dipaxis_s0.1,da3cf798,0,10596.721973809224,999
G_dipaxis_s0.1,da3cf798,1,39749.397978792695,1000
G_dipaxis_s0.1,da3cf798,2,107781.14760896197,1000
G_dipaxis_s0.1,da3cf798,3,250510.98997039927,1000
G_dipaxis_s0.1,da3cf798,4,165526.36430165265,1000
G_dipaxis_s0.1,da3cf798,5,232857.39464586411,845
G_dipaxis_s0.15,da3cf798,0,9884.614579055036,999
G_dipaxis_s0.15,da3cf798,1,39073.11512169732,1000
G_dipaxis_s0.15,da3cf798,2,111401.20788134997,1000
G_dipaxis_s0.15,da3cf798,3,260123.89986044046,1000
G_dipaxis_s0.15,da3cf798,4,179534.7704955934,1000
G_dipaxis_s0.15,da3cf798,5,251603.0027128238,845
G_dipaxis_s0.2,da3cf798,0,9198.8247076844,999
G_dipaxis_s0.2,da3cf798,1,38414.80872789854,1000
G_dipaxis_s0.2,da3cf798,2,115082.02310869083,1000
G_dipaxis_s0.2,da3cf798,3,269963.6743663311,1000
G_dipaxis_s0.2,da3cf798,4,194152.40760646257,1000
G_dipaxis_s0.2,da3cf798,5,271088.3222157686,845
G_dipaxis_s0.1,884ecb5f,0,119667.25263089967,999
G_dipaxis_s0.1,884ecb5f,1,171017.3162219863,1000
G_dipaxis_s0.1,884ecb5f,2,92137.00624851958,1000
G_dipaxis_s0.1,884ecb5f,3,94961.5038030736,1000
G_dipaxis_s0.1,884ecb5f,4,111193.23241840977,1000
G_dipaxis_s0.1,884ecb5f,5,55507.528086323495,1000
G_dipaxis_s0.1,884ecb5f,6,4827.280123992561,725
G_dipaxis_s0.15,884ecb5f,0,114956.48850823262,999
G_dipaxis_s0.15,884ecb5f,1,164727.40870475137,1000
G_dipaxis_s0.15,884ecb5f,2,88539.63157505434,1000
G_dipaxis_s0.15,884ecb5f,3,88500.20830589764,1000
G_dipaxis_s0.15,884ecb5f,4,109059.28716043333,1000
G_dipaxis_s0.15,884ecb5f,5,55056.43867086791,1000
G_dipaxis_s0.15,884ecb5f,6,4693.9025808590995,725
G_dipaxis_s0.2,884ecb5f,0,110345.74481165092,999
G_dipaxis_s0.2,884ecb5f,1,158556.68809734058,1000
G_dipaxis_s0.2,884ecb5f,2,85034.25751400617,1000
G_dipaxis_s0.2,884ecb5f,3,82271.36347888243,1000
G_dipaxis_s0.2,884ecb5f,4,106968.11669430237,1000
G_dipaxis_s0.2,884ecb5f,5,54607.72797157449,1000
G_dipaxis_s0.2,884ecb5f,6,4564.639770543783,725
G_dipaxis_s0.1,8a3da6d1,0,85557.80008613839,999
G_dipaxis_s0.1,8a3da6d1,1,118782.68767196147,1000
G_dipaxis_s0.1,8a3da6d1,2,35061.68951288544,1000
G_dipaxis_s0.1,8a3da6d1,3,78231.18780877636,1000
G_dipaxis_s0.1,8a3da6d1,4,483228.7040107399,594
G_dipaxis_s0.15,8a3da6d1,0,87865.54944507759,999
G_dipaxis_s0.15,8a3da6d1,1,125856.50304540124,1000
G_dipaxis_s0.15,8a3da6d1,2,37016.6532379499,1000
G_dipaxis_s0.15,8a3da6d1,3,80739.78485333122,1000
G_dipaxis_s0.15,8a3da6d1,4,502851.4030036735,594
G_dipaxis_s0.2,8a3da6d1,0,90214.15781736308,999
G_dipaxis_s0.2,8a3da6d1,1,133137.6652803605,1000
G_dipaxis_s0.2,8a3da6d1,2,39079.332245546204,1000
G_dipaxis_s0.2,8a3da6d1,3,83350.06761118837,1000
G_dipaxis_s0.2,8a3da6d1,4,522865.1988151943,594
G_dipaxis_s0.1,beda8696,0,6447.850081704607,999
G_dipaxis_s0.1,beda8696,1,5081.813059028713,1000
G_dipaxis_s0.1,beda8696,2,12213.380925906571,1000
G_dipaxis_s0.1,beda8696,3,36200.87147858306,1000
G_dipaxis_s0.1,beda8696,4,65175.371455625704,1000
G_dipaxis_s0.1,beda8696,5,260256.8367166105,913
G_dipaxis_s0.15,beda8696,0,5975.150801953558,999
G_dipaxis_s0.15,beda8696,1,5539.579811937348,1000
G_dipaxis_s0.15,beda8696,2,12131.743718556916,1000
G_dipaxis_s0.15,beda8696,3,41955.46231615681,1000
G_dipaxis_s0.15,beda8696,4,81826.24851662974,1000
G_dipaxis_s0.15,beda8696,5,300852.874106578,913
G_dipaxis_s0.2,beda8696,0,5529.952911809871,999
G_dipaxis_s0.2,beda8696,1,6059.232630242053,1000
G_dipaxis_s0.2,beda8696,2,12497.766296478072,1000
G_dipaxis_s0.2,beda8696,3,48675.10808787237,1000
G_dipaxis_s0.2,beda8696,4,100380.48088869372,1000
G_dipaxis_s0.2,beda8696,5,344447.2716785034,913
G_dipaxis_s0.1,0dc835f3,0,17902.370272160824,999
G_dipaxis_s0.1,0dc835f3,1,59136.26902267465,1000
G_dipaxis_s0.1,0dc835f3,2,68739.61442124296,1000
G_dipaxis_s0.1,0dc835f3,3,62076.9418573258,1000
G_dipaxis_s0.1,0dc835f3,4,17370.711082766073,429
G_dipaxis_s0.15,0dc835f3,0,16412.190846384434,999
G_dipaxis_s0.15,0dc835f3,1,55628.456734010426,1000
G_dipaxis_s0.15,0dc835f3,2,59758.58924321716,1000
G_dipaxis_s0.15,0dc835f3,3,87819.99006759064,1000
G_dipaxis_s0.15,0dc835f3,4,18532.12798633417,429
G_dipaxis_s0.2,0dc835f3,0,14995.67654603746,999
G_dipaxis_s0.2,0dc835f3,1,52235.373445344194,1000
G_dipaxis_s0.2,0dc835f3,2,52367.096872759226,1000
G_dipaxis_s0.2,0dc835f3,3,118264.16306559328,1000
G_dipaxis_s0.2,0dc835f3,4,23906.239531359453,429
G_dipaxis_s0.1,87695469,0,6391.732846226338,999
G_dipaxis_s0.1,87695469,1,8846.274764327982,1000
G_dipaxis_s0.1,87695469,2,11283.159242794114,1000
G_dipaxis_s0.1,87695469,3,99431.08808102841,1000
G_dipaxis_s0.1,87695469,4,263026.0614161074,1000
G_dipaxis_s0.1,87695469,5,96983.1471137957,1000
G_dipaxis_s0.1,87695469,6,219658.01367892258,1000
G_dipaxis_s0.1,87695469,7,899.3240883105658,4
G_dipaxis_s0.15,87695469,0,5963.076050470061,999
G_dipaxis_s0.15,87695469,1,9056.335208802097,1000
G_dipaxis_s0.15,87695469,2,11785.104036995006,1000
G_dipaxis_s0.15,87695469,3,96397.81867734814,1000
G_dipaxis_s0.15,87695469,4,260121.41177296446,1000
G_dipaxis_s0.15,87695469,5,93655.74839373383,1000
G_dipaxis_s0.15,87695469,6,219435.55481564353,1000
G_dipaxis_s0.15,87695469,7,900.131712194201,4
G_dipaxis_s0.2,87695469,0,5551.065037991355,999
G_dipaxis_s0.2,87695469,1,9293.66775362636,1000
G_dipaxis_s0.2,87695469,2,12300.720100632816,1000
G_dipaxis_s0.2,87695469,3,93427.28552269396,1000
G_dipaxis_s0.2,87695469,4,257293.05305049336,1000
G_dipaxis_s0.2,87695469,5,90406.92920764604,1000
G_dipaxis_s0.2,87695469,6,219221.68411954143,1000
G_dipaxis_s0.2,87695469,7,900.9396992846284,4
G_dipaxis_s0.1,7e721392,0,70552.1466154598,999
G_dipaxis_s0.1,7e721392,1,242132.7242756355,1000
G_dipaxis_s0.1,7e721392,2,225215.56318369732,1000
G_dipaxis_s0.1,7e721392,3,201362.57578760976,1000
G_dipaxis_s0.1,7e721392,4,416205.76687556755,1000
G_dipaxis_s0.1,7e721392,5,687930.8114205837,1000
G_dipaxis_s0.1,7e721392,6,209839.42728850062,175
G_dipaxis_s0.15,7e721392,0,71604.64196799861,999
G_dipaxis_s0.15,7e721392,1,253313.5799194644,1000
G_dipaxis_s0.15,7e721392,2,243292.2744952315,1000
G_dipaxis_s0.15,7e721392,3,236625.77276571837,1000
G_dipaxis_s0.15,7e721392,4,480515.0031683759,1000
G_dipaxis_s0.15,7e721392,5,783682.8246376787,1000
G_dipaxis_s0.15,7e721392,6,231699.799206545,175
G_dipaxis_s0.2,7e721392,0,72665.64972424538,999
G_dipaxis_s0.2,7e721392,1,264803.5029833425,1000
G_dipaxis_s0.2,7e721392,2,262194.0456180584,1000
G_dipaxis_s0.2,7e721392,3,274779.0907298752,1000
G_dipaxis_s0.2,7e721392,4,549500.5408590159,1000
G_dipaxis_s0.2,7e721392,5,885932.1510434591,1000
G_dipaxis_s0.2,7e721392,6,254643.23676251725,175
G_dipaxis_s0.1,9ae248be,0,16068.924277815773,999
G_dipaxis_s0.1,9ae248be,1,3911.1731120007867,1000
G_dipaxis_s0.1,9ae248be,2,857.033174925007,1000
G_dipaxis_s0.1,9ae248be,3,24069.452989096528,1000
G_dipaxis_s0.1,9ae248be,4,181278.17755630243,1000
G_dipaxis_s0.1,9ae248be,5,40322.26401204895,272
G_dipaxis_s0.15,9ae248be,0,14896.786950678248,999
G_dipaxis_s0.15,9ae248be,1,4035.597544823505,1000
G_dipaxis_s0.15,9ae248be,2,605.6977012363104,1000
G_dipaxis_s0.15,9ae248be,3,32451.045391401534,1000
G_dipaxis_s0.15,9ae248be,4,213612.87812863835,1000
G_dipaxis_s0.15,9ae248be,5,47096.38545108823,272
G_dipaxis_s0.2,9ae248be,0,13771.0404738778,999
G_dipaxis_s0.2,9ae248be,1,4421.103394177592,1000
G_dipaxis_s0.2,9ae248be,2,1223.5087540184927,1000
G_dipaxis_s0.2,9ae248be,3,42680.25470566142,1000
G_dipaxis_s0.2,9ae248be,4,248749.8587522059,1000
G_dipaxis_s0.2,9ae248be,5,54398.32884785374,272
G_dipaxis_s0.1,98177ced,0,168369.26895085984,999
G_dipaxis_s0.1,98177ced,1,99060.3979080529,1000
G_dipaxis_s0.1,98177ced,2,13647.457044204166,1000
G_dipaxis_s0.1,98177ced,3,2449.5442608966555,1000
G_dipaxis_s0.1,98177ced,4,2462.680151419861,773
G_dipaxis_s0.15,98177ced,0,168615.474478157,999
G_dipaxis_s0.15,98177ced,1,97984.91393683158,1000
G_dipaxis_s0.15,98177ced,2,12410.75824845858,1000
G_dipaxis_s0.15,98177ced,3,2362.053245716778,1000
G_dipaxis_s0.15,98177ced,4,1900.072299542852,773
G_dipaxis_s0.2,98177ced,0,168862.05405441963,999
G_dipaxis_s0.2,98177ced,1,96924.66078753823,1000
G_dipaxis_s0.2,98177ced,2,11257.902368450377,1000
G_dipaxis_s0.2,98177ced,3,2420.268921334682,1000
G_dipaxis_s0.2,98177ced,4,1451.6018541468,773
G_dipaxis_s0.1,4c3df468,0,58581.70892223411,999
G_dipaxis_s0.1,4c3df468,1,217290.81190361734,1000
G_dipaxis_s0.1,4c3df468,2,679593.2594261172,1000
G_dipaxis_s0.1,4c3df468,3,382775.1424812291,1000
G_dipaxis_s0.1,4c3df468,4,31584.467497427333,1000
G_dipaxis_s0.1,4c3df468,5,7236.525701698067,393
G_dipaxis_s0.15,4c3df468,0,48487.56543176589,999
G_dipaxis_s0.15,4c3df468,1,179514.58899416306,1000
G_dipaxis_s0.15,4c3df468,2,564020.6331170656,1000
G_dipaxis_s0.15,4c3df468,3,285877.5578990259,1000
G_dipaxis_s0.15,4c3df468,4,48518.64939644006,1000
G_dipaxis_s0.15,4c3df468,5,27110.753437993324,393
G_dipaxis_s0.2,4c3df468,0,39404.04205318543,999
G_dipaxis_s0.2,4c3df468,1,145344.9255081783,1000
G_dipaxis_s0.2,4c3df468,2,459237.69104193273,1000
G_dipaxis_s0.2,4c3df468,3,204345.8375135895,1000
G_dipaxis_s0.2,4c3df468,4,90481.19500260853,1000
G_dipaxis_s0.2,4c3df468,5,61244.402797362854,393
G_dipaxis_s0.1,81bf5923,0,268069.77369897964,999
G_dipaxis_s0.1,81bf5923,1,350121.6688770441,1000
G_dipaxis_s0.1,81bf5923,2,449793.1510891596,1000
G_dipaxis_s0.1,81bf5923,3,1545666.3679372864,1000
G_dipaxis_s0.1,81bf5923,4,782589.7642799703,544
G_dipaxis_s0.15,81bf5923,0,283340.583469866,999
G_dipaxis_s0.15,81bf5923,1,416634.51894686685,1000
G_dipaxis_s0.15,81bf5923,2,587840.087624072,1000
G_dipaxis_s0.15,81bf5923,3,1842512.4432053275,1000
G_dipaxis_s0.15,81bf5923,4,978450.1371433986,544
G_dipaxis_s0.2,81bf5923,0,299117.06585823087,999
G_dipaxis_s0.2,81bf5923,1,489159.30300852907,1000
G_dipaxis_s0.2,81bf5923,2,744981.7443362453,1000
G_dipaxis_s0.2,81bf5923,3,2165663.9884303412,1000
G_dipaxis_s0.2,81bf5923,4,1196996.069148936,544
G_dipaxis_s0.1,91abc4c7,0,14266.433927091639,999
G_dipaxis_s0.1,91abc4c7,1,85442.10834924175,1000
G_dipaxis_s0.1,91abc4c7,2,24391.682248968653,1000
G_dipaxis_s0.1,91abc4c7,3,2707.2940103776273,1000
G_dipaxis_s0.1,91abc4c7,4,11274.124785416943,1000
G_dipaxis_s0.1,91abc4c7,5,7075.520868447042,849
G_dipaxis_s0.15,91abc4c7,0,13408.363015854764,999
G_dipaxis_s0.15,91abc4c7,1,83205.86084395848,1000
G_dipaxis_s0.15,91abc4c7,2,26303.157692027613,1000
G_dipaxis_s0.15,91abc4c7,3,3170.100531535724,1000
G_dipaxis_s0.15,91abc4c7,4,12682.47407569784,1000
G_dipaxis_s0.15,91abc4c7,5,7197.253621872784,849
G_dipaxis_s0.2,91abc4c7,0,12588.068993255318,999
G_dipaxis_s0.2,91abc4c7,1,81009.95716500291,1000
G_dipaxis_s0.2,91abc4c7,2,28326.453188744716,1000
G_dipaxis_s0.2,91abc4c7,3,3684.1230034541577,1000
G_dipaxis_s0.2,91abc4c7,4,14230.003138386539,1000
G_dipaxis_s0.2,91abc4c7,5,7370.071540672055,849
G_dipaxis_s0.1,9ad5410a,0,50637.17039751184,999
G_dipaxis_s0.1,9ad5410a,1,78596.39457882884,1000
G_dipaxis_s0.1,9ad5410a,2,28768.22258478277,1000
G_dipaxis_s0.1,9ad5410a,3,43554.03304990689,1000
G_dipaxis_s0.1,9ad5410a,4,1385.5712200738942,206
G_dipaxis_s0.15,9ad5410a,0,49376.52123985222,999
G_dipaxis_s0.15,9ad5410a,1,74028.13527235381,1000
G_dipaxis_s0.15,9ad5410a,2,33082.96937745045,1000
G_dipaxis_s0.15,9ad5410a,3,52358.54454595859,1000
G_dipaxis_s0.15,9ad5410a,4,1157.8977438461166,206
G_dipaxis_s0.2,9ad5410a,0,48132.36738714379,999
G_dipaxis_s0.2,9ad5410a,1,69634.22733218037,1000
G_dipaxis_s0.2,9ad5410a,2,38178.84389277804,1000
G_dipaxis_s0.2,9ad5410a,3,62103.357433364625,1000
G_dipaxis_s0.2,9ad5410a,4,1241.790060875021,206
G_dipaxis_s0.1,1bcb2fcf,0,15634.088677676049,999
G_dipaxis_s0.1,1bcb2fcf,1,8407.785825673498,1000
G_dipaxis_s0.1,1bcb2fcf,2,1110.9258306876834,1000
G_dipaxis_s0.1,1bcb2fcf,3,19614.135604960866,1000
G_dipaxis_s0.1,1bcb2fcf,4,13839.364164504734,525
G_dipaxis_s0.15,1bcb2fcf,0,14783.281491842366,999
G_dipaxis_s0.15,1bcb2fcf,1,7904.8863335718925,1000
G_dipaxis_s0.15,1bcb2fcf,2,1325.2467924165892,1000
G_dipaxis_s0.15,1bcb2fcf,3,19726.878913585562,1000
G_dipaxis_s0.15,1bcb2fcf,4,13241.010123945269,525
G_dipaxis_s0.2,1bcb2fcf,0,13957.028083881652,999
G_dipaxis_s0.2,1bcb2fcf,1,7422.601292905775,1000
G_dipaxis_s0.2,1bcb2fcf,2,1576.8079536249918,1000
G_dipaxis_s0.2,1bcb2fcf,3,19853.230448435064,1000
G_dipaxis_s0.2,1bcb2fcf,4,12659.00435536962,525
G_dipaxis_s0.1,d3df146b,0,5425.498078834752,999
G_dipaxis_s0.1,d3df146b,1,139699.31895219002,1000
G_dipaxis_s0.1,d3df146b,2,106632.2615645501,1000
G_dipaxis_s0.1,d3df146b,3,60622.77555236631,1000
G_dipaxis_s0.1,d3df146b,4,108122.42234788956,1000
G_dipaxis_s0.1,d3df146b,5,87787.119105393,788
G_dipaxis_s0.15,d3df146b,0,5578.588542896296,999
G_dipaxis_s0.15,d3df146b,1,139273.95289226525,1000
G_dipaxis_s0.15,d3df146b,2,108041.38373601383,1000
G_dipaxis_s0.15,d3df146b,3,64995.32063559917,1000
G_dipaxis_s0.15,d3df146b,4,119118.03810042766,1000
G_dipaxis_s0.15,d3df146b,5,95313.56938461134,788
G_dipaxis_s0.2,d3df146b,0,5737.0727561119475,999
G_dipaxis_s0.2,d3df146b,1,138850.2464316188,1000
G_dipaxis_s0.2,d3df146b,2,109477.29860789237,1000
G_dipaxis_s0.2,d3df146b,3,69526.38089885247,1000
G_dipaxis_s0.2,d3df146b,4,130659.50103815789,1000
G_dipaxis_s0.2,d3df146b,5,103230.62107448984,788
G_dipaxis_s0.1,dd6bc5b2,0,2500.949744966876,999
G_dipaxis_s0.1,dd6bc5b2,1,13461.60038209226,1000
G_dipaxis_s0.1,dd6bc5b2,2,14098.109012175459,1000
G_dipaxis_s0.1,dd6bc5b2,3,35619.994160636394,603
G_dipaxis_s0.15,dd6bc5b2,0,2391.1044182485034,999
G_dipaxis_s0.15,dd6bc5b2,1,11756.794562255369,1000
G_dipaxis_s0.15,dd6bc5b2,2,12075.135477176875,1000
G_dipaxis_s0.15,dd6bc5b2,3,33395.991444410574,603
G_dipaxis_s0.2,dd6bc5b2,0,2285.5113383883076,999
G_dipaxis_s0.2,dd6bc5b2,1,10188.167190590379,1000
G_dipaxis_s0.2,dd6bc5b2,2,10219.197800782928,1000
G_dipaxis_s0.2,dd6bc5b2,3,31247.414670883347,603
G_dipaxis_s0.1,81fc01c6,0,16013.652547160284,999
G_dipaxis_s0.1,81fc01c6,1,80148.54573938262,1000
G_dipaxis_s0.1,81fc01c6,2,56479.76898807427,1000
G_dipaxis_s0.1,81fc01c6,3,70609.96980905476,1000
G_dipaxis_s0.1,81fc01c6,4,67792.76893765279,1000
G_dipaxis_s0.1,81fc01c6,5,468387.65966866404,910
G_dipaxis_s0.15,81fc01c6,0,15307.217508146292,999
G_dipaxis_s0.15,81fc01c6,1,76267.33273856234,1000
G_dipaxis_s0.15,81fc01c6,2,58440.73634794248,1000
G_dipaxis_s0.15,81fc01c6,3,75944.148778785,1000
G_dipaxis_s0.15,81fc01c6,4,82336.19293063371,1000
G_dipaxis_s0.15,81fc01c6,5,489351.43491463625,910
G_dipaxis_s0.2,81fc01c6,0,14621.793954478613,999
G_dipaxis_s0.2,81fc01c6,1,72525.59376688222,1000
G_dipaxis_s0.2,81fc01c6,2,60460.256212565175,1000
G_dipaxis_s0.2,81fc01c6,3,81870.6901122568,1000
G_dipaxis_s0.2,81fc01c6,4,98372.32339893033,1000
G_dipaxis_s0.2,81fc01c6,5,510951.5767452766,910
G_dipaxis_s0.1,6a8fa194,0,1009.9434215674465,999
G_dipaxis_s0.1,6a8fa194,1,3203.238753356439,1000
G_dipaxis_s0.1,6a8fa194,2,63253.35469814397,1000
G_dipaxis_s0.1,6a8fa194,3,745.1277436009536,18
G_dipaxis_s0.15,6a8fa194,0,884.0052303777194,999
G_dipaxis_s0.15,6a8fa194,1,2261.11976822774,1000
G_dipaxis_s0.15,6a8fa194,2,66108.80309409415,1000
G_dipaxis_s0.15,6a8fa194,3,945.3388857068684,18
G_dipaxis_s0.2,6a8fa194,0,851.0740468292381,999
G_dipaxis_s0.2,6a8fa194,1,1523.2502698041092,1000
G_dipaxis_s0.2,6a8fa194,2,69188.34704307413,1000
G_dipaxis_s0.2,6a8fa194,3,1169.367272512102,18
G_dipaxis_s0.1,9a95e33f,0,82709.13457488253,999
G_dipaxis_s0.1,9a95e33f,1,26278.217712088313,1000
G_dipaxis_s0.1,9a95e33f,2,5735.03789126356,1000
G_dipaxis_s0.1,9a95e33f,3,162172.4826967657,1000
G_dipaxis_s0.1,9a95e33f,4,195375.4253622649,1000
G_dipaxis_s0.1,9a95e33f,5,72549.34665489384,1000
G_dipaxis_s0.1,9a95e33f,6,7427.607447490572,448
G_dipaxis_s0.15,9a95e33f,0,80684.29107242468,999
G_dipaxis_s0.15,9a95e33f,1,25295.78784022556,1000
G_dipaxis_s0.15,9a95e33f,2,5431.005123389538,1000
G_dipaxis_s0.15,9a95e33f,3,158038.9412152657,1000
G_dipaxis_s0.15,9a95e33f,4,186532.43122571197,1000
G_dipaxis_s0.15,9a95e33f,5,67366.14937312996,1000
G_dipaxis_s0.15,9a95e33f,6,8138.551560430769,448
G_dipaxis_s0.2,9a95e33f,0,78688.16556037097,999
G_dipaxis_s0.2,9a95e33f,1,24351.455373593253,1000
G_dipaxis_s0.2,9a95e33f,2,5136.63779274895,1000
G_dipaxis_s0.2,9a95e33f,3,153966.11225082213,1000
G_dipaxis_s0.2,9a95e33f,4,177906.43260726667,1000
G_dipaxis_s0.2,9a95e33f,5,62428.49078465061,1000
G_dipaxis_s0.2,9a95e33f,6,9141.150214779733,448
G_dipaxis_s0.1,14ab73fb,0,20561.088096480056,999
G_dipaxis_s0.1,14ab73fb,1,91169.58159142056,1000
G_dipaxis_s0.1,14ab73fb,2,35560.45056105502,1000
G_dipaxis_s0.1,14ab73fb,3,45498.66212196647,650
G_dipaxis_s0.15,14ab73fb,0,19309.097697130455,999
G_dipaxis_s0.15,14ab73fb,1,92471.76320096255,1000
G_dipaxis_s0.15,14ab73fb,2,37046.060686119105,1000
G_dipaxis_s0.15,14ab73fb,3,38419.77298192808,650
G_dipaxis_s0.2,14ab73fb,0,18111.350620037854,999
G_dipaxis_s0.2,14ab73fb,1,93790.02418579721,1000
G_dipaxis_s0.2,14ab73fb,2,38958.31791839889,1000
G_dipaxis_s0.2,14ab73fb,3,31985.128125700114,650
G_dipaxis_s0.1,eb934281,0,2698.2596506212776,999
G_dipaxis_s0.1,eb934281,1,5150.841097644043,1000
G_dipaxis_s0.1,eb934281,2,3901.14321531389,1000
G_dipaxis_s0.1,eb934281,3,347.708743575008,1000
G_dipaxis_s0.1,eb934281,4,8839.01948919879,1000
G_dipaxis_s0.1,eb934281,5,42437.244287860216,972
G_dipaxis_s0.15,eb934281,0,2699.8826904326183,999
G_dipaxis_s0.15,eb934281,1,5059.985972289152,1000
G_dipaxis_s0.15,eb934281,2,3707.1390951497406,1000
G_dipaxis_s0.15,eb934281,3,476.4633931985086,1000
G_dipaxis_s0.15,eb934281,4,9713.610774426219,1000
G_dipaxis_s0.15,eb934281,5,45471.47675677604,972
G_dipaxis_s0.2,eb934281,0,2701.5662960677805,999
G_dipaxis_s0.2,eb934281,1,4970.162742332981,1000
G_dipaxis_s0.2,eb934281,2,3523.6758594281005,1000
G_dipaxis_s0.2,eb934281,3,628.2320956984162,1000
G_dipaxis_s0.2,eb934281,4,10653.432308561702,1000
G_dipaxis_s0.2,eb934281,5,48611.58273254045,972
G_dipaxis_s0.1,75d20a82,0,2356.32032664423,999
G_dipaxis_s0.1,75d20a82,1,20503.619547761766,1000
G_dipaxis_s0.1,75d20a82,2,35305.86486840196,1000
G_dipaxis_s0.1,75d20a82,3,27198.611998673106,1000
G_dipaxis_s0.1,75d20a82,4,6260.971247594641,1000
G_dipaxis_s0.1,75d20a82,5,40.43609362761627,68
G_dipaxis_s0.15,75d20a82,0,2398.6772737089855,999
G_dipaxis_s0.15,75d20a82,1,20808.326561014685,1000
G_dipaxis_s0.15,75d20a82,2,36966.68250376222,1000
G_dipaxis_s0.15,75d20a82,3,28880.439512654782,1000
G_dipaxis_s0.15,75d20a82,4,5885.753339226862,1000
G_dipaxis_s0.15,75d20a82,5,49.351355716932765,68
G_dipaxis_s0.2,75d20a82,0,2442.555619354923,999
G_dipaxis_s0.2,75d20a82,1,21116.002625571527,1000
G_dipaxis_s0.2,75d20a82,2,38667.75799061281,1000
G_dipaxis_s0.2,75d20a82,3,30621.13200306272,1000
G_dipaxis_s0.2,75d20a82,4,5535.149523135103,1000
G_dipaxis_s0.2,75d20a82,5,59.74536295662294,68
G_dipaxis_s0.1,b56bc0aa,0,37432.12367185139,999
G_dipaxis_s0.1,b56bc0aa,1,209355.69821284985,1000
G_dipaxis_s0.1,b56bc0aa,2,201331.6538024164,1000
G_dipaxis_s0.1,b56bc0aa,3,302842.25599131745,1000
G_dipaxis_s0.1,b56bc0aa,4,301613.0131895077,1000
G_dipaxis_s0.1,b56bc0aa,5,129828.27546242894,603
G_dipaxis_s0.15,b56bc0aa,0,36431.176842458575,999
G_dipaxis_s0.15,b56bc0aa,1,209360.24637123666,1000
G_dipaxis_s0.15,b56bc0aa,2,205636.80706238054,1000
G_dipaxis_s0.15,b56bc0aa,3,306948.018885597,1000
G_dipaxis_s0.15,b56bc0aa,4,309529.84001125034,1000
G_dipaxis_s0.15,b56bc0aa,5,134810.73236096383,603
G_dipaxis_s0.2,b56bc0aa,0,35444.55939519476,999
G_dipaxis_s0.2,b56bc0aa,1,209365.8970244831,1000
G_dipaxis_s0.2,b56bc0aa,2,209995.5433436416,1000
G_dipaxis_s0.2,b56bc0aa,3,311083.16786222556,1000
G_dipaxis_s0.2,b56bc0aa,4,317550.9706492541,1000
G_dipaxis_s0.2,b56bc0aa,5,139892.20427530396,603
G_dipaxis_s0.1,593876b6,0,17463.8292252022,999
G_dipaxis_s0.1,593876b6,1,404.8559599307201,1000
G_dipaxis_s0.1,593876b6,2,865.6604162163633,1000
G_dipaxis_s0.1,593876b6,3,2493.323242552511,1000
G_dipaxis_s0.1,593876b6,4,3254.0874119267824,843
G_dipaxis_s0.15,593876b6,0,16687.666617278777,999
G_dipaxis_s0.15,593876b6,1,435.9743265172718,1000
G_dipaxis_s0.15,593876b6,2,562.9564442726165,1000
G_dipaxis_s0.15,593876b6,3,3285.57799337435,1000
G_dipaxis_s0.15,593876b6,4,3817.9828035175733,843
G_dipaxis_s0.2,593876b6,0,15935.094726234194,999
G_dipaxis_s0.2,593876b6,1,543.8686946250128,1000
G_dipaxis_s0.2,593876b6,2,344.79677125552166,1000
G_dipaxis_s0.2,593876b6,3,4235.61610150298,1000
G_dipaxis_s0.2,593876b6,4,4473.943715886452,843
G_dipaxis_s0.1,25fd32b3,0,10840.450385409913,999
G_dipaxis_s0.1,25fd32b3,1,52752.648507289465,1000
G_dipaxis_s0.1,25fd32b3,2,64869.70561126337,886
G_dipaxis_s0.15,25fd32b3,0,11858.975154615475,999
G_dipaxis_s0.15,25fd32b3,1,61613.87610451878,1000
G_dipaxis_s0.15,25fd32b3,2,81717.58570632077,886
G_dipaxis_s0.2,25fd32b3,0,12934.116345873366,999
G_dipaxis_s0.2,25fd32b3,1,71170.73575252888,1000
G_dipaxis_s0.2,25fd32b3,2,100547.01457588724,886
G_dipaxis_s0.1,2ac7cb6b,0,1981.6525677005561,999
G_dipaxis_s0.1,2ac7cb6b,1,40789.39872771007,1000
G_dipaxis_s0.1,2ac7cb6b,2,219828.93416958075,1000
G_dipaxis_s0.1,2ac7cb6b,3,100613.44203874923,1000
G_dipaxis_s0.1,2ac7cb6b,4,252396.14781797453,991
G_dipaxis_s0.15,2ac7cb6b,0,1825.0243957880607,999
G_dipaxis_s0.15,2ac7cb6b,1,38678.4677436931,1000
G_dipaxis_s0.15,2ac7cb6b,2,237115.51340181904,1000
G_dipaxis_s0.15,2ac7cb6b,3,96909.95530499407,1000
G_dipaxis_s0.15,2ac7cb6b,4,195399.17282441258,991
G_dipaxis_s0.2,2ac7cb6b,0,1681.2170185709565,999
G_dipaxis_s0.2,2ac7cb6b,1,36839.7212191233,1000
G_dipaxis_s0.2,2ac7cb6b,2,255134.13391546303,1000
G_dipaxis_s0.2,2ac7cb6b,3,96602.05906442482,1000
G_dipaxis_s0.2,2ac7cb6b,4,146017.67989161928,991
G_dipaxis_s0.1,89fdb2f2,0,6478.35518108712,999
G_dipaxis_s0.1,89fdb2f2,1,15523.459002401825,1000
G_dipaxis_s0.1,89fdb2f2,2,593.655492189297,32
G_dipaxis_s0.15,89fdb2f2,0,6501.1899723303795,999
G_dipaxis_s0.15,89fdb2f2,1,15582.039176271877,1000
G_dipaxis_s0.15,89fdb2f2,2,596.004894231259,32
G_dipaxis_s0.2,89fdb2f2,0,6524.066885152426,999
G_dipaxis_s0.2,89fdb2f2,1,15640.740679894494,1000
G_dipaxis_s0.2,89fdb2f2,2,598.358942108715,32
G_dipaxis_s0.1,fdfd57da,0,13529.28863433798,999
G_dipaxis_s0.1,fdfd57da,1,45375.8073205053,1000
G_dipaxis_s0.1,fdfd57da,2,129490.1395283184,1000
G_dipaxis_s0.1,fdfd57da,3,66040.09586263112,1000
G_dipaxis_s0.1,fdfd57da,4,13412.099953491332,1000
G_dipaxis_s0.1,fdfd57da,5,1059.7273830253214,237
G_dipaxis_s0.15,fdfd57da,0,13579.178631135594,999
G_dipaxis_s0.15,fdfd57da,1,48931.328919891785,1000
G_dipaxis_s0.15,fdfd57da,2,144256.95261624223,1000
G_dipaxis_s0.15,fdfd57da,3,75879.67159318746,1000
G_dipaxis_s0.15,fdfd57da,4,11517.532884624366,1000
G_dipaxis_s0.15,fdfd57da,5,534.341588751704,237
G_dipaxis_s0.2,fdfd57da,0,13633.07213399144,999
G_dipaxis_s0.2,fdfd57da,1,52634.594681277784,1000
G_dipaxis_s0.2,fdfd57da,2,159822.2817501795,1000
G_dipaxis_s0.2,fdfd57da,3,86427.6585219928,1000
G_dipaxis_s0.2,fdfd57da,4,9969.398211729504,1000
G_dipaxis_s0.2,fdfd57da,5,190.6633418653184,237
G_dipaxis_s0.1,b32902c0,0,1866.0946268923058,999
G_dipaxis_s0.1,b32902c0,1,22060.078800061914,1000
G_dipaxis_s0.1,b32902c0,2,205893.87608734085,1000
G_dipaxis_s0.1,b32902c0,3,117873.99563663159,809
G_dipaxis_s0.15,b32902c0,0,1817.2159955236714,999
G_dipaxis_s0.15,b32902c0,1,22778.23586546753,1000
G_dipaxis_s0.15,b32902c0,2,212546.84831054733,1000
G_dipaxis_s0.15,b32902c0,3,121482.70287206091,809
G_dipaxis_s0.2,b32902c0,0,1771.6857402844344,999
G_dipaxis_s0.2,b32902c0,1,23512.99855773532,1000
G_dipaxis_s0.2,b32902c0,2,219310.9919632319,1000
G_dipaxis_s0.2,b32902c0,3,125157.61219493125,809
G_dipaxis_s0.1,8648abae,0,1743.0852486100837,999
G_dipaxis_s0.1,8648abae,1,11336.752849143582,1000
G_dipaxis_s0.1,8648abae,2,1814.374354746514,1000
G_dipaxis_s0.1,8648abae,3,62264.72741125704,1000
G_dipaxis_s0.1,8648abae,4,24893.919805219655,245
G_dipaxis_s0.15,8648abae,0,1861.90525269121,999
G_dipaxis_s0.15,8648abae,1,7482.3385885114185,1000
G_dipaxis_s0.15,8648abae,2,2067.3891272764804,1000
G_dipaxis_s0.15,8648abae,3,49100.95501128054,1000
G_dipaxis_s0.15,8648abae,4,19151.361123894734,245
G_dipaxis_s0.2,8648abae,0,1989.7599817580656,999
G_dipaxis_s0.2,8648abae,1,4644.581442679331,1000
G_dipaxis_s0.2,8648abae,2,4008.533124375574,1000
G_dipaxis_s0.2,8648abae,3,37559.54966054116,1000
G_dipaxis_s0.2,8648abae,4,14166.0211653083,245
G_dipaxis_s0.1,25939962,0,26801.62735666044,999
G_dipaxis_s0.1,25939962,1,58716.727445079254,1000
G_dipaxis_s0.1,25939962,2,31958.06699096201,1000
G_dipaxis_s0.1,25939962,3,7000.129272894675,1000
G_dipaxis_s0.1,25939962,4,22778.088943918807,320
G_dipaxis_s0.15,25939962,0,27531.547980897623,999
G_dipaxis_s0.15,25939962,1,56987.23293060705,1000
G_dipaxis_s0.15,25939962,2,24824.426737553433,1000
G_dipaxis_s0.15,25939962,3,11566.393272828005,1000
G_dipaxis_s0.15,25939962,4,25797.422533929657,320
G_dipaxis_s0.2,25939962,0,28281.67231332383,999
G_dipaxis_s0.2,25939962,1,55733.725093720765,1000
G_dipaxis_s0.2,25939962,2,19670.87352650957,1000
G_dipaxis_s0.2,25939962,3,18348.097136399185,1000
G_dipaxis_s0.2,25939962,4,29019.621637305852,320
G_dipaxis_s0.1,591cc951,0,8870.32544101008,999
G_dipaxis_s0.1,591cc951,1,18756.31998819801,1000
G_dipaxis_s0.1,591cc951,2,68766.25915463756,1000
G_dipaxis_s0.1,591cc951,3,107830.50015106976,1000
G_dipaxis_s0.1,591cc951,4,58054.66727144064,610
G_dipaxis_s0.15,591cc951,0,7977.3392718162295,999
G_dipaxis_s0.15,591cc951,1,15080.043692162973,1000
G_dipaxis_s0.15,591cc951,2,56250.41169476192,1000
G_dipaxis_s0.15,591cc951,3,83671.63021994603,1000
G_dipaxis_s0.15,591cc951,4,44531.1277428687,610
G_dipaxis_s0.2,591cc951,0,7138.5781553285415,999
G_dipaxis_s0.2,591cc951,1,11946.676371428095,1000
G_dipaxis_s0.2,591cc951,2,45049.28589701619,1000
G_dipaxis_s0.2,591cc951,3,62630.98649663584,1000
G_dipaxis_s0.2,591cc951,4,32841.23609574906,610
G_dipaxis_s0.1,7850c72e,0,345700.3195542337,999
G_dipaxis_s0.1,7850c72e,1,759751.4714933906,1000
G_dipaxis_s0.1,7850c72e,2,512847.0157151924,1000
G_dipaxis_s0.1,7850c72e,3,698307.200505437,1000
G_dipaxis_s0.1,7850c72e,4,1271882.2980789812,1000
G_dipaxis_s0.1,7850c72e,5,609753.6199518817,498
G_dipaxis_s0.15,7850c72e,0,345412.68803787325,999
G_dipaxis_s0.15,7850c72e,1,758438.4722444308,1000
G_dipaxis_s0.15,7850c72e,2,512058.1779346074,1000
G_dipaxis_s0.15,7850c72e,3,698122.2433267871,1000
G_dipaxis_s0.15,7850c72e,4,1271903.6781230604,1000
G_dipaxis_s0.15,7850c72e,5,610389.2832377796,498
G_dipaxis_s0.2,7850c72e,0,345125.1894315971,999
G_dipaxis_s0.2,7850c72e,1,757126.6720789258,1000
G_dipaxis_s0.2,7850c72e,2,511270.05460123107,1000
G_dipaxis_s0.2,7850c72e,3,697937.4340417334,1000
G_dipaxis_s0.2,7850c72e,4,1271925.1572042652,1000
G_dipaxis_s0.2,7850c72e,5,611025.3026660979,498
G_dipaxis_s0.1,404c4384,0,4564.843923964077,911
G_dipaxis_s0.15,404c4384,0,4430.5119276717905,911
G_dipaxis_s0.2,404c4384,0,4299.014308363956,911
G_dipaxis_s0.1,dd7d638e,0,321.59679943779116,999
G_dipaxis_s0.1,dd7d638e,1,6520.874359768411,1000
G_dipaxis_s0.1,dd7d638e,2,3031.4728210209496,1000
G_dipaxis_s0.1,dd7d638e,3,1782.0931506308716,1000
G_dipaxis_s0.1,dd7d638e,4,8835.934667615582,302
G_dipaxis_s0.15,dd7d638e,0,324.0742828254786,999
G_dipaxis_s0.15,dd7d638e,1,6306.762860419244,1000
G_dipaxis_s0.15,dd7d638e,2,2937.7205624615967,1000
G_dipaxis_s0.15,dd7d638e,3,2010.243784804288,1000
G_dipaxis_s0.15,dd7d638e,4,9584.385866628765,302
G_dipaxis_s0.2,dd7d638e,0,326.7574565070842,999
G_dipaxis_s0.2,dd7d638e,1,6096.663224629878,1000
G_dipaxis_s0.2,dd7d638e,2,2846.854411193959,1000
G_dipaxis_s0.2,dd7d638e,3,2255.2429071969163,1000
G_dipaxis_s0.2,dd7d638e,4,10364.834326031201,302
G_dipaxis_s0.1,da3bfe4e,0,4718.428823741821,999
G_dipaxis_s0.1,da3bfe4e,1,79673.40887070267,1000
G_dipaxis_s0.1,da3bfe4e,2,73848.97232210584,1000
G_dipaxis_s0.1,da3bfe4e,3,5185.6890290359825,1000
G_dipaxis_s0.1,da3bfe4e,4,31406.83852296933,1000
G_dipaxis_s0.1,da3bfe4e,5,8685.21341501718,550
G_dipaxis_s0.15,da3bfe4e,0,4398.379099642145,999
G_dipaxis_s0.15,da3bfe4e,1,73495.47635533192,1000
G_dipaxis_s0.15,da3bfe4e,2,64035.255812280266,1000
G_dipaxis_s0.15,da3bfe4e,3,5650.225663411871,1000
G_dipaxis_s0.15,da3bfe4e,4,22621.568700279502,1000
G_dipaxis_s0.15,da3bfe4e,5,5938.0205314582045,550
G_dipaxis_s0.2,da3bfe4e,0,4091.9460542459633,999
G_dipaxis_s0.2,da3bfe4e,1,67585.0072745867,1000
G_dipaxis_s0.2,da3bfe4e,2,54967.69693507572,1000
G_dipaxis_s0.2,da3bfe4e,3,7502.649372703514,1000
G_dipaxis_s0.2,da3bfe4e,4,15344.722521959144,1000
G_dipaxis_s0.2,da3bfe4e,5,4042.3949780197145,550
G_dipaxis_s0.1,113011eb,0,46066.07447360989,999
G_dipaxis_s0.1,113011eb,1,37803.033432758755,1000
G_dipaxis_s0.1,113011eb,2,39811.947676240154,1000
G_dipaxis_s0.1,113011eb,3,5459.391460267805,273
G_dipaxis_s0.15,113011eb,0,43985.37088340415,999
G_dipaxis_s0.15,113011eb,1,39311.33806023694,1000
G_dipaxis_s0.15,113011eb,2,47471.37969447611,1000
G_dipaxis_s0.15,113011eb,3,7516.9737282942515,273
G_dipaxis_s0.2,113011eb,0,41954.40508643092,999
G_dipaxis_s0.2,113011eb,1,40989.445367187654,1000
G_dipaxis_s0.2,113011eb,2,55833.79449435666,1000
G_dipaxis_s0.2,113011eb,3,9906.085626346843,273
G_dipaxis_s0.1,74b6186b,0,259.70022324183645,999
G_dipaxis_s0.1,74b6186b,1,13175.000906510708,1000
G_dipaxis_s0.1,74b6186b,2,27636.819000267067,1000
G_dipaxis_s0.1,74b6186b,3,1063.416469288873,406
G_dipaxis_s0.15,74b6186b,0,274.12458369731024,999
G_dipaxis_s0.15,74b6186b,1,13335.10837920509,1000
G_dipaxis_s0.15,74b6186b,2,26864.295027239477,1000
G_dipaxis_s0.15,74b6186b,3,1051.3502815907989,406
G_dipaxis_s0.2,74b6186b,0,294.2780437803695,999
G_dipaxis_s0.2,74b6186b,1,13497.040850937849,1000
G_dipaxis_s0.2,74b6186b,2,26105.373093619033,1000
G_dipaxis_s0.2,74b6186b,3,1056.7038917989703,406
G_dipaxis_s0.1,3ef98781,0,28115.768489877788,999
G_dipaxis_s0.1,3ef98781,1,12070.467917158736,1000
G_dipaxis_s0.1,3ef98781,2,53789.50432265206,1000
G_dipaxis_s0.1,3ef98781,3,60101.951772882625,893
G_dipaxis_s0.15,3ef98781,0,27099.725360112094,999
G_dipaxis_s0.15,3ef98781,1,11935.689891632715,1000
G_dipaxis_s0.15,3ef98781,2,52916.540985929925,1000
G_dipaxis_s0.15,3ef98781,3,61767.96647063367,893
G_dipaxis_s0.2,3ef98781,0,26102.663144307302,999
G_dipaxis_s0.2,3ef98781,1,11803.142046948635,1000
G_dipaxis_s0.2,3ef98781,2,52051.08361925188,1000
G_dipaxis_s0.2,3ef98781,3,63460.18562271635,893
G_dipaxis_s0.1,8b95d6d1,0,76613.27756781217,999
G_dipaxis_s0.1,8b95d6d1,1,150791.5120207245,732
G_dipaxis_s0.15,8b95d6d1,0,70327.85832456901,999
G_dipaxis_s0.15,8b95d6d1,1,131041.9854369085,732
G_dipaxis_s0.2,8b95d6d1,0,64319.66389656053,999
G_dipaxis_s0.2,8b95d6d1,1,112711.89102364049,732
G_dipaxis_s0.1,aee6393a,0,13006.379385059683,999
G_dipaxis_s0.1,aee6393a,1,28190.72019571659,1000
G_dipaxis_s0.1,aee6393a,2,18342.293138306533,1000
G_dipaxis_s0.1,aee6393a,3,30319.066003267424,1000
G_dipaxis_s0.1,aee6393a,4,5325.858952353138,1000
G_dipaxis_s0.1,aee6393a,5,7070.368898614867,866
G_dipaxis_s0.15,aee6393a,0,13801.117586485105,999
G_dipaxis_s0.15,aee6393a,1,31120.284462426942,1000
G_dipaxis_s0.15,aee6393a,2,24873.373403138437,1000
G_dipaxis_s0.15,aee6393a,3,42235.82792646083,1000
G_dipaxis_s0.15,aee6393a,4,9707.266338112715,1000
G_dipaxis_s0.15,aee6393a,5,9938.418326448998,866
G_dipaxis_s0.2,aee6393a,0,14621.674645064135,999
G_dipaxis_s0.2,aee6393a,1,34255.11502772204,1000
G_dipaxis_s0.2,aee6393a,2,32430.34813580632,1000
G_dipaxis_s0.2,aee6393a,3,56480.24019172029,1000
G_dipaxis_s0.2,aee6393a,4,16793.18633661733,1000
G_dipaxis_s0.2,aee6393a,5,16104.713953163133,866
G_dipaxis_s0.1,3f603129,0,153692.0147562907,999
G_dipaxis_s0.1,3f603129,1,900754.9275431929,1000
G_dipaxis_s0.1,3f603129,2,718265.3835764611,1000
G_dipaxis_s0.1,3f603129,3,779123.2292980793,1000
G_dipaxis_s0.1,3f603129,4,477626.08393029583,1000
G_dipaxis_s0.1,3f603129,5,14731.191549015753,52
G_dipaxis_s0.15,3f603129,0,140394.84787902836,999
G_dipaxis_s0.15,3f603129,1,836217.9685769238,1000
G_dipaxis_s0.15,3f603129,2,679021.6531740581,1000
G_dipaxis_s0.15,3f603129,3,710625.7913466959,1000
G_dipaxis_s0.15,3f603129,4,432797.8051798044,1000
G_dipaxis_s0.15,3f603129,5,13283.795275412613,52
G_dipaxis_s0.2,3f603129,0,127720.13321392014,999
G_dipaxis_s0.2,3f603129,1,774097.8635925574,1000
G_dipaxis_s0.2,3f603129,2,640899.9873550452,1000
G_dipaxis_s0.2,3f603129,3,645299.7764267105,1000
G_dipaxis_s0.2,3f603129,4,390191.9088180311,1000
G_dipaxis_s0.2,3f603129,5,11911.363065074092,52
G_dipaxis_s0.1,1f9afacb,0,4726.898014382391,999
G_dipaxis_s0.1,1f9afacb,1,4249.890144458004,1000
G_dipaxis_s0.1,1f9afacb,2,24236.80027571766,1000
G_dipaxis_s0.1,1f9afacb,3,5934.351724475602,1000
G_dipaxis_s0.1,1f9afacb,4,765.3189254581775,1000
G_dipaxis_s0.1,1f9afacb,5,298.68176395819575,329
G_dipaxis_s0.15,1f9afacb,0,4905.969331047937,999
G_dipaxis_s0.15,1f9afacb,1,4654.981475388016,1000
G_dipaxis_s0.15,1f9afacb,2,25993.64555511918,1000
G_dipaxis_s0.15,1f9afacb,3,6276.884606170565,1000
G_dipaxis_s0.15,1f9afacb,4,1355.316018073881,1000
G_dipaxis_s0.15,1f9afacb,5,220.0357313356364,329
G_dipaxis_s0.2,1f9afacb,0,5090.484186438588,999
G_dipaxis_s0.2,1f9afacb,1,5082.21795291676,1000
G_dipaxis_s0.2,1f9afacb,2,27812.49676730132,1000
G_dipaxis_s0.2,1f9afacb,3,6714.795715633718,1000
G_dipaxis_s0.2,1f9afacb,4,2134.3659471724595,1000
G_dipaxis_s0.2,1f9afacb,5,209.2770571168134,329
G_dipaxis_s0.1,a3f71395,0,151520.79929118944,999
G_dipaxis_s0.1,a3f71395,1,310698.3600656369,1000
G_dipaxis_s0.1,a3f71395,2,146661.57931877533,1000
G_dipaxis_s0.1,a3f71395,3,411778.1349916604,1000
G_dipaxis_s0.1,a3f71395,4,114689.03462104748,1000
G_dipaxis_s0.1,a3f71395,5,23923.18646798596,544
G_dipaxis_s0.15,a3f71395,0,135447.7106178865,999
G_dipaxis_s0.15,a3f71395,1,263500.1179897775,1000
G_dipaxis_s0.15,a3f71395,2,114822.48991107132,1000
G_dipaxis_s0.15,a3f71395,3,535734.0158519151,1000
G_dipaxis_s0.15,a3f71395,4,199228.70866019963,1000
G_dipaxis_s0.15,a3f71395,5,57813.09598836445,544
G_dipaxis_s0.2,a3f71395,0,120300.18746766307,999
G_dipaxis_s0.2,a3f71395,1,220300.8428745766,1000
G_dipaxis_s0.2,a3f71395,2,92965.38178076758,1000
G_dipaxis_s0.2,a3f71395,3,676461.5283366545,1000
G_dipaxis_s0.2,a3f71395,4,310028.0339229827,1000
G_dipaxis_s0.2,a3f71395,5,106796.58832355,544
G_dipaxis_s0.1,01982c1d,0,2215.450925035443,999
G_dipaxis_s0.1,01982c1d,1,3486.7485218564734,1000
G_dipaxis_s0.1,01982c1d,2,4491.305977040836,1000
G_dipaxis_s0.1,01982c1d,3,4043.883330048604,942
G_dipaxis_s0.15,01982c1d,0,1931.6083177490714,999
G_dipaxis_s0.15,01982c1d,1,3430.8190526245953,1000
G_dipaxis_s0.15,01982c1d,2,4487.697452988788,1000
G_dipaxis_s0.15,01982c1d,3,3125.6057643930203,942
G_dipaxis_s0.2,01982c1d,0,1672.685376941494,999
G_dipaxis_s0.2,01982c1d,1,3377.134763613543,1000
G_dipaxis_s0.2,01982c1d,2,4495.031993795791,1000
G_dipaxis_s0.2,01982c1d,3,2336.377051807048,942
G_dipaxis_s0.1,c9e6734f,0,4773.593786615917,999
G_dipaxis_s0.1,c9e6734f,1,5183.230687836024,1000
G_dipaxis_s0.1,c9e6734f,2,5647.263279647132,1000
G_dipaxis_s0.1,c9e6734f,3,37404.52629372681,1000
G_dipaxis_s0.1,c9e6734f,4,31830.590432702666,736
G_dipaxis_s0.15,c9e6734f,0,4269.612824309345,999
G_dipaxis_s0.15,c9e6734f,1,7178.147759061826,1000
G_dipaxis_s0.15,c9e6734f,2,9930.891364948164,1000
G_dipaxis_s0.15,c9e6734f,3,54125.30231153763,1000
G_dipaxis_s0.15,c9e6734f,4,49324.32588289613,736
G_dipaxis_s0.2,c9e6734f,0,4029.5717241415277,999
G_dipaxis_s0.2,c9e6734f,1,10224.304766685504,1000
G_dipaxis_s0.2,c9e6734f,2,16005.419515779105,1000
G_dipaxis_s0.2,c9e6734f,3,74027.40754238618,1000
G_dipaxis_s0.2,c9e6734f,4,70672.41560305517,736
G_dipaxis_s0.1,f439a621,0,4400.979326600657,999
G_dipaxis_s0.1,f439a621,1,5679.4698339616225,1000
G_dipaxis_s0.1,f439a621,2,109027.45179538774,822
G_dipaxis_s0.15,f439a621,0,4823.086258889568,999
G_dipaxis_s0.15,f439a621,1,7488.6474608637645,1000
G_dipaxis_s0.15,f439a621,2,122511.01776641494,822
G_dipaxis_s0.2,f439a621,0,5300.733651752719,999
G_dipaxis_s0.2,f439a621,1,9703.386113878814,1000
G_dipaxis_s0.2,f439a621,2,136813.0566656134,822
G_dipaxis_s0.1,98bc6f66,0,42143.94645005139,999
G_dipaxis_s0.1,98bc6f66,1,173306.23031421428,1000
G_dipaxis_s0.1,98bc6f66,2,200191.01425144757,1000
G_dipaxis_s0.1,98bc6f66,3,216151.9701312099,1000
G_dipaxis_s0.1,98bc6f66,4,307462.06929852907,1000
G_dipaxis_s0.1,98bc6f66,5,104958.66925066905,1000
G_dipaxis_s0.1,98bc6f66,6,3846.82902066815,64
G_dipaxis_s0.15,98bc6f66,0,39832.13348668415,999
G_dipaxis_s0.15,98bc6f66,1,164434.19353633933,1000
G_dipaxis_s0.15,98bc6f66,2,188641.06471256044,1000
G_dipaxis_s0.15,98bc6f66,3,199993.3923703142,1000
G_dipaxis_s0.15,98bc6f66,4,282479.9172172655,1000
G_dipaxis_s0.15,98bc6f66,5,87365.52803976544,1000
G_dipaxis_s0.15,98bc6f66,6,3060.601705373446,64
G_dipaxis_s0.2,98bc6f66,0,37586.677284063706,999
G_dipaxis_s0.2,98bc6f66,1,155796.12285273307,1000
G_dipaxis_s0.2,98bc6f66,2,177437.37899808915,1000
G_dipaxis_s0.2,98bc6f66,3,184465.39489249332,1000
G_dipaxis_s0.2,98bc6f66,4,258596.1787060066,1000
G_dipaxis_s0.2,98bc6f66,5,71424.14537424374,1000
G_dipaxis_s0.2,98bc6f66,6,2364.2006317393493,64
G_dipaxis_s0.1,e730c32b,0,8281.4808966615,999
G_dipaxis_s0.1,e730c32b,1,14519.231720991596,1000
G_dipaxis_s0.1,e730c32b,2,205460.1746130445,1000
G_dipaxis_s0.1,e730c32b,3,186831.38542005428,1000
G_dipaxis_s0.1,e730c32b,4,236550.59746147762,729
G_dipaxis_s0.15,e730c32b,0,8110.875992020897,999
G_dipaxis_s0.15,e730c32b,1,14899.071408508431,1000
G_dipaxis_s0.15,e730c32b,2,215770.44991528374,1000
G_dipaxis_s0.15,e730c32b,3,203297.55119265357,1000
G_dipaxis_s0.15,e730c32b,4,253521.66289073182,729
G_dipaxis_s0.2,e730c32b,0,7949.519693491779,999
G_dipaxis_s0.2,e730c32b,1,15295.051418360857,1000
G_dipaxis_s0.2,e730c32b,2,226342.80113609514,1000
G_dipaxis_s0.2,e730c32b,3,220465.59644094174,1000
G_dipaxis_s0.2,e730c32b,4,271093.0857499373,729
G_dipaxis_s0.1,865033f8,0,5041.697472902049,999
G_dipaxis_s0.1,865033f8,1,49994.70054470437,1000
G_dipaxis_s0.1,865033f8,2,6144.79817802646,1000
G_dipaxis_s0.1,865033f8,3,1337.8767800818525,558
G_dipaxis_s0.15,865033f8,0,5016.873893931224,999
G_dipaxis_s0.15,865033f8,1,50198.69662310463,1000
G_dipaxis_s0.15,865033f8,2,6384.277171837181,1000
G_dipaxis_s0.15,865033f8,3,1488.9621139670394,558
G_dipaxis_s0.2,865033f8,0,4992.881119846681,999
G_dipaxis_s0.2,865033f8,1,50407.799453616935,1000
G_dipaxis_s0.2,865033f8,2,6653.185972001449,1000
G_dipaxis_s0.2,865033f8,3,1657.5051614471054,558
G_dipaxis_s0.1,729665c0,0,75400.81737361314,999
G_dipaxis_s0.1,729665c0,1,159597.5740475194,1000
G_dipaxis_s0.1,729665c0,2,61117.73512234936,1000
G_dipaxis_s0.1,729665c0,3,162243.47178562274,1000
G_dipaxis_s0.1,729665c0,4,72531.62716599955,264
G_dipaxis_s0.15,729665c0,0,71169.52763799825,999
G_dipaxis_s0.15,729665c0,1,157657.81445960156,1000
G_dipaxis_s0.15,729665c0,2,61538.34875154492,1000
G_dipaxis_s0.15,729665c0,3,146376.313762996,1000
G_dipaxis_s0.15,729665c0,4,65322.455603429735,264
G_dipaxis_s0.2,729665c0,0,67088.1838890738,999
G_dipaxis_s0.2,729665c0,1,155738.94577904933,1000
G_dipaxis_s0.2,729665c0,2,61971.655975500784,1000
G_dipaxis_s0.2,729665c0,3,131414.8964468047,1000
G_dipaxis_s0.2,729665c0,4,58492.63864624736,264
G_dipaxis_s0.1,7cbbd047,0,42044.94241029444,999
G_dipaxis_s0.1,7cbbd047,1,34020.72750365295,1000
G_dipaxis_s0.1,7cbbd047,2,17419.167167577147,1000
G_dipaxis_s0.1,7cbbd047,3,9924.23531859331,1000
G_dipaxis_s0.1,7cbbd047,4,82851.09309571254,1000
G_dipaxis_s0.1,7cbbd047,5,26664.362638507875,122
G_dipaxis_s0.15,7cbbd047,0,36896.90435411923,999
G_dipaxis_s0.15,7cbbd047,1,39346.97844181447,1000
G_dipaxis_s0.15,7cbbd047,2,29874.771379445465,1000
G_dipaxis_s0.15,7cbbd047,3,1768.3004303202488,1000
G_dipaxis_s0.15,7cbbd047,4,42285.95335567593,1000
G_dipaxis_s0.15,7cbbd047,5,17381.22849815111,122
G_dipaxis_s0.2,7cbbd047,0,32114.960977769904,999
G_dipaxis_s0.2,7cbbd047,1,45546.692238346965,1000
G_dipaxis_s0.2,7cbbd047,2,46921.64776822808,1000
G_dipaxis_s0.2,7cbbd047,3,4199.676357963742,1000
G_dipaxis_s0.2,7cbbd047,4,17052.444240961584,1000
G_dipaxis_s0.2,7cbbd047,5,10077.10717050096,122
G_dipaxis_s0.1,c70c0e01,0,264.4911790372166,999
G_dipaxis_s0.1,c70c0e01,1,22275.056122074002,1000
G_dipaxis_s0.1,c70c0e01,2,7927.309437388417,1000
G_dipaxis_s0.1,c70c0e01,3,147801.3886236135,1000
G_dipaxis_s0.1,c70c0e01,4,94975.40039568696,313
G_dipaxis_s0.15,c70c0e01,0,176.73386585719138,999
G_dipaxis_s0.15,c70c0e01,1,21878.492404383996,1000
G_dipaxis_s0.15,c70c0e01,2,8003.417993738567,1000
G_dipaxis_s0.15,c70c0e01,3,149887.83739700125,1000
G_dipaxis_s0.15,c70c0e01,4,100407.68549844777,313
G_dipaxis_s0.2,c70c0e01,0,115.95722855971198,999
G_dipaxis_s0.2,c70c0e01,1,21494.592454336784,1000
G_dipaxis_s0.2,c70c0e01,2,8225.636287469531,1000
G_dipaxis_s0.2,c70c0e01,3,152008.71956140947,1000
G_dipaxis_s0.2,c70c0e01,4,105993.53792375592,313
G_dipaxis_s0.1,a87433c9,0,4352.376530423355,999
G_dipaxis_s0.1,a87433c9,1,2561.5804573681376,1000
G_dipaxis_s0.1,a87433c9,2,1216.1907206267463,1000
G_dipaxis_s0.1,a87433c9,3,3208.8472418076767,1000
G_dipaxis_s0.1,a87433c9,4,70973.30108188473,1000
G_dipaxis_s0.1,a87433c9,5,266656.6165354947,722
G_dipaxis_s0.15,a87433c9,0,4436.647877535879,999
G_dipaxis_s0.15,a87433c9,1,2142.3151044526,1000
G_dipaxis_s0.15,a87433c9,2,3512.2541921529087,1000
G_dipaxis_s0.15,a87433c9,3,825.877581097208,1000
G_dipaxis_s0.15,a87433c9,4,84754.11296907142,1000
G_dipaxis_s0.15,a87433c9,5,295625.82182495407,722
G_dipaxis_s0.2,a87433c9,0,4570.780787474679,999
G_dipaxis_s0.2,a87433c9,1,2403.8255030104233,1000
G_dipaxis_s0.2,a87433c9,2,7687.760363925659,1000
G_dipaxis_s0.2,a87433c9,3,920.7943696031476,1000
G_dipaxis_s0.2,a87433c9,4,102222.827935268,1000
G_dipaxis_s0.2,a87433c9,5,326132.28089877503,722
G_dipaxis_s0.1,f6bc699b,0,5170.115072221239,999
G_dipaxis_s0.1,f6bc699b,1,74218.02955497896,1000
G_dipaxis_s0.1,f6bc699b,2,44726.31684053352,1000
G_dipaxis_s0.1,f6bc699b,3,163103.9652446058,753
G_dipaxis_s0.15,f6bc699b,0,4294.27499494415,999
G_dipaxis_s0.15,f6bc699b,1,66384.57252900022,1000
G_dipaxis_s0.15,f6bc699b,2,47778.39778934601,1000
G_dipaxis_s0.15,f6bc699b,3,164635.8754118439,753
G_dipaxis_s0.2,f6bc699b,0,3538.547468227658,999
G_dipaxis_s0.2,f6bc699b,1,59010.42024898234,1000
G_dipaxis_s0.2,f6bc699b,2,50945.86988204377,1000
G_dipaxis_s0.2,f6bc699b,3,166245.34482105766,753
G_dipaxis_s0.1,8382f4b6,0,10132.623017455935,999
G_dipaxis_s0.1,8382f4b6,1,8144.716793210597,1000
G_dipaxis_s0.1,8382f4b6,2,1119.1860424846495,1000
G_dipaxis_s0.1,8382f4b6,3,18315.70221470027,1000
G_dipaxis_s0.1,8382f4b6,4,77882.23643849492,968
G_dipaxis_s0.15,8382f4b6,0,10961.125362821285,999
G_dipaxis_s0.15,8382f4b6,1,9429.351925118088,1000
G_dipaxis_s0.15,8382f4b6,2,785.9530767218386,1000
G_dipaxis_s0.15,8382f4b6,3,16165.90801062598,1000
G_dipaxis_s0.15,8382f4b6,4,74466.94656081239,968
G_dipaxis_s0.2,8382f4b6,0,11836.037336751808,999
G_dipaxis_s0.2,8382f4b6,1,10837.713671362171,1000
G_dipaxis_s0.2,8382f4b6,2,731.1342499501084,1000
G_dipaxis_s0.2,8382f4b6,3,14212.451027687543,1000
G_dipaxis_s0.2,8382f4b6,4,71143.51394562179,968
G_dipaxis_s0.1,27c3155b,0,31212.98325280268,999
G_dipaxis_s0.1,27c3155b,1,65870.47000716857,1000
G_dipaxis_s0.1,27c3155b,2,136818.35765618327,1000
G_dipaxis_s0.1,27c3155b,3,326325.0278256507,1000
G_dipaxis_s0.1,27c3155b,4,118852.51455452367,959
G_dipaxis_s0.15,27c3155b,0,29479.005623326357,999
G_dipaxis_s0.15,27c3155b,1,60443.695927151515,1000
G_dipaxis_s0.15,27c3155b,2,122140.70570688487,1000
G_dipaxis_s0.15,27c3155b,3,299436.43984035344,1000
G_dipaxis_s0.15,27c3155b,4,103297.80444340462,959
G_dipaxis_s0.2,27c3155b,0,27809.957267442318,999
G_dipaxis_s0.2,27c3155b,1,55253.19923694062,1000
G_dipaxis_s0.2,27c3155b,2,108319.80965907086,1000
G_dipaxis_s0.2,27c3155b,3,273713.1086184937,1000
G_dipaxis_s0.2,27c3155b,4,88932.20281465852,959
G_dipaxis_s0.1,398dce4b,0,906.6119648565764,999
G_dipaxis_s0.1,398dce4b,1,19985.055959846115,1000
G_dipaxis_s0.1,398dce4b,2,15433.59470089895,1000
G_dipaxis_s0.1,398dce4b,3,214.17125661880206,167
G_dipaxis_s0.15,398dce4b,0,803.029800502293,999
G_dipaxis_s0.15,398dce4b,1,18385.374189878436,1000
G_dipaxis_s0.15,398dce4b,2,13617.050690892625,1000
G_dipaxis_s0.15,398dce4b,3,171.08260663953925,167
G_dipaxis_s0.2,398dce4b,0,705.8764481445075,999
G_dipaxis_s0.2,398dce4b,1,16852.753173278103,1000
G_dipaxis_s0.2,398dce4b,2,11924.24634814836,1000
G_dipaxis_s0.2,398dce4b,3,139.2514601257135,167
G_dipaxis_s0.1,2acc78d4,0,1895.6406495758176,999
G_dipaxis_s0.1,2acc78d4,1,29995.525597144107,1000
G_dipaxis_s0.1,2acc78d4,2,25019.86630123247,1000
G_dipaxis_s0.1,2acc78d4,3,251788.1914432153,1000
G_dipaxis_s0.1,2acc78d4,4,16771.324841237132,267
G_dipaxis_s0.15,2acc78d4,0,1497.6096575842844,999
G_dipaxis_s0.15,2acc78d4,1,33992.803201291914,1000
G_dipaxis_s0.15,2acc78d4,2,31991.25585752547,1000
G_dipaxis_s0.15,2acc78d4,3,220009.892263157,1000
G_dipaxis_s0.15,2acc78d4,4,15609.051794836067,267
G_dipaxis_s0.2,2acc78d4,0,1240.1958633125846,999
G_dipaxis_s0.2,2acc78d4,1,38867.07604840713,1000
G_dipaxis_s0.2,2acc78d4,2,40474.67351138373,1000
G_dipaxis_s0.2,2acc78d4,3,190487.39222019582,1000
G_dipaxis_s0.2,2acc78d4,4,14492.529249374136,267
G_dipaxis_s0.1,660d9546,0,3884.921746010142,999
G_dipaxis_s0.1,660d9546,1,3861.1949481322017,1000
G_dipaxis_s0.1,660d9546,2,7434.116445293486,1000
G_dipaxis_s0.1,660d9546,3,125077.99316367447,1000
G_dipaxis_s0.1,660d9546,4,110855.13743290545,733
G_dipaxis_s0.15,660d9546,0,3314.0534170403803,999
G_dipaxis_s0.15,660d9546,1,3189.443876567909,1000
G_dipaxis_s0.15,660d9546,2,6390.77804951353,1000
G_dipaxis_s0.15,660d9546,3,110486.92187466817,1000
G_dipaxis_s0.15,660d9546,4,99577.02509292153,733
G_dipaxis_s0.2,660d9546,0,2793.1538497437837,999
G_dipaxis_s0.2,660d9546,1,2782.539876706741,1000
G_dipaxis_s0.2,660d9546,2,5735.975689876535,1000
G_dipaxis_s0.2,660d9546,3,96806.19120992132,1000
G_dipaxis_s0.2,660d9546,4,88908.88566329902,733
G_dipaxis_s0.1,cf50c9d1,0,75534.86078664324,999
G_dipaxis_s0.1,cf50c9d1,1,196632.1730811585,1000
G_dipaxis_s0.1,cf50c9d1,2,335759.0917089963,1000
G_dipaxis_s0.1,cf50c9d1,3,215335.88838038853,1000
G_dipaxis_s0.1,cf50c9d1,4,300775.690271472,859
G_dipaxis_s0.15,cf50c9d1,0,68686.80681813695,999
G_dipaxis_s0.15,cf50c9d1,1,174484.95845520348,1000
G_dipaxis_s0.15,cf50c9d1,2,306398.9465281197,1000
G_dipaxis_s0.15,cf50c9d1,3,191101.2527736164,1000
G_dipaxis_s0.15,cf50c9d1,4,261609.95110111835,859
G_dipaxis_s0.2,cf50c9d1,0,62167.16015557559,999
G_dipaxis_s0.2,cf50c9d1,1,153671.1226451998,1000
G_dipaxis_s0.2,cf50c9d1,2,278383.21669132105,1000
G_dipaxis_s0.2,cf50c9d1,3,168447.65752122647,1000
G_dipaxis_s0.2,cf50c9d1,4,225184.5760083318,859
G_dipaxis_s0.1,cb879f40,0,885.9946940930416,999
G_dipaxis_s0.1,cb879f40,1,15688.933746308363,1000
G_dipaxis_s0.1,cb879f40,2,12214.485331646783,1000
G_dipaxis_s0.1,cb879f40,3,44852.54857854853,1000
G_dipaxis_s0.1,cb879f40,4,41352.81140285973,1000
G_dipaxis_s0.1,cb879f40,5,22648.01601976014,1000
G_dipaxis_s0.1,cb879f40,6,1585.0364094089239,316
G_dipaxis_s0.15,cb879f40,0,895.7105732475458,999
G_dipaxis_s0.15,cb879f40,1,17013.235874689133,1000
G_dipaxis_s0.15,cb879f40,2,11327.891861205426,1000
G_dipaxis_s0.15,cb879f40,3,41195.7420609232,1000
G_dipaxis_s0.15,cb879f40,4,44611.850924574566,1000
G_dipaxis_s0.15,cb879f40,5,25563.773008989847,1000
G_dipaxis_s0.15,cb879f40,6,1226.954903313565,316
G_dipaxis_s0.2,cb879f40,0,906.2216078149024,999
G_dipaxis_s0.2,cb879f40,1,18400.628425824343,1000
G_dipaxis_s0.2,cb879f40,2,10601.66052940264,1000
G_dipaxis_s0.2,cb879f40,3,37698.99176309057,1000
G_dipaxis_s0.2,cb879f40,4,48046.08797074967,1000
G_dipaxis_s0.2,cb879f40,5,28727.96838911191,1000
G_dipaxis_s0.2,cb879f40,6,954.0799766157259,316
G_dipaxis_s0.1,ecdab904,0,31959.177287669572,999
G_dipaxis_s0.1,ecdab904,1,89958.10931396305,1000
G_dipaxis_s0.1,ecdab904,2,30520.966776843594,1000
G_dipaxis_s0.1,ecdab904,3,73795.27666658901,1000
G_dipaxis_s0.1,ecdab904,4,11808.800299681734,1000
G_dipaxis_s0.1,ecdab904,5,117373.09029223268,1000
G_dipaxis_s0.1,ecdab904,6,80270.2007465817,148
G_dipaxis_s0.15,ecdab904,0,31165.169622891462,999
G_dipaxis_s0.15,ecdab904,1,87470.9602984781,1000
G_dipaxis_s0.15,ecdab904,2,30468.545720295242,1000
G_dipaxis_s0.15,ecdab904,3,75205.98881648609,1000
G_dipaxis_s0.15,ecdab904,4,12962.766173777545,1000
G_dipaxis_s0.15,ecdab904,5,120892.98811084237,1000
G_dipaxis_s0.15,ecdab904,6,81866.05539594417,148
G_dipaxis_s0.2,ecdab904,0,30381.532183802785,999
G_dipaxis_s0.2,ecdab904,1,85019.59926862692,1000
G_dipaxis_s0.2,ecdab904,2,30417.30966122695,1000
G_dipaxis_s0.2,ecdab904,3,76635.91526361583,1000
G_dipaxis_s0.2,ecdab904,4,14179.952783499171,1000
G_dipaxis_s0.2,ecdab904,5,124489.11795853706,1000
G_dipaxis_s0.2,ecdab904,6,83477.65462131589,148
G_dipaxis_s0.1,aa95015b,0,3456.6314443328747,999
G_dipaxis_s0.1,aa95015b,1,51444.519039162995,1000
G_dipaxis_s0.1,aa95015b,2,72243.78130728132,1000
G_dipaxis_s0.1,aa95015b,3,38745.08862445373,1000
G_dipaxis_s0.1,aa95015b,4,29876.110820876285,301
G_dipaxis_s0.15,aa95015b,0,2895.464361255174,999
G_dipaxis_s0.15,aa95015b,1,44481.376461509644,1000
G_dipaxis_s0.15,aa95015b,2,62118.20478368472,1000
G_dipaxis_s0.15,aa95015b,3,31864.3941914735,1000
G_dipaxis_s0.15,aa95015b,4,27361.12829659134,301
G_dipaxis_s0.2,aa95015b,0,2391.530286014976,999
G_dipaxis_s0.2,aa95015b,1,38038.38859208112,1000
G_dipaxis_s0.2,aa95015b,2,52805.85545264445,1000
G_dipaxis_s0.2,aa95015b,3,25813.188679138584,1000
G_dipaxis_s0.2,aa95015b,4,24957.540296355553,301
G_dipaxis_s0.1,c9fedcf3,0,480.8977792058948,999
G_dipaxis_s0.1,c9fedcf3,1,6541.215898478734,1000
G_dipaxis_s0.1,c9fedcf3,2,9018.774033695247,1000
G_dipaxis_s0.1,c9fedcf3,3,5099.851477499937,518
G_dipaxis_s0.15,c9fedcf3,0,481.50933349599654,999
G_dipaxis_s0.15,c9fedcf3,1,6322.150254011827,1000
G_dipaxis_s0.15,c9fedcf3,2,7967.433642179011,1000
G_dipaxis_s0.15,c9fedcf3,3,4782.159186070879,518
G_dipaxis_s0.2,c9fedcf3,0,512.1741099709876,999
G_dipaxis_s0.2,c9fedcf3,1,6107.226806919896,1000
G_dipaxis_s0.2,c9fedcf3,2,6983.699526360144,1000
G_dipaxis_s0.2,c9fedcf3,3,4474.817069597252,518
G_dipaxis_s0.1,4a335117,0,30821.61332343694,999
G_dipaxis_s0.1,4a335117,1,62139.55110312352,1000
G_dipaxis_s0.1,4a335117,2,105777.19935228229,1000
G_dipaxis_s0.1,4a335117,3,40686.40712901316,1000
G_dipaxis_s0.1,4a335117,4,158505.05867242286,1000
G_dipaxis_s0.1,4a335117,5,1034.3759954396041,16
G_dipaxis_s0.15,4a335117,0,28887.561348565505,999
G_dipaxis_s0.15,4a335117,1,58906.52766677096,1000
G_dipaxis_s0.15,4a335117,2,101488.83911255198,1000
G_dipaxis_s0.15,4a335117,3,40585.493553849585,1000
G_dipaxis_s0.15,4a335117,4,163701.97214809514,1000
G_dipaxis_s0.15,4a335117,5,1141.232946613307,16
G_dipaxis_s0.2,4a335117,0,27016.874932904342,999
G_dipaxis_s0.2,4a335117,1,55760.227912853064,1000
G_dipaxis_s0.2,4a335117,2,97292.30442430444,1000
G_dipaxis_s0.2,4a335117,3,40508.86208163612,1000
G_dipaxis_s0.2,4a335117,4,169024.00461500633,1000
G_dipaxis_s0.2,4a335117,5,1253.3414445560916,16
G_dipaxis_s0.1,da940160,0,1885.3313201869396,999
G_dipaxis_s0.1,da940160,1,1340.7572479700932,1000
G_dipaxis_s0.1,da940160,2,5278.496388695465,1000
G_dipaxis_s0.1,da940160,3,5917.453364199801,1000
G_dipaxis_s0.1,da940160,4,7748.386611123967,1000
G_dipaxis_s0.1,da940160,5,3066.8177895140334,133
G_dipaxis_s0.15,da940160,0,1992.565850310831,999
G_dipaxis_s0.15,da940160,1,1520.898464251728,1000
G_dipaxis_s0.15,da940160,2,4830.953355114457,1000
G_dipaxis_s0.15,da940160,3,4707.377492395231,1000
G_dipaxis_s0.15,da940160,4,5004.336561083584,1000
G_dipaxis_s0.15,da940160,5,2063.8496431439803,133
G_dipaxis_s0.2,da940160,0,2105.1815323890173,999
G_dipaxis_s0.2,da940160,1,1724.588990393913,1000
G_dipaxis_s0.2,da940160,2,4631.718484879426,1000
G_dipaxis_s0.2,da940160,3,4093.9553117929127,1000
G_dipaxis_s0.2,da940160,4,3419.2302735031635,1000
G_dipaxis_s0.2,da940160,5,1259.2053622478954,133
G_dipaxis_s0.1,272abef3,0,608.0130033240546,999
G_dipaxis_s0.1,272abef3,1,96903.16790076846,1000
G_dipaxis_s0.1,272abef3,2,238346.12560191163,1000
G_dipaxis_s0.1,272abef3,3,207365.81338019404,1000
G_dipaxis_s0.1,272abef3,4,18806.718465551643,136
G_dipaxis_s0.15,272abef3,0,784.3318115961196,999
G_dipaxis_s0.15,272abef3,1,92428.35081762062,1000
G_dipaxis_s0.15,272abef3,2,231913.61044344876,1000
G_dipaxis_s0.15,272abef3,3,213189.7915251822,1000
G_dipaxis_s0.15,272abef3,4,19548.060613577432,136
G_dipaxis_s0.2,272abef3,0,987.9457117028228,999
G_dipaxis_s0.2,272abef3,1,88107.05015739905,1000
G_dipaxis_s0.2,272abef3,2,225591.3208011622,1000
G_dipaxis_s0.2,272abef3,3,219100.59224971925,1000
G_dipaxis_s0.2,272abef3,4,20303.768917108006,136
G_dipaxis_s0.1,a056d01e,0,6194.818473464922,999
G_dipaxis_s0.1,a056d01e,1,7731.998272849693,1000
G_dipaxis_s0.1,a056d01e,2,12021.259788029132,1000
G_dipaxis_s0.1,a056d01e,3,5856.083048906134,1000
G_dipaxis_s0.1,a056d01e,4,83219.19932329188,1000
G_dipaxis_s0.1,a056d01e,5,41625.28069944212,1000
G_dipaxis_s0.1,a056d01e,6,10578.460263396633,558
G_dipaxis_s0.15,a056d01e,0,6165.828742049138,999
G_dipaxis_s0.15,a056d01e,1,7261.590545506154,1000
G_dipaxis_s0.15,a056d01e,2,12242.15414833212,1000
G_dipaxis_s0.15,a056d01e,3,6051.729674368784,1000
G_dipaxis_s0.15,a056d01e,4,83992.43236901361,1000
G_dipaxis_s0.15,a056d01e,5,44854.22384680706,1000
G_dipaxis_s0.15,a056d01e,6,13132.081575627226,558
G_dipaxis_s0.2,a056d01e,0,6143.496235347597,999
G_dipaxis_s0.2,a056d01e,1,6808.988411079867,1000
G_dipaxis_s0.2,a056d01e,2,12470.772892681332,1000
G_dipaxis_s0.2,a056d01e,3,6252.0991034377785,1000
G_dipaxis_s0.2,a056d01e,4,84774.85618340188,1000
G_dipaxis_s0.2,a056d01e,5,48221.84759156372,1000
G_dipaxis_s0.2,a056d01e,6,15991.271823288482,558
G_dipaxis_s0.1,a4719920,0,31490.93290371438,999
G_dipaxis_s0.1,a4719920,1,7443.640062841625,1000
G_dipaxis_s0.1,a4719920,2,38045.322778699134,1000
G_dipaxis_s0.1,a4719920,3,259224.39454949982,1000
G_dipaxis_s0.1,a4719920,4,306580.9076331346,1000
G_dipaxis_s0.1,a4719920,5,188679.68718785694,885
G_dipaxis_s0.15,a4719920,0,27428.325059071365,999
G_dipaxis_s0.15,a4719920,1,5860.913559182495,1000
G_dipaxis_s0.15,a4719920,2,39678.701672742194,1000
G_dipaxis_s0.15,a4719920,3,264309.19387331436,1000
G_dipaxis_s0.15,a4719920,4,328562.2237267682,1000
G_dipaxis_s0.15,a4719920,5,195417.22011336018,885
G_dipaxis_s0.2,a4719920,0,23653.628316682993,999
G_dipaxis_s0.2,a4719920,1,4569.823169536601,1000
G_dipaxis_s0.2,a4719920,2,41425.70231524521,1000
G_dipaxis_s0.2,a4719920,3,269468.9477548499,1000
G_dipaxis_s0.2,a4719920,4,351318.28960515605,1000
G_dipaxis_s0.2,a4719920,5,202319.3506571351,885
G_dipaxis_s0.1,726f3dc2,0,14034.81232992283,999
G_dipaxis_s0.1,726f3dc2,1,12892.88208260014,1000
G_dipaxis_s0.1,726f3dc2,2,66899.70374006734,1000
G_dipaxis_s0.1,726f3dc2,3,27471.831971744596,1000
G_dipaxis_s0.1,726f3dc2,4,26370.41769927892,1000
G_dipaxis_s0.1,726f3dc2,5,6142.178717567375,1000
G_dipaxis_s0.1,726f3dc2,6,10604.508438289793,724
G_dipaxis_s0.15,726f3dc2,0,13229.298844820823,999
G_dipaxis_s0.15,726f3dc2,1,12941.647734040258,1000
G_dipaxis_s0.15,726f3dc2,2,66604.7202876494,1000
G_dipaxis_s0.15,726f3dc2,3,28146.592525411,1000
G_dipaxis_s0.15,726f3dc2,4,26280.700863309372,1000
G_dipaxis_s0.15,726f3dc2,5,6518.025063057816,1000
G_dipaxis_s0.15,726f3dc2,6,11646.371084047923,724
G_dipaxis_s0.2,726f3dc2,0,12448.158959787048,999
G_dipaxis_s0.2,726f3dc2,1,13000.150377932128,1000
G_dipaxis_s0.2,726f3dc2,2,66311.12781552014,1000
G_dipaxis_s0.2,726f3dc2,3,28836.15370535411,1000
G_dipaxis_s0.2,726f3dc2,4,26192.19429052149,1000
G_dipaxis_s0.2,726f3dc2,5,6927.503055555484,1000
G_dipaxis_s0.2,726f3dc2,6,12743.377470874202,724
G_dipaxis_s0.1,5cb483ac,0,1911.1835929686981,999
G_dipaxis_s0.1,5cb483ac,1,22027.362796024743,1000
G_dipaxis_s0.1,5cb483ac,2,9798.11820250729,1000
G_dipaxis_s0.1,5cb483ac,3,4085.5211249543845,853
G_dipaxis_s0.15,5cb483ac,0,2104.926474661118,999
G_dipaxis_s0.15,5cb483ac,1,21924.310748440395,1000
G_dipaxis_s0.15,5cb483ac,2,9505.223782191511,1000
G_dipaxis_s0.15,5cb483ac,3,4191.19731390215,853
G_dipaxis_s0.2,5cb483ac,0,2313.6098141316866,999
G_dipaxis_s0.2,5cb483ac,1,21826.78396715011,1000
G_dipaxis_s0.2,5cb483ac,2,9218.776363880232,1000
G_dipaxis_s0.2,5cb483ac,3,4299.428257347871,853
G_dipaxis_s0.1,5bd25f59,0,5793.705269340457,999
G_dipaxis_s0.1,5bd25f59,1,22965.219343793826,1000
G_dipaxis_s0.1,5bd25f59,2,8778.451576257226,1000
G_dipaxis_s0.1,5bd25f59,3,5207.665763107498,1000
G_dipaxis_s0.1,5bd25f59,4,8202.449064812055,211
G_dipaxis_s0.15,5bd25f59,0,4320.2717974023935,999
G_dipaxis_s0.15,5bd25f59,1,14553.030241374232,1000
G_dipaxis_s0.15,5bd25f59,2,2653.928134276014,1000
G_dipaxis_s0.15,5bd25f59,3,12673.598042734802,1000
G_dipaxis_s0.15,5bd25f59,4,17052.08472268103,211
G_dipaxis_s0.2,5bd25f59,0,3069.586351180848,999
G_dipaxis_s0.2,5bd25f59,1,8225.444386188938,1000
G_dipaxis_s0.2,5bd25f59,2,586.9033720092685,1000
G_dipaxis_s0.2,5bd25f59,3,29567.080282085313,1000
G_dipaxis_s0.2,5bd25f59,4,29146.740362976314,211
G_dipaxis_s0.1,79507629,0,1692.7729966253848,999
G_dipaxis_s0.1,79507629,1,14916.233564050404,1000
G_dipaxis_s0.1,79507629,2,107979.87553295262,1000
G_dipaxis_s0.1,79507629,3,105490.56806703829,1000
G_dipaxis_s0.1,79507629,4,194380.92431576806,1000
G_dipaxis_s0.1,79507629,5,101988.01069353774,303
G_dipaxis_s0.15,79507629,0,1258.967799212049,999
G_dipaxis_s0.15,79507629,1,12606.597418722493,1000
G_dipaxis_s0.15,79507629,2,96027.92485189115,1000
G_dipaxis_s0.15,79507629,3,92430.50507117434,1000
G_dipaxis_s0.15,79507629,4,180736.22393772827,1000
G_dipaxis_s0.15,79507629,5,97322.9894930447,303
G_dipaxis_s0.2,79507629,0,952.962141708399,999
G_dipaxis_s0.2,79507629,1,10522.921115716694,1000
G_dipaxis_s0.2,79507629,2,84836.40073586335,1000
G_dipaxis_s0.2,79507629,3,80284.29008128992,1000
G_dipaxis_s0.2,79507629,4,167599.82681934122,1000
G_dipaxis_s0.2,79507629,5,92767.46047986156,303
G_dipaxis_s0.1,f4d12d23,0,2794.390071903568,999
G_dipaxis_s0.1,f4d12d23,1,14610.440082573052,1000
G_dipaxis_s0.1,f4d12d23,2,6754.766915988059,1000
G_dipaxis_s0.1,f4d12d23,3,23680.434981700433,702
G_dipaxis_s0.15,f4d12d23,0,2768.2736818077055,999
G_dipaxis_s0.15,f4d12d23,1,15034.007911015313,1000
G_dipaxis_s0.15,f4d12d23,2,7309.41958164578,1000
G_dipaxis_s0.15,f4d12d23,3,25696.413756678965,702
G_dipaxis_s0.2,f4d12d23,0,2742.911570233618,999
G_dipaxis_s0.2,f4d12d23,1,15464.683370669207,1000
G_dipaxis_s0.2,f4d12d23,2,7921.495356595825,1000
G_dipaxis_s0.2,f4d12d23,3,27812.22106313808,702
G_dipaxis_s0.1,3ef6372a,0,14074.842245408177,999
G_dipaxis_s0.1,3ef6372a,1,8881.385998490869,1000
G_dipaxis_s0.1,3ef6372a,2,9032.862663937762,1000
G_dipaxis_s0.1,3ef6372a,3,22943.470355001344,1000
G_dipaxis_s0.1,3ef6372a,4,904.624245545596,728
G_dipaxis_s0.15,3ef6372a,0,14663.1751682615,999
G_dipaxis_s0.15,3ef6372a,1,8747.891851204402,1000
G_dipaxis_s0.15,3ef6372a,2,9257.393147233719,1000
G_dipaxis_s0.15,3ef6372a,3,17269.029509006647,1000
G_dipaxis_s0.15,3ef6372a,4,83.27864475642059,728
G_dipaxis_s0.2,3ef6372a,0,15266.747753140979,999
G_dipaxis_s0.2,3ef6372a,1,8637.184297434991,1000
G_dipaxis_s0.2,3ef6372a,2,9622.210945324032,1000
G_dipaxis_s0.2,3ef6372a,3,12731.613549131387,1000
G_dipaxis_s0.2,3ef6372a,4,212.54632175929896,728
G_dipaxis_s0.1,18d24f7b,0,1871.1819691787716,999
G_dipaxis_s0.1,18d24f7b,1,6639.911197107929,1000
G_dipaxis_s0.1,18d24f7b,2,26828.117170210022,1000
G_dipaxis_s0.1,18d24f7b,3,79193.0959695632,1000
G_dipaxis_s0.1,18d24f7b,4,59853.40326040775,559
G_dipaxis_s0.15,18d24f7b,0,1784.1417074845062,999
G_dipaxis_s0.15,18d24f7b,1,6637.849740737707,1000
G_dipaxis_s0.15,18d24f7b,2,23893.634330024062,1000
G_dipaxis_s0.15,18d24f7b,3,70313.37079590048,1000
G_dipaxis_s0.15,18d24f7b,4,52803.40682331887,559
G_dipaxis_s0.2,18d24f7b,0,1800.0714874643863,999
G_dipaxis_s0.2,18d24f7b,1,6650.512365845867,1000
G_dipaxis_s0.2,18d24f7b,2,21150.069030002163,1000
G_dipaxis_s0.2,18d24f7b,3,61965.84471419368,1000
G_dipaxis_s0.2,18d24f7b,4,46195.22296461411,559
G_dipaxis_s0.1,fa31da94,0,6845.168649614451,999
G_dipaxis_s0.1,fa31da94,1,296918.9124463002,1000
G_dipaxis_s0.1,fa31da94,2,214302.69003799508,1000
G_dipaxis_s0.1,fa31da94,3,30307.26918856189,1000
G_dipaxis_s0.1,fa31da94,4,20061.318272371464,1000
G_dipaxis_s0.1,fa31da94,5,372.0269496874592,28
G_dipaxis_s0.15,fa31da94,0,5459.783897690485,999
G_dipaxis_s0.15,fa31da94,1,271819.20792434807,1000
G_dipaxis_s0.15,fa31da94,2,188999.69169356168,1000
G_dipaxis_s0.15,fa31da94,3,47116.87094014716,1000
G_dipaxis_s0.15,fa31da94,4,29201.863716200474,1000
G_dipaxis_s0.15,fa31da94,5,68.34309900067562,28
G_dipaxis_s0.2,fa31da94,0,4368.184902406077,999
G_dipaxis_s0.2,fa31da94,1,247856.69198725355,1000
G_dipaxis_s0.2,fa31da94,2,166435.57254074662,1000
G_dipaxis_s0.2,fa31da94,3,67709.88267267172,1000
G_dipaxis_s0.2,fa31da94,4,44487.08155630389,1000
G_dipaxis_s0.2,fa31da94,5,7.683550346168889,28
G_dipaxis_s0.1,cdc31d65,0,38427.28527025253,999
G_dipaxis_s0.1,cdc31d65,1,42255.261917884694,1000
G_dipaxis_s0.1,cdc31d65,2,11156.537735852704,1000
G_dipaxis_s0.1,cdc31d65,3,9521.328025940991,1000
G_dipaxis_s0.1,cdc31d65,4,4049.3266333189445,841
G_dipaxis_s0.15,cdc31d65,0,38601.08649305405,999
G_dipaxis_s0.15,cdc31d65,1,42311.62282150694,1000
G_dipaxis_s0.15,cdc31d65,2,10497.425337684932,1000
G_dipaxis_s0.15,cdc31d65,3,8891.584117661456,1000
G_dipaxis_s0.15,cdc31d65,4,3623.3302586547966,841
G_dipaxis_s0.2,cdc31d65,0,38775.45221759486,999
G_dipaxis_s0.2,cdc31d65,1,42370.937337518626,1000
G_dipaxis_s0.2,cdc31d65,2,9859.457611370817,1000
G_dipaxis_s0.2,cdc31d65,3,8284.29286018303,1000
G_dipaxis_s0.2,cdc31d65,4,3231.7120044240946,841
G_dipaxis_s0.1,c50b42f6,0,1404.4040711443624,999
G_dipaxis_s0.1,c50b42f6,1,14198.992112182186,1000
G_dipaxis_s0.1,c50b42f6,2,36593.797819115905,1000
G_dipaxis_s0.1,c50b42f6,3,5085.860012485126,1000
G_dipaxis_s0.1,c50b42f6,4,23645.190165579093,1000
G_dipaxis_s0.1,c50b42f6,5,11757.536773045153,1000
G_dipaxis_s0.1,c50b42f6,6,4.272801623211084,15
G_dipaxis_s0.15,c50b42f6,0,1409.7051453243685,999
G_dipaxis_s0.15,c50b42f6,1,13076.707290996043,1000
G_dipaxis_s0.15,c50b42f6,2,32557.053055329154,1000
G_dipaxis_s0.15,c50b42f6,3,4545.024174464065,1000
G_dipaxis_s0.15,c50b42f6,4,28918.9305035404,1000
G_dipaxis_s0.15,c50b42f6,5,16951.18790088605,1000
G_dipaxis_s0.15,c50b42f6,6,0.33011000658147377,15
G_dipaxis_s0.2,c50b42f6,0,1419.7090780122178,999
G_dipaxis_s0.2,c50b42f6,1,12002.254227107996,1000
G_dipaxis_s0.2,c50b42f6,2,28777.890674681323,1000
G_dipaxis_s0.2,c50b42f6,3,4395.4505687935925,1000
G_dipaxis_s0.2,c50b42f6,4,34859.58292103235,1000
G_dipaxis_s0.2,c50b42f6,5,23288.425373721337,1000
G_dipaxis_s0.2,c50b42f6,6,7.368564242263675,15
G_dipaxis_s0.1,19871e7f,0,1121.3491557147793,999
G_dipaxis_s0.1,19871e7f,1,1378.954178560298,1000
G_dipaxis_s0.1,19871e7f,2,25832.111607384177,1000
G_dipaxis_s0.1,19871e7f,3,60538.87403020374,1000
G_dipaxis_s0.1,19871e7f,4,60779.31466415987,1000
G_dipaxis_s0.1,19871e7f,5,13770.62430940659,294
G_dipaxis_s0.15,19871e7f,0,1119.2685172191725,999
G_dipaxis_s0.15,19871e7f,1,1276.2956848431675,1000
G_dipaxis_s0.15,19871e7f,2,25847.79869657208,1000
G_dipaxis_s0.15,19871e7f,3,62078.91085251837,1000
G_dipaxis_s0.15,19871e7f,4,63795.241390472496,1000
G_dipaxis_s0.15,19871e7f,5,14453.4355505408,294
G_dipaxis_s0.2,19871e7f,0,1118.434593574344,999
G_dipaxis_s0.2,19871e7f,1,1179.0470481325215,1000
G_dipaxis_s0.2,19871e7f,2,25951.53298488117,1000
G_dipaxis_s0.2,19871e7f,3,63645.062278769394,1000
G_dipaxis_s0.2,19871e7f,4,66885.2221818266,1000
G_dipaxis_s0.2,19871e7f,5,15153.013380066157,294
G_dipaxis_s0.1,8cc21f01,0,24491.007570785034,999
G_dipaxis_s0.1,8cc21f01,1,13765.12467843754,1000
G_dipaxis_s0.1,8cc21f01,2,53930.236020869044,1000
G_dipaxis_s0.1,8cc21f01,3,151118.93818642065,1000
G_dipaxis_s0.1,8cc21f01,4,5855.330868295448,45
G_dipaxis_s0.15,8cc21f01,0,26420.95825740306,999
G_dipaxis_s0.15,8cc21f01,1,11650.784384730829,1000
G_dipaxis_s0.15,8cc21f01,2,67405.05860472523,1000
G_dipaxis_s0.15,8cc21f01,3,176734.70748533495,1000
G_dipaxis_s0.15,8cc21f01,4,6965.049800872048,45
G_dipaxis_s0.2,8cc21f01,0,28435.53220796358,999
G_dipaxis_s0.2,8cc21f01,1,10088.094926680951,1000
G_dipaxis_s0.2,8cc21f01,2,82597.08976202342,1000
G_dipaxis_s0.2,8cc21f01,3,204358.11314952894,1000
G_dipaxis_s0.2,8cc21f01,4,8171.010323925821,45
G_dipaxis_s0.1,e7818f7a,0,4165.38317547286,999
G_dipaxis_s0.1,e7818f7a,1,53863.83779933247,1000
G_dipaxis_s0.1,e7818f7a,2,18680.74867729259,1000
G_dipaxis_s0.1,e7818f7a,3,10662.1529352487,1000
G_dipaxis_s0.1,e7818f7a,4,289966.31328026246,1000
G_dipaxis_s0.1,e7818f7a,5,111727.61822895637,372
G_dipaxis_s0.15,e7818f7a,0,4160.726788924051,999
G_dipaxis_s0.15,e7818f7a,1,51632.82778479329,1000
G_dipaxis_s0.15,e7818f7a,2,15581.403107628841,1000
G_dipaxis_s0.15,e7818f7a,3,13800.350020253249,1000
G_dipaxis_s0.15,e7818f7a,4,321615.9663762955,1000
G_dipaxis_s0.15,e7818f7a,5,127161.94594428927,372
G_dipaxis_s0.2,e7818f7a,0,4156.351743058315,999
G_dipaxis_s0.2,e7818f7a,1,49461.85368443392,1000
G_dipaxis_s0.2,e7818f7a,2,12901.665503749176,1000
G_dipaxis_s0.2,e7818f7a,3,17820.330690866802,1000
G_dipaxis_s0.2,e7818f7a,4,354915.3755991571,1000
G_dipaxis_s0.2,e7818f7a,5,143599.5086422918,372
G_dipaxis_s0.1,d543916f,0,617.8247149174689,999
G_dipaxis_s0.1,d543916f,1,13082.990521320462,1000
G_dipaxis_s0.1,d543916f,2,158828.1343084865,1000
G_dipaxis_s0.1,d543916f,3,403166.81674862374,1000
G_dipaxis_s0.1,d543916f,4,406419.3568825954,800
G_dipaxis_s0.15,d543916f,0,673.8650485626515,999
G_dipaxis_s0.15,d543916f,1,13650.271178831794,1000
G_dipaxis_s0.15,d543916f,2,157678.6940727916,1000
G_dipaxis_s0.15,d543916f,3,402906.4708774759,1000
G_dipaxis_s0.15,d543916f,4,410200.40570869046,800
G_dipaxis_s0.2,d543916f,0,745.679268992865,999
G_dipaxis_s0.2,d543916f,1,14232.35754245234,1000
G_dipaxis_s0.2,d543916f,2,156539.53570150174,1000
G_dipaxis_s0.2,d543916f,3,402650.7504842043,1000
G_dipaxis_s0.2,d543916f,4,414002.9331132736,800
G_dipaxis_s0.1,3aaa2b30,0,5979.786586426907,999
G_dipaxis_s0.1,3aaa2b30,1,1452.577964873193,1000
G_dipaxis_s0.1,3aaa2b30,2,20119.227229470667,1000
G_dipaxis_s0.1,3aaa2b30,3,31993.516140476986,1000
G_dipaxis_s0.1,3aaa2b30,4,120549.06935948528,712
G_dipaxis_s0.15,3aaa2b30,0,5993.090716979803,999
G_dipaxis_s0.15,3aaa2b30,1,2061.643949366078,1000
G_dipaxis_s0.15,3aaa2b30,2,25222.13484346533,1000
G_dipaxis_s0.15,3aaa2b30,3,28802.942140532155,1000
G_dipaxis_s0.15,3aaa2b30,4,107010.20585888464,712
G_dipaxis_s0.2,3aaa2b30,0,6039.536559106765,999
G_dipaxis_s0.2,3aaa2b30,1,3019.878668720837,1000
G_dipaxis_s0.2,3aaa2b30,2,30923.4338243147,1000
G_dipaxis_s0.2,3aaa2b30,3,26705.71490996791,1000
G_dipaxis_s0.2,3aaa2b30,4,94286.47650587671,712
G_dipaxis_s0.1,fbd68d27,0,24922.05402852749,999
G_dipaxis_s0.1,fbd68d27,1,11342.879572631022,1000
G_dipaxis_s0.1,fbd68d27,2,31150.516014133893,1000
G_dipaxis_s0.1,fbd68d27,3,88913.23314608332,1000
G_dipaxis_s0.1,fbd68d27,4,84415.4743921609,1000
G_dipaxis_s0.1,fbd68d27,5,164238.3643464845,1000
G_dipaxis_s0.1,fbd68d27,6,238074.72305603436,830
G_dipaxis_s0.15,fbd68d27,0,23527.94598237486,999
G_dipaxis_s0.15,fbd68d27,1,9994.187182197433,1000
G_dipaxis_s0.15,fbd68d27,2,27570.897846061303,1000
G_dipaxis_s0.15,fbd68d27,3,79905.15422753488,1000
G_dipaxis_s0.15,fbd68d27,4,78668.98994681516,1000
G_dipaxis_s0.15,fbd68d27,5,154630.80698005838,1000
G_dipaxis_s0.15,fbd68d27,6,226973.85144077192,830
G_dipaxis_s0.2,fbd68d27,0,22188.68501113098,999
G_dipaxis_s0.2,fbd68d27,1,8734.928126339139,1000
G_dipaxis_s0.2,fbd68d27,2,24212.20525803449,1000
G_dipaxis_s0.2,fbd68d27,3,71391.48290682305,1000
G_dipaxis_s0.2,fbd68d27,4,73126.64941480158,1000
G_dipaxis_s0.2,fbd68d27,5,145318.21543143623,1000
G_dipaxis_s0.2,fbd68d27,6,216141.083584359,830
G_dipaxis_s0.1,28473855,0,1106.6644683410632,999
G_dipaxis_s0.1,28473855,1,3669.147168159405,1000
G_dipaxis_s0.1,28473855,2,3906.570879282598,1000
G_dipaxis_s0.1,28473855,3,33575.15766603642,1000
G_dipaxis_s0.1,28473855,4,41700.361560025915,291
G_dipaxis_s0.15,28473855,0,1270.383452856374,999
G_dipaxis_s0.15,28473855,1,6061.664593474356,1000
G_dipaxis_s0.15,28473855,2,4142.338840464839,1000
G_dipaxis_s0.15,28473855,3,29931.390771725568,1000
G_dipaxis_s0.15,28473855,4,36869.4781615454,291
G_dipaxis_s0.2,28473855,0,1536.9282257560747,999
G_dipaxis_s0.2,28473855,1,9070.947320437885,1000
G_dipaxis_s0.2,28473855,2,4752.29659592124,1000
G_dipaxis_s0.2,28473855,3,26524.30277567136,1000
G_dipaxis_s0.2,28473855,4,32343.98998396073,291
G_dipaxis_s0.1,c66be2b8,0,4558.014025682518,999
G_dipaxis_s0.1,c66be2b8,1,21055.79864516064,1000
G_dipaxis_s0.1,c66be2b8,2,351848.1338763328,1000
G_dipaxis_s0.1,c66be2b8,3,466297.71545695834,1000
G_dipaxis_s0.1,c66be2b8,4,62942.86107955701,155
G_dipaxis_s0.15,c66be2b8,0,5413.931530793555,999
G_dipaxis_s0.15,c66be2b8,1,21256.35573478407,1000
G_dipaxis_s0.15,c66be2b8,2,331732.9131372575,1000
G_dipaxis_s0.15,c66be2b8,3,430095.4249652261,1000
G_dipaxis_s0.15,c66be2b8,4,58126.34719780649,155
G_dipaxis_s0.2,c66be2b8,0,6356.789499535068,999
G_dipaxis_s0.2,c66be2b8,1,21585.77231441087,1000
G_dipaxis_s0.2,c66be2b8,2,312218.34821461706,1000
G_dipaxis_s0.2,c66be2b8,3,395357.4328949348,1000
G_dipaxis_s0.2,c66be2b8,4,53501.54115824425,155
G_dipaxis_s0.1,82aab6d2,0,31614.771885189486,999
G_dipaxis_s0.1,82aab6d2,1,8957.937628315476,1000
G_dipaxis_s0.1,82aab6d2,2,27247.97474430186,1000
G_dipaxis_s0.1,82aab6d2,3,3258.6174920498574,1000
G_dipaxis_s0.1,82aab6d2,4,6413.387386561106,1000
G_dipaxis_s0.1,82aab6d2,5,6374.516504851225,1000
G_dipaxis_s0.1,82aab6d2,6,72.61593434728115,141
G_dipaxis_s0.15,82aab6d2,0,30298.822625914283,999
G_dipaxis_s0.15,82aab6d2,1,7953.919244310226,1000
G_dipaxis_s0.15,82aab6d2,2,24930.213979478198,1000
G_dipaxis_s0.15,82aab6d2,3,4674.792583297935,1000
G_dipaxis_s0.15,82aab6d2,4,8126.577338631702,1000
G_dipaxis_s0.15,82aab6d2,5,8180.502988611644,1000
G_dipaxis_s0.15,82aab6d2,6,150.80894047093858,141
G_dipaxis_s0.2,82aab6d2,0,29012.156176984874,999
G_dipaxis_s0.2,82aab6d2,1,7020.91623554523,1000
G_dipaxis_s0.2,82aab6d2,2,22759.785598993276,1000
G_dipaxis_s0.2,82aab6d2,3,6380.920894315546,1000
G_dipaxis_s0.2,82aab6d2,4,10060.925584901639,1000
G_dipaxis_s0.2,82aab6d2,5,10247.499032575928,1000
G_dipaxis_s0.2,82aab6d2,6,258.629559430855,141
G_dipaxis_s0.1,044af7d1,0,45868.38827678963,999
G_dipaxis_s0.1,044af7d1,1,13638.800465447137,1000
G_dipaxis_s0.1,044af7d1,2,6419.885369635078,1000
G_dipaxis_s0.1,044af7d1,3,14705.247794919096,1000
G_dipaxis_s0.1,044af7d1,4,10104.257127705585,520
G_dipaxis_s0.15,044af7d1,0,44751.635078128566,999
G_dipaxis_s0.15,044af7d1,1,12801.875469933953,1000
G_dipaxis_s0.15,044af7d1,2,6325.152947447061,1000
G_dipaxis_s0.15,044af7d1,3,13247.175001994596,1000
G_dipaxis_s0.15,044af7d1,4,9037.253467685117,520
G_dipaxis_s0.2,044af7d1,0,43653.864555254724,999
G_dipaxis_s0.2,044af7d1,1,11996.31897220707,1000
G_dipaxis_s0.2,044af7d1,2,6233.9613635831865,1000
G_dipaxis_s0.2,044af7d1,3,11871.618950256505,1000
G_dipaxis_s0.2,044af7d1,4,8035.315668583688,520
G_dipaxis_s0.1,d24ff243,0,3293.31912646828,999
G_dipaxis_s0.1,d24ff243,1,4131.655295966947,1000
G_dipaxis_s0.1,d24ff243,2,69189.64618071265,1000
G_dipaxis_s0.1,d24ff243,3,18863.880429470948,1000
G_dipaxis_s0.1,d24ff243,4,4063.2979248642523,1000
G_dipaxis_s0.1,d24ff243,5,37630.349430484464,642
G_dipaxis_s0.15,d24ff243,0,3553.8037797539823,999
G_dipaxis_s0.15,d24ff243,1,2179.477441223024,1000
G_dipaxis_s0.15,d24ff243,2,55263.2305727346,1000
G_dipaxis_s0.15,d24ff243,3,9560.23625850649,1000
G_dipaxis_s0.15,d24ff243,4,1574.0779364195746,1000
G_dipaxis_s0.15,d24ff243,5,56119.73568265748,642
G_dipaxis_s0.2,d24ff243,0,3849.0793754599267,999
G_dipaxis_s0.2,d24ff243,1,1372.2852422962358,1000
G_dipaxis_s0.2,d24ff243,2,43061.82617303468,1000
G_dipaxis_s0.2,d24ff243,3,3560.011268818882,1000
G_dipaxis_s0.2,d24ff243,4,5026.864207314579,1000
G_dipaxis_s0.2,d24ff243,5,80986.61884482933,642
G_dipaxis_s0.1,e03b45fd,0,6053.220341751142,999
G_dipaxis_s0.1,e03b45fd,1,89965.62071381079,1000
G_dipaxis_s0.1,e03b45fd,2,361198.72194734606,1000
G_dipaxis_s0.1,e03b45fd,3,28416.3913476261,1000
G_dipaxis_s0.1,e03b45fd,4,412413.18004032044,1000
G_dipaxis_s0.1,e03b45fd,5,10368.304884635772,343
G_dipaxis_s0.15,e03b45fd,0,6641.301815203944,999
G_dipaxis_s0.15,e03b45fd,1,97002.12777557128,1000
G_dipaxis_s0.15,e03b45fd,2,390666.111850247,1000
G_dipaxis_s0.15,e03b45fd,3,47798.983968965775,1000
G_dipaxis_s0.15,e03b45fd,4,482570.37625578104,1000
G_dipaxis_s0.15,e03b45fd,5,7571.603843549454,343
G_dipaxis_s0.2,e03b45fd,0,7262.208947543165,999
G_dipaxis_s0.2,e03b45fd,1,104397.34957044438,1000
G_dipaxis_s0.2,e03b45fd,2,421913.18895945325,1000
G_dipaxis_s0.2,e03b45fd,3,74253.70775088361,1000
G_dipaxis_s0.2,e03b45fd,4,558854.4772758033,1000
G_dipaxis_s0.2,e03b45fd,5,8050.302621824344,343
G_dipaxis_s0.1,1770d7c6,0,1379.1158689705505,999
G_dipaxis_s0.1,1770d7c6,1,152.30012079896954,1000
G_dipaxis_s0.1,1770d7c6,2,20375.17118212024,1000
G_dipaxis_s0.1,1770d7c6,3,10746.26681668116,1000
G_dipaxis_s0.1,1770d7c6,4,21132.90123488565,1000
G_dipaxis_s0.1,1770d7c6,5,2712.3227615845813,1000
G_dipaxis_s0.1,1770d7c6,6,1458.6247765858673,1000
G_dipaxis_s0.1,1770d7c6,7,777.5223475679354,241
G_dipaxis_s0.15,1770d7c6,0,1270.5863820136465,999
G_dipaxis_s0.15,1770d7c6,1,144.39536023450773,1000
G_dipaxis_s0.15,1770d7c6,2,18741.633649159354,1000
G_dipaxis_s0.15,1770d7c6,3,9531.29584703258,1000
G_dipaxis_s0.15,1770d7c6,4,19892.370855781985,1000
G_dipaxis_s0.15,1770d7c6,5,2669.5886070623465,1000
G_dipaxis_s0.15,1770d7c6,6,1374.3990455307637,1000
G_dipaxis_s0.15,1770d7c6,7,830.6422541937977,241
G_dipaxis_s0.2,1770d7c6,0,1169.5089145124741,999
G_dipaxis_s0.2,1770d7c6,1,253.0889889671445,1000
G_dipaxis_s0.2,1770d7c6,2,17214.542123962063,1000
G_dipaxis_s0.2,1770d7c6,3,8397.435589025725,1000
G_dipaxis_s0.2,1770d7c6,4,18690.242226777937,1000
G_dipaxis_s0.2,1770d7c6,5,2633.2924742621667,1000
G_dipaxis_s0.2,1770d7c6,6,1304.1816515148973,1000
G_dipaxis_s0.2,1770d7c6,7,885.5747722423995,241
G_dipaxis_s0.1,a79fd2e7,0,16705.72444725335,999
G_dipaxis_s0.1,a79fd2e7,1,77638.9717610178,1000
G_dipaxis_s0.1,a79fd2e7,2,41298.9882733193,1000
G_dipaxis_s0.1,a79fd2e7,3,50478.452113517465,1000
G_dipaxis_s0.1,a79fd2e7,4,219284.18963258155,405
G_dipaxis_s0.15,a79fd2e7,0,16254.73654872069,999
G_dipaxis_s0.15,a79fd2e7,1,75872.12251992666,1000
G_dipaxis_s0.15,a79fd2e7,2,44036.41353107064,1000
G_dipaxis_s0.15,a79fd2e7,3,59526.92395568076,1000
G_dipaxis_s0.15,a79fd2e7,4,232013.32433512542,405
G_dipaxis_s0.2,a79fd2e7,0,15817.5620869814,999
G_dipaxis_s0.2,a79fd2e7,1,74127.16995959468,1000
G_dipaxis_s0.2,a79fd2e7,2,46893.13343515869,1000
G_dipaxis_s0.2,a79fd2e7,3,69371.64897688529,1000
G_dipaxis_s0.2,a79fd2e7,4,245109.63120076794,405
G_dipaxis_s0.1,00bbac68,0,23198.332484958984,999
G_dipaxis_s0.1,00bbac68,1,63083.93354165132,1000
G_dipaxis_s0.1,00bbac68,2,111781.48963702007,1000
G_dipaxis_s0.1,00bbac68,3,10650.049830172671,1000
G_dipaxis_s0.1,00bbac68,4,672368.1581412578,1000
G_dipaxis_s0.1,00bbac68,5,489654.60543033783,1000
G_dipaxis_s0.1,00bbac68,6,1164.6046998349684,15
G_dipaxis_s0.15,00bbac68,0,20027.479309862963,999
G_dipaxis_s0.15,00bbac68,1,56152.647782087304,1000
G_dipaxis_s0.15,00bbac68,2,98475.66008107743,1000
G_dipaxis_s0.15,00bbac68,3,7333.238140075399,1000
G_dipaxis_s0.15,00bbac68,4,675828.5452582582,1000
G_dipaxis_s0.15,00bbac68,5,503537.19629030774,1000
G_dipaxis_s0.15,00bbac68,6,1420.4112284759137,15
G_dipaxis_s0.2,00bbac68,0,17092.475256380505,999
G_dipaxis_s0.2,00bbac68,1,49627.242868927555,1000
G_dipaxis_s0.2,00bbac68,2,86013.21917549225,1000
G_dipaxis_s0.2,00bbac68,3,5356.441479853759,1000
G_dipaxis_s0.2,00bbac68,4,679580.9690061837,1000
G_dipaxis_s0.2,00bbac68,5,517901.52161348605,1000
G_dipaxis_s0.2,00bbac68,6,1701.605209599239,15
G_dipaxis_s0.1,12203f2a,0,2521.145576812811,999
G_dipaxis_s0.1,12203f2a,1,1322.7985726630259,1000
G_dipaxis_s0.1,12203f2a,2,14025.65726470722,1000
G_dipaxis_s0.1,12203f2a,3,6694.349607731933,262
G_dipaxis_s0.15,12203f2a,0,2830.6201961704132,999
G_dipaxis_s0.15,12203f2a,1,744.38002039059,1000
G_dipaxis_s0.15,12203f2a,2,12496.589686276437,1000
G_dipaxis_s0.15,12203f2a,3,6185.2677579027195,262
G_dipaxis_s0.2,12203f2a,0,3174.645795867316,999
G_dipaxis_s0.2,12203f2a,1,386.56060194488504,1000
G_dipaxis_s0.2,12203f2a,2,11242.384817935947,1000
G_dipaxis_s0.2,12203f2a,3,5698.283519910756,262
G_dipaxis_s0.1,d463e527,0,15226.354943173228,999
G_dipaxis_s0.1,d463e527,1,22154.705525079924,1000
G_dipaxis_s0.1,d463e527,2,29131.14345968674,1000
G_dipaxis_s0.1,d463e527,3,132638.35978860053,1000
G_dipaxis_s0.1,d463e527,4,102767.21314622436,768
G_dipaxis_s0.15,d463e527,0,15773.848559028955,999
G_dipaxis_s0.15,d463e527,1,22492.888791673144,1000
G_dipaxis_s0.15,d463e527,2,27780.01826295133,1000
G_dipaxis_s0.15,d463e527,3,135876.31762019714,1000
G_dipaxis_s0.15,d463e527,4,103623.56294519591,768
G_dipaxis_s0.2,d463e527,0,16333.590712215511,999
G_dipaxis_s0.2,d463e527,1,22900.21819716607,1000
G_dipaxis_s0.2,d463e527,2,26675.665306547144,1000
G_dipaxis_s0.2,d463e527,3,139160.46000096877,1000
G_dipaxis_s0.2,d463e527,4,104520.65368587546,768
G_dipaxis_s0.1,b0d42b0d,0,276817.4888526128,999
G_dipaxis_s0.1,b0d42b0d,1,576981.8200615086,1000
G_dipaxis_s0.1,b0d42b0d,2,526274.9048547113,1000
G_dipaxis_s0.1,b0d42b0d,3,594865.648427067,1000
G_dipaxis_s0.1,b0d42b0d,4,244840.54401073806,972
G_dipaxis_s0.15,b0d42b0d,0,277935.2291959182,999
G_dipaxis_s0.15,b0d42b0d,1,584016.9817293765,1000
G_dipaxis_s0.15,b0d42b0d,2,539431.3260685707,1000
G_dipaxis_s0.15,b0d42b0d,3,623591.5346944982,1000
G_dipaxis_s0.15,b0d42b0d,4,275397.5107660548,972
G_dipaxis_s0.2,b0d42b0d,0,279056.6228387584,999
G_dipaxis_s0.2,b0d42b0d,1,591100.8421711414,1000
G_dipaxis_s0.2,b0d42b0d,2,552790.56319262,1000
G_dipaxis_s0.2,b0d42b0d,3,653054.5329610038,1000
G_dipaxis_s0.2,b0d42b0d,4,308013.9638909032,972
G_dipaxis_s0.1,38991fd4,0,6736.887476139355,999
G_dipaxis_s0.1,38991fd4,1,6780.738262039178,1000
G_dipaxis_s0.1,38991fd4,2,13829.948502188836,1000
G_dipaxis_s0.1,38991fd4,3,144604.43243624512,1000
G_dipaxis_s0.1,38991fd4,4,55370.85377678054,799
G_dipaxis_s0.15,38991fd4,0,5954.333679285005,999
G_dipaxis_s0.15,38991fd4,1,5706.316381158992,1000
G_dipaxis_s0.15,38991fd4,2,11521.143672131895,1000
G_dipaxis_s0.15,38991fd4,3,133943.15057631733,1000
G_dipaxis_s0.15,38991fd4,4,48828.09296049273,799
G_dipaxis_s0.2,38991fd4,0,5221.171302298289,999
G_dipaxis_s0.2,38991fd4,1,4725.332820512554,1000
G_dipaxis_s0.2,38991fd4,2,9428.90957891484,1000
G_dipaxis_s0.2,38991fd4,3,123700.77933359398,1000
G_dipaxis_s0.2,38991fd4,4,42703.94531227037,799
G_dipaxis_s0.1,1b08ed48,0,2027.2287320561106,999
G_dipaxis_s0.1,1b08ed48,1,643.3843494873613,1000
G_dipaxis_s0.1,1b08ed48,2,185.1413997521756,1000
G_dipaxis_s0.1,1b08ed48,3,1664.3357551194586,1000
G_dipaxis_s0.1,1b08ed48,4,4542.569554657199,1000
G_dipaxis_s0.1,1b08ed48,5,793.2640964533424,619
G_dipaxis_s0.15,1b08ed48,0,2007.8184776298613,999
G_dipaxis_s0.15,1b08ed48,1,612.3977259267688,1000
G_dipaxis_s0.15,1b08ed48,2,166.1952240016531,1000
G_dipaxis_s0.15,1b08ed48,3,1588.8163379363007,1000
G_dipaxis_s0.15,1b08ed48,4,4880.757798793122,1000
G_dipaxis_s0.15,1b08ed48,5,630.3029101701533,619
G_dipaxis_s0.2,1b08ed48,0,1989.688576364938,999
G_dipaxis_s0.2,1b08ed48,1,584.9199030955943,1000
G_dipaxis_s0.2,1b08ed48,2,150.51839530989918,1000
G_dipaxis_s0.2,1b08ed48,3,1518.3144631835728,1000
G_dipaxis_s0.2,1b08ed48,4,5240.486952114041,1000
G_dipaxis_s0.2,1b08ed48,5,491.3206388544699,619
G_dipaxis_s0.1,6d1d74e1,0,121008.19564209551,999
G_dipaxis_s0.1,6d1d74e1,1,81933.51582478442,1000
G_dipaxis_s0.1,6d1d74e1,2,11190.545428079311,1000
G_dipaxis_s0.1,6d1d74e1,3,8736.932209349061,1000
G_dipaxis_s0.1,6d1d74e1,4,212656.54714718938,1000
G_dipaxis_s0.1,6d1d74e1,5,569648.2423325435,831
G_dipaxis_s0.15,6d1d74e1,0,111309.637060062,999
G_dipaxis_s0.15,6d1d74e1,1,70772.21203263642,1000
G_dipaxis_s0.15,6d1d74e1,2,7855.960478757702,1000
G_dipaxis_s0.15,6d1d74e1,3,17348.50688914247,1000
G_dipaxis_s0.15,6d1d74e1,4,279634.18652055203,1000
G_dipaxis_s0.15,6d1d74e1,5,702749.2406850734,831
G_dipaxis_s0.2,6d1d74e1,0,102032.41772386435,999
G_dipaxis_s0.2,6d1d74e1,1,60656.02798912411,1000
G_dipaxis_s0.2,6d1d74e1,2,6067.556235588549,1000
G_dipaxis_s0.2,6d1d74e1,3,30077.282149439292,1000
G_dipaxis_s0.2,6d1d74e1,4,357640.86295338196,1000
G_dipaxis_s0.2,6d1d74e1,5,849887.7791086427,831
G_dipaxis_s0.1,647f2a41,0,7335.321079957402,999
G_dipaxis_s0.1,647f2a41,1,5047.110199879555,1000
G_dipaxis_s0.1,647f2a41,2,35715.7377562247,1000
G_dipaxis_s0.1,647f2a41,3,15837.336049049523,882
G_dipaxis_s0.15,647f2a41,0,7563.950357708552,999
G_dipaxis_s0.15,647f2a41,1,5383.742233403795,1000
G_dipaxis_s0.15,647f2a41,2,31891.785998221025,1000
G_dipaxis_s0.15,647f2a41,3,16141.091534267192,882
G_dipaxis_s0.2,647f2a41,0,7801.454919120058,999
G_dipaxis_s0.2,647f2a41,1,5737.709005780002,1000
G_dipaxis_s0.2,647f2a41,2,28305.391169317692,1000
G_dipaxis_s0.2,647f2a41,3,16529.274839483707,882
G_dipaxis_s0.1,a85bb86f,0,235536.32691678926,999
G_dipaxis_s0.1,a85bb86f,1,521200.64906574506,1000
G_dipaxis_s0.1,a85bb86f,2,396258.51539414213,1000
G_dipaxis_s0.1,a85bb86f,3,41404.94763469429,100
G_dipaxis_s0.15,a85bb86f,0,227889.50757708188,999
G_dipaxis_s0.15,a85bb86f,1,510076.63537374756,1000
G_dipaxis_s0.15,a85bb86f,2,408089.8497925974,1000
G_dipaxis_s0.15,a85bb86f,3,45276.29324670144,100
G_dipaxis_s0.2,a85bb86f,0,220375.3169092756,999
G_dipaxis_s0.2,a85bb86f,1,499088.68072611094,1000
G_dipaxis_s0.2,a85bb86f,2,420304.0334180306,1000
G_dipaxis_s0.2,a85bb86f,3,49320.90243870247,100
G_dipaxis_s0.1,a612d5a0,0,26006.0307712405,999
G_dipaxis_s0.1,a612d5a0,1,120878.5315520184,1000
G_dipaxis_s0.1,a612d5a0,2,120637.15581288238,1000
G_dipaxis_s0.1,a612d5a0,3,194241.50755000656,1000
G_dipaxis_s0.1,a612d5a0,4,162697.90110035863,1000
G_dipaxis_s0.1,a612d5a0,5,71030.02651468274,330
G_dipaxis_s0.15,a612d5a0,0,25186.415853739098,999
G_dipaxis_s0.15,a612d5a0,1,118164.56420549509,1000
G_dipaxis_s0.15,a612d5a0,2,119446.33806905765,1000
G_dipaxis_s0.15,a612d5a0,3,192058.37122017736,1000
G_dipaxis_s0.15,a612d5a0,4,164980.92685391995,1000
G_dipaxis_s0.15,a612d5a0,5,72538.79491915887,330
G_dipaxis_s0.2,a612d5a0,0,24384.035570050106,999
G_dipaxis_s0.2,a612d5a0,1,115481.62457348479,1000
G_dipaxis_s0.2,a612d5a0,2,118265.30691991524,1000
G_dipaxis_s0.2,a612d5a0,3,189888.0137131718,1000
G_dipaxis_s0.2,a612d5a0,4,167286.90005169244,1000
G_dipaxis_s0.2,a612d5a0,5,74063.81820608422,330
G_dipaxis_s0.1,b7974e66,0,8485.673137656999,999
G_dipaxis_s0.1,b7974e66,1,4118.270670398705,1000
G_dipaxis_s0.1,b7974e66,2,5653.857868534178,1000
G_dipaxis_s0.1,b7974e66,3,4075.801339774336,1000
G_dipaxis_s0.1,b7974e66,4,7351.118229027396,1000
G_dipaxis_s0.1,b7974e66,5,4973.113869823323,559
G_dipaxis_s0.15,b7974e66,0,8661.206592608405,999
G_dipaxis_s0.15,b7974e66,1,3986.7001606551516,1000
G_dipaxis_s0.15,b7974e66,2,4741.872579579886,1000
G_dipaxis_s0.15,b7974e66,3,3246.80982065954,1000
G_dipaxis_s0.15,b7974e66,4,8548.869580303268,1000
G_dipaxis_s0.15,b7974e66,5,5716.796060834044,559
G_dipaxis_s0.2,b7974e66,0,8838.790803526883,999
G_dipaxis_s0.2,b7974e66,1,3865.6107377491044,1000
G_dipaxis_s0.2,b7974e66,2,3918.324894069164,1000
G_dipaxis_s0.2,b7974e66,3,2569.406142243847,1000
G_dipaxis_s0.2,b7974e66,4,9850.603710243307,1000
G_dipaxis_s0.2,b7974e66,5,6512.4901116784085,559
G_dipaxis_s0.1,d6c320d9,0,22479.102392846966,999
G_dipaxis_s0.1,d6c320d9,1,109588.49313581208,1000
G_dipaxis_s0.1,d6c320d9,2,153715.36978629522,1000
G_dipaxis_s0.1,d6c320d9,3,386998.50738004275,1000
G_dipaxis_s0.1,d6c320d9,4,297219.0865418159,1000
G_dipaxis_s0.1,d6c320d9,5,206258.68906352526,453
G_dipaxis_s0.15,d6c320d9,0,23518.534520041783,999
G_dipaxis_s0.15,d6c320d9,1,113322.91464728107,1000
G_dipaxis_s0.15,d6c320d9,2,164531.59896005102,1000
G_dipaxis_s0.15,d6c320d9,3,407259.8213880377,1000
G_dipaxis_s0.15,d6c320d9,4,301144.96047513315,1000
G_dipaxis_s0.15,d6c320d9,5,207433.94315441695,453
G_dipaxis_s0.2,d6c320d9,0,24587.15969756114,999
G_dipaxis_s0.2,d6c320d9,1,117135.11488771858,1000
G_dipaxis_s0.2,d6c320d9,2,175717.08946297725,1000
G_dipaxis_s0.2,d6c320d9,3,428054.5108531046,1000
G_dipaxis_s0.2,d6c320d9,4,305112.80523974384,1000
G_dipaxis_s0.2,d6c320d9,5,208613.8859858429,453
G_dipaxis_s0.1,f03f10fe,0,30542.04313925602,999
G_dipaxis_s0.1,f03f10fe,1,41323.07936530058,1000
G_dipaxis_s0.1,f03f10fe,2,742.8071163238365,1000
G_dipaxis_s0.1,f03f10fe,3,6150.655305746166,1000
G_dipaxis_s0.1,f03f10fe,4,1462.4016144267646,146
G_dipaxis_s0.15,f03f10fe,0,29646.732450439853,999
G_dipaxis_s0.15,f03f10fe,1,39981.77236295999,1000
G_dipaxis_s0.15,f03f10fe,2,702.8623622390048,1000
G_dipaxis_s0.15,f03f10fe,3,7417.324118228024,1000
G_dipaxis_s0.15,f03f10fe,4,1754.6134201093553,146
G_dipaxis_s0.2,f03f10fe,0,28765.00335564387,999
G_dipaxis_s0.2,f03f10fe,1,38697.463695934355,1000
G_dipaxis_s0.2,f03f10fe,2,778.1030967300597,1000
G_dipaxis_s0.2,f03f10fe,3,8819.86187771842,1000
G_dipaxis_s0.2,f03f10fe,4,2074.0017102413626,146
G_dipaxis_s0.1,d011f41b,0,7329.949053899529,999
G_dipaxis_s0.1,d011f41b,1,5457.449960660268,1000
G_dipaxis_s0.1,d011f41b,2,1029.3423523009774,268
G_dipaxis_s0.15,d011f41b,0,7352.2607222012375,999
G_dipaxis_s0.15,d011f41b,1,5480.093430350521,1000
G_dipaxis_s0.15,d011f41b,2,1022.3898672878615,268
G_dipaxis_s0.2,d011f41b,0,7374.649094210565,999
G_dipaxis_s0.2,d011f41b,1,5503.825088618188,1000
G_dipaxis_s0.2,d011f41b,2,1015.4673685055275,268
G_dipaxis_s0.1,60e37807,0,10218.999164697161,999
G_dipaxis_s0.1,60e37807,1,78768.35829799112,1000
G_dipaxis_s0.1,60e37807,2,401678.4955482678,700
G_dipaxis_s0.15,60e37807,0,10122.243147156392,999
G_dipaxis_s0.15,60e37807,1,78578.17572119902,1000
G_dipaxis_s0.15,60e37807,2,406449.40915300883,700
G_dipaxis_s0.2,60e37807,0,10031.116728626861,999
G_dipaxis_s0.2,60e37807,1,78389.39066326732,1000
G_dipaxis_s0.2,60e37807,2,411294.43608815694,700
G_dipaxis_s0.1,46dfcfca,0,936.8375112235501,999
G_dipaxis_s0.1,46dfcfca,1,5495.636263954498,1000
G_dipaxis_s0.1,46dfcfca,2,2997.7594174163996,1000
G_dipaxis_s0.1,46dfcfca,3,5569.757445522234,607
G_dipaxis_s0.15,46dfcfca,0,894.9012181685584,999
G_dipaxis_s0.15,46dfcfca,1,5506.23197051281,1000
G_dipaxis_s0.15,46dfcfca,2,2944.0813665440105,1000
G_dipaxis_s0.15,46dfcfca,3,5732.580974986619,607
G_dipaxis_s0.2,46dfcfca,0,854.9653990816047,999
G_dipaxis_s0.2,46dfcfca,1,5517.262189122443,1000
G_dipaxis_s0.2,46dfcfca,2,2898.197123441109,1000
G_dipaxis_s0.2,46dfcfca,3,5907.085600762696,607
G_dipaxis_s0.1,bc4381e2,0,62713.3261812081,999
G_dipaxis_s0.1,bc4381e2,1,191753.39793839704,1000
G_dipaxis_s0.1,bc4381e2,2,275838.25416129985,1000
G_dipaxis_s0.1,bc4381e2,3,370841.6952589674,1000
G_dipaxis_s0.1,bc4381e2,4,206057.79768911406,956
G_dipaxis_s0.15,bc4381e2,0,63119.85122144422,999
G_dipaxis_s0.15,bc4381e2,1,195994.41459102073,1000
G_dipaxis_s0.15,bc4381e2,2,286836.11602847645,1000
G_dipaxis_s0.15,bc4381e2,3,360051.83030414354,1000
G_dipaxis_s0.15,bc4381e2,4,185825.43444790808,956
G_dipaxis_s0.2,bc4381e2,0,63544.92025155347,999
G_dipaxis_s0.2,bc4381e2,1,200286.09359027044,1000
G_dipaxis_s0.2,bc4381e2,2,298067.0427807121,1000
G_dipaxis_s0.2,bc4381e2,3,349460.08982813754,1000
G_dipaxis_s0.2,bc4381e2,4,166686.64310517802,956
G_dipaxis_s0.1,f8662c22,0,57740.32230018382,999
G_dipaxis_s0.1,f8662c22,1,63170.57239696513,1000
G_dipaxis_s0.1,f8662c22,2,144171.3067920842,1000
G_dipaxis_s0.1,f8662c22,3,483463.9567384596,1000
G_dipaxis_s0.1,f8662c22,4,377031.3970514542,1000
G_dipaxis_s0.1,f8662c22,5,53358.334865690646,430
G_dipaxis_s0.15,f8662c22,0,55182.64539736885,999
G_dipaxis_s0.15,f8662c22,1,63675.17609846727,1000
G_dipaxis_s0.15,f8662c22,2,149622.31168338854,1000
G_dipaxis_s0.15,f8662c22,3,488617.19961947325,1000
G_dipaxis_s0.15,f8662c22,4,378724.3561509153,1000
G_dipaxis_s0.15,f8662c22,5,53435.09849964775,430
G_dipaxis_s0.2,f8662c22,0,52684.09347612396,999
G_dipaxis_s0.2,f8662c22,1,64188.05549565015,1000
G_dipaxis_s0.2,f8662c22,2,155208.1335038334,1000
G_dipaxis_s0.2,f8662c22,3,493804.14420697285,1000
G_dipaxis_s0.2,f8662c22,4,380446.3762185828,1000
G_dipaxis_s0.2,f8662c22,5,53512.51965440316,430
G_dipaxis_s0.1,e14d641e,0,2847.3901473090846,999
G_dipaxis_s0.1,e14d641e,1,1623.365926454591,1000
G_dipaxis_s0.1,e14d641e,2,14032.12136659397,1000
G_dipaxis_s0.1,e14d641e,3,3832.3812280225998,185
G_dipaxis_s0.15,e14d641e,0,2778.8553121941973,999
G_dipaxis_s0.15,e14d641e,1,1054.0534075471912,1000
G_dipaxis_s0.15,e14d641e,2,13547.334920179459,1000
G_dipaxis_s0.15,e14d641e,3,3724.8355703538914,185
G_dipaxis_s0.2,e14d641e,0,2721.7112649476535,999
G_dipaxis_s0.2,e14d641e,1,616.1722717137371,1000
G_dipaxis_s0.2,e14d641e,2,13112.858871994225,1000
G_dipaxis_s0.2,e14d641e,3,3618.8247931707056,185
G_dipaxis_s0.1,6e6d122c,0,1308.0643772841986,999
G_dipaxis_s0.1,6e6d122c,1,51448.974252271444,1000
G_dipaxis_s0.1,6e6d122c,2,11552.354662966654,1000
G_dipaxis_s0.1,6e6d122c,3,1461.099415941264,1000
G_dipaxis_s0.1,6e6d122c,4,5336.720204758202,1000
G_dipaxis_s0.1,6e6d122c,5,5736.287563920127,633
G_dipaxis_s0.15,6e6d122c,0,1338.0521145758355,999
G_dipaxis_s0.15,6e6d122c,1,48204.349556143185,1000
G_dipaxis_s0.15,6e6d122c,2,13110.798252714309,1000
G_dipaxis_s0.15,6e6d122c,3,1953.4333228584435,1000
G_dipaxis_s0.15,6e6d122c,4,5236.903850712784,1000
G_dipaxis_s0.15,6e6d122c,5,5090.651671603321,633
G_dipaxis_s0.2,6e6d122c,0,1397.0447439808954,999
G_dipaxis_s0.2,6e6d122c,1,45067.31678069985,1000
G_dipaxis_s0.2,6e6d122c,2,14844.025802043556,1000
G_dipaxis_s0.2,6e6d122c,3,2527.0321429791134,1000
G_dipaxis_s0.2,6e6d122c,4,5138.506085408889,1000
G_dipaxis_s0.2,6e6d122c,5,4483.732503343212,633
G_dipaxis_s0.1,155887bb,0,28850.238478231262,999
G_dipaxis_s0.1,155887bb,1,28114.898423657072,1000
G_dipaxis_s0.1,155887bb,2,134781.5618178899,1000
G_dipaxis_s0.1,155887bb,3,155588.31326086697,1000
G_dipaxis_s0.1,155887bb,4,29708.663006320632,1000
G_dipaxis_s0.1,155887bb,5,102675.28010670876,586
G_dipaxis_s0.15,155887bb,0,26145.752066672583,999
G_dipaxis_s0.15,155887bb,1,27193.017891110692,1000
G_dipaxis_s0.15,155887bb,2,114899.02338379844,1000
G_dipaxis_s0.15,155887bb,3,117689.65240806724,1000
G_dipaxis_s0.15,155887bb,4,13282.869240000962,1000
G_dipaxis_s0.15,155887bb,5,67351.88247090962,586
G_dipaxis_s0.2,155887bb,0,23630.85492133563,999
G_dipaxis_s0.2,155887bb,1,26402.5632289765,1000
G_dipaxis_s0.2,155887bb,2,96712.6181543366,1000
G_dipaxis_s0.2,155887bb,3,85404.25383309682,1000
G_dipaxis_s0.2,155887bb,4,4203.194360686052,1000
G_dipaxis_s0.2,155887bb,5,40632.58774233164,586
G_dipaxis_s0.1,b3388334,0,14803.592485697447,999
G_dipaxis_s0.1,b3388334,1,223477.25410668907,1000
G_dipaxis_s0.1,b3388334,2,5928.043550409449,1000
G_dipaxis_s0.1,b3388334,3,21136.07783657399,1000
G_dipaxis_s0.1,b3388334,4,19854.031250902644,1000
G_dipaxis_s0.1,b3388334,5,195219.97101196944,1000
G_dipaxis_s0.1,b3388334,6,58073.65160679875,81
G_dipaxis_s0.15,b3388334,0,15337.182413662284,999
G_dipaxis_s0.15,b3388334,1,219278.0581198595,1000
G_dipaxis_s0.15,b3388334,2,5592.160206996888,1000
G_dipaxis_s0.15,b3388334,3,20880.437838825197,1000
G_dipaxis_s0.15,b3388334,4,19636.202760566062,1000
G_dipaxis_s0.15,b3388334,5,208015.36218185112,1000
G_dipaxis_s0.15,b3388334,6,61563.709564272285,81
G_dipaxis_s0.2,b3388334,0,15939.73111987812,999
G_dipaxis_s0.2,b3388334,1,215128.46608043046,1000
G_dipaxis_s0.2,b3388334,2,5279.958847937465,1000
G_dipaxis_s0.2,b3388334,3,20629.975338765948,1000
G_dipaxis_s0.2,b3388334,4,19485.45060130039,1000
G_dipaxis_s0.2,b3388334,5,221260.38527606905,1000
G_dipaxis_s0.2,b3388334,6,65155.62647241025,81
G_dipaxis_s0.1,5a63b5d1,0,11117.197396538111,999
G_dipaxis_s0.1,5a63b5d1,1,176479.21998827052,1000
G_dipaxis_s0.1,5a63b5d1,2,11240.5337908041,1000
G_dipaxis_s0.1,5a63b5d1,3,26688.934355144407,1000
G_dipaxis_s0.1,5a63b5d1,4,130664.20111581456,1000
G_dipaxis_s0.1,5a63b5d1,5,23131.760112645225,1000
G_dipaxis_s0.1,5a63b5d1,6,8281.598986281333,218
G_dipaxis_s0.15,5a63b5d1,0,12263.440419381204,999
G_dipaxis_s0.15,5a63b5d1,1,192047.37390792242,1000
G_dipaxis_s0.15,5a63b5d1,2,15739.57840357658,1000
G_dipaxis_s0.15,5a63b5d1,3,47574.04163878098,1000
G_dipaxis_s0.15,5a63b5d1,4,190593.94166665702,1000
G_dipaxis_s0.15,5a63b5d1,5,56355.919965973866,1000
G_dipaxis_s0.15,5a63b5d1,6,17991.74214684572,218
G_dipaxis_s0.2,5a63b5d1,0,13547.821017864524,999
G_dipaxis_s0.2,5a63b5d1,1,208496.52162530692,1000
G_dipaxis_s0.2,5a63b5d1,2,26045.64904677694,1000
G_dipaxis_s0.2,5a63b5d1,3,78010.03636492933,1000
G_dipaxis_s0.2,5a63b5d1,4,261828.47624118242,1000
G_dipaxis_s0.2,5a63b5d1,5,107232.19984692194,1000
G_dipaxis_s0.2,5a63b5d1,6,31793.535902844804,218
G_dipaxis_s0.1,05a0ee4d,0,1755.880019007855,999
G_dipaxis_s0.1,05a0ee4d,1,17163.553625998928,1000
G_dipaxis_s0.1,05a0ee4d,2,18378.54539217592,1000
G_dipaxis_s0.1,05a0ee4d,3,344519.3606398946,1000
G_dipaxis_s0.1,05a0ee4d,4,49399.22304783949,349
G_dipaxis_s0.15,05a0ee4d,0,1782.1579077725578,999
G_dipaxis_s0.15,05a0ee4d,1,19474.501693553328,1000
G_dipaxis_s0.15,05a0ee4d,2,20207.609225083695,1000
G_dipaxis_s0.15,05a0ee4d,3,305027.98091825435,1000
G_dipaxis_s0.15,05a0ee4d,4,41279.44945726689,349
G_dipaxis_s0.2,05a0ee4d,0,1843.3942589688718,999
G_dipaxis_s0.2,05a0ee4d,1,22032.38427711489,1000
G_dipaxis_s0.2,05a0ee4d,2,23221.31515927113,1000
G_dipaxis_s0.2,05a0ee4d,3,267988.5758017539,1000
G_dipaxis_s0.2,05a0ee4d,4,33898.11664130175,349
G_dipaxis_s0.1,95b559e7,0,17654.698288713935,999
G_dipaxis_s0.1,95b559e7,1,170718.38300472588,1000
G_dipaxis_s0.1,95b559e7,2,166792.53224459186,888
G_dipaxis_s0.15,95b559e7,0,17574.260151251576,999
G_dipaxis_s0.15,95b559e7,1,171559.26570506053,1000
G_dipaxis_s0.15,95b559e7,2,168800.15379111236,888
G_dipaxis_s0.2,95b559e7,0,17498.20016534995,999
G_dipaxis_s0.2,95b559e7,1,172402.38335981948,1000
G_dipaxis_s0.2,95b559e7,2,170826.40183037153,888
G_dipaxis_s0.1,a85e4bc3,0,1109.113137541985,999
G_dipaxis_s0.1,a85e4bc3,1,118107.94842780405,1000
G_dipaxis_s0.1,a85e4bc3,2,58733.864150992275,1000
G_dipaxis_s0.1,a85e4bc3,3,33530.726529452324,1000
G_dipaxis_s0.1,a85e4bc3,4,17240.31545881842,582
G_dipaxis_s0.15,a85e4bc3,0,1146.8060777899564,999
G_dipaxis_s0.15,a85e4bc3,1,105038.91273048393,1000
G_dipaxis_s0.15,a85e4bc3,2,58738.52917104763,1000
G_dipaxis_s0.15,a85e4bc3,3,41221.52755608547,1000
G_dipaxis_s0.15,a85e4bc3,4,19943.600292478164,582
G_dipaxis_s0.2,a85e4bc3,0,1398.4526354193072,999
G_dipaxis_s0.2,a85e4bc3,1,92794.63003701388,1000
G_dipaxis_s0.2,a85e4bc3,2,58853.944804987426,1000
G_dipaxis_s0.2,a85e4bc3,3,50840.686308762844,1000
G_dipaxis_s0.2,a85e4bc3,4,27518.143735980633,582
G_dipaxis_s0.1,d0a43760,0,30023.89012282554,999
G_dipaxis_s0.1,d0a43760,1,30866.005110431845,1000
G_dipaxis_s0.1,d0a43760,2,2089.187333058424,1000
G_dipaxis_s0.1,d0a43760,3,14043.214960470194,1000
G_dipaxis_s0.1,d0a43760,4,13.4499148833513,42
G_dipaxis_s0.15,d0a43760,0,27414.788403056908,999
G_dipaxis_s0.15,d0a43760,1,25492.377163193498,1000
G_dipaxis_s0.15,d0a43760,2,3990.1050516480577,1000
G_dipaxis_s0.15,d0a43760,3,34035.91397240498,1000
G_dipaxis_s0.15,d0a43760,4,361.3990906667225,42
G_dipaxis_s0.2,d0a43760,0,24931.445730885887,999
G_dipaxis_s0.2,d0a43760,1,20723.120160260336,1000
G_dipaxis_s0.2,d0a43760,2,8719.997874355779,1000
G_dipaxis_s0.2,d0a43760,3,63145.96290324948,1000
G_dipaxis_s0.2,d0a43760,4,1228.1434007288258,42
G_dipaxis_s0.1,2ddad940,0,24307.68383979612,999
G_dipaxis_s0.1,2ddad940,1,27517.268463309374,1000
G_dipaxis_s0.1,2ddad940,2,7876.210749645805,1000
G_dipaxis_s0.1,2ddad940,3,4287.5174886074,1000
G_dipaxis_s0.1,2ddad940,4,28845.29208968208,1000
G_dipaxis_s0.1,2ddad940,5,18803.1762841373,332
G_dipaxis_s0.15,2ddad940,0,24192.611729347744,999
G_dipaxis_s0.15,2ddad940,1,29117.592860335582,1000
G_dipaxis_s0.15,2ddad940,2,9320.493081131417,1000
G_dipaxis_s0.15,2ddad940,3,3842.6190204343566,1000
G_dipaxis_s0.15,2ddad940,4,29604.610036508846,1000
G_dipaxis_s0.15,2ddad940,5,19245.829714010102,332
G_dipaxis_s0.2,2ddad940,0,24079.801970316945,999
G_dipaxis_s0.2,2ddad940,1,30777.54689229369,1000
G_dipaxis_s0.2,2ddad940,2,10917.293225864876,1000
G_dipaxis_s0.2,2ddad940,3,3520.1915320386333,1000
G_dipaxis_s0.2,2ddad940,4,30381.052143216,1000
G_dipaxis_s0.2,2ddad940,5,19694.411883718574,332
G_dipaxis_s0.1,eb640a35,0,69838.72933924104,999
G_dipaxis_s0.1,eb640a35,1,403989.2173424533,1000
G_dipaxis_s0.1,eb640a35,2,219350.63976496842,1000
G_dipaxis_s0.1,eb640a35,3,26576.59985748784,1000
G_dipaxis_s0.1,eb640a35,4,91318.91787283258,1000
G_dipaxis_s0.1,eb640a35,5,201086.7239608992,1000
G_dipaxis_s0.1,eb640a35,6,8687.651167787735,38
G_dipaxis_s0.15,eb640a35,0,68544.82209765006,999
G_dipaxis_s0.15,eb640a35,1,404835.87526081083,1000
G_dipaxis_s0.15,eb640a35,2,219351.37235653796,1000
G_dipaxis_s0.15,eb640a35,3,25910.18549319111,1000
G_dipaxis_s0.15,eb640a35,4,90142.94223997656,1000
G_dipaxis_s0.15,eb640a35,5,197328.67245249348,1000
G_dipaxis_s0.15,eb640a35,6,8388.22985472033,38
G_dipaxis_s0.2,eb640a35,0,67263.91400979648,999
G_dipaxis_s0.2,eb640a35,1,405690.4223484836,1000
G_dipaxis_s0.2,eb640a35,2,219353.470258729,1000
G_dipaxis_s0.2,eb640a35,3,25262.063711202944,1000
G_dipaxis_s0.2,eb640a35,4,88976.37683941712,1000
G_dipaxis_s0.2,eb640a35,5,193611.165504835,1000
G_dipaxis_s0.2,eb640a35,6,8094.0595721632835,38
G_dipaxis_s0.1,5f75f796,0,4232.338798379689,999
G_dipaxis_s0.1,5f75f796,1,2178.1494037726334,1000
G_dipaxis_s0.1,5f75f796,2,8140.443156243888,1000
G_dipaxis_s0.1,5f75f796,3,46923.240649157204,1000
G_dipaxis_s0.1,5f75f796,4,66039.97066009822,1000
G_dipaxis_s0.1,5f75f796,5,3574.4894438056704,563
G_dipaxis_s0.15,5f75f796,0,4108.143613120308,999
G_dipaxis_s0.15,5f75f796,1,2112.9151782344966,1000
G_dipaxis_s0.15,5f75f796,2,8228.685112303006,1000
G_dipaxis_s0.15,5f75f796,3,47607.162492301744,1000
G_dipaxis_s0.15,5f75f796,4,66781.27757909874,1000
G_dipaxis_s0.15,5f75f796,5,3571.1128121261386,563
G_dipaxis_s0.2,5f75f796,0,3987.028574798467,999
G_dipaxis_s0.2,5f75f796,1,2049.865953585721,1000
G_dipaxis_s0.2,5f75f796,2,8317.857499684444,1000
G_dipaxis_s0.2,5f75f796,3,48296.94200117338,1000
G_dipaxis_s0.2,5f75f796,4,67528.69168613388,1000
G_dipaxis_s0.2,5f75f796,5,3572.6055755614166,563
G_dipaxis_s0.1,9ab94eeb,0,20301.601091725308,999
G_dipaxis_s0.1,9ab94eeb,1,54360.055496425404,1000
G_dipaxis_s0.1,9ab94eeb,2,70319.59557624029,1000
G_dipaxis_s0.1,9ab94eeb,3,9477.162668211307,1000
G_dipaxis_s0.1,9ab94eeb,4,7571.99894446379,443
G_dipaxis_s0.15,9ab94eeb,0,19912.869972381377,999
G_dipaxis_s0.15,9ab94eeb,1,51501.60531916228,1000
G_dipaxis_s0.15,9ab94eeb,2,61394.67744199008,1000
G_dipaxis_s0.15,9ab94eeb,3,14318.673890042659,1000
G_dipaxis_s0.15,9ab94eeb,4,4910.260709480935,443
G_dipaxis_s0.2,9ab94eeb,0,19536.47010051173,999
G_dipaxis_s0.2,9ab94eeb,1,48756.47467839622,1000
G_dipaxis_s0.2,9ab94eeb,2,53246.702620423035,1000
G_dipaxis_s0.2,9ab94eeb,3,20493.666342088552,1000
G_dipaxis_s0.2,9ab94eeb,4,3120.6971868444875,443
G_dipaxis_s0.1,b04b58a3,0,33099.52381124901,999
G_dipaxis_s0.1,b04b58a3,1,223693.47161436922,1000
G_dipaxis_s0.1,b04b58a3,2,25242.38884578022,1000
G_dipaxis_s0.1,b04b58a3,3,13718.124931064294,403
G_dipaxis_s0.15,b04b58a3,0,29960.8993180908,999
G_dipaxis_s0.15,b04b58a3,1,187864.90486914804,1000
G_dipaxis_s0.15,b04b58a3,2,23045.189740998376,1000
G_dipaxis_s0.15,b04b58a3,3,16697.337093159855,403
G_dipaxis_s0.2,b04b58a3,0,27423.49259392638,999
G_dipaxis_s0.2,b04b58a3,1,155170.84408489327,1000
G_dipaxis_s0.2,b04b58a3,2,21823.17718306861,1000
G_dipaxis_s0.2,b04b58a3,3,19971.07851315067,403
G_dipaxis_s0.1,65a5466a,0,59714.77943186177,999
G_dipaxis_s0.1,65a5466a,1,238683.73777254636,1000
G_dipaxis_s0.1,65a5466a,2,160690.87396050477,1000
G_dipaxis_s0.1,65a5466a,3,47215.235186197104,1000
G_dipaxis_s0.1,65a5466a,4,12674.842437491516,684
G_dipaxis_s0.15,65a5466a,0,59466.991619839646,999
G_dipaxis_s0.15,65a5466a,1,236460.6708389569,1000
G_dipaxis_s0.15,65a5466a,2,160685.95922375904,1000
G_dipaxis_s0.15,65a5466a,3,47085.32681031602,1000
G_dipaxis_s0.15,65a5466a,4,11909.039370366114,684
G_dipaxis_s0.2,65a5466a,0,59220.08656248567,999
G_dipaxis_s0.2,65a5466a,1,234248.12826003804,1000
G_dipaxis_s0.2,65a5466a,2,160683.04019143688,1000
G_dipaxis_s0.2,65a5466a,3,46956.203529123886,1000
G_dipaxis_s0.2,65a5466a,4,11170.50462587434,684
G_dipaxis_s0.1,d0cb63ae,0,4240.4630298414295,999
G_dipaxis_s0.1,d0cb63ae,1,160825.7799348067,1000
G_dipaxis_s0.1,d0cb63ae,2,247856.910260719,1000
G_dipaxis_s0.1,d0cb63ae,3,50647.72372106771,1000
G_dipaxis_s0.1,d0cb63ae,4,160810.24923932206,1000
G_dipaxis_s0.1,d0cb63ae,5,20941.732641732895,224
G_dipaxis_s0.15,d0cb63ae,0,3382.042291378368,999
G_dipaxis_s0.15,d0cb63ae,1,130227.94765202179,1000
G_dipaxis_s0.15,d0cb63ae,2,193512.3830860845,1000
G_dipaxis_s0.15,d0cb63ae,3,31708.12400267744,1000
G_dipaxis_s0.15,d0cb63ae,4,128914.38319273731,1000
G_dipaxis_s0.15,d0cb63ae,5,12486.986648415443,224
G_dipaxis_s0.2,d0cb63ae,0,2773.5672572945377,999
G_dipaxis_s0.2,d0cb63ae,1,102905.25348351376,1000
G_dipaxis_s0.2,d0cb63ae,2,145898.29850331094,1000
G_dipaxis_s0.2,d0cb63ae,3,23792.07001499826,1000
G_dipaxis_s0.2,d0cb63ae,4,119075.11198293396,1000
G_dipaxis_s0.2,d0cb63ae,5,10897.333451676868,224
G_dipaxis_s0.1,43b06c70,0,67416.20366936275,999
G_dipaxis_s0.1,43b06c70,1,35138.257976511195,1000
G_dipaxis_s0.1,43b06c70,2,13977.052920678481,1000
G_dipaxis_s0.1,43b06c70,3,111045.00666919592,1000
G_dipaxis_s0.1,43b06c70,4,23137.009678701663,847
G_dipaxis_s0.15,43b06c70,0,66328.83798544657,999
G_dipaxis_s0.15,43b06c70,1,35934.8909360701,1000
G_dipaxis_s0.15,43b06c70,2,13299.605936390071,1000
G_dipaxis_s0.15,43b06c70,3,102130.03245358593,1000
G_dipaxis_s0.15,43b06c70,4,22910.897333876244,847
G_dipaxis_s0.2,43b06c70,0,65255.78727490679,999
G_dipaxis_s0.2,43b06c70,1,36750.27447772249,1000
G_dipaxis_s0.2,43b06c70,2,12798.817722118978,1000
G_dipaxis_s0.2,43b06c70,3,93662.55724593015,1000
G_dipaxis_s0.2,43b06c70,4,24749.12070747467,847
G_dipaxis_s0.1,0e5e560d,0,27791.34605009968,999
G_dipaxis_s0.1,0e5e560d,1,23496.688318063578,1000
G_dipaxis_s0.1,0e5e560d,2,27636.63309009428,1000
G_dipaxis_s0.1,0e5e560d,3,77249.91204659788,254
G_dipaxis_s0.15,0e5e560d,0,25938.362502790522,999
G_dipaxis_s0.15,0e5e560d,1,21604.853133602326,1000
G_dipaxis_s0.15,0e5e560d,2,23272.711397748786,1000
G_dipaxis_s0.15,0e5e560d,3,69360.89363649728,254
G_dipaxis_s0.2,0e5e560d,0,24165.171901073612,999
G_dipaxis_s0.2,0e5e560d,1,19795.08054773292,1000
G_dipaxis_s0.2,0e5e560d,2,19368.670096859,1000
G_dipaxis_s0.2,0e5e560d,3,61899.52042182164,254
G_dipaxis_s0.1,5f6756c5,0,3643.6054473261474,999
G_dipaxis_s0.1,5f6756c5,1,3330.087614795487,1000
G_dipaxis_s0.1,5f6756c5,2,8724.704016515801,1000
G_dipaxis_s0.1,5f6756c5,3,10832.399109793634,1000
G_dipaxis_s0.1,5f6756c5,4,9252.044177063368,1000
G_dipaxis_s0.1,5f6756c5,5,746.1046760549295,932
G_dipaxis_s0.15,5f6756c5,0,4257.590056425327,999
G_dipaxis_s0.15,5f6756c5,1,3125.6489035232844,1000
G_dipaxis_s0.15,5f6756c5,2,9019.916341097192,1000
G_dipaxis_s0.15,5f6756c5,3,13807.672248818277,1000
G_dipaxis_s0.15,5f6756c5,4,5403.791811668857,1000
G_dipaxis_s0.15,5f6756c5,5,961.2831615026611,932
G_dipaxis_s0.2,5f6756c5,0,4921.328006855891,999
G_dipaxis_s0.2,5f6756c5,1,2954.737925247559,1000
G_dipaxis_s0.2,5f6756c5,2,9321.599255865123,1000
G_dipaxis_s0.2,5f6756c5,3,17344.47004468995,1000
G_dipaxis_s0.2,5f6756c5,4,3239.9678646219813,1000
G_dipaxis_s0.2,5f6756c5,5,2995.74581261259,932
G_dipaxis_s0.1,6d590e26,0,93947.52788446858,999
G_dipaxis_s0.1,6d590e26,1,100232.26549638997,1000
G_dipaxis_s0.1,6d590e26,2,8656.368788003725,1000
G_dipaxis_s0.1,6d590e26,3,33847.86170191256,1000
G_dipaxis_s0.1,6d590e26,4,2807.523463314231,1000
G_dipaxis_s0.1,6d590e26,5,1494.449518750237,1000
G_dipaxis_s0.1,6d590e26,6,1.15833428692538,97
G_dipaxis_s0.15,6d590e26,0,94117.63622084381,999
G_dipaxis_s0.15,6d590e26,1,103586.64080625746,1000
G_dipaxis_s0.15,6d590e26,2,8908.925639028277,1000
G_dipaxis_s0.15,6d590e26,3,31210.533620032893,1000
G_dipaxis_s0.15,6d590e26,4,1980.1341823815228,1000
G_dipaxis_s0.15,6d590e26,5,1537.7401308898366,1000
G_dipaxis_s0.15,6d590e26,6,2.9997165495086193,97
G_dipaxis_s0.2,6d590e26,0,94288.22737487155,999
G_dipaxis_s0.2,6d590e26,1,107026.44053760859,1000
G_dipaxis_s0.2,6d590e26,2,9278.712365807767,1000
G_dipaxis_s0.2,6d590e26,3,28691.841664761945,1000
G_dipaxis_s0.2,6d590e26,4,1326.971625450954,1000
G_dipaxis_s0.2,6d590e26,5,1719.3884494140643,1000
G_dipaxis_s0.2,6d590e26,6,18.70672751899295,97
G_dipaxis_s0.1,b881d27e,0,4269.4993549269975,999
G_dipaxis_s0.1,b881d27e,1,6922.030718617102,1000
G_dipaxis_s0.1,b881d27e,2,8099.208219794813,1000
G_dipaxis_s0.1,b881d27e,3,16399.412968978333,1000
G_dipaxis_s0.1,b881d27e,4,367.41694552465145,10
G_dipaxis_s0.15,b881d27e,0,4436.451687581523,999
G_dipaxis_s0.15,b881d27e,1,8079.836088475566,1000
G_dipaxis_s0.15,b881d27e,2,7089.48187428183,1000
G_dipaxis_s0.15,b881d27e,3,14520.025742340475,1000
G_dipaxis_s0.15,b881d27e,4,337.1523767768315,10
G_dipaxis_s0.2,b881d27e,0,4671.101591773077,999
G_dipaxis_s0.2,b881d27e,1,9380.635983006405,1000
G_dipaxis_s0.2,b881d27e,2,6225.95650582221,1000
G_dipaxis_s0.2,b881d27e,3,12761.638992962091,1000
G_dipaxis_s0.2,b881d27e,4,308.18842295894893,10
G_dipaxis_s0.1,729e9750,0,3584.0568488637136,999
G_dipaxis_s0.1,729e9750,1,8880.337299603098,1000
G_dipaxis_s0.1,729e9750,2,971.2876382842909,1000
G_dipaxis_s0.1,729e9750,3,1901.7200959031343,1000
G_dipaxis_s0.1,729e9750,4,34128.107447571165,1000
G_dipaxis_s0.1,729e9750,5,16014.735363968324,920
G_dipaxis_s0.15,729e9750,0,3507.9237805167786,999
G_dipaxis_s0.15,729e9750,1,9177.470342012011,1000
G_dipaxis_s0.15,729e9750,2,1021.4023485487727,1000
G_dipaxis_s0.15,729e9750,3,1833.4637059890729,1000
G_dipaxis_s0.15,729e9750,4,34166.79487779724,1000
G_dipaxis_s0.15,729e9750,5,17358.235421780737,920
G_dipaxis_s0.2,729e9750,0,3432.691565077456,999
G_dipaxis_s0.2,729e9750,1,9482.39025771428,1000
G_dipaxis_s0.2,729e9750,2,1078.6354185340142,1000
G_dipaxis_s0.2,729e9750,3,1767.223686780593,1000
G_dipaxis_s0.2,729e9750,4,34214.09643885891,1000
G_dipaxis_s0.2,729e9750,5,18757.934071751883,920
G_dipaxis_s0.1,3c3dbcbc,0,9073.836942297314,999
G_dipaxis_s0.1,3c3dbcbc,1,45057.81299922009,1000
G_dipaxis_s0.1,3c3dbcbc,2,84545.40230743607,1000
G_dipaxis_s0.1,3c3dbcbc,3,18149.73228258241,1000
G_dipaxis_s0.1,3c3dbcbc,4,15578.771800664155,1000
G_dipaxis_s0.1,3c3dbcbc,5,291.97056034880086,70
G_dipaxis_s0.15,3c3dbcbc,0,9336.66157546,999
G_dipaxis_s0.15,3c3dbcbc,1,48439.31414578299,1000
G_dipaxis_s0.15,3c3dbcbc,2,94676.91892102908,1000
G_dipaxis_s0.15,3c3dbcbc,3,23834.794657502996,1000
G_dipaxis_s0.15,3c3dbcbc,4,22230.041384387023,1000
G_dipaxis_s0.15,3c3dbcbc,5,611.7374163816022,70
G_dipaxis_s0.2,3c3dbcbc,0,9607.605657251213,999
G_dipaxis_s0.2,3c3dbcbc,1,51944.49282901982,1000
G_dipaxis_s0.2,3c3dbcbc,2,105405.3002151601,1000
G_dipaxis_s0.2,3c3dbcbc,3,30872.19200596254,1000
G_dipaxis_s0.2,3c3dbcbc,4,30233.780394272195,1000
G_dipaxis_s0.2,3c3dbcbc,5,1048.5006921788433,70
G_dipaxis_s0.1,13ce113d,0,1143.3368212087444,999
G_dipaxis_s0.1,13ce113d,1,3337.7910276433486,1000
G_dipaxis_s0.1,13ce113d,2,12536.48481748809,967
G_dipaxis_s0.15,13ce113d,0,1045.1043309302925,999
G_dipaxis_s0.15,13ce113d,1,2456.240022612867,1000
G_dipaxis_s0.15,13ce113d,2,12179.321323924407,967
G_dipaxis_s0.2,13ce113d,0,1157.8992670951402,999
G_dipaxis_s0.2,13ce113d,1,1899.4280963776355,1000
G_dipaxis_s0.2,13ce113d,2,11871.946333773121,967
G_dipaxis_s0.1,ad2133a8,0,70025.82991451905,999
G_dipaxis_s0.1,ad2133a8,1,153507.8389271615,1000
G_dipaxis_s0.1,ad2133a8,2,330942.33867223497,1000
G_dipaxis_s0.1,ad2133a8,3,521901.3036187531,1000
G_dipaxis_s0.1,ad2133a8,4,464101.190777308,1000
G_dipaxis_s0.1,ad2133a8,5,40329.96713565461,730
G_dipaxis_s0.15,ad2133a8,0,67714.60069523558,999
G_dipaxis_s0.15,ad2133a8,1,149814.9118287241,1000
G_dipaxis_s0.15,ad2133a8,2,335649.4320409791,1000
G_dipaxis_s0.15,ad2133a8,3,528293.7407305053,1000
G_dipaxis_s0.15,ad2133a8,4,476550.6029964588,1000
G_dipaxis_s0.15,ad2133a8,5,48701.490867925255,730
G_dipaxis_s0.2,ad2133a8,0,65451.532001895546,999
G_dipaxis_s0.2,ad2133a8,1,146181.43771124663,1000
G_dipaxis_s0.2,ad2133a8,2,340401.5354410872,1000
G_dipaxis_s0.2,ad2133a8,3,534730.4570404101,1000
G_dipaxis_s0.2,ad2133a8,4,489230.4982588218,1000
G_dipaxis_s0.2,ad2133a8,5,57965.00536842949,730
G_dipaxis_s0.1,23b9beb0,0,27901.530941082514,999
G_dipaxis_s0.1,23b9beb0,1,31344.500072610903,1000
G_dipaxis_s0.1,23b9beb0,2,8757.282108498623,1000
G_dipaxis_s0.1,23b9beb0,3,45618.87414562929,1000
G_dipaxis_s0.1,23b9beb0,4,34244.896685073516,1000
G_dipaxis_s0.1,23b9beb0,5,2296.366363341919,1000
G_dipaxis_s0.1,23b9beb0,6,1958.0251945977352,1000
G_dipaxis_s0.1,23b9beb0,7,1397.8057132237584,341
G_dipaxis_s0.15,23b9beb0,0,28099.172839457256,999
G_dipaxis_s0.15,23b9beb0,1,31615.993540082338,1000
G_dipaxis_s0.15,23b9beb0,2,8866.795161877393,1000
G_dipaxis_s0.15,23b9beb0,3,45982.16949994869,1000
G_dipaxis_s0.15,23b9beb0,4,34330.49692057076,1000
G_dipaxis_s0.15,23b9beb0,5,2277.6604792945086,1000
G_dipaxis_s0.15,23b9beb0,6,2014.0198294023155,1000
G_dipaxis_s0.15,23b9beb0,7,1486.2448274750968,341
G_dipaxis_s0.2,23b9beb0,0,28297.514366060965,999
G_dipaxis_s0.2,23b9beb0,1,31888.700665279473,1000
G_dipaxis_s0.2,23b9beb0,2,8977.026396448218,1000
G_dipaxis_s0.2,23b9beb0,3,46346.92698765326,1000
G_dipaxis_s0.2,23b9beb0,4,34416.37466381059,1000
G_dipaxis_s0.2,23b9beb0,5,2259.0975133701354,1000
G_dipaxis_s0.2,23b9beb0,6,2073.4120311132588,1000
G_dipaxis_s0.2,23b9beb0,7,1577.4166264136682,341
G_dipaxis_s0.1,e737965a,0,37268.259021166145,999
G_dipaxis_s0.1,e737965a,1,31560.158535768955,1000
G_dipaxis_s0.1,e737965a,2,31585.274466929237,1000
G_dipaxis_s0.1,e737965a,3,6112.218356907358,1000
G_dipaxis_s0.1,e737965a,4,33703.63568845845,1000
G_dipaxis_s0.1,e737965a,5,16186.866686810856,956
G_dipaxis_s0.15,e737965a,0,33837.13559853793,999
G_dipaxis_s0.15,e737965a,1,28167.331921189685,1000
G_dipaxis_s0.15,e737965a,2,30684.384216804723,1000
G_dipaxis_s0.15,e737965a,3,5640.909750416798,1000
G_dipaxis_s0.15,e737965a,4,32536.616488554184,1000
G_dipaxis_s0.15,e737965a,5,15125.788419575103,956
G_dipaxis_s0.2,e737965a,0,30574.85180214651,999
G_dipaxis_s0.2,e737965a,1,25009.643329615043,1000
G_dipaxis_s0.2,e737965a,2,29873.019869514126,1000
G_dipaxis_s0.2,e737965a,3,5197.319827103868,1000
G_dipaxis_s0.2,e737965a,4,31393.7964024716,1000
G_dipaxis_s0.2,e737965a,5,14108.400077894126,956
G_dipaxis_s0.1,da2d4d7c,0,357.0039593287574,999
G_dipaxis_s0.1,da2d4d7c,1,4432.229163491232,1000
G_dipaxis_s0.1,da2d4d7c,2,2809.3275260564233,115
G_dipaxis_s0.15,da2d4d7c,0,287.0750903555654,999
G_dipaxis_s0.15,da2d4d7c,1,4191.742252404804,1000
G_dipaxis_s0.15,da2d4d7c,2,2640.165872813787,115
G_dipaxis_s0.2,da2d4d7c,0,232.92696889711695,999
G_dipaxis_s0.2,da2d4d7c,1,3969.8104115369206,1000
G_dipaxis_s0.2,da2d4d7c,2,2476.3562838509465,115
G_dipaxis_s0.1,11d0f5ac,0,3712.6148859099253,999
G_dipaxis_s0.1,11d0f5ac,1,16063.324235108066,1000
G_dipaxis_s0.1,11d0f5ac,2,2328.071938540155,1000
G_dipaxis_s0.1,11d0f5ac,3,2805.105986561786,1000
G_dipaxis_s0.1,11d0f5ac,4,180.09668486613563,884
G_dipaxis_s0.15,11d0f5ac,0,3781.827466266814,999
G_dipaxis_s0.15,11d0f5ac,1,17033.42922124947,1000
G_dipaxis_s0.15,11d0f5ac,2,895.8060765766338,1000
G_dipaxis_s0.15,11d0f5ac,3,1449.8174768824097,1000
G_dipaxis_s0.15,11d0f5ac,4,482.15929877018976,884
G_dipaxis_s0.2,11d0f5ac,0,3851.953900632671,999
G_dipaxis_s0.2,11d0f5ac,1,18687.26991631771,1000
G_dipaxis_s0.2,11d0f5ac,2,224.61052291411826,1000
G_dipaxis_s0.2,11d0f5ac,3,667.3377012846184,1000
G_dipaxis_s0.2,11d0f5ac,4,1467.9501498773895,884
G_dipaxis_s0.1,bb337fa0,0,74534.26634956854,999
G_dipaxis_s0.1,bb337fa0,1,61153.11239843703,1000
G_dipaxis_s0.1,bb337fa0,2,127745.0396519002,1000
G_dipaxis_s0.1,bb337fa0,3,98320.73979099048,1000
G_dipaxis_s0.1,bb337fa0,4,225758.58444313865,1000
G_dipaxis_s0.1,bb337fa0,5,724866.4454573179,1000
G_dipaxis_s0.1,bb337fa0,6,833132.2933412057,874
G_dipaxis_s0.15,bb337fa0,0,67729.69912512683,999
G_dipaxis_s0.15,bb337fa0,1,55613.3035415794,1000
G_dipaxis_s0.15,bb337fa0,2,118164.20333785201,1000
G_dipaxis_s0.15,bb337fa0,3,91564.4111956617,1000
G_dipaxis_s0.15,bb337fa0,4,211104.70781944733,1000
G_dipaxis_s0.15,bb337fa0,5,701372.1556308274,1000
G_dipaxis_s0.15,bb337fa0,6,822618.516309614,874
G_dipaxis_s0.2,bb337fa0,0,61252.666672394625,999
G_dipaxis_s0.2,bb337fa0,1,50337.43316440524,1000
G_dipaxis_s0.2,bb337fa0,2,108959.23497878794,1000
G_dipaxis_s0.2,bb337fa0,3,85117.80209818082,1000
G_dipaxis_s0.2,bb337fa0,4,197112.52419253078,1000
G_dipaxis_s0.2,bb337fa0,5,678286.6805467682,1000
G_dipaxis_s0.2,bb337fa0,6,812188.8235762252,874
G_dipaxis_s0.1,8050c789,0,23579.55848860346,999
G_dipaxis_s0.1,8050c789,1,330206.87469147664,1000
G_dipaxis_s0.1,8050c789,2,399019.1448783345,1000
G_dipaxis_s0.1,8050c789,3,33885.42396593729,78
G_dipaxis_s0.15,8050c789,0,24373.10108849506,999
G_dipaxis_s0.15,8050c789,1,329767.1879711669,1000
G_dipaxis_s0.15,8050c789,2,402903.0246950675,1000
G_dipaxis_s0.15,8050c789,3,34197.500979129516,78
G_dipaxis_s0.2,8050c789,0,25183.68551337353,999
G_dipaxis_s0.2,8050c789,1,329342.9157372902,1000
G_dipaxis_s0.2,8050c789,2,406806.257638934,1000
G_dipaxis_s0.2,8050c789,3,34511.00939140667,78
G_dipaxis_s0.1,b32e4903,0,13195.475786416204,999
G_dipaxis_s0.1,b32e4903,1,14130.228278981582,1000
G_dipaxis_s0.1,b32e4903,2,3493.1332708506743,1000
G_dipaxis_s0.1,b32e4903,3,7983.598000837246,1000
G_dipaxis_s0.1,b32e4903,4,11238.795880147989,1000
G_dipaxis_s0.1,b32e4903,5,10639.551111833593,771
G_dipaxis_s0.15,b32e4903,0,11433.206289495205,999
G_dipaxis_s0.15,b32e4903,1,12697.609994714909,1000
G_dipaxis_s0.15,b32e4903,2,3771.6299530639862,1000
G_dipaxis_s0.15,b32e4903,3,6268.894944406615,1000
G_dipaxis_s0.15,b32e4903,4,10142.268798936175,1000
G_dipaxis_s0.15,b32e4903,5,9745.771734607844,771
G_dipaxis_s0.2,b32e4903,0,9803.823384230387,999
G_dipaxis_s0.2,b32e4903,1,11351.343549801846,1000
G_dipaxis_s0.2,b32e4903,2,4071.413279542458,1000
G_dipaxis_s0.2,b32e4903,3,4953.022805104163,1000
G_dipaxis_s0.2,b32e4903,4,9129.061798521014,1000
G_dipaxis_s0.2,b32e4903,5,8892.816086847815,771
G_dipaxis_s0.1,5aef5c6c,0,12438.385163944304,999
G_dipaxis_s0.1,5aef5c6c,1,105763.960568207,1000
G_dipaxis_s0.1,5aef5c6c,2,53256.57783917036,1000
G_dipaxis_s0.1,5aef5c6c,3,6375.7276315015415,122
G_dipaxis_s0.15,5aef5c6c,0,10963.423479598458,999
G_dipaxis_s0.15,5aef5c6c,1,104487.6138362786,1000
G_dipaxis_s0.15,5aef5c6c,2,77520.11073041479,1000
G_dipaxis_s0.15,5aef5c6c,3,3410.7777658304794,122
G_dipaxis_s0.2,5aef5c6c,0,9801.28303674881,999
G_dipaxis_s0.2,5aef5c6c,1,104391.67686994451,1000
G_dipaxis_s0.2,5aef5c6c,2,106800.63313508734,1000
G_dipaxis_s0.2,5aef5c6c,3,1649.3698045787871,122
G_dipaxis_s0.1,e25f1537,0,36199.31822076489,999
G_dipaxis_s0.1,e25f1537,1,89806.98220555618,1000
G_dipaxis_s0.1,e25f1537,2,155484.75039752782,1000
G_dipaxis_s0.1,e25f1537,3,28886.24585394191,178
G_dipaxis_s0.15,e25f1537,0,41377.520397100874,999
G_dipaxis_s0.15,e25f1537,1,113177.45747668494,1000
G_dipaxis_s0.15,e25f1537,2,98376.60802105893,1000
G_dipaxis_s0.15,e25f1537,3,16626.742675762314,178
G_dipaxis_s0.2,e25f1537,0,46923.10797007357,999
G_dipaxis_s0.2,e25f1537,1,139875.70725214557,1000
G_dipaxis_s0.2,e25f1537,2,55250.372503174,1000
G_dipaxis_s0.2,e25f1537,3,7734.17383899383,178
G_dipaxis_s0.1,67847288,0,7639.747971670464,999
G_dipaxis_s0.1,67847288,1,13708.48129404801,1000
G_dipaxis_s0.1,67847288,2,22293.627767145586,1000
G_dipaxis_s0.1,67847288,3,68448.07155522273,1000
G_dipaxis_s0.1,67847288,4,105091.08330467,1000
G_dipaxis_s0.1,67847288,5,18963.804753730954,1000
G_dipaxis_s0.1,67847288,6,19405.799653646307,1000
G_dipaxis_s0.1,67847288,7,33331.644772722975,430
G_dipaxis_s0.15,67847288,0,7483.520643742286,999
G_dipaxis_s0.15,67847288,1,13675.901285494732,1000
G_dipaxis_s0.15,67847288,2,21548.28847734136,1000
G_dipaxis_s0.15,67847288,3,66091.01854284301,1000
G_dipaxis_s0.15,67847288,4,105177.9761299788,1000
G_dipaxis_s0.15,67847288,5,19050.78187920238,1000
G_dipaxis_s0.15,67847288,6,20209.255277749664,1000
G_dipaxis_s0.15,67847288,7,34728.95954646289,430
G_dipaxis_s0.2,67847288,0,7329.750052393176,999
G_dipaxis_s0.2,67847288,1,13645.890109385531,1000
G_dipaxis_s0.2,67847288,2,20819.03396368066,1000
G_dipaxis_s0.2,67847288,3,63776.375736513015,1000
G_dipaxis_s0.2,67847288,4,105265.14584606291,1000
G_dipaxis_s0.2,67847288,5,19144.080211013254,1000
G_dipaxis_s0.2,67847288,6,21034.475766744556,1000
G_dipaxis_s0.2,67847288,7,36155.092149498334,430
G_dipaxis_s0.1,276b012a,0,7492.385459635875,999
G_dipaxis_s0.1,276b012a,1,151212.43078400634,1000
G_dipaxis_s0.1,276b012a,2,12358.186005892563,1000
G_dipaxis_s0.1,276b012a,3,18285.629871393518,1000
G_dipaxis_s0.1,276b012a,4,18212.364988510235,838
G_dipaxis_s0.15,276b012a,0,3450.158253289543,999
G_dipaxis_s0.15,276b012a,1,98947.9643984529,1000
G_dipaxis_s0.15,276b012a,2,11105.865233978335,1000
G_dipaxis_s0.15,276b012a,3,26285.779828152998,1000
G_dipaxis_s0.15,276b012a,4,20336.825030931104,838
G_dipaxis_s0.2,276b012a,0,2500.844164713921,999
G_dipaxis_s0.2,276b012a,1,59598.91513050196,1000
G_dipaxis_s0.2,276b012a,2,17580.048826191938,1000
G_dipaxis_s0.2,276b012a,3,36065.77602633281,1000
G_dipaxis_s0.2,276b012a,4,22742.544824332675,838
G_dipaxis_s0.1,f9fc81aa,0,172.610542059802,999
G_dipaxis_s0.1,f9fc81aa,1,630.5760380806722,1000
G_dipaxis_s0.1,f9fc81aa,2,61104.55690731272,1000
G_dipaxis_s0.1,f9fc81aa,3,63373.13037848303,1000
G_dipaxis_s0.1,f9fc81aa,4,1716.1408375635533,1000
G_dipaxis_s0.1,f9fc81aa,5,6556.979228593311,599
G_dipaxis_s0.15,f9fc81aa,0,174.77638615347246,999
G_dipaxis_s0.15,f9fc81aa,1,742.0275764852917,1000
G_dipaxis_s0.15,f9fc81aa,2,63331.18694780736,1000
G_dipaxis_s0.15,f9fc81aa,3,65849.04356513362,1000
G_dipaxis_s0.15,f9fc81aa,4,2283.247886577391,1000
G_dipaxis_s0.15,f9fc81aa,5,7352.044591663434,599
G_dipaxis_s0.2,f9fc81aa,0,182.1122998905884,999
G_dipaxis_s0.2,f9fc81aa,1,892.9023302280907,1000
G_dipaxis_s0.2,f9fc81aa,2,65671.82105969875,1000
G_dipaxis_s0.2,f9fc81aa,3,68443.9211448192,1000
G_dipaxis_s0.2,f9fc81aa,4,2974.981073039111,1000
G_dipaxis_s0.2,f9fc81aa,5,8193.068952117359,599
G_dipaxis_s0.1,9719aa04,0,7233.070183054273,999
G_dipaxis_s0.1,9719aa04,1,79470.93888305177,1000
G_dipaxis_s0.1,9719aa04,2,162283.57207457768,1000
G_dipaxis_s0.1,9719aa04,3,303418.80459774117,1000
G_dipaxis_s0.1,9719aa04,4,79796.37363649935,872
G_dipaxis_s0.15,9719aa04,0,7304.437767544851,999
G_dipaxis_s0.15,9719aa04,1,80700.973510805,1000
G_dipaxis_s0.15,9719aa04,2,163737.79435966542,1000
G_dipaxis_s0.15,9719aa04,3,308407.48939694994,1000
G_dipaxis_s0.15,9719aa04,4,83605.79022972971,872
G_dipaxis_s0.2,9719aa04,0,7376.850556164324,999
G_dipaxis_s0.2,9719aa04,1,81942.71017232248,1000
G_dipaxis_s0.2,9719aa04,2,165203.00038317425,1000
G_dipaxis_s0.2,9719aa04,3,313466.17544824333,1000
G_dipaxis_s0.2,9719aa04,4,87513.28941788606,872
G_dipaxis_s0.1,a622ce4d,0,20520.02877652367,999
G_dipaxis_s0.1,a622ce4d,1,59957.015156407135,1000
G_dipaxis_s0.1,a622ce4d,2,3479.0638856293995,1000
G_dipaxis_s0.1,a622ce4d,3,51677.977698259856,1000
G_dipaxis_s0.1,a622ce4d,4,29208.887025856424,1000
G_dipaxis_s0.1,a622ce4d,5,41328.22767442924,1000
G_dipaxis_s0.1,a622ce4d,6,15277.03438799339,299
G_dipaxis_s0.15,a622ce4d,0,18861.073182736447,999
G_dipaxis_s0.15,a622ce4d,1,55235.63277728396,1000
G_dipaxis_s0.15,a622ce4d,2,2439.776336098528,1000
G_dipaxis_s0.15,a622ce4d,3,42119.59181652092,1000
G_dipaxis_s0.15,a622ce4d,4,20457.509682817024,1000
G_dipaxis_s0.15,a622ce4d,5,28621.25406186826,1000
G_dipaxis_s0.15,a622ce4d,6,10615.973153151645,299
G_dipaxis_s0.2,a622ce4d,0,17277.895178144576,999
G_dipaxis_s0.2,a622ce4d,1,50761.35653687549,1000
G_dipaxis_s0.2,a622ce4d,2,1655.5045542335326,1000
G_dipaxis_s0.2,a622ce4d,3,33567.6114070274,1000
G_dipaxis_s0.2,a622ce4d,4,13292.040396362307,1000
G_dipaxis_s0.2,a622ce4d,5,18282.78694091536,1000
G_dipaxis_s0.2,a622ce4d,6,6800.925901099348,299
G_dipaxis_s0.1,af7a59ce,0,7615.0110295566155,999
G_dipaxis_s0.1,af7a59ce,1,19937.99508005818,1000
G_dipaxis_s0.1,af7a59ce,2,7465.822756072781,1000
G_dipaxis_s0.1,af7a59ce,3,216.66338510612144,25
G_dipaxis_s0.15,af7a59ce,0,7084.005107161208,999
G_dipaxis_s0.15,af7a59ce,1,18016.94432550497,1000
G_dipaxis_s0.15,af7a59ce,2,5678.635386418064,1000
G_dipaxis_s0.15,af7a59ce,3,278.04374434152555,25
G_dipaxis_s0.2,af7a59ce,0,6572.428702611565,999
G_dipaxis_s0.2,af7a59ce,1,16197.26400284119,1000
G_dipaxis_s0.2,af7a59ce,2,4289.524259594974,1000
G_dipaxis_s0.2,af7a59ce,3,347.15491469562966,25
G_dipaxis_s0.1,2ee0235b,0,43433.69721188256,999
G_dipaxis_s0.1,2ee0235b,1,16609.57447830517,1000
G_dipaxis_s0.1,2ee0235b,2,3284.742449046996,1000
G_dipaxis_s0.1,2ee0235b,3,26262.555445217724,1000
G_dipaxis_s0.1,2ee0235b,4,4607.328292493205,1000
G_dipaxis_s0.1,2ee0235b,5,2824.0326804213446,557
G_dipaxis_s0.15,2ee0235b,0,39120.22698054531,999
G_dipaxis_s0.15,2ee0235b,1,16949.116419498885,1000
G_dipaxis_s0.15,2ee0235b,2,2077.0710169034946,1000
G_dipaxis_s0.15,2ee0235b,3,34943.09360148581,1000
G_dipaxis_s0.15,2ee0235b,4,8029.425449506003,1000
G_dipaxis_s0.15,2ee0235b,5,4693.957692286592,557
G_dipaxis_s0.2,2ee0235b,0,35039.43368119865,999
G_dipaxis_s0.2,2ee0235b,1,17807.114276315173,1000
G_dipaxis_s0.2,2ee0235b,2,2082.594314674876,1000
G_dipaxis_s0.2,2ee0235b,3,45325.06759580804,1000
G_dipaxis_s0.2,2ee0235b,4,13449.680531193953,1000
G_dipaxis_s0.2,2ee0235b,5,7081.197700657606,557
G_dipaxis_s0.1,ec0d597b,0,876.8237566394034,999
G_dipaxis_s0.1,ec0d597b,1,5544.137818121213,1000
G_dipaxis_s0.1,ec0d597b,2,284702.50205176306,1000
G_dipaxis_s0.1,ec0d597b,3,566794.2125288614,1000
G_dipaxis_s0.1,ec0d597b,4,73403.63583651099,617
G_dipaxis_s0.15,ec0d597b,0,1104.2546191873778,999
G_dipaxis_s0.15,ec0d597b,1,6542.036443510568,1000
G_dipaxis_s0.15,ec0d597b,2,275851.21358602715,1000
G_dipaxis_s0.15,ec0d597b,3,588963.3610975161,1000
G_dipaxis_s0.15,ec0d597b,4,90101.03182767224,617
G_dipaxis_s0.2,ec0d597b,0,1365.0570035255332,999
G_dipaxis_s0.2,ec0d597b,1,7624.651183679703,1000
G_dipaxis_s0.2,ec0d597b,2,267184.0303266861,1000
G_dipaxis_s0.2,ec0d597b,3,611805.0239175744,1000
G_dipaxis_s0.2,ec0d597b,4,108802.8633914581,617
G_dipaxis_s0.1,b8c49c1a,0,19918.365641386452,999
G_dipaxis_s0.1,b8c49c1a,1,6492.174239877153,1000
G_dipaxis_s0.1,b8c49c1a,2,15577.331096383821,1000
G_dipaxis_s0.1,b8c49c1a,3,26133.925947888605,1000
G_dipaxis_s0.1,b8c49c1a,4,45644.0554138689,320
G_dipaxis_s0.15,b8c49c1a,0,19191.42782438178,999
G_dipaxis_s0.15,b8c49c1a,1,5868.0552234949955,1000
G_dipaxis_s0.15,b8c49c1a,2,14715.548091718194,1000
G_dipaxis_s0.15,b8c49c1a,3,24738.702172491052,1000
G_dipaxis_s0.15,b8c49c1a,4,43950.40994715543,320
G_dipaxis_s0.2,b8c49c1a,0,18482.85353017633,999
G_dipaxis_s0.2,b8c49c1a,1,5289.725317433682,1000
G_dipaxis_s0.2,b8c49c1a,2,13887.179620292902,1000
G_dipaxis_s0.2,b8c49c1a,3,23384.245514860613,1000
G_dipaxis_s0.2,b8c49c1a,4,42288.96157561882,320
G_dipaxis_s0.1,cd7f1687,0,1106.8300305470063,999
G_dipaxis_s0.1,cd7f1687,1,24334.24052980639,1000
G_dipaxis_s0.1,cd7f1687,2,43090.6623908069,1000
G_dipaxis_s0.1,cd7f1687,3,104424.74718952393,1000
G_dipaxis_s0.1,cd7f1687,4,2783.061150469852,233
G_dipaxis_s0.15,cd7f1687,0,1301.4470386862256,999
G_dipaxis_s0.15,cd7f1687,1,18889.735891050925,1000
G_dipaxis_s0.15,cd7f1687,2,36956.25169248807,1000
G_dipaxis_s0.15,cd7f1687,3,95000.1460178967,1000
G_dipaxis_s0.15,cd7f1687,4,2041.4447485743885,233
G_dipaxis_s0.2,cd7f1687,0,1644.660945930082,999
G_dipaxis_s0.2,cd7f1687,1,14178.123237047985,1000
G_dipaxis_s0.2,cd7f1687,2,31305.251901177042,1000
G_dipaxis_s0.2,cd7f1687,3,86035.98064880134,1000
G_dipaxis_s0.2,cd7f1687,4,1419.1683853904613,233
G_dipaxis_s0.1,d9ae59b2,0,12033.261259974555,999
G_dipaxis_s0.1,d9ae59b2,1,56330.5478929258,1000
G_dipaxis_s0.1,d9ae59b2,2,66132.33274251824,1000
G_dipaxis_s0.1,d9ae59b2,3,89983.86405808032,649
G_dipaxis_s0.15,d9ae59b2,0,13783.715165082747,999
G_dipaxis_s0.15,d9ae59b2,1,66958.45411626349,1000
G_dipaxis_s0.15,d9ae59b2,2,83981.63709527935,1000
G_dipaxis_s0.15,d9ae59b2,3,105514.9289738187,649
G_dipaxis_s0.2,d9ae59b2,0,15662.48547159395,999
G_dipaxis_s0.2,d9ae59b2,1,78627.43906943576,1000
G_dipaxis_s0.2,d9ae59b2,2,104256.28846681557,1000
G_dipaxis_s0.2,d9ae59b2,3,122329.02035607619,649
