model,well,n,sse,rmse,fold
P_playoff_A+D_700ft_m0,fc0d20b2,3954,562949.6545000818,11.932087953866953,0
P_playoff_A+D_700ft_m1,fc0d20b2,3954,562949.6545000818,11.932087953866953,0
P_playoff_A+D_1000ft_m0,fc0d20b2,3954,562949.6545000818,11.932087953866953,0
P_playoff_A+D_1000ft_m1,fc0d20b2,3954,562949.6545000818,11.932087953866953,0
P_playoff_A+D_700ft_m0,be35c8f2,4226,92351.40789999846,4.674735185385168,0
P_playoff_A+D_700ft_m1,be35c8f2,4226,92351.40789999846,4.674735185385168,0
P_playoff_A+D_1000ft_m0,be35c8f2,4226,92351.40789999846,4.674735185385168,0
P_playoff_A+D_1000ft_m1,be35c8f2,4226,92351.40789999846,4.674735185385168,0
P_playoff_A+D_700ft_m0,90386ee4,3840,57586.706726757846,3.872536405263763,0
P_playoff_A+D_700ft_m1,90386ee4,3840,57586.706726757846,3.872536405263763,0
P_playoff_A+D_1000ft_m0,90386ee4,3840,57586.706726757846,3.872536405263763,0
P_playoff_A+D_1000ft_m1,90386ee4,3840,57586.706726757846,3.872536405263763,0
P_playoff_A+D_700ft_m0,4b831d20,7312,290251.62764447776,6.300416214895547,0
P_playoff_A+D_700ft_m1,4b831d20,7312,290251.62764447776,6.300416214895547,0
P_playoff_A+D_1000ft_m0,4b831d20,7312,290251.62764447776,6.300416214895547,0
P_playoff_A+D_1000ft_m1,4b831d20,7312,290251.62764447776,6.300416214895547,0
P_playoff_A+D_700ft_m0,fd8f77fa,5272,3962440.854800077,27.415343744152285,0
P_playoff_A+D_700ft_m1,fd8f77fa,5272,3962440.854800077,27.415343744152285,0
P_playoff_A+D_1000ft_m0,fd8f77fa,5272,3962440.854800077,27.415343744152285,0
P_playoff_A+D_1000ft_m1,fd8f77fa,5272,3962440.854800077,27.415343744152285,0
P_playoff_A+D_700ft_m0,cc08aa63,3274,1026965.0595045827,17.710812951112786,0
P_playoff_A+D_700ft_m1,cc08aa63,3274,552365.0347000412,12.988941242217614,0
P_playoff_A+D_1000ft_m0,cc08aa63,3274,1026965.0595045827,17.710812951112786,0
P_playoff_A+D_1000ft_m1,cc08aa63,3274,552365.0347000412,12.988941242217614,0
P_playoff_A+D_700ft_m0,dc7da28f,4774,498953.30579997855,10.223244436669471,0
P_playoff_A+D_700ft_m1,dc7da28f,4774,498953.30579997855,10.223244436669471,0
P_playoff_A+D_1000ft_m0,dc7da28f,4774,498953.30579997855,10.223244436669471,0
P_playoff_A+D_1000ft_m1,dc7da28f,4774,498953.30579997855,10.223244436669471,0
P_playoff_A+D_700ft_m0,7cd4bb31,6439,215001.65237631951,5.778454344675478,0
P_playoff_A+D_700ft_m1,7cd4bb31,6439,225235.49449998367,5.9143797077311655,0
P_playoff_A+D_1000ft_m0,7cd4bb31,6439,215001.65237631951,5.778454344675478,0
P_playoff_A+D_1000ft_m1,7cd4bb31,6439,225235.49449998367,5.9143797077311655,0
P_playoff_A+D_700ft_m0,cdc60a53,5878,370519.85730354843,7.939459783740319,0
P_playoff_A+D_700ft_m1,cdc60a53,5878,406490.89639999217,8.315926094659538,0
P_playoff_A+D_1000ft_m0,cdc60a53,5878,370519.85730354843,7.939459783740319,0
P_playoff_A+D_1000ft_m1,cdc60a53,5878,406490.89639999217,8.315926094659538,0
P_playoff_A+D_700ft_m0,f631da6e,4093,125618.15011381992,5.539943358888882,0
P_playoff_A+D_700ft_m1,f631da6e,4093,125618.15011381992,5.539943358888882,0
P_playoff_A+D_1000ft_m0,f631da6e,4093,125618.15011381992,5.539943358888882,0
P_playoff_A+D_1000ft_m1,f631da6e,4093,125618.15011381992,5.539943358888882,0
P_playoff_A+D_700ft_m0,4ddde4c1,4472,182801.2946205589,6.393500980677817,0
P_playoff_A+D_700ft_m1,4ddde4c1,4472,182801.2946205589,6.393500980677817,0
P_playoff_A+D_1000ft_m0,4ddde4c1,4472,182801.2946205589,6.393500980677817,0
P_playoff_A+D_1000ft_m1,4ddde4c1,4472,182801.2946205589,6.393500980677817,0
P_playoff_A+D_700ft_m0,82fcf37c,6014,258992.366800056,6.562385974432521,0
P_playoff_A+D_700ft_m1,82fcf37c,6014,258992.366800056,6.562385974432521,0
P_playoff_A+D_1000ft_m0,82fcf37c,6014,258992.366800056,6.562385974432521,0
P_playoff_A+D_1000ft_m1,82fcf37c,6014,258992.366800056,6.562385974432521,0
P_playoff_A+D_700ft_m0,8a9c8932,4663,230382.1235615887,7.028969855809693,0
P_playoff_A+D_700ft_m1,8a9c8932,4663,26790.198999994056,2.3969295087935425,0
P_playoff_A+D_1000ft_m0,8a9c8932,4663,230382.1235615887,7.028969855809693,0
P_playoff_A+D_1000ft_m1,8a9c8932,4663,26790.198999994056,2.3969295087935425,0
P_playoff_A+D_700ft_m0,6ae68655,4204,116309.16709999679,5.259877371830794,0
P_playoff_A+D_700ft_m1,6ae68655,4204,116309.16709999679,5.259877371830794,0
P_playoff_A+D_1000ft_m0,6ae68655,4204,116309.16709999679,5.259877371830794,0
P_playoff_A+D_1000ft_m1,6ae68655,4204,116309.16709999679,5.259877371830794,0
P_playoff_A+D_700ft_m0,2d9f6cb9,7338,720462.8610999562,9.908706063856238,0
P_playoff_A+D_700ft_m1,2d9f6cb9,7338,720462.8610999562,9.908706063856238,0
P_playoff_A+D_1000ft_m0,2d9f6cb9,7338,720462.8610999562,9.908706063856238,0
P_playoff_A+D_1000ft_m1,2d9f6cb9,7338,720462.8610999562,9.908706063856238,0
P_playoff_A+D_700ft_m0,97cd5bf9,3449,62578.50734218907,4.259572384440273,0
P_playoff_A+D_700ft_m1,97cd5bf9,3449,62578.50734218907,4.259572384440273,0
P_playoff_A+D_1000ft_m0,97cd5bf9,3449,62578.50734218907,4.259572384440273,0
P_playoff_A+D_1000ft_m1,97cd5bf9,3449,62578.50734218907,4.259572384440273,0
P_playoff_A+D_700ft_m0,204cc64b,4805,572020.7977043393,10.910865787743699,0
P_playoff_A+D_700ft_m1,204cc64b,4805,572020.7977043393,10.910865787743699,0
P_playoff_A+D_1000ft_m0,204cc64b,4805,572020.7977043393,10.910865787743699,0
P_playoff_A+D_1000ft_m1,204cc64b,4805,572020.7977043393,10.910865787743699,0
P_playoff_A+D_700ft_m0,b1efb8a4,5998,434039.64819991,8.506706925766984,0
P_playoff_A+D_700ft_m1,b1efb8a4,5998,434039.64819991,8.506706925766984,0
P_playoff_A+D_1000ft_m0,b1efb8a4,5998,434039.64819991,8.506706925766984,0
P_playoff_A+D_1000ft_m1,b1efb8a4,5998,434039.64819991,8.506706925766984,0
P_playoff_A+D_700ft_m0,d63196fe,4510,1719347.7321999627,19.525114489586926,0
P_playoff_A+D_700ft_m1,d63196fe,4510,1719347.7321999627,19.525114489586926,0
P_playoff_A+D_1000ft_m0,d63196fe,4510,1719347.7321999627,19.525114489586926,0
P_playoff_A+D_1000ft_m1,d63196fe,4510,1719347.7321999627,19.525114489586926,0
P_playoff_A+D_700ft_m0,1d3fbf02,2694,93980.8191999839,5.906372283901897,0
P_playoff_A+D_700ft_m1,1d3fbf02,2694,93980.8191999839,5.906372283901897,0
P_playoff_A+D_1000ft_m0,1d3fbf02,2694,93980.8191999839,5.906372283901897,0
P_playoff_A+D_1000ft_m1,1d3fbf02,2694,93980.8191999839,5.906372283901897,0
P_playoff_A+D_700ft_m0,ae35f33a,4450,115525.50370002085,5.0951729458693835,0
P_playoff_A+D_700ft_m1,ae35f33a,4450,115525.50370002085,5.0951729458693835,0
P_playoff_A+D_1000ft_m0,ae35f33a,4450,115525.50370002085,5.0951729458693835,0
P_playoff_A+D_1000ft_m1,ae35f33a,4450,115525.50370002085,5.0951729458693835,0
P_playoff_A+D_700ft_m0,3b21ea64,7376,1283349.889185247,13.19052510093313,0
P_playoff_A+D_700ft_m1,3b21ea64,7376,1283349.889185247,13.19052510093313,0
P_playoff_A+D_1000ft_m0,3b21ea64,7376,1283349.889185247,13.19052510093313,0
P_playoff_A+D_1000ft_m1,3b21ea64,7376,1283349.889185247,13.19052510093313,0
P_playoff_A+D_700ft_m0,9bd2bba3,7439,1827404.7831999226,15.673287472863077,0
P_playoff_A+D_700ft_m1,9bd2bba3,7439,1827404.7831999226,15.673287472863077,0
P_playoff_A+D_1000ft_m0,9bd2bba3,7439,1827404.7831999226,15.673287472863077,0
P_playoff_A+D_1000ft_m1,9bd2bba3,7439,1827404.7831999226,15.673287472863077,0
P_playoff_A+D_700ft_m0,df71d1ff,6228,2070940.3139319075,18.23515626149573,0
P_playoff_A+D_700ft_m1,df71d1ff,6228,1011267.8020999854,12.742621639442314,0
P_playoff_A+D_1000ft_m0,df71d1ff,6228,2070940.3139319075,18.23515626149573,0
P_playoff_A+D_1000ft_m1,df71d1ff,6228,1011267.8020999854,12.742621639442314,0
P_playoff_A+D_700ft_m0,4c2208f5,5384,7523630.319200216,37.38188510729996,0
P_playoff_A+D_700ft_m1,4c2208f5,5384,7523630.319200216,37.38188510729996,0
P_playoff_A+D_1000ft_m0,4c2208f5,5384,7523630.319200216,37.38188510729996,0
P_playoff_A+D_1000ft_m1,4c2208f5,5384,7523630.319200216,37.38188510729996,0
P_playoff_A+D_700ft_m0,230eaaa3,4690,120515.30178681272,5.069144542600527,0
P_playoff_A+D_700ft_m1,230eaaa3,4690,3007450.510600014,25.322864048616943,0
P_playoff_A+D_1000ft_m0,230eaaa3,4690,120515.30178681272,5.069144542600527,0
P_playoff_A+D_1000ft_m1,230eaaa3,4690,3007450.510600014,25.322864048616943,0
P_playoff_A+D_700ft_m0,02e7fe5a,5108,102756.67141794428,4.48517682622205,0
P_playoff_A+D_700ft_m1,02e7fe5a,5108,102756.67141794428,4.48517682622205,0
P_playoff_A+D_1000ft_m0,02e7fe5a,5108,102756.67141794428,4.48517682622205,0
P_playoff_A+D_1000ft_m1,02e7fe5a,5108,102756.67141794428,4.48517682622205,0
P_playoff_A+D_700ft_m0,e9949a23,4559,611437.5804999969,11.580872171010277,0
P_playoff_A+D_700ft_m1,e9949a23,4559,611437.5804999969,11.580872171010277,0
P_playoff_A+D_1000ft_m0,e9949a23,4559,611437.5804999969,11.580872171010277,0
P_playoff_A+D_1000ft_m1,e9949a23,4559,611437.5804999969,11.580872171010277,0
P_playoff_A+D_700ft_m0,9af1ffd0,3525,1158407.8343000326,18.128053838502368,0
P_playoff_A+D_700ft_m1,9af1ffd0,3525,1158407.8343000326,18.128053838502368,0
P_playoff_A+D_1000ft_m0,9af1ffd0,3525,1158407.8343000326,18.128053838502368,0
P_playoff_A+D_1000ft_m1,9af1ffd0,3525,1158407.8343000326,18.128053838502368,0
P_playoff_A+D_700ft_m0,2d0c268a,4550,342467.99826634093,8.675695472218255,0
P_playoff_A+D_700ft_m1,2d0c268a,4550,342467.99826634093,8.675695472218255,0
P_playoff_A+D_1000ft_m0,2d0c268a,4550,342467.99826634093,8.675695472218255,0
P_playoff_A+D_1000ft_m1,2d0c268a,4550,342467.99826634093,8.675695472218255,0
P_playoff_A+D_700ft_m0,14a53cb3,6919,770315.5158578821,10.551462444302466,0
P_playoff_A+D_700ft_m1,14a53cb3,6919,770315.5158578821,10.551462444302466,0
P_playoff_A+D_1000ft_m0,14a53cb3,6919,770315.5158578821,10.551462444302466,0
P_playoff_A+D_1000ft_m1,14a53cb3,6919,770315.5158578821,10.551462444302466,0
P_playoff_A+D_700ft_m0,3e011332,2723,826450.3512999216,17.42146062278745,0
P_playoff_A+D_700ft_m1,3e011332,2723,826450.3512999216,17.42146062278745,0
P_playoff_A+D_1000ft_m0,3e011332,2723,826450.3512999216,17.42146062278745,0
P_playoff_A+D_1000ft_m1,3e011332,2723,826450.3512999216,17.42146062278745,0
P_playoff_A+D_700ft_m0,4f69febf,5460,169413.72943725513,5.570292234217955,0
P_playoff_A+D_700ft_m1,4f69febf,5460,169413.72943725513,5.570292234217955,0
P_playoff_A+D_1000ft_m0,4f69febf,5460,169413.72943725513,5.570292234217955,0
P_playoff_A+D_1000ft_m1,4f69febf,5460,169413.72943725513,5.570292234217955,0
P_playoff_A+D_700ft_m0,03a935ae,2786,39638731.48467937,119.28046344963924,0
P_playoff_A+D_700ft_m1,03a935ae,2786,39638731.48467937,119.28046344963924,0
P_playoff_A+D_1000ft_m0,03a935ae,2786,39638731.48467937,119.28046344963924,0
P_playoff_A+D_1000ft_m1,03a935ae,2786,39638731.48467937,119.28046344963924,0
P_playoff_A+D_700ft_m0,93209a3d,4697,976146.5792694606,14.416081811302849,0
P_playoff_A+D_700ft_m1,93209a3d,4697,976146.5792694606,14.416081811302849,0
P_playoff_A+D_1000ft_m0,93209a3d,4697,976146.5792694606,14.416081811302849,0
P_playoff_A+D_1000ft_m1,93209a3d,4697,976146.5792694606,14.416081811302849,0
P_playoff_A+D_700ft_m0,c99f9fae,6361,700224.4737437348,10.49194354641635,0
P_playoff_A+D_700ft_m1,c99f9fae,6361,185846.32320006695,5.40523137400998,0
P_playoff_A+D_1000ft_m0,c99f9fae,6361,700224.4737437348,10.49194354641635,0
P_playoff_A+D_1000ft_m1,c99f9fae,6361,185846.32320006695,5.40523137400998,0
P_playoff_A+D_700ft_m0,8ac2f237,5319,1439544.5205000383,16.45119897844976,0
P_playoff_A+D_700ft_m1,8ac2f237,5319,1439544.5205000383,16.45119897844976,0
P_playoff_A+D_1000ft_m0,8ac2f237,5319,1439544.5205000383,16.45119897844976,0
P_playoff_A+D_1000ft_m1,8ac2f237,5319,1439544.5205000383,16.45119897844976,0
P_playoff_A+D_700ft_m0,10be2420,3271,70764.24842943046,4.6512178077913395,0
P_playoff_A+D_700ft_m1,10be2420,3271,70764.24842943046,4.6512178077913395,0
P_playoff_A+D_1000ft_m0,10be2420,3271,70764.24842943046,4.6512178077913395,0
P_playoff_A+D_1000ft_m1,10be2420,3271,70764.24842943046,4.6512178077913395,0
P_playoff_A+D_700ft_m0,0c1b160c,5054,3305183.0833065733,25.572909507794012,0
P_playoff_A+D_700ft_m1,0c1b160c,5054,359356.04299995047,8.432276859497074,0
P_playoff_A+D_1000ft_m0,0c1b160c,5054,3305183.0833065733,25.572909507794012,0
P_playoff_A+D_1000ft_m1,0c1b160c,5054,359356.04299995047,8.432276859497074,0
P_playoff_A+D_700ft_m0,153552f5,4695,281564.2321548759,7.744099848342764,0
P_playoff_A+D_700ft_m1,153552f5,4695,281564.2321548759,7.744099848342764,0
P_playoff_A+D_1000ft_m0,153552f5,4695,281564.2321548759,7.744099848342764,0
P_playoff_A+D_1000ft_m1,153552f5,4695,281564.2321548759,7.744099848342764,0
P_playoff_A+D_700ft_m0,684a6fc1,9818,2227915.1032670643,15.06391321291097,0
P_playoff_A+D_700ft_m1,684a6fc1,9818,2227915.1032670643,15.06391321291097,0
P_playoff_A+D_1000ft_m0,684a6fc1,9818,2227915.1032670643,15.06391321291097,0
P_playoff_A+D_1000ft_m1,684a6fc1,9818,2227915.1032670643,15.06391321291097,0
P_playoff_A+D_700ft_m0,9c350a6a,6052,1831871.0810997658,17.397946606336834,0
P_playoff_A+D_700ft_m1,9c350a6a,6052,1831871.0810997658,17.397946606336834,0
P_playoff_A+D_1000ft_m0,9c350a6a,6052,1831871.0810997658,17.397946606336834,0
P_playoff_A+D_1000ft_m1,9c350a6a,6052,1831871.0810997658,17.397946606336834,0
P_playoff_A+D_700ft_m0,729f4217,6195,69426.26441486273,3.3476592334042015,0
P_playoff_A+D_700ft_m1,729f4217,6195,1636211.8507999862,16.25171177822061,0
P_playoff_A+D_1000ft_m0,729f4217,6195,69426.26441486273,3.3476592334042015,0
P_playoff_A+D_1000ft_m1,729f4217,6195,1636211.8507999862,16.25171177822061,0
P_playoff_A+D_700ft_m0,261785ee,3646,2446733.789427434,25.90508535899436,0
P_playoff_A+D_700ft_m1,261785ee,3646,2446733.789427434,25.90508535899436,0
P_playoff_A+D_1000ft_m0,261785ee,3646,2446733.789427434,25.90508535899436,0
P_playoff_A+D_1000ft_m1,261785ee,3646,2446733.789427434,25.90508535899436,0
P_playoff_A+D_700ft_m0,c6b782a4,4877,493095.62562833645,10.05516489756131,0
P_playoff_A+D_700ft_m1,c6b782a4,4877,493095.62562833645,10.05516489756131,0
P_playoff_A+D_1000ft_m0,c6b782a4,4877,493095.62562833645,10.05516489756131,0
P_playoff_A+D_1000ft_m1,c6b782a4,4877,493095.62562833645,10.05516489756131,0
P_playoff_A+D_700ft_m0,fb03ae90,6431,11697390.141174693,42.6486445196285,0
P_playoff_A+D_700ft_m1,fb03ae90,6431,11697390.141174693,42.6486445196285,0
P_playoff_A+D_1000ft_m0,fb03ae90,6431,11697390.141174693,42.6486445196285,0
P_playoff_A+D_1000ft_m1,fb03ae90,6431,11697390.141174693,42.6486445196285,0
P_playoff_A+D_700ft_m0,201661b5,5955,912110.8090000395,12.376074593108253,0
P_playoff_A+D_700ft_m1,201661b5,5955,912110.8090000395,12.376074593108253,0
P_playoff_A+D_1000ft_m0,201661b5,5955,912110.8090000395,12.376074593108253,0
P_playoff_A+D_1000ft_m1,201661b5,5955,912110.8090000395,12.376074593108253,0
P_playoff_A+D_700ft_m0,a0383629,5832,413097.1773000544,8.416225361246278,0
P_playoff_A+D_700ft_m1,a0383629,5832,413097.1773000544,8.416225361246278,0
P_playoff_A+D_1000ft_m0,a0383629,5832,413097.1773000544,8.416225361246278,0
P_playoff_A+D_1000ft_m1,a0383629,5832,413097.1773000544,8.416225361246278,0
P_playoff_A+D_700ft_m0,3a223519,4583,405054.03100001364,9.401162306681243,0
P_playoff_A+D_700ft_m1,3a223519,4583,405054.03100001364,9.401162306681243,0
P_playoff_A+D_1000ft_m0,3a223519,4583,405054.03100001364,9.401162306681243,0
P_playoff_A+D_1000ft_m1,3a223519,4583,405054.03100001364,9.401162306681243,0
P_playoff_A+D_700ft_m0,3407f5bf,3638,27692.790460076998,2.7590019817228035,0
P_playoff_A+D_700ft_m1,3407f5bf,3638,27692.790460076998,2.7590019817228035,0
P_playoff_A+D_1000ft_m0,3407f5bf,3638,27692.790460076998,2.7590019817228035,0
P_playoff_A+D_1000ft_m1,3407f5bf,3638,27692.790460076998,2.7590019817228035,0
P_playoff_A+D_700ft_m0,493b5b31,4671,640298.1755921128,11.708093945601512,0
P_playoff_A+D_700ft_m1,493b5b31,4671,640298.1755921128,11.708093945601512,0
P_playoff_A+D_1000ft_m0,493b5b31,4671,640298.1755921128,11.708093945601512,0
P_playoff_A+D_1000ft_m1,493b5b31,4671,640298.1755921128,11.708093945601512,0
P_playoff_A+D_700ft_m0,939d9c34,5101,1262007.887899961,15.729081869192102,0
P_playoff_A+D_700ft_m1,939d9c34,5101,1262007.887899961,15.729081869192102,0
P_playoff_A+D_1000ft_m0,939d9c34,5101,1262007.887899961,15.729081869192102,0
P_playoff_A+D_1000ft_m1,939d9c34,5101,1262007.887899961,15.729081869192102,0
P_playoff_A+D_700ft_m0,6767c111,6783,2071399.3876999072,17.475154063370617,0
P_playoff_A+D_700ft_m1,6767c111,6783,2071399.3876999072,17.475154063370617,0
P_playoff_A+D_1000ft_m0,6767c111,6783,2071399.3876999072,17.475154063370617,0
P_playoff_A+D_1000ft_m1,6767c111,6783,2071399.3876999072,17.475154063370617,0
P_playoff_A+D_700ft_m0,e5c92e59,4295,255402.48479999325,7.71135994039849,0
P_playoff_A+D_700ft_m1,e5c92e59,4295,255402.48479999325,7.71135994039849,0
P_playoff_A+D_1000ft_m0,e5c92e59,4295,255402.48479999325,7.71135994039849,0
P_playoff_A+D_1000ft_m1,e5c92e59,4295,255402.48479999325,7.71135994039849,0
P_playoff_A+D_700ft_m0,fb0904bd,3181,186801.89390078545,7.663176050462298,0
P_playoff_A+D_700ft_m1,fb0904bd,3181,186801.89390078545,7.663176050462298,0
P_playoff_A+D_1000ft_m0,fb0904bd,3181,186801.89390078545,7.663176050462298,0
P_playoff_A+D_1000ft_m1,fb0904bd,3181,186801.89390078545,7.663176050462298,0
P_playoff_A+D_700ft_m0,0d99f8e4,5823,508334.09279999917,9.343320012239094,0
P_playoff_A+D_700ft_m1,0d99f8e4,5823,508334.09279999917,9.343320012239094,0
P_playoff_A+D_1000ft_m0,0d99f8e4,5823,508334.09279999917,9.343320012239094,0
P_playoff_A+D_1000ft_m1,0d99f8e4,5823,508334.09279999917,9.343320012239094,0
P_playoff_A+D_700ft_m0,df73b8f3,5311,1295395.3829999508,15.617554195793542,0
P_playoff_A+D_700ft_m1,df73b8f3,5311,1295395.3829999508,15.617554195793542,0
P_playoff_A+D_1000ft_m0,df73b8f3,5311,1295395.3829999508,15.617554195793542,0
P_playoff_A+D_1000ft_m1,df73b8f3,5311,1295395.3829999508,15.617554195793542,0
P_playoff_A+D_700ft_m0,27ebb9b9,5766,575243.8351000191,9.988233062217338,0
P_playoff_A+D_700ft_m1,27ebb9b9,5766,575243.8351000191,9.988233062217338,0
P_playoff_A+D_1000ft_m0,27ebb9b9,5766,575243.8351000191,9.988233062217338,0
P_playoff_A+D_1000ft_m1,27ebb9b9,5766,575243.8351000191,9.988233062217338,0
P_playoff_A+D_700ft_m0,2075c696,3188,1528840.468599974,21.898881254260402,0
P_playoff_A+D_700ft_m1,2075c696,3188,1528840.468599974,21.898881254260402,0
P_playoff_A+D_1000ft_m0,2075c696,3188,1528840.468599974,21.898881254260402,0
P_playoff_A+D_1000ft_m1,2075c696,3188,1528840.468599974,21.898881254260402,0
P_playoff_A+D_700ft_m0,a8ed028a,5538,2008598.177599961,19.044521110452333,0
P_playoff_A+D_700ft_m1,a8ed028a,5538,2008598.177599961,19.044521110452333,0
P_playoff_A+D_1000ft_m0,a8ed028a,5538,2008598.177599961,19.044521110452333,0
P_playoff_A+D_1000ft_m1,a8ed028a,5538,2008598.177599961,19.044521110452333,0
P_playoff_A+D_700ft_m0,6ea22614,5971,411596.6421502863,8.302566751468099,0
P_playoff_A+D_700ft_m1,6ea22614,5971,250362.52319999755,6.4753183432909225,0
P_playoff_A+D_1000ft_m0,6ea22614,5971,411596.6421502863,8.302566751468099,0
P_playoff_A+D_1000ft_m1,6ea22614,5971,250362.52319999755,6.4753183432909225,0
P_playoff_A+D_700ft_m0,df8290be,3972,809126.0565692197,14.27261245908243,0
P_playoff_A+D_700ft_m1,df8290be,3972,809126.0565692197,14.27261245908243,0
P_playoff_A+D_1000ft_m0,df8290be,3972,809126.0565692197,14.27261245908243,0
P_playoff_A+D_1000ft_m1,df8290be,3972,809126.0565692197,14.27261245908243,0
P_playoff_A+D_700ft_m0,283269ac,2626,21994.776233637178,2.8940925355945075,0
P_playoff_A+D_700ft_m1,283269ac,2626,3270.271200001702,1.1159494538507433,0
P_playoff_A+D_1000ft_m0,283269ac,2626,21994.776233637178,2.8940925355945075,0
P_playoff_A+D_1000ft_m1,283269ac,2626,3270.271200001702,1.1159494538507433,0
P_playoff_A+D_700ft_m0,c2c4db09,6039,492242.5917000077,9.028322821306517,0
P_playoff_A+D_700ft_m1,c2c4db09,6039,492242.5917000077,9.028322821306517,0
P_playoff_A+D_1000ft_m0,c2c4db09,6039,492242.5917000077,9.028322821306517,0
P_playoff_A+D_1000ft_m1,c2c4db09,6039,492242.5917000077,9.028322821306517,0
P_playoff_A+D_700ft_m0,89f1085d,5994,4576088.750900205,27.630506752261244,0
P_playoff_A+D_700ft_m1,89f1085d,5994,4576088.750900205,27.630506752261244,0
P_playoff_A+D_1000ft_m0,89f1085d,5994,4576088.750900205,27.630506752261244,0
P_playoff_A+D_1000ft_m1,89f1085d,5994,4576088.750900205,27.630506752261244,0
P_playoff_A+D_700ft_m0,5fb1c15f,2860,956852.1800998587,18.291082508578185,0
P_playoff_A+D_700ft_m1,5fb1c15f,2860,956852.1800998587,18.291082508578185,0
P_playoff_A+D_1000ft_m0,5fb1c15f,2860,956852.1800998587,18.291082508578185,0
P_playoff_A+D_1000ft_m1,5fb1c15f,2860,956852.1800998587,18.291082508578185,0
P_playoff_A+D_700ft_m0,0be01c24,4738,46701.77215328459,3.1395626378599513,0
P_playoff_A+D_700ft_m1,0be01c24,4738,46701.77215328459,3.1395626378599513,0
P_playoff_A+D_1000ft_m0,0be01c24,4738,46701.77215328459,3.1395626378599513,0
P_playoff_A+D_1000ft_m1,0be01c24,4738,46701.77215328459,3.1395626378599513,0
P_playoff_A+D_700ft_m0,96936c22,3346,26164.156469216963,2.796342739444256,0
P_playoff_A+D_700ft_m1,96936c22,3346,26164.156469216963,2.796342739444256,0
P_playoff_A+D_1000ft_m0,96936c22,3346,26164.156469216963,2.796342739444256,0
P_playoff_A+D_1000ft_m1,96936c22,3346,26164.156469216963,2.796342739444256,0
P_playoff_A+D_700ft_m0,ab6fe95d,5491,244990.83519998752,6.6795806397720465,0
P_playoff_A+D_700ft_m1,ab6fe95d,5491,244990.83519998752,6.6795806397720465,0
P_playoff_A+D_1000ft_m0,ab6fe95d,5491,244990.83519998752,6.6795806397720465,0
P_playoff_A+D_1000ft_m1,ab6fe95d,5491,244990.83519998752,6.6795806397720465,0
P_playoff_A+D_700ft_m0,d7eb0be8,5401,19295001.639436528,59.770284256501924,0
P_playoff_A+D_700ft_m1,d7eb0be8,5401,19295001.639436528,59.770284256501924,0
P_playoff_A+D_1000ft_m0,d7eb0be8,5401,19295001.639436528,59.770284256501924,0
P_playoff_A+D_1000ft_m1,d7eb0be8,5401,19295001.639436528,59.770284256501924,0
P_playoff_A+D_700ft_m0,fd3b4faa,5022,278503.5849000036,7.446926041471426,0
P_playoff_A+D_700ft_m1,fd3b4faa,5022,278503.5849000036,7.446926041471426,0
P_playoff_A+D_1000ft_m0,fd3b4faa,5022,278503.5849000036,7.446926041471426,0
P_playoff_A+D_1000ft_m1,fd3b4faa,5022,278503.5849000036,7.446926041471426,0
P_playoff_A+D_700ft_m0,5254b6db,3274,18691.646820783062,2.3893757169335412,0
P_playoff_A+D_700ft_m1,5254b6db,3274,18691.646820783062,2.3893757169335412,0
P_playoff_A+D_1000ft_m0,5254b6db,3274,18691.646820783062,2.3893757169335412,0
P_playoff_A+D_1000ft_m1,5254b6db,3274,18691.646820783062,2.3893757169335412,0
P_playoff_A+D_700ft_m0,2364716c,4316,162103.07370114047,6.128510109970625,0
P_playoff_A+D_700ft_m1,2364716c,4316,162103.07370114047,6.128510109970625,0
P_playoff_A+D_1000ft_m0,2364716c,4316,162103.07370114047,6.128510109970625,0
P_playoff_A+D_1000ft_m1,2364716c,4316,162103.07370114047,6.128510109970625,0
P_playoff_A+D_700ft_m0,c6797dd7,4664,158470.3897999876,5.82900989050451,0
P_playoff_A+D_700ft_m1,c6797dd7,4664,158470.3897999876,5.82900989050451,0
P_playoff_A+D_1000ft_m0,c6797dd7,4664,158470.3897999876,5.82900989050451,0
P_playoff_A+D_1000ft_m1,c6797dd7,4664,158470.3897999876,5.82900989050451,0
P_playoff_A+D_700ft_m0,e5ff9fd2,2354,698297.068140768,17.223320374297877,0
P_playoff_A+D_700ft_m1,e5ff9fd2,2354,698297.068140768,17.223320374297877,0
P_playoff_A+D_1000ft_m0,e5ff9fd2,2354,698297.068140768,17.223320374297877,0
P_playoff_A+D_1000ft_m1,e5ff9fd2,2354,698297.068140768,17.223320374297877,0
P_playoff_A+D_700ft_m0,8c8348e8,3888,166352.99780000985,6.541121071059431,0
P_playoff_A+D_700ft_m1,8c8348e8,3888,166352.99780000985,6.541121071059431,0
P_playoff_A+D_1000ft_m0,8c8348e8,3888,166352.99780000985,6.541121071059431,0
P_playoff_A+D_1000ft_m1,8c8348e8,3888,166352.99780000985,6.541121071059431,0
P_playoff_A+D_700ft_m0,19fb4f7b,5620,4254487.939072352,27.51411135541823,0
P_playoff_A+D_700ft_m1,19fb4f7b,5620,4254487.939072352,27.51411135541823,0
P_playoff_A+D_1000ft_m0,19fb4f7b,5620,4254487.939072352,27.51411135541823,0
P_playoff_A+D_1000ft_m1,19fb4f7b,5620,4254487.939072352,27.51411135541823,0
P_playoff_A+D_700ft_m0,1b1c5372,4261,422755.242999788,9.96067417597057,0
P_playoff_A+D_700ft_m1,1b1c5372,4261,1355122.6783000142,17.833374900392585,0
P_playoff_A+D_1000ft_m0,1b1c5372,4261,422755.242999788,9.96067417597057,0
P_playoff_A+D_1000ft_m1,1b1c5372,4261,1355122.6783000142,17.833374900392585,0
P_playoff_A+D_700ft_m0,f07d7037,5563,77956.12121164474,3.7434374529280325,0
P_playoff_A+D_700ft_m1,f07d7037,5563,77956.12121164474,3.7434374529280325,0
P_playoff_A+D_1000ft_m0,f07d7037,5563,77956.12121164474,3.7434374529280325,0
P_playoff_A+D_1000ft_m1,f07d7037,5563,77956.12121164474,3.7434374529280325,0
P_playoff_A+D_700ft_m0,b5aa9634,7326,965271.4548000565,11.47866217552782,0
P_playoff_A+D_700ft_m1,b5aa9634,7326,965271.4548000565,11.47866217552782,0
P_playoff_A+D_1000ft_m0,b5aa9634,7326,965271.4548000565,11.47866217552782,0
P_playoff_A+D_1000ft_m1,b5aa9634,7326,965271.4548000565,11.47866217552782,0
P_playoff_A+D_700ft_m0,373ef48b,3509,95145.98109999078,5.207191387759596,0
P_playoff_A+D_700ft_m1,373ef48b,3509,95145.98109999078,5.207191387759596,0
P_playoff_A+D_1000ft_m0,373ef48b,3509,95145.98109999078,5.207191387759596,0
P_playoff_A+D_1000ft_m1,373ef48b,3509,95145.98109999078,5.207191387759596,0
P_playoff_A+D_700ft_m0,dbee6c86,7369,125261.76863508216,4.122920792725249,0
P_playoff_A+D_700ft_m1,dbee6c86,7369,125261.76863508216,4.122920792725249,0
P_playoff_A+D_1000ft_m0,dbee6c86,7369,125261.76863508216,4.122920792725249,0
P_playoff_A+D_1000ft_m1,dbee6c86,7369,125261.76863508216,4.122920792725249,0
P_playoff_A+D_700ft_m0,000d7d20,3836,213161.56030002818,7.454442102844319,0
P_playoff_A+D_700ft_m1,000d7d20,3836,213161.56030002818,7.454442102844319,0
P_playoff_A+D_1000ft_m0,000d7d20,3836,213161.56030002818,7.454442102844319,0
P_playoff_A+D_1000ft_m1,000d7d20,3836,213161.56030002818,7.454442102844319,0
P_playoff_A+D_700ft_m0,727a3a10,4397,672158.2140999404,12.36395803493887,0
P_playoff_A+D_700ft_m1,727a3a10,4397,672158.2140999404,12.36395803493887,0
P_playoff_A+D_1000ft_m0,727a3a10,4397,672158.2140999404,12.36395803493887,0
P_playoff_A+D_1000ft_m1,727a3a10,4397,672158.2140999404,12.36395803493887,0
P_playoff_A+D_700ft_m0,5beded95,3057,846891.9154001314,16.64432832796459,0
P_playoff_A+D_700ft_m1,5beded95,3057,846891.9154001314,16.64432832796459,0
P_playoff_A+D_1000ft_m0,5beded95,3057,846891.9154001314,16.64432832796459,0
P_playoff_A+D_1000ft_m1,5beded95,3057,846891.9154001314,16.64432832796459,0
P_playoff_A+D_700ft_m0,33c40295,4169,1473204.7896018373,18.79817176211416,0
P_playoff_A+D_700ft_m1,33c40295,4169,1473204.7896018373,18.79817176211416,0
P_playoff_A+D_1000ft_m0,33c40295,4169,1473204.7896018373,18.79817176211416,0
P_playoff_A+D_1000ft_m1,33c40295,4169,1473204.7896018373,18.79817176211416,0
P_playoff_A+D_700ft_m0,992ce078,2879,30620.32013727575,3.261249541429593,0
P_playoff_A+D_700ft_m1,992ce078,2879,30620.32013727575,3.261249541429593,0
P_playoff_A+D_1000ft_m0,992ce078,2879,30620.32013727575,3.261249541429593,0
P_playoff_A+D_1000ft_m1,992ce078,2879,30620.32013727575,3.261249541429593,0
P_playoff_A+D_700ft_m0,49dbc14c,3872,190333.77226391173,7.011166054824569,0
P_playoff_A+D_700ft_m1,49dbc14c,3872,190333.77226391173,7.011166054824569,0
P_playoff_A+D_1000ft_m0,49dbc14c,3872,190333.77226391173,7.011166054824569,0
P_playoff_A+D_1000ft_m1,49dbc14c,3872,190333.77226391173,7.011166054824569,0
P_playoff_A+D_700ft_m0,5b7b6324,6564,2050218.9621000227,17.673226229685234,0
P_playoff_A+D_700ft_m1,5b7b6324,6564,2050218.9621000227,17.673226229685234,0
P_playoff_A+D_1000ft_m0,5b7b6324,6564,2050218.9621000227,17.673226229685234,0
P_playoff_A+D_1000ft_m1,5b7b6324,6564,2050218.9621000227,17.673226229685234,0
P_playoff_A+D_700ft_m0,ddc790ff,4726,37187.23321989106,2.8051111540399747,0
P_playoff_A+D_700ft_m1,ddc790ff,4726,37187.23321989106,2.8051111540399747,0
P_playoff_A+D_1000ft_m0,ddc790ff,4726,37187.23321989106,2.8051111540399747,0
P_playoff_A+D_1000ft_m1,ddc790ff,4726,37187.23321989106,2.8051111540399747,0
P_playoff_A+D_700ft_m0,cbe51de1,3963,894316.5565999808,15.022202061672788,0
P_playoff_A+D_700ft_m1,cbe51de1,3963,894316.5565999808,15.022202061672788,0
P_playoff_A+D_1000ft_m0,cbe51de1,3963,894316.5565999808,15.022202061672788,0
P_playoff_A+D_1000ft_m1,cbe51de1,3963,894316.5565999808,15.022202061672788,0
P_playoff_A+D_700ft_m0,10a1281a,5609,72337.09419999164,3.5911852573850855,0
P_playoff_A+D_700ft_m1,10a1281a,5609,72337.09419999164,3.5911852573850855,0
P_playoff_A+D_1000ft_m0,10a1281a,5609,72337.09419999164,3.5911852573850855,0
P_playoff_A+D_1000ft_m1,10a1281a,5609,72337.09419999164,3.5911852573850855,0
P_playoff_A+D_700ft_m0,16e4a047,4131,474321.2035999984,10.715407020528387,0
P_playoff_A+D_700ft_m1,16e4a047,4131,474321.2035999984,10.715407020528387,0
P_playoff_A+D_1000ft_m0,16e4a047,4131,474321.2035999984,10.715407020528387,0
P_playoff_A+D_1000ft_m1,16e4a047,4131,474321.2035999984,10.715407020528387,0
P_playoff_A+D_700ft_m0,abf460d2,3217,47434.88345485429,3.8399307163527405,0
P_playoff_A+D_700ft_m1,abf460d2,3217,47434.88345485429,3.8399307163527405,0
P_playoff_A+D_1000ft_m0,abf460d2,3217,47434.88345485429,3.8399307163527405,0
P_playoff_A+D_1000ft_m1,abf460d2,3217,47434.88345485429,3.8399307163527405,0
P_playoff_A+D_700ft_m0,445af6c2,6041,159464.08325604835,5.1377979649356265,0
P_playoff_A+D_700ft_m1,445af6c2,6041,159464.08325604835,5.1377979649356265,0
P_playoff_A+D_1000ft_m0,445af6c2,6041,159464.08325604835,5.1377979649356265,0
P_playoff_A+D_1000ft_m1,445af6c2,6041,159464.08325604835,5.1377979649356265,0
P_playoff_A+D_700ft_m0,a692b17e,3566,619287.3889460643,13.17818040747481,0
P_playoff_A+D_700ft_m1,a692b17e,3566,615522.4762999524,13.138061444708827,0
P_playoff_A+D_1000ft_m0,a692b17e,3566,619287.3889460643,13.17818040747481,0
P_playoff_A+D_1000ft_m1,a692b17e,3566,615522.4762999524,13.138061444708827,0
P_playoff_A+D_700ft_m0,bffe3082,5723,3150456.7355522057,23.462532489367888,0
P_playoff_A+D_700ft_m1,bffe3082,5723,3150456.7355522057,23.462532489367888,0
P_playoff_A+D_1000ft_m0,bffe3082,5723,3150456.7355522057,23.462532489367888,0
P_playoff_A+D_1000ft_m1,bffe3082,5723,3150456.7355522057,23.462532489367888,0
P_playoff_A+D_700ft_m0,7993a768,5487,438990.7087999645,8.94458476658435,0
P_playoff_A+D_700ft_m1,7993a768,5487,438990.7087999645,8.94458476658435,0
P_playoff_A+D_1000ft_m0,7993a768,5487,438990.7087999645,8.94458476658435,0
P_playoff_A+D_1000ft_m1,7993a768,5487,438990.7087999645,8.94458476658435,0
P_playoff_A+D_700ft_m0,e201fd6d,5070,273414.78393480286,7.34356625034027,0
P_playoff_A+D_700ft_m1,e201fd6d,5070,1358850.49810013,16.371250707380042,0
P_playoff_A+D_1000ft_m0,e201fd6d,5070,273414.78393480286,7.34356625034027,0
P_playoff_A+D_1000ft_m1,e201fd6d,5070,1358850.49810013,16.371250707380042,0
P_playoff_A+D_700ft_m0,5fffa282,4201,118815.64430002618,5.318148657346763,0
P_playoff_A+D_700ft_m1,5fffa282,4201,118815.64430002618,5.318148657346763,0
P_playoff_A+D_1000ft_m0,5fffa282,4201,118815.64430002618,5.318148657346763,0
P_playoff_A+D_1000ft_m1,5fffa282,4201,118815.64430002618,5.318148657346763,0
P_playoff_A+D_700ft_m0,eeda36f5,4797,141955.5119621122,5.439904442388732,0
P_playoff_A+D_700ft_m1,eeda36f5,4797,141955.5119621122,5.439904442388732,0
P_playoff_A+D_1000ft_m0,eeda36f5,4797,141955.5119621122,5.439904442388732,0
P_playoff_A+D_1000ft_m1,eeda36f5,4797,141955.5119621122,5.439904442388732,0
P_playoff_A+D_700ft_m0,a7fc3e6b,4764,1569287.401599966,18.149529358993682,0
P_playoff_A+D_700ft_m1,a7fc3e6b,4764,1569287.401599966,18.149529358993682,0
P_playoff_A+D_1000ft_m0,a7fc3e6b,4764,1569287.401599966,18.149529358993682,0
P_playoff_A+D_1000ft_m1,a7fc3e6b,4764,1569287.401599966,18.149529358993682,0
P_playoff_A+D_700ft_m0,19137a89,6267,1621119.9161221758,16.08339482129097,0
P_playoff_A+D_700ft_m1,19137a89,6267,1621119.9161221758,16.08339482129097,0
P_playoff_A+D_1000ft_m0,19137a89,6267,1621119.9161221758,16.08339482129097,0
P_playoff_A+D_1000ft_m1,19137a89,6267,1621119.9161221758,16.08339482129097,0
P_playoff_A+D_700ft_m0,fa16d114,5686,83165.64327116072,3.824446129051041,0
P_playoff_A+D_700ft_m1,fa16d114,5686,2463568.4378000414,20.815118518803075,0
P_playoff_A+D_1000ft_m0,fa16d114,5686,83165.64327116072,3.824446129051041,0
P_playoff_A+D_1000ft_m1,fa16d114,5686,2463568.4378000414,20.815118518803075,0
P_playoff_A+D_700ft_m0,e32da4ec,4689,154599.93418352178,5.7420178201149605,0
P_playoff_A+D_700ft_m1,e32da4ec,4689,154599.93418352178,5.7420178201149605,0
P_playoff_A+D_1000ft_m0,e32da4ec,4689,154599.93418352178,5.7420178201149605,0
P_playoff_A+D_1000ft_m1,e32da4ec,4689,154599.93418352178,5.7420178201149605,0
P_playoff_A+D_700ft_m0,5a5d1982,3894,39288.197200648865,3.1763845644127806,0
P_playoff_A+D_700ft_m1,5a5d1982,3894,196664.58509999356,7.106652935637849,0
P_playoff_A+D_1000ft_m0,5a5d1982,3894,39288.197200648865,3.1763845644127806,0
P_playoff_A+D_1000ft_m1,5a5d1982,3894,196664.58509999356,7.106652935637849,0
P_playoff_A+D_700ft_m0,76201745,4448,120302.04459057556,5.2006079427793726,0
P_playoff_A+D_700ft_m1,76201745,4448,120302.04459057556,5.2006079427793726,0
P_playoff_A+D_1000ft_m0,76201745,4448,120302.04459057556,5.2006079427793726,0
P_playoff_A+D_1000ft_m1,76201745,4448,120302.04459057556,5.2006079427793726,0
P_playoff_A+D_700ft_m0,c6c96179,4004,22765.509911185538,2.3844688687442273,0
P_playoff_A+D_700ft_m1,c6c96179,4004,22765.509911185538,2.3844688687442273,0
P_playoff_A+D_1000ft_m0,c6c96179,4004,22765.509911185538,2.3844688687442273,0
P_playoff_A+D_1000ft_m1,c6c96179,4004,22765.509911185538,2.3844688687442273,0
P_playoff_A+D_700ft_m0,5305524b,4898,533071.2657785775,10.432376358041454,0
P_playoff_A+D_700ft_m1,5305524b,4898,533071.2657785775,10.432376358041454,0
P_playoff_A+D_1000ft_m0,5305524b,4898,533071.2657785775,10.432376358041454,0
P_playoff_A+D_1000ft_m1,5305524b,4898,533071.2657785775,10.432376358041454,0
P_playoff_A+D_700ft_m0,4a8ecc0b,5809,849905.3167522548,12.095799651612804,0
P_playoff_A+D_700ft_m1,4a8ecc0b,5809,730230.8550000413,11.211904800768597,0
P_playoff_A+D_1000ft_m0,4a8ecc0b,5809,849905.3167522548,12.095799651612804,0
P_playoff_A+D_1000ft_m1,4a8ecc0b,5809,730230.8550000413,11.211904800768597,0
P_playoff_A+D_700ft_m0,ff8bb73a,5927,576438.5424000572,9.861864748200674,0
P_playoff_A+D_700ft_m1,ff8bb73a,5927,576438.5424000572,9.861864748200674,0
P_playoff_A+D_1000ft_m0,ff8bb73a,5927,576438.5424000572,9.861864748200674,0
P_playoff_A+D_1000ft_m1,ff8bb73a,5927,576438.5424000572,9.861864748200674,0
P_playoff_A+D_700ft_m0,b4f37e6e,2992,294310.7881336546,9.917958717643694,0
P_playoff_A+D_700ft_m1,b4f37e6e,2992,294310.7881336546,9.917958717643694,0
P_playoff_A+D_1000ft_m0,b4f37e6e,2992,294310.7881336546,9.917958717643694,0
P_playoff_A+D_1000ft_m1,b4f37e6e,2992,294310.7881336546,9.917958717643694,0
P_playoff_A+D_700ft_m0,09ec2ca9,5885,221343.34890001288,6.13281698431714,0
P_playoff_A+D_700ft_m1,09ec2ca9,5885,221343.34890001288,6.13281698431714,0
P_playoff_A+D_1000ft_m0,09ec2ca9,5885,221343.34890001288,6.13281698431714,0
P_playoff_A+D_1000ft_m1,09ec2ca9,5885,221343.34890001288,6.13281698431714,0
P_playoff_A+D_700ft_m0,200d233d,3926,22786.9905057272,2.4091749456882625,0
P_playoff_A+D_700ft_m1,200d233d,3926,22786.9905057272,2.4091749456882625,0
P_playoff_A+D_1000ft_m0,200d233d,3926,22786.9905057272,2.4091749456882625,0
P_playoff_A+D_1000ft_m1,200d233d,3926,22786.9905057272,2.4091749456882625,0
P_playoff_A+D_700ft_m0,3417285d,5449,505904.29750912165,9.635533826103678,0
P_playoff_A+D_700ft_m1,3417285d,5449,505904.29750912165,9.635533826103678,0
P_playoff_A+D_1000ft_m0,3417285d,5449,505904.29750912165,9.635533826103678,0
P_playoff_A+D_1000ft_m1,3417285d,5449,505904.29750912165,9.635533826103678,0
P_playoff_A+D_700ft_m0,3bbe1f5d,6918,773322.8422999354,10.572803005133604,0
P_playoff_A+D_700ft_m1,3bbe1f5d,6918,773322.8422999354,10.572803005133604,0
P_playoff_A+D_1000ft_m0,3bbe1f5d,6918,773322.8422999354,10.572803005133604,0
P_playoff_A+D_1000ft_m1,3bbe1f5d,6918,773322.8422999354,10.572803005133604,0
P_playoff_A+D_700ft_m0,30d75030,3404,1054341.4039999826,17.599318669377997,0
P_playoff_A+D_700ft_m1,30d75030,3404,1054341.4039999826,17.599318669377997,0
P_playoff_A+D_1000ft_m0,30d75030,3404,1054341.4039999826,17.599318669377997,0
P_playoff_A+D_1000ft_m1,30d75030,3404,1054341.4039999826,17.599318669377997,0
P_playoff_A+D_700ft_m0,052d64df,2445,59461.32345035445,4.9314865601962765,0
P_playoff_A+D_700ft_m1,052d64df,2445,133753.32189999666,7.3962717049147795,0
P_playoff_A+D_1000ft_m0,052d64df,2445,59461.32345035445,4.9314865601962765,0
P_playoff_A+D_1000ft_m1,052d64df,2445,133753.32189999666,7.3962717049147795,0
P_playoff_A+D_700ft_m0,c36625df,4742,303731.2183999466,8.003204999077816,0
P_playoff_A+D_700ft_m1,c36625df,4742,303731.2183999466,8.003204999077816,0
P_playoff_A+D_1000ft_m0,c36625df,4742,303731.2183999466,8.003204999077816,0
P_playoff_A+D_1000ft_m1,c36625df,4742,303731.2183999466,8.003204999077816,0
P_playoff_A+D_700ft_m0,ea3a0e38,10052,6032202.419607553,24.496932938616624,0
P_playoff_A+D_700ft_m1,ea3a0e38,10052,6032202.419607553,24.496932938616624,0
P_playoff_A+D_1000ft_m0,ea3a0e38,10052,6032202.419607553,24.496932938616624,0
P_playoff_A+D_1000ft_m1,ea3a0e38,10052,6032202.419607553,24.496932938616624,0
P_playoff_A+D_700ft_m0,5693dde2,3488,168859.2025999753,6.95783505375875,0
P_playoff_A+D_700ft_m1,5693dde2,3488,168859.2025999753,6.95783505375875,0
P_playoff_A+D_1000ft_m0,5693dde2,3488,168859.2025999753,6.95783505375875,0
P_playoff_A+D_1000ft_m1,5693dde2,3488,168859.2025999753,6.95783505375875,0
P_playoff_A+D_700ft_m0,807f0298,3747,35413.91695415362,3.0742921470703997,0
P_playoff_A+D_700ft_m1,807f0298,3747,293728.1763000066,8.853825493010934,0
P_playoff_A+D_1000ft_m0,807f0298,3747,35413.91695415362,3.0742921470703997,0
P_playoff_A+D_1000ft_m1,807f0298,3747,293728.1763000066,8.853825493010934,0
P_playoff_A+D_700ft_m0,8a89da23,3935,24733.46698420876,2.507091187444591,0
P_playoff_A+D_700ft_m1,8a89da23,3935,24733.46698420876,2.507091187444591,0
P_playoff_A+D_1000ft_m0,8a89da23,3935,24733.46698420876,2.507091187444591,0
P_playoff_A+D_1000ft_m1,8a89da23,3935,24733.46698420876,2.507091187444591,0
P_playoff_A+D_700ft_m0,7224331b,6063,1525710.3789105574,15.863253563152373,0
P_playoff_A+D_700ft_m1,7224331b,6063,1525710.3789105574,15.863253563152373,0
P_playoff_A+D_1000ft_m0,7224331b,6063,1525710.3789105574,15.863253563152373,0
P_playoff_A+D_1000ft_m1,7224331b,6063,1525710.3789105574,15.863253563152373,0
P_playoff_A+D_700ft_m0,e45a2a62,5007,1977429.380499989,19.872920518687707,0
P_playoff_A+D_700ft_m1,e45a2a62,5007,1977429.380499989,19.872920518687707,0
P_playoff_A+D_1000ft_m0,e45a2a62,5007,1977429.380499989,19.872920518687707,0
P_playoff_A+D_1000ft_m1,e45a2a62,5007,1977429.380499989,19.872920518687707,0
P_playoff_A+D_700ft_m0,3a86fe8d,5118,649282.0023455455,11.263323076533267,0
P_playoff_A+D_700ft_m1,3a86fe8d,5118,649282.0023455455,11.263323076533267,0
P_playoff_A+D_1000ft_m0,3a86fe8d,5118,649282.0023455455,11.263323076533267,0
P_playoff_A+D_1000ft_m1,3a86fe8d,5118,649282.0023455455,11.263323076533267,0
P_playoff_A+D_700ft_m0,d9eca87b,6373,2069381.0432897198,18.019729773656433,0
P_playoff_A+D_700ft_m1,d9eca87b,6373,4456313.436400115,26.443315428754445,0
P_playoff_A+D_1000ft_m0,d9eca87b,6373,2069381.0432897198,18.019729773656433,0
P_playoff_A+D_1000ft_m1,d9eca87b,6373,4456313.436400115,26.443315428754445,0
P_playoff_A+D_700ft_m0,93f5d2e6,3691,723157.0753337604,13.997300851911477,0
P_playoff_A+D_700ft_m1,93f5d2e6,3691,1492048.8161999315,20.10571368100563,0
P_playoff_A+D_1000ft_m0,93f5d2e6,3691,723157.0753337604,13.997300851911477,0
P_playoff_A+D_1000ft_m1,93f5d2e6,3691,1492048.8161999315,20.10571368100563,0
P_playoff_A+D_700ft_m0,cc8a1d57,6638,5040230.256000102,27.55539015081038,0
P_playoff_A+D_700ft_m1,cc8a1d57,6638,5040230.256000102,27.55539015081038,0
P_playoff_A+D_1000ft_m0,cc8a1d57,6638,5040230.256000102,27.55539015081038,0
P_playoff_A+D_1000ft_m1,cc8a1d57,6638,5040230.256000102,27.55539015081038,0
P_playoff_A+D_700ft_m0,bf70b410,6347,966391.244880885,12.339348899186326,0
P_playoff_A+D_700ft_m1,bf70b410,6347,2272079.92280008,18.920279724233612,0
P_playoff_A+D_1000ft_m0,bf70b410,6347,966391.244880885,12.339348899186326,0
P_playoff_A+D_1000ft_m1,bf70b410,6347,2272079.92280008,18.920279724233612,0
P_playoff_A+D_700ft_m0,c472c0b5,3054,33292.27421880064,3.301697000647796,0
P_playoff_A+D_700ft_m1,c472c0b5,3054,33292.27421880064,3.301697000647796,0
P_playoff_A+D_1000ft_m0,c472c0b5,3054,33292.27421880064,3.301697000647796,0
P_playoff_A+D_1000ft_m1,c472c0b5,3054,33292.27421880064,3.301697000647796,0
P_playoff_A+D_700ft_m0,dc7f9757,4360,419602.6187000934,9.810154572145091,0
P_playoff_A+D_700ft_m1,dc7f9757,4360,419602.6187000934,9.810154572145091,0
P_playoff_A+D_1000ft_m0,dc7f9757,4360,419602.6187000934,9.810154572145091,0
P_playoff_A+D_1000ft_m1,dc7f9757,4360,419602.6187000934,9.810154572145091,0
P_playoff_A+D_700ft_m0,ec13af42,5462,649706.3348000114,10.906432170405786,0
P_playoff_A+D_700ft_m1,ec13af42,5462,649706.3348000114,10.906432170405786,0
P_playoff_A+D_1000ft_m0,ec13af42,5462,649706.3348000114,10.906432170405786,0
P_playoff_A+D_1000ft_m1,ec13af42,5462,649706.3348000114,10.906432170405786,0
P_playoff_A+D_700ft_m0,7e208414,4226,209387.0531559654,7.038987047507952,0
P_playoff_A+D_700ft_m1,7e208414,4226,209387.0531559654,7.038987047507952,0
P_playoff_A+D_1000ft_m0,7e208414,4226,209387.0531559654,7.038987047507952,0
P_playoff_A+D_1000ft_m1,7e208414,4226,209387.0531559654,7.038987047507952,0
P_playoff_A+D_700ft_m0,4e050c92,3705,104050.8249361846,5.299423871525121,0
P_playoff_A+D_700ft_m1,4e050c92,3705,104050.8249361846,5.299423871525121,0
P_playoff_A+D_1000ft_m0,4e050c92,3705,104050.8249361846,5.299423871525121,0
P_playoff_A+D_1000ft_m1,4e050c92,3705,104050.8249361846,5.299423871525121,0
P_playoff_A+D_700ft_m0,944f36b9,4630,342550.72958016035,8.601455620196603,0
P_playoff_A+D_700ft_m1,944f36b9,4630,196405.32750004437,6.513075857645095,0
P_playoff_A+D_1000ft_m0,944f36b9,4630,342550.72958016035,8.601455620196603,0
P_playoff_A+D_1000ft_m1,944f36b9,4630,196405.32750004437,6.513075857645095,0
P_playoff_A+D_700ft_m0,708caea9,6548,1241965.8028913029,13.772110023218909,0
P_playoff_A+D_700ft_m1,708caea9,6548,1241965.8028913029,13.772110023218909,0
P_playoff_A+D_1000ft_m0,708caea9,6548,1241965.8028913029,13.772110023218909,0
P_playoff_A+D_1000ft_m1,708caea9,6548,1241965.8028913029,13.772110023218909,0
P_playoff_A+D_700ft_m0,699ea575,4120,445010.0755000485,10.392889600471305,0
P_playoff_A+D_700ft_m1,699ea575,4120,445010.0755000485,10.392889600471305,0
P_playoff_A+D_1000ft_m0,699ea575,4120,445010.0755000485,10.392889600471305,0
P_playoff_A+D_1000ft_m1,699ea575,4120,445010.0755000485,10.392889600471305,0
P_playoff_A+D_700ft_m0,a6f967fb,4670,17661.591332284006,1.9447172902041174,0
P_playoff_A+D_700ft_m1,a6f967fb,4670,17661.591332284006,1.9447172902041174,0
P_playoff_A+D_1000ft_m0,a6f967fb,4670,17661.591332284006,1.9447172902041174,0
P_playoff_A+D_1000ft_m1,a6f967fb,4670,17661.591332284006,1.9447172902041174,0
P_playoff_A+D_700ft_m0,f08774c3,3900,791701.5168078054,14.247820497363037,0
P_playoff_A+D_700ft_m1,f08774c3,3900,791701.5168078054,14.247820497363037,0
P_playoff_A+D_1000ft_m0,f08774c3,3900,791701.5168078054,14.247820497363037,0
P_playoff_A+D_1000ft_m1,f08774c3,3900,791701.5168078054,14.247820497363037,0
P_playoff_A+D_700ft_m0,e46f4ef4,7195,3140411.6793776285,20.89189780601865,0
P_playoff_A+D_700ft_m1,e46f4ef4,7195,174629.14619999775,4.926550809338883,0
P_playoff_A+D_1000ft_m0,e46f4ef4,7195,3140411.6793776285,20.89189780601865,0
P_playoff_A+D_1000ft_m1,e46f4ef4,7195,174629.14619999775,4.926550809338883,0
P_playoff_A+D_700ft_m0,4f4afcc6,5645,391155.45209999883,8.324204115356522,0
P_playoff_A+D_700ft_m1,4f4afcc6,5645,391155.45209999883,8.324204115356522,0
P_playoff_A+D_1000ft_m0,4f4afcc6,5645,391155.45209999883,8.324204115356522,0
P_playoff_A+D_1000ft_m1,4f4afcc6,5645,391155.45209999883,8.324204115356522,0
P_playoff_A+D_700ft_m0,c2c6fc71,7119,566383.6394517802,8.919609747423031,0
P_playoff_A+D_700ft_m1,c2c6fc71,7119,566383.6394517802,8.919609747423031,0
P_playoff_A+D_1000ft_m0,c2c6fc71,7119,566383.6394517802,8.919609747423031,0
P_playoff_A+D_1000ft_m1,c2c6fc71,7119,566383.6394517802,8.919609747423031,0
P_playoff_A+D_700ft_m0,9d3ec64c,3480,293771.4404999614,9.187876827833358,0
P_playoff_A+D_700ft_m1,9d3ec64c,3480,293771.4404999614,9.187876827833358,0
P_playoff_A+D_1000ft_m0,9d3ec64c,3480,293771.4404999614,9.187876827833358,0
P_playoff_A+D_1000ft_m1,9d3ec64c,3480,293771.4404999614,9.187876827833358,0
P_playoff_A+D_700ft_m0,137d1e44,4554,782827.6749593558,13.111022787114388,0
P_playoff_A+D_700ft_m1,137d1e44,4554,782827.6749593558,13.111022787114388,0
P_playoff_A+D_1000ft_m0,137d1e44,4554,782827.6749593558,13.111022787114388,0
P_playoff_A+D_1000ft_m1,137d1e44,4554,782827.6749593558,13.111022787114388,0
P_playoff_A+D_700ft_m0,42669188,4282,1311796.6342966522,17.50289649944564,0
P_playoff_A+D_700ft_m1,42669188,4282,1311796.6342966522,17.50289649944564,0
P_playoff_A+D_1000ft_m0,42669188,4282,1311796.6342966522,17.50289649944564,0
P_playoff_A+D_1000ft_m1,42669188,4282,1311796.6342966522,17.50289649944564,0
P_playoff_A+D_700ft_m0,fae0c593,4403,198014.16600214675,6.706158098291398,0
P_playoff_A+D_700ft_m1,fae0c593,4403,198014.16600214675,6.706158098291398,0
P_playoff_A+D_1000ft_m0,fae0c593,4403,198014.16600214675,6.706158098291398,0
P_playoff_A+D_1000ft_m1,fae0c593,4403,198014.16600214675,6.706158098291398,0
P_playoff_A+D_700ft_m0,febb4411,4247,522733.89346167725,11.0942819690665,0
P_playoff_A+D_700ft_m1,febb4411,4247,522733.89346167725,11.0942819690665,0
P_playoff_A+D_1000ft_m0,febb4411,4247,522733.89346167725,11.0942819690665,0
P_playoff_A+D_1000ft_m1,febb4411,4247,522733.89346167725,11.0942819690665,0
P_playoff_A+D_700ft_m0,059c8f24,6258,745174.8376998632,10.912174729109239,0
P_playoff_A+D_700ft_m1,059c8f24,6258,745174.8376998632,10.912174729109239,0
P_playoff_A+D_1000ft_m0,059c8f24,6258,745174.8376998632,10.912174729109239,0
P_playoff_A+D_1000ft_m1,059c8f24,6258,745174.8376998632,10.912174729109239,0
P_playoff_A+D_700ft_m0,1e5e3573,5480,469346.45254980016,9.254575240066456,0
P_playoff_A+D_700ft_m1,1e5e3573,5480,469346.45254980016,9.254575240066456,0
P_playoff_A+D_1000ft_m0,1e5e3573,5480,469346.45254980016,9.254575240066456,0
P_playoff_A+D_1000ft_m1,1e5e3573,5480,469346.45254980016,9.254575240066456,0
P_playoff_A+D_700ft_m0,028d7b28,6234,241420.65421679552,6.223057477822322,0
P_playoff_A+D_700ft_m1,028d7b28,6234,241420.65421679552,6.223057477822322,0
P_playoff_A+D_1000ft_m0,028d7b28,6234,241420.65421679552,6.223057477822322,0
P_playoff_A+D_1000ft_m1,028d7b28,6234,241420.65421679552,6.223057477822322,0
P_playoff_A+D_700ft_m0,ed6436d6,2945,106246.3826243006,6.006402430827695,0
P_playoff_A+D_700ft_m1,ed6436d6,2945,106246.3826243006,6.006402430827695,0
P_playoff_A+D_1000ft_m0,ed6436d6,2945,106246.3826243006,6.006402430827695,0
P_playoff_A+D_1000ft_m1,ed6436d6,2945,106246.3826243006,6.006402430827695,0
P_playoff_A+D_700ft_m0,39b51819,4231,60236.10585155592,3.77317485204276,0
P_playoff_A+D_700ft_m1,39b51819,4231,60236.10585155592,3.77317485204276,0
P_playoff_A+D_1000ft_m0,39b51819,4231,60236.10585155592,3.77317485204276,0
P_playoff_A+D_1000ft_m1,39b51819,4231,60236.10585155592,3.77317485204276,0
P_playoff_A+D_700ft_m0,9f0c7bae,2542,158576.27620000584,7.898258335635161,0
P_playoff_A+D_700ft_m1,9f0c7bae,2542,158576.27620000584,7.898258335635161,0
P_playoff_A+D_1000ft_m0,9f0c7bae,2542,158576.27620000584,7.898258335635161,0
P_playoff_A+D_1000ft_m1,9f0c7bae,2542,158576.27620000584,7.898258335635161,0
P_playoff_A+D_700ft_m0,73b1447d,5670,262754.04722707777,6.807429897084319,0
P_playoff_A+D_700ft_m1,73b1447d,5670,1018841.3883999726,13.404843871674935,0
P_playoff_A+D_1000ft_m0,73b1447d,5670,262754.04722707777,6.807429897084319,0
P_playoff_A+D_1000ft_m1,73b1447d,5670,1018841.3883999726,13.404843871674935,0
P_playoff_A+D_700ft_m0,764072a5,2949,119222.33720000679,6.358306065218297,1
P_playoff_A+D_700ft_m1,764072a5,2949,119222.33720000679,6.358306065218297,1
P_playoff_A+D_1000ft_m0,764072a5,2949,119222.33720000679,6.358306065218297,1
P_playoff_A+D_1000ft_m1,764072a5,2949,119222.33720000679,6.358306065218297,1
P_playoff_A+D_700ft_m0,e7d0c1de,4711,45917.477043184546,3.1219968220525276,1
P_playoff_A+D_700ft_m1,e7d0c1de,4711,45917.477043184546,3.1219968220525276,1
P_playoff_A+D_1000ft_m0,e7d0c1de,4711,45917.477043184546,3.1219968220525276,1
P_playoff_A+D_1000ft_m1,e7d0c1de,4711,45917.477043184546,3.1219968220525276,1
P_playoff_A+D_700ft_m0,a6ed2eff,5275,393100.8371000227,8.632582794631363,1
P_playoff_A+D_700ft_m1,a6ed2eff,5275,393100.8371000227,8.632582794631363,1
P_playoff_A+D_1000ft_m0,a6ed2eff,5275,393100.8371000227,8.632582794631363,1
P_playoff_A+D_1000ft_m1,a6ed2eff,5275,393100.8371000227,8.632582794631363,1
P_playoff_A+D_700ft_m0,4630ab92,3373,523400.56040068995,12.456869681159533,1
P_playoff_A+D_700ft_m1,4630ab92,3373,399317.23340002523,10.880550178687447,1
P_playoff_A+D_1000ft_m0,4630ab92,3373,523400.56040068995,12.456869681159533,1
P_playoff_A+D_1000ft_m1,4630ab92,3373,399317.23340002523,10.880550178687447,1
P_playoff_A+D_700ft_m0,29de15c8,3431,186418.5972095709,7.371133193042227,1
P_playoff_A+D_700ft_m1,29de15c8,3431,72151.17269999931,4.5857601721794286,1
P_playoff_A+D_1000ft_m0,29de15c8,3431,186418.5972095709,7.371133193042227,1
P_playoff_A+D_1000ft_m1,29de15c8,3431,72151.17269999931,4.5857601721794286,1
P_playoff_A+D_700ft_m0,b38e3116,6211,254755.58159994349,6.404438939196513,1
P_playoff_A+D_700ft_m1,b38e3116,6211,254755.58159994349,6.404438939196513,1
P_playoff_A+D_1000ft_m0,b38e3116,6211,254755.58159994349,6.404438939196513,1
P_playoff_A+D_1000ft_m1,b38e3116,6211,254755.58159994349,6.404438939196513,1
P_playoff_A+D_700ft_m0,2f19d536,3088,131900.97520002013,6.535598394413745,1
P_playoff_A+D_700ft_m1,2f19d536,3088,131900.97520002013,6.535598394413745,1
P_playoff_A+D_1000ft_m0,2f19d536,3088,131900.97520002013,6.535598394413745,1
P_playoff_A+D_1000ft_m1,2f19d536,3088,131900.97520002013,6.535598394413745,1
P_playoff_A+D_700ft_m0,f5859199,5790,6251966.48775003,32.86011196208295,1
P_playoff_A+D_700ft_m1,f5859199,5790,1467744.7051998926,15.921573253079503,1
P_playoff_A+D_1000ft_m0,f5859199,5790,6251966.48775003,32.86011196208295,1
P_playoff_A+D_1000ft_m1,f5859199,5790,1467744.7051998926,15.921573253079503,1
P_playoff_A+D_700ft_m0,d114d9c2,6206,367813.1224000198,7.69852853923108,1
P_playoff_A+D_700ft_m1,d114d9c2,6206,367813.1224000198,7.69852853923108,1
P_playoff_A+D_1000ft_m0,d114d9c2,6206,367813.1224000198,7.69852853923108,1
P_playoff_A+D_1000ft_m1,d114d9c2,6206,367813.1224000198,7.69852853923108,1
P_playoff_A+D_700ft_m0,91b301ce,6570,1775607.2747343,16.439582086174884,1
P_playoff_A+D_700ft_m1,91b301ce,6570,1775607.2747343,16.439582086174884,1
P_playoff_A+D_1000ft_m0,91b301ce,6570,1775607.2747343,16.439582086174884,1
P_playoff_A+D_1000ft_m1,91b301ce,6570,1775607.2747343,16.439582086174884,1
P_playoff_A+D_700ft_m0,2bff06cf,7624,6161319.0550003955,28.427941006681795,1
P_playoff_A+D_700ft_m1,2bff06cf,7624,6161319.0550003955,28.427941006681795,1
P_playoff_A+D_1000ft_m0,2bff06cf,7624,6161319.0550003955,28.427941006681795,1
P_playoff_A+D_1000ft_m1,2bff06cf,7624,6161319.0550003955,28.427941006681795,1
P_playoff_A+D_700ft_m0,353e5502,6062,4832794.646808192,28.235221875166015,1
P_playoff_A+D_700ft_m1,353e5502,6062,4832794.646808192,28.235221875166015,1
P_playoff_A+D_1000ft_m0,353e5502,6062,4832794.646808192,28.235221875166015,1
P_playoff_A+D_1000ft_m1,353e5502,6062,4832794.646808192,28.235221875166015,1
P_playoff_A+D_700ft_m0,f0188a48,4170,150921.02979999164,6.015986492439641,1
P_playoff_A+D_700ft_m1,f0188a48,4170,150921.02979999164,6.015986492439641,1
P_playoff_A+D_1000ft_m0,f0188a48,4170,150921.02979999164,6.015986492439641,1
P_playoff_A+D_1000ft_m1,f0188a48,4170,150921.02979999164,6.015986492439641,1
P_playoff_A+D_700ft_m0,c908edd0,5293,189838.66483550466,5.988821768688863,1
P_playoff_A+D_700ft_m1,c908edd0,5293,406638.5474000189,8.765028360555872,1
P_playoff_A+D_1000ft_m0,c908edd0,5293,189838.66483550466,5.988821768688863,1
P_playoff_A+D_1000ft_m1,c908edd0,5293,406638.5474000189,8.765028360555872,1
P_playoff_A+D_700ft_m0,1619e2ca,4443,226754.19623885586,7.143968151178287,1
P_playoff_A+D_700ft_m1,1619e2ca,4443,226754.19623885586,7.143968151178287,1
P_playoff_A+D_1000ft_m0,1619e2ca,4443,226754.19623885586,7.143968151178287,1
P_playoff_A+D_1000ft_m1,1619e2ca,4443,226754.19623885586,7.143968151178287,1
P_playoff_A+D_700ft_m0,4936af16,3991,66453.63988949629,4.080548301376148,1
P_playoff_A+D_700ft_m1,4936af16,3991,66453.63988949629,4.080548301376148,1
P_playoff_A+D_1000ft_m0,4936af16,3991,66453.63988949629,4.080548301376148,1
P_playoff_A+D_1000ft_m1,4936af16,3991,66453.63988949629,4.080548301376148,1
P_playoff_A+D_700ft_m0,5d11dfb5,5895,561356.8166000012,9.758377072411292,1
P_playoff_A+D_700ft_m1,5d11dfb5,5895,561356.8166000012,9.758377072411292,1
P_playoff_A+D_1000ft_m0,5d11dfb5,5895,561356.8166000012,9.758377072411292,1
P_playoff_A+D_1000ft_m1,5d11dfb5,5895,561356.8166000012,9.758377072411292,1
P_playoff_A+D_700ft_m0,56b00794,6065,498559.8638245541,9.066574905397182,1
P_playoff_A+D_700ft_m1,56b00794,6065,498559.8638245541,9.066574905397182,1
P_playoff_A+D_1000ft_m0,56b00794,6065,498559.8638245541,9.066574905397182,1
P_playoff_A+D_1000ft_m1,56b00794,6065,498559.8638245541,9.066574905397182,1
P_playoff_A+D_700ft_m0,5f4d2a52,5225,16925383.28920011,56.914917258531396,1
P_playoff_A+D_700ft_m1,5f4d2a52,5225,16925383.28920011,56.914917258531396,1
P_playoff_A+D_1000ft_m0,5f4d2a52,5225,16925383.28920011,56.914917258531396,1
P_playoff_A+D_1000ft_m1,5f4d2a52,5225,16925383.28920011,56.914917258531396,1
P_playoff_A+D_700ft_m0,9a6b0392,4255,1079967.0922265437,15.931456384176773,1
P_playoff_A+D_700ft_m1,9a6b0392,4255,1079967.0922265437,15.931456384176773,1
P_playoff_A+D_1000ft_m0,9a6b0392,4255,1079967.0922265437,15.931456384176773,1
P_playoff_A+D_1000ft_m1,9a6b0392,4255,1079967.0922265437,15.931456384176773,1
P_playoff_A+D_700ft_m0,9298ad5b,3964,679222.2871999877,13.089984763550598,1
P_playoff_A+D_700ft_m1,9298ad5b,3964,679222.2871999877,13.089984763550598,1
P_playoff_A+D_1000ft_m0,9298ad5b,3964,679222.2871999877,13.089984763550598,1
P_playoff_A+D_1000ft_m1,9298ad5b,3964,679222.2871999877,13.089984763550598,1
P_playoff_A+D_700ft_m0,7b38844c,3749,78831.72093308005,4.585564257032001,1
P_playoff_A+D_700ft_m1,7b38844c,3749,204649.34109999947,7.388349907150671,1
P_playoff_A+D_1000ft_m0,7b38844c,3749,78831.72093308005,4.585564257032001,1
P_playoff_A+D_1000ft_m1,7b38844c,3749,204649.34109999947,7.388349907150671,1
P_playoff_A+D_700ft_m0,4cecf7b3,6019,465784.581499991,8.796914734080126,1
P_playoff_A+D_700ft_m1,4cecf7b3,6019,465784.581499991,8.796914734080126,1
P_playoff_A+D_1000ft_m0,4cecf7b3,6019,465784.581499991,8.796914734080126,1
P_playoff_A+D_1000ft_m1,4cecf7b3,6019,465784.581499991,8.796914734080126,1
P_playoff_A+D_700ft_m0,8b9d8326,6163,5402119.744966568,29.60642843046102,1
P_playoff_A+D_700ft_m1,8b9d8326,6163,267042.81370000576,6.582552988433189,1
P_playoff_A+D_1000ft_m0,8b9d8326,6163,5402119.744966568,29.60642843046102,1
P_playoff_A+D_1000ft_m1,8b9d8326,6163,267042.81370000576,6.582552988433189,1
P_playoff_A+D_700ft_m0,bf39bc20,3303,378296.90109265153,10.701929975717578,1
P_playoff_A+D_700ft_m1,bf39bc20,3303,233160.02850000045,8.401808199266226,1
P_playoff_A+D_1000ft_m0,bf39bc20,3303,378296.90109265153,10.701929975717578,1
P_playoff_A+D_1000ft_m1,bf39bc20,3303,233160.02850000045,8.401808199266226,1
P_playoff_A+D_700ft_m0,77b0d905,4174,184137.92091674294,6.641946839162837,1
P_playoff_A+D_700ft_m1,77b0d905,4174,184137.92091674294,6.641946839162837,1
P_playoff_A+D_1000ft_m0,77b0d905,4174,184137.92091674294,6.641946839162837,1
P_playoff_A+D_1000ft_m1,77b0d905,4174,184137.92091674294,6.641946839162837,1
P_playoff_A+D_700ft_m0,a4cdbb0f,5204,144016.866132962,5.260633353939569,1
P_playoff_A+D_700ft_m1,a4cdbb0f,5204,144016.866132962,5.260633353939569,1
P_playoff_A+D_1000ft_m0,a4cdbb0f,5204,144016.866132962,5.260633353939569,1
P_playoff_A+D_1000ft_m1,a4cdbb0f,5204,144016.866132962,5.260633353939569,1
P_playoff_A+D_700ft_m0,084d66f9,3885,886093.2972865696,15.102338984482033,1
P_playoff_A+D_700ft_m1,084d66f9,3885,886093.2972865696,15.102338984482033,1
P_playoff_A+D_1000ft_m0,084d66f9,3885,886093.2972865696,15.102338984482033,1
P_playoff_A+D_1000ft_m1,084d66f9,3885,886093.2972865696,15.102338984482033,1
P_playoff_A+D_700ft_m0,9efc812e,4450,253210.54871042247,7.543291516388488,1
P_playoff_A+D_700ft_m1,9efc812e,4450,253210.54871042247,7.543291516388488,1
P_playoff_A+D_1000ft_m0,9efc812e,4450,253210.54871042247,7.543291516388488,1
P_playoff_A+D_1000ft_m1,9efc812e,4450,253210.54871042247,7.543291516388488,1
P_playoff_A+D_700ft_m0,95c8427f,6335,101582.15609252706,4.004381106904461,1
P_playoff_A+D_700ft_m1,95c8427f,6335,101582.15609252706,4.004381106904461,1
P_playoff_A+D_1000ft_m0,95c8427f,6335,101582.15609252706,4.004381106904461,1
P_playoff_A+D_1000ft_m1,95c8427f,6335,101582.15609252706,4.004381106904461,1
P_playoff_A+D_700ft_m0,a3518960,4967,250434.141500031,7.100675858286987,1
P_playoff_A+D_700ft_m1,a3518960,4967,250434.141500031,7.100675858286987,1
P_playoff_A+D_1000ft_m0,a3518960,4967,250434.141500031,7.100675858286987,1
P_playoff_A+D_1000ft_m1,a3518960,4967,250434.141500031,7.100675858286987,1
P_playoff_A+D_700ft_m0,ce55ba43,4104,61084.02891375231,3.8579816795577444,1
P_playoff_A+D_700ft_m1,ce55ba43,4104,61084.02891375231,3.8579816795577444,1
P_playoff_A+D_1000ft_m0,ce55ba43,4104,61084.02891375231,3.8579816795577444,1
P_playoff_A+D_1000ft_m1,ce55ba43,4104,61084.02891375231,3.8579816795577444,1
P_playoff_A+D_700ft_m0,8c167025,5368,885288.1180999511,12.842100494100917,1
P_playoff_A+D_700ft_m1,8c167025,5368,885288.1180999511,12.842100494100917,1
P_playoff_A+D_1000ft_m0,8c167025,5368,885288.1180999511,12.842100494100917,1
P_playoff_A+D_1000ft_m1,8c167025,5368,885288.1180999511,12.842100494100917,1
P_playoff_A+D_700ft_m0,c8d9680c,6281,1938867.6105249252,17.56951127835516,1
P_playoff_A+D_700ft_m1,c8d9680c,6281,1938867.6105249252,17.56951127835516,1
P_playoff_A+D_1000ft_m0,c8d9680c,6281,1938867.6105249252,17.56951127835516,1
P_playoff_A+D_1000ft_m1,c8d9680c,6281,1938867.6105249252,17.56951127835516,1
P_playoff_A+D_700ft_m0,89969c7a,4947,335509.0077000244,8.235332474787521,1
P_playoff_A+D_700ft_m1,89969c7a,4947,335509.0077000244,8.235332474787521,1
P_playoff_A+D_1000ft_m0,89969c7a,4947,335509.0077000244,8.235332474787521,1
P_playoff_A+D_1000ft_m1,89969c7a,4947,335509.0077000244,8.235332474787521,1
P_playoff_A+D_700ft_m0,c9578d27,4487,476650.5407999894,10.306756368182521,1
P_playoff_A+D_700ft_m1,c9578d27,4487,476650.5407999894,10.306756368182521,1
P_playoff_A+D_1000ft_m0,c9578d27,4487,476650.5407999894,10.306756368182521,1
P_playoff_A+D_1000ft_m1,c9578d27,4487,476650.5407999894,10.306756368182521,1
P_playoff_A+D_700ft_m0,b37fd114,8161,5091965.858499977,24.97877020046922,1
P_playoff_A+D_700ft_m1,b37fd114,8161,5091965.858499977,24.97877020046922,1
P_playoff_A+D_1000ft_m0,b37fd114,8161,5091965.858499977,24.97877020046922,1
P_playoff_A+D_1000ft_m1,b37fd114,8161,5091965.858499977,24.97877020046922,1
P_playoff_A+D_700ft_m0,2e63d9de,4699,1001383.2061612967,14.598136807370706,1
P_playoff_A+D_700ft_m1,2e63d9de,4699,1001383.2061612967,14.598136807370706,1
P_playoff_A+D_1000ft_m0,2e63d9de,4699,1001383.2061612967,14.598136807370706,1
P_playoff_A+D_1000ft_m1,2e63d9de,4699,1001383.2061612967,14.598136807370706,1
P_playoff_A+D_700ft_m0,4fbe9c06,6287,377414.00178446656,7.747958286443758,1
P_playoff_A+D_700ft_m1,4fbe9c06,6287,377414.00178446656,7.747958286443758,1
P_playoff_A+D_1000ft_m0,4fbe9c06,6287,377414.00178446656,7.747958286443758,1
P_playoff_A+D_1000ft_m1,4fbe9c06,6287,377414.00178446656,7.747958286443758,1
P_playoff_A+D_700ft_m0,5397ceb1,5255,8230520.2215275355,39.57557950497531,1
P_playoff_A+D_700ft_m1,5397ceb1,5255,8230520.2215275355,39.57557950497531,1
P_playoff_A+D_1000ft_m0,5397ceb1,5255,8230520.2215275355,39.57557950497531,1
P_playoff_A+D_1000ft_m1,5397ceb1,5255,8230520.2215275355,39.57557950497531,1
P_playoff_A+D_700ft_m0,9dfff011,4319,2968114.6709617935,26.21493201518421,1
P_playoff_A+D_700ft_m1,9dfff011,4319,2968114.6709617935,26.21493201518421,1
P_playoff_A+D_1000ft_m0,9dfff011,4319,2968114.6709617935,26.21493201518421,1
P_playoff_A+D_1000ft_m1,9dfff011,4319,2968114.6709617935,26.21493201518421,1
P_playoff_A+D_700ft_m0,9d5e14d4,5400,4399443.638199918,28.543156532728414,1
P_playoff_A+D_700ft_m1,9d5e14d4,5400,4399443.638199918,28.543156532728414,1
P_playoff_A+D_1000ft_m0,9d5e14d4,5400,4399443.638199918,28.543156532728414,1
P_playoff_A+D_1000ft_m1,9d5e14d4,5400,4399443.638199918,28.543156532728414,1
P_playoff_A+D_700ft_m0,2b034622,5203,240984.65889996744,6.805621396093291,1
P_playoff_A+D_700ft_m1,2b034622,5203,240984.65889996744,6.805621396093291,1
P_playoff_A+D_1000ft_m0,2b034622,5203,240984.65889996744,6.805621396093291,1
P_playoff_A+D_1000ft_m1,2b034622,5203,240984.65889996744,6.805621396093291,1
P_playoff_A+D_700ft_m0,7a5660b0,4998,468192.8267653014,9.678638115322178,1
P_playoff_A+D_700ft_m1,7a5660b0,4998,468192.8267653014,9.678638115322178,1
P_playoff_A+D_1000ft_m0,7a5660b0,4998,468192.8267653014,9.678638115322178,1
P_playoff_A+D_1000ft_m1,7a5660b0,4998,468192.8267653014,9.678638115322178,1
P_playoff_A+D_700ft_m0,15e154a1,6068,237281.61514383357,6.2532999217725305,1
P_playoff_A+D_700ft_m1,15e154a1,6068,237281.61514383357,6.2532999217725305,1
P_playoff_A+D_1000ft_m0,15e154a1,6068,237281.61514383357,6.2532999217725305,1
P_playoff_A+D_1000ft_m1,15e154a1,6068,237281.61514383357,6.2532999217725305,1
P_playoff_A+D_700ft_m0,85380836,6618,194298.75185442698,5.41840700388223,1
P_playoff_A+D_700ft_m1,85380836,6618,194298.75185442698,5.41840700388223,1
P_playoff_A+D_1000ft_m0,85380836,6618,194298.75185442698,5.41840700388223,1
P_playoff_A+D_1000ft_m1,85380836,6618,194298.75185442698,5.41840700388223,1
P_playoff_A+D_700ft_m0,521a7819,5200,168988.67906630237,5.700686177765431,1
P_playoff_A+D_700ft_m1,521a7819,5200,168988.67906630237,5.700686177765431,1
P_playoff_A+D_1000ft_m0,521a7819,5200,168988.67906630237,5.700686177765431,1
P_playoff_A+D_1000ft_m1,521a7819,5200,168988.67906630237,5.700686177765431,1
P_playoff_A+D_700ft_m0,e2fc7745,3692,103851.63901493352,5.303661908123556,1
P_playoff_A+D_700ft_m1,e2fc7745,3692,103851.63901493352,5.303661908123556,1
P_playoff_A+D_1000ft_m0,e2fc7745,3692,103851.63901493352,5.303661908123556,1
P_playoff_A+D_1000ft_m1,e2fc7745,3692,103851.63901493352,5.303661908123556,1
P_playoff_A+D_700ft_m0,73348914,4221,482515.4828999885,10.691729206195715,1
P_playoff_A+D_700ft_m1,73348914,4221,482515.4828999885,10.691729206195715,1
P_playoff_A+D_1000ft_m0,73348914,4221,482515.4828999885,10.691729206195715,1
P_playoff_A+D_1000ft_m1,73348914,4221,482515.4828999885,10.691729206195715,1
P_playoff_A+D_700ft_m0,f6824bb0,5015,137024.30829110811,5.2271304727626395,1
P_playoff_A+D_700ft_m1,f6824bb0,5015,137024.30829110811,5.2271304727626395,1
P_playoff_A+D_1000ft_m0,f6824bb0,5015,137024.30829110811,5.2271304727626395,1
P_playoff_A+D_1000ft_m1,f6824bb0,5015,137024.30829110811,5.2271304727626395,1
P_playoff_A+D_700ft_m0,b19b0395,5813,1280682.6906192976,14.842963120934092,1
P_playoff_A+D_700ft_m1,b19b0395,5813,1280682.6906192976,14.842963120934092,1
P_playoff_A+D_1000ft_m0,b19b0395,5813,1280682.6906192976,14.842963120934092,1
P_playoff_A+D_1000ft_m1,b19b0395,5813,1280682.6906192976,14.842963120934092,1
P_playoff_A+D_700ft_m0,aaaf3c03,2997,681500.1233000018,15.079592231507316,1
P_playoff_A+D_700ft_m1,aaaf3c03,2997,681500.1233000018,15.079592231507316,1
P_playoff_A+D_1000ft_m0,aaaf3c03,2997,681500.1233000018,15.079592231507316,1
P_playoff_A+D_1000ft_m1,aaaf3c03,2997,681500.1233000018,15.079592231507316,1
P_playoff_A+D_700ft_m0,125be846,6510,2213950.0590000013,18.441379950265283,1
P_playoff_A+D_700ft_m1,125be846,6510,2213950.0590000013,18.441379950265283,1
P_playoff_A+D_1000ft_m0,125be846,6510,2213950.0590000013,18.441379950265283,1
P_playoff_A+D_1000ft_m1,125be846,6510,2213950.0590000013,18.441379950265283,1
P_playoff_A+D_700ft_m0,2d35f86d,4896,615931.8316999953,11.216196779664774,1
P_playoff_A+D_700ft_m1,2d35f86d,4896,615931.8316999953,11.216196779664774,1
P_playoff_A+D_1000ft_m0,2d35f86d,4896,615931.8316999953,11.216196779664774,1
P_playoff_A+D_1000ft_m1,2d35f86d,4896,615931.8316999953,11.216196779664774,1
P_playoff_A+D_700ft_m0,54753541,4026,185771.1488392827,6.792853496781298,1
P_playoff_A+D_700ft_m1,54753541,4026,185771.1488392827,6.792853496781298,1
P_playoff_A+D_1000ft_m0,54753541,4026,185771.1488392827,6.792853496781298,1
P_playoff_A+D_1000ft_m1,54753541,4026,185771.1488392827,6.792853496781298,1
P_playoff_A+D_700ft_m0,9b5b61c1,5532,208079.4046590378,6.133007031274987,1
P_playoff_A+D_700ft_m1,9b5b61c1,5532,208079.4046590378,6.133007031274987,1
P_playoff_A+D_1000ft_m0,9b5b61c1,5532,208079.4046590378,6.133007031274987,1
P_playoff_A+D_1000ft_m1,9b5b61c1,5532,208079.4046590378,6.133007031274987,1
P_playoff_A+D_700ft_m0,1131525f,4159,71021.7346777048,4.132388817058021,1
P_playoff_A+D_700ft_m1,1131525f,4159,71021.7346777048,4.132388817058021,1
P_playoff_A+D_1000ft_m0,1131525f,4159,71021.7346777048,4.132388817058021,1
P_playoff_A+D_1000ft_m1,1131525f,4159,71021.7346777048,4.132388817058021,1
P_playoff_A+D_700ft_m0,45fb3e21,3649,24797.22947391472,2.6068416358323963,1
P_playoff_A+D_700ft_m1,45fb3e21,3649,24797.22947391472,2.6068416358323963,1
P_playoff_A+D_1000ft_m0,45fb3e21,3649,24797.22947391472,2.6068416358323963,1
P_playoff_A+D_1000ft_m1,45fb3e21,3649,24797.22947391472,2.6068416358323963,1
P_playoff_A+D_700ft_m0,177622d7,3154,56793.18745757692,4.2434322955201695,1
P_playoff_A+D_700ft_m1,177622d7,3154,56793.18745757692,4.2434322955201695,1
P_playoff_A+D_1000ft_m0,177622d7,3154,56793.18745757692,4.2434322955201695,1
P_playoff_A+D_1000ft_m1,177622d7,3154,56793.18745757692,4.2434322955201695,1
P_playoff_A+D_700ft_m0,8bda1a11,5981,328662.9036327808,7.412905140390518,1
P_playoff_A+D_700ft_m1,8bda1a11,5981,328662.9036327808,7.412905140390518,1
P_playoff_A+D_1000ft_m0,8bda1a11,5981,328662.9036327808,7.412905140390518,1
P_playoff_A+D_1000ft_m1,8bda1a11,5981,328662.9036327808,7.412905140390518,1
P_playoff_A+D_700ft_m0,516088b7,6645,558610.9940890721,9.16868910521357,1
P_playoff_A+D_700ft_m1,516088b7,6645,269769.2405999982,6.371603205164532,1
P_playoff_A+D_1000ft_m0,516088b7,6645,558610.9940890721,9.16868910521357,1
P_playoff_A+D_1000ft_m1,516088b7,6645,269769.2405999982,6.371603205164532,1
P_playoff_A+D_700ft_m0,65156b96,3221,118942.75569999997,6.076781706471203,1
P_playoff_A+D_700ft_m1,65156b96,3221,118942.75569999997,6.076781706471203,1
P_playoff_A+D_1000ft_m0,65156b96,3221,118942.75569999997,6.076781706471203,1
P_playoff_A+D_1000ft_m1,65156b96,3221,118942.75569999997,6.076781706471203,1
P_playoff_A+D_700ft_m0,96b7eea1,4332,455856.5199938371,10.258169277849666,1
P_playoff_A+D_700ft_m1,96b7eea1,4332,455856.5199938371,10.258169277849666,1
P_playoff_A+D_1000ft_m0,96b7eea1,4332,455856.5199938371,10.258169277849666,1
P_playoff_A+D_1000ft_m1,96b7eea1,4332,455856.5199938371,10.258169277849666,1
P_playoff_A+D_700ft_m0,2d179ded,7008,281313.55066175497,6.33575360802826,1
P_playoff_A+D_700ft_m1,2d179ded,7008,281313.55066175497,6.33575360802826,1
P_playoff_A+D_1000ft_m0,2d179ded,7008,281313.55066175497,6.33575360802826,1
P_playoff_A+D_1000ft_m1,2d179ded,7008,281313.55066175497,6.33575360802826,1
P_playoff_A+D_700ft_m0,f140c2fa,4082,16201.186211551552,1.9922182154127912,1
P_playoff_A+D_700ft_m1,f140c2fa,4082,16201.186211551552,1.9922182154127912,1
P_playoff_A+D_1000ft_m0,f140c2fa,4082,16201.186211551552,1.9922182154127912,1
P_playoff_A+D_1000ft_m1,f140c2fa,4082,16201.186211551552,1.9922182154127912,1
P_playoff_A+D_700ft_m0,2e29e833,5428,2573859.582960439,21.775719100152514,1
P_playoff_A+D_700ft_m1,2e29e833,5428,2573859.582960439,21.775719100152514,1
P_playoff_A+D_1000ft_m0,2e29e833,5428,2573859.582960439,21.775719100152514,1
P_playoff_A+D_1000ft_m1,2e29e833,5428,2573859.582960439,21.775719100152514,1
P_playoff_A+D_700ft_m0,2ab29395,1852,18840.732020581003,3.1895425121165597,1
P_playoff_A+D_700ft_m1,2ab29395,1852,18840.732020581003,3.1895425121165597,1
P_playoff_A+D_1000ft_m0,2ab29395,1852,18840.732020581003,3.1895425121165597,1
P_playoff_A+D_1000ft_m1,2ab29395,1852,18840.732020581003,3.1895425121165597,1
P_playoff_A+D_700ft_m0,1295a25b,5551,457409.1611808905,9.077511664070148,1
P_playoff_A+D_700ft_m1,1295a25b,5551,457409.1611808905,9.077511664070148,1
P_playoff_A+D_1000ft_m0,1295a25b,5551,457409.1611808905,9.077511664070148,1
P_playoff_A+D_1000ft_m1,1295a25b,5551,457409.1611808905,9.077511664070148,1
P_playoff_A+D_700ft_m0,d60430e6,2511,57483.335269830306,4.784621890883516,1
P_playoff_A+D_700ft_m1,d60430e6,2511,57483.335269830306,4.784621890883516,1
P_playoff_A+D_1000ft_m0,d60430e6,2511,57483.335269830306,4.784621890883516,1
P_playoff_A+D_1000ft_m1,d60430e6,2511,57483.335269830306,4.784621890883516,1
P_playoff_A+D_700ft_m0,3df4b19e,4988,375157.9101000268,8.67249047497302,1
P_playoff_A+D_700ft_m1,3df4b19e,4988,375157.9101000268,8.67249047497302,1
P_playoff_A+D_1000ft_m0,3df4b19e,4988,375157.9101000268,8.67249047497302,1
P_playoff_A+D_1000ft_m1,3df4b19e,4988,375157.9101000268,8.67249047497302,1
P_playoff_A+D_700ft_m0,14ad5efb,5842,260229.68871117133,6.674175843954357,1
P_playoff_A+D_700ft_m1,14ad5efb,5842,260229.68871117133,6.674175843954357,1
P_playoff_A+D_1000ft_m0,14ad5efb,5842,260229.68871117133,6.674175843954357,1
P_playoff_A+D_1000ft_m1,14ad5efb,5842,260229.68871117133,6.674175843954357,1
P_playoff_A+D_700ft_m0,b4d8dd4f,4259,1842405.7109222305,20.798825705345727,1
P_playoff_A+D_700ft_m1,b4d8dd4f,4259,1842405.7109222305,20.798825705345727,1
P_playoff_A+D_1000ft_m0,b4d8dd4f,4259,1842405.7109222305,20.798825705345727,1
P_playoff_A+D_1000ft_m1,b4d8dd4f,4259,1842405.7109222305,20.798825705345727,1
P_playoff_A+D_700ft_m0,6a0ff78e,6465,279012.627643648,6.569429630341156,1
P_playoff_A+D_700ft_m1,6a0ff78e,6465,279012.627643648,6.569429630341156,1
P_playoff_A+D_1000ft_m0,6a0ff78e,6465,279012.627643648,6.569429630341156,1
P_playoff_A+D_1000ft_m1,6a0ff78e,6465,279012.627643648,6.569429630341156,1
P_playoff_A+D_700ft_m0,be063506,4500,444438.14163625997,9.938009432211485,1
P_playoff_A+D_700ft_m1,be063506,4500,444438.14163625997,9.938009432211485,1
P_playoff_A+D_1000ft_m0,be063506,4500,444438.14163625997,9.938009432211485,1
P_playoff_A+D_1000ft_m1,be063506,4500,444438.14163625997,9.938009432211485,1
P_playoff_A+D_700ft_m0,87aa3730,5607,1257752.0668147528,14.97725561068324,1
P_playoff_A+D_700ft_m1,87aa3730,5607,1257752.0668147528,14.97725561068324,1
P_playoff_A+D_1000ft_m0,87aa3730,5607,1257752.0668147528,14.97725561068324,1
P_playoff_A+D_1000ft_m1,87aa3730,5607,1257752.0668147528,14.97725561068324,1
P_playoff_A+D_700ft_m0,75c20ec7,5361,1058652.154417311,14.052504700051033,1
P_playoff_A+D_700ft_m1,75c20ec7,5361,1058652.154417311,14.052504700051033,1
P_playoff_A+D_1000ft_m0,75c20ec7,5361,1058652.154417311,14.052504700051033,1
P_playoff_A+D_1000ft_m1,75c20ec7,5361,1058652.154417311,14.052504700051033,1
P_playoff_A+D_700ft_m0,367456ce,5569,86097.91010363169,3.9319473686949387,1
P_playoff_A+D_700ft_m1,367456ce,5569,86097.91010363169,3.9319473686949387,1
P_playoff_A+D_1000ft_m0,367456ce,5569,86097.91010363169,3.9319473686949387,1
P_playoff_A+D_1000ft_m1,367456ce,5569,86097.91010363169,3.9319473686949387,1
P_playoff_A+D_700ft_m0,b0f53bf4,2755,189877.78597802264,8.301876681501234,1
P_playoff_A+D_700ft_m1,b0f53bf4,2755,189877.78597802264,8.301876681501234,1
P_playoff_A+D_1000ft_m0,b0f53bf4,2755,189877.78597802264,8.301876681501234,1
P_playoff_A+D_1000ft_m1,b0f53bf4,2755,189877.78597802264,8.301876681501234,1
P_playoff_A+D_700ft_m0,ef8e3ed0,5224,1118906.8511000555,14.635089490374893,1
P_playoff_A+D_700ft_m1,ef8e3ed0,5224,1118906.8511000555,14.635089490374893,1
P_playoff_A+D_1000ft_m0,ef8e3ed0,5224,1118906.8511000555,14.635089490374893,1
P_playoff_A+D_1000ft_m1,ef8e3ed0,5224,1118906.8511000555,14.635089490374893,1
P_playoff_A+D_700ft_m0,d6dd7330,6193,865653.6983000864,11.822832979899944,1
P_playoff_A+D_700ft_m1,d6dd7330,6193,865653.6983000864,11.822832979899944,1
P_playoff_A+D_1000ft_m0,d6dd7330,6193,865653.6983000864,11.822832979899944,1
P_playoff_A+D_1000ft_m1,d6dd7330,6193,865653.6983000864,11.822832979899944,1
P_playoff_A+D_700ft_m0,69e41fa6,5772,308416.13451217266,7.3097981324645795,1
P_playoff_A+D_700ft_m1,69e41fa6,5772,308416.13451217266,7.3097981324645795,1
P_playoff_A+D_1000ft_m0,69e41fa6,5772,308416.13451217266,7.3097981324645795,1
P_playoff_A+D_1000ft_m1,69e41fa6,5772,308416.13451217266,7.3097981324645795,1
P_playoff_A+D_700ft_m0,bd6f0e19,5140,526217.5552999785,10.118149844909517,1
P_playoff_A+D_700ft_m1,bd6f0e19,5140,526217.5552999785,10.118149844909517,1
P_playoff_A+D_1000ft_m0,bd6f0e19,5140,526217.5552999785,10.118149844909517,1
P_playoff_A+D_1000ft_m1,bd6f0e19,5140,526217.5552999785,10.118149844909517,1
P_playoff_A+D_700ft_m0,512943b2,5029,447237.4273884789,9.43035957552512,1
P_playoff_A+D_700ft_m1,512943b2,5029,81796.26750001505,4.032978673574936,1
P_playoff_A+D_1000ft_m0,512943b2,5029,447237.4273884789,9.43035957552512,1
P_playoff_A+D_1000ft_m1,512943b2,5029,81796.26750001505,4.032978673574936,1
P_playoff_A+D_700ft_m0,389ae58f,6463,16004721.4057004,49.76304894845995,1
P_playoff_A+D_700ft_m1,389ae58f,6463,16004721.4057004,49.76304894845995,1
P_playoff_A+D_1000ft_m0,389ae58f,6463,16004721.4057004,49.76304894845995,1
P_playoff_A+D_1000ft_m1,389ae58f,6463,16004721.4057004,49.76304894845995,1
P_playoff_A+D_700ft_m0,d41beaf2,4753,34085.14469424756,2.6779265672157377,1
P_playoff_A+D_700ft_m1,d41beaf2,4753,34085.14469424756,2.6779265672157377,1
P_playoff_A+D_1000ft_m0,d41beaf2,4753,34085.14469424756,2.6779265672157377,1
P_playoff_A+D_1000ft_m1,d41beaf2,4753,34085.14469424756,2.6779265672157377,1
P_playoff_A+D_700ft_m0,2f8e53c3,2594,14878.92037109433,2.394973563473232,1
P_playoff_A+D_700ft_m1,2f8e53c3,2594,28129.886299993283,3.293055138227308,1
P_playoff_A+D_1000ft_m0,2f8e53c3,2594,14878.92037109433,2.394973563473232,1
P_playoff_A+D_1000ft_m1,2f8e53c3,2594,28129.886299993283,3.293055138227308,1
P_playoff_A+D_700ft_m0,e6c55748,4472,394902.4429000074,9.397103554297912,1
P_playoff_A+D_700ft_m1,e6c55748,4472,394902.4429000074,9.397103554297912,1
P_playoff_A+D_1000ft_m0,e6c55748,4472,394902.4429000074,9.397103554297912,1
P_playoff_A+D_1000ft_m1,e6c55748,4472,394902.4429000074,9.397103554297912,1
P_playoff_A+D_700ft_m0,3a0af893,2927,1022422.6241000681,18.6897660134781,1
P_playoff_A+D_700ft_m1,3a0af893,2927,1022422.6241000681,18.6897660134781,1
P_playoff_A+D_1000ft_m0,3a0af893,2927,1022422.6241000681,18.6897660134781,1
P_playoff_A+D_1000ft_m1,3a0af893,2927,1022422.6241000681,18.6897660134781,1
P_playoff_A+D_700ft_m0,e7c36e81,3531,8323.8676585295,1.5353723828952117,1
P_playoff_A+D_700ft_m1,e7c36e81,3531,8323.8676585295,1.5353723828952117,1
P_playoff_A+D_1000ft_m0,e7c36e81,3531,8323.8676585295,1.5353723828952117,1
P_playoff_A+D_1000ft_m1,e7c36e81,3531,8323.8676585295,1.5353723828952117,1
P_playoff_A+D_700ft_m0,29b24409,5587,81572.05007546241,3.8210379662252243,1
P_playoff_A+D_700ft_m1,29b24409,5587,81572.05007546241,3.8210379662252243,1
P_playoff_A+D_1000ft_m0,29b24409,5587,81572.05007546241,3.8210379662252243,1
P_playoff_A+D_1000ft_m1,29b24409,5587,81572.05007546241,3.8210379662252243,1
P_playoff_A+D_700ft_m0,00e12e8b,4301,275632.3694342758,8.005351172328325,1
P_playoff_A+D_700ft_m1,00e12e8b,4301,270098.9717000084,7.92458894231589,1
P_playoff_A+D_1000ft_m0,00e12e8b,4301,275632.3694342758,8.005351172328325,1
P_playoff_A+D_1000ft_m1,00e12e8b,4301,270098.9717000084,7.92458894231589,1
P_playoff_A+D_700ft_m0,bb2cdd83,3825,90397.31006323537,4.861407581828831,1
P_playoff_A+D_700ft_m1,bb2cdd83,3825,90397.31006323537,4.861407581828831,1
P_playoff_A+D_1000ft_m0,bb2cdd83,3825,90397.31006323537,4.861407581828831,1
P_playoff_A+D_1000ft_m1,bb2cdd83,3825,90397.31006323537,4.861407581828831,1
P_playoff_A+D_700ft_m0,1285a37b,5597,472038.7976682294,9.18356267564969,1
P_playoff_A+D_700ft_m1,1285a37b,5597,172346.77079995122,5.549117512133954,1
P_playoff_A+D_1000ft_m0,1285a37b,5597,472038.7976682294,9.18356267564969,1
P_playoff_A+D_1000ft_m1,1285a37b,5597,172346.77079995122,5.549117512133954,1
P_playoff_A+D_700ft_m0,109d9d70,4215,370153.7543999929,9.371137061320914,1
P_playoff_A+D_700ft_m1,109d9d70,4215,370153.7543999929,9.371137061320914,1
P_playoff_A+D_1000ft_m0,109d9d70,4215,370153.7543999929,9.371137061320914,1
P_playoff_A+D_1000ft_m1,109d9d70,4215,370153.7543999929,9.371137061320914,1
P_playoff_A+D_700ft_m0,2fa01aa6,2174,766533.893400001,18.77741961251621,1
P_playoff_A+D_700ft_m1,2fa01aa6,2174,766533.893400001,18.77741961251621,1
P_playoff_A+D_1000ft_m0,2fa01aa6,2174,766533.893400001,18.77741961251621,1
P_playoff_A+D_1000ft_m1,2fa01aa6,2174,766533.893400001,18.77741961251621,1
P_playoff_A+D_700ft_m0,ba48188d,4166,10809097.666600233,50.93720227649117,1
P_playoff_A+D_700ft_m1,ba48188d,4166,10809097.666600233,50.93720227649117,1
P_playoff_A+D_1000ft_m0,ba48188d,4166,10809097.666600233,50.93720227649117,1
P_playoff_A+D_1000ft_m1,ba48188d,4166,10809097.666600233,50.93720227649117,1
P_playoff_A+D_700ft_m0,9e3e364d,4290,72018.79139999617,4.097267023631261,1
P_playoff_A+D_700ft_m1,9e3e364d,4290,72018.79139999617,4.097267023631261,1
P_playoff_A+D_1000ft_m0,9e3e364d,4290,72018.79139999617,4.097267023631261,1
P_playoff_A+D_1000ft_m1,9e3e364d,4290,72018.79139999617,4.097267023631261,1
P_playoff_A+D_700ft_m0,3584a6eb,4494,488412.2105624631,10.425015814438854,1
P_playoff_A+D_700ft_m1,3584a6eb,4494,488412.2105624631,10.425015814438854,1
P_playoff_A+D_1000ft_m0,3584a6eb,4494,488412.2105624631,10.425015814438854,1
P_playoff_A+D_1000ft_m1,3584a6eb,4494,488412.2105624631,10.425015814438854,1
P_playoff_A+D_700ft_m0,9314ff13,2748,74015.14800000652,5.189815774469084,1
P_playoff_A+D_700ft_m1,9314ff13,2748,74015.14800000652,5.189815774469084,1
P_playoff_A+D_1000ft_m0,9314ff13,2748,74015.14800000652,5.189815774469084,1
P_playoff_A+D_1000ft_m1,9314ff13,2748,74015.14800000652,5.189815774469084,1
P_playoff_A+D_700ft_m0,fde20ecf,4667,164712.0689525974,5.940784663994721,1
P_playoff_A+D_700ft_m1,fde20ecf,4667,1242876.3809001003,16.31905728866344,1
P_playoff_A+D_1000ft_m0,fde20ecf,4667,164712.0689525974,5.940784663994721,1
P_playoff_A+D_1000ft_m1,fde20ecf,4667,1242876.3809001003,16.31905728866344,1
P_playoff_A+D_700ft_m0,ee0300f7,4544,2996669.8281001747,25.680311432467565,1
P_playoff_A+D_700ft_m1,ee0300f7,4544,2996669.8281001747,25.680311432467565,1
P_playoff_A+D_1000ft_m0,ee0300f7,4544,2996669.8281001747,25.680311432467565,1
P_playoff_A+D_1000ft_m1,ee0300f7,4544,2996669.8281001747,25.680311432467565,1
P_playoff_A+D_700ft_m0,89f36adf,5292,462516.4489540527,9.34875274070762,1
P_playoff_A+D_700ft_m1,89f36adf,5292,462516.4489540527,9.34875274070762,1
P_playoff_A+D_1000ft_m0,89f36adf,5292,462516.4489540527,9.34875274070762,1
P_playoff_A+D_1000ft_m1,89f36adf,5292,462516.4489540527,9.34875274070762,1
P_playoff_A+D_700ft_m0,6d6d93af,3595,463979.37154290854,11.36056389938786,1
P_playoff_A+D_700ft_m1,6d6d93af,3595,463979.37154290854,11.36056389938786,1
P_playoff_A+D_1000ft_m0,6d6d93af,3595,463979.37154290854,11.36056389938786,1
P_playoff_A+D_1000ft_m1,6d6d93af,3595,463979.37154290854,11.36056389938786,1
P_playoff_A+D_700ft_m0,4c3168cf,4334,34772.704981838295,2.8325317361714797,1
P_playoff_A+D_700ft_m1,4c3168cf,4334,34772.704981838295,2.8325317361714797,1
P_playoff_A+D_1000ft_m0,4c3168cf,4334,34772.704981838295,2.8325317361714797,1
P_playoff_A+D_1000ft_m1,4c3168cf,4334,34772.704981838295,2.8325317361714797,1
P_playoff_A+D_700ft_m0,26d3a96a,4721,1596138.982311879,18.38731651617318,1
P_playoff_A+D_700ft_m1,26d3a96a,4721,1596138.982311879,18.38731651617318,1
P_playoff_A+D_1000ft_m0,26d3a96a,4721,1596138.982311879,18.38731651617318,1
P_playoff_A+D_1000ft_m1,26d3a96a,4721,1596138.982311879,18.38731651617318,1
P_playoff_A+D_700ft_m0,bd4ae5da,5006,177701.61276966814,5.957996750888114,1
P_playoff_A+D_700ft_m1,bd4ae5da,5006,177701.61276966814,5.957996750888114,1
P_playoff_A+D_1000ft_m0,bd4ae5da,5006,177701.61276966814,5.957996750888114,1
P_playoff_A+D_1000ft_m1,bd4ae5da,5006,177701.61276966814,5.957996750888114,1
P_playoff_A+D_700ft_m0,8902c3f6,4959,386826.81919997104,8.832044207317482,1
P_playoff_A+D_700ft_m1,8902c3f6,4959,386826.81919997104,8.832044207317482,1
P_playoff_A+D_1000ft_m0,8902c3f6,4959,386826.81919997104,8.832044207317482,1
P_playoff_A+D_1000ft_m1,8902c3f6,4959,386826.81919997104,8.832044207317482,1
P_playoff_A+D_700ft_m0,b977be4a,5917,351137.17717888707,7.703491755394627,1
P_playoff_A+D_700ft_m1,b977be4a,5917,2042287.4439000026,18.57837175934225,1
P_playoff_A+D_1000ft_m0,b977be4a,5917,351137.17717888707,7.703491755394627,1
P_playoff_A+D_1000ft_m1,b977be4a,5917,2042287.4439000026,18.57837175934225,1
P_playoff_A+D_700ft_m0,f40cd091,5166,308584.5097000032,7.728760684292187,1
P_playoff_A+D_700ft_m1,f40cd091,5166,308584.5097000032,7.728760684292187,1
P_playoff_A+D_1000ft_m0,f40cd091,5166,308584.5097000032,7.728760684292187,1
P_playoff_A+D_1000ft_m1,f40cd091,5166,308584.5097000032,7.728760684292187,1
P_playoff_A+D_700ft_m0,3a7dd95d,3072,519998.09069999313,13.010388611275376,1
P_playoff_A+D_700ft_m1,3a7dd95d,3072,519998.09069999313,13.010388611275376,1
P_playoff_A+D_1000ft_m0,3a7dd95d,3072,519998.09069999313,13.010388611275376,1
P_playoff_A+D_1000ft_m1,3a7dd95d,3072,519998.09069999313,13.010388611275376,1
P_playoff_A+D_700ft_m0,c96c018a,6236,425451.9839348305,8.259851194003822,1
P_playoff_A+D_700ft_m1,c96c018a,6236,425451.9839348305,8.259851194003822,1
P_playoff_A+D_1000ft_m0,c96c018a,6236,425451.9839348305,8.259851194003822,1
P_playoff_A+D_1000ft_m1,c96c018a,6236,425451.9839348305,8.259851194003822,1
P_playoff_A+D_700ft_m0,67a8da4a,4911,513956.26665440656,10.230058467282822,1
P_playoff_A+D_700ft_m1,67a8da4a,4911,513956.26665440656,10.230058467282822,1
P_playoff_A+D_1000ft_m0,67a8da4a,4911,513956.26665440656,10.230058467282822,1
P_playoff_A+D_1000ft_m1,67a8da4a,4911,513956.26665440656,10.230058467282822,1
P_playoff_A+D_700ft_m0,f321a31c,5141,810660.2273999886,12.557281531880928,1
P_playoff_A+D_700ft_m1,f321a31c,5141,810660.2273999886,12.557281531880928,1
P_playoff_A+D_1000ft_m0,f321a31c,5141,810660.2273999886,12.557281531880928,1
P_playoff_A+D_1000ft_m1,f321a31c,5141,810660.2273999886,12.557281531880928,1
P_playoff_A+D_700ft_m0,b585b4fa,4294,530651.8644459019,11.116647306294025,1
P_playoff_A+D_700ft_m1,b585b4fa,4294,427154.41740004974,9.973817813617734,1
P_playoff_A+D_1000ft_m0,b585b4fa,4294,530651.8644459019,11.116647306294025,1
P_playoff_A+D_1000ft_m1,b585b4fa,4294,427154.41740004974,9.973817813617734,1
P_playoff_A+D_700ft_m0,7acda2df,3091,224151.16878018467,8.515712707589966,1
P_playoff_A+D_700ft_m1,7acda2df,3091,224151.16878018467,8.515712707589966,1
P_playoff_A+D_1000ft_m0,7acda2df,3091,224151.16878018467,8.515712707589966,1
P_playoff_A+D_1000ft_m1,7acda2df,3091,224151.16878018467,8.515712707589966,1
P_playoff_A+D_700ft_m0,7987f2f2,3705,285126.1893589132,8.772521651683816,1
P_playoff_A+D_700ft_m1,7987f2f2,3705,285126.1893589132,8.772521651683816,1
P_playoff_A+D_1000ft_m0,7987f2f2,3705,285126.1893589132,8.772521651683816,1
P_playoff_A+D_1000ft_m1,7987f2f2,3705,285126.1893589132,8.772521651683816,1
P_playoff_A+D_700ft_m0,206b6193,6535,3348556.578134448,22.63633042159305,1
P_playoff_A+D_700ft_m1,206b6193,6535,3348556.578134448,22.63633042159305,1
P_playoff_A+D_1000ft_m0,206b6193,6535,3348556.578134448,22.63633042159305,1
P_playoff_A+D_1000ft_m1,206b6193,6535,3348556.578134448,22.63633042159305,1
P_playoff_A+D_700ft_m0,656a067b,3051,129767.70895708368,6.521720986598167,1
P_playoff_A+D_700ft_m1,656a067b,3051,656337.2183000294,14.667037832749068,1
P_playoff_A+D_1000ft_m0,656a067b,3051,129767.70895708368,6.521720986598167,1
P_playoff_A+D_1000ft_m1,656a067b,3051,656337.2183000294,14.667037832749068,1
P_playoff_A+D_700ft_m0,e0079ed1,3471,226021.1810999934,8.069511840769099,1
P_playoff_A+D_700ft_m1,e0079ed1,3471,226021.1810999934,8.069511840769099,1
P_playoff_A+D_1000ft_m0,e0079ed1,3471,226021.1810999934,8.069511840769099,1
P_playoff_A+D_1000ft_m1,e0079ed1,3471,226021.1810999934,8.069511840769099,1
P_playoff_A+D_700ft_m0,46d41ff6,7901,1297429.069612414,12.814473911527282,1
P_playoff_A+D_700ft_m1,46d41ff6,7901,404226.1706000016,7.152719312990992,1
P_playoff_A+D_1000ft_m0,46d41ff6,7901,1297429.069612414,12.814473911527282,1
P_playoff_A+D_1000ft_m1,46d41ff6,7901,404226.1706000016,7.152719312990992,1
P_playoff_A+D_700ft_m0,8b5be31b,5672,269955.27613991726,6.898867419720402,1
P_playoff_A+D_700ft_m1,8b5be31b,5672,269955.27613991726,6.898867419720402,1
P_playoff_A+D_1000ft_m0,8b5be31b,5672,269955.27613991726,6.898867419720402,1
P_playoff_A+D_1000ft_m1,8b5be31b,5672,269955.27613991726,6.898867419720402,1
P_playoff_A+D_700ft_m0,edf885a3,3117,381186.66795396985,11.058607657466382,1
P_playoff_A+D_700ft_m1,edf885a3,3117,381186.66795396985,11.058607657466382,1
P_playoff_A+D_1000ft_m0,edf885a3,3117,381186.66795396985,11.058607657466382,1
P_playoff_A+D_1000ft_m1,edf885a3,3117,381186.66795396985,11.058607657466382,1
P_playoff_A+D_700ft_m0,fd710aea,4217,938373.3329198671,14.91715588512696,1
P_playoff_A+D_700ft_m1,fd710aea,4217,218852.23150001027,7.203999750290396,1
P_playoff_A+D_1000ft_m0,fd710aea,4217,938373.3329198671,14.91715588512696,1
P_playoff_A+D_1000ft_m1,fd710aea,4217,218852.23150001027,7.203999750290396,1
P_playoff_A+D_700ft_m0,41fb0192,2973,181174.1429316781,7.806397346601263,1
P_playoff_A+D_700ft_m1,41fb0192,2973,37630.16080001541,3.5577103110362645,1
P_playoff_A+D_1000ft_m0,41fb0192,2973,181174.1429316781,7.806397346601263,1
P_playoff_A+D_1000ft_m1,41fb0192,2973,37630.16080001541,3.5577103110362645,1
P_playoff_A+D_700ft_m0,1b82b665,3806,141927.62720000846,6.106594455886377,1
P_playoff_A+D_700ft_m1,1b82b665,3806,141927.62720000846,6.106594455886377,1
P_playoff_A+D_1000ft_m0,1b82b665,3806,141927.62720000846,6.106594455886377,1
P_playoff_A+D_1000ft_m1,1b82b665,3806,141927.62720000846,6.106594455886377,1
P_playoff_A+D_700ft_m0,cda7eb37,5973,602402.595900001,10.042623008757838,1
P_playoff_A+D_700ft_m1,cda7eb37,5973,602402.595900001,10.042623008757838,1
P_playoff_A+D_1000ft_m0,cda7eb37,5973,602402.595900001,10.042623008757838,1
P_playoff_A+D_1000ft_m1,cda7eb37,5973,602402.595900001,10.042623008757838,1
P_playoff_A+D_700ft_m0,99529c45,5840,265610.4606363311,6.743978296202156,1
P_playoff_A+D_700ft_m1,99529c45,5840,265610.4606363311,6.743978296202156,1
P_playoff_A+D_1000ft_m0,99529c45,5840,265610.4606363311,6.743978296202156,1
P_playoff_A+D_1000ft_m1,99529c45,5840,265610.4606363311,6.743978296202156,1
P_playoff_A+D_700ft_m0,d2f3b1ab,5581,94891.10860800736,4.1234121757753766,1
P_playoff_A+D_700ft_m1,d2f3b1ab,5581,94891.10860800736,4.1234121757753766,1
P_playoff_A+D_1000ft_m0,d2f3b1ab,5581,94891.10860800736,4.1234121757753766,1
P_playoff_A+D_1000ft_m1,d2f3b1ab,5581,94891.10860800736,4.1234121757753766,1
P_playoff_A+D_700ft_m0,46a301e9,8226,10301401.537698593,35.387819654922524,1
P_playoff_A+D_700ft_m1,46a301e9,8226,10301401.537698593,35.387819654922524,1
P_playoff_A+D_1000ft_m0,46a301e9,8226,10301401.537698593,35.387819654922524,1
P_playoff_A+D_1000ft_m1,46a301e9,8226,10301401.537698593,35.387819654922524,1
P_playoff_A+D_700ft_m0,5567d551,6889,325302.66413101315,6.87172415396352,1
P_playoff_A+D_700ft_m1,5567d551,6889,325302.66413101315,6.87172415396352,1
P_playoff_A+D_1000ft_m0,5567d551,6889,325302.66413101315,6.87172415396352,1
P_playoff_A+D_1000ft_m1,5567d551,6889,325302.66413101315,6.87172415396352,1
P_playoff_A+D_700ft_m0,ea41324e,5025,257282.79930941574,7.155456454797321,1
P_playoff_A+D_700ft_m1,ea41324e,5025,257282.79930941574,7.155456454797321,1
P_playoff_A+D_1000ft_m0,ea41324e,5025,257282.79930941574,7.155456454797321,1
P_playoff_A+D_1000ft_m1,ea41324e,5025,257282.79930941574,7.155456454797321,1
P_playoff_A+D_700ft_m0,fc03f21f,4803,800399.4590999716,12.90913373270699,1
P_playoff_A+D_700ft_m1,fc03f21f,4803,800399.4590999716,12.90913373270699,1
P_playoff_A+D_1000ft_m0,fc03f21f,4803,800399.4590999716,12.90913373270699,1
P_playoff_A+D_1000ft_m1,fc03f21f,4803,800399.4590999716,12.90913373270699,1
P_playoff_A+D_700ft_m0,2fd68f7b,4730,17450701.84590049,60.74015262396321,1
P_playoff_A+D_700ft_m1,2fd68f7b,4730,17450701.84590049,60.74015262396321,1
P_playoff_A+D_1000ft_m0,2fd68f7b,4730,17450701.84590049,60.74015262396321,1
P_playoff_A+D_1000ft_m1,2fd68f7b,4730,17450701.84590049,60.74015262396321,1
P_playoff_A+D_700ft_m0,653612bc,4605,36965.495800014935,2.8332405605306503,1
P_playoff_A+D_700ft_m1,653612bc,4605,36965.495800014935,2.8332405605306503,1
P_playoff_A+D_1000ft_m0,653612bc,4605,36965.495800014935,2.8332405605306503,1
P_playoff_A+D_1000ft_m1,653612bc,4605,36965.495800014935,2.8332405605306503,1
P_playoff_A+D_700ft_m0,c59b6c4a,5499,104949.22979141743,4.368655190196891,1
P_playoff_A+D_700ft_m1,c59b6c4a,5499,2414124.7356998096,20.952603428128082,1
P_playoff_A+D_1000ft_m0,c59b6c4a,5499,104949.22979141743,4.368655190196891,1
P_playoff_A+D_1000ft_m1,c59b6c4a,5499,2414124.7356998096,20.952603428128082,1
P_playoff_A+D_700ft_m0,f021b650,3739,167067.72860001284,6.684494210561717,1
P_playoff_A+D_700ft_m1,f021b650,3739,167067.72860001284,6.684494210561717,1
P_playoff_A+D_1000ft_m0,f021b650,3739,167067.72860001284,6.684494210561717,1
P_playoff_A+D_1000ft_m1,f021b650,3739,167067.72860001284,6.684494210561717,1
P_playoff_A+D_700ft_m0,13f598d9,7306,1681009.1951999064,15.16858992587756,1
P_playoff_A+D_700ft_m1,13f598d9,7306,1681009.1951999064,15.16858992587756,1
P_playoff_A+D_1000ft_m0,13f598d9,7306,1681009.1951999064,15.16858992587756,1
P_playoff_A+D_1000ft_m1,13f598d9,7306,1681009.1951999064,15.16858992587756,1
P_playoff_A+D_700ft_m0,20096916,5133,382579.16011223313,8.633264019786862,1
P_playoff_A+D_700ft_m1,20096916,5133,382579.16011223313,8.633264019786862,1
P_playoff_A+D_1000ft_m0,20096916,5133,382579.16011223313,8.633264019786862,1
P_playoff_A+D_1000ft_m1,20096916,5133,382579.16011223313,8.633264019786862,1
P_playoff_A+D_700ft_m0,796dbd4c,6248,422955.5819268958,8.227670105565759,1
P_playoff_A+D_700ft_m1,796dbd4c,6248,422955.5819268958,8.227670105565759,1
P_playoff_A+D_1000ft_m0,796dbd4c,6248,422955.5819268958,8.227670105565759,1
P_playoff_A+D_1000ft_m1,796dbd4c,6248,422955.5819268958,8.227670105565759,1
P_playoff_A+D_700ft_m0,811f52b3,4836,357698.61128376535,8.600337232550775,1
P_playoff_A+D_700ft_m1,811f52b3,4836,357698.61128376535,8.600337232550775,1
P_playoff_A+D_1000ft_m0,811f52b3,4836,357698.61128376535,8.600337232550775,1
P_playoff_A+D_1000ft_m1,811f52b3,4836,357698.61128376535,8.600337232550775,1
P_playoff_A+D_700ft_m0,1a518997,4606,247677.93914938107,7.333000183791082,1
P_playoff_A+D_700ft_m1,1a518997,4606,247677.93914938107,7.333000183791082,1
P_playoff_A+D_1000ft_m0,1a518997,4606,247677.93914938107,7.333000183791082,1
P_playoff_A+D_1000ft_m1,1a518997,4606,247677.93914938107,7.333000183791082,1
P_playoff_A+D_700ft_m0,264feceb,5665,143096.3193052422,5.025904990327528,1
P_playoff_A+D_700ft_m1,264feceb,5665,143096.3193052422,5.025904990327528,1
P_playoff_A+D_1000ft_m0,264feceb,5665,143096.3193052422,5.025904990327528,1
P_playoff_A+D_1000ft_m1,264feceb,5665,143096.3193052422,5.025904990327528,1
P_playoff_A+D_700ft_m0,197f8a5a,6310,3823390.0059999274,24.61555435098563,1
P_playoff_A+D_700ft_m1,197f8a5a,6310,3823390.0059999274,24.61555435098563,1
P_playoff_A+D_1000ft_m0,197f8a5a,6310,3823390.0059999274,24.61555435098563,1
P_playoff_A+D_1000ft_m1,197f8a5a,6310,3823390.0059999274,24.61555435098563,1
P_playoff_A+D_700ft_m0,fba7683c,407,2657.5503999997018,2.555309739035002,1
P_playoff_A+D_700ft_m1,fba7683c,407,2657.5503999997018,2.555309739035002,1
P_playoff_A+D_1000ft_m0,fba7683c,407,2657.5503999997018,2.555309739035002,1
P_playoff_A+D_1000ft_m1,fba7683c,407,2657.5503999997018,2.555309739035002,1
P_playoff_A+D_700ft_m0,ef04658e,4104,979387.0343999933,15.448044048107809,1
P_playoff_A+D_700ft_m1,ef04658e,4104,979387.0343999933,15.448044048107809,1
P_playoff_A+D_1000ft_m0,ef04658e,4104,979387.0343999933,15.448044048107809,1
P_playoff_A+D_1000ft_m1,ef04658e,4104,979387.0343999933,15.448044048107809,1
P_playoff_A+D_700ft_m0,aff4e561,6026,540582.0027447204,9.471444696771242,1
P_playoff_A+D_700ft_m1,aff4e561,6026,540582.0027447204,9.471444696771242,1
P_playoff_A+D_1000ft_m0,aff4e561,6026,540582.0027447204,9.471444696771242,1
P_playoff_A+D_1000ft_m1,aff4e561,6026,540582.0027447204,9.471444696771242,1
P_playoff_A+D_700ft_m0,d085e611,6191,872306.2030669267,11.87009181952939,1
P_playoff_A+D_700ft_m1,d085e611,6191,872306.2030669267,11.87009181952939,1
P_playoff_A+D_1000ft_m0,d085e611,6191,872306.2030669267,11.87009181952939,1
P_playoff_A+D_1000ft_m1,d085e611,6191,872306.2030669267,11.87009181952939,1
P_playoff_A+D_700ft_m0,9da441ba,5783,1410696.1844999543,15.618529769468404,1
P_playoff_A+D_700ft_m1,9da441ba,5783,1410696.1844999543,15.618529769468404,1
P_playoff_A+D_1000ft_m0,9da441ba,5783,1410696.1844999543,15.618529769468404,1
P_playoff_A+D_1000ft_m1,9da441ba,5783,1410696.1844999543,15.618529769468404,1
P_playoff_A+D_700ft_m0,e5864244,4469,106567.4115088963,4.883228326388949,1
P_playoff_A+D_700ft_m1,e5864244,4469,106567.4115088963,4.883228326388949,1
P_playoff_A+D_1000ft_m0,e5864244,4469,106567.4115088963,4.883228326388949,1
P_playoff_A+D_1000ft_m1,e5864244,4469,106567.4115088963,4.883228326388949,1
P_playoff_A+D_700ft_m0,357c12f9,4079,485079.3458190616,10.905097150574223,1
P_playoff_A+D_700ft_m1,357c12f9,4079,485079.3458190616,10.905097150574223,1
P_playoff_A+D_1000ft_m0,357c12f9,4079,485079.3458190616,10.905097150574223,1
P_playoff_A+D_1000ft_m1,357c12f9,4079,485079.3458190616,10.905097150574223,1
P_playoff_A+D_700ft_m0,7256229b,5415,236612.18203019747,6.610271841540081,1
P_playoff_A+D_700ft_m1,7256229b,5415,236612.18203019747,6.610271841540081,1
P_playoff_A+D_1000ft_m0,7256229b,5415,236612.18203019747,6.610271841540081,1
P_playoff_A+D_1000ft_m1,7256229b,5415,236612.18203019747,6.610271841540081,1
P_playoff_A+D_700ft_m0,c43812e2,5527,128500.83939766775,4.821789534473488,1
P_playoff_A+D_700ft_m1,c43812e2,5527,272129.47509998915,7.016864008504025,1
P_playoff_A+D_1000ft_m0,c43812e2,5527,128500.83939766775,4.821789534473488,1
P_playoff_A+D_1000ft_m1,c43812e2,5527,272129.47509998915,7.016864008504025,1
P_playoff_A+D_700ft_m0,2cee0cba,5500,176127.8860776522,5.658909083393953,1
P_playoff_A+D_700ft_m1,2cee0cba,5500,176127.8860776522,5.658909083393953,1
P_playoff_A+D_1000ft_m0,2cee0cba,5500,176127.8860776522,5.658909083393953,1
P_playoff_A+D_1000ft_m1,2cee0cba,5500,176127.8860776522,5.658909083393953,1
P_playoff_A+D_700ft_m0,4a035ec2,2588,874115.9384000171,18.37817503927824,1
P_playoff_A+D_700ft_m1,4a035ec2,2588,874115.9384000171,18.37817503927824,1
P_playoff_A+D_1000ft_m0,4a035ec2,2588,874115.9384000171,18.37817503927824,1
P_playoff_A+D_1000ft_m1,4a035ec2,2588,874115.9384000171,18.37817503927824,1
P_playoff_A+D_700ft_m0,be83e781,3221,32037.475299994017,3.1537973198868037,1
P_playoff_A+D_700ft_m1,be83e781,3221,32037.475299994017,3.1537973198868037,1
P_playoff_A+D_1000ft_m0,be83e781,3221,32037.475299994017,3.1537973198868037,1
P_playoff_A+D_1000ft_m1,be83e781,3221,32037.475299994017,3.1537973198868037,1
P_playoff_A+D_700ft_m0,0dd99dc5,7342,1323364.058144541,13.425562093832427,2
P_playoff_A+D_700ft_m1,0dd99dc5,7342,1323364.058144541,13.425562093832427,2
P_playoff_A+D_1000ft_m0,0dd99dc5,7342,1323364.058144541,13.425562093832427,2
P_playoff_A+D_1000ft_m1,0dd99dc5,7342,1323364.058144541,13.425562093832427,2
P_playoff_A+D_700ft_m0,42c538a1,3279,2248918.1326001445,26.18883109705342,2
P_playoff_A+D_700ft_m1,42c538a1,3279,2248918.1326001445,26.18883109705342,2
P_playoff_A+D_1000ft_m0,42c538a1,3279,2248918.1326001445,26.18883109705342,2
P_playoff_A+D_1000ft_m1,42c538a1,3279,2248918.1326001445,26.18883109705342,2
P_playoff_A+D_700ft_m0,ee288beb,4638,1752469.7271836386,19.43837204385482,2
P_playoff_A+D_700ft_m1,ee288beb,4638,3513108.1915999916,27.522025330807587,2
P_playoff_A+D_1000ft_m0,ee288beb,4638,1752469.7271836386,19.43837204385482,2
P_playoff_A+D_1000ft_m1,ee288beb,4638,3513108.1915999916,27.522025330807587,2
P_playoff_A+D_700ft_m0,7d50373e,5122,1045661.2682999998,14.288140886490114,2
P_playoff_A+D_700ft_m1,7d50373e,5122,1045661.2682999998,14.288140886490114,2
P_playoff_A+D_1000ft_m0,7d50373e,5122,1045661.2682999998,14.288140886490114,2
P_playoff_A+D_1000ft_m1,7d50373e,5122,1045661.2682999998,14.288140886490114,2
P_playoff_A+D_700ft_m0,cad13e8f,4848,1404749.52590001,17.022296131058066,2
P_playoff_A+D_700ft_m1,cad13e8f,4848,1404749.52590001,17.022296131058066,2
P_playoff_A+D_1000ft_m0,cad13e8f,4848,1404749.52590001,17.022296131058066,2
P_playoff_A+D_1000ft_m1,cad13e8f,4848,1404749.52590001,17.022296131058066,2
P_playoff_A+D_700ft_m0,ab112491,5185,1648354.1905690858,17.829981308886264,2
P_playoff_A+D_700ft_m1,ab112491,5185,1648354.1905690858,17.829981308886264,2
P_playoff_A+D_1000ft_m0,ab112491,5185,1648354.1905690858,17.829981308886264,2
P_playoff_A+D_1000ft_m1,ab112491,5185,1648354.1905690858,17.829981308886264,2
P_playoff_A+D_700ft_m0,dc5fbe29,5203,326374.0240000098,7.9201039214922035,2
P_playoff_A+D_700ft_m1,dc5fbe29,5203,326374.0240000098,7.9201039214922035,2
P_playoff_A+D_1000ft_m0,dc5fbe29,5203,326374.0240000098,7.9201039214922035,2
P_playoff_A+D_1000ft_m1,dc5fbe29,5203,326374.0240000098,7.9201039214922035,2
P_playoff_A+D_700ft_m0,a247e7cf,5674,79244.97482881509,3.7371557693539845,2
P_playoff_A+D_700ft_m1,a247e7cf,5674,79244.97482881509,3.7371557693539845,2
P_playoff_A+D_1000ft_m0,a247e7cf,5674,79244.97482881509,3.7371557693539845,2
P_playoff_A+D_1000ft_m1,a247e7cf,5674,79244.97482881509,3.7371557693539845,2
P_playoff_A+D_700ft_m0,1590af81,3799,435394.86003780295,10.705501141106517,2
P_playoff_A+D_700ft_m1,1590af81,3799,435394.86003780295,10.705501141106517,2
P_playoff_A+D_1000ft_m0,1590af81,3799,435394.86003780295,10.705501141106517,2
P_playoff_A+D_1000ft_m1,1590af81,3799,435394.86003780295,10.705501141106517,2
P_playoff_A+D_700ft_m0,c2717d4f,4721,337295.4549000327,8.452559650622254,2
P_playoff_A+D_700ft_m1,c2717d4f,4721,337295.4549000327,8.452559650622254,2
P_playoff_A+D_1000ft_m0,c2717d4f,4721,337295.4549000327,8.452559650622254,2
P_playoff_A+D_1000ft_m1,c2717d4f,4721,337295.4549000327,8.452559650622254,2
P_playoff_A+D_700ft_m0,9d4272e3,4030,1272323.226500134,17.76831335353228,2
P_playoff_A+D_700ft_m1,9d4272e3,4030,1272323.226500134,17.76831335353228,2
P_playoff_A+D_1000ft_m0,9d4272e3,4030,1272323.226500134,17.76831335353228,2
P_playoff_A+D_1000ft_m1,9d4272e3,4030,1272323.226500134,17.76831335353228,2
P_playoff_A+D_700ft_m0,122bd617,4570,144768.36172614407,5.628319331370065,2
P_playoff_A+D_700ft_m1,122bd617,4570,144768.36172614407,5.628319331370065,2
P_playoff_A+D_1000ft_m0,122bd617,4570,144768.36172614407,5.628319331370065,2
P_playoff_A+D_1000ft_m1,122bd617,4570,144768.36172614407,5.628319331370065,2
P_playoff_A+D_700ft_m0,57796579,5890,966990.6111000874,12.813078334954168,2
P_playoff_A+D_700ft_m1,57796579,5890,966990.6111000874,12.813078334954168,2
P_playoff_A+D_1000ft_m0,57796579,5890,966990.6111000874,12.813078334954168,2
P_playoff_A+D_1000ft_m1,57796579,5890,966990.6111000874,12.813078334954168,2
P_playoff_A+D_700ft_m0,cbe62450,6258,223434.23792232707,5.975263779341834,2
P_playoff_A+D_700ft_m1,cbe62450,6258,223434.23792232707,5.975263779341834,2
P_playoff_A+D_1000ft_m0,cbe62450,6258,223434.23792232707,5.975263779341834,2
P_playoff_A+D_1000ft_m1,cbe62450,6258,223434.23792232707,5.975263779341834,2
P_playoff_A+D_700ft_m0,877ed19c,3708,58205.83270000869,3.961990141908008,2
P_playoff_A+D_700ft_m1,877ed19c,3708,58205.83270000869,3.961990141908008,2
P_playoff_A+D_1000ft_m0,877ed19c,3708,58205.83270000869,3.961990141908008,2
P_playoff_A+D_1000ft_m1,877ed19c,3708,58205.83270000869,3.961990141908008,2
P_playoff_A+D_700ft_m0,543198e8,6503,639445.2097422167,9.916188918470771,2
P_playoff_A+D_700ft_m1,543198e8,6503,639445.2097422167,9.916188918470771,2
P_playoff_A+D_1000ft_m0,543198e8,6503,639445.2097422167,9.916188918470771,2
P_playoff_A+D_1000ft_m1,543198e8,6503,639445.2097422167,9.916188918470771,2
P_playoff_A+D_700ft_m0,e97032ad,3530,283535.7016204013,8.962239034100962,2
P_playoff_A+D_700ft_m1,e97032ad,3530,283535.7016204013,8.962239034100962,2
P_playoff_A+D_1000ft_m0,e97032ad,3530,283535.7016204013,8.962239034100962,2
P_playoff_A+D_1000ft_m1,e97032ad,3530,283535.7016204013,8.962239034100962,2
P_playoff_A+D_700ft_m0,c47e0767,4356,2009294.3361000349,21.47720905393819,2
P_playoff_A+D_700ft_m1,c47e0767,4356,2009294.3361000349,21.47720905393819,2
P_playoff_A+D_1000ft_m0,c47e0767,4356,2009294.3361000349,21.47720905393819,2
P_playoff_A+D_1000ft_m1,c47e0767,4356,2009294.3361000349,21.47720905393819,2
P_playoff_A+D_700ft_m0,974802e7,5843,1502940.3917863092,16.03810066390063,2
P_playoff_A+D_700ft_m1,974802e7,5843,1502940.3917863092,16.03810066390063,2
P_playoff_A+D_1000ft_m0,974802e7,5843,1502940.3917863092,16.03810066390063,2
P_playoff_A+D_1000ft_m1,974802e7,5843,1502940.3917863092,16.03810066390063,2
P_playoff_A+D_700ft_m0,9def2eb2,6003,315845.50050002616,7.253592864593499,2
P_playoff_A+D_700ft_m1,9def2eb2,6003,315845.50050002616,7.253592864593499,2
P_playoff_A+D_1000ft_m0,9def2eb2,6003,315845.50050002616,7.253592864593499,2
P_playoff_A+D_1000ft_m1,9def2eb2,6003,315845.50050002616,7.253592864593499,2
P_playoff_A+D_700ft_m0,47222616,4406,218708.08455397477,7.04547327901886,2
P_playoff_A+D_700ft_m1,47222616,4406,218708.08455397477,7.04547327901886,2
P_playoff_A+D_1000ft_m0,47222616,4406,218708.08455397477,7.04547327901886,2
P_playoff_A+D_1000ft_m1,47222616,4406,218708.08455397477,7.04547327901886,2
P_playoff_A+D_700ft_m0,d00e7eb9,5704,823523.2828615244,12.015675266691131,2
P_playoff_A+D_700ft_m1,d00e7eb9,5704,823523.2828615244,12.015675266691131,2
P_playoff_A+D_1000ft_m0,d00e7eb9,5704,823523.2828615244,12.015675266691131,2
P_playoff_A+D_1000ft_m1,d00e7eb9,5704,823523.2828615244,12.015675266691131,2
P_playoff_A+D_700ft_m0,2b06ad65,4256,34553.756768199855,2.8493567391807275,2
P_playoff_A+D_700ft_m1,2b06ad65,4256,34553.756768199855,2.8493567391807275,2
P_playoff_A+D_1000ft_m0,2b06ad65,4256,34553.756768199855,2.8493567391807275,2
P_playoff_A+D_1000ft_m1,2b06ad65,4256,34553.756768199855,2.8493567391807275,2
P_playoff_A+D_700ft_m0,4f4ac5ce,5162,351390.76149999705,8.250612102027123,2
P_playoff_A+D_700ft_m1,4f4ac5ce,5162,351390.76149999705,8.250612102027123,2
P_playoff_A+D_1000ft_m0,4f4ac5ce,5162,351390.76149999705,8.250612102027123,2
P_playoff_A+D_1000ft_m1,4f4ac5ce,5162,351390.76149999705,8.250612102027123,2
P_playoff_A+D_700ft_m0,5cdd8dbc,4010,1190689.7974999507,17.231660513857207,2
P_playoff_A+D_700ft_m1,5cdd8dbc,4010,1190689.7974999507,17.231660513857207,2
P_playoff_A+D_1000ft_m0,5cdd8dbc,4010,1190689.7974999507,17.231660513857207,2
P_playoff_A+D_1000ft_m1,5cdd8dbc,4010,1190689.7974999507,17.231660513857207,2
P_playoff_A+D_700ft_m0,347242c8,3595,18070.868599999027,2.242023016039388,2
P_playoff_A+D_700ft_m1,347242c8,3595,18070.868599999027,2.242023016039388,2
P_playoff_A+D_1000ft_m0,347242c8,3595,18070.868599999027,2.242023016039388,2
P_playoff_A+D_1000ft_m1,347242c8,3595,18070.868599999027,2.242023016039388,2
P_playoff_A+D_700ft_m0,ed6e6e54,6048,390628.67076948343,8.036670571238792,2
P_playoff_A+D_700ft_m1,ed6e6e54,6048,863949.26959999,11.951935194527213,2
P_playoff_A+D_1000ft_m0,ed6e6e54,6048,390628.67076948343,8.036670571238792,2
P_playoff_A+D_1000ft_m1,ed6e6e54,6048,863949.26959999,11.951935194527213,2
P_playoff_A+D_700ft_m0,b85f7b06,3803,48465.192299995004,3.569865119414346,2
P_playoff_A+D_700ft_m1,b85f7b06,3803,48465.192299995004,3.569865119414346,2
P_playoff_A+D_1000ft_m0,b85f7b06,3803,48465.192299995004,3.569865119414346,2
P_playoff_A+D_1000ft_m1,b85f7b06,3803,48465.192299995004,3.569865119414346,2
P_playoff_A+D_700ft_m0,f6d009f4,6715,14858219.486399204,47.03924865295554,2
P_playoff_A+D_700ft_m1,f6d009f4,6715,14858219.486399204,47.03924865295554,2
P_playoff_A+D_1000ft_m0,f6d009f4,6715,14858219.486399204,47.03924865295554,2
P_playoff_A+D_1000ft_m1,f6d009f4,6715,14858219.486399204,47.03924865295554,2
P_playoff_A+D_700ft_m0,8255c867,3589,2311751.2547001243,25.379544413656888,2
P_playoff_A+D_700ft_m1,8255c867,3589,2311751.2547001243,25.379544413656888,2
P_playoff_A+D_1000ft_m0,8255c867,3589,2311751.2547001243,25.379544413656888,2
P_playoff_A+D_1000ft_m1,8255c867,3589,2311751.2547001243,25.379544413656888,2
P_playoff_A+D_700ft_m0,0a57a29c,5821,495608.7290987517,9.227215717376101,2
P_playoff_A+D_700ft_m1,0a57a29c,5821,495608.7290987517,9.227215717376101,2
P_playoff_A+D_1000ft_m0,0a57a29c,5821,495608.7290987517,9.227215717376101,2
P_playoff_A+D_1000ft_m1,0a57a29c,5821,495608.7290987517,9.227215717376101,2
P_playoff_A+D_700ft_m0,3ac16ad0,5649,562840.4286779203,9.981753832518995,2
P_playoff_A+D_700ft_m1,3ac16ad0,5649,562840.4286779203,9.981753832518995,2
P_playoff_A+D_1000ft_m0,3ac16ad0,5649,562840.4286779203,9.981753832518995,2
P_playoff_A+D_1000ft_m1,3ac16ad0,5649,562840.4286779203,9.981753832518995,2
P_playoff_A+D_700ft_m0,ccedb12b,4401,375016.3054198498,9.231013607887528,2
P_playoff_A+D_700ft_m1,ccedb12b,4401,375016.3054198498,9.231013607887528,2
P_playoff_A+D_1000ft_m0,ccedb12b,4401,375016.3054198498,9.231013607887528,2
P_playoff_A+D_1000ft_m1,ccedb12b,4401,375016.3054198498,9.231013607887528,2
P_playoff_A+D_700ft_m0,5aa03df7,4871,1672509.3740532016,18.529991303713704,2
P_playoff_A+D_700ft_m1,5aa03df7,4871,211282.46990000256,6.58601427636249,2
P_playoff_A+D_1000ft_m0,5aa03df7,4871,1672509.3740532016,18.529991303713704,2
P_playoff_A+D_1000ft_m1,5aa03df7,4871,211282.46990000256,6.58601427636249,2
P_playoff_A+D_700ft_m0,ab3ced07,4250,507390.79685521504,10.926393268059039,2
P_playoff_A+D_700ft_m1,ab3ced07,4250,507390.79685521504,10.926393268059039,2
P_playoff_A+D_1000ft_m0,ab3ced07,4250,507390.79685521504,10.926393268059039,2
P_playoff_A+D_1000ft_m1,ab3ced07,4250,507390.79685521504,10.926393268059039,2
P_playoff_A+D_700ft_m0,fef8af96,3826,7594062.456999758,44.55173272632465,2
P_playoff_A+D_700ft_m1,fef8af96,3826,7594062.456999758,44.55173272632465,2
P_playoff_A+D_1000ft_m0,fef8af96,3826,7594062.456999758,44.55173272632465,2
P_playoff_A+D_1000ft_m1,fef8af96,3826,7594062.456999758,44.55173272632465,2
P_playoff_A+D_700ft_m0,4cd1ac61,4489,111644.36969313728,4.987048713009027,2
P_playoff_A+D_700ft_m1,4cd1ac61,4489,111644.36969313728,4.987048713009027,2
P_playoff_A+D_1000ft_m0,4cd1ac61,4489,111644.36969313728,4.987048713009027,2
P_playoff_A+D_1000ft_m1,4cd1ac61,4489,111644.36969313728,4.987048713009027,2
P_playoff_A+D_700ft_m0,cb34231f,5609,164705.74729998756,5.418906491757253,2
P_playoff_A+D_700ft_m1,cb34231f,5609,164705.74729998756,5.418906491757253,2
P_playoff_A+D_1000ft_m0,cb34231f,5609,164705.74729998756,5.418906491757253,2
P_playoff_A+D_1000ft_m1,cb34231f,5609,164705.74729998756,5.418906491757253,2
P_playoff_A+D_700ft_m0,f72b268f,6404,1631848.9882818186,15.962992943186407,2
P_playoff_A+D_700ft_m1,f72b268f,6404,1071997.9125000052,12.93812397222547,2
P_playoff_A+D_1000ft_m0,f72b268f,6404,1631848.9882818186,15.962992943186407,2
P_playoff_A+D_1000ft_m1,f72b268f,6404,1071997.9125000052,12.93812397222547,2
P_playoff_A+D_700ft_m0,e0f36d98,4976,756319.9553575487,12.328566833183777,2
P_playoff_A+D_700ft_m1,e0f36d98,4976,756319.9553575487,12.328566833183777,2
P_playoff_A+D_1000ft_m0,e0f36d98,4976,756319.9553575487,12.328566833183777,2
P_playoff_A+D_1000ft_m1,e0f36d98,4976,756319.9553575487,12.328566833183777,2
P_playoff_A+D_700ft_m0,1d78281a,4949,120739.00505194826,4.93929618547314,2
P_playoff_A+D_700ft_m1,1d78281a,4949,120739.00505194826,4.93929618547314,2
P_playoff_A+D_1000ft_m0,1d78281a,4949,120739.00505194826,4.93929618547314,2
P_playoff_A+D_1000ft_m1,1d78281a,4949,120739.00505194826,4.93929618547314,2
P_playoff_A+D_700ft_m0,a7744f5b,4377,749411.9111999922,13.084948643934053,2
P_playoff_A+D_700ft_m1,a7744f5b,4377,749411.9111999922,13.084948643934053,2
P_playoff_A+D_1000ft_m0,a7744f5b,4377,749411.9111999922,13.084948643934053,2
P_playoff_A+D_1000ft_m1,a7744f5b,4377,749411.9111999922,13.084948643934053,2
P_playoff_A+D_700ft_m0,1b6ba517,6597,403244.9198999475,7.818279827064867,2
P_playoff_A+D_700ft_m1,1b6ba517,6597,403244.9198999475,7.818279827064867,2
P_playoff_A+D_1000ft_m0,1b6ba517,6597,403244.9198999475,7.818279827064867,2
P_playoff_A+D_1000ft_m1,1b6ba517,6597,403244.9198999475,7.818279827064867,2
P_playoff_A+D_700ft_m0,9df1b1f9,4701,1165394.756727032,15.74495429573346,2
P_playoff_A+D_700ft_m1,9df1b1f9,4701,1165394.756727032,15.74495429573346,2
P_playoff_A+D_1000ft_m0,9df1b1f9,4701,1165394.756727032,15.74495429573346,2
P_playoff_A+D_1000ft_m1,9df1b1f9,4701,1165394.756727032,15.74495429573346,2
P_playoff_A+D_700ft_m0,12f0cd90,5947,370685.8453000008,7.895034499573364,2
P_playoff_A+D_700ft_m1,12f0cd90,5947,370685.8453000008,7.895034499573364,2
P_playoff_A+D_1000ft_m0,12f0cd90,5947,370685.8453000008,7.895034499573364,2
P_playoff_A+D_1000ft_m1,12f0cd90,5947,370685.8453000008,7.895034499573364,2
P_playoff_A+D_700ft_m0,37344c2a,5197,910925.3524000633,13.239300394199656,2
P_playoff_A+D_700ft_m1,37344c2a,5197,910925.3524000633,13.239300394199656,2
P_playoff_A+D_1000ft_m0,37344c2a,5197,910925.3524000633,13.239300394199656,2
P_playoff_A+D_1000ft_m1,37344c2a,5197,910925.3524000633,13.239300394199656,2
P_playoff_A+D_700ft_m0,fa667be2,7296,545677.0338527246,8.648194038200003,2
P_playoff_A+D_700ft_m1,fa667be2,7296,565261.1422999176,8.802015991385062,2
P_playoff_A+D_1000ft_m0,fa667be2,7296,545677.0338527246,8.648194038200003,2
P_playoff_A+D_1000ft_m1,fa667be2,7296,565261.1422999176,8.802015991385062,2
P_playoff_A+D_700ft_m0,96ae5806,9839,340346.75437674706,5.881462420258192,2
P_playoff_A+D_700ft_m1,96ae5806,9839,340346.75437674706,5.881462420258192,2
P_playoff_A+D_1000ft_m0,96ae5806,9839,340346.75437674706,5.881462420258192,2
P_playoff_A+D_1000ft_m1,96ae5806,9839,340346.75437674706,5.881462420258192,2
P_playoff_A+D_700ft_m0,5d7198fd,3368,601734.0599999662,13.36645546990557,2
P_playoff_A+D_700ft_m1,5d7198fd,3368,601734.0599999662,13.36645546990557,2
P_playoff_A+D_1000ft_m0,5d7198fd,3368,601734.0599999662,13.36645546990557,2
P_playoff_A+D_1000ft_m1,5d7198fd,3368,601734.0599999662,13.36645546990557,2
P_playoff_A+D_700ft_m0,ebe69318,4976,1089258.8165616835,14.795353841315436,2
P_playoff_A+D_700ft_m1,ebe69318,4976,1089258.8165616835,14.795353841315436,2
P_playoff_A+D_1000ft_m0,ebe69318,4976,1089258.8165616835,14.795353841315436,2
P_playoff_A+D_1000ft_m1,ebe69318,4976,1089258.8165616835,14.795353841315436,2
P_playoff_A+D_700ft_m0,5663b2b7,4972,58121.66373733932,3.419034308521017,2
P_playoff_A+D_700ft_m1,5663b2b7,4972,1318433.7884000535,16.28409405856329,2
P_playoff_A+D_1000ft_m0,5663b2b7,4972,58121.66373733932,3.419034308521017,2
P_playoff_A+D_1000ft_m1,5663b2b7,4972,1318433.7884000535,16.28409405856329,2
P_playoff_A+D_700ft_m0,368131f9,4991,51091.469974641455,3.199487473188832,2
P_playoff_A+D_700ft_m1,368131f9,4991,51091.469974641455,3.199487473188832,2
P_playoff_A+D_1000ft_m0,368131f9,4991,51091.469974641455,3.199487473188832,2
P_playoff_A+D_1000ft_m1,368131f9,4991,51091.469974641455,3.199487473188832,2
P_playoff_A+D_700ft_m0,1a730ac2,4605,937847.8317666888,14.27090030057931,2
P_playoff_A+D_700ft_m1,1a730ac2,4605,937847.8317666888,14.27090030057931,2
P_playoff_A+D_1000ft_m0,1a730ac2,4605,937847.8317666888,14.27090030057931,2
P_playoff_A+D_1000ft_m1,1a730ac2,4605,937847.8317666888,14.27090030057931,2
P_playoff_A+D_700ft_m0,925a7cd1,4517,96102.53899998135,4.612563792738408,2
P_playoff_A+D_700ft_m1,925a7cd1,4517,96102.53899998135,4.612563792738408,2
P_playoff_A+D_1000ft_m0,925a7cd1,4517,96102.53899998135,4.612563792738408,2
P_playoff_A+D_1000ft_m1,925a7cd1,4517,96102.53899998135,4.612563792738408,2
P_playoff_A+D_700ft_m0,f8afa78a,6032,1307172.2565997713,14.720946843240096,2
P_playoff_A+D_700ft_m1,f8afa78a,6032,1307172.2565997713,14.720946843240096,2
P_playoff_A+D_1000ft_m0,f8afa78a,6032,1307172.2565997713,14.720946843240096,2
P_playoff_A+D_1000ft_m1,f8afa78a,6032,1307172.2565997713,14.720946843240096,2
P_playoff_A+D_700ft_m0,4463446c,3256,1158193.8903999508,18.86029305975226,2
P_playoff_A+D_700ft_m1,4463446c,3256,1158193.8903999508,18.86029305975226,2
P_playoff_A+D_1000ft_m0,4463446c,3256,1158193.8903999508,18.86029305975226,2
P_playoff_A+D_1000ft_m1,4463446c,3256,1158193.8903999508,18.86029305975226,2
P_playoff_A+D_700ft_m0,c1d046f4,5513,32655.69655346462,2.4338033225795392,2
P_playoff_A+D_700ft_m1,c1d046f4,5513,32655.69655346462,2.4338033225795392,2
P_playoff_A+D_1000ft_m0,c1d046f4,5513,32655.69655346462,2.4338033225795392,2
P_playoff_A+D_1000ft_m1,c1d046f4,5513,32655.69655346462,2.4338033225795392,2
P_playoff_A+D_700ft_m0,dd168de0,3304,2471592.0883886637,27.3506957761529,2
P_playoff_A+D_700ft_m1,dd168de0,3304,2471592.0883886637,27.3506957761529,2
P_playoff_A+D_1000ft_m0,dd168de0,3304,2471592.0883886637,27.3506957761529,2
P_playoff_A+D_1000ft_m1,dd168de0,3304,2471592.0883886637,27.3506957761529,2
P_playoff_A+D_700ft_m0,c03fba65,3699,2277688.4762948686,24.814469592035508,2
P_playoff_A+D_700ft_m1,c03fba65,3699,2277688.4762948686,24.814469592035508,2
P_playoff_A+D_1000ft_m0,c03fba65,3699,2277688.4762948686,24.814469592035508,2
P_playoff_A+D_1000ft_m1,c03fba65,3699,2277688.4762948686,24.814469592035508,2
P_playoff_A+D_700ft_m0,2c0c4a4e,4790,923772.9782351755,13.887205765521752,2
P_playoff_A+D_700ft_m1,2c0c4a4e,4790,923772.9782351755,13.887205765521752,2
P_playoff_A+D_1000ft_m0,2c0c4a4e,4790,923772.9782351755,13.887205765521752,2
P_playoff_A+D_1000ft_m1,2c0c4a4e,4790,923772.9782351755,13.887205765521752,2
P_playoff_A+D_700ft_m0,fb3848a1,5919,632041.0933748685,10.333524842016027,2
P_playoff_A+D_700ft_m1,fb3848a1,5919,632041.0933748685,10.333524842016027,2
P_playoff_A+D_1000ft_m0,fb3848a1,5919,632041.0933748685,10.333524842016027,2
P_playoff_A+D_1000ft_m1,fb3848a1,5919,632041.0933748685,10.333524842016027,2
P_playoff_A+D_700ft_m0,62a6f539,3693,260101.21943293937,8.392310437187357,2
P_playoff_A+D_700ft_m1,62a6f539,3693,260101.21943293937,8.392310437187357,2
P_playoff_A+D_1000ft_m0,62a6f539,3693,260101.21943293937,8.392310437187357,2
P_playoff_A+D_1000ft_m1,62a6f539,3693,260101.21943293937,8.392310437187357,2
P_playoff_A+D_700ft_m0,63559d57,4069,165117.69668741312,6.3701985072081495,2
P_playoff_A+D_700ft_m1,63559d57,4069,165117.69668741312,6.3701985072081495,2
P_playoff_A+D_1000ft_m0,63559d57,4069,165117.69668741312,6.3701985072081495,2
P_playoff_A+D_1000ft_m1,63559d57,4069,165117.69668741312,6.3701985072081495,2
P_playoff_A+D_700ft_m0,4f3eb9e9,4697,568393.0742371134,11.000542637022264,2
P_playoff_A+D_700ft_m1,4f3eb9e9,4697,568393.0742371134,11.000542637022264,2
P_playoff_A+D_1000ft_m0,4f3eb9e9,4697,568393.0742371134,11.000542637022264,2
P_playoff_A+D_1000ft_m1,4f3eb9e9,4697,568393.0742371134,11.000542637022264,2
P_playoff_A+D_700ft_m0,460f859e,3336,2005757.4139852466,24.520322738777377,2
P_playoff_A+D_700ft_m1,460f859e,3336,2005757.4139852466,24.520322738777377,2
P_playoff_A+D_1000ft_m0,460f859e,3336,2005757.4139852466,24.520322738777377,2
P_playoff_A+D_1000ft_m1,460f859e,3336,2005757.4139852466,24.520322738777377,2
P_playoff_A+D_700ft_m0,28f4eda9,5266,34044.50439461799,2.5426294960159357,2
P_playoff_A+D_700ft_m1,28f4eda9,5266,34044.50439461799,2.5426294960159357,2
P_playoff_A+D_1000ft_m0,28f4eda9,5266,34044.50439461799,2.5426294960159357,2
P_playoff_A+D_1000ft_m1,28f4eda9,5266,34044.50439461799,2.5426294960159357,2
P_playoff_A+D_700ft_m0,739a914f,5505,1009243.7527000303,13.540022100878758,2
P_playoff_A+D_700ft_m1,739a914f,5505,1009243.7527000303,13.540022100878758,2
P_playoff_A+D_1000ft_m0,739a914f,5505,1009243.7527000303,13.540022100878758,2
P_playoff_A+D_1000ft_m1,739a914f,5505,1009243.7527000303,13.540022100878758,2
P_playoff_A+D_700ft_m0,995ff498,4526,415996.96559592,9.587112123463292,2
P_playoff_A+D_700ft_m1,995ff498,4526,415996.96559592,9.587112123463292,2
P_playoff_A+D_1000ft_m0,995ff498,4526,415996.96559592,9.587112123463292,2
P_playoff_A+D_1000ft_m1,995ff498,4526,415996.96559592,9.587112123463292,2
P_playoff_A+D_700ft_m0,698930d1,4741,183118.3052725727,6.214853598136597,2
P_playoff_A+D_700ft_m1,698930d1,4741,183118.3052725727,6.214853598136597,2
P_playoff_A+D_1000ft_m0,698930d1,4741,183118.3052725727,6.214853598136597,2
P_playoff_A+D_1000ft_m1,698930d1,4741,183118.3052725727,6.214853598136597,2
P_playoff_A+D_700ft_m0,f16e25e3,4651,3422746.2666830076,27.127775515216886,2
P_playoff_A+D_700ft_m1,f16e25e3,4651,3422746.2666830076,27.127775515216886,2
P_playoff_A+D_1000ft_m0,f16e25e3,4651,3422746.2666830076,27.127775515216886,2
P_playoff_A+D_1000ft_m1,f16e25e3,4651,3422746.2666830076,27.127775515216886,2
P_playoff_A+D_700ft_m0,37d36812,4367,1109243.6634823761,15.937561817441422,2
P_playoff_A+D_700ft_m1,37d36812,4367,1109243.6634823761,15.937561817441422,2
P_playoff_A+D_1000ft_m0,37d36812,4367,1109243.6634823761,15.937561817441422,2
P_playoff_A+D_1000ft_m1,37d36812,4367,1109243.6634823761,15.937561817441422,2
P_playoff_A+D_700ft_m0,a5aa7973,4616,367902.3739073362,8.927572690231703,2
P_playoff_A+D_700ft_m1,a5aa7973,4616,925504.9014000508,14.159778554983863,2
P_playoff_A+D_1000ft_m0,a5aa7973,4616,367902.3739073362,8.927572690231703,2
P_playoff_A+D_1000ft_m1,a5aa7973,4616,925504.9014000508,14.159778554983863,2
P_playoff_A+D_700ft_m0,8612b37f,5165,205771.408920625,6.311859930581228,2
P_playoff_A+D_700ft_m1,8612b37f,5165,205771.408920625,6.311859930581228,2
P_playoff_A+D_1000ft_m0,8612b37f,5165,205771.408920625,6.311859930581228,2
P_playoff_A+D_1000ft_m1,8612b37f,5165,205771.408920625,6.311859930581228,2
P_playoff_A+D_700ft_m0,94467f50,3035,3968221.3378960807,36.15918192558481,2
P_playoff_A+D_700ft_m1,94467f50,3035,3968221.3378960807,36.15918192558481,2
P_playoff_A+D_1000ft_m0,94467f50,3035,3968221.3378960807,36.15918192558481,2
P_playoff_A+D_1000ft_m1,94467f50,3035,3968221.3378960807,36.15918192558481,2
P_playoff_A+D_700ft_m0,14fee784,4910,5895919.583234003,34.65253649866109,2
P_playoff_A+D_700ft_m1,14fee784,4910,5895919.583234003,34.65253649866109,2
P_playoff_A+D_1000ft_m0,14fee784,4910,5895919.583234003,34.65253649866109,2
P_playoff_A+D_1000ft_m1,14fee784,4910,5895919.583234003,34.65253649866109,2
P_playoff_A+D_700ft_m0,eabc711b,5348,505247.1717708732,9.719775773855595,2
P_playoff_A+D_700ft_m1,eabc711b,5348,731897.267300014,11.698478022871637,2
P_playoff_A+D_1000ft_m0,eabc711b,5348,505247.1717708732,9.719775773855595,2
P_playoff_A+D_1000ft_m1,eabc711b,5348,731897.267300014,11.698478022871637,2
P_playoff_A+D_700ft_m0,bd2c2f34,9823,230430.51028546234,4.843373026181062,2
P_playoff_A+D_700ft_m1,bd2c2f34,9823,230430.51028546234,4.843373026181062,2
P_playoff_A+D_1000ft_m0,bd2c2f34,9823,230430.51028546234,4.843373026181062,2
P_playoff_A+D_1000ft_m1,bd2c2f34,9823,230430.51028546234,4.843373026181062,2
P_playoff_A+D_700ft_m0,d9d6d94d,4919,1246037.5316460705,15.915751534537797,2
P_playoff_A+D_700ft_m1,d9d6d94d,4919,1246037.5316460705,15.915751534537797,2
P_playoff_A+D_1000ft_m0,d9d6d94d,4919,1246037.5316460705,15.915751534537797,2
P_playoff_A+D_1000ft_m1,d9d6d94d,4919,1246037.5316460705,15.915751534537797,2
P_playoff_A+D_700ft_m0,dd64382d,3124,145289.9230910614,6.819652325423074,2
P_playoff_A+D_700ft_m1,dd64382d,3124,145289.9230910614,6.819652325423074,2
P_playoff_A+D_1000ft_m0,dd64382d,3124,145289.9230910614,6.819652325423074,2
P_playoff_A+D_1000ft_m1,dd64382d,3124,145289.9230910614,6.819652325423074,2
P_playoff_A+D_700ft_m0,c42fe306,5095,3268969.900819439,25.329893671492478,2
P_playoff_A+D_700ft_m1,c42fe306,5095,3268969.900819439,25.329893671492478,2
P_playoff_A+D_1000ft_m0,c42fe306,5095,3268969.900819439,25.329893671492478,2
P_playoff_A+D_1000ft_m1,c42fe306,5095,3268969.900819439,25.329893671492478,2
P_playoff_A+D_700ft_m0,7ff89f8f,7337,2326723.4731556782,17.80791713412352,2
P_playoff_A+D_700ft_m1,7ff89f8f,7337,1470186.2402000795,14.155555516103233,2
P_playoff_A+D_1000ft_m0,7ff89f8f,7337,2326723.4731556782,17.80791713412352,2
P_playoff_A+D_1000ft_m1,7ff89f8f,7337,1470186.2402000795,14.155555516103233,2
P_playoff_A+D_700ft_m0,8478df29,4857,195978.74255261122,6.352145417146777,2
P_playoff_A+D_700ft_m1,8478df29,4857,957832.0871998754,14.043024034272376,2
P_playoff_A+D_1000ft_m0,8478df29,4857,195978.74255261122,6.352145417146777,2
P_playoff_A+D_1000ft_m1,8478df29,4857,957832.0871998754,14.043024034272376,2
P_playoff_A+D_700ft_m0,5eae34a8,4904,463880.0924573736,9.725851557107156,2
P_playoff_A+D_700ft_m1,5eae34a8,4904,463880.0924573736,9.725851557107156,2
P_playoff_A+D_1000ft_m0,5eae34a8,4904,463880.0924573736,9.725851557107156,2
P_playoff_A+D_1000ft_m1,5eae34a8,4904,463880.0924573736,9.725851557107156,2
P_playoff_A+D_700ft_m0,5a1a8fd8,5260,3581943.861328859,26.095553652006043,2
P_playoff_A+D_700ft_m1,5a1a8fd8,5260,3581943.861328859,26.095553652006043,2
P_playoff_A+D_1000ft_m0,5a1a8fd8,5260,3581943.861328859,26.095553652006043,2
P_playoff_A+D_1000ft_m1,5a1a8fd8,5260,3581943.861328859,26.095553652006043,2
P_playoff_A+D_700ft_m0,940e709a,3348,1908014.768291072,23.872513152093045,2
P_playoff_A+D_700ft_m1,940e709a,3348,1908014.768291072,23.872513152093045,2
P_playoff_A+D_1000ft_m0,940e709a,3348,1908014.768291072,23.872513152093045,2
P_playoff_A+D_1000ft_m1,940e709a,3348,1908014.768291072,23.872513152093045,2
P_playoff_A+D_700ft_m0,7bb17b96,3922,304997.766026615,8.818496248817986,2
P_playoff_A+D_700ft_m1,7bb17b96,3922,304997.766026615,8.818496248817986,2
P_playoff_A+D_1000ft_m0,7bb17b96,3922,304997.766026615,8.818496248817986,2
P_playoff_A+D_1000ft_m1,7bb17b96,3922,304997.766026615,8.818496248817986,2
P_playoff_A+D_700ft_m0,e149204f,6097,934728.6007933865,12.381825189076793,2
P_playoff_A+D_700ft_m1,e149204f,6097,934728.6007933865,12.381825189076793,2
P_playoff_A+D_1000ft_m0,e149204f,6097,934728.6007933865,12.381825189076793,2
P_playoff_A+D_1000ft_m1,e149204f,6097,934728.6007933865,12.381825189076793,2
P_playoff_A+D_700ft_m0,22c5f93f,5172,97324.55519123432,4.337924166832735,2
P_playoff_A+D_700ft_m1,22c5f93f,5172,97324.55519123432,4.337924166832735,2
P_playoff_A+D_1000ft_m0,22c5f93f,5172,97324.55519123432,4.337924166832735,2
P_playoff_A+D_1000ft_m1,22c5f93f,5172,97324.55519123432,4.337924166832735,2
P_playoff_A+D_700ft_m0,2e43c2ea,5698,651793.5013328545,10.695320185660167,2
P_playoff_A+D_700ft_m1,2e43c2ea,5698,651793.5013328545,10.695320185660167,2
P_playoff_A+D_1000ft_m0,2e43c2ea,5698,651793.5013328545,10.695320185660167,2
P_playoff_A+D_1000ft_m1,2e43c2ea,5698,651793.5013328545,10.695320185660167,2
P_playoff_A+D_700ft_m0,44a94013,4903,421047.18867129856,9.266899206299493,2
P_playoff_A+D_700ft_m1,44a94013,4903,421047.18867129856,9.266899206299493,2
P_playoff_A+D_1000ft_m0,44a94013,4903,421047.18867129856,9.266899206299493,2
P_playoff_A+D_1000ft_m1,44a94013,4903,421047.18867129856,9.266899206299493,2
P_playoff_A+D_700ft_m0,2b547943,3480,521489.3898999556,12.241457142013665,2
P_playoff_A+D_700ft_m1,2b547943,3480,521489.3898999556,12.241457142013665,2
P_playoff_A+D_1000ft_m0,2b547943,3480,521489.3898999556,12.241457142013665,2
P_playoff_A+D_1000ft_m1,2b547943,3480,521489.3898999556,12.241457142013665,2
P_playoff_A+D_700ft_m0,d07aed8f,2957,86303.15169998683,5.402411556483793,2
P_playoff_A+D_700ft_m1,d07aed8f,2957,86303.15169998683,5.402411556483793,2
P_playoff_A+D_1000ft_m0,d07aed8f,2957,86303.15169998683,5.402411556483793,2
P_playoff_A+D_1000ft_m1,d07aed8f,2957,86303.15169998683,5.402411556483793,2
P_playoff_A+D_700ft_m0,6ede926a,4938,255925.73287688658,7.19915352226903,2
P_playoff_A+D_700ft_m1,6ede926a,4938,255925.73287688658,7.19915352226903,2
P_playoff_A+D_1000ft_m0,6ede926a,4938,255925.73287688658,7.19915352226903,2
P_playoff_A+D_1000ft_m1,6ede926a,4938,255925.73287688658,7.19915352226903,2
P_playoff_A+D_700ft_m0,529e88ca,3417,390063.2531099709,10.684274314183037,2
P_playoff_A+D_700ft_m1,529e88ca,3417,390063.2531099709,10.684274314183037,2
P_playoff_A+D_1000ft_m0,529e88ca,3417,390063.2531099709,10.684274314183037,2
P_playoff_A+D_1000ft_m1,529e88ca,3417,390063.2531099709,10.684274314183037,2
P_playoff_A+D_700ft_m0,09441b8d,5488,64011.11274607877,3.4152353502303954,2
P_playoff_A+D_700ft_m1,09441b8d,5488,64011.11274607877,3.4152353502303954,2
P_playoff_A+D_1000ft_m0,09441b8d,5488,64011.11274607877,3.4152353502303954,2
P_playoff_A+D_1000ft_m1,09441b8d,5488,64011.11274607877,3.4152353502303954,2
P_playoff_A+D_700ft_m0,4121c517,3723,107056.01380679665,5.362397651254934,2
P_playoff_A+D_700ft_m1,4121c517,3723,107056.01380679665,5.362397651254934,2
P_playoff_A+D_1000ft_m0,4121c517,3723,107056.01380679665,5.362397651254934,2
P_playoff_A+D_1000ft_m1,4121c517,3723,107056.01380679665,5.362397651254934,2
P_playoff_A+D_700ft_m0,58850d2c,4995,627295.6464018606,11.206458583975872,2
P_playoff_A+D_700ft_m1,58850d2c,4995,627295.6464018606,11.206458583975872,2
P_playoff_A+D_1000ft_m0,58850d2c,4995,627295.6464018606,11.206458583975872,2
P_playoff_A+D_1000ft_m1,58850d2c,4995,627295.6464018606,11.206458583975872,2
P_playoff_A+D_700ft_m0,d273674e,3899,45082.1497000004,3.400366201632784,2
P_playoff_A+D_700ft_m1,d273674e,3899,45082.1497000004,3.400366201632784,2
P_playoff_A+D_1000ft_m0,d273674e,3899,45082.1497000004,3.400366201632784,2
P_playoff_A+D_1000ft_m1,d273674e,3899,45082.1497000004,3.400366201632784,2
P_playoff_A+D_700ft_m0,cbb406b5,6328,220911.5762883828,5.908483159327395,2
P_playoff_A+D_700ft_m1,cbb406b5,6328,220911.5762883828,5.908483159327395,2
P_playoff_A+D_1000ft_m0,cbb406b5,6328,220911.5762883828,5.908483159327395,2
P_playoff_A+D_1000ft_m1,cbb406b5,6328,220911.5762883828,5.908483159327395,2
P_playoff_A+D_700ft_m0,c03d4aed,4641,734829.3141000891,12.583094329136486,2
P_playoff_A+D_700ft_m1,c03d4aed,4641,734829.3141000891,12.583094329136486,2
P_playoff_A+D_1000ft_m0,c03d4aed,4641,734829.3141000891,12.583094329136486,2
P_playoff_A+D_1000ft_m1,c03d4aed,4641,734829.3141000891,12.583094329136486,2
P_playoff_A+D_700ft_m0,9283ae69,3371,1559519.276631233,21.508790891675968,2
P_playoff_A+D_700ft_m1,9283ae69,3371,128466.92229999305,6.173284378497139,2
P_playoff_A+D_1000ft_m0,9283ae69,3371,1559519.276631233,21.508790891675968,2
P_playoff_A+D_1000ft_m1,9283ae69,3371,128466.92229999305,6.173284378497139,2
P_playoff_A+D_700ft_m0,999daf80,3564,93487.45070000064,5.121625403452367,2
P_playoff_A+D_700ft_m1,999daf80,3564,93487.45070000064,5.121625403452367,2
P_playoff_A+D_1000ft_m0,999daf80,3564,93487.45070000064,5.121625403452367,2
P_playoff_A+D_1000ft_m1,999daf80,3564,93487.45070000064,5.121625403452367,2
P_playoff_A+D_700ft_m0,3d96d897,5659,118290.25990554888,4.571983412172277,2
P_playoff_A+D_700ft_m1,3d96d897,5659,73719.6735000103,3.6092906343486293,2
P_playoff_A+D_1000ft_m0,3d96d897,5659,118290.25990554888,4.571983412172277,2
P_playoff_A+D_1000ft_m1,3d96d897,5659,73719.6735000103,3.6092906343486293,2
P_playoff_A+D_700ft_m0,f8f59188,4807,230473.49220003682,6.924261008500594,2
P_playoff_A+D_700ft_m1,f8f59188,4807,230473.49220003682,6.924261008500594,2
P_playoff_A+D_1000ft_m0,f8f59188,4807,230473.49220003682,6.924261008500594,2
P_playoff_A+D_1000ft_m1,f8f59188,4807,230473.49220003682,6.924261008500594,2
P_playoff_A+D_700ft_m0,d5df0ff5,4032,1078020.4412000724,16.351335751344372,2
P_playoff_A+D_700ft_m1,d5df0ff5,4032,1078020.4412000724,16.351335751344372,2
P_playoff_A+D_1000ft_m0,d5df0ff5,4032,1078020.4412000724,16.351335751344372,2
P_playoff_A+D_1000ft_m1,d5df0ff5,4032,1078020.4412000724,16.351335751344372,2
P_playoff_A+D_700ft_m0,d40f61d5,4039,519706.61511682934,11.34337254948642,2
P_playoff_A+D_700ft_m1,d40f61d5,4039,83728.36549999448,4.553018133859985,2
P_playoff_A+D_1000ft_m0,d40f61d5,4039,519706.61511682934,11.34337254948642,2
P_playoff_A+D_1000ft_m1,d40f61d5,4039,83728.36549999448,4.553018133859985,2
P_playoff_A+D_700ft_m0,4654e7de,5373,148782.740300002,5.262206132576318,2
P_playoff_A+D_700ft_m1,4654e7de,5373,148782.740300002,5.262206132576318,2
P_playoff_A+D_1000ft_m0,4654e7de,5373,148782.740300002,5.262206132576318,2
P_playoff_A+D_1000ft_m1,4654e7de,5373,148782.740300002,5.262206132576318,2
P_playoff_A+D_700ft_m0,0390d174,4411,549660.6347926566,11.162945094634347,2
P_playoff_A+D_700ft_m1,0390d174,4411,549660.6347926566,11.162945094634347,2
P_playoff_A+D_1000ft_m0,0390d174,4411,549660.6347926566,11.162945094634347,2
P_playoff_A+D_1000ft_m1,0390d174,4411,549660.6347926566,11.162945094634347,2
P_playoff_A+D_700ft_m0,577eec7c,4539,965157.335907505,14.582062879158894,2
P_playoff_A+D_700ft_m1,577eec7c,4539,965157.335907505,14.582062879158894,2
P_playoff_A+D_1000ft_m0,577eec7c,4539,965157.335907505,14.582062879158894,2
P_playoff_A+D_1000ft_m1,577eec7c,4539,965157.335907505,14.582062879158894,2
P_playoff_A+D_700ft_m0,5138a660,3559,1183230.4861061042,18.233526870497283,2
P_playoff_A+D_700ft_m1,5138a660,3559,1183230.4861061042,18.233526870497283,2
P_playoff_A+D_1000ft_m0,5138a660,3559,1183230.4861061042,18.233526870497283,2
P_playoff_A+D_1000ft_m1,5138a660,3559,1183230.4861061042,18.233526870497283,2
P_playoff_A+D_700ft_m0,2d196986,6474,930907.4142998818,11.991317360702503,2
P_playoff_A+D_700ft_m1,2d196986,6474,930907.4142998818,11.991317360702503,2
P_playoff_A+D_1000ft_m0,2d196986,6474,930907.4142998818,11.991317360702503,2
P_playoff_A+D_1000ft_m1,2d196986,6474,930907.4142998818,11.991317360702503,2
P_playoff_A+D_700ft_m0,ab94878e,6004,222696.71589999588,6.090270250340663,2
P_playoff_A+D_700ft_m1,ab94878e,6004,222696.71589999588,6.090270250340663,2
P_playoff_A+D_1000ft_m0,ab94878e,6004,222696.71589999588,6.090270250340663,2
P_playoff_A+D_1000ft_m1,ab94878e,6004,222696.71589999588,6.090270250340663,2
P_playoff_A+D_700ft_m0,1e30dedf,4071,599691.7099000127,12.137059232129838,2
P_playoff_A+D_700ft_m1,1e30dedf,4071,599691.7099000127,12.137059232129838,2
P_playoff_A+D_1000ft_m0,1e30dedf,4071,599691.7099000127,12.137059232129838,2
P_playoff_A+D_1000ft_m1,1e30dedf,4071,599691.7099000127,12.137059232129838,2
P_playoff_A+D_700ft_m0,d217e0c5,3838,103924.81100000456,5.20363871867946,2
P_playoff_A+D_700ft_m1,d217e0c5,3838,103924.81100000456,5.20363871867946,2
P_playoff_A+D_1000ft_m0,d217e0c5,3838,103924.81100000456,5.20363871867946,2
P_playoff_A+D_1000ft_m1,d217e0c5,3838,103924.81100000456,5.20363871867946,2
P_playoff_A+D_700ft_m0,59f8b2e8,3747,84425.57102572432,4.746736859729242,2
P_playoff_A+D_700ft_m1,59f8b2e8,3747,145683.50130002433,6.235385931133263,2
P_playoff_A+D_1000ft_m0,59f8b2e8,3747,84425.57102572432,4.746736859729242,2
P_playoff_A+D_1000ft_m1,59f8b2e8,3747,145683.50130002433,6.235385931133263,2
P_playoff_A+D_700ft_m0,504c8b08,6367,518422.37118914106,9.023487937996329,2
P_playoff_A+D_700ft_m1,504c8b08,6367,518422.37118914106,9.023487937996329,2
P_playoff_A+D_1000ft_m0,504c8b08,6367,518422.37118914106,9.023487937996329,2
P_playoff_A+D_1000ft_m1,504c8b08,6367,518422.37118914106,9.023487937996329,2
P_playoff_A+D_700ft_m0,a08d9e63,3685,1697467.923900137,21.46258569009769,2
P_playoff_A+D_700ft_m1,a08d9e63,3685,1697467.923900137,21.46258569009769,2
P_playoff_A+D_1000ft_m0,a08d9e63,3685,1697467.923900137,21.46258569009769,2
P_playoff_A+D_1000ft_m1,a08d9e63,3685,1697467.923900137,21.46258569009769,2
P_playoff_A+D_700ft_m0,1beca81d,5036,769768.8690136176,12.363382649696451,2
P_playoff_A+D_700ft_m1,1beca81d,5036,769768.8690136176,12.363382649696451,2
P_playoff_A+D_1000ft_m0,1beca81d,5036,769768.8690136176,12.363382649696451,2
P_playoff_A+D_1000ft_m1,1beca81d,5036,769768.8690136176,12.363382649696451,2
P_playoff_A+D_700ft_m0,eac10e86,6067,191457.49839995097,5.617579051148656,2
P_playoff_A+D_700ft_m1,eac10e86,6067,191457.49839995097,5.617579051148656,2
P_playoff_A+D_1000ft_m0,eac10e86,6067,191457.49839995097,5.617579051148656,2
P_playoff_A+D_1000ft_m1,eac10e86,6067,191457.49839995097,5.617579051148656,2
P_playoff_A+D_700ft_m0,efde6ac3,4559,321229.8064595383,8.39408034737347,2
P_playoff_A+D_700ft_m1,efde6ac3,4559,321229.8064595383,8.39408034737347,2
P_playoff_A+D_1000ft_m0,efde6ac3,4559,321229.8064595383,8.39408034737347,2
P_playoff_A+D_1000ft_m1,efde6ac3,4559,321229.8064595383,8.39408034737347,2
P_playoff_A+D_700ft_m0,9896fc0b,3595,252266.1903495945,8.376837233968049,2
P_playoff_A+D_700ft_m1,9896fc0b,3595,252266.1903495945,8.376837233968049,2
P_playoff_A+D_1000ft_m0,9896fc0b,3595,252266.1903495945,8.376837233968049,2
P_playoff_A+D_1000ft_m1,9896fc0b,3595,252266.1903495945,8.376837233968049,2
P_playoff_A+D_700ft_m0,24d8997e,3442,109469.33920000905,5.6395027824068205,2
P_playoff_A+D_700ft_m1,24d8997e,3442,109469.33920000905,5.6395027824068205,2
P_playoff_A+D_1000ft_m0,24d8997e,3442,109469.33920000905,5.6395027824068205,2
P_playoff_A+D_1000ft_m1,24d8997e,3442,109469.33920000905,5.6395027824068205,2
P_playoff_A+D_700ft_m0,9d072e4c,5107,977277.1236733054,13.833304522591321,2
P_playoff_A+D_700ft_m1,9d072e4c,5107,977277.1236733054,13.833304522591321,2
P_playoff_A+D_1000ft_m0,9d072e4c,5107,977277.1236733054,13.833304522591321,2
P_playoff_A+D_1000ft_m1,9d072e4c,5107,977277.1236733054,13.833304522591321,2
P_playoff_A+D_700ft_m0,c03b9305,4255,2633204.370269451,24.876684681069843,2
P_playoff_A+D_700ft_m1,c03b9305,4255,2633204.370269451,24.876684681069843,2
P_playoff_A+D_1000ft_m0,c03b9305,4255,2633204.370269451,24.876684681069843,2
P_playoff_A+D_1000ft_m1,c03b9305,4255,2633204.370269451,24.876684681069843,2
P_playoff_A+D_700ft_m0,722cf0d8,5143,461102.1938614709,9.468699460093696,2
P_playoff_A+D_700ft_m1,722cf0d8,5143,461102.1938614709,9.468699460093696,2
P_playoff_A+D_1000ft_m0,722cf0d8,5143,461102.1938614709,9.468699460093696,2
P_playoff_A+D_1000ft_m1,722cf0d8,5143,461102.1938614709,9.468699460093696,2
P_playoff_A+D_700ft_m0,25050f63,6124,8841477.046200395,37.996607342363916,2
P_playoff_A+D_700ft_m1,25050f63,6124,8841477.046200395,37.996607342363916,2
P_playoff_A+D_1000ft_m0,25050f63,6124,8841477.046200395,37.996607342363916,2
P_playoff_A+D_1000ft_m1,25050f63,6124,8841477.046200395,37.996607342363916,2
P_playoff_A+D_700ft_m0,d90aa14c,10018,2654617.8978811447,16.278354250884924,2
P_playoff_A+D_700ft_m1,d90aa14c,10018,2654617.8978811447,16.278354250884924,2
P_playoff_A+D_1000ft_m0,d90aa14c,10018,2654617.8978811447,16.278354250884924,2
P_playoff_A+D_1000ft_m1,d90aa14c,10018,2654617.8978811447,16.278354250884924,2
P_playoff_A+D_700ft_m0,dafc88c3,5572,263543.3259999213,6.877339398362787,2
P_playoff_A+D_700ft_m1,dafc88c3,5572,263543.3259999213,6.877339398362787,2
P_playoff_A+D_1000ft_m0,dafc88c3,5572,263543.3259999213,6.877339398362787,2
P_playoff_A+D_1000ft_m1,dafc88c3,5572,263543.3259999213,6.877339398362787,2
P_playoff_A+D_700ft_m0,d1457cc5,6920,455786.58600000007,8.115732473647405,2
P_playoff_A+D_700ft_m1,d1457cc5,6920,455786.58600000007,8.115732473647405,2
P_playoff_A+D_1000ft_m0,d1457cc5,6920,455786.58600000007,8.115732473647405,2
P_playoff_A+D_1000ft_m1,d1457cc5,6920,455786.58600000007,8.115732473647405,2
P_playoff_A+D_700ft_m0,08fecf00,5574,343278.1575461314,7.84764959414711,2
P_playoff_A+D_700ft_m1,08fecf00,5574,343278.1575461314,7.84764959414711,2
P_playoff_A+D_1000ft_m0,08fecf00,5574,343278.1575461314,7.84764959414711,2
P_playoff_A+D_1000ft_m1,08fecf00,5574,343278.1575461314,7.84764959414711,2
P_playoff_A+D_700ft_m0,d7ba4f9d,6023,156542.51839999744,5.098116159708834,2
P_playoff_A+D_700ft_m1,d7ba4f9d,6023,156542.51839999744,5.098116159708834,2
P_playoff_A+D_1000ft_m0,d7ba4f9d,6023,156542.51839999744,5.098116159708834,2
P_playoff_A+D_1000ft_m1,d7ba4f9d,6023,156542.51839999744,5.098116159708834,2
P_playoff_A+D_700ft_m0,5aa403d0,3118,119521.57589397489,6.191346355210469,2
P_playoff_A+D_700ft_m1,5aa403d0,3118,119521.57589397489,6.191346355210469,2
P_playoff_A+D_1000ft_m0,5aa403d0,3118,119521.57589397489,6.191346355210469,2
P_playoff_A+D_1000ft_m1,5aa403d0,3118,119521.57589397489,6.191346355210469,2
P_playoff_A+D_700ft_m0,0dc5e64d,4879,1582345.974200055,18.008822359134772,2
P_playoff_A+D_700ft_m1,0dc5e64d,4879,1582345.974200055,18.008822359134772,2
P_playoff_A+D_1000ft_m0,0dc5e64d,4879,1582345.974200055,18.008822359134772,2
P_playoff_A+D_1000ft_m1,0dc5e64d,4879,1582345.974200055,18.008822359134772,2
P_playoff_A+D_700ft_m0,940a48d9,3963,401331.54429998586,10.06328128166555,2
P_playoff_A+D_700ft_m1,940a48d9,3963,401331.54429998586,10.06328128166555,2
P_playoff_A+D_1000ft_m0,940a48d9,3963,401331.54429998586,10.06328128166555,2
P_playoff_A+D_1000ft_m1,940a48d9,3963,401331.54429998586,10.06328128166555,2
P_playoff_A+D_700ft_m0,3932faa6,5452,682718.4875123323,11.19033036484218,2
P_playoff_A+D_700ft_m1,3932faa6,5452,682718.4875123323,11.19033036484218,2
P_playoff_A+D_1000ft_m0,3932faa6,5452,682718.4875123323,11.19033036484218,2
P_playoff_A+D_1000ft_m1,3932faa6,5452,682718.4875123323,11.19033036484218,2
P_playoff_A+D_700ft_m0,c84c65be,8496,723366.7636097978,9.227244389918642,2
P_playoff_A+D_700ft_m1,c84c65be,8496,723366.7636097978,9.227244389918642,2
P_playoff_A+D_1000ft_m0,c84c65be,8496,723366.7636097978,9.227244389918642,2
P_playoff_A+D_1000ft_m1,c84c65be,8496,723366.7636097978,9.227244389918642,2
P_playoff_A+D_700ft_m0,86454a6f,7964,3607661.8138833246,21.28370761119808,2
P_playoff_A+D_700ft_m1,86454a6f,7964,3607661.8138833246,21.28370761119808,2
P_playoff_A+D_1000ft_m0,86454a6f,7964,3607661.8138833246,21.28370761119808,2
P_playoff_A+D_1000ft_m1,86454a6f,7964,3607661.8138833246,21.28370761119808,2
P_playoff_A+D_700ft_m0,54a7e3c2,6155,600219.9964508256,9.87509315898289,2
P_playoff_A+D_700ft_m1,54a7e3c2,6155,600219.9964508256,9.87509315898289,2
P_playoff_A+D_1000ft_m0,54a7e3c2,6155,600219.9964508256,9.87509315898289,2
P_playoff_A+D_1000ft_m1,54a7e3c2,6155,600219.9964508256,9.87509315898289,2
P_playoff_A+D_700ft_m0,ae069086,4770,93482.16857091105,4.42695594102256,2
P_playoff_A+D_700ft_m1,ae069086,4770,1014757.009499989,14.585517424947831,2
P_playoff_A+D_1000ft_m0,ae069086,4770,93482.16857091105,4.42695594102256,2
P_playoff_A+D_1000ft_m1,ae069086,4770,1014757.009499989,14.585517424947831,2
P_playoff_A+D_700ft_m0,06df5958,3509,33471.45909999424,3.0884860085517194,2
P_playoff_A+D_700ft_m1,06df5958,3509,33471.45909999424,3.0884860085517194,2
P_playoff_A+D_1000ft_m0,06df5958,3509,33471.45909999424,3.0884860085517194,2
P_playoff_A+D_1000ft_m1,06df5958,3509,33471.45909999424,3.0884860085517194,2
P_playoff_A+D_700ft_m0,992c99e8,4904,29151.22077473558,2.438109139795878,2
P_playoff_A+D_700ft_m1,992c99e8,4904,29151.22077473558,2.438109139795878,2
P_playoff_A+D_1000ft_m0,992c99e8,4904,29151.22077473558,2.438109139795878,2
P_playoff_A+D_1000ft_m1,992c99e8,4904,29151.22077473558,2.438109139795878,2
P_playoff_A+D_700ft_m0,0955cd6c,5195,81674.2287056259,3.9650598308352367,2
P_playoff_A+D_700ft_m1,0955cd6c,5195,81674.2287056259,3.9650598308352367,2
P_playoff_A+D_1000ft_m0,0955cd6c,5195,81674.2287056259,3.9650598308352367,2
P_playoff_A+D_1000ft_m1,0955cd6c,5195,81674.2287056259,3.9650598308352367,2
P_playoff_A+D_700ft_m0,8d92cb49,3589,284678.16503102926,8.906157061905011,2
P_playoff_A+D_700ft_m1,8d92cb49,3589,284678.16503102926,8.906157061905011,2
P_playoff_A+D_1000ft_m0,8d92cb49,3589,284678.16503102926,8.906157061905011,2
P_playoff_A+D_1000ft_m1,8d92cb49,3589,284678.16503102926,8.906157061905011,2
P_playoff_A+D_700ft_m0,77e4821c,5393,1991930.4005000906,19.218605395377665,2
P_playoff_A+D_700ft_m1,77e4821c,5393,1991930.4005000906,19.218605395377665,2
P_playoff_A+D_1000ft_m0,77e4821c,5393,1991930.4005000906,19.218605395377665,2
P_playoff_A+D_1000ft_m1,77e4821c,5393,1991930.4005000906,19.218605395377665,2
P_playoff_A+D_700ft_m0,7b2c7b3c,2584,89068.5678758248,5.8710527176873555,2
P_playoff_A+D_700ft_m1,7b2c7b3c,2584,98457.23020001505,6.17273385674935,2
P_playoff_A+D_1000ft_m0,7b2c7b3c,2584,89068.5678758248,5.8710527176873555,2
P_playoff_A+D_1000ft_m1,7b2c7b3c,2584,98457.23020001505,6.17273385674935,2
P_playoff_A+D_700ft_m0,ab18d3fc,5694,973900.3507094951,13.078216716950395,2
P_playoff_A+D_700ft_m1,ab18d3fc,5694,973900.3507094951,13.078216716950395,2
P_playoff_A+D_1000ft_m0,ab18d3fc,5694,973900.3507094951,13.078216716950395,2
P_playoff_A+D_1000ft_m1,ab18d3fc,5694,973900.3507094951,13.078216716950395,2
P_playoff_A+D_700ft_m0,84815d5a,3647,167003.9586961748,6.766989479274089,2
P_playoff_A+D_700ft_m1,84815d5a,3647,1288500.04740008,18.796385252137515,2
P_playoff_A+D_1000ft_m0,84815d5a,3647,167003.9586961748,6.766989479274089,2
P_playoff_A+D_1000ft_m1,84815d5a,3647,1288500.04740008,18.796385252137515,2
P_playoff_A+D_700ft_m0,0498acab,4798,172505.77320002805,5.996139045372776,2
P_playoff_A+D_700ft_m1,0498acab,4798,172505.77320002805,5.996139045372776,2
P_playoff_A+D_1000ft_m0,0498acab,4798,172505.77320002805,5.996139045372776,2
P_playoff_A+D_1000ft_m1,0498acab,4798,172505.77320002805,5.996139045372776,2
P_playoff_A+D_700ft_m0,ea0b99b7,9239,1366075.5755998888,12.15975654126152,2
P_playoff_A+D_700ft_m1,ea0b99b7,9239,1366075.5755998888,12.15975654126152,2
P_playoff_A+D_1000ft_m0,ea0b99b7,9239,1366075.5755998888,12.15975654126152,2
P_playoff_A+D_1000ft_m1,ea0b99b7,9239,1366075.5755998888,12.15975654126152,2
P_playoff_A+D_700ft_m0,71642c7d,4648,554500.8250259021,10.922399029744021,2
P_playoff_A+D_700ft_m1,71642c7d,4648,658339.4624999434,11.901230993511438,2
P_playoff_A+D_1000ft_m0,71642c7d,4648,554500.8250259021,10.922399029744021,2
P_playoff_A+D_1000ft_m1,71642c7d,4648,658339.4624999434,11.901230993511438,2
P_playoff_A+D_700ft_m0,44441e54,4357,148853.18576632248,5.845010383001716,2
P_playoff_A+D_700ft_m1,44441e54,4357,148853.18576632248,5.845010383001716,2
P_playoff_A+D_1000ft_m0,44441e54,4357,148853.18576632248,5.845010383001716,2
P_playoff_A+D_1000ft_m1,44441e54,4357,148853.18576632248,5.845010383001716,2
P_playoff_A+D_700ft_m0,8f201368,6349,202736.44558271387,5.6508431202951,2
P_playoff_A+D_700ft_m1,8f201368,6349,202736.44558271387,5.6508431202951,2
P_playoff_A+D_1000ft_m0,8f201368,6349,202736.44558271387,5.6508431202951,2
P_playoff_A+D_1000ft_m1,8f201368,6349,202736.44558271387,5.6508431202951,2
P_playoff_A+D_700ft_m0,1550491d,4563,2044445.320900104,21.167156242041475,2
P_playoff_A+D_700ft_m1,1550491d,4563,2044445.320900104,21.167156242041475,2
P_playoff_A+D_1000ft_m0,1550491d,4563,2044445.320900104,21.167156242041475,2
P_playoff_A+D_1000ft_m1,1550491d,4563,2044445.320900104,21.167156242041475,2
P_playoff_A+D_700ft_m0,f49fdea3,5391,892011.087383712,12.863242596168,2
P_playoff_A+D_700ft_m1,f49fdea3,5391,892011.087383712,12.863242596168,2
P_playoff_A+D_1000ft_m0,f49fdea3,5391,892011.087383712,12.863242596168,2
P_playoff_A+D_1000ft_m1,f49fdea3,5391,892011.087383712,12.863242596168,2
P_playoff_A+D_700ft_m0,9c8375f7,3674,216681.94310929015,7.6796563172540795,2
P_playoff_A+D_700ft_m1,9c8375f7,3674,216681.94310929015,7.6796563172540795,2
P_playoff_A+D_1000ft_m0,9c8375f7,3674,216681.94310929015,7.6796563172540795,2
P_playoff_A+D_1000ft_m1,9c8375f7,3674,216681.94310929015,7.6796563172540795,2
P_playoff_A+D_700ft_m0,43e16325,3720,7795270.510499936,45.776662453735184,3
P_playoff_A+D_700ft_m1,43e16325,3720,7795270.510499936,45.776662453735184,3
P_playoff_A+D_1000ft_m0,43e16325,3720,7795270.510499936,45.776662453735184,3
P_playoff_A+D_1000ft_m1,43e16325,3720,7795270.510499936,45.776662453735184,3
P_playoff_A+D_700ft_m0,0849b4e2,5537,1499912.2463474548,16.45870509833866,3
P_playoff_A+D_700ft_m1,0849b4e2,5537,1499912.2463474548,16.45870509833866,3
P_playoff_A+D_1000ft_m0,0849b4e2,5537,1499912.2463474548,16.45870509833866,3
P_playoff_A+D_1000ft_m1,0849b4e2,5537,1499912.2463474548,16.45870509833866,3
P_playoff_A+D_700ft_m0,3690a146,4073,221733.22833625588,7.378331862918986,3
P_playoff_A+D_700ft_m1,3690a146,4073,221733.22833625588,7.378331862918986,3
P_playoff_A+D_1000ft_m0,3690a146,4073,221733.22833625588,7.378331862918986,3
P_playoff_A+D_1000ft_m1,3690a146,4073,221733.22833625588,7.378331862918986,3
P_playoff_A+D_700ft_m0,a0e92ed6,4897,322446.8719999936,8.114542367589692,3
P_playoff_A+D_700ft_m1,a0e92ed6,4897,322446.8719999936,8.114542367589692,3
P_playoff_A+D_1000ft_m0,a0e92ed6,4897,322446.8719999936,8.114542367589692,3
P_playoff_A+D_1000ft_m1,a0e92ed6,4897,322446.8719999936,8.114542367589692,3
P_playoff_A+D_700ft_m0,a15bc102,3236,21522.22409999582,2.578928597930721,3
P_playoff_A+D_700ft_m1,a15bc102,3236,21522.22409999582,2.578928597930721,3
P_playoff_A+D_1000ft_m0,a15bc102,3236,21522.22409999582,2.578928597930721,3
P_playoff_A+D_1000ft_m1,a15bc102,3236,21522.22409999582,2.578928597930721,3
P_playoff_A+D_700ft_m0,69c1bdad,2714,155152.6974249741,7.560921751975043,3
P_playoff_A+D_700ft_m1,69c1bdad,2714,155152.6974249741,7.560921751975043,3
P_playoff_A+D_1000ft_m0,69c1bdad,2714,155152.6974249741,7.560921751975043,3
P_playoff_A+D_1000ft_m1,69c1bdad,2714,155152.6974249741,7.560921751975043,3
P_playoff_A+D_700ft_m0,f88ddb26,4990,659904.2730989436,11.499797620410957,3
P_playoff_A+D_700ft_m1,f88ddb26,4990,659904.2730989436,11.499797620410957,3
P_playoff_A+D_1000ft_m0,f88ddb26,4990,659904.2730989436,11.499797620410957,3
P_playoff_A+D_1000ft_m1,f88ddb26,4990,659904.2730989436,11.499797620410957,3
P_playoff_A+D_700ft_m0,c1708b88,6315,317240.66042035446,7.087739466117899,3
P_playoff_A+D_700ft_m1,c1708b88,6315,2115932.476999837,18.304767828554887,3
P_playoff_A+D_1000ft_m0,c1708b88,6315,317240.66042035446,7.087739466117899,3
P_playoff_A+D_1000ft_m1,c1708b88,6315,2115932.476999837,18.304767828554887,3
P_playoff_A+D_700ft_m0,71ccf778,2698,78343.36019998082,5.388651839136806,3
P_playoff_A+D_700ft_m1,71ccf778,2698,78343.36019998082,5.388651839136806,3
P_playoff_A+D_1000ft_m0,71ccf778,2698,78343.36019998082,5.388651839136806,3
P_playoff_A+D_1000ft_m1,71ccf778,2698,78343.36019998082,5.388651839136806,3
P_playoff_A+D_700ft_m0,1a68190b,4474,1208001.9697999796,16.431826147748733,3
P_playoff_A+D_700ft_m1,1a68190b,4474,1208001.9697999796,16.431826147748733,3
P_playoff_A+D_1000ft_m0,1a68190b,4474,1208001.9697999796,16.431826147748733,3
P_playoff_A+D_1000ft_m1,1a68190b,4474,1208001.9697999796,16.431826147748733,3
P_playoff_A+D_700ft_m0,1aaf1da0,4804,527116.4506727424,10.474945830330789,3
P_playoff_A+D_700ft_m1,1aaf1da0,4804,527116.4506727424,10.474945830330789,3
P_playoff_A+D_1000ft_m0,1aaf1da0,4804,527116.4506727424,10.474945830330789,3
P_playoff_A+D_1000ft_m1,1aaf1da0,4804,527116.4506727424,10.474945830330789,3
P_playoff_A+D_700ft_m0,015fe0d2,4296,163934.52563916618,6.177362364466634,3
P_playoff_A+D_700ft_m1,015fe0d2,4296,2303295.742199914,23.154889673287215,3
P_playoff_A+D_1000ft_m0,015fe0d2,4296,163934.52563916618,6.177362364466634,3
P_playoff_A+D_1000ft_m1,015fe0d2,4296,2303295.742199914,23.154889673287215,3
P_playoff_A+D_700ft_m0,d4f60a28,4501,588385.9200223153,11.43343242566663,3
P_playoff_A+D_700ft_m1,d4f60a28,4501,172077.9503999838,6.183126130423007,3
P_playoff_A+D_1000ft_m0,d4f60a28,4501,588385.9200223153,11.43343242566663,3
P_playoff_A+D_1000ft_m1,d4f60a28,4501,172077.9503999838,6.183126130423007,3
P_playoff_A+D_700ft_m0,060ab2b8,6258,512354.6856999987,9.048312196834127,3
P_playoff_A+D_700ft_m1,060ab2b8,6258,512354.6856999987,9.048312196834127,3
P_playoff_A+D_1000ft_m0,060ab2b8,6258,512354.6856999987,9.048312196834127,3
P_playoff_A+D_1000ft_m1,060ab2b8,6258,512354.6856999987,9.048312196834127,3
P_playoff_A+D_700ft_m0,e85074c5,5675,730769.5881000807,11.347685731962262,3
P_playoff_A+D_700ft_m1,e85074c5,5675,730769.5881000807,11.347685731962262,3
P_playoff_A+D_1000ft_m0,e85074c5,5675,730769.5881000807,11.347685731962262,3
P_playoff_A+D_1000ft_m1,e85074c5,5675,730769.5881000807,11.347685731962262,3
P_playoff_A+D_700ft_m0,eba6605e,4410,1077585.4438000903,15.631712662756936,3
P_playoff_A+D_700ft_m1,eba6605e,4410,1077585.4438000903,15.631712662756936,3
P_playoff_A+D_1000ft_m0,eba6605e,4410,1077585.4438000903,15.631712662756936,3
P_playoff_A+D_1000ft_m1,eba6605e,4410,1077585.4438000903,15.631712662756936,3
P_playoff_A+D_700ft_m0,1fdbba44,4911,269339.7486136174,7.405685387358128,3
P_playoff_A+D_700ft_m1,1fdbba44,4911,269339.7486136174,7.405685387358128,3
P_playoff_A+D_1000ft_m0,1fdbba44,4911,269339.7486136174,7.405685387358128,3
P_playoff_A+D_1000ft_m1,1fdbba44,4911,269339.7486136174,7.405685387358128,3
P_playoff_A+D_700ft_m0,e4726608,4733,34573.453129413145,2.7027328912084085,3
P_playoff_A+D_700ft_m1,e4726608,4733,34573.453129413145,2.7027328912084085,3
P_playoff_A+D_1000ft_m0,e4726608,4733,34573.453129413145,2.7027328912084085,3
P_playoff_A+D_1000ft_m1,e4726608,4733,34573.453129413145,2.7027328912084085,3
P_playoff_A+D_700ft_m0,5def1ce5,6443,674141.9836939008,10.22896332869297,3
P_playoff_A+D_700ft_m1,5def1ce5,6443,674141.9836939008,10.22896332869297,3
P_playoff_A+D_1000ft_m0,5def1ce5,6443,674141.9836939008,10.22896332869297,3
P_playoff_A+D_1000ft_m1,5def1ce5,6443,674141.9836939008,10.22896332869297,3
P_playoff_A+D_700ft_m0,bcebcc5f,6258,221889.2202195806,5.954568868977937,3
P_playoff_A+D_700ft_m1,bcebcc5f,6258,221889.2202195806,5.954568868977937,3
P_playoff_A+D_1000ft_m0,bcebcc5f,6258,221889.2202195806,5.954568868977937,3
P_playoff_A+D_1000ft_m1,bcebcc5f,6258,221889.2202195806,5.954568868977937,3
P_playoff_A+D_700ft_m0,833af382,3628,516564.16390002065,11.932419080398546,3
P_playoff_A+D_700ft_m1,833af382,3628,516564.16390002065,11.932419080398546,3
P_playoff_A+D_1000ft_m0,833af382,3628,516564.16390002065,11.932419080398546,3
P_playoff_A+D_1000ft_m1,833af382,3628,516564.16390002065,11.932419080398546,3
P_playoff_A+D_700ft_m0,c9e980e8,4359,15987.801378779788,1.9151418101451987,3
P_playoff_A+D_700ft_m1,c9e980e8,4359,15987.801378779788,1.9151418101451987,3
P_playoff_A+D_1000ft_m0,c9e980e8,4359,15987.801378779788,1.9151418101451987,3
P_playoff_A+D_1000ft_m1,c9e980e8,4359,15987.801378779788,1.9151418101451987,3
P_playoff_A+D_700ft_m0,94d813a4,4847,903354.4551241358,13.651883876830063,3
P_playoff_A+D_700ft_m1,94d813a4,4847,903354.4551241358,13.651883876830063,3
P_playoff_A+D_1000ft_m0,94d813a4,4847,903354.4551241358,13.651883876830063,3
P_playoff_A+D_1000ft_m1,94d813a4,4847,903354.4551241358,13.651883876830063,3
P_playoff_A+D_700ft_m0,481de5fc,5952,1110781.755800009,13.661013098019078,3
P_playoff_A+D_700ft_m1,481de5fc,5952,1110781.755800009,13.661013098019078,3
P_playoff_A+D_1000ft_m0,481de5fc,5952,1110781.755800009,13.661013098019078,3
P_playoff_A+D_1000ft_m1,481de5fc,5952,1110781.755800009,13.661013098019078,3
P_playoff_A+D_700ft_m0,861e71df,4700,625859.2988999485,11.539564677986593,3
P_playoff_A+D_700ft_m1,861e71df,4700,625859.2988999485,11.539564677986593,3
P_playoff_A+D_1000ft_m0,861e71df,4700,625859.2988999485,11.539564677986593,3
P_playoff_A+D_1000ft_m1,861e71df,4700,625859.2988999485,11.539564677986593,3
P_playoff_A+D_700ft_m0,d50c649a,4873,336849.81081451406,8.314190061264135,3
P_playoff_A+D_700ft_m1,d50c649a,4873,336849.81081451406,8.314190061264135,3
P_playoff_A+D_1000ft_m0,d50c649a,4873,336849.81081451406,8.314190061264135,3
P_playoff_A+D_1000ft_m1,d50c649a,4873,336849.81081451406,8.314190061264135,3
P_playoff_A+D_700ft_m0,fcfcc902,2791,3718703.720207366,36.50193361132519,3
P_playoff_A+D_700ft_m1,fcfcc902,2791,3718703.720207366,36.50193361132519,3
P_playoff_A+D_1000ft_m0,fcfcc902,2791,3718703.720207366,36.50193361132519,3
P_playoff_A+D_1000ft_m1,fcfcc902,2791,3718703.720207366,36.50193361132519,3
P_playoff_A+D_700ft_m0,173ed841,4883,1509211.2462000288,17.58051747694951,3
P_playoff_A+D_700ft_m1,173ed841,4883,1509211.2462000288,17.58051747694951,3
P_playoff_A+D_1000ft_m0,173ed841,4883,1509211.2462000288,17.58051747694951,3
P_playoff_A+D_1000ft_m1,173ed841,4883,1509211.2462000288,17.58051747694951,3
P_playoff_A+D_700ft_m0,9b9e3b49,5118,234584.21854015297,6.770165029971618,3
P_playoff_A+D_700ft_m1,9b9e3b49,5118,234584.21854015297,6.770165029971618,3
P_playoff_A+D_1000ft_m0,9b9e3b49,5118,234584.21854015297,6.770165029971618,3
P_playoff_A+D_1000ft_m1,9b9e3b49,5118,234584.21854015297,6.770165029971618,3
P_playoff_A+D_700ft_m0,2be5c96a,4210,342520.50054356834,9.019910682910805,3
P_playoff_A+D_700ft_m1,2be5c96a,4210,342520.50054356834,9.019910682910805,3
P_playoff_A+D_1000ft_m0,2be5c96a,4210,342520.50054356834,9.019910682910805,3
P_playoff_A+D_1000ft_m1,2be5c96a,4210,342520.50054356834,9.019910682910805,3
P_playoff_A+D_700ft_m0,9dede370,6297,800116.6305289773,11.272228973300576,3
P_playoff_A+D_700ft_m1,9dede370,6297,800116.6305289773,11.272228973300576,3
P_playoff_A+D_1000ft_m0,9dede370,6297,800116.6305289773,11.272228973300576,3
P_playoff_A+D_1000ft_m1,9dede370,6297,800116.6305289773,11.272228973300576,3
P_playoff_A+D_700ft_m0,2fe023be,4221,290918.6282108922,8.301911309647087,3
P_playoff_A+D_700ft_m1,2fe023be,4221,290918.6282108922,8.301911309647087,3
P_playoff_A+D_1000ft_m0,2fe023be,4221,290918.6282108922,8.301911309647087,3
P_playoff_A+D_1000ft_m1,2fe023be,4221,290918.6282108922,8.301911309647087,3
P_playoff_A+D_700ft_m0,ac6f01d5,5004,5720011.544800634,33.80958205434039,3
P_playoff_A+D_700ft_m1,ac6f01d5,5004,5720011.544800634,33.80958205434039,3
P_playoff_A+D_1000ft_m0,ac6f01d5,5004,5720011.544800634,33.80958205434039,3
P_playoff_A+D_1000ft_m1,ac6f01d5,5004,5720011.544800634,33.80958205434039,3
P_playoff_A+D_700ft_m0,ff0aea78,3261,3073016.773199971,30.697786830378174,3
P_playoff_A+D_700ft_m1,ff0aea78,3261,3073016.773199971,30.697786830378174,3
P_playoff_A+D_1000ft_m0,ff0aea78,3261,3073016.773199971,30.697786830378174,3
P_playoff_A+D_1000ft_m1,ff0aea78,3261,3073016.773199971,30.697786830378174,3
P_playoff_A+D_700ft_m0,0bbf5e67,4298,24549.935760830595,2.3899673856410213,3
P_playoff_A+D_700ft_m1,0bbf5e67,4298,24549.935760830595,2.3899673856410213,3
P_playoff_A+D_1000ft_m0,0bbf5e67,4298,24549.935760830595,2.3899673856410213,3
P_playoff_A+D_1000ft_m1,0bbf5e67,4298,24549.935760830595,2.3899673856410213,3
P_playoff_A+D_700ft_m0,53134831,5126,494122.8599179863,9.81811630147669,3
P_playoff_A+D_700ft_m1,53134831,5126,494122.8599179863,9.81811630147669,3
P_playoff_A+D_1000ft_m0,53134831,5126,494122.8599179863,9.81811630147669,3
P_playoff_A+D_1000ft_m1,53134831,5126,494122.8599179863,9.81811630147669,3
P_playoff_A+D_700ft_m0,84c3b497,5312,1061542.4561079852,14.136426874545233,3
P_playoff_A+D_700ft_m1,84c3b497,5312,1061542.4561079852,14.136426874545233,3
P_playoff_A+D_1000ft_m0,84c3b497,5312,1061542.4561079852,14.136426874545233,3
P_playoff_A+D_1000ft_m1,84c3b497,5312,1061542.4561079852,14.136426874545233,3
P_playoff_A+D_700ft_m0,bb682ebd,4139,1340770.4659720855,17.998217852046984,3
P_playoff_A+D_700ft_m1,bb682ebd,4139,1340770.4659720855,17.998217852046984,3
P_playoff_A+D_1000ft_m0,bb682ebd,4139,1340770.4659720855,17.998217852046984,3
P_playoff_A+D_1000ft_m1,bb682ebd,4139,1340770.4659720855,17.998217852046984,3
P_playoff_A+D_700ft_m0,d924e971,3184,872710.9675636333,16.55574343140373,3
P_playoff_A+D_700ft_m1,d924e971,3184,872710.9675636333,16.55574343140373,3
P_playoff_A+D_1000ft_m0,d924e971,3184,872710.9675636333,16.55574343140373,3
P_playoff_A+D_1000ft_m1,d924e971,3184,872710.9675636333,16.55574343140373,3
P_playoff_A+D_700ft_m0,62569ae3,3588,661105.7854407923,13.574044283723893,3
P_playoff_A+D_700ft_m1,62569ae3,3588,661105.7854407923,13.574044283723893,3
P_playoff_A+D_1000ft_m0,62569ae3,3588,661105.7854407923,13.574044283723893,3
P_playoff_A+D_1000ft_m1,62569ae3,3588,661105.7854407923,13.574044283723893,3
P_playoff_A+D_700ft_m0,a0b83014,5035,107850.57056633645,4.628193265513732,3
P_playoff_A+D_700ft_m1,a0b83014,5035,107850.57056633645,4.628193265513732,3
P_playoff_A+D_1000ft_m0,a0b83014,5035,107850.57056633645,4.628193265513732,3
P_playoff_A+D_1000ft_m1,a0b83014,5035,107850.57056633645,4.628193265513732,3
P_playoff_A+D_700ft_m0,58fa8486,4475,630056.9998999566,11.865701003853058,3
P_playoff_A+D_700ft_m1,58fa8486,4475,630056.9998999566,11.865701003853058,3
P_playoff_A+D_1000ft_m0,58fa8486,4475,630056.9998999566,11.865701003853058,3
P_playoff_A+D_1000ft_m1,58fa8486,4475,630056.9998999566,11.865701003853058,3
P_playoff_A+D_700ft_m0,d1ecf309,6168,1932085.037471979,17.698682404738772,3
P_playoff_A+D_700ft_m1,d1ecf309,6168,1932085.037471979,17.698682404738772,3
P_playoff_A+D_1000ft_m0,d1ecf309,6168,1932085.037471979,17.698682404738772,3
P_playoff_A+D_1000ft_m1,d1ecf309,6168,1932085.037471979,17.698682404738772,3
P_playoff_A+D_700ft_m0,52f1e77a,4442,397891.1005135754,9.464394525568398,3
P_playoff_A+D_700ft_m1,52f1e77a,4442,397891.1005135754,9.464394525568398,3
P_playoff_A+D_1000ft_m0,52f1e77a,4442,397891.1005135754,9.464394525568398,3
P_playoff_A+D_1000ft_m1,52f1e77a,4442,397891.1005135754,9.464394525568398,3
P_playoff_A+D_700ft_m0,7271dd80,4340,299989.0260001001,8.313957865645467,3
P_playoff_A+D_700ft_m1,7271dd80,4340,299989.0260001001,8.313957865645467,3
P_playoff_A+D_1000ft_m0,7271dd80,4340,299989.0260001001,8.313957865645467,3
P_playoff_A+D_1000ft_m1,7271dd80,4340,299989.0260001001,8.313957865645467,3
P_playoff_A+D_700ft_m0,fb73b13a,5640,274252.6642532089,6.973260278387967,3
P_playoff_A+D_700ft_m1,fb73b13a,5640,274252.6642532089,6.973260278387967,3
P_playoff_A+D_1000ft_m0,fb73b13a,5640,274252.6642532089,6.973260278387967,3
P_playoff_A+D_1000ft_m1,fb73b13a,5640,274252.6642532089,6.973260278387967,3
P_playoff_A+D_700ft_m0,b7fea9ef,3866,3327519.6938907355,29.33792489274942,3
P_playoff_A+D_700ft_m1,b7fea9ef,3866,3327519.6938907355,29.33792489274942,3
P_playoff_A+D_1000ft_m0,b7fea9ef,3866,3327519.6938907355,29.33792489274942,3
P_playoff_A+D_1000ft_m1,b7fea9ef,3866,3327519.6938907355,29.33792489274942,3
P_playoff_A+D_700ft_m0,4caa7289,5396,225233.0121536149,6.460707092051435,3
P_playoff_A+D_700ft_m1,4caa7289,5396,225233.0121536149,6.460707092051435,3
P_playoff_A+D_1000ft_m0,4caa7289,5396,225233.0121536149,6.460707092051435,3
P_playoff_A+D_1000ft_m1,4caa7289,5396,225233.0121536149,6.460707092051435,3
P_playoff_A+D_700ft_m0,aed44918,2719,21158.321429042215,2.789561891373701,3
P_playoff_A+D_700ft_m1,aed44918,2719,244806.55419998243,9.488704385906805,3
P_playoff_A+D_1000ft_m0,aed44918,2719,21158.321429042215,2.789561891373701,3
P_playoff_A+D_1000ft_m1,aed44918,2719,244806.55419998243,9.488704385906805,3
P_playoff_A+D_700ft_m0,e161bd0c,2949,420124.7794866699,11.935806306632319,3
P_playoff_A+D_700ft_m1,e161bd0c,2949,420124.7794866699,11.935806306632319,3
P_playoff_A+D_1000ft_m0,e161bd0c,2949,420124.7794866699,11.935806306632319,3
P_playoff_A+D_1000ft_m1,e161bd0c,2949,420124.7794866699,11.935806306632319,3
P_playoff_A+D_700ft_m0,633774dc,6233,1259023.3935000952,14.212429924790966,3
P_playoff_A+D_700ft_m1,633774dc,6233,1259023.3935000952,14.212429924790966,3
P_playoff_A+D_1000ft_m0,633774dc,6233,1259023.3935000952,14.212429924790966,3
P_playoff_A+D_1000ft_m1,633774dc,6233,1259023.3935000952,14.212429924790966,3
P_playoff_A+D_700ft_m0,09053135,5907,2560656.2717693797,20.820548052917978,3
P_playoff_A+D_700ft_m1,09053135,5907,2560656.2717693797,20.820548052917978,3
P_playoff_A+D_1000ft_m0,09053135,5907,2560656.2717693797,20.820548052917978,3
P_playoff_A+D_1000ft_m1,09053135,5907,2560656.2717693797,20.820548052917978,3
P_playoff_A+D_700ft_m0,46d24a09,4449,955573.3551696569,14.655505841335561,3
P_playoff_A+D_700ft_m1,46d24a09,4449,955573.3551696569,14.655505841335561,3
P_playoff_A+D_1000ft_m0,46d24a09,4449,955573.3551696569,14.655505841335561,3
P_playoff_A+D_1000ft_m1,46d24a09,4449,955573.3551696569,14.655505841335561,3
P_playoff_A+D_700ft_m0,1fee2b62,4641,317502.31800001697,8.271183690259376,3
P_playoff_A+D_700ft_m1,1fee2b62,4641,317502.31800001697,8.271183690259376,3
P_playoff_A+D_1000ft_m0,1fee2b62,4641,317502.31800001697,8.271183690259376,3
P_playoff_A+D_1000ft_m1,1fee2b62,4641,317502.31800001697,8.271183690259376,3
P_playoff_A+D_700ft_m0,310c71a5,5245,84347.56216351438,4.0101768101088116,3
P_playoff_A+D_700ft_m1,310c71a5,5245,84347.56216351438,4.0101768101088116,3
P_playoff_A+D_1000ft_m0,310c71a5,5245,84347.56216351438,4.0101768101088116,3
P_playoff_A+D_1000ft_m1,310c71a5,5245,84347.56216351438,4.0101768101088116,3
P_playoff_A+D_700ft_m0,a48640d9,4532,1351449.970932531,17.26851674435256,3
P_playoff_A+D_700ft_m1,a48640d9,4532,1351449.970932531,17.26851674435256,3
P_playoff_A+D_1000ft_m0,a48640d9,4532,1351449.970932531,17.26851674435256,3
P_playoff_A+D_1000ft_m1,a48640d9,4532,1351449.970932531,17.26851674435256,3
P_playoff_A+D_700ft_m0,43c7f85a,5978,291948.4560437094,6.988357857246221,3
P_playoff_A+D_700ft_m1,43c7f85a,5978,291948.4560437094,6.988357857246221,3
P_playoff_A+D_1000ft_m0,43c7f85a,5978,291948.4560437094,6.988357857246221,3
P_playoff_A+D_1000ft_m1,43c7f85a,5978,291948.4560437094,6.988357857246221,3
P_playoff_A+D_700ft_m0,2d2d0c6b,5045,46806.41409999035,3.045945300727323,3
P_playoff_A+D_700ft_m1,2d2d0c6b,5045,46806.41409999035,3.045945300727323,3
P_playoff_A+D_1000ft_m0,2d2d0c6b,5045,46806.41409999035,3.045945300727323,3
P_playoff_A+D_1000ft_m1,2d2d0c6b,5045,46806.41409999035,3.045945300727323,3
P_playoff_A+D_700ft_m0,eb06a4e7,4535,100354.59231988204,4.704137199955467,3
P_playoff_A+D_700ft_m1,eb06a4e7,4535,100354.59231988204,4.704137199955467,3
P_playoff_A+D_1000ft_m0,eb06a4e7,4535,100354.59231988204,4.704137199955467,3
P_playoff_A+D_1000ft_m1,eb06a4e7,4535,100354.59231988204,4.704137199955467,3
P_playoff_A+D_700ft_m0,1944513c,4722,163136.13125572106,5.8777632350345925,3
P_playoff_A+D_700ft_m1,1944513c,4722,163136.13125572106,5.8777632350345925,3
P_playoff_A+D_1000ft_m0,1944513c,4722,163136.13125572106,5.8777632350345925,3
P_playoff_A+D_1000ft_m1,1944513c,4722,163136.13125572106,5.8777632350345925,3
P_playoff_A+D_700ft_m0,a6b8ac67,5453,2532016.447621123,21.548423999463388,3
P_playoff_A+D_700ft_m1,a6b8ac67,5453,2532016.447621123,21.548423999463388,3
P_playoff_A+D_1000ft_m0,a6b8ac67,5453,2532016.447621123,21.548423999463388,3
P_playoff_A+D_1000ft_m1,a6b8ac67,5453,2532016.447621123,21.548423999463388,3
P_playoff_A+D_700ft_m0,a76db406,4672,1423315.6148851193,17.454169530743794,3
P_playoff_A+D_700ft_m1,a76db406,4672,1423315.6148851193,17.454169530743794,3
P_playoff_A+D_1000ft_m0,a76db406,4672,1423315.6148851193,17.454169530743794,3
P_playoff_A+D_1000ft_m1,a76db406,4672,1423315.6148851193,17.454169530743794,3
P_playoff_A+D_700ft_m0,eafb863e,3568,118251.30949599674,5.756924800160899,3
P_playoff_A+D_700ft_m1,eafb863e,3568,646214.5529000806,13.457858083605023,3
P_playoff_A+D_1000ft_m0,eafb863e,3568,118251.30949599674,5.756924800160899,3
P_playoff_A+D_1000ft_m1,eafb863e,3568,646214.5529000806,13.457858083605023,3
P_playoff_A+D_700ft_m0,add9c322,3932,230275.94164704977,7.652750050037196,3
P_playoff_A+D_700ft_m1,add9c322,3932,230275.94164704977,7.652750050037196,3
P_playoff_A+D_1000ft_m0,add9c322,3932,230275.94164704977,7.652750050037196,3
P_playoff_A+D_1000ft_m1,add9c322,3932,230275.94164704977,7.652750050037196,3
P_playoff_A+D_700ft_m0,f56d3ace,5432,1270394.1604242595,15.292882923744001,3
P_playoff_A+D_700ft_m1,f56d3ace,5432,258853.54839997727,6.90314793936432,3
P_playoff_A+D_1000ft_m0,f56d3ace,5432,1270394.1604242595,15.292882923744001,3
P_playoff_A+D_1000ft_m1,f56d3ace,5432,258853.54839997727,6.90314793936432,3
P_playoff_A+D_700ft_m0,7c607683,5328,172518.0967385967,5.690300753136694,3
P_playoff_A+D_700ft_m1,7c607683,5328,172518.0967385967,5.690300753136694,3
P_playoff_A+D_1000ft_m0,7c607683,5328,172518.0967385967,5.690300753136694,3
P_playoff_A+D_1000ft_m1,7c607683,5328,172518.0967385967,5.690300753136694,3
P_playoff_A+D_700ft_m0,b7cdcecb,6168,397030.91886235133,8.023058925604841,3
P_playoff_A+D_700ft_m1,b7cdcecb,6168,397030.91886235133,8.023058925604841,3
P_playoff_A+D_1000ft_m0,b7cdcecb,6168,397030.91886235133,8.023058925604841,3
P_playoff_A+D_1000ft_m1,b7cdcecb,6168,397030.91886235133,8.023058925604841,3
P_playoff_A+D_700ft_m0,a5e6f7dc,5649,227840.515000009,6.350818327780091,3
P_playoff_A+D_700ft_m1,a5e6f7dc,5649,227840.515000009,6.350818327780091,3
P_playoff_A+D_1000ft_m0,a5e6f7dc,5649,227840.515000009,6.350818327780091,3
P_playoff_A+D_1000ft_m1,a5e6f7dc,5649,227840.515000009,6.350818327780091,3
P_playoff_A+D_700ft_m0,4ed93db6,4657,269890.85856909724,7.612739491807821,3
P_playoff_A+D_700ft_m1,4ed93db6,4657,269890.85856909724,7.612739491807821,3
P_playoff_A+D_1000ft_m0,4ed93db6,4657,269890.85856909724,7.612739491807821,3
P_playoff_A+D_1000ft_m1,4ed93db6,4657,269890.85856909724,7.612739491807821,3
P_playoff_A+D_700ft_m0,26623a50,5735,2694428.9495000867,21.675376849132046,3
P_playoff_A+D_700ft_m1,26623a50,5735,2694428.9495000867,21.675376849132046,3
P_playoff_A+D_1000ft_m0,26623a50,5735,2694428.9495000867,21.675376849132046,3
P_playoff_A+D_1000ft_m1,26623a50,5735,2694428.9495000867,21.675376849132046,3
P_playoff_A+D_700ft_m0,eeed308d,3899,366110.8290000212,9.69013148078532,3
P_playoff_A+D_700ft_m1,eeed308d,3899,366110.8290000212,9.69013148078532,3
P_playoff_A+D_1000ft_m0,eeed308d,3899,366110.8290000212,9.69013148078532,3
P_playoff_A+D_1000ft_m1,eeed308d,3899,366110.8290000212,9.69013148078532,3
P_playoff_A+D_700ft_m0,8d5d46d7,5755,1201438.5950999784,14.448678432466647,3
P_playoff_A+D_700ft_m1,8d5d46d7,5755,1201438.5950999784,14.448678432466647,3
P_playoff_A+D_1000ft_m0,8d5d46d7,5755,1201438.5950999784,14.448678432466647,3
P_playoff_A+D_1000ft_m1,8d5d46d7,5755,1201438.5950999784,14.448678432466647,3
P_playoff_A+D_700ft_m0,61f27424,6220,49288.71450000141,2.8150009994687166,3
P_playoff_A+D_700ft_m1,61f27424,6220,49288.71450000141,2.8150009994687166,3
P_playoff_A+D_1000ft_m0,61f27424,6220,49288.71450000141,2.8150009994687166,3
P_playoff_A+D_1000ft_m1,61f27424,6220,49288.71450000141,2.8150009994687166,3
P_playoff_A+D_700ft_m0,3bfee975,3603,221491.25030000013,7.840543276658913,3
P_playoff_A+D_700ft_m1,3bfee975,3603,221491.25030000013,7.840543276658913,3
P_playoff_A+D_1000ft_m0,3bfee975,3603,221491.25030000013,7.840543276658913,3
P_playoff_A+D_1000ft_m1,3bfee975,3603,221491.25030000013,7.840543276658913,3
P_playoff_A+D_700ft_m0,efe96181,4012,3042801.1686001453,27.539517372291407,3
P_playoff_A+D_700ft_m1,efe96181,4012,3042801.1686001453,27.539517372291407,3
P_playoff_A+D_1000ft_m0,efe96181,4012,3042801.1686001453,27.539517372291407,3
P_playoff_A+D_1000ft_m1,efe96181,4012,3042801.1686001453,27.539517372291407,3
P_playoff_A+D_700ft_m0,8bb9c1e6,4546,157019.65899999402,5.877089429163017,3
P_playoff_A+D_700ft_m1,8bb9c1e6,4546,157019.65899999402,5.877089429163017,3
P_playoff_A+D_1000ft_m0,8bb9c1e6,4546,157019.65899999402,5.877089429163017,3
P_playoff_A+D_1000ft_m1,8bb9c1e6,4546,157019.65899999402,5.877089429163017,3
P_playoff_A+D_700ft_m0,896d15b9,4279,3795998.590699895,29.78460727060298,3
P_playoff_A+D_700ft_m1,896d15b9,4279,3795998.590699895,29.78460727060298,3
P_playoff_A+D_1000ft_m0,896d15b9,4279,3795998.590699895,29.78460727060298,3
P_playoff_A+D_1000ft_m1,896d15b9,4279,3795998.590699895,29.78460727060298,3
P_playoff_A+D_700ft_m0,374be387,9965,449034.68119999266,6.712762639770746,3
P_playoff_A+D_700ft_m1,374be387,9965,449034.68119999266,6.712762639770746,3
P_playoff_A+D_1000ft_m0,374be387,9965,449034.68119999266,6.712762639770746,3
P_playoff_A+D_1000ft_m1,374be387,9965,449034.68119999266,6.712762639770746,3
P_playoff_A+D_700ft_m0,9a8ae0d6,6294,2077849.1158944755,18.169527543548824,3
P_playoff_A+D_700ft_m1,9a8ae0d6,6294,2077849.1158944755,18.169527543548824,3
P_playoff_A+D_1000ft_m0,9a8ae0d6,6294,2077849.1158944755,18.169527543548824,3
P_playoff_A+D_1000ft_m1,9a8ae0d6,6294,2077849.1158944755,18.169527543548824,3
P_playoff_A+D_700ft_m0,ffefef30,4570,226211.4713000339,7.035568765607176,3
P_playoff_A+D_700ft_m1,ffefef30,4570,226211.4713000339,7.035568765607176,3
P_playoff_A+D_1000ft_m0,ffefef30,4570,226211.4713000339,7.035568765607176,3
P_playoff_A+D_1000ft_m1,ffefef30,4570,226211.4713000339,7.035568765607176,3
P_playoff_A+D_700ft_m0,46a7190b,4215,52401.37332368232,3.525920736491325,3
P_playoff_A+D_700ft_m1,46a7190b,4215,52401.37332368232,3.525920736491325,3
P_playoff_A+D_1000ft_m0,46a7190b,4215,52401.37332368232,3.525920736491325,3
P_playoff_A+D_1000ft_m1,46a7190b,4215,52401.37332368232,3.525920736491325,3
P_playoff_A+D_700ft_m0,8b12bab6,5234,326620.4639505282,7.899595186932734,3
P_playoff_A+D_700ft_m1,8b12bab6,5234,1308478.167400092,15.811256392108719,3
P_playoff_A+D_1000ft_m0,8b12bab6,5234,326620.4639505282,7.899595186932734,3
P_playoff_A+D_1000ft_m1,8b12bab6,5234,1308478.167400092,15.811256392108719,3
P_playoff_A+D_700ft_m0,9ffce529,5212,219542.08133840354,6.490179152340183,3
P_playoff_A+D_700ft_m1,9ffce529,5212,219542.08133840354,6.490179152340183,3
P_playoff_A+D_1000ft_m0,9ffce529,5212,219542.08133840354,6.490179152340183,3
P_playoff_A+D_1000ft_m1,9ffce529,5212,219542.08133840354,6.490179152340183,3
P_playoff_A+D_700ft_m0,32fe84c9,6408,3172594.896700016,22.250821979444407,3
P_playoff_A+D_700ft_m1,32fe84c9,6408,3172594.896700016,22.250821979444407,3
P_playoff_A+D_1000ft_m0,32fe84c9,6408,3172594.896700016,22.250821979444407,3
P_playoff_A+D_1000ft_m1,32fe84c9,6408,3172594.896700016,22.250821979444407,3
P_playoff_A+D_700ft_m0,f5d8aab6,4444,542655.2546330699,11.050323219560882,3
P_playoff_A+D_700ft_m1,f5d8aab6,4444,1095198.9519998669,15.698547978741031,3
P_playoff_A+D_1000ft_m0,f5d8aab6,4444,542655.2546330699,11.050323219560882,3
P_playoff_A+D_1000ft_m1,f5d8aab6,4444,1095198.9519998669,15.698547978741031,3
P_playoff_A+D_700ft_m0,198a5607,6251,618224.2982000187,9.944851115115334,3
P_playoff_A+D_700ft_m1,198a5607,6251,618224.2982000187,9.944851115115334,3
P_playoff_A+D_1000ft_m0,198a5607,6251,618224.2982000187,9.944851115115334,3
P_playoff_A+D_1000ft_m1,198a5607,6251,618224.2982000187,9.944851115115334,3
P_playoff_A+D_700ft_m0,5542c301,3591,505619.63201421645,11.8659977472639,3
P_playoff_A+D_700ft_m1,5542c301,3591,505619.63201421645,11.8659977472639,3
P_playoff_A+D_1000ft_m0,5542c301,3591,505619.63201421645,11.8659977472639,3
P_playoff_A+D_1000ft_m1,5542c301,3591,505619.63201421645,11.8659977472639,3
P_playoff_A+D_700ft_m0,10b89021,5414,1363807.996879966,15.8714823548052,3
P_playoff_A+D_700ft_m1,10b89021,5414,1363807.996879966,15.8714823548052,3
P_playoff_A+D_1000ft_m0,10b89021,5414,1363807.996879966,15.8714823548052,3
P_playoff_A+D_1000ft_m1,10b89021,5414,1363807.996879966,15.8714823548052,3
P_playoff_A+D_700ft_m0,9426ec1e,2532,147155.15989637247,7.6235261931628875,3
P_playoff_A+D_700ft_m1,9426ec1e,2532,147155.15989637247,7.6235261931628875,3
P_playoff_A+D_1000ft_m0,9426ec1e,2532,147155.15989637247,7.6235261931628875,3
P_playoff_A+D_1000ft_m1,9426ec1e,2532,147155.15989637247,7.6235261931628875,3
P_playoff_A+D_700ft_m0,6e9ccd38,8282,1240686.5337999666,12.23949279951463,3
P_playoff_A+D_700ft_m1,6e9ccd38,8282,1240686.5337999666,12.23949279951463,3
P_playoff_A+D_1000ft_m0,6e9ccd38,8282,1240686.5337999666,12.23949279951463,3
P_playoff_A+D_1000ft_m1,6e9ccd38,8282,1240686.5337999666,12.23949279951463,3
P_playoff_A+D_700ft_m0,c593337f,5208,617062.3785456873,10.885015371077259,3
P_playoff_A+D_700ft_m1,c593337f,5208,617062.3785456873,10.885015371077259,3
P_playoff_A+D_1000ft_m0,c593337f,5208,617062.3785456873,10.885015371077259,3
P_playoff_A+D_1000ft_m1,c593337f,5208,617062.3785456873,10.885015371077259,3
P_playoff_A+D_700ft_m0,70925e23,5947,1299957.1081998474,14.784803005082047,3
P_playoff_A+D_700ft_m1,70925e23,5947,1299957.1081998474,14.784803005082047,3
P_playoff_A+D_1000ft_m0,70925e23,5947,1299957.1081998474,14.784803005082047,3
P_playoff_A+D_1000ft_m1,70925e23,5947,1299957.1081998474,14.784803005082047,3
P_playoff_A+D_700ft_m0,f074d277,2453,364369.86969998374,12.187719616802815,3
P_playoff_A+D_700ft_m1,f074d277,2453,364369.86969998374,12.187719616802815,3
P_playoff_A+D_1000ft_m0,f074d277,2453,364369.86969998374,12.187719616802815,3
P_playoff_A+D_1000ft_m1,f074d277,2453,364369.86969998374,12.187719616802815,3
P_playoff_A+D_700ft_m0,f2d4c8c9,6249,3955995.818797252,25.160695950368176,3
P_playoff_A+D_700ft_m1,f2d4c8c9,6249,3955995.818797252,25.160695950368176,3
P_playoff_A+D_1000ft_m0,f2d4c8c9,6249,3955995.818797252,25.160695950368176,3
P_playoff_A+D_1000ft_m1,f2d4c8c9,6249,3955995.818797252,25.160695950368176,3
P_playoff_A+D_700ft_m0,35b3ef6a,3904,424038.7932545483,10.421923727115281,3
P_playoff_A+D_700ft_m1,35b3ef6a,3904,424038.7932545483,10.421923727115281,3
P_playoff_A+D_1000ft_m0,35b3ef6a,3904,424038.7932545483,10.421923727115281,3
P_playoff_A+D_1000ft_m1,35b3ef6a,3904,424038.7932545483,10.421923727115281,3
P_playoff_A+D_700ft_m0,2043abc5,6958,560439.9028012138,8.974749020289053,3
P_playoff_A+D_700ft_m1,2043abc5,6958,560439.9028012138,8.974749020289053,3
P_playoff_A+D_1000ft_m0,2043abc5,6958,560439.9028012138,8.974749020289053,3
P_playoff_A+D_1000ft_m1,2043abc5,6958,560439.9028012138,8.974749020289053,3
P_playoff_A+D_700ft_m0,78a4a386,5119,166551.46399196377,5.704028180700083,3
P_playoff_A+D_700ft_m1,78a4a386,5119,166551.46399196377,5.704028180700083,3
P_playoff_A+D_1000ft_m0,78a4a386,5119,166551.46399196377,5.704028180700083,3
P_playoff_A+D_1000ft_m1,78a4a386,5119,166551.46399196377,5.704028180700083,3
P_playoff_A+D_700ft_m0,a4f989c2,5385,77039.41545140374,3.782366737105937,3
P_playoff_A+D_700ft_m1,a4f989c2,5385,77039.41545140374,3.782366737105937,3
P_playoff_A+D_1000ft_m0,a4f989c2,5385,77039.41545140374,3.782366737105937,3
P_playoff_A+D_1000ft_m1,a4f989c2,5385,77039.41545140374,3.782366737105937,3
P_playoff_A+D_700ft_m0,3a824aa7,4201,252974.73506889335,7.760009163695385,3
P_playoff_A+D_700ft_m1,3a824aa7,4201,136018.28240001417,5.690131490731758,3
P_playoff_A+D_1000ft_m0,3a824aa7,4201,252974.73506889335,7.760009163695385,3
P_playoff_A+D_1000ft_m1,3a824aa7,4201,136018.28240001417,5.690131490731758,3
P_playoff_A+D_700ft_m0,75cd5f11,4946,136847.38759999277,5.260066074409697,3
P_playoff_A+D_700ft_m1,75cd5f11,4946,136847.38759999277,5.260066074409697,3
P_playoff_A+D_1000ft_m0,75cd5f11,4946,136847.38759999277,5.260066074409697,3
P_playoff_A+D_1000ft_m1,75cd5f11,4946,136847.38759999277,5.260066074409697,3
P_playoff_A+D_700ft_m0,ce8399b7,1615,1599.5425524411107,0.9952029064672869,3
P_playoff_A+D_700ft_m1,ce8399b7,1615,1599.5425524411107,0.9952029064672869,3
P_playoff_A+D_1000ft_m0,ce8399b7,1615,1599.5425524411107,0.9952029064672869,3
P_playoff_A+D_1000ft_m1,ce8399b7,1615,1599.5425524411107,0.9952029064672869,3
P_playoff_A+D_700ft_m0,3e678ea7,6858,1036446.4851441453,12.293476097339937,3
P_playoff_A+D_700ft_m1,3e678ea7,6858,1036446.4851441453,12.293476097339937,3
P_playoff_A+D_1000ft_m0,3e678ea7,6858,1036446.4851441453,12.293476097339937,3
P_playoff_A+D_1000ft_m1,3e678ea7,6858,1036446.4851441453,12.293476097339937,3
P_playoff_A+D_700ft_m0,ecdaf714,6592,315827.68509178393,6.921759400586179,3
P_playoff_A+D_700ft_m1,ecdaf714,6592,315827.68509178393,6.921759400586179,3
P_playoff_A+D_1000ft_m0,ecdaf714,6592,315827.68509178393,6.921759400586179,3
P_playoff_A+D_1000ft_m1,ecdaf714,6592,315827.68509178393,6.921759400586179,3
P_playoff_A+D_700ft_m0,57f05c51,4771,262550.4633379597,7.418253774767607,3
P_playoff_A+D_700ft_m1,57f05c51,4771,262550.4633379597,7.418253774767607,3
P_playoff_A+D_1000ft_m0,57f05c51,4771,262550.4633379597,7.418253774767607,3
P_playoff_A+D_1000ft_m1,57f05c51,4771,262550.4633379597,7.418253774767607,3
P_playoff_A+D_700ft_m0,8cc800b3,6576,53556629.31602891,90.24553331246435,3
P_playoff_A+D_700ft_m1,8cc800b3,6576,1269567.7063002407,13.894631430456734,3
P_playoff_A+D_1000ft_m0,8cc800b3,6576,53556629.31602891,90.24553331246435,3
P_playoff_A+D_1000ft_m1,8cc800b3,6576,1269567.7063002407,13.894631430456734,3
P_playoff_A+D_700ft_m0,55efee7f,4801,121332.61629527945,5.027162551495465,3
P_playoff_A+D_700ft_m1,55efee7f,4801,121332.61629527945,5.027162551495465,3
P_playoff_A+D_1000ft_m0,55efee7f,4801,121332.61629527945,5.027162551495465,3
P_playoff_A+D_1000ft_m1,55efee7f,4801,121332.61629527945,5.027162551495465,3
P_playoff_A+D_700ft_m0,d0a0e7b5,3816,232959.1334791781,7.813321377856092,3
P_playoff_A+D_700ft_m1,d0a0e7b5,3816,232959.1334791781,7.813321377856092,3
P_playoff_A+D_1000ft_m0,d0a0e7b5,3816,232959.1334791781,7.813321377856092,3
P_playoff_A+D_1000ft_m1,d0a0e7b5,3816,232959.1334791781,7.813321377856092,3
P_playoff_A+D_700ft_m0,6dbe4b60,4648,51809.71049491468,3.338662530160852,3
P_playoff_A+D_700ft_m1,6dbe4b60,4648,51809.71049491468,3.338662530160852,3
P_playoff_A+D_1000ft_m0,6dbe4b60,4648,51809.71049491468,3.338662530160852,3
P_playoff_A+D_1000ft_m1,6dbe4b60,4648,51809.71049491468,3.338662530160852,3
P_playoff_A+D_700ft_m0,53f23031,8550,583640.4643521055,8.262084640953598,3
P_playoff_A+D_700ft_m1,53f23031,8550,583640.4643521055,8.262084640953598,3
P_playoff_A+D_1000ft_m0,53f23031,8550,583640.4643521055,8.262084640953598,3
P_playoff_A+D_1000ft_m1,53f23031,8550,583640.4643521055,8.262084640953598,3
P_playoff_A+D_700ft_m0,f053a1b9,4108,142766.45077437907,5.895190776202543,3
P_playoff_A+D_700ft_m1,f053a1b9,4108,413128.06039993605,10.028295659116962,3
P_playoff_A+D_1000ft_m0,f053a1b9,4108,142766.45077437907,5.895190776202543,3
P_playoff_A+D_1000ft_m1,f053a1b9,4108,413128.06039993605,10.028295659116962,3
P_playoff_A+D_700ft_m0,a959858c,4404,18812805.959599867,65.35865899088088,3
P_playoff_A+D_700ft_m1,a959858c,4404,18812805.959599867,65.35865899088088,3
P_playoff_A+D_1000ft_m0,a959858c,4404,18812805.959599867,65.35865899088088,3
P_playoff_A+D_1000ft_m1,a959858c,4404,18812805.959599867,65.35865899088088,3
P_playoff_A+D_700ft_m0,1b1eba53,4655,23228083.403200306,70.63937461968057,3
P_playoff_A+D_700ft_m1,1b1eba53,4655,23228083.403200306,70.63937461968057,3
P_playoff_A+D_1000ft_m0,1b1eba53,4655,23228083.403200306,70.63937461968057,3
P_playoff_A+D_1000ft_m1,1b1eba53,4655,23228083.403200306,70.63937461968057,3
P_playoff_A+D_700ft_m0,511e1db0,3821,492279.1702433018,11.350557970890108,3
P_playoff_A+D_700ft_m1,511e1db0,3821,492279.1702433018,11.350557970890108,3
P_playoff_A+D_1000ft_m0,511e1db0,3821,492279.1702433018,11.350557970890108,3
P_playoff_A+D_1000ft_m1,511e1db0,3821,492279.1702433018,11.350557970890108,3
P_playoff_A+D_700ft_m0,84633df4,4972,111528.57000000455,4.736172446701271,3
P_playoff_A+D_700ft_m1,84633df4,4972,111528.57000000455,4.736172446701271,3
P_playoff_A+D_1000ft_m0,84633df4,4972,111528.57000000455,4.736172446701271,3
P_playoff_A+D_1000ft_m1,84633df4,4972,111528.57000000455,4.736172446701271,3
P_playoff_A+D_700ft_m0,47ee27ab,6397,233365.79640923222,6.039909430289116,3
P_playoff_A+D_700ft_m1,47ee27ab,6397,233365.79640923222,6.039909430289116,3
P_playoff_A+D_1000ft_m0,47ee27ab,6397,233365.79640923222,6.039909430289116,3
P_playoff_A+D_1000ft_m1,47ee27ab,6397,233365.79640923222,6.039909430289116,3
P_playoff_A+D_700ft_m0,b95e7121,6306,73777.33990000116,3.4204599760598935,3
P_playoff_A+D_700ft_m1,b95e7121,6306,73777.33990000116,3.4204599760598935,3
P_playoff_A+D_1000ft_m0,b95e7121,6306,73777.33990000116,3.4204599760598935,3
P_playoff_A+D_1000ft_m1,b95e7121,6306,73777.33990000116,3.4204599760598935,3
P_playoff_A+D_700ft_m0,91db7070,4073,733442.0845635784,13.419171642933618,3
P_playoff_A+D_700ft_m1,91db7070,4073,6782563.949499958,40.80747690976154,3
P_playoff_A+D_1000ft_m0,91db7070,4073,733442.0845635784,13.419171642933618,3
P_playoff_A+D_1000ft_m1,91db7070,4073,6782563.949499958,40.80747690976154,3
P_playoff_A+D_700ft_m0,e3b34f5b,5455,584019.69690004,10.347045761247115,3
P_playoff_A+D_700ft_m1,e3b34f5b,5455,584019.69690004,10.347045761247115,3
P_playoff_A+D_1000ft_m0,e3b34f5b,5455,584019.69690004,10.347045761247115,3
P_playoff_A+D_1000ft_m1,e3b34f5b,5455,584019.69690004,10.347045761247115,3
P_playoff_A+D_700ft_m0,5a5269a9,6513,223890.89289999526,5.863105043604518,3
P_playoff_A+D_700ft_m1,5a5269a9,6513,223890.89289999526,5.863105043604518,3
P_playoff_A+D_1000ft_m0,5a5269a9,6513,223890.89289999526,5.863105043604518,3
P_playoff_A+D_1000ft_m1,5a5269a9,6513,223890.89289999526,5.863105043604518,3
P_playoff_A+D_700ft_m0,05948241,3879,43999.92129100975,3.3679532926607143,3
P_playoff_A+D_700ft_m1,05948241,3879,43999.92129100975,3.3679532926607143,3
P_playoff_A+D_1000ft_m0,05948241,3879,43999.92129100975,3.3679532926607143,3
P_playoff_A+D_1000ft_m1,05948241,3879,43999.92129100975,3.3679532926607143,3
P_playoff_A+D_700ft_m0,a645da9a,5153,412868.96689999796,8.951092580974047,3
P_playoff_A+D_700ft_m1,a645da9a,5153,412868.96689999796,8.951092580974047,3
P_playoff_A+D_1000ft_m0,a645da9a,5153,412868.96689999796,8.951092580974047,3
P_playoff_A+D_1000ft_m1,a645da9a,5153,412868.96689999796,8.951092580974047,3
P_playoff_A+D_700ft_m0,368fe682,4936,146188.68046850438,5.442134832708514,3
P_playoff_A+D_700ft_m1,368fe682,4936,146188.68046850438,5.442134832708514,3
P_playoff_A+D_1000ft_m0,368fe682,4936,146188.68046850438,5.442134832708514,3
P_playoff_A+D_1000ft_m1,368fe682,4936,146188.68046850438,5.442134832708514,3
P_playoff_A+D_700ft_m0,8995c945,6724,409792.2362056956,7.806709352663797,3
P_playoff_A+D_700ft_m1,8995c945,6724,409792.2362056956,7.806709352663797,3
P_playoff_A+D_1000ft_m0,8995c945,6724,409792.2362056956,7.806709352663797,3
P_playoff_A+D_1000ft_m1,8995c945,6724,409792.2362056956,7.806709352663797,3
P_playoff_A+D_700ft_m0,48c1f673,2917,996201.2643999874,18.480143096264484,3
P_playoff_A+D_700ft_m1,48c1f673,2917,996201.2643999874,18.480143096264484,3
P_playoff_A+D_1000ft_m0,48c1f673,2917,996201.2643999874,18.480143096264484,3
P_playoff_A+D_1000ft_m1,48c1f673,2917,996201.2643999874,18.480143096264484,3
P_playoff_A+D_700ft_m0,466fc788,6197,3029981.1889095977,22.112060709165235,3
P_playoff_A+D_700ft_m1,466fc788,6197,3029981.1889095977,22.112060709165235,3
P_playoff_A+D_1000ft_m0,466fc788,6197,3029981.1889095977,22.112060709165235,3
P_playoff_A+D_1000ft_m1,466fc788,6197,3029981.1889095977,22.112060709165235,3
P_playoff_A+D_700ft_m0,27300fd5,5467,1653208.961300014,17.389589831741016,3
P_playoff_A+D_700ft_m1,27300fd5,5467,1653208.961300014,17.389589831741016,3
P_playoff_A+D_1000ft_m0,27300fd5,5467,1653208.961300014,17.389589831741016,3
P_playoff_A+D_1000ft_m1,27300fd5,5467,1653208.961300014,17.389589831741016,3
P_playoff_A+D_700ft_m0,a9c9b150,3986,5391.634599999213,1.1630317709118394,3
P_playoff_A+D_700ft_m1,a9c9b150,3986,5391.634599999213,1.1630317709118394,3
P_playoff_A+D_1000ft_m0,a9c9b150,3986,5391.634599999213,1.1630317709118394,3
P_playoff_A+D_1000ft_m1,a9c9b150,3986,5391.634599999213,1.1630317709118394,3
P_playoff_A+D_700ft_m0,071d7b45,3211,940663.580699953,17.11579247751261,3
P_playoff_A+D_700ft_m1,071d7b45,3211,940663.580699953,17.11579247751261,3
P_playoff_A+D_1000ft_m0,071d7b45,3211,940663.580699953,17.11579247751261,3
P_playoff_A+D_1000ft_m1,071d7b45,3211,940663.580699953,17.11579247751261,3
P_playoff_A+D_700ft_m0,ae8959c3,4518,1765517.8814001312,19.76800976672305,3
P_playoff_A+D_700ft_m1,ae8959c3,4518,1765517.8814001312,19.76800976672305,3
P_playoff_A+D_1000ft_m0,ae8959c3,4518,1765517.8814001312,19.76800976672305,3
P_playoff_A+D_1000ft_m1,ae8959c3,4518,1765517.8814001312,19.76800976672305,3
P_playoff_A+D_700ft_m0,35b30c7f,9579,3513417.411000219,19.15158789297762,3
P_playoff_A+D_700ft_m1,35b30c7f,9579,3513417.411000219,19.15158789297762,3
P_playoff_A+D_1000ft_m0,35b30c7f,9579,3513417.411000219,19.15158789297762,3
P_playoff_A+D_1000ft_m1,35b30c7f,9579,3513417.411000219,19.15158789297762,3
P_playoff_A+D_700ft_m0,463c38f2,4460,161007.2119686887,6.008350168046005,3
P_playoff_A+D_700ft_m1,463c38f2,4460,161007.2119686887,6.008350168046005,3
P_playoff_A+D_1000ft_m0,463c38f2,4460,161007.2119686887,6.008350168046005,3
P_playoff_A+D_1000ft_m1,463c38f2,4460,161007.2119686887,6.008350168046005,3
P_playoff_A+D_700ft_m0,72dd8501,5193,93650.95497441832,4.246654644996717,3
P_playoff_A+D_700ft_m1,72dd8501,5193,93650.95497441832,4.246654644996717,3
P_playoff_A+D_1000ft_m0,72dd8501,5193,93650.95497441832,4.246654644996717,3
P_playoff_A+D_1000ft_m1,72dd8501,5193,93650.95497441832,4.246654644996717,3
P_playoff_A+D_700ft_m0,9c211c53,7265,2629483.192350537,19.024681300956516,3
P_playoff_A+D_700ft_m1,9c211c53,7265,2629483.192350537,19.024681300956516,3
P_playoff_A+D_1000ft_m0,9c211c53,7265,2629483.192350537,19.024681300956516,3
P_playoff_A+D_1000ft_m1,9c211c53,7265,2629483.192350537,19.024681300956516,3
P_playoff_A+D_700ft_m0,4b462989,3106,41472.8648505193,3.654107271533441,3
P_playoff_A+D_700ft_m1,4b462989,3106,41472.8648505193,3.654107271533441,3
P_playoff_A+D_1000ft_m0,4b462989,3106,41472.8648505193,3.654107271533441,3
P_playoff_A+D_1000ft_m1,4b462989,3106,41472.8648505193,3.654107271533441,3
P_playoff_A+D_700ft_m0,ee4aecac,5265,608688.5661896918,10.752225999701615,3
P_playoff_A+D_700ft_m1,ee4aecac,5265,611702.5087999359,10.778813139095936,3
P_playoff_A+D_1000ft_m0,ee4aecac,5265,608688.5661896918,10.752225999701615,3
P_playoff_A+D_1000ft_m1,ee4aecac,5265,611702.5087999359,10.778813139095936,3
P_playoff_A+D_700ft_m0,c3957531,5316,1369263.5890024467,16.04911332638939,3
P_playoff_A+D_700ft_m1,c3957531,5316,1369263.5890024467,16.04911332638939,3
P_playoff_A+D_1000ft_m0,c3957531,5316,1369263.5890024467,16.04911332638939,3
P_playoff_A+D_1000ft_m1,c3957531,5316,1369263.5890024467,16.04911332638939,3
P_playoff_A+D_700ft_m0,ae0784a8,7823,925596.1520999303,10.87737509844777,3
P_playoff_A+D_700ft_m1,ae0784a8,7823,925596.1520999303,10.87737509844777,3
P_playoff_A+D_1000ft_m0,ae0784a8,7823,925596.1520999303,10.87737509844777,3
P_playoff_A+D_1000ft_m1,ae0784a8,7823,925596.1520999303,10.87737509844777,3
P_playoff_A+D_700ft_m0,7d57c75d,4405,345059.76629079226,8.850630408949476,3
P_playoff_A+D_700ft_m1,7d57c75d,4405,887988.2728999833,14.198113996829493,3
P_playoff_A+D_1000ft_m0,7d57c75d,4405,345059.76629079226,8.850630408949476,3
P_playoff_A+D_1000ft_m1,7d57c75d,4405,887988.2728999833,14.198113996829493,3
P_playoff_A+D_700ft_m0,e748dd88,4812,470770.05882316513,9.891032014021762,3
P_playoff_A+D_700ft_m1,e748dd88,4812,470770.05882316513,9.891032014021762,3
P_playoff_A+D_1000ft_m0,e748dd88,4812,470770.05882316513,9.891032014021762,3
P_playoff_A+D_1000ft_m1,e748dd88,4812,470770.05882316513,9.891032014021762,3
P_playoff_A+D_700ft_m0,aaeffccb,2712,216847.64824270312,8.941955734674531,3
P_playoff_A+D_700ft_m1,aaeffccb,2712,216847.64824270312,8.941955734674531,3
P_playoff_A+D_1000ft_m0,aaeffccb,2712,216847.64824270312,8.941955734674531,3
P_playoff_A+D_1000ft_m1,aaeffccb,2712,216847.64824270312,8.941955734674531,3
P_playoff_A+D_700ft_m0,c07fd0cd,4191,68842.52649999954,4.052934357090802,3
P_playoff_A+D_700ft_m1,c07fd0cd,4191,68842.52649999954,4.052934357090802,3
P_playoff_A+D_1000ft_m0,c07fd0cd,4191,68842.52649999954,4.052934357090802,3
P_playoff_A+D_1000ft_m1,c07fd0cd,4191,68842.52649999954,4.052934357090802,3
P_playoff_A+D_700ft_m0,8bfa881d,4089,2536780.2353001013,24.907656478671402,3
P_playoff_A+D_700ft_m1,8bfa881d,4089,2536780.2353001013,24.907656478671402,3
P_playoff_A+D_1000ft_m0,8bfa881d,4089,2536780.2353001013,24.907656478671402,3
P_playoff_A+D_1000ft_m1,8bfa881d,4089,2536780.2353001013,24.907656478671402,3
P_playoff_A+D_700ft_m0,d1ee630d,6290,1215252.9397955663,13.899782911662541,3
P_playoff_A+D_700ft_m1,d1ee630d,6290,1215252.9397955663,13.899782911662541,3
P_playoff_A+D_1000ft_m0,d1ee630d,6290,1215252.9397955663,13.899782911662541,3
P_playoff_A+D_1000ft_m1,d1ee630d,6290,1215252.9397955663,13.899782911662541,3
P_playoff_A+D_700ft_m0,01869cd4,5557,314892.1037845934,7.527671988163463,3
P_playoff_A+D_700ft_m1,01869cd4,5557,314892.1037845934,7.527671988163463,3
P_playoff_A+D_1000ft_m0,01869cd4,5557,314892.1037845934,7.527671988163463,3
P_playoff_A+D_1000ft_m1,01869cd4,5557,314892.1037845934,7.527671988163463,3
P_playoff_A+D_700ft_m0,20402d71,6372,684537.2534480006,10.364793654315916,3
P_playoff_A+D_700ft_m1,20402d71,6372,684537.2534480006,10.364793654315916,3
P_playoff_A+D_1000ft_m0,20402d71,6372,684537.2534480006,10.364793654315916,3
P_playoff_A+D_1000ft_m1,20402d71,6372,684537.2534480006,10.364793654315916,3
P_playoff_A+D_700ft_m0,bd8f847e,4961,270911.7039999662,7.389741905257485,3
P_playoff_A+D_700ft_m1,bd8f847e,4961,270911.7039999662,7.389741905257485,3
P_playoff_A+D_1000ft_m0,bd8f847e,4961,270911.7039999662,7.389741905257485,3
P_playoff_A+D_1000ft_m1,bd8f847e,4961,270911.7039999662,7.389741905257485,3
P_playoff_A+D_700ft_m0,a2e8e7f6,4760,544812.5200000028,10.698430341162505,3
P_playoff_A+D_700ft_m1,a2e8e7f6,4760,544812.5200000028,10.698430341162505,3
P_playoff_A+D_1000ft_m0,a2e8e7f6,4760,544812.5200000028,10.698430341162505,3
P_playoff_A+D_1000ft_m1,a2e8e7f6,4760,544812.5200000028,10.698430341162505,3
P_playoff_A+D_700ft_m0,a783cc24,1889,27325.900595199262,3.803393527724068,3
P_playoff_A+D_700ft_m1,a783cc24,1889,27325.900595199262,3.803393527724068,3
P_playoff_A+D_1000ft_m0,a783cc24,1889,27325.900595199262,3.803393527724068,3
P_playoff_A+D_1000ft_m1,a783cc24,1889,27325.900595199262,3.803393527724068,3
P_playoff_A+D_700ft_m0,70e1788b,9285,363373.83729415,6.255843470089092,3
P_playoff_A+D_700ft_m1,70e1788b,9285,363373.83729415,6.255843470089092,3
P_playoff_A+D_1000ft_m0,70e1788b,9285,363373.83729415,6.255843470089092,3
P_playoff_A+D_1000ft_m1,70e1788b,9285,363373.83729415,6.255843470089092,3
P_playoff_A+D_700ft_m0,203721ab,5730,577258.2439999592,10.037088673521446,3
P_playoff_A+D_700ft_m1,203721ab,5730,577258.2439999592,10.037088673521446,3
P_playoff_A+D_1000ft_m0,203721ab,5730,577258.2439999592,10.037088673521446,3
P_playoff_A+D_1000ft_m1,203721ab,5730,577258.2439999592,10.037088673521446,3
P_playoff_A+D_700ft_m0,d84b621b,3994,2905595.537430437,26.972024757828517,3
P_playoff_A+D_700ft_m1,d84b621b,3994,2905595.537430437,26.972024757828517,3
P_playoff_A+D_1000ft_m0,d84b621b,3994,2905595.537430437,26.972024757828517,3
P_playoff_A+D_1000ft_m1,d84b621b,3994,2905595.537430437,26.972024757828517,3
P_playoff_A+D_700ft_m0,da3cf798,5844,1670114.5158997274,16.905110806271015,3
P_playoff_A+D_700ft_m1,da3cf798,5844,1670114.5158997274,16.905110806271015,3
P_playoff_A+D_1000ft_m0,da3cf798,5844,1670114.5158997274,16.905110806271015,3
P_playoff_A+D_1000ft_m1,da3cf798,5844,1670114.5158997274,16.905110806271015,3
P_playoff_A+D_700ft_m0,884ecb5f,6724,2670513.6462000674,19.928910115404566,3
P_playoff_A+D_700ft_m1,884ecb5f,6724,2670513.6462000674,19.928910115404566,3
P_playoff_A+D_1000ft_m0,884ecb5f,6724,2670513.6462000674,19.928910115404566,3
P_playoff_A+D_1000ft_m1,884ecb5f,6724,2670513.6462000674,19.928910115404566,3
P_playoff_A+D_700ft_m0,8a3da6d1,4593,1799120.7376056516,19.79164680291339,3
P_playoff_A+D_700ft_m1,8a3da6d1,4593,1799120.7376056516,19.79164680291339,3
P_playoff_A+D_1000ft_m0,8a3da6d1,4593,1799120.7376056516,19.79164680291339,3
P_playoff_A+D_1000ft_m1,8a3da6d1,4593,1799120.7376056516,19.79164680291339,3
P_playoff_A+D_700ft_m0,beda8696,5912,370271.24092765385,7.913940451646149,4
P_playoff_A+D_700ft_m1,beda8696,5912,370271.24092765385,7.913940451646149,4
P_playoff_A+D_1000ft_m0,beda8696,5912,370271.24092765385,7.913940451646149,4
P_playoff_A+D_1000ft_m1,beda8696,5912,370271.24092765385,7.913940451646149,4
P_playoff_A+D_700ft_m0,0dc835f3,4428,231450.24929999467,7.2297789729208715,4
P_playoff_A+D_700ft_m1,0dc835f3,4428,231450.24929999467,7.2297789729208715,4
P_playoff_A+D_1000ft_m0,0dc835f3,4428,231450.24929999467,7.2297789729208715,4
P_playoff_A+D_1000ft_m1,0dc835f3,4428,231450.24929999467,7.2297789729208715,4
P_playoff_A+D_700ft_m0,87695469,7003,1018181.073595643,12.05786582165425,4
P_playoff_A+D_700ft_m1,87695469,7003,1018181.073595643,12.05786582165425,4
P_playoff_A+D_1000ft_m0,87695469,7003,1018181.073595643,12.05786582165425,4
P_playoff_A+D_1000ft_m1,87695469,7003,1018181.073595643,12.05786582165425,4
P_playoff_A+D_700ft_m0,7e721392,6174,10042975.543799978,40.331826473951956,4
P_playoff_A+D_700ft_m1,7e721392,6174,10042975.543799978,40.331826473951956,4
P_playoff_A+D_1000ft_m0,7e721392,6174,10042975.543799978,40.331826473951956,4
P_playoff_A+D_1000ft_m1,7e721392,6174,10042975.543799978,40.331826473951956,4
P_playoff_A+D_700ft_m0,9ae248be,5271,313643.7256573952,7.713860735080662,4
P_playoff_A+D_700ft_m1,9ae248be,5271,313643.7256573952,7.713860735080662,4
P_playoff_A+D_1000ft_m0,9ae248be,5271,313643.7256573952,7.713860735080662,4
P_playoff_A+D_1000ft_m1,9ae248be,5271,313643.7256573952,7.713860735080662,4
P_playoff_A+D_700ft_m0,98177ced,4772,371429.82743102097,8.822428975293782,4
P_playoff_A+D_700ft_m1,98177ced,4772,371429.82743102097,8.822428975293782,4
P_playoff_A+D_1000ft_m0,98177ced,4772,371429.82743102097,8.822428975293782,4
P_playoff_A+D_1000ft_m1,98177ced,4772,371429.82743102097,8.822428975293782,4
P_playoff_A+D_700ft_m0,4c3df468,5392,2317257.023399705,20.730613836474724,4
P_playoff_A+D_700ft_m1,4c3df468,5392,2317257.023399705,20.730613836474724,4
P_playoff_A+D_1000ft_m0,4c3df468,5392,2317257.023399705,20.730613836474724,4
P_playoff_A+D_1000ft_m1,4c3df468,5392,2317257.023399705,20.730613836474724,4
P_playoff_A+D_700ft_m0,81bf5923,4543,4456216.248500153,31.31927935297995,4
P_playoff_A+D_700ft_m1,81bf5923,4543,4456216.248500153,31.31927935297995,4
P_playoff_A+D_1000ft_m0,81bf5923,4543,4456216.248500153,31.31927935297995,4
P_playoff_A+D_1000ft_m1,81bf5923,4543,4456216.248500153,31.31927935297995,4
P_playoff_A+D_700ft_m0,91abc4c7,5848,288753.6529999781,7.02683994774031,4
P_playoff_A+D_700ft_m1,91abc4c7,5848,288753.6529999781,7.02683994774031,4
P_playoff_A+D_1000ft_m0,91abc4c7,5848,288753.6529999781,7.02683994774031,4
P_playoff_A+D_1000ft_m1,91abc4c7,5848,288753.6529999781,7.02683994774031,4
P_playoff_A+D_700ft_m0,9ad5410a,4205,201914.96425348864,6.929489693236973,4
P_playoff_A+D_700ft_m1,9ad5410a,4205,201914.96425348864,6.929489693236973,4
P_playoff_A+D_1000ft_m0,9ad5410a,4205,201914.96425348864,6.929489693236973,4
P_playoff_A+D_1000ft_m1,9ad5410a,4205,201914.96425348864,6.929489693236973,4
P_playoff_A+D_700ft_m0,1bcb2fcf,4524,174250.7156999887,6.2062031463179,4
P_playoff_A+D_700ft_m1,1bcb2fcf,4524,174250.7156999887,6.2062031463179,4
P_playoff_A+D_1000ft_m0,1bcb2fcf,4524,174250.7156999887,6.2062031463179,4
P_playoff_A+D_1000ft_m1,1bcb2fcf,4524,174250.7156999887,6.2062031463179,4
P_playoff_A+D_700ft_m0,d3df146b,5787,792092.9627999144,11.69933929625434,4
P_playoff_A+D_700ft_m1,d3df146b,5787,792092.9627999144,11.69933929625434,4
P_playoff_A+D_1000ft_m0,d3df146b,5787,792092.9627999144,11.69933929625434,4
P_playoff_A+D_1000ft_m1,d3df146b,5787,792092.9627999144,11.69933929625434,4
P_playoff_A+D_700ft_m0,dd6bc5b2,3602,25853.3465058507,2.6790852248154,4
P_playoff_A+D_700ft_m1,dd6bc5b2,3602,25853.3465058507,2.6790852248154,4
P_playoff_A+D_1000ft_m0,dd6bc5b2,3602,25853.3465058507,2.6790852248154,4
P_playoff_A+D_1000ft_m1,dd6bc5b2,3602,25853.3465058507,2.6790852248154,4
P_playoff_A+D_700ft_m0,81fc01c6,5909,219032.3732781798,6.088315636272564,4
P_playoff_A+D_700ft_m1,81fc01c6,5909,1330874.3842001222,15.007610097527794,4
P_playoff_A+D_1000ft_m0,81fc01c6,5909,219032.3732781798,6.088315636272564,4
P_playoff_A+D_1000ft_m1,81fc01c6,5909,1330874.3842001222,15.007610097527794,4
P_playoff_A+D_700ft_m0,6a8fa194,3017,36168.75018734502,3.4624148033201125,4
P_playoff_A+D_700ft_m1,6a8fa194,3017,36168.75018734502,3.4624148033201125,4
P_playoff_A+D_1000ft_m0,6a8fa194,3017,36168.75018734502,3.4624148033201125,4
P_playoff_A+D_1000ft_m1,6a8fa194,3017,36168.75018734502,3.4624148033201125,4
P_playoff_A+D_700ft_m0,9a95e33f,6447,1336623.6134744803,14.398781107794452,4
P_playoff_A+D_700ft_m1,9a95e33f,6447,6721646.785400251,32.28932813245856,4
P_playoff_A+D_1000ft_m0,9a95e33f,6447,1336623.6134744803,14.398781107794452,4
P_playoff_A+D_1000ft_m1,9a95e33f,6447,6721646.785400251,32.28932813245856,4
P_playoff_A+D_700ft_m0,14ab73fb,3649,293363.788598553,8.966363082211647,4
P_playoff_A+D_700ft_m1,14ab73fb,3649,293363.788598553,8.966363082211647,4
P_playoff_A+D_1000ft_m0,14ab73fb,3649,293363.788598553,8.966363082211647,4
P_playoff_A+D_1000ft_m1,14ab73fb,3649,293363.788598553,8.966363082211647,4
P_playoff_A+D_700ft_m0,eb934281,5971,76610.30690808303,3.5819545049285826,4
P_playoff_A+D_700ft_m1,eb934281,5971,76610.30690808303,3.5819545049285826,4
P_playoff_A+D_1000ft_m0,eb934281,5971,76610.30690808303,3.5819545049285826,4
P_playoff_A+D_1000ft_m1,eb934281,5971,76610.30690808303,3.5819545049285826,4
P_playoff_A+D_700ft_m0,75d20a82,5067,78350.45247661602,3.932287858081988,4
P_playoff_A+D_700ft_m1,75d20a82,5067,78350.45247661602,3.932287858081988,4
P_playoff_A+D_1000ft_m0,75d20a82,5067,78350.45247661602,3.932287858081988,4
P_playoff_A+D_1000ft_m1,75d20a82,5067,78350.45247661602,3.932287858081988,4
P_playoff_A+D_700ft_m0,b56bc0aa,5602,1746691.687822449,17.657799228241082,4
P_playoff_A+D_700ft_m1,b56bc0aa,5602,1746691.687822449,17.657799228241082,4
P_playoff_A+D_1000ft_m0,b56bc0aa,5602,1746691.687822449,17.657799228241082,4
P_playoff_A+D_1000ft_m1,b56bc0aa,5602,1746691.687822449,17.657799228241082,4
P_playoff_A+D_700ft_m0,593876b6,4842,49142.713692175195,3.185790221180534,4
P_playoff_A+D_700ft_m1,593876b6,4842,729974.0319999699,12.278386863654298,4
P_playoff_A+D_1000ft_m0,593876b6,4842,49142.713692175195,3.185790221180534,4
P_playoff_A+D_1000ft_m1,593876b6,4842,729974.0319999699,12.278386863654298,4
P_playoff_A+D_700ft_m0,25fd32b3,2885,182007.9085086923,7.942774279887674,4
P_playoff_A+D_700ft_m1,25fd32b3,2885,29140.613800008778,3.1781649872704114,4
P_playoff_A+D_1000ft_m0,25fd32b3,2885,182007.9085086923,7.942774279887674,4
P_playoff_A+D_1000ft_m1,25fd32b3,2885,29140.613800008778,3.1781649872704114,4
P_playoff_A+D_700ft_m0,2ac7cb6b,4990,398957.0480405815,8.941549766823504,4
P_playoff_A+D_700ft_m1,2ac7cb6b,4990,398957.0480405815,8.941549766823504,4
P_playoff_A+D_1000ft_m0,2ac7cb6b,4990,398957.0480405815,8.941549766823504,4
P_playoff_A+D_1000ft_m1,2ac7cb6b,4990,398957.0480405815,8.941549766823504,4
P_playoff_A+D_700ft_m0,89fdb2f2,2031,23143.6198164957,3.3756754209724615,4
P_playoff_A+D_700ft_m1,89fdb2f2,2031,23143.6198164957,3.3756754209724615,4
P_playoff_A+D_1000ft_m0,89fdb2f2,2031,23143.6198164957,3.3756754209724615,4
P_playoff_A+D_1000ft_m1,89fdb2f2,2031,23143.6198164957,3.3756754209724615,4
P_playoff_A+D_700ft_m0,fdfd57da,5236,881298.6776815153,12.973636941033655,4
P_playoff_A+D_700ft_m1,fdfd57da,5236,96598.53909996517,4.29522046585047,4
P_playoff_A+D_1000ft_m0,fdfd57da,5236,881298.6776815153,12.973636941033655,4
P_playoff_A+D_1000ft_m1,fdfd57da,5236,96598.53909996517,4.29522046585047,4
P_playoff_A+D_700ft_m0,b32902c0,3808,460071.2314791152,10.991679811261655,4
P_playoff_A+D_700ft_m1,b32902c0,3808,460071.2314791152,10.991679811261655,4
P_playoff_A+D_1000ft_m0,b32902c0,3808,460071.2314791152,10.991679811261655,4
P_playoff_A+D_1000ft_m1,b32902c0,3808,460071.2314791152,10.991679811261655,4
P_playoff_A+D_700ft_m0,8648abae,4244,457600.99092959554,10.38378746703736,4
P_playoff_A+D_700ft_m1,8648abae,4244,457600.99092959554,10.38378746703736,4
P_playoff_A+D_1000ft_m0,8648abae,4244,457600.99092959554,10.38378746703736,4
P_playoff_A+D_1000ft_m1,8648abae,4244,457600.99092959554,10.38378746703736,4
P_playoff_A+D_700ft_m0,25939962,4319,532111.5761000003,11.099661933822553,4
P_playoff_A+D_700ft_m1,25939962,4319,532111.5761000003,11.099661933822553,4
P_playoff_A+D_1000ft_m0,25939962,4319,532111.5761000003,11.099661933822553,4
P_playoff_A+D_1000ft_m1,25939962,4319,532111.5761000003,11.099661933822553,4
P_playoff_A+D_700ft_m0,591cc951,4609,166019.4349787459,6.001725270481468,4
P_playoff_A+D_700ft_m1,591cc951,4609,166019.4349787459,6.001725270481468,4
P_playoff_A+D_1000ft_m0,591cc951,4609,166019.4349787459,6.001725270481468,4
P_playoff_A+D_1000ft_m1,591cc951,4609,166019.4349787459,6.001725270481468,4
P_playoff_A+D_700ft_m0,7850c72e,5497,4480612.420413954,28.5499808139639,4
P_playoff_A+D_700ft_m1,7850c72e,5497,4480612.420413954,28.5499808139639,4
P_playoff_A+D_1000ft_m0,7850c72e,5497,4480612.420413954,28.5499808139639,4
P_playoff_A+D_1000ft_m1,7850c72e,5497,4480612.420413954,28.5499808139639,4
P_playoff_A+D_700ft_m0,404c4384,911,625.6450267478908,0.8287142559741354,4
P_playoff_A+D_700ft_m1,404c4384,911,625.6450267478908,0.8287142559741354,4
P_playoff_A+D_1000ft_m0,404c4384,911,625.6450267478908,0.8287142559741354,4
P_playoff_A+D_1000ft_m1,404c4384,911,625.6450267478908,0.8287142559741354,4
P_playoff_A+D_700ft_m0,dd7d638e,4301,51917.7211128326,3.4743461834794367,4
P_playoff_A+D_700ft_m1,dd7d638e,4301,51917.7211128326,3.4743461834794367,4
P_playoff_A+D_1000ft_m0,dd7d638e,4301,51917.7211128326,3.4743461834794367,4
P_playoff_A+D_1000ft_m1,dd7d638e,4301,51917.7211128326,3.4743461834794367,4
P_playoff_A+D_700ft_m0,da3bfe4e,5549,113691.79324611451,4.526444460020602,4
P_playoff_A+D_700ft_m1,da3bfe4e,5549,113691.79324611451,4.526444460020602,4
P_playoff_A+D_1000ft_m0,da3bfe4e,5549,113691.79324611451,4.526444460020602,4
P_playoff_A+D_1000ft_m1,da3bfe4e,5549,113691.79324611451,4.526444460020602,4
P_playoff_A+D_700ft_m0,113011eb,3272,87724.80140000148,5.177910618587731,4
P_playoff_A+D_700ft_m1,113011eb,3272,87724.80140000148,5.177910618587731,4
P_playoff_A+D_1000ft_m0,113011eb,3272,87724.80140000148,5.177910618587731,4
P_playoff_A+D_1000ft_m1,113011eb,3272,87724.80140000148,5.177910618587731,4
P_playoff_A+D_700ft_m0,74b6186b,3405,117414.54682610904,5.872221043038083,4
P_playoff_A+D_700ft_m1,74b6186b,3405,117414.54682610904,5.872221043038083,4
P_playoff_A+D_1000ft_m0,74b6186b,3405,117414.54682610904,5.872221043038083,4
P_playoff_A+D_1000ft_m1,74b6186b,3405,117414.54682610904,5.872221043038083,4
P_playoff_A+D_700ft_m0,3ef98781,3892,601708.4135000389,12.433878700657393,4
P_playoff_A+D_700ft_m1,3ef98781,3892,601708.4135000389,12.433878700657393,4
P_playoff_A+D_1000ft_m0,3ef98781,3892,601708.4135000389,12.433878700657393,4
P_playoff_A+D_1000ft_m1,3ef98781,3892,601708.4135000389,12.433878700657393,4
P_playoff_A+D_700ft_m0,8b95d6d1,1731,284564.65220000554,12.821591683060278,4
P_playoff_A+D_700ft_m1,8b95d6d1,1731,284564.65220000554,12.821591683060278,4
P_playoff_A+D_1000ft_m0,8b95d6d1,1731,284564.65220000554,12.821591683060278,4
P_playoff_A+D_1000ft_m1,8b95d6d1,1731,284564.65220000554,12.821591683060278,4
P_playoff_A+D_700ft_m0,aee6393a,5865,127672.86619999974,4.665683726709421,4
P_playoff_A+D_700ft_m1,aee6393a,5865,127672.86619999974,4.665683726709421,4
P_playoff_A+D_1000ft_m0,aee6393a,5865,127672.86619999974,4.665683726709421,4
P_playoff_A+D_1000ft_m1,aee6393a,5865,127672.86619999974,4.665683726709421,4
P_playoff_A+D_700ft_m0,3f603129,5051,2327466.749421986,21.466095561284682,4
P_playoff_A+D_700ft_m1,3f603129,5051,2327466.749421986,21.466095561284682,4
P_playoff_A+D_1000ft_m0,3f603129,5051,2327466.749421986,21.466095561284682,4
P_playoff_A+D_1000ft_m1,3f603129,5051,2327466.749421986,21.466095561284682,4
P_playoff_A+D_700ft_m0,1f9afacb,5328,33792.09190000432,2.518404175433652,4
P_playoff_A+D_700ft_m1,1f9afacb,5328,33792.09190000432,2.518404175433652,4
P_playoff_A+D_1000ft_m0,1f9afacb,5328,33792.09190000432,2.518404175433652,4
P_playoff_A+D_1000ft_m1,1f9afacb,5328,33792.09190000432,2.518404175433652,4
P_playoff_A+D_700ft_m0,a3f71395,5543,1262084.85539993,15.089395383508826,4
P_playoff_A+D_700ft_m1,a3f71395,5543,1262084.85539993,15.089395383508826,4
P_playoff_A+D_1000ft_m0,a3f71395,5543,1262084.85539993,15.089395383508826,4
P_playoff_A+D_1000ft_m1,a3f71395,5543,1262084.85539993,15.089395383508826,4
P_playoff_A+D_700ft_m0,01982c1d,3941,158137.36869999464,6.33452473981023,4
P_playoff_A+D_700ft_m1,01982c1d,3941,158137.36869999464,6.33452473981023,4
P_playoff_A+D_1000ft_m0,01982c1d,3941,158137.36869999464,6.33452473981023,4
P_playoff_A+D_1000ft_m1,01982c1d,3941,158137.36869999464,6.33452473981023,4
P_playoff_A+D_700ft_m0,c9e6734f,4735,65716.42945535085,3.7254349782629714,4
P_playoff_A+D_700ft_m1,c9e6734f,4735,65716.42945535085,3.7254349782629714,4
P_playoff_A+D_1000ft_m0,c9e6734f,4735,65716.42945535085,3.7254349782629714,4
P_playoff_A+D_1000ft_m1,c9e6734f,4735,65716.42945535085,3.7254349782629714,4
P_playoff_A+D_700ft_m0,f439a621,2821,165897.09322625268,7.668631077124587,4
P_playoff_A+D_700ft_m1,f439a621,2821,165897.09322625268,7.668631077124587,4
P_playoff_A+D_1000ft_m0,f439a621,2821,165897.09322625268,7.668631077124587,4
P_playoff_A+D_1000ft_m1,f439a621,2821,165897.09322625268,7.668631077124587,4
P_playoff_A+D_700ft_m0,98bc6f66,6063,930131.1492242839,12.385921130877348,4
P_playoff_A+D_700ft_m1,98bc6f66,6063,930131.1492242839,12.385921130877348,4
P_playoff_A+D_1000ft_m0,98bc6f66,6063,930131.1492242839,12.385921130877348,4
P_playoff_A+D_1000ft_m1,98bc6f66,6063,930131.1492242839,12.385921130877348,4
P_playoff_A+D_700ft_m0,e730c32b,4728,642210.7458998635,11.654671854511827,4
P_playoff_A+D_700ft_m1,e730c32b,4728,642210.7458998635,11.654671854511827,4
P_playoff_A+D_1000ft_m0,e730c32b,4728,642210.7458998635,11.654671854511827,4
P_playoff_A+D_1000ft_m1,e730c32b,4728,642210.7458998635,11.654671854511827,4
P_playoff_A+D_700ft_m0,865033f8,3557,70450.77703830681,4.4504196160758696,4
P_playoff_A+D_700ft_m1,865033f8,3557,70450.77703830681,4.4504196160758696,4
P_playoff_A+D_1000ft_m0,865033f8,3557,70450.77703830681,4.4504196160758696,4
P_playoff_A+D_1000ft_m1,865033f8,3557,70450.77703830681,4.4504196160758696,4
P_playoff_A+D_700ft_m0,729665c0,4263,319891.82820000814,8.662513145164612,4
P_playoff_A+D_700ft_m1,729665c0,4263,319891.82820000814,8.662513145164612,4
P_playoff_A+D_1000ft_m0,729665c0,4263,319891.82820000814,8.662513145164612,4
P_playoff_A+D_1000ft_m1,729665c0,4263,319891.82820000814,8.662513145164612,4
P_playoff_A+D_700ft_m0,7cbbd047,5121,804347.9801999782,12.532698729088267,4
P_playoff_A+D_700ft_m1,7cbbd047,5121,804347.9801999782,12.532698729088267,4
P_playoff_A+D_1000ft_m0,7cbbd047,5121,804347.9801999782,12.532698729088267,4
P_playoff_A+D_1000ft_m1,7cbbd047,5121,804347.9801999782,12.532698729088267,4
P_playoff_A+D_700ft_m0,c70c0e01,4312,346553.0733000199,8.964901066736223,4
P_playoff_A+D_700ft_m1,c70c0e01,4312,346553.0733000199,8.964901066736223,4
P_playoff_A+D_1000ft_m0,c70c0e01,4312,346553.0733000199,8.964901066736223,4
P_playoff_A+D_1000ft_m1,c70c0e01,4312,346553.0733000199,8.964901066736223,4
P_playoff_A+D_700ft_m0,a87433c9,5721,3138304.8882647827,23.421332132431733,4
P_playoff_A+D_700ft_m1,a87433c9,5721,3138304.8882647827,23.421332132431733,4
P_playoff_A+D_1000ft_m0,a87433c9,5721,3138304.8882647827,23.421332132431733,4
P_playoff_A+D_1000ft_m1,a87433c9,5721,3138304.8882647827,23.421332132431733,4
P_playoff_A+D_700ft_m0,f6bc699b,3752,663048.7201063905,13.29356017147476,4
P_playoff_A+D_700ft_m1,f6bc699b,3752,423338.9858000023,10.622157035929634,4
P_playoff_A+D_1000ft_m0,f6bc699b,3752,663048.7201063905,13.29356017147476,4
P_playoff_A+D_1000ft_m1,f6bc699b,3752,423338.9858000023,10.622157035929634,4
P_playoff_A+D_700ft_m0,8382f4b6,4967,219753.14029340318,6.651513317494384,4
P_playoff_A+D_700ft_m1,8382f4b6,4967,219753.14029340318,6.651513317494384,4
P_playoff_A+D_1000ft_m0,8382f4b6,4967,219753.14029340318,6.651513317494384,4
P_playoff_A+D_1000ft_m1,8382f4b6,4967,219753.14029340318,6.651513317494384,4
P_playoff_A+D_700ft_m0,27c3155b,4958,675471.6002256515,11.672134566477943,4
P_playoff_A+D_700ft_m1,27c3155b,4958,675471.6002256515,11.672134566477943,4
P_playoff_A+D_1000ft_m0,27c3155b,4958,675471.6002256515,11.672134566477943,4
P_playoff_A+D_1000ft_m1,27c3155b,4958,675471.6002256515,11.672134566477943,4
P_playoff_A+D_700ft_m0,398dce4b,3166,57804.56707756314,4.272928455531487,4
P_playoff_A+D_700ft_m1,398dce4b,3166,57804.56707756314,4.272928455531487,4
P_playoff_A+D_1000ft_m0,398dce4b,3166,57804.56707756314,4.272928455531487,4
P_playoff_A+D_1000ft_m1,398dce4b,3166,57804.56707756314,4.272928455531487,4
P_playoff_A+D_700ft_m0,2acc78d4,4266,792086.4101999676,13.626234402591441,4
P_playoff_A+D_700ft_m1,2acc78d4,4266,792086.4101999676,13.626234402591441,4
P_playoff_A+D_1000ft_m0,2acc78d4,4266,792086.4101999676,13.626234402591441,4
P_playoff_A+D_1000ft_m1,2acc78d4,4266,792086.4101999676,13.626234402591441,4
P_playoff_A+D_700ft_m0,660d9546,4732,316960.9295875132,8.184280357354298,4
P_playoff_A+D_700ft_m1,660d9546,4732,316960.9295875132,8.184280357354298,4
P_playoff_A+D_1000ft_m0,660d9546,4732,316960.9295875132,8.184280357354298,4
P_playoff_A+D_1000ft_m1,660d9546,4732,316960.9295875132,8.184280357354298,4
P_playoff_A+D_700ft_m0,cf50c9d1,4858,4841245.096900214,31.56819712560828,4
P_playoff_A+D_700ft_m1,cf50c9d1,4858,4841245.096900214,31.56819712560828,4
P_playoff_A+D_1000ft_m0,cf50c9d1,4858,4841245.096900214,31.56819712560828,4
P_playoff_A+D_1000ft_m1,cf50c9d1,4858,4841245.096900214,31.56819712560828,4
P_playoff_A+D_700ft_m0,cb879f40,6315,128014.68842614876,4.502391173024018,4
P_playoff_A+D_700ft_m1,cb879f40,6315,128014.68842614876,4.502391173024018,4
P_playoff_A+D_1000ft_m0,cb879f40,6315,128014.68842614876,4.502391173024018,4
P_playoff_A+D_1000ft_m1,cb879f40,6315,128014.68842614876,4.502391173024018,4
P_playoff_A+D_700ft_m0,ecdab904,6147,295466.8517901104,6.933025153056587,4
P_playoff_A+D_700ft_m1,ecdab904,6147,295466.8517901104,6.933025153056587,4
P_playoff_A+D_1000ft_m0,ecdab904,6147,295466.8517901104,6.933025153056587,4
P_playoff_A+D_1000ft_m1,ecdab904,6147,295466.8517901104,6.933025153056587,4
P_playoff_A+D_700ft_m0,aa95015b,4300,140188.59007429166,5.709815906988222,4
P_playoff_A+D_700ft_m1,aa95015b,4300,140188.59007429166,5.709815906988222,4
P_playoff_A+D_1000ft_m0,aa95015b,4300,140188.59007429166,5.709815906988222,4
P_playoff_A+D_1000ft_m1,aa95015b,4300,140188.59007429166,5.709815906988222,4
P_playoff_A+D_700ft_m0,c9fedcf3,3517,558049.7352620637,12.59651096542811,4
P_playoff_A+D_700ft_m1,c9fedcf3,3517,558049.7352620637,12.59651096542811,4
P_playoff_A+D_1000ft_m0,c9fedcf3,3517,558049.7352620637,12.59651096542811,4
P_playoff_A+D_1000ft_m1,c9fedcf3,3517,558049.7352620637,12.59651096542811,4
P_playoff_A+D_700ft_m0,4a335117,5015,503269.700569959,10.017628535216458,4
P_playoff_A+D_700ft_m1,4a335117,5015,503269.700569959,10.017628535216458,4
P_playoff_A+D_1000ft_m0,4a335117,5015,503269.700569959,10.017628535216458,4
P_playoff_A+D_1000ft_m1,4a335117,5015,503269.700569959,10.017628535216458,4
P_playoff_A+D_700ft_m0,da940160,5132,107317.04974590498,4.57289299035398,4
P_playoff_A+D_700ft_m1,da940160,5132,646615.405999965,11.224828130654686,4
P_playoff_A+D_1000ft_m0,da940160,5132,107317.04974590498,4.57289299035398,4
P_playoff_A+D_1000ft_m1,da940160,5132,646615.405999965,11.224828130654686,4
P_playoff_A+D_700ft_m0,272abef3,4135,855446.1175359226,14.383301125900715,4
P_playoff_A+D_700ft_m1,272abef3,4135,855446.1175359226,14.383301125900715,4
P_playoff_A+D_1000ft_m0,272abef3,4135,855446.1175359226,14.383301125900715,4
P_playoff_A+D_1000ft_m1,272abef3,4135,855446.1175359226,14.383301125900715,4
P_playoff_A+D_700ft_m0,a056d01e,6557,289431.92052682117,6.643862279008665,4
P_playoff_A+D_700ft_m1,a056d01e,6557,289431.92052682117,6.643862279008665,4
P_playoff_A+D_1000ft_m0,a056d01e,6557,289431.92052682117,6.643862279008665,4
P_playoff_A+D_1000ft_m1,a056d01e,6557,289431.92052682117,6.643862279008665,4
P_playoff_A+D_700ft_m0,a4719920,5884,18200380.723993897,55.61653196184811,4
P_playoff_A+D_700ft_m1,a4719920,5884,18200380.723993897,55.61653196184811,4
P_playoff_A+D_1000ft_m0,a4719920,5884,18200380.723993897,55.61653196184811,4
P_playoff_A+D_1000ft_m1,a4719920,5884,18200380.723993897,55.61653196184811,4
P_playoff_A+D_700ft_m0,726f3dc2,6723,323000.34410001925,6.931383638655225,4
P_playoff_A+D_700ft_m1,726f3dc2,6723,323000.34410001925,6.931383638655225,4
P_playoff_A+D_1000ft_m0,726f3dc2,6723,323000.34410001925,6.931383638655225,4
P_playoff_A+D_1000ft_m1,726f3dc2,6723,323000.34410001925,6.931383638655225,4
P_playoff_A+D_700ft_m0,5cb483ac,3852,143995.13040001338,6.114075023717169,4
P_playoff_A+D_700ft_m1,5cb483ac,3852,143995.13040001338,6.114075023717169,4
P_playoff_A+D_1000ft_m0,5cb483ac,3852,143995.13040001338,6.114075023717169,4
P_playoff_A+D_1000ft_m1,5cb483ac,3852,143995.13040001338,6.114075023717169,4
P_playoff_A+D_700ft_m0,5bd25f59,4210,79239.88279998522,4.338412715856817,4
P_playoff_A+D_700ft_m1,5bd25f59,4210,79239.88279998522,4.338412715856817,4
P_playoff_A+D_1000ft_m0,5bd25f59,4210,79239.88279998522,4.338412715856817,4
P_playoff_A+D_1000ft_m1,5bd25f59,4210,79239.88279998522,4.338412715856817,4
P_playoff_A+D_700ft_m0,79507629,5302,837784.6386000252,12.57032003546627,4
P_playoff_A+D_700ft_m1,79507629,5302,837784.6386000252,12.57032003546627,4
P_playoff_A+D_1000ft_m0,79507629,5302,837784.6386000252,12.57032003546627,4
P_playoff_A+D_1000ft_m1,79507629,5302,837784.6386000252,12.57032003546627,4
P_playoff_A+D_700ft_m0,f4d12d23,3701,19892.781883005355,2.318399197732064,4
P_playoff_A+D_700ft_m1,f4d12d23,3701,19892.781883005355,2.318399197732064,4
P_playoff_A+D_1000ft_m0,f4d12d23,3701,19892.781883005355,2.318399197732064,4
P_playoff_A+D_1000ft_m1,f4d12d23,3701,19892.781883005355,2.318399197732064,4
P_playoff_A+D_700ft_m0,3ef6372a,4727,183432.05980000322,6.229379944022544,4
P_playoff_A+D_700ft_m1,3ef6372a,4727,183432.05980000322,6.229379944022544,4
P_playoff_A+D_1000ft_m0,3ef6372a,4727,183432.05980000322,6.229379944022544,4
P_playoff_A+D_1000ft_m1,3ef6372a,4727,183432.05980000322,6.229379944022544,4
P_playoff_A+D_700ft_m0,18d24f7b,4558,258447.93780000825,7.530076271970659,4
P_playoff_A+D_700ft_m1,18d24f7b,4558,258447.93780000825,7.530076271970659,4
P_playoff_A+D_1000ft_m0,18d24f7b,4558,258447.93780000825,7.530076271970659,4
P_playoff_A+D_1000ft_m1,18d24f7b,4558,258447.93780000825,7.530076271970659,4
P_playoff_A+D_700ft_m0,fa31da94,5027,3777856.6797640678,27.413740439103815,4
P_playoff_A+D_700ft_m1,fa31da94,5027,3777856.6797640678,27.413740439103815,4
P_playoff_A+D_1000ft_m0,fa31da94,5027,3777856.6797640678,27.413740439103815,4
P_playoff_A+D_1000ft_m1,fa31da94,5027,3777856.6797640678,27.413740439103815,4
P_playoff_A+D_700ft_m0,cdc31d65,4840,170184.61055084452,5.929764718599135,4
P_playoff_A+D_700ft_m1,cdc31d65,4840,170184.61055084452,5.929764718599135,4
P_playoff_A+D_1000ft_m0,cdc31d65,4840,170184.61055084452,5.929764718599135,4
P_playoff_A+D_1000ft_m1,cdc31d65,4840,170184.61055084452,5.929764718599135,4
P_playoff_A+D_700ft_m0,c50b42f6,6014,112626.9178561272,4.327523030518571,4
P_playoff_A+D_700ft_m1,c50b42f6,6014,112626.9178561272,4.327523030518571,4
P_playoff_A+D_1000ft_m0,c50b42f6,6014,112626.9178561272,4.327523030518571,4
P_playoff_A+D_1000ft_m1,c50b42f6,6014,112626.9178561272,4.327523030518571,4
P_playoff_A+D_700ft_m0,19871e7f,5293,370559.3857874602,8.3671578445892,4
P_playoff_A+D_700ft_m1,19871e7f,5293,151718.72259999608,5.353880109906093,4
P_playoff_A+D_1000ft_m0,19871e7f,5293,370559.3857874602,8.3671578445892,4
P_playoff_A+D_1000ft_m1,19871e7f,5293,151718.72259999608,5.353880109906093,4
P_playoff_A+D_700ft_m0,8cc21f01,4044,2161839.489986669,23.12097528259706,4
P_playoff_A+D_700ft_m1,8cc21f01,4044,131039.68269997947,5.692405675014437,4
P_playoff_A+D_1000ft_m0,8cc21f01,4044,2161839.489986669,23.12097528259706,4
P_playoff_A+D_1000ft_m1,8cc21f01,4044,131039.68269997947,5.692405675014437,4
P_playoff_A+D_700ft_m0,e7818f7a,5371,835262.1115418812,12.470498506466841,4
P_playoff_A+D_700ft_m1,e7818f7a,5371,214030.80360003264,6.312633342217896,4
P_playoff_A+D_1000ft_m0,e7818f7a,5371,835262.1115418812,12.470498506466841,4
P_playoff_A+D_1000ft_m1,e7818f7a,5371,214030.80360003264,6.312633342217896,4
P_playoff_A+D_700ft_m0,d543916f,4799,1520719.7822030738,17.801197670624948,4
P_playoff_A+D_700ft_m1,d543916f,4799,499309.66189998086,10.200221672654065,4
P_playoff_A+D_1000ft_m0,d543916f,4799,1520719.7822030738,17.801197670624948,4
P_playoff_A+D_1000ft_m1,d543916f,4799,499309.66189998086,10.200221672654065,4
P_playoff_A+D_700ft_m0,3aaa2b30,4711,462297.37474568316,9.906133158569682,4
P_playoff_A+D_700ft_m1,3aaa2b30,4711,462297.37474568316,9.906133158569682,4
P_playoff_A+D_1000ft_m0,3aaa2b30,4711,462297.37474568316,9.906133158569682,4
P_playoff_A+D_1000ft_m1,3aaa2b30,4711,462297.37474568316,9.906133158569682,4
P_playoff_A+D_700ft_m0,fbd68d27,6829,3333974.630699741,22.09543667740266,4
P_playoff_A+D_700ft_m1,fbd68d27,6829,3333974.630699741,22.09543667740266,4
P_playoff_A+D_1000ft_m0,fbd68d27,6829,3333974.630699741,22.09543667740266,4
P_playoff_A+D_1000ft_m1,fbd68d27,6829,3333974.630699741,22.09543667740266,4
P_playoff_A+D_700ft_m0,28473855,4290,88677.23619999908,4.546502439117813,4
P_playoff_A+D_700ft_m1,28473855,4290,88677.23619999908,4.546502439117813,4
P_playoff_A+D_1000ft_m0,28473855,4290,88677.23619999908,4.546502439117813,4
P_playoff_A+D_1000ft_m1,28473855,4290,88677.23619999908,4.546502439117813,4
P_playoff_A+D_700ft_m0,c66be2b8,4154,603052.8533768087,12.048817942537926,4
P_playoff_A+D_700ft_m1,c66be2b8,4154,603052.8533768087,12.048817942537926,4
P_playoff_A+D_1000ft_m0,c66be2b8,4154,603052.8533768087,12.048817942537926,4
P_playoff_A+D_1000ft_m1,c66be2b8,4154,603052.8533768087,12.048817942537926,4
P_playoff_A+D_700ft_m0,82aab6d2,6140,79205.52018612297,3.5916461204324435,4
P_playoff_A+D_700ft_m1,82aab6d2,6140,79205.52018612297,3.5916461204324435,4
P_playoff_A+D_1000ft_m0,82aab6d2,6140,79205.52018612297,3.5916461204324435,4
P_playoff_A+D_1000ft_m1,82aab6d2,6140,79205.52018612297,3.5916461204324435,4
P_playoff_A+D_700ft_m0,044af7d1,4519,54511.935281370665,3.4731587123089427,4
P_playoff_A+D_700ft_m1,044af7d1,4519,54511.935281370665,3.4731587123089427,4
P_playoff_A+D_1000ft_m0,044af7d1,4519,54511.935281370665,3.4731587123089427,4
P_playoff_A+D_1000ft_m1,044af7d1,4519,54511.935281370665,3.4731587123089427,4
P_playoff_A+D_700ft_m0,d24ff243,5641,72482.41299999923,3.584579952704873,4
P_playoff_A+D_700ft_m1,d24ff243,5641,72482.41299999923,3.584579952704873,4
P_playoff_A+D_1000ft_m0,d24ff243,5641,72482.41299999923,3.584579952704873,4
P_playoff_A+D_1000ft_m1,d24ff243,5641,72482.41299999923,3.584579952704873,4
P_playoff_A+D_700ft_m0,e03b45fd,5342,782669.8894199247,12.104235680906502,4
P_playoff_A+D_700ft_m1,e03b45fd,5342,782669.8894199247,12.104235680906502,4
P_playoff_A+D_1000ft_m0,e03b45fd,5342,782669.8894199247,12.104235680906502,4
P_playoff_A+D_1000ft_m1,e03b45fd,5342,782669.8894199247,12.104235680906502,4
P_playoff_A+D_700ft_m0,1770d7c6,7240,1101198.0593000806,12.332849608315879,4
P_playoff_A+D_700ft_m1,1770d7c6,7240,1101198.0593000806,12.332849608315879,4
P_playoff_A+D_1000ft_m0,1770d7c6,7240,1101198.0593000806,12.332849608315879,4
P_playoff_A+D_1000ft_m1,1770d7c6,7240,1101198.0593000806,12.332849608315879,4
P_playoff_A+D_700ft_m0,a79fd2e7,4404,834115.1706442331,13.762247213851612,4
P_playoff_A+D_700ft_m1,a79fd2e7,4404,674359.5242999961,12.374341369091132,4
P_playoff_A+D_1000ft_m0,a79fd2e7,4404,834115.1706442331,13.762247213851612,4
P_playoff_A+D_1000ft_m1,a79fd2e7,4404,674359.5242999961,12.374341369091132,4
P_playoff_A+D_700ft_m0,00bbac68,6014,1401026.041700022,15.263052288602681,4
P_playoff_A+D_700ft_m1,00bbac68,6014,1401026.041700022,15.263052288602681,4
P_playoff_A+D_1000ft_m0,00bbac68,6014,1401026.041700022,15.263052288602681,4
P_playoff_A+D_1000ft_m1,00bbac68,6014,1401026.041700022,15.263052288602681,4
P_playoff_A+D_700ft_m0,12203f2a,3261,617638.1921999756,13.762320645487467,4
P_playoff_A+D_700ft_m1,12203f2a,3261,617638.1921999756,13.762320645487467,4
P_playoff_A+D_1000ft_m0,12203f2a,3261,617638.1921999756,13.762320645487467,4
P_playoff_A+D_1000ft_m1,12203f2a,3261,617638.1921999756,13.762320645487467,4
P_playoff_A+D_700ft_m0,d463e527,4767,351842.41209995747,8.591154291112087,4
P_playoff_A+D_700ft_m1,d463e527,4767,351842.41209995747,8.591154291112087,4
P_playoff_A+D_1000ft_m0,d463e527,4767,351842.41209995747,8.591154291112087,4
P_playoff_A+D_1000ft_m1,d463e527,4767,351842.41209995747,8.591154291112087,4
P_playoff_A+D_700ft_m0,b0d42b0d,4971,2357787.9430848043,21.778626641078993,4
P_playoff_A+D_700ft_m1,b0d42b0d,4971,2357787.9430848043,21.778626641078993,4
P_playoff_A+D_1000ft_m0,b0d42b0d,4971,2357787.9430848043,21.778626641078993,4
P_playoff_A+D_1000ft_m1,b0d42b0d,4971,2357787.9430848043,21.778626641078993,4
P_playoff_A+D_700ft_m0,38991fd4,4798,136682.52353721968,5.33735847447401,4
P_playoff_A+D_700ft_m1,38991fd4,4798,136682.52353721968,5.33735847447401,4
P_playoff_A+D_1000ft_m0,38991fd4,4798,136682.52353721968,5.33735847447401,4
P_playoff_A+D_1000ft_m1,38991fd4,4798,136682.52353721968,5.33735847447401,4
P_playoff_A+D_700ft_m0,1b08ed48,5618,91980.85422947716,4.046297883589477,4
P_playoff_A+D_700ft_m1,1b08ed48,5618,787361.948899942,11.838490879530399,4
P_playoff_A+D_1000ft_m0,1b08ed48,5618,91980.85422947716,4.046297883589477,4
P_playoff_A+D_1000ft_m1,1b08ed48,5618,787361.948899942,11.838490879530399,4
P_playoff_A+D_700ft_m0,6d1d74e1,5830,823862.6549000067,11.887571200184345,4
P_playoff_A+D_700ft_m1,6d1d74e1,5830,823862.6549000067,11.887571200184345,4
P_playoff_A+D_1000ft_m0,6d1d74e1,5830,823862.6549000067,11.887571200184345,4
P_playoff_A+D_1000ft_m1,6d1d74e1,5830,823862.6549000067,11.887571200184345,4
P_playoff_A+D_700ft_m0,647f2a41,3881,166312.83899999794,6.546227092935274,4
P_playoff_A+D_700ft_m1,647f2a41,3881,166312.83899999794,6.546227092935274,4
P_playoff_A+D_1000ft_m0,647f2a41,3881,166312.83899999794,6.546227092935274,4
P_playoff_A+D_1000ft_m1,647f2a41,3881,166312.83899999794,6.546227092935274,4
P_playoff_A+D_700ft_m0,a85bb86f,3099,192132.77000000863,7.873900707960967,4
P_playoff_A+D_700ft_m1,a85bb86f,3099,192132.77000000863,7.873900707960967,4
P_playoff_A+D_1000ft_m0,a85bb86f,3099,192132.77000000863,7.873900707960967,4
P_playoff_A+D_1000ft_m1,a85bb86f,3099,192132.77000000863,7.873900707960967,4
P_playoff_A+D_700ft_m0,a612d5a0,5329,422331.44073465164,8.902333234134133,4
P_playoff_A+D_700ft_m1,a612d5a0,5329,422331.44073465164,8.902333234134133,4
P_playoff_A+D_1000ft_m0,a612d5a0,5329,422331.44073465164,8.902333234134133,4
P_playoff_A+D_1000ft_m1,a612d5a0,5329,422331.44073465164,8.902333234134133,4
P_playoff_A+D_700ft_m0,b7974e66,5558,20413.67999831737,1.9164671526807635,4
P_playoff_A+D_700ft_m1,b7974e66,5558,20413.67999831737,1.9164671526807635,4
P_playoff_A+D_1000ft_m0,b7974e66,5558,20413.67999831737,1.9164671526807635,4
P_playoff_A+D_1000ft_m1,b7974e66,5558,20413.67999831737,1.9164671526807635,4
P_playoff_A+D_700ft_m0,d6c320d9,5452,684629.6446000809,11.20598215508914,4
P_playoff_A+D_700ft_m1,d6c320d9,5452,684629.6446000809,11.20598215508914,4
P_playoff_A+D_1000ft_m0,d6c320d9,5452,684629.6446000809,11.20598215508914,4
P_playoff_A+D_1000ft_m1,d6c320d9,5452,684629.6446000809,11.20598215508914,4
P_playoff_A+D_700ft_m0,f03f10fe,4145,75649.37278834722,4.272090049005846,4
P_playoff_A+D_700ft_m1,f03f10fe,4145,75649.37278834722,4.272090049005846,4
P_playoff_A+D_1000ft_m0,f03f10fe,4145,75649.37278834722,4.272090049005846,4
P_playoff_A+D_1000ft_m1,f03f10fe,4145,75649.37278834722,4.272090049005846,4
P_playoff_A+D_700ft_m0,d011f41b,2267,15120.974347809117,2.5826415172836397,4
P_playoff_A+D_700ft_m1,d011f41b,2267,267460.44359999313,10.86185548345431,4
P_playoff_A+D_1000ft_m0,d011f41b,2267,15120.974347809117,2.5826415172836397,4
P_playoff_A+D_1000ft_m1,d011f41b,2267,267460.44359999313,10.86185548345431,4
P_playoff_A+D_700ft_m0,60e37807,2699,1176048.9453999007,20.874268055180604,4
P_playoff_A+D_700ft_m1,60e37807,2699,1176048.9453999007,20.874268055180604,4
P_playoff_A+D_1000ft_m0,60e37807,2699,1176048.9453999007,20.874268055180604,4
P_playoff_A+D_1000ft_m1,60e37807,2699,1176048.9453999007,20.874268055180604,4
P_playoff_A+D_700ft_m0,46dfcfca,3606,14444.833144374745,2.0014438177531995,4
P_playoff_A+D_700ft_m1,46dfcfca,3606,14444.833144374745,2.0014438177531995,4
P_playoff_A+D_1000ft_m0,46dfcfca,3606,14444.833144374745,2.0014438177531995,4
P_playoff_A+D_1000ft_m1,46dfcfca,3606,14444.833144374745,2.0014438177531995,4
P_playoff_A+D_700ft_m0,bc4381e2,4955,786452.3999000158,12.598370947658928,4
P_playoff_A+D_700ft_m1,bc4381e2,4955,786452.3999000158,12.598370947658928,4
P_playoff_A+D_1000ft_m0,bc4381e2,4955,786452.3999000158,12.598370947658928,4
P_playoff_A+D_1000ft_m1,bc4381e2,4955,786452.3999000158,12.598370947658928,4
P_playoff_A+D_700ft_m0,f8662c22,5429,1210868.2769072943,14.934425814141692,4
P_playoff_A+D_700ft_m1,f8662c22,5429,1210868.2769072943,14.934425814141692,4
P_playoff_A+D_1000ft_m0,f8662c22,5429,1210868.2769072943,14.934425814141692,4
P_playoff_A+D_1000ft_m1,f8662c22,5429,1210868.2769072943,14.934425814141692,4
P_playoff_A+D_700ft_m0,e14d641e,3184,148121.57840000375,6.820600870242808,4
P_playoff_A+D_700ft_m1,e14d641e,3184,148121.57840000375,6.820600870242808,4
P_playoff_A+D_1000ft_m0,e14d641e,3184,148121.57840000375,6.820600870242808,4
P_playoff_A+D_1000ft_m1,e14d641e,3184,148121.57840000375,6.820600870242808,4
P_playoff_A+D_700ft_m0,6e6d122c,5632,137117.3669799148,4.934179100764622,4
P_playoff_A+D_700ft_m1,6e6d122c,5632,137117.3669799148,4.934179100764622,4
P_playoff_A+D_1000ft_m0,6e6d122c,5632,137117.3669799148,4.934179100764622,4
P_playoff_A+D_1000ft_m1,6e6d122c,5632,137117.3669799148,4.934179100764622,4
P_playoff_A+D_700ft_m0,155887bb,5585,776774.3675998595,11.793313793912793,4
P_playoff_A+D_700ft_m1,155887bb,5585,776774.3675998595,11.793313793912793,4
P_playoff_A+D_1000ft_m0,155887bb,5585,776774.3675998595,11.793313793912793,4
P_playoff_A+D_1000ft_m1,155887bb,5585,776774.3675998595,11.793313793912793,4
P_playoff_A+D_700ft_m0,b3388334,6080,1231175.2810000242,14.23010661853958,4
P_playoff_A+D_700ft_m1,b3388334,6080,1231175.2810000242,14.23010661853958,4
P_playoff_A+D_1000ft_m0,b3388334,6080,1231175.2810000242,14.23010661853958,4
P_playoff_A+D_1000ft_m1,b3388334,6080,1231175.2810000242,14.23010661853958,4
P_playoff_A+D_700ft_m0,5a63b5d1,6217,2351724.1785002938,19.44924550712061,4
P_playoff_A+D_700ft_m1,5a63b5d1,6217,2351724.1785002938,19.44924550712061,4
P_playoff_A+D_1000ft_m0,5a63b5d1,6217,2351724.1785002938,19.44924550712061,4
P_playoff_A+D_1000ft_m1,5a63b5d1,6217,2351724.1785002938,19.44924550712061,4
P_playoff_A+D_700ft_m0,05a0ee4d,4348,1463224.9323999838,18.344706956532814,4
P_playoff_A+D_700ft_m1,05a0ee4d,4348,1463224.9323999838,18.344706956532814,4
P_playoff_A+D_1000ft_m0,05a0ee4d,4348,1463224.9323999838,18.344706956532814,4
P_playoff_A+D_1000ft_m1,05a0ee4d,4348,1463224.9323999838,18.344706956532814,4
P_playoff_A+D_700ft_m0,95b559e7,2887,265024.76490252936,9.581198482358072,4
P_playoff_A+D_700ft_m1,95b559e7,2887,1199494.5984999842,20.38335913388356,4
P_playoff_A+D_1000ft_m0,95b559e7,2887,265024.76490252936,9.581198482358072,4
P_playoff_A+D_1000ft_m1,95b559e7,2887,1199494.5984999842,20.38335913388356,4
P_playoff_A+D_700ft_m0,a85e4bc3,4581,425576.1229000222,9.638478456190704,4
P_playoff_A+D_700ft_m1,a85e4bc3,4581,425576.1229000222,9.638478456190704,4
P_playoff_A+D_1000ft_m0,a85e4bc3,4581,425576.1229000222,9.638478456190704,4
P_playoff_A+D_1000ft_m1,a85e4bc3,4581,425576.1229000222,9.638478456190704,4
P_playoff_A+D_700ft_m0,d0a43760,4041,383174.4536056164,9.73764299345368,4
P_playoff_A+D_700ft_m1,d0a43760,4041,383174.4536056164,9.73764299345368,4
P_playoff_A+D_1000ft_m0,d0a43760,4041,383174.4536056164,9.73764299345368,4
P_playoff_A+D_1000ft_m1,d0a43760,4041,383174.4536056164,9.73764299345368,4
P_playoff_A+D_700ft_m0,2ddad940,5331,311642.31150001974,7.645816438023014,4
P_playoff_A+D_700ft_m1,2ddad940,5331,311642.31150001974,7.645816438023014,4
P_playoff_A+D_1000ft_m0,2ddad940,5331,311642.31150001974,7.645816438023014,4
P_playoff_A+D_1000ft_m1,2ddad940,5331,311642.31150001974,7.645816438023014,4
P_playoff_A+D_700ft_m0,eb640a35,6037,1553725.6963365152,16.042667642303666,4
P_playoff_A+D_700ft_m1,eb640a35,6037,1553725.6963365152,16.042667642303666,4
P_playoff_A+D_1000ft_m0,eb640a35,6037,1553725.6963365152,16.042667642303666,4
P_playoff_A+D_1000ft_m1,eb640a35,6037,1553725.6963365152,16.042667642303666,4
P_playoff_A+D_700ft_m0,5f75f796,5562,243161.9639253308,6.611992144280342,4
P_playoff_A+D_700ft_m1,5f75f796,5562,243161.9639253308,6.611992144280342,4
P_playoff_A+D_1000ft_m0,5f75f796,5562,243161.9639253308,6.611992144280342,4
P_playoff_A+D_1000ft_m1,5f75f796,5562,243161.9639253308,6.611992144280342,4
P_playoff_A+D_700ft_m0,9ab94eeb,4442,586562.8582939934,11.491269303900532,4
P_playoff_A+D_700ft_m1,9ab94eeb,4442,299097.2501999702,8.205724523051869,4
P_playoff_A+D_1000ft_m0,9ab94eeb,4442,586562.8582939934,11.491269303900532,4
P_playoff_A+D_1000ft_m1,9ab94eeb,4442,299097.2501999702,8.205724523051869,4
P_playoff_A+D_700ft_m0,b04b58a3,3402,580138.9552000265,13.058667367524363,4
P_playoff_A+D_700ft_m1,b04b58a3,3402,580138.9552000265,13.058667367524363,4
P_playoff_A+D_1000ft_m0,b04b58a3,3402,580138.9552000265,13.058667367524363,4
P_playoff_A+D_1000ft_m1,b04b58a3,3402,580138.9552000265,13.058667367524363,4
P_playoff_A+D_700ft_m0,65a5466a,4683,552514.5230487073,10.86199929223608,4
P_playoff_A+D_700ft_m1,65a5466a,4683,552514.5230487073,10.86199929223608,4
P_playoff_A+D_1000ft_m0,65a5466a,4683,552514.5230487073,10.86199929223608,4
P_playoff_A+D_1000ft_m1,65a5466a,4683,552514.5230487073,10.86199929223608,4
P_playoff_A+D_700ft_m0,d0cb63ae,5223,584724.992660932,10.580734469895997,4
P_playoff_A+D_700ft_m1,d0cb63ae,5223,584724.992660932,10.580734469895997,4
P_playoff_A+D_1000ft_m0,d0cb63ae,5223,584724.992660932,10.580734469895997,4
P_playoff_A+D_1000ft_m1,d0cb63ae,5223,584724.992660932,10.580734469895997,4
P_playoff_A+D_700ft_m0,43b06c70,4846,547305.8927574222,10.627310195375758,4
P_playoff_A+D_700ft_m1,43b06c70,4846,547305.8927574222,10.627310195375758,4
P_playoff_A+D_1000ft_m0,43b06c70,4846,547305.8927574222,10.627310195375758,4
P_playoff_A+D_1000ft_m1,43b06c70,4846,547305.8927574222,10.627310195375758,4
P_playoff_A+D_700ft_m0,0e5e560d,3253,344702.18510000076,10.293900986020363,4
P_playoff_A+D_700ft_m1,0e5e560d,3253,344702.18510000076,10.293900986020363,4
P_playoff_A+D_1000ft_m0,0e5e560d,3253,344702.18510000076,10.293900986020363,4
P_playoff_A+D_1000ft_m1,0e5e560d,3253,344702.18510000076,10.293900986020363,4
P_playoff_A+D_700ft_m0,5f6756c5,5931,524889.7082881153,9.407409882429036,4
P_playoff_A+D_700ft_m1,5f6756c5,5931,524889.7082881153,9.407409882429036,4
P_playoff_A+D_1000ft_m0,5f6756c5,5931,524889.7082881153,9.407409882429036,4
P_playoff_A+D_1000ft_m1,5f6756c5,5931,524889.7082881153,9.407409882429036,4
P_playoff_A+D_700ft_m0,6d590e26,6096,232853.67698485107,6.180435393855349,4
P_playoff_A+D_700ft_m1,6d590e26,6096,232853.67698485107,6.180435393855349,4
P_playoff_A+D_1000ft_m0,6d590e26,6096,232853.67698485107,6.180435393855349,4
P_playoff_A+D_1000ft_m1,6d590e26,6096,232853.67698485107,6.180435393855349,4
P_playoff_A+D_700ft_m0,b881d27e,4009,97821.3660477309,4.939680204300782,4
P_playoff_A+D_700ft_m1,b881d27e,4009,97821.3660477309,4.939680204300782,4
P_playoff_A+D_1000ft_m0,b881d27e,4009,97821.3660477309,4.939680204300782,4
P_playoff_A+D_1000ft_m1,b881d27e,4009,97821.3660477309,4.939680204300782,4
P_playoff_A+D_700ft_m0,729e9750,5919,139843.96584017944,4.860687446560147,4
P_playoff_A+D_700ft_m1,729e9750,5919,139843.96584017944,4.860687446560147,4
P_playoff_A+D_1000ft_m0,729e9750,5919,139843.96584017944,4.860687446560147,4
P_playoff_A+D_1000ft_m1,729e9750,5919,139843.96584017944,4.860687446560147,4
P_playoff_A+D_700ft_m0,3c3dbcbc,5069,348655.98280000035,8.29349171896155,4
P_playoff_A+D_700ft_m1,3c3dbcbc,5069,348655.98280000035,8.29349171896155,4
P_playoff_A+D_1000ft_m0,3c3dbcbc,5069,348655.98280000035,8.29349171896155,4
P_playoff_A+D_1000ft_m1,3c3dbcbc,5069,348655.98280000035,8.29349171896155,4
P_playoff_A+D_700ft_m0,13ce113d,2966,728248.8299997346,15.669470619892207,4
P_playoff_A+D_700ft_m1,13ce113d,2966,728248.8299997346,15.669470619892207,4
P_playoff_A+D_1000ft_m0,13ce113d,2966,728248.8299997346,15.669470619892207,4
P_playoff_A+D_1000ft_m1,13ce113d,2966,728248.8299997346,15.669470619892207,4
P_playoff_A+D_700ft_m0,ad2133a8,5729,4519876.894999718,28.088198915386187,4
P_playoff_A+D_700ft_m1,ad2133a8,5729,4519876.894999718,28.088198915386187,4
P_playoff_A+D_1000ft_m0,ad2133a8,5729,4519876.894999718,28.088198915386187,4
P_playoff_A+D_1000ft_m1,ad2133a8,5729,4519876.894999718,28.088198915386187,4
P_playoff_A+D_700ft_m0,23b9beb0,7340,221983.63150000683,5.499363741994015,4
P_playoff_A+D_700ft_m1,23b9beb0,7340,221983.63150000683,5.499363741994015,4
P_playoff_A+D_1000ft_m0,23b9beb0,7340,221983.63150000683,5.499363741994015,4
P_playoff_A+D_1000ft_m1,23b9beb0,7340,221983.63150000683,5.499363741994015,4
P_playoff_A+D_700ft_m0,e737965a,5955,583298.5492999892,9.897022674368223,4
P_playoff_A+D_700ft_m1,e737965a,5955,583298.5492999892,9.897022674368223,4
P_playoff_A+D_1000ft_m0,e737965a,5955,583298.5492999892,9.897022674368223,4
P_playoff_A+D_1000ft_m1,e737965a,5955,583298.5492999892,9.897022674368223,4
P_playoff_A+D_700ft_m0,da2d4d7c,2114,27051.41570000387,3.5771941153487132,4
P_playoff_A+D_700ft_m1,da2d4d7c,2114,27051.41570000387,3.5771941153487132,4
P_playoff_A+D_1000ft_m0,da2d4d7c,2114,27051.41570000387,3.5771941153487132,4
P_playoff_A+D_1000ft_m1,da2d4d7c,2114,27051.41570000387,3.5771941153487132,4
P_playoff_A+D_700ft_m0,11d0f5ac,4883,2399865.8765999833,22.169205194123972,4
P_playoff_A+D_700ft_m1,11d0f5ac,4883,2399865.8765999833,22.169205194123972,4
P_playoff_A+D_1000ft_m0,11d0f5ac,4883,2399865.8765999833,22.169205194123972,4
P_playoff_A+D_1000ft_m1,11d0f5ac,4883,2399865.8765999833,22.169205194123972,4
P_playoff_A+D_700ft_m0,bb337fa0,6873,1959803.111533987,16.88624357593837,4
P_playoff_A+D_700ft_m1,bb337fa0,6873,3986549.2624000185,24.083821271230853,4
P_playoff_A+D_1000ft_m0,bb337fa0,6873,1959803.111533987,16.88624357593837,4
P_playoff_A+D_1000ft_m1,bb337fa0,6873,3986549.2624000185,24.083821271230853,4
P_playoff_A+D_700ft_m0,8050c789,3077,2362454.825095549,27.708818518487238,4
P_playoff_A+D_700ft_m1,8050c789,3077,2362454.825095549,27.708818518487238,4
P_playoff_A+D_1000ft_m0,8050c789,3077,2362454.825095549,27.708818518487238,4
P_playoff_A+D_1000ft_m1,8050c789,3077,2362454.825095549,27.708818518487238,4
P_playoff_A+D_700ft_m0,b32e4903,5770,198407.2874999912,5.863958705383137,4
P_playoff_A+D_700ft_m1,b32e4903,5770,198407.2874999912,5.863958705383137,4
P_playoff_A+D_1000ft_m0,b32e4903,5770,198407.2874999912,5.863958705383137,4
P_playoff_A+D_1000ft_m1,b32e4903,5770,198407.2874999912,5.863958705383137,4
P_playoff_A+D_700ft_m0,5aef5c6c,3121,372594.75460000837,10.926258823623487,4
P_playoff_A+D_700ft_m1,5aef5c6c,3121,372594.75460000837,10.926258823623487,4
P_playoff_A+D_1000ft_m0,5aef5c6c,3121,372594.75460000837,10.926258823623487,4
P_playoff_A+D_1000ft_m1,5aef5c6c,3121,372594.75460000837,10.926258823623487,4
P_playoff_A+D_700ft_m0,e25f1537,3177,537330.1391000081,13.005049007414012,4
P_playoff_A+D_700ft_m1,e25f1537,3177,537330.1391000081,13.005049007414012,4
P_playoff_A+D_1000ft_m0,e25f1537,3177,537330.1391000081,13.005049007414012,4
P_playoff_A+D_1000ft_m1,e25f1537,3177,537330.1391000081,13.005049007414012,4
P_playoff_A+D_700ft_m0,67847288,7429,192194.55488389227,5.086339683658561,4
P_playoff_A+D_700ft_m1,67847288,7429,192194.55488389227,5.086339683658561,4
P_playoff_A+D_1000ft_m0,67847288,7429,192194.55488389227,5.086339683658561,4
P_playoff_A+D_1000ft_m1,67847288,7429,192194.55488389227,5.086339683658561,4
P_playoff_A+D_700ft_m0,276b012a,4837,3548842.607399881,27.08665184488836,4
P_playoff_A+D_700ft_m1,276b012a,4837,3548842.607399881,27.08665184488836,4
P_playoff_A+D_1000ft_m0,276b012a,4837,3548842.607399881,27.08665184488836,4
P_playoff_A+D_1000ft_m1,276b012a,4837,3548842.607399881,27.08665184488836,4
P_playoff_A+D_700ft_m0,f9fc81aa,5598,417798.26050000085,8.639067487231838,4
P_playoff_A+D_700ft_m1,f9fc81aa,5598,417798.26050000085,8.639067487231838,4
P_playoff_A+D_1000ft_m0,f9fc81aa,5598,417798.26050000085,8.639067487231838,4
P_playoff_A+D_1000ft_m1,f9fc81aa,5598,417798.26050000085,8.639067487231838,4
P_playoff_A+D_700ft_m0,9719aa04,4871,243928.72190002454,7.07656345543121,4
P_playoff_A+D_700ft_m1,9719aa04,4871,243928.72190002454,7.07656345543121,4
P_playoff_A+D_1000ft_m0,9719aa04,4871,243928.72190002454,7.07656345543121,4
P_playoff_A+D_1000ft_m1,9719aa04,4871,243928.72190002454,7.07656345543121,4
P_playoff_A+D_700ft_m0,a622ce4d,6298,193132.20081914036,5.53765654548398,4
P_playoff_A+D_700ft_m1,a622ce4d,6298,193132.20081914036,5.53765654548398,4
P_playoff_A+D_1000ft_m0,a622ce4d,6298,193132.20081914036,5.53765654548398,4
P_playoff_A+D_1000ft_m1,a622ce4d,6298,193132.20081914036,5.53765654548398,4
P_playoff_A+D_700ft_m0,af7a59ce,3024,51207.55889998309,4.115059728297358,4
P_playoff_A+D_700ft_m1,af7a59ce,3024,51207.55889998309,4.115059728297358,4
P_playoff_A+D_1000ft_m0,af7a59ce,3024,51207.55889998309,4.115059728297358,4
P_playoff_A+D_1000ft_m1,af7a59ce,3024,51207.55889998309,4.115059728297358,4
P_playoff_A+D_700ft_m0,2ee0235b,5556,257132.67569996038,6.80295371229703,4
P_playoff_A+D_700ft_m1,2ee0235b,5556,257132.67569996038,6.80295371229703,4
P_playoff_A+D_1000ft_m0,2ee0235b,5556,257132.67569996038,6.80295371229703,4
P_playoff_A+D_1000ft_m1,2ee0235b,5556,257132.67569996038,6.80295371229703,4
P_playoff_A+D_700ft_m0,ec0d597b,4616,1248076.462700057,16.44325138720608,4
P_playoff_A+D_700ft_m1,ec0d597b,4616,1248076.462700057,16.44325138720608,4
P_playoff_A+D_1000ft_m0,ec0d597b,4616,1248076.462700057,16.44325138720608,4
P_playoff_A+D_1000ft_m1,ec0d597b,4616,1248076.462700057,16.44325138720608,4
P_playoff_A+D_700ft_m0,b8c49c1a,4319,231569.88644644438,7.322332389336221,4
P_playoff_A+D_700ft_m1,b8c49c1a,4319,231569.88644644438,7.322332389336221,4
P_playoff_A+D_1000ft_m0,b8c49c1a,4319,231569.88644644438,7.322332389336221,4
P_playoff_A+D_1000ft_m1,b8c49c1a,4319,231569.88644644438,7.322332389336221,4
P_playoff_A+D_700ft_m0,cd7f1687,4232,473102.780800032,10.573162838089827,4
P_playoff_A+D_700ft_m1,cd7f1687,4232,473102.780800032,10.573162838089827,4
P_playoff_A+D_1000ft_m0,cd7f1687,4232,473102.780800032,10.573162838089827,4
P_playoff_A+D_1000ft_m1,cd7f1687,4232,473102.780800032,10.573162838089827,4
P_playoff_A+D_700ft_m0,d9ae59b2,3648,277925.0052904845,8.72843528878993,4
P_playoff_A+D_700ft_m1,d9ae59b2,3648,92925.59269999829,5.0470807715641435,4
P_playoff_A+D_1000ft_m0,d9ae59b2,3648,277925.0052904845,8.72843528878993,4
P_playoff_A+D_1000ft_m1,d9ae59b2,3648,92925.59269999829,5.0470807715641435,4
