model,well,bucket_kft,sse,n
F_grdp_G_a_v0.02_s0.5,fc0d20b2,0,601.529169305579,999
F_grdp_G_a_v0.02_s0.5,fc0d20b2,1,1608.8006502763083,1000
F_grdp_G_a_v0.02_s0.5,fc0d20b2,2,29714.27414338632,1000
F_grdp_G_a_v0.02_s0.5,fc0d20b2,3,125738.59561612843,955
F_grdp_G_a_v0.02_s0.5,be35c8f2,0,323249.28104437416,999
F_grdp_G_a_v0.02_s0.5,be35c8f2,1,492024.37107059074,1000
F_grdp_G_a_v0.02_s0.5,be35c8f2,2,201493.4936628024,1000
F_grdp_G_a_v0.02_s0.5,be35c8f2,3,5780.735923367934,1000
F_grdp_G_a_v0.02_s0.5,be35c8f2,4,545.0333234408423,227
F_grdp_G_a_v0.02_s0.5,90386ee4,0,374.8252578348567,999
F_grdp_G_a_v0.02_s0.5,90386ee4,1,40317.26171994675,1000
F_grdp_G_a_v0.02_s0.5,90386ee4,2,15807.480699725345,1000
F_grdp_G_a_v0.02_s0.5,90386ee4,3,31517.594289293003,841
F_grdp_G_a_v0.02_s0.5,4b831d20,0,211211.90765233716,999
F_grdp_G_a_v0.02_s0.5,4b831d20,1,101251.04759052886,1000
F_grdp_G_a_v0.02_s0.5,4b831d20,2,32449.07678881649,1000
F_grdp_G_a_v0.02_s0.5,4b831d20,3,26986.667058545845,1000
F_grdp_G_a_v0.02_s0.5,4b831d20,4,56346.30279646968,1000
F_grdp_G_a_v0.02_s0.5,4b831d20,5,84916.69276466515,1000
F_grdp_G_a_v0.02_s0.5,4b831d20,6,290466.485165194,1000
F_grdp_G_a_v0.02_s0.5,4b831d20,7,33199.66712298779,313
F_grdp_G_a_v0.02_s0.5,fd8f77fa,0,297819.2408000096,999
F_grdp_G_a_v0.02_s0.5,fd8f77fa,1,271011.6668000097,1000
F_grdp_G_a_v0.02_s0.5,fd8f77fa,2,1013065.0472000154,1000
F_grdp_G_a_v0.02_s0.5,fd8f77fa,3,1470359.0015000235,1000
F_grdp_G_a_v0.02_s0.5,fd8f77fa,4,769006.4282000156,1000
F_grdp_G_a_v0.02_s0.5,fd8f77fa,5,46477.93030000187,273
F_grdp_G_a_v0.02_s0.5,cc08aa63,0,20347.478689804488,999
F_grdp_G_a_v0.02_s0.5,cc08aa63,1,280619.6395554145,1000
F_grdp_G_a_v0.02_s0.5,cc08aa63,2,268911.1722304649,1000
F_grdp_G_a_v0.02_s0.5,cc08aa63,3,74878.7321134541,275
F_grdp_G_a_v0.02_s0.5,dc7da28f,0,12304.586427968005,999
F_grdp_G_a_v0.02_s0.5,dc7da28f,1,8178.647914927533,1000
F_grdp_G_a_v0.02_s0.5,dc7da28f,2,39091.20209634271,1000
F_grdp_G_a_v0.02_s0.5,dc7da28f,3,167406.82987311078,1000
F_grdp_G_a_v0.02_s0.5,dc7da28f,4,140674.71047347196,775
F_grdp_G_a_v0.02_s0.5,7cd4bb31,0,50510.81195039232,999
F_grdp_G_a_v0.02_s0.5,7cd4bb31,1,76313.61989016582,1000
F_grdp_G_a_v0.02_s0.5,7cd4bb31,2,57763.37145680244,1000
F_grdp_G_a_v0.02_s0.5,7cd4bb31,3,16357.523619482401,1000
F_grdp_G_a_v0.02_s0.5,7cd4bb31,4,5532.522382292809,1000
F_grdp_G_a_v0.02_s0.5,7cd4bb31,5,16463.226622309052,1000
F_grdp_G_a_v0.02_s0.5,7cd4bb31,6,12972.64764840116,440
F_grdp_G_a_v0.02_s0.5,cdc60a53,0,70456.62824141441,999
F_grdp_G_a_v0.02_s0.5,cdc60a53,1,66674.3804105084,1000
F_grdp_G_a_v0.02_s0.5,cdc60a53,2,5217.78993219845,1000
F_grdp_G_a_v0.02_s0.5,cdc60a53,3,10961.219958651056,1000
F_grdp_G_a_v0.02_s0.5,cdc60a53,4,4338.588933729753,1000
F_grdp_G_a_v0.02_s0.5,cdc60a53,5,7378.666744232342,879
F_grdp_G_a_v0.02_s0.5,f631da6e,0,2159.926389661366,999
F_grdp_G_a_v0.02_s0.5,f631da6e,1,24617.06742553865,1000
F_grdp_G_a_v0.02_s0.5,f631da6e,2,45161.948310330255,1000
F_grdp_G_a_v0.02_s0.5,f631da6e,3,29582.231151923483,1000
F_grdp_G_a_v0.02_s0.5,f631da6e,4,5972.591867312434,94
F_grdp_G_a_v0.02_s0.5,4ddde4c1,0,15144.230338869278,999
F_grdp_G_a_v0.02_s0.5,4ddde4c1,1,43932.92013337157,1000
F_grdp_G_a_v0.02_s0.5,4ddde4c1,2,24673.084651616366,1000
F_grdp_G_a_v0.02_s0.5,4ddde4c1,3,15346.761649893244,1000
F_grdp_G_a_v0.02_s0.5,4ddde4c1,4,2868.4384932109115,473
F_grdp_G_a_v0.02_s0.5,82fcf37c,0,2949.972789153896,999
F_grdp_G_a_v0.02_s0.5,82fcf37c,1,6803.744147017813,1000
F_grdp_G_a_v0.02_s0.5,82fcf37c,2,13609.433916399745,1000
F_grdp_G_a_v0.02_s0.5,82fcf37c,3,2622.4407537466973,1000
F_grdp_G_a_v0.02_s0.5,82fcf37c,4,14214.833843812712,1000
F_grdp_G_a_v0.02_s0.5,82fcf37c,5,5991.570031728471,1000
F_grdp_G_a_v0.02_s0.5,82fcf37c,6,3.994723683657377,15
F_grdp_G_a_v0.02_s0.5,8a9c8932,0,1989.2954356263542,999
F_grdp_G_a_v0.02_s0.5,8a9c8932,1,1709.3964819464286,1000
F_grdp_G_a_v0.02_s0.5,8a9c8932,2,8700.566339041769,1000
F_grdp_G_a_v0.02_s0.5,8a9c8932,3,23119.72010983222,1000
F_grdp_G_a_v0.02_s0.5,8a9c8932,4,48373.63301856468,664
F_grdp_G_a_v0.02_s0.5,6ae68655,0,32541.303138273288,999
F_grdp_G_a_v0.02_s0.5,6ae68655,1,13997.630184630727,1000
F_grdp_G_a_v0.02_s0.5,6ae68655,2,8158.932144777621,1000
F_grdp_G_a_v0.02_s0.5,6ae68655,3,27097.21161638295,1000
F_grdp_G_a_v0.02_s0.5,6ae68655,4,28121.700674780564,205
F_grdp_G_a_v0.02_s0.5,2d9f6cb9,0,3169.8289977738827,999
F_grdp_G_a_v0.02_s0.5,2d9f6cb9,1,38084.827407757206,1000
F_grdp_G_a_v0.02_s0.5,2d9f6cb9,2,42340.59616965677,1000
F_grdp_G_a_v0.02_s0.5,2d9f6cb9,3,16714.89001380425,1000
F_grdp_G_a_v0.02_s0.5,2d9f6cb9,4,29508.722546582696,1000
F_grdp_G_a_v0.02_s0.5,2d9f6cb9,5,30488.453437342545,1000
F_grdp_G_a_v0.02_s0.5,2d9f6cb9,6,60394.27440137242,1000
F_grdp_G_a_v0.02_s0.5,2d9f6cb9,7,43538.3685571943,339
F_grdp_G_a_v0.02_s0.5,97cd5bf9,0,7870.641909147052,999
F_grdp_G_a_v0.02_s0.5,97cd5bf9,1,2934.156266273491,1000
F_grdp_G_a_v0.02_s0.5,97cd5bf9,2,41424.063853998865,1000
F_grdp_G_a_v0.02_s0.5,97cd5bf9,3,45693.92637084986,450
F_grdp_G_a_v0.02_s0.5,204cc64b,0,41213.15390469646,999
F_grdp_G_a_v0.02_s0.5,204cc64b,1,12432.608436383607,1000
F_grdp_G_a_v0.02_s0.5,204cc64b,2,115313.24629041605,1000
F_grdp_G_a_v0.02_s0.5,204cc64b,3,162758.93239129728,1000
F_grdp_G_a_v0.02_s0.5,204cc64b,4,12939.826625516962,806
F_grdp_G_a_v0.02_s0.5,b1efb8a4,0,2739.3007871917384,999
F_grdp_G_a_v0.02_s0.5,b1efb8a4,1,2101.349226163786,1000
F_grdp_G_a_v0.02_s0.5,b1efb8a4,2,1803.1217289057147,1000
F_grdp_G_a_v0.02_s0.5,b1efb8a4,3,41586.47854477608,1000
F_grdp_G_a_v0.02_s0.5,b1efb8a4,4,26895.610121887315,1000
F_grdp_G_a_v0.02_s0.5,b1efb8a4,5,16753.43964444214,999
F_grdp_G_a_v0.02_s0.5,d63196fe,0,79928.0922172234,999
F_grdp_G_a_v0.02_s0.5,d63196fe,1,321745.89737677254,1000
F_grdp_G_a_v0.02_s0.5,d63196fe,2,344821.1652074119,1000
F_grdp_G_a_v0.02_s0.5,d63196fe,3,294005.578971159,1000
F_grdp_G_a_v0.02_s0.5,d63196fe,4,141007.15201608223,511
F_grdp_G_a_v0.02_s0.5,1d3fbf02,0,51606.73298577661,999
F_grdp_G_a_v0.02_s0.5,1d3fbf02,1,97132.3200731913,1000
F_grdp_G_a_v0.02_s0.5,1d3fbf02,2,25655.734294865917,695
F_grdp_G_a_v0.02_s0.5,ae35f33a,0,7163.352577143912,999
F_grdp_G_a_v0.02_s0.5,ae35f33a,1,30753.40724086134,1000
F_grdp_G_a_v0.02_s0.5,ae35f33a,2,62367.10733203205,1000
F_grdp_G_a_v0.02_s0.5,ae35f33a,3,171202.92341954276,1000
F_grdp_G_a_v0.02_s0.5,ae35f33a,4,39166.644805503325,451
F_grdp_G_a_v0.02_s0.5,3b21ea64,0,1347.8707472098947,999
F_grdp_G_a_v0.02_s0.5,3b21ea64,1,5424.359753883345,1000
F_grdp_G_a_v0.02_s0.5,3b21ea64,2,115797.76262503359,1000
F_grdp_G_a_v0.02_s0.5,3b21ea64,3,40544.95738318081,1000
F_grdp_G_a_v0.02_s0.5,3b21ea64,4,59490.49795032083,1000
F_grdp_G_a_v0.02_s0.5,3b21ea64,5,37065.35692057698,1000
F_grdp_G_a_v0.02_s0.5,3b21ea64,6,239940.89912420182,1000
F_grdp_G_a_v0.02_s0.5,3b21ea64,7,207188.800988936,377
F_grdp_G_a_v0.02_s0.5,9bd2bba3,0,124347.47120977406,999
F_grdp_G_a_v0.02_s0.5,9bd2bba3,1,93006.52106763571,1000
F_grdp_G_a_v0.02_s0.5,9bd2bba3,2,15092.787727210369,1000
F_grdp_G_a_v0.02_s0.5,9bd2bba3,3,45342.82900773988,1000
F_grdp_G_a_v0.02_s0.5,9bd2bba3,4,49856.31936374891,1000
F_grdp_G_a_v0.02_s0.5,9bd2bba3,5,13588.903032593313,1000
F_grdp_G_a_v0.02_s0.5,9bd2bba3,6,893.8222119280792,1000
F_grdp_G_a_v0.02_s0.5,9bd2bba3,7,8978.72525508688,440
F_grdp_G_a_v0.02_s0.5,df71d1ff,0,32627.743034861447,999
F_grdp_G_a_v0.02_s0.5,df71d1ff,1,13790.589037302747,1000
F_grdp_G_a_v0.02_s0.5,df71d1ff,2,70441.94475920283,1000
F_grdp_G_a_v0.02_s0.5,df71d1ff,3,171054.53109691775,1000
F_grdp_G_a_v0.02_s0.5,df71d1ff,4,514007.0458366034,1000
F_grdp_G_a_v0.02_s0.5,df71d1ff,5,153190.52068707746,1000
F_grdp_G_a_v0.02_s0.5,df71d1ff,6,19624.528194169266,229
F_grdp_G_a_v0.02_s0.5,4c2208f5,0,506781.61959429993,999
F_grdp_G_a_v0.02_s0.5,4c2208f5,1,2625844.9646323356,1000
F_grdp_G_a_v0.02_s0.5,4c2208f5,2,1141236.353002122,1000
F_grdp_G_a_v0.02_s0.5,4c2208f5,3,1546394.5547097395,1000
F_grdp_G_a_v0.02_s0.5,4c2208f5,4,1326566.6430647606,1000
F_grdp_G_a_v0.02_s0.5,4c2208f5,5,74949.41251120302,385
F_grdp_G_a_v0.02_s0.5,230eaaa3,0,65437.31477105288,999
F_grdp_G_a_v0.02_s0.5,230eaaa3,1,48875.42116473035,1000
F_grdp_G_a_v0.02_s0.5,230eaaa3,2,10174.604050781343,1000
F_grdp_G_a_v0.02_s0.5,230eaaa3,3,80777.23410679588,1000
F_grdp_G_a_v0.02_s0.5,230eaaa3,4,39806.31788591488,691
F_grdp_G_a_v0.02_s0.5,02e7fe5a,0,12831.139549332813,999
F_grdp_G_a_v0.02_s0.5,02e7fe5a,1,15009.168091141237,1000
F_grdp_G_a_v0.02_s0.5,02e7fe5a,2,32306.97834177849,1000
F_grdp_G_a_v0.02_s0.5,02e7fe5a,3,9766.093978764067,1000
F_grdp_G_a_v0.02_s0.5,02e7fe5a,4,10941.082149836458,1000
F_grdp_G_a_v0.02_s0.5,02e7fe5a,5,5893.983929316292,109
F_grdp_G_a_v0.02_s0.5,e9949a23,0,28762.720969401737,999
F_grdp_G_a_v0.02_s0.5,e9949a23,1,52820.67386977544,1000
F_grdp_G_a_v0.02_s0.5,e9949a23,2,174770.59299098112,1000
F_grdp_G_a_v0.02_s0.5,e9949a23,3,150056.4932569605,1000
F_grdp_G_a_v0.02_s0.5,e9949a23,4,8702.997968508713,560
F_grdp_G_a_v0.02_s0.5,9af1ffd0,0,548.9368591227527,999
F_grdp_G_a_v0.02_s0.5,9af1ffd0,1,5241.829443127105,1000
F_grdp_G_a_v0.02_s0.5,9af1ffd0,2,365933.7568058552,1000
F_grdp_G_a_v0.02_s0.5,9af1ffd0,3,335143.8585650779,526
F_grdp_G_a_v0.02_s0.5,2d0c268a,0,27426.37098229811,999
F_grdp_G_a_v0.02_s0.5,2d0c268a,1,338210.7654524492,1000
F_grdp_G_a_v0.02_s0.5,2d0c268a,2,121026.14139701352,1000
F_grdp_G_a_v0.02_s0.5,2d0c268a,3,93943.08213639478,1000
F_grdp_G_a_v0.02_s0.5,2d0c268a,4,155226.69348464356,551
F_grdp_G_a_v0.02_s0.5,14a53cb3,0,14808.763526279005,999
F_grdp_G_a_v0.02_s0.5,14a53cb3,1,126903.46029422028,1000
F_grdp_G_a_v0.02_s0.5,14a53cb3,2,60046.378155964325,1000
F_grdp_G_a_v0.02_s0.5,14a53cb3,3,73009.54051635638,1000
F_grdp_G_a_v0.02_s0.5,14a53cb3,4,102159.24910267523,1000
F_grdp_G_a_v0.02_s0.5,14a53cb3,5,71649.45616080573,1000
F_grdp_G_a_v0.02_s0.5,14a53cb3,6,115448.08256910987,920
F_grdp_G_a_v0.02_s0.5,3e011332,0,42937.31184966098,999
F_grdp_G_a_v0.02_s0.5,3e011332,1,141807.0256239031,1000
F_grdp_G_a_v0.02_s0.5,3e011332,2,109982.84716763835,724
F_grdp_G_a_v0.02_s0.5,4f69febf,0,12956.017963840199,999
F_grdp_G_a_v0.02_s0.5,4f69febf,1,23642.157390265653,1000
F_grdp_G_a_v0.02_s0.5,4f69febf,2,28775.473547224206,1000
F_grdp_G_a_v0.02_s0.5,4f69febf,3,36678.31609125003,1000
F_grdp_G_a_v0.02_s0.5,4f69febf,4,148484.75381587588,1000
F_grdp_G_a_v0.02_s0.5,4f69febf,5,163472.86413050033,461
F_grdp_G_a_v0.02_s0.5,03a935ae,0,254613.98619571124,999
F_grdp_G_a_v0.02_s0.5,03a935ae,1,235928.09339561756,1000
F_grdp_G_a_v0.02_s0.5,03a935ae,2,903317.7464493433,787
F_grdp_G_a_v0.02_s0.5,93209a3d,0,177636.72845575117,999
F_grdp_G_a_v0.02_s0.5,93209a3d,1,199177.58763809025,1000
F_grdp_G_a_v0.02_s0.5,93209a3d,2,166338.01574591015,1000
F_grdp_G_a_v0.02_s0.5,93209a3d,3,405772.47719748406,1000
F_grdp_G_a_v0.02_s0.5,93209a3d,4,204842.9025315076,698
F_grdp_G_a_v0.02_s0.5,c99f9fae,0,10940.822753504268,999
F_grdp_G_a_v0.02_s0.5,c99f9fae,1,14822.980641598744,1000
F_grdp_G_a_v0.02_s0.5,c99f9fae,2,1303.0564753779379,1000
F_grdp_G_a_v0.02_s0.5,c99f9fae,3,99698.67830159461,1000
F_grdp_G_a_v0.02_s0.5,c99f9fae,4,26917.966371353607,1000
F_grdp_G_a_v0.02_s0.5,c99f9fae,5,95664.7866248878,1000
F_grdp_G_a_v0.02_s0.5,c99f9fae,6,19082.343533899362,362
F_grdp_G_a_v0.02_s0.5,8ac2f237,0,2250.1130274729144,999
F_grdp_G_a_v0.02_s0.5,8ac2f237,1,4378.383874607116,1000
F_grdp_G_a_v0.02_s0.5,8ac2f237,2,8705.15253680615,1000
F_grdp_G_a_v0.02_s0.5,8ac2f237,3,88438.92646926042,1000
F_grdp_G_a_v0.02_s0.5,8ac2f237,4,255228.1324599833,1000
F_grdp_G_a_v0.02_s0.5,8ac2f237,5,136472.01986307296,320
F_grdp_G_a_v0.02_s0.5,10be2420,0,1289.4012307132193,999
F_grdp_G_a_v0.02_s0.5,10be2420,1,5432.898851782084,1000
F_grdp_G_a_v0.02_s0.5,10be2420,2,967.5516402060189,1000
F_grdp_G_a_v0.02_s0.5,10be2420,3,323.1843692570928,272
F_grdp_G_a_v0.02_s0.5,0c1b160c,0,24766.1911372362,999
F_grdp_G_a_v0.02_s0.5,0c1b160c,1,42400.27411952714,1000
F_grdp_G_a_v0.02_s0.5,0c1b160c,2,16050.673593989526,1000
F_grdp_G_a_v0.02_s0.5,0c1b160c,3,93115.85786116122,1000
F_grdp_G_a_v0.02_s0.5,0c1b160c,4,186779.13172405527,1000
F_grdp_G_a_v0.02_s0.5,0c1b160c,5,10177.505689412994,55
F_grdp_G_a_v0.02_s0.5,153552f5,0,4323.522663250752,999
F_grdp_G_a_v0.02_s0.5,153552f5,1,967.6573781947088,1000
F_grdp_G_a_v0.02_s0.5,153552f5,2,8182.5139293225,1000
F_grdp_G_a_v0.02_s0.5,153552f5,3,82093.30296212135,1000
F_grdp_G_a_v0.02_s0.5,153552f5,4,117979.5569106483,696
F_grdp_G_a_v0.02_s0.5,684a6fc1,0,29197.61364551726,999
F_grdp_G_a_v0.02_s0.5,684a6fc1,1,40471.60484381756,1000
F_grdp_G_a_v0.02_s0.5,684a6fc1,2,53241.565891337625,1000
F_grdp_G_a_v0.02_s0.5,684a6fc1,3,4349.46559166386,1000
F_grdp_G_a_v0.02_s0.5,684a6fc1,4,840.6800853303043,1000
F_grdp_G_a_v0.02_s0.5,684a6fc1,5,5608.170495606826,1000
F_grdp_G_a_v0.02_s0.5,684a6fc1,6,32314.76278758808,1000
F_grdp_G_a_v0.02_s0.5,684a6fc1,7,384351.4863359488,1000
F_grdp_G_a_v0.02_s0.5,684a6fc1,8,602935.8606653986,1000
F_grdp_G_a_v0.02_s0.5,684a6fc1,9,124709.00831335718,819
F_grdp_G_a_v0.02_s0.5,9c350a6a,0,11522.461099003553,999
F_grdp_G_a_v0.02_s0.5,9c350a6a,1,42812.60148136942,1000
F_grdp_G_a_v0.02_s0.5,9c350a6a,2,177458.8069138666,1000
F_grdp_G_a_v0.02_s0.5,9c350a6a,3,236431.1710577844,1000
F_grdp_G_a_v0.02_s0.5,9c350a6a,4,825230.5783971216,1000
F_grdp_G_a_v0.02_s0.5,9c350a6a,5,500132.2785559954,1000
F_grdp_G_a_v0.02_s0.5,9c350a6a,6,283.24445461428746,53
F_grdp_G_a_v0.02_s0.5,729f4217,0,4575.297591981396,999
F_grdp_G_a_v0.02_s0.5,729f4217,1,15138.575517188568,1000
F_grdp_G_a_v0.02_s0.5,729f4217,2,11912.286771985922,1000
F_grdp_G_a_v0.02_s0.5,729f4217,3,6236.982804191601,1000
F_grdp_G_a_v0.02_s0.5,729f4217,4,6299.544832419092,1000
F_grdp_G_a_v0.02_s0.5,729f4217,5,13789.008642211507,1000
F_grdp_G_a_v0.02_s0.5,729f4217,6,17798.6352388581,196
F_grdp_G_a_v0.02_s0.5,261785ee,0,176380.00930689648,999
F_grdp_G_a_v0.02_s0.5,261785ee,1,797285.8747112125,1000
F_grdp_G_a_v0.02_s0.5,261785ee,2,878705.3048311188,1000
F_grdp_G_a_v0.02_s0.5,261785ee,3,49533.92144647118,647
F_grdp_G_a_v0.02_s0.5,c6b782a4,0,32248.622307335107,999
F_grdp_G_a_v0.02_s0.5,c6b782a4,1,26234.996603166484,1000
F_grdp_G_a_v0.02_s0.5,c6b782a4,2,85138.17898292631,1000
F_grdp_G_a_v0.02_s0.5,c6b782a4,3,143995.69014112483,1000
F_grdp_G_a_v0.02_s0.5,c6b782a4,4,11735.690218328262,878
F_grdp_G_a_v0.02_s0.5,fb03ae90,0,476921.3786891603,999
F_grdp_G_a_v0.02_s0.5,fb03ae90,1,1858301.4582420525,1000
F_grdp_G_a_v0.02_s0.5,fb03ae90,2,2245288.24880815,1000
F_grdp_G_a_v0.02_s0.5,fb03ae90,3,2346970.6930539515,1000
F_grdp_G_a_v0.02_s0.5,fb03ae90,4,2395061.0066052754,1000
F_grdp_G_a_v0.02_s0.5,fb03ae90,5,2133218.717410294,1000
F_grdp_G_a_v0.02_s0.5,fb03ae90,6,667358.5684023617,432
F_grdp_G_a_v0.02_s0.5,201661b5,0,178751.46010458397,999
F_grdp_G_a_v0.02_s0.5,201661b5,1,46527.88439165868,1000
F_grdp_G_a_v0.02_s0.5,201661b5,2,141874.65655121038,1000
F_grdp_G_a_v0.02_s0.5,201661b5,3,168851.20852064682,1000
F_grdp_G_a_v0.02_s0.5,201661b5,4,208450.02747137603,1000
F_grdp_G_a_v0.02_s0.5,201661b5,5,397954.3861730023,956
F_grdp_G_a_v0.02_s0.5,a0383629,0,4516.373669303256,999
F_grdp_G_a_v0.02_s0.5,a0383629,1,20895.19926021401,1000
F_grdp_G_a_v0.02_s0.5,a0383629,2,41562.60915309852,1000
F_grdp_G_a_v0.02_s0.5,a0383629,3,18020.32982167387,1000
F_grdp_G_a_v0.02_s0.5,a0383629,4,14091.463209485431,1000
F_grdp_G_a_v0.02_s0.5,a0383629,5,72583.17030809853,833
F_grdp_G_a_v0.02_s0.5,3a223519,0,4932.620934734659,999
F_grdp_G_a_v0.02_s0.5,3a223519,1,11546.691798366337,1000
F_grdp_G_a_v0.02_s0.5,3a223519,2,5317.7021645155155,1000
F_grdp_G_a_v0.02_s0.5,3a223519,3,885.8657453914943,1000
F_grdp_G_a_v0.02_s0.5,3a223519,4,345.86023091176816,584
F_grdp_G_a_v0.02_s0.5,3407f5bf,0,26503.447156824222,999
F_grdp_G_a_v0.02_s0.5,3407f5bf,1,34493.42361229457,1000
F_grdp_G_a_v0.02_s0.5,3407f5bf,2,133224.1514448241,1000
F_grdp_G_a_v0.02_s0.5,3407f5bf,3,353559.28483503364,639
F_grdp_G_a_v0.02_s0.5,493b5b31,0,194975.40822931635,999
F_grdp_G_a_v0.02_s0.5,493b5b31,1,49697.31191488361,1000
F_grdp_G_a_v0.02_s0.5,493b5b31,2,106274.64019422987,1000
F_grdp_G_a_v0.02_s0.5,493b5b31,3,47683.63189260933,1000
F_grdp_G_a_v0.02_s0.5,493b5b31,4,24391.09478325036,672
F_grdp_G_a_v0.02_s0.5,939d9c34,0,33288.38119999167,999
F_grdp_G_a_v0.02_s0.5,939d9c34,1,38362.67460000713,1000
F_grdp_G_a_v0.02_s0.5,939d9c34,2,49020.96240000226,1000
F_grdp_G_a_v0.02_s0.5,939d9c34,3,661278.830199959,1000
F_grdp_G_a_v0.02_s0.5,939d9c34,4,540160.360899978,1000
F_grdp_G_a_v0.02_s0.5,939d9c34,5,74693.70610000445,102
F_grdp_G_a_v0.02_s0.5,6767c111,0,448064.12290124176,999
F_grdp_G_a_v0.02_s0.5,6767c111,1,177025.08038519154,1000
F_grdp_G_a_v0.02_s0.5,6767c111,2,105368.22776192105,1000
F_grdp_G_a_v0.02_s0.5,6767c111,3,91021.46391060899,1000
F_grdp_G_a_v0.02_s0.5,6767c111,4,76154.03516441023,1000
F_grdp_G_a_v0.02_s0.5,6767c111,5,42528.74982778106,1000
F_grdp_G_a_v0.02_s0.5,6767c111,6,150109.5576579909,784
F_grdp_G_a_v0.02_s0.5,e5c92e59,0,2439.1256541365487,999
F_grdp_G_a_v0.02_s0.5,e5c92e59,1,28714.064318627876,1000
F_grdp_G_a_v0.02_s0.5,e5c92e59,2,10636.744204605931,1000
F_grdp_G_a_v0.02_s0.5,e5c92e59,3,27411.434255472166,1000
F_grdp_G_a_v0.02_s0.5,e5c92e59,4,6007.395245331142,296
F_grdp_G_a_v0.02_s0.5,fb0904bd,0,1680.5713868017385,999
F_grdp_G_a_v0.02_s0.5,fb0904bd,1,36206.09338343732,1000
F_grdp_G_a_v0.02_s0.5,fb0904bd,2,14356.958079266773,1000
F_grdp_G_a_v0.02_s0.5,fb0904bd,3,91.23342799998639,182
F_grdp_G_a_v0.02_s0.5,0d99f8e4,0,11836.864339766205,999
F_grdp_G_a_v0.02_s0.5,0d99f8e4,1,6290.220525205311,1000
F_grdp_G_a_v0.02_s0.5,0d99f8e4,2,6964.99603811887,1000
F_grdp_G_a_v0.02_s0.5,0d99f8e4,3,3976.777819119589,1000
F_grdp_G_a_v0.02_s0.5,0d99f8e4,4,46304.71224459415,1000
F_grdp_G_a_v0.02_s0.5,0d99f8e4,5,137402.52284776935,824
F_grdp_G_a_v0.02_s0.5,df73b8f3,0,201754.72781083966,999
F_grdp_G_a_v0.02_s0.5,df73b8f3,1,238909.8007653492,1000
F_grdp_G_a_v0.02_s0.5,df73b8f3,2,8847.893151107704,1000
F_grdp_G_a_v0.02_s0.5,df73b8f3,3,39314.526174381885,1000
F_grdp_G_a_v0.02_s0.5,df73b8f3,4,454078.66978143237,1000
F_grdp_G_a_v0.02_s0.5,df73b8f3,5,332450.35137798666,312
F_grdp_G_a_v0.02_s0.5,27ebb9b9,0,20170.103784160397,999
F_grdp_G_a_v0.02_s0.5,27ebb9b9,1,40847.21231398057,1000
F_grdp_G_a_v0.02_s0.5,27ebb9b9,2,8511.051949377934,1000
F_grdp_G_a_v0.02_s0.5,27ebb9b9,3,65346.83593772587,1000
F_grdp_G_a_v0.02_s0.5,27ebb9b9,4,97991.68848971084,1000
F_grdp_G_a_v0.02_s0.5,27ebb9b9,5,26835.39803496231,767
F_grdp_G_a_v0.02_s0.5,2075c696,0,30389.767661853657,999
F_grdp_G_a_v0.02_s0.5,2075c696,1,224361.50343920157,1000
F_grdp_G_a_v0.02_s0.5,2075c696,2,357540.6052358499,1000
F_grdp_G_a_v0.02_s0.5,2075c696,3,40805.04610790357,189
F_grdp_G_a_v0.02_s0.5,a8ed028a,0,288421.06800029,999
F_grdp_G_a_v0.02_s0.5,a8ed028a,1,1448305.0312814214,1000
F_grdp_G_a_v0.02_s0.5,a8ed028a,2,278083.4134211829,1000
F_grdp_G_a_v0.02_s0.5,a8ed028a,3,606325.3338932568,1000
F_grdp_G_a_v0.02_s0.5,a8ed028a,4,505958.56979558105,1000
F_grdp_G_a_v0.02_s0.5,a8ed028a,5,42342.1836562998,539
F_grdp_G_a_v0.02_s0.5,6ea22614,0,11203.732531997153,999
F_grdp_G_a_v0.02_s0.5,6ea22614,1,19159.027015020783,1000
F_grdp_G_a_v0.02_s0.5,6ea22614,2,146749.71088976722,1000
F_grdp_G_a_v0.02_s0.5,6ea22614,3,52276.25083464805,1000
F_grdp_G_a_v0.02_s0.5,6ea22614,4,24632.026327484527,1000
F_grdp_G_a_v0.02_s0.5,6ea22614,5,31786.57174670177,972
F_grdp_G_a_v0.02_s0.5,df8290be,0,36685.34266217858,999
F_grdp_G_a_v0.02_s0.5,df8290be,1,11269.858763518589,1000
F_grdp_G_a_v0.02_s0.5,df8290be,2,219517.10501207528,1000
F_grdp_G_a_v0.02_s0.5,df8290be,3,425005.9856877366,973
F_grdp_G_a_v0.02_s0.5,283269ac,0,3407.723952301109,999
F_grdp_G_a_v0.02_s0.5,283269ac,1,556.8573281557448,1000
F_grdp_G_a_v0.02_s0.5,283269ac,2,3985.0043111007144,627
F_grdp_G_a_v0.02_s0.5,c2c4db09,0,18160.193399925018,999
F_grdp_G_a_v0.02_s0.5,c2c4db09,1,190006.93914932667,1000
F_grdp_G_a_v0.02_s0.5,c2c4db09,2,119267.00678673424,1000
F_grdp_G_a_v0.02_s0.5,c2c4db09,3,14496.078814616856,1000
F_grdp_G_a_v0.02_s0.5,c2c4db09,4,23493.960587992096,1000
F_grdp_G_a_v0.02_s0.5,c2c4db09,5,3194.7661753217917,1000
F_grdp_G_a_v0.02_s0.5,c2c4db09,6,281.4744947687139,40
F_grdp_G_a_v0.02_s0.5,89f1085d,0,36491.711994142745,999
F_grdp_G_a_v0.02_s0.5,89f1085d,1,131212.84033779934,1000
F_grdp_G_a_v0.02_s0.5,89f1085d,2,218753.80957388406,1000
F_grdp_G_a_v0.02_s0.5,89f1085d,3,10639.056467571585,1000
F_grdp_G_a_v0.02_s0.5,89f1085d,4,5786.124514519967,1000
F_grdp_G_a_v0.02_s0.5,89f1085d,5,12804.716130558952,995
F_grdp_G_a_v0.02_s0.5,5fb1c15f,0,147262.4381767427,999
F_grdp_G_a_v0.02_s0.5,5fb1c15f,1,299643.8832982778,1000
F_grdp_G_a_v0.02_s0.5,5fb1c15f,2,236396.81694495186,861
F_grdp_G_a_v0.02_s0.5,0be01c24,0,5995.0382964076825,999
F_grdp_G_a_v0.02_s0.5,0be01c24,1,5541.4875913006235,1000
F_grdp_G_a_v0.02_s0.5,0be01c24,2,378.5334156850645,1000
F_grdp_G_a_v0.02_s0.5,0be01c24,3,1913.1913238262962,1000
F_grdp_G_a_v0.02_s0.5,0be01c24,4,2999.1646265683385,739
F_grdp_G_a_v0.02_s0.5,96936c22,0,2451.976551482403,999
F_grdp_G_a_v0.02_s0.5,96936c22,1,7404.386273709881,1000
F_grdp_G_a_v0.02_s0.5,96936c22,2,10479.701877643894,1000
F_grdp_G_a_v0.02_s0.5,96936c22,3,4595.488990557327,347
F_grdp_G_a_v0.02_s0.5,ab6fe95d,0,3876.975509306875,999
F_grdp_G_a_v0.02_s0.5,ab6fe95d,1,1157.5917886636566,1000
F_grdp_G_a_v0.02_s0.5,ab6fe95d,2,24993.102439726983,1000
F_grdp_G_a_v0.02_s0.5,ab6fe95d,3,62191.47065067564,1000
F_grdp_G_a_v0.02_s0.5,ab6fe95d,4,50768.78419489925,1000
F_grdp_G_a_v0.02_s0.5,ab6fe95d,5,17185.78916181035,492
F_grdp_G_a_v0.02_s0.5,d7eb0be8,0,631512.205871679,999
F_grdp_G_a_v0.02_s0.5,d7eb0be8,1,2649487.7535409736,1000
F_grdp_G_a_v0.02_s0.5,d7eb0be8,2,2174246.4379038303,1000
F_grdp_G_a_v0.02_s0.5,d7eb0be8,3,597416.9322888809,1000
F_grdp_G_a_v0.02_s0.5,d7eb0be8,4,97018.16650802158,1000
F_grdp_G_a_v0.02_s0.5,d7eb0be8,5,181494.885750438,402
F_grdp_G_a_v0.02_s0.5,fd3b4faa,0,71450.86757874535,999
F_grdp_G_a_v0.02_s0.5,fd3b4faa,1,127351.42929371312,1000
F_grdp_G_a_v0.02_s0.5,fd3b4faa,2,16281.970003097034,1000
F_grdp_G_a_v0.02_s0.5,fd3b4faa,3,1657.6214156336564,1000
F_grdp_G_a_v0.02_s0.5,fd3b4faa,4,9561.517891359184,1000
F_grdp_G_a_v0.02_s0.5,fd3b4faa,5,79.99304327207695,23
F_grdp_G_a_v0.02_s0.5,5254b6db,0,4769.847034310448,999
F_grdp_G_a_v0.02_s0.5,5254b6db,1,938.9867186294495,1000
F_grdp_G_a_v0.02_s0.5,5254b6db,2,785.1558305487149,1000
F_grdp_G_a_v0.02_s0.5,5254b6db,3,2483.9437319988297,275
F_grdp_G_a_v0.02_s0.5,2364716c,0,12107.245167674153,999
F_grdp_G_a_v0.02_s0.5,2364716c,1,129966.23153900896,1000
F_grdp_G_a_v0.02_s0.5,2364716c,2,56596.80306945944,1000
F_grdp_G_a_v0.02_s0.5,2364716c,3,8269.937353205338,1000
F_grdp_G_a_v0.02_s0.5,2364716c,4,1846.7236765195407,317
F_grdp_G_a_v0.02_s0.5,c6797dd7,0,8130.795199993961,999
F_grdp_G_a_v0.02_s0.5,c6797dd7,1,71554.61209998367,1000
F_grdp_G_a_v0.02_s0.5,c6797dd7,2,17995.71059999993,1000
F_grdp_G_a_v0.02_s0.5,c6797dd7,3,29931.285400015906,1000
F_grdp_G_a_v0.02_s0.5,c6797dd7,4,27016.45650001247,665
F_grdp_G_a_v0.02_s0.5,e5ff9fd2,0,20885.094880522884,999
F_grdp_G_a_v0.02_s0.5,e5ff9fd2,1,60186.304008509775,1000
F_grdp_G_a_v0.02_s0.5,e5ff9fd2,2,94903.80020668799,355
F_grdp_G_a_v0.02_s0.5,8c8348e8,0,12937.894490432669,999
F_grdp_G_a_v0.02_s0.5,8c8348e8,1,1589.284077871499,1000
F_grdp_G_a_v0.02_s0.5,8c8348e8,2,10494.989476309174,1000
F_grdp_G_a_v0.02_s0.5,8c8348e8,3,3967.0732720705505,889
F_grdp_G_a_v0.02_s0.5,19fb4f7b,0,706550.8865754275,999
F_grdp_G_a_v0.02_s0.5,19fb4f7b,1,1033746.2015065913,1000
F_grdp_G_a_v0.02_s0.5,19fb4f7b,2,251241.9202109061,1000
F_grdp_G_a_v0.02_s0.5,19fb4f7b,3,19902.12036402354,1000
F_grdp_G_a_v0.02_s0.5,19fb4f7b,4,32469.17596265249,1000
F_grdp_G_a_v0.02_s0.5,19fb4f7b,5,23526.289921806267,621
F_grdp_G_a_v0.02_s0.5,1b1c5372,0,6043.445590796988,999
F_grdp_G_a_v0.02_s0.5,1b1c5372,1,17580.333837723356,1000
F_grdp_G_a_v0.02_s0.5,1b1c5372,2,148656.42520524404,1000
F_grdp_G_a_v0.02_s0.5,1b1c5372,3,565673.5296283745,1000
F_grdp_G_a_v0.02_s0.5,1b1c5372,4,113129.79054449633,262
F_grdp_G_a_v0.02_s0.5,f07d7037,0,13731.181124908813,999
F_grdp_G_a_v0.02_s0.5,f07d7037,1,11307.91249948604,1000
F_grdp_G_a_v0.02_s0.5,f07d7037,2,276.3464462409114,1000
F_grdp_G_a_v0.02_s0.5,f07d7037,3,15481.11846307439,1000
F_grdp_G_a_v0.02_s0.5,f07d7037,4,3252.483254193148,1000
F_grdp_G_a_v0.02_s0.5,f07d7037,5,10392.429875435419,564
F_grdp_G_a_v0.02_s0.5,b5aa9634,0,17982.097475719624,999
F_grdp_G_a_v0.02_s0.5,b5aa9634,1,3427.9985384207794,1000
F_grdp_G_a_v0.02_s0.5,b5aa9634,2,36102.70888589175,1000
F_grdp_G_a_v0.02_s0.5,b5aa9634,3,11802.701116348779,1000
F_grdp_G_a_v0.02_s0.5,b5aa9634,4,7407.106080902542,1000
F_grdp_G_a_v0.02_s0.5,b5aa9634,5,19272.614148749926,1000
F_grdp_G_a_v0.02_s0.5,b5aa9634,6,186708.20442372924,1000
F_grdp_G_a_v0.02_s0.5,b5aa9634,7,160217.89473703428,327
F_grdp_G_a_v0.02_s0.5,373ef48b,0,479.62603511690014,999
F_grdp_G_a_v0.02_s0.5,373ef48b,1,6914.043216497136,1000
F_grdp_G_a_v0.02_s0.5,373ef48b,2,5226.80904727152,1000
F_grdp_G_a_v0.02_s0.5,373ef48b,3,268.12498384272385,510
F_grdp_G_a_v0.02_s0.5,dbee6c86,0,8481.520919167388,999
F_grdp_G_a_v0.02_s0.5,dbee6c86,1,51389.76148936374,1000
F_grdp_G_a_v0.02_s0.5,dbee6c86,2,1190.2768614080558,1000
F_grdp_G_a_v0.02_s0.5,dbee6c86,3,11764.185969056467,1000
F_grdp_G_a_v0.02_s0.5,dbee6c86,4,2174.064631782833,1000
F_grdp_G_a_v0.02_s0.5,dbee6c86,5,12910.278802102606,1000
F_grdp_G_a_v0.02_s0.5,dbee6c86,6,7337.764563106676,1000
F_grdp_G_a_v0.02_s0.5,dbee6c86,7,10398.659175351955,370
F_grdp_G_a_v0.02_s0.5,000d7d20,0,2542.618879714726,999
F_grdp_G_a_v0.02_s0.5,000d7d20,1,12793.842787223939,1000
F_grdp_G_a_v0.02_s0.5,000d7d20,2,9351.935693872849,1000
F_grdp_G_a_v0.02_s0.5,000d7d20,3,56660.10645257334,837
F_grdp_G_a_v0.02_s0.5,727a3a10,0,41617.44045984889,999
F_grdp_G_a_v0.02_s0.5,727a3a10,1,136508.6282323286,1000
F_grdp_G_a_v0.02_s0.5,727a3a10,2,64038.00310876287,1000
F_grdp_G_a_v0.02_s0.5,727a3a10,3,8892.007021380286,1000
F_grdp_G_a_v0.02_s0.5,727a3a10,4,4978.799775146302,398
F_grdp_G_a_v0.02_s0.5,5beded95,0,161925.48828880666,999
F_grdp_G_a_v0.02_s0.5,5beded95,1,373277.1791244414,1000
F_grdp_G_a_v0.02_s0.5,5beded95,2,96191.37753215521,1000
F_grdp_G_a_v0.02_s0.5,5beded95,3,7989.057448908242,58
F_grdp_G_a_v0.02_s0.5,33c40295,0,83074.12674865348,999
F_grdp_G_a_v0.02_s0.5,33c40295,1,20063.64381772049,1000
F_grdp_G_a_v0.02_s0.5,33c40295,2,1846.9328649608392,1000
F_grdp_G_a_v0.02_s0.5,33c40295,3,28046.986316963474,1000
F_grdp_G_a_v0.02_s0.5,33c40295,4,22900.741900941593,170
F_grdp_G_a_v0.02_s0.5,992ce078,0,894.0907718070978,999
F_grdp_G_a_v0.02_s0.5,992ce078,1,7479.470058507029,1000
F_grdp_G_a_v0.02_s0.5,992ce078,2,3428.734906472485,880
F_grdp_G_a_v0.02_s0.5,49dbc14c,0,17069.51980411056,999
F_grdp_G_a_v0.02_s0.5,49dbc14c,1,8623.144587017692,1000
F_grdp_G_a_v0.02_s0.5,49dbc14c,2,690.5709613675108,1000
F_grdp_G_a_v0.02_s0.5,49dbc14c,3,2301.8932014255734,873
F_grdp_G_a_v0.02_s0.5,5b7b6324,0,29601.107245103896,999
F_grdp_G_a_v0.02_s0.5,5b7b6324,1,39481.61326599552,1000
F_grdp_G_a_v0.02_s0.5,5b7b6324,2,8765.392251564597,1000
F_grdp_G_a_v0.02_s0.5,5b7b6324,3,145345.7146130766,1000
F_grdp_G_a_v0.02_s0.5,5b7b6324,4,192638.67179427846,1000
F_grdp_G_a_v0.02_s0.5,5b7b6324,5,292466.7415019176,1000
F_grdp_G_a_v0.02_s0.5,5b7b6324,6,253175.9246189732,565
F_grdp_G_a_v0.02_s0.5,ddc790ff,0,6011.60008914854,999
F_grdp_G_a_v0.02_s0.5,ddc790ff,1,6218.109976894821,1000
F_grdp_G_a_v0.02_s0.5,ddc790ff,2,5109.168933752745,1000
F_grdp_G_a_v0.02_s0.5,ddc790ff,3,1871.7203848813897,1000
F_grdp_G_a_v0.02_s0.5,ddc790ff,4,3538.2123553683136,727
F_grdp_G_a_v0.02_s0.5,cbe51de1,0,6753.314182126478,999
F_grdp_G_a_v0.02_s0.5,cbe51de1,1,26464.284539799923,1000
F_grdp_G_a_v0.02_s0.5,cbe51de1,2,175224.57582511392,1000
F_grdp_G_a_v0.02_s0.5,cbe51de1,3,15408.15714565821,964
F_grdp_G_a_v0.02_s0.5,10a1281a,0,30024.927304812813,999
F_grdp_G_a_v0.02_s0.5,10a1281a,1,15172.138308554062,1000
F_grdp_G_a_v0.02_s0.5,10a1281a,2,28823.864016345302,1000
F_grdp_G_a_v0.02_s0.5,10a1281a,3,15532.793312625601,1000
F_grdp_G_a_v0.02_s0.5,10a1281a,4,4108.377747332623,1000
F_grdp_G_a_v0.02_s0.5,10a1281a,5,768.2439148988055,610
F_grdp_G_a_v0.02_s0.5,16e4a047,0,54714.8133999992,999
F_grdp_G_a_v0.02_s0.5,16e4a047,1,126676.13570000013,1000
F_grdp_G_a_v0.02_s0.5,16e4a047,2,78831.83469999986,1000
F_grdp_G_a_v0.02_s0.5,16e4a047,3,137165.8413999993,1000
F_grdp_G_a_v0.02_s0.5,16e4a047,4,14961.975900000069,132
F_grdp_G_a_v0.02_s0.5,abf460d2,0,5270.260502441015,999
F_grdp_G_a_v0.02_s0.5,abf460d2,1,16525.21836141364,1000
F_grdp_G_a_v0.02_s0.5,abf460d2,2,24620.163650106224,1000
F_grdp_G_a_v0.02_s0.5,abf460d2,3,25470.89469240941,218
F_grdp_G_a_v0.02_s0.5,445af6c2,0,9039.13686120265,999
F_grdp_G_a_v0.02_s0.5,445af6c2,1,42992.349675023215,1000
F_grdp_G_a_v0.02_s0.5,445af6c2,2,124947.20102832821,1000
F_grdp_G_a_v0.02_s0.5,445af6c2,3,110079.27388060224,1000
F_grdp_G_a_v0.02_s0.5,445af6c2,4,83707.55361405072,1000
F_grdp_G_a_v0.02_s0.5,445af6c2,5,74173.87246372228,1000
F_grdp_G_a_v0.02_s0.5,445af6c2,6,4957.6805196309915,42
F_grdp_G_a_v0.02_s0.5,a692b17e,0,31855.576814063996,999
F_grdp_G_a_v0.02_s0.5,a692b17e,1,175404.96396652,1000
F_grdp_G_a_v0.02_s0.5,a692b17e,2,291668.04442993685,1000
F_grdp_G_a_v0.02_s0.5,a692b17e,3,56352.30714083732,567
F_grdp_G_a_v0.02_s0.5,bffe3082,0,3847.411641648576,999
F_grdp_G_a_v0.02_s0.5,bffe3082,1,32268.279678433802,1000
F_grdp_G_a_v0.02_s0.5,bffe3082,2,159761.37961510802,1000
F_grdp_G_a_v0.02_s0.5,bffe3082,3,153293.1468471683,1000
F_grdp_G_a_v0.02_s0.5,bffe3082,4,598951.306011103,1000
F_grdp_G_a_v0.02_s0.5,bffe3082,5,497374.4676994021,724
F_grdp_G_a_v0.02_s0.5,7993a768,0,6043.927970382252,999
F_grdp_G_a_v0.02_s0.5,7993a768,1,6251.685757062002,1000
F_grdp_G_a_v0.02_s0.5,7993a768,2,6311.643670945759,1000
F_grdp_G_a_v0.02_s0.5,7993a768,3,12610.300255260277,1000
F_grdp_G_a_v0.02_s0.5,7993a768,4,34097.933691616876,1000
F_grdp_G_a_v0.02_s0.5,7993a768,5,14331.966657819205,488
F_grdp_G_a_v0.02_s0.5,e201fd6d,0,19632.695544256276,999
F_grdp_G_a_v0.02_s0.5,e201fd6d,1,251306.41697922128,1000
F_grdp_G_a_v0.02_s0.5,e201fd6d,2,207280.19800740413,1000
F_grdp_G_a_v0.02_s0.5,e201fd6d,3,133884.7490512899,1000
F_grdp_G_a_v0.02_s0.5,e201fd6d,4,16110.958420484101,1000
F_grdp_G_a_v0.02_s0.5,e201fd6d,5,2047.768432733289,71
F_grdp_G_a_v0.02_s0.5,5fffa282,0,1919.2749871730541,999
F_grdp_G_a_v0.02_s0.5,5fffa282,1,6746.896963010257,1000
F_grdp_G_a_v0.02_s0.5,5fffa282,2,21122.740696672172,1000
F_grdp_G_a_v0.02_s0.5,5fffa282,3,126242.92057517398,1000
F_grdp_G_a_v0.02_s0.5,5fffa282,4,30350.63112035347,202
F_grdp_G_a_v0.02_s0.5,eeda36f5,0,1756.5404316079027,999
F_grdp_G_a_v0.02_s0.5,eeda36f5,1,1638.7875671166719,1000
F_grdp_G_a_v0.02_s0.5,eeda36f5,2,9006.507077152284,1000
F_grdp_G_a_v0.02_s0.5,eeda36f5,3,19363.360556443615,1000
F_grdp_G_a_v0.02_s0.5,eeda36f5,4,28765.598866160668,798
F_grdp_G_a_v0.02_s0.5,a7fc3e6b,0,6553.4333150281645,999
F_grdp_G_a_v0.02_s0.5,a7fc3e6b,1,48141.2482334897,1000
F_grdp_G_a_v0.02_s0.5,a7fc3e6b,2,492313.2559059014,1000
F_grdp_G_a_v0.02_s0.5,a7fc3e6b,3,126273.8630784885,1000
F_grdp_G_a_v0.02_s0.5,a7fc3e6b,4,62812.54094435008,765
F_grdp_G_a_v0.02_s0.5,19137a89,0,17042.98376797787,999
F_grdp_G_a_v0.02_s0.5,19137a89,1,328985.8713573549,1000
F_grdp_G_a_v0.02_s0.5,19137a89,2,259028.8888297731,1000
F_grdp_G_a_v0.02_s0.5,19137a89,3,81517.41165463817,1000
F_grdp_G_a_v0.02_s0.5,19137a89,4,85334.04021210936,1000
F_grdp_G_a_v0.02_s0.5,19137a89,5,110827.32046104613,1000
F_grdp_G_a_v0.02_s0.5,19137a89,6,54614.497288916245,268
F_grdp_G_a_v0.02_s0.5,fa16d114,0,2712.284810073578,999
F_grdp_G_a_v0.02_s0.5,fa16d114,1,16915.018361500162,1000
F_grdp_G_a_v0.02_s0.5,fa16d114,2,58899.68061889591,1000
F_grdp_G_a_v0.02_s0.5,fa16d114,3,61919.42839639844,1000
F_grdp_G_a_v0.02_s0.5,fa16d114,4,101057.8988300416,1000
F_grdp_G_a_v0.02_s0.5,fa16d114,5,15184.389019077258,687
F_grdp_G_a_v0.02_s0.5,e32da4ec,0,1824.1899750907232,999
F_grdp_G_a_v0.02_s0.5,e32da4ec,1,6197.942979754946,1000
F_grdp_G_a_v0.02_s0.5,e32da4ec,2,39409.45019162208,1000
F_grdp_G_a_v0.02_s0.5,e32da4ec,3,26647.99822976575,1000
F_grdp_G_a_v0.02_s0.5,e32da4ec,4,35916.60856685295,690
F_grdp_G_a_v0.02_s0.5,5a5d1982,0,12115.532892439704,999
F_grdp_G_a_v0.02_s0.5,5a5d1982,1,8812.052278391895,1000
F_grdp_G_a_v0.02_s0.5,5a5d1982,2,2590.3743353398436,1000
F_grdp_G_a_v0.02_s0.5,5a5d1982,3,1147.5349722569656,895
F_grdp_G_a_v0.02_s0.5,76201745,0,784.3439036439926,999
F_grdp_G_a_v0.02_s0.5,76201745,1,4438.6440036554195,1000
F_grdp_G_a_v0.02_s0.5,76201745,2,12739.740501154854,1000
F_grdp_G_a_v0.02_s0.5,76201745,3,6621.154386693332,1000
F_grdp_G_a_v0.02_s0.5,76201745,4,3193.8765654533263,449
F_grdp_G_a_v0.02_s0.5,c6c96179,0,3035.5519826450522,999
F_grdp_G_a_v0.02_s0.5,c6c96179,1,7008.1757570717355,1000
F_grdp_G_a_v0.02_s0.5,c6c96179,2,1804.9558390583302,1000
F_grdp_G_a_v0.02_s0.5,c6c96179,3,2269.7656422824048,1000
F_grdp_G_a_v0.02_s0.5,c6c96179,4,23.043996253042717,5
F_grdp_G_a_v0.02_s0.5,5305524b,0,51621.50816634497,999
F_grdp_G_a_v0.02_s0.5,5305524b,1,5401.834927170742,1000
F_grdp_G_a_v0.02_s0.5,5305524b,2,54306.36385864642,1000
F_grdp_G_a_v0.02_s0.5,5305524b,3,6718.8681006297375,1000
F_grdp_G_a_v0.02_s0.5,5305524b,4,7592.820322288775,899
F_grdp_G_a_v0.02_s0.5,4a8ecc0b,0,43592.011275212986,999
F_grdp_G_a_v0.02_s0.5,4a8ecc0b,1,206572.61473202117,1000
F_grdp_G_a_v0.02_s0.5,4a8ecc0b,2,34222.65199465115,1000
F_grdp_G_a_v0.02_s0.5,4a8ecc0b,3,18827.64773087157,1000
F_grdp_G_a_v0.02_s0.5,4a8ecc0b,4,6397.693085794763,1000
F_grdp_G_a_v0.02_s0.5,4a8ecc0b,5,6932.0437877891845,810
F_grdp_G_a_v0.02_s0.5,ff8bb73a,0,2890.3432158735486,999
F_grdp_G_a_v0.02_s0.5,ff8bb73a,1,45179.99819764592,1000
F_grdp_G_a_v0.02_s0.5,ff8bb73a,2,13588.94825278632,1000
F_grdp_G_a_v0.02_s0.5,ff8bb73a,3,64030.48691689301,1000
F_grdp_G_a_v0.02_s0.5,ff8bb73a,4,8035.949202020368,1000
F_grdp_G_a_v0.02_s0.5,ff8bb73a,5,199789.38591077668,928
F_grdp_G_a_v0.02_s0.5,b4f37e6e,0,7732.418781583114,999
F_grdp_G_a_v0.02_s0.5,b4f37e6e,1,19384.18154176259,1000
F_grdp_G_a_v0.02_s0.5,b4f37e6e,2,170167.37394916033,993
F_grdp_G_a_v0.02_s0.5,09ec2ca9,0,14802.776964607181,999
F_grdp_G_a_v0.02_s0.5,09ec2ca9,1,25518.585188453217,1000
F_grdp_G_a_v0.02_s0.5,09ec2ca9,2,69923.05550795958,1000
F_grdp_G_a_v0.02_s0.5,09ec2ca9,3,73467.50840008298,1000
F_grdp_G_a_v0.02_s0.5,09ec2ca9,4,14324.263645246474,1000
F_grdp_G_a_v0.02_s0.5,09ec2ca9,5,3233.7269693279163,886
F_grdp_G_a_v0.02_s0.5,200d233d,0,4957.812540298644,999
F_grdp_G_a_v0.02_s0.5,200d233d,1,21824.36390793774,1000
F_grdp_G_a_v0.02_s0.5,200d233d,2,9290.92109324604,1000
F_grdp_G_a_v0.02_s0.5,200d233d,3,8138.566684995081,927
F_grdp_G_a_v0.02_s0.5,3417285d,0,11492.784193751391,999
F_grdp_G_a_v0.02_s0.5,3417285d,1,166703.5446513372,1000
F_grdp_G_a_v0.02_s0.5,3417285d,2,290240.57237327815,1000
F_grdp_G_a_v0.02_s0.5,3417285d,3,347269.201684984,1000
F_grdp_G_a_v0.02_s0.5,3417285d,4,569629.0067883529,1000
F_grdp_G_a_v0.02_s0.5,3417285d,5,131454.43603687338,450
F_grdp_G_a_v0.02_s0.5,3bbe1f5d,0,124084.43779999106,999
F_grdp_G_a_v0.02_s0.5,3bbe1f5d,1,217978.36699998524,1000
F_grdp_G_a_v0.02_s0.5,3bbe1f5d,2,239035.54689998558,1000
F_grdp_G_a_v0.02_s0.5,3bbe1f5d,3,189711.5879999865,1000
F_grdp_G_a_v0.02_s0.5,3bbe1f5d,4,27007.499999994936,1000
F_grdp_G_a_v0.02_s0.5,3bbe1f5d,5,269678.80219998193,1000
F_grdp_G_a_v0.02_s0.5,3bbe1f5d,6,296743.54539998365,919
F_grdp_G_a_v0.02_s0.5,30d75030,0,4760.460438286333,999
F_grdp_G_a_v0.02_s0.5,30d75030,1,5373.772293601177,1000
F_grdp_G_a_v0.02_s0.5,30d75030,2,47755.085692401706,1000
F_grdp_G_a_v0.02_s0.5,30d75030,3,79760.59719278567,405
F_grdp_G_a_v0.02_s0.5,052d64df,0,3483.430472787471,999
F_grdp_G_a_v0.02_s0.5,052d64df,1,20215.8957389429,1000
F_grdp_G_a_v0.02_s0.5,052d64df,2,66583.61025582913,446
F_grdp_G_a_v0.02_s0.5,c36625df,0,19806.66524602055,999
F_grdp_G_a_v0.02_s0.5,c36625df,1,31386.455856786397,1000
F_grdp_G_a_v0.02_s0.5,c36625df,2,22561.73840030466,1000
F_grdp_G_a_v0.02_s0.5,c36625df,3,25159.848159979858,1000
F_grdp_G_a_v0.02_s0.5,c36625df,4,17046.57874844313,743
F_grdp_G_a_v0.02_s0.5,ea3a0e38,0,6893.686516526665,999
F_grdp_G_a_v0.02_s0.5,ea3a0e38,1,88541.49063964088,1000
F_grdp_G_a_v0.02_s0.5,ea3a0e38,2,49496.445891531635,1000
F_grdp_G_a_v0.02_s0.5,ea3a0e38,3,52238.85306271135,1000
F_grdp_G_a_v0.02_s0.5,ea3a0e38,4,31335.136490984383,1000
F_grdp_G_a_v0.02_s0.5,ea3a0e38,5,159875.5871131511,1000
F_grdp_G_a_v0.02_s0.5,ea3a0e38,6,221046.42407497147,1000
F_grdp_G_a_v0.02_s0.5,ea3a0e38,7,353698.6572237342,1000
F_grdp_G_a_v0.02_s0.5,ea3a0e38,8,542561.003419809,1000
F_grdp_G_a_v0.02_s0.5,ea3a0e38,9,1043895.9370149256,1000
F_grdp_G_a_v0.02_s0.5,ea3a0e38,10,41887.98154666351,53
F_grdp_G_a_v0.02_s0.5,5693dde2,0,78242.74293586411,999
F_grdp_G_a_v0.02_s0.5,5693dde2,1,524340.0962694177,1000
F_grdp_G_a_v0.02_s0.5,5693dde2,2,846672.7196783125,1000
F_grdp_G_a_v0.02_s0.5,5693dde2,3,710437.2079732127,489
F_grdp_G_a_v0.02_s0.5,807f0298,0,434.91286926240895,999
F_grdp_G_a_v0.02_s0.5,807f0298,1,53937.1230033535,1000
F_grdp_G_a_v0.02_s0.5,807f0298,2,39271.70682944401,1000
F_grdp_G_a_v0.02_s0.5,807f0298,3,63936.18107640084,748
F_grdp_G_a_v0.02_s0.5,8a89da23,0,29594.007161300924,999
F_grdp_G_a_v0.02_s0.5,8a89da23,1,51150.48275907355,1000
F_grdp_G_a_v0.02_s0.5,8a89da23,2,27215.867293022922,1000
F_grdp_G_a_v0.02_s0.5,8a89da23,3,78883.05743534665,936
F_grdp_G_a_v0.02_s0.5,7224331b,0,1463.102662730111,999
F_grdp_G_a_v0.02_s0.5,7224331b,1,10792.86889528158,1000
F_grdp_G_a_v0.02_s0.5,7224331b,2,667.5919300329236,1000
F_grdp_G_a_v0.02_s0.5,7224331b,3,5815.969087430814,1000
F_grdp_G_a_v0.02_s0.5,7224331b,4,98807.58856611373,1000
F_grdp_G_a_v0.02_s0.5,7224331b,5,96695.86946252656,1000
F_grdp_G_a_v0.02_s0.5,7224331b,6,10462.961215377187,64
F_grdp_G_a_v0.02_s0.5,e45a2a62,0,56130.17155073017,999
F_grdp_G_a_v0.02_s0.5,e45a2a62,1,39052.99229360107,1000
F_grdp_G_a_v0.02_s0.5,e45a2a62,2,227095.98195314727,1000
F_grdp_G_a_v0.02_s0.5,e45a2a62,3,456674.0140219045,1000
F_grdp_G_a_v0.02_s0.5,e45a2a62,4,27670.25595737808,1000
F_grdp_G_a_v0.02_s0.5,e45a2a62,5,2.770274633928972,8
F_grdp_G_a_v0.02_s0.5,3a86fe8d,0,24279.703975638946,999
F_grdp_G_a_v0.02_s0.5,3a86fe8d,1,64493.47906151258,1000
F_grdp_G_a_v0.02_s0.5,3a86fe8d,2,65361.66480415788,1000
F_grdp_G_a_v0.02_s0.5,3a86fe8d,3,143310.29573737783,1000
F_grdp_G_a_v0.02_s0.5,3a86fe8d,4,322817.1397243271,1000
F_grdp_G_a_v0.02_s0.5,3a86fe8d,5,29174.63310705859,119
F_grdp_G_a_v0.02_s0.5,d9eca87b,0,15199.745162012337,999
F_grdp_G_a_v0.02_s0.5,d9eca87b,1,121925.38157337997,1000
F_grdp_G_a_v0.02_s0.5,d9eca87b,2,71746.79716793062,1000
F_grdp_G_a_v0.02_s0.5,d9eca87b,3,94156.33851803625,1000
F_grdp_G_a_v0.02_s0.5,d9eca87b,4,50090.99943506514,1000
F_grdp_G_a_v0.02_s0.5,d9eca87b,5,88181.34571663097,1000
F_grdp_G_a_v0.02_s0.5,d9eca87b,6,268641.09528255847,374
F_grdp_G_a_v0.02_s0.5,93f5d2e6,0,138.9144167777389,999
F_grdp_G_a_v0.02_s0.5,93f5d2e6,1,25031.84663875365,1000
F_grdp_G_a_v0.02_s0.5,93f5d2e6,2,45587.41795323284,1000
F_grdp_G_a_v0.02_s0.5,93f5d2e6,3,250830.81047479494,692
F_grdp_G_a_v0.02_s0.5,cc8a1d57,0,180404.65386794295,999
F_grdp_G_a_v0.02_s0.5,cc8a1d57,1,226660.8128316313,1000
F_grdp_G_a_v0.02_s0.5,cc8a1d57,2,387747.5449239401,1000
F_grdp_G_a_v0.02_s0.5,cc8a1d57,3,531275.2669268912,1000
F_grdp_G_a_v0.02_s0.5,cc8a1d57,4,501988.6730025002,1000
F_grdp_G_a_v0.02_s0.5,cc8a1d57,5,302825.2113631954,1000
F_grdp_G_a_v0.02_s0.5,cc8a1d57,6,19208.613065611367,639
F_grdp_G_a_v0.02_s0.5,bf70b410,0,22446.506438080905,999
F_grdp_G_a_v0.02_s0.5,bf70b410,1,11475.376260578405,1000
F_grdp_G_a_v0.02_s0.5,bf70b410,2,9636.337025578168,1000
F_grdp_G_a_v0.02_s0.5,bf70b410,3,10330.9108440072,1000
F_grdp_G_a_v0.02_s0.5,bf70b410,4,276840.2418556067,1000
F_grdp_G_a_v0.02_s0.5,bf70b410,5,753341.7890486398,1000
F_grdp_G_a_v0.02_s0.5,bf70b410,6,394232.46064110973,348
F_grdp_G_a_v0.02_s0.5,c472c0b5,0,328.3771353139144,999
F_grdp_G_a_v0.02_s0.5,c472c0b5,1,3837.0252246952296,1000
F_grdp_G_a_v0.02_s0.5,c472c0b5,2,1017.1438497300652,1000
F_grdp_G_a_v0.02_s0.5,c472c0b5,3,0.2108086287621014,55
F_grdp_G_a_v0.02_s0.5,dc7f9757,0,118448.8953000652,999
F_grdp_G_a_v0.02_s0.5,dc7f9757,1,57789.1752759456,1000
F_grdp_G_a_v0.02_s0.5,dc7f9757,2,96873.8439165882,1000
F_grdp_G_a_v0.02_s0.5,dc7f9757,3,71759.3517954532,1000
F_grdp_G_a_v0.02_s0.5,dc7f9757,4,28019.912541479134,361
F_grdp_G_a_v0.02_s0.5,ec13af42,0,122949.66603008153,999
F_grdp_G_a_v0.02_s0.5,ec13af42,1,229565.44297375373,1000
F_grdp_G_a_v0.02_s0.5,ec13af42,2,50306.21857121662,1000
F_grdp_G_a_v0.02_s0.5,ec13af42,3,62177.029391241405,1000
F_grdp_G_a_v0.02_s0.5,ec13af42,4,101688.95432122042,1000
F_grdp_G_a_v0.02_s0.5,ec13af42,5,112203.10477433843,463
F_grdp_G_a_v0.02_s0.5,7e208414,0,4575.694669961667,999
F_grdp_G_a_v0.02_s0.5,7e208414,1,13144.35189383452,1000
F_grdp_G_a_v0.02_s0.5,7e208414,2,22652.502436651932,1000
F_grdp_G_a_v0.02_s0.5,7e208414,3,91080.94196258926,1000
F_grdp_G_a_v0.02_s0.5,7e208414,4,36901.68340784338,227
F_grdp_G_a_v0.02_s0.5,4e050c92,0,5840.90444618539,999
F_grdp_G_a_v0.02_s0.5,4e050c92,1,12757.25150484978,1000
F_grdp_G_a_v0.02_s0.5,4e050c92,2,20760.388784900886,1000
F_grdp_G_a_v0.02_s0.5,4e050c92,3,96842.65790815587,706
F_grdp_G_a_v0.02_s0.5,944f36b9,0,1354.1083363061562,999
F_grdp_G_a_v0.02_s0.5,944f36b9,1,44975.18450019161,1000
F_grdp_G_a_v0.02_s0.5,944f36b9,2,91832.59285037518,1000
F_grdp_G_a_v0.02_s0.5,944f36b9,3,108884.33305344982,1000
F_grdp_G_a_v0.02_s0.5,944f36b9,4,65911.57269033395,631
F_grdp_G_a_v0.02_s0.5,708caea9,0,30950.773068816427,999
F_grdp_G_a_v0.02_s0.5,708caea9,1,436916.4564719109,1000
F_grdp_G_a_v0.02_s0.5,708caea9,2,274349.55923887895,1000
F_grdp_G_a_v0.02_s0.5,708caea9,3,557769.6743060773,1000
F_grdp_G_a_v0.02_s0.5,708caea9,4,665373.7487140008,1000
F_grdp_G_a_v0.02_s0.5,708caea9,5,422570.7200323431,1000
F_grdp_G_a_v0.02_s0.5,708caea9,6,189596.27804647083,549
F_grdp_G_a_v0.02_s0.5,699ea575,0,3996.081611221738,999
F_grdp_G_a_v0.02_s0.5,699ea575,1,44987.68227488422,1000
F_grdp_G_a_v0.02_s0.5,699ea575,2,13389.061000290429,1000
F_grdp_G_a_v0.02_s0.5,699ea575,3,11205.195087408421,1000
F_grdp_G_a_v0.02_s0.5,699ea575,4,339.89111127438343,121
F_grdp_G_a_v0.02_s0.5,a6f967fb,0,6283.631033987459,999
F_grdp_G_a_v0.02_s0.5,a6f967fb,1,4348.261104169515,1000
F_grdp_G_a_v0.02_s0.5,a6f967fb,2,2879.9933009585593,1000
F_grdp_G_a_v0.02_s0.5,a6f967fb,3,2015.1043803346313,1000
F_grdp_G_a_v0.02_s0.5,a6f967fb,4,6929.127456750817,671
F_grdp_G_a_v0.02_s0.5,f08774c3,0,37917.55071270919,999
F_grdp_G_a_v0.02_s0.5,f08774c3,1,77710.22769472373,1000
F_grdp_G_a_v0.02_s0.5,f08774c3,2,98516.35549850586,1000
F_grdp_G_a_v0.02_s0.5,f08774c3,3,157748.84051400123,901
F_grdp_G_a_v0.02_s0.5,e46f4ef4,0,30641.29412769585,999
F_grdp_G_a_v0.02_s0.5,e46f4ef4,1,144368.37497205855,1000
F_grdp_G_a_v0.02_s0.5,e46f4ef4,2,100655.99022276832,1000
F_grdp_G_a_v0.02_s0.5,e46f4ef4,3,204805.72680019782,1000
F_grdp_G_a_v0.02_s0.5,e46f4ef4,4,346500.5560338299,1000
F_grdp_G_a_v0.02_s0.5,e46f4ef4,5,272998.77211915475,1000
F_grdp_G_a_v0.02_s0.5,e46f4ef4,6,335426.26503212715,1000
F_grdp_G_a_v0.02_s0.5,e46f4ef4,7,65948.07109797989,196
F_grdp_G_a_v0.02_s0.5,4f4afcc6,0,11461.657409739399,999
F_grdp_G_a_v0.02_s0.5,4f4afcc6,1,21906.39168120269,1000
F_grdp_G_a_v0.02_s0.5,4f4afcc6,2,27708.605169857598,1000
F_grdp_G_a_v0.02_s0.5,4f4afcc6,3,16884.170609921763,1000
F_grdp_G_a_v0.02_s0.5,4f4afcc6,4,962.2587668243584,1000
F_grdp_G_a_v0.02_s0.5,4f4afcc6,5,5742.823233791228,646
F_grdp_G_a_v0.02_s0.5,c2c6fc71,0,1827.6752761392638,999
F_grdp_G_a_v0.02_s0.5,c2c6fc71,1,13089.582164883092,1000
F_grdp_G_a_v0.02_s0.5,c2c6fc71,2,38238.28098088747,1000
F_grdp_G_a_v0.02_s0.5,c2c6fc71,3,59985.20559195798,1000
F_grdp_G_a_v0.02_s0.5,c2c6fc71,4,34104.87990236301,1000
F_grdp_G_a_v0.02_s0.5,c2c6fc71,5,159324.0696304283,1000
F_grdp_G_a_v0.02_s0.5,c2c6fc71,6,142291.95673325608,1000
F_grdp_G_a_v0.02_s0.5,c2c6fc71,7,9197.71404549314,120
F_grdp_G_a_v0.02_s0.5,9d3ec64c,0,56563.31249999122,999
F_grdp_G_a_v0.02_s0.5,9d3ec64c,1,251172.02079997567,1000
F_grdp_G_a_v0.02_s0.5,9d3ec64c,2,145860.75239998283,1000
F_grdp_G_a_v0.02_s0.5,9d3ec64c,3,12319.377299997639,481
F_grdp_G_a_v0.02_s0.5,137d1e44,0,122455.5879325151,999
F_grdp_G_a_v0.02_s0.5,137d1e44,1,273751.0426909398,1000
F_grdp_G_a_v0.02_s0.5,137d1e44,2,15732.170197858111,1000
F_grdp_G_a_v0.02_s0.5,137d1e44,3,27316.505748374486,1000
F_grdp_G_a_v0.02_s0.5,137d1e44,4,16953.107050698854,555
F_grdp_G_a_v0.02_s0.5,42669188,0,9042.599242762637,999
F_grdp_G_a_v0.02_s0.5,42669188,1,10909.022682613784,1000
F_grdp_G_a_v0.02_s0.5,42669188,2,5623.348750820058,1000
F_grdp_G_a_v0.02_s0.5,42669188,3,4200.452788866457,1000
F_grdp_G_a_v0.02_s0.5,42669188,4,182.34514013177554,283
F_grdp_G_a_v0.02_s0.5,fae0c593,0,52133.154884854244,999
F_grdp_G_a_v0.02_s0.5,fae0c593,1,42677.9387906895,1000
F_grdp_G_a_v0.02_s0.5,fae0c593,2,2689.665788109509,1000
F_grdp_G_a_v0.02_s0.5,fae0c593,3,335.60502814202823,1000
F_grdp_G_a_v0.02_s0.5,fae0c593,4,5796.721691681062,404
F_grdp_G_a_v0.02_s0.5,febb4411,0,5091.230726324162,999
F_grdp_G_a_v0.02_s0.5,febb4411,1,49637.51698833316,1000
F_grdp_G_a_v0.02_s0.5,febb4411,2,21688.632719318117,1000
F_grdp_G_a_v0.02_s0.5,febb4411,3,113236.38894551047,1000
F_grdp_G_a_v0.02_s0.5,febb4411,4,21516.577335547725,248
F_grdp_G_a_v0.02_s0.5,059c8f24,0,16426.150742103564,999
F_grdp_G_a_v0.02_s0.5,059c8f24,1,48179.249199942125,1000
F_grdp_G_a_v0.02_s0.5,059c8f24,2,20373.75591046336,1000
F_grdp_G_a_v0.02_s0.5,059c8f24,3,2867.482174606238,1000
F_grdp_G_a_v0.02_s0.5,059c8f24,4,5648.846278961605,1000
F_grdp_G_a_v0.02_s0.5,059c8f24,5,38755.84372156847,1000
F_grdp_G_a_v0.02_s0.5,059c8f24,6,51692.170654395544,259
F_grdp_G_a_v0.02_s0.5,1e5e3573,0,17598.51396991595,999
F_grdp_G_a_v0.02_s0.5,1e5e3573,1,95244.34690310007,1000
F_grdp_G_a_v0.02_s0.5,1e5e3573,2,94433.34947662418,1000
F_grdp_G_a_v0.02_s0.5,1e5e3573,3,45787.22944494572,1000
F_grdp_G_a_v0.02_s0.5,1e5e3573,4,25885.51139713074,1000
F_grdp_G_a_v0.02_s0.5,1e5e3573,5,24004.73851399736,481
F_grdp_G_a_v0.02_s0.5,028d7b28,0,46288.28890100567,999
F_grdp_G_a_v0.02_s0.5,028d7b28,1,5960.449563980826,1000
F_grdp_G_a_v0.02_s0.5,028d7b28,2,13710.218641293128,1000
F_grdp_G_a_v0.02_s0.5,028d7b28,3,32269.174285105313,1000
F_grdp_G_a_v0.02_s0.5,028d7b28,4,31227.168335662765,1000
F_grdp_G_a_v0.02_s0.5,028d7b28,5,56461.02022752821,1000
F_grdp_G_a_v0.02_s0.5,028d7b28,6,374.6999149365805,235
F_grdp_G_a_v0.02_s0.5,ed6436d6,0,31826.639119958985,999
F_grdp_G_a_v0.02_s0.5,ed6436d6,1,27118.27430918642,1000
F_grdp_G_a_v0.02_s0.5,ed6436d6,2,90590.11524381896,946
F_grdp_G_a_v0.02_s0.5,39b51819,0,4382.10085421261,999
F_grdp_G_a_v0.02_s0.5,39b51819,1,18431.184952381678,1000
F_grdp_G_a_v0.02_s0.5,39b51819,2,1579.0523377906452,1000
F_grdp_G_a_v0.02_s0.5,39b51819,3,1292.7628520404887,1000
F_grdp_G_a_v0.02_s0.5,39b51819,4,912.8325244638439,232
F_grdp_G_a_v0.02_s0.5,9f0c7bae,0,21731.31861339416,999
F_grdp_G_a_v0.02_s0.5,9f0c7bae,1,124450.343013763,1000
F_grdp_G_a_v0.02_s0.5,9f0c7bae,2,72214.59657717362,543
F_grdp_G_a_v0.02_s0.5,73b1447d,0,11415.970154808918,999
F_grdp_G_a_v0.02_s0.5,73b1447d,1,34531.135058807115,1000
F_grdp_G_a_v0.02_s0.5,73b1447d,2,9865.895262823553,1000
F_grdp_G_a_v0.02_s0.5,73b1447d,3,19760.415663633936,1000
F_grdp_G_a_v0.02_s0.5,73b1447d,4,72677.28843786441,1000
F_grdp_G_a_v0.02_s0.5,73b1447d,5,3215.748700785974,671
F_grdp_G_a_v0.02_s0.5,764072a5,0,10353.195351913519,999
F_grdp_G_a_v0.02_s0.5,764072a5,1,36113.32688796146,1000
F_grdp_G_a_v0.02_s0.5,764072a5,2,34015.68389186442,950
F_grdp_G_a_v0.02_s0.5,e7d0c1de,0,1292.217033257909,999
F_grdp_G_a_v0.02_s0.5,e7d0c1de,1,7713.831330447494,1000
F_grdp_G_a_v0.02_s0.5,e7d0c1de,2,2994.3372719415265,1000
F_grdp_G_a_v0.02_s0.5,e7d0c1de,3,2365.720315000311,1000
F_grdp_G_a_v0.02_s0.5,e7d0c1de,4,1118.3625826726784,712
F_grdp_G_a_v0.02_s0.5,a6ed2eff,0,25278.661925293087,999
F_grdp_G_a_v0.02_s0.5,a6ed2eff,1,46290.65787114837,1000
F_grdp_G_a_v0.02_s0.5,a6ed2eff,2,19980.049925356037,1000
F_grdp_G_a_v0.02_s0.5,a6ed2eff,3,17086.822526596854,1000
F_grdp_G_a_v0.02_s0.5,a6ed2eff,4,108790.33054584371,1000
F_grdp_G_a_v0.02_s0.5,a6ed2eff,5,44527.6629441229,276
F_grdp_G_a_v0.02_s0.5,4630ab92,0,47250.364180030054,999
F_grdp_G_a_v0.02_s0.5,4630ab92,1,204012.04936682148,1000
F_grdp_G_a_v0.02_s0.5,4630ab92,2,191344.94288865398,1000
F_grdp_G_a_v0.02_s0.5,4630ab92,3,20275.63509613168,374
F_grdp_G_a_v0.02_s0.5,29de15c8,0,24211.536052708754,999
F_grdp_G_a_v0.02_s0.5,29de15c8,1,39482.35403680498,1000
F_grdp_G_a_v0.02_s0.5,29de15c8,2,47021.24725907101,1000
F_grdp_G_a_v0.02_s0.5,29de15c8,3,29641.56630889095,432
F_grdp_G_a_v0.02_s0.5,b38e3116,0,1736.9554987238407,999
F_grdp_G_a_v0.02_s0.5,b38e3116,1,913.9499023232393,1000
F_grdp_G_a_v0.02_s0.5,b38e3116,2,6623.409871070781,1000
F_grdp_G_a_v0.02_s0.5,b38e3116,3,3305.0834071482277,1000
F_grdp_G_a_v0.02_s0.5,b38e3116,4,15306.28545724526,1000
F_grdp_G_a_v0.02_s0.5,b38e3116,5,4614.542655685636,1000
F_grdp_G_a_v0.02_s0.5,b38e3116,6,752.5608231241517,212
F_grdp_G_a_v0.02_s0.5,2f19d536,0,25704.646588149124,999
F_grdp_G_a_v0.02_s0.5,2f19d536,1,47191.067289444814,1000
F_grdp_G_a_v0.02_s0.5,2f19d536,2,61706.00860778171,1000
F_grdp_G_a_v0.02_s0.5,2f19d536,3,5267.040028441666,89
F_grdp_G_a_v0.02_s0.5,f5859199,0,34342.769026842,999
F_grdp_G_a_v0.02_s0.5,f5859199,1,187539.83362087168,1000
F_grdp_G_a_v0.02_s0.5,f5859199,2,134017.84735842698,1000
F_grdp_G_a_v0.02_s0.5,f5859199,3,94678.77223607936,1000
F_grdp_G_a_v0.02_s0.5,f5859199,4,4989.652215207053,1000
F_grdp_G_a_v0.02_s0.5,f5859199,5,57825.90297072171,791
F_grdp_G_a_v0.02_s0.5,d114d9c2,0,2516.206325639009,999
F_grdp_G_a_v0.02_s0.5,d114d9c2,1,3753.623731327938,1000
F_grdp_G_a_v0.02_s0.5,d114d9c2,2,1575.727333547038,1000
F_grdp_G_a_v0.02_s0.5,d114d9c2,3,1697.9025477995754,1000
F_grdp_G_a_v0.02_s0.5,d114d9c2,4,56386.9990889146,1000
F_grdp_G_a_v0.02_s0.5,d114d9c2,5,166405.2541812272,1000
F_grdp_G_a_v0.02_s0.5,d114d9c2,6,41607.8111254312,207
F_grdp_G_a_v0.02_s0.5,91b301ce,0,351394.91516507254,999
F_grdp_G_a_v0.02_s0.5,91b301ce,1,172465.851693026,1000
F_grdp_G_a_v0.02_s0.5,91b301ce,2,5494.581591357412,1000
F_grdp_G_a_v0.02_s0.5,91b301ce,3,4624.924287820233,1000
F_grdp_G_a_v0.02_s0.5,91b301ce,4,191666.79563494134,1000
F_grdp_G_a_v0.02_s0.5,91b301ce,5,1827580.3576177026,1000
F_grdp_G_a_v0.02_s0.5,91b301ce,6,2145328.6651263726,571
F_grdp_G_a_v0.02_s0.5,2bff06cf,0,101751.9912956824,999
F_grdp_G_a_v0.02_s0.5,2bff06cf,1,373614.7563752728,1000
F_grdp_G_a_v0.02_s0.5,2bff06cf,2,738106.062608629,1000
F_grdp_G_a_v0.02_s0.5,2bff06cf,3,873237.3714159164,1000
F_grdp_G_a_v0.02_s0.5,2bff06cf,4,860703.2636807511,1000
F_grdp_G_a_v0.02_s0.5,2bff06cf,5,963653.27546055,1000
F_grdp_G_a_v0.02_s0.5,2bff06cf,6,844166.5212580614,1000
F_grdp_G_a_v0.02_s0.5,2bff06cf,7,204010.37855051566,625
F_grdp_G_a_v0.02_s0.5,353e5502,0,6043.067081537998,999
F_grdp_G_a_v0.02_s0.5,353e5502,1,81104.5224539157,1000
F_grdp_G_a_v0.02_s0.5,353e5502,2,438065.6134972045,1000
F_grdp_G_a_v0.02_s0.5,353e5502,3,190030.06815351493,1000
F_grdp_G_a_v0.02_s0.5,353e5502,4,184216.93101298652,1000
F_grdp_G_a_v0.02_s0.5,353e5502,5,362671.4800813051,1000
F_grdp_G_a_v0.02_s0.5,353e5502,6,16040.094174109847,63
F_grdp_G_a_v0.02_s0.5,f0188a48,0,126546.7939438068,999
F_grdp_G_a_v0.02_s0.5,f0188a48,1,58070.34313308682,1000
F_grdp_G_a_v0.02_s0.5,f0188a48,2,56160.723714757165,1000
F_grdp_G_a_v0.02_s0.5,f0188a48,3,159754.49576592993,1000
F_grdp_G_a_v0.02_s0.5,f0188a48,4,23499.463173143664,171
F_grdp_G_a_v0.02_s0.5,c908edd0,0,7995.687934750562,999
F_grdp_G_a_v0.02_s0.5,c908edd0,1,10599.708020580125,1000
F_grdp_G_a_v0.02_s0.5,c908edd0,2,4902.776283370446,1000
F_grdp_G_a_v0.02_s0.5,c908edd0,3,10253.914116939928,1000
F_grdp_G_a_v0.02_s0.5,c908edd0,4,3523.9793296267244,1000
F_grdp_G_a_v0.02_s0.5,c908edd0,5,1038.754678973845,294
F_grdp_G_a_v0.02_s0.5,1619e2ca,0,6190.80613820265,999
F_grdp_G_a_v0.02_s0.5,1619e2ca,1,14095.464734004501,1000
F_grdp_G_a_v0.02_s0.5,1619e2ca,2,93266.00645245425,1000
F_grdp_G_a_v0.02_s0.5,1619e2ca,3,42841.64089423304,1000
F_grdp_G_a_v0.02_s0.5,1619e2ca,4,65042.08645927912,444
F_grdp_G_a_v0.02_s0.5,4936af16,0,13000.538117959313,999
F_grdp_G_a_v0.02_s0.5,4936af16,1,8590.442499580075,1000
F_grdp_G_a_v0.02_s0.5,4936af16,2,13548.913041405334,1000
F_grdp_G_a_v0.02_s0.5,4936af16,3,47981.64715125256,992
F_grdp_G_a_v0.02_s0.5,5d11dfb5,0,8398.732958018398,999
F_grdp_G_a_v0.02_s0.5,5d11dfb5,1,15663.345724673045,1000
F_grdp_G_a_v0.02_s0.5,5d11dfb5,2,17846.493392078442,1000
F_grdp_G_a_v0.02_s0.5,5d11dfb5,3,45163.802661658745,1000
F_grdp_G_a_v0.02_s0.5,5d11dfb5,4,189380.2825695207,1000
F_grdp_G_a_v0.02_s0.5,5d11dfb5,5,47259.166457886466,896
F_grdp_G_a_v0.02_s0.5,56b00794,0,87494.2405852909,999
F_grdp_G_a_v0.02_s0.5,56b00794,1,264937.29264670826,1000
F_grdp_G_a_v0.02_s0.5,56b00794,2,162226.84585913285,1000
F_grdp_G_a_v0.02_s0.5,56b00794,3,190023.67978895074,1000
F_grdp_G_a_v0.02_s0.5,56b00794,4,238589.23796664065,1000
F_grdp_G_a_v0.02_s0.5,56b00794,5,238874.33045778656,1000
F_grdp_G_a_v0.02_s0.5,56b00794,6,10256.329000695137,66
F_grdp_G_a_v0.02_s0.5,5f4d2a52,0,4861.578704898895,999
F_grdp_G_a_v0.02_s0.5,5f4d2a52,1,131397.81515445598,1000
F_grdp_G_a_v0.02_s0.5,5f4d2a52,2,1662681.9793948582,1000
F_grdp_G_a_v0.02_s0.5,5f4d2a52,3,3302105.0728986864,1000
F_grdp_G_a_v0.02_s0.5,5f4d2a52,4,4707784.760809958,1000
F_grdp_G_a_v0.02_s0.5,5f4d2a52,5,501757.84262032865,226
F_grdp_G_a_v0.02_s0.5,9a6b0392,0,6573.114232084185,999
F_grdp_G_a_v0.02_s0.5,9a6b0392,1,2636.822463551799,1000
F_grdp_G_a_v0.02_s0.5,9a6b0392,2,19794.963803896753,1000
F_grdp_G_a_v0.02_s0.5,9a6b0392,3,9878.540564649822,1000
F_grdp_G_a_v0.02_s0.5,9a6b0392,4,383.90957781109245,256
F_grdp_G_a_v0.02_s0.5,9298ad5b,0,632.9836391069882,999
F_grdp_G_a_v0.02_s0.5,9298ad5b,1,3638.2498872628266,1000
F_grdp_G_a_v0.02_s0.5,9298ad5b,2,247106.4716305664,1000
F_grdp_G_a_v0.02_s0.5,9298ad5b,3,50890.209412603006,965
F_grdp_G_a_v0.02_s0.5,7b38844c,0,5537.878524078515,999
F_grdp_G_a_v0.02_s0.5,7b38844c,1,1425.0758476189033,1000
F_grdp_G_a_v0.02_s0.5,7b38844c,2,9869.800191241684,1000
F_grdp_G_a_v0.02_s0.5,7b38844c,3,26271.507219887997,750
F_grdp_G_a_v0.02_s0.5,4cecf7b3,0,9674.077560420883,999
F_grdp_G_a_v0.02_s0.5,4cecf7b3,1,19527.460907455516,1000
F_grdp_G_a_v0.02_s0.5,4cecf7b3,2,46432.60571754215,1000
F_grdp_G_a_v0.02_s0.5,4cecf7b3,3,22105.775550406903,1000
F_grdp_G_a_v0.02_s0.5,4cecf7b3,4,20554.515917209807,1000
F_grdp_G_a_v0.02_s0.5,4cecf7b3,5,18111.184047784925,1000
F_grdp_G_a_v0.02_s0.5,4cecf7b3,6,954.4836006034832,20
F_grdp_G_a_v0.02_s0.5,8b9d8326,0,9626.773543576579,999
F_grdp_G_a_v0.02_s0.5,8b9d8326,1,14796.912905131761,1000
F_grdp_G_a_v0.02_s0.5,8b9d8326,2,25597.081494946047,1000
F_grdp_G_a_v0.02_s0.5,8b9d8326,3,89728.68425522021,1000
F_grdp_G_a_v0.02_s0.5,8b9d8326,4,103155.87010330103,1000
F_grdp_G_a_v0.02_s0.5,8b9d8326,5,54724.289267402426,1000
F_grdp_G_a_v0.02_s0.5,8b9d8326,6,7111.934415655638,164
F_grdp_G_a_v0.02_s0.5,bf39bc20,0,9033.066171079805,999
F_grdp_G_a_v0.02_s0.5,bf39bc20,1,83585.29905118696,1000
F_grdp_G_a_v0.02_s0.5,bf39bc20,2,5134.4067314935655,1000
F_grdp_G_a_v0.02_s0.5,bf39bc20,3,2620.9814183995036,304
F_grdp_G_a_v0.02_s0.5,77b0d905,0,20445.88445020204,999
F_grdp_G_a_v0.02_s0.5,77b0d905,1,21529.738804495737,1000
F_grdp_G_a_v0.02_s0.5,77b0d905,2,25073.115828564336,1000
F_grdp_G_a_v0.02_s0.5,77b0d905,3,14736.76740264607,1000
F_grdp_G_a_v0.02_s0.5,77b0d905,4,6571.872641709086,175
F_grdp_G_a_v0.02_s0.5,a4cdbb0f,0,445.84599553664697,999
F_grdp_G_a_v0.02_s0.5,a4cdbb0f,1,41345.29376138936,1000
F_grdp_G_a_v0.02_s0.5,a4cdbb0f,2,19440.30854897509,1000
F_grdp_G_a_v0.02_s0.5,a4cdbb0f,3,58236.059269155936,1000
F_grdp_G_a_v0.02_s0.5,a4cdbb0f,4,91629.10245937253,1000
F_grdp_G_a_v0.02_s0.5,a4cdbb0f,5,6.118427130019615,205
F_grdp_G_a_v0.02_s0.5,084d66f9,0,5944.914333150067,999
F_grdp_G_a_v0.02_s0.5,084d66f9,1,36121.36255535382,1000
F_grdp_G_a_v0.02_s0.5,084d66f9,2,274752.87741435744,1000
F_grdp_G_a_v0.02_s0.5,084d66f9,3,135260.4599787402,886
F_grdp_G_a_v0.02_s0.5,9efc812e,0,30813.53959265833,999
F_grdp_G_a_v0.02_s0.5,9efc812e,1,20328.061285268017,1000
F_grdp_G_a_v0.02_s0.5,9efc812e,2,12812.990088692433,1000
F_grdp_G_a_v0.02_s0.5,9efc812e,3,20955.105499461664,1000
F_grdp_G_a_v0.02_s0.5,9efc812e,4,21212.46102981823,451
F_grdp_G_a_v0.02_s0.5,95c8427f,0,35168.618442565195,999
F_grdp_G_a_v0.02_s0.5,95c8427f,1,104406.14787736493,1000
F_grdp_G_a_v0.02_s0.5,95c8427f,2,99403.81514985953,1000
F_grdp_G_a_v0.02_s0.5,95c8427f,3,18986.119714251286,1000
F_grdp_G_a_v0.02_s0.5,95c8427f,4,35109.016211314694,1000
F_grdp_G_a_v0.02_s0.5,95c8427f,5,12267.026684953915,1000
F_grdp_G_a_v0.02_s0.5,95c8427f,6,6439.82894936315,336
F_grdp_G_a_v0.02_s0.5,a3518960,0,37589.28326810739,999
F_grdp_G_a_v0.02_s0.5,a3518960,1,113053.8078101104,1000
F_grdp_G_a_v0.02_s0.5,a3518960,2,21265.340965737632,1000
F_grdp_G_a_v0.02_s0.5,a3518960,3,55956.41825932385,1000
F_grdp_G_a_v0.02_s0.5,a3518960,4,45923.89799245296,968
F_grdp_G_a_v0.02_s0.5,ce55ba43,0,8374.503220303342,999
F_grdp_G_a_v0.02_s0.5,ce55ba43,1,33673.834028894955,1000
F_grdp_G_a_v0.02_s0.5,ce55ba43,2,16882.48521977105,1000
F_grdp_G_a_v0.02_s0.5,ce55ba43,3,16492.147169298965,1000
F_grdp_G_a_v0.02_s0.5,ce55ba43,4,714.9015296783082,105
F_grdp_G_a_v0.02_s0.5,8c167025,0,21479.99843467311,999
F_grdp_G_a_v0.02_s0.5,8c167025,1,7772.28006884105,1000
F_grdp_G_a_v0.02_s0.5,8c167025,2,13851.88187261613,1000
F_grdp_G_a_v0.02_s0.5,8c167025,3,232900.42568736174,1000
F_grdp_G_a_v0.02_s0.5,8c167025,4,198465.9075751716,1000
F_grdp_G_a_v0.02_s0.5,8c167025,5,7521.438715236952,369
F_grdp_G_a_v0.02_s0.5,c8d9680c,0,19455.447923710453,999
F_grdp_G_a_v0.02_s0.5,c8d9680c,1,202624.5735801542,1000
F_grdp_G_a_v0.02_s0.5,c8d9680c,2,327814.0929882341,1000
F_grdp_G_a_v0.02_s0.5,c8d9680c,3,357835.141521657,1000
F_grdp_G_a_v0.02_s0.5,c8d9680c,4,752305.9562119362,1000
F_grdp_G_a_v0.02_s0.5,c8d9680c,5,927962.0613384126,1000
F_grdp_G_a_v0.02_s0.5,c8d9680c,6,303842.0584955515,282
F_grdp_G_a_v0.02_s0.5,89969c7a,0,6979.66809999852,999
F_grdp_G_a_v0.02_s0.5,89969c7a,1,79642.20490000496,1000
F_grdp_G_a_v0.02_s0.5,89969c7a,2,46929.12339999912,1000
F_grdp_G_a_v0.02_s0.5,89969c7a,3,145471.92500002007,1000
F_grdp_G_a_v0.02_s0.5,89969c7a,4,77965.13130000932,948
F_grdp_G_a_v0.02_s0.5,c9578d27,0,13723.909289884912,999
F_grdp_G_a_v0.02_s0.5,c9578d27,1,46281.75943511957,1000
F_grdp_G_a_v0.02_s0.5,c9578d27,2,313860.5691304934,1000
F_grdp_G_a_v0.02_s0.5,c9578d27,3,89585.58330961353,1000
F_grdp_G_a_v0.02_s0.5,c9578d27,4,9787.09559066466,488
F_grdp_G_a_v0.02_s0.5,b37fd114,0,26505.269053983437,999
F_grdp_G_a_v0.02_s0.5,b37fd114,1,92153.9333516723,1000
F_grdp_G_a_v0.02_s0.5,b37fd114,2,39747.720567863325,1000
F_grdp_G_a_v0.02_s0.5,b37fd114,3,737033.1673561748,1000
F_grdp_G_a_v0.02_s0.5,b37fd114,4,300052.87086330104,1000
F_grdp_G_a_v0.02_s0.5,b37fd114,5,446049.69695474196,1000
F_grdp_G_a_v0.02_s0.5,b37fd114,6,253051.73225196797,1000
F_grdp_G_a_v0.02_s0.5,b37fd114,7,443496.3104116642,1000
F_grdp_G_a_v0.02_s0.5,b37fd114,8,26175.050311978834,162
F_grdp_G_a_v0.02_s0.5,2e63d9de,0,2000.8441051825357,999
F_grdp_G_a_v0.02_s0.5,2e63d9de,1,46136.3039008821,1000
F_grdp_G_a_v0.02_s0.5,2e63d9de,2,184112.1730603111,1000
F_grdp_G_a_v0.02_s0.5,2e63d9de,3,497626.0469971023,1000
F_grdp_G_a_v0.02_s0.5,2e63d9de,4,364189.3280889064,700
F_grdp_G_a_v0.02_s0.5,4fbe9c06,0,2160.9228014586224,999
F_grdp_G_a_v0.02_s0.5,4fbe9c06,1,57657.580861335446,1000
F_grdp_G_a_v0.02_s0.5,4fbe9c06,2,132090.16352839037,1000
F_grdp_G_a_v0.02_s0.5,4fbe9c06,3,134284.11969936723,1000
F_grdp_G_a_v0.02_s0.5,4fbe9c06,4,134524.40147766,1000
F_grdp_G_a_v0.02_s0.5,4fbe9c06,5,93505.60716495945,1000
F_grdp_G_a_v0.02_s0.5,4fbe9c06,6,9477.679688749928,288
F_grdp_G_a_v0.02_s0.5,5397ceb1,0,37783.61275349318,999
F_grdp_G_a_v0.02_s0.5,5397ceb1,1,42295.71569406122,1000
F_grdp_G_a_v0.02_s0.5,5397ceb1,2,253298.11441392865,1000
F_grdp_G_a_v0.02_s0.5,5397ceb1,3,398026.86597236735,1000
F_grdp_G_a_v0.02_s0.5,5397ceb1,4,263766.5886534273,1000
F_grdp_G_a_v0.02_s0.5,5397ceb1,5,73624.10611161437,256
F_grdp_G_a_v0.02_s0.5,9dfff011,0,5396.724123997953,999
F_grdp_G_a_v0.02_s0.5,9dfff011,1,137315.05374206766,1000
F_grdp_G_a_v0.02_s0.5,9dfff011,2,64282.043257192,1000
F_grdp_G_a_v0.02_s0.5,9dfff011,3,26136.987358044655,1000
F_grdp_G_a_v0.02_s0.5,9dfff011,4,25193.703225503843,320
F_grdp_G_a_v0.02_s0.5,9d5e14d4,0,175347.78189999293,999
F_grdp_G_a_v0.02_s0.5,9d5e14d4,1,236973.9304999909,1000
F_grdp_G_a_v0.02_s0.5,9d5e14d4,2,728804.6431999855,1000
F_grdp_G_a_v0.02_s0.5,9d5e14d4,3,1636064.8367999766,1000
F_grdp_G_a_v0.02_s0.5,9d5e14d4,4,1592819.496199976,1000
F_grdp_G_a_v0.02_s0.5,9d5e14d4,5,627828.1645999898,401
F_grdp_G_a_v0.02_s0.5,2b034622,0,7902.757547601534,999
F_grdp_G_a_v0.02_s0.5,2b034622,1,3885.486916661807,1000
F_grdp_G_a_v0.02_s0.5,2b034622,2,36692.49383116827,1000
F_grdp_G_a_v0.02_s0.5,2b034622,3,10893.229594244223,1000
F_grdp_G_a_v0.02_s0.5,2b034622,4,3964.642140382619,1000
F_grdp_G_a_v0.02_s0.5,2b034622,5,196.6203592593792,204
F_grdp_G_a_v0.02_s0.5,7a5660b0,0,2544.844401494945,999
F_grdp_G_a_v0.02_s0.5,7a5660b0,1,4216.13641655099,1000
F_grdp_G_a_v0.02_s0.5,7a5660b0,2,19400.924533033107,1000
F_grdp_G_a_v0.02_s0.5,7a5660b0,3,60319.39120254893,1000
F_grdp_G_a_v0.02_s0.5,7a5660b0,4,49971.91266620016,999
F_grdp_G_a_v0.02_s0.5,15e154a1,0,9661.807092538636,999
F_grdp_G_a_v0.02_s0.5,15e154a1,1,12542.074603094092,1000
F_grdp_G_a_v0.02_s0.5,15e154a1,2,17450.093462892433,1000
F_grdp_G_a_v0.02_s0.5,15e154a1,3,9894.505444804276,1000
F_grdp_G_a_v0.02_s0.5,15e154a1,4,4567.796136943467,1000
F_grdp_G_a_v0.02_s0.5,15e154a1,5,13970.00396166109,1000
F_grdp_G_a_v0.02_s0.5,15e154a1,6,1806.1543775562423,69
F_grdp_G_a_v0.02_s0.5,85380836,0,10334.534201963317,999
F_grdp_G_a_v0.02_s0.5,85380836,1,28769.27582169607,1000
F_grdp_G_a_v0.02_s0.5,85380836,2,3349.4675835011867,1000
F_grdp_G_a_v0.02_s0.5,85380836,3,2909.1636332392295,1000
F_grdp_G_a_v0.02_s0.5,85380836,4,1170.3802958097342,1000
F_grdp_G_a_v0.02_s0.5,85380836,5,6456.407112881361,1000
F_grdp_G_a_v0.02_s0.5,85380836,6,9862.593837272865,619
F_grdp_G_a_v0.02_s0.5,521a7819,0,11712.736783466995,999
F_grdp_G_a_v0.02_s0.5,521a7819,1,2008.624551908457,1000
F_grdp_G_a_v0.02_s0.5,521a7819,2,11652.860006776793,1000
F_grdp_G_a_v0.02_s0.5,521a7819,3,55970.48989760939,1000
F_grdp_G_a_v0.02_s0.5,521a7819,4,30232.81332554916,1000
F_grdp_G_a_v0.02_s0.5,521a7819,5,2206.88384882119,201
F_grdp_G_a_v0.02_s0.5,e2fc7745,0,42627.30909264292,999
F_grdp_G_a_v0.02_s0.5,e2fc7745,1,92659.62857768791,1000
F_grdp_G_a_v0.02_s0.5,e2fc7745,2,19531.831442381903,1000
F_grdp_G_a_v0.02_s0.5,e2fc7745,3,12473.780076218682,693
F_grdp_G_a_v0.02_s0.5,73348914,0,10819.687885232417,999
F_grdp_G_a_v0.02_s0.5,73348914,1,79447.52484188699,1000
F_grdp_G_a_v0.02_s0.5,73348914,2,54792.0101693005,1000
F_grdp_G_a_v0.02_s0.5,73348914,3,327.438744447869,1000
F_grdp_G_a_v0.02_s0.5,73348914,4,1229.8547021337379,222
F_grdp_G_a_v0.02_s0.5,f6824bb0,0,15448.355444255027,999
F_grdp_G_a_v0.02_s0.5,f6824bb0,1,17966.708361663223,1000
F_grdp_G_a_v0.02_s0.5,f6824bb0,2,3439.497952768288,1000
F_grdp_G_a_v0.02_s0.5,f6824bb0,3,5673.094849974035,1000
F_grdp_G_a_v0.02_s0.5,f6824bb0,4,9951.50342234274,1000
F_grdp_G_a_v0.02_s0.5,f6824bb0,5,524.4053805569565,16
F_grdp_G_a_v0.02_s0.5,b19b0395,0,95381.03049520987,999
F_grdp_G_a_v0.02_s0.5,b19b0395,1,197123.2268218664,1000
F_grdp_G_a_v0.02_s0.5,b19b0395,2,261004.64533409735,1000
F_grdp_G_a_v0.02_s0.5,b19b0395,3,309526.38667930267,1000
F_grdp_G_a_v0.02_s0.5,b19b0395,4,320222.0084727752,1000
F_grdp_G_a_v0.02_s0.5,b19b0395,5,92473.53816796906,814
F_grdp_G_a_v0.02_s0.5,aaaf3c03,0,422902.04379656044,999
F_grdp_G_a_v0.02_s0.5,aaaf3c03,1,267958.5085121441,1000
F_grdp_G_a_v0.02_s0.5,aaaf3c03,2,74792.08956870384,998
F_grdp_G_a_v0.02_s0.5,125be846,0,27441.173787417625,999
F_grdp_G_a_v0.02_s0.5,125be846,1,23951.040704825173,1000
F_grdp_G_a_v0.02_s0.5,125be846,2,179495.6744235083,1000
F_grdp_G_a_v0.02_s0.5,125be846,3,86512.81120168068,1000
F_grdp_G_a_v0.02_s0.5,125be846,4,181037.1806760516,1000
F_grdp_G_a_v0.02_s0.5,125be846,5,369390.3872196807,1000
F_grdp_G_a_v0.02_s0.5,125be846,6,172449.3545305504,511
F_grdp_G_a_v0.02_s0.5,2d35f86d,0,31149.58182128727,999
F_grdp_G_a_v0.02_s0.5,2d35f86d,1,139839.27448597684,1000
F_grdp_G_a_v0.02_s0.5,2d35f86d,2,86166.17188003252,1000
F_grdp_G_a_v0.02_s0.5,2d35f86d,3,164970.47509634687,1000
F_grdp_G_a_v0.02_s0.5,2d35f86d,4,138192.04308752564,897
F_grdp_G_a_v0.02_s0.5,54753541,0,25077.436231130938,999
F_grdp_G_a_v0.02_s0.5,54753541,1,65603.88566157939,1000
F_grdp_G_a_v0.02_s0.5,54753541,2,20721.800093816044,1000
F_grdp_G_a_v0.02_s0.5,54753541,3,155800.19480018687,1000
F_grdp_G_a_v0.02_s0.5,54753541,4,9956.338183357559,27
F_grdp_G_a_v0.02_s0.5,9b5b61c1,0,924.9615710526003,999
F_grdp_G_a_v0.02_s0.5,9b5b61c1,1,15010.920744312132,1000
F_grdp_G_a_v0.02_s0.5,9b5b61c1,2,6914.670204971325,1000
F_grdp_G_a_v0.02_s0.5,9b5b61c1,3,8605.551226142885,1000
F_grdp_G_a_v0.02_s0.5,9b5b61c1,4,5180.534678503641,1000
F_grdp_G_a_v0.02_s0.5,9b5b61c1,5,9881.666410283211,533
F_grdp_G_a_v0.02_s0.5,1131525f,0,27085.54485560936,999
F_grdp_G_a_v0.02_s0.5,1131525f,1,26189.89724876097,1000
F_grdp_G_a_v0.02_s0.5,1131525f,2,11315.33355859511,1000
F_grdp_G_a_v0.02_s0.5,1131525f,3,14013.584883403402,1000
F_grdp_G_a_v0.02_s0.5,1131525f,4,3859.6317556778167,160
F_grdp_G_a_v0.02_s0.5,45fb3e21,0,3916.0407474935732,999
F_grdp_G_a_v0.02_s0.5,45fb3e21,1,3913.72815148817,1000
F_grdp_G_a_v0.02_s0.5,45fb3e21,2,36470.68160135729,1000
F_grdp_G_a_v0.02_s0.5,45fb3e21,3,27145.074575041643,650
F_grdp_G_a_v0.02_s0.5,177622d7,0,1024.5039875583723,999
F_grdp_G_a_v0.02_s0.5,177622d7,1,18237.879319053805,1000
F_grdp_G_a_v0.02_s0.5,177622d7,2,8009.742508612181,1000
F_grdp_G_a_v0.02_s0.5,177622d7,3,92.49019041567422,155
F_grdp_G_a_v0.02_s0.5,8bda1a11,0,11987.553595917367,999
F_grdp_G_a_v0.02_s0.5,8bda1a11,1,116461.54614781677,1000
F_grdp_G_a_v0.02_s0.5,8bda1a11,2,113014.60554023061,1000
F_grdp_G_a_v0.02_s0.5,8bda1a11,3,81564.62363581479,1000
F_grdp_G_a_v0.02_s0.5,8bda1a11,4,80313.2632479071,1000
F_grdp_G_a_v0.02_s0.5,8bda1a11,5,4547.585762303092,982
F_grdp_G_a_v0.02_s0.5,516088b7,0,3291.7173128239588,999
F_grdp_G_a_v0.02_s0.5,516088b7,1,19115.55814278141,1000
F_grdp_G_a_v0.02_s0.5,516088b7,2,85295.66064971885,1000
F_grdp_G_a_v0.02_s0.5,516088b7,3,15228.563743622433,1000
F_grdp_G_a_v0.02_s0.5,516088b7,4,23323.62471655036,1000
F_grdp_G_a_v0.02_s0.5,516088b7,5,6702.28405178813,1000
F_grdp_G_a_v0.02_s0.5,516088b7,6,6204.031626842357,646
F_grdp_G_a_v0.02_s0.5,65156b96,0,10037.026931963668,999
F_grdp_G_a_v0.02_s0.5,65156b96,1,3108.717087557271,1000
F_grdp_G_a_v0.02_s0.5,65156b96,2,7605.730470980376,1000
F_grdp_G_a_v0.02_s0.5,65156b96,3,34388.256364770896,222
F_grdp_G_a_v0.02_s0.5,96b7eea1,0,11710.08670734823,999
F_grdp_G_a_v0.02_s0.5,96b7eea1,1,11795.739719029776,1000
F_grdp_G_a_v0.02_s0.5,96b7eea1,2,7297.108810335638,1000
F_grdp_G_a_v0.02_s0.5,96b7eea1,3,69085.33100908388,1000
F_grdp_G_a_v0.02_s0.5,96b7eea1,4,89650.94057282362,333
F_grdp_G_a_v0.02_s0.5,2d179ded,0,18335.251160242045,999
F_grdp_G_a_v0.02_s0.5,2d179ded,1,47013.668294186864,1000
F_grdp_G_a_v0.02_s0.5,2d179ded,2,7404.397591082317,1000
F_grdp_G_a_v0.02_s0.5,2d179ded,3,40829.367374246096,1000
F_grdp_G_a_v0.02_s0.5,2d179ded,4,74625.54405955656,1000
F_grdp_G_a_v0.02_s0.5,2d179ded,5,5574.057404227059,1000
F_grdp_G_a_v0.02_s0.5,2d179ded,6,2950.953648522963,1000
F_grdp_G_a_v0.02_s0.5,2d179ded,7,416.1053660618471,9
F_grdp_G_a_v0.02_s0.5,f140c2fa,0,4499.430125866803,999
F_grdp_G_a_v0.02_s0.5,f140c2fa,1,21598.540875941686,1000
F_grdp_G_a_v0.02_s0.5,f140c2fa,2,7144.944434716014,1000
F_grdp_G_a_v0.02_s0.5,f140c2fa,3,37140.88832870612,1000
F_grdp_G_a_v0.02_s0.5,f140c2fa,4,3583.281287780573,83
F_grdp_G_a_v0.02_s0.5,2e29e833,0,5966.34045014066,999
F_grdp_G_a_v0.02_s0.5,2e29e833,1,49544.482022034405,1000
F_grdp_G_a_v0.02_s0.5,2e29e833,2,144408.48568160113,1000
F_grdp_G_a_v0.02_s0.5,2e29e833,3,24878.5329990366,1000
F_grdp_G_a_v0.02_s0.5,2e29e833,4,12715.63694990019,1000
F_grdp_G_a_v0.02_s0.5,2e29e833,5,44520.122385211056,429
F_grdp_G_a_v0.02_s0.5,2ab29395,0,1044.2574197104989,999
F_grdp_G_a_v0.02_s0.5,2ab29395,1,1702.3660122036615,853
F_grdp_G_a_v0.02_s0.5,1295a25b,0,23129.617532241686,999
F_grdp_G_a_v0.02_s0.5,1295a25b,1,68398.2778533574,1000
F_grdp_G_a_v0.02_s0.5,1295a25b,2,124874.9296933972,1000
F_grdp_G_a_v0.02_s0.5,1295a25b,3,74200.59380046277,1000
F_grdp_G_a_v0.02_s0.5,1295a25b,4,42120.71948818862,1000
F_grdp_G_a_v0.02_s0.5,1295a25b,5,10554.100143006304,552
F_grdp_G_a_v0.02_s0.5,d60430e6,0,9753.144987154757,999
F_grdp_G_a_v0.02_s0.5,d60430e6,1,6970.14166571484,1000
F_grdp_G_a_v0.02_s0.5,d60430e6,2,792.8997784388757,512
F_grdp_G_a_v0.02_s0.5,3df4b19e,0,9972.748089341483,999
F_grdp_G_a_v0.02_s0.5,3df4b19e,1,34162.53462361405,1000
F_grdp_G_a_v0.02_s0.5,3df4b19e,2,13286.067872412457,1000
F_grdp_G_a_v0.02_s0.5,3df4b19e,3,9024.2193049087,1000
F_grdp_G_a_v0.02_s0.5,3df4b19e,4,9405.670059568349,989
F_grdp_G_a_v0.02_s0.5,14ad5efb,0,37336.4408161232,999
F_grdp_G_a_v0.02_s0.5,14ad5efb,1,48012.26500815005,1000
F_grdp_G_a_v0.02_s0.5,14ad5efb,2,1007.741564521783,1000
F_grdp_G_a_v0.02_s0.5,14ad5efb,3,36015.154817942486,1000
F_grdp_G_a_v0.02_s0.5,14ad5efb,4,51412.58079455881,1000
F_grdp_G_a_v0.02_s0.5,14ad5efb,5,24397.01955660999,843
F_grdp_G_a_v0.02_s0.5,b4d8dd4f,0,7586.874099581883,999
F_grdp_G_a_v0.02_s0.5,b4d8dd4f,1,8607.391257929248,1000
F_grdp_G_a_v0.02_s0.5,b4d8dd4f,2,1099.3904787965719,1000
F_grdp_G_a_v0.02_s0.5,b4d8dd4f,3,895810.7167072586,1000
F_grdp_G_a_v0.02_s0.5,b4d8dd4f,4,662946.3628608406,260
F_grdp_G_a_v0.02_s0.5,6a0ff78e,0,55392.09276726011,999
F_grdp_G_a_v0.02_s0.5,6a0ff78e,1,27231.67566519248,1000
F_grdp_G_a_v0.02_s0.5,6a0ff78e,2,12651.949478314604,1000
F_grdp_G_a_v0.02_s0.5,6a0ff78e,3,1825.3136455068116,1000
F_grdp_G_a_v0.02_s0.5,6a0ff78e,4,488.4788802968832,1000
F_grdp_G_a_v0.02_s0.5,6a0ff78e,5,761.0440781054392,1000
F_grdp_G_a_v0.02_s0.5,6a0ff78e,6,2940.3781535812186,466
F_grdp_G_a_v0.02_s0.5,be063506,0,82549.91656573635,999
F_grdp_G_a_v0.02_s0.5,be063506,1,80135.4857462013,1000
F_grdp_G_a_v0.02_s0.5,be063506,2,130286.96090504395,1000
F_grdp_G_a_v0.02_s0.5,be063506,3,157035.42060454356,1000
F_grdp_G_a_v0.02_s0.5,be063506,4,44233.008578062574,501
F_grdp_G_a_v0.02_s0.5,87aa3730,0,4684.291278417973,999
F_grdp_G_a_v0.02_s0.5,87aa3730,1,9083.34476741055,1000
F_grdp_G_a_v0.02_s0.5,87aa3730,2,33845.37162321997,1000
F_grdp_G_a_v0.02_s0.5,87aa3730,3,317686.67694204004,1000
F_grdp_G_a_v0.02_s0.5,87aa3730,4,213254.15043360513,1000
F_grdp_G_a_v0.02_s0.5,87aa3730,5,108724.81244067349,608
F_grdp_G_a_v0.02_s0.5,75c20ec7,0,10745.47876612821,999
F_grdp_G_a_v0.02_s0.5,75c20ec7,1,105992.95947038404,1000
F_grdp_G_a_v0.02_s0.5,75c20ec7,2,66216.3419091488,1000
F_grdp_G_a_v0.02_s0.5,75c20ec7,3,214724.59999299355,1000
F_grdp_G_a_v0.02_s0.5,75c20ec7,4,30769.490216646405,1000
F_grdp_G_a_v0.02_s0.5,75c20ec7,5,39770.91430903306,362
F_grdp_G_a_v0.02_s0.5,367456ce,0,4312.912097190509,999
F_grdp_G_a_v0.02_s0.5,367456ce,1,6945.040798096884,1000
F_grdp_G_a_v0.02_s0.5,367456ce,2,2971.7814977367743,1000
F_grdp_G_a_v0.02_s0.5,367456ce,3,14445.742457319051,1000
F_grdp_G_a_v0.02_s0.5,367456ce,4,21602.861606432063,1000
F_grdp_G_a_v0.02_s0.5,367456ce,5,1125.3860530338832,570
F_grdp_G_a_v0.02_s0.5,b0f53bf4,0,19540.180447076884,999
F_grdp_G_a_v0.02_s0.5,b0f53bf4,1,22078.097549019607,1000
F_grdp_G_a_v0.02_s0.5,b0f53bf4,2,68111.98690367413,756
F_grdp_G_a_v0.02_s0.5,ef8e3ed0,0,60124.84058471251,999
F_grdp_G_a_v0.02_s0.5,ef8e3ed0,1,112499.79403096094,1000
F_grdp_G_a_v0.02_s0.5,ef8e3ed0,2,31431.547462363276,1000
F_grdp_G_a_v0.02_s0.5,ef8e3ed0,3,116654.08469206763,1000
F_grdp_G_a_v0.02_s0.5,ef8e3ed0,4,118545.22349362224,1000
F_grdp_G_a_v0.02_s0.5,ef8e3ed0,5,8104.967183174771,225
F_grdp_G_a_v0.02_s0.5,d6dd7330,0,3282.843116233573,999
F_grdp_G_a_v0.02_s0.5,d6dd7330,1,11187.49174197869,1000
F_grdp_G_a_v0.02_s0.5,d6dd7330,2,27069.319769798363,1000
F_grdp_G_a_v0.02_s0.5,d6dd7330,3,34040.87288293168,1000
F_grdp_G_a_v0.02_s0.5,d6dd7330,4,96900.26158628188,1000
F_grdp_G_a_v0.02_s0.5,d6dd7330,5,3570.6424227984635,1000
F_grdp_G_a_v0.02_s0.5,d6dd7330,6,789.7334531433236,194
F_grdp_G_a_v0.02_s0.5,69e41fa6,0,3867.741571309022,999
F_grdp_G_a_v0.02_s0.5,69e41fa6,1,63881.161426623505,1000
F_grdp_G_a_v0.02_s0.5,69e41fa6,2,19936.325327493243,1000
F_grdp_G_a_v0.02_s0.5,69e41fa6,3,29998.158984812082,1000
F_grdp_G_a_v0.02_s0.5,69e41fa6,4,9373.372982088831,1000
F_grdp_G_a_v0.02_s0.5,69e41fa6,5,38130.61131838543,773
F_grdp_G_a_v0.02_s0.5,bd6f0e19,0,7383.216667665443,999
F_grdp_G_a_v0.02_s0.5,bd6f0e19,1,30427.71289946083,1000
F_grdp_G_a_v0.02_s0.5,bd6f0e19,2,47821.20836542004,1000
F_grdp_G_a_v0.02_s0.5,bd6f0e19,3,66868.08976801172,1000
F_grdp_G_a_v0.02_s0.5,bd6f0e19,4,56694.76747106665,1000
F_grdp_G_a_v0.02_s0.5,bd6f0e19,5,6067.551602438365,141
F_grdp_G_a_v0.02_s0.5,512943b2,0,159.0370962337649,999
F_grdp_G_a_v0.02_s0.5,512943b2,1,1731.674295234218,1000
F_grdp_G_a_v0.02_s0.5,512943b2,2,12802.424091080578,1000
F_grdp_G_a_v0.02_s0.5,512943b2,3,8441.98923719517,1000
F_grdp_G_a_v0.02_s0.5,512943b2,4,18001.82107159349,1000
F_grdp_G_a_v0.02_s0.5,512943b2,5,607.1193137729264,30
F_grdp_G_a_v0.02_s0.5,389ae58f,0,696903.4108799848,999
F_grdp_G_a_v0.02_s0.5,389ae58f,1,1722269.936922485,1000
F_grdp_G_a_v0.02_s0.5,389ae58f,2,1835655.9660699358,1000
F_grdp_G_a_v0.02_s0.5,389ae58f,3,1936250.324314288,1000
F_grdp_G_a_v0.02_s0.5,389ae58f,4,2587232.7579718325,1000
F_grdp_G_a_v0.02_s0.5,389ae58f,5,3418183.447004612,1000
F_grdp_G_a_v0.02_s0.5,389ae58f,6,1096336.6111235716,464
F_grdp_G_a_v0.02_s0.5,d41beaf2,0,385.631768256544,999
F_grdp_G_a_v0.02_s0.5,d41beaf2,1,20313.489986806453,1000
F_grdp_G_a_v0.02_s0.5,d41beaf2,2,33292.83992378919,1000
F_grdp_G_a_v0.02_s0.5,d41beaf2,3,7693.185724110594,1000
F_grdp_G_a_v0.02_s0.5,d41beaf2,4,682.3567942320368,754
F_grdp_G_a_v0.02_s0.5,2f8e53c3,0,762.5416944541641,999
F_grdp_G_a_v0.02_s0.5,2f8e53c3,1,2535.548272105132,1000
F_grdp_G_a_v0.02_s0.5,2f8e53c3,2,91.59594816150756,595
F_grdp_G_a_v0.02_s0.5,e6c55748,0,477.36768969352534,999
F_grdp_G_a_v0.02_s0.5,e6c55748,1,14776.061445623145,1000
F_grdp_G_a_v0.02_s0.5,e6c55748,2,35794.28891983997,1000
F_grdp_G_a_v0.02_s0.5,e6c55748,3,28407.112381272178,1000
F_grdp_G_a_v0.02_s0.5,e6c55748,4,7765.29236778909,473
F_grdp_G_a_v0.02_s0.5,3a0af893,0,790.1304662268989,999
F_grdp_G_a_v0.02_s0.5,3a0af893,1,78313.00371848926,1000
F_grdp_G_a_v0.02_s0.5,3a0af893,2,99822.95745294656,928
F_grdp_G_a_v0.02_s0.5,e7c36e81,0,755.7256504628896,999
F_grdp_G_a_v0.02_s0.5,e7c36e81,1,780.3582863343825,1000
F_grdp_G_a_v0.02_s0.5,e7c36e81,2,752.4117412964491,1000
F_grdp_G_a_v0.02_s0.5,e7c36e81,3,3708.9624664750877,532
F_grdp_G_a_v0.02_s0.5,29b24409,0,5943.9603493348895,999
F_grdp_G_a_v0.02_s0.5,29b24409,1,94762.95917322504,1000
F_grdp_G_a_v0.02_s0.5,29b24409,2,67255.29482171197,1000
F_grdp_G_a_v0.02_s0.5,29b24409,3,49381.20135181269,1000
F_grdp_G_a_v0.02_s0.5,29b24409,4,57927.07404590445,1000
F_grdp_G_a_v0.02_s0.5,29b24409,5,94322.69203084416,588
F_grdp_G_a_v0.02_s0.5,00e12e8b,0,21823.471656859627,999
F_grdp_G_a_v0.02_s0.5,00e12e8b,1,16678.816760118105,1000
F_grdp_G_a_v0.02_s0.5,00e12e8b,2,10601.683681930404,1000
F_grdp_G_a_v0.02_s0.5,00e12e8b,3,6164.23164831665,1000
F_grdp_G_a_v0.02_s0.5,00e12e8b,4,1598.0530446249481,302
F_grdp_G_a_v0.02_s0.5,bb2cdd83,0,5987.906451071726,999
F_grdp_G_a_v0.02_s0.5,bb2cdd83,1,1244.4387487961244,1000
F_grdp_G_a_v0.02_s0.5,bb2cdd83,2,15388.668149180448,1000
F_grdp_G_a_v0.02_s0.5,bb2cdd83,3,13532.697457506065,826
F_grdp_G_a_v0.02_s0.5,1285a37b,0,12618.236897069448,999
F_grdp_G_a_v0.02_s0.5,1285a37b,1,16950.869604699234,1000
F_grdp_G_a_v0.02_s0.5,1285a37b,2,41787.26588917836,1000
F_grdp_G_a_v0.02_s0.5,1285a37b,3,68688.31440727694,1000
F_grdp_G_a_v0.02_s0.5,1285a37b,4,229652.67082577743,1000
F_grdp_G_a_v0.02_s0.5,1285a37b,5,124498.115813705,598
F_grdp_G_a_v0.02_s0.5,109d9d70,0,12273.721751576712,999
F_grdp_G_a_v0.02_s0.5,109d9d70,1,4464.881161641498,1000
F_grdp_G_a_v0.02_s0.5,109d9d70,2,4090.3625977680636,1000
F_grdp_G_a_v0.02_s0.5,109d9d70,3,148854.6890796486,1000
F_grdp_G_a_v0.02_s0.5,109d9d70,4,24930.651317092612,216
F_grdp_G_a_v0.02_s0.5,2fa01aa6,0,68296.64774085004,999
F_grdp_G_a_v0.02_s0.5,2fa01aa6,1,469069.4681343777,1000
F_grdp_G_a_v0.02_s0.5,2fa01aa6,2,164674.7107614479,175
F_grdp_G_a_v0.02_s0.5,ba48188d,0,2522.597812531007,999
F_grdp_G_a_v0.02_s0.5,ba48188d,1,46937.3146149522,1000
F_grdp_G_a_v0.02_s0.5,ba48188d,2,688831.1101022256,1000
F_grdp_G_a_v0.02_s0.5,ba48188d,3,1879804.5511572782,1000
F_grdp_G_a_v0.02_s0.5,ba48188d,4,476364.12436871696,167
F_grdp_G_a_v0.02_s0.5,9e3e364d,0,3611.0832594439166,999
F_grdp_G_a_v0.02_s0.5,9e3e364d,1,6851.645740957292,1000
F_grdp_G_a_v0.02_s0.5,9e3e364d,2,8079.226135784008,1000
F_grdp_G_a_v0.02_s0.5,9e3e364d,3,15618.688195906956,1000
F_grdp_G_a_v0.02_s0.5,9e3e364d,4,26835.83535343507,291
F_grdp_G_a_v0.02_s0.5,3584a6eb,0,9579.089956455107,999
F_grdp_G_a_v0.02_s0.5,3584a6eb,1,30270.538612657045,1000
F_grdp_G_a_v0.02_s0.5,3584a6eb,2,45891.200993452105,1000
F_grdp_G_a_v0.02_s0.5,3584a6eb,3,39206.193323317806,1000
F_grdp_G_a_v0.02_s0.5,3584a6eb,4,46680.10129006217,495
F_grdp_G_a_v0.02_s0.5,9314ff13,0,4904.210113288555,999
F_grdp_G_a_v0.02_s0.5,9314ff13,1,17893.537156123948,1000
F_grdp_G_a_v0.02_s0.5,9314ff13,2,5493.562377685247,749
F_grdp_G_a_v0.02_s0.5,fde20ecf,0,709.0828997409205,999
F_grdp_G_a_v0.02_s0.5,fde20ecf,1,20610.63877196174,1000
F_grdp_G_a_v0.02_s0.5,fde20ecf,2,2163.9574989717216,1000
F_grdp_G_a_v0.02_s0.5,fde20ecf,3,94728.95701105475,1000
F_grdp_G_a_v0.02_s0.5,fde20ecf,4,36568.43546568783,668
F_grdp_G_a_v0.02_s0.5,ee0300f7,0,328622.74600002775,999
F_grdp_G_a_v0.02_s0.5,ee0300f7,1,824428.431700044,1000
F_grdp_G_a_v0.02_s0.5,ee0300f7,2,725435.6950000419,1000
F_grdp_G_a_v0.02_s0.5,ee0300f7,3,1021533.6917000494,1000
F_grdp_G_a_v0.02_s0.5,ee0300f7,4,777699.3687000315,545
F_grdp_G_a_v0.02_s0.5,89f36adf,0,210.65985022604906,999
F_grdp_G_a_v0.02_s0.5,89f36adf,1,8469.868864719061,1000
F_grdp_G_a_v0.02_s0.5,89f36adf,2,101181.41826792128,1000
F_grdp_G_a_v0.02_s0.5,89f36adf,3,56354.101967035305,1000
F_grdp_G_a_v0.02_s0.5,89f36adf,4,69055.13805598617,1000
F_grdp_G_a_v0.02_s0.5,89f36adf,5,16246.399188945072,293
F_grdp_G_a_v0.02_s0.5,6d6d93af,0,152581.7031453064,999
F_grdp_G_a_v0.02_s0.5,6d6d93af,1,1136738.6728500668,1000
F_grdp_G_a_v0.02_s0.5,6d6d93af,2,378921.0350570333,1000
F_grdp_G_a_v0.02_s0.5,6d6d93af,3,45174.796478079654,596
F_grdp_G_a_v0.02_s0.5,4c3168cf,0,10948.66741725318,999
F_grdp_G_a_v0.02_s0.5,4c3168cf,1,5487.1601160973305,1000
F_grdp_G_a_v0.02_s0.5,4c3168cf,2,2358.232395093298,1000
F_grdp_G_a_v0.02_s0.5,4c3168cf,3,1638.3412593029534,1000
F_grdp_G_a_v0.02_s0.5,4c3168cf,4,2784.4338126069583,335
F_grdp_G_a_v0.02_s0.5,26d3a96a,0,19131.100416173333,999
F_grdp_G_a_v0.02_s0.5,26d3a96a,1,48412.85622849192,1000
F_grdp_G_a_v0.02_s0.5,26d3a96a,2,208842.33354753727,1000
F_grdp_G_a_v0.02_s0.5,26d3a96a,3,361029.8264315612,1000
F_grdp_G_a_v0.02_s0.5,26d3a96a,4,135584.82440077557,722
F_grdp_G_a_v0.02_s0.5,bd4ae5da,0,17607.423816625804,999
F_grdp_G_a_v0.02_s0.5,bd4ae5da,1,10043.203824919377,1000
F_grdp_G_a_v0.02_s0.5,bd4ae5da,2,17326.40470279436,1000
F_grdp_G_a_v0.02_s0.5,bd4ae5da,3,126704.49343274353,1000
F_grdp_G_a_v0.02_s0.5,bd4ae5da,4,73905.9363542912,1000
F_grdp_G_a_v0.02_s0.5,bd4ae5da,5,228.35057758577796,7
F_grdp_G_a_v0.02_s0.5,8902c3f6,0,79108.64528973556,999
F_grdp_G_a_v0.02_s0.5,8902c3f6,1,56244.33607830607,1000
F_grdp_G_a_v0.02_s0.5,8902c3f6,2,332686.1614951732,1000
F_grdp_G_a_v0.02_s0.5,8902c3f6,3,588720.6481839503,1000
F_grdp_G_a_v0.02_s0.5,8902c3f6,4,328414.5682253629,960
F_grdp_G_a_v0.02_s0.5,b977be4a,0,195453.91669613618,999
F_grdp_G_a_v0.02_s0.5,b977be4a,1,435514.3272233763,1000
F_grdp_G_a_v0.02_s0.5,b977be4a,2,33059.39428668192,1000
F_grdp_G_a_v0.02_s0.5,b977be4a,3,46538.33090889219,1000
F_grdp_G_a_v0.02_s0.5,b977be4a,4,138550.11184580077,1000
F_grdp_G_a_v0.02_s0.5,b977be4a,5,103204.69143548544,918
F_grdp_G_a_v0.02_s0.5,f40cd091,0,74210.82547371108,999
F_grdp_G_a_v0.02_s0.5,f40cd091,1,21962.670624955525,1000
F_grdp_G_a_v0.02_s0.5,f40cd091,2,6969.482791694345,1000
F_grdp_G_a_v0.02_s0.5,f40cd091,3,19337.15715116347,1000
F_grdp_G_a_v0.02_s0.5,f40cd091,4,67288.67102430148,1000
F_grdp_G_a_v0.02_s0.5,f40cd091,5,6390.056896398947,167
F_grdp_G_a_v0.02_s0.5,3a7dd95d,0,267557.37161835935,999
F_grdp_G_a_v0.02_s0.5,3a7dd95d,1,258346.2273392831,1000
F_grdp_G_a_v0.02_s0.5,3a7dd95d,2,26730.95939959328,1000
F_grdp_G_a_v0.02_s0.5,3a7dd95d,3,4407.556223983918,73
F_grdp_G_a_v0.02_s0.5,c96c018a,0,15372.5358093744,999
F_grdp_G_a_v0.02_s0.5,c96c018a,1,18817.62939518123,1000
F_grdp_G_a_v0.02_s0.5,c96c018a,2,73110.50680047176,1000
F_grdp_G_a_v0.02_s0.5,c96c018a,3,126480.16673278296,1000
F_grdp_G_a_v0.02_s0.5,c96c018a,4,101071.55658661814,1000
F_grdp_G_a_v0.02_s0.5,c96c018a,5,44961.27941795359,1000
F_grdp_G_a_v0.02_s0.5,c96c018a,6,819.0961192210862,237
F_grdp_G_a_v0.02_s0.5,67a8da4a,0,3784.9953945654697,999
F_grdp_G_a_v0.02_s0.5,67a8da4a,1,102424.15826911067,1000
F_grdp_G_a_v0.02_s0.5,67a8da4a,2,201997.86664088126,1000
F_grdp_G_a_v0.02_s0.5,67a8da4a,3,114769.94034779973,1000
F_grdp_G_a_v0.02_s0.5,67a8da4a,4,201128.41484341712,912
F_grdp_G_a_v0.02_s0.5,f321a31c,0,2945.8365744638904,999
F_grdp_G_a_v0.02_s0.5,f321a31c,1,104317.87013533473,1000
F_grdp_G_a_v0.02_s0.5,f321a31c,2,171947.33539892363,1000
F_grdp_G_a_v0.02_s0.5,f321a31c,3,74637.98299477238,1000
F_grdp_G_a_v0.02_s0.5,f321a31c,4,89784.47529965393,1000
F_grdp_G_a_v0.02_s0.5,f321a31c,5,11929.875972638669,142
F_grdp_G_a_v0.02_s0.5,b585b4fa,0,15246.484768359058,999
F_grdp_G_a_v0.02_s0.5,b585b4fa,1,1937.8888792363425,1000
F_grdp_G_a_v0.02_s0.5,b585b4fa,2,73552.59929756926,1000
F_grdp_G_a_v0.02_s0.5,b585b4fa,3,162870.75242548887,1000
F_grdp_G_a_v0.02_s0.5,b585b4fa,4,3993.141178328092,295
F_grdp_G_a_v0.02_s0.5,7acda2df,0,4578.105036597083,999
F_grdp_G_a_v0.02_s0.5,7acda2df,1,44569.731510096346,1000
F_grdp_G_a_v0.02_s0.5,7acda2df,2,110979.02298048629,1000
F_grdp_G_a_v0.02_s0.5,7acda2df,3,35270.026792569755,92
F_grdp_G_a_v0.02_s0.5,7987f2f2,0,32111.968026276947,999
F_grdp_G_a_v0.02_s0.5,7987f2f2,1,124714.34866131181,1000
F_grdp_G_a_v0.02_s0.5,7987f2f2,2,43874.74422572935,1000
F_grdp_G_a_v0.02_s0.5,7987f2f2,3,52159.86682392009,706
F_grdp_G_a_v0.02_s0.5,206b6193,0,24320.672283859487,999
F_grdp_G_a_v0.02_s0.5,206b6193,1,109063.40417021037,1000
F_grdp_G_a_v0.02_s0.5,206b6193,2,351284.603479513,1000
F_grdp_G_a_v0.02_s0.5,206b6193,3,236185.56131454787,1000
F_grdp_G_a_v0.02_s0.5,206b6193,4,276708.50233895506,1000
F_grdp_G_a_v0.02_s0.5,206b6193,5,671648.3679222707,1000
F_grdp_G_a_v0.02_s0.5,206b6193,6,559630.2409808534,536
F_grdp_G_a_v0.02_s0.5,656a067b,0,20041.398995507705,999
F_grdp_G_a_v0.02_s0.5,656a067b,1,34562.12468693196,1000
F_grdp_G_a_v0.02_s0.5,656a067b,2,129142.69967724604,1000
F_grdp_G_a_v0.02_s0.5,656a067b,3,3520.3600191777678,52
F_grdp_G_a_v0.02_s0.5,e0079ed1,0,85215.1838605347,999
F_grdp_G_a_v0.02_s0.5,e0079ed1,1,112659.63963082635,1000
F_grdp_G_a_v0.02_s0.5,e0079ed1,2,43023.75934897058,1000
F_grdp_G_a_v0.02_s0.5,e0079ed1,3,4679.802331148988,472
F_grdp_G_a_v0.02_s0.5,46d41ff6,0,88432.98069075623,999
F_grdp_G_a_v0.02_s0.5,46d41ff6,1,96427.3240373895,1000
F_grdp_G_a_v0.02_s0.5,46d41ff6,2,40077.87655605912,1000
F_grdp_G_a_v0.02_s0.5,46d41ff6,3,58913.31913789905,1000
F_grdp_G_a_v0.02_s0.5,46d41ff6,4,73124.16499591501,1000
F_grdp_G_a_v0.02_s0.5,46d41ff6,5,66680.34554830927,1000
F_grdp_G_a_v0.02_s0.5,46d41ff6,6,15841.096208945948,1000
F_grdp_G_a_v0.02_s0.5,46d41ff6,7,2174.2218249477364,902
F_grdp_G_a_v0.02_s0.5,8b5be31b,0,2650.522039463416,999
F_grdp_G_a_v0.02_s0.5,8b5be31b,1,33623.86687219158,1000
F_grdp_G_a_v0.02_s0.5,8b5be31b,2,18531.023534603915,1000
F_grdp_G_a_v0.02_s0.5,8b5be31b,3,161128.56787730506,1000
F_grdp_G_a_v0.02_s0.5,8b5be31b,4,74941.60670497277,1000
F_grdp_G_a_v0.02_s0.5,8b5be31b,5,33605.258877722306,673
F_grdp_G_a_v0.02_s0.5,edf885a3,0,33360.30272102095,999
F_grdp_G_a_v0.02_s0.5,edf885a3,1,184268.26986063144,1000
F_grdp_G_a_v0.02_s0.5,edf885a3,2,108542.46492760739,1000
F_grdp_G_a_v0.02_s0.5,edf885a3,3,4052.9621709736966,118
F_grdp_G_a_v0.02_s0.5,fd710aea,0,4466.622297694475,999
F_grdp_G_a_v0.02_s0.5,fd710aea,1,13140.27572600474,1000
F_grdp_G_a_v0.02_s0.5,fd710aea,2,4294.225338523273,1000
F_grdp_G_a_v0.02_s0.5,fd710aea,3,115694.34159915926,1000
F_grdp_G_a_v0.02_s0.5,fd710aea,4,152443.15373573432,218
F_grdp_G_a_v0.02_s0.5,41fb0192,0,47627.33499745139,999
F_grdp_G_a_v0.02_s0.5,41fb0192,1,18848.450533225183,1000
F_grdp_G_a_v0.02_s0.5,41fb0192,2,18601.120950327117,974
F_grdp_G_a_v0.02_s0.5,1b82b665,0,21955.867596709195,999
F_grdp_G_a_v0.02_s0.5,1b82b665,1,16150.2015650553,1000
F_grdp_G_a_v0.02_s0.5,1b82b665,2,2176.254901500823,1000
F_grdp_G_a_v0.02_s0.5,1b82b665,3,6930.403702578565,807
F_grdp_G_a_v0.02_s0.5,cda7eb37,0,322.40378322926654,999
F_grdp_G_a_v0.02_s0.5,cda7eb37,1,5836.86381950458,1000
F_grdp_G_a_v0.02_s0.5,cda7eb37,2,12261.192358685454,1000
F_grdp_G_a_v0.02_s0.5,cda7eb37,3,7717.0456693128845,1000
F_grdp_G_a_v0.02_s0.5,cda7eb37,4,23161.300631325732,1000
F_grdp_G_a_v0.02_s0.5,cda7eb37,5,69673.28238631901,974
F_grdp_G_a_v0.02_s0.5,99529c45,0,56630.67022835183,999
F_grdp_G_a_v0.02_s0.5,99529c45,1,64100.22144911304,1000
F_grdp_G_a_v0.02_s0.5,99529c45,2,33418.3938420232,1000
F_grdp_G_a_v0.02_s0.5,99529c45,3,140113.58227319492,1000
F_grdp_G_a_v0.02_s0.5,99529c45,4,27950.356994801492,1000
F_grdp_G_a_v0.02_s0.5,99529c45,5,21242.855177311485,841
F_grdp_G_a_v0.02_s0.5,d2f3b1ab,0,2344.495843932556,999
F_grdp_G_a_v0.02_s0.5,d2f3b1ab,1,2386.2296554220334,1000
F_grdp_G_a_v0.02_s0.5,d2f3b1ab,2,22150.399230086492,1000
F_grdp_G_a_v0.02_s0.5,d2f3b1ab,3,6436.51011385328,1000
F_grdp_G_a_v0.02_s0.5,d2f3b1ab,4,47317.22888157079,1000
F_grdp_G_a_v0.02_s0.5,d2f3b1ab,5,18699.765741313196,582
F_grdp_G_a_v0.02_s0.5,46a301e9,0,131757.5295962309,999
F_grdp_G_a_v0.02_s0.5,46a301e9,1,639499.2936616914,1000
F_grdp_G_a_v0.02_s0.5,46a301e9,2,159496.91242560558,1000
F_grdp_G_a_v0.02_s0.5,46a301e9,3,311516.36928798334,1000
F_grdp_G_a_v0.02_s0.5,46a301e9,4,258133.61080607492,1000
F_grdp_G_a_v0.02_s0.5,46a301e9,5,145342.6770271469,1000
F_grdp_G_a_v0.02_s0.5,46a301e9,6,200997.5044853076,1000
F_grdp_G_a_v0.02_s0.5,46a301e9,7,210013.23724792918,1000
F_grdp_G_a_v0.02_s0.5,46a301e9,8,72171.5605811783,227
F_grdp_G_a_v0.02_s0.5,5567d551,0,22324.919924942333,999
F_grdp_G_a_v0.02_s0.5,5567d551,1,9770.64284569695,1000
F_grdp_G_a_v0.02_s0.5,5567d551,2,11871.314409166267,1000
F_grdp_G_a_v0.02_s0.5,5567d551,3,4694.700832234564,1000
F_grdp_G_a_v0.02_s0.5,5567d551,4,119298.0908218898,1000
F_grdp_G_a_v0.02_s0.5,5567d551,5,35234.857570547036,1000
F_grdp_G_a_v0.02_s0.5,5567d551,6,94593.9921555931,890
F_grdp_G_a_v0.02_s0.5,ea41324e,0,5458.329098000533,999
F_grdp_G_a_v0.02_s0.5,ea41324e,1,11037.384005888429,1000
F_grdp_G_a_v0.02_s0.5,ea41324e,2,22001.837602668027,1000
F_grdp_G_a_v0.02_s0.5,ea41324e,3,46472.65876777395,1000
F_grdp_G_a_v0.02_s0.5,ea41324e,4,4824.339148699794,1000
F_grdp_G_a_v0.02_s0.5,ea41324e,5,65.94545576355857,26
F_grdp_G_a_v0.02_s0.5,fc03f21f,0,15474.526599997564,999
F_grdp_G_a_v0.02_s0.5,fc03f21f,1,220132.1986999926,1000
F_grdp_G_a_v0.02_s0.5,fc03f21f,2,84437.58069999401,1000
F_grdp_G_a_v0.02_s0.5,fc03f21f,3,25094.249099997633,1000
F_grdp_G_a_v0.02_s0.5,fc03f21f,4,456061.5314999897,804
F_grdp_G_a_v0.02_s0.5,2fd68f7b,0,325214.6770115167,999
F_grdp_G_a_v0.02_s0.5,2fd68f7b,1,2850420.4593642983,1000
F_grdp_G_a_v0.02_s0.5,2fd68f7b,2,3535903.284794406,1000
F_grdp_G_a_v0.02_s0.5,2fd68f7b,3,3461412.7965764655,1000
F_grdp_G_a_v0.02_s0.5,2fd68f7b,4,1890207.4298758002,731
F_grdp_G_a_v0.02_s0.5,653612bc,0,2504.822896115573,999
F_grdp_G_a_v0.02_s0.5,653612bc,1,3406.085203025434,1000
F_grdp_G_a_v0.02_s0.5,653612bc,2,11931.571442246226,1000
F_grdp_G_a_v0.02_s0.5,653612bc,3,19350.09101648612,1000
F_grdp_G_a_v0.02_s0.5,653612bc,4,7803.930070412213,606
F_grdp_G_a_v0.02_s0.5,c59b6c4a,0,464.69189849264,999
F_grdp_G_a_v0.02_s0.5,c59b6c4a,1,13752.166352380102,1000
F_grdp_G_a_v0.02_s0.5,c59b6c4a,2,16832.313695318488,1000
F_grdp_G_a_v0.02_s0.5,c59b6c4a,3,17514.953258761903,1000
F_grdp_G_a_v0.02_s0.5,c59b6c4a,4,183461.3914543831,1000
F_grdp_G_a_v0.02_s0.5,c59b6c4a,5,138338.14189460006,500
F_grdp_G_a_v0.02_s0.5,f021b650,0,32625.469970341845,999
F_grdp_G_a_v0.02_s0.5,f021b650,1,114297.85631826108,1000
F_grdp_G_a_v0.02_s0.5,f021b650,2,42718.27201088439,1000
F_grdp_G_a_v0.02_s0.5,f021b650,3,38399.582661440145,740
F_grdp_G_a_v0.02_s0.5,13f598d9,0,21357.561131855742,999
F_grdp_G_a_v0.02_s0.5,13f598d9,1,9422.356899222343,1000
F_grdp_G_a_v0.02_s0.5,13f598d9,2,1713.7468032834072,1000
F_grdp_G_a_v0.02_s0.5,13f598d9,3,6322.735484239491,1000
F_grdp_G_a_v0.02_s0.5,13f598d9,4,10388.291347251421,1000
F_grdp_G_a_v0.02_s0.5,13f598d9,5,139096.0044513874,1000
F_grdp_G_a_v0.02_s0.5,13f598d9,6,92024.72083357262,1000
F_grdp_G_a_v0.02_s0.5,13f598d9,7,1405.3783318212932,307
F_grdp_G_a_v0.02_s0.5,20096916,0,3006.988938470112,999
F_grdp_G_a_v0.02_s0.5,20096916,1,1998.1732744186093,1000
F_grdp_G_a_v0.02_s0.5,20096916,2,15969.876467968166,1000
F_grdp_G_a_v0.02_s0.5,20096916,3,102212.18815593832,1000
F_grdp_G_a_v0.02_s0.5,20096916,4,176571.5465404384,1000
F_grdp_G_a_v0.02_s0.5,20096916,5,26063.451607664487,134
F_grdp_G_a_v0.02_s0.5,796dbd4c,0,4646.183834196084,999
F_grdp_G_a_v0.02_s0.5,796dbd4c,1,14358.972488426349,1000
F_grdp_G_a_v0.02_s0.5,796dbd4c,2,30412.609043479388,1000
F_grdp_G_a_v0.02_s0.5,796dbd4c,3,65724.96708047962,1000
F_grdp_G_a_v0.02_s0.5,796dbd4c,4,139816.66491722784,1000
F_grdp_G_a_v0.02_s0.5,796dbd4c,5,129617.99580619403,1000
F_grdp_G_a_v0.02_s0.5,796dbd4c,6,8781.984241325537,249
F_grdp_G_a_v0.02_s0.5,811f52b3,0,6030.567129560613,999
F_grdp_G_a_v0.02_s0.5,811f52b3,1,20858.064005047177,1000
F_grdp_G_a_v0.02_s0.5,811f52b3,2,3806.0189962114364,1000
F_grdp_G_a_v0.02_s0.5,811f52b3,3,111948.44857115512,1000
F_grdp_G_a_v0.02_s0.5,811f52b3,4,85459.45680009584,837
F_grdp_G_a_v0.02_s0.5,1a518997,0,9124.30019708199,999
F_grdp_G_a_v0.02_s0.5,1a518997,1,16546.46231972795,1000
F_grdp_G_a_v0.02_s0.5,1a518997,2,16686.21228189643,1000
F_grdp_G_a_v0.02_s0.5,1a518997,3,16539.33077672755,1000
F_grdp_G_a_v0.02_s0.5,1a518997,4,15367.602816372115,607
F_grdp_G_a_v0.02_s0.5,264feceb,0,7139.130252055502,999
F_grdp_G_a_v0.02_s0.5,264feceb,1,9997.835299721279,1000
F_grdp_G_a_v0.02_s0.5,264feceb,2,3066.2327287804296,1000
F_grdp_G_a_v0.02_s0.5,264feceb,3,1899.2913826603822,1000
F_grdp_G_a_v0.02_s0.5,264feceb,4,3665.9441307693614,1000
F_grdp_G_a_v0.02_s0.5,264feceb,5,12585.67325954116,666
F_grdp_G_a_v0.02_s0.5,197f8a5a,0,4281.187869689449,999
F_grdp_G_a_v0.02_s0.5,197f8a5a,1,205192.15191795508,1000
F_grdp_G_a_v0.02_s0.5,197f8a5a,2,165266.53881387596,1000
F_grdp_G_a_v0.02_s0.5,197f8a5a,3,145852.0503621603,1000
F_grdp_G_a_v0.02_s0.5,197f8a5a,4,436902.0667267733,1000
F_grdp_G_a_v0.02_s0.5,197f8a5a,5,358482.1926370298,1000
F_grdp_G_a_v0.02_s0.5,197f8a5a,6,49429.72240329199,311
F_grdp_G_a_v0.02_s0.5,fba7683c,0,2812.1567245129895,407
F_grdp_G_a_v0.02_s0.5,ef04658e,0,18788.208006392175,999
F_grdp_G_a_v0.02_s0.5,ef04658e,1,9085.966129467177,1000
F_grdp_G_a_v0.02_s0.5,ef04658e,2,17501.201053729663,1000
F_grdp_G_a_v0.02_s0.5,ef04658e,3,100074.71135920321,1000
F_grdp_G_a_v0.02_s0.5,ef04658e,4,9065.370626317866,105
F_grdp_G_a_v0.02_s0.5,aff4e561,0,605.7328521899041,999
F_grdp_G_a_v0.02_s0.5,aff4e561,1,2540.699503824611,1000
F_grdp_G_a_v0.02_s0.5,aff4e561,2,26728.05313509331,1000
F_grdp_G_a_v0.02_s0.5,aff4e561,3,5579.542599653492,1000
F_grdp_G_a_v0.02_s0.5,aff4e561,4,30166.455900296558,1000
F_grdp_G_a_v0.02_s0.5,aff4e561,5,48323.144370625865,1000
F_grdp_G_a_v0.02_s0.5,aff4e561,6,873.0465838883131,27
F_grdp_G_a_v0.02_s0.5,d085e611,0,22280.94586214268,999
F_grdp_G_a_v0.02_s0.5,d085e611,1,40777.32790716863,1000
F_grdp_G_a_v0.02_s0.5,d085e611,2,17814.438462500584,1000
F_grdp_G_a_v0.02_s0.5,d085e611,3,8490.964388689297,1000
F_grdp_G_a_v0.02_s0.5,d085e611,4,27252.267406562187,1000
F_grdp_G_a_v0.02_s0.5,d085e611,5,485385.7211377316,1000
F_grdp_G_a_v0.02_s0.5,d085e611,6,245969.12252701525,192
F_grdp_G_a_v0.02_s0.5,9da441ba,0,113269.40181842484,999
F_grdp_G_a_v0.02_s0.5,9da441ba,1,364014.0770986122,1000
F_grdp_G_a_v0.02_s0.5,9da441ba,2,456524.03820913157,1000
F_grdp_G_a_v0.02_s0.5,9da441ba,3,236721.4970019141,1000
F_grdp_G_a_v0.02_s0.5,9da441ba,4,327084.8556288188,1000
F_grdp_G_a_v0.02_s0.5,9da441ba,5,334034.3571198843,784
F_grdp_G_a_v0.02_s0.5,e5864244,0,6823.141369563509,999
F_grdp_G_a_v0.02_s0.5,e5864244,1,21652.609034130357,1000
F_grdp_G_a_v0.02_s0.5,e5864244,2,22382.200794269353,1000
F_grdp_G_a_v0.02_s0.5,e5864244,3,32547.378149342265,1000
F_grdp_G_a_v0.02_s0.5,e5864244,4,12299.926805806666,470
F_grdp_G_a_v0.02_s0.5,357c12f9,0,4397.233490773553,999
F_grdp_G_a_v0.02_s0.5,357c12f9,1,21887.189768358745,1000
F_grdp_G_a_v0.02_s0.5,357c12f9,2,6157.449563036817,1000
F_grdp_G_a_v0.02_s0.5,357c12f9,3,9533.938251440197,1000
F_grdp_G_a_v0.02_s0.5,357c12f9,4,1951.4444810709597,80
F_grdp_G_a_v0.02_s0.5,7256229b,0,3516.1611299971437,999
F_grdp_G_a_v0.02_s0.5,7256229b,1,12797.821664702451,1000
F_grdp_G_a_v0.02_s0.5,7256229b,2,9958.987338502311,1000
F_grdp_G_a_v0.02_s0.5,7256229b,3,34771.027524066005,1000
F_grdp_G_a_v0.02_s0.5,7256229b,4,14773.46491942234,1000
F_grdp_G_a_v0.02_s0.5,7256229b,5,7083.147597153695,416
F_grdp_G_a_v0.02_s0.5,c43812e2,0,61362.20028385135,999
F_grdp_G_a_v0.02_s0.5,c43812e2,1,13020.072181864074,1000
F_grdp_G_a_v0.02_s0.5,c43812e2,2,48436.0193575644,1000
F_grdp_G_a_v0.02_s0.5,c43812e2,3,6955.364380688835,1000
F_grdp_G_a_v0.02_s0.5,c43812e2,4,15038.090640960998,1000
F_grdp_G_a_v0.02_s0.5,c43812e2,5,60241.24259621279,528
F_grdp_G_a_v0.02_s0.5,2cee0cba,0,8318.861576467769,999
F_grdp_G_a_v0.02_s0.5,2cee0cba,1,6215.675182226788,1000
F_grdp_G_a_v0.02_s0.5,2cee0cba,2,29985.644127059535,1000
F_grdp_G_a_v0.02_s0.5,2cee0cba,3,89087.43915189373,1000
F_grdp_G_a_v0.02_s0.5,2cee0cba,4,19438.055630120147,1000
F_grdp_G_a_v0.02_s0.5,2cee0cba,5,2910.178875737837,501
F_grdp_G_a_v0.02_s0.5,4a035ec2,0,16952.24610433702,999
F_grdp_G_a_v0.02_s0.5,4a035ec2,1,426150.61152291874,1000
F_grdp_G_a_v0.02_s0.5,4a035ec2,2,424454.57420552924,589
F_grdp_G_a_v0.02_s0.5,be83e781,0,8891.316367408537,999
F_grdp_G_a_v0.02_s0.5,be83e781,1,657.0039476240096,1000
F_grdp_G_a_v0.02_s0.5,be83e781,2,3634.346622664959,1000
F_grdp_G_a_v0.02_s0.5,be83e781,3,2006.053292300655,222
F_grdp_G_a_v0.02_s0.5,0dd99dc5,0,447.986359899214,999
F_grdp_G_a_v0.02_s0.5,0dd99dc5,1,9009.133947953625,1000
F_grdp_G_a_v0.02_s0.5,0dd99dc5,2,18603.631120191298,1000
F_grdp_G_a_v0.02_s0.5,0dd99dc5,3,19212.26489770793,1000
F_grdp_G_a_v0.02_s0.5,0dd99dc5,4,286216.2879183717,1000
F_grdp_G_a_v0.02_s0.5,0dd99dc5,5,458012.6444916927,1000
F_grdp_G_a_v0.02_s0.5,0dd99dc5,6,108017.6244067422,1000
F_grdp_G_a_v0.02_s0.5,0dd99dc5,7,76059.4921329725,343
F_grdp_G_a_v0.02_s0.5,42c538a1,0,80346.99563304367,999
F_grdp_G_a_v0.02_s0.5,42c538a1,1,1047277.100936067,1000
F_grdp_G_a_v0.02_s0.5,42c538a1,2,1039565.1515089438,1000
F_grdp_G_a_v0.02_s0.5,42c538a1,3,149206.63668464473,280
F_grdp_G_a_v0.02_s0.5,ee288beb,0,18926.040158348795,999
F_grdp_G_a_v0.02_s0.5,ee288beb,1,42230.669455258234,1000
F_grdp_G_a_v0.02_s0.5,ee288beb,2,162706.51149926937,1000
F_grdp_G_a_v0.02_s0.5,ee288beb,3,742394.3490008184,1000
F_grdp_G_a_v0.02_s0.5,ee288beb,4,1120206.753569443,639
F_grdp_G_a_v0.02_s0.5,7d50373e,0,78297.5191789918,999
F_grdp_G_a_v0.02_s0.5,7d50373e,1,149004.24772396093,1000
F_grdp_G_a_v0.02_s0.5,7d50373e,2,285290.2188824232,1000
F_grdp_G_a_v0.02_s0.5,7d50373e,3,227443.04108006254,1000
F_grdp_G_a_v0.02_s0.5,7d50373e,4,144891.46759132954,1000
F_grdp_G_a_v0.02_s0.5,7d50373e,5,21386.689163547242,123
F_grdp_G_a_v0.02_s0.5,cad13e8f,0,12335.091185543606,999
F_grdp_G_a_v0.02_s0.5,cad13e8f,1,1554.4597030326888,1000
F_grdp_G_a_v0.02_s0.5,cad13e8f,2,14313.781104198806,1000
F_grdp_G_a_v0.02_s0.5,cad13e8f,3,23212.06289343882,1000
F_grdp_G_a_v0.02_s0.5,cad13e8f,4,32581.19663479261,849
F_grdp_G_a_v0.02_s0.5,ab112491,0,10964.712458826685,999
F_grdp_G_a_v0.02_s0.5,ab112491,1,512182.1187531225,1000
F_grdp_G_a_v0.02_s0.5,ab112491,2,720416.3772082777,1000
F_grdp_G_a_v0.02_s0.5,ab112491,3,283295.5761217016,1000
F_grdp_G_a_v0.02_s0.5,ab112491,4,30737.684208355226,1000
F_grdp_G_a_v0.02_s0.5,ab112491,5,7479.278214498741,186
F_grdp_G_a_v0.02_s0.5,dc5fbe29,0,17191.222400001472,999
F_grdp_G_a_v0.02_s0.5,dc5fbe29,1,151870.19100000456,1000
F_grdp_G_a_v0.02_s0.5,dc5fbe29,2,22352.13459999849,1000
F_grdp_G_a_v0.02_s0.5,dc5fbe29,3,29296.93339999859,1000
F_grdp_G_a_v0.02_s0.5,dc5fbe29,4,10970.511899999738,1000
F_grdp_G_a_v0.02_s0.5,dc5fbe29,5,8042.665700000536,204
F_grdp_G_a_v0.02_s0.5,a247e7cf,0,337.6773667821275,999
F_grdp_G_a_v0.02_s0.5,a247e7cf,1,18320.671130272585,1000
F_grdp_G_a_v0.02_s0.5,a247e7cf,2,16547.883111888965,1000
F_grdp_G_a_v0.02_s0.5,a247e7cf,3,45118.2996750622,1000
F_grdp_G_a_v0.02_s0.5,a247e7cf,4,21725.620205727515,1000
F_grdp_G_a_v0.02_s0.5,a247e7cf,5,6863.19287936531,675
F_grdp_G_a_v0.02_s0.5,1590af81,0,69974.32763999073,999
F_grdp_G_a_v0.02_s0.5,1590af81,1,74405.80061607898,1000
F_grdp_G_a_v0.02_s0.5,1590af81,2,78094.00847742002,1000
F_grdp_G_a_v0.02_s0.5,1590af81,3,80063.84184040931,800
F_grdp_G_a_v0.02_s0.5,c2717d4f,0,2061.715206630355,999
F_grdp_G_a_v0.02_s0.5,c2717d4f,1,28239.922343565413,1000
F_grdp_G_a_v0.02_s0.5,c2717d4f,2,68897.41320220723,1000
F_grdp_G_a_v0.02_s0.5,c2717d4f,3,47005.184305709496,1000
F_grdp_G_a_v0.02_s0.5,c2717d4f,4,24662.4167881262,722
F_grdp_G_a_v0.02_s0.5,9d4272e3,0,76133.89530622648,999
F_grdp_G_a_v0.02_s0.5,9d4272e3,1,209932.34837400515,1000
F_grdp_G_a_v0.02_s0.5,9d4272e3,2,183728.4525449014,1000
F_grdp_G_a_v0.02_s0.5,9d4272e3,3,374721.4230677742,1000
F_grdp_G_a_v0.02_s0.5,9d4272e3,4,12080.311866373711,31
F_grdp_G_a_v0.02_s0.5,122bd617,0,3873.7762372809993,999
F_grdp_G_a_v0.02_s0.5,122bd617,1,15517.331678899409,1000
F_grdp_G_a_v0.02_s0.5,122bd617,2,52731.93624878292,1000
F_grdp_G_a_v0.02_s0.5,122bd617,3,42999.67392864088,1000
F_grdp_G_a_v0.02_s0.5,122bd617,4,44256.6449727337,571
F_grdp_G_a_v0.02_s0.5,57796579,0,18601.29185390285,999
F_grdp_G_a_v0.02_s0.5,57796579,1,28745.87393483545,1000
F_grdp_G_a_v0.02_s0.5,57796579,2,40569.596319184544,1000
F_grdp_G_a_v0.02_s0.5,57796579,3,53305.926051609844,1000
F_grdp_G_a_v0.02_s0.5,57796579,4,12165.330011630349,1000
F_grdp_G_a_v0.02_s0.5,57796579,5,14473.091624731987,891
F_grdp_G_a_v0.02_s0.5,cbe62450,0,13507.496784748799,999
F_grdp_G_a_v0.02_s0.5,cbe62450,1,34760.43268204095,1000
F_grdp_G_a_v0.02_s0.5,cbe62450,2,106584.84192271407,1000
F_grdp_G_a_v0.02_s0.5,cbe62450,3,126486.4235882242,1000
F_grdp_G_a_v0.02_s0.5,cbe62450,4,54052.81702278437,1000
F_grdp_G_a_v0.02_s0.5,cbe62450,5,20421.24535914391,1000
F_grdp_G_a_v0.02_s0.5,cbe62450,6,5877.185759145324,259
F_grdp_G_a_v0.02_s0.5,877ed19c,0,2747.0004467883164,999
F_grdp_G_a_v0.02_s0.5,877ed19c,1,26999.97135043199,1000
F_grdp_G_a_v0.02_s0.5,877ed19c,2,9823.49262789524,1000
F_grdp_G_a_v0.02_s0.5,877ed19c,3,1385.699183370255,709
F_grdp_G_a_v0.02_s0.5,543198e8,0,9465.081055232466,999
F_grdp_G_a_v0.02_s0.5,543198e8,1,312899.15658136224,1000
F_grdp_G_a_v0.02_s0.5,543198e8,2,492170.85300406144,1000
F_grdp_G_a_v0.02_s0.5,543198e8,3,7295.842304075636,1000
F_grdp_G_a_v0.02_s0.5,543198e8,4,68481.98318152403,1000
F_grdp_G_a_v0.02_s0.5,543198e8,5,253688.75003838466,1000
F_grdp_G_a_v0.02_s0.5,543198e8,6,111168.50741234524,504
F_grdp_G_a_v0.02_s0.5,e97032ad,0,27370.88440009616,999
F_grdp_G_a_v0.02_s0.5,e97032ad,1,104190.5753654659,1000
F_grdp_G_a_v0.02_s0.5,e97032ad,2,61202.60434106418,1000
F_grdp_G_a_v0.02_s0.5,e97032ad,3,32937.95962642993,531
F_grdp_G_a_v0.02_s0.5,c47e0767,0,38669.34523341112,999
F_grdp_G_a_v0.02_s0.5,c47e0767,1,377093.1782920449,1000
F_grdp_G_a_v0.02_s0.5,c47e0767,2,809135.3215865903,1000
F_grdp_G_a_v0.02_s0.5,c47e0767,3,937065.652884999,1000
F_grdp_G_a_v0.02_s0.5,c47e0767,4,288647.5393656366,357
F_grdp_G_a_v0.02_s0.5,974802e7,0,16432.58667950352,999
F_grdp_G_a_v0.02_s0.5,974802e7,1,31532.976500093842,1000
F_grdp_G_a_v0.02_s0.5,974802e7,2,27447.740647977418,1000
F_grdp_G_a_v0.02_s0.5,974802e7,3,13430.161612076401,1000
F_grdp_G_a_v0.02_s0.5,974802e7,4,272901.6716603902,1000
F_grdp_G_a_v0.02_s0.5,974802e7,5,725649.1701779383,844
F_grdp_G_a_v0.02_s0.5,9def2eb2,0,15889.766546211913,999
F_grdp_G_a_v0.02_s0.5,9def2eb2,1,11567.51195230153,1000
F_grdp_G_a_v0.02_s0.5,9def2eb2,2,117461.14126391323,1000
F_grdp_G_a_v0.02_s0.5,9def2eb2,3,77396.90619731873,1000
F_grdp_G_a_v0.02_s0.5,9def2eb2,4,33821.003940346825,1000
F_grdp_G_a_v0.02_s0.5,9def2eb2,5,54097.12244790243,1000
F_grdp_G_a_v0.02_s0.5,9def2eb2,6,785.9929533857908,4
F_grdp_G_a_v0.02_s0.5,47222616,0,8127.235920017801,999
F_grdp_G_a_v0.02_s0.5,47222616,1,385.03118862946286,1000
F_grdp_G_a_v0.02_s0.5,47222616,2,120161.62576071291,1000
F_grdp_G_a_v0.02_s0.5,47222616,3,108525.62500174988,1000
F_grdp_G_a_v0.02_s0.5,47222616,4,4972.14101928378,407
F_grdp_G_a_v0.02_s0.5,d00e7eb9,0,7207.004976563774,999
F_grdp_G_a_v0.02_s0.5,d00e7eb9,1,30260.22185932034,1000
F_grdp_G_a_v0.02_s0.5,d00e7eb9,2,62389.39892063425,1000
F_grdp_G_a_v0.02_s0.5,d00e7eb9,3,53632.93697901424,1000
F_grdp_G_a_v0.02_s0.5,d00e7eb9,4,33145.14295693624,1000
F_grdp_G_a_v0.02_s0.5,d00e7eb9,5,8537.38373733969,705
F_grdp_G_a_v0.02_s0.5,2b06ad65,0,1320.997644963303,999
F_grdp_G_a_v0.02_s0.5,2b06ad65,1,5118.604986766128,1000
F_grdp_G_a_v0.02_s0.5,2b06ad65,2,6865.7933562995395,1000
F_grdp_G_a_v0.02_s0.5,2b06ad65,3,2104.2950439154097,1000
F_grdp_G_a_v0.02_s0.5,2b06ad65,4,6172.323548781935,257
F_grdp_G_a_v0.02_s0.5,4f4ac5ce,0,25428.849100942036,999
F_grdp_G_a_v0.02_s0.5,4f4ac5ce,1,8109.512939867981,1000
F_grdp_G_a_v0.02_s0.5,4f4ac5ce,2,46494.036460090094,1000
F_grdp_G_a_v0.02_s0.5,4f4ac5ce,3,76937.09900526547,1000
F_grdp_G_a_v0.02_s0.5,4f4ac5ce,4,49934.6313072398,1000
F_grdp_G_a_v0.02_s0.5,4f4ac5ce,5,15648.256050734524,163
F_grdp_G_a_v0.02_s0.5,5cdd8dbc,0,15824.677936643277,999
F_grdp_G_a_v0.02_s0.5,5cdd8dbc,1,5724.28536998719,1000
F_grdp_G_a_v0.02_s0.5,5cdd8dbc,2,12213.033653155993,1000
F_grdp_G_a_v0.02_s0.5,5cdd8dbc,3,146237.06987477446,1000
F_grdp_G_a_v0.02_s0.5,5cdd8dbc,4,1599.9700488660633,11
F_grdp_G_a_v0.02_s0.5,347242c8,0,22654.350584735254,999
F_grdp_G_a_v0.02_s0.5,347242c8,1,313617.6335143918,1000
F_grdp_G_a_v0.02_s0.5,347242c8,2,332947.89390958217,1000
F_grdp_G_a_v0.02_s0.5,347242c8,3,27316.728556022,596
F_grdp_G_a_v0.02_s0.5,ed6e6e54,0,3705.5134568465846,999
F_grdp_G_a_v0.02_s0.5,ed6e6e54,1,5821.079873684248,1000
F_grdp_G_a_v0.02_s0.5,ed6e6e54,2,52529.38527876,1000
F_grdp_G_a_v0.02_s0.5,ed6e6e54,3,39880.55394888915,1000
F_grdp_G_a_v0.02_s0.5,ed6e6e54,4,88104.33208934614,1000
F_grdp_G_a_v0.02_s0.5,ed6e6e54,5,125266.66133848348,1000
F_grdp_G_a_v0.02_s0.5,ed6e6e54,6,29526.607895468445,49
F_grdp_G_a_v0.02_s0.5,b85f7b06,0,16324.453721093694,999
F_grdp_G_a_v0.02_s0.5,b85f7b06,1,51994.44663497168,1000
F_grdp_G_a_v0.02_s0.5,b85f7b06,2,21454.1825810595,1000
F_grdp_G_a_v0.02_s0.5,b85f7b06,3,10858.413164497993,804
F_grdp_G_a_v0.02_s0.5,f6d009f4,0,63678.6122999769,999
F_grdp_G_a_v0.02_s0.5,f6d009f4,1,1864956.1462998793,1000
F_grdp_G_a_v0.02_s0.5,f6d009f4,2,2457130.080299856,1000
F_grdp_G_a_v0.02_s0.5,f6d009f4,3,992282.6162999155,1000
F_grdp_G_a_v0.02_s0.5,f6d009f4,4,21939.562999997645,1000
F_grdp_G_a_v0.02_s0.5,f6d009f4,5,2048146.8654998783,1000
F_grdp_G_a_v0.02_s0.5,f6d009f4,6,3739195.387699847,716
F_grdp_G_a_v0.02_s0.5,8255c867,0,11112.076275296835,999
F_grdp_G_a_v0.02_s0.5,8255c867,1,98160.0542806504,1000
F_grdp_G_a_v0.02_s0.5,8255c867,2,8091.386390318422,1000
F_grdp_G_a_v0.02_s0.5,8255c867,3,34503.81481018805,590
F_grdp_G_a_v0.02_s0.5,0a57a29c,0,77136.88190562364,999
F_grdp_G_a_v0.02_s0.5,0a57a29c,1,101804.77988132263,1000
F_grdp_G_a_v0.02_s0.5,0a57a29c,2,92825.85443513478,1000
F_grdp_G_a_v0.02_s0.5,0a57a29c,3,1447.9270373801035,1000
F_grdp_G_a_v0.02_s0.5,0a57a29c,4,3318.608209109963,1000
F_grdp_G_a_v0.02_s0.5,0a57a29c,5,29462.03989484143,822
F_grdp_G_a_v0.02_s0.5,3ac16ad0,0,16621.076222852098,999
F_grdp_G_a_v0.02_s0.5,3ac16ad0,1,47647.91069719266,1000
F_grdp_G_a_v0.02_s0.5,3ac16ad0,2,11338.348251167048,1000
F_grdp_G_a_v0.02_s0.5,3ac16ad0,3,49653.75509704478,1000
F_grdp_G_a_v0.02_s0.5,3ac16ad0,4,146532.7997099293,1000
F_grdp_G_a_v0.02_s0.5,3ac16ad0,5,18187.696224905885,650
F_grdp_G_a_v0.02_s0.5,ccedb12b,0,23868.884764453785,999
F_grdp_G_a_v0.02_s0.5,ccedb12b,1,8713.345682104384,1000
F_grdp_G_a_v0.02_s0.5,ccedb12b,2,38421.64767388849,1000
F_grdp_G_a_v0.02_s0.5,ccedb12b,3,97895.52311441947,1000
F_grdp_G_a_v0.02_s0.5,ccedb12b,4,88875.93841562631,402
F_grdp_G_a_v0.02_s0.5,5aa03df7,0,1691.785069739326,999
F_grdp_G_a_v0.02_s0.5,5aa03df7,1,20674.709313419622,1000
F_grdp_G_a_v0.02_s0.5,5aa03df7,2,39412.798022593124,1000
F_grdp_G_a_v0.02_s0.5,5aa03df7,3,99684.52382898769,1000
F_grdp_G_a_v0.02_s0.5,5aa03df7,4,163204.68936495742,872
F_grdp_G_a_v0.02_s0.5,ab3ced07,0,3720.85561899375,999
F_grdp_G_a_v0.02_s0.5,ab3ced07,1,11924.7692278291,1000
F_grdp_G_a_v0.02_s0.5,ab3ced07,2,28074.469005792696,1000
F_grdp_G_a_v0.02_s0.5,ab3ced07,3,55347.0529525363,1000
F_grdp_G_a_v0.02_s0.5,ab3ced07,4,73021.77542049848,251
F_grdp_G_a_v0.02_s0.5,fef8af96,0,170672.19649998142,999
F_grdp_G_a_v0.02_s0.5,fef8af96,1,1068123.718599944,1000
F_grdp_G_a_v0.02_s0.5,fef8af96,2,2130534.291999925,1000
F_grdp_G_a_v0.02_s0.5,fef8af96,3,4904716.242399894,827
F_grdp_G_a_v0.02_s0.5,4cd1ac61,0,16281.567017413432,999
F_grdp_G_a_v0.02_s0.5,4cd1ac61,1,9767.851995365727,1000
F_grdp_G_a_v0.02_s0.5,4cd1ac61,2,49729.16855882404,1000
F_grdp_G_a_v0.02_s0.5,4cd1ac61,3,121778.25881188456,1000
F_grdp_G_a_v0.02_s0.5,4cd1ac61,4,39465.04104392622,490
F_grdp_G_a_v0.02_s0.5,cb34231f,0,10716.007529326002,999
F_grdp_G_a_v0.02_s0.5,cb34231f,1,59890.74442674426,1000
F_grdp_G_a_v0.02_s0.5,cb34231f,2,124361.23125374729,1000
F_grdp_G_a_v0.02_s0.5,cb34231f,3,179530.48532170028,1000
F_grdp_G_a_v0.02_s0.5,cb34231f,4,294376.7292420332,1000
F_grdp_G_a_v0.02_s0.5,cb34231f,5,459247.8233177677,610
F_grdp_G_a_v0.02_s0.5,f72b268f,0,51704.64965879161,999
F_grdp_G_a_v0.02_s0.5,f72b268f,1,48851.132026547,1000
F_grdp_G_a_v0.02_s0.5,f72b268f,2,35198.773136257565,1000
F_grdp_G_a_v0.02_s0.5,f72b268f,3,95863.05885552028,1000
F_grdp_G_a_v0.02_s0.5,f72b268f,4,91546.83607333513,1000
F_grdp_G_a_v0.02_s0.5,f72b268f,5,17615.061676223082,1000
F_grdp_G_a_v0.02_s0.5,f72b268f,6,160.55691760511365,405
F_grdp_G_a_v0.02_s0.5,e0f36d98,0,11740.448856204093,999
F_grdp_G_a_v0.02_s0.5,e0f36d98,1,13734.459597077413,1000
F_grdp_G_a_v0.02_s0.5,e0f36d98,2,166420.12637695513,1000
F_grdp_G_a_v0.02_s0.5,e0f36d98,3,101665.81344629031,1000
F_grdp_G_a_v0.02_s0.5,e0f36d98,4,201567.39937084322,977
F_grdp_G_a_v0.02_s0.5,1d78281a,0,536.1650563323548,999
F_grdp_G_a_v0.02_s0.5,1d78281a,1,20152.485891971155,1000
F_grdp_G_a_v0.02_s0.5,1d78281a,2,48786.2797252779,1000
F_grdp_G_a_v0.02_s0.5,1d78281a,3,6705.986784516031,1000
F_grdp_G_a_v0.02_s0.5,1d78281a,4,72758.44994482586,950
F_grdp_G_a_v0.02_s0.5,a7744f5b,0,536.2352429479987,999
F_grdp_G_a_v0.02_s0.5,a7744f5b,1,16552.372337267774,1000
F_grdp_G_a_v0.02_s0.5,a7744f5b,2,1390.8184104891434,1000
F_grdp_G_a_v0.02_s0.5,a7744f5b,3,37810.861029189735,1000
F_grdp_G_a_v0.02_s0.5,a7744f5b,4,23863.56830672224,378
F_grdp_G_a_v0.02_s0.5,1b6ba517,0,6258.794861880234,999
F_grdp_G_a_v0.02_s0.5,1b6ba517,1,181519.81941679993,1000
F_grdp_G_a_v0.02_s0.5,1b6ba517,2,127395.94325305785,1000
F_grdp_G_a_v0.02_s0.5,1b6ba517,3,30713.599250717558,1000
F_grdp_G_a_v0.02_s0.5,1b6ba517,4,21184.025344080033,1000
F_grdp_G_a_v0.02_s0.5,1b6ba517,5,45783.21542430409,1000
F_grdp_G_a_v0.02_s0.5,1b6ba517,6,25364.777084899953,598
F_grdp_G_a_v0.02_s0.5,9df1b1f9,0,3263.8736182293683,999
F_grdp_G_a_v0.02_s0.5,9df1b1f9,1,4198.008857223458,1000
F_grdp_G_a_v0.02_s0.5,9df1b1f9,2,3175.637540391386,1000
F_grdp_G_a_v0.02_s0.5,9df1b1f9,3,2392.339716096875,1000
F_grdp_G_a_v0.02_s0.5,9df1b1f9,4,1404.451033921842,702
F_grdp_G_a_v0.02_s0.5,12f0cd90,0,42833.10024485588,999
F_grdp_G_a_v0.02_s0.5,12f0cd90,1,83373.90049890454,1000
F_grdp_G_a_v0.02_s0.5,12f0cd90,2,38743.27972186107,1000
F_grdp_G_a_v0.02_s0.5,12f0cd90,3,20759.754628582952,1000
F_grdp_G_a_v0.02_s0.5,12f0cd90,4,52152.68605493354,1000
F_grdp_G_a_v0.02_s0.5,12f0cd90,5,145030.67647745542,948
F_grdp_G_a_v0.02_s0.5,37344c2a,0,1599.9292212948938,999
F_grdp_G_a_v0.02_s0.5,37344c2a,1,1000.2211033486178,1000
F_grdp_G_a_v0.02_s0.5,37344c2a,2,8352.615195238579,1000
F_grdp_G_a_v0.02_s0.5,37344c2a,3,94067.53380881781,1000
F_grdp_G_a_v0.02_s0.5,37344c2a,4,205310.179172575,1000
F_grdp_G_a_v0.02_s0.5,37344c2a,5,29631.057253765463,198
F_grdp_G_a_v0.02_s0.5,fa667be2,0,10112.614889408043,999
F_grdp_G_a_v0.02_s0.5,fa667be2,1,4859.497070659531,1000
F_grdp_G_a_v0.02_s0.5,fa667be2,2,7304.860195715037,1000
F_grdp_G_a_v0.02_s0.5,fa667be2,3,39333.03174769701,1000
F_grdp_G_a_v0.02_s0.5,fa667be2,4,29605.161351354218,1000
F_grdp_G_a_v0.02_s0.5,fa667be2,5,125778.6915045422,1000
F_grdp_G_a_v0.02_s0.5,fa667be2,6,152807.9982435545,1000
F_grdp_G_a_v0.02_s0.5,fa667be2,7,4005.2983413197376,297
F_grdp_G_a_v0.02_s0.5,96ae5806,0,670.7131663884163,999
F_grdp_G_a_v0.02_s0.5,96ae5806,1,4285.5866070262955,1000
F_grdp_G_a_v0.02_s0.5,96ae5806,2,5056.3385703955,1000
F_grdp_G_a_v0.02_s0.5,96ae5806,3,723.6256655221677,1000
F_grdp_G_a_v0.02_s0.5,96ae5806,4,1046.0899320794833,1000
F_grdp_G_a_v0.02_s0.5,96ae5806,5,492.33864524132423,1000
F_grdp_G_a_v0.02_s0.5,96ae5806,6,1349.488594471623,1000
F_grdp_G_a_v0.02_s0.5,96ae5806,7,377.0950682054377,1000
F_grdp_G_a_v0.02_s0.5,96ae5806,8,14878.913376387862,1000
F_grdp_G_a_v0.02_s0.5,96ae5806,9,32284.053524454182,840
F_grdp_G_a_v0.02_s0.5,5d7198fd,0,6389.464031092057,999
F_grdp_G_a_v0.02_s0.5,5d7198fd,1,20141.607335296965,1000
F_grdp_G_a_v0.02_s0.5,5d7198fd,2,112497.58481738398,1000
F_grdp_G_a_v0.02_s0.5,5d7198fd,3,40527.79385640273,369
F_grdp_G_a_v0.02_s0.5,ebe69318,0,12223.997813425247,999
F_grdp_G_a_v0.02_s0.5,ebe69318,1,96246.92696006624,1000
F_grdp_G_a_v0.02_s0.5,ebe69318,2,33932.10959364166,1000
F_grdp_G_a_v0.02_s0.5,ebe69318,3,31962.451949858587,1000
F_grdp_G_a_v0.02_s0.5,ebe69318,4,11442.80349069315,977
F_grdp_G_a_v0.02_s0.5,5663b2b7,0,13105.081275054139,999
F_grdp_G_a_v0.02_s0.5,5663b2b7,1,3093.4360413672507,1000
F_grdp_G_a_v0.02_s0.5,5663b2b7,2,3815.7354884702677,1000
F_grdp_G_a_v0.02_s0.5,5663b2b7,3,8077.643194463402,1000
F_grdp_G_a_v0.02_s0.5,5663b2b7,4,31106.583371339777,973
F_grdp_G_a_v0.02_s0.5,368131f9,0,8407.794879202958,999
F_grdp_G_a_v0.02_s0.5,368131f9,1,28434.134771763787,1000
F_grdp_G_a_v0.02_s0.5,368131f9,2,75564.77212008375,1000
F_grdp_G_a_v0.02_s0.5,368131f9,3,142377.0823411943,1000
F_grdp_G_a_v0.02_s0.5,368131f9,4,198279.9867815825,992
F_grdp_G_a_v0.02_s0.5,1a730ac2,0,11182.3689490199,999
F_grdp_G_a_v0.02_s0.5,1a730ac2,1,51632.2826502079,1000
F_grdp_G_a_v0.02_s0.5,1a730ac2,2,45894.64226355821,1000
F_grdp_G_a_v0.02_s0.5,1a730ac2,3,75458.73439802033,1000
F_grdp_G_a_v0.02_s0.5,1a730ac2,4,102206.08499758251,606
F_grdp_G_a_v0.02_s0.5,925a7cd1,0,21326.05788466436,999
F_grdp_G_a_v0.02_s0.5,925a7cd1,1,13870.625554606155,1000
F_grdp_G_a_v0.02_s0.5,925a7cd1,2,6340.535642357949,1000
F_grdp_G_a_v0.02_s0.5,925a7cd1,3,14199.662402416927,1000
F_grdp_G_a_v0.02_s0.5,925a7cd1,4,46450.562510276905,518
F_grdp_G_a_v0.02_s0.5,f8afa78a,0,19639.96133848289,999
F_grdp_G_a_v0.02_s0.5,f8afa78a,1,180212.4184999872,1000
F_grdp_G_a_v0.02_s0.5,f8afa78a,2,63154.326414803974,1000
F_grdp_G_a_v0.02_s0.5,f8afa78a,3,19512.700538927205,1000
F_grdp_G_a_v0.02_s0.5,f8afa78a,4,31436.796495283972,1000
F_grdp_G_a_v0.02_s0.5,f8afa78a,5,109208.98370962047,1000
F_grdp_G_a_v0.02_s0.5,f8afa78a,6,9354.240799547857,33
F_grdp_G_a_v0.02_s0.5,4463446c,0,91548.37833691093,999
F_grdp_G_a_v0.02_s0.5,4463446c,1,306075.1673420699,1000
F_grdp_G_a_v0.02_s0.5,4463446c,2,807654.4857512297,1000
F_grdp_G_a_v0.02_s0.5,4463446c,3,181418.80257294443,257
F_grdp_G_a_v0.02_s0.5,c1d046f4,0,26872.980319691702,999
F_grdp_G_a_v0.02_s0.5,c1d046f4,1,43495.94010318793,1000
F_grdp_G_a_v0.02_s0.5,c1d046f4,2,14678.685052218178,1000
F_grdp_G_a_v0.02_s0.5,c1d046f4,3,35991.36629117267,1000
F_grdp_G_a_v0.02_s0.5,c1d046f4,4,22633.60318455039,1000
F_grdp_G_a_v0.02_s0.5,c1d046f4,5,12054.49113214955,514
F_grdp_G_a_v0.02_s0.5,dd168de0,0,4532.931490493103,999
F_grdp_G_a_v0.02_s0.5,dd168de0,1,17337.740544151595,1000
F_grdp_G_a_v0.02_s0.5,dd168de0,2,2672.7413073364237,1000
F_grdp_G_a_v0.02_s0.5,dd168de0,3,14342.294921574243,305
F_grdp_G_a_v0.02_s0.5,c03fba65,0,45742.06727251505,999
F_grdp_G_a_v0.02_s0.5,c03fba65,1,350334.13519918075,1000
F_grdp_G_a_v0.02_s0.5,c03fba65,2,556801.9057887465,1000
F_grdp_G_a_v0.02_s0.5,c03fba65,3,601054.967735461,700
F_grdp_G_a_v0.02_s0.5,2c0c4a4e,0,2311.6281335791004,999
F_grdp_G_a_v0.02_s0.5,2c0c4a4e,1,16680.028161033275,1000
F_grdp_G_a_v0.02_s0.5,2c0c4a4e,2,7447.708560318146,1000
F_grdp_G_a_v0.02_s0.5,2c0c4a4e,3,23050.86586421163,1000
F_grdp_G_a_v0.02_s0.5,2c0c4a4e,4,136270.446386586,791
F_grdp_G_a_v0.02_s0.5,fb3848a1,0,13234.614088482635,999
F_grdp_G_a_v0.02_s0.5,fb3848a1,1,36748.364780375196,1000
F_grdp_G_a_v0.02_s0.5,fb3848a1,2,137790.59467438344,1000
F_grdp_G_a_v0.02_s0.5,fb3848a1,3,197580.39221521147,1000
F_grdp_G_a_v0.02_s0.5,fb3848a1,4,125706.42057897458,1000
F_grdp_G_a_v0.02_s0.5,fb3848a1,5,149210.53344386697,920
F_grdp_G_a_v0.02_s0.5,62a6f539,0,55598.23775995757,999
F_grdp_G_a_v0.02_s0.5,62a6f539,1,64230.96237722578,1000
F_grdp_G_a_v0.02_s0.5,62a6f539,2,28875.580225386566,1000
F_grdp_G_a_v0.02_s0.5,62a6f539,3,25017.68097763843,694
F_grdp_G_a_v0.02_s0.5,63559d57,0,33637.05496502113,999
F_grdp_G_a_v0.02_s0.5,63559d57,1,61978.14990664869,1000
F_grdp_G_a_v0.02_s0.5,63559d57,2,24985.042656807622,1000
F_grdp_G_a_v0.02_s0.5,63559d57,3,3201.585296204825,1000
F_grdp_G_a_v0.02_s0.5,63559d57,4,64.88179691902809,70
F_grdp_G_a_v0.02_s0.5,4f3eb9e9,0,2957.5102015098964,999
F_grdp_G_a_v0.02_s0.5,4f3eb9e9,1,19826.60297600855,1000
F_grdp_G_a_v0.02_s0.5,4f3eb9e9,2,387666.43735960545,1000
F_grdp_G_a_v0.02_s0.5,4f3eb9e9,3,722535.2755606639,1000
F_grdp_G_a_v0.02_s0.5,4f3eb9e9,4,187661.79349550905,698
F_grdp_G_a_v0.02_s0.5,460f859e,0,388926.86034648906,999
F_grdp_G_a_v0.02_s0.5,460f859e,1,1040482.6966143239,1000
F_grdp_G_a_v0.02_s0.5,460f859e,2,387912.06272024097,1000
F_grdp_G_a_v0.02_s0.5,460f859e,3,85589.09265471128,337
F_grdp_G_a_v0.02_s0.5,28f4eda9,0,3195.917041422972,999
F_grdp_G_a_v0.02_s0.5,28f4eda9,1,4660.970135788003,1000
F_grdp_G_a_v0.02_s0.5,28f4eda9,2,5417.064417046159,1000
F_grdp_G_a_v0.02_s0.5,28f4eda9,3,5793.017488496195,1000
F_grdp_G_a_v0.02_s0.5,28f4eda9,4,36527.41030922212,1000
F_grdp_G_a_v0.02_s0.5,28f4eda9,5,7027.7960263213545,267
F_grdp_G_a_v0.02_s0.5,739a914f,0,7803.003738911685,999
F_grdp_G_a_v0.02_s0.5,739a914f,1,9152.021659106174,1000
F_grdp_G_a_v0.02_s0.5,739a914f,2,9502.25989877545,1000
F_grdp_G_a_v0.02_s0.5,739a914f,3,10096.746012979851,1000
F_grdp_G_a_v0.02_s0.5,739a914f,4,4434.159741189498,1000
F_grdp_G_a_v0.02_s0.5,739a914f,5,13395.343188681296,506
F_grdp_G_a_v0.02_s0.5,995ff498,0,10455.042643260454,999
F_grdp_G_a_v0.02_s0.5,995ff498,1,15187.616483371885,1000
F_grdp_G_a_v0.02_s0.5,995ff498,2,13956.297546478852,1000
F_grdp_G_a_v0.02_s0.5,995ff498,3,39630.396584308706,1000
F_grdp_G_a_v0.02_s0.5,995ff498,4,170796.1707090948,527
F_grdp_G_a_v0.02_s0.5,698930d1,0,24457.93481918255,999
F_grdp_G_a_v0.02_s0.5,698930d1,1,41649.85434309225,1000
F_grdp_G_a_v0.02_s0.5,698930d1,2,51366.50204996982,1000
F_grdp_G_a_v0.02_s0.5,698930d1,3,112837.57252570594,1000
F_grdp_G_a_v0.02_s0.5,698930d1,4,50756.69132581147,742
F_grdp_G_a_v0.02_s0.5,f16e25e3,0,3343.2880578464137,999
F_grdp_G_a_v0.02_s0.5,f16e25e3,1,2804.810826779263,1000
F_grdp_G_a_v0.02_s0.5,f16e25e3,2,17387.728214671915,1000
F_grdp_G_a_v0.02_s0.5,f16e25e3,3,22266.221612099194,1000
F_grdp_G_a_v0.02_s0.5,f16e25e3,4,19796.516481306273,652
F_grdp_G_a_v0.02_s0.5,37d36812,0,8848.354287778448,999
F_grdp_G_a_v0.02_s0.5,37d36812,1,183947.9021765333,1000
F_grdp_G_a_v0.02_s0.5,37d36812,2,213273.04637140973,1000
F_grdp_G_a_v0.02_s0.5,37d36812,3,491226.9542034666,1000
F_grdp_G_a_v0.02_s0.5,37d36812,4,49348.26623802391,368
F_grdp_G_a_v0.02_s0.5,a5aa7973,0,32148.01272286902,999
F_grdp_G_a_v0.02_s0.5,a5aa7973,1,9835.015518658014,1000
F_grdp_G_a_v0.02_s0.5,a5aa7973,2,112006.32132355034,1000
F_grdp_G_a_v0.02_s0.5,a5aa7973,3,144238.44453030042,1000
F_grdp_G_a_v0.02_s0.5,a5aa7973,4,81017.6322031922,617
F_grdp_G_a_v0.02_s0.5,8612b37f,0,50738.864472046305,999
F_grdp_G_a_v0.02_s0.5,8612b37f,1,18768.12377076364,1000
F_grdp_G_a_v0.02_s0.5,8612b37f,2,19893.96402324822,1000
F_grdp_G_a_v0.02_s0.5,8612b37f,3,458258.8344752025,1000
F_grdp_G_a_v0.02_s0.5,8612b37f,4,352552.1291132592,1000
F_grdp_G_a_v0.02_s0.5,8612b37f,5,6346.692031461625,166
F_grdp_G_a_v0.02_s0.5,94467f50,0,88271.5736160187,999
F_grdp_G_a_v0.02_s0.5,94467f50,1,242558.72832276588,1000
F_grdp_G_a_v0.02_s0.5,94467f50,2,313107.2270417791,1000
F_grdp_G_a_v0.02_s0.5,94467f50,3,22350.65595444694,36
F_grdp_G_a_v0.02_s0.5,14fee784,0,43127.421761442696,999
F_grdp_G_a_v0.02_s0.5,14fee784,1,611703.5657245838,1000
F_grdp_G_a_v0.02_s0.5,14fee784,2,1311793.9950913633,1000
F_grdp_G_a_v0.02_s0.5,14fee784,3,1347014.0328499018,1000
F_grdp_G_a_v0.02_s0.5,14fee784,4,221641.57766827248,911
F_grdp_G_a_v0.02_s0.5,eabc711b,0,6909.81576424859,999
F_grdp_G_a_v0.02_s0.5,eabc711b,1,56411.99675544558,1000
F_grdp_G_a_v0.02_s0.5,eabc711b,2,35783.415842213406,1000
F_grdp_G_a_v0.02_s0.5,eabc711b,3,238533.02492953246,1000
F_grdp_G_a_v0.02_s0.5,eabc711b,4,208309.55255293098,1000
F_grdp_G_a_v0.02_s0.5,eabc711b,5,2857.091092595773,349
F_grdp_G_a_v0.02_s0.5,bd2c2f34,0,2545.3447174559874,999
F_grdp_G_a_v0.02_s0.5,bd2c2f34,1,9832.965604859422,1000
F_grdp_G_a_v0.02_s0.5,bd2c2f34,2,5261.901894555922,1000
F_grdp_G_a_v0.02_s0.5,bd2c2f34,3,7643.918862433691,1000
F_grdp_G_a_v0.02_s0.5,bd2c2f34,4,13631.641383016971,1000
F_grdp_G_a_v0.02_s0.5,bd2c2f34,5,1998.1899109379058,1000
F_grdp_G_a_v0.02_s0.5,bd2c2f34,6,2027.0693240844976,1000
F_grdp_G_a_v0.02_s0.5,bd2c2f34,7,15965.65992739235,1000
F_grdp_G_a_v0.02_s0.5,bd2c2f34,8,3178.405377775373,1000
F_grdp_G_a_v0.02_s0.5,bd2c2f34,9,22148.768137196115,824
F_grdp_G_a_v0.02_s0.5,d9d6d94d,0,28729.0967836899,999
F_grdp_G_a_v0.02_s0.5,d9d6d94d,1,27145.662880337768,1000
F_grdp_G_a_v0.02_s0.5,d9d6d94d,2,462267.70070746396,1000
F_grdp_G_a_v0.02_s0.5,d9d6d94d,3,285085.9727386243,1000
F_grdp_G_a_v0.02_s0.5,d9d6d94d,4,6881.491844163093,920
F_grdp_G_a_v0.02_s0.5,dd64382d,0,5311.888059000621,999
F_grdp_G_a_v0.02_s0.5,dd64382d,1,18596.582599715395,1000
F_grdp_G_a_v0.02_s0.5,dd64382d,2,59745.89447976114,1000
F_grdp_G_a_v0.02_s0.5,dd64382d,3,19763.63538113679,125
F_grdp_G_a_v0.02_s0.5,c42fe306,0,1524.33320931671,999
F_grdp_G_a_v0.02_s0.5,c42fe306,1,116143.4945213998,1000
F_grdp_G_a_v0.02_s0.5,c42fe306,2,182170.4670432943,1000
F_grdp_G_a_v0.02_s0.5,c42fe306,3,61327.07792136751,1000
F_grdp_G_a_v0.02_s0.5,c42fe306,4,16764.199116178155,1000
F_grdp_G_a_v0.02_s0.5,c42fe306,5,3583.031871813619,96
F_grdp_G_a_v0.02_s0.5,7ff89f8f,0,6222.061217772035,999
F_grdp_G_a_v0.02_s0.5,7ff89f8f,1,28330.56104612887,1000
F_grdp_G_a_v0.02_s0.5,7ff89f8f,2,166607.02516987032,1000
F_grdp_G_a_v0.02_s0.5,7ff89f8f,3,499814.5784807607,1000
F_grdp_G_a_v0.02_s0.5,7ff89f8f,4,622246.0319741623,1000
F_grdp_G_a_v0.02_s0.5,7ff89f8f,5,575843.8816160323,1000
F_grdp_G_a_v0.02_s0.5,7ff89f8f,6,412806.0170060092,1000
F_grdp_G_a_v0.02_s0.5,7ff89f8f,7,25807.11540429449,338
F_grdp_G_a_v0.02_s0.5,8478df29,0,53462.4437540901,999
F_grdp_G_a_v0.02_s0.5,8478df29,1,70198.77946884446,1000
F_grdp_G_a_v0.02_s0.5,8478df29,2,149177.74744836596,1000
F_grdp_G_a_v0.02_s0.5,8478df29,3,39823.59503784894,1000
F_grdp_G_a_v0.02_s0.5,8478df29,4,4455.639779864754,858
F_grdp_G_a_v0.02_s0.5,5eae34a8,0,227.90627182376494,999
F_grdp_G_a_v0.02_s0.5,5eae34a8,1,1060.3456877031877,1000
F_grdp_G_a_v0.02_s0.5,5eae34a8,2,18288.715449515417,1000
F_grdp_G_a_v0.02_s0.5,5eae34a8,3,77320.26066646355,1000
F_grdp_G_a_v0.02_s0.5,5eae34a8,4,333889.28826705425,905
F_grdp_G_a_v0.02_s0.5,5a1a8fd8,0,43057.86772859604,999
F_grdp_G_a_v0.02_s0.5,5a1a8fd8,1,25297.910185239958,1000
F_grdp_G_a_v0.02_s0.5,5a1a8fd8,2,2823.5573072779084,1000
F_grdp_G_a_v0.02_s0.5,5a1a8fd8,3,5375.026184060883,1000
F_grdp_G_a_v0.02_s0.5,5a1a8fd8,4,181797.48899458963,1000
F_grdp_G_a_v0.02_s0.5,5a1a8fd8,5,140778.94086334732,261
F_grdp_G_a_v0.02_s0.5,940e709a,0,3212.582726516253,999
F_grdp_G_a_v0.02_s0.5,940e709a,1,6882.543069246276,1000
F_grdp_G_a_v0.02_s0.5,940e709a,2,2390.1588599110387,1000
F_grdp_G_a_v0.02_s0.5,940e709a,3,12639.207026230446,349
F_grdp_G_a_v0.02_s0.5,7bb17b96,0,972.4770570344433,999
F_grdp_G_a_v0.02_s0.5,7bb17b96,1,17010.18326086241,1000
F_grdp_G_a_v0.02_s0.5,7bb17b96,2,32798.349372457866,1000
F_grdp_G_a_v0.02_s0.5,7bb17b96,3,21452.887950115837,923
F_grdp_G_a_v0.02_s0.5,e149204f,0,6925.4741999180915,999
F_grdp_G_a_v0.02_s0.5,e149204f,1,4119.094794761005,1000
F_grdp_G_a_v0.02_s0.5,e149204f,2,2667.0916033621716,1000
F_grdp_G_a_v0.02_s0.5,e149204f,3,24263.072270741126,1000
F_grdp_G_a_v0.02_s0.5,e149204f,4,34538.89694602547,1000
F_grdp_G_a_v0.02_s0.5,e149204f,5,122052.61756550756,1000
F_grdp_G_a_v0.02_s0.5,e149204f,6,5190.874026540587,98
F_grdp_G_a_v0.02_s0.5,22c5f93f,0,281.50555946460946,999
F_grdp_G_a_v0.02_s0.5,22c5f93f,1,31218.395465100086,1000
F_grdp_G_a_v0.02_s0.5,22c5f93f,2,15769.22398344414,1000
F_grdp_G_a_v0.02_s0.5,22c5f93f,3,35793.70315140758,1000
F_grdp_G_a_v0.02_s0.5,22c5f93f,4,12960.863856416789,1000
F_grdp_G_a_v0.02_s0.5,22c5f93f,5,5502.975250135071,173
F_grdp_G_a_v0.02_s0.5,2e43c2ea,0,3326.7515929931787,999
F_grdp_G_a_v0.02_s0.5,2e43c2ea,1,55673.02952488386,1000
F_grdp_G_a_v0.02_s0.5,2e43c2ea,2,26941.616245705056,1000
F_grdp_G_a_v0.02_s0.5,2e43c2ea,3,2710.277972792009,1000
F_grdp_G_a_v0.02_s0.5,2e43c2ea,4,25031.34955959895,1000
F_grdp_G_a_v0.02_s0.5,2e43c2ea,5,365708.2158183994,699
F_grdp_G_a_v0.02_s0.5,44a94013,0,74357.23106154859,999
F_grdp_G_a_v0.02_s0.5,44a94013,1,76592.31623130501,1000
F_grdp_G_a_v0.02_s0.5,44a94013,2,86648.01806765409,1000
F_grdp_G_a_v0.02_s0.5,44a94013,3,44189.0785212481,1000
F_grdp_G_a_v0.02_s0.5,44a94013,4,248975.58085790608,904
F_grdp_G_a_v0.02_s0.5,2b547943,0,9500.63858607407,999
F_grdp_G_a_v0.02_s0.5,2b547943,1,187780.40189175884,1000
F_grdp_G_a_v0.02_s0.5,2b547943,2,206357.80047246203,1000
F_grdp_G_a_v0.02_s0.5,2b547943,3,90323.91435348667,481
F_grdp_G_a_v0.02_s0.5,d07aed8f,0,37959.36201153645,999
F_grdp_G_a_v0.02_s0.5,d07aed8f,1,122242.63313553696,1000
F_grdp_G_a_v0.02_s0.5,d07aed8f,2,70896.5194080988,958
F_grdp_G_a_v0.02_s0.5,6ede926a,0,4870.5168560412285,999
F_grdp_G_a_v0.02_s0.5,6ede926a,1,2984.521946490171,1000
F_grdp_G_a_v0.02_s0.5,6ede926a,2,11056.498621177876,1000
F_grdp_G_a_v0.02_s0.5,6ede926a,3,22235.004370144314,1000
F_grdp_G_a_v0.02_s0.5,6ede926a,4,2350.003165810366,939
F_grdp_G_a_v0.02_s0.5,529e88ca,0,17483.062755261373,999
F_grdp_G_a_v0.02_s0.5,529e88ca,1,120064.05320646187,1000
F_grdp_G_a_v0.02_s0.5,529e88ca,2,192493.22784549577,1000
F_grdp_G_a_v0.02_s0.5,529e88ca,3,97507.46533635122,418
F_grdp_G_a_v0.02_s0.5,09441b8d,0,690.4402597552833,999
F_grdp_G_a_v0.02_s0.5,09441b8d,1,1258.1455667094583,1000
F_grdp_G_a_v0.02_s0.5,09441b8d,2,22742.87308026154,1000
F_grdp_G_a_v0.02_s0.5,09441b8d,3,1173.9950553399906,1000
F_grdp_G_a_v0.02_s0.5,09441b8d,4,2487.6154027848925,1000
F_grdp_G_a_v0.02_s0.5,09441b8d,5,3542.413369645077,489
F_grdp_G_a_v0.02_s0.5,4121c517,0,12446.797580307673,999
F_grdp_G_a_v0.02_s0.5,4121c517,1,9112.666912273626,1000
F_grdp_G_a_v0.02_s0.5,4121c517,2,45936.56210255942,1000
F_grdp_G_a_v0.02_s0.5,4121c517,3,27940.03072454921,724
F_grdp_G_a_v0.02_s0.5,58850d2c,0,14969.926128834335,999
F_grdp_G_a_v0.02_s0.5,58850d2c,1,10332.000578117737,1000
F_grdp_G_a_v0.02_s0.5,58850d2c,2,38551.78296474254,1000
F_grdp_G_a_v0.02_s0.5,58850d2c,3,58698.927897402806,1000
F_grdp_G_a_v0.02_s0.5,58850d2c,4,13049.992067243258,996
F_grdp_G_a_v0.02_s0.5,d273674e,0,3302.1377257595586,999
F_grdp_G_a_v0.02_s0.5,d273674e,1,1054.1457838932827,1000
F_grdp_G_a_v0.02_s0.5,d273674e,2,1629.2444427336757,1000
F_grdp_G_a_v0.02_s0.5,d273674e,3,17593.312942026092,900
F_grdp_G_a_v0.02_s0.5,cbb406b5,0,23828.972387359467,999
F_grdp_G_a_v0.02_s0.5,cbb406b5,1,108399.1825621669,1000
F_grdp_G_a_v0.02_s0.5,cbb406b5,2,111997.4612963732,1000
F_grdp_G_a_v0.02_s0.5,cbb406b5,3,18491.934505286194,1000
F_grdp_G_a_v0.02_s0.5,cbb406b5,4,6598.536634840707,1000
F_grdp_G_a_v0.02_s0.5,cbb406b5,5,6881.0084512392805,1000
F_grdp_G_a_v0.02_s0.5,cbb406b5,6,6327.9745428929855,329
F_grdp_G_a_v0.02_s0.5,c03d4aed,0,5489.94087669392,999
F_grdp_G_a_v0.02_s0.5,c03d4aed,1,146173.02607824872,1000
F_grdp_G_a_v0.02_s0.5,c03d4aed,2,43752.44899524958,1000
F_grdp_G_a_v0.02_s0.5,c03d4aed,3,14380.912241174352,1000
F_grdp_G_a_v0.02_s0.5,c03d4aed,4,3744.439321963701,642
F_grdp_G_a_v0.02_s0.5,9283ae69,0,52698.921030680904,999
F_grdp_G_a_v0.02_s0.5,9283ae69,1,74392.37603707772,1000
F_grdp_G_a_v0.02_s0.5,9283ae69,2,14580.992436159599,1000
F_grdp_G_a_v0.02_s0.5,9283ae69,3,1752.31924539302,372
F_grdp_G_a_v0.02_s0.5,999daf80,0,28352.254210118306,999
F_grdp_G_a_v0.02_s0.5,999daf80,1,36584.58396932945,1000
F_grdp_G_a_v0.02_s0.5,999daf80,2,7909.373205135344,1000
F_grdp_G_a_v0.02_s0.5,999daf80,3,2824.888903262531,565
F_grdp_G_a_v0.02_s0.5,3d96d897,0,1565.1268244581174,999
F_grdp_G_a_v0.02_s0.5,3d96d897,1,2123.719367661235,1000
F_grdp_G_a_v0.02_s0.5,3d96d897,2,656.6793743619329,1000
F_grdp_G_a_v0.02_s0.5,3d96d897,3,1750.7649808789029,1000
F_grdp_G_a_v0.02_s0.5,3d96d897,4,38238.506834947664,1000
F_grdp_G_a_v0.02_s0.5,3d96d897,5,30718.285444921203,660
F_grdp_G_a_v0.02_s0.5,f8f59188,0,1543.3235443432218,999
F_grdp_G_a_v0.02_s0.5,f8f59188,1,486.82583128798257,1000
F_grdp_G_a_v0.02_s0.5,f8f59188,2,8854.905738769592,1000
F_grdp_G_a_v0.02_s0.5,f8f59188,3,99371.10587796997,1000
F_grdp_G_a_v0.02_s0.5,f8f59188,4,6751.0151835307215,808
F_grdp_G_a_v0.02_s0.5,d5df0ff5,0,211125.34536124277,999
F_grdp_G_a_v0.02_s0.5,d5df0ff5,1,274313.12707147776,1000
F_grdp_G_a_v0.02_s0.5,d5df0ff5,2,133257.92285728152,1000
F_grdp_G_a_v0.02_s0.5,d5df0ff5,3,177243.71390566143,1000
F_grdp_G_a_v0.02_s0.5,d5df0ff5,4,10576.354788302351,33
F_grdp_G_a_v0.02_s0.5,d40f61d5,0,54968.13539051397,999
F_grdp_G_a_v0.02_s0.5,d40f61d5,1,52597.088342777555,1000
F_grdp_G_a_v0.02_s0.5,d40f61d5,2,126347.70983341133,1000
F_grdp_G_a_v0.02_s0.5,d40f61d5,3,97580.77917927012,1000
F_grdp_G_a_v0.02_s0.5,d40f61d5,4,1294.3242454545323,40
F_grdp_G_a_v0.02_s0.5,4654e7de,0,11287.504033281908,999
F_grdp_G_a_v0.02_s0.5,4654e7de,1,59623.80061601158,1000
F_grdp_G_a_v0.02_s0.5,4654e7de,2,106544.56476340344,1000
F_grdp_G_a_v0.02_s0.5,4654e7de,3,5864.285031576112,1000
F_grdp_G_a_v0.02_s0.5,4654e7de,4,23496.523723364364,1000
F_grdp_G_a_v0.02_s0.5,4654e7de,5,2527.628428051495,374
F_grdp_G_a_v0.02_s0.5,0390d174,0,14424.089683017928,999
F_grdp_G_a_v0.02_s0.5,0390d174,1,24272.825166108956,1000
F_grdp_G_a_v0.02_s0.5,0390d174,2,80038.18938534649,1000
F_grdp_G_a_v0.02_s0.5,0390d174,3,137569.25579069986,1000
F_grdp_G_a_v0.02_s0.5,0390d174,4,5761.966299721597,412
F_grdp_G_a_v0.02_s0.5,577eec7c,0,218116.2160833079,999
F_grdp_G_a_v0.02_s0.5,577eec7c,1,489388.98518734635,1000
F_grdp_G_a_v0.02_s0.5,577eec7c,2,114549.13031553428,1000
F_grdp_G_a_v0.02_s0.5,577eec7c,3,8238.209218026734,1000
F_grdp_G_a_v0.02_s0.5,577eec7c,4,30955.838839287426,540
F_grdp_G_a_v0.02_s0.5,5138a660,0,32609.98151061382,999
F_grdp_G_a_v0.02_s0.5,5138a660,1,51819.879927054746,1000
F_grdp_G_a_v0.02_s0.5,5138a660,2,23061.62889269687,1000
F_grdp_G_a_v0.02_s0.5,5138a660,3,128129.45516535014,560
F_grdp_G_a_v0.02_s0.5,2d196986,0,4139.342608075916,999
F_grdp_G_a_v0.02_s0.5,2d196986,1,21052.679298021678,1000
F_grdp_G_a_v0.02_s0.5,2d196986,2,6435.143786280595,1000
F_grdp_G_a_v0.02_s0.5,2d196986,3,10057.594346561704,1000
F_grdp_G_a_v0.02_s0.5,2d196986,4,6227.314601123389,1000
F_grdp_G_a_v0.02_s0.5,2d196986,5,11301.826392266481,1000
F_grdp_G_a_v0.02_s0.5,2d196986,6,9295.022931010022,475
F_grdp_G_a_v0.02_s0.5,ab94878e,0,3341.983370248782,999
F_grdp_G_a_v0.02_s0.5,ab94878e,1,3610.066986943884,1000
F_grdp_G_a_v0.02_s0.5,ab94878e,2,14112.088593964834,1000
F_grdp_G_a_v0.02_s0.5,ab94878e,3,44496.847239536066,1000
F_grdp_G_a_v0.02_s0.5,ab94878e,4,52937.01482462164,1000
F_grdp_G_a_v0.02_s0.5,ab94878e,5,47739.74801711083,1000
F_grdp_G_a_v0.02_s0.5,ab94878e,6,200.88425620484253,5
F_grdp_G_a_v0.02_s0.5,1e30dedf,0,169228.5433380722,999
F_grdp_G_a_v0.02_s0.5,1e30dedf,1,165133.38110518965,1000
F_grdp_G_a_v0.02_s0.5,1e30dedf,2,87755.04941759897,1000
F_grdp_G_a_v0.02_s0.5,1e30dedf,3,91511.22223471281,1000
F_grdp_G_a_v0.02_s0.5,1e30dedf,4,757.254975932077,72
F_grdp_G_a_v0.02_s0.5,d217e0c5,0,12177.878835225274,999
F_grdp_G_a_v0.02_s0.5,d217e0c5,1,23360.616367077197,1000
F_grdp_G_a_v0.02_s0.5,d217e0c5,2,26390.228066414977,1000
F_grdp_G_a_v0.02_s0.5,d217e0c5,3,251023.94863150152,839
F_grdp_G_a_v0.02_s0.5,59f8b2e8,0,3080.30859064004,999
F_grdp_G_a_v0.02_s0.5,59f8b2e8,1,47070.0735608359,1000
F_grdp_G_a_v0.02_s0.5,59f8b2e8,2,28382.823011225857,1000
F_grdp_G_a_v0.02_s0.5,59f8b2e8,3,8636.499207119947,748
F_grdp_G_a_v0.02_s0.5,504c8b08,0,37874.074746260405,999
F_grdp_G_a_v0.02_s0.5,504c8b08,1,71374.93563415698,1000
F_grdp_G_a_v0.02_s0.5,504c8b08,2,9507.912082680512,1000
F_grdp_G_a_v0.02_s0.5,504c8b08,3,17411.72653129362,1000
F_grdp_G_a_v0.02_s0.5,504c8b08,4,19681.699923175554,1000
F_grdp_G_a_v0.02_s0.5,504c8b08,5,171060.13933672613,1000
F_grdp_G_a_v0.02_s0.5,504c8b08,6,96685.97608996552,368
F_grdp_G_a_v0.02_s0.5,a08d9e63,0,249166.22866047124,999
F_grdp_G_a_v0.02_s0.5,a08d9e63,1,586180.9816548963,1000
F_grdp_G_a_v0.02_s0.5,a08d9e63,2,481671.18818684696,1000
F_grdp_G_a_v0.02_s0.5,a08d9e63,3,69786.50180177091,686
F_grdp_G_a_v0.02_s0.5,1beca81d,0,1323.9787945607331,999
F_grdp_G_a_v0.02_s0.5,1beca81d,1,55692.73328058381,1000
F_grdp_G_a_v0.02_s0.5,1beca81d,2,66497.91381273464,1000
F_grdp_G_a_v0.02_s0.5,1beca81d,3,38786.13525801926,1000
F_grdp_G_a_v0.02_s0.5,1beca81d,4,79843.17479999935,1000
F_grdp_G_a_v0.02_s0.5,1beca81d,5,4289.8619558841665,37
F_grdp_G_a_v0.02_s0.5,eac10e86,0,471.67805424212395,999
F_grdp_G_a_v0.02_s0.5,eac10e86,1,438.22184584547705,1000
F_grdp_G_a_v0.02_s0.5,eac10e86,2,1821.5214314371256,1000
F_grdp_G_a_v0.02_s0.5,eac10e86,3,110.32277324272123,1000
F_grdp_G_a_v0.02_s0.5,eac10e86,4,4700.241781993876,1000
F_grdp_G_a_v0.02_s0.5,eac10e86,5,29661.813254661298,1000
F_grdp_G_a_v0.02_s0.5,eac10e86,6,2095.879043690618,68
F_grdp_G_a_v0.02_s0.5,efde6ac3,0,19345.835824452664,999
F_grdp_G_a_v0.02_s0.5,efde6ac3,1,38900.943537982086,1000
F_grdp_G_a_v0.02_s0.5,efde6ac3,2,25609.131543834003,1000
F_grdp_G_a_v0.02_s0.5,efde6ac3,3,157146.34645894324,1000
F_grdp_G_a_v0.02_s0.5,efde6ac3,4,115031.31916362117,560
F_grdp_G_a_v0.02_s0.5,9896fc0b,0,8328.766358011231,999
F_grdp_G_a_v0.02_s0.5,9896fc0b,1,11158.17818510428,1000
F_grdp_G_a_v0.02_s0.5,9896fc0b,2,51335.83957816519,1000
F_grdp_G_a_v0.02_s0.5,9896fc0b,3,437440.37436452194,596
F_grdp_G_a_v0.02_s0.5,24d8997e,0,2748.670324626353,999
F_grdp_G_a_v0.02_s0.5,24d8997e,1,26504.565135715,1000
F_grdp_G_a_v0.02_s0.5,24d8997e,2,2132.8036929896307,1000
F_grdp_G_a_v0.02_s0.5,24d8997e,3,495.58785832862463,443
F_grdp_G_a_v0.02_s0.5,9d072e4c,0,14185.897101653965,999
F_grdp_G_a_v0.02_s0.5,9d072e4c,1,16356.453979758147,1000
F_grdp_G_a_v0.02_s0.5,9d072e4c,2,20706.689174869993,1000
F_grdp_G_a_v0.02_s0.5,9d072e4c,3,6919.632542374183,1000
F_grdp_G_a_v0.02_s0.5,9d072e4c,4,44020.53280966965,1000
F_grdp_G_a_v0.02_s0.5,9d072e4c,5,18461.520499466933,108
F_grdp_G_a_v0.02_s0.5,c03b9305,0,9072.25928196088,999
F_grdp_G_a_v0.02_s0.5,c03b9305,1,72362.16523232541,1000
F_grdp_G_a_v0.02_s0.5,c03b9305,2,288909.82092279283,1000
F_grdp_G_a_v0.02_s0.5,c03b9305,3,186066.90737676586,1000
F_grdp_G_a_v0.02_s0.5,c03b9305,4,118841.40871701924,256
F_grdp_G_a_v0.02_s0.5,722cf0d8,0,50077.282516846586,999
F_grdp_G_a_v0.02_s0.5,722cf0d8,1,116961.26291368586,1000
F_grdp_G_a_v0.02_s0.5,722cf0d8,2,102969.8824192393,1000
F_grdp_G_a_v0.02_s0.5,722cf0d8,3,14711.349094505245,1000
F_grdp_G_a_v0.02_s0.5,722cf0d8,4,1377.489422826176,1000
F_grdp_G_a_v0.02_s0.5,722cf0d8,5,0.6628155166068002,144
F_grdp_G_a_v0.02_s0.5,25050f63,0,618697.373000042,999
F_grdp_G_a_v0.02_s0.5,25050f63,1,799377.4401000497,1000
F_grdp_G_a_v0.02_s0.5,25050f63,2,1080752.8902000545,1000
F_grdp_G_a_v0.02_s0.5,25050f63,3,1814327.2526000745,1000
F_grdp_G_a_v0.02_s0.5,25050f63,4,1701061.3256000723,1000
F_grdp_G_a_v0.02_s0.5,25050f63,5,1336888.7639000614,1000
F_grdp_G_a_v0.02_s0.5,25050f63,6,165952.29080000796,125
F_grdp_G_a_v0.02_s0.5,d90aa14c,0,45908.00229281151,999
F_grdp_G_a_v0.02_s0.5,d90aa14c,1,29993.724252275188,1000
F_grdp_G_a_v0.02_s0.5,d90aa14c,2,86843.64983706364,1000
F_grdp_G_a_v0.02_s0.5,d90aa14c,3,152431.34742329715,1000
F_grdp_G_a_v0.02_s0.5,d90aa14c,4,105822.9310037698,1000
F_grdp_G_a_v0.02_s0.5,d90aa14c,5,24886.696396231626,1000
F_grdp_G_a_v0.02_s0.5,d90aa14c,6,427985.5304444503,1000
F_grdp_G_a_v0.02_s0.5,d90aa14c,7,176715.5151475317,1000
F_grdp_G_a_v0.02_s0.5,d90aa14c,8,4171.0715375949885,1000
F_grdp_G_a_v0.02_s0.5,d90aa14c,9,96272.77758535591,1000
F_grdp_G_a_v0.02_s0.5,d90aa14c,10,10293.681873194564,19
F_grdp_G_a_v0.02_s0.5,dafc88c3,0,9881.18847621328,999
F_grdp_G_a_v0.02_s0.5,dafc88c3,1,30146.730228831155,1000
F_grdp_G_a_v0.02_s0.5,dafc88c3,2,1795.5975343620562,1000
F_grdp_G_a_v0.02_s0.5,dafc88c3,3,2852.299065739886,1000
F_grdp_G_a_v0.02_s0.5,dafc88c3,4,86400.12492805967,1000
F_grdp_G_a_v0.02_s0.5,dafc88c3,5,330353.06816715596,573
F_grdp_G_a_v0.02_s0.5,d1457cc5,0,29777.60469999935,999
F_grdp_G_a_v0.02_s0.5,d1457cc5,1,70109.93969999884,1000
F_grdp_G_a_v0.02_s0.5,d1457cc5,2,62654.877000000895,1000
F_grdp_G_a_v0.02_s0.5,d1457cc5,3,178537.54080000194,1000
F_grdp_G_a_v0.02_s0.5,d1457cc5,4,121939.23870000038,1000
F_grdp_G_a_v0.02_s0.5,d1457cc5,5,29516.508299999765,1000
F_grdp_G_a_v0.02_s0.5,d1457cc5,6,40743.87680000088,921
F_grdp_G_a_v0.02_s0.5,08fecf00,0,3059.869991660326,999
F_grdp_G_a_v0.02_s0.5,08fecf00,1,76741.89603055587,1000
F_grdp_G_a_v0.02_s0.5,08fecf00,2,29021.546687899343,1000
F_grdp_G_a_v0.02_s0.5,08fecf00,3,86484.50167146504,1000
F_grdp_G_a_v0.02_s0.5,08fecf00,4,843.2766786143661,1000
F_grdp_G_a_v0.02_s0.5,08fecf00,5,63909.03162061712,575
F_grdp_G_a_v0.02_s0.5,d7ba4f9d,0,1009.4381277224833,999
F_grdp_G_a_v0.02_s0.5,d7ba4f9d,1,3245.792117525961,1000
F_grdp_G_a_v0.02_s0.5,d7ba4f9d,2,14827.467806117216,1000
F_grdp_G_a_v0.02_s0.5,d7ba4f9d,3,119112.82978888197,1000
F_grdp_G_a_v0.02_s0.5,d7ba4f9d,4,148082.98613613733,1000
F_grdp_G_a_v0.02_s0.5,d7ba4f9d,5,97665.24800693593,1000
F_grdp_G_a_v0.02_s0.5,d7ba4f9d,6,1352.2781195969374,24
F_grdp_G_a_v0.02_s0.5,5aa403d0,0,34829.081798968866,999
F_grdp_G_a_v0.02_s0.5,5aa403d0,1,140873.12923517902,1000
F_grdp_G_a_v0.02_s0.5,5aa403d0,2,187618.50951188558,1000
F_grdp_G_a_v0.02_s0.5,5aa403d0,3,32443.550635550524,119
F_grdp_G_a_v0.02_s0.5,0dc5e64d,0,51325.6880000094,999
F_grdp_G_a_v0.02_s0.5,0dc5e64d,1,216551.74390002072,1000
F_grdp_G_a_v0.02_s0.5,0dc5e64d,2,6097.258799998498,1000
F_grdp_G_a_v0.02_s0.5,0dc5e64d,3,237582.85460001064,1000
F_grdp_G_a_v0.02_s0.5,0dc5e64d,4,1595531.1789000526,880
F_grdp_G_a_v0.02_s0.5,940a48d9,0,20113.943891091454,999
F_grdp_G_a_v0.02_s0.5,940a48d9,1,10590.328795846823,1000
F_grdp_G_a_v0.02_s0.5,940a48d9,2,17529.724445467833,1000
F_grdp_G_a_v0.02_s0.5,940a48d9,3,10623.25472374719,964
F_grdp_G_a_v0.02_s0.5,3932faa6,0,7852.13653081163,999
F_grdp_G_a_v0.02_s0.5,3932faa6,1,118344.27348445349,1000
F_grdp_G_a_v0.02_s0.5,3932faa6,2,20875.555867470186,1000
F_grdp_G_a_v0.02_s0.5,3932faa6,3,203703.81714213477,1000
F_grdp_G_a_v0.02_s0.5,3932faa6,4,24969.568465426888,1000
F_grdp_G_a_v0.02_s0.5,3932faa6,5,77277.68346718093,453
F_grdp_G_a_v0.02_s0.5,c84c65be,0,14297.354741709492,999
F_grdp_G_a_v0.02_s0.5,c84c65be,1,33765.013998455,1000
F_grdp_G_a_v0.02_s0.5,c84c65be,2,15523.54453361105,1000
F_grdp_G_a_v0.02_s0.5,c84c65be,3,93705.64815005657,1000
F_grdp_G_a_v0.02_s0.5,c84c65be,4,197709.36151159552,1000
F_grdp_G_a_v0.02_s0.5,c84c65be,5,164120.38936410059,1000
F_grdp_G_a_v0.02_s0.5,c84c65be,6,49591.57032017749,1000
F_grdp_G_a_v0.02_s0.5,c84c65be,7,45494.36838544696,1000
F_grdp_G_a_v0.02_s0.5,c84c65be,8,8705.183161223427,497
F_grdp_G_a_v0.02_s0.5,86454a6f,0,206168.61401512485,999
F_grdp_G_a_v0.02_s0.5,86454a6f,1,1757800.2815256552,1000
F_grdp_G_a_v0.02_s0.5,86454a6f,2,1827127.8742861375,1000
F_grdp_G_a_v0.02_s0.5,86454a6f,3,3777374.782436532,1000
F_grdp_G_a_v0.02_s0.5,86454a6f,4,2103529.562362253,1000
F_grdp_G_a_v0.02_s0.5,86454a6f,5,2635513.202936229,1000
F_grdp_G_a_v0.02_s0.5,86454a6f,6,3098965.6124143447,1000
F_grdp_G_a_v0.02_s0.5,86454a6f,7,3322963.133724992,965
F_grdp_G_a_v0.02_s0.5,54a7e3c2,0,13094.004836459668,999
F_grdp_G_a_v0.02_s0.5,54a7e3c2,1,12850.336254520882,1000
F_grdp_G_a_v0.02_s0.5,54a7e3c2,2,7703.000767475039,1000
F_grdp_G_a_v0.02_s0.5,54a7e3c2,3,49748.72713202906,1000
F_grdp_G_a_v0.02_s0.5,54a7e3c2,4,162978.04211097624,1000
F_grdp_G_a_v0.02_s0.5,54a7e3c2,5,78327.68712268698,1000
F_grdp_G_a_v0.02_s0.5,54a7e3c2,6,12488.777529808156,156
F_grdp_G_a_v0.02_s0.5,ae069086,0,7661.874754937546,999
F_grdp_G_a_v0.02_s0.5,ae069086,1,39129.61313733899,1000
F_grdp_G_a_v0.02_s0.5,ae069086,2,252878.05839053358,1000
F_grdp_G_a_v0.02_s0.5,ae069086,3,50518.00867655747,1000
F_grdp_G_a_v0.02_s0.5,ae069086,4,25693.766744511897,771
F_grdp_G_a_v0.02_s0.5,06df5958,0,9704.537580341042,999
F_grdp_G_a_v0.02_s0.5,06df5958,1,86432.04161422697,1000
F_grdp_G_a_v0.02_s0.5,06df5958,2,161903.90972018297,1000
F_grdp_G_a_v0.02_s0.5,06df5958,3,134655.698161613,510
F_grdp_G_a_v0.02_s0.5,992c99e8,0,270.85178316234897,999
F_grdp_G_a_v0.02_s0.5,992c99e8,1,10199.83668561439,1000
F_grdp_G_a_v0.02_s0.5,992c99e8,2,7713.244685925764,1000
F_grdp_G_a_v0.02_s0.5,992c99e8,3,4732.24952101969,1000
F_grdp_G_a_v0.02_s0.5,992c99e8,4,5371.471965779444,905
F_grdp_G_a_v0.02_s0.5,0955cd6c,0,2393.065008765089,999
F_grdp_G_a_v0.02_s0.5,0955cd6c,1,11832.637612005672,1000
F_grdp_G_a_v0.02_s0.5,0955cd6c,2,2545.6234377206865,1000
F_grdp_G_a_v0.02_s0.5,0955cd6c,3,306.3972936816167,1000
F_grdp_G_a_v0.02_s0.5,0955cd6c,4,43224.172027283945,1000
F_grdp_G_a_v0.02_s0.5,0955cd6c,5,15202.512177150473,196
F_grdp_G_a_v0.02_s0.5,8d92cb49,0,1589.4213747239583,999
F_grdp_G_a_v0.02_s0.5,8d92cb49,1,32092.879516018085,1000
F_grdp_G_a_v0.02_s0.5,8d92cb49,2,127792.64442947431,1000
F_grdp_G_a_v0.02_s0.5,8d92cb49,3,205043.83807164483,590
F_grdp_G_a_v0.02_s0.5,77e4821c,0,92254.95980000864,999
F_grdp_G_a_v0.02_s0.5,77e4821c,1,158950.24620001088,1000
F_grdp_G_a_v0.02_s0.5,77e4821c,2,398089.6851000195,1000
F_grdp_G_a_v0.02_s0.5,77e4821c,3,471037.8301000222,1000
F_grdp_G_a_v0.02_s0.5,77e4821c,4,1194942.0478000364,1000
F_grdp_G_a_v0.02_s0.5,77e4821c,5,229830.57150000843,394
F_grdp_G_a_v0.02_s0.5,7b2c7b3c,0,568.3736516292741,999
F_grdp_G_a_v0.02_s0.5,7b2c7b3c,1,6284.805474929538,1000
F_grdp_G_a_v0.02_s0.5,7b2c7b3c,2,19706.381977601483,585
F_grdp_G_a_v0.02_s0.5,ab18d3fc,0,116175.81336997595,999
F_grdp_G_a_v0.02_s0.5,ab18d3fc,1,72171.1673638142,1000
F_grdp_G_a_v0.02_s0.5,ab18d3fc,2,21430.477107271276,1000
F_grdp_G_a_v0.02_s0.5,ab18d3fc,3,51624.407475243934,1000
F_grdp_G_a_v0.02_s0.5,ab18d3fc,4,80342.18882030853,1000
F_grdp_G_a_v0.02_s0.5,ab18d3fc,5,219666.63793673186,695
F_grdp_G_a_v0.02_s0.5,84815d5a,0,17114.82908655296,999
F_grdp_G_a_v0.02_s0.5,84815d5a,1,76132.4503532627,1000
F_grdp_G_a_v0.02_s0.5,84815d5a,2,63225.81549565376,1000
F_grdp_G_a_v0.02_s0.5,84815d5a,3,128394.23797815284,648
F_grdp_G_a_v0.02_s0.5,0498acab,0,5686.001221743461,999
F_grdp_G_a_v0.02_s0.5,0498acab,1,61753.56390229438,1000
F_grdp_G_a_v0.02_s0.5,0498acab,2,14382.643952716546,1000
F_grdp_G_a_v0.02_s0.5,0498acab,3,53110.428481587594,1000
F_grdp_G_a_v0.02_s0.5,0498acab,4,16371.920984006098,799
F_grdp_G_a_v0.02_s0.5,ea0b99b7,0,131799.71751804725,999
F_grdp_G_a_v0.02_s0.5,ea0b99b7,1,41933.5247840056,1000
F_grdp_G_a_v0.02_s0.5,ea0b99b7,2,58185.95087736187,1000
F_grdp_G_a_v0.02_s0.5,ea0b99b7,3,202677.28286041555,1000
F_grdp_G_a_v0.02_s0.5,ea0b99b7,4,202866.99581577934,1000
F_grdp_G_a_v0.02_s0.5,ea0b99b7,5,45374.84839698852,1000
F_grdp_G_a_v0.02_s0.5,ea0b99b7,6,100102.15125968352,1000
F_grdp_G_a_v0.02_s0.5,ea0b99b7,7,222872.25838588865,1000
F_grdp_G_a_v0.02_s0.5,ea0b99b7,8,65995.7581002569,1000
F_grdp_G_a_v0.02_s0.5,ea0b99b7,9,22180.566328006014,240
F_grdp_G_a_v0.02_s0.5,71642c7d,0,57702.616874296145,999
F_grdp_G_a_v0.02_s0.5,71642c7d,1,272205.4369350703,1000
F_grdp_G_a_v0.02_s0.5,71642c7d,2,130512.29746030325,1000
F_grdp_G_a_v0.02_s0.5,71642c7d,3,125049.95063434968,1000
F_grdp_G_a_v0.02_s0.5,71642c7d,4,26447.93018076433,649
F_grdp_G_a_v0.02_s0.5,44441e54,0,671.833722440017,999
F_grdp_G_a_v0.02_s0.5,44441e54,1,1075.47070852457,1000
F_grdp_G_a_v0.02_s0.5,44441e54,2,3905.633945954595,1000
F_grdp_G_a_v0.02_s0.5,44441e54,3,74211.52866192778,1000
F_grdp_G_a_v0.02_s0.5,44441e54,4,19822.457492943504,358
F_grdp_G_a_v0.02_s0.5,8f201368,0,125843.04655785878,999
F_grdp_G_a_v0.02_s0.5,8f201368,1,323016.4134275227,1000
F_grdp_G_a_v0.02_s0.5,8f201368,2,189306.91992883623,1000
F_grdp_G_a_v0.02_s0.5,8f201368,3,57389.662780928265,1000
F_grdp_G_a_v0.02_s0.5,8f201368,4,256665.13532385332,1000
F_grdp_G_a_v0.02_s0.5,8f201368,5,160584.2135616493,1000
F_grdp_G_a_v0.02_s0.5,8f201368,6,28878.806876461727,350
F_grdp_G_a_v0.02_s0.5,1550491d,0,22382.651108841346,999
F_grdp_G_a_v0.02_s0.5,1550491d,1,180900.91081891782,1000
F_grdp_G_a_v0.02_s0.5,1550491d,2,65721.11560674859,1000
F_grdp_G_a_v0.02_s0.5,1550491d,3,6717.709644657734,1000
F_grdp_G_a_v0.02_s0.5,1550491d,4,25484.213577766717,564
F_grdp_G_a_v0.02_s0.5,f49fdea3,0,61963.785835815164,999
F_grdp_G_a_v0.02_s0.5,f49fdea3,1,89989.2339392797,1000
F_grdp_G_a_v0.02_s0.5,f49fdea3,2,41360.20466728609,1000
F_grdp_G_a_v0.02_s0.5,f49fdea3,3,202664.09273429017,1000
F_grdp_G_a_v0.02_s0.5,f49fdea3,4,430331.0289288587,1000
F_grdp_G_a_v0.02_s0.5,f49fdea3,5,119737.87706844661,392
F_grdp_G_a_v0.02_s0.5,9c8375f7,0,4828.710665240611,999
F_grdp_G_a_v0.02_s0.5,9c8375f7,1,64619.35998516754,1000
F_grdp_G_a_v0.02_s0.5,9c8375f7,2,15031.531829563872,1000
F_grdp_G_a_v0.02_s0.5,9c8375f7,3,48934.88545678813,675
F_grdp_G_a_v0.02_s0.5,43e16325,0,16028.12359265425,999
F_grdp_G_a_v0.02_s0.5,43e16325,1,331953.5094020964,1000
F_grdp_G_a_v0.02_s0.5,43e16325,2,1696936.6174233488,1000
F_grdp_G_a_v0.02_s0.5,43e16325,3,2404627.6412307913,721
F_grdp_G_a_v0.02_s0.5,0849b4e2,0,36784.15484384915,999
F_grdp_G_a_v0.02_s0.5,0849b4e2,1,115803.8939183453,1000
F_grdp_G_a_v0.02_s0.5,0849b4e2,2,12999.509968680371,1000
F_grdp_G_a_v0.02_s0.5,0849b4e2,3,59990.74148513901,1000
F_grdp_G_a_v0.02_s0.5,0849b4e2,4,516006.842849735,1000
F_grdp_G_a_v0.02_s0.5,0849b4e2,5,584174.1952157059,538
F_grdp_G_a_v0.02_s0.5,3690a146,0,45678.579073857065,999
F_grdp_G_a_v0.02_s0.5,3690a146,1,37867.58074452738,1000
F_grdp_G_a_v0.02_s0.5,3690a146,2,3155.7856011252316,1000
F_grdp_G_a_v0.02_s0.5,3690a146,3,158.95793215034846,1000
F_grdp_G_a_v0.02_s0.5,3690a146,4,1.2932058878523898,74
F_grdp_G_a_v0.02_s0.5,a0e92ed6,0,10835.47594669641,999
F_grdp_G_a_v0.02_s0.5,a0e92ed6,1,3182.436562437348,1000
F_grdp_G_a_v0.02_s0.5,a0e92ed6,2,17389.47137114297,1000
F_grdp_G_a_v0.02_s0.5,a0e92ed6,3,8967.32706556043,1000
F_grdp_G_a_v0.02_s0.5,a0e92ed6,4,36350.8810469695,898
F_grdp_G_a_v0.02_s0.5,a15bc102,0,6001.01095959605,999
F_grdp_G_a_v0.02_s0.5,a15bc102,1,24771.724097650073,1000
F_grdp_G_a_v0.02_s0.5,a15bc102,2,21495.21882257403,1000
F_grdp_G_a_v0.02_s0.5,a15bc102,3,4267.636940250742,237
F_grdp_G_a_v0.02_s0.5,69c1bdad,0,5070.613150111328,999
F_grdp_G_a_v0.02_s0.5,69c1bdad,1,49022.55950049591,1000
F_grdp_G_a_v0.02_s0.5,69c1bdad,2,28540.981313743603,715
F_grdp_G_a_v0.02_s0.5,f88ddb26,0,58558.0214158806,999
F_grdp_G_a_v0.02_s0.5,f88ddb26,1,103400.19982717543,1000
F_grdp_G_a_v0.02_s0.5,f88ddb26,2,543841.5322064153,1000
F_grdp_G_a_v0.02_s0.5,f88ddb26,3,272137.7208101827,1000
F_grdp_G_a_v0.02_s0.5,f88ddb26,4,128797.12567163988,991
F_grdp_G_a_v0.02_s0.5,c1708b88,0,47407.49001309013,999
F_grdp_G_a_v0.02_s0.5,c1708b88,1,46133.485351204414,1000
F_grdp_G_a_v0.02_s0.5,c1708b88,2,133666.72825593932,1000
F_grdp_G_a_v0.02_s0.5,c1708b88,3,33116.01649575356,1000
F_grdp_G_a_v0.02_s0.5,c1708b88,4,241.16798201609961,1000
F_grdp_G_a_v0.02_s0.5,c1708b88,5,27019.67750920588,1000
F_grdp_G_a_v0.02_s0.5,c1708b88,6,1105.772467439681,316
F_grdp_G_a_v0.02_s0.5,71ccf778,0,19716.35692531932,999
F_grdp_G_a_v0.02_s0.5,71ccf778,1,96721.87820448517,1000
F_grdp_G_a_v0.02_s0.5,71ccf778,2,43280.7606605986,699
F_grdp_G_a_v0.02_s0.5,1a68190b,0,47357.54603009111,999
F_grdp_G_a_v0.02_s0.5,1a68190b,1,356965.23851435096,1000
F_grdp_G_a_v0.02_s0.5,1a68190b,2,299986.00292022777,1000
F_grdp_G_a_v0.02_s0.5,1a68190b,3,8381.45934197214,1000
F_grdp_G_a_v0.02_s0.5,1a68190b,4,19306.00469592539,475
F_grdp_G_a_v0.02_s0.5,1aaf1da0,0,3315.785579609257,999
F_grdp_G_a_v0.02_s0.5,1aaf1da0,1,18227.574281197474,1000
F_grdp_G_a_v0.02_s0.5,1aaf1da0,2,198244.42133366398,1000
F_grdp_G_a_v0.02_s0.5,1aaf1da0,3,26708.701931315507,1000
F_grdp_G_a_v0.02_s0.5,1aaf1da0,4,48799.14650118135,805
F_grdp_G_a_v0.02_s0.5,015fe0d2,0,5729.922626898507,999
F_grdp_G_a_v0.02_s0.5,015fe0d2,1,97047.52534482497,1000
F_grdp_G_a_v0.02_s0.5,015fe0d2,2,473246.9373417122,1000
F_grdp_G_a_v0.02_s0.5,015fe0d2,3,232482.61292439708,1000
F_grdp_G_a_v0.02_s0.5,015fe0d2,4,37626.951671466624,297
F_grdp_G_a_v0.02_s0.5,d4f60a28,0,29324.424131884454,999
F_grdp_G_a_v0.02_s0.5,d4f60a28,1,51865.1775805247,1000
F_grdp_G_a_v0.02_s0.5,d4f60a28,2,71253.85437543454,1000
F_grdp_G_a_v0.02_s0.5,d4f60a28,3,99028.97833437884,1000
F_grdp_G_a_v0.02_s0.5,d4f60a28,4,181788.21984985308,502
F_grdp_G_a_v0.02_s0.5,060ab2b8,0,43920.510599998874,999
F_grdp_G_a_v0.02_s0.5,060ab2b8,1,37339.92899999979,1000
F_grdp_G_a_v0.02_s0.5,060ab2b8,2,73291.05650000015,1000
F_grdp_G_a_v0.02_s0.5,060ab2b8,3,95438.80739999918,1000
F_grdp_G_a_v0.02_s0.5,060ab2b8,4,34007.20730000034,1000
F_grdp_G_a_v0.02_s0.5,060ab2b8,5,228113.4787000002,1000
F_grdp_G_a_v0.02_s0.5,060ab2b8,6,90750.2361999998,259
F_grdp_G_a_v0.02_s0.5,e85074c5,0,87534.25826203836,999
F_grdp_G_a_v0.02_s0.5,e85074c5,1,130428.56505472507,1000
F_grdp_G_a_v0.02_s0.5,e85074c5,2,123037.63921984824,1000
F_grdp_G_a_v0.02_s0.5,e85074c5,3,121790.2971143449,1000
F_grdp_G_a_v0.02_s0.5,e85074c5,4,150636.61161267082,1000
F_grdp_G_a_v0.02_s0.5,e85074c5,5,101068.29866415502,676
F_grdp_G_a_v0.02_s0.5,eba6605e,0,169053.83090001944,999
F_grdp_G_a_v0.02_s0.5,eba6605e,1,18575.315700004274,1000
F_grdp_G_a_v0.02_s0.5,eba6605e,2,27088.600900006317,1000
F_grdp_G_a_v0.02_s0.5,eba6605e,3,477448.4914000354,1000
F_grdp_G_a_v0.02_s0.5,eba6605e,4,251793.329900016,411
F_grdp_G_a_v0.02_s0.5,1fdbba44,0,2245.5106027822158,999
F_grdp_G_a_v0.02_s0.5,1fdbba44,1,40639.50528098412,1000
F_grdp_G_a_v0.02_s0.5,1fdbba44,2,69374.01060068785,1000
F_grdp_G_a_v0.02_s0.5,1fdbba44,3,152923.64467181484,1000
F_grdp_G_a_v0.02_s0.5,1fdbba44,4,14563.589953540924,912
F_grdp_G_a_v0.02_s0.5,e4726608,0,5073.593138134611,999
F_grdp_G_a_v0.02_s0.5,e4726608,1,18304.442425033893,1000
F_grdp_G_a_v0.02_s0.5,e4726608,2,9031.684828897416,1000
F_grdp_G_a_v0.02_s0.5,e4726608,3,10758.408705772425,1000
F_grdp_G_a_v0.02_s0.5,e4726608,4,42878.350312038616,734
F_grdp_G_a_v0.02_s0.5,5def1ce5,0,8677.790130461,999
F_grdp_G_a_v0.02_s0.5,5def1ce5,1,70053.83347494979,1000
F_grdp_G_a_v0.02_s0.5,5def1ce5,2,86399.16685486506,1000
F_grdp_G_a_v0.02_s0.5,5def1ce5,3,34252.82503447334,1000
F_grdp_G_a_v0.02_s0.5,5def1ce5,4,201478.84489057673,1000
F_grdp_G_a_v0.02_s0.5,5def1ce5,5,32442.038875872877,1000
F_grdp_G_a_v0.02_s0.5,5def1ce5,6,39329.85016124164,444
F_grdp_G_a_v0.02_s0.5,bcebcc5f,0,8880.60344009701,999
F_grdp_G_a_v0.02_s0.5,bcebcc5f,1,10919.43511819345,1000
F_grdp_G_a_v0.02_s0.5,bcebcc5f,2,15518.780823073033,1000
F_grdp_G_a_v0.02_s0.5,bcebcc5f,3,8826.932795139874,1000
F_grdp_G_a_v0.02_s0.5,bcebcc5f,4,4561.278540009678,1000
F_grdp_G_a_v0.02_s0.5,bcebcc5f,5,9649.000205666816,1000
F_grdp_G_a_v0.02_s0.5,bcebcc5f,6,1005.1681484572512,259
F_grdp_G_a_v0.02_s0.5,833af382,0,45346.13288734632,999
F_grdp_G_a_v0.02_s0.5,833af382,1,30547.928846066134,1000
F_grdp_G_a_v0.02_s0.5,833af382,2,92756.74150065116,1000
F_grdp_G_a_v0.02_s0.5,833af382,3,9792.2926536889,629
F_grdp_G_a_v0.02_s0.5,c9e980e8,0,507.5253448860213,999
F_grdp_G_a_v0.02_s0.5,c9e980e8,1,901.9740330492347,1000
F_grdp_G_a_v0.02_s0.5,c9e980e8,2,3821.5634198562225,1000
F_grdp_G_a_v0.02_s0.5,c9e980e8,3,16373.489105858802,1000
F_grdp_G_a_v0.02_s0.5,c9e980e8,4,14308.535913976,360
F_grdp_G_a_v0.02_s0.5,94d813a4,0,1115.841908753504,999
F_grdp_G_a_v0.02_s0.5,94d813a4,1,87599.92008135642,1000
F_grdp_G_a_v0.02_s0.5,94d813a4,2,177957.87682908835,1000
F_grdp_G_a_v0.02_s0.5,94d813a4,3,616504.950539325,1000
F_grdp_G_a_v0.02_s0.5,94d813a4,4,290811.57996044186,848
F_grdp_G_a_v0.02_s0.5,481de5fc,0,26927.353714680794,999
F_grdp_G_a_v0.02_s0.5,481de5fc,1,117552.26421333851,1000
F_grdp_G_a_v0.02_s0.5,481de5fc,2,128795.41524409977,1000
F_grdp_G_a_v0.02_s0.5,481de5fc,3,106023.16885715778,1000
F_grdp_G_a_v0.02_s0.5,481de5fc,4,72413.71480987553,1000
F_grdp_G_a_v0.02_s0.5,481de5fc,5,33975.08302755163,953
F_grdp_G_a_v0.02_s0.5,861e71df,0,84115.4396000103,999
F_grdp_G_a_v0.02_s0.5,861e71df,1,10000.650300002913,1000
F_grdp_G_a_v0.02_s0.5,861e71df,2,31779.948399995057,1000
F_grdp_G_a_v0.02_s0.5,861e71df,3,75846.63899999022,1000
F_grdp_G_a_v0.02_s0.5,861e71df,4,22363.81659999558,701
F_grdp_G_a_v0.02_s0.5,d50c649a,0,39550.987480594944,999
F_grdp_G_a_v0.02_s0.5,d50c649a,1,40787.630363733995,1000
F_grdp_G_a_v0.02_s0.5,d50c649a,2,45446.37801382044,1000
F_grdp_G_a_v0.02_s0.5,d50c649a,3,35498.33209417938,1000
F_grdp_G_a_v0.02_s0.5,d50c649a,4,22525.905221919755,874
F_grdp_G_a_v0.02_s0.5,fcfcc902,0,20139.801916484696,999
F_grdp_G_a_v0.02_s0.5,fcfcc902,1,100559.88757270212,1000
F_grdp_G_a_v0.02_s0.5,fcfcc902,2,37386.137732429896,792
F_grdp_G_a_v0.02_s0.5,173ed841,0,8215.754117168926,999
F_grdp_G_a_v0.02_s0.5,173ed841,1,287257.2909680532,1000
F_grdp_G_a_v0.02_s0.5,173ed841,2,469027.34815411665,1000
F_grdp_G_a_v0.02_s0.5,173ed841,3,632451.1967832639,1000
F_grdp_G_a_v0.02_s0.5,173ed841,4,453815.4434638599,884
F_grdp_G_a_v0.02_s0.5,9b9e3b49,0,6793.926489218302,999
F_grdp_G_a_v0.02_s0.5,9b9e3b49,1,9082.537178845972,1000
F_grdp_G_a_v0.02_s0.5,9b9e3b49,2,36128.32007158393,1000
F_grdp_G_a_v0.02_s0.5,9b9e3b49,3,90169.34534487674,1000
F_grdp_G_a_v0.02_s0.5,9b9e3b49,4,19080.03882763965,1000
F_grdp_G_a_v0.02_s0.5,9b9e3b49,5,193.38677950792663,119
F_grdp_G_a_v0.02_s0.5,2be5c96a,0,19846.249334029686,999
F_grdp_G_a_v0.02_s0.5,2be5c96a,1,33557.43677962352,1000
F_grdp_G_a_v0.02_s0.5,2be5c96a,2,40629.36305010505,1000
F_grdp_G_a_v0.02_s0.5,2be5c96a,3,109535.8852361565,1000
F_grdp_G_a_v0.02_s0.5,2be5c96a,4,5107.6784912919975,211
F_grdp_G_a_v0.02_s0.5,9dede370,0,13793.904205070696,999
F_grdp_G_a_v0.02_s0.5,9dede370,1,8048.11483352573,1000
F_grdp_G_a_v0.02_s0.5,9dede370,2,65255.33561006519,1000
F_grdp_G_a_v0.02_s0.5,9dede370,3,296596.78000428167,1000
F_grdp_G_a_v0.02_s0.5,9dede370,4,302830.75402225,1000
F_grdp_G_a_v0.02_s0.5,9dede370,5,210834.0407849898,1000
F_grdp_G_a_v0.02_s0.5,9dede370,6,144890.55767142668,298
F_grdp_G_a_v0.02_s0.5,2fe023be,0,44422.741525803875,999
F_grdp_G_a_v0.02_s0.5,2fe023be,1,187490.77154593996,1000
F_grdp_G_a_v0.02_s0.5,2fe023be,2,168878.4721268278,1000
F_grdp_G_a_v0.02_s0.5,2fe023be,3,26505.5643997383,1000
F_grdp_G_a_v0.02_s0.5,2fe023be,4,2565.166768132989,222
F_grdp_G_a_v0.02_s0.5,ac6f01d5,0,4079.4250063996383,999
F_grdp_G_a_v0.02_s0.5,ac6f01d5,1,392952.24633943563,1000
F_grdp_G_a_v0.02_s0.5,ac6f01d5,2,38779.08193473527,1000
F_grdp_G_a_v0.02_s0.5,ac6f01d5,3,5390.898997917444,1000
F_grdp_G_a_v0.02_s0.5,ac6f01d5,4,21874.6915264896,1000
F_grdp_G_a_v0.02_s0.5,ac6f01d5,5,107.98776466511079,5
F_grdp_G_a_v0.02_s0.5,ff0aea78,0,91207.91413208764,999
F_grdp_G_a_v0.02_s0.5,ff0aea78,1,206078.48227348877,1000
F_grdp_G_a_v0.02_s0.5,ff0aea78,2,125304.62896474481,1000
F_grdp_G_a_v0.02_s0.5,ff0aea78,3,50765.093335742815,262
F_grdp_G_a_v0.02_s0.5,0bbf5e67,0,1949.0118644967522,999
F_grdp_G_a_v0.02_s0.5,0bbf5e67,1,19804.384489376873,1000
F_grdp_G_a_v0.02_s0.5,0bbf5e67,2,1389.9340184014593,1000
F_grdp_G_a_v0.02_s0.5,0bbf5e67,3,46540.666167579926,1000
F_grdp_G_a_v0.02_s0.5,0bbf5e67,4,20888.287753786237,299
F_grdp_G_a_v0.02_s0.5,53134831,0,69823.12906878805,999
F_grdp_G_a_v0.02_s0.5,53134831,1,147256.10792645492,1000
F_grdp_G_a_v0.02_s0.5,53134831,2,264117.2407509872,1000
F_grdp_G_a_v0.02_s0.5,53134831,3,383228.24760347063,1000
F_grdp_G_a_v0.02_s0.5,53134831,4,191755.4787907241,1000
F_grdp_G_a_v0.02_s0.5,53134831,5,14370.06395906472,127
F_grdp_G_a_v0.02_s0.5,84c3b497,0,60192.87988266822,999
F_grdp_G_a_v0.02_s0.5,84c3b497,1,185337.21877676554,1000
F_grdp_G_a_v0.02_s0.5,84c3b497,2,82435.3360597344,1000
F_grdp_G_a_v0.02_s0.5,84c3b497,3,53956.99125284972,1000
F_grdp_G_a_v0.02_s0.5,84c3b497,4,59282.94583914492,1000
F_grdp_G_a_v0.02_s0.5,84c3b497,5,12358.517705590295,313
F_grdp_G_a_v0.02_s0.5,bb682ebd,0,7134.0497957971465,999
F_grdp_G_a_v0.02_s0.5,bb682ebd,1,31600.336353570037,1000
F_grdp_G_a_v0.02_s0.5,bb682ebd,2,363214.8086068792,1000
F_grdp_G_a_v0.02_s0.5,bb682ebd,3,536560.7069424648,1000
F_grdp_G_a_v0.02_s0.5,bb682ebd,4,89891.02926239315,140
F_grdp_G_a_v0.02_s0.5,d924e971,0,18798.546199992663,999
F_grdp_G_a_v0.02_s0.5,d924e971,1,321425.8926788606,1000
F_grdp_G_a_v0.02_s0.5,d924e971,2,1617627.672388876,1000
F_grdp_G_a_v0.02_s0.5,d924e971,3,525268.7138633621,185
F_grdp_G_a_v0.02_s0.5,62569ae3,0,42534.47391900613,999
F_grdp_G_a_v0.02_s0.5,62569ae3,1,4897.044099306335,1000
F_grdp_G_a_v0.02_s0.5,62569ae3,2,137847.29893281957,1000
F_grdp_G_a_v0.02_s0.5,62569ae3,3,201370.79500940072,589
F_grdp_G_a_v0.02_s0.5,a0b83014,0,4825.576160204149,999
F_grdp_G_a_v0.02_s0.5,a0b83014,1,1784.6236518749317,1000
F_grdp_G_a_v0.02_s0.5,a0b83014,2,6250.516008220031,1000
F_grdp_G_a_v0.02_s0.5,a0b83014,3,33626.10344739536,1000
F_grdp_G_a_v0.02_s0.5,a0b83014,4,30523.446462327825,1000
F_grdp_G_a_v0.02_s0.5,a0b83014,5,897.0511695237014,36
F_grdp_G_a_v0.02_s0.5,58fa8486,0,1299.3609639085505,999
F_grdp_G_a_v0.02_s0.5,58fa8486,1,6546.046058840945,1000
F_grdp_G_a_v0.02_s0.5,58fa8486,2,7430.867365816401,1000
F_grdp_G_a_v0.02_s0.5,58fa8486,3,71080.72292091588,1000
F_grdp_G_a_v0.02_s0.5,58fa8486,4,12187.372912689796,476
F_grdp_G_a_v0.02_s0.5,d1ecf309,0,8887.153434180702,999
F_grdp_G_a_v0.02_s0.5,d1ecf309,1,29387.53605650192,1000
F_grdp_G_a_v0.02_s0.5,d1ecf309,2,174418.25772817098,1000
F_grdp_G_a_v0.02_s0.5,d1ecf309,3,298405.6334674811,1000
F_grdp_G_a_v0.02_s0.5,d1ecf309,4,170850.54692206738,1000
F_grdp_G_a_v0.02_s0.5,d1ecf309,5,446739.4812731464,1000
F_grdp_G_a_v0.02_s0.5,d1ecf309,6,104535.53003619397,169
F_grdp_G_a_v0.02_s0.5,52f1e77a,0,63944.82213694076,999
F_grdp_G_a_v0.02_s0.5,52f1e77a,1,80512.37650884427,1000
F_grdp_G_a_v0.02_s0.5,52f1e77a,2,27450.47022473487,1000
F_grdp_G_a_v0.02_s0.5,52f1e77a,3,25534.203919885622,1000
F_grdp_G_a_v0.02_s0.5,52f1e77a,4,23622.132166069925,443
F_grdp_G_a_v0.02_s0.5,7271dd80,0,17459.09970000854,999
F_grdp_G_a_v0.02_s0.5,7271dd80,1,16661.731400008517,1000
F_grdp_G_a_v0.02_s0.5,7271dd80,2,7087.4261000075885,1000
F_grdp_G_a_v0.02_s0.5,7271dd80,3,343.6561999987734,1000
F_grdp_G_a_v0.02_s0.5,7271dd80,4,1062.747600001512,341
F_grdp_G_a_v0.02_s0.5,fb73b13a,0,17694.311077090846,999
F_grdp_G_a_v0.02_s0.5,fb73b13a,1,14440.949568404672,1000
F_grdp_G_a_v0.02_s0.5,fb73b13a,2,19638.125585636233,1000
F_grdp_G_a_v0.02_s0.5,fb73b13a,3,14342.471825244384,1000
F_grdp_G_a_v0.02_s0.5,fb73b13a,4,30357.99809116034,1000
F_grdp_G_a_v0.02_s0.5,fb73b13a,5,140876.80691171417,641
F_grdp_G_a_v0.02_s0.5,b7fea9ef,0,14621.675304837714,999
F_grdp_G_a_v0.02_s0.5,b7fea9ef,1,120415.04136322277,1000
F_grdp_G_a_v0.02_s0.5,b7fea9ef,2,41204.26891788759,1000
F_grdp_G_a_v0.02_s0.5,b7fea9ef,3,387820.2596367196,867
F_grdp_G_a_v0.02_s0.5,4caa7289,0,52234.41266841428,999
F_grdp_G_a_v0.02_s0.5,4caa7289,1,14325.56823563978,1000
F_grdp_G_a_v0.02_s0.5,4caa7289,2,13618.345849221483,1000
F_grdp_G_a_v0.02_s0.5,4caa7289,3,14114.63912691957,1000
F_grdp_G_a_v0.02_s0.5,4caa7289,4,2200.078373063232,1000
F_grdp_G_a_v0.02_s0.5,4caa7289,5,249.74438505091658,397
F_grdp_G_a_v0.02_s0.5,aed44918,0,25498.910097096355,999
F_grdp_G_a_v0.02_s0.5,aed44918,1,108583.62683417807,1000
F_grdp_G_a_v0.02_s0.5,aed44918,2,44580.973318081924,720
F_grdp_G_a_v0.02_s0.5,e161bd0c,0,2471.5258000038175,999
F_grdp_G_a_v0.02_s0.5,e161bd0c,1,22029.79536566867,1000
F_grdp_G_a_v0.02_s0.5,e161bd0c,2,74295.93453771876,950
F_grdp_G_a_v0.02_s0.5,633774dc,0,9724.503531540358,999
F_grdp_G_a_v0.02_s0.5,633774dc,1,33671.67907607551,1000
F_grdp_G_a_v0.02_s0.5,633774dc,2,253324.511443374,1000
F_grdp_G_a_v0.02_s0.5,633774dc,3,308812.17430186155,1000
F_grdp_G_a_v0.02_s0.5,633774dc,4,353205.6890822297,1000
F_grdp_G_a_v0.02_s0.5,633774dc,5,393300.8602874657,1000
F_grdp_G_a_v0.02_s0.5,633774dc,6,228874.2754197033,234
F_grdp_G_a_v0.02_s0.5,09053135,0,77628.90644181544,999
F_grdp_G_a_v0.02_s0.5,09053135,1,201149.05266075052,1000
F_grdp_G_a_v0.02_s0.5,09053135,2,229124.81019390668,1000
F_grdp_G_a_v0.02_s0.5,09053135,3,216971.23601144634,1000
F_grdp_G_a_v0.02_s0.5,09053135,4,180432.02772141414,1000
F_grdp_G_a_v0.02_s0.5,09053135,5,422061.4295984511,908
F_grdp_G_a_v0.02_s0.5,46d24a09,0,171992.24469658337,999
F_grdp_G_a_v0.02_s0.5,46d24a09,1,204494.31843279384,1000
F_grdp_G_a_v0.02_s0.5,46d24a09,2,725274.925066765,1000
F_grdp_G_a_v0.02_s0.5,46d24a09,3,287884.5873539723,1000
F_grdp_G_a_v0.02_s0.5,46d24a09,4,36632.84683722481,450
F_grdp_G_a_v0.02_s0.5,1fee2b62,0,8491.980696870689,999
F_grdp_G_a_v0.02_s0.5,1fee2b62,1,19523.090096912303,1000
F_grdp_G_a_v0.02_s0.5,1fee2b62,2,157291.94163460686,1000
F_grdp_G_a_v0.02_s0.5,1fee2b62,3,142490.7841603878,1000
F_grdp_G_a_v0.02_s0.5,1fee2b62,4,37536.71460039834,642
F_grdp_G_a_v0.02_s0.5,310c71a5,0,9283.132687937596,999
F_grdp_G_a_v0.02_s0.5,310c71a5,1,2076.1122769519275,1000
F_grdp_G_a_v0.02_s0.5,310c71a5,2,34269.350530220574,1000
F_grdp_G_a_v0.02_s0.5,310c71a5,3,10173.026700306396,1000
F_grdp_G_a_v0.02_s0.5,310c71a5,4,908.7243517288719,1000
F_grdp_G_a_v0.02_s0.5,310c71a5,5,4570.168722321444,246
F_grdp_G_a_v0.02_s0.5,a48640d9,0,21753.86225392853,999
F_grdp_G_a_v0.02_s0.5,a48640d9,1,237749.52435654998,1000
F_grdp_G_a_v0.02_s0.5,a48640d9,2,442778.5886394368,1000
F_grdp_G_a_v0.02_s0.5,a48640d9,3,523757.57746838446,1000
F_grdp_G_a_v0.02_s0.5,a48640d9,4,236644.29425821613,533
F_grdp_G_a_v0.02_s0.5,43c7f85a,0,492.5415195946003,999
F_grdp_G_a_v0.02_s0.5,43c7f85a,1,3366.6608235163258,1000
F_grdp_G_a_v0.02_s0.5,43c7f85a,2,65531.42518440227,1000
F_grdp_G_a_v0.02_s0.5,43c7f85a,3,188628.1333792602,1000
F_grdp_G_a_v0.02_s0.5,43c7f85a,4,158324.97146273032,1000
F_grdp_G_a_v0.02_s0.5,43c7f85a,5,38692.38915514792,979
F_grdp_G_a_v0.02_s0.5,2d2d0c6b,0,43529.956499210224,999
F_grdp_G_a_v0.02_s0.5,2d2d0c6b,1,126944.2292633032,1000
F_grdp_G_a_v0.02_s0.5,2d2d0c6b,2,65482.49966881159,1000
F_grdp_G_a_v0.02_s0.5,2d2d0c6b,3,152459.42952370798,1000
F_grdp_G_a_v0.02_s0.5,2d2d0c6b,4,172941.86088518062,1000
F_grdp_G_a_v0.02_s0.5,2d2d0c6b,5,4472.468509444884,46
F_grdp_G_a_v0.02_s0.5,eb06a4e7,0,1031.2875506252242,999
F_grdp_G_a_v0.02_s0.5,eb06a4e7,1,6312.811111543222,1000
F_grdp_G_a_v0.02_s0.5,eb06a4e7,2,7335.753214322534,1000
F_grdp_G_a_v0.02_s0.5,eb06a4e7,3,118652.84445920371,1000
F_grdp_G_a_v0.02_s0.5,eb06a4e7,4,49821.093323021196,536
F_grdp_G_a_v0.02_s0.5,1944513c,0,1902.0081284553128,999
F_grdp_G_a_v0.02_s0.5,1944513c,1,47715.939037750766,1000
F_grdp_G_a_v0.02_s0.5,1944513c,2,36906.32456824963,1000
F_grdp_G_a_v0.02_s0.5,1944513c,3,14769.624577802106,1000
F_grdp_G_a_v0.02_s0.5,1944513c,4,4930.786889844272,723
F_grdp_G_a_v0.02_s0.5,a6b8ac67,0,23483.184943993594,999
F_grdp_G_a_v0.02_s0.5,a6b8ac67,1,42360.55011512107,1000
F_grdp_G_a_v0.02_s0.5,a6b8ac67,2,33928.32600252045,1000
F_grdp_G_a_v0.02_s0.5,a6b8ac67,3,59100.40073571187,1000
F_grdp_G_a_v0.02_s0.5,a6b8ac67,4,73317.01854456963,1000
F_grdp_G_a_v0.02_s0.5,a6b8ac67,5,54952.03830369335,454
F_grdp_G_a_v0.02_s0.5,a76db406,0,1452.3146447385916,999
F_grdp_G_a_v0.02_s0.5,a76db406,1,51856.25263881385,1000
F_grdp_G_a_v0.02_s0.5,a76db406,2,248791.63574227536,1000
F_grdp_G_a_v0.02_s0.5,a76db406,3,255095.09335348994,1000
F_grdp_G_a_v0.02_s0.5,a76db406,4,337235.82239836466,673
F_grdp_G_a_v0.02_s0.5,eafb863e,0,9437.024156889975,999
F_grdp_G_a_v0.02_s0.5,eafb863e,1,75844.91555576469,1000
F_grdp_G_a_v0.02_s0.5,eafb863e,2,9399.070170316152,1000
F_grdp_G_a_v0.02_s0.5,eafb863e,3,40280.09235204834,569
F_grdp_G_a_v0.02_s0.5,add9c322,0,13050.2115557559,999
F_grdp_G_a_v0.02_s0.5,add9c322,1,6411.171627188975,1000
F_grdp_G_a_v0.02_s0.5,add9c322,2,33242.32551230259,1000
F_grdp_G_a_v0.02_s0.5,add9c322,3,20068.88086779413,933
F_grdp_G_a_v0.02_s0.5,f56d3ace,0,19835.563932017016,999
F_grdp_G_a_v0.02_s0.5,f56d3ace,1,207659.11406677237,1000
F_grdp_G_a_v0.02_s0.5,f56d3ace,2,201357.1717290089,1000
F_grdp_G_a_v0.02_s0.5,f56d3ace,3,149151.70761380772,1000
F_grdp_G_a_v0.02_s0.5,f56d3ace,4,161900.4004087342,1000
F_grdp_G_a_v0.02_s0.5,f56d3ace,5,60326.76870790198,433
F_grdp_G_a_v0.02_s0.5,7c607683,0,10699.416139085693,999
F_grdp_G_a_v0.02_s0.5,7c607683,1,9530.046058211723,1000
F_grdp_G_a_v0.02_s0.5,7c607683,2,60774.65075873415,1000
F_grdp_G_a_v0.02_s0.5,7c607683,3,77663.08251677759,1000
F_grdp_G_a_v0.02_s0.5,7c607683,4,81166.50957245697,1000
F_grdp_G_a_v0.02_s0.5,7c607683,5,34648.57459374531,329
F_grdp_G_a_v0.02_s0.5,b7cdcecb,0,969.901044658939,999
F_grdp_G_a_v0.02_s0.5,b7cdcecb,1,11972.114175632876,1000
F_grdp_G_a_v0.02_s0.5,b7cdcecb,2,3131.086561304695,1000
F_grdp_G_a_v0.02_s0.5,b7cdcecb,3,1435.6197100214965,1000
F_grdp_G_a_v0.02_s0.5,b7cdcecb,4,714.4110876656408,1000
F_grdp_G_a_v0.02_s0.5,b7cdcecb,5,9962.706875252974,1000
F_grdp_G_a_v0.02_s0.5,b7cdcecb,6,4162.813288006251,169
F_grdp_G_a_v0.02_s0.5,a5e6f7dc,0,108800.87398216291,999
F_grdp_G_a_v0.02_s0.5,a5e6f7dc,1,90483.81663859915,1000
F_grdp_G_a_v0.02_s0.5,a5e6f7dc,2,109125.95648571146,1000
F_grdp_G_a_v0.02_s0.5,a5e6f7dc,3,63755.54558671503,1000
F_grdp_G_a_v0.02_s0.5,a5e6f7dc,4,128763.94179544222,1000
F_grdp_G_a_v0.02_s0.5,a5e6f7dc,5,103671.90954467322,650
F_grdp_G_a_v0.02_s0.5,4ed93db6,0,11390.758480638084,999
F_grdp_G_a_v0.02_s0.5,4ed93db6,1,33731.78111416403,1000
F_grdp_G_a_v0.02_s0.5,4ed93db6,2,14252.251983871987,1000
F_grdp_G_a_v0.02_s0.5,4ed93db6,3,4233.5076160149865,1000
F_grdp_G_a_v0.02_s0.5,4ed93db6,4,8796.934852500523,658
F_grdp_G_a_v0.02_s0.5,26623a50,0,24981.32341128777,999
F_grdp_G_a_v0.02_s0.5,26623a50,1,228998.83983035706,1000
F_grdp_G_a_v0.02_s0.5,26623a50,2,219334.06466409034,1000
F_grdp_G_a_v0.02_s0.5,26623a50,3,57285.85329873113,1000
F_grdp_G_a_v0.02_s0.5,26623a50,4,86175.87564159452,1000
F_grdp_G_a_v0.02_s0.5,26623a50,5,136542.24205395812,736
F_grdp_G_a_v0.02_s0.5,eeed308d,0,3968.6845881658887,999
F_grdp_G_a_v0.02_s0.5,eeed308d,1,7033.72461510448,1000
F_grdp_G_a_v0.02_s0.5,eeed308d,2,960.9961666624749,1000
F_grdp_G_a_v0.02_s0.5,eeed308d,3,463.7306431760134,900
F_grdp_G_a_v0.02_s0.5,8d5d46d7,0,24836.92830114751,999
F_grdp_G_a_v0.02_s0.5,8d5d46d7,1,143351.9299379997,1000
F_grdp_G_a_v0.02_s0.5,8d5d46d7,2,258068.42207512804,1000
F_grdp_G_a_v0.02_s0.5,8d5d46d7,3,158026.59754466405,1000
F_grdp_G_a_v0.02_s0.5,8d5d46d7,4,49707.22990050768,1000
F_grdp_G_a_v0.02_s0.5,8d5d46d7,5,11147.76580032977,756
F_grdp_G_a_v0.02_s0.5,61f27424,0,103.95213725957292,999
F_grdp_G_a_v0.02_s0.5,61f27424,1,732.9291875722517,1000
F_grdp_G_a_v0.02_s0.5,61f27424,2,5165.1652580901455,1000
F_grdp_G_a_v0.02_s0.5,61f27424,3,182692.60666227917,1000
F_grdp_G_a_v0.02_s0.5,61f27424,4,405010.4053342466,1000
F_grdp_G_a_v0.02_s0.5,61f27424,5,293368.03415865765,1000
F_grdp_G_a_v0.02_s0.5,61f27424,6,52213.61128089764,221
F_grdp_G_a_v0.02_s0.5,3bfee975,0,2209.4009881846173,999
F_grdp_G_a_v0.02_s0.5,3bfee975,1,15247.623149697685,1000
F_grdp_G_a_v0.02_s0.5,3bfee975,2,22798.93167501637,1000
F_grdp_G_a_v0.02_s0.5,3bfee975,3,37729.336567713835,604
F_grdp_G_a_v0.02_s0.5,efe96181,0,1734759.0023000569,999
F_grdp_G_a_v0.02_s0.5,efe96181,1,2104147.912100062,1000
F_grdp_G_a_v0.02_s0.5,efe96181,2,2127846.059700058,1000
F_grdp_G_a_v0.02_s0.5,efe96181,3,2216215.8906000643,1000
F_grdp_G_a_v0.02_s0.5,efe96181,4,26524.293900000906,13
F_grdp_G_a_v0.02_s0.5,8bb9c1e6,0,1886.9214035191208,999
F_grdp_G_a_v0.02_s0.5,8bb9c1e6,1,16854.70356153536,1000
F_grdp_G_a_v0.02_s0.5,8bb9c1e6,2,33604.20007998244,1000
F_grdp_G_a_v0.02_s0.5,8bb9c1e6,3,89990.51269004826,1000
F_grdp_G_a_v0.02_s0.5,8bb9c1e6,4,125192.7528508149,547
F_grdp_G_a_v0.02_s0.5,896d15b9,0,5895.611800506722,999
F_grdp_G_a_v0.02_s0.5,896d15b9,1,114043.95654338173,1000
F_grdp_G_a_v0.02_s0.5,896d15b9,2,937060.7409581306,1000
F_grdp_G_a_v0.02_s0.5,896d15b9,3,1732301.617789931,1000
F_grdp_G_a_v0.02_s0.5,896d15b9,4,503453.00425973523,280
F_grdp_G_a_v0.02_s0.5,374be387,0,12536.850403204462,999
F_grdp_G_a_v0.02_s0.5,374be387,1,118286.7888978121,1000
F_grdp_G_a_v0.02_s0.5,374be387,2,93384.89465179038,1000
F_grdp_G_a_v0.02_s0.5,374be387,3,45900.03559420253,1000
F_grdp_G_a_v0.02_s0.5,374be387,4,7578.101508490238,1000
F_grdp_G_a_v0.02_s0.5,374be387,5,14444.123257532301,1000
F_grdp_G_a_v0.02_s0.5,374be387,6,23175.055211038394,1000
F_grdp_G_a_v0.02_s0.5,374be387,7,50376.6086343114,1000
F_grdp_G_a_v0.02_s0.5,374be387,8,80828.85445270466,1000
F_grdp_G_a_v0.02_s0.5,374be387,9,119816.36572255631,966
F_grdp_G_a_v0.02_s0.5,9a8ae0d6,0,73318.66775207782,999
F_grdp_G_a_v0.02_s0.5,9a8ae0d6,1,243972.5743054684,1000
F_grdp_G_a_v0.02_s0.5,9a8ae0d6,2,253742.47464255223,1000
F_grdp_G_a_v0.02_s0.5,9a8ae0d6,3,152480.12440394878,1000
F_grdp_G_a_v0.02_s0.5,9a8ae0d6,4,51749.27098782828,1000
F_grdp_G_a_v0.02_s0.5,9a8ae0d6,5,161609.1213398205,1000
F_grdp_G_a_v0.02_s0.5,9a8ae0d6,6,15803.44086897341,295
F_grdp_G_a_v0.02_s0.5,ffefef30,0,2693.0800909668355,999
F_grdp_G_a_v0.02_s0.5,ffefef30,1,12631.019128230573,1000
F_grdp_G_a_v0.02_s0.5,ffefef30,2,1404.0230205163805,1000
F_grdp_G_a_v0.02_s0.5,ffefef30,3,2597.243658495721,1000
F_grdp_G_a_v0.02_s0.5,ffefef30,4,4965.466999354006,571
F_grdp_G_a_v0.02_s0.5,46a7190b,0,3362.99023857306,999
F_grdp_G_a_v0.02_s0.5,46a7190b,1,4590.209482646278,1000
F_grdp_G_a_v0.02_s0.5,46a7190b,2,15575.205440041182,1000
F_grdp_G_a_v0.02_s0.5,46a7190b,3,43580.983021457825,1000
F_grdp_G_a_v0.02_s0.5,46a7190b,4,2745.3022703888328,216
F_grdp_G_a_v0.02_s0.5,8b12bab6,0,6741.1478185473015,999
F_grdp_G_a_v0.02_s0.5,8b12bab6,1,24961.56977177734,1000
F_grdp_G_a_v0.02_s0.5,8b12bab6,2,8732.567060806485,1000
F_grdp_G_a_v0.02_s0.5,8b12bab6,3,97727.12273229795,1000
F_grdp_G_a_v0.02_s0.5,8b12bab6,4,289286.36599545844,1000
F_grdp_G_a_v0.02_s0.5,8b12bab6,5,104395.0512075957,235
F_grdp_G_a_v0.02_s0.5,9ffce529,0,6212.760727266781,999
F_grdp_G_a_v0.02_s0.5,9ffce529,1,704.4811182076991,1000
F_grdp_G_a_v0.02_s0.5,9ffce529,2,52127.92911218348,1000
F_grdp_G_a_v0.02_s0.5,9ffce529,3,55349.89856465767,1000
F_grdp_G_a_v0.02_s0.5,9ffce529,4,57849.72689350126,1000
F_grdp_G_a_v0.02_s0.5,9ffce529,5,35714.42412991034,213
F_grdp_G_a_v0.02_s0.5,32fe84c9,0,77710.84018484711,999
F_grdp_G_a_v0.02_s0.5,32fe84c9,1,215757.07450645676,1000
F_grdp_G_a_v0.02_s0.5,32fe84c9,2,462220.98582008353,1000
F_grdp_G_a_v0.02_s0.5,32fe84c9,3,571704.0993834555,1000
F_grdp_G_a_v0.02_s0.5,32fe84c9,4,1023002.1830999133,1000
F_grdp_G_a_v0.02_s0.5,32fe84c9,5,641406.0937075977,1000
F_grdp_G_a_v0.02_s0.5,32fe84c9,6,458416.763363837,409
F_grdp_G_a_v0.02_s0.5,f5d8aab6,0,18408.17611390672,999
F_grdp_G_a_v0.02_s0.5,f5d8aab6,1,121605.09668949751,1000
F_grdp_G_a_v0.02_s0.5,f5d8aab6,2,109615.34983599013,1000
F_grdp_G_a_v0.02_s0.5,f5d8aab6,3,289199.6896386858,1000
F_grdp_G_a_v0.02_s0.5,f5d8aab6,4,101905.48402181511,445
F_grdp_G_a_v0.02_s0.5,198a5607,0,126.80376273873811,999
F_grdp_G_a_v0.02_s0.5,198a5607,1,9586.44727716331,1000
F_grdp_G_a_v0.02_s0.5,198a5607,2,20843.36711559517,1000
F_grdp_G_a_v0.02_s0.5,198a5607,3,1507.552705365079,1000
F_grdp_G_a_v0.02_s0.5,198a5607,4,1301.9453101541592,1000
F_grdp_G_a_v0.02_s0.5,198a5607,5,24195.019682708276,1000
F_grdp_G_a_v0.02_s0.5,198a5607,6,37258.21236125123,252
F_grdp_G_a_v0.02_s0.5,5542c301,0,5222.093997558039,999
F_grdp_G_a_v0.02_s0.5,5542c301,1,7263.791187897668,1000
F_grdp_G_a_v0.02_s0.5,5542c301,2,129000.61338083226,1000
F_grdp_G_a_v0.02_s0.5,5542c301,3,141168.53341516628,592
F_grdp_G_a_v0.02_s0.5,10b89021,0,33823.2417144,999
F_grdp_G_a_v0.02_s0.5,10b89021,1,212215.12944673366,1000
F_grdp_G_a_v0.02_s0.5,10b89021,2,218861.62787571707,1000
F_grdp_G_a_v0.02_s0.5,10b89021,3,373477.29551110056,1000
F_grdp_G_a_v0.02_s0.5,10b89021,4,483744.1572563234,1000
F_grdp_G_a_v0.02_s0.5,10b89021,5,143863.87707199913,415
F_grdp_G_a_v0.02_s0.5,9426ec1e,0,691.4206190607116,999
F_grdp_G_a_v0.02_s0.5,9426ec1e,1,48725.21129041098,1000
F_grdp_G_a_v0.02_s0.5,9426ec1e,2,121033.86335169319,533
F_grdp_G_a_v0.02_s0.5,6e9ccd38,0,102669.71417746184,999
F_grdp_G_a_v0.02_s0.5,6e9ccd38,1,280112.4592483434,1000
F_grdp_G_a_v0.02_s0.5,6e9ccd38,2,127336.46331754509,1000
F_grdp_G_a_v0.02_s0.5,6e9ccd38,3,42954.68263094653,1000
F_grdp_G_a_v0.02_s0.5,6e9ccd38,4,21549.89514380061,1000
F_grdp_G_a_v0.02_s0.5,6e9ccd38,5,7751.787437037692,1000
F_grdp_G_a_v0.02_s0.5,6e9ccd38,6,17960.732015170644,1000
F_grdp_G_a_v0.02_s0.5,6e9ccd38,7,290552.1380712752,1000
F_grdp_G_a_v0.02_s0.5,6e9ccd38,8,86718.07897440485,283
F_grdp_G_a_v0.02_s0.5,c593337f,0,69374.63186563489,999
F_grdp_G_a_v0.02_s0.5,c593337f,1,5246.934345242821,1000
F_grdp_G_a_v0.02_s0.5,c593337f,2,19262.184369330644,1000
F_grdp_G_a_v0.02_s0.5,c593337f,3,808069.3410964565,1000
F_grdp_G_a_v0.02_s0.5,c593337f,4,930574.9309232822,1000
F_grdp_G_a_v0.02_s0.5,c593337f,5,296240.7135166494,209
F_grdp_G_a_v0.02_s0.5,70925e23,0,16551.20944555146,999
F_grdp_G_a_v0.02_s0.5,70925e23,1,331507.6144927893,1000
F_grdp_G_a_v0.02_s0.5,70925e23,2,104221.25966841263,1000
F_grdp_G_a_v0.02_s0.5,70925e23,3,6479.0620607711,1000
F_grdp_G_a_v0.02_s0.5,70925e23,4,2705.05954285152,1000
F_grdp_G_a_v0.02_s0.5,70925e23,5,502.46455184613427,948
F_grdp_G_a_v0.02_s0.5,f074d277,0,56263.705627128824,999
F_grdp_G_a_v0.02_s0.5,f074d277,1,157894.98041498807,1000
F_grdp_G_a_v0.02_s0.5,f074d277,2,48290.6381268505,454
F_grdp_G_a_v0.02_s0.5,f2d4c8c9,0,27251.00315361439,999
F_grdp_G_a_v0.02_s0.5,f2d4c8c9,1,13603.146730084389,1000
F_grdp_G_a_v0.02_s0.5,f2d4c8c9,2,53718.837004900786,1000
F_grdp_G_a_v0.02_s0.5,f2d4c8c9,3,20641.44115374667,1000
F_grdp_G_a_v0.02_s0.5,f2d4c8c9,4,278605.0277987254,1000
F_grdp_G_a_v0.02_s0.5,f2d4c8c9,5,849147.5494084398,1000
F_grdp_G_a_v0.02_s0.5,f2d4c8c9,6,169570.22071572658,250
F_grdp_G_a_v0.02_s0.5,35b3ef6a,0,58218.16659598758,999
F_grdp_G_a_v0.02_s0.5,35b3ef6a,1,202518.49598411494,1000
F_grdp_G_a_v0.02_s0.5,35b3ef6a,2,389142.81285407534,1000
F_grdp_G_a_v0.02_s0.5,35b3ef6a,3,246286.70081973073,905
F_grdp_G_a_v0.02_s0.5,2043abc5,0,260737.36583591596,999
F_grdp_G_a_v0.02_s0.5,2043abc5,1,197540.74266669364,1000
F_grdp_G_a_v0.02_s0.5,2043abc5,2,278983.4151114117,1000
F_grdp_G_a_v0.02_s0.5,2043abc5,3,18581.034770594288,1000
F_grdp_G_a_v0.02_s0.5,2043abc5,4,48617.05646107366,1000
F_grdp_G_a_v0.02_s0.5,2043abc5,5,178024.87850614084,1000
F_grdp_G_a_v0.02_s0.5,2043abc5,6,429780.64906285534,959
F_grdp_G_a_v0.02_s0.5,78a4a386,0,3157.3124114124466,999
F_grdp_G_a_v0.02_s0.5,78a4a386,1,4093.6950821904284,1000
F_grdp_G_a_v0.02_s0.5,78a4a386,2,36456.85068431086,1000
F_grdp_G_a_v0.02_s0.5,78a4a386,3,7934.3638467308,1000
F_grdp_G_a_v0.02_s0.5,78a4a386,4,3175.5562913670947,1000
F_grdp_G_a_v0.02_s0.5,78a4a386,5,839.5498011682935,120
F_grdp_G_a_v0.02_s0.5,a4f989c2,0,14198.12170817335,999
F_grdp_G_a_v0.02_s0.5,a4f989c2,1,4876.332955197741,1000
F_grdp_G_a_v0.02_s0.5,a4f989c2,2,5142.559462014029,1000
F_grdp_G_a_v0.02_s0.5,a4f989c2,3,6944.486305663364,1000
F_grdp_G_a_v0.02_s0.5,a4f989c2,4,8877.673234071757,1000
F_grdp_G_a_v0.02_s0.5,a4f989c2,5,2023.6856724783386,386
F_grdp_G_a_v0.02_s0.5,3a824aa7,0,23046.735641722007,999
F_grdp_G_a_v0.02_s0.5,3a824aa7,1,36392.51027691504,1000
F_grdp_G_a_v0.02_s0.5,3a824aa7,2,16512.052024648616,1000
F_grdp_G_a_v0.02_s0.5,3a824aa7,3,9052.795714700105,1000
F_grdp_G_a_v0.02_s0.5,3a824aa7,4,10243.677418527614,202
F_grdp_G_a_v0.02_s0.5,75cd5f11,0,74053.0679015964,999
F_grdp_G_a_v0.02_s0.5,75cd5f11,1,45741.46492609584,1000
F_grdp_G_a_v0.02_s0.5,75cd5f11,2,6691.575659586871,1000
F_grdp_G_a_v0.02_s0.5,75cd5f11,3,289.56850144142925,1000
F_grdp_G_a_v0.02_s0.5,75cd5f11,4,2149.8090265597302,947
F_grdp_G_a_v0.02_s0.5,ce8399b7,0,642.6941890726506,999
F_grdp_G_a_v0.02_s0.5,ce8399b7,1,415.0444496388462,616
F_grdp_G_a_v0.02_s0.5,3e678ea7,0,161584.86446505436,999
F_grdp_G_a_v0.02_s0.5,3e678ea7,1,329933.5711338534,1000
F_grdp_G_a_v0.02_s0.5,3e678ea7,2,133012.67986114993,1000
F_grdp_G_a_v0.02_s0.5,3e678ea7,3,125966.52679903322,1000
F_grdp_G_a_v0.02_s0.5,3e678ea7,4,55443.34976708443,1000
F_grdp_G_a_v0.02_s0.5,3e678ea7,5,19367.74244430134,1000
F_grdp_G_a_v0.02_s0.5,3e678ea7,6,41759.59167849532,859
F_grdp_G_a_v0.02_s0.5,ecdaf714,0,11430.374939835929,999
F_grdp_G_a_v0.02_s0.5,ecdaf714,1,14113.128894039071,1000
F_grdp_G_a_v0.02_s0.5,ecdaf714,2,334623.3282411032,1000
F_grdp_G_a_v0.02_s0.5,ecdaf714,3,270353.18971138104,1000
F_grdp_G_a_v0.02_s0.5,ecdaf714,4,25791.822331771804,1000
F_grdp_G_a_v0.02_s0.5,ecdaf714,5,90452.4573839398,1000
F_grdp_G_a_v0.02_s0.5,ecdaf714,6,187613.45064995417,593
F_grdp_G_a_v0.02_s0.5,57f05c51,0,41417.47305321527,999
F_grdp_G_a_v0.02_s0.5,57f05c51,1,95336.44697323896,1000
F_grdp_G_a_v0.02_s0.5,57f05c51,2,59840.89689947691,1000
F_grdp_G_a_v0.02_s0.5,57f05c51,3,62442.86936719546,1000
F_grdp_G_a_v0.02_s0.5,57f05c51,4,10317.308763989357,772
F_grdp_G_a_v0.02_s0.5,8cc800b3,0,197093.15229623244,999
F_grdp_G_a_v0.02_s0.5,8cc800b3,1,448740.7788681552,1000
F_grdp_G_a_v0.02_s0.5,8cc800b3,2,455900.8726687232,1000
F_grdp_G_a_v0.02_s0.5,8cc800b3,3,1067294.6523622607,1000
F_grdp_G_a_v0.02_s0.5,8cc800b3,4,1054592.4306988758,1000
F_grdp_G_a_v0.02_s0.5,8cc800b3,5,645042.4485321825,1000
F_grdp_G_a_v0.02_s0.5,8cc800b3,6,411313.2333032115,577
F_grdp_G_a_v0.02_s0.5,55efee7f,0,23293.813891649977,999
F_grdp_G_a_v0.02_s0.5,55efee7f,1,170800.91078491372,1000
F_grdp_G_a_v0.02_s0.5,55efee7f,2,369164.615919365,1000
F_grdp_G_a_v0.02_s0.5,55efee7f,3,164664.1429057103,1000
F_grdp_G_a_v0.02_s0.5,55efee7f,4,6312.559736620502,802
F_grdp_G_a_v0.02_s0.5,d0a0e7b5,0,24205.984405429823,999
F_grdp_G_a_v0.02_s0.5,d0a0e7b5,1,13540.616527893231,1000
F_grdp_G_a_v0.02_s0.5,d0a0e7b5,2,45020.93929114655,1000
F_grdp_G_a_v0.02_s0.5,d0a0e7b5,3,29946.89241805402,817
F_grdp_G_a_v0.02_s0.5,6dbe4b60,0,3088.7758398021556,999
F_grdp_G_a_v0.02_s0.5,6dbe4b60,1,1473.3855125527382,1000
F_grdp_G_a_v0.02_s0.5,6dbe4b60,2,10883.372952883496,1000
F_grdp_G_a_v0.02_s0.5,6dbe4b60,3,1136.707092867304,1000
F_grdp_G_a_v0.02_s0.5,6dbe4b60,4,2505.3783221117455,649
F_grdp_G_a_v0.02_s0.5,53f23031,0,23384.951044427897,999
F_grdp_G_a_v0.02_s0.5,53f23031,1,30006.356392245252,1000
F_grdp_G_a_v0.02_s0.5,53f23031,2,5290.190255664019,1000
F_grdp_G_a_v0.02_s0.5,53f23031,3,33668.60513050004,1000
F_grdp_G_a_v0.02_s0.5,53f23031,4,18735.825007987827,1000
F_grdp_G_a_v0.02_s0.5,53f23031,5,2298.399739798779,1000
F_grdp_G_a_v0.02_s0.5,53f23031,6,21529.887461445913,1000
F_grdp_G_a_v0.02_s0.5,53f23031,7,141782.42162623807,1000
F_grdp_G_a_v0.02_s0.5,53f23031,8,138974.4615660986,551
F_grdp_G_a_v0.02_s0.5,f053a1b9,0,54303.30433996776,999
F_grdp_G_a_v0.02_s0.5,f053a1b9,1,11147.698512681465,1000
F_grdp_G_a_v0.02_s0.5,f053a1b9,2,79734.95388552935,1000
F_grdp_G_a_v0.02_s0.5,f053a1b9,3,50376.49404140225,1000
F_grdp_G_a_v0.02_s0.5,f053a1b9,4,16680.010849335973,109
F_grdp_G_a_v0.02_s0.5,a959858c,0,4444275.323699972,999
F_grdp_G_a_v0.02_s0.5,a959858c,1,3799294.0963999704,1000
F_grdp_G_a_v0.02_s0.5,a959858c,2,3872883.459199977,1000
F_grdp_G_a_v0.02_s0.5,a959858c,3,7060185.437599962,1000
F_grdp_G_a_v0.02_s0.5,a959858c,4,3849461.282699976,405
F_grdp_G_a_v0.02_s0.5,1b1eba53,0,1060986.8426998304,999
F_grdp_G_a_v0.02_s0.5,1b1eba53,1,3666194.1564406087,1000
F_grdp_G_a_v0.02_s0.5,1b1eba53,2,6128518.495875184,1000
F_grdp_G_a_v0.02_s0.5,1b1eba53,3,8553208.896185026,1000
F_grdp_G_a_v0.02_s0.5,1b1eba53,4,5681949.34898403,656
F_grdp_G_a_v0.02_s0.5,511e1db0,0,2652.1942121610477,999
F_grdp_G_a_v0.02_s0.5,511e1db0,1,816.982365564651,1000
F_grdp_G_a_v0.02_s0.5,511e1db0,2,29791.38066305734,1000
F_grdp_G_a_v0.02_s0.5,511e1db0,3,182075.7799802875,822
F_grdp_G_a_v0.02_s0.5,84633df4,0,14503.125932062767,999
F_grdp_G_a_v0.02_s0.5,84633df4,1,13410.796120142364,1000
F_grdp_G_a_v0.02_s0.5,84633df4,2,104150.13984182356,1000
F_grdp_G_a_v0.02_s0.5,84633df4,3,107806.57441086487,1000
F_grdp_G_a_v0.02_s0.5,84633df4,4,137735.25578322695,973
F_grdp_G_a_v0.02_s0.5,47ee27ab,0,1583.3222468513877,999
F_grdp_G_a_v0.02_s0.5,47ee27ab,1,1768.0067270334282,1000
F_grdp_G_a_v0.02_s0.5,47ee27ab,2,79197.20480612366,1000
F_grdp_G_a_v0.02_s0.5,47ee27ab,3,16985.17911258613,1000
F_grdp_G_a_v0.02_s0.5,47ee27ab,4,17316.56084353122,1000
F_grdp_G_a_v0.02_s0.5,47ee27ab,5,4181.352569013938,1000
F_grdp_G_a_v0.02_s0.5,47ee27ab,6,1355.160132440167,398
F_grdp_G_a_v0.02_s0.5,b95e7121,0,5092.464100000018,999
F_grdp_G_a_v0.02_s0.5,b95e7121,1,37874.974500000564,1000
F_grdp_G_a_v0.02_s0.5,b95e7121,2,17372.82080000056,1000
F_grdp_G_a_v0.02_s0.5,b95e7121,3,34491.03570000087,1000
F_grdp_G_a_v0.02_s0.5,b95e7121,4,9943.69479999991,1000
F_grdp_G_a_v0.02_s0.5,b95e7121,5,9474.382400000068,1000
F_grdp_G_a_v0.02_s0.5,b95e7121,6,3929.935100000159,307
F_grdp_G_a_v0.02_s0.5,91db7070,0,202.27526360579935,999
F_grdp_G_a_v0.02_s0.5,91db7070,1,149594.89376177336,1000
F_grdp_G_a_v0.02_s0.5,91db7070,2,769463.355037235,1000
F_grdp_G_a_v0.02_s0.5,91db7070,3,506331.1564694278,1000
F_grdp_G_a_v0.02_s0.5,91db7070,4,4700.619313928102,74
F_grdp_G_a_v0.02_s0.5,e3b34f5b,0,80169.89823983757,999
F_grdp_G_a_v0.02_s0.5,e3b34f5b,1,60943.2350728353,1000
F_grdp_G_a_v0.02_s0.5,e3b34f5b,2,5850.629004429258,1000
F_grdp_G_a_v0.02_s0.5,e3b34f5b,3,19219.287725719172,1000
F_grdp_G_a_v0.02_s0.5,e3b34f5b,4,10784.973879222292,1000
F_grdp_G_a_v0.02_s0.5,e3b34f5b,5,5773.19172062471,456
F_grdp_G_a_v0.02_s0.5,5a5269a9,0,23249.731488988306,999
F_grdp_G_a_v0.02_s0.5,5a5269a9,1,65383.94771608001,1000
F_grdp_G_a_v0.02_s0.5,5a5269a9,2,124684.49902422694,1000
F_grdp_G_a_v0.02_s0.5,5a5269a9,3,24796.690926132265,1000
F_grdp_G_a_v0.02_s0.5,5a5269a9,4,17161.27995508871,1000
F_grdp_G_a_v0.02_s0.5,5a5269a9,5,73832.28702692306,1000
F_grdp_G_a_v0.02_s0.5,5a5269a9,6,22761.932387421268,514
F_grdp_G_a_v0.02_s0.5,05948241,0,2773.7932320895866,999
F_grdp_G_a_v0.02_s0.5,05948241,1,8761.410324496845,1000
F_grdp_G_a_v0.02_s0.5,05948241,2,2023.379006179583,1000
F_grdp_G_a_v0.02_s0.5,05948241,3,11592.633919085843,880
F_grdp_G_a_v0.02_s0.5,a645da9a,0,69674.13510425658,999
F_grdp_G_a_v0.02_s0.5,a645da9a,1,119184.34948967103,1000
F_grdp_G_a_v0.02_s0.5,a645da9a,2,22671.742623579088,1000
F_grdp_G_a_v0.02_s0.5,a645da9a,3,7012.83229719964,1000
F_grdp_G_a_v0.02_s0.5,a645da9a,4,3220.1522869591686,1000
F_grdp_G_a_v0.02_s0.5,a645da9a,5,418.4018364721531,154
F_grdp_G_a_v0.02_s0.5,368fe682,0,6941.579036983649,999
F_grdp_G_a_v0.02_s0.5,368fe682,1,41449.36994539896,1000
F_grdp_G_a_v0.02_s0.5,368fe682,2,106378.93121893553,1000
F_grdp_G_a_v0.02_s0.5,368fe682,3,46998.318323505286,1000
F_grdp_G_a_v0.02_s0.5,368fe682,4,3895.676436034026,937
F_grdp_G_a_v0.02_s0.5,8995c945,0,941.9444231785538,999
F_grdp_G_a_v0.02_s0.5,8995c945,1,1168.708683698018,1000
F_grdp_G_a_v0.02_s0.5,8995c945,2,56987.27892016281,1000
F_grdp_G_a_v0.02_s0.5,8995c945,3,8451.42979470855,1000
F_grdp_G_a_v0.02_s0.5,8995c945,4,7575.946841221573,1000
F_grdp_G_a_v0.02_s0.5,8995c945,5,9314.001801934986,1000
F_grdp_G_a_v0.02_s0.5,8995c945,6,35124.10642255159,725
F_grdp_G_a_v0.02_s0.5,48c1f673,0,34341.385910698096,999
F_grdp_G_a_v0.02_s0.5,48c1f673,1,181244.1110863409,1000
F_grdp_G_a_v0.02_s0.5,48c1f673,2,120144.7271829927,918
F_grdp_G_a_v0.02_s0.5,466fc788,0,36014.68708279224,999
F_grdp_G_a_v0.02_s0.5,466fc788,1,15005.145071395853,1000
F_grdp_G_a_v0.02_s0.5,466fc788,2,120917.72106683078,1000
F_grdp_G_a_v0.02_s0.5,466fc788,3,205640.79768791012,1000
F_grdp_G_a_v0.02_s0.5,466fc788,4,93403.41133545178,1000
F_grdp_G_a_v0.02_s0.5,466fc788,5,101370.81234441345,1000
F_grdp_G_a_v0.02_s0.5,466fc788,6,27501.50325877937,198
F_grdp_G_a_v0.02_s0.5,27300fd5,0,69735.57996777503,999
F_grdp_G_a_v0.02_s0.5,27300fd5,1,102650.48460240482,1000
F_grdp_G_a_v0.02_s0.5,27300fd5,2,80506.2029452952,1000
F_grdp_G_a_v0.02_s0.5,27300fd5,3,310006.33546932,1000
F_grdp_G_a_v0.02_s0.5,27300fd5,4,99798.8657964679,1000
F_grdp_G_a_v0.02_s0.5,27300fd5,5,30205.373718192754,468
F_grdp_G_a_v0.02_s0.5,a9c9b150,0,3390.1680200539217,999
F_grdp_G_a_v0.02_s0.5,a9c9b150,1,30659.227461436254,1000
F_grdp_G_a_v0.02_s0.5,a9c9b150,2,61700.23538586283,1000
F_grdp_G_a_v0.02_s0.5,a9c9b150,3,72201.47330976014,987
F_grdp_G_a_v0.02_s0.5,071d7b45,0,349593.33051908726,999
F_grdp_G_a_v0.02_s0.5,071d7b45,1,453439.4051494403,1000
F_grdp_G_a_v0.02_s0.5,071d7b45,2,264528.30018016667,1000
F_grdp_G_a_v0.02_s0.5,071d7b45,3,50585.371180600094,212
F_grdp_G_a_v0.02_s0.5,ae8959c3,0,4361.775390785206,999
F_grdp_G_a_v0.02_s0.5,ae8959c3,1,13104.275653409695,1000
F_grdp_G_a_v0.02_s0.5,ae8959c3,2,29979.75916313553,1000
F_grdp_G_a_v0.02_s0.5,ae8959c3,3,9686.473421584098,1000
F_grdp_G_a_v0.02_s0.5,ae8959c3,4,1799.5881410547706,519
F_grdp_G_a_v0.02_s0.5,35b30c7f,0,6063.672907926078,999
F_grdp_G_a_v0.02_s0.5,35b30c7f,1,11884.071986695722,1000
F_grdp_G_a_v0.02_s0.5,35b30c7f,2,9520.353138525192,1000
F_grdp_G_a_v0.02_s0.5,35b30c7f,3,19259.132373498764,1000
F_grdp_G_a_v0.02_s0.5,35b30c7f,4,47378.75453891269,1000
F_grdp_G_a_v0.02_s0.5,35b30c7f,5,76809.16274110913,1000
F_grdp_G_a_v0.02_s0.5,35b30c7f,6,4671.202881000075,1000
F_grdp_G_a_v0.02_s0.5,35b30c7f,7,24351.230811549,1000
F_grdp_G_a_v0.02_s0.5,35b30c7f,8,13563.660091066868,1000
F_grdp_G_a_v0.02_s0.5,35b30c7f,9,21266.188761936268,580
F_grdp_G_a_v0.02_s0.5,463c38f2,0,3586.7295810577834,999
F_grdp_G_a_v0.02_s0.5,463c38f2,1,70778.69954609757,1000
F_grdp_G_a_v0.02_s0.5,463c38f2,2,55450.822996129966,1000
F_grdp_G_a_v0.02_s0.5,463c38f2,3,1988.1293438375926,1000
F_grdp_G_a_v0.02_s0.5,463c38f2,4,428.6871618048861,461
F_grdp_G_a_v0.02_s0.5,72dd8501,0,20674.33063723876,999
F_grdp_G_a_v0.02_s0.5,72dd8501,1,10859.584048263278,1000
F_grdp_G_a_v0.02_s0.5,72dd8501,2,374.0707421232817,1000
F_grdp_G_a_v0.02_s0.5,72dd8501,3,3399.2667585583035,1000
F_grdp_G_a_v0.02_s0.5,72dd8501,4,22345.529891410668,1000
F_grdp_G_a_v0.02_s0.5,72dd8501,5,31321.325789745555,194
F_grdp_G_a_v0.02_s0.5,9c211c53,0,1778.4544677955603,999
F_grdp_G_a_v0.02_s0.5,9c211c53,1,17705.613490954263,1000
F_grdp_G_a_v0.02_s0.5,9c211c53,2,5468.057587024889,1000
F_grdp_G_a_v0.02_s0.5,9c211c53,3,18393.125660194943,1000
F_grdp_G_a_v0.02_s0.5,9c211c53,4,54200.9647756492,1000
F_grdp_G_a_v0.02_s0.5,9c211c53,5,169351.78168485643,1000
F_grdp_G_a_v0.02_s0.5,9c211c53,6,475655.71376446966,1000
F_grdp_G_a_v0.02_s0.5,9c211c53,7,140161.9412155304,266
F_grdp_G_a_v0.02_s0.5,4b462989,0,12729.340411746689,999
F_grdp_G_a_v0.02_s0.5,4b462989,1,9334.853778138067,1000
F_grdp_G_a_v0.02_s0.5,4b462989,2,8276.976862459604,1000
F_grdp_G_a_v0.02_s0.5,4b462989,3,6928.984515835723,107
F_grdp_G_a_v0.02_s0.5,ee4aecac,0,21268.019290293567,999
F_grdp_G_a_v0.02_s0.5,ee4aecac,1,56210.54238344277,1000
F_grdp_G_a_v0.02_s0.5,ee4aecac,2,74296.83666861134,1000
F_grdp_G_a_v0.02_s0.5,ee4aecac,3,124742.17774697878,1000
F_grdp_G_a_v0.02_s0.5,ee4aecac,4,181048.66243724775,1000
F_grdp_G_a_v0.02_s0.5,ee4aecac,5,63674.57625537909,266
F_grdp_G_a_v0.02_s0.5,c3957531,0,50205.91462367039,999
F_grdp_G_a_v0.02_s0.5,c3957531,1,18911.025119263668,1000
F_grdp_G_a_v0.02_s0.5,c3957531,2,13704.592649759534,1000
F_grdp_G_a_v0.02_s0.5,c3957531,3,25267.352961429267,1000
F_grdp_G_a_v0.02_s0.5,c3957531,4,12777.585880333987,1000
F_grdp_G_a_v0.02_s0.5,c3957531,5,31814.33729107202,317
F_grdp_G_a_v0.02_s0.5,ae0784a8,0,41556.18556765119,999
F_grdp_G_a_v0.02_s0.5,ae0784a8,1,4938.697507376061,1000
F_grdp_G_a_v0.02_s0.5,ae0784a8,2,5126.022403856943,1000
F_grdp_G_a_v0.02_s0.5,ae0784a8,3,5421.364864432204,1000
F_grdp_G_a_v0.02_s0.5,ae0784a8,4,4666.390179536318,1000
F_grdp_G_a_v0.02_s0.5,ae0784a8,5,8859.668251644373,1000
F_grdp_G_a_v0.02_s0.5,ae0784a8,6,116814.14612593008,1000
F_grdp_G_a_v0.02_s0.5,ae0784a8,7,199864.26319710564,824
F_grdp_G_a_v0.02_s0.5,7d57c75d,0,2127.342331412203,999
F_grdp_G_a_v0.02_s0.5,7d57c75d,1,3229.947442348193,1000
F_grdp_G_a_v0.02_s0.5,7d57c75d,2,160199.96645077315,1000
F_grdp_G_a_v0.02_s0.5,7d57c75d,3,75800.62227204871,1000
F_grdp_G_a_v0.02_s0.5,7d57c75d,4,4097.019804469904,406
F_grdp_G_a_v0.02_s0.5,e748dd88,0,7788.413204359351,999
F_grdp_G_a_v0.02_s0.5,e748dd88,1,11601.201798898279,1000
F_grdp_G_a_v0.02_s0.5,e748dd88,2,22941.783361156075,1000
F_grdp_G_a_v0.02_s0.5,e748dd88,3,13622.52629622128,1000
F_grdp_G_a_v0.02_s0.5,e748dd88,4,36645.86313873523,813
F_grdp_G_a_v0.02_s0.5,aaeffccb,0,15482.188573189302,999
F_grdp_G_a_v0.02_s0.5,aaeffccb,1,19982.88204155758,1000
F_grdp_G_a_v0.02_s0.5,aaeffccb,2,50430.381330236036,713
F_grdp_G_a_v0.02_s0.5,c07fd0cd,0,241.8677667394503,999
F_grdp_G_a_v0.02_s0.5,c07fd0cd,1,38382.91931482582,1000
F_grdp_G_a_v0.02_s0.5,c07fd0cd,2,231019.98325864514,1000
F_grdp_G_a_v0.02_s0.5,c07fd0cd,3,199176.60356100523,1000
F_grdp_G_a_v0.02_s0.5,c07fd0cd,4,5574.30362720328,192
F_grdp_G_a_v0.02_s0.5,8bfa881d,0,3297.7989682881803,999
F_grdp_G_a_v0.02_s0.5,8bfa881d,1,32440.989665128443,1000
F_grdp_G_a_v0.02_s0.5,8bfa881d,2,104183.14745364111,1000
F_grdp_G_a_v0.02_s0.5,8bfa881d,3,176032.34639820905,1000
F_grdp_G_a_v0.02_s0.5,8bfa881d,4,21681.882808540715,90
F_grdp_G_a_v0.02_s0.5,d1ee630d,0,21594.470391440085,999
F_grdp_G_a_v0.02_s0.5,d1ee630d,1,163703.75775792793,1000
F_grdp_G_a_v0.02_s0.5,d1ee630d,2,149167.3283029757,1000
F_grdp_G_a_v0.02_s0.5,d1ee630d,3,78774.43451550027,1000
F_grdp_G_a_v0.02_s0.5,d1ee630d,4,85272.43191428253,1000
F_grdp_G_a_v0.02_s0.5,d1ee630d,5,153128.5448335032,1000
F_grdp_G_a_v0.02_s0.5,d1ee630d,6,62383.24978506936,291
F_grdp_G_a_v0.02_s0.5,01869cd4,0,3430.3838354883183,999
F_grdp_G_a_v0.02_s0.5,01869cd4,1,657.3748157345264,1000
F_grdp_G_a_v0.02_s0.5,01869cd4,2,3231.971729224537,1000
F_grdp_G_a_v0.02_s0.5,01869cd4,3,14387.704276715123,1000
F_grdp_G_a_v0.02_s0.5,01869cd4,4,10481.134489758524,1000
F_grdp_G_a_v0.02_s0.5,01869cd4,5,25098.04234027521,558
F_grdp_G_a_v0.02_s0.5,20402d71,0,28021.28757960608,999
F_grdp_G_a_v0.02_s0.5,20402d71,1,16771.467823206687,1000
F_grdp_G_a_v0.02_s0.5,20402d71,2,27254.649715396143,1000
F_grdp_G_a_v0.02_s0.5,20402d71,3,103183.84262541053,1000
F_grdp_G_a_v0.02_s0.5,20402d71,4,85915.9933982903,1000
F_grdp_G_a_v0.02_s0.5,20402d71,5,109396.01926935674,1000
F_grdp_G_a_v0.02_s0.5,20402d71,6,22408.282784092895,373
F_grdp_G_a_v0.02_s0.5,bd8f847e,0,40763.953500016316,999
F_grdp_G_a_v0.02_s0.5,bd8f847e,1,80962.03410002426,1000
F_grdp_G_a_v0.02_s0.5,bd8f847e,2,2572.3597000024124,1000
F_grdp_G_a_v0.02_s0.5,bd8f847e,3,31711.53489998521,1000
F_grdp_G_a_v0.02_s0.5,bd8f847e,4,78595.1217999776,962
F_grdp_G_a_v0.02_s0.5,a2e8e7f6,0,93572.79930000177,999
F_grdp_G_a_v0.02_s0.5,a2e8e7f6,1,225211.19420000206,1000
F_grdp_G_a_v0.02_s0.5,a2e8e7f6,2,34246.05500000114,1000
F_grdp_G_a_v0.02_s0.5,a2e8e7f6,3,19810.315099999192,1000
F_grdp_G_a_v0.02_s0.5,a2e8e7f6,4,194202.8038999988,761
F_grdp_G_a_v0.02_s0.5,a783cc24,0,3525.751305202955,999
F_grdp_G_a_v0.02_s0.5,a783cc24,1,18462.23621572772,890
F_grdp_G_a_v0.02_s0.5,70e1788b,0,7857.077891365503,999
F_grdp_G_a_v0.02_s0.5,70e1788b,1,2421.8578773868603,1000
F_grdp_G_a_v0.02_s0.5,70e1788b,2,51033.07177248183,1000
F_grdp_G_a_v0.02_s0.5,70e1788b,3,17720.68880750242,1000
F_grdp_G_a_v0.02_s0.5,70e1788b,4,8369.893843678583,1000
F_grdp_G_a_v0.02_s0.5,70e1788b,5,57448.891090333236,1000
F_grdp_G_a_v0.02_s0.5,70e1788b,6,22312.969224962784,1000
F_grdp_G_a_v0.02_s0.5,70e1788b,7,1785.216792317785,1000
F_grdp_G_a_v0.02_s0.5,70e1788b,8,8184.357909982808,1000
F_grdp_G_a_v0.02_s0.5,70e1788b,9,4367.312702986382,286
F_grdp_G_a_v0.02_s0.5,203721ab,0,7741.403152844198,999
F_grdp_G_a_v0.02_s0.5,203721ab,1,42912.59271895623,1000
F_grdp_G_a_v0.02_s0.5,203721ab,2,89918.83754721703,1000
F_grdp_G_a_v0.02_s0.5,203721ab,3,79096.18477027172,1000
F_grdp_G_a_v0.02_s0.5,203721ab,4,37001.4599465454,1000
F_grdp_G_a_v0.02_s0.5,203721ab,5,7976.630014916254,731
F_grdp_G_a_v0.02_s0.5,d84b621b,0,61312.84271117577,999
F_grdp_G_a_v0.02_s0.5,d84b621b,1,132472.38395009673,1000
F_grdp_G_a_v0.02_s0.5,d84b621b,2,254936.95933046492,1000
F_grdp_G_a_v0.02_s0.5,d84b621b,3,1307581.9470728834,995
F_grdp_G_a_v0.02_s0.5,da3cf798,0,5176.447827512514,999
F_grdp_G_a_v0.02_s0.5,da3cf798,1,24329.049675668564,1000
F_grdp_G_a_v0.02_s0.5,da3cf798,2,73132.38526329435,1000
F_grdp_G_a_v0.02_s0.5,da3cf798,3,188822.66282393158,1000
F_grdp_G_a_v0.02_s0.5,da3cf798,4,110959.00551940521,1000
F_grdp_G_a_v0.02_s0.5,da3cf798,5,166652.4822322589,845
F_grdp_G_a_v0.02_s0.5,884ecb5f,0,137490.98862037493,999
F_grdp_G_a_v0.02_s0.5,884ecb5f,1,200984.1529680398,1000
F_grdp_G_a_v0.02_s0.5,884ecb5f,2,120368.55804628292,1000
F_grdp_G_a_v0.02_s0.5,884ecb5f,3,136123.7622770597,1000
F_grdp_G_a_v0.02_s0.5,884ecb5f,4,143868.39660975125,1000
F_grdp_G_a_v0.02_s0.5,884ecb5f,5,80222.75318834026,1000
F_grdp_G_a_v0.02_s0.5,884ecb5f,6,11777.382259372633,725
F_grdp_G_a_v0.02_s0.5,8a3da6d1,0,88703.15279640204,999
F_grdp_G_a_v0.02_s0.5,8a3da6d1,1,115607.77763086984,1000
F_grdp_G_a_v0.02_s0.5,8a3da6d1,2,37093.14894883728,1000
F_grdp_G_a_v0.02_s0.5,8a3da6d1,3,69827.81309228696,1000
F_grdp_G_a_v0.02_s0.5,8a3da6d1,4,324563.95809463086,594
F_grdp_G_a_v0.02_s0.5,beda8696,0,6410.925491236895,999
F_grdp_G_a_v0.02_s0.5,beda8696,1,4078.5833589525023,1000
F_grdp_G_a_v0.02_s0.5,beda8696,2,13719.634699452881,1000
F_grdp_G_a_v0.02_s0.5,beda8696,3,27586.854602537045,1000
F_grdp_G_a_v0.02_s0.5,beda8696,4,37583.68325371762,1000
F_grdp_G_a_v0.02_s0.5,beda8696,5,188059.84245390588,913
F_grdp_G_a_v0.02_s0.5,0dc835f3,0,22719.411999999156,999
F_grdp_G_a_v0.02_s0.5,0dc835f3,1,78985.38059999642,1000
F_grdp_G_a_v0.02_s0.5,0dc835f3,2,103697.79569999661,1000
F_grdp_G_a_v0.02_s0.5,0dc835f3,3,17811.829800001906,1000
F_grdp_G_a_v0.02_s0.5,0dc835f3,4,30187.158699998887,429
F_grdp_G_a_v0.02_s0.5,87695469,0,5272.893872370732,999
F_grdp_G_a_v0.02_s0.5,87695469,1,8334.830742736433,1000
F_grdp_G_a_v0.02_s0.5,87695469,2,12716.24870259292,1000
F_grdp_G_a_v0.02_s0.5,87695469,3,111115.68353615457,1000
F_grdp_G_a_v0.02_s0.5,87695469,4,284311.0652507076,1000
F_grdp_G_a_v0.02_s0.5,87695469,5,113769.80256594524,1000
F_grdp_G_a_v0.02_s0.5,87695469,6,235065.6576960023,1000
F_grdp_G_a_v0.02_s0.5,87695469,7,958.6335433889171,4
F_grdp_G_a_v0.02_s0.5,7e721392,0,52998.7352397108,999
F_grdp_G_a_v0.02_s0.5,7e721392,1,185550.50271238072,1000
F_grdp_G_a_v0.02_s0.5,7e721392,2,158887.18501789888,1000
F_grdp_G_a_v0.02_s0.5,7e721392,3,113480.5750406776,1000
F_grdp_G_a_v0.02_s0.5,7e721392,4,267923.1127423749,1000
F_grdp_G_a_v0.02_s0.5,7e721392,5,472626.32463495474,1000
F_grdp_G_a_v0.02_s0.5,7e721392,6,156181.83501863698,175
F_grdp_G_a_v0.02_s0.5,9ae248be,0,18552.371493461327,999
F_grdp_G_a_v0.02_s0.5,9ae248be,1,4445.568499125858,1000
F_grdp_G_a_v0.02_s0.5,9ae248be,2,6666.8049636352835,1000
F_grdp_G_a_v0.02_s0.5,9ae248be,3,11043.062282967496,1000
F_grdp_G_a_v0.02_s0.5,9ae248be,4,109198.34412182747,1000
F_grdp_G_a_v0.02_s0.5,9ae248be,5,24360.243779499913,272
F_grdp_G_a_v0.02_s0.5,98177ced,0,254579.5773977788,999
F_grdp_G_a_v0.02_s0.5,98177ced,1,195760.7433832525,1000
F_grdp_G_a_v0.02_s0.5,98177ced,2,62469.5142570701,1000
F_grdp_G_a_v0.02_s0.5,98177ced,3,32813.06945195411,1000
F_grdp_G_a_v0.02_s0.5,98177ced,4,41557.58611059991,773
F_grdp_G_a_v0.02_s0.5,4c3df468,0,77799.2532651316,999
F_grdp_G_a_v0.02_s0.5,4c3df468,1,295046.30438510363,1000
F_grdp_G_a_v0.02_s0.5,4c3df468,2,928015.4561646889,1000
F_grdp_G_a_v0.02_s0.5,4c3df468,3,610408.3670974557,1000
F_grdp_G_a_v0.02_s0.5,4c3df468,4,69493.8494904896,1000
F_grdp_G_a_v0.02_s0.5,4c3df468,5,9376.047010309654,393
F_grdp_G_a_v0.02_s0.5,81bf5923,0,275470.9881975332,999
F_grdp_G_a_v0.02_s0.5,81bf5923,1,274965.8601768365,1000
F_grdp_G_a_v0.02_s0.5,81bf5923,2,256265.12392270664,1000
F_grdp_G_a_v0.02_s0.5,81bf5923,3,1062893.9795832234,1000
F_grdp_G_a_v0.02_s0.5,81bf5923,4,474598.6591532861,544
F_grdp_G_a_v0.02_s0.5,91abc4c7,0,17133.77916027463,999
F_grdp_G_a_v0.02_s0.5,91abc4c7,1,94840.55782868122,1000
F_grdp_G_a_v0.02_s0.5,91abc4c7,2,22977.776186899122,1000
F_grdp_G_a_v0.02_s0.5,91abc4c7,3,3941.0405956939503,1000
F_grdp_G_a_v0.02_s0.5,91abc4c7,4,15910.191440456641,1000
F_grdp_G_a_v0.02_s0.5,91abc4c7,5,9684.38969238379,849
F_grdp_G_a_v0.02_s0.5,9ad5410a,0,17133.74691878574,999
F_grdp_G_a_v0.02_s0.5,9ad5410a,1,33850.28488449806,1000
F_grdp_G_a_v0.02_s0.5,9ad5410a,2,38241.58601117019,1000
F_grdp_G_a_v0.02_s0.5,9ad5410a,3,62895.16272557024,1000
F_grdp_G_a_v0.02_s0.5,9ad5410a,4,1247.175026381794,206
F_grdp_G_a_v0.02_s0.5,1bcb2fcf,0,15491.333971636417,999
F_grdp_G_a_v0.02_s0.5,1bcb2fcf,1,8043.728781806693,1000
F_grdp_G_a_v0.02_s0.5,1bcb2fcf,2,660.3414200151682,1000
F_grdp_G_a_v0.02_s0.5,1bcb2fcf,3,20534.220621499004,1000
F_grdp_G_a_v0.02_s0.5,1bcb2fcf,4,16472.684434506988,525
F_grdp_G_a_v0.02_s0.5,d3df146b,0,4825.6879958313275,999
F_grdp_G_a_v0.02_s0.5,d3df146b,1,119673.06807909452,1000
F_grdp_G_a_v0.02_s0.5,d3df146b,2,81637.39548278104,1000
F_grdp_G_a_v0.02_s0.5,d3df146b,3,41374.92277276681,1000
F_grdp_G_a_v0.02_s0.5,d3df146b,4,81699.97397786466,1000
F_grdp_G_a_v0.02_s0.5,d3df146b,5,70260.18479670101,788
F_grdp_G_a_v0.02_s0.5,dd6bc5b2,0,1287.871176667088,999
F_grdp_G_a_v0.02_s0.5,dd6bc5b2,1,21727.588890686606,1000
F_grdp_G_a_v0.02_s0.5,dd6bc5b2,2,21048.302454283516,1000
F_grdp_G_a_v0.02_s0.5,dd6bc5b2,3,42780.921231180364,603
F_grdp_G_a_v0.02_s0.5,81fc01c6,0,20932.61643655594,999
F_grdp_G_a_v0.02_s0.5,81fc01c6,1,95646.16430816824,1000
F_grdp_G_a_v0.02_s0.5,81fc01c6,2,59325.41326470604,1000
F_grdp_G_a_v0.02_s0.5,81fc01c6,3,68402.58509634192,1000
F_grdp_G_a_v0.02_s0.5,81fc01c6,4,51058.72120367774,1000
F_grdp_G_a_v0.02_s0.5,81fc01c6,5,475670.5292329845,910
F_grdp_G_a_v0.02_s0.5,6a8fa194,0,7472.343055901362,999
F_grdp_G_a_v0.02_s0.5,6a8fa194,1,837.9197755633716,1000
F_grdp_G_a_v0.02_s0.5,6a8fa194,2,24449.006521506435,1000
F_grdp_G_a_v0.02_s0.5,6a8fa194,3,76.46828496092832,18
F_grdp_G_a_v0.02_s0.5,9a95e33f,0,68071.54384999664,999
F_grdp_G_a_v0.02_s0.5,9a95e33f,1,21250.217626019392,1000
F_grdp_G_a_v0.02_s0.5,9a95e33f,2,2161.8614807645486,1000
F_grdp_G_a_v0.02_s0.5,9a95e33f,3,101626.50050865517,1000
F_grdp_G_a_v0.02_s0.5,9a95e33f,4,119210.73393244974,1000
F_grdp_G_a_v0.02_s0.5,9a95e33f,5,26847.014988953,1000
F_grdp_G_a_v0.02_s0.5,9a95e33f,6,10803.669127189507,448
F_grdp_G_a_v0.02_s0.5,14ab73fb,0,13394.057246061904,999
F_grdp_G_a_v0.02_s0.5,14ab73fb,1,61021.00245767406,1000
F_grdp_G_a_v0.02_s0.5,14ab73fb,2,29833.533422911263,1000
F_grdp_G_a_v0.02_s0.5,14ab73fb,3,87721.90214741351,650
F_grdp_G_a_v0.02_s0.5,eb934281,0,3530.8043753250327,999
F_grdp_G_a_v0.02_s0.5,eb934281,1,6548.0064359019,1000
F_grdp_G_a_v0.02_s0.5,eb934281,2,5187.470574298787,1000
F_grdp_G_a_v0.02_s0.5,eb934281,3,231.55982133041795,1000
F_grdp_G_a_v0.02_s0.5,eb934281,4,9304.009277894149,1000
F_grdp_G_a_v0.02_s0.5,eb934281,5,39722.54333480817,972
F_grdp_G_a_v0.02_s0.5,75d20a82,0,2441.511300740807,999
F_grdp_G_a_v0.02_s0.5,75d20a82,1,37981.45231529528,1000
F_grdp_G_a_v0.02_s0.5,75d20a82,2,58961.74139913365,1000
F_grdp_G_a_v0.02_s0.5,75d20a82,3,47882.25502055499,1000
F_grdp_G_a_v0.02_s0.5,75d20a82,4,2272.4669895880193,1000
F_grdp_G_a_v0.02_s0.5,75d20a82,5,482.5535708145962,68
F_grdp_G_a_v0.02_s0.5,b56bc0aa,0,39477.00546914253,999
F_grdp_G_a_v0.02_s0.5,b56bc0aa,1,200061.0246532747,1000
F_grdp_G_a_v0.02_s0.5,b56bc0aa,2,211505.9177005615,1000
F_grdp_G_a_v0.02_s0.5,b56bc0aa,3,320888.58784475224,1000
F_grdp_G_a_v0.02_s0.5,b56bc0aa,4,311931.05101431464,1000
F_grdp_G_a_v0.02_s0.5,b56bc0aa,5,133152.18768011034,603
F_grdp_G_a_v0.02_s0.5,593876b6,0,17348.82344812676,999
F_grdp_G_a_v0.02_s0.5,593876b6,1,1006.2149293961018,1000
F_grdp_G_a_v0.02_s0.5,593876b6,2,4193.141871115067,1000
F_grdp_G_a_v0.02_s0.5,593876b6,3,1034.8006392960272,1000
F_grdp_G_a_v0.02_s0.5,593876b6,4,2147.4610903110074,843
F_grdp_G_a_v0.02_s0.5,25fd32b3,0,2129.7685443254845,999
F_grdp_G_a_v0.02_s0.5,25fd32b3,1,12383.245863749604,1000
F_grdp_G_a_v0.02_s0.5,25fd32b3,2,9658.374430894062,886
F_grdp_G_a_v0.02_s0.5,2ac7cb6b,0,26025.398381963423,999
F_grdp_G_a_v0.02_s0.5,2ac7cb6b,1,29882.719416327625,1000
F_grdp_G_a_v0.02_s0.5,2ac7cb6b,2,338637.70336547785,1000
F_grdp_G_a_v0.02_s0.5,2ac7cb6b,3,116247.25025791152,1000
F_grdp_G_a_v0.02_s0.5,2ac7cb6b,4,201790.99624755332,991
F_grdp_G_a_v0.02_s0.5,89fdb2f2,0,1397.4949280815424,999
F_grdp_G_a_v0.02_s0.5,89fdb2f2,1,2962.943936836038,1000
F_grdp_G_a_v0.02_s0.5,89fdb2f2,2,133.2009023808911,32
F_grdp_G_a_v0.02_s0.5,fdfd57da,0,10939.409179518374,999
F_grdp_G_a_v0.02_s0.5,fdfd57da,1,38452.47377980476,1000
F_grdp_G_a_v0.02_s0.5,fdfd57da,2,111356.61854082906,1000
F_grdp_G_a_v0.02_s0.5,fdfd57da,3,61594.087983076606,1000
F_grdp_G_a_v0.02_s0.5,fdfd57da,4,30428.377967317967,1000
F_grdp_G_a_v0.02_s0.5,fdfd57da,5,5558.095784845812,237
F_grdp_G_a_v0.02_s0.5,b32902c0,0,15470.796584381667,999
F_grdp_G_a_v0.02_s0.5,b32902c0,1,70516.36342923228,1000
F_grdp_G_a_v0.02_s0.5,b32902c0,2,346324.31014558295,1000
F_grdp_G_a_v0.02_s0.5,b32902c0,3,216189.40219610816,809
F_grdp_G_a_v0.02_s0.5,8648abae,0,1252.3390170160799,999
F_grdp_G_a_v0.02_s0.5,8648abae,1,28847.421109724975,1000
F_grdp_G_a_v0.02_s0.5,8648abae,2,10270.604378619277,1000
F_grdp_G_a_v0.02_s0.5,8648abae,3,108060.18047171868,1000
F_grdp_G_a_v0.02_s0.5,8648abae,4,43399.952020296085,245
F_grdp_G_a_v0.02_s0.5,25939962,0,25402.397233200725,999
F_grdp_G_a_v0.02_s0.5,25939962,1,63603.676509677345,1000
F_grdp_G_a_v0.02_s0.5,25939962,2,52165.608626182955,1000
F_grdp_G_a_v0.02_s0.5,25939962,3,4513.920863799296,1000
F_grdp_G_a_v0.02_s0.5,25939962,4,17348.018304076304,320
F_grdp_G_a_v0.02_s0.5,591cc951,0,4138.126008731672,999
F_grdp_G_a_v0.02_s0.5,591cc951,1,16076.904411511432,1000
F_grdp_G_a_v0.02_s0.5,591cc951,2,72051.64709052393,1000
F_grdp_G_a_v0.02_s0.5,591cc951,3,150799.12746856452,1000
F_grdp_G_a_v0.02_s0.5,591cc951,4,66576.06136608402,610
F_grdp_G_a_v0.02_s0.5,7850c72e,0,255387.1286223011,999
F_grdp_G_a_v0.02_s0.5,7850c72e,1,606094.3469637443,1000
F_grdp_G_a_v0.02_s0.5,7850c72e,2,397634.49789546424,1000
F_grdp_G_a_v0.02_s0.5,7850c72e,3,596493.7838986431,1000
F_grdp_G_a_v0.02_s0.5,7850c72e,4,1218962.0174787699,1000
F_grdp_G_a_v0.02_s0.5,7850c72e,5,582660.1510369566,498
F_grdp_G_a_v0.02_s0.5,404c4384,0,4075.263472801095,911
F_grdp_G_a_v0.02_s0.5,dd7d638e,0,264.1484579961578,999
F_grdp_G_a_v0.02_s0.5,dd7d638e,1,5768.016327414791,1000
F_grdp_G_a_v0.02_s0.5,dd7d638e,2,2152.8999252365306,1000
F_grdp_G_a_v0.02_s0.5,dd7d638e,3,676.0433548264971,1000
F_grdp_G_a_v0.02_s0.5,dd7d638e,4,6117.668161076647,302
F_grdp_G_a_v0.02_s0.5,da3bfe4e,0,4646.1928371060685,999
F_grdp_G_a_v0.02_s0.5,da3bfe4e,1,88407.93718611299,1000
F_grdp_G_a_v0.02_s0.5,da3bfe4e,2,90930.09801743779,1000
F_grdp_G_a_v0.02_s0.5,da3bfe4e,3,7737.367247206106,1000
F_grdp_G_a_v0.02_s0.5,da3bfe4e,4,49917.22568779349,1000
F_grdp_G_a_v0.02_s0.5,da3bfe4e,5,15352.953072136963,550
F_grdp_G_a_v0.02_s0.5,113011eb,0,56561.452232069576,999
F_grdp_G_a_v0.02_s0.5,113011eb,1,34787.191541756,1000
F_grdp_G_a_v0.02_s0.5,113011eb,2,19535.08874614941,1000
F_grdp_G_a_v0.02_s0.5,113011eb,3,1305.4292433313867,273
F_grdp_G_a_v0.02_s0.5,74b6186b,0,296.12274685010675,999
F_grdp_G_a_v0.02_s0.5,74b6186b,1,11210.903508220796,1000
F_grdp_G_a_v0.02_s0.5,74b6186b,2,26625.53943088807,1000
F_grdp_G_a_v0.02_s0.5,74b6186b,3,1042.3242996884437,406
F_grdp_G_a_v0.02_s0.5,3ef98781,0,23073.57233032593,999
F_grdp_G_a_v0.02_s0.5,3ef98781,1,8612.485783127366,1000
F_grdp_G_a_v0.02_s0.5,3ef98781,2,44981.90244869112,1000
F_grdp_G_a_v0.02_s0.5,3ef98781,3,46822.44894659055,893
F_grdp_G_a_v0.02_s0.5,8b95d6d1,0,94471.31300000186,999
F_grdp_G_a_v0.02_s0.5,8b95d6d1,1,200560.00670000384,732
F_grdp_G_a_v0.02_s0.5,aee6393a,0,20260.784151122298,999
F_grdp_G_a_v0.02_s0.5,aee6393a,1,39139.68811687101,1000
F_grdp_G_a_v0.02_s0.5,aee6393a,2,17773.39653558868,1000
F_grdp_G_a_v0.02_s0.5,aee6393a,3,20617.49469634205,1000
F_grdp_G_a_v0.02_s0.5,aee6393a,4,4286.942282001722,1000
F_grdp_G_a_v0.02_s0.5,aee6393a,5,10378.490006963288,866
F_grdp_G_a_v0.02_s0.5,3f603129,0,117513.40694091776,999
F_grdp_G_a_v0.02_s0.5,3f603129,1,854880.2997938365,1000
F_grdp_G_a_v0.02_s0.5,3f603129,2,643265.248189971,1000
F_grdp_G_a_v0.02_s0.5,3f603129,3,758024.6168002938,1000
F_grdp_G_a_v0.02_s0.5,3f603129,4,443113.87910656305,1000
F_grdp_G_a_v0.02_s0.5,3f603129,5,12143.768695329982,52
F_grdp_G_a_v0.02_s0.5,1f9afacb,0,5314.48611465932,999
F_grdp_G_a_v0.02_s0.5,1f9afacb,1,4862.955540090335,1000
F_grdp_G_a_v0.02_s0.5,1f9afacb,2,25600.822318919763,1000
F_grdp_G_a_v0.02_s0.5,1f9afacb,3,5897.603902811329,1000
F_grdp_G_a_v0.02_s0.5,1f9afacb,4,567.8555626411643,1000
F_grdp_G_a_v0.02_s0.5,1f9afacb,5,360.78051447389515,329
F_grdp_G_a_v0.02_s0.5,a3f71395,0,170230.59125807037,999
F_grdp_G_a_v0.02_s0.5,a3f71395,1,396933.62651019543,1000
F_grdp_G_a_v0.02_s0.5,a3f71395,2,226846.41528670385,1000
F_grdp_G_a_v0.02_s0.5,a3f71395,3,194607.31680888572,1000
F_grdp_G_a_v0.02_s0.5,a3f71395,4,20387.98487503154,1000
F_grdp_G_a_v0.02_s0.5,a3f71395,5,2991.7917735970036,544
F_grdp_G_a_v0.02_s0.5,01982c1d,0,4803.828823318988,999
F_grdp_G_a_v0.02_s0.5,01982c1d,1,1428.7866152913925,1000
F_grdp_G_a_v0.02_s0.5,01982c1d,2,2973.873792254938,1000
F_grdp_G_a_v0.02_s0.5,01982c1d,3,6031.39389737077,942
F_grdp_G_a_v0.02_s0.5,c9e6734f,0,6248.161276831656,999
F_grdp_G_a_v0.02_s0.5,c9e6734f,1,4118.3644523479215,1000
F_grdp_G_a_v0.02_s0.5,c9e6734f,2,2495.415417461031,1000
F_grdp_G_a_v0.02_s0.5,c9e6734f,3,15263.622817339294,1000
F_grdp_G_a_v0.02_s0.5,c9e6734f,4,9677.639095210468,736
F_grdp_G_a_v0.02_s0.5,f439a621,0,3166.7101574446656,999
F_grdp_G_a_v0.02_s0.5,f439a621,1,5254.037709820124,1000
F_grdp_G_a_v0.02_s0.5,f439a621,2,48299.93025140912,822
F_grdp_G_a_v0.02_s0.5,98bc6f66,0,90618.26784127534,999
F_grdp_G_a_v0.02_s0.5,98bc6f66,1,299173.64063958824,1000
F_grdp_G_a_v0.02_s0.5,98bc6f66,2,341078.07475753134,1000
F_grdp_G_a_v0.02_s0.5,98bc6f66,3,372817.1258454055,1000
F_grdp_G_a_v0.02_s0.5,98bc6f66,4,504922.88362007856,1000
F_grdp_G_a_v0.02_s0.5,98bc6f66,5,241027.60191674123,1000
F_grdp_G_a_v0.02_s0.5,98bc6f66,6,10696.485006493334,64
F_grdp_G_a_v0.02_s0.5,e730c32b,0,7220.615947475333,999
F_grdp_G_a_v0.02_s0.5,e730c32b,1,16302.125262337138,1000
F_grdp_G_a_v0.02_s0.5,e730c32b,2,199114.80145911602,1000
F_grdp_G_a_v0.02_s0.5,e730c32b,3,168712.42834988554,1000
F_grdp_G_a_v0.02_s0.5,e730c32b,4,216600.08989878115,729
F_grdp_G_a_v0.02_s0.5,865033f8,0,5772.279719788993,999
F_grdp_G_a_v0.02_s0.5,865033f8,1,43349.11726676493,1000
F_grdp_G_a_v0.02_s0.5,865033f8,2,5149.408532922898,1000
F_grdp_G_a_v0.02_s0.5,865033f8,3,769.5050090007229,558
F_grdp_G_a_v0.02_s0.5,729665c0,0,85734.17674850691,999
F_grdp_G_a_v0.02_s0.5,729665c0,1,169923.5827741235,1000
F_grdp_G_a_v0.02_s0.5,729665c0,2,64143.09216627962,1000
F_grdp_G_a_v0.02_s0.5,729665c0,3,203439.51662882933,1000
F_grdp_G_a_v0.02_s0.5,729665c0,4,90514.28039295619,264
F_grdp_G_a_v0.02_s0.5,7cbbd047,0,50051.43325576879,999
F_grdp_G_a_v0.02_s0.5,7cbbd047,1,32026.384541270363,1000
F_grdp_G_a_v0.02_s0.5,7cbbd047,2,7908.211705940819,1000
F_grdp_G_a_v0.02_s0.5,7cbbd047,3,52507.78282504115,1000
F_grdp_G_a_v0.02_s0.5,7cbbd047,4,190376.68749886786,1000
F_grdp_G_a_v0.02_s0.5,7cbbd047,5,47488.7169631503,122
F_grdp_G_a_v0.02_s0.5,c70c0e01,0,520.9478332102741,999
F_grdp_G_a_v0.02_s0.5,c70c0e01,1,23106.174861384137,1000
F_grdp_G_a_v0.02_s0.5,c70c0e01,2,8213.421536777278,1000
F_grdp_G_a_v0.02_s0.5,c70c0e01,3,143731.79125092516,1000
F_grdp_G_a_v0.02_s0.5,c70c0e01,4,84571.53216168925,313
F_grdp_G_a_v0.02_s0.5,a87433c9,0,4600.220122352575,999
F_grdp_G_a_v0.02_s0.5,a87433c9,1,4448.668808637225,1000
F_grdp_G_a_v0.02_s0.5,a87433c9,2,1704.6393730090901,1000
F_grdp_G_a_v0.02_s0.5,a87433c9,3,14123.813697842323,1000
F_grdp_G_a_v0.02_s0.5,a87433c9,4,54475.3866087649,1000
F_grdp_G_a_v0.02_s0.5,a87433c9,5,228315.49720290146,722
F_grdp_G_a_v0.02_s0.5,f6bc699b,0,8730.43025044731,999
F_grdp_G_a_v0.02_s0.5,f6bc699b,1,97168.84366058624,1000
F_grdp_G_a_v0.02_s0.5,f6bc699b,2,38968.32866933258,1000
F_grdp_G_a_v0.02_s0.5,f6bc699b,3,160272.82324883385,753
F_grdp_G_a_v0.02_s0.5,8382f4b6,0,12937.296151221084,999
F_grdp_G_a_v0.02_s0.5,8382f4b6,1,9734.182569057739,1000
F_grdp_G_a_v0.02_s0.5,8382f4b6,2,1146.8037931080262,1000
F_grdp_G_a_v0.02_s0.5,8382f4b6,3,14172.289746758774,1000
F_grdp_G_a_v0.02_s0.5,8382f4b6,4,64498.152739595076,968
F_grdp_G_a_v0.02_s0.5,27c3155b,0,23990.702597161548,999
F_grdp_G_a_v0.02_s0.5,27c3155b,1,34061.704155225445,1000
F_grdp_G_a_v0.02_s0.5,27c3155b,2,100614.00952230336,1000
F_grdp_G_a_v0.02_s0.5,27c3155b,3,275514.3388256994,1000
F_grdp_G_a_v0.02_s0.5,27c3155b,4,91709.08227961701,959
F_grdp_G_a_v0.02_s0.5,398dce4b,0,433.11306242886775,999
F_grdp_G_a_v0.02_s0.5,398dce4b,1,19091.854899172424,1000
F_grdp_G_a_v0.02_s0.5,398dce4b,2,11220.937576270655,1000
F_grdp_G_a_v0.02_s0.5,398dce4b,3,147.1693344570535,167
F_grdp_G_a_v0.02_s0.5,2acc78d4,0,2409.69836413639,999
F_grdp_G_a_v0.02_s0.5,2acc78d4,1,25708.82442943648,1000
F_grdp_G_a_v0.02_s0.5,2acc78d4,2,16535.050692893583,1000
F_grdp_G_a_v0.02_s0.5,2acc78d4,3,313391.9628739,1000
F_grdp_G_a_v0.02_s0.5,2acc78d4,4,18218.494360157172,267
F_grdp_G_a_v0.02_s0.5,660d9546,0,3532.5953131964316,999
F_grdp_G_a_v0.02_s0.5,660d9546,1,4501.277045276384,1000
F_grdp_G_a_v0.02_s0.5,660d9546,2,8698.156212854054,1000
F_grdp_G_a_v0.02_s0.5,660d9546,3,144990.45187906318,1000
F_grdp_G_a_v0.02_s0.5,660d9546,4,125492.01885756248,733
F_grdp_G_a_v0.02_s0.5,cf50c9d1,0,75722.55968316752,999
F_grdp_G_a_v0.02_s0.5,cf50c9d1,1,216562.03288160823,1000
F_grdp_G_a_v0.02_s0.5,cf50c9d1,2,369138.5733978021,1000
F_grdp_G_a_v0.02_s0.5,cf50c9d1,3,240592.98010046306,1000
F_grdp_G_a_v0.02_s0.5,cf50c9d1,4,318166.5981398331,859
F_grdp_G_a_v0.02_s0.5,cb879f40,0,4121.065462063796,999
F_grdp_G_a_v0.02_s0.5,cb879f40,1,3721.630391354959,1000
F_grdp_G_a_v0.02_s0.5,cb879f40,2,24351.590386376076,1000
F_grdp_G_a_v0.02_s0.5,cb879f40,3,60777.84136605805,1000
F_grdp_G_a_v0.02_s0.5,cb879f40,4,30850.797219300803,1000
F_grdp_G_a_v0.02_s0.5,cb879f40,5,14316.642576041773,1000
F_grdp_G_a_v0.02_s0.5,cb879f40,6,3423.070176841794,316
F_grdp_G_a_v0.02_s0.5,ecdab904,0,10256.072291184286,999
F_grdp_G_a_v0.02_s0.5,ecdab904,1,33316.20364967654,1000
F_grdp_G_a_v0.02_s0.5,ecdab904,2,3783.925657665779,1000
F_grdp_G_a_v0.02_s0.5,ecdab904,3,19837.881543597567,1000
F_grdp_G_a_v0.02_s0.5,ecdab904,4,2979.504670104409,1000
F_grdp_G_a_v0.02_s0.5,ecdab904,5,63568.083720703704,1000
F_grdp_G_a_v0.02_s0.5,ecdab904,6,52477.956424337375,148
F_grdp_G_a_v0.02_s0.5,aa95015b,0,3718.046999570298,999
F_grdp_G_a_v0.02_s0.5,aa95015b,1,56461.87131682688,1000
F_grdp_G_a_v0.02_s0.5,aa95015b,2,81328.87694480091,1000
F_grdp_G_a_v0.02_s0.5,aa95015b,3,44817.87191813747,1000
F_grdp_G_a_v0.02_s0.5,aa95015b,4,30557.620411104606,301
F_grdp_G_a_v0.02_s0.5,c9fedcf3,0,3425.8870714550303,999
F_grdp_G_a_v0.02_s0.5,c9fedcf3,1,12949.119397197226,1000
F_grdp_G_a_v0.02_s0.5,c9fedcf3,2,3603.065029708974,1000
F_grdp_G_a_v0.02_s0.5,c9fedcf3,3,1312.3836341344318,518
F_grdp_G_a_v0.02_s0.5,4a335117,0,29705.730795737734,999
F_grdp_G_a_v0.02_s0.5,4a335117,1,60867.28178449249,1000
F_grdp_G_a_v0.02_s0.5,4a335117,2,104257.19976729571,1000
F_grdp_G_a_v0.02_s0.5,4a335117,3,43177.46216337343,1000
F_grdp_G_a_v0.02_s0.5,4a335117,4,160683.77127013286,1000
F_grdp_G_a_v0.02_s0.5,4a335117,5,956.0999810049581,16
F_grdp_G_a_v0.02_s0.5,da940160,0,1348.2742480969282,999
F_grdp_G_a_v0.02_s0.5,da940160,1,952.769747813717,1000
F_grdp_G_a_v0.02_s0.5,da940160,2,8164.374041531847,1000
F_grdp_G_a_v0.02_s0.5,da940160,3,14681.808959982944,1000
F_grdp_G_a_v0.02_s0.5,da940160,4,22608.018211024053,1000
F_grdp_G_a_v0.02_s0.5,da940160,5,7044.500953278541,133
F_grdp_G_a_v0.02_s0.5,272abef3,0,182.93594321757703,999
F_grdp_G_a_v0.02_s0.5,272abef3,1,110702.48266527109,1000
F_grdp_G_a_v0.02_s0.5,272abef3,2,268635.89658623456,1000
F_grdp_G_a_v0.02_s0.5,272abef3,3,217449.42110663044,1000
F_grdp_G_a_v0.02_s0.5,272abef3,4,19748.79810627494,136
F_grdp_G_a_v0.02_s0.5,a056d01e,0,5115.775108766325,999
F_grdp_G_a_v0.02_s0.5,a056d01e,1,5106.245168844414,1000
F_grdp_G_a_v0.02_s0.5,a056d01e,2,7295.240671892309,1000
F_grdp_G_a_v0.02_s0.5,a056d01e,3,4189.140960834251,1000
F_grdp_G_a_v0.02_s0.5,a056d01e,4,75490.81134241591,1000
F_grdp_G_a_v0.02_s0.5,a056d01e,5,24867.16367647811,1000
F_grdp_G_a_v0.02_s0.5,a056d01e,6,3446.927383656659,558
F_grdp_G_a_v0.02_s0.5,a4719920,0,46370.58337858143,999
F_grdp_G_a_v0.02_s0.5,a4719920,1,9399.141419393303,1000
F_grdp_G_a_v0.02_s0.5,a4719920,2,40190.62039652118,1000
F_grdp_G_a_v0.02_s0.5,a4719920,3,264556.31717986014,1000
F_grdp_G_a_v0.02_s0.5,a4719920,4,274466.98877075175,1000
F_grdp_G_a_v0.02_s0.5,a4719920,5,181682.14982867517,885
F_grdp_G_a_v0.02_s0.5,726f3dc2,0,31782.598245343364,999
F_grdp_G_a_v0.02_s0.5,726f3dc2,1,15795.390908884205,1000
F_grdp_G_a_v0.02_s0.5,726f3dc2,2,52374.20932751154,1000
F_grdp_G_a_v0.02_s0.5,726f3dc2,3,18077.20366035333,1000
F_grdp_G_a_v0.02_s0.5,726f3dc2,4,19426.28682461139,1000
F_grdp_G_a_v0.02_s0.5,726f3dc2,5,6946.89840388852,1000
F_grdp_G_a_v0.02_s0.5,726f3dc2,6,11201.380564470343,724
F_grdp_G_a_v0.02_s0.5,5cb483ac,0,1207.2782164113676,999
F_grdp_G_a_v0.02_s0.5,5cb483ac,1,28584.429119597233,1000
F_grdp_G_a_v0.02_s0.5,5cb483ac,2,5805.060521488458,1000
F_grdp_G_a_v0.02_s0.5,5cb483ac,3,1616.5375202254736,853
F_grdp_G_a_v0.02_s0.5,5bd25f59,0,2659.1651527894264,999
F_grdp_G_a_v0.02_s0.5,5bd25f59,1,23764.25210918727,1000
F_grdp_G_a_v0.02_s0.5,5bd25f59,2,7859.4718559970415,1000
F_grdp_G_a_v0.02_s0.5,5bd25f59,3,4795.861554510067,1000
F_grdp_G_a_v0.02_s0.5,5bd25f59,4,1327.6588925810272,211
F_grdp_G_a_v0.02_s0.5,79507629,0,1271.9807189043486,999
F_grdp_G_a_v0.02_s0.5,79507629,1,15435.724897823262,1000
F_grdp_G_a_v0.02_s0.5,79507629,2,118993.34644539937,1000
F_grdp_G_a_v0.02_s0.5,79507629,3,128687.95475414938,1000
F_grdp_G_a_v0.02_s0.5,79507629,4,215800.43586660057,1000
F_grdp_G_a_v0.02_s0.5,79507629,5,108758.75911052192,303
F_grdp_G_a_v0.02_s0.5,f4d12d23,0,2848.88568883017,999
F_grdp_G_a_v0.02_s0.5,f4d12d23,1,13784.627322895474,1000
F_grdp_G_a_v0.02_s0.5,f4d12d23,2,5993.682004744432,1000
F_grdp_G_a_v0.02_s0.5,f4d12d23,3,27135.278300586186,702
F_grdp_G_a_v0.02_s0.5,3ef6372a,0,18423.60646066228,999
F_grdp_G_a_v0.02_s0.5,3ef6372a,1,2140.1378678343513,1000
F_grdp_G_a_v0.02_s0.5,3ef6372a,2,5573.861522866764,1000
F_grdp_G_a_v0.02_s0.5,3ef6372a,3,50042.84689144312,1000
F_grdp_G_a_v0.02_s0.5,3ef6372a,4,10081.567795941315,728
F_grdp_G_a_v0.02_s0.5,18d24f7b,0,2381.9967865870594,999
F_grdp_G_a_v0.02_s0.5,18d24f7b,1,6357.577648190861,1000
F_grdp_G_a_v0.02_s0.5,18d24f7b,2,20491.173798968404,1000
F_grdp_G_a_v0.02_s0.5,18d24f7b,3,75543.6638626523,1000
F_grdp_G_a_v0.02_s0.5,18d24f7b,4,59950.12252649308,559
F_grdp_G_a_v0.02_s0.5,fa31da94,0,14159.950287516798,999
F_grdp_G_a_v0.02_s0.5,fa31da94,1,377920.1162892572,1000
F_grdp_G_a_v0.02_s0.5,fa31da94,2,295768.69950082916,1000
F_grdp_G_a_v0.02_s0.5,fa31da94,3,5900.492985030571,1000
F_grdp_G_a_v0.02_s0.5,fa31da94,4,20971.511838442133,1000
F_grdp_G_a_v0.02_s0.5,fa31da94,5,1819.5709043124166,28
F_grdp_G_a_v0.02_s0.5,cdc31d65,0,23781.46501850985,999
F_grdp_G_a_v0.02_s0.5,cdc31d65,1,25802.28866753823,1000
F_grdp_G_a_v0.02_s0.5,cdc31d65,2,4253.243967607646,1000
F_grdp_G_a_v0.02_s0.5,cdc31d65,3,3321.627784098217,1000
F_grdp_G_a_v0.02_s0.5,cdc31d65,4,1094.354039269573,841
F_grdp_G_a_v0.02_s0.5,c50b42f6,0,2441.0924697789665,999
F_grdp_G_a_v0.02_s0.5,c50b42f6,1,14365.157927503053,1000
F_grdp_G_a_v0.02_s0.5,c50b42f6,2,55420.41774177774,1000
F_grdp_G_a_v0.02_s0.5,c50b42f6,3,9329.888629912031,1000
F_grdp_G_a_v0.02_s0.5,c50b42f6,4,11249.27340119754,1000
F_grdp_G_a_v0.02_s0.5,c50b42f6,5,2852.269404396206,1000
F_grdp_G_a_v0.02_s0.5,c50b42f6,6,111.98145660459288,15
F_grdp_G_a_v0.02_s0.5,19871e7f,0,652.5946149701122,999
F_grdp_G_a_v0.02_s0.5,19871e7f,1,2509.9993768541094,1000
F_grdp_G_a_v0.02_s0.5,19871e7f,2,25683.849134407497,1000
F_grdp_G_a_v0.02_s0.5,19871e7f,3,57537.14418782684,1000
F_grdp_G_a_v0.02_s0.5,19871e7f,4,56213.92299326832,1000
F_grdp_G_a_v0.02_s0.5,19871e7f,5,13421.190693890576,294
F_grdp_G_a_v0.02_s0.5,8cc21f01,0,15997.807290645089,999
F_grdp_G_a_v0.02_s0.5,8cc21f01,1,25984.100286056277,1000
F_grdp_G_a_v0.02_s0.5,8cc21f01,2,38719.415489039246,1000
F_grdp_G_a_v0.02_s0.5,8cc21f01,3,117778.88925643868,1000
F_grdp_G_a_v0.02_s0.5,8cc21f01,4,4580.285665868724,45
F_grdp_G_a_v0.02_s0.5,e7818f7a,0,5569.1598116855785,999
F_grdp_G_a_v0.02_s0.5,e7818f7a,1,65988.65951208753,1000
F_grdp_G_a_v0.02_s0.5,e7818f7a,2,31221.231236054547,1000
F_grdp_G_a_v0.02_s0.5,e7818f7a,3,6847.017313116733,1000
F_grdp_G_a_v0.02_s0.5,e7818f7a,4,216774.3538418273,1000
F_grdp_G_a_v0.02_s0.5,e7818f7a,5,78380.3520640299,372
F_grdp_G_a_v0.02_s0.5,d543916f,0,703.3523309104226,999
F_grdp_G_a_v0.02_s0.5,d543916f,1,17120.568974669422,1000
F_grdp_G_a_v0.02_s0.5,d543916f,2,179072.58050267524,1000
F_grdp_G_a_v0.02_s0.5,d543916f,3,434175.39303555526,1000
F_grdp_G_a_v0.02_s0.5,d543916f,4,426055.1161183095,800
F_grdp_G_a_v0.02_s0.5,3aaa2b30,0,11464.085165383793,999
F_grdp_G_a_v0.02_s0.5,3aaa2b30,1,1421.7210210551928,1000
F_grdp_G_a_v0.02_s0.5,3aaa2b30,2,19209.424082825426,1000
F_grdp_G_a_v0.02_s0.5,3aaa2b30,3,35318.38638189264,1000
F_grdp_G_a_v0.02_s0.5,3aaa2b30,4,130254.31070409574,712
F_grdp_G_a_v0.02_s0.5,fbd68d27,0,19306.575423329672,999
F_grdp_G_a_v0.02_s0.5,fbd68d27,1,4370.7828043371765,1000
F_grdp_G_a_v0.02_s0.5,fbd68d27,2,20860.991250877978,1000
F_grdp_G_a_v0.02_s0.5,fbd68d27,3,76659.38095597769,1000
F_grdp_G_a_v0.02_s0.5,fbd68d27,4,82418.08912003181,1000
F_grdp_G_a_v0.02_s0.5,fbd68d27,5,164774.18431967535,1000
F_grdp_G_a_v0.02_s0.5,fbd68d27,6,239493.01664586275,830
F_grdp_G_a_v0.02_s0.5,28473855,0,917.3355826847394,999
F_grdp_G_a_v0.02_s0.5,28473855,1,401.2223539726601,1000
F_grdp_G_a_v0.02_s0.5,28473855,2,4922.319570586989,1000
F_grdp_G_a_v0.02_s0.5,28473855,3,39463.932587110176,1000
F_grdp_G_a_v0.02_s0.5,28473855,4,50451.416376600035,291
F_grdp_G_a_v0.02_s0.5,c66be2b8,0,3926.6004704082197,999
F_grdp_G_a_v0.02_s0.5,c66be2b8,1,20971.326880241562,1000
F_grdp_G_a_v0.02_s0.5,c66be2b8,2,380840.59771163616,1000
F_grdp_G_a_v0.02_s0.5,c66be2b8,3,534770.0217113086,1000
F_grdp_G_a_v0.02_s0.5,c66be2b8,4,73151.01236908376,155
F_grdp_G_a_v0.02_s0.5,82aab6d2,0,31591.52645273266,999
F_grdp_G_a_v0.02_s0.5,82aab6d2,1,9691.689625139572,1000
F_grdp_G_a_v0.02_s0.5,82aab6d2,2,29917.5459869851,1000
F_grdp_G_a_v0.02_s0.5,82aab6d2,3,1808.721430951535,1000
F_grdp_G_a_v0.02_s0.5,82aab6d2,4,4603.277083531101,1000
F_grdp_G_a_v0.02_s0.5,82aab6d2,5,4400.52653281708,1000
F_grdp_G_a_v0.02_s0.5,82aab6d2,6,17.232773684831393,141
F_grdp_G_a_v0.02_s0.5,044af7d1,0,39384.365693496424,999
F_grdp_G_a_v0.02_s0.5,044af7d1,1,12325.294730902497,1000
F_grdp_G_a_v0.02_s0.5,044af7d1,2,3614.353333712253,1000
F_grdp_G_a_v0.02_s0.5,044af7d1,3,12506.443488880295,1000
F_grdp_G_a_v0.02_s0.5,044af7d1,4,9056.620425677283,520
F_grdp_G_a_v0.02_s0.5,d24ff243,0,3825.891708353708,999
F_grdp_G_a_v0.02_s0.5,d24ff243,1,4042.9720021219982,1000
F_grdp_G_a_v0.02_s0.5,d24ff243,2,52157.8665412466,1000
F_grdp_G_a_v0.02_s0.5,d24ff243,3,13356.570977011994,1000
F_grdp_G_a_v0.02_s0.5,d24ff243,4,5883.087154191562,1000
F_grdp_G_a_v0.02_s0.5,d24ff243,5,26734.635815948095,642
F_grdp_G_a_v0.02_s0.5,e03b45fd,0,1337.976812370912,999
F_grdp_G_a_v0.02_s0.5,e03b45fd,1,48595.88340596695,1000
F_grdp_G_a_v0.02_s0.5,e03b45fd,2,242426.90873421228,1000
F_grdp_G_a_v0.02_s0.5,e03b45fd,3,10748.719442724543,1000
F_grdp_G_a_v0.02_s0.5,e03b45fd,4,263762.94141143427,1000
F_grdp_G_a_v0.02_s0.5,e03b45fd,5,29589.652379729556,343
F_grdp_G_a_v0.02_s0.5,1770d7c6,0,1062.9215565125685,999
F_grdp_G_a_v0.02_s0.5,1770d7c6,1,243.13883440948635,1000
F_grdp_G_a_v0.02_s0.5,1770d7c6,2,21859.375594410034,1000
F_grdp_G_a_v0.02_s0.5,1770d7c6,3,11737.655227952715,1000
F_grdp_G_a_v0.02_s0.5,1770d7c6,4,21465.04062776121,1000
F_grdp_G_a_v0.02_s0.5,1770d7c6,5,2801.5835531480193,1000
F_grdp_G_a_v0.02_s0.5,1770d7c6,6,1669.1012497311995,1000
F_grdp_G_a_v0.02_s0.5,1770d7c6,7,676.7203690519227,241
F_grdp_G_a_v0.02_s0.5,a79fd2e7,0,17649.140552713827,999
F_grdp_G_a_v0.02_s0.5,a79fd2e7,1,81236.31100334575,1000
F_grdp_G_a_v0.02_s0.5,a79fd2e7,2,30726.189634704555,1000
F_grdp_G_a_v0.02_s0.5,a79fd2e7,3,27392.709462525327,1000
F_grdp_G_a_v0.02_s0.5,a79fd2e7,4,182125.36021191045,405
F_grdp_G_a_v0.02_s0.5,00bbac68,0,35760.77619999154,999
F_grdp_G_a_v0.02_s0.5,00bbac68,1,86119.80759998808,1000
F_grdp_G_a_v0.02_s0.5,00bbac68,2,152947.58469998208,1000
F_grdp_G_a_v0.02_s0.5,00bbac68,3,25586.288299993364,1000
F_grdp_G_a_v0.02_s0.5,00bbac68,4,642817.2538000346,1000
F_grdp_G_a_v0.02_s0.5,00bbac68,5,451990.59960002836,1000
F_grdp_G_a_v0.02_s0.5,00bbac68,6,677.8115000001393,15
F_grdp_G_a_v0.02_s0.5,12203f2a,0,4964.343497886449,999
F_grdp_G_a_v0.02_s0.5,12203f2a,1,859.9652783504749,1000
F_grdp_G_a_v0.02_s0.5,12203f2a,2,10611.08860350526,1000
F_grdp_G_a_v0.02_s0.5,12203f2a,3,4316.5374790618625,262
F_grdp_G_a_v0.02_s0.5,d463e527,0,21715.213431334585,999
F_grdp_G_a_v0.02_s0.5,d463e527,1,31253.286792826602,1000
F_grdp_G_a_v0.02_s0.5,d463e527,2,31007.405920879573,1000
F_grdp_G_a_v0.02_s0.5,d463e527,3,105670.58873141001,1000
F_grdp_G_a_v0.02_s0.5,d463e527,4,86371.60684311719,768
F_grdp_G_a_v0.02_s0.5,b0d42b0d,0,330096.55883627885,999
F_grdp_G_a_v0.02_s0.5,b0d42b0d,1,649158.6552147117,1000
F_grdp_G_a_v0.02_s0.5,b0d42b0d,2,581894.710090259,1000
F_grdp_G_a_v0.02_s0.5,b0d42b0d,3,623570.9386422138,1000
F_grdp_G_a_v0.02_s0.5,b0d42b0d,4,238074.23132058416,972
F_grdp_G_a_v0.02_s0.5,38991fd4,0,4178.490198230659,999
F_grdp_G_a_v0.02_s0.5,38991fd4,1,3359.8215785089283,1000
F_grdp_G_a_v0.02_s0.5,38991fd4,2,10013.512621596374,1000
F_grdp_G_a_v0.02_s0.5,38991fd4,3,137181.80493551688,1000
F_grdp_G_a_v0.02_s0.5,38991fd4,4,52494.85611493455,799
F_grdp_G_a_v0.02_s0.5,1b08ed48,0,1952.0395417912164,999
F_grdp_G_a_v0.02_s0.5,1b08ed48,1,672.017318317641,1000
F_grdp_G_a_v0.02_s0.5,1b08ed48,2,271.3028634720164,1000
F_grdp_G_a_v0.02_s0.5,1b08ed48,3,553.7953863846114,1000
F_grdp_G_a_v0.02_s0.5,1b08ed48,4,7570.51449003596,1000
F_grdp_G_a_v0.02_s0.5,1b08ed48,5,230.20028656052537,619
F_grdp_G_a_v0.02_s0.5,6d1d74e1,0,136789.7170566195,999
F_grdp_G_a_v0.02_s0.5,6d1d74e1,1,102441.8088686089,1000
F_grdp_G_a_v0.02_s0.5,6d1d74e1,2,20489.28688032333,1000
F_grdp_G_a_v0.02_s0.5,6d1d74e1,3,3349.6110941657835,1000
F_grdp_G_a_v0.02_s0.5,6d1d74e1,4,107604.4511976697,1000
F_grdp_G_a_v0.02_s0.5,6d1d74e1,5,337140.2154141999,831
F_grdp_G_a_v0.02_s0.5,647f2a41,0,3191.2654668158316,999
F_grdp_G_a_v0.02_s0.5,647f2a41,1,1297.7125350144297,1000
F_grdp_G_a_v0.02_s0.5,647f2a41,2,37685.12593195723,1000
F_grdp_G_a_v0.02_s0.5,647f2a41,3,18747.39888132512,882
F_grdp_G_a_v0.02_s0.5,a85bb86f,0,199238.45580098304,999
F_grdp_G_a_v0.02_s0.5,a85bb86f,1,455741.94601176365,1000
F_grdp_G_a_v0.02_s0.5,a85bb86f,2,300612.3071506983,1000
F_grdp_G_a_v0.02_s0.5,a85bb86f,3,27186.886433543492,100
F_grdp_G_a_v0.02_s0.5,a612d5a0,0,19515.02073519721,999
F_grdp_G_a_v0.02_s0.5,a612d5a0,1,123417.48063960487,1000
F_grdp_G_a_v0.02_s0.5,a612d5a0,2,151637.4854465476,1000
F_grdp_G_a_v0.02_s0.5,a612d5a0,3,243176.14738422196,1000
F_grdp_G_a_v0.02_s0.5,a612d5a0,4,197635.67353555767,1000
F_grdp_G_a_v0.02_s0.5,a612d5a0,5,82797.29508567108,330
F_grdp_G_a_v0.02_s0.5,b7974e66,0,6875.2853603341755,999
F_grdp_G_a_v0.02_s0.5,b7974e66,1,5308.482075666624,1000
F_grdp_G_a_v0.02_s0.5,b7974e66,2,10691.995748801897,1000
F_grdp_G_a_v0.02_s0.5,b7974e66,3,9802.44717685514,1000
F_grdp_G_a_v0.02_s0.5,b7974e66,4,1199.1962252832716,1000
F_grdp_G_a_v0.02_s0.5,b7974e66,5,285.5165167829422,559
F_grdp_G_a_v0.02_s0.5,d6c320d9,0,13945.24042948134,999
F_grdp_G_a_v0.02_s0.5,d6c320d9,1,83136.12324533946,1000
F_grdp_G_a_v0.02_s0.5,d6c320d9,2,111424.75999120367,1000
F_grdp_G_a_v0.02_s0.5,d6c320d9,3,291758.8118175866,1000
F_grdp_G_a_v0.02_s0.5,d6c320d9,4,225462.57284078878,1000
F_grdp_G_a_v0.02_s0.5,d6c320d9,5,167653.31944100777,453
F_grdp_G_a_v0.02_s0.5,f03f10fe,0,27708.924276743892,999
F_grdp_G_a_v0.02_s0.5,f03f10fe,1,39174.2595861436,1000
F_grdp_G_a_v0.02_s0.5,f03f10fe,2,945.5693520159499,1000
F_grdp_G_a_v0.02_s0.5,f03f10fe,3,1555.762337273124,1000
F_grdp_G_a_v0.02_s0.5,f03f10fe,4,368.51274858582656,146
F_grdp_G_a_v0.02_s0.5,d011f41b,0,9906.16300424013,999
F_grdp_G_a_v0.02_s0.5,d011f41b,1,5792.570924494117,1000
F_grdp_G_a_v0.02_s0.5,d011f41b,2,466.5063071502439,268
F_grdp_G_a_v0.02_s0.5,60e37807,0,11424.59458159617,999
F_grdp_G_a_v0.02_s0.5,60e37807,1,75467.51090167626,1000
F_grdp_G_a_v0.02_s0.5,60e37807,2,376030.80496349436,700
F_grdp_G_a_v0.02_s0.5,46dfcfca,0,1012.86328847432,999
F_grdp_G_a_v0.02_s0.5,46dfcfca,1,6550.536850426696,1000
F_grdp_G_a_v0.02_s0.5,46dfcfca,2,2832.8949487697314,1000
F_grdp_G_a_v0.02_s0.5,46dfcfca,3,7175.479840849461,607
F_grdp_G_a_v0.02_s0.5,bc4381e2,0,58375.05847261969,999
F_grdp_G_a_v0.02_s0.5,bc4381e2,1,176753.62851738394,1000
F_grdp_G_a_v0.02_s0.5,bc4381e2,2,246679.81003050396,1000
F_grdp_G_a_v0.02_s0.5,bc4381e2,3,383220.6819507538,1000
F_grdp_G_a_v0.02_s0.5,bc4381e2,4,242162.124365709,956
F_grdp_G_a_v0.02_s0.5,f8662c22,0,46791.17666904937,999
F_grdp_G_a_v0.02_s0.5,f8662c22,1,44706.05217633652,1000
F_grdp_G_a_v0.02_s0.5,f8662c22,2,106756.06717868477,1000
F_grdp_G_a_v0.02_s0.5,f8662c22,3,420549.37757621665,1000
F_grdp_G_a_v0.02_s0.5,f8662c22,4,327494.02009333955,1000
F_grdp_G_a_v0.02_s0.5,f8662c22,5,41989.26362053691,430
F_grdp_G_a_v0.02_s0.5,e14d641e,0,3018.632182298225,999
F_grdp_G_a_v0.02_s0.5,e14d641e,1,3156.28511475244,1000
F_grdp_G_a_v0.02_s0.5,e14d641e,2,15152.625450257856,1000
F_grdp_G_a_v0.02_s0.5,e14d641e,3,4052.077184176605,185
F_grdp_G_a_v0.02_s0.5,6e6d122c,0,2040.5856662068513,999
F_grdp_G_a_v0.02_s0.5,6e6d122c,1,74379.18022937095,1000
F_grdp_G_a_v0.02_s0.5,6e6d122c,2,6692.97153919046,1000
F_grdp_G_a_v0.02_s0.5,6e6d122c,3,397.38624894254673,1000
F_grdp_G_a_v0.02_s0.5,6e6d122c,4,3638.0350370261144,1000
F_grdp_G_a_v0.02_s0.5,6e6d122c,5,11652.598576852557,633
F_grdp_G_a_v0.02_s0.5,155887bb,0,39773.47910001494,999
F_grdp_G_a_v0.02_s0.5,155887bb,1,28116.232099987723,1000
F_grdp_G_a_v0.02_s0.5,155887bb,2,174515.37079996266,1000
F_grdp_G_a_v0.02_s0.5,155887bb,3,244258.1942999535,1000
F_grdp_G_a_v0.02_s0.5,155887bb,4,79345.03969997414,1000
F_grdp_G_a_v0.02_s0.5,155887bb,5,203096.59659997054,586
F_grdp_G_a_v0.02_s0.5,b3388334,0,22880.161502892308,999
F_grdp_G_a_v0.02_s0.5,b3388334,1,292046.32198023767,1000
F_grdp_G_a_v0.02_s0.5,b3388334,2,5651.873467358669,1000
F_grdp_G_a_v0.02_s0.5,b3388334,3,5449.177963029268,1000
F_grdp_G_a_v0.02_s0.5,b3388334,4,26508.81538233954,1000
F_grdp_G_a_v0.02_s0.5,b3388334,5,246321.32940063026,1000
F_grdp_G_a_v0.02_s0.5,b3388334,6,63228.251919799586,81
F_grdp_G_a_v0.02_s0.5,5a63b5d1,0,10484.567977610674,999
F_grdp_G_a_v0.02_s0.5,5a63b5d1,1,160070.48624788845,1000
F_grdp_G_a_v0.02_s0.5,5a63b5d1,2,14808.761877030225,1000
F_grdp_G_a_v0.02_s0.5,5a63b5d1,3,14069.028332285874,1000
F_grdp_G_a_v0.02_s0.5,5a63b5d1,4,66880.13727921234,1000
F_grdp_G_a_v0.02_s0.5,5a63b5d1,5,7368.518249589066,1000
F_grdp_G_a_v0.02_s0.5,5a63b5d1,6,1211.2531769853356,218
F_grdp_G_a_v0.02_s0.5,05a0ee4d,0,2312.972969770716,999
F_grdp_G_a_v0.02_s0.5,05a0ee4d,1,17805.0554468797,1000
F_grdp_G_a_v0.02_s0.5,05a0ee4d,2,19013.563098538107,1000
F_grdp_G_a_v0.02_s0.5,05a0ee4d,3,391364.73688007,1000
F_grdp_G_a_v0.02_s0.5,05a0ee4d,4,58585.50789662134,349
F_grdp_G_a_v0.02_s0.5,95b559e7,0,23471.222513158278,999
F_grdp_G_a_v0.02_s0.5,95b559e7,1,195824.1592546402,1000
F_grdp_G_a_v0.02_s0.5,95b559e7,2,187154.3024362444,888
F_grdp_G_a_v0.02_s0.5,a85e4bc3,0,4595.042568994965,999
F_grdp_G_a_v0.02_s0.5,a85e4bc3,1,170882.72493440768,1000
F_grdp_G_a_v0.02_s0.5,a85e4bc3,2,47293.31930669302,1000
F_grdp_G_a_v0.02_s0.5,a85e4bc3,3,28996.00592526906,1000
F_grdp_G_a_v0.02_s0.5,a85e4bc3,4,21315.94827971714,582
F_grdp_G_a_v0.02_s0.5,d0a43760,0,18462.581578240788,999
F_grdp_G_a_v0.02_s0.5,d0a43760,1,22150.26837659401,1000
F_grdp_G_a_v0.02_s0.5,d0a43760,2,1478.4878552693172,1000
F_grdp_G_a_v0.02_s0.5,d0a43760,3,1319.0157638896337,1000
F_grdp_G_a_v0.02_s0.5,d0a43760,4,534.1168158628429,42
F_grdp_G_a_v0.02_s0.5,2ddad940,0,22408.68937562676,999
F_grdp_G_a_v0.02_s0.5,2ddad940,1,22140.402668790874,1000
F_grdp_G_a_v0.02_s0.5,2ddad940,2,4440.002680208526,1000
F_grdp_G_a_v0.02_s0.5,2ddad940,3,6539.235268564242,1000
F_grdp_G_a_v0.02_s0.5,2ddad940,4,29241.237437810712,1000
F_grdp_G_a_v0.02_s0.5,2ddad940,5,19110.024363034452,332
F_grdp_G_a_v0.02_s0.5,eb640a35,0,48795.68064040661,999
F_grdp_G_a_v0.02_s0.5,eb640a35,1,317738.33510745416,1000
F_grdp_G_a_v0.02_s0.5,eb640a35,2,146660.81005807588,1000
F_grdp_G_a_v0.02_s0.5,eb640a35,3,6924.075165361422,1000
F_grdp_G_a_v0.02_s0.5,eb640a35,4,23613.33216158537,1000
F_grdp_G_a_v0.02_s0.5,eb640a35,5,56060.236986100565,1000
F_grdp_G_a_v0.02_s0.5,eb640a35,6,2841.5303214734377,38
F_grdp_G_a_v0.02_s0.5,5f75f796,0,3797.3841768933476,999
F_grdp_G_a_v0.02_s0.5,5f75f796,1,1699.2585653527801,1000
F_grdp_G_a_v0.02_s0.5,5f75f796,2,7053.564773339889,1000
F_grdp_G_a_v0.02_s0.5,5f75f796,3,48738.95368981668,1000
F_grdp_G_a_v0.02_s0.5,5f75f796,4,68585.29783262068,1000
F_grdp_G_a_v0.02_s0.5,5f75f796,5,3534.1304090331823,563
F_grdp_G_a_v0.02_s0.5,9ab94eeb,0,22703.975640911387,999
F_grdp_G_a_v0.02_s0.5,9ab94eeb,1,49207.73297788205,1000
F_grdp_G_a_v0.02_s0.5,9ab94eeb,2,69510.31947894781,1000
F_grdp_G_a_v0.02_s0.5,9ab94eeb,3,7617.200877104538,1000
F_grdp_G_a_v0.02_s0.5,9ab94eeb,4,10333.221285522044,443
F_grdp_G_a_v0.02_s0.5,b04b58a3,0,41485.02693732249,999
F_grdp_G_a_v0.02_s0.5,b04b58a3,1,292839.4595674116,1000
F_grdp_G_a_v0.02_s0.5,b04b58a3,2,30477.43042209993,1000
F_grdp_G_a_v0.02_s0.5,b04b58a3,3,11666.479643207553,403
F_grdp_G_a_v0.02_s0.5,65a5466a,0,34619.83312219669,999
F_grdp_G_a_v0.02_s0.5,65a5466a,1,178265.37158157752,1000
F_grdp_G_a_v0.02_s0.5,65a5466a,2,108949.85749756092,1000
F_grdp_G_a_v0.02_s0.5,65a5466a,3,23989.44754671505,1000
F_grdp_G_a_v0.02_s0.5,65a5466a,4,5506.086725227004,684
F_grdp_G_a_v0.02_s0.5,d0cb63ae,0,9979.946959285186,999
F_grdp_G_a_v0.02_s0.5,d0cb63ae,1,254639.59339027564,1000
F_grdp_G_a_v0.02_s0.5,d0cb63ae,2,406269.1038766389,1000
F_grdp_G_a_v0.02_s0.5,d0cb63ae,3,137623.49973215713,1000
F_grdp_G_a_v0.02_s0.5,d0cb63ae,4,308842.72392060445,1000
F_grdp_G_a_v0.02_s0.5,d0cb63ae,5,63469.87574442615,224
F_grdp_G_a_v0.02_s0.5,43b06c70,0,69633.87995938883,999
F_grdp_G_a_v0.02_s0.5,43b06c70,1,36290.51314547564,1000
F_grdp_G_a_v0.02_s0.5,43b06c70,2,15211.106011071117,1000
F_grdp_G_a_v0.02_s0.5,43b06c70,3,122898.54125021129,1000
F_grdp_G_a_v0.02_s0.5,43b06c70,4,26705.442030891714,847
F_grdp_G_a_v0.02_s0.5,0e5e560d,0,27616.18944320573,999
F_grdp_G_a_v0.02_s0.5,0e5e560d,1,32862.32065368291,1000
F_grdp_G_a_v0.02_s0.5,0e5e560d,2,42496.629154634065,1000
F_grdp_G_a_v0.02_s0.5,0e5e560d,3,99250.20001420737,254
F_grdp_G_a_v0.02_s0.5,5f6756c5,0,81370.54188625942,999
F_grdp_G_a_v0.02_s0.5,5f6756c5,1,38363.88827520146,1000
F_grdp_G_a_v0.02_s0.5,5f6756c5,2,22369.894928362588,1000
F_grdp_G_a_v0.02_s0.5,5f6756c5,3,30323.24443349265,1000
F_grdp_G_a_v0.02_s0.5,5f6756c5,4,141976.83247044875,1000
F_grdp_G_a_v0.02_s0.5,5f6756c5,5,92091.22970915503,932
F_grdp_G_a_v0.02_s0.5,6d590e26,0,102119.58497568782,999
F_grdp_G_a_v0.02_s0.5,6d590e26,1,103062.02787063502,1000
F_grdp_G_a_v0.02_s0.5,6d590e26,2,8943.92678992479,1000
F_grdp_G_a_v0.02_s0.5,6d590e26,3,33573.241686692985,1000
F_grdp_G_a_v0.02_s0.5,6d590e26,4,3101.200450808146,1000
F_grdp_G_a_v0.02_s0.5,6d590e26,5,1569.033244698631,1000
F_grdp_G_a_v0.02_s0.5,6d590e26,6,14.49493911878392,97
F_grdp_G_a_v0.02_s0.5,b881d27e,0,4341.940087568847,999
F_grdp_G_a_v0.02_s0.5,b881d27e,1,3247.9073661855673,1000
F_grdp_G_a_v0.02_s0.5,b881d27e,2,20789.505018969405,1000
F_grdp_G_a_v0.02_s0.5,b881d27e,3,36058.86513473044,1000
F_grdp_G_a_v0.02_s0.5,b881d27e,4,651.4923486774919,10
F_grdp_G_a_v0.02_s0.5,729e9750,0,1309.3713329393372,999
F_grdp_G_a_v0.02_s0.5,729e9750,1,5991.214415743754,1000
F_grdp_G_a_v0.02_s0.5,729e9750,2,946.2838868445821,1000
F_grdp_G_a_v0.02_s0.5,729e9750,3,1701.3576758499225,1000
F_grdp_G_a_v0.02_s0.5,729e9750,4,39997.781395700884,1000
F_grdp_G_a_v0.02_s0.5,729e9750,5,17182.433482197055,920
F_grdp_G_a_v0.02_s0.5,3c3dbcbc,0,7435.567460142422,999
F_grdp_G_a_v0.02_s0.5,3c3dbcbc,1,35757.923270239415,1000
F_grdp_G_a_v0.02_s0.5,3c3dbcbc,2,68880.34871101585,1000
F_grdp_G_a_v0.02_s0.5,3c3dbcbc,3,11756.388097001467,1000
F_grdp_G_a_v0.02_s0.5,3c3dbcbc,4,7422.723371974914,1000
F_grdp_G_a_v0.02_s0.5,3c3dbcbc,5,15.257891022838416,70
F_grdp_G_a_v0.02_s0.5,13ce113d,0,1706.2218534286528,999
F_grdp_G_a_v0.02_s0.5,13ce113d,1,5175.678495117395,1000
F_grdp_G_a_v0.02_s0.5,13ce113d,2,13400.177263152707,967
F_grdp_G_a_v0.02_s0.5,ad2133a8,0,74792.76993171214,999
F_grdp_G_a_v0.02_s0.5,ad2133a8,1,161072.0520698682,1000
F_grdp_G_a_v0.02_s0.5,ad2133a8,2,328252.4878329213,1000
F_grdp_G_a_v0.02_s0.5,ad2133a8,3,543648.2086708206,1000
F_grdp_G_a_v0.02_s0.5,ad2133a8,4,471280.4056565834,1000
F_grdp_G_a_v0.02_s0.5,ad2133a8,5,32844.07186312292,730
F_grdp_G_a_v0.02_s0.5,23b9beb0,0,15655.348201609615,999
F_grdp_G_a_v0.02_s0.5,23b9beb0,1,17311.11854811777,1000
F_grdp_G_a_v0.02_s0.5,23b9beb0,2,2404.2332036471303,1000
F_grdp_G_a_v0.02_s0.5,23b9beb0,3,27849.076415485135,1000
F_grdp_G_a_v0.02_s0.5,23b9beb0,4,16183.533384644947,1000
F_grdp_G_a_v0.02_s0.5,23b9beb0,5,677.7100896825885,1000
F_grdp_G_a_v0.02_s0.5,23b9beb0,6,2178.999208366238,1000
F_grdp_G_a_v0.02_s0.5,23b9beb0,7,668.4723619977865,341
F_grdp_G_a_v0.02_s0.5,e737965a,0,33062.40568102871,999
F_grdp_G_a_v0.02_s0.5,e737965a,1,29888.73199781528,1000
F_grdp_G_a_v0.02_s0.5,e737965a,2,42554.670843178166,1000
F_grdp_G_a_v0.02_s0.5,e737965a,3,7228.600366582136,1000
F_grdp_G_a_v0.02_s0.5,e737965a,4,42669.28663796825,1000
F_grdp_G_a_v0.02_s0.5,e737965a,5,20947.56312186935,956
F_grdp_G_a_v0.02_s0.5,da2d4d7c,0,380.334723119897,999
F_grdp_G_a_v0.02_s0.5,da2d4d7c,1,4533.221578906598,1000
F_grdp_G_a_v0.02_s0.5,da2d4d7c,2,2872.0922902873185,115
F_grdp_G_a_v0.02_s0.5,11d0f5ac,0,6744.0397133578745,999
F_grdp_G_a_v0.02_s0.5,11d0f5ac,1,18110.201925308767,1000
F_grdp_G_a_v0.02_s0.5,11d0f5ac,2,4041.479115632238,1000
F_grdp_G_a_v0.02_s0.5,11d0f5ac,3,3878.101247538287,1000
F_grdp_G_a_v0.02_s0.5,11d0f5ac,4,458.0189775969165,884
F_grdp_G_a_v0.02_s0.5,bb337fa0,0,85013.57064753876,999
F_grdp_G_a_v0.02_s0.5,bb337fa0,1,65161.71644371115,1000
F_grdp_G_a_v0.02_s0.5,bb337fa0,2,131876.82737555332,1000
F_grdp_G_a_v0.02_s0.5,bb337fa0,3,101247.18599294861,1000
F_grdp_G_a_v0.02_s0.5,bb337fa0,4,250720.57342804573,1000
F_grdp_G_a_v0.02_s0.5,bb337fa0,5,771428.9295493838,1000
F_grdp_G_a_v0.02_s0.5,bb337fa0,6,833203.9374923921,874
F_grdp_G_a_v0.02_s0.5,8050c789,0,23158.58091153129,999
F_grdp_G_a_v0.02_s0.5,8050c789,1,340262.63809193176,1000
F_grdp_G_a_v0.02_s0.5,8050c789,2,401251.6043285783,1000
F_grdp_G_a_v0.02_s0.5,8050c789,3,34075.83325239957,78
F_grdp_G_a_v0.02_s0.5,b32e4903,0,19083.751375621716,999
F_grdp_G_a_v0.02_s0.5,b32e4903,1,21201.301971303084,1000
F_grdp_G_a_v0.02_s0.5,b32e4903,2,1795.0829024556965,1000
F_grdp_G_a_v0.02_s0.5,b32e4903,3,15179.101829694788,1000
F_grdp_G_a_v0.02_s0.5,b32e4903,4,15686.927312952219,1000
F_grdp_G_a_v0.02_s0.5,b32e4903,5,11489.459625471442,771
F_grdp_G_a_v0.02_s0.5,5aef5c6c,0,16746.152631567737,999
F_grdp_G_a_v0.02_s0.5,5aef5c6c,1,115541.99361492672,1000
F_grdp_G_a_v0.02_s0.5,5aef5c6c,2,36691.931348219645,1000
F_grdp_G_a_v0.02_s0.5,5aef5c6c,3,11620.761031406313,122
F_grdp_G_a_v0.02_s0.5,e25f1537,0,42938.76731245259,999
F_grdp_G_a_v0.02_s0.5,e25f1537,1,71484.71489912554,1000
F_grdp_G_a_v0.02_s0.5,e25f1537,2,228449.416039084,1000
F_grdp_G_a_v0.02_s0.5,e25f1537,3,46360.47223602341,178
F_grdp_G_a_v0.02_s0.5,67847288,0,4797.051841834768,999
F_grdp_G_a_v0.02_s0.5,67847288,1,640.7947356562196,1000
F_grdp_G_a_v0.02_s0.5,67847288,2,1223.6601924029974,1000
F_grdp_G_a_v0.02_s0.5,67847288,3,21689.364443261744,1000
F_grdp_G_a_v0.02_s0.5,67847288,4,49280.783946363576,1000
F_grdp_G_a_v0.02_s0.5,67847288,5,2539.2460797080093,1000
F_grdp_G_a_v0.02_s0.5,67847288,6,3289.516380769192,1000
F_grdp_G_a_v0.02_s0.5,67847288,7,10535.607217007328,430
F_grdp_G_a_v0.02_s0.5,276b012a,0,18871.474278439007,999
F_grdp_G_a_v0.02_s0.5,276b012a,1,270752.50170389365,1000
F_grdp_G_a_v0.02_s0.5,276b012a,2,31439.08302020783,1000
F_grdp_G_a_v0.02_s0.5,276b012a,3,11757.796712748372,1000
F_grdp_G_a_v0.02_s0.5,276b012a,4,19130.522697204746,838
F_grdp_G_a_v0.02_s0.5,f9fc81aa,0,183.7890628641989,999
F_grdp_G_a_v0.02_s0.5,f9fc81aa,1,565.1101455025835,1000
F_grdp_G_a_v0.02_s0.5,f9fc81aa,2,63805.41671959211,1000
F_grdp_G_a_v0.02_s0.5,f9fc81aa,3,65701.9201223057,1000
F_grdp_G_a_v0.02_s0.5,f9fc81aa,4,1693.1505436691898,1000
F_grdp_G_a_v0.02_s0.5,f9fc81aa,5,6990.0782582168,599
F_grdp_G_a_v0.02_s0.5,9719aa04,0,6098.737462672378,999
F_grdp_G_a_v0.02_s0.5,9719aa04,1,59898.976423897584,1000
F_grdp_G_a_v0.02_s0.5,9719aa04,2,118687.42571373312,1000
F_grdp_G_a_v0.02_s0.5,9719aa04,3,237714.9052980998,1000
F_grdp_G_a_v0.02_s0.5,9719aa04,4,48858.186506811224,872
F_grdp_G_a_v0.02_s0.5,a622ce4d,0,18097.448339398838,999
F_grdp_G_a_v0.02_s0.5,a622ce4d,1,56599.66252367775,1000
F_grdp_G_a_v0.02_s0.5,a622ce4d,2,2961.987284863987,1000
F_grdp_G_a_v0.02_s0.5,a622ce4d,3,57679.672151778366,1000
F_grdp_G_a_v0.02_s0.5,a622ce4d,4,38287.182939247694,1000
F_grdp_G_a_v0.02_s0.5,a622ce4d,5,60212.59324965685,1000
F_grdp_G_a_v0.02_s0.5,a622ce4d,6,23032.64614986723,299
F_grdp_G_a_v0.02_s0.5,af7a59ce,0,4671.048716210676,999
F_grdp_G_a_v0.02_s0.5,af7a59ce,1,9094.694325067374,1000
F_grdp_G_a_v0.02_s0.5,af7a59ce,2,4611.83602575134,1000
F_grdp_G_a_v0.02_s0.5,af7a59ce,3,176.96686910487782,25
F_grdp_G_a_v0.02_s0.5,2ee0235b,0,33440.023422986924,999
F_grdp_G_a_v0.02_s0.5,2ee0235b,1,11874.721283907791,1000
F_grdp_G_a_v0.02_s0.5,2ee0235b,2,8065.980231736401,1000
F_grdp_G_a_v0.02_s0.5,2ee0235b,3,12394.359029074454,1000
F_grdp_G_a_v0.02_s0.5,2ee0235b,4,4692.747935027124,1000
F_grdp_G_a_v0.02_s0.5,2ee0235b,5,2481.6324867857797,557
F_grdp_G_a_v0.02_s0.5,ec0d597b,0,895.034038802038,999
F_grdp_G_a_v0.02_s0.5,ec0d597b,1,4792.796555659651,1000
F_grdp_G_a_v0.02_s0.5,ec0d597b,2,279423.55890962,1000
F_grdp_G_a_v0.02_s0.5,ec0d597b,3,480109.4284480055,1000
F_grdp_G_a_v0.02_s0.5,ec0d597b,4,36870.77743899546,617
F_grdp_G_a_v0.02_s0.5,b8c49c1a,0,11402.585088558279,999
F_grdp_G_a_v0.02_s0.5,b8c49c1a,1,3539.186089060361,1000
F_grdp_G_a_v0.02_s0.5,b8c49c1a,2,6286.2420621455585,1000
F_grdp_G_a_v0.02_s0.5,b8c49c1a,3,14420.725302247898,1000
F_grdp_G_a_v0.02_s0.5,b8c49c1a,4,36320.02569137305,320
F_grdp_G_a_v0.02_s0.5,cd7f1687,0,2474.5995436238845,999
F_grdp_G_a_v0.02_s0.5,cd7f1687,1,50348.85134373951,1000
F_grdp_G_a_v0.02_s0.5,cd7f1687,2,72647.81453256443,1000
F_grdp_G_a_v0.02_s0.5,cd7f1687,3,147155.9850661577,1000
F_grdp_G_a_v0.02_s0.5,cd7f1687,4,6926.569005143045,233
F_grdp_G_a_v0.02_s0.5,d9ae59b2,0,6876.564288993126,999
F_grdp_G_a_v0.02_s0.5,d9ae59b2,1,32389.063016738888,1000
F_grdp_G_a_v0.02_s0.5,d9ae59b2,2,32624.32838859688,1000
F_grdp_G_a_v0.02_s0.5,d9ae59b2,3,56711.486211623036,649
