fold,model,well,bucket_kft,sse,n
0,current_F6_rerun,fc0d20b2,0,545.7564894898792,999
0,current_F6_rerun,fc0d20b2,1,1272.485662338307,1000
0,current_F6_rerun,fc0d20b2,2,31260.96613971456,1000
0,current_F6_rerun,fc0d20b2,3,123560.15682377057,955
0,F6_plus_panel_w0.05,fc0d20b2,0,513.8883120481727,999
0,F6_plus_panel_w0.05,fc0d20b2,1,1240.4021088621955,1000
0,F6_plus_panel_w0.05,fc0d20b2,2,31682.154143804233,1000
0,F6_plus_panel_w0.05,fc0d20b2,3,130502.08517312475,955
0,F6_plus_panel_w0.1,fc0d20b2,0,496.6948161062774,999
0,F6_plus_panel_w0.1,fc0d20b2,1,1237.1056580952543,1000
0,F6_plus_panel_w0.1,fc0d20b2,2,32185.7747636553,1000
0,F6_plus_panel_w0.1,fc0d20b2,3,137634.98202504608,955
0,F6_plus_panel_w0.2,fc0d20b2,0,506.3318687203479,999
0,F6_plus_panel_w0.2,fc0d20b2,1,1316.8740646853018,1000
0,F6_plus_panel_w0.2,fc0d20b2,2,33440.313850601626,1000
0,F6_plus_panel_w0.2,fc0d20b2,3,152473.68123647873,955
0,F6_plus_panel_w0.3,fc0d20b2,0,574.6676473326976,999
0,F6_plus_panel_w0.3,fc0d20b2,1,1511.7908821081337,1000
0,F6_plus_panel_w0.3,fc0d20b2,2,35024.583400542826,1000
0,F6_plus_panel_w0.3,fc0d20b2,3,168076.2544580306,955
0,current_F6_rerun,be35c8f2,0,320778.0899777835,999
0,current_F6_rerun,be35c8f2,1,546240.4971124651,1000
0,current_F6_rerun,be35c8f2,2,318586.02211753395,1000
0,current_F6_rerun,be35c8f2,3,6324.715420942294,1000
0,current_F6_rerun,be35c8f2,4,1618.383149867805,227
0,F6_plus_panel_w0.05,be35c8f2,0,285684.0930187886,999
0,F6_plus_panel_w0.05,be35c8f2,1,476824.58369507093,1000
0,F6_plus_panel_w0.05,be35c8f2,2,274687.75693249016,1000
0,F6_plus_panel_w0.05,be35c8f2,3,5854.780373723119,1000
0,F6_plus_panel_w0.05,be35c8f2,4,1682.6235455871968,227
0,F6_plus_panel_w0.1,be35c8f2,0,252650.5798285683,999
0,F6_plus_panel_w0.1,be35c8f2,1,412168.5289864844,1000
0,F6_plus_panel_w0.1,be35c8f2,2,234060.66220052785,1000
0,F6_plus_panel_w0.1,be35c8f2,3,5418.33472889999,1000
0,F6_plus_panel_w0.1,be35c8f2,4,1749.8586831970324,227
0,F6_plus_panel_w0.2,be35c8f2,0,192765.00475433108,999
0,F6_plus_panel_w0.2,be35c8f2,1,297135.9956954908,1000
0,F6_plus_panel_w0.2,be35c8f2,2,162619.98409566365,1000
0,F6_plus_panel_w0.2,be35c8f2,3,4645.911646437329,1000
0,F6_plus_panel_w0.2,be35c8f2,4,1893.3131840824187,227
0,F6_plus_panel_w0.3,be35c8f2,0,141121.36475503418,999
0,F6_plus_panel_w0.3,be35c8f2,1,201142.89723940863,1000
0,F6_plus_panel_w0.3,be35c8f2,2,104263.98780289228,1000
0,F6_plus_panel_w0.3,be35c8f2,3,4007.4461735542795,1000
0,F6_plus_panel_w0.3,be35c8f2,4,2048.74665252045,227
0,current_F6_rerun,90386ee4,0,971.5317318323006,999
0,current_F6_rerun,90386ee4,1,23965.585329968922,1000
0,current_F6_rerun,90386ee4,2,13829.617764004997,1000
0,current_F6_rerun,90386ee4,3,11763.731014610436,841
0,F6_plus_panel_w0.05,90386ee4,0,739.0173737978891,999
0,F6_plus_panel_w0.05,90386ee4,1,27204.21298040972,1000
0,F6_plus_panel_w0.05,90386ee4,2,13219.534433487273,1000
0,F6_plus_panel_w0.05,90386ee4,3,12553.639595711904,841
0,F6_plus_panel_w0.1,90386ee4,0,549.3852570618947,999
0,F6_plus_panel_w0.1,90386ee4,1,30751.234260191482,1000
0,F6_plus_panel_w0.1,90386ee4,2,12908.955902166488,1000
0,F6_plus_panel_w0.1,90386ee4,3,13373.596177486952,841
0,F6_plus_panel_w0.2,90386ee4,0,298.767747490124,999
0,F6_plus_panel_w0.2,90386ee4,1,38770.45770781873,1000
0,F6_plus_panel_w0.2,90386ee4,2,13186.3132371146,1000
0,F6_plus_panel_w0.2,90386ee4,3,15103.653343089074,841
0,F6_plus_panel_w0.3,90386ee4,0,219.679203117774,999
0,F6_plus_panel_w0.3,90386ee4,1,48023.255672863546,1000
0,F6_plus_panel_w0.3,90386ee4,2,14661.689768854656,1000
0,F6_plus_panel_w0.3,90386ee4,3,16953.902511429824,841
0,current_F6_rerun,4b831d20,0,344697.59599979466,999
0,current_F6_rerun,4b831d20,1,131284.06977546142,1000
0,current_F6_rerun,4b831d20,2,41882.56898031121,1000
0,current_F6_rerun,4b831d20,3,22633.540482238837,1000
0,current_F6_rerun,4b831d20,4,69781.46156292889,1000
0,current_F6_rerun,4b831d20,5,119376.2907432465,1000
0,current_F6_rerun,4b831d20,6,401911.1804839416,1000
0,current_F6_rerun,4b831d20,7,63600.6878297011,313
0,F6_plus_panel_w0.05,4b831d20,0,331859.9230638249,999
0,F6_plus_panel_w0.05,4b831d20,1,125164.01743924193,1000
0,F6_plus_panel_w0.05,4b831d20,2,39200.3928916125,1000
0,F6_plus_panel_w0.05,4b831d20,3,20470.561640756314,1000
0,F6_plus_panel_w0.05,4b831d20,4,70484.54996435039,1000
0,F6_plus_panel_w0.05,4b831d20,5,124839.23076427395,1000
0,F6_plus_panel_w0.05,4b831d20,6,415603.0996082497,1000
0,F6_plus_panel_w0.05,4b831d20,7,69946.81560901947,313
0,F6_plus_panel_w0.1,4b831d20,0,319297.9033300036,999
0,F6_plus_panel_w0.1,4b831d20,1,119218.66546701266,1000
0,F6_plus_panel_w0.1,4b831d20,2,36609.18699256701,1000
0,F6_plus_panel_w0.1,4b831d20,3,18427.433906593847,1000
0,F6_plus_panel_w0.1,4b831d20,4,71276.05051057372,1000
0,F6_plus_panel_w0.1,4b831d20,5,130450.16596557444,1000
0,F6_plus_panel_w0.1,4b831d20,6,429539.1980324138,1000
0,F6_plus_panel_w0.1,4b831d20,7,76604.97433052557,313
0,F6_plus_panel_w0.2,4b831d20,0,295000.8234686235,999
0,F6_plus_panel_w0.2,4b831d20,1,107852.06261439725,1000
0,F6_plus_panel_w0.2,4b831d20,2,31699.685763362202,1000
0,F6_plus_panel_w0.2,4b831d20,3,14700.731760178101,1000
0,F6_plus_panel_w0.2,4b831d20,4,73124.2880373266,1000
0,F6_plus_panel_w0.2,4b831d20,5,142116.02190886345,1000
0,F6_plus_panel_w0.2,4b831d20,6,458143.9327801045,1000
0,F6_plus_panel_w0.2,4b831d20,7,90857.38460003719,313
0,F6_plus_panel_w0.3,4b831d20,0,271806.35641557083,999
0,F6_plus_panel_w0.3,4b831d20,1,97184.2612175717,1000
0,F6_plus_panel_w0.3,4b831d20,2,27154.065292670944,1000
0,F6_plus_panel_w0.3,4b831d20,3,11453.434042976813,1000
0,F6_plus_panel_w0.3,4b831d20,4,75326.17414315103,1000
0,F6_plus_panel_w0.3,4b831d20,5,154373.8585730568,1000
0,F6_plus_panel_w0.3,4b831d20,6,487725.3847269025,1000
0,F6_plus_panel_w0.3,4b831d20,7,106357.91863821175,313
0,current_F6_rerun,fd8f77fa,0,125889.7648520581,999
0,current_F6_rerun,fd8f77fa,1,106456.37922961664,1000
0,current_F6_rerun,fd8f77fa,2,655393.5064890274,1000
0,current_F6_rerun,fd8f77fa,3,933364.6326688438,1000
0,current_F6_rerun,fd8f77fa,4,411061.3247644502,1000
0,current_F6_rerun,fd8f77fa,5,10264.51830213273,273
0,F6_plus_panel_w0.05,fd8f77fa,0,124946.08990151974,999
0,F6_plus_panel_w0.05,fd8f77fa,1,107370.94653706941,1000
0,F6_plus_panel_w0.05,fd8f77fa,2,662642.2018418742,1000
0,F6_plus_panel_w0.05,fd8f77fa,3,945951.7651217568,1000
0,F6_plus_panel_w0.05,fd8f77fa,4,420743.4114958032,1000
0,F6_plus_panel_w0.05,fd8f77fa,5,11206.691548758057,273
0,F6_plus_panel_w0.1,fd8f77fa,0,124027.94154177337,999
0,F6_plus_panel_w0.1,fd8f77fa,1,108291.47245360356,1000
0,F6_plus_panel_w0.1,fd8f77fa,2,669932.6327668553,1000
0,F6_plus_panel_w0.1,fd8f77fa,3,958624.2274991992,1000
0,F6_plus_panel_w0.1,fd8f77fa,4,430548.2375001705,1000
0,F6_plus_panel_w0.1,fd8f77fa,5,12193.504565524543,273
0,F6_plus_panel_w0.2,fd8f77fa,0,122268.22459474526,999
0,F6_plus_panel_w0.2,fd8f77fa,1,110150.40011401662,1000
0,F6_plus_panel_w0.2,fd8f77fa,2,684638.7013334582,1000
0,F6_plus_panel_w0.2,fd8f77fa,3,984225.1420279728,1000
0,F6_plus_panel_w0.2,fd8f77fa,4,450526.1073281527,1000
0,F6_plus_panel_w0.2,fd8f77fa,5,14301.049909495507,273
0,F6_plus_panel_w0.3,fd8f77fa,0,120610.6140109984,999
0,F6_plus_panel_w0.3,fd8f77fa,1,112033.16221088522,1000
0,F6_plus_panel_w0.3,fd8f77fa,2,699511.7121889131,1000
0,F6_plus_panel_w0.3,fd8f77fa,3,1010167.376255255,1000
0,F6_plus_panel_w0.3,fd8f77fa,4,470994.9342484606,1000
0,F6_plus_panel_w0.3,fd8f77fa,5,16587.154334052804,273
0,current_F6_rerun,cc08aa63,0,44757.02725981006,999
0,current_F6_rerun,cc08aa63,1,426448.6920220777,1000
0,current_F6_rerun,cc08aa63,2,366949.26200518187,1000
0,current_F6_rerun,cc08aa63,3,90082.13277137157,275
0,F6_plus_panel_w0.05,cc08aa63,0,41655.449733007794,999
0,F6_plus_panel_w0.05,cc08aa63,1,417329.6559409668,1000
0,F6_plus_panel_w0.05,cc08aa63,2,357965.94143476017,1000
0,F6_plus_panel_w0.05,cc08aa63,3,86871.03770500426,275
0,F6_plus_panel_w0.1,cc08aa63,0,38675.139877971065,999
0,F6_plus_panel_w0.1,cc08aa63,1,408327.81743450573,1000
0,F6_plus_panel_w0.1,cc08aa63,2,349103.20549760445,1000
0,F6_plus_panel_w0.1,cc08aa63,3,83718.69868215837,275
0,F6_plus_panel_w0.2,cc08aa63,0,33078.32318324814,999
0,F6_plus_panel_w0.2,cc08aa63,1,390675.7331457442,1000
0,F6_plus_panel_w0.2,cc08aa63,2,331739.4875232918,1000
0,F6_plus_panel_w0.2,cc08aa63,3,77590.28876707375,275
0,F6_plus_panel_w0.3,cc08aa63,0,27966.577175652335,999
0,F6_plus_panel_w0.3,cc08aa63,1,373492.4391558459,1000
0,F6_plus_panel_w0.3,cc08aa63,2,314858.10808229767,1000
0,F6_plus_panel_w0.3,cc08aa63,3,71696.90302613308,275
0,current_F6_rerun,dc7da28f,0,1442.4417578319571,999
0,current_F6_rerun,dc7da28f,1,717.4284109744749,1000
0,current_F6_rerun,dc7da28f,2,42412.408539661774,1000
0,current_F6_rerun,dc7da28f,3,203873.5774006441,1000
0,current_F6_rerun,dc7da28f,4,235570.82493740818,775
0,F6_plus_panel_w0.05,dc7da28f,0,1453.0030840329412,999
0,F6_plus_panel_w0.05,dc7da28f,1,872.7289487758687,1000
0,F6_plus_panel_w0.05,dc7da28f,2,44232.01169517432,1000
0,F6_plus_panel_w0.05,dc7da28f,3,206359.93403332864,1000
0,F6_plus_panel_w0.05,dc7da28f,4,232823.1396499007,775
0,F6_plus_panel_w0.1,dc7da28f,0,1464.1023421559312,999
0,F6_plus_panel_w0.1,dc7da28f,1,1059.2496265919604,1000
0,F6_plus_panel_w0.1,dc7da28f,2,46099.525682592124,1000
0,F6_plus_panel_w0.1,dc7da28f,3,208887.0183084276,1000
0,F6_plus_panel_w0.1,dc7da28f,4,230092.963706132,775
0,F6_plus_panel_w0.2,dc7da28f,0,1487.9146541589616,999
0,F6_plus_panel_w0.2,dc7da28f,1,1525.9514022685644,1000
0,F6_plus_panel_w0.2,dc7da28f,2,49978.286153211906,1000
0,F6_plus_panel_w0.2,dc7da28f,3,214063.3697860248,1000
0,F6_plus_panel_w0.2,dc7da28f,4,224685.13984993854,775
0,F6_plus_panel_w0.3,dc7da28f,0,1513.878693838562,999
0,F6_plus_panel_w0.3,dc7da28f,1,2117.533738005589,1000
0,F6_plus_panel_w0.3,dc7da28f,2,54048.68995153999,1000
0,F6_plus_panel_w0.3,dc7da28f,3,219402.63183347502,1000
0,F6_plus_panel_w0.3,dc7da28f,4,219347.35336886428,775
0,current_F6_rerun,7cd4bb31,0,11494.622802691654,999
0,current_F6_rerun,7cd4bb31,1,11527.327036449817,1000
0,current_F6_rerun,7cd4bb31,2,10451.19984625421,1000
0,current_F6_rerun,7cd4bb31,3,10581.644990072573,1000
0,current_F6_rerun,7cd4bb31,4,13517.16251875557,1000
0,current_F6_rerun,7cd4bb31,5,18627.640807429845,1000
0,current_F6_rerun,7cd4bb31,6,9367.123945906444,440
0,F6_plus_panel_w0.05,7cd4bb31,0,12298.003464245652,999
0,F6_plus_panel_w0.05,7cd4bb31,1,12614.868890217138,1000
0,F6_plus_panel_w0.05,7cd4bb31,2,10670.702220442012,1000
0,F6_plus_panel_w0.05,7cd4bb31,3,8652.613780334086,1000
0,F6_plus_panel_w0.05,7cd4bb31,4,14935.35176308117,1000
0,F6_plus_panel_w0.05,7cd4bb31,5,17194.512310400834,1000
0,F6_plus_panel_w0.05,7cd4bb31,6,8848.54899643392,440
0,F6_plus_panel_w0.1,7cd4bb31,0,13138.39508768797,999
0,F6_plus_panel_w0.1,7cd4bb31,1,13754.264784066128,1000
0,F6_plus_panel_w0.1,7cd4bb31,2,10912.004865094883,1000
0,F6_plus_panel_w0.1,7cd4bb31,3,6995.538257051607,1000
0,F6_plus_panel_w0.1,7cd4bb31,4,16654.282195521413,1000
0,F6_plus_panel_w0.1,7cd4bb31,5,15827.006155405157,1000
0,F6_plus_panel_w0.1,7cd4bb31,6,8345.00884520632,440
0,F6_plus_panel_w0.2,7cd4bb31,0,14930.211220261885,999
0,F6_plus_panel_w0.2,7cd4bb31,1,16188.618692044298,1000
0,F6_plus_panel_w0.2,7cd4bb31,2,11460.010965826274,1000
0,F6_plus_panel_w0.2,7cd4bb31,3,4497.254269882443,1000
0,F6_plus_panel_w0.2,7cd4bb31,4,20994.366624727292,1000
0,F6_plus_panel_w0.2,7cd4bb31,5,13288.860871554805,1000
0,F6_plus_panel_w0.2,7cd4bb31,6,7383.032937505172,440
0,F6_plus_panel_w0.3,7cd4bb31,0,16870.0712004213,999
0,F6_plus_panel_w0.3,7cd4bb31,1,18830.388760395115,1000
0,F6_plus_panel_w0.3,7cd4bb31,2,12095.218148459562,1000
0,F6_plus_panel_w0.3,7cd4bb31,3,3086.7930285680854,1000
0,F6_plus_panel_w0.3,7cd4bb31,4,26537.41580636122,1000
0,F6_plus_panel_w0.3,7cd4bb31,5,11013.204955886118,1000
0,F6_plus_panel_w0.3,7cd4bb31,6,6481.196222807601,440
0,current_F6_rerun,cdc60a53,0,58656.36554078484,999
0,current_F6_rerun,cdc60a53,1,54418.23842218031,1000
0,current_F6_rerun,cdc60a53,2,3456.644357709089,1000
0,current_F6_rerun,cdc60a53,3,10070.060359268002,1000
0,current_F6_rerun,cdc60a53,4,2299.205407090118,1000
0,current_F6_rerun,cdc60a53,5,22542.853247370495,879
0,F6_plus_panel_w0.05,cdc60a53,0,61548.04915455305,999
0,F6_plus_panel_w0.05,cdc60a53,1,53752.05730544695,1000
0,F6_plus_panel_w0.05,cdc60a53,2,3603.407737125262,1000
0,F6_plus_panel_w0.05,cdc60a53,3,10116.343819059812,1000
0,F6_plus_panel_w0.05,cdc60a53,4,2209.5281372827985,1000
0,F6_plus_panel_w0.05,cdc60a53,5,16659.69571236127,879
0,F6_plus_panel_w0.1,cdc60a53,0,64515.3450544712,999
0,F6_plus_panel_w0.1,cdc60a53,1,53138.34643561431,1000
0,F6_plus_panel_w0.1,cdc60a53,2,3885.996040965287,1000
0,F6_plus_panel_w0.1,cdc60a53,3,10164.147674665272,1000
0,F6_plus_panel_w0.1,cdc60a53,4,2219.8085075155354,1000
0,F6_plus_panel_w0.1,cdc60a53,5,11731.055663684603,879
0,F6_plus_panel_w0.2,cdc60a53,0,70676.77371269683,999
0,F6_plus_panel_w0.2,cdc60a53,1,52068.33543658008,1000
0,F6_plus_panel_w0.2,cdc60a53,2,4858.64742191045,1000
0,F6_plus_panel_w0.2,cdc60a53,3,10264.316573291091,1000
0,F6_plus_panel_w0.2,cdc60a53,4,2540.2421680889947,1000
0,F6_plus_panel_w0.2,cdc60a53,5,4737.328025288689,879
0,F6_plus_panel_w0.3,cdc60a53,0,77140.65151543915,999
0,F6_plus_panel_w0.3,cdc60a53,1,51208.20542505877,1000
0,F6_plus_panel_w0.3,cdc60a53,2,6374.598500545552,1000
0,F6_plus_panel_w0.3,cdc60a53,3,10370.567055137004,1000
0,F6_plus_panel_w0.3,cdc60a53,4,3260.5063888092586,1000
0,F6_plus_panel_w0.3,cdc60a53,5,1561.6703321822863,879
0,current_F6_rerun,f631da6e,0,1913.0175581711242,999
0,current_F6_rerun,f631da6e,1,20960.490203406905,1000
0,current_F6_rerun,f631da6e,2,41287.29316408776,1000
0,current_F6_rerun,f631da6e,3,50754.54837170146,1000
0,current_F6_rerun,f631da6e,4,11312.767020647983,94
0,F6_plus_panel_w0.05,f631da6e,0,2004.2163693742507,999
0,F6_plus_panel_w0.05,f631da6e,1,22184.11795772088,1000
0,F6_plus_panel_w0.05,f631da6e,2,45493.01031898195,1000
0,F6_plus_panel_w0.05,f631da6e,3,51219.07577183875,1000
0,F6_plus_panel_w0.05,f631da6e,4,10541.418718579871,94
0,F6_plus_panel_w0.1,f631da6e,0,2104.655709289102,999
0,F6_plus_panel_w0.1,f631da6e,1,23452.546123940876,1000
0,F6_plus_panel_w0.1,f631da6e,2,49920.3443883327,1000
0,F6_plus_panel_w0.1,f631da6e,3,51823.88529903364,1000
0,F6_plus_panel_w0.1,f631da6e,4,9797.343527115056,94
0,F6_plus_panel_w0.2,f631da6e,0,2333.2559752498937,999
0,F6_plus_panel_w0.2,f631da6e,1,26123.803692062385,1000
0,F6_plus_panel_w0.2,f631da6e,2,59439.86327035351,1000
0,F6_plus_panel_w0.2,f631da6e,3,53454.35073452749,1000
0,F6_plus_panel_w0.2,f631da6e,4,8391.012475987907,94
0,F6_plus_panel_w0.3,f631da6e,0,2598.8183560522807,999
0,F6_plus_panel_w0.3,f631da6e,1,28974.26290775863,1000
0,F6_plus_panel_w0.3,f631da6e,2,69845.8498101263,1000
0,F6_plus_panel_w0.3,f631da6e,3,55645.94467816189,1000
0,F6_plus_panel_w0.3,f631da6e,4,7093.77386726343,94
0,current_F6_rerun,4ddde4c1,0,3090.6253743479706,999
0,current_F6_rerun,4ddde4c1,1,46900.143706440664,1000
0,current_F6_rerun,4ddde4c1,2,29145.694575049863,1000
0,current_F6_rerun,4ddde4c1,3,15159.77191583394,1000
0,current_F6_rerun,4ddde4c1,4,1528.412122539387,473
0,F6_plus_panel_w0.05,4ddde4c1,0,3152.4573320057334,999
0,F6_plus_panel_w0.05,4ddde4c1,1,44417.137763878934,1000
0,F6_plus_panel_w0.05,4ddde4c1,2,27079.86712683863,1000
0,F6_plus_panel_w0.05,4ddde4c1,3,14099.584358054355,1000
0,F6_plus_panel_w0.05,4ddde4c1,4,1168.5016773786654,473
0,F6_plus_panel_w0.1,4ddde4c1,0,3251.6072100947567,999
0,F6_plus_panel_w0.1,4ddde4c1,1,42029.268081168826,1000
0,F6_plus_panel_w0.1,4ddde4c1,2,25105.52594096159,1000
0,F6_plus_panel_w0.1,4ddde4c1,3,13130.238721187723,1000
0,F6_plus_panel_w0.1,4ddde4c1,4,907.4876248063905,473
0,F6_plus_panel_w0.2,4ddde4c1,0,3561.86072756033,999
0,F6_plus_panel_w0.2,4ddde4c1,1,37538.93749523888,1000
0,F6_plus_panel_w0.2,4ddde4c1,2,21431.302356163193,1000
0,F6_plus_panel_w0.2,4ddde4c1,3,11464.07321016166,1000
0,F6_plus_panel_w0.2,4ddde4c1,4,682.148697420198,473
0,F6_plus_panel_w0.3,4ddde4c1,0,4021.3859267408725,999
0,F6_plus_panel_w0.3,4ddde4c1,1,33429.15194863554,1000
0,F6_plus_panel_w0.3,4ddde4c1,2,18123.023820643026,1000
0,F6_plus_panel_w0.3,4ddde4c1,3,10161.275382750164,1000
0,F6_plus_panel_w0.3,4ddde4c1,4,852.3953403811946,473
0,current_F6_rerun,82fcf37c,0,2787.2121606062574,999
0,current_F6_rerun,82fcf37c,1,3752.169623737078,1000
0,current_F6_rerun,82fcf37c,2,6476.556434196377,1000
0,current_F6_rerun,82fcf37c,3,511.96197941489095,1000
0,current_F6_rerun,82fcf37c,4,20409.08556236365,1000
0,current_F6_rerun,82fcf37c,5,2532.003592819881,1000
0,current_F6_rerun,82fcf37c,6,25.291712584236958,15
0,F6_plus_panel_w0.05,82fcf37c,0,2814.5898446329093,999
0,F6_plus_panel_w0.05,82fcf37c,1,3731.968700145938,1000
0,F6_plus_panel_w0.05,82fcf37c,2,6106.480561994348,1000
0,F6_plus_panel_w0.05,82fcf37c,3,1154.126331827246,1000
0,F6_plus_panel_w0.05,82fcf37c,4,17226.86741381962,1000
0,F6_plus_panel_w0.05,82fcf37c,5,1417.493925893612,1000
0,F6_plus_panel_w0.05,82fcf37c,6,33.606593993610076,15
0,F6_plus_panel_w0.1,82fcf37c,0,2844.2313714678858,999
0,F6_plus_panel_w0.1,82fcf37c,1,3716.3398653061527,1000
0,F6_plus_panel_w0.1,82fcf37c,2,5899.227074131524,1000
0,F6_plus_panel_w0.1,82fcf37c,3,2442.2876072736863,1000
0,F6_plus_panel_w0.1,82fcf37c,4,14519.408263082434,1000
0,F6_plus_panel_w0.1,82fcf37c,5,788.7323872699045,1000
0,F6_plus_panel_w0.1,82fcf37c,6,43.126786027847096,15
0,F6_plus_panel_w0.2,82fcf37c,0,2910.305953556477,999
0,F6_plus_panel_w0.2,82fcf37c,1,3698.798461861397,1000
0,F6_plus_panel_w0.2,82fcf37c,2,5973.187251407534,1000
0,F6_plus_panel_w0.2,82fcf37c,3,6956.600927275863,1000
0,F6_plus_panel_w0.2,82fcf37c,4,10528.766954993604,1000
0,F6_plus_panel_w0.2,82fcf37c,5,988.4536949210611,1000
0,F6_plus_panel_w0.2,82fcf37c,6,65.78310197120899,15
0,F6_plus_panel_w0.3,82fcf37c,0,2985.4359068708873,999
0,F6_plus_panel_w0.3,82fcf37c,1,3699.5454133981993,1000
0,F6_plus_panel_w0.3,82fcf37c,2,6698.436966023411,1000
0,F6_plus_panel_w0.3,82fcf37c,3,14054.901939432608,1000
0,F6_plus_panel_w0.3,82fcf37c,4,8437.161638094658,1000
0,F6_plus_panel_w0.3,82fcf37c,5,3131.1675157772556,1000
0,F6_plus_panel_w0.3,82fcf37c,6,93.26066041444253,15
0,current_F6_rerun,8a9c8932,0,1047.1594956744088,999
0,current_F6_rerun,8a9c8932,1,1469.6818815318866,1000
0,current_F6_rerun,8a9c8932,2,6978.303874952785,1000
0,current_F6_rerun,8a9c8932,3,25785.408147902745,1000
0,current_F6_rerun,8a9c8932,4,22593.533601320993,664
0,F6_plus_panel_w0.05,8a9c8932,0,958.9414500611267,999
0,F6_plus_panel_w0.05,8a9c8932,1,1548.4659939282203,1000
0,F6_plus_panel_w0.05,8a9c8932,2,6987.246995447974,1000
0,F6_plus_panel_w0.05,8a9c8932,3,26073.409569923053,1000
0,F6_plus_panel_w0.05,8a9c8932,4,20569.273361618973,664
0,F6_plus_panel_w0.1,8a9c8932,0,896.7198028911671,999
0,F6_plus_panel_w0.1,8a9c8932,1,1649.6940104950463,1000
0,F6_plus_panel_w0.1,8a9c8932,2,6998.668291526614,1000
0,F6_plus_panel_w0.1,8a9c8932,3,26369.67657653208,1000
0,F6_plus_panel_w0.1,8a9c8932,4,18642.648195318696,664
0,F6_plus_panel_w0.2,8a9c8932,0,850.2657038763999,999
0,F6_plus_panel_w0.2,8a9c8932,1,1919.48175614596,1000
0,F6_plus_panel_w0.2,8a9c8932,2,7028.945410459299,1000
0,F6_plus_panel_w0.2,8a9c8932,3,26987.007343561887,1000
0,F6_plus_panel_w0.2,8a9c8932,4,15082.303082885715,664
0,F6_plus_panel_w0.3,8a9c8932,0,907.7971986304224,999
0,F6_plus_panel_w0.3,8a9c8932,1,2279.045118487717,1000
0,F6_plus_panel_w0.3,8a9c8932,2,7069.135231758819,1000
0,F6_plus_panel_w0.3,8a9c8932,3,27637.400449006356,1000
0,F6_plus_panel_w0.3,8a9c8932,4,11912.498264016649,664
0,current_F6_rerun,6ae68655,0,37557.83870542897,999
0,current_F6_rerun,6ae68655,1,10920.290043184628,1000
0,current_F6_rerun,6ae68655,2,9229.684818220028,1000
0,current_F6_rerun,6ae68655,3,33803.13847113663,1000
0,current_F6_rerun,6ae68655,4,33648.786215564,205
0,F6_plus_panel_w0.05,6ae68655,0,35381.67908186136,999
0,F6_plus_panel_w0.05,6ae68655,1,12364.956894843812,1000
0,F6_plus_panel_w0.05,6ae68655,2,9001.161705101504,1000
0,F6_plus_panel_w0.05,6ae68655,3,31325.968934394008,1000
0,F6_plus_panel_w0.05,6ae68655,4,31183.103068475975,205
0,F6_plus_panel_w0.1,6ae68655,0,33283.92850954626,999
0,F6_plus_panel_w0.1,6ae68655,1,13903.434042880375,1000
0,F6_plus_panel_w0.1,6ae68655,2,8964.093505418079,1000
0,F6_plus_panel_w0.1,6ae68655,3,29175.849515417394,1000
0,F6_plus_panel_w0.1,6ae68655,4,28812.327850351394,205
0,F6_plus_panel_w0.2,6ae68655,0,29323.654518616062,999
0,F6_plus_panel_w0.2,6ae68655,1,17261.819228121083,1000
0,F6_plus_panel_w0.2,6ae68655,2,9464.321846351473,1000
0,F6_plus_panel_w0.2,6ae68655,3,25856.76103072981,1000
0,F6_plus_panel_w0.2,6ae68655,4,24355.50120096505,205
0,F6_plus_panel_w0.3,6ae68655,0,25677.016732628515,999
0,F6_plus_panel_w0.3,6ae68655,1,20995.445598918282,1000
0,F6_plus_panel_w0.3,6ae68655,2,10730.369841023854,1000
0,F6_plus_panel_w0.3,6ae68655,3,23845.8730170712,1000
0,F6_plus_panel_w0.3,6ae68655,4,20278.30626739923,205
0,current_F6_rerun,2d9f6cb9,0,613.056235849013,999
0,current_F6_rerun,2d9f6cb9,1,14826.778552757394,1000
0,current_F6_rerun,2d9f6cb9,2,58195.7214206671,1000
0,current_F6_rerun,2d9f6cb9,3,14652.905888123767,1000
0,current_F6_rerun,2d9f6cb9,4,19016.06982106555,1000
0,current_F6_rerun,2d9f6cb9,5,46436.50143007201,1000
0,current_F6_rerun,2d9f6cb9,6,80266.04433444754,1000
0,current_F6_rerun,2d9f6cb9,7,40703.07898547299,339
0,F6_plus_panel_w0.05,2d9f6cb9,0,616.1397861842219,999
0,F6_plus_panel_w0.05,2d9f6cb9,1,17080.120617323755,1000
0,F6_plus_panel_w0.05,2d9f6cb9,2,53696.936924626796,1000
0,F6_plus_panel_w0.05,2d9f6cb9,3,12700.438252499454,1000
0,F6_plus_panel_w0.05,2d9f6cb9,4,15414.517676565325,1000
0,F6_plus_panel_w0.05,2d9f6cb9,5,33817.823534215044,1000
0,F6_plus_panel_w0.05,2d9f6cb9,6,61377.71611578907,1000
0,F6_plus_panel_w0.05,2d9f6cb9,7,32131.16708822694,339
0,F6_plus_panel_w0.1,2d9f6cb9,0,633.9025171501967,999
0,F6_plus_panel_w0.1,2d9f6cb9,1,19533.63005759673,1000
0,F6_plus_panel_w0.1,2d9f6cb9,2,49397.1547218563,1000
0,F6_plus_panel_w0.1,2d9f6cb9,3,11017.314313413424,1000
0,F6_plus_panel_w0.1,2d9f6cb9,4,12349.096890169212,1000
0,F6_plus_panel_w0.1,2d9f6cb9,5,23245.125282130688,1000
0,F6_plus_panel_w0.1,2d9f6cb9,6,45148.80244479008,1000
0,F6_plus_panel_w0.1,2d9f6cb9,7,24585.866675970796,339
0,F6_plus_panel_w0.2,2d9f6cb9,0,713.4655209706251,999
0,F6_plus_panel_w0.2,2d9f6cb9,1,25041.15106530623,1000
0,F6_plus_panel_w0.2,2d9f6cb9,2,41394.59719604032,1000
0,F6_plus_panel_w0.2,2d9f6cb9,3,8459.097524826964,1000
0,F6_plus_panel_w0.2,2d9f6cb9,4,7826.6493916499885,1000
0,F6_plus_panel_w0.2,2d9f6cb9,5,8237.667709212323,1000
0,F6_plus_panel_w0.2,2d9f6cb9,6,20669.21874567962,1000
0,F6_plus_panel_w0.2,2d9f6cb9,7,12575.100306389772,339
0,F6_plus_panel_w0.3,2d9f6cb9,0,851.7452473097536,999
0,F6_plus_panel_w0.3,2d9f6cb9,1,31349.341575910155,1000
0,F6_plus_panel_w0.3,2d9f6cb9,2,34188.048843194316,1000
0,F6_plus_panel_w0.3,2d9f6cb9,3,6978.255522360727,1000
0,F6_plus_panel_w0.3,2d9f6cb9,4,5448.727325505117,1000
0,F6_plus_panel_w0.3,2d9f6cb9,5,1414.1287113118437,1000
0,F6_plus_panel_w0.3,2d9f6cb9,6,6827.293237104627,1000
0,F6_plus_panel_w0.3,2d9f6cb9,7,4670.7798767236145,339
0,current_F6_rerun,97cd5bf9,0,6692.958753643157,999
0,current_F6_rerun,97cd5bf9,1,4752.471463946214,1000
0,current_F6_rerun,97cd5bf9,2,31125.366146403125,1000
0,current_F6_rerun,97cd5bf9,3,39145.39488798587,450
0,F6_plus_panel_w0.05,97cd5bf9,0,6682.674842572348,999
0,F6_plus_panel_w0.05,97cd5bf9,1,4790.353681537123,1000
0,F6_plus_panel_w0.05,97cd5bf9,2,34417.97541769153,1000
0,F6_plus_panel_w0.05,97cd5bf9,3,42911.7136870221,450
0,F6_plus_panel_w0.1,97cd5bf9,0,6673.164272781388,999
0,F6_plus_panel_w0.1,97cd5bf9,1,4844.674946345648,1000
0,F6_plus_panel_w0.1,97cd5bf9,2,37884.95758505583,1000
0,F6_plus_panel_w0.1,97cd5bf9,3,46851.22396706859,450
0,F6_plus_panel_w0.2,97cd5bf9,0,6656.463157020266,999
0,F6_plus_panel_w0.2,97cd5bf9,1,5002.634617598236,1000
0,F6_plus_panel_w0.2,97cd5bf9,2,45342.040608064046,1000
0,F6_plus_panel_w0.2,97cd5bf9,3,55249.81897024193,450
0,F6_plus_panel_w0.3,97cd5bf9,0,6642.855406354907,999
0,F6_plus_panel_w0.3,97cd5bf9,1,5226.350477699294,1000
0,F6_plus_panel_w0.3,97cd5bf9,2,53496.61521544571,1000
0,F6_plus_panel_w0.3,97cd5bf9,3,64341.1798975207,450
0,current_F6_rerun,204cc64b,0,96912.10841836612,999
0,current_F6_rerun,204cc64b,1,20503.479852955894,1000
0,current_F6_rerun,204cc64b,2,101891.9338930012,1000
0,current_F6_rerun,204cc64b,3,141336.80270780058,1000
0,current_F6_rerun,204cc64b,4,4949.489468640302,806
0,F6_plus_panel_w0.05,204cc64b,0,94754.21768856427,999
0,F6_plus_panel_w0.05,204cc64b,1,19615.80694796432,1000
0,F6_plus_panel_w0.05,204cc64b,2,89318.54610740421,1000
0,F6_plus_panel_w0.05,204cc64b,3,129583.73412165482,1000
0,F6_plus_panel_w0.05,204cc64b,4,4944.078802734485,806
0,F6_plus_panel_w0.1,204cc64b,0,92639.79039413486,999
0,F6_plus_panel_w0.1,204cc64b,1,18947.496036782413,1000
0,F6_plus_panel_w0.1,204cc64b,2,77603.56340326332,1000
0,F6_plus_panel_w0.1,204cc64b,3,118361.79948118527,1000
0,F6_plus_panel_w0.1,204cc64b,4,5075.343396708378,806
0,F6_plus_panel_w0.2,204cc64b,0,88541.32611150197,999
0,F6_plus_panel_w0.2,204cc64b,1,18268.960195871055,1000
0,F6_plus_panel_w0.2,204cc64b,2,56748.813239247924,1000
0,F6_plus_panel_w0.2,204cc64b,3,97511.3320371514,1000
0,F6_plus_panel_w0.2,204cc64b,4,5747.898364287878,806
0,F6_plus_panel_w0.3,204cc64b,0,84616.71557051,999
0,F6_plus_panel_w0.3,204cc64b,1,18467.872330236667,1000
0,F6_plus_panel_w0.3,204cc64b,2,39327.68340092299,1000
0,F6_plus_panel_w0.3,204cc64b,3,78785.40037566095,1000
0,F6_plus_panel_w0.3,204cc64b,4,6967.154371374674,806
0,current_F6_rerun,b1efb8a4,0,3354.1986006993775,999
0,current_F6_rerun,b1efb8a4,1,1741.0858203203595,1000
0,current_F6_rerun,b1efb8a4,2,1675.0646819466017,1000
0,current_F6_rerun,b1efb8a4,3,43029.531374872386,1000
0,current_F6_rerun,b1efb8a4,4,28999.049328808644,1000
0,current_F6_rerun,b1efb8a4,5,14056.338518979714,999
0,F6_plus_panel_w0.05,b1efb8a4,0,3047.874228520778,999
0,F6_plus_panel_w0.05,b1efb8a4,1,1573.1882190060635,1000
0,F6_plus_panel_w0.05,b1efb8a4,2,1492.1632875180812,1000
0,F6_plus_panel_w0.05,b1efb8a4,3,46728.72947341583,1000
0,F6_plus_panel_w0.05,b1efb8a4,4,33711.703156909425,1000
0,F6_plus_panel_w0.05,b1efb8a4,5,14986.17010660296,999
0,F6_plus_panel_w0.1,b1efb8a4,0,2757.7054047828365,999
0,F6_plus_panel_w0.1,b1efb8a4,1,1419.3075443632256,1000
0,F6_plus_panel_w0.1,b1efb8a4,2,1324.0739576342476,1000
0,F6_plus_panel_w0.1,b1efb8a4,3,50622.638874845725,1000
0,F6_plus_panel_w0.1,b1efb8a4,4,38789.72219440592,1000
0,F6_plus_panel_w0.1,b1efb8a4,5,16038.520988783235,999
0,F6_plus_panel_w0.2,b1efb8a4,0,2225.83440264363,999
0,F6_plus_panel_w0.2,b1efb8a4,1,1153.5969750912002,1000
0,F6_plus_panel_w0.2,b1efb8a4,2,1032.331491508911,1000
0,F6_plus_panel_w0.2,b1efb8a4,3,58994.59158642967,1000
0,F6_plus_panel_w0.2,b1efb8a4,4,50041.85589764674,1000
0,F6_plus_panel_w0.2,b1efb8a4,5,18510.78063684149,999
0,F6_plus_panel_w0.3,b1efb8a4,0,1758.5855942839823,999
0,F6_plus_panel_w0.3,b1efb8a4,1,943.9541125036885,1000
0,F6_plus_panel_w0.3,b1efb8a4,2,799.8372835719508,1000
0,F6_plus_panel_w0.3,b1efb8a4,3,68145.38950964497,1000
0,F6_plus_panel_w0.3,b1efb8a4,4,62755.45043855047,1000
0,F6_plus_panel_w0.3,b1efb8a4,5,21473.117463165585,999
0,current_F6_rerun,d63196fe,0,32896.04220435167,999
0,current_F6_rerun,d63196fe,1,229700.99275547525,1000
0,current_F6_rerun,d63196fe,2,250911.26734045718,1000
0,current_F6_rerun,d63196fe,3,236783.55203929645,1000
0,current_F6_rerun,d63196fe,4,129153.77901165317,511
0,F6_plus_panel_w0.05,d63196fe,0,33234.929315598776,999
0,F6_plus_panel_w0.05,d63196fe,1,234031.80341974736,1000
0,F6_plus_panel_w0.05,d63196fe,2,257065.36811625617,1000
0,F6_plus_panel_w0.05,d63196fe,3,243297.6069472261,1000
0,F6_plus_panel_w0.05,d63196fe,4,138344.10777202592,511
0,F6_plus_panel_w0.1,d63196fe,0,33588.368859181945,999
0,F6_plus_panel_w0.1,d63196fe,1,238403.83366936122,1000
0,F6_plus_panel_w0.1,d63196fe,2,263296.779034824,1000
0,F6_plus_panel_w0.1,d63196fe,3,249915.2822916589,1000
0,F6_plus_panel_w0.1,d63196fe,4,147852.69454787066,511
0,F6_plus_panel_w0.2,d63196fe,0,34338.905243312554,999
0,F6_plus_panel_w0.2,d63196fe,1,247271.55292446323,1000
0,F6_plus_panel_w0.2,d63196fe,2,275991.5313001101,1000
0,F6_plus_panel_w0.2,d63196fe,3,263461.49428988533,1000
0,F6_plus_panel_w0.2,d63196fe,4,167824.64214588792,511
0,F6_plus_panel_w0.3,d63196fe,0,35147.6513567332,999
0,F6_plus_panel_w0.3,d63196fe,1,256304.15052073126,1000
0,F6_plus_panel_w0.3,d63196fe,2,288995.52413626906,1000
0,F6_plus_panel_w0.3,d63196fe,3,277422.18803392426,1000
0,F6_plus_panel_w0.3,d63196fe,4,189069.6218056824,511
0,current_F6_rerun,1d3fbf02,0,21001.97961524156,999
0,current_F6_rerun,1d3fbf02,1,37521.51019222175,1000
0,current_F6_rerun,1d3fbf02,2,13183.66295953322,695
0,F6_plus_panel_w0.05,1d3fbf02,0,20954.608746893173,999
0,F6_plus_panel_w0.05,1d3fbf02,1,36800.92460740638,1000
0,F6_plus_panel_w0.05,1d3fbf02,2,11242.357226967997,695
0,F6_plus_panel_w0.1,1d3fbf02,0,20909.237160315304,999
0,F6_plus_panel_w0.1,1d3fbf02,1,36106.53214827384,1000
0,F6_plus_panel_w0.1,1d3fbf02,2,9462.002008053903,695
0,F6_plus_panel_w0.2,1d3fbf02,0,20824.491832439882,999
0,F6_plus_panel_w0.2,1d3fbf02,1,34796.32660699631,1000
0,F6_plus_panel_w0.2,1d3fbf02,2,6384.143111150802,695
0,F6_plus_panel_w0.3,1d3fbf02,0,20747.743631602854,999
0,F6_plus_panel_w0.3,1d3fbf02,1,33590.893568376705,1000
0,F6_plus_panel_w0.3,1d3fbf02,2,3950.086268820334,695
0,current_F6_rerun,ae35f33a,0,5127.7658243777305,999
0,current_F6_rerun,ae35f33a,1,22232.214944197094,1000
0,current_F6_rerun,ae35f33a,2,55278.91147143114,1000
0,current_F6_rerun,ae35f33a,3,170386.55378759804,1000
0,current_F6_rerun,ae35f33a,4,38145.87834918322,451
0,F6_plus_panel_w0.05,ae35f33a,0,4675.278216425587,999
0,F6_plus_panel_w0.05,ae35f33a,1,21601.913790697545,1000
0,F6_plus_panel_w0.05,ae35f33a,2,50722.3581144569,1000
0,F6_plus_panel_w0.05,ae35f33a,3,152565.76465085207,1000
0,F6_plus_panel_w0.05,ae35f33a,4,31359.781116186063,451
0,F6_plus_panel_w0.1,ae35f33a,0,4247.854463843628,999
0,F6_plus_panel_w0.1,ae35f33a,1,20984.264093787595,1000
0,F6_plus_panel_w0.1,ae35f33a,2,46370.43606324494,1000
0,F6_plus_panel_w0.1,ae35f33a,3,135737.82360221568,1000
0,F6_plus_panel_w0.1,ae35f33a,4,25307.196867993993,451
0,F6_plus_panel_w0.2,ae35f33a,0,3468.1985248077854,999
0,F6_plus_panel_w0.2,ae35f33a,1,19786.919069790703,1000
0,F6_plus_panel_w0.2,ae35f33a,2,38280.48587818732,1000
0,F6_plus_panel_w0.2,ae35f33a,3,105060.48576942185,1000
0,F6_plus_panel_w0.2,ae35f33a,4,15402.567326068978,451
0,F6_plus_panel_w0.3,ae35f33a,0,2788.7980072764803,999
0,F6_plus_panel_w0.3,ae35f33a,1,18640.179872226276,1000
0,F6_plus_panel_w0.3,ae35f33a,2,31009.06091628663,1000
0,F6_plus_panel_w0.3,ae35f33a,3,78354.54028925982,1000
0,F6_plus_panel_w0.3,ae35f33a,4,8431.989723417746,451
0,current_F6_rerun,3b21ea64,0,8981.227812020128,999
0,current_F6_rerun,3b21ea64,1,17193.25800781986,1000
0,current_F6_rerun,3b21ea64,2,10101.828728384593,1000
0,current_F6_rerun,3b21ea64,3,1261.2371946550252,1000
0,current_F6_rerun,3b21ea64,4,8330.169336327615,1000
0,current_F6_rerun,3b21ea64,5,15402.329552362195,1000
0,current_F6_rerun,3b21ea64,6,166328.6728432281,1000
0,current_F6_rerun,3b21ea64,7,199283.32886366828,377
0,F6_plus_panel_w0.05,3b21ea64,0,8777.851005149885,999
0,F6_plus_panel_w0.05,3b21ea64,1,20029.827953908243,1000
0,F6_plus_panel_w0.05,3b21ea64,2,11751.176087716098,1000
0,F6_plus_panel_w0.05,3b21ea64,3,2355.9726544055948,1000
0,F6_plus_panel_w0.05,3b21ea64,4,6370.890675443399,1000
0,F6_plus_panel_w0.05,3b21ea64,5,12247.620979775187,1000
0,F6_plus_panel_w0.05,3b21ea64,6,142213.4206156572,1000
0,F6_plus_panel_w0.05,3b21ea64,7,169618.8449429964,377
0,F6_plus_panel_w0.1,3b21ea64,0,8617.81656264324,999
0,F6_plus_panel_w0.1,3b21ea64,1,23145.56618645427,1000
0,F6_plus_panel_w0.1,3b21ea64,2,13555.337736578744,1000
0,F6_plus_panel_w0.1,3b21ea64,3,3826.3614529006522,1000
0,F6_plus_panel_w0.1,3b21ea64,4,4778.129014723891,1000
0,F6_plus_panel_w0.1,3b21ea64,5,9853.10231462304,1000
0,F6_plus_panel_w0.1,3b21ea64,6,120043.48634150832,1000
0,F6_plus_panel_w0.1,3b21ea64,7,142351.15229955615,377
0,F6_plus_panel_w0.2,3b21ea64,0,8427.774770750779,999
0,F6_plus_panel_w0.2,3b21ea64,1,30214.5475109624,1000
0,F6_plus_panel_w0.2,3b21ea64,2,17628.103902862294,1000
0,F6_plus_panel_w0.2,3b21ea64,3,7894.099066139446,1000
0,F6_plus_panel_w0.2,3b21ea64,4,2692.156693752384,1000
0,F6_plus_panel_w0.2,3b21ea64,5,7344.634706596169,1000
0,F6_plus_panel_w0.2,3b21ea64,6,81539.57165334752,1000
0,F6_plus_panel_w0.2,3b21ea64,7,95006.14084428598,377
0,F6_plus_panel_w0.3,3b21ea64,0,8411.102436355357,999
0,F6_plus_panel_w0.3,3b21ea64,1,38400.2019813712,1000
0,F6_plus_panel_w0.3,3b21ea64,2,22320.127227214976,1000
0,F6_plus_panel_w0.3,3b21ea64,3,13464.45003438784,1000
0,F6_plus_panel_w0.3,3b21ea64,4,2072.2523734132933,1000
0,F6_plus_panel_w0.3,3b21ea64,5,7876.92672828449,1000
0,F6_plus_panel_w0.3,3b21ea64,6,50816.92877870976,1000
0,F6_plus_panel_w0.3,3b21ea64,7,57248.29449783208,377
0,current_F6_rerun,9bd2bba3,0,61211.672574291304,999
0,current_F6_rerun,9bd2bba3,1,30123.0926581616,1000
0,current_F6_rerun,9bd2bba3,2,7197.502943183333,1000
0,current_F6_rerun,9bd2bba3,3,50426.618655796585,1000
0,current_F6_rerun,9bd2bba3,4,54582.112221581134,1000
0,current_F6_rerun,9bd2bba3,5,28675.947988130127,1000
0,current_F6_rerun,9bd2bba3,6,420.5219279683199,1000
0,current_F6_rerun,9bd2bba3,7,7284.905486835151,440
0,F6_plus_panel_w0.05,9bd2bba3,0,63537.52384228648,999
0,F6_plus_panel_w0.05,9bd2bba3,1,33049.032932749455,1000
0,F6_plus_panel_w0.05,9bd2bba3,2,7917.022613462498,1000
0,F6_plus_panel_w0.05,9bd2bba3,3,55925.386045017556,1000
0,F6_plus_panel_w0.05,9bd2bba3,4,62331.22653164066,1000
0,F6_plus_panel_w0.05,9bd2bba3,5,35673.51828870818,1000
0,F6_plus_panel_w0.05,9bd2bba3,6,515.4954734338212,1000
0,F6_plus_panel_w0.05,9bd2bba3,7,5730.827493005722,440
0,F6_plus_panel_w0.1,9bd2bba3,0,65917.2501772416,999
0,F6_plus_panel_w0.1,9bd2bba3,1,36117.26703318098,1000
0,F6_plus_panel_w0.1,9bd2bba3,2,8780.049784408835,1000
0,F6_plus_panel_w0.1,9bd2bba3,3,61725.443366732856,1000
0,F6_plus_panel_w0.1,9bd2bba3,4,70646.40580905849,1000
0,F6_plus_panel_w0.1,9bd2bba3,5,43559.29505355136,1000
0,F6_plus_panel_w0.1,9bd2bba3,6,1446.4801333098949,1000
0,F6_plus_panel_w0.1,9bd2bba3,7,4463.114929920238,440
0,F6_plus_panel_w0.2,9bd2bba3,0,70838.32804810673,999
0,F6_plus_panel_w0.2,9bd2bba3,1,42680.616711639275,1000
0,F6_plus_panel_w0.2,9bd2bba3,2,10936.626628316537,1000
0,F6_plus_panel_w0.2,9bd2bba3,3,74229.42780771921,1000
0,F6_plus_panel_w0.2,9bd2bba3,4,88974.95926604618,1000
0,F6_plus_panel_w0.2,9bd2bba3,5,61995.46797609608,1000
0,F6_plus_panel_w0.2,9bd2bba3,6,5816.48279629822,1000
0,F6_plus_panel_w0.2,9bd2bba3,7,2786.786095965425,440
0,F6_plus_panel_w0.3,9bd2bba3,0,75974.90618692398,999
0,F6_plus_panel_w0.3,9bd2bba3,1,49813.14169357075,1000
0,F6_plus_panel_w0.3,9bd2bba3,2,13667.233474918381,1000
0,F6_plus_panel_w0.3,9bd2bba3,3,87938.571978804,1000
0,F6_plus_panel_w0.3,9bd2bba3,4,109567.77259259568,1000
0,F6_plus_panel_w0.3,9bd2bba3,5,83984.4667558056,1000
0,F6_plus_panel_w0.3,9bd2bba3,6,13530.529916949497,1000
0,F6_plus_panel_w0.3,9bd2bba3,7,2255.918984969599,440
0,current_F6_rerun,df71d1ff,0,37457.81763039861,999
0,current_F6_rerun,df71d1ff,1,9014.653894473691,1000
0,current_F6_rerun,df71d1ff,2,66018.88949981071,1000
0,current_F6_rerun,df71d1ff,3,218912.58620112878,1000
0,current_F6_rerun,df71d1ff,4,662091.8024182565,1000
0,current_F6_rerun,df71d1ff,5,305355.91342427506,1000
0,current_F6_rerun,df71d1ff,6,50318.82441965452,229
0,F6_plus_panel_w0.05,df71d1ff,0,35728.98003668627,999
0,F6_plus_panel_w0.05,df71d1ff,1,9834.837444509261,1000
0,F6_plus_panel_w0.05,df71d1ff,2,69430.6106328228,1000
0,F6_plus_panel_w0.05,df71d1ff,3,228589.21195881508,1000
0,F6_plus_panel_w0.05,df71d1ff,4,672839.1574810263,1000
0,F6_plus_panel_w0.05,df71d1ff,5,287650.55562431953,1000
0,F6_plus_panel_w0.05,df71d1ff,6,44523.00398845035,229
0,F6_plus_panel_w0.1,df71d1ff,0,34043.66962287075,999
0,F6_plus_panel_w0.1,df71d1ff,1,10704.813005301814,1000
0,F6_plus_panel_w0.1,df71d1ff,2,72931.13038782946,1000
0,F6_plus_panel_w0.1,df71d1ff,3,238491.14377320165,1000
0,F6_plus_panel_w0.1,df71d1ff,4,683766.3226842233,1000
0,F6_plus_panel_w0.1,df71d1ff,5,270659.3321392627,1000
0,F6_plus_panel_w0.1,df71d1ff,6,39121.53483895538,229
0,F6_plus_panel_w0.2,df71d1ff,0,30803.630334988025,999
0,F6_plus_panel_w0.2,df71d1ff,1,12594.140159133203,1000
0,F6_plus_panel_w0.2,df71d1ff,2,80198.56576374163,1000
0,F6_plus_panel_w0.2,df71d1ff,3,258970.92557192393,1000
0,F6_plus_panel_w0.2,df71d1ff,4,706160.083511638,1000
0,F6_plus_panel_w0.2,df71d1ff,5,238819.2881136641,1000
0,F6_plus_panel_w0.2,df71d1ff,6,29501.650385060264,229
0,F6_plus_panel_w0.3,df71d1ff,0,27737.69976676504,999
0,F6_plus_panel_w0.3,df71d1ff,1,14682.635355959872,1000
0,F6_plus_panel_w0.3,df71d1ff,2,87821.19562752097,1000
0,F6_plus_panel_w0.3,df71d1ff,3,280351.93159724824,1000
0,F6_plus_panel_w0.3,df71d1ff,4,729273.0849004245,1000
0,F6_plus_panel_w0.3,df71d1ff,5,209835.78134743823,1000
0,F6_plus_panel_w0.3,df71d1ff,6,21459.17105796247,229
0,current_F6_rerun,4c2208f5,0,394552.19809185277,999
0,current_F6_rerun,4c2208f5,1,2504562.2411589283,1000
0,current_F6_rerun,4c2208f5,2,1290052.4111969383,1000
0,current_F6_rerun,4c2208f5,3,1655802.8287272942,1000
0,current_F6_rerun,4c2208f5,4,1288066.6242185126,1000
0,current_F6_rerun,4c2208f5,5,69208.95373256995,385
0,F6_plus_panel_w0.05,4c2208f5,0,380116.7063224461,999
0,F6_plus_panel_w0.05,4c2208f5,1,2451109.0707746134,1000
0,F6_plus_panel_w0.05,4c2208f5,2,1274261.2817171568,1000
0,F6_plus_panel_w0.05,4c2208f5,3,1651173.2019148592,1000
0,F6_plus_panel_w0.05,4c2208f5,4,1285840.3261383285,1000
0,F6_plus_panel_w0.05,4c2208f5,5,77720.91187654105,385
0,F6_plus_panel_w0.1,4c2208f5,0,365960.72501846007,999
0,F6_plus_panel_w0.1,4c2208f5,1,2398247.832430599,1000
0,F6_plus_panel_w0.1,4c2208f5,2,1258588.754382772,1000
0,F6_plus_panel_w0.1,4c2208f5,3,1646581.709776656,1000
0,F6_plus_panel_w0.1,4c2208f5,4,1283839.0690776496,1000
0,F6_plus_panel_w0.1,4c2208f5,5,86756.26904484972,385
0,F6_plus_panel_w0.2,4c2208f5,0,338487.2938069195,999
0,F6_plus_panel_w0.2,4c2208f5,1,2294301.1518640323,1000
0,F6_plus_panel_w0.2,4c2208f5,2,1227599.5061506152,1000
0,F6_plus_panel_w0.2,4c2208f5,3,1637513.1295234342,1000
0,F6_plus_panel_w0.2,4c2208f5,4,1280511.678015227,1000
0,F6_plus_panel_w0.2,4c2208f5,5,106397.18045454138,385
0,F6_plus_panel_w0.3,4c2208f5,0,312131.90445729904,999
0,F6_plus_panel_w0.3,4c2208f5,1,2192722.199459465,1000
0,F6_plus_panel_w0.3,4c2208f5,2,1197084.6665006361,1000
0,F6_plus_panel_w0.3,4c2208f5,3,1628597.087967813,1000
0,F6_plus_panel_w0.3,4c2208f5,4,1278084.451031406,1000
0,F6_plus_panel_w0.3,4c2208f5,5,128131.68796167616,385
0,current_F6_rerun,230eaaa3,0,45525.6016108648,999
0,current_F6_rerun,230eaaa3,1,32003.10229786566,1000
0,current_F6_rerun,230eaaa3,2,1195.9885349652411,1000
0,current_F6_rerun,230eaaa3,3,49892.16854407625,1000
0,current_F6_rerun,230eaaa3,4,27336.689226473292,691
0,F6_plus_panel_w0.05,230eaaa3,0,49096.76792288988,999
0,F6_plus_panel_w0.05,230eaaa3,1,35807.01376231963,1000
0,F6_plus_panel_w0.05,230eaaa3,2,2932.1736165680077,1000
0,F6_plus_panel_w0.05,230eaaa3,3,70125.9718259208,1000
0,F6_plus_panel_w0.05,230eaaa3,4,42743.77288948694,691
0,F6_plus_panel_w0.1,230eaaa3,0,52808.06912463241,999
0,F6_plus_panel_w0.1,230eaaa3,1,39849.622983373745,1000
0,F6_plus_panel_w0.1,230eaaa3,2,5723.187152673171,1000
0,F6_plus_panel_w0.1,230eaaa3,3,93934.9388465788,1000
0,F6_plus_panel_w0.1,230eaaa3,4,61729.006314178056,691
0,F6_plus_panel_w0.2,230eaaa3,0,60651.07619721811,999
0,F6_plus_panel_w0.2,230eaaa3,1,48650.93469524349,1000
0,F6_plus_panel_w0.2,230eaaa3,2,14469.699588401698,1000
0,F6_plus_panel_w0.2,230eaaa3,3,152278.36410441893,1000
0,F6_plus_panel_w0.2,230eaaa3,4,110433.9224486494,691
0,F6_plus_panel_w0.3,230eaaa3,0,69054.62282860637,999
0,F6_plus_panel_w0.3,230eaaa3,1,58407.03743345611,1000
0,F6_plus_panel_w0.3,230eaaa3,2,27435.525842162875,1000
0,F6_plus_panel_w0.3,230eaaa3,3,224922.44431763515,1000
0,F6_plus_panel_w0.3,230eaaa3,4,173451.43762991857,691
0,current_F6_rerun,02e7fe5a,0,7516.747189841689,999
0,current_F6_rerun,02e7fe5a,1,7885.35847784496,1000
0,current_F6_rerun,02e7fe5a,2,29833.14093487474,1000
0,current_F6_rerun,02e7fe5a,3,9299.273932671971,1000
0,current_F6_rerun,02e7fe5a,4,13460.353001361638,1000
0,current_F6_rerun,02e7fe5a,5,5120.529278213004,109
0,F6_plus_panel_w0.05,02e7fe5a,0,8127.966757981947,999
0,F6_plus_panel_w0.05,02e7fe5a,1,9708.365563939793,1000
0,F6_plus_panel_w0.05,02e7fe5a,2,31511.047215558152,1000
0,F6_plus_panel_w0.05,02e7fe5a,3,9518.289935784744,1000
0,F6_plus_panel_w0.05,02e7fe5a,4,16721.591610101033,1000
0,F6_plus_panel_w0.05,02e7fe5a,5,6167.1342619857205,109
0,F6_plus_panel_w0.1,02e7fe5a,0,8777.51325299093,999
0,F6_plus_panel_w0.1,02e7fe5a,1,11768.317988145727,1000
0,F6_plus_panel_w0.1,02e7fe5a,2,33247.88778380654,1000
0,F6_plus_panel_w0.1,02e7fe5a,3,9759.485036184042,1000
0,F6_plus_panel_w0.1,02e7fe5a,4,20372.569371714464,1000
0,F6_plus_panel_w0.1,02e7fe5a,5,7311.156270302961,109
0,F6_plus_panel_w0.2,02e7fe5a,0,10191.587023634102,999
0,F6_plus_panel_w0.2,02e7fe5a,1,16599.058850921236,1000
0,F6_plus_panel_w0.2,02e7fe5a,2,36898.371783055,1000
0,F6_plus_panel_w0.2,02e7fe5a,3,10308.412528860408,1000
0,F6_plus_panel_w0.2,02e7fe5a,4,28843.74235360068,1000
0,F6_plus_panel_w0.2,02e7fe5a,5,9891.451360579113,109
0,F6_plus_panel_w0.3,02e7fe5a,0,11758.968501777972,999
0,F6_plus_panel_w0.3,02e7fe5a,1,22377.581066183095,1000
0,F6_plus_panel_w0.3,02e7fe5a,2,40784.592932636355,1000
0,F6_plus_panel_w0.3,02e7fe5a,3,10946.056410705623,1000
0,F6_plus_panel_w0.3,02e7fe5a,4,38873.871947036394,1000
0,F6_plus_panel_w0.3,02e7fe5a,5,12861.414549044726,109
0,current_F6_rerun,e9949a23,0,28868.30736484658,999
0,current_F6_rerun,e9949a23,1,50746.291518268285,1000
0,current_F6_rerun,e9949a23,2,294748.3540621423,1000
0,current_F6_rerun,e9949a23,3,159633.10136111666,1000
0,current_F6_rerun,e9949a23,4,10539.256136180215,560
0,F6_plus_panel_w0.05,e9949a23,0,28648.63561184366,999
0,F6_plus_panel_w0.05,e9949a23,1,50141.997194608986,1000
0,F6_plus_panel_w0.05,e9949a23,2,294722.21059504355,1000
0,F6_plus_panel_w0.05,e9949a23,3,153426.89206026623,1000
0,F6_plus_panel_w0.05,e9949a23,4,7795.788611449455,560
0,F6_plus_panel_w0.1,e9949a23,0,28431.717716730236,999
0,F6_plus_panel_w0.1,e9949a23,1,49542.94743024515,1000
0,F6_plus_panel_w0.1,e9949a23,2,294700.595595129,1000
0,F6_plus_panel_w0.1,e9949a23,3,147561.0829579465,1000
0,F6_plus_panel_w0.1,e9949a23,4,6008.7468113570985,560
0,F6_plus_panel_w0.2,e9949a23,0,28006.143500135826,999
0,F6_plus_panel_w0.2,e9949a23,1,48360.58157934413,1000
0,F6_plus_panel_w0.2,e9949a23,2,294670.95099668746,1000
0,F6_plus_panel_w0.2,e9949a23,3,136850.6653487754,1000
0,F6_plus_panel_w0.2,e9949a23,4,5303.940385072314,560
0,F6_plus_panel_w0.3,e9949a23,0,27591.58471505046,999
0,F6_plus_panel_w0.3,e9949a23,1,47199.1939655469,1000
0,F6_plus_panel_w0.3,e9949a23,2,294659.42026677245,1000
0,F6_plus_panel_w0.3,e9949a23,3,127501.84853357055,1000
0,F6_plus_panel_w0.3,e9949a23,4,8424.836857328875,560
0,current_F6_rerun,9af1ffd0,0,1406.0496518081611,999
0,current_F6_rerun,9af1ffd0,1,5993.104125472923,1000
0,current_F6_rerun,9af1ffd0,2,376783.4668173507,1000
0,current_F6_rerun,9af1ffd0,3,335143.8593217249,526
0,F6_plus_panel_w0.05,9af1ffd0,0,1236.136223062556,999
0,F6_plus_panel_w0.05,9af1ffd0,1,5909.712973778652,1000
0,F6_plus_panel_w0.05,9af1ffd0,2,380749.6418508555,1000
0,F6_plus_panel_w0.05,9af1ffd0,3,341569.19721903687,526
0,F6_plus_panel_w0.1,9af1ffd0,0,1083.7766082452831,999
0,F6_plus_panel_w0.1,9af1ffd0,1,5828.2200628728515,1000
0,F6_plus_panel_w0.1,9af1ffd0,2,384744.0471902947,1000
0,F6_plus_panel_w0.1,9af1ffd0,3,348055.8980105215,526
0,F6_plus_panel_w0.2,9af1ffd0,0,831.7188203881428,999
0,F6_plus_panel_w0.2,9af1ffd0,1,5670.9289634085235,1000
0,F6_plus_panel_w0.2,9af1ffd0,2,392817.5487867832,1000
0,F6_plus_panel_w0.2,9af1ffd0,3,361213.38827586954,526
0,F6_plus_panel_w0.3,9af1ffd0,0,649.8762882359397,999
0,F6_plus_panel_w0.3,9af1ffd0,1,5521.23082707584,1000
0,F6_plus_panel_w0.3,9af1ffd0,2,401003.971606754,1000
0,F6_plus_panel_w0.3,9af1ffd0,3,374616.33011773,526
0,current_F6_rerun,2d0c268a,0,24751.995033556683,999
0,current_F6_rerun,2d0c268a,1,346415.7711969149,1000
0,current_F6_rerun,2d0c268a,2,129330.86123928367,1000
0,current_F6_rerun,2d0c268a,3,95637.18071361094,1000
0,current_F6_rerun,2d0c268a,4,161149.5398673566,551
0,F6_plus_panel_w0.05,2d0c268a,0,23911.105211539332,999
0,F6_plus_panel_w0.05,2d0c268a,1,334922.3787125082,1000
0,F6_plus_panel_w0.05,2d0c268a,2,126154.24574122083,1000
0,F6_plus_panel_w0.05,2d0c268a,3,92673.00476205994,1000
0,F6_plus_panel_w0.05,2d0c268a,4,160907.72634058318,551
0,F6_plus_panel_w0.1,2d0c268a,0,23088.378092409515,999
0,F6_plus_panel_w0.1,2d0c268a,1,323642.17598216684,1000
0,F6_plus_panel_w0.1,2d0c268a,2,123037.60858148341,1000
0,F6_plus_panel_w0.1,2d0c268a,3,89800.62490282237,1000
0,F6_plus_panel_w0.1,2d0c268a,4,160670.6201639317,551
0,F6_plus_panel_w0.2,2d0c268a,0,21497.41196278794,999
0,F6_plus_panel_w0.2,2d0c268a,1,301721.33978347946,1000
0,F6_plus_panel_w0.2,2d0c268a,2,116984.26927688903,1000
0,F6_plus_panel_w0.2,2d0c268a,3,84331.25346122359,1000
0,F6_plus_panel_w0.2,2d0c268a,4,160210.52986089862,551
0,F6_plus_panel_w0.3,2d0c268a,0,19979.096644685396,999
0,F6_plus_panel_w0.3,2d0c268a,1,280653.26260080835,1000
0,F6_plus_panel_w0.3,2d0c268a,2,111170.84332547666,1000
0,F6_plus_panel_w0.3,2d0c268a,3,79229.06638879378,1000
0,F6_plus_panel_w0.3,2d0c268a,4,159769.26895822954,551
0,current_F6_rerun,14a53cb3,0,15438.192223357542,999
0,current_F6_rerun,14a53cb3,1,24817.512180558566,1000
0,current_F6_rerun,14a53cb3,2,7094.988708145072,1000
0,current_F6_rerun,14a53cb3,3,44549.48736654418,1000
0,current_F6_rerun,14a53cb3,4,84828.03123897272,1000
0,current_F6_rerun,14a53cb3,5,58736.01264412647,1000
0,current_F6_rerun,14a53cb3,6,116389.94078149175,920
0,F6_plus_panel_w0.05,14a53cb3,0,14007.266368297156,999
0,F6_plus_panel_w0.05,14a53cb3,1,27558.43084144151,1000
0,F6_plus_panel_w0.05,14a53cb3,2,8023.688444283081,1000
0,F6_plus_panel_w0.05,14a53cb3,3,43661.9554494734,1000
0,F6_plus_panel_w0.05,14a53cb3,4,83793.51809539707,1000
0,F6_plus_panel_w0.05,14a53cb3,5,61931.02945154956,1000
0,F6_plus_panel_w0.05,14a53cb3,6,118418.00921043377,920
0,F6_plus_panel_w0.1,14a53cb3,0,12674.409405483431,999
0,F6_plus_panel_w0.1,14a53cb3,1,30452.6144645483,1000
0,F6_plus_panel_w0.1,14a53cb3,2,9023.2379910708,1000
0,F6_plus_panel_w0.1,14a53cb3,3,42815.46324779234,1000
0,F6_plus_panel_w0.1,14a53cb3,4,82778.12823300096,1000
0,F6_plus_panel_w0.1,14a53cb3,5,65230.23386136521,1000
0,F6_plus_panel_w0.1,14a53cb3,6,120550.35054165598,920
0,F6_plus_panel_w0.2,14a53cb3,0,10302.90215656343,999
0,F6_plus_panel_w0.2,14a53cb3,1,36700.776597481046,1000
0,F6_plus_panel_w0.2,14a53cb3,2,11234.886516620129,1000
0,F6_plus_panel_w0.2,14a53cb3,3,41245.59799066172,1000
0,F6_plus_panel_w0.2,14a53cb3,4,80804.7183518428,1000
0,F6_plus_panel_w0.2,14a53cb3,5,72141.20548825862,1000
0,F6_plus_panel_w0.2,14a53cb3,6,125127.85191105469,920
0,F6_plus_panel_w0.3,14a53cb3,0,8323.670476592879,999
0,F6_plus_panel_w0.3,14a53cb3,1,43561.99857937533,1000
0,F6_plus_panel_w0.3,14a53cb3,2,13729.93428480408,1000
0,F6_plus_panel_w0.3,14a53cb3,3,39839.89159517163,1000
0,F6_plus_panel_w0.3,14a53cb3,4,78907.80159552077,1000
0,F6_plus_panel_w0.3,14a53cb3,5,79468.92752483285,1000
0,F6_plus_panel_w0.3,14a53cb3,6,130122.44488972143,920
0,current_F6_rerun,3e011332,0,34416.59742153461,999
0,current_F6_rerun,3e011332,1,135342.70781365866,1000
0,current_F6_rerun,3e011332,2,104314.68288435596,724
0,F6_plus_panel_w0.05,3e011332,0,32358.338463538603,999
0,F6_plus_panel_w0.05,3e011332,1,142250.91665024584,1000
0,F6_plus_panel_w0.05,3e011332,2,115560.62306717115,724
0,F6_plus_panel_w0.1,3e011332,0,30368.435763553156,999
0,F6_plus_panel_w0.1,3e011332,1,150565.58750634926,1000
0,F6_plus_panel_w0.1,3e011332,2,127505.30187411874,724
0,F6_plus_panel_w0.2,3e011332,0,26593.69913757015,999
0,F6_plus_panel_w0.2,3e011332,1,171414.31527713084,1000
0,F6_plus_panel_w0.2,3e011332,2,153490.8753604871,724
0,F6_plus_panel_w0.3,3e011332,0,23092.38754357835,999
0,F6_plus_panel_w0.3,3e011332,1,197888.89112602244,1000
0,F6_plus_panel_w0.3,3e011332,2,182271.40334348354,724
0,current_F6_rerun,4f69febf,0,9149.100939717653,999
0,current_F6_rerun,4f69febf,1,1017.3339891155973,1000
0,current_F6_rerun,4f69febf,2,1321.777049497941,1000
0,current_F6_rerun,4f69febf,3,2079.642098860052,1000
0,current_F6_rerun,4f69febf,4,12527.090113170627,1000
0,current_F6_rerun,4f69febf,5,13053.759868968742,461
0,F6_plus_panel_w0.05,4f69febf,0,8885.695969910086,999
0,F6_plus_panel_w0.05,4f69febf,1,1359.7603577008865,1000
0,F6_plus_panel_w0.05,4f69febf,2,2036.8620814626106,1000
0,F6_plus_panel_w0.05,4f69febf,3,4462.648737913925,1000
0,F6_plus_panel_w0.05,4f69febf,4,18378.77018693322,1000
0,F6_plus_panel_w0.05,4f69febf,5,17853.689544593875,461
0,F6_plus_panel_w0.1,4f69febf,0,8673.427764081942,999
0,F6_plus_panel_w0.1,4f69febf,1,1805.4731099874302,1000
0,F6_plus_panel_w0.1,4f69febf,2,2928.9088071745955,1000
0,F6_plus_panel_w0.1,4f69febf,3,7768.828353243741,1000
0,F6_plus_panel_w0.1,4f69febf,4,25474.215792693787,1000
0,F6_plus_panel_w0.1,4f69febf,5,23405.38846851738,461
0,F6_plus_panel_w0.2,4f69febf,0,8402.301644347042,999
0,F6_plus_panel_w0.2,4f69febf,1,3006.757765673217,1000
0,F6_plus_panel_w0.2,4f69febf,2,5243.887339854776,1000
0,F6_plus_panel_w0.2,4f69febf,3,17150.70651275422,1000
0,F6_plus_panel_w0.2,4f69febf,4,43396.40360025368,1000
0,F6_plus_panel_w0.2,4f69febf,5,36764.09406128455,461
0,F6_plus_panel_w0.3,4f69febf,0,8335.722580510832,999
0,F6_plus_panel_w0.3,4f69febf,1,4621.187956178941,1000
0,F6_plus_panel_w0.3,4f69febf,2,8266.712647546763,1000
0,F6_plus_panel_w0.3,4f69febf,3,30225.276577404424,1000
0,F6_plus_panel_w0.3,4f69febf,4,66293.65353587261,1000
0,F6_plus_panel_w0.3,4f69febf,5,53129.876647287085,461
0,current_F6_rerun,03a935ae,0,109080.56651271466,999
0,current_F6_rerun,03a935ae,1,326006.79778858257,1000
0,current_F6_rerun,03a935ae,2,970984.9791020224,787
0,F6_plus_panel_w0.05,03a935ae,0,106246.28203013226,999
0,F6_plus_panel_w0.05,03a935ae,1,340804.21935637516,1000
0,F6_plus_panel_w0.05,03a935ae,2,1003834.4817584279,787
0,F6_plus_panel_w0.1,03a935ae,0,103457.92309821538,999
0,F6_plus_panel_w0.1,03a935ae,1,355953.7467838755,1000
0,F6_plus_panel_w0.1,03a935ae,2,1037284.6722402496,787
0,F6_plus_panel_w0.2,03a935ae,0,98018.98188627975,999
0,F6_plus_panel_w0.2,03a935ae,1,387309.11921781517,1000
0,F6_plus_panel_w0.2,03a935ae,2,1105987.1166798032,787
0,F6_plus_panel_w0.3,03a935ae,0,92763.7428768608,999
0,F6_plus_panel_w0.3,03a935ae,1,420072.9150903118,1000
0,F6_plus_panel_w0.3,03a935ae,2,1177092.3124205377,787
0,current_F6_rerun,93209a3d,0,72659.48327654159,999
0,current_F6_rerun,93209a3d,1,62970.78903178425,1000
0,current_F6_rerun,93209a3d,2,49380.75781247585,1000
0,current_F6_rerun,93209a3d,3,134757.05319502656,1000
0,current_F6_rerun,93209a3d,4,45263.733393214614,698
0,F6_plus_panel_w0.05,93209a3d,0,75499.7159376108,999
0,F6_plus_panel_w0.05,93209a3d,1,70025.32819817157,1000
0,F6_plus_panel_w0.05,93209a3d,2,55288.03849332998,1000
0,F6_plus_panel_w0.05,93209a3d,3,144598.96688470838,1000
0,F6_plus_panel_w0.05,93209a3d,4,46023.535658316694,698
0,F6_plus_panel_w0.1,93209a3d,0,78407.54358052631,999
0,F6_plus_panel_w0.1,93209a3d,1,77480.55800296334,1000
0,F6_plus_panel_w0.1,93209a3d,2,61605.85268676468,1000
0,F6_plus_panel_w0.1,93209a3d,3,154798.00302981754,1000
0,F6_plus_panel_w0.1,93209a3d,4,46800.7669990293,698
0,F6_plus_panel_w0.2,93209a3d,0,84425.98381197022,999
0,F6_plus_panel_w0.2,93209a3d,1,93593.08952785087,1000
0,F6_plus_panel_w0.2,93209a3d,2,75473.08161144455,1000
0,F6_plus_panel_w0.2,93209a3d,3,176267.44268643792,1000
0,F6_plus_panel_w0.2,93209a3d,4,48407.51690734059,698
0,F6_plus_panel_w0.3,93209a3d,0,90714.80397089125,999
0,F6_plus_panel_w0.3,93209a3d,1,111308.38360647114,1000
0,F6_plus_panel_w0.3,93209a3d,2,90982.44458653648,1000
0,F6_plus_panel_w0.3,93209a3d,3,199165.37216493013,1000
0,F6_plus_panel_w0.3,93209a3d,4,50083.98311816341,698
0,current_F6_rerun,c99f9fae,0,7470.183561107433,999
0,current_F6_rerun,c99f9fae,1,15893.466611987542,1000
0,current_F6_rerun,c99f9fae,2,4058.3491701231133,1000
0,current_F6_rerun,c99f9fae,3,235912.22607487868,1000
0,current_F6_rerun,c99f9fae,4,125991.90636973543,1000
0,current_F6_rerun,c99f9fae,5,283738.1375413001,1000
0,current_F6_rerun,c99f9fae,6,66564.51333447192,362
0,F6_plus_panel_w0.05,c99f9fae,0,7844.78528028699,999
0,F6_plus_panel_w0.05,c99f9fae,1,17468.341529079127,1000
0,F6_plus_panel_w0.05,c99f9fae,2,5396.185668612383,1000
0,F6_plus_panel_w0.05,c99f9fae,3,227798.6265179595,1000
0,F6_plus_panel_w0.05,c99f9fae,4,120105.6658761527,1000
0,F6_plus_panel_w0.05,c99f9fae,5,271082.0179511521,1000
0,F6_plus_panel_w0.05,c99f9fae,6,65317.4644157734,362
0,F6_plus_panel_w0.1,c99f9fae,0,8255.364332746632,999
0,F6_plus_panel_w0.1,c99f9fae,1,19146.436485889128,1000
0,F6_plus_panel_w0.1,c99f9fae,2,6982.898688470969,1000
0,F6_plus_panel_w0.1,c99f9fae,3,219907.75768682116,1000
0,F6_plus_panel_w0.1,c99f9fae,4,114374.59175911668,1000
0,F6_plus_panel_w0.1,c99f9fae,5,258718.5103933078,1000
0,F6_plus_panel_w0.1,c99f9fae,6,64115.31434038941,362
0,F6_plus_panel_w0.2,c99f9fae,0,9184.454437489689,999
0,F6_plus_panel_w0.2,c99f9fae,1,22812.286518623616,1000
0,F6_plus_panel_w0.2,c99f9fae,2,10902.954292272361,1000
0,F6_plus_panel_w0.2,c99f9fae,3,204794.21220174243,1000
0,F6_plus_panel_w0.2,c99f9fae,4,103377.94265457064,1000
0,F6_plus_panel_w0.2,c99f9fae,5,234869.33137434677,1000
0,F6_plus_panel_w0.2,c99f9fae,6,61845.71071950792,362
0,F6_plus_panel_w0.3,c99f9fae,0,10257.453875330326,999
0,F6_plus_panel_w0.3,c99f9fae,1,26891.016710176802,1000
0,F6_plus_panel_w0.3,c99f9fae,2,15818.515981518367,1000
0,F6_plus_panel_w0.3,c99f9fae,3,190571.58961960528,1000
0,F6_plus_panel_w0.3,c99f9fae,4,93001.95905607287,1000
0,F6_plus_panel_w0.3,c99f9fae,5,212190.600484384,1000
0,F6_plus_panel_w0.3,c99f9fae,6,59755.70247182366,362
0,current_F6_rerun,8ac2f237,0,1623.0739226422568,999
0,current_F6_rerun,8ac2f237,1,4823.307882074068,1000
0,current_F6_rerun,8ac2f237,2,7819.005768797019,1000
0,current_F6_rerun,8ac2f237,3,87863.93820288255,1000
0,current_F6_rerun,8ac2f237,4,266854.3222370634,1000
0,current_F6_rerun,8ac2f237,5,142482.63270187663,320
0,F6_plus_panel_w0.05,8ac2f237,0,1606.3383791692515,999
0,F6_plus_panel_w0.05,8ac2f237,1,5019.762149886431,1000
0,F6_plus_panel_w0.05,8ac2f237,2,8428.299303803677,1000
0,F6_plus_panel_w0.05,8ac2f237,3,91885.53301207842,1000
0,F6_plus_panel_w0.05,8ac2f237,4,286577.55458215665,1000
0,F6_plus_panel_w0.05,8ac2f237,5,156568.00457198443,320
0,F6_plus_panel_w0.1,8ac2f237,0,1591.8855037699964,999
0,F6_plus_panel_w0.1,8ac2f237,1,5221.600631225993,1000
0,F6_plus_panel_w0.1,8ac2f237,2,9063.2559391734,1000
0,F6_plus_panel_w0.1,8ac2f237,3,95999.04698370503,1000
0,F6_plus_panel_w0.1,8ac2f237,4,307022.3605561027,1000
0,F6_plus_panel_w0.1,8ac2f237,5,171320.7846715476,320
0,F6_plus_panel_w0.2,8ac2f237,0,1569.8277571915812,999
0,F6_plus_panel_w0.2,8ac2f237,1,5641.430234483758,1000
0,F6_plus_panel_w0.2,8ac2f237,2,10410.158510972335,1000
0,F6_plus_panel_w0.2,8ac2f237,3,104501.83241415636,1000
0,F6_plus_panel_w0.2,8ac2f237,4,350076.69339038315,1000
0,F6_plus_panel_w0.2,8ac2f237,5,202828.56955897048,320
0,F6_plus_panel_w0.3,8ac2f237,0,1556.9006829064483,999
0,F6_plus_panel_w0.3,8ac2f237,1,6082.796691846161,1000
0,F6_plus_panel_w0.3,8ac2f237,2,11859.713484185137,1000
0,F6_plus_panel_w0.3,8ac2f237,3,113372.29449420949,1000
0,F6_plus_panel_w0.3,8ac2f237,4,396017.3207398511,1000
0,F6_plus_panel_w0.3,8ac2f237,5,237005.98736412294,320
0,current_F6_rerun,10be2420,0,144.6863592228509,999
0,current_F6_rerun,10be2420,1,1673.0645797120515,1000
0,current_F6_rerun,10be2420,2,1926.3339552485481,1000
0,current_F6_rerun,10be2420,3,515.2220287979561,272
0,F6_plus_panel_w0.05,10be2420,0,193.89595216676375,999
0,F6_plus_panel_w0.05,10be2420,1,2281.0972962500928,1000
0,F6_plus_panel_w0.05,10be2420,2,743.7942010037445,1000
0,F6_plus_panel_w0.05,10be2420,3,90.281300747461,272
0,F6_plus_panel_w0.1,10be2420,0,264.6266953861274,999
0,F6_plus_panel_w0.1,10be2420,1,3006.737456330459,1000
0,F6_plus_panel_w0.1,10be2420,2,467.1989847862001,1000
0,F6_plus_panel_w0.1,10be2420,3,49.68733867691678,272
0,F6_plus_panel_w0.2,10be2420,0,470.65163265111585,999
0,F6_plus_panel_w0.2,10be2420,1,4810.840107103019,1000
0,F6_plus_panel_w0.2,10be2420,2,2631.842166438307,1000
0,F6_plus_panel_w0.2,10be2420,3,1121.5397124770334,272
0,F6_plus_panel_w0.3,10be2420,0,762.7611710175081,999
0,F6_plus_panel_w0.3,10be2420,1,7085.372532022931,1000
0,F6_plus_panel_w0.3,10be2420,2,8420.263500197027,1000
0,F6_plus_panel_w0.3,10be2420,3,3730.779150195234,272
0,current_F6_rerun,0c1b160c,0,51370.78489266685,999
0,current_F6_rerun,0c1b160c,1,60468.792110898714,1000
0,current_F6_rerun,0c1b160c,2,21579.05287064063,1000
0,current_F6_rerun,0c1b160c,3,34887.09976697821,1000
0,current_F6_rerun,0c1b160c,4,98668.48486944001,1000
0,current_F6_rerun,0c1b160c,5,4168.258318898435,55
0,F6_plus_panel_w0.05,0c1b160c,0,46174.20395993291,999
0,F6_plus_panel_w0.05,0c1b160c,1,52882.650405523134,1000
0,F6_plus_panel_w0.05,0c1b160c,2,26627.65526996641,1000
0,F6_plus_panel_w0.05,0c1b160c,3,31923.011345761945,1000
0,F6_plus_panel_w0.05,0c1b160c,4,91937.23338123123,1000
0,F6_plus_panel_w0.05,0c1b160c,5,4028.761362742629,55
0,F6_plus_panel_w0.1,0c1b160c,0,41255.89372917133,999
0,F6_plus_panel_w0.1,0c1b160c,1,46147.512401534346,1000
0,F6_plus_panel_w0.1,0c1b160c,2,32356.06673161558,1000
0,F6_plus_panel_w0.1,0c1b160c,3,29146.12247251034,1000
0,F6_plus_panel_w0.1,0c1b160c,4,85450.46883554633,1000
0,F6_plus_panel_w0.1,0c1b160c,5,3891.802654789941,55
0,F6_plus_panel_w0.2,0c1b160c,0,32254.085373497925,999
0,F6_plus_panel_w0.2,0c1b160c,1,35230.247497660464,1000
0,F6_plus_panel_w0.2,0c1b160c,2,45852.31684192565,1000
0,F6_plus_panel_w0.2,0c1b160c,3,24153.943369846915,1000
0,F6_plus_panel_w0.2,0c1b160c,4,73210.40057165013,1000
0,F6_plus_panel_w0.2,0c1b160c,5,3625.4999834881855,55
0,F6_plus_panel_w0.3,0c1b160c,0,24365.35982563642,999
0,F6_plus_panel_w0.3,0c1b160c,1,27716.997399270953,1000
0,F6_plus_panel_w0.3,0c1b160c,2,62067.80320159183,1000
0,F6_plus_panel_w0.3,0c1b160c,3,19910.56245897804,1000
0,F6_plus_panel_w0.3,0c1b160c,4,61948.2800777318,1000
0,F6_plus_panel_w0.3,0c1b160c,5,3369.350304992448,55
0,current_F6_rerun,153552f5,0,3416.976253585553,999
0,current_F6_rerun,153552f5,1,750.1648875219564,1000
0,current_F6_rerun,153552f5,2,9120.029466802565,1000
0,current_F6_rerun,153552f5,3,88427.64275607759,1000
0,current_F6_rerun,153552f5,4,117779.2547389704,696
0,F6_plus_panel_w0.05,153552f5,0,3619.624211735651,999
0,F6_plus_panel_w0.05,153552f5,1,731.1642585894001,1000
0,F6_plus_panel_w0.05,153552f5,2,8071.778600092441,1000
0,F6_plus_panel_w0.05,153552f5,3,81634.2992491132,1000
0,F6_plus_panel_w0.05,153552f5,4,112290.31058411431,696
0,F6_plus_panel_w0.1,153552f5,0,3861.0385528734387,999
0,F6_plus_panel_w0.1,153552f5,1,747.2494300844627,1000
0,F6_plus_panel_w0.1,153552f5,2,7097.980318011083,1000
0,F6_plus_panel_w0.1,153552f5,3,75123.02519687633,1000
0,F6_plus_panel_w0.1,153552f5,4,106935.57773857593,696
0,F6_plus_panel_w0.2,153552f5,0,4460.166384124449,999
0,F6_plus_panel_w0.2,153552f5,1,884.6771743619678,1000
0,F6_plus_panel_w0.2,153552f5,2,5373.741507717068,1000
0,F6_plus_panel_w0.2,153552f5,3,62946.6854564971,1000
0,F6_plus_panel_w0.2,153552f5,4,96628.74597535821,696
0,F6_plus_panel_w0.3,153552f5,0,5214.359747344166,999
0,F6_plus_panel_w0.3,153552f5,1,1162.4481203570713,1000
0,F6_plus_panel_w0.3,153552f5,2,3947.3130359172437,1000
0,F6_plus_panel_w0.3,153552f5,3,51898.62353492042,1000
0,F6_plus_panel_w0.3,153552f5,4,86858.75944929848,696
0,current_F6_rerun,684a6fc1,0,2197.7858574103016,999
0,current_F6_rerun,684a6fc1,1,3517.245513093352,1000
0,current_F6_rerun,684a6fc1,2,4993.08020423512,1000
0,current_F6_rerun,684a6fc1,3,1670.2599367790444,1000
0,current_F6_rerun,684a6fc1,4,641.8247853023531,1000
0,current_F6_rerun,684a6fc1,5,2656.6597879085575,1000
0,current_F6_rerun,684a6fc1,6,14127.161636497553,1000
0,current_F6_rerun,684a6fc1,7,315844.493461969,1000
0,current_F6_rerun,684a6fc1,8,561440.014246879,1000
0,current_F6_rerun,684a6fc1,9,82331.90415170821,819
0,F6_plus_panel_w0.05,684a6fc1,0,4522.359564946875,999
0,F6_plus_panel_w0.05,684a6fc1,1,8352.46177046945,1000
0,F6_plus_panel_w0.05,684a6fc1,2,11397.395213305872,1000
0,F6_plus_panel_w0.05,684a6fc1,3,2598.6310029211986,1000
0,F6_plus_panel_w0.05,684a6fc1,4,1198.9664358234327,1000
0,F6_plus_panel_w0.05,684a6fc1,5,9237.116213498326,1000
0,F6_plus_panel_w0.05,684a6fc1,6,22306.704067661954,1000
0,F6_plus_panel_w0.05,684a6fc1,7,325127.4966445838,1000
0,F6_plus_panel_w0.05,684a6fc1,8,562681.8728289615,1000
0,F6_plus_panel_w0.05,684a6fc1,9,77418.37206273596,819
0,F6_plus_panel_w0.1,684a6fc1,0,7705.863421041798,999
0,F6_plus_panel_w0.1,684a6fc1,1,15534.869221252757,1000
0,F6_plus_panel_w0.1,684a6fc1,2,20807.91613729144,1000
0,F6_plus_panel_w0.1,684a6fc1,3,3805.1026366440988,1000
0,F6_plus_panel_w0.1,684a6fc1,4,3696.959200155202,1000
0,F6_plus_panel_w0.1,684a6fc1,5,20734.8800186389,1000
0,F6_plus_panel_w0.1,684a6fc1,6,32667.01687899993,1000
0,F6_plus_panel_w0.1,684a6fc1,7,334621.83718310506,1000
0,F6_plus_panel_w0.1,684a6fc1,8,563983.6319633418,1000
0,F6_plus_panel_w0.1,684a6fc1,9,72688.7035851141,819
0,F6_plus_panel_w0.2,684a6fc1,0,16649.66157892631,999
0,F6_plus_panel_w0.2,684a6fc1,1,36941.25770307186,1000
0,F6_plus_panel_w0.2,684a6fc1,2,48647.575730042634,1000
0,F6_plus_panel_w0.2,684a6fc1,3,7052.347606845036,1000
0,F6_plus_panel_w0.2,684a6fc1,4,14515.498070258453,1000
0,F6_plus_panel_w0.2,684a6fc1,5,58482.329767601856,1000
0,F6_plus_panel_w0.2,684a6fc1,6,59929.95364224058,1000
0,F6_plus_panel_w0.2,684a6fc1,7,354244.5303280399,1000
0,F6_plus_panel_w0.2,684a6fc1,8,566766.8518892311,1000
0,F6_plus_panel_w0.2,684a6fc1,9,63780.95746399877,819
0,F6_plus_panel_w0.3,684a6fc1,0,29029.18033107794,999
0,F6_plus_panel_w0.3,684a6fc1,1,67736.41095857345,1000
0,F6_plus_panel_w0.3,684a6fc1,2,88512.05898251449,1000
0,F6_plus_panel_w0.3,684a6fc1,3,11411.994847391486,1000
0,F6_plus_panel_w0.3,684a6fc1,4,33097.44139562791,1000
0,F6_plus_panel_w0.3,684a6fc1,5,115899.00903482869,1000
0,F6_plus_panel_w0.3,684a6fc1,6,95915.97192624539,1000
0,F6_plus_panel_w0.3,684a6fc1,7,374712.57289683097,1000
0,F6_plus_panel_w0.3,684a6fc1,8,569789.6740246251,1000
0,F6_plus_panel_w0.3,684a6fc1,9,55608.66578838338,819
0,current_F6_rerun,9c350a6a,0,18475.732514954467,999
0,current_F6_rerun,9c350a6a,1,82808.21985316213,1000
0,current_F6_rerun,9c350a6a,2,220684.57223927102,1000
0,current_F6_rerun,9c350a6a,3,432272.5770161765,1000
0,current_F6_rerun,9c350a6a,4,1285970.7139466058,1000
0,current_F6_rerun,9c350a6a,5,800727.3816981959,1000
0,current_F6_rerun,9c350a6a,6,1984.5775508715305,53
0,F6_plus_panel_w0.05,9c350a6a,0,17374.025524619596,999
0,F6_plus_panel_w0.05,9c350a6a,1,80777.68448423813,1000
0,F6_plus_panel_w0.05,9c350a6a,2,230559.4367709619,1000
0,F6_plus_panel_w0.05,9c350a6a,3,424891.0199097165,1000
0,F6_plus_panel_w0.05,9c350a6a,4,1255611.012513315,1000
0,F6_plus_panel_w0.05,9c350a6a,5,774060.8923358019,1000
0,F6_plus_panel_w0.05,9c350a6a,6,1513.1133882525412,53
0,F6_plus_panel_w0.1,9c350a6a,0,16309.301066527602,999
0,F6_plus_panel_w0.1,9c350a6a,1,78802.57918370854,1000
0,F6_plus_panel_w0.1,9c350a6a,2,240687.82977473573,1000
0,F6_plus_panel_w0.1,9c350a6a,3,417675.2511520268,1000
0,F6_plus_panel_w0.1,9c350a6a,4,1225626.3961399044,1000
0,F6_plus_panel_w0.1,9c350a6a,5,748012.0907741643,1000
0,F6_plus_panel_w0.1,9c350a6a,6,1105.6190647985654,53
0,F6_plus_panel_w0.2,9c350a6a,0,14290.79974710305,999
0,F6_plus_panel_w0.2,9c350a6a,1,75018.65878792528,1000
0,F6_plus_panel_w0.2,9c350a6a,2,261705.20119869063,1000
0,F6_plus_panel_w0.2,9c350a6a,3,403741.0786831847,1000
0,F6_plus_panel_w0.2,9c350a6a,4,1166782.4185730699,1000
0,F6_plus_panel_w0.2,9c350a6a,5,697767.5510534294,1000
0,F6_plus_panel_w0.2,9c350a6a,6,482.5399353886164,53
0,F6_plus_panel_w0.3,9c350a6a,0,12420.228556687007,999
0,F6_plus_panel_w0.3,9c350a6a,1,71456.45866583317,1000
0,F6_plus_panel_w0.3,9c350a6a,2,283736.68651118304,1000
0,F6_plus_panel_w0.3,9c350a6a,3,390470.05960970034,1000
0,F6_plus_panel_w0.3,9c350a6a,4,1109438.7812462028,1000
0,F6_plus_panel_w0.3,9c350a6a,5,649993.7625360491,1000
0,F6_plus_panel_w0.3,9c350a6a,6,115.3401626418635,53
0,current_F6_rerun,729f4217,0,1823.353671096008,999
0,current_F6_rerun,729f4217,1,7281.121242802105,1000
0,current_F6_rerun,729f4217,2,5483.577333725789,1000
0,current_F6_rerun,729f4217,3,2305.1974533887465,1000
0,current_F6_rerun,729f4217,4,2330.276302816388,1000
0,current_F6_rerun,729f4217,5,10526.505430143025,1000
0,current_F6_rerun,729f4217,6,17138.109744030662,196
0,F6_plus_panel_w0.05,729f4217,0,2490.160792109446,999
0,F6_plus_panel_w0.05,729f4217,1,11070.422903219625,1000
0,F6_plus_panel_w0.05,729f4217,2,9066.58565483672,1000
0,F6_plus_panel_w0.05,729f4217,3,4650.966674865055,1000
0,F6_plus_panel_w0.05,729f4217,4,4773.653444678587,1000
0,F6_plus_panel_w0.05,729f4217,5,10378.045954116307,1000
0,F6_plus_panel_w0.05,729f4217,6,15195.717146005753,196
0,F6_plus_panel_w0.1,729f4217,0,3346.891112534065,999
0,F6_plus_panel_w0.1,729f4217,1,15675.888163540973,1000
0,F6_plus_panel_w0.1,729f4217,2,13677.942980008831,1000
0,F6_plus_panel_w0.1,729f4217,3,7839.654805741409,1000
0,F6_plus_panel_w0.1,729f4217,4,8111.082903439166,1000
0,F6_plus_panel_w0.1,729f4217,5,10818.885279169828,1000
0,F6_plus_panel_w0.1,729f4217,6,13370.868992404461,196
0,F6_plus_panel_w0.2,729f4217,0,5630.121351614173,999
0,F6_plus_panel_w0.2,729f4217,1,27335.309483859863,1000
0,F6_plus_panel_w0.2,729f4217,2,25985.7046425055,1000
0,F6_plus_panel_w0.2,729f4217,3,16745.78779567207,1000
0,F6_plus_panel_w0.2,729f4217,4,17468.09877163151,1000
0,F6_plus_panel_w0.2,729f4217,5,13468.460332519091,1000
0,F6_plus_panel_w0.2,729f4217,6,10073.806018487408,196
0,F6_plus_panel_w0.3,729f4217,0,8673.044388330934,999
0,F6_plus_panel_w0.3,729f4217,1,42259.38520373977,1000
0,F6_plus_panel_w0.3,729f4217,2,42406.86232119656,1000
0,F6_plus_panel_w0.3,729f4217,3,29023.59642316527,1000
0,F6_plus_panel_w0.3,729f4217,4,30401.323907379137,1000
0,F6_plus_panel_w0.3,729f4217,5,18475.230590183808,1000
0,F6_plus_panel_w0.3,729f4217,6,7246.920822282728,196
0,current_F6_rerun,261785ee,0,168276.75713777472,999
0,current_F6_rerun,261785ee,1,783639.7479703352,1000
0,current_F6_rerun,261785ee,2,818292.8695001644,1000
0,current_F6_rerun,261785ee,3,43840.88427476125,647
0,F6_plus_panel_w0.05,261785ee,0,157949.59346078505,999
0,F6_plus_panel_w0.05,261785ee,1,761646.8566574553,1000
0,F6_plus_panel_w0.05,261785ee,2,807344.036948103,1000
0,F6_plus_panel_w0.05,261785ee,3,45664.651204801434,647
0,F6_plus_panel_w0.1,261785ee,0,147965.01359235184,999
0,F6_plus_panel_w0.1,261785ee,1,739978.1783527976,1000
0,F6_plus_panel_w0.1,261785ee,2,796503.3175063973,1000
0,F6_plus_panel_w0.1,261785ee,3,47591.12793636047,647
0,F6_plus_panel_w0.2,261785ee,0,129023.60528106343,999
0,F6_plus_panel_w0.2,261785ee,1,697613.4607678613,1000
0,F6_plus_panel_w0.2,261785ee,2,775146.2179537665,1000
0,F6_plus_panel_w0.2,261785ee,3,51752.210803976566,647
0,F6_plus_panel_w0.3,261785ee,0,111452.532203892,999
0,F6_plus_panel_w0.3,261785ee,1,656545.5952154539,1000
0,F6_plus_panel_w0.3,261785ee,2,754221.5708422005,1000
0,F6_plus_panel_w0.3,261785ee,3,56324.13287759678,647
0,current_F6_rerun,c6b782a4,0,46945.26729589276,999
0,current_F6_rerun,c6b782a4,1,12998.04548589148,1000
0,current_F6_rerun,c6b782a4,2,50673.05000278043,1000
0,current_F6_rerun,c6b782a4,3,76901.68588219985,1000
0,current_F6_rerun,c6b782a4,4,3615.2540827063485,878
0,F6_plus_panel_w0.05,c6b782a4,0,45098.2017611235,999
0,F6_plus_panel_w0.05,c6b782a4,1,12565.843051520636,1000
0,F6_plus_panel_w0.05,c6b782a4,2,52985.72775666883,1000
0,F6_plus_panel_w0.05,c6b782a4,3,82683.55709604124,1000
0,F6_plus_panel_w0.05,c6b782a4,4,3121.429531846775,878
0,F6_plus_panel_w0.1,c6b782a4,0,43289.53966098844,999
0,F6_plus_panel_w0.1,c6b782a4,1,12173.300812211612,1000
0,F6_plus_panel_w0.1,c6b782a4,2,55374.73792715957,1000
0,F6_plus_panel_w0.1,c6b782a4,3,88702.70722056954,1000
0,F6_plus_panel_w0.1,c6b782a4,4,2682.309203818047,878
0,F6_plus_panel_w0.2,c6b782a4,0,39787.42576455096,999
0,F6_plus_panel_w0.2,c6b782a4,1,11507.196918747457,1000
0,F6_plus_panel_w0.2,c6b782a4,2,60381.7555178708,1000
0,F6_plus_panel_w0.2,c6b782a4,3,101452.84420160219,1000
0,F6_plus_panel_w0.2,c6b782a4,4,1968.1812162349272,878
0,F6_plus_panel_w0.3,c6b782a4,0,36438.92560656635,999
0,F6_plus_panel_w0.3,c6b782a4,1,10999.73380549209,1000
0,F6_plus_panel_w0.3,c6b782a4,2,65694.10277489248,1000
0,F6_plus_panel_w0.3,c6b782a4,3,115152.09682526664,1000
0,F6_plus_panel_w0.3,c6b782a4,4,1472.87011995537,878
0,current_F6_rerun,fb03ae90,0,388909.9327942125,999
0,current_F6_rerun,fb03ae90,1,1782238.6558475157,1000
0,current_F6_rerun,fb03ae90,2,2174780.4988907184,1000
0,current_F6_rerun,fb03ae90,3,2232867.1621024217,1000
0,current_F6_rerun,fb03ae90,4,2159092.562922729,1000
0,current_F6_rerun,fb03ae90,5,1889934.3145672868,1000
0,current_F6_rerun,fb03ae90,6,585540.318453084,432
0,F6_plus_panel_w0.05,fb03ae90,0,393746.01700721873,999
0,F6_plus_panel_w0.05,fb03ae90,1,1791566.0386060197,1000
0,F6_plus_panel_w0.05,fb03ae90,2,2176158.406590277,1000
0,F6_plus_panel_w0.05,fb03ae90,3,2243263.7746280623,1000
0,F6_plus_panel_w0.05,fb03ae90,4,2151025.0752147315,1000
0,F6_plus_panel_w0.05,fb03ae90,5,1884367.7562032866,1000
0,F6_plus_panel_w0.05,fb03ae90,6,589891.4425972787,432
0,F6_plus_panel_w0.1,fb03ae90,0,398646.526299554,999
0,F6_plus_panel_w0.1,fb03ae90,1,1800920.0954779445,1000
0,F6_plus_panel_w0.1,fb03ae90,2,2177538.549586063,1000
0,F6_plus_panel_w0.1,fb03ae90,3,2253686.483154432,1000
0,F6_plus_panel_w0.1,fb03ae90,4,2142995.5682795225,1000
0,F6_plus_panel_w0.1,fb03ae90,5,1878828.0365155702,1000
0,F6_plus_panel_w0.1,fb03ae90,6,594259.752031616,432
0,F6_plus_panel_w0.2,fb03ae90,0,408640.8201220347,999
0,F6_plus_panel_w0.2,fb03ae90,1,1819708.2315616438,1000
0,F6_plus_panel_w0.2,fb03ae90,2,2180305.5414658487,1000
0,F6_plus_panel_w0.2,fb03ae90,3,2274610.1882088515,1000
0,F6_plus_panel_w0.2,fb03ae90,4,2127050.4967269856,1000
0,F6_plus_panel_w0.2,fb03ae90,5,1867829.1131685646,1000
0,F6_plus_panel_w0.2,fb03ae90,6,603047.9267705621,432
0,F6_plus_panel_w0.3,fb03ae90,0,418892.814261605,999
0,F6_plus_panel_w0.3,fb03ae90,1,1838603.0640985025,1000
0,F6_plus_panel_w0.3,fb03ae90,2,2183081.474529943,1000
0,F6_plus_panel_w0.3,fb03ae90,3,2295638.2772655557,1000
0,F6_plus_panel_w0.3,fb03ae90,4,2111257.3482650174,1000
0,F6_plus_panel_w0.3,fb03ae90,5,1856937.544526146,1000
0,F6_plus_panel_w0.3,fb03ae90,6,611904.8426698631,432
0,current_F6_rerun,201661b5,0,180843.4092758177,999
0,current_F6_rerun,201661b5,1,49284.292955549485,1000
0,current_F6_rerun,201661b5,2,146502.0215686678,1000
0,current_F6_rerun,201661b5,3,217394.99862231736,1000
0,current_F6_rerun,201661b5,4,289507.28074350057,1000
0,current_F6_rerun,201661b5,5,497556.6391618506,956
0,F6_plus_panel_w0.05,201661b5,0,170998.4571916582,999
0,F6_plus_panel_w0.05,201661b5,1,47543.35170726421,1000
0,F6_plus_panel_w0.05,201661b5,2,144521.91200916265,1000
0,F6_plus_panel_w0.05,201661b5,3,217737.22386299784,1000
0,F6_plus_panel_w0.05,201661b5,4,287736.1991527496,1000
0,F6_plus_panel_w0.05,201661b5,5,488729.00930846663,956
0,F6_plus_panel_w0.1,201661b5,0,161435.2036559125,999
0,F6_plus_panel_w0.1,201661b5,1,45840.97279881408,1000
0,F6_plus_panel_w0.1,201661b5,2,142556.37951857928,1000
0,F6_plus_panel_w0.1,201661b5,3,218097.9811476741,1000
0,F6_plus_panel_w0.1,201661b5,4,286021.92128099705,1000
0,F6_plus_panel_w0.1,201661b5,5,480013.769722301,956
0,F6_plus_panel_w0.2,201661b5,0,143153.7922295644,999
0,F6_plus_panel_w0.2,201661b5,1,42551.902001474,1000
0,F6_plus_panel_w0.2,201661b5,2,138669.0457442846,1000
0,F6_plus_panel_w0.2,201661b5,3,218875.0918491554,1000
0,F6_plus_panel_w0.2,201661b5,4,282763.77669465984,1000
0,F6_plus_panel_w0.2,201661b5,5,462920.461351837,956
0,F6_plus_panel_w0.3,201661b5,0,125999.17499674688,999
0,F6_plus_panel_w0.3,201661b5,1,39417.080563543626,1000
0,F6_plus_panel_w0.3,201661b5,2,134840.02024581467,1000
0,F6_plus_panel_w0.3,201661b5,3,219726.33072680313,1000
0,F6_plus_panel_w0.3,201661b5,4,279732.8469845302,1000
0,F6_plus_panel_w0.3,201661b5,5,446276.714050514,956
0,current_F6_rerun,a0383629,0,7180.988382625381,999
0,current_F6_rerun,a0383629,1,2416.355354572751,1000
0,current_F6_rerun,a0383629,2,6039.47750261079,1000
0,current_F6_rerun,a0383629,3,10040.857978502207,1000
0,current_F6_rerun,a0383629,4,41044.651294099254,1000
0,current_F6_rerun,a0383629,5,127011.10948634455,833
0,F6_plus_panel_w0.05,a0383629,0,6687.357268139603,999
0,F6_plus_panel_w0.05,a0383629,1,3398.2943046501923,1000
0,F6_plus_panel_w0.05,a0383629,2,8440.512802745532,1000
0,F6_plus_panel_w0.05,a0383629,3,9216.697824808534,1000
0,F6_plus_panel_w0.05,a0383629,4,33521.49755599201,1000
0,F6_plus_panel_w0.05,a0383629,5,115785.60203405327,833
0,F6_plus_panel_w0.1,a0383629,0,6232.280532688392,999
0,F6_plus_panel_w0.1,a0383629,1,4628.9613238905995,1000
0,F6_plus_panel_w0.1,a0383629,2,11280.105450434212,1000
0,F6_plus_panel_w0.1,a0383629,3,9074.171029718682,1000
0,F6_plus_panel_w0.1,a0383629,4,26772.851464602358,1000
0,F6_plus_panel_w0.1,a0383629,5,105130.5119957543,833
0,F6_plus_panel_w0.2,a0383629,0,5437.790198909389,999
0,F6_plus_panel_w0.2,a0383629,1,7836.479569845634,1000
0,F6_plus_panel_w0.2,a0383629,2,18274.962788446253,1000
0,F6_plus_panel_w0.2,a0383629,3,10834.017515357371,1000
0,F6_plus_panel_w0.2,a0383629,4,15599.082222028735,1000
0,F6_plus_panel_w0.2,a0383629,5,85531.58416121874,833
0,F6_plus_panel_w0.3,a0383629,0,4797.517381291739,999
0,F6_plus_panel_w0.3,a0383629,1,12038.910092427961,1000
0,F6_plus_panel_w0.3,a0383629,2,27024.04951663186,1000
0,F6_plus_panel_w0.3,a0383629,3,15320.397435411758,1000
0,F6_plus_panel_w0.3,a0383629,4,7523.343566386918,1000
0,F6_plus_panel_w0.3,a0383629,5,68214.32598275921,833
0,current_F6_rerun,3a223519,0,6239.266378517346,999
0,current_F6_rerun,3a223519,1,10923.601347499369,1000
0,current_F6_rerun,3a223519,2,3910.2811632521807,1000
0,current_F6_rerun,3a223519,3,3020.1081415310637,1000
0,current_F6_rerun,3a223519,4,425.4520801224561,584
0,F6_plus_panel_w0.05,3a223519,0,6886.995669546484,999
0,F6_plus_panel_w0.05,3a223519,1,12472.853842450113,1000
0,F6_plus_panel_w0.05,3a223519,2,4273.817786648914,1000
0,F6_plus_panel_w0.05,3a223519,3,2077.180761934128,1000
0,F6_plus_panel_w0.05,3a223519,4,362.8692644674849,584
0,F6_plus_panel_w0.1,3a223519,0,7624.235693627445,999
0,F6_plus_panel_w0.1,3a223519,1,14170.374958676724,1000
0,F6_plus_panel_w0.1,3a223519,2,4887.761010523582,1000
0,F6_plus_panel_w0.1,3a223519,3,2842.8205005861337,1000
0,F6_plus_panel_w0.1,3a223519,4,1345.4522112958332,584
0,F6_plus_panel_w0.2,3a223519,0,9367.247940927757,999
0,F6_plus_panel_w0.2,3a223519,1,18010.22305492136,1000
0,F6_plus_panel_w0.2,3a223519,2,6866.867259693258,1000
0,F6_plus_panel_w0.2,3a223519,3,9499.801332639641,1000
0,F6_plus_panel_w0.2,3a223519,4,6446.115392399803,584
0,F6_plus_panel_w0.3,3a223519,0,11468.303120408018,999
0,F6_plus_panel_w0.3,3a223519,1,22443.14563621388,1000
0,F6_plus_panel_w0.3,3a223519,2,9847.599910750187,1000
0,F6_plus_panel_w0.3,3a223519,3,22991.050637671895,1000
0,F6_plus_panel_w0.3,3a223519,4,15727.441623421497,584
0,current_F6_rerun,3407f5bf,0,1308.1660219764212,999
0,current_F6_rerun,3407f5bf,1,3980.8044923717753,1000
0,current_F6_rerun,3407f5bf,2,95804.40567291588,1000
0,current_F6_rerun,3407f5bf,3,377127.5864528473,639
0,F6_plus_panel_w0.05,3407f5bf,0,1062.953764691451,999
0,F6_plus_panel_w0.05,3407f5bf,1,4218.411264232353,1000
0,F6_plus_panel_w0.05,3407f5bf,2,104544.2698952404,1000
0,F6_plus_panel_w0.05,3407f5bf,3,416674.1139809357,639
0,F6_plus_panel_w0.1,3407f5bf,0,873.2124563457409,999
0,F6_plus_panel_w0.1,3407f5bf,1,4659.779678295863,1000
0,F6_plus_panel_w0.1,3407f5bf,2,113689.40183804376,1000
0,F6_plus_panel_w0.1,3407f5bf,3,458213.49936606275,639
0,F6_plus_panel_w0.2,3407f5bf,0,660.1426864787848,999
0,F6_plus_panel_w0.2,3407f5bf,1,6153.801433021121,1000
0,F6_plus_panel_w0.2,3407f5bf,2,133195.46888498496,1000
0,F6_plus_panel_w0.2,3407f5bf,3,547270.8437072542,639
0,F6_plus_panel_w0.3,3407f5bf,0,668.9567123751154,999
0,F6_plus_panel_w0.3,3407f5bf,1,8462.869756540018,1000
0,F6_plus_panel_w0.3,3407f5bf,2,154322.60681370672,1000
0,F6_plus_panel_w0.3,3407f5bf,3,644299.6194763669,639
0,current_F6_rerun,493b5b31,0,180139.60322524828,999
0,current_F6_rerun,493b5b31,1,48503.517327758906,1000
0,current_F6_rerun,493b5b31,2,135315.35555737632,1000
0,current_F6_rerun,493b5b31,3,192972.16321134524,1000
0,current_F6_rerun,493b5b31,4,135227.24802655188,672
0,F6_plus_panel_w0.05,493b5b31,0,173758.14599459342,999
0,F6_plus_panel_w0.05,493b5b31,1,48092.51916538958,1000
0,F6_plus_panel_w0.05,493b5b31,2,146055.18495542152,1000
0,F6_plus_panel_w0.05,493b5b31,3,216453.30521541342,1000
0,F6_plus_panel_w0.05,493b5b31,4,151952.92910291947,672
0,F6_plus_panel_w0.1,493b5b31,0,167512.17981481075,999
0,F6_plus_panel_w0.1,493b5b31,1,48450.667827173296,1000
0,F6_plus_panel_w0.1,493b5b31,2,157518.83488658493,1000
0,F6_plus_panel_w0.1,493b5b31,3,241367.31817288604,1000
0,F6_plus_panel_w0.1,493b5b31,4,169698.95537843424,672
0,F6_plus_panel_w0.2,493b5b31,0,155426.72060772983,999
0,F6_plus_panel_w0.2,493b5b31,1,51474.40562318877,1000
0,F6_plus_panel_w0.2,493b5b31,2,182617.59634838064,1000
0,F6_plus_panel_w0.2,493b5b31,3,295493.95694819663,1000
0,F6_plus_panel_w0.2,493b5b31,4,208252.04352700803,672
0,F6_plus_panel_w0.3,493b5b31,0,143883.22560394378,999
0,F6_plus_panel_w0.3,493b5b31,1,57574.73071581605,1000
0,F6_plus_panel_w0.3,493b5b31,2,210611.63994282915,1000
0,F6_plus_panel_w0.3,493b5b31,3,355352.07953736687,1000
0,F6_plus_panel_w0.3,493b5b31,4,250886.51247233618,672
0,current_F6_rerun,939d9c34,0,24804.47270000919,999
0,current_F6_rerun,939d9c34,1,212025.5891000278,1000
0,current_F6_rerun,939d9c34,2,159943.83040002012,1000
0,current_F6_rerun,939d9c34,3,268894.98669996,1000
0,current_F6_rerun,939d9c34,4,362256.5498999884,1000
0,current_F6_rerun,939d9c34,5,139666.41010001156,102
0,F6_plus_panel_w0.05,939d9c34,0,22291.98308932255,999
0,F6_plus_panel_w0.05,939d9c34,1,202079.76381681493,1000
0,F6_plus_panel_w0.05,939d9c34,2,154235.5302756266,1000
0,F6_plus_panel_w0.05,939d9c34,3,275444.1830558621,1000
0,F6_plus_panel_w0.05,939d9c34,4,362000.5595925271,1000
0,F6_plus_panel_w0.05,939d9c34,5,136440.5709538202,102
0,F6_plus_panel_w0.1,939d9c34,0,19927.27143017018,999
0,F6_plus_panel_w0.1,939d9c34,1,192409.1462193363,1000
0,F6_plus_panel_w0.1,939d9c34,2,148667.7231795911,1000
0,F6_plus_panel_w0.1,939d9c34,3,282093.9348759284,1000
0,F6_plus_panel_w0.1,939d9c34,4,361946.2390137135,1000
0,F6_plus_panel_w0.1,939d9c34,5,133252.63331273966,102
0,F6_plus_panel_w0.2,939d9c34,0,15641.181966540264,999
0,F6_plus_panel_w0.2,939d9c34,1,173893.53408182136,1000
0,F6_plus_panel_w0.2,939d9c34,2,137953.58807277234,1000
0,F6_plus_panel_w0.2,939d9c34,3,295695.1049082927,1000
0,F6_plus_panel_w0.2,939d9c34,4,362442.60704196175,1000
0,F6_plus_panel_w0.2,939d9c34,5,126990.46254596587,102
0,F6_plus_panel_w0.3,939d9c34,0,11946.204309100347,999
0,F6_plus_panel_w0.3,939d9c34,1,156478.75268742398,1000
0,F6_plus_panel_w0.3,939d9c34,2,127801.42507952418,1000
0,F6_plus_panel_w0.3,939d9c34,3,309698.4967970922,1000
0,F6_plus_panel_w0.3,939d9c34,4,363745.6539847086,1000
0,F6_plus_panel_w0.3,939d9c34,5,120879.89779970939,102
0,current_F6_rerun,6767c111,0,309452.24993808975,999
0,current_F6_rerun,6767c111,1,155034.85876947385,1000
0,current_F6_rerun,6767c111,2,90923.60374751512,1000
0,current_F6_rerun,6767c111,3,75583.03005758655,1000
0,current_F6_rerun,6767c111,4,68015.56355579794,1000
0,current_F6_rerun,6767c111,5,36050.48363975732,1000
0,current_F6_rerun,6767c111,6,40885.82081965794,784
0,F6_plus_panel_w0.05,6767c111,0,322356.45976806397,999
0,F6_plus_panel_w0.05,6767c111,1,163924.4395936372,1000
0,F6_plus_panel_w0.05,6767c111,2,96474.03192473634,1000
0,F6_plus_panel_w0.05,6767c111,3,77288.29556647228,1000
0,F6_plus_panel_w0.05,6767c111,4,70427.40701424058,1000
0,F6_plus_panel_w0.05,6767c111,5,38561.42329605474,1000
0,F6_plus_panel_w0.05,6767c111,6,50280.7241633487,784
0,F6_plus_panel_w0.1,6767c111,0,335544.1463165251,999
0,F6_plus_panel_w0.1,6767c111,1,173065.04515113714,1000
0,F6_plus_panel_w0.1,6767c111,2,102195.37869050082,1000
0,F6_plus_panel_w0.1,6767c111,3,79014.52735859723,1000
0,F6_plus_panel_w0.1,6767c111,4,72882.56353792099,1000
0,F6_plus_panel_w0.1,6767c111,5,41198.55872905665,1000
0,F6_plus_panel_w0.1,6767c111,6,63112.0952212906,784
0,F6_plus_panel_w0.2,6767c111,0,362769.9495690714,999
0,F6_plus_panel_w0.2,6767c111,1,192099.33046628544,1000
0,F6_plus_panel_w0.2,6767c111,2,114150.82798775255,1000
0,F6_plus_panel_w0.2,6767c111,3,82529.88979265217,1000
0,F6_plus_panel_w0.2,6767c111,4,77922.81578107848,1000
0,F6_plus_panel_w0.2,6767c111,5,46851.416925236656,1000
0,F6_plus_panel_w0.2,6767c111,6,99084.24047998182,784
0,F6_plus_panel_w0.3,6767c111,0,391129.65969577676,999
0,F6_plus_panel_w0.3,6767c111,1,212137.7147149622,1000
0,F6_plus_panel_w0.3,6767c111,2,126789.95163930487,1000
0,F6_plus_panel_w0.3,6767c111,3,86129.11735977954,1000
0,F6_plus_panel_w0.3,6767c111,4,83136.32028529678,1000
0,F6_plus_panel_w0.3,6767c111,5,53009.05822831504,1000
0,F6_plus_panel_w0.3,6767c111,6,148802.25659576364,784
0,current_F6_rerun,e5c92e59,0,3733.5894524087134,999
0,current_F6_rerun,e5c92e59,1,27777.41807097177,1000
0,current_F6_rerun,e5c92e59,2,4780.023747731043,1000
0,current_F6_rerun,e5c92e59,3,10156.937026560436,1000
0,current_F6_rerun,e5c92e59,4,12498.143183983151,296
0,F6_plus_panel_w0.05,e5c92e59,0,3471.430040569793,999
0,F6_plus_panel_w0.05,e5c92e59,1,29242.598035843996,1000
0,F6_plus_panel_w0.05,e5c92e59,2,5255.350606265472,1000
0,F6_plus_panel_w0.05,e5c92e59,3,11109.42343103826,1000
0,F6_plus_panel_w0.05,e5c92e59,4,14026.832991619292,296
0,F6_plus_panel_w0.1,e5c92e59,0,3220.6970088073394,999
0,F6_plus_panel_w0.1,e5c92e59,1,30760.14254851535,1000
0,F6_plus_panel_w0.1,e5c92e59,2,5807.533337127592,1000
0,F6_plus_panel_w0.1,e5c92e59,3,12424.225871533577,1000
0,F6_plus_panel_w0.1,e5c92e59,4,15645.364415033064,296
0,F6_plus_panel_w0.2,e5c92e59,0,2753.5100855004493,999
0,F6_plus_panel_w0.2,e5c92e59,1,33952.32521729184,1000
0,F6_plus_panel_w0.2,e5c92e59,2,7142.466415838378,1000
0,F6_plus_panel_w0.2,e5c92e59,3,16140.77886056956,1000
0,F6_plus_panel_w0.2,e5c92e59,4,19151.9521091691,296
0,F6_plus_panel_w0.3,e5c92e59,0,2332.028682486144,999
0,F6_plus_panel_w0.3,e5c92e59,1,37353.96607731486,1000
0,F6_plus_panel_w0.3,e5c92e59,2,8784.82298386308,1000
0,F6_plus_panel_w0.3,e5c92e59,3,21306.595993661183,1000
0,F6_plus_panel_w0.3,e5c92e59,4,23017.906266385668,296
0,current_F6_rerun,fb0904bd,0,782.3395286438728,999
0,current_F6_rerun,fb0904bd,1,73496.8156587226,1000
0,current_F6_rerun,fb0904bd,2,38088.81890471639,1000
0,current_F6_rerun,fb0904bd,3,1022.1303026507644,182
0,F6_plus_panel_w0.05,fb0904bd,0,786.5538978993361,999
0,F6_plus_panel_w0.05,fb0904bd,1,68320.39585717062,1000
0,F6_plus_panel_w0.05,fb0904bd,2,36579.46322034205,1000
0,F6_plus_panel_w0.05,fb0904bd,3,1233.3150342112688,182
0,F6_plus_panel_w0.1,fb0904bd,0,793.187986265158,999
0,F6_plus_panel_w0.1,fb0904bd,1,63337.823011261775,1000
0,F6_plus_panel_w0.1,fb0904bd,2,35118.00535091528,1000
0,F6_plus_panel_w0.1,fb0904bd,3,1464.5254909918867,182
0,F6_plus_panel_w0.2,fb0904bd,0,813.7153203221686,999
0,F6_plus_panel_w0.2,fb0904bd,1,53954.21818645498,1000
0,F6_plus_panel_w0.2,fb0904bd,2,32338.783056959972,1000
0,F6_plus_panel_w0.2,fb0904bd,3,1987.0235802185323,182
0,F6_plus_panel_w0.3,fb0904bd,0,843.9215308129982,999
0,F6_plus_panel_w0.3,fb0904bd,1,45346.001184317596,1000
0,F6_plus_panel_w0.3,fb0904bd,2,29751.152022863866,1000
0,F6_plus_panel_w0.3,fb0904bd,3,2589.6245703321715,182
0,current_F6_rerun,0d99f8e4,0,2987.2133744657344,999
0,current_F6_rerun,0d99f8e4,1,3235.752256619112,1000
0,current_F6_rerun,0d99f8e4,2,2686.4099725835167,1000
0,current_F6_rerun,0d99f8e4,3,3407.5875089638457,1000
0,current_F6_rerun,0d99f8e4,4,35092.14064420733,1000
0,current_F6_rerun,0d99f8e4,5,122458.9099168607,824
0,F6_plus_panel_w0.05,0d99f8e4,0,3118.2930081381583,999
0,F6_plus_panel_w0.05,0d99f8e4,1,4272.735847513742,1000
0,F6_plus_panel_w0.05,0d99f8e4,2,4366.201668600041,1000
0,F6_plus_panel_w0.05,0d99f8e4,3,4665.451959048969,1000
0,F6_plus_panel_w0.05,0d99f8e4,4,32412.422203362767,1000
0,F6_plus_panel_w0.05,0d99f8e4,5,106445.51508443363,824
0,F6_plus_panel_w0.1,0d99f8e4,0,3257.6216562320137,999
0,F6_plus_panel_w0.1,0d99f8e4,1,5626.240655300704,1000
0,F6_plus_panel_w0.1,0d99f8e4,2,6557.257131555942,1000
0,F6_plus_panel_w0.1,0d99f8e4,3,6290.247702418734,1000
0,F6_plus_panel_w0.1,0d99f8e4,4,29862.91804831182,1000
0,F6_plus_panel_w0.1,0d99f8e4,5,91787.4232114623,824
0,F6_plus_panel_w0.2,0d99f8e4,0,3561.0259956958753,999
0,F6_plus_panel_w0.2,0d99f8e4,1,9282.813921545603,1000
0,F6_plus_panel_w0.2,0d99f8e4,2,12473.159358267178,1000
0,F6_plus_panel_w0.2,0d99f8e4,3,10640.633068997084,1000
0,F6_plus_panel_w0.2,0d99f8e4,4,25154.55259563951,1000
0,F6_plus_panel_w0.2,0d99f8e4,5,66537.14834398904,824
0,F6_plus_panel_w0.3,0d99f8e4,0,3897.426392860929,999
0,F6_plus_panel_w0.3,0d99f8e4,1,14205.472055346685,1000
0,F6_plus_panel_w0.3,0d99f8e4,2,20434.116652703793,1000
0,F6_plus_panel_w0.3,0d99f8e4,3,16458.743608690747,1000
0,F6_plus_panel_w0.3,0d99f8e4,4,20967.04428620078,1000
0,F6_plus_panel_w0.3,0d99f8e4,5,46708.0853144553,824
0,current_F6_rerun,df73b8f3,0,106787.23142515062,999
0,current_F6_rerun,df73b8f3,1,121162.55414515687,1000
0,current_F6_rerun,df73b8f3,2,1263.9198330273916,1000
0,current_F6_rerun,df73b8f3,3,6532.16420780489,1000
0,current_F6_rerun,df73b8f3,4,395444.59028144646,1000
0,current_F6_rerun,df73b8f3,5,330748.24637894874,312
0,F6_plus_panel_w0.05,df73b8f3,0,100113.89138096468,999
0,F6_plus_panel_w0.05,df73b8f3,1,112093.08961515855,1000
0,F6_plus_panel_w0.05,df73b8f3,2,1342.458933332027,1000
0,F6_plus_panel_w0.05,df73b8f3,3,8378.748788594883,1000
0,F6_plus_panel_w0.05,df73b8f3,4,408598.10209033266,1000
0,F6_plus_panel_w0.05,df73b8f3,5,330690.5039831173,312
0,F6_plus_panel_w0.1,df73b8f3,0,93668.89879590036,999
0,F6_plus_panel_w0.1,df73b8f3,1,103387.89439101693,1000
0,F6_plus_panel_w0.1,df73b8f3,2,1456.0550006466767,1000
0,F6_plus_panel_w0.1,df73b8f3,3,10649.042394094033,1000
0,F6_plus_panel_w0.1,df73b8f3,4,422018.287703552,1000
0,F6_plus_panel_w0.1,df73b8f3,5,330660.1603496647,312
0,F6_plus_panel_w0.2,df73b8f3,0,81463.956003036,999
0,F6_plus_panel_w0.2,df73b8f3,1,87070.31186019078,1000
0,F6_plus_panel_w0.2,df73b8f3,2,1788.4180363039482,1000
0,F6_plus_panel_w0.2,df73b8f3,3,16460.75667919413,1000
0,F6_plus_panel_w0.2,df73b8f3,4,449658.6803427634,1000
0,F6_plus_panel_w0.2,df73b8f3,5,330681.6693697738,312
0,F6_plus_panel_w0.3,df73b8f3,0,70172.40304652788,999
0,F6_plus_panel_w0.3,df73b8f3,1,72209.8065526377,1000
0,F6_plus_panel_w0.3,df73b8f3,2,2261.0089399969156,1000
0,F6_plus_panel_w0.3,df73b8f3,3,23967.307063083663,1000
0,F6_plus_panel_w0.3,df73b8f3,4,478365.76819898956,1000
0,F6_plus_panel_w0.3,df73b8f3,5,330812.77343922504,312
0,current_F6_rerun,27ebb9b9,0,19395.392737124064,999
0,current_F6_rerun,27ebb9b9,1,45658.12349094359,1000
0,current_F6_rerun,27ebb9b9,2,5605.129953064393,1000
0,current_F6_rerun,27ebb9b9,3,69062.55177726278,1000
0,current_F6_rerun,27ebb9b9,4,87259.53704212177,1000
0,current_F6_rerun,27ebb9b9,5,30873.209614925945,767
0,F6_plus_panel_w0.05,27ebb9b9,0,18180.089048660288,999
0,F6_plus_panel_w0.05,27ebb9b9,1,43596.10818641317,1000
0,F6_plus_panel_w0.05,27ebb9b9,2,4747.790828173623,1000
0,F6_plus_panel_w0.05,27ebb9b9,3,74597.29944496647,1000
0,F6_plus_panel_w0.05,27ebb9b9,4,90622.08385019786,1000
0,F6_plus_panel_w0.05,27ebb9b9,5,27830.92315428824,767
0,F6_plus_panel_w0.1,27ebb9b9,0,17008.509499370673,999
0,F6_plus_panel_w0.1,27ebb9b9,1,41584.23678013705,1000
0,F6_plus_panel_w0.1,27ebb9b9,2,4024.1473440293103,1000
0,F6_plus_panel_w0.1,27ebb9b9,3,80376.38026305998,1000
0,F6_plus_panel_w0.1,27ebb9b9,4,94081.404472269,1000
0,F6_plus_panel_w0.1,27ebb9b9,5,25026.373004493977,767
0,F6_plus_panel_w0.2,27ebb9b9,0,14796.52281835019,999
0,F6_plus_panel_w0.2,27ebb9b9,1,37710.92566241214,1000
0,F6_plus_panel_w0.2,27ebb9b9,2,2977.9472979942802,1000
0,F6_plus_panel_w0.2,27ebb9b9,3,92667.54135049296,1000
0,F6_plus_panel_w0.2,27ebb9b9,4,101290.3671584792,1000
0,F6_plus_panel_w0.2,27ebb9b9,5,20130.481637407094,767
0,F6_plus_panel_w0.3,27ebb9b9,0,12759.432694071409,999
0,F6_plus_panel_w0.3,27ebb9b9,1,34038.19013778512,1000
0,F6_plus_panel_w0.3,27ebb9b9,2,2466.529814960221,1000
0,F6_plus_panel_w0.3,27ebb9b9,3,105936.0350395879,1000
0,F6_plus_panel_w0.3,27ebb9b9,4,108886.42510077237,1000
0,F6_plus_panel_w0.3,27ebb9b9,5,16185.535513662298,767
0,current_F6_rerun,2075c696,0,23652.522657459336,999
0,current_F6_rerun,2075c696,1,211976.47088344637,1000
0,current_F6_rerun,2075c696,2,319244.5540915606,1000
0,current_F6_rerun,2075c696,3,33316.20129628373,189
0,F6_plus_panel_w0.05,2075c696,0,21709.973488281958,999
0,F6_plus_panel_w0.05,2075c696,1,220560.77508469365,1000
0,F6_plus_panel_w0.05,2075c696,2,333811.1059448398,1000
0,F6_plus_panel_w0.05,2075c696,3,35896.52141657952,189
0,F6_plus_panel_w0.1,2075c696,0,19862.773251345738,999
0,F6_plus_panel_w0.1,2075c696,1,229351.10773365424,1000
0,F6_plus_panel_w0.1,2075c696,2,348714.8104985512,1000
0,F6_plus_panel_w0.1,2075c696,3,38573.44169520452,189
0,F6_plus_panel_w0.2,2075c696,0,16454.41957416017,999
0,F6_plus_panel_w0.2,2075c696,1,247549.8583748535,1000
0,F6_plus_panel_w0.2,2075c696,2,379533.67770744645,1000
0,F6_plus_panel_w0.2,2075c696,3,44217.08272746476,189
0,F6_plus_panel_w0.3,2075c696,0,13427.461625893004,999
0,F6_plus_panel_w0.3,2075c696,1,266572.7228070805,1000
0,F6_plus_panel_w0.3,2075c696,2,411701.15571830457,1000
0,F6_plus_panel_w0.3,2075c696,3,50247.124393073434,189
0,current_F6_rerun,a8ed028a,0,322018.4403851461,999
0,current_F6_rerun,a8ed028a,1,1446346.3320602665,1000
0,current_F6_rerun,a8ed028a,2,270603.63611448626,1000
0,current_F6_rerun,a8ed028a,3,557838.011517416,1000
0,current_F6_rerun,a8ed028a,4,463707.5140196633,1000
0,current_F6_rerun,a8ed028a,5,37356.08905811215,539
0,F6_plus_panel_w0.05,a8ed028a,0,308451.3867167376,999
0,F6_plus_panel_w0.05,a8ed028a,1,1407234.2028261777,1000
0,F6_plus_panel_w0.05,a8ed028a,2,263021.67442171776,1000
0,F6_plus_panel_w0.05,a8ed028a,3,547448.1477567264,1000
0,F6_plus_panel_w0.05,a8ed028a,4,453868.20863457624,1000
0,F6_plus_panel_w0.05,a8ed028a,5,40429.63867617727,539
0,F6_plus_panel_w0.1,a8ed028a,0,295180.2258598425,999
0,F6_plus_panel_w0.1,a8ed028a,1,1368665.9675500973,1000
0,F6_plus_panel_w0.1,a8ed028a,2,255557.7755208767,1000
0,F6_plus_panel_w0.1,a8ed028a,3,537201.0048205619,1000
0,F6_plus_panel_w0.1,a8ed028a,4,444207.46492639015,1000
0,F6_plus_panel_w0.1,a8ed028a,5,43641.17465629096,539
0,F6_plus_panel_w0.2,a8ed028a,0,269525.58258076577,999
0,F6_plus_panel_w0.2,a8ed028a,1,1293161.1788723601,1000
0,F6_plus_panel_w0.2,a8ed028a,2,240984.16609514388,1000
0,F6_plus_panel_w0.2,a8ed028a,3,517134.88142205594,1000
0,F6_plus_panel_w0.2,a8ed028a,4,425421.662540956,1000
0,F6_plus_panel_w0.2,a8ed028a,5,50478.20570271112,539
0,F6_plus_panel_w0.3,a8ed028a,0,245054.5105479782,999
0,F6_plus_panel_w0.3,a8ed028a,1,1219831.9660272342,1000
0,F6_plus_panel_w0.3,a8ed028a,2,226882.80783736007,1000
0,F6_plus_panel_w0.3,a8ed028a,3,497639.64132201375,1000
0,F6_plus_panel_w0.3,a8ed028a,4,407350.10686345474,1000
0,F6_plus_panel_w0.3,a8ed028a,5,57867.18219740237,539
0,current_F6_rerun,6ea22614,0,12935.342983484454,999
0,current_F6_rerun,6ea22614,1,17298.250683244576,1000
0,current_F6_rerun,6ea22614,2,89104.15320176494,1000
0,current_F6_rerun,6ea22614,3,31718.021662145864,1000
0,current_F6_rerun,6ea22614,4,23541.911162761113,1000
0,current_F6_rerun,6ea22614,5,26170.912584222293,972
0,F6_plus_panel_w0.05,6ea22614,0,13072.131206748089,999
0,F6_plus_panel_w0.05,6ea22614,1,17282.65236315138,1000
0,F6_plus_panel_w0.05,6ea22614,2,92073.18514552186,1000
0,F6_plus_panel_w0.05,6ea22614,3,30275.674170446422,1000
0,F6_plus_panel_w0.05,6ea22614,4,23624.89559605428,1000
0,F6_plus_panel_w0.05,6ea22614,5,24261.759512385284,972
0,F6_plus_panel_w0.1,6ea22614,0,13217.457929898701,999
0,F6_plus_panel_w0.1,6ea22614,1,17279.608045082943,1000
0,F6_plus_panel_w0.1,6ea22614,2,95098.50807309554,1000
0,F6_plus_panel_w0.1,6ea22614,3,28916.692259096733,1000
0,F6_plus_panel_w0.1,6ea22614,4,23787.879285553518,1000
0,F6_plus_panel_w0.1,6ea22614,5,22582.899290026922,972
0,F6_plus_panel_w0.2,6ea22614,0,13533.726875882028,999
0,F6_plus_panel_w0.2,6ea22614,1,17311.18141502698,1000
0,F6_plus_panel_w0.2,6ea22614,2,101318.02687959539,1000
0,F6_plus_panel_w0.2,6ea22614,3,26448.825177393494,1000
0,F6_plus_panel_w0.2,6ea22614,4,24353.844433182006,1000
0,F6_plus_panel_w0.2,6ea22614,5,19916.05739379248,972
0,F6_plus_panel_w0.3,6ea22614,0,13884.149821439747,999
0,F6_plus_panel_w0.3,6ea22614,1,17392.97079308,1000
0,F6_plus_panel_w0.3,6ea22614,2,107762.70962123499,1000
0,F6_plus_panel_w0.3,6ea22614,3,24314.420417021825,1000
0,F6_plus_panel_w0.3,6ea22614,4,25239.806605653404,1000
0,F6_plus_panel_w0.3,6ea22614,5,18170.386895528394,972
0,current_F6_rerun,df8290be,0,52268.52668059407,999
0,current_F6_rerun,df8290be,1,11094.749454883493,1000
0,current_F6_rerun,df8290be,2,205874.92389609208,1000
0,current_F6_rerun,df8290be,3,443470.86515040713,973
0,F6_plus_panel_w0.05,df8290be,0,53983.699322687724,999
0,F6_plus_panel_w0.05,df8290be,1,9892.36709063541,1000
0,F6_plus_panel_w0.05,df8290be,2,207795.4053350922,1000
0,F6_plus_panel_w0.05,df8290be,3,435770.1049489533,973
0,F6_plus_panel_w0.1,df8290be,0,55732.77211527309,999
0,F6_plus_panel_w0.1,df8290be,1,8827.907360370627,1000
0,F6_plus_panel_w0.1,df8290be,2,209735.98586826047,1000
0,F6_plus_panel_w0.1,df8290be,3,428168.05861441843,973
0,F6_plus_panel_w0.2,df8290be,0,59332.618151850285,999
0,F6_plus_panel_w0.2,df8290be,1,7112.755801775215,1000
0,F6_plus_panel_w0.2,df8290be,2,213677.44421722967,1000
0,F6_plus_panel_w0.2,df8290be,3,413260.1075463153,973
0,F6_plus_panel_w0.3,df8290be,0,63068.064790306424,999
0,F6_plus_panel_w0.3,df8290be,1,5949.294779095843,1000
0,F6_plus_panel_w0.3,df8290be,2,217699.2989430297,1000
0,F6_plus_panel_w0.3,df8290be,3,398747.0119461461,973
0,current_F6_rerun,283269ac,0,2607.755709597306,999
0,current_F6_rerun,283269ac,1,426.34966055458835,1000
0,current_F6_rerun,283269ac,2,1199.3488308319077,627
0,F6_plus_panel_w0.05,283269ac,0,2371.5392997178,999
0,F6_plus_panel_w0.05,283269ac,1,391.4920381699673,1000
0,F6_plus_panel_w0.05,283269ac,2,1017.173065439798,627
0,F6_plus_panel_w0.1,283269ac,0,2146.875159482039,999
0,F6_plus_panel_w0.1,283269ac,1,360.2632816164735,1000
0,F6_plus_panel_w0.1,283269ac,2,850.7176980176108,627
0,F6_plus_panel_w0.2,283269ac,0,1732.2036879273912,999
0,F6_plus_panel_w0.2,283269ac,1,308.6923660056022,1000
0,F6_plus_panel_w0.2,283269ac,2,564.9681570901879,627
0,F6_plus_panel_w0.3,283269ac,0,1363.7412949311702,999
0,F6_plus_panel_w0.3,283269ac,1,271.63691372318056,1000
0,F6_plus_panel_w0.3,283269ac,2,342.10020805075277,627
0,current_F6_rerun,c2c4db09,0,14864.351867580106,999
0,current_F6_rerun,c2c4db09,1,160890.63162757285,1000
0,current_F6_rerun,c2c4db09,2,82575.90770485396,1000
0,current_F6_rerun,c2c4db09,3,7640.130931801784,1000
0,current_F6_rerun,c2c4db09,4,71457.83184730135,1000
0,current_F6_rerun,c2c4db09,5,62013.2027694222,1000
0,current_F6_rerun,c2c4db09,6,4463.721838525335,40
0,F6_plus_panel_w0.05,c2c4db09,0,14286.054581069639,999
0,F6_plus_panel_w0.05,c2c4db09,1,157485.4763981205,1000
0,F6_plus_panel_w0.05,c2c4db09,2,80066.95513330086,1000
0,F6_plus_panel_w0.05,c2c4db09,3,7096.098526539394,1000
0,F6_plus_panel_w0.05,c2c4db09,4,76163.43761993202,1000
0,F6_plus_panel_w0.05,c2c4db09,5,54468.112899409556,1000
0,F6_plus_panel_w0.05,c2c4db09,6,3843.5364228364597,40
0,F6_plus_panel_w0.1,c2c4db09,0,13728.066339786665,999
0,F6_plus_panel_w0.1,c2c4db09,1,154118.15442192365,1000
0,F6_plus_panel_w0.1,c2c4db09,2,77614.82109701261,1000
0,F6_plus_panel_w0.1,c2c4db09,3,7034.6139618370535,1000
0,F6_plus_panel_w0.1,c2c4db09,4,81095.76458629343,1000
0,F6_plus_panel_w0.1,c2c4db09,5,47447.472873671366,1000
0,F6_plus_panel_w0.1,c2c4db09,6,3269.8180514546475,40
0,F6_plus_panel_w0.2,c2c4db09,0,12673.016992910685,999
0,F6_plus_panel_w0.2,c2c4db09,1,147497.01022942874,1000
0,F6_plus_panel_w0.2,c2c4db09,2,72881.0086303186,1000
0,F6_plus_panel_w0.2,c2c4db09,3,8359.288354120099,1000
0,F6_plus_panel_w0.2,c2c4db09,4,91640.5821001201,1000
0,F6_plus_panel_w0.2,c2c4db09,5,34979.542354947844,1000
0,F6_plus_panel_w0.2,c2c4db09,6,2261.78244160869,40
0,F6_plus_panel_w0.3,c2c4db09,0,11699.203826953059,999
0,F6_plus_panel_w0.3,c2c4db09,1,141027.19905012075,1000
0,F6_plus_panel_w0.3,c2c4db09,2,68374.47030479432,1000
0,F6_plus_panel_w0.3,c2c4db09,3,11614.154108645302,1000
0,F6_plus_panel_w0.3,c2c4db09,4,103092.284388754,1000
0,F6_plus_panel_w0.3,c2c4db09,5,24609.411213236916,1000
0,F6_plus_panel_w0.3,c2c4db09,6,1439.6150089863613,40
0,current_F6_rerun,89f1085d,0,28321.5850359139,999
0,current_F6_rerun,89f1085d,1,121332.99510744477,1000
0,current_F6_rerun,89f1085d,2,229299.68227550338,1000
0,current_F6_rerun,89f1085d,3,12452.926435135378,1000
0,current_F6_rerun,89f1085d,4,3434.752332972603,1000
0,current_F6_rerun,89f1085d,5,19773.91916791589,995
0,F6_plus_panel_w0.05,89f1085d,0,25468.89967452214,999
0,F6_plus_panel_w0.05,89f1085d,1,128986.12976334954,1000
0,F6_plus_panel_w0.05,89f1085d,2,252978.68506375243,1000
0,F6_plus_panel_w0.05,89f1085d,3,16831.997726631664,1000
0,F6_plus_panel_w0.05,89f1085d,4,3399.3599241633,1000
0,F6_plus_panel_w0.05,89f1085d,5,29374.41429501143,995
0,F6_plus_panel_w0.1,89f1085d,0,22839.35438767882,999
0,F6_plus_panel_w0.1,89f1085d,1,136879.13053157495,1000
0,F6_plus_panel_w0.1,89f1085d,2,277891.8733758819,1000
0,F6_plus_panel_w0.1,89f1085d,3,23106.124277394978,1000
0,F6_plus_panel_w0.1,89f1085d,4,6656.902526028266,1000
0,F6_plus_panel_w0.1,89f1085d,5,41010.172294860095,995
0,F6_plus_panel_w0.2,89f1085d,0,18249.684037578914,999
0,F6_plus_panel_w0.2,89f1085d,1,153384.7304048594,1000
0,F6_plus_panel_w0.2,89f1085d,2,331420.8065716068,1000
0,F6_plus_panel_w0.2,89f1085d,3,41339.54315668829,1000
0,F6_plus_panel_w0.2,89f1085d,4,23050.792761772933,1000
0,F6_plus_panel_w0.2,89f1085d,5,70387.47691275804,995
0,F6_plus_panel_w0.3,89f1085d,0,14552.573985598128,999
0,F6_plus_panel_w0.3,89f1085d,1,170849.79472724156,1000
0,F6_plus_panel_w0.3,89f1085d,2,389886.48186258296,1000
0,F6_plus_panel_w0.3,89f1085d,3,67153.1830729797,1000
0,F6_plus_panel_w0.3,89f1085d,4,52616.42304017495,1000
0,F6_plus_panel_w0.3,89f1085d,5,107905.8330215621,995
0,current_F6_rerun,5fb1c15f,0,89175.19846208548,999
0,current_F6_rerun,5fb1c15f,1,358084.4095303526,1000
0,current_F6_rerun,5fb1c15f,2,236520.17447691815,861
0,F6_plus_panel_w0.05,5fb1c15f,0,92739.23168980777,999
0,F6_plus_panel_w0.05,5fb1c15f,1,357215.4256902829,1000
0,F6_plus_panel_w0.05,5fb1c15f,2,234303.19229134193,861
0,F6_plus_panel_w0.1,5fb1c15f,0,96459.28691984667,999
0,F6_plus_panel_w0.1,5fb1c15f,1,356358.65111962426,1000
0,F6_plus_panel_w0.1,5fb1c15f,2,232103.5249327804,861
0,F6_plus_panel_w0.2,5fb1c15f,0,104367.46338693732,999
0,F6_plus_panel_w0.2,5fb1c15f,1,354681.7297867211,1000
0,F6_plus_panel_w0.2,5fb1c15f,2,227756.13469685847,861
0,F6_plus_panel_w0.3,5fb1c15f,0,112899.72786337674,999
0,F6_plus_panel_w0.3,5fb1c15f,1,353053.64553170255,1000
0,F6_plus_panel_w0.3,5fb1c15f,2,223478.00376918787,861
0,current_F6_rerun,0be01c24,0,7111.55442216826,999
0,current_F6_rerun,0be01c24,1,2355.3409416550753,1000
0,current_F6_rerun,0be01c24,2,413.8091291997988,1000
0,current_F6_rerun,0be01c24,3,1851.257473959112,1000
0,current_F6_rerun,0be01c24,4,3364.522031282896,739
0,F6_plus_panel_w0.05,0be01c24,0,6537.266380267905,999
0,F6_plus_panel_w0.05,0be01c24,1,2463.6847874919736,1000
0,F6_plus_panel_w0.05,0be01c24,2,300.2791039115362,1000
0,F6_plus_panel_w0.05,0be01c24,3,1996.5616204983814,1000
0,F6_plus_panel_w0.05,0be01c24,4,3229.368566386322,739
0,F6_plus_panel_w0.1,0be01c24,0,5988.732788424733,999
0,F6_plus_panel_w0.1,0be01c24,1,2703.4047770609964,1000
0,F6_plus_panel_w0.1,0be01c24,2,601.2571160217245,1000
0,F6_plus_panel_w0.1,0be01c24,3,2263.5355730667425,1000
0,F6_plus_panel_w0.1,0be01c24,4,3166.4552131257224,739
0,F6_plus_panel_w0.2,0be01c24,0,4968.92895488888,999
0,F6_plus_panel_w0.2,0be01c24,1,3576.9731873812584,1000
0,F6_plus_panel_w0.2,0be01c24,2,2446.737252436899,1000
0,F6_plus_panel_w0.2,0be01c24,3,3162.492896287516,1000
0,F6_plus_panel_w0.2,0be01c24,4,3257.348841508577,739
0,F6_plus_panel_w0.3,0be01c24,0,4052.142921554796,999
0,F6_plus_panel_w0.3,0be01c24,1,4976.046172610971,1000
0,F6_plus_panel_w0.3,0be01c24,2,5950.24953845201,1000
0,F6_plus_panel_w0.3,0be01c24,3,4548.129443623891,1000
0,F6_plus_panel_w0.3,0be01c24,4,3637.20291643225,739
0,current_F6_rerun,96936c22,0,3888.223313788862,999
0,current_F6_rerun,96936c22,1,1507.8504302583358,1000
0,current_F6_rerun,96936c22,2,12582.939125751453,1000
0,current_F6_rerun,96936c22,3,1105.5350237967878,347
0,F6_plus_panel_w0.05,96936c22,0,3130.0310019830686,999
0,F6_plus_panel_w0.05,96936c22,1,1688.437630132374,1000
0,F6_plus_panel_w0.05,96936c22,2,12307.78135900597,1000
0,F6_plus_panel_w0.05,96936c22,3,1413.3062582187142,347
0,F6_plus_panel_w0.1,96936c22,0,2501.455295831994,999
0,F6_plus_panel_w0.1,96936c22,1,1893.372292134686,1000
0,F6_plus_panel_w0.1,96936c22,2,12047.933933759827,1000
0,F6_plus_panel_w0.1,96936c22,3,1788.2465669318997,347
0,F6_plus_panel_w0.2,96936c22,0,1633.1537005083453,999
0,F6_plus_panel_w0.2,96936c22,1,2376.284002520246,1000
0,F6_plus_panel_w0.2,96936c22,2,11574.170107741167,1000
0,F6_plus_panel_w0.2,96936c22,3,2739.6344072383263,347
0,F6_plus_panel_w0.3,96936c22,0,1283.318527818393,999
0,F6_plus_panel_w0.3,96936c22,1,2956.585561414778,1000
0,F6_plus_panel_w0.3,96936c22,2,11161.647647689097,1000
0,F6_plus_panel_w0.3,96936c22,3,3959.6985447185084,347
0,current_F6_rerun,ab6fe95d,0,1349.0745166768847,999
0,current_F6_rerun,ab6fe95d,1,1743.734485698332,1000
0,current_F6_rerun,ab6fe95d,2,25215.225735861764,1000
0,current_F6_rerun,ab6fe95d,3,101834.86565655583,1000
0,current_F6_rerun,ab6fe95d,4,72228.86921667561,1000
0,current_F6_rerun,ab6fe95d,5,31436.04078049367,492
0,F6_plus_panel_w0.05,ab6fe95d,0,1320.5943977388636,999
0,F6_plus_panel_w0.05,ab6fe95d,1,1908.1303282994827,1000
0,F6_plus_panel_w0.05,ab6fe95d,2,27133.5171770154,1000
0,F6_plus_panel_w0.05,ab6fe95d,3,104361.26150191652,1000
0,F6_plus_panel_w0.05,ab6fe95d,4,73774.32228941187,1000
0,F6_plus_panel_w0.05,ab6fe95d,5,31764.317534573373,492
0,F6_plus_panel_w0.1,ab6fe95d,0,1295.926536265209,999
0,F6_plus_panel_w0.1,ab6fe95d,1,2083.910353847655,1000
0,F6_plus_panel_w0.1,ab6fe95d,2,29141.68687654607,1000
0,F6_plus_panel_w0.1,ab6fe95d,3,106933.80750847887,1000
0,F6_plus_panel_w0.1,ab6fe95d,4,75348.66164018818,1000
0,F6_plus_panel_w0.1,ab6fe95d,5,32105.349343190457,492
0,F6_plus_panel_w0.2,ab6fe95d,0,1258.0275857196666,999
0,F6_plus_panel_w0.2,ab6fe95d,1,2469.6229537775603,1000
0,F6_plus_panel_w0.2,ab6fe95d,2,33427.66105077001,1000
0,F6_plus_panel_w0.2,ab6fe95d,3,112217.35000528657,1000
0,F6_plus_panel_w0.2,ab6fe95d,4,78583.99917592206,1000
0,F6_plus_panel_w0.2,ab6fe95d,5,32825.67812406897,492
0,F6_plus_panel_w0.3,ab6fe95d,0,1235.3776650417492,999
0,F6_plus_panel_w0.3,ab6fe95d,1,2900.8722854855946,1000
0,F6_plus_panel_w0.3,ab6fe95d,2,38073.148258545676,1000
0,F6_plus_panel_w0.3,ab6fe95d,3,117685.49314700569,1000
0,F6_plus_panel_w0.3,ab6fe95d,4,81934.88182389417,1000
0,F6_plus_panel_w0.3,ab6fe95d,5,33597.02712313895,492
0,current_F6_rerun,d7eb0be8,0,222628.58192725034,999
0,current_F6_rerun,d7eb0be8,1,1098776.2267170749,1000
0,current_F6_rerun,d7eb0be8,2,1108515.3713579932,1000
0,current_F6_rerun,d7eb0be8,3,116264.06820010878,1000
0,current_F6_rerun,d7eb0be8,4,73363.66680076439,1000
0,current_F6_rerun,d7eb0be8,5,220205.28540710657,402
0,F6_plus_panel_w0.05,d7eb0be8,0,222713.8394754583,999
0,F6_plus_panel_w0.05,d7eb0be8,1,1117145.6578231847,1000
0,F6_plus_panel_w0.05,d7eb0be8,2,1157190.1805046808,1000
0,F6_plus_panel_w0.05,d7eb0be8,3,137059.43975644407,1000
0,F6_plus_panel_w0.05,d7eb0be8,4,66319.99223439871,1000
0,F6_plus_panel_w0.05,d7eb0be8,5,200247.38017120698,402
0,F6_plus_panel_w0.1,d7eb0be8,0,223046.20397412416,999
0,F6_plus_panel_w0.1,d7eb0be8,1,1135693.9872478505,1000
0,F6_plus_panel_w0.1,d7eb0be8,2,1207136.311387955,1000
0,F6_plus_panel_w0.1,d7eb0be8,3,160238.49625643165,1000
0,F6_plus_panel_w0.1,d7eb0be8,4,60646.20757145894,1000
0,F6_plus_panel_w0.1,d7eb0be8,5,181240.05656831578,402
0,F6_plus_panel_w0.2,d7eb0be8,0,224452.25382290338,999
0,F6_plus_panel_w0.2,d7eb0be8,1,1173327.3410532174,1000
0,F6_plus_panel_w0.2,d7eb0be8,2,1310842.5383646449,1000
0,F6_plus_panel_w0.2,d7eb0be8,3,213747.6640874742,1000
0,F6_plus_panel_w0.2,d7eb0be8,4,53408.30795585887,1000
0,F6_plus_panel_w0.2,d7eb0be8,5,146077.15426144924,402
0,F6_plus_panel_w0.3,d7eb0be8,0,226846.73147362802,999
0,F6_plus_panel_w0.3,d7eb0be8,1,1211676.2881333395,1000
0,F6_plus_panel_w0.3,d7eb0be8,2,1419634.0522882487,1000
0,F6_plus_panel_w0.3,d7eb0be8,3,276791.57169331424,1000
0,F6_plus_panel_w0.3,d7eb0be8,4,51649.967953980646,1000
0,F6_plus_panel_w0.3,d7eb0be8,5,114716.57848647182,402
0,current_F6_rerun,fd3b4faa,0,113432.79015063473,999
0,current_F6_rerun,fd3b4faa,1,169744.44949270226,1000
0,current_F6_rerun,fd3b4faa,2,18236.989482944195,1000
0,current_F6_rerun,fd3b4faa,3,763.3591259217401,1000
0,current_F6_rerun,fd3b4faa,4,4926.098733037141,1000
0,current_F6_rerun,fd3b4faa,5,260.00572179921363,23
0,F6_plus_panel_w0.05,fd3b4faa,0,110432.50288283467,999
0,F6_plus_panel_w0.05,fd3b4faa,1,171595.93120457683,1000
0,F6_plus_panel_w0.05,fd3b4faa,2,18793.658871132677,1000
0,F6_plus_panel_w0.05,fd3b4faa,3,876.8956931928021,1000
0,F6_plus_panel_w0.05,fd3b4faa,4,4841.0291057745035,1000
0,F6_plus_panel_w0.05,fd3b4faa,5,291.68892448159653,23
0,F6_plus_panel_w0.1,fd3b4faa,0,107479.18373676937,999
0,F6_plus_panel_w0.1,fd3b4faa,1,173466.81513003565,1000
0,F6_plus_panel_w0.1,fd3b4faa,2,19370.678738118746,1000
0,F6_plus_panel_w0.1,fd3b4faa,3,1121.9669489845678,1000
0,F6_plus_panel_w0.1,fd3b4faa,4,4841.497975473289,1000
0,F6_plus_panel_w0.1,fd3b4faa,5,325.19370747899336,23
0,F6_plus_panel_w0.2,fd3b4faa,0,101713.44980993975,999
0,F6_plus_panel_w0.2,fd3b4faa,1,177266.7896218536,1000
0,F6_plus_panel_w0.2,fd3b4faa,2,20585.769908495506,1000
0,F6_plus_panel_w0.2,fd3b4faa,3,2006.7135261282936,1000
0,F6_plus_panel_w0.2,fd3b4faa,4,5099.05120574485,1000
0,F6_plus_panel_w0.2,fd3b4faa,5,397.6680144197852,23
0,F6_plus_panel_w0.3,fd3b4faa,0,96135.58837016791,999
0,F6_plus_panel_w0.3,fd3b4faa,1,181144.37296818863,1000
0,F6_plus_panel_w0.3,fd3b4faa,2,21882.26299407892,1000
0,F6_plus_panel_w0.3,fd3b4faa,3,3417.5988573559875,1000
0,F6_plus_panel_w0.3,fd3b4faa,4,5698.7584238512245,1000
0,F6_plus_panel_w0.3,fd3b4faa,5,477.42864262180154,23
0,current_F6_rerun,5254b6db,0,1803.9800622169703,999
0,current_F6_rerun,5254b6db,1,768.420312325694,1000
0,current_F6_rerun,5254b6db,2,968.1253581517183,1000
0,current_F6_rerun,5254b6db,3,592.1263364503604,275
0,F6_plus_panel_w0.05,5254b6db,0,2296.8495486000847,999
0,F6_plus_panel_w0.05,5254b6db,1,674.9052569958325,1000
0,F6_plus_panel_w0.05,5254b6db,2,1365.628596034743,1000
0,F6_plus_panel_w0.05,5254b6db,3,1004.9342510747459,275
0,F6_plus_panel_w0.1,5254b6db,0,2898.7197595704743,999
0,F6_plus_panel_w0.1,5254b6db,1,962.334598164085,1000
0,F6_plus_panel_w0.1,5254b6db,2,2337.2325423574744,1000
0,F6_plus_panel_w0.1,5254b6db,3,1546.5529557628538,275
0,F6_plus_panel_w0.2,5254b6db,0,4429.4623552831235,999
0,F6_plus_panel_w0.2,5254b6db,1,2680.026469994593,1000
0,F6_plus_panel_w0.2,5254b6db,2,6002.742560328993,1000
0,F6_plus_panel_w0.2,5254b6db,3,3016.2227353353555,275
0,F6_plus_panel_w0.3,5254b6db,0,6396.207849361583,999
0,F6_plus_panel_w0.3,5254b6db,1,5921.495927822126,1000
0,F6_plus_panel_w0.3,5254b6db,2,11964.655412074917,1000
0,F6_plus_panel_w0.3,5254b6db,3,5001.13567517119,275
0,current_F6_rerun,2364716c,0,12130.539754467136,999
0,current_F6_rerun,2364716c,1,102354.543126869,1000
0,current_F6_rerun,2364716c,2,40765.15171077223,1000
0,current_F6_rerun,2364716c,3,1919.5778863472722,1000
0,current_F6_rerun,2364716c,4,294.07340267541144,317
0,F6_plus_panel_w0.05,2364716c,0,11886.629795689765,999
0,F6_plus_panel_w0.05,2364716c,1,110664.239011439,1000
0,F6_plus_panel_w0.05,2364716c,2,47135.54033947325,1000
0,F6_plus_panel_w0.05,2364716c,3,4582.8080915573055,1000
0,F6_plus_panel_w0.05,2364716c,4,600.6720310206786,317
0,F6_plus_panel_w0.1,2364716c,0,11720.74433727893,999
0,F6_plus_panel_w0.1,2364716c,1,119313.51675834911,1000
0,F6_plus_panel_w0.1,2364716c,2,54141.88425057695,1000
0,F6_plus_panel_w0.1,2364716c,3,8868.212211040747,1000
0,F6_plus_panel_w0.1,2364716c,4,1613.3145077780298,317
0,F6_plus_panel_w0.2,2364716c,0,11623.046921540637,999
0,F6_plus_panel_w0.2,2364716c,1,137630.81783929197,1000
0,F6_plus_panel_w0.2,2364716c,2,70062.4379200611,1000
0,F6_plus_panel_w0.2,2364716c,3,22305.542192848123,1000
0,F6_plus_panel_w0.2,2364716c,4,5756.731006532922,317
0,F6_plus_panel_w0.3,2364716c,0,11837.447507250548,999
0,F6_plus_panel_w0.3,2364716c,1,157306.4463697346,1000
0,F6_plus_panel_w0.3,2364716c,2,88526.81271925209,1000
0,F6_plus_panel_w0.3,2364716c,3,42231.567831787346,1000
0,F6_plus_panel_w0.3,2364716c,4,12724.322898945613,317
0,current_F6_rerun,c6797dd7,0,44421.84581971538,999
0,current_F6_rerun,c6797dd7,1,142416.86640915906,1000
0,current_F6_rerun,c6797dd7,2,46188.537898445706,1000
0,current_F6_rerun,c6797dd7,3,584.4314590531335,1000
0,current_F6_rerun,c6797dd7,4,396.3586023287109,665
0,F6_plus_panel_w0.05,c6797dd7,0,40773.184998158635,999
0,F6_plus_panel_w0.05,c6797dd7,1,137490.57344227086,1000
0,F6_plus_panel_w0.05,c6797dd7,2,44148.70379703194,1000
0,F6_plus_panel_w0.05,c6797dd7,3,486.1315953453849,1000
0,F6_plus_panel_w0.05,c6797dd7,4,465.6619354636928,665
0,F6_plus_panel_w0.1,c6797dd7,0,37284.20714553881,999
0,F6_plus_panel_w0.1,c6797dd7,1,132683.14149238658,1000
0,F6_plus_panel_w0.1,c6797dd7,2,42182.39287787507,1000
0,F6_plus_panel_w0.1,c6797dd7,3,523.3063366471092,1000
0,F6_plus_panel_w0.1,c6797dd7,4,656.2441988584734,665
0,F6_plus_panel_w0.2,c6797dd7,0,30785.300347167595,999
0,F6_plus_panel_w0.2,c6797dd7,1,123424.86064373121,1000
0,F6_plus_panel_w0.2,c6797dd7,2,38470.340586391,1000
0,F6_plus_panel_w0.2,c6797dd7,3,1004.0796342795752,1000
0,F6_plus_panel_w0.2,c6797dd7,4,1401.2455164247335,665
0,F6_plus_panel_w0.3,c6797dd7,0,24925.125424616697,999
0,F6_plus_panel_w0.3,c6797dd7,1,114642.023863222,1000
0,F6_plus_panel_w0.3,c6797dd7,2,35052.38102400429,1000
0,F6_plus_panel_w0.3,c6797dd7,3,2026.751351947252,1000
0,F6_plus_panel_w0.3,c6797dd7,4,2631.362555024341,665
0,current_F6_rerun,e5ff9fd2,0,26542.98571421556,999
0,current_F6_rerun,e5ff9fd2,1,69582.06330265402,1000
0,current_F6_rerun,e5ff9fd2,2,101930.44219831338,355
0,F6_plus_panel_w0.05,e5ff9fd2,0,22964.038803166724,999
0,F6_plus_panel_w0.05,e5ff9fd2,1,52439.722951539254,1000
0,F6_plus_panel_w0.05,e5ff9fd2,2,87651.70789281119,355
0,F6_plus_panel_w0.1,e5ff9fd2,0,19686.61890177422,999
0,F6_plus_panel_w0.1,e5ff9fd2,1,37842.113461546425,1000
0,F6_plus_panel_w0.1,e5ff9fd2,2,74468.26352322019,355
0,F6_plus_panel_w0.2,e5ff9fd2,0,14036.360127909256,999
0,F6_plus_panel_w0.2,e5ff9fd2,1,16281.087064854122,1000
0,F6_plus_panel_w0.2,e5ff9fd2,2,51387.24459171629,355
0,F6_plus_panel_w0.3,e5ff9fd2,0,9592.209392610413,999
0,F6_plus_panel_w0.3,e5ff9fd2,1,4898.984112571278,1000
0,F6_plus_panel_w0.3,e5ff9fd2,2,32687.385403790515,355
0,current_F6_rerun,8c8348e8,0,21715.396573208345,999
0,current_F6_rerun,8c8348e8,1,2811.5444347039866,1000
0,current_F6_rerun,8c8348e8,2,6497.6438986672,1000
0,current_F6_rerun,8c8348e8,3,2572.796545917337,889
0,F6_plus_panel_w0.05,8c8348e8,0,20242.922106985443,999
0,F6_plus_panel_w0.05,8c8348e8,1,2767.7966858782725,1000
0,F6_plus_panel_w0.05,8c8348e8,2,6498.066091248854,1000
0,F6_plus_panel_w0.05,8c8348e8,3,2699.230433809531,889
0,F6_plus_panel_w0.1,8c8348e8,0,18837.67811702656,999
0,F6_plus_panel_w0.1,8c8348e8,1,2769.122567661125,1000
0,F6_plus_panel_w0.1,8c8348e8,2,6560.082949680544,1000
0,F6_plus_panel_w0.1,8c8348e8,3,3237.9152732555517,889
0,F6_plus_panel_w0.2,8c8348e8,0,16228.88156595301,999
0,F6_plus_panel_w0.2,8c8348e8,1,2906.9952230696376,1000
0,F6_plus_panel_w0.2,8c8348e8,2,6868.900664075699,1000
0,F6_plus_panel_w0.2,8c8348e8,3,5552.037806805585,889
0,F6_plus_panel_w0.3,8c8348e8,0,13889.006920003403,999
0,F6_plus_panel_w0.3,8c8348e8,1,3225.1624009375373,1000
0,F6_plus_panel_w0.3,8c8348e8,2,7424.097041845291,1000
0,F6_plus_panel_w0.3,8c8348e8,3,9515.164146556997,889
0,current_F6_rerun,19fb4f7b,0,990460.0256298805,999
0,current_F6_rerun,19fb4f7b,1,1180887.4063855032,1000
0,current_F6_rerun,19fb4f7b,2,267057.97932521685,1000
0,current_F6_rerun,19fb4f7b,3,31805.790254001236,1000
0,current_F6_rerun,19fb4f7b,4,51089.71912875298,1000
0,current_F6_rerun,19fb4f7b,5,39440.19665429808,621
0,F6_plus_panel_w0.05,19fb4f7b,0,935856.9259193897,999
0,F6_plus_panel_w0.05,19fb4f7b,1,1095616.1508487926,1000
0,F6_plus_panel_w0.05,19fb4f7b,2,229339.1344469956,1000
0,F6_plus_panel_w0.05,19fb4f7b,3,25171.29298302006,1000
0,F6_plus_panel_w0.05,19fb4f7b,4,48936.70129890321,1000
0,F6_plus_panel_w0.05,19fb4f7b,5,39603.38653936352,621
0,F6_plus_panel_w0.1,19fb4f7b,0,882839.9100482818,999
0,F6_plus_panel_w0.1,19fb4f7b,1,1013801.3827025633,1000
0,F6_plus_panel_w0.1,19fb4f7b,2,194533.21422581642,1000
0,F6_plus_panel_w0.1,19fb4f7b,3,19392.262025485034,1000
0,F6_plus_panel_w0.1,19fb4f7b,4,46855.22828258631,1000
0,F6_plus_panel_w0.1,19fb4f7b,5,39767.09493998578,621
0,F6_plus_panel_w0.2,19fb4f7b,0,781564.1298238552,999
0,F6_plus_panel_w0.2,19fb4f7b,1,860541.3085811842,1000
0,F6_plus_panel_w0.2,19fb4f7b,2,133660.1477544213,1000
0,F6_plus_panel_w0.2,19fb4f7b,3,10400.599050704112,1000
0,F6_plus_panel_w0.2,19fb4f7b,4,42906.9166904779,1000
0,F6_plus_panel_w0.2,19fb4f7b,5,40096.06728784544,621
0,F6_plus_panel_w0.3,19fb4f7b,0,686632.6849564979,999
0,F6_plus_panel_w0.3,19fb4f7b,1,721107.1840212387,1000
0,F6_plus_panel_w0.3,19fb4f7b,2,84438.77991098331,1000
0,F6_plus_panel_w0.3,19fb4f7b,3,4830.801329652752,1000
0,F6_plus_panel_w0.3,19fb4f7b,4,39244.784352393945,1000
0,F6_plus_panel_w0.3,19fb4f7b,5,40427.11369785173,621
0,current_F6_rerun,1b1c5372,0,4390.009921115479,999
0,current_F6_rerun,1b1c5372,1,38915.41044482764,1000
0,current_F6_rerun,1b1c5372,2,150242.5823295819,1000
0,current_F6_rerun,1b1c5372,3,535772.234609275,1000
0,current_F6_rerun,1b1c5372,4,96161.27114172337,262
0,F6_plus_panel_w0.05,1b1c5372,0,4405.6888810752225,999
0,F6_plus_panel_w0.05,1b1c5372,1,38847.005592592344,1000
0,F6_plus_panel_w0.05,1b1c5372,2,154899.77082543063,1000
0,F6_plus_panel_w0.05,1b1c5372,3,556753.8635080231,1000
0,F6_plus_panel_w0.05,1b1c5372,4,100195.90101508572,262
0,F6_plus_panel_w0.1,1b1c5372,0,4423.451888737354,999
0,F6_plus_panel_w0.1,1b1c5372,1,38787.90088397736,1000
0,F6_plus_panel_w0.1,1b1c5372,2,159642.35600264763,1000
0,F6_plus_panel_w0.1,1b1c5372,3,578140.7718670439,1000
0,F6_plus_panel_w0.1,1b1c5372,4,104313.45667142229,262
0,F6_plus_panel_w0.2,1b1c5372,0,4465.2300471822455,999
0,F6_plus_panel_w0.2,1b1c5372,1,38697.59189754685,1000
0,F6_plus_panel_w0.2,1b1c5372,2,169383.71640108264,1000
0,F6_plus_panel_w0.2,1b1c5372,3,622130.4269656544,1000
0,F6_plus_panel_w0.2,1b1c5372,4,112797.34533296559,262
0,F6_plus_panel_w0.3,1b1c5372,0,4515.344396454251,999
0,F6_plus_panel_w0.3,1b1c5372,1,38644.483485518234,1000
0,F6_plus_panel_w0.3,1b1c5372,2,179466.6635248503,1000
0,F6_plus_panel_w0.3,1b1c5372,3,667741.1999050351,1000
0,F6_plus_panel_w0.3,1b1c5372,4,121612.93712633858,262
0,current_F6_rerun,f07d7037,0,16871.33575724971,999
0,current_F6_rerun,f07d7037,1,11002.98630317849,1000
0,current_F6_rerun,f07d7037,2,940.2977191721839,1000
0,current_F6_rerun,f07d7037,3,12960.514880235618,1000
0,current_F6_rerun,f07d7037,4,1624.4393250500023,1000
0,current_F6_rerun,f07d7037,5,6731.791348554178,564
0,F6_plus_panel_w0.05,f07d7037,0,14743.724023346622,999
0,F6_plus_panel_w0.05,f07d7037,1,9660.608806910675,1000
0,F6_plus_panel_w0.05,f07d7037,2,1686.646496346286,1000
0,F6_plus_panel_w0.05,f07d7037,3,10404.752334140123,1000
0,F6_plus_panel_w0.05,f07d7037,4,2180.943777347168,1000
0,F6_plus_panel_w0.05,f07d7037,5,9060.102204013365,564
0,F6_plus_panel_w0.1,f07d7037,0,12762.199558979759,999
0,F6_plus_panel_w0.1,f07d7037,1,8736.907936593818,1000
0,F6_plus_panel_w0.1,f07d7037,2,2724.127623829228,1000
0,F6_plus_panel_w0.1,f07d7037,3,8260.821155542182,1000
0,F6_plus_panel_w0.1,f07d7037,4,3120.135530541268,1000
0,F6_plus_panel_w0.1,f07d7037,5,11736.596107372812,564
0,F6_plus_panel_w0.2,f07d7037,0,9237.412438818617,999
0,F6_plus_panel_w0.2,f07d7037,1,8145.53607380008,1000
0,F6_plus_panel_w0.2,f07d7037,2,5672.486929732992,1000
0,F6_plus_panel_w0.2,f07d7037,3,5208.452900813697,1000
0,F6_plus_panel_w0.2,f07d7037,4,6146.580939630109,1000
0,F6_plus_panel_w0.2,f07d7037,5,18134.133057815343,564
0,F6_plus_panel_w0.3,f07d7037,0,6296.974396758934,999
0,F6_plus_panel_w0.3,f07d7037,1,9228.870714799494,1000
0,F6_plus_panel_w0.3,f07d7037,2,9785.375636892453,1000
0,F6_plus_panel_w0.3,f07d7037,3,3803.410116049448,1000
0,F6_plus_panel_w0.3,f07d7037,4,10703.775552324578,1000
0,F6_plus_panel_w0.3,f07d7037,5,25924.402199891643,564
0,current_F6_rerun,b5aa9634,0,19750.165024452595,999
0,current_F6_rerun,b5aa9634,1,2316.578693513605,1000
0,current_F6_rerun,b5aa9634,2,17564.33803443749,1000
0,current_F6_rerun,b5aa9634,3,8060.713714979669,1000
0,current_F6_rerun,b5aa9634,4,3302.2122434520998,1000
0,current_F6_rerun,b5aa9634,5,21358.656848456307,1000
0,current_F6_rerun,b5aa9634,6,263315.28872796625,1000
0,current_F6_rerun,b5aa9634,7,199215.07326475703,327
0,F6_plus_panel_w0.05,b5aa9634,0,20293.074241927934,999
0,F6_plus_panel_w0.05,b5aa9634,1,2507.0676279303057,1000
0,F6_plus_panel_w0.05,b5aa9634,2,18498.635765570794,1000
0,F6_plus_panel_w0.05,b5aa9634,3,7540.611126788663,1000
0,F6_plus_panel_w0.05,b5aa9634,4,2578.576993518553,1000
0,F6_plus_panel_w0.05,b5aa9634,5,20366.094358877865,1000
0,F6_plus_panel_w0.05,b5aa9634,6,268599.39480037556,1000
0,F6_plus_panel_w0.05,b5aa9634,7,202540.7694850042,327
0,F6_plus_panel_w0.1,b5aa9634,0,20846.85288681294,999
0,F6_plus_panel_w0.1,b5aa9634,1,2721.8808525744666,1000
0,F6_plus_panel_w0.1,b5aa9634,2,19487.67610244065,1000
0,F6_plus_panel_w0.1,b5aa9634,3,7055.567110265884,1000
0,F6_plus_panel_w0.1,b5aa9634,4,1986.6618843004294,1000
0,F6_plus_panel_w0.1,b5aa9634,5,19438.241137487552,1000
0,F6_plus_panel_w0.1,b5aa9634,6,274036.58547029947,1000
0,F6_plus_panel_w0.1,b5aa9634,7,205894.91283321133,327
0,F6_plus_panel_w0.2,b5aa9634,0,21987.01845876786,999
0,F6_plus_panel_w0.2,b5aa9634,1,3224.4801725304446,1000
0,F6_plus_panel_w0.2,b5aa9634,2,21629.984593342284,1000
0,F6_plus_panel_w0.2,b5aa9634,3,6190.65479219265,1000
0,F6_plus_panel_w0.2,b5aa9634,4,1197.9920879958343,1000
0,F6_plus_panel_w0.2,b5aa9634,5,17776.662499228667,1000
0,F6_plus_panel_w0.2,b5aa9634,6,285370.2206025178,1000
0,F6_plus_panel_w0.2,b5aa9634,7,212688.54091340667,327
0,F6_plus_panel_w0.3,b5aa9634,0,23170.66174029592,999
0,F6_plus_panel_w0.3,b5aa9634,1,3824.376653372571,1000
0,F6_plus_panel_w0.3,b5aa9634,2,23991.263507116913,1000
0,F6_plus_panel_w0.3,b5aa9634,3,5465.976760749113,1000
0,F6_plus_panel_w0.3,b5aa9634,4,936.2028545379891,1000
0,F6_plus_panel_w0.3,b5aa9634,5,16373.920933666388,1000
0,F6_plus_panel_w0.3,b5aa9634,6,297316.19412454055,1000
0,F6_plus_panel_w0.3,b5aa9634,7,219595.95750529866,327
0,current_F6_rerun,373ef48b,0,7307.1085434675715,999
0,current_F6_rerun,373ef48b,1,6303.6113764814,1000
0,current_F6_rerun,373ef48b,2,7047.851996358599,1000
0,current_F6_rerun,373ef48b,3,234.37365206469133,510
0,F6_plus_panel_w0.05,373ef48b,0,6581.320069626987,999
0,F6_plus_panel_w0.05,373ef48b,1,6821.647518468415,1000
0,F6_plus_panel_w0.05,373ef48b,2,7402.88724917893,1000
0,F6_plus_panel_w0.05,373ef48b,3,232.1633384779289,510
0,F6_plus_panel_w0.1,373ef48b,0,5907.778287612278,999
0,F6_plus_panel_w0.1,373ef48b,1,7410.339212397895,1000
0,F6_plus_panel_w0.1,373ef48b,2,7793.13633372797,1000
0,F6_plus_panel_w0.1,373ef48b,3,269.1915656272212,510
0,F6_plus_panel_w0.2,373ef48b,0,4717.434799086278,999
0,F6_plus_panel_w0.2,373ef48b,1,8799.689256108442,1000
0,F6_plus_panel_w0.2,373ef48b,2,8679.275998033325,1000
0,F6_plus_panel_w0.2,373ef48b,3,460.9636421345841,510
0,F6_plus_panel_w0.3,373ef48b,0,3736.078077894207,999
0,F6_plus_panel_w0.3,373ef48b,1,10471.66150762146,1000
0,F6_plus_panel_w0.3,373ef48b,2,9706.270989284274,1000
0,F6_plus_panel_w0.3,373ef48b,3,809.6898815884184,510
0,current_F6_rerun,dbee6c86,0,7414.856438966541,999
0,current_F6_rerun,dbee6c86,1,35054.06746978203,1000
0,current_F6_rerun,dbee6c86,2,2622.892915066205,1000
0,current_F6_rerun,dbee6c86,3,42664.68082492164,1000
0,current_F6_rerun,dbee6c86,4,32044.518287460214,1000
0,current_F6_rerun,dbee6c86,5,66503.64445612312,1000
0,current_F6_rerun,dbee6c86,6,27942.329840639,1000
0,current_F6_rerun,dbee6c86,7,5125.704697391451,370
0,F6_plus_panel_w0.05,dbee6c86,0,7487.459274555717,999
0,F6_plus_panel_w0.05,dbee6c86,1,35290.32489320945,1000
0,F6_plus_panel_w0.05,dbee6c86,2,2202.1711244723406,1000
0,F6_plus_panel_w0.05,dbee6c86,3,39424.55312325674,1000
0,F6_plus_panel_w0.05,dbee6c86,4,27155.82188323762,1000
0,F6_plus_panel_w0.05,dbee6c86,5,60848.15119286548,1000
0,F6_plus_panel_w0.05,dbee6c86,6,23639.083714570756,1000
0,F6_plus_panel_w0.05,dbee6c86,7,4214.773392024295,370
0,F6_plus_panel_w0.1,dbee6c86,0,7577.258517816642,999
0,F6_plus_panel_w0.1,dbee6c86,1,35570.27237259543,1000
0,F6_plus_panel_w0.1,dbee6c86,2,1850.2999242221429,1000
0,F6_plus_panel_w0.1,dbee6c86,3,36335.36299128236,1000
0,F6_plus_panel_w0.1,dbee6c86,4,22684.60237704162,1000
0,F6_plus_panel_w0.1,dbee6c86,5,55463.45893732365,1000
0,F6_plus_panel_w0.1,dbee6c86,6,19726.285067488076,1000
0,F6_plus_panel_w0.1,dbee6c86,7,3405.6447302382276,370
0,F6_plus_panel_w0.2,dbee6c86,0,7808.446227349725,999
0,F6_plus_panel_w0.2,dbee6c86,1,36261.2374992951,1000
0,F6_plus_panel_w0.2,dbee6c86,2,1353.1092947644677,1000
0,F6_plus_panel_w0.2,dbee6c86,3,30609.79543646927,1000
0,F6_plus_panel_w0.2,dbee6c86,4,14994.594058784975,1000
0,F6_plus_panel_w0.2,dbee6c86,5,45506.47744947584,1000
0,F6_plus_panel_w0.2,dbee6c86,6,13072.030210333514,1000
0,F6_plus_panel_w0.2,dbee6c86,7,2092.7953374248864,370
0,F6_plus_panel_w0.3,dbee6c86,0,8108.419567565453,999
0,F6_plus_panel_w0.3,dbee6c86,1,37126.96284990139,1000
0,F6_plus_panel_w0.3,dbee6c86,2,1131.3210266942465,1000
0,F6_plus_panel_w0.3,dbee6c86,3,25487.97816050144,1000
0,F6_plus_panel_w0.3,dbee6c86,4,8974.4933327048,1000
0,F6_plus_panel_w0.3,dbee6c86,5,36632.69999260952,1000
0,F6_plus_panel_w0.3,dbee6c86,6,7979.5652691889145,1000
0,F6_plus_panel_w0.3,dbee6c86,7,1187.156518954593,370
0,current_F6_rerun,000d7d20,0,4602.7394694941995,999
0,current_F6_rerun,000d7d20,1,17110.544927007115,1000
0,current_F6_rerun,000d7d20,2,22727.184266154785,1000
0,current_F6_rerun,000d7d20,3,74714.12481654355,837
0,F6_plus_panel_w0.05,000d7d20,0,3978.359681569637,999
0,F6_plus_panel_w0.05,000d7d20,1,16447.34964056447,1000
0,F6_plus_panel_w0.05,000d7d20,2,24101.140444063436,1000
0,F6_plus_panel_w0.05,000d7d20,3,74636.42795096344,837
0,F6_plus_panel_w0.1,000d7d20,0,3412.515729781014,999
0,F6_plus_panel_w0.1,000d7d20,1,15801.453203414005,1000
0,F6_plus_panel_w0.1,000d7d20,2,25531.255009694727,1000
0,F6_plus_panel_w0.1,000d7d20,3,74573.5654736233,837
0,F6_plus_panel_w0.2,000d7d20,0,2456.4353345934974,999
0,F6_plus_panel_w0.2,000d7d20,1,14561.55687695642,1000
0,F6_plus_panel_w0.2,000d7d20,2,28559.95930408373,1000
0,F6_plus_panel_w0.2,000d7d20,3,74492.3436835789,837
0,F6_plus_panel_w0.3,000d7d20,0,1734.498283928979,999
0,F6_plus_panel_w0.3,000d7d20,1,13390.855947624226,1000
0,F6_plus_panel_w0.3,000d7d20,2,31813.29714930858,1000
0,F6_plus_panel_w0.3,000d7d20,3,74470.45944639224,837
0,current_F6_rerun,727a3a10,0,190783.23652260102,999
0,current_F6_rerun,727a3a10,1,293966.5401788833,1000
0,current_F6_rerun,727a3a10,2,148996.6940483278,1000
0,current_F6_rerun,727a3a10,3,8453.75751071538,1000
0,current_F6_rerun,727a3a10,4,1582.6664659807502,398
0,F6_plus_panel_w0.05,727a3a10,0,186580.16076165924,999
0,F6_plus_panel_w0.05,727a3a10,1,300196.8449987842,1000
0,F6_plus_panel_w0.05,727a3a10,2,159871.2533741408,1000
0,F6_plus_panel_w0.05,727a3a10,3,11373.505019846902,1000
0,F6_plus_panel_w0.05,727a3a10,4,2413.62209144823,398
0,F6_plus_panel_w0.1,727a3a10,0,182451.4792140093,999
0,F6_plus_panel_w0.1,727a3a10,1,306554.2835529511,1000
0,F6_plus_panel_w0.1,727a3a10,2,171161.80230643702,1000
0,F6_plus_panel_w0.1,727a3a10,3,14928.249685587474,1000
0,F6_plus_panel_w0.1,727a3a10,4,3474.4695388700766,398
0,F6_plus_panel_w0.2,727a3a10,0,174417.29875843556,999
0,F6_plus_panel_w0.2,727a3a10,1,319650.56186388945,1000
0,F6_plus_panel_w0.2,727a3a10,2,194990.86899032764,1000
0,F6_plus_panel_w0.2,727a3a10,3,23942.73048686595,1000
0,F6_plus_panel_w0.2,727a3a10,4,6285.839899566522,398
0,F6_plus_panel_w0.3,727a3a10,0,166680.695155821,999
0,F6_plus_panel_w0.3,727a3a10,1,333255.3751116061,1000
0,F6_plus_panel_w0.3,727a3a10,2,220483.89409992678,1000
0,F6_plus_panel_w0.3,727a3a10,3,35497.199914523524,1000
0,F6_plus_panel_w0.3,727a3a10,4,10016.77754806097,398
0,current_F6_rerun,5beded95,0,137530.95838261762,999
0,current_F6_rerun,5beded95,1,309959.8274363035,1000
0,current_F6_rerun,5beded95,2,75675.05488808914,1000
0,current_F6_rerun,5beded95,3,5913.8616458424,58
0,F6_plus_panel_w0.05,5beded95,0,138767.32419672667,999
0,F6_plus_panel_w0.05,5beded95,1,313305.9184056382,1000
0,F6_plus_panel_w0.05,5beded95,2,80500.45363880199,1000
0,F6_plus_panel_w0.05,5beded95,3,6310.849240769626,58
0,F6_plus_panel_w0.1,5beded95,0,140010.45880485486,999
0,F6_plus_panel_w0.1,5beded95,1,316678.1752515752,1000
0,F6_plus_panel_w0.1,5beded95,2,85478.51770467286,1000
0,F6_plus_panel_w0.1,5beded95,3,6720.732413144394,58
0,F6_plus_panel_w0.2,5beded95,0,142517.03440307258,999
0,F6_plus_panel_w0.2,5beded95,1,323501.18657308107,1000
0,F6_plus_panel_w0.2,5beded95,2,95892.64178179721,1000
0,F6_plus_panel_w0.2,5beded95,3,7579.185490229959,58
0,F6_plus_panel_w0.3,5beded95,0,145050.68517724017,999
0,F6_plus_panel_w0.3,5beded95,1,330428.8614007627,1000
0,F6_plus_panel_w0.3,5beded95,2,106917.42711943269,1000
0,F6_plus_panel_w0.3,5beded95,3,8489.22087709687,58
0,current_F6_rerun,33c40295,0,226288.16579139393,999
0,current_F6_rerun,33c40295,1,86751.49286298468,1000
0,current_F6_rerun,33c40295,2,63056.04792285649,1000
0,current_F6_rerun,33c40295,3,67996.96305991377,1000
0,current_F6_rerun,33c40295,4,22371.73144361123,170
0,F6_plus_panel_w0.05,33c40295,0,215008.88367825502,999
0,F6_plus_panel_w0.05,33c40295,1,76788.17702265439,1000
0,F6_plus_panel_w0.05,33c40295,2,50523.541806709196,1000
0,F6_plus_panel_w0.05,33c40295,3,51622.297094353205,1000
0,F6_plus_panel_w0.05,33c40295,4,17969.938201083634,170
0,F6_plus_panel_w0.1,33c40295,0,204034.87758275724,999
0,F6_plus_panel_w0.1,33c40295,1,67709.45513786194,1000
0,F6_plus_panel_w0.1,33c40295,2,39401.57960489104,1000
0,F6_plus_panel_w0.1,33c40295,3,37522.21595190062,1000
0,F6_plus_panel_w0.1,33c40295,4,14050.474334940334,170
0,F6_plus_panel_w0.2,33c40295,0,183002.69344454329,999
0,F6_plus_panel_w0.2,33c40295,1,52205.79323481146,1000
0,F6_plus_panel_w0.2,33c40295,2,21389.286944176525,1000
0,F6_plus_panel_w0.2,33c40295,3,16145.8081362406,1000
0,F6_plus_panel_w0.2,33c40295,4,7658.534731791698,170
0,F6_plus_panel_w0.3,33c40295,0,163191.61337671315,999
0,F6_plus_panel_w0.3,33c40295,1,40240.50715382165,1000
0,F6_plus_panel_w0.3,33c40295,2,9019.169940706099,1000
0,F6_plus_panel_w0.3,33c40295,3,3867.7396129307517,1000
0,F6_plus_panel_w0.3,33c40295,4,3195.9126341633087,170
0,current_F6_rerun,992ce078,0,477.05478101243347,999
0,current_F6_rerun,992ce078,1,5685.75550720736,1000
0,current_F6_rerun,992ce078,2,2145.644469167612,880
0,F6_plus_panel_w0.05,992ce078,0,565.8033062813942,999
0,F6_plus_panel_w0.05,992ce078,1,6213.666086658318,1000
0,F6_plus_panel_w0.05,992ce078,2,2744.423720757373,880
0,F6_plus_panel_w0.1,992ce078,0,690.6384703302209,999
0,F6_plus_panel_w0.1,992ce078,1,6780.133915077568,1000
0,F6_plus_panel_w0.1,992ce078,2,3492.08006294961,880
0,F6_plus_panel_w0.2,992ce078,0,1048.5687147647998,999
0,F6_plus_panel_w0.2,992ce078,1,8028.741318804413,1000
0,F6_plus_panel_w0.2,992ce078,2,5434.024019126908,880
0,F6_plus_panel_w0.3,992ce078,0,1550.8455143139395,999
0,F6_plus_panel_w0.3,992ce078,1,9431.577718381699,1000
0,F6_plus_panel_w0.3,992ce078,2,7971.476337693612,880
0,current_F6_rerun,49dbc14c,0,5962.545979227599,999
0,current_F6_rerun,49dbc14c,1,5416.8756217152495,1000
0,current_F6_rerun,49dbc14c,2,631.2566263499044,1000
0,current_F6_rerun,49dbc14c,3,732.6234256140373,873
0,F6_plus_panel_w0.05,49dbc14c,0,5708.660760493617,999
0,F6_plus_panel_w0.05,49dbc14c,1,4322.3251018317915,1000
0,F6_plus_panel_w0.05,49dbc14c,2,684.4632461419247,1000
0,F6_plus_panel_w0.05,49dbc14c,3,348.9025526318623,873
0,F6_plus_panel_w0.1,49dbc14c,0,5499.5103026636525,999
0,F6_plus_panel_w0.1,49dbc14c,1,3446.2844050417148,1000
0,F6_plus_panel_w0.1,49dbc14c,2,1018.7194150349923,1000
0,F6_plus_panel_w0.1,49dbc14c,3,590.7107262167127,873
0,F6_plus_panel_w0.2,49dbc14c,0,5215.41366973014,999
0,F6_plus_panel_w0.2,49dbc14c,1,2349.7324807559858,1000
0,F6_plus_panel_w0.2,49dbc14c,2,2530.38040012094,1000
0,F6_plus_panel_w0.2,49dbc14c,3,2950.9142130879577,873
0,F6_plus_panel_w0.3,49dbc14c,0,5110.256080432561,999
0,F6_plus_panel_w0.3,49dbc14c,1,2127.2198488582194,1000
0,F6_plus_panel_w0.3,49dbc14c,2,5166.239581601463,1000
0,F6_plus_panel_w0.3,49dbc14c,3,7813.233886220158,873
0,current_F6_rerun,5b7b6324,0,2372.535599712209,999
0,current_F6_rerun,5b7b6324,1,1730.0315620398133,1000
0,current_F6_rerun,5b7b6324,2,35033.36207651436,1000
0,current_F6_rerun,5b7b6324,3,150137.20299027825,1000
0,current_F6_rerun,5b7b6324,4,200998.23070669494,1000
0,current_F6_rerun,5b7b6324,5,312837.569139859,1000
0,current_F6_rerun,5b7b6324,6,289429.34682172386,565
0,F6_plus_panel_w0.05,5b7b6324,0,2851.6622289620796,999
0,F6_plus_panel_w0.05,5b7b6324,1,2724.522552152697,1000
0,F6_plus_panel_w0.05,5b7b6324,2,31942.97120201705,1000
0,F6_plus_panel_w0.05,5b7b6324,3,162002.2499480077,1000
0,F6_plus_panel_w0.05,5b7b6324,4,213989.0283238238,1000
0,F6_plus_panel_w0.05,5b7b6324,5,327383.1480656729,1000
0,F6_plus_panel_w0.05,5b7b6324,6,301363.15227468184,565
0,F6_plus_panel_w0.1,5b7b6324,0,3465.765403969341,999
0,F6_plus_panel_w0.1,5b7b6324,1,3974.431772630813,1000
0,F6_plus_panel_w0.1,5b7b6324,2,29018.875082096514,1000
0,F6_plus_panel_w0.1,5b7b6324,3,174335.54615601344,1000
0,F6_plus_panel_w0.1,5b7b6324,4,227422.80441998848,1000
0,F6_plus_panel_w0.1,5b7b6324,5,342261.94264715957,1000
0,F6_plus_panel_w0.1,5b7b6324,6,313539.18059187004,565
0,F6_plus_panel_w0.2,5b7b6324,0,5098.9013912643895,999
0,F6_plus_panel_w0.2,5b7b6324,1,7240.504904700164,1000
0,F6_plus_panel_w0.2,5b7b6324,2,23669.567105929502,1000
0,F6_plus_panel_w0.2,5b7b6324,3,200406.8863229938,1000
0,F6_plus_panel_w0.2,5b7b6324,4,255619.29204960875,1000
0,F6_plus_panel_w0.2,5b7b6324,5,373019.17877735285,1000
0,F6_plus_panel_w0.2,5b7b6324,6,338617.9058190954,565
0,F6_plus_panel_w0.3,5b7b6324,0,7271.943561606565,999
0,F6_plus_panel_w0.3,5b7b6324,1,11528.25095826429,1000
0,F6_plus_panel_w0.3,5b7b6324,2,18985.43814799354,1000
0,F6_plus_panel_w0.3,5b7b6324,3,228351.2234912899,1000
0,F6_plus_panel_w0.3,5b7b6324,4,285587.6935956338,1000
0,F6_plus_panel_w0.3,5b7b6324,5,405109.27753054217,1000
0,F6_plus_panel_w0.3,5b7b6324,6,364665.5225034562,565
0,current_F6_rerun,ddc790ff,0,1105.6686672692624,999
0,current_F6_rerun,ddc790ff,1,2859.1538198387593,1000
0,current_F6_rerun,ddc790ff,2,4015.765135307536,1000
0,current_F6_rerun,ddc790ff,3,1811.1561908132214,1000
0,current_F6_rerun,ddc790ff,4,2423.4986895611173,727
0,F6_plus_panel_w0.05,ddc790ff,0,1339.01750459142,999
0,F6_plus_panel_w0.05,ddc790ff,1,3358.41028932625,1000
0,F6_plus_panel_w0.05,ddc790ff,2,3837.1052101126656,1000
0,F6_plus_panel_w0.05,ddc790ff,3,1709.3516323678657,1000
0,F6_plus_panel_w0.05,ddc790ff,4,2730.486755976344,727
0,F6_plus_panel_w0.1,ddc790ff,0,1605.6241881038763,999
0,F6_plus_panel_w0.1,ddc790ff,1,3904.9331201808923,1000
0,F6_plus_panel_w0.1,ddc790ff,2,3709.3608239577516,1000
0,F6_plus_panel_w0.1,ddc790ff,3,1662.3026509674828,1000
0,F6_plus_panel_w0.1,ddc790ff,4,3083.066383184569,727
0,F6_plus_panel_w0.2,ddc790ff,0,2238.6110937053236,999
0,F6_plus_panel_w0.2,ddc790ff,1,5139.777865973011,1000
0,F6_plus_panel_w0.2,ddc790ff,2,3606.6186687671297,1000
0,F6_plus_panel_w0.2,ddc790ff,3,1732.4714193072843,1000
0,F6_plus_panel_w0.2,ddc790ff,4,3925.0003199681782,727
0,F6_plus_panel_w0.3,ddc790ff,0,3004.6293840757335,999
0,F6_plus_panel_w0.3,ddc790ff,1,6563.688057207793,1000
0,F6_plus_panel_w0.3,ddc790ff,2,3707.538669732999,1000
0,F6_plus_panel_w0.3,ddc790ff,3,2021.6624958324808,1000
0,F6_plus_panel_w0.3,ddc790ff,4,4949.300499906389,727
0,current_F6_rerun,cbe51de1,0,9359.238451018395,999
0,current_F6_rerun,cbe51de1,1,7187.246945866257,1000
0,current_F6_rerun,cbe51de1,2,49563.978468706875,1000
0,current_F6_rerun,cbe51de1,3,49841.727486785334,964
0,F6_plus_panel_w0.05,cbe51de1,0,9759.33784978609,999
0,F6_plus_panel_w0.05,cbe51de1,1,7530.499433035771,1000
0,F6_plus_panel_w0.05,cbe51de1,2,57497.31976614145,1000
0,F6_plus_panel_w0.05,cbe51de1,3,41941.32856608002,964
0,F6_plus_panel_w0.1,cbe51de1,0,10185.563155678645,999
0,F6_plus_panel_w0.1,cbe51de1,1,7994.04743192127,1000
0,F6_plus_panel_w0.1,cbe51de1,2,66215.35951893067,1000
0,F6_plus_panel_w0.1,cbe51de1,3,34973.143855578266,964
0,F6_plus_panel_w0.2,cbe51de1,0,11116.391488814985,999
0,F6_plus_panel_w0.2,cbe51de1,1,9282.029964839901,1000
0,F6_plus_panel_w0.2,cbe51de1,2,86005.53439064401,1000
0,F6_plus_panel_w0.2,cbe51de1,3,23833.417065130634,964
0,F6_plus_panel_w0.3,cbe51de1,0,12151.723450418933,999
0,F6_plus_panel_w0.3,cbe51de1,1,11051.194544623231,1000
0,F6_plus_panel_w0.3,cbe51de1,2,108934.5030838773,1000
0,F6_plus_panel_w0.3,cbe51de1,3,16422.54711543667,964
0,current_F6_rerun,10a1281a,0,32185.502588938358,999
0,current_F6_rerun,10a1281a,1,15475.806693119437,1000
0,current_F6_rerun,10a1281a,2,30142.91249701612,1000
0,current_F6_rerun,10a1281a,3,14249.926732829741,1000
0,current_F6_rerun,10a1281a,4,3166.2655934268873,1000
0,current_F6_rerun,10a1281a,5,360.6558626695931,610
0,F6_plus_panel_w0.05,10a1281a,0,32677.556669571077,999
0,F6_plus_panel_w0.05,10a1281a,1,14265.150514303374,1000
0,F6_plus_panel_w0.05,10a1281a,2,28998.736839180965,1000
0,F6_plus_panel_w0.05,10a1281a,3,13169.912558865735,1000
0,F6_plus_panel_w0.05,10a1281a,4,3034.055323522213,1000
0,F6_plus_panel_w0.05,10a1281a,5,213.7939273008019,610
0,F6_plus_panel_w0.1,10a1281a,0,33186.08129587459,999
0,F6_plus_panel_w0.1,10a1281a,1,13140.484597101862,1000
0,F6_plus_panel_w0.1,10a1281a,2,27906.927125669066,1000
0,F6_plus_panel_w0.1,10a1281a,3,12184.719513013273,1000
0,F6_plus_panel_w0.1,10a1281a,4,2984.765441377822,1000
0,F6_plus_panel_w0.1,10a1281a,5,205.55682294901928,610
0,F6_plus_panel_w0.2,10a1281a,0,34252.54218554762,999
0,F6_plus_panel_w0.2,10a1281a,1,11149.123547512638,1000
0,F6_plus_panel_w0.2,10a1281a,2,25880.405531619363,1000
0,F6_plus_panel_w0.2,10a1281a,3,10498.796805628761,1000
0,F6_plus_panel_w0.2,10a1281a,4,3134.9468403725596,1000
0,F6_plus_panel_w0.2,10a1281a,5,604.9571072949666,610
0,F6_plus_panel_w0.3,10a1281a,0,35384.88525796994,999
0,F6_plus_panel_w0.3,10a1281a,1,9501.723544347706,1000
0,F6_plus_panel_w0.3,10a1281a,2,24063.34771487039,1000
0,F6_plus_panel_w0.3,10a1281a,3,9192.15861067654,1000
0,F6_plus_panel_w0.3,10a1281a,4,3616.8097904149613,1000
0,F6_plus_panel_w0.3,10a1281a,5,1558.8567157100156,610
0,current_F6_rerun,16e4a047,0,50685.68740000879,999
0,current_F6_rerun,16e4a047,1,120160.02570000704,1000
0,current_F6_rerun,16e4a047,2,73691.25670001212,1000
0,current_F6_rerun,16e4a047,3,131901.72690000903,1000
0,current_F6_rerun,16e4a047,4,14137.173900002037,132
0,F6_plus_panel_w0.05,16e4a047,0,52739.23839088171,999
0,F6_plus_panel_w0.05,16e4a047,1,123054.7896059877,1000
0,F6_plus_panel_w0.05,16e4a047,2,75707.57573941904,1000
0,F6_plus_panel_w0.05,16e4a047,3,134714.1085884957,1000
0,F6_plus_panel_w0.05,16e4a047,4,14427.160295996888,132
0,F6_plus_panel_w0.1,16e4a047,0,54872.42481138695,999
0,F6_plus_panel_w0.1,16e4a047,1,125988.70108780832,1000
0,F6_plus_panel_w0.1,16e4a047,2,77751.71124555348,1000
0,F6_plus_panel_w0.1,16e4a047,3,137558.95201625305,1000
0,F6_plus_panel_w0.1,16e4a047,4,14720.19081403396,132
0,F6_plus_panel_w0.2,16e4a047,0,59377.70394127021,999
0,F6_plus_panel_w0.2,16e4a047,1,131973.96677894032,1000
0,F6_plus_panel_w0.2,16e4a047,2,81923.43165797932,1000
0,F6_plus_panel_w0.2,16e4a047,3,143346.0240895363,1000
0,F6_plus_panel_w0.2,16e4a047,4,15315.38421622999,132
0,F6_plus_panel_w0.3,16e4a047,0,64201.52478969977,999
0,F6_plus_panel_w0.3,16e4a047,1,138115.8227734415,1000
0,F6_plus_panel_w0.3,16e4a047,2,86206.41793733826,1000
0,F6_plus_panel_w0.3,16e4a047,3,149262.94311992935,1000
0,F6_plus_panel_w0.3,16e4a047,4,15922.754106599084,132
0,current_F6_rerun,abf460d2,0,3549.2105449965356,999
0,current_F6_rerun,abf460d2,1,23549.638395527458,1000
0,current_F6_rerun,abf460d2,2,28137.535227621345,1000
0,current_F6_rerun,abf460d2,3,24970.822917525547,218
0,F6_plus_panel_w0.05,abf460d2,0,3875.979312885512,999
0,F6_plus_panel_w0.05,abf460d2,1,23258.80868773131,1000
0,F6_plus_panel_w0.05,abf460d2,2,30483.264027793484,1000
0,F6_plus_panel_w0.05,abf460d2,3,26298.21388974622,218
0,F6_plus_panel_w0.1,abf460d2,0,4230.571995008454,999
0,F6_plus_panel_w0.1,abf460d2,1,22971.438160789323,1000
0,F6_plus_panel_w0.1,abf460d2,2,32941.740884662395,1000
0,F6_plus_panel_w0.1,abf460d2,3,27660.757280073507,218
0,F6_plus_panel_w0.2,abf460d2,0,5023.229101942511,999
0,F6_plus_panel_w0.2,abf460d2,1,22407.074649514714,1000
0,F6_plus_panel_w0.2,abf460d2,2,38196.93876854681,1000
0,F6_plus_panel_w0.2,abf460d2,3,30491.30131507197,218
0,F6_plus_panel_w0.3,abf460d2,0,5927.181865793265,999
0,F6_plus_panel_w0.3,abf460d2,1,21856.547861713687,1000
0,F6_plus_panel_w0.3,abf460d2,2,43903.12887929655,1000
0,F6_plus_panel_w0.3,abf460d2,3,33462.45502252824,218
0,current_F6_rerun,445af6c2,0,1074.2409068829327,999
0,current_F6_rerun,445af6c2,1,9828.873414427913,1000
0,current_F6_rerun,445af6c2,2,17350.872593614204,1000
0,current_F6_rerun,445af6c2,3,31761.671285683915,1000
0,current_F6_rerun,445af6c2,4,39043.41116675761,1000
0,current_F6_rerun,445af6c2,5,33506.654686737886,1000
0,current_F6_rerun,445af6c2,6,2215.1834942827572,42
0,F6_plus_panel_w0.05,445af6c2,0,1220.5558980614105,999
0,F6_plus_panel_w0.05,445af6c2,1,15020.271207118532,1000
0,F6_plus_panel_w0.05,445af6c2,2,30169.32955187213,1000
0,F6_plus_panel_w0.05,445af6c2,3,46454.74242697913,1000
0,F6_plus_panel_w0.05,445af6c2,4,56288.19440537455,1000
0,F6_plus_panel_w0.05,445af6c2,5,52216.560367389866,1000
0,F6_plus_panel_w0.05,445af6c2,6,3175.576897292695,42
0,F6_plus_panel_w0.1,445af6c2,0,1385.0368880726364,999
0,F6_plus_panel_w0.1,445af6c2,1,21339.54769901338,1000
0,F6_plus_panel_w0.1,445af6c2,2,46560.50842661158,1000
0,F6_plus_panel_w0.1,445af6c2,3,64374.69690232168,1000
0,F6_plus_panel_w0.1,445af6c2,4,76774.41289412216,1000
0,F6_plus_panel_w0.1,445af6c2,5,75080.96467840347,1000
0,F6_plus_panel_w0.1,445af6c2,6,4308.53764482954,42
0,F6_plus_panel_w0.2,445af6c2,0,1768.4968645925414,999
0,F6_plus_panel_w0.2,445af6c2,1,37361.7367803792,1000
0,F6_plus_panel_w0.2,445af6c2,2,90061.03192548036,1000
0,F6_plus_panel_w0.2,445af6c2,3,109895.25585507987,1000
0,F6_plus_panel_w0.2,445af6c2,4,127471.15562193269,1000
0,F6_plus_panel_w0.2,445af6c2,5,133273.26919143746,1000
0,F6_plus_panel_w0.2,445af6c2,6,7092.161173479181,42
0,F6_plus_panel_w0.3,445af6c2,0,2224.6208364415083,999
0,F6_plus_panel_w0.3,445af6c2,1,57895.44065850439,1000
0,F6_plus_panel_w0.3,445af6c2,2,147852.44309018648,1000
0,F6_plus_panel_w0.3,445af6c2,3,168323.3481439204,1000
0,F6_plus_panel_w0.3,445af6c2,4,191133.639350149,1000
0,F6_plus_panel_w0.3,445af6c2,5,208083.56822579732,1000
0,F6_plus_panel_w0.3,445af6c2,6,10566.05408022927,42
0,current_F6_rerun,a692b17e,0,36451.49410936225,999
0,current_F6_rerun,a692b17e,1,178919.11642381712,1000
0,current_F6_rerun,a692b17e,2,290062.36021079915,1000
0,current_F6_rerun,a692b17e,3,58056.735868131545,567
0,F6_plus_panel_w0.05,a692b17e,0,35527.75255137453,999
0,F6_plus_panel_w0.05,a692b17e,1,177349.11336936007,1000
0,F6_plus_panel_w0.05,a692b17e,2,292297.8621806624,1000
0,F6_plus_panel_w0.05,a692b17e,3,54730.07726781463,567
0,F6_plus_panel_w0.1,a692b17e,0,34638.54334953469,999
0,F6_plus_panel_w0.1,a692b17e,1,175805.72057884806,1000
0,F6_plus_panel_w0.1,a692b17e,2,294617.91817375633,1000
0,F6_plus_panel_w0.1,a692b17e,3,51505.37634764088,567
0,F6_plus_panel_w0.2,a692b17e,0,32963.722014244755,999
0,F6_plus_panel_w0.2,a692b17e,1,172798.76578979485,1000
0,F6_plus_panel_w0.2,a692b17e,2,299511.6922298014,1000
0,F6_plus_panel_w0.2,a692b17e,3,45361.84754778317,567
0,F6_plus_panel_w0.3,a692b17e,0,31427.030103476955,999
0,F6_plus_panel_w0.3,a692b17e,1,169898.25205668877,1000
0,F6_plus_panel_w0.3,a692b17e,2,304743.6823789924,1000
0,F6_plus_panel_w0.3,a692b17e,3,39626.14946857183,567
0,current_F6_rerun,bffe3082,0,4460.853024631976,999
0,current_F6_rerun,bffe3082,1,37831.95850667271,1000
0,current_F6_rerun,bffe3082,2,176944.96977115443,1000
0,current_F6_rerun,bffe3082,3,277215.8761136721,1000
0,current_F6_rerun,bffe3082,4,853580.2260140156,1000
0,current_F6_rerun,bffe3082,5,719111.934077201,724
0,F6_plus_panel_w0.05,bffe3082,0,4211.181032887889,999
0,F6_plus_panel_w0.05,bffe3082,1,33673.96588361558,1000
0,F6_plus_panel_w0.05,bffe3082,2,163510.65622780818,1000
0,F6_plus_panel_w0.05,bffe3082,3,267542.0732073218,1000
0,F6_plus_panel_w0.05,bffe3082,4,849107.943822059,1000
0,F6_plus_panel_w0.05,bffe3082,5,715102.957113878,724
0,F6_plus_panel_w0.1,bffe3082,0,3978.0447125220035,999
0,F6_plus_panel_w0.1,bffe3082,1,29772.584679276853,1000
0,F6_plus_panel_w0.1,bffe3082,2,150687.78724441963,1000
0,F6_plus_panel_w0.1,bffe3082,3,258050.6558098621,1000
0,F6_plus_panel_w0.1,bffe3082,4,844673.275424839,1000
0,F6_plus_panel_w0.1,bffe3082,5,711112.6650030222,724
0,F6_plus_panel_w0.2,bffe3082,0,3561.3790859368114,999
0,F6_plus_panel_w0.2,bffe3082,1,22739.65652681266,1000
0,F6_plus_panel_w0.2,bffe3082,2,126876.3829576387,1000
0,F6_plus_panel_w0.2,bffe3082,3,239614.97754177474,1000
0,F6_plus_panel_w0.2,bffe3082,4,835916.7800149163,1000
0,F6_plus_panel_w0.2,bffe3082,5,703188.135338943,724
0,F6_plus_panel_w0.3,bffe3082,0,3210.856144878435,999
0,F6_plus_panel_w0.3,bffe3082,1,16733.17404928855,1000
0,F6_plus_panel_w0.3,bffe3082,2,105510.75691083723,1000
0,F6_plus_panel_w0.3,bffe3082,3,221908.84130944847,1000
0,F6_plus_panel_w0.3,bffe3082,4,827310.7397843135,1000
0,F6_plus_panel_w0.3,bffe3082,5,695338.3450850223,724
0,current_F6_rerun,7993a768,0,6376.265762152354,999
0,current_F6_rerun,7993a768,1,6718.7171556827425,1000
0,current_F6_rerun,7993a768,2,6790.059220044493,1000
0,current_F6_rerun,7993a768,3,13289.176045030505,1000
0,current_F6_rerun,7993a768,4,34939.138824768044,1000
0,current_F6_rerun,7993a768,5,13056.712457401441,488
0,F6_plus_panel_w0.05,7993a768,0,6307.094396365361,999
0,F6_plus_panel_w0.05,7993a768,1,7811.096141998247,1000
0,F6_plus_panel_w0.05,7993a768,2,7746.88921101015,1000
0,F6_plus_panel_w0.05,7993a768,3,14566.220746553146,1000
0,F6_plus_panel_w0.05,7993a768,4,39764.31721512817,1000
0,F6_plus_panel_w0.05,7993a768,5,14985.565597882282,488
0,F6_plus_panel_w0.1,7993a768,0,6242.8287768827,999
0,F6_plus_panel_w0.1,7993a768,1,9023.504854929302,1000
0,F6_plus_panel_w0.1,7993a768,2,8785.452283395329,1000
0,F6_plus_panel_w0.1,7993a768,3,15904.54990915452,1000
0,F6_plus_panel_w0.1,7993a768,4,44949.966511736486,1000
0,F6_plus_panel_w0.1,7993a768,5,17057.79350265385,488
0,F6_plus_panel_w0.2,7993a768,0,6129.014776846501,999
0,F6_plus_panel_w0.2,7993a768,1,11808.411460664016,1000
0,F6_plus_panel_w0.2,7993a768,2,11107.777672451613,1000
0,F6_plus_panel_w0.2,7993a768,3,18765.061617632382,1000
0,F6_plus_panel_w0.2,7993a768,4,56402.677823756836,1000
0,F6_plus_panel_w0.2,7993a768,5,21632.373605099427,488
0,F6_plus_panel_w0.3,7993a768,0,6034.823762047993,999
0,F6_plus_panel_w0.3,7993a768,1,15073.43697289812,1000
0,F6_plus_panel_w0.3,7993a768,2,13757.035387223936,1000
0,F6_plus_panel_w0.3,7993a768,3,21870.711170477633,1000
0,F6_plus_panel_w0.3,7993a768,4,69297.27276085314,1000
0,F6_plus_panel_w0.3,7993a768,5,26780.452764744692,488
0,current_F6_rerun,e201fd6d,0,18529.309085981437,999
0,current_F6_rerun,e201fd6d,1,235603.3474749318,1000
0,current_F6_rerun,e201fd6d,2,197380.80866857962,1000
0,current_F6_rerun,e201fd6d,3,105896.7071561158,1000
0,current_F6_rerun,e201fd6d,4,24788.416754201247,1000
0,current_F6_rerun,e201fd6d,5,3064.985343821775,71
0,F6_plus_panel_w0.05,e201fd6d,0,17967.970562001738,999
0,F6_plus_panel_w0.05,e201fd6d,1,248729.8350354505,1000
0,F6_plus_panel_w0.05,e201fd6d,2,206368.3903994942,1000
0,F6_plus_panel_w0.05,e201fd6d,3,106500.07063869316,1000
0,F6_plus_panel_w0.05,e201fd6d,4,24426.182397405602,1000
0,F6_plus_panel_w0.05,e201fd6d,5,2929.8555695582218,71
0,F6_plus_panel_w0.1,e201fd6d,0,17430.036602714546,999
0,F6_plus_panel_w0.1,e201fd6d,1,262225.2681669294,1000
0,F6_plus_panel_w0.1,e201fd6d,2,215588.63642381848,1000
0,F6_plus_panel_w0.1,e201fd6d,3,107134.0495539795,1000
0,F6_plus_panel_w0.1,e201fd6d,4,24109.196617544123,1000
0,F6_plus_panel_w0.1,e201fd6d,5,2797.8511788922974,71
0,F6_plus_panel_w0.2,e201fd6d,0,16424.382378251757,999
0,F6_plus_panel_w0.2,e201fd6d,1,290322.9711425786,1000
0,F6_plus_panel_w0.2,e201fd6d,2,234727.12135252295,1000
0,F6_plus_panel_w0.2,e201fd6d,3,108493.85368257784,1000
0,F6_plus_panel_w0.2,e201fd6d,4,23610.970788679737,1000
0,F6_plus_panel_w0.2,e201fd6d,5,2543.218548357894,71
0,F6_plus_panel_w0.3,e201fd6d,0,15512.346412602466,999
0,F6_plus_panel_w0.3,e201fd6d,1,319896.45640179585,1000
0,F6_plus_panel_w0.3,e201fd6d,2,254796.26345462116,1000
0,F6_plus_panel_w0.3,e201fd6d,3,109976.11954187046,1000
0,F6_plus_panel_w0.3,e201fd6d,4,23293.739267631205,1000
0,F6_plus_panel_w0.3,e201fd6d,5,2301.087452220591,71
0,current_F6_rerun,5fffa282,0,1567.8272196694193,999
0,current_F6_rerun,5fffa282,1,7798.332642153145,1000
0,current_F6_rerun,5fffa282,2,1222.8598500990806,1000
0,current_F6_rerun,5fffa282,3,103127.91421068508,1000
0,current_F6_rerun,5fffa282,4,32829.57024967573,202
0,F6_plus_panel_w0.05,5fffa282,0,1776.5682929788052,999
0,F6_plus_panel_w0.05,5fffa282,1,7377.53667195542,1000
0,F6_plus_panel_w0.05,5fffa282,2,1506.2091034521093,1000
0,F6_plus_panel_w0.05,5fffa282,3,104138.22217047776,1000
0,F6_plus_panel_w0.05,5fffa282,4,32753.199270505844,202
0,F6_plus_panel_w0.1,5fffa282,0,2012.6454200745966,999
0,F6_plus_panel_w0.1,5fffa282,1,7171.8443965894185,1000
0,F6_plus_panel_w0.1,5fffa282,2,1868.9828977640752,1000
0,F6_plus_panel_w0.1,5fffa282,3,105174.35285865856,1000
0,F6_plus_panel_w0.1,5fffa282,4,32678.221691246097,202
0,F6_plus_panel_w0.2,5fffa282,0,2566.8078356207457,999
0,F6_plus_panel_w0.2,5fffa282,1,7405.770930344899,1000
0,F6_plus_panel_w0.2,5fffa282,2,2832.804109253115,1000
0,F6_plus_panel_w0.2,5fffa282,3,107324.08242008567,1000
0,F6_plus_panel_w0.2,5fffa282,4,32532.4467324337,202
0,F6_plus_panel_w0.3,5fffa282,0,3230.314466305418,999
0,F6_plus_panel_w0.3,5fffa282,1,8500.112243414498,1000
0,F6_plus_panel_w0.3,5fffa282,2,4114.323484561129,1000
0,F6_plus_panel_w0.3,5fffa282,3,109577.10289493669,1000
0,F6_plus_panel_w0.3,5fffa282,4,32392.245373230362,202
0,current_F6_rerun,eeda36f5,0,1056.658438476904,999
0,current_F6_rerun,eeda36f5,1,863.6929300377075,1000
0,current_F6_rerun,eeda36f5,2,703.964779914825,1000
0,current_F6_rerun,eeda36f5,3,1523.088070147393,1000
0,current_F6_rerun,eeda36f5,4,17072.284543494177,798
0,F6_plus_panel_w0.05,eeda36f5,0,1241.0824893168149,999
0,F6_plus_panel_w0.05,eeda36f5,1,1649.0146980272934,1000
0,F6_plus_panel_w0.05,eeda36f5,2,1265.4270654324832,1000
0,F6_plus_panel_w0.05,eeda36f5,3,1085.568658710785,1000
0,F6_plus_panel_w0.05,eeda36f5,4,18544.260728993562,798
0,F6_plus_panel_w0.1,eeda36f5,0,1657.8676074200962,999
0,F6_plus_panel_w0.1,eeda36f5,1,2853.3122648249296,1000
0,F6_plus_panel_w0.1,eeda36f5,2,2067.3092453250542,1000
0,F6_plus_panel_w0.1,eeda36f5,3,1114.7711011561616,1000
0,F6_plus_panel_w0.1,eeda36f5,4,20134.810649182396,798
0,F6_plus_panel_w0.2,eeda36f5,0,3188.5210454094686,999
0,F6_plus_panel_w0.2,eeda36f5,1,6518.8347948343835,1000
0,F6_plus_panel_w0.2,eeda36f5,2,4392.333288226358,1000
0,F6_plus_panel_w0.2,eeda36f5,3,2573.3415476956743,1000
0,F6_plus_panel_w0.2,eeda36f5,4,23671.63169358568,798
0,F6_plus_panel_w0.3,eeda36f5,0,5648.618752434894,999
0,F6_plus_panel_w0.3,eeda36f5,1,11860.260520051008,1000
0,F6_plus_panel_w0.3,eeda36f5,2,7679.036908607012,1000
0,F6_plus_panel_w0.3,eeda36f5,3,5898.799409756499,1000
0,F6_plus_panel_w0.3,eeda36f5,4,27682.7476766812,798
0,current_F6_rerun,a7fc3e6b,0,3126.031632941763,999
0,current_F6_rerun,a7fc3e6b,1,33019.92484055811,1000
0,current_F6_rerun,a7fc3e6b,2,428094.6172048559,1000
0,current_F6_rerun,a7fc3e6b,3,76997.40068490374,1000
0,current_F6_rerun,a7fc3e6b,4,158562.1666194916,765
0,F6_plus_panel_w0.05,a7fc3e6b,0,3357.267466061725,999
0,F6_plus_panel_w0.05,a7fc3e6b,1,34904.59726150869,1000
0,F6_plus_panel_w0.05,a7fc3e6b,2,440834.4781758583,1000
0,F6_plus_panel_w0.05,a7fc3e6b,3,85054.83303646978,1000
0,F6_plus_panel_w0.05,a7fc3e6b,4,139271.9618665209,765
0,F6_plus_panel_w0.1,a7fc3e6b,0,3605.363433925558,999
0,F6_plus_panel_w0.1,a7fc3e6b,1,36857.133555172826,1000
0,F6_plus_panel_w0.1,a7fc3e6b,2,453784.4977310666,1000
0,F6_plus_panel_w0.1,a7fc3e6b,3,94027.55826257385,1000
0,F6_plus_panel_w0.1,a7fc3e6b,4,121284.72387122286,765
0,F6_plus_panel_w0.2,a7fc3e6b,0,4152.135773896277,999
0,F6_plus_panel_w0.2,a7fc3e6b,1,40965.79776069375,1000
0,F6_plus_panel_w0.2,a7fc3e6b,2,480315.0125943068,1000
0,F6_plus_panel_w0.2,a7fc3e6b,3,114718.88733847684,1000
0,F6_plus_panel_w0.2,a7fc3e6b,4,89219.14815353812,765
0,F6_plus_panel_w0.3,a7fc3e6b,0,4766.3486528581825,999
0,F6_plus_panel_w0.3,a7fc3e6b,1,45345.91745713574,1000
0,F6_plus_panel_w0.3,a7fc3e6b,2,507686.1617946416,1000
0,F6_plus_panel_w0.3,a7fc3e6b,3,139071.38791264527,1000
0,F6_plus_panel_w0.3,a7fc3e6b,4,62365.4394664176,765
0,current_F6_rerun,19137a89,0,21930.379010850113,999
0,current_F6_rerun,19137a89,1,360979.7809994944,1000
0,current_F6_rerun,19137a89,2,272296.03807508625,1000
0,current_F6_rerun,19137a89,3,84117.48654697722,1000
0,current_F6_rerun,19137a89,4,32814.08734794687,1000
0,current_F6_rerun,19137a89,5,43717.981031862364,1000
0,current_F6_rerun,19137a89,6,17184.270587854502,268
0,F6_plus_panel_w0.05,19137a89,0,19506.576837001434,999
0,F6_plus_panel_w0.05,19137a89,1,342779.3755751867,1000
0,F6_plus_panel_w0.05,19137a89,2,258462.61261019207,1000
0,F6_plus_panel_w0.05,19137a89,3,81353.04764020703,1000
0,F6_plus_panel_w0.05,19137a89,4,40046.68441008498,1000
0,F6_plus_panel_w0.05,19137a89,5,64627.43307505838,1000
0,F6_plus_panel_w0.05,19137a89,6,33279.153084951795,268
0,F6_plus_panel_w0.1,19137a89,0,17246.2699494742,999
0,F6_plus_panel_w0.1,19137a89,1,325059.7267063562,1000
0,F6_plus_panel_w0.1,19137a89,2,245017.3668777942,1000
0,F6_plus_panel_w0.1,19137a89,3,78687.48141428051,1000
0,F6_plus_panel_w0.1,19137a89,4,48275.58485273321,1000
0,F6_plus_panel_w0.1,19137a89,5,90895.70680854247,1000
0,F6_plus_panel_w0.1,19137a89,6,54658.81026888603,268
0,F6_plus_panel_w0.2,19137a89,0,13216.142033414251,999
0,F6_plus_panel_w0.2,19137a89,1,291062.698635332,1000
0,F6_plus_panel_w0.2,19137a89,2,219291.41461064457,1000
0,F6_plus_panel_w0.2,19137a89,3,73652.96700504051,1000
0,F6_plus_panel_w0.2,19137a89,4,67722.29587961026,1000
0,F6_plus_panel_w0.2,19137a89,5,159508.71934646065,1000
0,F6_plus_panel_w0.2,19137a89,6,113272.44869729903,268
0,F6_plus_panel_w0.3,19137a89,0,9839.995262674409,999
0,F6_plus_panel_w0.3,19137a89,1,258988.6967864677,1000
0,F6_plus_panel_w0.3,19137a89,2,195118.18127367814,1000
0,F6_plus_panel_w0.3,19137a89,3,69013.94331928363,1000
0,F6_plus_panel_w0.3,19137a89,4,91154.22042860594,1000
0,F6_plus_panel_w0.3,19137a89,5,249557.01864565667,1000
0,F6_plus_panel_w0.3,19137a89,6,193025.18587311305,268
0,current_F6_rerun,fa16d114,0,1046.8207955486046,999
0,current_F6_rerun,fa16d114,1,4455.586089448661,1000
0,current_F6_rerun,fa16d114,2,55411.56866722442,1000
0,current_F6_rerun,fa16d114,3,37582.607705056966,1000
0,current_F6_rerun,fa16d114,4,75158.4659432675,1000
0,current_F6_rerun,fa16d114,5,6566.468459290017,687
0,F6_plus_panel_w0.05,fa16d114,0,987.9774634906355,999
0,F6_plus_panel_w0.05,fa16d114,1,5098.871023922694,1000
0,F6_plus_panel_w0.05,fa16d114,2,68305.43311250932,1000
0,F6_plus_panel_w0.05,fa16d114,3,48701.95537436977,1000
0,F6_plus_panel_w0.05,fa16d114,4,90355.7062900454,1000
0,F6_plus_panel_w0.05,fa16d114,5,8234.727716355424,687
0,F6_plus_panel_w0.1,fa16d114,0,998.8498340420616,999
0,F6_plus_panel_w0.1,fa16d114,1,5955.428289340954,1000
0,F6_plus_panel_w0.1,fa16d114,2,82625.17398227473,1000
0,F6_plus_panel_w0.1,fa16d114,3,61475.024423962415,1000
0,F6_plus_panel_w0.1,fa16d114,4,107044.38143626979,1000
0,F6_plus_panel_w0.1,fa16d114,5,10603.309251501665,687
0,F6_plus_panel_w0.2,fa16d114,0,1229.7416829691479,999
0,F6_plus_panel_w0.2,fa16d114,1,8308.359812995102,1000
0,F6_plus_panel_w0.2,fa16d114,2,115542.28499515925,1000
0,F6_plus_panel_w0.2,fa16d114,3,91982.32666391954,1000
0,F6_plus_panel_w0.2,fa16d114,4,144896.03612696653,1000
0,F6_plus_panel_w0.2,fa16d114,5,17441.439156026216,687
0,F6_plus_panel_w0.3,fa16d114,0,1739.4963423301563,999
0,F6_plus_panel_w0.3,fa16d114,1,11514.380660404702,1000
0,F6_plus_panel_w0.3,fa16d114,2,154162.90170584273,1000
0,F6_plus_panel_w0.3,fa16d114,3,129104.51442489745,1000
0,F6_plus_panel_w0.3,fa16d114,4,188713.4300153173,1000
0,F6_plus_panel_w0.3,fa16d114,5,27080.85817285419,687
0,current_F6_rerun,e32da4ec,0,5493.1794425562375,999
0,current_F6_rerun,e32da4ec,1,4755.952070149821,1000
0,current_F6_rerun,e32da4ec,2,61144.84651656686,1000
0,current_F6_rerun,e32da4ec,3,47726.793639827105,1000
0,current_F6_rerun,e32da4ec,4,33688.472800755655,690
0,F6_plus_panel_w0.05,e32da4ec,0,6090.985460277224,999
0,F6_plus_panel_w0.05,e32da4ec,1,3309.6440819569693,1000
0,F6_plus_panel_w0.05,e32da4ec,2,54319.603360250636,1000
0,F6_plus_panel_w0.05,e32da4ec,3,43066.1632152668,1000
0,F6_plus_panel_w0.05,e32da4ec,4,38735.2825956459,690
0,F6_plus_panel_w0.1,e32da4ec,0,6989.245230762221,999
0,F6_plus_panel_w0.1,e32da4ec,1,3108.964756901582,1000
0,F6_plus_panel_w0.1,e32da4ec,2,48121.19921447433,1000
0,F6_plus_panel_w0.1,e32da4ec,3,38668.184786612655,1000
0,F6_plus_panel_w0.1,e32da4ec,4,44225.693634601805,690
0,F6_plus_panel_w0.2,e32da4ec,0,9687.126030043462,999
0,F6_plus_panel_w0.2,e32da4ec,1,6444.49209619797,1000
0,F6_plus_panel_w0.2,e32da4ec,2,37604.90795447739,1000
0,F6_plus_panel_w0.2,e32da4ec,3,30660.183916998336,1000
0,F6_plus_panel_w0.2,e32da4ec,4,56537.319444771296,690
0,F6_plus_panel_w0.3,e32da4ec,0,13586.821840408216,999
0,F6_plus_panel_w0.3,e32da4ec,1,14762.53408804801,1000
0,F6_plus_panel_w0.3,e32da4ec,2,29595.97273657005,1000
0,F6_plus_panel_w0.3,e32da4ec,3,23702.79103097961,1000
0,F6_plus_panel_w0.3,e32da4ec,4,70623.35023128115,690
0,current_F6_rerun,5a5d1982,0,13739.9641254754,999
0,current_F6_rerun,5a5d1982,1,6897.329290338231,1000
0,current_F6_rerun,5a5d1982,2,483.4271353824852,1000
0,current_F6_rerun,5a5d1982,3,562.5547092260919,895
0,F6_plus_panel_w0.05,5a5d1982,0,14822.436155057429,999
0,F6_plus_panel_w0.05,5a5d1982,1,7899.722451198488,1000
0,F6_plus_panel_w0.05,5a5d1982,2,512.8891306112423,1000
0,F6_plus_panel_w0.05,5a5d1982,3,321.093446271894,895
0,F6_plus_panel_w0.1,5a5d1982,0,15947.776800189062,999
0,F6_plus_panel_w0.1,5a5d1982,1,9033.681307259732,1000
0,F6_plus_panel_w0.1,5a5d1982,2,557.00352742766,1000
0,F6_plus_panel_w0.1,5a5d1982,3,328.05342140912165,895
0,F6_plus_panel_w0.2,5a5d1982,0,18327.06393706919,999
0,F6_plus_panel_w0.2,5a5d1982,1,11696.296104960302,1000
0,F6_plus_panel_w0.2,5a5d1982,2,689.1895258170193,1000
0,F6_plus_panel_w0.2,5a5d1982,3,1087.2370859550156,895
0,F6_plus_panel_w0.3,5a5d1982,0,20877.825536103344,999
0,F6_plus_panel_w0.3,5a5d1982,1,14885.173683429612,1000
0,F6_plus_panel_w0.3,5a5d1982,2,879.9851305483361,1000
0,F6_plus_panel_w0.3,5a5d1982,3,2840.1057028675477,895
0,current_F6_rerun,76201745,0,466.77443778236017,999
0,current_F6_rerun,76201745,1,2376.1224950029646,1000
0,current_F6_rerun,76201745,2,3649.555862553566,1000
0,current_F6_rerun,76201745,3,10120.691904631118,1000
0,current_F6_rerun,76201745,4,636.4455613929931,449
0,F6_plus_panel_w0.05,76201745,0,548.1135153509528,999
0,F6_plus_panel_w0.05,76201745,1,2450.4783429823847,1000
0,F6_plus_panel_w0.05,76201745,2,4015.21473071724,1000
0,F6_plus_panel_w0.05,76201745,3,13880.315352226682,1000
0,F6_plus_panel_w0.05,76201745,4,1149.8369036471183,449
0,F6_plus_panel_w0.1,76201745,0,670.8070719164433,999
0,F6_plus_panel_w0.1,76201745,1,2545.0996522428577,1000
0,F6_plus_panel_w0.1,76201745,2,4461.857381500351,1000
0,F6_plus_panel_w0.1,76201745,3,18379.31891955514,1000
0,F6_plus_panel_w0.1,76201745,4,1817.29877834981,449
0,F6_plus_panel_w0.2,76201745,0,1040.2576220334233,999
0,F6_plus_panel_w0.2,76201745,1,2795.138654611672,1000
0,F6_plus_panel_w0.2,76201745,2,5598.094030941736,1000
0,F6_plus_panel_w0.2,76201745,3,29595.46641337671,1000
0,F6_plus_panel_w0.2,76201745,4,3614.4341250948446,449
0,F6_plus_panel_w0.3,76201745,0,1575.1260881300962,999
0,F6_plus_panel_w0.3,76201745,1,3126.2395021116467,1000
0,F6_plus_panel_w0.3,76201745,2,7058.2658108835185,1000
0,F6_plus_panel_w0.3,76201745,3,43769.13438608049,1000
0,F6_plus_panel_w0.3,76201745,4,6027.851601624354,449
0,current_F6_rerun,c6c96179,0,2538.4015733769306,999
0,current_F6_rerun,c6c96179,1,2745.847004149111,1000
0,current_F6_rerun,c6c96179,2,1197.4622363376586,1000
0,current_F6_rerun,c6c96179,3,2278.7216092633985,1000
0,current_F6_rerun,c6c96179,4,28.79368519964213,5
0,F6_plus_panel_w0.05,c6c96179,0,2731.4893528575344,999
0,F6_plus_panel_w0.05,c6c96179,1,4565.833445272853,1000
0,F6_plus_panel_w0.05,c6c96179,2,1769.125256722403,1000
0,F6_plus_panel_w0.05,c6c96179,3,2118.1432905970155,1000
0,F6_plus_panel_w0.05,c6c96179,4,21.005568699983122,5
0,F6_plus_panel_w0.1,c6c96179,0,3055.4700663030253,999
0,F6_plus_panel_w0.1,c6c96179,1,6858.102647554413,1000
0,F6_plus_panel_w0.1,c6c96179,2,2517.202470696547,1000
0,F6_plus_panel_w0.1,c6c96179,3,2116.175674363584,1000
0,F6_plus_panel_w0.1,c6c96179,4,14.442980734736306,5
0,F6_plus_panel_w0.2,c6c96179,0,4096.110295082385,999
0,F6_plus_panel_w0.2,c6c96179,1,12859.489335612829,1000
0,F6_plus_panel_w0.2,c6c96179,2,4542.599479421295,1000
0,F6_plus_panel_w0.2,c6c96179,3,2588.0725491980857,1000
0,F6_plus_panel_w0.2,c6c96179,4,4.994390407397054,5
0,F6_plus_panel_w0.3,c6c96179,0,5660.322259715804,999
0,F6_plus_panel_w0.3,c6c96179,1,20750.00706833806,1000
0,F6_plus_panel_w0.3,c6c96179,2,7273.653262519009,1000
0,F6_plus_panel_w0.3,c6c96179,3,3694.4122337706663,1000
0,F6_plus_panel_w0.3,c6c96179,4,0.44791421760254035,5
0,current_F6_rerun,5305524b,0,45227.58543066488,999
0,current_F6_rerun,5305524b,1,5489.12015741513,1000
0,current_F6_rerun,5305524b,2,38102.70025508579,1000
0,current_F6_rerun,5305524b,3,3100.818870369017,1000
0,current_F6_rerun,5305524b,4,10621.386986752814,899
0,F6_plus_panel_w0.05,5305524b,0,42234.362864948416,999
0,F6_plus_panel_w0.05,5305524b,1,3974.933998951283,1000
0,F6_plus_panel_w0.05,5305524b,2,42756.62015797359,1000
0,F6_plus_panel_w0.05,5305524b,3,1499.1449653663537,1000
0,F6_plus_panel_w0.05,5305524b,4,13195.390277908633,899
0,F6_plus_panel_w0.1,5305524b,0,39382.122958284235,999
0,F6_plus_panel_w0.1,5305524b,1,2989.7272653763594,1000
0,F6_plus_panel_w0.1,5305524b,2,47938.10700809763,1000
0,F6_plus_panel_w0.1,5305524b,3,974.8958127989906,1000
0,F6_plus_panel_w0.1,5305524b,4,17357.438916817722,899
0,F6_plus_panel_w0.2,5305524b,0,34100.59112216321,999
0,F6_plus_panel_w0.2,5305524b,1,2606.2520729054327,1000
0,F6_plus_panel_w0.2,5305524b,2,59883.78155000422,1000
0,F6_plus_panel_w0.2,5305524b,3,3158.6717649783836,1000
0,F6_plus_panel_w0.2,5305524b,4,30445.67223787561,899
0,F6_plus_panel_w0.3,5305524b,0,29382.989922313376,999
0,F6_plus_panel_w0.3,5305524b,1,4338.694579998161,1000
0,F6_plus_panel_w0.3,5305524b,2,73939.72388078638,1000
0,F6_plus_panel_w0.3,5305524b,3,9652.1467268985,1000
0,F6_plus_panel_w0.3,5305524b,4,49886.08694991074,899
0,current_F6_rerun,4a8ecc0b,0,50001.719774214274,999
0,current_F6_rerun,4a8ecc0b,1,220748.3829457239,1000
0,current_F6_rerun,4a8ecc0b,2,21272.49306594328,1000
0,current_F6_rerun,4a8ecc0b,3,8539.344277788949,1000
0,current_F6_rerun,4a8ecc0b,4,7490.281523858605,1000
0,current_F6_rerun,4a8ecc0b,5,8869.879388799402,810
0,F6_plus_panel_w0.05,4a8ecc0b,0,49216.651063213685,999
0,F6_plus_panel_w0.05,4a8ecc0b,1,217547.75061964002,1000
0,F6_plus_panel_w0.05,4a8ecc0b,2,25328.438700679424,1000
0,F6_plus_panel_w0.05,4a8ecc0b,3,11527.892063420453,1000
0,F6_plus_panel_w0.05,4a8ecc0b,4,8788.145782681224,1000
0,F6_plus_panel_w0.05,4a8ecc0b,5,9289.813131125404,810
0,F6_plus_panel_w0.1,4a8ecc0b,0,48439.96867521919,999
0,F6_plus_panel_w0.1,4a8ecc0b,1,214378.25184143562,1000
0,F6_plus_panel_w0.1,4a8ecc0b,2,30081.53460877668,1000
0,F6_plus_panel_w0.1,4a8ecc0b,3,15030.78209694081,1000
0,F6_plus_panel_w0.1,4a8ecc0b,4,10272.677953275386,1000
0,F6_plus_panel_w0.1,4a8ecc0b,5,9721.36747386013,810
0,F6_plus_panel_w0.2,4a8ecc0b,0,46911.76286817885,999
0,F6_plus_panel_w0.2,4a8ecc0b,1,208132.65492852667,1000
0,F6_plus_panel_w0.2,4a8ecc0b,2,41679.17724508173,1000
0,F6_plus_panel_w0.2,4a8ecc0b,3,23579.588907676898,1000
0,F6_plus_panel_w0.2,4a8ecc0b,4,13801.746029800934,1000
0,F6_plus_panel_w0.2,4a8ecc0b,5,10619.33796058242,810
0,F6_plus_panel_w0.3,4a8ecc0b,0,45417.10235307389,999
0,F6_plus_panel_w0.3,4a8ecc0b,1,202011.59220695987,1000
0,F6_plus_panel_w0.3,4a8ecc0b,2,56065.42097487576,1000
0,F6_plus_panel_w0.3,4a8ecc0b,3,34185.76471001236,1000
0,F6_plus_panel_w0.3,4a8ecc0b,4,18077.485753447454,1000
0,F6_plus_panel_w0.3,4a8ecc0b,5,11563.790848975545,810
0,current_F6_rerun,ff8bb73a,0,298.44755091772413,999
0,current_F6_rerun,ff8bb73a,1,9320.259862478006,1000
0,current_F6_rerun,ff8bb73a,2,18414.176601144372,1000
0,current_F6_rerun,ff8bb73a,3,81756.94874566332,1000
0,current_F6_rerun,ff8bb73a,4,6164.966467291745,1000
0,current_F6_rerun,ff8bb73a,5,115506.78195430372,928
0,F6_plus_panel_w0.05,ff8bb73a,0,361.79791434139594,999
0,F6_plus_panel_w0.05,ff8bb73a,1,12178.294974218672,1000
0,F6_plus_panel_w0.05,ff8bb73a,2,19087.014795067702,1000
0,F6_plus_panel_w0.05,ff8bb73a,3,86381.24203876291,1000
0,F6_plus_panel_w0.05,ff8bb73a,4,7019.082399662203,1000
0,F6_plus_panel_w0.05,ff8bb73a,5,103057.66802467551,928
0,F6_plus_panel_w0.1,ff8bb73a,0,526.9601939167703,999
0,F6_plus_panel_w0.1,ff8bb73a,1,15505.122331992383,1000
0,F6_plus_panel_w0.1,ff8bb73a,2,19809.157663035912,1000
0,F6_plus_panel_w0.1,ff8bb73a,3,91174.5018593098,1000
0,F6_plus_panel_w0.1,ff8bb73a,4,8133.265775580344,1000
0,F6_plus_panel_w0.1,ff8bb73a,5,91514.77982615262,928
0,F6_plus_panel_w0.2,ff8bb73a,0,1162.7205015241316,999
0,F6_plus_panel_w0.2,ff8bb73a,1,23565.153785669067,1000
0,F6_plus_panel_w0.2,ff8bb73a,2,21401.357421082328,1000
0,F6_plus_panel_w0.2,ff8bb73a,3,101267.92108270104,1000
0,F6_plus_panel_w0.2,ff8bb73a,4,11141.834858045757,1000
0,F6_plus_panel_w0.2,ff8bb73a,5,71147.6806225044,928
0,F6_plus_panel_w0.3,ff8bb73a,0,2205.728473742967,999
0,F6_plus_panel_w0.3,ff8bb73a,1,33500.35422352405,1000
0,F6_plus_panel_w0.3,ff8bb73a,2,23190.775875278698,1000
0,F6_plus_panel_w0.3,ff8bb73a,3,112037.20641582437,1000
0,F6_plus_panel_w0.3,ff8bb73a,4,15190.673714680946,1000
0,F6_plus_panel_w0.3,ff8bb73a,5,54405.48434337396,928
0,current_F6_rerun,b4f37e6e,0,2601.4415365148943,999
0,current_F6_rerun,b4f37e6e,1,10071.224287242314,1000
0,current_F6_rerun,b4f37e6e,2,223301.88198746214,993
0,F6_plus_panel_w0.05,b4f37e6e,0,3054.2453911111793,999
0,F6_plus_panel_w0.05,b4f37e6e,1,12155.90094135618,1000
0,F6_plus_panel_w0.05,b4f37e6e,2,238277.40010163884,993
0,F6_plus_panel_w0.1,b4f37e6e,0,3549.0752912968337,999
0,F6_plus_panel_w0.1,b4f37e6e,1,14445.409727033059,1000
0,F6_plus_panel_w0.1,b4f37e6e,2,253755.5793595378,993
0,F6_plus_panel_w0.2,b4f37e6e,0,4664.813228451035,999
0,F6_plus_panel_w0.2,b4f37e6e,1,19638.923693112585,1000
0,F6_plus_panel_w0.2,b4f37e6e,2,286219.9213066539,993
0,F6_plus_panel_w0.3,b4f37e6e,0,5948.655347983204,999
0,F6_plus_panel_w0.3,b4f37e6e,1,25651.766185495017,1000
0,F6_plus_panel_w0.3,b4f37e6e,2,320694.9078288562,993
0,current_F6_rerun,09ec2ca9,0,12681.615169875313,999
0,current_F6_rerun,09ec2ca9,1,23937.215719884392,1000
0,current_F6_rerun,09ec2ca9,2,54416.14397023099,1000
0,current_F6_rerun,09ec2ca9,3,52340.75032535656,1000
0,current_F6_rerun,09ec2ca9,4,7539.238945032398,1000
0,current_F6_rerun,09ec2ca9,5,365.0764579521625,886
0,F6_plus_panel_w0.05,09ec2ca9,0,12037.727588055483,999
0,F6_plus_panel_w0.05,09ec2ca9,1,22870.29368972713,1000
0,F6_plus_panel_w0.05,09ec2ca9,2,51557.00074386024,1000
0,F6_plus_panel_w0.05,09ec2ca9,3,49527.81458711221,1000
0,F6_plus_panel_w0.05,09ec2ca9,4,7999.338922713039,1000
0,F6_plus_panel_w0.05,09ec2ca9,5,774.7674036104593,886
0,F6_plus_panel_w0.1,09ec2ca9,0,11417.028697002877,999
0,F6_plus_panel_w0.1,09ec2ca9,1,21839.833708403497,1000
0,F6_plus_panel_w0.1,09ec2ca9,2,48790.44667376801,1000
0,F6_plus_panel_w0.1,09ec2ca9,3,46802.127202929965,1000
0,F6_plus_panel_w0.1,09ec2ca9,4,8663.834326024677,1000
0,F6_plus_panel_w0.1,09ec2ca9,5,1612.066561834712,886
0,F6_plus_panel_w0.2,09ec2ca9,0,10245.196987194751,999
0,F6_plus_panel_w0.2,09ec2ca9,1,19888.299892229777,1000
0,F6_plus_panel_w0.2,09ec2ca9,2,43535.10600248969,1000
0,F6_plus_panel_w0.2,09ec2ca9,3,41612.49749682826,1000
0,F6_plus_panel_w0.2,09ec2ca9,4,10606.011409543742,1000
0,F6_plus_panel_w0.2,09ec2ca9,5,4569.489515974129,886
0,F6_plus_panel_w0.3,09ec2ca9,0,9166.120040448614,999
0,F6_plus_panel_w0.3,09ec2ca9,1,18082.6142713585,1000
0,F6_plus_panel_w0.3,09ec2ca9,2,38650.12195641438,1000
0,F6_plus_panel_w0.3,09ec2ca9,3,36771.8612070671,1000
0,F6_plus_panel_w0.3,09ec2ca9,4,13365.770195587393,1000
0,F6_plus_panel_w0.3,09ec2ca9,5,9237.345320362481,886
0,current_F6_rerun,200d233d,0,2583.449081194643,999
0,current_F6_rerun,200d233d,1,20158.150441184815,1000
0,current_F6_rerun,200d233d,2,18171.774796785565,1000
0,current_F6_rerun,200d233d,3,24902.474067406827,927
0,F6_plus_panel_w0.05,200d233d,0,2845.6329538284403,999
0,F6_plus_panel_w0.05,200d233d,1,24019.62377510192,1000
0,F6_plus_panel_w0.05,200d233d,2,22511.38934059379,1000
0,F6_plus_panel_w0.05,200d233d,3,29980.896788137088,927
0,F6_plus_panel_w0.1,200d233d,0,3161.8696078277203,999
0,F6_plus_panel_w0.1,200d233d,1,28236.847108175323,1000
0,F6_plus_panel_w0.1,200d233d,2,27334.162327505856,1000
0,F6_plus_panel_w0.1,200d233d,3,35553.97060749628,927
0,F6_plus_panel_w0.2,200d233d,0,3956.5012599314605,999
0,F6_plus_panel_w0.2,200d233d,1,37738.543771838085,1000
0,F6_plus_panel_w0.2,200d233d,2,38429.18363069447,1000
0,F6_plus_panel_w0.2,200d233d,3,48184.0715421558,927
0,F6_plus_panel_w0.3,200d233d,0,4967.344037508841,999
0,F6_plus_panel_w0.3,200d233d,1,48663.24043219455,1000
0,F6_plus_panel_w0.3,200d233d,2,51456.83870637035,1000
0,F6_plus_panel_w0.3,200d233d,3,62792.77687140465,927
0,current_F6_rerun,3417285d,0,6184.283654520822,999
0,current_F6_rerun,3417285d,1,196904.9735406998,1000
0,current_F6_rerun,3417285d,2,377970.5887032074,1000
0,current_F6_rerun,3417285d,3,331743.60033849214,1000
0,current_F6_rerun,3417285d,4,476226.7183266963,1000
0,current_F6_rerun,3417285d,5,108332.26972433699,450
0,F6_plus_panel_w0.05,3417285d,0,8748.758647845953,999
0,F6_plus_panel_w0.05,3417285d,1,232654.45608654106,1000
0,F6_plus_panel_w0.05,3417285d,2,423517.2872336208,1000
0,F6_plus_panel_w0.05,3417285d,3,358607.2141768721,1000
0,F6_plus_panel_w0.05,3417285d,4,498815.94470465544,1000
0,F6_plus_panel_w0.05,3417285d,5,120686.876249739,450
0,F6_plus_panel_w0.1,3417285d,0,11948.190920647863,999
0,F6_plus_panel_w0.1,3417285d,1,271495.0607872269,1000
0,F6_plus_panel_w0.1,3417285d,2,471744.6283181417,1000
0,F6_plus_panel_w0.1,3417285d,3,386574.948758585,1000
0,F6_plus_panel_w0.1,3417285d,4,522002.86221743096,1000
0,F6_plus_panel_w0.1,3417285d,5,133709.62430540088,450
0,F6_plus_panel_w0.2,3417285d,0,20251.927304700028,999
0,F6_plus_panel_w0.2,3417285d,1,358449.63665328146,1000
0,F6_plus_panel_w0.2,3417285d,2,576241.2381497177,1000
0,F6_plus_panel_w0.2,3417285d,3,445822.78015221533,1000
0,F6_plus_panel_w0.2,3417285d,4,570169.7706476648,1000
0,F6_plus_panel_w0.2,3417285d,5,161759.5450075946,450
0,F6_plus_panel_w0.3,3417285d,0,31095.492806686023,999
0,F6_plus_panel_w0.3,3417285d,1,457768.7011389204,1000
0,F6_plus_panel_w0.3,3417285d,2,691460.4181980036,1000
0,F6_plus_panel_w0.3,3417285d,3,509487.0945194365,1000
0,F6_plus_panel_w0.3,3417285d,4,620727.4436174624,1000
0,F6_plus_panel_w0.3,3417285d,5,192482.0318309424,450
0,current_F6_rerun,3bbe1f5d,0,149126.70752880495,999
0,current_F6_rerun,3bbe1f5d,1,280182.0893362076,1000
0,current_F6_rerun,3bbe1f5d,2,319924.98728041747,1000
0,current_F6_rerun,3bbe1f5d,3,244214.70694588855,1000
0,current_F6_rerun,3bbe1f5d,4,47014.946042072894,1000
0,current_F6_rerun,3bbe1f5d,5,318371.1099321749,1000
0,current_F6_rerun,3bbe1f5d,6,299450.40480655665,919
0,F6_plus_panel_w0.05,3bbe1f5d,0,142737.22450435223,999
0,F6_plus_panel_w0.05,3bbe1f5d,1,269334.69863282907,1000
0,F6_plus_panel_w0.05,3bbe1f5d,2,307381.80355313816,1000
0,F6_plus_panel_w0.05,3bbe1f5d,3,233786.05092156524,1000
0,F6_plus_panel_w0.05,3bbe1f5d,4,43390.70756692942,1000
0,F6_plus_panel_w0.05,3bbe1f5d,5,307717.71430941485,1000
0,F6_plus_panel_w0.05,3bbe1f5d,6,290781.4789645158,919
0,F6_plus_panel_w0.1,3bbe1f5d,0,136501.64169276212,999
0,F6_plus_panel_w0.1,3bbe1f5d,1,258701.72523594004,1000
0,F6_plus_panel_w0.1,3bbe1f5d,2,295089.71352218225,1000
0,F6_plus_panel_w0.1,3bbe1f5d,3,223591.255522902,1000
0,F6_plus_panel_w0.1,3bbe1f5d,4,39926.16832379327,1000
0,F6_plus_panel_w0.1,3bbe1f5d,5,297252.4118556908,1000
0,F6_plus_panel_w0.1,3bbe1f5d,6,282274.9334718824,919
0,F6_plus_panel_w0.2,3bbe1f5d,0,124492.17670827363,999
0,F6_plus_panel_w0.2,3bbe1f5d,1,238079.03036180194,1000
0,F6_plus_panel_w0.2,3bbe1f5d,2,271258.8145494266,1000
0,F6_plus_panel_w0.2,3bbe1f5d,3,203903.24660270987,1000
0,F6_plus_panel_w0.2,3bbe1f5d,4,33476.18753360398,1000
0,F6_plus_panel_w0.2,3bbe1f5d,5,276886.08645553346,1000
0,F6_plus_panel_w0.2,3bbe1f5d,6,265748.9835350069,919
0,F6_plus_panel_w0.3,3bbe1f5d,0,113098.31257536447,999
0,F6_plus_panel_w0.3,3bbe1f5d,1,218314.0047138369,1000
0,F6_plus_panel_w0.3,3bbe1f5d,2,248432.29036219532,1000
0,F6_plus_panel_w0.3,3bbe1f5d,3,185150.68018535606,1000
0,F6_plus_panel_w0.3,3bbe1f5d,4,27665.003671518545,1000
0,F6_plus_panel_w0.3,3bbe1f5d,5,257272.13373175182,1000
0,F6_plus_panel_w0.3,3bbe1f5d,6,249872.55499597036,919
0,current_F6_rerun,30d75030,0,1886.2550524294504,999
0,current_F6_rerun,30d75030,1,6341.524629283873,1000
0,current_F6_rerun,30d75030,2,2514.7276592468993,1000
0,current_F6_rerun,30d75030,3,14437.635093389566,405
0,F6_plus_panel_w0.05,30d75030,0,2425.9217752570426,999
0,F6_plus_panel_w0.05,30d75030,1,6300.273684252457,1000
0,F6_plus_panel_w0.05,30d75030,2,4507.480018617819,1000
0,F6_plus_panel_w0.05,30d75030,3,19992.74268113194,405
0,F6_plus_panel_w0.1,30d75030,0,3132.324328851763,999
0,F6_plus_panel_w0.1,30d75030,1,6336.063742566371,1000
0,F6_plus_panel_w0.1,30d75030,2,7538.999247910973,1000
0,F6_plus_panel_w0.1,30d75030,3,26702.86145226378,405
0,F6_plus_panel_w0.2,30d75030,0,5045.336928350667,999
0,F6_plus_panel_w0.2,30d75030,1,6638.766869248829,1000
0,F6_plus_panel_w0.2,30d75030,2,16718.338316249436,1000
0,F6_plus_panel_w0.2,30d75030,3,43588.1325446731,405
0,F6_plus_panel_w0.3,30d75030,0,7625.292850934054,999
0,F6_plus_panel_w0.3,30d75030,1,7249.634009337201,1000
0,F6_plus_panel_w0.3,30d75030,2,30052.744864249224,1000
0,F6_plus_panel_w0.3,30d75030,3,65093.448370602135,405
0,current_F6_rerun,052d64df,0,511.8402045523606,999
0,current_F6_rerun,052d64df,1,22610.29700480908,1000
0,current_F6_rerun,052d64df,2,92840.532243444,446
0,F6_plus_panel_w0.05,052d64df,0,598.5823868191077,999
0,F6_plus_panel_w0.05,052d64df,1,22672.055177514412,1000
0,F6_plus_panel_w0.05,052d64df,2,93463.25770632132,446
0,F6_plus_panel_w0.1,052d64df,0,695.2400834954852,999
0,F6_plus_panel_w0.1,052d64df,1,22760.461894788306,1000
0,F6_plus_panel_w0.1,052d64df,2,94088.39673298743,446
0,F6_plus_panel_w0.2,052d64df,0,918.3020200758381,999
0,F6_plus_panel_w0.2,052d64df,1,23017.220963058644,1000
0,F6_plus_panel_w0.2,052d64df,2,95345.9154777514,446
0,F6_plus_panel_w0.3,052d64df,0,1181.0260142929035,999
0,F6_plus_panel_w0.3,052d64df,1,23380.574209621787,1000
0,F6_plus_panel_w0.3,052d64df,2,96613.08847775239,446
0,current_F6_rerun,c36625df,0,14223.930734071395,999
0,current_F6_rerun,c36625df,1,22607.261614707324,1000
0,current_F6_rerun,c36625df,2,15262.726307037223,1000
0,current_F6_rerun,c36625df,3,18615.951972728028,1000
0,current_F6_rerun,c36625df,4,14667.465648708736,743
0,F6_plus_panel_w0.05,c36625df,0,13042.457311120344,999
0,F6_plus_panel_w0.05,c36625df,1,20105.837778472236,1000
0,F6_plus_panel_w0.05,c36625df,2,14053.050323131747,1000
0,F6_plus_panel_w0.05,c36625df,3,17927.027511483397,1000
0,F6_plus_panel_w0.05,c36625df,4,15378.21416063188,743
0,F6_plus_panel_w0.1,c36625df,0,11916.44432720983,999
0,F6_plus_panel_w0.1,c36625df,1,17752.394097436663,1000
0,F6_plus_panel_w0.1,c36625df,2,12911.049522646435,1000
0,F6_plus_panel_w0.1,c36625df,3,17287.623361175378,1000
0,F6_plus_panel_w0.1,c36625df,4,16140.027605873167,743
0,F6_plus_panel_w0.2,c36625df,0,9830.799676484241,999
0,F6_plus_panel_w0.2,c36625df,1,13489.447200913963,1000
0,F6_plus_panel_w0.2,c36625df,2,10830.073471901595,1000
0,F6_plus_panel_w0.2,c36625df,3,16157.375993337504,1000
0,F6_plus_panel_w0.2,c36625df,4,17816.84929628783,743
0,F6_plus_panel_w0.3,c36625df,0,7966.996781888746,999
0,F6_plus_panel_w0.3,c36625df,1,9818.420925130578,1000
0,F6_plus_panel_w0.3,c36625df,2,9019.798154794855,1000
0,F6_plus_panel_w0.3,c36625df,3,15225.209869204806,1000
0,F6_plus_panel_w0.3,c36625df,4,19697.930719948657,743
0,current_F6_rerun,ea3a0e38,0,3495.6649127936375,999
0,current_F6_rerun,ea3a0e38,1,11661.278558474829,1000
0,current_F6_rerun,ea3a0e38,2,6140.703735022787,1000
0,current_F6_rerun,ea3a0e38,3,5064.6485226199375,1000
0,current_F6_rerun,ea3a0e38,4,7211.3607382364535,1000
0,current_F6_rerun,ea3a0e38,5,44846.93814809584,1000
0,current_F6_rerun,ea3a0e38,6,76614.67861024954,1000
0,current_F6_rerun,ea3a0e38,7,1723.3714065351596,1000
0,current_F6_rerun,ea3a0e38,8,14181.851869031952,1000
0,current_F6_rerun,ea3a0e38,9,98815.69854482643,1000
0,current_F6_rerun,ea3a0e38,10,1666.9194206779239,53
0,F6_plus_panel_w0.05,ea3a0e38,0,3626.2359939984335,999
0,F6_plus_panel_w0.05,ea3a0e38,1,14972.32231313082,1000
0,F6_plus_panel_w0.05,ea3a0e38,2,6756.5123400342945,1000
0,F6_plus_panel_w0.05,ea3a0e38,3,5447.828827634355,1000
0,F6_plus_panel_w0.05,ea3a0e38,4,8131.217560282246,1000
0,F6_plus_panel_w0.05,ea3a0e38,5,40630.82452668775,1000
0,F6_plus_panel_w0.05,ea3a0e38,6,67110.87355456008,1000
0,F6_plus_panel_w0.05,ea3a0e38,7,615.1554662715911,1000
0,F6_plus_panel_w0.05,ea3a0e38,8,11087.208681048736,1000
0,F6_plus_panel_w0.05,ea3a0e38,9,77644.46488100309,1000
0,F6_plus_panel_w0.05,ea3a0e38,10,1126.343655670419,53
0,F6_plus_panel_w0.1,ea3a0e38,0,3794.2436082396125,999
0,F6_plus_panel_w0.1,ea3a0e38,1,18783.098830652307,1000
0,F6_plus_panel_w0.1,ea3a0e38,2,7407.319819674437,1000
0,F6_plus_panel_w0.1,ea3a0e38,3,5851.786874345588,1000
0,F6_plus_panel_w0.1,ea3a0e38,4,9250.361947649817,1000
0,F6_plus_panel_w0.1,ea3a0e38,5,36628.59382223504,1000
0,F6_plus_panel_w0.1,ea3a0e38,6,58282.741071374476,1000
0,F6_plus_panel_w0.1,ea3a0e38,7,235.82897134969608,1000
0,F6_plus_panel_w0.1,ea3a0e38,8,9789.134755811587,1000
0,F6_plus_panel_w0.1,ea3a0e38,9,59090.92879230989,1000
0,F6_plus_panel_w0.1,ea3a0e38,10,691.4925928181846,53
0,F6_plus_panel_w0.2,ea3a0e38,0,4242.568435821523,999
0,F6_plus_panel_w0.2,ea3a0e38,1,27903.850154329895,1000
0,F6_plus_panel_w0.2,ea3a0e38,2,8813.93140286439,1000
0,F6_plus_panel_w0.2,ea3a0e38,3,6722.036192879377,1000
0,F6_plus_panel_w0.2,ea3a0e38,4,12086.51341833348,1000
0,F6_plus_panel_w0.2,ea3a0e38,5,29265.781164256987,1000
0,F6_plus_panel_w0.2,ea3a0e38,6,42653.493822603334,1000
0,F6_plus_panel_w0.2,ea3a0e38,7,1663.8443175370553,1000
0,F6_plus_panel_w0.2,ea3a0e38,8,12582.694693583662,1000
0,F6_plus_panel_w0.2,ea3a0e38,9,29836.949340416213,1000
0,F6_plus_panel_w0.2,ea3a0e38,10,138.96457358256256,53
0,F6_plus_panel_w0.3,ea3a0e38,0,4840.639395536887,999
0,F6_plus_panel_w0.3,ea3a0e38,1,39023.53252952655,1000
0,F6_plus_panel_w0.3,ea3a0e38,2,10360.538484600736,1000
0,F6_plus_panel_w0.3,ea3a0e38,3,7675.396478229263,1000
0,F6_plus_panel_w0.3,ea3a0e38,4,15719.815150278308,1000
0,F6_plus_panel_w0.3,ea3a0e38,5,22758.50017417418,1000
0,F6_plus_panel_w0.3,ea3a0e38,6,29726.936863947103,1000
0,F6_plus_panel_w0.3,ea3a0e38,7,6007.417445089827,1000
0,F6_plus_panel_w0.3,ea3a0e38,8,22562.531682335342,1000
0,F6_plus_panel_w0.3,ea3a0e38,9,11053.760189152275,1000
0,F6_plus_panel_w0.3,ea3a0e38,10,9.335362971031266,53
0,current_F6_rerun,5693dde2,0,159762.99933946296,999
0,current_F6_rerun,5693dde2,1,601527.6158500965,1000
0,current_F6_rerun,5693dde2,2,1183666.2204541694,1000
0,current_F6_rerun,5693dde2,3,1025546.94495647,489
0,F6_plus_panel_w0.05,5693dde2,0,151653.59879100352,999
0,F6_plus_panel_w0.05,5693dde2,1,562618.1773577358,1000
0,F6_plus_panel_w0.05,5693dde2,2,1095573.530476925,1000
0,F6_plus_panel_w0.05,5693dde2,3,945659.0678124073,489
0,F6_plus_panel_w0.1,5693dde2,0,143773.34607156235,999
0,F6_plus_panel_w0.1,5693dde2,1,525030.8896483048,1000
0,F6_plus_panel_w0.1,5693dde2,2,1010888.356263531,1000
0,F6_plus_panel_w0.1,5693dde2,3,869017.4855775124,489
0,F6_plus_panel_w0.2,5693dde2,0,128700.28411962074,999
0,F6_plus_panel_w0.2,5693dde2,1,453822.76657798915,1000
0,F6_plus_panel_w0.2,5693dde2,2,851740.5551280011,1000
0,F6_plus_panel_w0.2,5693dde2,3,725473.2058349936,489
0,F6_plus_panel_w0.3,5693dde2,0,114543.8134836118,999
0,F6_plus_panel_w0.3,5693dde2,1,387903.2466390959,1000
0,F6_plus_panel_w0.3,5693dde2,2,706222.8170474976,1000
0,F6_plus_panel_w0.3,5693dde2,3,594914.1057288414,489
0,current_F6_rerun,807f0298,0,659.9084700279841,999
0,current_F6_rerun,807f0298,1,60430.06122587208,1000
0,current_F6_rerun,807f0298,2,45560.98050904736,1000
0,current_F6_rerun,807f0298,3,127904.41459197197,748
0,F6_plus_panel_w0.05,807f0298,0,536.6480570648775,999
0,F6_plus_panel_w0.05,807f0298,1,55936.23592458133,1000
0,F6_plus_panel_w0.05,807f0298,2,41031.38535949383,1000
0,F6_plus_panel_w0.05,807f0298,3,136292.2299213179,748
0,F6_plus_panel_w0.1,807f0298,0,575.8070736194148,999
0,F6_plus_panel_w0.1,807f0298,1,51699.57974762499,1000
0,F6_plus_panel_w0.1,807f0298,2,36747.69578295291,1000
0,F6_plus_panel_w0.1,807f0298,3,145059.4881056653,748
0,F6_plus_panel_w0.2,807f0298,0,1141.3833952801265,999
0,F6_plus_panel_w0.2,807f0298,1,43997.77476665688,1000
0,F6_plus_panel_w0.2,807f0298,2,28918.0333488504,1000
0,F6_plus_panel_w0.2,807f0298,3,163732.33303945677,748
0,F6_plus_panel_w0.3,807f0298,0,2356.637435013078,999
0,F6_plus_panel_w0.3,807f0298,1,37324.646282954425,1000
0,F6_plus_panel_w0.3,807f0298,2,22071.99320672373,1000
0,F6_plus_panel_w0.3,807f0298,3,183922.94939336937,748
0,current_F6_rerun,8a89da23,0,26495.280733934334,999
0,current_F6_rerun,8a89da23,1,69469.88526175563,1000
0,current_F6_rerun,8a89da23,2,86311.10190621142,1000
0,current_F6_rerun,8a89da23,3,193828.22866354414,936
0,F6_plus_panel_w0.05,8a89da23,0,31091.851206778847,999
0,F6_plus_panel_w0.05,8a89da23,1,85092.8493708485,1000
0,F6_plus_panel_w0.05,8a89da23,2,99757.51412977917,1000
0,F6_plus_panel_w0.05,8a89da23,3,210575.2208055942,936
0,F6_plus_panel_w0.1,8a89da23,0,36256.12728553203,999
0,F6_plus_panel_w0.1,8a89da23,1,102323.79487100206,1000
0,F6_plus_panel_w0.1,8a89da23,2,114456.29278819817,1000
0,F6_plus_panel_w0.1,8a89da23,3,228021.0343719658,936
0,F6_plus_panel_w0.2,8a89da23,0,48287.79626079163,999
0,F6_plus_panel_w0.2,8a89da23,1,141609.63004457974,1000
0,F6_plus_panel_w0.2,8a89da23,2,147610.9494096892,1000
0,F6_plus_panel_w0.2,8a89da23,3,265009.12577780546,936
0,F6_plus_panel_w0.3,8a89da23,0,62590.287659730544,999
0,F6_plus_panel_w0.3,8a89da23,1,187327.39078253068,1000
0,F6_plus_panel_w0.3,8a89da23,2,185775.07177072024,1000
0,F6_plus_panel_w0.3,8a89da23,3,304792.5028811141,936
0,current_F6_rerun,7224331b,0,991.2153561716455,999
0,current_F6_rerun,7224331b,1,9205.400998962907,1000
0,current_F6_rerun,7224331b,2,650.246868699769,1000
0,current_F6_rerun,7224331b,3,5729.801906655477,1000
0,current_F6_rerun,7224331b,4,96807.2936379112,1000
0,current_F6_rerun,7224331b,5,85476.79151564516,1000
0,current_F6_rerun,7224331b,6,8080.143193968829,64
0,F6_plus_panel_w0.05,7224331b,0,1064.7199238596809,999
0,F6_plus_panel_w0.05,7224331b,1,8735.694977284993,1000
0,F6_plus_panel_w0.05,7224331b,2,873.1944976449714,1000
0,F6_plus_panel_w0.05,7224331b,3,4989.08633922824,1000
0,F6_plus_panel_w0.05,7224331b,4,89838.42069553789,1000
0,F6_plus_panel_w0.05,7224331b,5,78808.1136352872,1000
0,F6_plus_panel_w0.05,7224331b,6,8181.950301444284,64
0,F6_plus_panel_w0.1,7224331b,0,1221.7842962058655,999
0,F6_plus_panel_w0.1,7224331b,1,8346.114826566696,1000
0,F6_plus_panel_w0.1,7224331b,2,1255.5873860633271,1000
0,F6_plus_panel_w0.1,7224331b,3,4512.625465729651,1000
0,F6_plus_panel_w0.1,7224331b,4,83152.03828163487,1000
0,F6_plus_panel_w0.1,7224331b,5,72473.29340623836,1000
0,F6_plus_panel_w0.1,7224331b,6,8284.403508437792,64
0,F6_plus_panel_w0.2,7224331b,0,1786.5924548757623,999
0,F6_plus_panel_w0.2,7224331b,1,7807.332137992276,1000
0,F6_plus_panel_w0.2,7224331b,2,2498.7089413247777,1000
0,F6_plus_panel_w0.2,7224331b,3,4352.467800513963,1000
0,F6_plus_panel_w0.2,7224331b,4,70626.74503913465,1000
0,F6_plus_panel_w0.2,7224331b,5,60805.22590197618,1000
0,F6_plus_panel_w0.2,7224331b,6,8491.24822096626,64
0,F6_plus_panel_w0.3,7224331b,0,2685.6398321844904,999
0,F6_plus_panel_w0.3,7224331b,1,7589.052933237644,1000
0,F6_plus_panel_w0.3,7224331b,2,4379.611534488537,1000
0,F6_plus_panel_w0.3,7224331b,3,5249.328911011303,1000
0,F6_plus_panel_w0.3,7224331b,4,59231.41391039721,1000
0,F6_plus_panel_w0.3,7224331b,5,50472.58900284257,1000
0,F6_plus_panel_w0.3,7224331b,6,8700.677331554827,64
0,current_F6_rerun,e45a2a62,0,5666.500670189979,999
0,current_F6_rerun,e45a2a62,1,32841.2405051371,1000
0,current_F6_rerun,e45a2a62,2,202237.49556188856,1000
0,current_F6_rerun,e45a2a62,3,399093.54052464146,1000
0,current_F6_rerun,e45a2a62,4,16735.373166996113,1000
0,current_F6_rerun,e45a2a62,5,300.9279942673224,8
0,F6_plus_panel_w0.05,e45a2a62,0,6157.643048810538,999
0,F6_plus_panel_w0.05,e45a2a62,1,38435.390035636134,1000
0,F6_plus_panel_w0.05,e45a2a62,2,223263.6254610158,1000
0,F6_plus_panel_w0.05,e45a2a62,3,425964.25189693493,1000
0,F6_plus_panel_w0.05,e45a2a62,4,16317.597782768193,1000
0,F6_plus_panel_w0.05,e45a2a62,5,259.4977578526871,8
0,F6_plus_panel_w0.1,e45a2a62,0,6679.9841504458755,999
0,F6_plus_panel_w0.1,e45a2a62,1,44635.12589457011,1000
0,F6_plus_panel_w0.1,e45a2a62,2,245354.69078783493,1000
0,F6_plus_panel_w0.1,e45a2a62,3,453780.240800448,1000
0,F6_plus_panel_w0.1,e45a2a62,4,16209.71012148894,1000
0,F6_plus_panel_w0.1,e45a2a62,5,221.13451686531081,8
0,F6_plus_panel_w0.2,e45a2a62,0,7818.262522738526,999
0,F6_plus_panel_w0.2,e45a2a62,1,58851.35659778818,1000
0,F6_plus_panel_w0.2,e45a2a62,2,292731.62772470515,1000
0,F6_plus_panel_w0.2,e45a2a62,3,512248.05120133475,1000
0,F6_plus_panel_w0.2,e45a2a62,4,16923.597967765483,1000
0,F6_plus_panel_w0.2,e45a2a62,5,153.60902117197278,8
0,F6_plus_panel_w0.3,e45a2a62,0,9081.335787059794,999
0,F6_plus_panel_w0.3,e45a2a62,1,75489.93261481123,1000
0,F6_plus_panel_w0.3,e45a2a62,2,344368.3063725491,1000
0,F6_plus_panel_w0.3,e45a2a62,3,574496.9717273584,1000
0,F6_plus_panel_w0.3,e45a2a62,4,18877.036705826562,1000
0,F6_plus_panel_w0.3,e45a2a62,5,98.35150718728846,8
0,current_F6_rerun,3a86fe8d,0,24297.989990051246,999
0,current_F6_rerun,3a86fe8d,1,68604.36896269939,1000
0,current_F6_rerun,3a86fe8d,2,65501.27350540849,1000
0,current_F6_rerun,3a86fe8d,3,129516.16889013807,1000
0,current_F6_rerun,3a86fe8d,4,238355.4262215033,1000
0,current_F6_rerun,3a86fe8d,5,12475.115345658722,119
0,F6_plus_panel_w0.05,3a86fe8d,0,23820.80337896499,999
0,F6_plus_panel_w0.05,3a86fe8d,1,68862.0149328734,1000
0,F6_plus_panel_w0.05,3a86fe8d,2,67835.94871371567,1000
0,F6_plus_panel_w0.05,3a86fe8d,3,137921.34101632427,1000
0,F6_plus_panel_w0.05,3a86fe8d,4,234002.03872030787,1000
0,F6_plus_panel_w0.05,3a86fe8d,5,11791.91029907087,119
0,F6_plus_panel_w0.1,3a86fe8d,0,23349.954799006424,999
0,F6_plus_panel_w0.1,3a86fe8d,1,69126.90561468183,1000
0,F6_plus_panel_w0.1,3a86fe8d,2,70304.03107412602,1000
0,F6_plus_panel_w0.1,3a86fe8d,3,146592.74521522652,1000
0,F6_plus_panel_w0.1,3a86fe8d,4,229766.08911448196,1000
0,F6_plus_panel_w0.1,3a86fe8d,5,11128.022731839468,119
0,F6_plus_panel_w0.2,3a86fe8d,0,22427.271732436813,999
0,F6_plus_panel_w0.2,3a86fe8d,1,69678.42111311744,1000
0,F6_plus_panel_w0.2,3a86fe8d,2,75640.41725116946,1000
0,F6_plus_panel_w0.2,3a86fe8d,3,164734.24983107418,1000
0,F6_plus_panel_w0.2,3a86fe8d,4,221646.50358877788,1000
0,F6_plus_panel_w0.2,3a86fe8d,5,9858.200035432497,119
0,F6_plus_panel_w0.3,3a86fe8d,0,21529.940790329943,999
0,F6_plus_panel_w0.3,3a86fe8d,1,70258.91545798279,1000
0,F6_plus_panel_w0.3,3a86fe8d,2,81510.43203651466,1000
0,F6_plus_panel_w0.3,3a86fe8d,3,183940.68273764427,1000
0,F6_plus_panel_w0.3,3a86fe8d,4,213996.66964434998,1000
0,F6_plus_panel_w0.3,3a86fe8d,5,8665.647256434902,119
0,current_F6_rerun,d9eca87b,0,16330.631277515631,999
0,current_F6_rerun,d9eca87b,1,129247.25951499911,1000
0,current_F6_rerun,d9eca87b,2,77694.20442535359,1000
0,current_F6_rerun,d9eca87b,3,98069.61750112212,1000
0,current_F6_rerun,d9eca87b,4,52914.03532279656,1000
0,current_F6_rerun,d9eca87b,5,102098.1150134807,1000
0,current_F6_rerun,d9eca87b,6,285718.0877596033,374
0,F6_plus_panel_w0.05,d9eca87b,0,13979.091439567559,999
0,F6_plus_panel_w0.05,d9eca87b,1,109577.62657975574,1000
0,F6_plus_panel_w0.05,d9eca87b,2,58539.689388950734,1000
0,F6_plus_panel_w0.05,d9eca87b,3,78407.09112573507,1000
0,F6_plus_panel_w0.05,d9eca87b,4,39117.39623651922,1000
0,F6_plus_panel_w0.05,d9eca87b,5,128928.85949447328,1000
0,F6_plus_panel_w0.05,d9eca87b,6,328805.2933984659,374
0,F6_plus_panel_w0.1,d9eca87b,0,11938.593362171687,999
0,F6_plus_panel_w0.1,d9eca87b,1,91541.62741709544,1000
0,F6_plus_panel_w0.1,d9eca87b,2,42435.86365206934,1000
0,F6_plus_panel_w0.1,d9eca87b,3,60970.65383136129,1000
0,F6_plus_panel_w0.1,d9eca87b,4,27519.896018113493,1000
0,F6_plus_panel_w0.1,d9eca87b,5,159886.89411650153,1000
0,F6_plus_panel_w0.1,d9eca87b,6,374953.9903081099,374
0,F6_plus_panel_w0.2,d9eca87b,0,8790.722489057916,999
0,F6_plus_panel_w0.2,d9eca87b,1,60370.53040964322,1000
0,F6_plus_panel_w0.2,d9eca87b,2,19380.28007694801,1000
0,F6_plus_panel_w0.2,d9eca87b,3,32776.046485753206,1000
0,F6_plus_panel_w0.2,d9eca87b,4,10922.3121849807,1000
0,F6_plus_panel_w0.2,d9eca87b,5,234184.83378357027,1000
0,F6_plus_panel_w0.2,d9eca87b,6,476435.8579396287,374
0,F6_plus_panel_w0.3,d9eca87b,0,6887.018658173405,999
0,F6_plus_panel_w0.3,d9eca87b,1,35733.96849265678,1000
0,F6_plus_panel_w0.3,d9eca87b,2,8527.453699992278,1000
0,F6_plus_panel_w0.3,d9eca87b,3,13485.795464307383,1000
0,F6_plus_panel_w0.3,d9eca87b,4,3121.2838233985854,1000
0,F6_plus_panel_w0.3,d9eca87b,5,324991.93401463435,1000
0,F6_plus_panel_w0.3,d9eca87b,6,590163.6906541183,374
0,current_F6_rerun,93f5d2e6,0,291.18621499980713,999
0,current_F6_rerun,93f5d2e6,1,23428.300909799476,1000
0,current_F6_rerun,93f5d2e6,2,18645.53877544902,1000
0,current_F6_rerun,93f5d2e6,3,115587.53215803833,692
0,F6_plus_panel_w0.05,93f5d2e6,0,273.687418937034,999
0,F6_plus_panel_w0.05,93f5d2e6,1,24928.26268816929,1000
0,F6_plus_panel_w0.05,93f5d2e6,2,23117.166657807447,1000
0,F6_plus_panel_w0.05,93f5d2e6,3,145087.56019355933,692
0,F6_plus_panel_w0.1,93f5d2e6,0,262.99482440130157,999
0,F6_plus_panel_w0.1,93f5d2e6,1,26491.532698434035,1000
0,F6_plus_panel_w0.1,93f5d2e6,2,28954.985921182033,1000
0,F6_plus_panel_w0.1,93f5d2e6,3,177994.9463471347,692
0,F6_plus_panel_w0.2,93f5d2e6,0,262.0282399078158,999
0,F6_plus_panel_w0.2,93f5d2e6,1,29807.99741460001,1000
0,F6_plus_panel_w0.2,93f5d2e6,2,44729.19859096164,1000
0,F6_plus_panel_w0.2,93f5d2e6,3,254031.793008342,692
0,F6_plus_panel_w0.3,93f5d2e6,0,288.2864615193166,999
0,F6_plus_panel_w0.3,93f5d2e6,1,33377.69505828412,1000
0,F6_plus_panel_w0.3,93f5d2e6,2,65968.17678477037,1000
0,F6_plus_panel_w0.3,93f5d2e6,3,343698.07214161806,692
0,current_F6_rerun,cc8a1d57,0,153588.36639699314,999
0,current_F6_rerun,cc8a1d57,1,209542.59131955792,1000
0,current_F6_rerun,cc8a1d57,2,357295.5072667208,1000
0,current_F6_rerun,cc8a1d57,3,506907.4540128278,1000
0,current_F6_rerun,cc8a1d57,4,443496.22414431715,1000
0,current_F6_rerun,cc8a1d57,5,258755.5154822651,1000
0,current_F6_rerun,cc8a1d57,6,6736.001160861557,639
0,F6_plus_panel_w0.05,cc8a1d57,0,149735.64986058543,999
0,F6_plus_panel_w0.05,cc8a1d57,1,214189.1878589468,1000
0,F6_plus_panel_w0.05,cc8a1d57,2,380462.68238922925,1000
0,F6_plus_panel_w0.05,cc8a1d57,3,539695.1501194149,1000
0,F6_plus_panel_w0.05,cc8a1d57,4,469579.7716520523,1000
0,F6_plus_panel_w0.05,cc8a1d57,5,267883.94628958276,1000
0,F6_plus_panel_w0.05,cc8a1d57,6,5994.837881325852,639
0,F6_plus_panel_w0.1,cc8a1d57,0,145937.76570528114,999
0,F6_plus_panel_w0.1,cc8a1d57,1,219013.67006049067,1000
0,F6_plus_panel_w0.1,cc8a1d57,2,404382.22361640394,1000
0,F6_plus_panel_w0.1,cc8a1d57,3,573521.9055631827,1000
0,F6_plus_panel_w0.1,cc8a1d57,4,496440.9254510155,1000
0,F6_plus_panel_w0.1,cc8a1d57,5,277207.7265319962,1000
0,F6_plus_panel_w0.1,cc8a1d57,6,5299.569462239471,639
0,F6_plus_panel_w0.2,cc8a1d57,0,138506.4945378686,999
0,F6_plus_panel_w0.2,cc8a1d57,1,229196.29144990628,1000
0,F6_plus_panel_w0.2,cc8a1d57,2,454478.40438454313,1000
0,F6_plus_panel_w0.2,cc8a1d57,3,644292.5944620251,1000
0,F6_plus_panel_w0.2,cc8a1d57,4,552496.0519223838,1000
0,F6_plus_panel_w0.2,cc8a1d57,5,296441.33532195736,1000
0,F6_plus_panel_w0.2,cc8a1d57,6,4046.7172053978697,639
0,F6_plus_panel_w0.3,cc8a1d57,0,131294.5528947327,999
0,F6_plus_panel_w0.3,cc8a1d57,1,240090.45548774852,1000
0,F6_plus_panel_w0.3,cc8a1d57,2,507584.0495710692,1000
0,F6_plus_panel_w0.3,cc8a1d57,3,719219.5207092833,1000
0,F6_plus_panel_w0.3,cc8a1d57,4,611661.603558361,1000
0,F6_plus_panel_w0.3,cc8a1d57,5,316456.3418521081,1000
0,F6_plus_panel_w0.3,cc8a1d57,6,2977.4443903333367,639
0,current_F6_rerun,bf70b410,0,27018.867084151647,999
0,current_F6_rerun,bf70b410,1,12497.084892824265,1000
0,current_F6_rerun,bf70b410,2,9636.337026139125,1000
0,current_F6_rerun,bf70b410,3,6762.199262223839,1000
0,current_F6_rerun,bf70b410,4,311544.4598145342,1000
0,current_F6_rerun,bf70b410,5,756145.7194432182,1000
0,current_F6_rerun,bf70b410,6,445658.85435544973,348
0,F6_plus_panel_w0.05,bf70b410,0,26666.50459355156,999
0,F6_plus_panel_w0.05,bf70b410,1,12204.275131898701,1000
0,F6_plus_panel_w0.05,bf70b410,2,9482.976829337069,1000
0,F6_plus_panel_w0.05,bf70b410,3,5658.8402757621325,1000
0,F6_plus_panel_w0.05,bf70b410,4,323108.284725086,1000
0,F6_plus_panel_w0.05,bf70b410,5,770334.0742101704,1000
0,F6_plus_panel_w0.05,bf70b410,6,450586.28284087696,348
0,F6_plus_panel_w0.1,bf70b410,0,26319.89230572039,999
0,F6_plus_panel_w0.1,bf70b410,1,11917.06491266159,1000
0,F6_plus_panel_w0.1,bf70b410,2,9337.032103689504,1000
0,F6_plus_panel_w0.1,bf70b410,3,4727.418530037324,1000
0,F6_plus_panel_w0.1,bf70b410,4,334990.90600421606,1000
0,F6_plus_panel_w0.1,bf70b410,5,784685.7409052467,1000
0,F6_plus_panel_w0.1,bf70b410,6,455544.9701305288,348
0,F6_plus_panel_w0.2,bf70b410,0,25643.91833831621,999
0,F6_plus_panel_w0.2,bf70b410,1,11359.443099217937,1000
0,F6_plus_panel_w0.2,bf70b410,2,9067.389065850382,1000
0,F6_plus_panel_w0.2,bf70b410,3,3380.3867608193004,1000
0,F6_plus_panel_w0.2,bf70b410,4,359712.53766805,1000
0,F6_plus_panel_w0.2,bf70b410,5,813879.0100795035,1000
0,F6_plus_panel_w0.2,bf70b410,6,465556.12112237327,348
0,F6_plus_panel_w0.3,bf70b410,0,24990.945181925184,999
0,F6_plus_panel_w0.3,bf70b410,1,10824.219452484524,1000
0,F6_plus_panel_w0.3,bf70b410,2,8827.407912619998,1000
0,F6_plus_panel_w0.3,bf70b410,3,2721.1039545716885,1000
0,F6_plus_panel_w0.3,bf70b410,4,385709.35480599315,1000
0,F6_plus_panel_w0.3,bf70b410,5,843725.5269659034,1000
0,F6_plus_panel_w0.3,bf70b410,6,475692.3073309473,348
0,current_F6_rerun,c472c0b5,0,414.0060710200198,999
0,current_F6_rerun,c472c0b5,1,2639.049854193506,1000
0,current_F6_rerun,c472c0b5,2,279.36666933504256,1000
0,current_F6_rerun,c472c0b5,3,38.89501089935236,55
0,F6_plus_panel_w0.05,c472c0b5,0,505.61293766309655,999
0,F6_plus_panel_w0.05,c472c0b5,1,1195.5832083027299,1000
0,F6_plus_panel_w0.05,c472c0b5,2,989.3987505148764,1000
0,F6_plus_panel_w0.05,c472c0b5,3,140.59655753414208,55
0,F6_plus_panel_w0.1,c472c0b5,0,915.410433157587,999
0,F6_plus_panel_w0.1,c472c0b5,1,469.0341104787548,1000
0,F6_plus_panel_w0.1,c472c0b5,2,2859.4600110726556,1000
0,F6_plus_panel_w0.1,c472c0b5,3,305.4865320364453,55
0,F6_plus_panel_w0.2,c472c0b5,0,2689.57731070335,999
0,F6_plus_panel_w0.2,c472c0b5,1,1166.6885590220313,1000
0,F6_plus_panel_w0.2,c472c0b5,2,10079.670070328593,1000
0,F6_plus_panel_w0.2,c472c0b5,3,824.8317646441927,55
0,F6_plus_panel_w0.3,c472c0b5,0,5736.506703662853,999
0,F6_plus_panel_w0.3,c472c0b5,1,4732.013199829658,1000
0,F6_plus_panel_w0.3,c472c0b5,2,21939.996847117487,1000
0,F6_plus_panel_w0.3,c472c0b5,3,1596.9307087235293,55
0,current_F6_rerun,dc7f9757,0,131830.82450650135,999
0,current_F6_rerun,dc7f9757,1,67492.84826900327,1000
0,current_F6_rerun,dc7f9757,2,167319.37570858028,1000
0,current_F6_rerun,dc7f9757,3,124930.28918518701,1000
0,current_F6_rerun,dc7f9757,4,45364.053651554095,361
0,F6_plus_panel_w0.05,dc7f9757,0,123532.6686269221,999
0,F6_plus_panel_w0.05,dc7f9757,1,59678.0891389188,1000
0,F6_plus_panel_w0.05,dc7f9757,2,159707.6835496757,1000
0,F6_plus_panel_w0.05,dc7f9757,3,126407.80267583758,1000
0,F6_plus_panel_w0.05,dc7f9757,4,46276.67609050658,361
0,F6_plus_panel_w0.1,dc7f9757,0,115524.2813046713,999
0,F6_plus_panel_w0.1,dc7f9757,1,52398.406036611756,1000
0,F6_plus_panel_w0.1,dc7f9757,2,152315.93981931388,1000
0,F6_plus_panel_w0.1,dc7f9757,3,127908.92057346589,1000
0,F6_plus_panel_w0.1,dc7f9757,4,47209.018865899234,361
0,F6_plus_panel_w0.2,dc7f9757,0,100376.8123320454,999
0,F6_plus_panel_w0.2,dc7f9757,1,39444.267915255994,1000
0,F6_plus_panel_w0.2,dc7f9757,2,138192.2976440911,1000
0,F6_plus_panel_w0.2,dc7f9757,3,130981.96958954442,1000
0,F6_plus_panel_w0.2,dc7f9757,4,49132.86542595736,361
0,F6_plus_panel_w0.3,dc7f9757,0,86388.41758859632,999
0,F6_plus_panel_w0.3,dc7f9757,1,28630.433904922633,1000
0,F6_plus_panel_w0.3,dc7f9757,2,124948.44918288029,1000
0,F6_plus_panel_w0.3,dc7f9757,3,134149.43623338977,1000
0,F6_plus_panel_w0.3,dc7f9757,4,51135.59333171753,361
0,current_F6_rerun,ec13af42,0,109678.01564091236,999
0,current_F6_rerun,ec13af42,1,289593.66321247956,1000
0,current_F6_rerun,ec13af42,2,81623.04669332618,1000
0,current_F6_rerun,ec13af42,3,88283.84661399353,1000
0,current_F6_rerun,ec13af42,4,107198.29887320963,1000
0,current_F6_rerun,ec13af42,5,115902.64048847483,463
0,F6_plus_panel_w0.05,ec13af42,0,114796.35164079453,999
0,F6_plus_panel_w0.05,ec13af42,1,289353.5784151986,1000
0,F6_plus_panel_w0.05,ec13af42,2,76667.6389707752,1000
0,F6_plus_panel_w0.05,ec13af42,3,84261.01906393128,1000
0,F6_plus_panel_w0.05,ec13af42,4,96694.8759108443,1000
0,F6_plus_panel_w0.05,ec13af42,5,104057.83513367253,463
0,F6_plus_panel_w0.1,ec13af42,0,120075.20216725509,999
0,F6_plus_panel_w0.1,ec13af42,1,289152.55690037465,1000
0,F6_plus_panel_w0.1,ec13af42,2,71891.4612357703,1000
0,F6_plus_panel_w0.1,ec13af42,3,80365.47265950052,1000
0,F6_plus_panel_w0.1,ec13af42,4,86783.24969577344,1000
0,F6_plus_panel_w0.1,ec13af42,5,92855.94917801967,463
0,F6_plus_panel_w0.2,ec13af42,0,131114.44680000987,999
0,F6_plus_panel_w0.2,ec13af42,1,288867.70371827664,1000
0,F6_plus_panel_w0.2,ec13af42,2,62876.79572848067,1000
0,F6_plus_panel_w0.2,ec13af42,3,72956.223287626,1000
0,F6_plus_panel_w0.2,ec13af42,4,68735.38750762022,1000
0,F6_plus_panel_w0.2,ec13af42,5,72380.93546424188,463
0,F6_plus_panel_w0.3,ec13af42,0,142795.74953920208,999
0,F6_plus_panel_w0.3,ec13af42,1,288739.1036662233,1000
0,F6_plus_panel_w0.3,ec13af42,2,54579.05017147748,1000
0,F6_plus_panel_w0.3,ec13af42,3,66056.09849839297,1000
0,F6_plus_panel_w0.3,ec13af42,4,53054.712308769806,1000
0,F6_plus_panel_w0.3,ec13af42,5,54477.599347155425,463
0,current_F6_rerun,7e208414,0,30656.74507334944,999
0,current_F6_rerun,7e208414,1,19595.665473366087,1000
0,current_F6_rerun,7e208414,2,19192.20554717058,1000
0,current_F6_rerun,7e208414,3,89656.07730107372,1000
0,current_F6_rerun,7e208414,4,35582.662110030775,227
0,F6_plus_panel_w0.05,7e208414,0,27522.20297524358,999
0,F6_plus_panel_w0.05,7e208414,1,19017.54907015724,1000
0,F6_plus_panel_w0.05,7e208414,2,21344.432847977332,1000
0,F6_plus_panel_w0.05,7e208414,3,90479.40288047999,1000
0,F6_plus_panel_w0.05,7e208414,4,35181.5955544291,227
0,F6_plus_panel_w0.1,7e208414,0,24562.762941014254,999
0,F6_plus_panel_w0.1,7e208414,1,18724.31465179539,1000
0,F6_plus_panel_w0.1,7e208414,2,23614.245874666754,1000
0,F6_plus_panel_w0.1,7e208414,3,91316.9763802905,1000
0,F6_plus_panel_w0.1,7e208414,4,34782.82443235838,227
0,F6_plus_panel_w0.2,7e208414,0,19169.18906423381,999
0,F6_plus_panel_w0.2,7e208414,1,18992.491769610297,1000
0,F6_plus_panel_w0.2,7e208414,2,28506.629105647517,1000
0,F6_plus_panel_w0.2,7e208414,3,93034.86714102943,1000
0,F6_plus_panel_w0.2,7e208414,4,33992.16848877944,227
0,F6_plus_panel_w0.3,7e208414,0,14476.023443018641,999
0,F6_plus_panel_w0.3,7e208414,1,20400.196826804156,1000
0,F6_plus_panel_w0.3,7e208414,2,33869.35524009661,1000
0,F6_plus_panel_w0.3,7e208414,3,94809.74958326535,1000
0,F6_plus_panel_w0.3,7e208414,4,33210.69427928644,227
0,current_F6_rerun,4e050c92,0,8234.58080540717,999
0,current_F6_rerun,4e050c92,1,13608.983903430022,1000
0,current_F6_rerun,4e050c92,2,23469.5368739796,1000
0,current_F6_rerun,4e050c92,3,108302.18546372003,706
0,F6_plus_panel_w0.05,4e050c92,0,7317.967202042941,999
0,F6_plus_panel_w0.05,4e050c92,1,12682.831499176098,1000
0,F6_plus_panel_w0.05,4e050c92,2,24384.589905123034,1000
0,F6_plus_panel_w0.05,4e050c92,3,110891.23111994605,706
0,F6_plus_panel_w0.1,4e050c92,0,6491.533305053639,999
0,F6_plus_panel_w0.1,4e050c92,1,11903.68085861782,1000
0,F6_plus_panel_w0.1,4e050c92,2,25334.25086243717,1000
0,F6_plus_panel_w0.1,4e050c92,3,113522.85331312635,706
0,F6_plus_panel_w0.2,4e050c92,0,5109.204630217716,999
0,F6_plus_panel_w0.2,4e050c92,1,10786.384868598183,1000
0,F6_plus_panel_w0.2,4e050c92,2,27337.396555534837,1000
0,F6_plus_panel_w0.2,4e050c92,3,118913.82731026316,706
0,F6_plus_panel_w0.3,4e050c92,0,4087.5947809004274,999
0,F6_plus_panel_w0.3,4e050c92,1,10257.095933369827,1000
0,F6_plus_panel_w0.3,4e050c92,2,29478.97395326009,1000
0,F6_plus_panel_w0.3,4e050c92,3,124475.10745510523,706
0,current_F6_rerun,944f36b9,0,2391.5119749263695,999
0,current_F6_rerun,944f36b9,1,42157.671337494525,1000
0,current_F6_rerun,944f36b9,2,85789.8438142241,1000
0,current_F6_rerun,944f36b9,3,109933.93103121762,1000
0,current_F6_rerun,944f36b9,4,72494.03115854539,631
0,F6_plus_panel_w0.05,944f36b9,0,2463.822085524104,999
0,F6_plus_panel_w0.05,944f36b9,1,41134.06733035887,1000
0,F6_plus_panel_w0.05,944f36b9,2,83684.29423189652,1000
0,F6_plus_panel_w0.05,944f36b9,3,100996.82693119474,1000
0,F6_plus_panel_w0.05,944f36b9,4,66665.95631126489,631
0,F6_plus_panel_w0.1,944f36b9,0,2538.8820383642515,999
0,F6_plus_panel_w0.1,944f36b9,1,40129.41596917099,1000
0,F6_plus_panel_w0.1,944f36b9,2,81617.29780283381,1000
0,F6_plus_panel_w0.1,944f36b9,3,92444.35183793149,1000
0,F6_plus_panel_w0.1,944f36b9,4,61100.33171600891,631
0,F6_plus_panel_w0.2,944f36b9,0,2697.2514707648866,999
0,F6_plus_panel_w0.2,944f36b9,1,38176.971184687885,1000
0,F6_plus_panel_w0.2,944f36b9,2,77598.96440460441,1000
0,F6_plus_panel_w0.2,944f36b9,3,76493.28867179417,1000
0,F6_plus_panel_w0.2,944f36b9,4,50756.433281629994,631
0,F6_plus_panel_w0.3,944f36b9,0,2866.620272124834,999
0,F6_plus_panel_w0.3,944f36b9,1,36300.33698405747,1000
0,F6_plus_panel_w0.3,944f36b9,2,73734.84361955401,1000
0,F6_plus_panel_w0.3,944f36b9,3,62080.74153282546,1000
0,F6_plus_panel_w0.3,944f36b9,4,41462.335855426594,631
0,current_F6_rerun,708caea9,0,198067.00024552492,999
0,current_F6_rerun,708caea9,1,918219.8181747289,1000
0,current_F6_rerun,708caea9,2,551855.0135307065,1000
0,current_F6_rerun,708caea9,3,702586.3989426328,1000
0,current_F6_rerun,708caea9,4,856040.3268469984,1000
0,current_F6_rerun,708caea9,5,644209.3888811773,1000
0,current_F6_rerun,708caea9,6,251850.05235603123,549
0,F6_plus_panel_w0.05,708caea9,0,198218.48233503406,999
0,F6_plus_panel_w0.05,708caea9,1,964176.728410097,1000
0,F6_plus_panel_w0.05,708caea9,2,605503.5367775793,1000
0,F6_plus_panel_w0.05,708caea9,3,764955.857826833,1000
0,F6_plus_panel_w0.05,708caea9,4,895440.3918447134,1000
0,F6_plus_panel_w0.05,708caea9,5,691628.4643328431,1000
0,F6_plus_panel_w0.05,708caea9,6,276304.3134925877,549
0,F6_plus_panel_w0.1,708caea9,0,198426.44642177975,999
0,F6_plus_panel_w0.1,708caea9,1,1011503.6180481744,1000
0,F6_plus_panel_w0.1,708caea9,2,661730.1698564559,1000
0,F6_plus_panel_w0.1,708caea9,3,830114.149243365,1000
0,F6_plus_panel_w0.1,708caea9,4,935796.9843261726,1000
0,F6_plus_panel_w0.1,708caea9,5,740963.1921400282,1000
0,F6_plus_panel_w0.1,708caea9,6,301906.97642650746,549
0,F6_plus_panel_w0.2,708caea9,0,199011.82058711036,999
0,F6_plus_panel_w0.2,708caea9,1,1110267.335532787,1000
0,F6_plus_panel_w0.2,708caea9,2,781917.7655104463,1000
0,F6_plus_panel_w0.2,708caea9,3,968797.2296737072,1000
0,F6_plus_panel_w0.2,708caea9,4,1019379.7517405931,1000
0,F6_plus_panel_w0.2,708caea9,5,845379.6048212032,1000
0,F6_plus_panel_w0.2,708caea9,6,356557.50768654904,549
0,F6_plus_panel_w0.3,708caea9,0,199823.12274155338,999
0,F6_plus_panel_w0.3,708caea9,1,1214510.9706286627,1000
0,F6_plus_panel_w0.3,708caea9,2,912417.8004927735,1000
0,F6_plus_panel_w0.3,708caea9,3,1118635.6402337474,1000
0,F6_plus_panel_w0.3,708caea9,4,1106788.629090367,1000
0,F6_plus_panel_w0.3,708caea9,5,957458.6269247987,1000
0,F6_plus_panel_w0.3,708caea9,6,415801.6461361964,549
0,current_F6_rerun,699ea575,0,13013.891789641335,999
0,current_F6_rerun,699ea575,1,97969.87838044786,1000
0,current_F6_rerun,699ea575,2,27422.60581651406,1000
0,current_F6_rerun,699ea575,3,3770.947395797834,1000
0,current_F6_rerun,699ea575,4,40.3557684692705,121
0,F6_plus_panel_w0.05,699ea575,0,12245.007143382389,999
0,F6_plus_panel_w0.05,699ea575,1,91258.23028178123,1000
0,F6_plus_panel_w0.05,699ea575,2,21962.063856300854,1000
0,F6_plus_panel_w0.05,699ea575,3,7100.816670901503,1000
0,F6_plus_panel_w0.05,699ea575,4,165.07413862216492,121
0,F6_plus_panel_w0.1,699ea575,0,11502.71823590978,999
0,F6_plus_panel_w0.1,699ea575,1,84791.61607218762,1000
0,F6_plus_panel_w0.1,699ea575,2,17427.675584806275,1000
0,F6_plus_panel_w0.1,699ea575,3,11765.503612998235,1000
0,F6_plus_panel_w0.1,699ea575,4,374.6968126177273,121
0,F6_plus_panel_w0.2,699ea575,0,10097.927637297162,999
0,F6_plus_panel_w0.2,699ea575,1,72593.48932012376,1000
0,F6_plus_panel_w0.2,699ea575,2,11137.360107931996,1000
0,F6_plus_panel_w0.2,699ea575,3,25099.33049819761,1000
0,F6_plus_panel_w0.2,699ea575,4,1048.6550721378967,121
0,F6_plus_panel_w0.3,699ea575,0,8799.51999379703,999
0,F6_plus_panel_w0.3,699ea575,1,61375.498124237274,1000
0,F6_plus_panel_w0.3,699ea575,2,8551.659385890294,1000
0,F6_plus_panel_w0.3,699ea575,3,43772.428051412615,1000
0,F6_plus_panel_w0.3,699ea575,4,2062.2305470314022,121
0,current_F6_rerun,a6f967fb,0,4278.201076916716,999
0,current_F6_rerun,a6f967fb,1,4134.950770421238,1000
0,current_F6_rerun,a6f967fb,2,9965.073902460901,1000
0,current_F6_rerun,a6f967fb,3,5075.529012976609,1000
0,current_F6_rerun,a6f967fb,4,6058.270140119945,671
0,F6_plus_panel_w0.05,a6f967fb,0,5888.830409544518,999
0,F6_plus_panel_w0.05,a6f967fb,1,7196.886471121697,1000
0,F6_plus_panel_w0.05,a6f967fb,2,11547.015126462959,1000
0,F6_plus_panel_w0.05,a6f967fb,3,5702.347549905033,1000
0,F6_plus_panel_w0.05,a6f967fb,4,6783.019288469086,671
0,F6_plus_panel_w0.1,a6f967fb,0,7766.328044563278,999
0,F6_plus_panel_w0.1,a6f967fb,1,11231.585259028596,1000
0,F6_plus_panel_w0.1,a6f967fb,2,13352.432884095877,1000
0,F6_plus_panel_w0.1,a6f967fb,3,6379.866626302515,1000
0,F6_plus_panel_w0.1,a6f967fb,4,7564.000614713414,671
0,F6_plus_panel_w0.2,a6f967fb,0,12321.928221748127,999
0,F6_plus_panel_w0.2,a6f967fb,1,22219.272096433535,1000
0,F6_plus_panel_w0.2,a6f967fb,2,17633.69800022206,1000
0,F6_plus_panel_w0.2,a6f967fb,3,7887.006397480919,1000
0,F6_plus_panel_w0.2,a6f967fb,4,9294.659800865873,671
0,F6_plus_panel_w0.3,a6f967fb,0,17945.001608455008,999
0,F6_plus_panel_w0.3,a6f967fb,1,37098.01128260716,1000
0,F6_plus_panel_w0.3,a6f967fb,2,22808.869250816824,1000
0,F6_plus_panel_w0.3,a6f967fb,3,9596.9483264985,1000
0,F6_plus_panel_w0.3,a6f967fb,4,11250.247698565567,671
0,current_F6_rerun,f08774c3,0,36018.589782411604,999
0,current_F6_rerun,f08774c3,1,79509.63664999272,1000
0,current_F6_rerun,f08774c3,2,86295.53283835202,1000
0,current_F6_rerun,f08774c3,3,127906.85064485173,901
0,F6_plus_panel_w0.05,f08774c3,0,35818.66227478532,999
0,F6_plus_panel_w0.05,f08774c3,1,80321.34748333463,1000
0,F6_plus_panel_w0.05,f08774c3,2,86992.84420588291,1000
0,F6_plus_panel_w0.05,f08774c3,3,120926.06793400289,901
0,F6_plus_panel_w0.1,f08774c3,0,35622.07842972667,999
0,F6_plus_panel_w0.1,f08774c3,1,81138.17185396227,1000
0,F6_plus_panel_w0.1,f08774c3,2,87695.79609199516,1000
0,F6_plus_panel_w0.1,f08774c3,3,115250.80262627274,901
0,F6_plus_panel_w0.2,f08774c3,0,35238.94172727346,999
0,F6_plus_panel_w0.2,f08774c3,1,82787.16120698742,1000
0,F6_plus_panel_w0.2,f08774c3,2,89118.62142000272,1000
0,F6_plus_panel_w0.2,f08774c3,3,107816.82422020852,901
0,F6_plus_panel_w0.3,f08774c3,0,34869.179675038315,999
0,F6_plus_panel_w0.3,f08774c3,1,84456.60470904056,1000
0,F6_plus_panel_w0.3,f08774c3,2,90564.00882238604,1000
0,F6_plus_panel_w0.3,f08774c3,3,105604.91542668195,901
0,current_F6_rerun,e46f4ef4,0,50822.168468840195,999
0,current_F6_rerun,e46f4ef4,1,193872.19704770835,1000
0,current_F6_rerun,e46f4ef4,2,157168.6624246103,1000
0,current_F6_rerun,e46f4ef4,3,329532.45101490093,1000
0,current_F6_rerun,e46f4ef4,4,488431.77400285477,1000
0,current_F6_rerun,e46f4ef4,5,421006.448344194,1000
0,current_F6_rerun,e46f4ef4,6,520330.82887141337,1000
0,current_F6_rerun,e46f4ef4,7,112793.40072435357,196
0,F6_plus_panel_w0.05,e46f4ef4,0,46591.560534126314,999
0,F6_plus_panel_w0.05,e46f4ef4,1,180907.89244541153,1000
0,F6_plus_panel_w0.05,e46f4ef4,2,147525.11484632106,1000
0,F6_plus_panel_w0.05,e46f4ef4,3,291090.1324266094,1000
0,F6_plus_panel_w0.05,e46f4ef4,4,443926.6935711754,1000
0,F6_plus_panel_w0.05,e46f4ef4,5,372807.6148070967,1000
0,F6_plus_panel_w0.05,e46f4ef4,6,476144.92495602363,1000
0,F6_plus_panel_w0.05,e46f4ef4,7,98079.05215388157,196
0,F6_plus_panel_w0.1,e46f4ef4,0,42546.196961265916,999
0,F6_plus_panel_w0.1,e46f4ef4,1,168423.89741717838,1000
0,F6_plus_panel_w0.1,e46f4ef4,2,138215.9197561366,1000
0,F6_plus_panel_w0.1,e46f4ef4,3,255173.08566049195,1000
0,F6_plus_panel_w0.1,e46f4ef4,4,401572.501955749,1000
0,F6_plus_panel_w0.1,e46f4ef4,5,327622.8147602305,1000
0,F6_plus_panel_w0.1,e46f4ef4,6,434020.92396505096,1000
0,F6_plus_panel_w0.1,e46f4ef4,7,84398.82912667723,196
0,F6_plus_panel_w0.2,e46f4ef4,0,35011.20290117405,999
0,F6_plus_panel_w0.2,e46f4ef4,1,144896.83608304476,1000
0,F6_plus_panel_w0.2,e46f4ef4,2,120600.58704021586,1000
0,F6_plus_panel_w0.2,e46f4ef4,3,190914.80759498294,1000
0,F6_plus_panel_w0.2,e46f4ef4,4,323316.7851739169,1000
0,F6_plus_panel_w0.2,e46f4ef4,5,246295.31513739834,1000
0,F6_plus_panel_w0.2,e46f4ef4,6,355958.6307566,1000
0,F6_plus_panel_w0.2,e46f4ef4,7,60140.759702119576,196
0,F6_plus_panel_w0.3,e46f4ef4,0,28217.18628858965,999
0,F6_plus_panel_w0.3,e46f4ef4,1,123291.01304536576,1000
0,F6_plus_panel_w0.3,e46f4ef4,2,104322.66427689508,1000
0,F6_plus_panel_w0.3,e46f4ef4,3,136757.6168184278,1000
0,F6_plus_panel_w0.3,e46f4ef4,4,253664.6236574352,1000
0,F6_plus_panel_w0.3,e46f4ef4,5,177023.94947577082,1000
0,F6_plus_panel_w0.3,e46f4ef4,6,286143.94924614404,1000
0,F6_plus_panel_w0.3,e46f4ef4,7,40019.19245069517,196
0,current_F6_rerun,4f4afcc6,0,5084.372477534101,999
0,current_F6_rerun,4f4afcc6,1,11636.405084462165,1000
0,current_F6_rerun,4f4afcc6,2,50013.816037130295,1000
0,current_F6_rerun,4f4afcc6,3,18548.235886478113,1000
0,current_F6_rerun,4f4afcc6,4,404.73237919602104,1000
0,current_F6_rerun,4f4afcc6,5,822.7090951334893,646
0,F6_plus_panel_w0.05,4f4afcc6,0,5986.438710570108,999
0,F6_plus_panel_w0.05,4f4afcc6,1,14279.135851346775,1000
0,F6_plus_panel_w0.05,4f4afcc6,2,47155.089180621566,1000
0,F6_plus_panel_w0.05,4f4afcc6,3,18350.639872256714,1000
0,F6_plus_panel_w0.05,4f4afcc6,4,352.88223699201876,1000
0,F6_plus_panel_w0.05,4f4afcc6,5,530.9392081795185,646
0,F6_plus_panel_w0.1,4f4afcc6,0,7019.216231547754,999
0,F6_plus_panel_w0.1,4f4afcc6,1,17273.769871692475,1000
0,F6_plus_panel_w0.1,4f4afcc6,2,44403.35040018261,1000
0,F6_plus_panel_w0.1,4f4afcc6,3,18415.813127537247,1000
0,F6_plus_panel_w0.1,4f4afcc6,4,603.7670794314364,1000
0,F6_plus_panel_w0.1,4f4afcc6,5,423.24023338060806,646
0,F6_plus_panel_w0.2,4f4afcc6,0,9476.905137326004,999
0,F6_plus_panel_w0.2,4f4afcc6,1,24318.747672798894,1000
0,F6_plus_panel_w0.2,4f4afcc6,2,39220.8370675874,1000
0,F6_plus_panel_w0.2,4f4afcc6,3,19334.467446610255,1000
0,F6_plus_panel_w0.2,4f4afcc6,4,2013.741718239139,1000
0,F6_plus_panel_w0.2,4f4afcc6,5,760.0550202506663,646
0,F6_plus_panel_w0.3,4f4afcc6,0,12457.439194871777,999
0,F6_plus_panel_w0.3,4f4afcc6,1,32771.33848779428,1000
0,F6_plus_panel_w0.3,4f4afcc6,2,34466.27603936032,1000
0,F6_plus_panel_w0.3,4f4afcc6,3,21304.19884369335,1000
0,F6_plus_panel_w0.3,4f4afcc6,4,4634.656295613429,1000
0,F6_plus_panel_w0.3,4f4afcc6,5,1833.153455740729,646
0,current_F6_rerun,c2c6fc71,0,1746.0596363042057,999
0,current_F6_rerun,c2c6fc71,1,1311.6202557165896,1000
0,current_F6_rerun,c2c6fc71,2,5310.265977850897,1000
0,current_F6_rerun,c2c6fc71,3,23374.870777446606,1000
0,current_F6_rerun,c2c6fc71,4,9300.82263625962,1000
0,current_F6_rerun,c2c6fc71,5,131231.30916868598,1000
0,current_F6_rerun,c2c6fc71,6,133474.50403098078,1000
0,current_F6_rerun,c2c6fc71,7,5499.458815605029,120
0,F6_plus_panel_w0.05,c2c6fc71,0,1048.182151055647,999
0,F6_plus_panel_w0.05,c2c6fc71,1,1100.9135234838138,1000
0,F6_plus_panel_w0.05,c2c6fc71,2,3598.7115704296207,1000
0,F6_plus_panel_w0.05,c2c6fc71,3,13868.109660615482,1000
0,F6_plus_panel_w0.05,c2c6fc71,4,4688.421454061882,1000
0,F6_plus_panel_w0.05,c2c6fc71,5,107517.1314011147,1000
0,F6_plus_panel_w0.05,c2c6fc71,6,102990.9711744357,1000
0,F6_plus_panel_w0.05,c2c6fc71,7,4111.377030616464,120
0,F6_plus_panel_w0.1,c2c6fc71,0,552.0225465470294,999
0,F6_plus_panel_w0.1,c2c6fc71,1,939.9600065512411,1000
0,F6_plus_panel_w0.1,c2c6fc71,2,2246.0658952388985,1000
0,F6_plus_panel_w0.1,c2c6fc71,3,6893.984976609822,1000
0,F6_plus_panel_w0.1,c2c6fc71,4,2081.855872788535,1000
0,F6_plus_panel_w0.1,c2c6fc71,5,86286.52192499256,1000
0,F6_plus_panel_w0.1,c2c6fc71,6,76469.94509661326,1000
0,F6_plus_panel_w0.1,c2c6fc71,7,2924.9630996618203,120
0,F6_plus_panel_w0.2,c2c6fc71,0,164.85697974030816,999
0,F6_plus_panel_w0.2,c2c6fc71,1,767.3126185769894,1000
0,F6_plus_panel_w0.2,c2c6fc71,2,617.5007415302658,1000
0,F6_plus_panel_w0.2,c2c6fc71,3,543.6449070398886,1000
0,F6_plus_panel_w0.2,c2c6fc71,4,2886.231512996371,1000
0,F6_plus_panel_w0.2,c2c6fc71,5,51276.007846993096,1000
0,F6_plus_panel_w0.2,c2c6fc71,6,35315.41327703211,1000
0,F6_plus_panel_w0.2,c2c6fc71,7,1157.1387998471919,120
0,F6_plus_panel_w0.3,c2c6fc71,0,584.5629358855964,999
0,F6_plus_panel_w0.3,c2c6fc71,1,793.6780917926045,1000
0,F6_plus_panel_w0.3,c2c6fc71,2,424.5705167252983,1000
0,F6_plus_panel_w0.3,c2c6fc71,3,4323.850568741796,1000
0,F6_plus_panel_w0.3,c2c6fc71,4,11713.949556892325,1000
0,F6_plus_panel_w0.3,c2c6fc71,5,26199.766934675215,1000
0,F6_plus_panel_w0.3,c2c6fc71,6,10010.908572230097,1000
0,F6_plus_panel_w0.3,c2c6fc71,7,195.9859161605604,120
0,current_F6_rerun,9d3ec64c,0,21188.536557944495,999
0,current_F6_rerun,9d3ec64c,1,106835.94020057896,1000
0,current_F6_rerun,9d3ec64c,2,77404.13411765502,1000
0,current_F6_rerun,9d3ec64c,3,6903.272062054426,481
0,F6_plus_panel_w0.05,9d3ec64c,0,21009.42992542583,999
0,F6_plus_panel_w0.05,9d3ec64c,1,107686.97100648124,1000
0,F6_plus_panel_w0.05,9d3ec64c,2,78805.78965095988,1000
0,F6_plus_panel_w0.05,9d3ec64c,3,7074.851382101347,481
0,F6_plus_panel_w0.1,9d3ec64c,0,20832.928332111533,999
0,F6_plus_panel_w0.1,9d3ec64c,1,108542.81017496383,1000
0,F6_plus_panel_w0.1,9d3ec64c,2,80220.99128363404,1000
0,F6_plus_panel_w0.1,9d3ec64c,3,7249.560849680158,481
0,F6_plus_panel_w0.2,9d3ec64c,0,20487.740263066094,999
0,F6_plus_panel_w0.2,9d3ec64c,1,110268.91359956012,1000
0,F6_plus_panel_w0.2,9d3ec64c,2,83092.03284699771,1000
0,F6_plus_panel_w0.2,9d3ec64c,3,7608.370227421111,481
0,F6_plus_panel_w0.3,9d3ec64c,0,20152.972350798555,999
0,F6_plus_panel_w0.3,9d3ec64c,1,112014.25047434038,1000
0,F6_plus_panel_w0.3,9d3ec64c,2,86017.25880772265,1000
0,F6_plus_panel_w0.3,9d3ec64c,3,7979.700195273361,481
0,current_F6_rerun,137d1e44,0,89837.13710966999,999
0,current_F6_rerun,137d1e44,1,214499.51807536572,1000
0,current_F6_rerun,137d1e44,2,16687.37285473255,1000
0,current_F6_rerun,137d1e44,3,28682.23755533178,1000
0,current_F6_rerun,137d1e44,4,16651.148227041387,555
0,F6_plus_panel_w0.05,137d1e44,0,87697.16963140441,999
0,F6_plus_panel_w0.05,137d1e44,1,204591.4812318131,1000
0,F6_plus_panel_w0.05,137d1e44,2,23239.61792880223,1000
0,F6_plus_panel_w0.05,137d1e44,3,44360.18062413162,1000
0,F6_plus_panel_w0.05,137d1e44,4,24603.064112070813,555
0,F6_plus_panel_w0.1,137d1e44,0,85590.80330295596,999
0,F6_plus_panel_w0.1,137d1e44,1,195145.05276585746,1000
0,F6_plus_panel_w0.1,137d1e44,2,33644.98777705291,1000
0,F6_plus_panel_w0.1,137d1e44,3,63893.04997352558,1000
0,F6_plus_panel_w0.1,137d1e44,4,34127.79830449935,555
0,F6_plus_panel_w0.2,137d1e44,0,81478.87409543073,999
0,F6_plus_panel_w0.2,137d1e44,1,177637.02096657056,1000
0,F6_plus_panel_w0.2,137d1e44,2,66015.10179612515,1000
0,F6_plus_panel_w0.2,137d1e44,3,114523.56751416216,1000
0,F6_plus_panel_w0.2,137d1e44,4,57895.721611596484,555
0,F6_plus_panel_w0.3,137d1e44,0,77501.34948706187,999
0,F6_plus_panel_w0.3,137d1e44,1,161975.42267744843,1000
0,F6_plus_panel_w0.3,137d1e44,2,113797.71491199332,1000
0,F6_plus_panel_w0.3,137d1e44,3,180573.79017730718,1000
0,F6_plus_panel_w0.3,137d1e44,4,87954.91814836359,555
0,current_F6_rerun,42669188,0,3799.461919028539,999
0,current_F6_rerun,42669188,1,3486.978097688827,1000
0,current_F6_rerun,42669188,2,4247.453341826459,1000
0,current_F6_rerun,42669188,3,1723.6192485507434,1000
0,current_F6_rerun,42669188,4,304.47502714740057,283
0,F6_plus_panel_w0.05,42669188,0,2848.8660110897004,999
0,F6_plus_panel_w0.05,42669188,1,1390.4184730392597,1000
0,F6_plus_panel_w0.05,42669188,2,988.4423130999642,1000
0,F6_plus_panel_w0.05,42669188,3,511.7226262944767,1000
0,F6_plus_panel_w0.05,42669188,4,458.7625574847292,283
0,F6_plus_panel_w0.1,42669188,0,2121.5961783937896,999
0,F6_plus_panel_w0.1,42669188,1,769.848732441958,1000
0,F6_plus_panel_w0.1,42669188,2,1720.6858695619926,1000
0,F6_plus_panel_w0.1,42669188,3,1277.9679603011807,1000
0,F6_plus_panel_w0.1,42669188,4,2119.1672930062205,283
0,F6_plus_panel_w0.2,42669188,0,1337.0347387418262,999
0,F6_plus_panel_w0.2,42669188,1,3956.67890341286,1000
0,F6_plus_panel_w0.2,42669188,2,15158.936738056846,1000
0,F6_plus_panel_w0.2,42669188,3,8744.884497104727,1000
0,F6_plus_panel_w0.2,42669188,4,9958.328379598295,283
0,F6_plus_panel_w0.3,42669188,0,1445.77760007246,999
0,F6_plus_panel_w0.3,42669188,1,13047.468610591346,1000
0,F6_plus_panel_w0.3,42669188,2,44562.20594729202,1000
0,F6_plus_panel_w0.3,42669188,3,24124.36885894769,1000
0,F6_plus_panel_w0.3,42669188,4,23821.958286916368,283
0,current_F6_rerun,fae0c593,0,20320.270339532217,999
0,current_F6_rerun,fae0c593,1,17840.110287429216,1000
0,current_F6_rerun,fae0c593,2,1011.5882497684133,1000
0,current_F6_rerun,fae0c593,3,190.6742036255968,1000
0,current_F6_rerun,fae0c593,4,4273.802849067049,404
0,F6_plus_panel_w0.05,fae0c593,0,22803.520032590808,999
0,F6_plus_panel_w0.05,fae0c593,1,18232.728161558036,1000
0,F6_plus_panel_w0.05,fae0c593,2,306.1990162116908,1000
0,F6_plus_panel_w0.05,fae0c593,3,151.2121968796671,1000
0,F6_plus_panel_w0.05,fae0c593,4,3524.832813146112,404
0,F6_plus_panel_w0.1,fae0c593,0,25553.745663396734,999
0,F6_plus_panel_w0.1,fae0c593,1,18890.290208687355,1000
0,F6_plus_panel_w0.1,fae0c593,2,317.60040607750545,1000
0,F6_plus_panel_w0.1,fae0c593,3,812.6587764909103,1000
0,F6_plus_panel_w0.1,fae0c593,4,2937.741786501311,404
0,F6_plus_panel_w0.2,fae0c593,0,31855.124738219158,999
0,F6_plus_panel_w0.2,fae0c593,1,21000.246821910223,1000
0,F6_plus_panel_w0.2,fae0c593,2,2490.7750560739014,1000
0,F6_plus_panel_w0.2,fae0c593,3,4238.277694787893,1000
0,F6_plus_panel_w0.2,fae0c593,4,2249.1967610298875,404
0,F6_plus_panel_w0.3,fae0c593,0,39224.40756398557,999
0,F6_plus_panel_w0.3,fae0c593,1,24169.980127083374,1000
0,F6_plus_panel_w0.3,fae0c593,2,7531.112199765927,1000
0,F6_plus_panel_w0.3,fae0c593,3,10467.53095852574,1000
0,F6_plus_panel_w0.3,fae0c593,4,2208.1677726517523,404
0,current_F6_rerun,febb4411,0,5256.088239995258,999
0,current_F6_rerun,febb4411,1,65213.58321114602,1000
0,current_F6_rerun,febb4411,2,33681.904466686006,1000
0,current_F6_rerun,febb4411,3,104374.63824716373,1000
0,current_F6_rerun,febb4411,4,21829.446203789652,248
0,F6_plus_panel_w0.05,febb4411,0,5545.330144181827,999
0,F6_plus_panel_w0.05,febb4411,1,70303.10630751168,1000
0,F6_plus_panel_w0.05,febb4411,2,43632.66340686421,1000
0,F6_plus_panel_w0.05,febb4411,3,79796.27550579564,1000
0,F6_plus_panel_w0.05,febb4411,4,17831.932951460236,248
0,F6_plus_panel_w0.1,febb4411,0,5845.798032782909,999
0,F6_plus_panel_w0.1,febb4411,1,75603.82379041411,1000
0,F6_plus_panel_w0.1,febb4411,2,54993.59814923538,1000
0,F6_plus_panel_w0.1,febb4411,3,59053.832134991695,1000
0,F6_plus_panel_w0.1,febb4411,4,14241.937464085257,248
0,F6_plus_panel_w0.2,febb4411,0,6480.411763221676,999
0,F6_plus_panel_w0.2,febb4411,1,86838.84191573931,1000
0,F6_plus_panel_w0.2,febb4411,2,81945.99504047388,1000
0,F6_plus_panel_w0.2,febb4411,3,29076.70350517261,1000
0,F6_plus_panel_w0.2,febb4411,4,8284.499784222828,248
0,F6_plus_panel_w0.3,febb4411,0,7159.929431307925,999
0,F6_plus_panel_w0.3,febb4411,1,98918.63758706965,1000
0,F6_plus_panel_w0.3,febb4411,2,114539.09514035576,1000
0,F6_plus_panel_w0.3,febb4411,3,14443.252357715905,1000
0,F6_plus_panel_w0.3,febb4411,4,3957.1331642080304,248
0,current_F6_rerun,059c8f24,0,5702.479562431968,999
0,current_F6_rerun,059c8f24,1,15954.456598760098,1000
0,current_F6_rerun,059c8f24,2,17498.353958974443,1000
0,current_F6_rerun,059c8f24,3,90825.94884202642,1000
0,current_F6_rerun,059c8f24,4,120952.61059435978,1000
0,current_F6_rerun,059c8f24,5,172848.30364808018,1000
0,current_F6_rerun,059c8f24,6,36208.59045571302,259
0,F6_plus_panel_w0.05,059c8f24,0,6090.418312929371,999
0,F6_plus_panel_w0.05,059c8f24,1,18554.50220971627,1000
0,F6_plus_panel_w0.05,059c8f24,2,14673.114925181013,1000
0,F6_plus_panel_w0.05,059c8f24,3,80130.95618841324,1000
0,F6_plus_panel_w0.05,059c8f24,4,102956.790144372,1000
0,F6_plus_panel_w0.05,059c8f24,5,150839.80064212446,1000
0,F6_plus_panel_w0.05,059c8f24,6,39152.06395575444,259
0,F6_plus_panel_w0.1,059c8f24,0,6602.281708352471,999
0,F6_plus_panel_w0.1,059c8f24,1,21366.140871871303,1000
0,F6_plus_panel_w0.1,059c8f24,2,12159.59716371959,1000
0,F6_plus_panel_w0.1,059c8f24,3,70116.09531781329,1000
0,F6_plus_panel_w0.1,059c8f24,4,86418.3904998979,1000
0,F6_plus_panel_w0.1,059c8f24,5,130527.19679281511,1000
0,F6_plus_panel_w0.1,059c8f24,6,42225.96088543319,259
0,F6_plus_panel_w0.2,059c8f24,0,7997.782433972325,999
0,F6_plus_panel_w0.2,059c8f24,1,27624.197349734684,1000
0,F6_plus_panel_w0.2,059c8f24,2,8067.725457756533,1000
0,F6_plus_panel_w0.2,059c8f24,3,52126.76892555588,1000
0,F6_plus_panel_w0.2,059c8f24,4,57713.85362738661,1000
0,F6_plus_panel_w0.2,059c8f24,5,94989.686564031,1000
0,F6_plus_panel_w0.2,059c8f24,6,48765.02503373268,259
0,F6_plus_panel_w0.3,059c8f24,0,9888.981739286757,999
0,F6_plus_panel_w0.3,059c8f24,1,34728.62603233412,1000
0,F6_plus_panel_w0.3,059c8f24,2,5222.738841080277,1000
0,F6_plus_panel_w0.3,059c8f24,3,36857.96966523639,1000
0,F6_plus_panel_w0.3,059c8f24,4,34838.99997681033,1000
0,F6_plus_panel_w0.3,059c8f24,5,66235.77296171038,1000
0,F6_plus_panel_w0.3,059c8f24,6,55825.78290062359,259
0,current_F6_rerun,1e5e3573,0,8943.65748179002,999
0,current_F6_rerun,1e5e3573,1,94835.89506360597,1000
0,current_F6_rerun,1e5e3573,2,92882.28196172368,1000
0,current_F6_rerun,1e5e3573,3,36653.639568834726,1000
0,current_F6_rerun,1e5e3573,4,17291.516587929327,1000
0,current_F6_rerun,1e5e3573,5,27891.280921848112,481
0,F6_plus_panel_w0.05,1e5e3573,0,10308.008607839589,999
0,F6_plus_panel_w0.05,1e5e3573,1,98786.90746431012,1000
0,F6_plus_panel_w0.05,1e5e3573,2,99046.64018070976,1000
0,F6_plus_panel_w0.05,1e5e3573,3,36255.14331895837,1000
0,F6_plus_panel_w0.05,1e5e3573,4,15146.889117455348,1000
0,F6_plus_panel_w0.05,1e5e3573,5,26404.78566506171,481
0,F6_plus_panel_w0.1,1e5e3573,0,11903.452644229692,999
0,F6_plus_panel_w0.1,1e5e3573,1,102831.06047410976,1000
0,F6_plus_panel_w0.1,1e5e3573,2,105414.86893294835,1000
0,F6_plus_panel_w0.1,1e5e3573,3,35885.34579535475,1000
0,F6_plus_panel_w0.1,1e5e3573,4,13230.522994903024,1000
0,F6_plus_panel_w0.1,1e5e3573,5,24972.498824721213,481
0,F6_plus_panel_w0.2,1e5e3573,0,15787.619448049958,999
0,F6_plus_panel_w0.2,1e5e3573,1,111198.78832109636,1000
0,F6_plus_panel_w0.2,1e5e3573,2,118762.93803728274,1000
0,F6_plus_panel_w0.2,1e5e3573,3,35231.84692702676,1000
0,F6_plus_panel_w0.2,1e5e3573,4,10082.574793596488,1000
0,F6_plus_panel_w0.2,1e5e3573,5,22270.55039341672,481
0,F6_plus_panel_w0.3,1e5e3573,0,20596.157893259988,999
0,F6_plus_panel_w0.3,1e5e3573,1,119939.07860459345,1000
0,F6_plus_panel_w0.3,1e5e3573,2,132926.48927476045,1000
0,F6_plus_panel_w0.3,1e5e3573,3,34693.14296386714,1000
0,F6_plus_panel_w0.3,1e5e3573,4,7847.671984015193,1000
0,F6_plus_panel_w0.3,1e5e3573,5,19785.435627942235,481
0,current_F6_rerun,028d7b28,0,57207.484055094086,999
0,current_F6_rerun,028d7b28,1,3651.769580087751,1000
0,current_F6_rerun,028d7b28,2,3877.5549575510677,1000
0,current_F6_rerun,028d7b28,3,27977.724228037412,1000
0,current_F6_rerun,028d7b28,4,19779.07496256016,1000
0,current_F6_rerun,028d7b28,5,142866.33051967173,1000
0,current_F6_rerun,028d7b28,6,788.1872537391548,235
0,F6_plus_panel_w0.05,028d7b28,0,52983.335468614554,999
0,F6_plus_panel_w0.05,028d7b28,1,2811.7295179784287,1000
0,F6_plus_panel_w0.05,028d7b28,2,7215.509282880123,1000
0,F6_plus_panel_w0.05,028d7b28,3,31542.7667820937,1000
0,F6_plus_panel_w0.05,028d7b28,4,18480.86407988722,1000
0,F6_plus_panel_w0.05,028d7b28,5,126371.62607336807,1000
0,F6_plus_panel_w0.05,028d7b28,6,694.595288649207,235
0,F6_plus_panel_w0.1,028d7b28,0,48951.80588869469,999
0,F6_plus_panel_w0.1,028d7b28,1,2336.452463278173,1000
0,F6_plus_panel_w0.1,028d7b28,2,11751.132922968956,1000
0,F6_plus_panel_w0.1,028d7b28,3,35422.36896305671,1000
0,F6_plus_panel_w0.1,028d7b28,4,17293.607532331112,1000
0,F6_plus_panel_w0.1,028d7b28,5,110896.7764334568,1000
0,F6_plus_panel_w0.1,028d7b28,6,607.2749476489972,235
0,F6_plus_panel_w0.2,028d7b28,0,41466.60374860613,999
0,F6_plus_panel_w0.2,028d7b28,1,2480.187376115881,1000
0,F6_plus_panel_w0.2,028d7b28,2,24415.38814739717,1000
0,F6_plus_panel_w0.2,028d7b28,3,44125.25220564287,1000
0,F6_plus_panel_w0.2,028d7b28,4,15251.957442580358,1000
0,F6_plus_panel_w0.2,028d7b28,5,83006.64157268425,1000
0,F6_plus_panel_w0.2,028d7b28,6,451.44913791357504,235
0,F6_plus_panel_w0.3,028d7b28,0,34751.8776348563,999
0,F6_plus_panel_w0.3,028d7b28,1,4082.9743185960806,1000
0,F6_plus_panel_w0.3,028d7b28,2,41870.32063080651,1000
0,F6_plus_panel_w0.3,028d7b28,3,54086.37395576384,1000
0,F6_plus_panel_w0.3,028d7b28,4,13654.124693316318,1000
0,F6_plus_panel_w0.3,028d7b28,5,59195.92593731987,1000
0,F6_plus_panel_w0.3,028d7b28,6,320.70982453198593,235
0,current_F6_rerun,ed6436d6,0,29233.95137299843,999
0,current_F6_rerun,ed6436d6,1,35170.52408972329,1000
0,current_F6_rerun,ed6436d6,2,51434.66844532089,946
0,F6_plus_panel_w0.05,ed6436d6,0,27416.02579069904,999
0,F6_plus_panel_w0.05,ed6436d6,1,31866.42344454055,1000
0,F6_plus_panel_w0.05,ed6436d6,2,45840.40723614063,946
0,F6_plus_panel_w0.1,ed6436d6,0,25673.0302319508,999
0,F6_plus_panel_w0.1,ed6436d6,1,28740.080540352523,1000
0,F6_plus_panel_w0.1,ed6436d6,2,40568.94701907909,946
0,F6_plus_panel_w0.2,ed6436d6,0,22411.829185058585,999
0,F6_plus_panel_w0.2,ed6436d6,1,23020.667954898483,1000
0,F6_plus_panel_w0.2,ed6436d6,2,30994.42956125086,946
0,F6_plus_panel_w0.3,ed6436d6,0,19450.348232309105,999
0,F6_plus_panel_w0.3,ed6436d6,1,18012.286333351334,1000
0,F6_plus_panel_w0.3,ed6436d6,2,22711.116071824043,946
0,current_F6_rerun,39b51819,0,3979.8090864089513,999
0,current_F6_rerun,39b51819,1,8743.617438670302,1000
0,current_F6_rerun,39b51819,2,475.950453385553,1000
0,current_F6_rerun,39b51819,3,682.4965528728023,1000
0,current_F6_rerun,39b51819,4,64.21030225749713,232
0,F6_plus_panel_w0.05,39b51819,0,4168.493241188185,999
0,F6_plus_panel_w0.05,39b51819,1,9680.99232339711,1000
0,F6_plus_panel_w0.05,39b51819,2,396.74906579407127,1000
0,F6_plus_panel_w0.05,39b51819,3,484.6530066562881,1000
0,F6_plus_panel_w0.05,39b51819,4,43.875843993733525,232
0,F6_plus_panel_w0.1,39b51819,0,4368.320434639005,999
0,F6_plus_panel_w0.1,39b51819,1,10685.088434845848,1000
0,F6_plus_panel_w0.1,39b51819,2,446.65638132051134,1000
0,F6_plus_panel_w0.1,39b51819,3,332.0639859247005,1000
0,F6_plus_panel_w0.1,39b51819,4,30.47501556417065,232
0,F6_plus_panel_w0.2,39b51819,0,4801.403937562642,999
0,F6_plus_panel_w0.2,39b51819,1,12893.444337938285,1000
0,F6_plus_panel_w0.2,39b51819,2,933.797121727261,1000
0,F6_plus_panel_w0.2,39b51819,3,162.64952090990624,1000
0,F6_plus_panel_w0.2,39b51819,4,24.47424820673277,232
0,F6_plus_panel_w0.3,39b51819,0,5279.059595182203,999
0,F6_plus_panel_w0.3,39b51819,1,15368.685147958446,1000
0,F6_plus_panel_w0.3,39b51819,2,1937.3726746092666,1000
0,F6_plus_panel_w0.3,39b51819,3,174.25315782874083,1000
0,F6_plus_panel_w0.3,39b51819,4,46.208000185277726,232
0,current_F6_rerun,9f0c7bae,0,25429.20707455047,999
0,current_F6_rerun,9f0c7bae,1,138959.69853472273,1000
0,current_F6_rerun,9f0c7bae,2,85837.73047409477,543
0,F6_plus_panel_w0.05,9f0c7bae,0,25783.595531580628,999
0,F6_plus_panel_w0.05,9f0c7bae,1,136454.61356065306,1000
0,F6_plus_panel_w0.05,9f0c7bae,2,82468.3514447154,543
0,F6_plus_panel_w0.1,9f0c7bae,0,26141.57464210103,999
0,F6_plus_panel_w0.1,9f0c7bae,1,133989.87741744705,1000
0,F6_plus_panel_w0.1,9f0c7bae,2,79176.25811099366,543
0,F6_plus_panel_w0.2,9f0c7bae,0,26868.3048236653,999
0,F6_plus_panel_w0.2,9f0c7bae,1,129181.45162374851,1000
0,F6_plus_panel_w0.2,9f0c7bae,2,72823.92853059062,543
0,F6_plus_panel_w0.3,9f0c7bae,0,27609.397619267034,999
0,F6_plus_panel_w0.3,9f0c7bae,1,124534.42115368134,1000
0,F6_plus_panel_w0.3,9f0c7bae,2,66780.74173291701,543
0,current_F6_rerun,73b1447d,0,14076.520698558588,999
0,current_F6_rerun,73b1447d,1,56437.62662755638,1000
0,current_F6_rerun,73b1447d,2,8689.250749273915,1000
0,current_F6_rerun,73b1447d,3,19906.00992524845,1000
0,current_F6_rerun,73b1447d,4,62118.93622302194,1000
0,current_F6_rerun,73b1447d,5,3276.138454999949,671
0,F6_plus_panel_w0.05,73b1447d,0,13949.088513686602,999
0,F6_plus_panel_w0.05,73b1447d,1,48792.29941804823,1000
0,F6_plus_panel_w0.05,73b1447d,2,8996.508896575664,1000
0,F6_plus_panel_w0.05,73b1447d,3,19181.082085075035,1000
0,F6_plus_panel_w0.05,73b1447d,4,65626.16478920488,1000
0,F6_plus_panel_w0.05,73b1447d,5,3295.7656921087705,671
0,F6_plus_panel_w0.1,73b1447d,0,13830.290399000556,999
0,F6_plus_panel_w0.1,73b1447d,1,41899.693282220054,1000
0,F6_plus_panel_w0.1,73b1447d,2,9955.58183146979,1000
0,F6_plus_panel_w0.1,73b1447d,3,18687.537498571008,1000
0,F6_plus_panel_w0.1,73b1447d,4,69445.48274828284,1000
0,F6_plus_panel_w0.1,73b1447d,5,4273.99844816983,671
0,F6_plus_panel_w0.2,73b1447d,0,13618.596380215675,999
0,F6_plus_panel_w0.2,73b1447d,1,30372.64423166861,1000
0,F6_plus_panel_w0.2,73b1447d,2,13829.172064016226,1000
0,F6_plus_panel_w0.2,73b1447d,3,18394.5980865625,1000
0,F6_plus_panel_w0.2,73b1447d,4,78020.38684520412,1000
0,F6_plus_panel_w0.2,73b1447d,5,9106.280517150795,671
0,F6_plus_panel_w0.3,73b1447d,0,13441.438642210805,999
0,F6_plus_panel_w0.3,73b1447d,1,21856.47947591363,1000
0,F6_plus_panel_w0.3,73b1447d,2,20310.021446903578,1000
0,F6_plus_panel_w0.3,73b1447d,3,19027.191689224437,1000
0,F6_plus_panel_w0.3,73b1447d,4,87843.64851383283,1000
0,F6_plus_panel_w0.3,73b1447d,5,17772.98466195767,671
