fold,model,well,bucket_kft,sse,n
2,panel_direct_geom_a1000,0dd99dc5,0,3341.534819238941,999
2,panel_direct_geom_a1000,0dd99dc5,1,6168.859054499174,1000
2,panel_direct_geom_a1000,0dd99dc5,2,18688.704452447633,1000
2,panel_direct_geom_a1000,0dd99dc5,3,69865.73352330219,1000
2,panel_direct_geom_a1000,0dd99dc5,4,283166.797333797,1000
2,panel_direct_geom_a1000,0dd99dc5,5,137059.57661458384,1000
2,panel_direct_geom_a1000,0dd99dc5,6,31959.854159942726,1000
2,panel_direct_geom_a1000,0dd99dc5,7,530.6665119066572,343
2,panel_direct_raw_gr_a1000,0dd99dc5,0,3305.859436674325,999
2,panel_direct_raw_gr_a1000,0dd99dc5,1,5836.12559210653,1000
2,panel_direct_raw_gr_a1000,0dd99dc5,2,18285.59543534341,1000
2,panel_direct_raw_gr_a1000,0dd99dc5,3,72711.20682871155,1000
2,panel_direct_raw_gr_a1000,0dd99dc5,4,286768.3393785522,1000
2,panel_direct_raw_gr_a1000,0dd99dc5,5,134504.396948784,1000
2,panel_direct_raw_gr_a1000,0dd99dc5,6,33787.73541425482,1000
2,panel_direct_raw_gr_a1000,0dd99dc5,7,628.4779079217088,343
2,panel_direct_phase_a100,0dd99dc5,0,1808.8088226273076,999
2,panel_direct_phase_a100,0dd99dc5,1,8282.43767194703,1000
2,panel_direct_phase_a100,0dd99dc5,2,23345.725134346834,1000
2,panel_direct_phase_a100,0dd99dc5,3,71831.03821017698,1000
2,panel_direct_phase_a100,0dd99dc5,4,338395.0244019426,1000
2,panel_direct_phase_a100,0dd99dc5,5,190777.55383958085,1000
2,panel_direct_phase_a100,0dd99dc5,6,66187.32711316543,1000
2,panel_direct_phase_a100,0dd99dc5,7,3692.4568003830514,343
2,panel_direct_phase_a1000,0dd99dc5,0,3228.577597015967,999
2,panel_direct_phase_a1000,0dd99dc5,1,8504.284062906272,1000
2,panel_direct_phase_a1000,0dd99dc5,2,20989.537395130603,1000
2,panel_direct_phase_a1000,0dd99dc5,3,68657.44327462917,1000
2,panel_direct_phase_a1000,0dd99dc5,4,301041.7406560762,1000
2,panel_direct_phase_a1000,0dd99dc5,5,152681.75817360554,1000
2,panel_direct_phase_a1000,0dd99dc5,6,38964.094459272106,1000
2,panel_direct_phase_a1000,0dd99dc5,7,862.8985096840008,343
2,panel_direct_phase_a10000,0dd99dc5,0,3680.69421205706,999
2,panel_direct_phase_a10000,0dd99dc5,1,4456.374147405559,1000
2,panel_direct_phase_a10000,0dd99dc5,2,13784.645835367859,1000
2,panel_direct_phase_a10000,0dd99dc5,3,56652.1662750745,1000
2,panel_direct_phase_a10000,0dd99dc5,4,266732.78356471716,1000
2,panel_direct_phase_a10000,0dd99dc5,5,135644.50827419327,1000
2,panel_direct_phase_a10000,0dd99dc5,6,36113.43602922967,1000
2,panel_direct_phase_a10000,0dd99dc5,7,395.88610924839196,343
2,panel_direct_geom_a1000,42c538a1,0,57872.38120494537,999
2,panel_direct_geom_a1000,42c538a1,1,939532.8518028945,1000
2,panel_direct_geom_a1000,42c538a1,2,1023568.1135283913,1000
2,panel_direct_geom_a1000,42c538a1,3,150430.20392750073,280
2,panel_direct_raw_gr_a1000,42c538a1,0,57359.83501112448,999
2,panel_direct_raw_gr_a1000,42c538a1,1,932423.4554159741,1000
2,panel_direct_raw_gr_a1000,42c538a1,2,1021175.9491059672,1000
2,panel_direct_raw_gr_a1000,42c538a1,3,150293.5450263542,280
2,panel_direct_phase_a100,42c538a1,0,63952.885425685774,999
2,panel_direct_phase_a100,42c538a1,1,698958.6757935714,1000
2,panel_direct_phase_a100,42c538a1,2,1020749.7474842836,1000
2,panel_direct_phase_a100,42c538a1,3,196278.21396292964,280
2,panel_direct_phase_a1000,42c538a1,0,48311.808007764106,999
2,panel_direct_phase_a1000,42c538a1,1,838160.401392771,1000
2,panel_direct_phase_a1000,42c538a1,2,976037.8228675815,1000
2,panel_direct_phase_a1000,42c538a1,3,151866.98426793082,280
2,panel_direct_phase_a10000,42c538a1,0,61706.780548817245,999
2,panel_direct_phase_a10000,42c538a1,1,972609.3552344406,1000
2,panel_direct_phase_a10000,42c538a1,2,1034944.0880084872,1000
2,panel_direct_phase_a10000,42c538a1,3,149158.93958103287,280
2,panel_direct_geom_a1000,ee288beb,0,137713.629608183,999
2,panel_direct_geom_a1000,ee288beb,1,200174.69328843875,1000
2,panel_direct_geom_a1000,ee288beb,2,449304.42429204227,1000
2,panel_direct_geom_a1000,ee288beb,3,1249764.2456413724,1000
2,panel_direct_geom_a1000,ee288beb,4,1221241.0784062187,639
2,panel_direct_raw_gr_a1000,ee288beb,0,137542.25855147865,999
2,panel_direct_raw_gr_a1000,ee288beb,1,200472.59980674056,1000
2,panel_direct_raw_gr_a1000,ee288beb,2,449741.2607591811,1000
2,panel_direct_raw_gr_a1000,ee288beb,3,1234180.565578565,1000
2,panel_direct_raw_gr_a1000,ee288beb,4,1215265.729730682,639
2,panel_direct_phase_a100,ee288beb,0,93059.46871889074,999
2,panel_direct_phase_a100,ee288beb,1,120139.37029870893,1000
2,panel_direct_phase_a100,ee288beb,2,358657.73217768944,1000
2,panel_direct_phase_a100,ee288beb,3,1045817.9508985475,1000
2,panel_direct_phase_a100,ee288beb,4,1076967.32735302,639
2,panel_direct_phase_a1000,ee288beb,0,141255.4090675603,999
2,panel_direct_phase_a1000,ee288beb,1,167815.9957185013,1000
2,panel_direct_phase_a1000,ee288beb,2,392428.45254921477,1000
2,panel_direct_phase_a1000,ee288beb,3,1103520.3309905506,1000
2,panel_direct_phase_a1000,ee288beb,4,1119424.5266101123,639
2,panel_direct_phase_a10000,ee288beb,0,132336.97563558572,999
2,panel_direct_phase_a10000,ee288beb,1,219490.7831739435,1000
2,panel_direct_phase_a10000,ee288beb,2,476804.3455823562,1000
2,panel_direct_phase_a10000,ee288beb,3,1284785.1568918482,1000
2,panel_direct_phase_a10000,ee288beb,4,1241910.448774872,639
2,panel_direct_geom_a1000,7d50373e,0,83816.9241708518,999
2,panel_direct_geom_a1000,7d50373e,1,156896.84805572874,1000
2,panel_direct_geom_a1000,7d50373e,2,305668.0901112977,1000
2,panel_direct_geom_a1000,7d50373e,3,325426.22760194814,1000
2,panel_direct_geom_a1000,7d50373e,4,210626.78807872065,1000
2,panel_direct_geom_a1000,7d50373e,5,35064.85413671846,123
2,panel_direct_raw_gr_a1000,7d50373e,0,84786.60703364984,999
2,panel_direct_raw_gr_a1000,7d50373e,1,155916.5207370585,1000
2,panel_direct_raw_gr_a1000,7d50373e,2,304317.43474527705,1000
2,panel_direct_raw_gr_a1000,7d50373e,3,323430.7875219182,1000
2,panel_direct_raw_gr_a1000,7d50373e,4,211755.4036124524,1000
2,panel_direct_raw_gr_a1000,7d50373e,5,34390.31727958169,123
2,panel_direct_phase_a100,7d50373e,0,25090.790718252578,999
2,panel_direct_phase_a100,7d50373e,1,84873.4395681614,1000
2,panel_direct_phase_a100,7d50373e,2,248719.72552576973,1000
2,panel_direct_phase_a100,7d50373e,3,268201.650068784,1000
2,panel_direct_phase_a100,7d50373e,4,161863.73523458163,1000
2,panel_direct_phase_a100,7d50373e,5,28641.990552105934,123
2,panel_direct_phase_a1000,7d50373e,0,77886.02743741604,999
2,panel_direct_phase_a1000,7d50373e,1,156175.24903175252,1000
2,panel_direct_phase_a1000,7d50373e,2,305864.9048704518,1000
2,panel_direct_phase_a1000,7d50373e,3,314124.746665724,1000
2,panel_direct_phase_a1000,7d50373e,4,200033.68549801357,1000
2,panel_direct_phase_a1000,7d50373e,5,35533.68439988826,123
2,panel_direct_phase_a10000,7d50373e,0,86897.27907779733,999
2,panel_direct_phase_a10000,7d50373e,1,155359.43812630215,1000
2,panel_direct_phase_a10000,7d50373e,2,292260.932233323,1000
2,panel_direct_phase_a10000,7d50373e,3,303784.1363564198,1000
2,panel_direct_phase_a10000,7d50373e,4,198832.2477126396,1000
2,panel_direct_phase_a10000,7d50373e,5,35067.454846039815,123
2,panel_direct_geom_a1000,cad13e8f,0,164684.45367341337,999
2,panel_direct_geom_a1000,cad13e8f,1,275252.1443965024,1000
2,panel_direct_geom_a1000,cad13e8f,2,259283.72379674955,1000
2,panel_direct_geom_a1000,cad13e8f,3,375253.0900472055,1000
2,panel_direct_geom_a1000,cad13e8f,4,411720.7311295016,849
2,panel_direct_raw_gr_a1000,cad13e8f,0,164456.1739089003,999
2,panel_direct_raw_gr_a1000,cad13e8f,1,277143.5131875305,1000
2,panel_direct_raw_gr_a1000,cad13e8f,2,260496.4602295633,1000
2,panel_direct_raw_gr_a1000,cad13e8f,3,373802.0597682469,1000
2,panel_direct_raw_gr_a1000,cad13e8f,4,409812.07892676495,849
2,panel_direct_phase_a100,cad13e8f,0,89977.96702731085,999
2,panel_direct_phase_a100,cad13e8f,1,156445.09601117083,1000
2,panel_direct_phase_a100,cad13e8f,2,201417.77973717864,1000
2,panel_direct_phase_a100,cad13e8f,3,343933.69783382793,1000
2,panel_direct_phase_a100,cad13e8f,4,410179.71646350407,849
2,panel_direct_phase_a1000,cad13e8f,0,157620.55378213085,999
2,panel_direct_phase_a1000,cad13e8f,1,272069.2736144408,1000
2,panel_direct_phase_a1000,cad13e8f,2,269919.952193677,1000
2,panel_direct_phase_a1000,cad13e8f,3,385259.04867019155,1000
2,panel_direct_phase_a1000,cad13e8f,4,420492.5816464467,849
2,panel_direct_phase_a10000,cad13e8f,0,164752.415304985,999
2,panel_direct_phase_a10000,cad13e8f,1,275729.6563323834,1000
2,panel_direct_phase_a10000,cad13e8f,2,254315.14445789836,1000
2,panel_direct_phase_a10000,cad13e8f,3,357970.65480596724,1000
2,panel_direct_phase_a10000,cad13e8f,4,397494.4626039449,849
2,panel_direct_geom_a1000,ab112491,0,26974.495099482236,999
2,panel_direct_geom_a1000,ab112491,1,928893.0455659924,1000
2,panel_direct_geom_a1000,ab112491,2,1600404.881872662,1000
2,panel_direct_geom_a1000,ab112491,3,1303933.8550904295,1000
2,panel_direct_geom_a1000,ab112491,4,321814.79815540934,1000
2,panel_direct_geom_a1000,ab112491,5,138786.2823114508,186
2,panel_direct_raw_gr_a1000,ab112491,0,27179.225984882,999
2,panel_direct_raw_gr_a1000,ab112491,1,918375.7632835795,1000
2,panel_direct_raw_gr_a1000,ab112491,2,1593144.783335473,1000
2,panel_direct_raw_gr_a1000,ab112491,3,1308477.286049766,1000
2,panel_direct_raw_gr_a1000,ab112491,4,326200.17023063736,1000
2,panel_direct_raw_gr_a1000,ab112491,5,137712.9982197097,186
2,panel_direct_phase_a100,ab112491,0,19409.729278963518,999
2,panel_direct_phase_a100,ab112491,1,740134.5837073111,1000
2,panel_direct_phase_a100,ab112491,2,1472073.8896073329,1000
2,panel_direct_phase_a100,ab112491,3,1461275.6222092223,1000
2,panel_direct_phase_a100,ab112491,4,435257.24577119754,1000
2,panel_direct_phase_a100,ab112491,5,141048.24101127617,186
2,panel_direct_phase_a1000,ab112491,0,26933.49888041726,999
2,panel_direct_phase_a1000,ab112491,1,888316.9819012007,1000
2,panel_direct_phase_a1000,ab112491,2,1586419.4881028396,1000
2,panel_direct_phase_a1000,ab112491,3,1407047.0536515543,1000
2,panel_direct_phase_a1000,ab112491,4,372879.23517613515,1000
2,panel_direct_phase_a1000,ab112491,5,136814.46946384432,186
2,panel_direct_phase_a10000,ab112491,0,25183.042122331182,999
2,panel_direct_phase_a10000,ab112491,1,905388.483916702,1000
2,panel_direct_phase_a10000,ab112491,2,1558105.9413424279,1000
2,panel_direct_phase_a10000,ab112491,3,1277156.5474623118,1000
2,panel_direct_phase_a10000,ab112491,4,312499.793770751,1000
2,panel_direct_phase_a10000,ab112491,5,137097.0193605616,186
2,panel_direct_geom_a1000,dc5fbe29,0,49355.59480694648,999
2,panel_direct_geom_a1000,dc5fbe29,1,236512.2009945044,1000
2,panel_direct_geom_a1000,dc5fbe29,2,9376.481239431198,1000
2,panel_direct_geom_a1000,dc5fbe29,3,18752.264928201,1000
2,panel_direct_geom_a1000,dc5fbe29,4,18512.2148419849,1000
2,panel_direct_geom_a1000,dc5fbe29,5,17192.30759859015,204
2,panel_direct_raw_gr_a1000,dc5fbe29,0,49363.182597977146,999
2,panel_direct_raw_gr_a1000,dc5fbe29,1,234362.172952513,1000
2,panel_direct_raw_gr_a1000,dc5fbe29,2,9546.408391649773,1000
2,panel_direct_raw_gr_a1000,dc5fbe29,3,18411.688811428052,1000
2,panel_direct_raw_gr_a1000,dc5fbe29,4,18035.058049508934,1000
2,panel_direct_raw_gr_a1000,dc5fbe29,5,16682.920401592186,204
2,panel_direct_phase_a100,dc5fbe29,0,15793.319657512986,999
2,panel_direct_phase_a100,dc5fbe29,1,152552.26950716873,1000
2,panel_direct_phase_a100,dc5fbe29,2,12622.795356695235,1000
2,panel_direct_phase_a100,dc5fbe29,3,15010.717757239921,1000
2,panel_direct_phase_a100,dc5fbe29,4,21393.492559752376,1000
2,panel_direct_phase_a100,dc5fbe29,5,11384.89208175747,204
2,panel_direct_phase_a1000,dc5fbe29,0,46684.200732241574,999
2,panel_direct_phase_a1000,dc5fbe29,1,222953.94508195473,1000
2,panel_direct_phase_a1000,dc5fbe29,2,11739.399659170733,1000
2,panel_direct_phase_a1000,dc5fbe29,3,18082.842681234215,1000
2,panel_direct_phase_a1000,dc5fbe29,4,20428.37520345101,1000
2,panel_direct_phase_a1000,dc5fbe29,5,15154.146189308905,204
2,panel_direct_phase_a10000,dc5fbe29,0,49465.95041529882,999
2,panel_direct_phase_a10000,dc5fbe29,1,224378.1583361822,1000
2,panel_direct_phase_a10000,dc5fbe29,2,9868.854894003212,1000
2,panel_direct_phase_a10000,dc5fbe29,3,18263.104289437422,1000
2,panel_direct_phase_a10000,dc5fbe29,4,17207.52459441745,1000
2,panel_direct_phase_a10000,dc5fbe29,5,16459.560372555705,204
2,panel_direct_geom_a1000,a247e7cf,0,4251.455403193931,999
2,panel_direct_geom_a1000,a247e7cf,1,4691.722836460059,1000
2,panel_direct_geom_a1000,a247e7cf,2,1749.527064497711,1000
2,panel_direct_geom_a1000,a247e7cf,3,45990.14997345421,1000
2,panel_direct_geom_a1000,a247e7cf,4,47265.928172123946,1000
2,panel_direct_geom_a1000,a247e7cf,5,14430.328977299072,675
2,panel_direct_raw_gr_a1000,a247e7cf,0,4223.855084249507,999
2,panel_direct_raw_gr_a1000,a247e7cf,1,4473.077932611832,1000
2,panel_direct_raw_gr_a1000,a247e7cf,2,1579.1376800829457,1000
2,panel_direct_raw_gr_a1000,a247e7cf,3,46436.55175851761,1000
2,panel_direct_raw_gr_a1000,a247e7cf,4,47849.812063404046,1000
2,panel_direct_raw_gr_a1000,a247e7cf,5,14369.23275872996,675
2,panel_direct_phase_a100,a247e7cf,0,2023.336345823297,999
2,panel_direct_phase_a100,a247e7cf,1,4173.240815262999,1000
2,panel_direct_phase_a100,a247e7cf,2,2707.8572591095312,1000
2,panel_direct_phase_a100,a247e7cf,3,23796.28631570977,1000
2,panel_direct_phase_a100,a247e7cf,4,20191.323403928072,1000
2,panel_direct_phase_a100,a247e7cf,5,14280.086800338471,675
2,panel_direct_phase_a1000,a247e7cf,0,2991.758755428832,999
2,panel_direct_phase_a1000,a247e7cf,1,5667.069565311981,1000
2,panel_direct_phase_a1000,a247e7cf,2,1653.3458886380743,1000
2,panel_direct_phase_a1000,a247e7cf,3,36898.79248054566,1000
2,panel_direct_phase_a1000,a247e7cf,4,35634.3345412642,1000
2,panel_direct_phase_a1000,a247e7cf,5,14493.100731540055,675
2,panel_direct_phase_a10000,a247e7cf,0,7016.946130799938,999
2,panel_direct_phase_a10000,a247e7cf,1,5342.606487328873,1000
2,panel_direct_phase_a10000,a247e7cf,2,1562.9508761954394,1000
2,panel_direct_phase_a10000,a247e7cf,3,34710.185805360095,1000
2,panel_direct_phase_a10000,a247e7cf,4,38260.84157778184,1000
2,panel_direct_phase_a10000,a247e7cf,5,13398.040368853623,675
2,panel_direct_geom_a1000,1590af81,0,74625.88948217203,999
2,panel_direct_geom_a1000,1590af81,1,30666.930032779263,1000
2,panel_direct_geom_a1000,1590af81,2,20987.9760155335,1000
2,panel_direct_geom_a1000,1590af81,3,14836.981743994635,800
2,panel_direct_raw_gr_a1000,1590af81,0,74442.84078245856,999
2,panel_direct_raw_gr_a1000,1590af81,1,30291.16245865842,1000
2,panel_direct_raw_gr_a1000,1590af81,2,21476.248011449283,1000
2,panel_direct_raw_gr_a1000,1590af81,3,14920.230551774683,800
2,panel_direct_phase_a100,1590af81,0,76265.32247990502,999
2,panel_direct_phase_a100,1590af81,1,45047.07051930681,1000
2,panel_direct_phase_a100,1590af81,2,16930.873497212655,1000
2,panel_direct_phase_a100,1590af81,3,30091.59251800177,800
2,panel_direct_phase_a1000,1590af81,0,80060.6141402827,999
2,panel_direct_phase_a1000,1590af81,1,33977.109979680165,1000
2,panel_direct_phase_a1000,1590af81,2,20530.64266718414,1000
2,panel_direct_phase_a1000,1590af81,3,21958.286695088824,800
2,panel_direct_phase_a10000,1590af81,0,65514.37648802068,999
2,panel_direct_phase_a10000,1590af81,1,24263.210261420423,1000
2,panel_direct_phase_a10000,1590af81,2,25927.57153918695,1000
2,panel_direct_phase_a10000,1590af81,3,10739.834032083554,800
2,panel_direct_geom_a1000,c2717d4f,0,17901.166376531575,999
2,panel_direct_geom_a1000,c2717d4f,1,137144.71117000235,1000
2,panel_direct_geom_a1000,c2717d4f,2,174916.82952302956,1000
2,panel_direct_geom_a1000,c2717d4f,3,79773.02383434154,1000
2,panel_direct_geom_a1000,c2717d4f,4,16343.012845410985,722
2,panel_direct_raw_gr_a1000,c2717d4f,0,17785.34019865991,999
2,panel_direct_raw_gr_a1000,c2717d4f,1,134160.30412423174,1000
2,panel_direct_raw_gr_a1000,c2717d4f,2,172850.7528774513,1000
2,panel_direct_raw_gr_a1000,c2717d4f,3,79844.73802580996,1000
2,panel_direct_raw_gr_a1000,c2717d4f,4,16509.562505938065,722
2,panel_direct_phase_a100,c2717d4f,0,32244.30105138508,999
2,panel_direct_phase_a100,c2717d4f,1,228710.2507684276,1000
2,panel_direct_phase_a100,c2717d4f,2,289517.2780787897,1000
2,panel_direct_phase_a100,c2717d4f,3,108229.33071107623,1000
2,panel_direct_phase_a100,c2717d4f,4,15691.860885310167,722
2,panel_direct_phase_a1000,c2717d4f,0,17801.253582396246,999
2,panel_direct_phase_a1000,c2717d4f,1,145964.19219503526,1000
2,panel_direct_phase_a1000,c2717d4f,2,195189.47343307786,1000
2,panel_direct_phase_a1000,c2717d4f,3,77221.18311578307,1000
2,panel_direct_phase_a1000,c2717d4f,4,16462.62477018167,722
2,panel_direct_phase_a10000,c2717d4f,0,18640.818623608327,999
2,panel_direct_phase_a10000,c2717d4f,1,108792.77198990856,1000
2,panel_direct_phase_a10000,c2717d4f,2,149738.8615229184,1000
2,panel_direct_phase_a10000,c2717d4f,3,66067.54203801788,1000
2,panel_direct_phase_a10000,c2717d4f,4,17909.792269166832,722
2,panel_direct_geom_a1000,9d4272e3,0,115141.06992185304,999
2,panel_direct_geom_a1000,9d4272e3,1,313394.0720823725,1000
2,panel_direct_geom_a1000,9d4272e3,2,276566.1580656412,1000
2,panel_direct_geom_a1000,9d4272e3,3,674997.6898364989,1000
2,panel_direct_geom_a1000,9d4272e3,4,22823.03512720488,31
2,panel_direct_raw_gr_a1000,9d4272e3,0,114901.68917360395,999
2,panel_direct_raw_gr_a1000,9d4272e3,1,316709.4222953149,1000
2,panel_direct_raw_gr_a1000,9d4272e3,2,277616.7315373375,1000
2,panel_direct_raw_gr_a1000,9d4272e3,3,673395.4066871855,1000
2,panel_direct_raw_gr_a1000,9d4272e3,4,22572.4892976638,31
2,panel_direct_phase_a100,9d4272e3,0,39477.62681411274,999
2,panel_direct_phase_a100,9d4272e3,1,259993.29634675873,1000
2,panel_direct_phase_a100,9d4272e3,2,298489.20214391605,1000
2,panel_direct_phase_a100,9d4272e3,3,717249.3358973338,1000
2,panel_direct_phase_a100,9d4272e3,4,23875.749162119926,31
2,panel_direct_phase_a1000,9d4272e3,0,104971.26248003334,999
2,panel_direct_phase_a1000,9d4272e3,1,314692.6098848903,1000
2,panel_direct_phase_a1000,9d4272e3,2,289524.0988322848,1000
2,panel_direct_phase_a1000,9d4272e3,3,702692.2834311493,1000
2,panel_direct_phase_a1000,9d4272e3,4,23466.61980554844,31
2,panel_direct_phase_a10000,9d4272e3,0,116931.99235264614,999
2,panel_direct_phase_a10000,9d4272e3,1,295832.1158127849,1000
2,panel_direct_phase_a10000,9d4272e3,2,253170.79616352785,1000
2,panel_direct_phase_a10000,9d4272e3,3,639506.6245338438,1000
2,panel_direct_phase_a10000,9d4272e3,4,21556.01873752255,31
2,panel_direct_geom_a1000,122bd617,0,160038.9811181804,999
2,panel_direct_geom_a1000,122bd617,1,232735.79217533412,1000
2,panel_direct_geom_a1000,122bd617,2,96271.4473049525,1000
2,panel_direct_geom_a1000,122bd617,3,16004.55074980569,1000
2,panel_direct_geom_a1000,122bd617,4,160418.3370497779,571
2,panel_direct_raw_gr_a1000,122bd617,0,160343.62501678587,999
2,panel_direct_raw_gr_a1000,122bd617,1,228874.96229706059,1000
2,panel_direct_raw_gr_a1000,122bd617,2,96427.36180099721,1000
2,panel_direct_raw_gr_a1000,122bd617,3,16322.635224752099,1000
2,panel_direct_raw_gr_a1000,122bd617,4,162203.9189791594,571
2,panel_direct_phase_a100,122bd617,0,109227.36339169249,999
2,panel_direct_phase_a100,122bd617,1,187431.0549649433,1000
2,panel_direct_phase_a100,122bd617,2,83081.09410837658,1000
2,panel_direct_phase_a100,122bd617,3,10746.545457484553,1000
2,panel_direct_phase_a100,122bd617,4,152226.29048454625,571
2,panel_direct_phase_a1000,122bd617,0,159082.32895385355,999
2,panel_direct_phase_a1000,122bd617,1,241352.3168354672,1000
2,panel_direct_phase_a1000,122bd617,2,93627.14609494155,1000
2,panel_direct_phase_a1000,122bd617,3,11770.41716122344,1000
2,panel_direct_phase_a1000,122bd617,4,154894.0598711783,571
2,panel_direct_phase_a10000,122bd617,0,153836.5707518212,999
2,panel_direct_phase_a10000,122bd617,1,223399.7611859782,1000
2,panel_direct_phase_a10000,122bd617,2,107553.8808163568,1000
2,panel_direct_phase_a10000,122bd617,3,8978.320932837507,1000
2,panel_direct_phase_a10000,122bd617,4,146638.7972062992,571
2,panel_direct_geom_a1000,57796579,0,129096.860498154,999
2,panel_direct_geom_a1000,57796579,1,174861.97855874608,1000
2,panel_direct_geom_a1000,57796579,2,11429.042015540555,1000
2,panel_direct_geom_a1000,57796579,3,52433.5616639023,1000
2,panel_direct_geom_a1000,57796579,4,378497.2294056253,1000
2,panel_direct_geom_a1000,57796579,5,336277.6439216454,891
2,panel_direct_raw_gr_a1000,57796579,0,129802.03761896401,999
2,panel_direct_raw_gr_a1000,57796579,1,167457.30684992092,1000
2,panel_direct_raw_gr_a1000,57796579,2,10743.893796040215,1000
2,panel_direct_raw_gr_a1000,57796579,3,55386.00192939673,1000
2,panel_direct_raw_gr_a1000,57796579,4,385432.07224783377,1000
2,panel_direct_raw_gr_a1000,57796579,5,336621.2626387949,891
2,panel_direct_phase_a100,57796579,0,122331.43034268466,999
2,panel_direct_phase_a100,57796579,1,193471.35489446655,1000
2,panel_direct_phase_a100,57796579,2,22218.563439030688,1000
2,panel_direct_phase_a100,57796579,3,83969.78229519445,1000
2,panel_direct_phase_a100,57796579,4,423742.8307570061,1000
2,panel_direct_phase_a100,57796579,5,368029.2827864772,891
2,panel_direct_phase_a1000,57796579,0,132293.15937625815,999
2,panel_direct_phase_a1000,57796579,1,176751.687998114,1000
2,panel_direct_phase_a1000,57796579,2,12797.203247307656,1000
2,panel_direct_phase_a1000,57796579,3,62007.661648358306,1000
2,panel_direct_phase_a1000,57796579,4,398655.1152392509,1000
2,panel_direct_phase_a1000,57796579,5,340288.8403250086,891
2,panel_direct_phase_a10000,57796579,0,119469.66196934713,999
2,panel_direct_phase_a10000,57796579,1,154954.8986276797,1000
2,panel_direct_phase_a10000,57796579,2,7414.500040487675,1000
2,panel_direct_phase_a10000,57796579,3,40926.30609647242,1000
2,panel_direct_phase_a10000,57796579,4,357938.2438137161,1000
2,panel_direct_phase_a10000,57796579,5,328062.8960780016,891
2,panel_direct_geom_a1000,cbe62450,0,100631.72688181265,999
2,panel_direct_geom_a1000,cbe62450,1,285885.3938130767,1000
2,panel_direct_geom_a1000,cbe62450,2,442056.7889765937,1000
2,panel_direct_geom_a1000,cbe62450,3,557461.3782922947,1000
2,panel_direct_geom_a1000,cbe62450,4,747044.7753266777,1000
2,panel_direct_geom_a1000,cbe62450,5,262138.78721726386,1000
2,panel_direct_geom_a1000,cbe62450,6,21783.28632317755,259
2,panel_direct_raw_gr_a1000,cbe62450,0,100450.12327773876,999
2,panel_direct_raw_gr_a1000,cbe62450,1,286344.34481847426,1000
2,panel_direct_raw_gr_a1000,cbe62450,2,442615.43527675606,1000
2,panel_direct_raw_gr_a1000,cbe62450,3,558160.4778805879,1000
2,panel_direct_raw_gr_a1000,cbe62450,4,746840.28314435,1000
2,panel_direct_raw_gr_a1000,cbe62450,5,263027.03271622787,1000
2,panel_direct_raw_gr_a1000,cbe62450,6,23233.804695176164,259
2,panel_direct_phase_a100,cbe62450,0,131761.50826480644,999
2,panel_direct_phase_a100,cbe62450,1,379475.31773784716,1000
2,panel_direct_phase_a100,cbe62450,2,516538.91606303316,1000
2,panel_direct_phase_a100,cbe62450,3,623719.1348264723,1000
2,panel_direct_phase_a100,cbe62450,4,803672.7746338219,1000
2,panel_direct_phase_a100,cbe62450,5,269777.0445687387,1000
2,panel_direct_phase_a100,cbe62450,6,16346.678264755725,259
2,panel_direct_phase_a1000,cbe62450,0,104558.88259887211,999
2,panel_direct_phase_a1000,cbe62450,1,297317.439839535,1000
2,panel_direct_phase_a1000,cbe62450,2,455498.03301671805,1000
2,panel_direct_phase_a1000,cbe62450,3,568568.5340544371,1000
2,panel_direct_phase_a1000,cbe62450,4,754147.2681026028,1000
2,panel_direct_phase_a1000,cbe62450,5,261097.26675153655,1000
2,panel_direct_phase_a1000,cbe62450,6,20832.24870125806,259
2,panel_direct_phase_a10000,cbe62450,0,83387.44038809414,999
2,panel_direct_phase_a10000,cbe62450,1,246768.02264839306,1000
2,panel_direct_phase_a10000,cbe62450,2,401176.370001437,1000
2,panel_direct_phase_a10000,cbe62450,3,513916.3131233808,1000
2,panel_direct_phase_a10000,cbe62450,4,715343.6383111227,1000
2,panel_direct_phase_a10000,cbe62450,5,259152.43148523153,1000
2,panel_direct_phase_a10000,cbe62450,6,23433.17653096949,259
2,panel_direct_geom_a1000,877ed19c,0,3282.4429327885623,999
2,panel_direct_geom_a1000,877ed19c,1,62625.126425642404,1000
2,panel_direct_geom_a1000,877ed19c,2,21888.551179192935,1000
2,panel_direct_geom_a1000,877ed19c,3,6733.327194037773,709
2,panel_direct_raw_gr_a1000,877ed19c,0,3253.381601276377,999
2,panel_direct_raw_gr_a1000,877ed19c,1,63322.46724903574,1000
2,panel_direct_raw_gr_a1000,877ed19c,2,21556.70287802389,1000
2,panel_direct_raw_gr_a1000,877ed19c,3,6503.37023186814,709
2,panel_direct_phase_a100,877ed19c,0,13100.849688715602,999
2,panel_direct_phase_a100,877ed19c,1,105967.8057138991,1000
2,panel_direct_phase_a100,877ed19c,2,46753.46175907763,1000
2,panel_direct_phase_a100,877ed19c,3,17142.369129216233,709
2,panel_direct_phase_a1000,877ed19c,0,3277.05466621163,999
2,panel_direct_phase_a1000,877ed19c,1,63830.1133484126,1000
2,panel_direct_phase_a1000,877ed19c,2,22016.84754265623,1000
2,panel_direct_phase_a1000,877ed19c,3,6322.822329959501,709
2,panel_direct_phase_a10000,877ed19c,0,741.2726287160073,999
2,panel_direct_phase_a10000,877ed19c,1,46054.45785010043,1000
2,panel_direct_phase_a10000,877ed19c,2,14964.647563172632,1000
2,panel_direct_phase_a10000,877ed19c,3,3578.1279893366604,709
2,panel_direct_geom_a1000,543198e8,0,15634.179645225973,999
2,panel_direct_geom_a1000,543198e8,1,595311.1948105315,1000
2,panel_direct_geom_a1000,543198e8,2,1204655.6754532864,1000
2,panel_direct_geom_a1000,543198e8,3,36720.829143162504,1000
2,panel_direct_geom_a1000,543198e8,4,49952.92277601824,1000
2,panel_direct_geom_a1000,543198e8,5,265521.7740446592,1000
2,panel_direct_geom_a1000,543198e8,6,727626.4254489158,504
2,panel_direct_raw_gr_a1000,543198e8,0,15741.56954107105,999
2,panel_direct_raw_gr_a1000,543198e8,1,606777.3869581365,1000
2,panel_direct_raw_gr_a1000,543198e8,2,1207316.0514061206,1000
2,panel_direct_raw_gr_a1000,543198e8,3,37119.64961648838,1000
2,panel_direct_raw_gr_a1000,543198e8,4,50807.85743748174,1000
2,panel_direct_raw_gr_a1000,543198e8,5,267931.7276460965,1000
2,panel_direct_raw_gr_a1000,543198e8,6,723126.1166525014,504
2,panel_direct_phase_a100,543198e8,0,35669.3346786083,999
2,panel_direct_phase_a100,543198e8,1,609407.0376448882,1000
2,panel_direct_phase_a100,543198e8,2,1148666.3396722695,1000
2,panel_direct_phase_a100,543198e8,3,34010.67638945421,1000
2,panel_direct_phase_a100,543198e8,4,49551.23214276314,1000
2,panel_direct_phase_a100,543198e8,5,290425.9508996011,1000
2,panel_direct_phase_a100,543198e8,6,677180.2438160337,504
2,panel_direct_phase_a1000,543198e8,0,14723.165427059495,999
2,panel_direct_phase_a1000,543198e8,1,563328.0507431048,1000
2,panel_direct_phase_a1000,543198e8,2,1141228.2045780977,1000
2,panel_direct_phase_a1000,543198e8,3,28973.88065650724,1000
2,panel_direct_phase_a1000,543198e8,4,51744.84682396501,1000
2,panel_direct_phase_a1000,543198e8,5,267185.52873312484,1000
2,panel_direct_phase_a1000,543198e8,6,727175.2759001318,504
2,panel_direct_phase_a10000,543198e8,0,15442.893972534208,999
2,panel_direct_phase_a10000,543198e8,1,538065.0181731425,1000
2,panel_direct_phase_a10000,543198e8,2,1125469.442490072,1000
2,panel_direct_phase_a10000,543198e8,3,27541.777954210185,1000
2,panel_direct_phase_a10000,543198e8,4,51449.61603968712,1000
2,panel_direct_phase_a10000,543198e8,5,263927.9020322551,1000
2,panel_direct_phase_a10000,543198e8,6,743351.7153913537,504
2,panel_direct_geom_a1000,e97032ad,0,169379.85946248195,999
2,panel_direct_geom_a1000,e97032ad,1,254044.74830675308,1000
2,panel_direct_geom_a1000,e97032ad,2,99684.01180867315,1000
2,panel_direct_geom_a1000,e97032ad,3,45369.657795608015,531
2,panel_direct_raw_gr_a1000,e97032ad,0,169093.91244169435,999
2,panel_direct_raw_gr_a1000,e97032ad,1,269960.37648482824,1000
2,panel_direct_raw_gr_a1000,e97032ad,2,105122.99906031879,1000
2,panel_direct_raw_gr_a1000,e97032ad,3,46561.00204575057,531
2,panel_direct_phase_a100,e97032ad,0,36221.62343928999,999
2,panel_direct_phase_a100,e97032ad,1,126916.65066195327,1000
2,panel_direct_phase_a100,e97032ad,2,56207.20651235476,1000
2,panel_direct_phase_a100,e97032ad,3,74382.4171721496,531
2,panel_direct_phase_a1000,e97032ad,0,143522.19995266965,999
2,panel_direct_phase_a1000,e97032ad,1,273954.78007526824,1000
2,panel_direct_phase_a1000,e97032ad,2,128223.86485841047,1000
2,panel_direct_phase_a1000,e97032ad,3,67476.9051981195,531
2,panel_direct_phase_a10000,e97032ad,0,170036.63787062297,999
2,panel_direct_phase_a10000,e97032ad,1,254635.03324741166,1000
2,panel_direct_phase_a10000,e97032ad,2,98712.42953567817,1000
2,panel_direct_phase_a10000,e97032ad,3,42134.03373323139,531
2,panel_direct_geom_a1000,c47e0767,0,46241.94382074048,999
2,panel_direct_geom_a1000,c47e0767,1,421367.5313101974,1000
2,panel_direct_geom_a1000,c47e0767,2,644481.2218597756,1000
2,panel_direct_geom_a1000,c47e0767,3,714071.2934233143,1000
2,panel_direct_geom_a1000,c47e0767,4,352472.52909598075,357
2,panel_direct_raw_gr_a1000,c47e0767,0,46212.072895561854,999
2,panel_direct_raw_gr_a1000,c47e0767,1,429435.52166811266,1000
2,panel_direct_raw_gr_a1000,c47e0767,2,650227.7344873619,1000
2,panel_direct_raw_gr_a1000,c47e0767,3,708348.9078022994,1000
2,panel_direct_raw_gr_a1000,c47e0767,4,347245.73534710624,357
2,panel_direct_phase_a100,c47e0767,0,30634.941504881932,999
2,panel_direct_phase_a100,c47e0767,1,402046.0112296413,1000
2,panel_direct_phase_a100,c47e0767,2,698409.6879359335,1000
2,panel_direct_phase_a100,c47e0767,3,793656.8409904421,1000
2,panel_direct_phase_a100,c47e0767,4,382037.6530189926,357
2,panel_direct_phase_a1000,c47e0767,0,41748.88802059723,999
2,panel_direct_phase_a1000,c47e0767,1,428985.5746928808,1000
2,panel_direct_phase_a1000,c47e0767,2,684803.6265288246,1000
2,panel_direct_phase_a1000,c47e0767,3,742288.3667251918,1000
2,panel_direct_phase_a1000,c47e0767,4,360279.04419333895,357
2,panel_direct_phase_a10000,c47e0767,0,40139.84599544969,999
2,panel_direct_phase_a10000,c47e0767,1,400628.8510183489,1000
2,panel_direct_phase_a10000,c47e0767,2,620858.6753875801,1000
2,panel_direct_phase_a10000,c47e0767,3,677314.2636308263,1000
2,panel_direct_phase_a10000,c47e0767,4,337459.50450178,357
2,panel_direct_geom_a1000,974802e7,0,56443.51609011,999
2,panel_direct_geom_a1000,974802e7,1,75577.34750607886,1000
2,panel_direct_geom_a1000,974802e7,2,145036.7821244503,1000
2,panel_direct_geom_a1000,974802e7,3,62054.10063727131,1000
2,panel_direct_geom_a1000,974802e7,4,116026.45085322112,1000
2,panel_direct_geom_a1000,974802e7,5,613677.5961357435,844
2,panel_direct_raw_gr_a1000,974802e7,0,56049.17714884535,999
2,panel_direct_raw_gr_a1000,974802e7,1,74032.72523489926,1000
2,panel_direct_raw_gr_a1000,974802e7,2,145474.03158430776,1000
2,panel_direct_raw_gr_a1000,974802e7,3,61951.58666036359,1000
2,panel_direct_raw_gr_a1000,974802e7,4,115897.49905589984,1000
2,panel_direct_raw_gr_a1000,974802e7,5,614659.1222538818,844
2,panel_direct_phase_a100,974802e7,0,32570.598641741482,999
2,panel_direct_phase_a100,974802e7,1,58181.38639273299,1000
2,panel_direct_phase_a100,974802e7,2,97543.90940417543,1000
2,panel_direct_phase_a100,974802e7,3,40245.75748238901,1000
2,panel_direct_phase_a100,974802e7,4,114471.88431059639,1000
2,panel_direct_phase_a100,974802e7,5,614428.8994705871,844
2,panel_direct_phase_a1000,974802e7,0,54389.86971998967,999
2,panel_direct_phase_a1000,974802e7,1,74301.42116039665,1000
2,panel_direct_phase_a1000,974802e7,2,137284.50630170654,1000
2,panel_direct_phase_a1000,974802e7,3,59384.77778075266,1000
2,panel_direct_phase_a1000,974802e7,4,116150.71437736307,1000
2,panel_direct_phase_a1000,974802e7,5,615270.4087375841,844
2,panel_direct_phase_a10000,974802e7,0,58073.02476608473,999
2,panel_direct_phase_a10000,974802e7,1,73137.7480523569,1000
2,panel_direct_phase_a10000,974802e7,2,170195.4138779279,1000
2,panel_direct_phase_a10000,974802e7,3,79601.05366798639,1000
2,panel_direct_phase_a10000,974802e7,4,111233.93864029735,1000
2,panel_direct_phase_a10000,974802e7,5,603779.1672224354,844
2,panel_direct_geom_a1000,9def2eb2,0,54882.35380136676,999
2,panel_direct_geom_a1000,9def2eb2,1,10230.236646516702,1000
2,panel_direct_geom_a1000,9def2eb2,2,67678.36513515448,1000
2,panel_direct_geom_a1000,9def2eb2,3,82284.87309019193,1000
2,panel_direct_geom_a1000,9def2eb2,4,32245.366594690677,1000
2,panel_direct_geom_a1000,9def2eb2,5,32227.935455249604,1000
2,panel_direct_geom_a1000,9def2eb2,6,565.7689724282943,4
2,panel_direct_raw_gr_a1000,9def2eb2,0,54937.83043906927,999
2,panel_direct_raw_gr_a1000,9def2eb2,1,9530.839259376935,1000
2,panel_direct_raw_gr_a1000,9def2eb2,2,68460.89554732955,1000
2,panel_direct_raw_gr_a1000,9def2eb2,3,84864.74120985167,1000
2,panel_direct_raw_gr_a1000,9def2eb2,4,34103.49397212162,1000
2,panel_direct_raw_gr_a1000,9def2eb2,5,33665.87011410632,1000
2,panel_direct_raw_gr_a1000,9def2eb2,6,603.177641188687,4
2,panel_direct_phase_a100,9def2eb2,0,38850.95333201589,999
2,panel_direct_phase_a100,9def2eb2,1,7272.618697854757,1000
2,panel_direct_phase_a100,9def2eb2,2,75713.9352123022,1000
2,panel_direct_phase_a100,9def2eb2,3,80690.6990757149,1000
2,panel_direct_phase_a100,9def2eb2,4,35160.17794938565,1000
2,panel_direct_phase_a100,9def2eb2,5,32522.935901692876,1000
2,panel_direct_phase_a100,9def2eb2,6,651.7659141894496,4
2,panel_direct_phase_a1000,9def2eb2,0,55281.33945527585,999
2,panel_direct_phase_a1000,9def2eb2,1,9872.8964261851,1000
2,panel_direct_phase_a1000,9def2eb2,2,67108.08612945776,1000
2,panel_direct_phase_a1000,9def2eb2,3,85611.05790440031,1000
2,panel_direct_phase_a1000,9def2eb2,4,34788.60115442362,1000
2,panel_direct_phase_a1000,9def2eb2,5,33792.532288891176,1000
2,panel_direct_phase_a1000,9def2eb2,6,604.0479285932599,4
2,panel_direct_phase_a10000,9def2eb2,0,70590.54539809773,999
2,panel_direct_phase_a10000,9def2eb2,1,15924.386465745636,1000
2,panel_direct_phase_a10000,9def2eb2,2,57477.066584164204,1000
2,panel_direct_phase_a10000,9def2eb2,3,90356.09125754067,1000
2,panel_direct_phase_a10000,9def2eb2,4,36236.6250363509,1000
2,panel_direct_phase_a10000,9def2eb2,5,35154.44547028301,1000
2,panel_direct_phase_a10000,9def2eb2,6,606.751470879406,4
2,panel_direct_geom_a1000,47222616,0,16855.090570681423,999
2,panel_direct_geom_a1000,47222616,1,40080.33941529605,1000
2,panel_direct_geom_a1000,47222616,2,211097.75084211165,1000
2,panel_direct_geom_a1000,47222616,3,395306.64102484885,1000
2,panel_direct_geom_a1000,47222616,4,122372.50740990065,407
2,panel_direct_raw_gr_a1000,47222616,0,16985.451394502245,999
2,panel_direct_raw_gr_a1000,47222616,1,37837.242840852385,1000
2,panel_direct_raw_gr_a1000,47222616,2,209797.68652609337,1000
2,panel_direct_raw_gr_a1000,47222616,3,396674.67344160716,1000
2,panel_direct_raw_gr_a1000,47222616,4,123743.2756687366,407
2,panel_direct_phase_a100,47222616,0,22781.91643538608,999
2,panel_direct_phase_a100,47222616,1,3908.4965356372945,1000
2,panel_direct_phase_a100,47222616,2,186011.03079300956,1000
2,panel_direct_phase_a100,47222616,3,384264.32603809895,1000
2,panel_direct_phase_a100,47222616,4,145829.69054334328,407
2,panel_direct_phase_a1000,47222616,0,16623.917771522392,999
2,panel_direct_phase_a1000,47222616,1,28525.337930151007,1000
2,panel_direct_phase_a1000,47222616,2,213563.0563740827,1000
2,panel_direct_phase_a1000,47222616,3,414143.82241589564,1000
2,panel_direct_phase_a1000,47222616,4,136609.20984400166,407
2,panel_direct_phase_a10000,47222616,0,16695.347938265055,999
2,panel_direct_phase_a10000,47222616,1,34456.72284568843,1000
2,panel_direct_phase_a10000,47222616,2,201434.12140239985,1000
2,panel_direct_phase_a10000,47222616,3,374970.35397251527,1000
2,panel_direct_phase_a10000,47222616,4,116187.88213239548,407
2,panel_direct_geom_a1000,d00e7eb9,0,13991.853925336663,999
2,panel_direct_geom_a1000,d00e7eb9,1,77691.00367650446,1000
2,panel_direct_geom_a1000,d00e7eb9,2,132105.51868025583,1000
2,panel_direct_geom_a1000,d00e7eb9,3,119472.23601198634,1000
2,panel_direct_geom_a1000,d00e7eb9,4,80576.98291807852,1000
2,panel_direct_geom_a1000,d00e7eb9,5,17931.29039503783,705
2,panel_direct_raw_gr_a1000,d00e7eb9,0,13941.4152065557,999
2,panel_direct_raw_gr_a1000,d00e7eb9,1,78161.45707286228,1000
2,panel_direct_raw_gr_a1000,d00e7eb9,2,132057.69205081154,1000
2,panel_direct_raw_gr_a1000,d00e7eb9,3,118941.33152324858,1000
2,panel_direct_raw_gr_a1000,d00e7eb9,4,80479.26099064166,1000
2,panel_direct_raw_gr_a1000,d00e7eb9,5,17738.486931442138,705
2,panel_direct_phase_a100,d00e7eb9,0,7812.83958564216,999
2,panel_direct_phase_a100,d00e7eb9,1,64147.18589237561,1000
2,panel_direct_phase_a100,d00e7eb9,2,116885.80743062319,1000
2,panel_direct_phase_a100,d00e7eb9,3,107713.05429236752,1000
2,panel_direct_phase_a100,d00e7eb9,4,73769.44112608452,1000
2,panel_direct_phase_a100,d00e7eb9,5,16341.80280987366,705
2,panel_direct_phase_a1000,d00e7eb9,0,13999.05762151106,999
2,panel_direct_phase_a1000,d00e7eb9,1,79485.78685235046,1000
2,panel_direct_phase_a1000,d00e7eb9,2,133892.5230109692,1000
2,panel_direct_phase_a1000,d00e7eb9,3,121107.9514422229,1000
2,panel_direct_phase_a1000,d00e7eb9,4,81401.81461747205,1000
2,panel_direct_phase_a1000,d00e7eb9,5,17640.731147801092,705
2,panel_direct_phase_a10000,d00e7eb9,0,10922.656123927267,999
2,panel_direct_phase_a10000,d00e7eb9,1,67786.11042781938,1000
2,panel_direct_phase_a10000,d00e7eb9,2,117063.82972890396,1000
2,panel_direct_phase_a10000,d00e7eb9,3,103653.14319303352,1000
2,panel_direct_phase_a10000,d00e7eb9,4,71582.32822980729,1000
2,panel_direct_phase_a10000,d00e7eb9,5,16954.788562445185,705
2,panel_direct_geom_a1000,2b06ad65,0,3285.3960430161715,999
2,panel_direct_geom_a1000,2b06ad65,1,13533.58255211497,1000
2,panel_direct_geom_a1000,2b06ad65,2,22504.789278408498,1000
2,panel_direct_geom_a1000,2b06ad65,3,15571.004321832566,1000
2,panel_direct_geom_a1000,2b06ad65,4,236.67090123568934,257
2,panel_direct_raw_gr_a1000,2b06ad65,0,3284.69360265626,999
2,panel_direct_raw_gr_a1000,2b06ad65,1,12817.717681381066,1000
2,panel_direct_raw_gr_a1000,2b06ad65,2,22028.306571578738,1000
2,panel_direct_raw_gr_a1000,2b06ad65,3,15738.606513995468,1000
2,panel_direct_raw_gr_a1000,2b06ad65,4,303.28862005320275,257
2,panel_direct_phase_a100,2b06ad65,0,4039.0551202268443,999
2,panel_direct_phase_a100,2b06ad65,1,18038.46886918871,1000
2,panel_direct_phase_a100,2b06ad65,2,31818.31116201259,1000
2,panel_direct_phase_a100,2b06ad65,3,24474.35320649817,1000
2,panel_direct_phase_a100,2b06ad65,4,1798.7576085660355,257
2,panel_direct_phase_a1000,2b06ad65,0,3122.7172288157426,999
2,panel_direct_phase_a1000,2b06ad65,1,12773.921157234092,1000
2,panel_direct_phase_a1000,2b06ad65,2,21989.68814282786,1000
2,panel_direct_phase_a1000,2b06ad65,3,15673.658496219285,1000
2,panel_direct_phase_a1000,2b06ad65,4,306.93688432578915,257
2,panel_direct_phase_a10000,2b06ad65,0,2238.9049994028783,999
2,panel_direct_phase_a10000,2b06ad65,1,9544.456946427854,1000
2,panel_direct_phase_a10000,2b06ad65,2,14730.575269124407,1000
2,panel_direct_phase_a10000,2b06ad65,3,10092.150926297425,1000
2,panel_direct_phase_a10000,2b06ad65,4,20.900627395244733,257
2,panel_direct_geom_a1000,4f4ac5ce,0,27642.074838440352,999
2,panel_direct_geom_a1000,4f4ac5ce,1,11701.843438139835,1000
2,panel_direct_geom_a1000,4f4ac5ce,2,90370.40430576769,1000
2,panel_direct_geom_a1000,4f4ac5ce,3,125219.205814743,1000
2,panel_direct_geom_a1000,4f4ac5ce,4,89607.67845572591,1000
2,panel_direct_geom_a1000,4f4ac5ce,5,25574.09270842313,163
2,panel_direct_raw_gr_a1000,4f4ac5ce,0,28188.26586488506,999
2,panel_direct_raw_gr_a1000,4f4ac5ce,1,10998.85465399122,1000
2,panel_direct_raw_gr_a1000,4f4ac5ce,2,91893.43926290005,1000
2,panel_direct_raw_gr_a1000,4f4ac5ce,3,126447.90750463055,1000
2,panel_direct_raw_gr_a1000,4f4ac5ce,4,89605.66745010907,1000
2,panel_direct_raw_gr_a1000,4f4ac5ce,5,26381.430121820515,163
2,panel_direct_phase_a100,4f4ac5ce,0,23573.15293488637,999
2,panel_direct_phase_a100,4f4ac5ce,1,18460.307762377328,1000
2,panel_direct_phase_a100,4f4ac5ce,2,83962.35409142303,1000
2,panel_direct_phase_a100,4f4ac5ce,3,113423.28755703803,1000
2,panel_direct_phase_a100,4f4ac5ce,4,77210.5112090769,1000
2,panel_direct_phase_a100,4f4ac5ce,5,23013.490836213008,163
2,panel_direct_phase_a1000,4f4ac5ce,0,27014.604097161973,999
2,panel_direct_phase_a1000,4f4ac5ce,1,12426.323842546815,1000
2,panel_direct_phase_a1000,4f4ac5ce,2,89825.50699045563,1000
2,panel_direct_phase_a1000,4f4ac5ce,3,126036.30350674756,1000
2,panel_direct_phase_a1000,4f4ac5ce,4,87232.4123286959,1000
2,panel_direct_phase_a1000,4f4ac5ce,5,24258.436317474792,163
2,panel_direct_phase_a10000,4f4ac5ce,0,36341.21735227592,999
2,panel_direct_phase_a10000,4f4ac5ce,1,15853.932053192468,1000
2,panel_direct_phase_a10000,4f4ac5ce,2,85786.54598494976,1000
2,panel_direct_phase_a10000,4f4ac5ce,3,110629.45020752876,1000
2,panel_direct_phase_a10000,4f4ac5ce,4,82037.2756894542,1000
2,panel_direct_phase_a10000,4f4ac5ce,5,24855.17541605216,163
2,panel_direct_geom_a1000,5cdd8dbc,0,40825.923868758604,999
2,panel_direct_geom_a1000,5cdd8dbc,1,14523.042775994209,1000
2,panel_direct_geom_a1000,5cdd8dbc,2,242268.59666126434,1000
2,panel_direct_geom_a1000,5cdd8dbc,3,961196.0949167854,1000
2,panel_direct_geom_a1000,5cdd8dbc,4,12714.659896811241,11
2,panel_direct_raw_gr_a1000,5cdd8dbc,0,39840.35559027363,999
2,panel_direct_raw_gr_a1000,5cdd8dbc,1,16659.420026854852,1000
2,panel_direct_raw_gr_a1000,5cdd8dbc,2,249124.45556780056,1000
2,panel_direct_raw_gr_a1000,5cdd8dbc,3,937385.5775677024,1000
2,panel_direct_raw_gr_a1000,5cdd8dbc,4,12026.784650533282,11
2,panel_direct_phase_a100,5cdd8dbc,0,76864.96315184725,999
2,panel_direct_phase_a100,5cdd8dbc,1,40396.85963280803,1000
2,panel_direct_phase_a100,5cdd8dbc,2,76445.63685104235,1000
2,panel_direct_phase_a100,5cdd8dbc,3,545789.9830164198,1000
2,panel_direct_phase_a100,5cdd8dbc,4,6410.085563519215,11
2,panel_direct_phase_a1000,5cdd8dbc,0,43333.036616739584,999
2,panel_direct_phase_a1000,5cdd8dbc,1,9618.857948571995,1000
2,panel_direct_phase_a1000,5cdd8dbc,2,186385.58759481178,1000
2,panel_direct_phase_a1000,5cdd8dbc,3,863347.7180701264,1000
2,panel_direct_phase_a1000,5cdd8dbc,4,10961.23097218513,11
2,panel_direct_phase_a10000,5cdd8dbc,0,47008.47567735254,999
2,panel_direct_phase_a10000,5cdd8dbc,1,12061.80874739962,1000
2,panel_direct_phase_a10000,5cdd8dbc,2,217479.6301523622,1000
2,panel_direct_phase_a10000,5cdd8dbc,3,911458.3171104672,1000
2,panel_direct_phase_a10000,5cdd8dbc,4,11974.543292370914,11
2,panel_direct_geom_a1000,347242c8,0,6202.804344014357,999
2,panel_direct_geom_a1000,347242c8,1,7133.303569591082,1000
2,panel_direct_geom_a1000,347242c8,2,5366.569422538415,1000
2,panel_direct_geom_a1000,347242c8,3,3641.5591393373084,596
2,panel_direct_raw_gr_a1000,347242c8,0,6194.203929708518,999
2,panel_direct_raw_gr_a1000,347242c8,1,7166.206261680564,1000
2,panel_direct_raw_gr_a1000,347242c8,2,5313.967866249462,1000
2,panel_direct_raw_gr_a1000,347242c8,3,3618.446154018419,596
2,panel_direct_phase_a100,347242c8,0,7807.578123573991,999
2,panel_direct_phase_a100,347242c8,1,7084.898755416475,1000
2,panel_direct_phase_a100,347242c8,2,17213.492648463023,1000
2,panel_direct_phase_a100,347242c8,3,7854.662396652167,596
2,panel_direct_phase_a1000,347242c8,0,6237.598788065859,999
2,panel_direct_phase_a1000,347242c8,1,6831.092823004434,1000
2,panel_direct_phase_a1000,347242c8,2,6718.934103719228,1000
2,panel_direct_phase_a1000,347242c8,3,4071.6074678180416,596
2,panel_direct_phase_a10000,347242c8,0,2939.295385756052,999
2,panel_direct_phase_a10000,347242c8,1,8702.367626140012,1000
2,panel_direct_phase_a10000,347242c8,2,3377.577116798567,1000
2,panel_direct_phase_a10000,347242c8,3,2717.035310466149,596
2,panel_direct_geom_a1000,ed6e6e54,0,18813.84815979862,999
2,panel_direct_geom_a1000,ed6e6e54,1,13931.033507705377,1000
2,panel_direct_geom_a1000,ed6e6e54,2,501936.74487189675,1000
2,panel_direct_geom_a1000,ed6e6e54,3,359458.74932273536,1000
2,panel_direct_geom_a1000,ed6e6e54,4,11017.632265379765,1000
2,panel_direct_geom_a1000,ed6e6e54,5,18005.72860239626,1000
2,panel_direct_geom_a1000,ed6e6e54,6,19.457310946980606,49
2,panel_direct_raw_gr_a1000,ed6e6e54,0,18825.230405353814,999
2,panel_direct_raw_gr_a1000,ed6e6e54,1,13756.30935522207,1000
2,panel_direct_raw_gr_a1000,ed6e6e54,2,505931.266282821,1000
2,panel_direct_raw_gr_a1000,ed6e6e54,3,361530.33914400346,1000
2,panel_direct_raw_gr_a1000,ed6e6e54,4,11291.469650592275,1000
2,panel_direct_raw_gr_a1000,ed6e6e54,5,18301.131904876172,1000
2,panel_direct_raw_gr_a1000,ed6e6e54,6,19.589590389612354,49
2,panel_direct_phase_a100,ed6e6e54,0,14777.132263258203,999
2,panel_direct_phase_a100,ed6e6e54,1,11532.714232937253,1000
2,panel_direct_phase_a100,ed6e6e54,2,442768.19823204883,1000
2,panel_direct_phase_a100,ed6e6e54,3,340310.31341547536,1000
2,panel_direct_phase_a100,ed6e6e54,4,10928.712073455921,1000
2,panel_direct_phase_a100,ed6e6e54,5,19132.038789855746,1000
2,panel_direct_phase_a100,ed6e6e54,6,38.16455315225891,49
2,panel_direct_phase_a1000,ed6e6e54,0,18410.493990816525,999
2,panel_direct_phase_a1000,ed6e6e54,1,13884.467669847787,1000
2,panel_direct_phase_a1000,ed6e6e54,2,491174.5578144095,1000
2,panel_direct_phase_a1000,ed6e6e54,3,360584.9664025979,1000
2,panel_direct_phase_a1000,ed6e6e54,4,10572.09606283375,1000
2,panel_direct_phase_a1000,ed6e6e54,5,17345.450583776776,1000
2,panel_direct_phase_a1000,ed6e6e54,6,11.400407812612341,49
2,panel_direct_phase_a10000,ed6e6e54,0,26788.36354290385,999
2,panel_direct_phase_a10000,ed6e6e54,1,13126.320446457947,1000
2,panel_direct_phase_a10000,ed6e6e54,2,474674.57598176744,1000
2,panel_direct_phase_a10000,ed6e6e54,3,338595.8950898391,1000
2,panel_direct_phase_a10000,ed6e6e54,4,9510.890659132781,1000
2,panel_direct_phase_a10000,ed6e6e54,5,16558.253217490277,1000
2,panel_direct_phase_a10000,ed6e6e54,6,3.87466105294466,49
2,panel_direct_geom_a1000,b85f7b06,0,3613.9038984703902,999
2,panel_direct_geom_a1000,b85f7b06,1,3123.7992471911257,1000
2,panel_direct_geom_a1000,b85f7b06,2,5944.9124364330155,1000
2,panel_direct_geom_a1000,b85f7b06,3,10051.408168874897,804
2,panel_direct_raw_gr_a1000,b85f7b06,0,3557.238867064844,999
2,panel_direct_raw_gr_a1000,b85f7b06,1,3025.4482185102147,1000
2,panel_direct_raw_gr_a1000,b85f7b06,2,5997.264228527932,1000
2,panel_direct_raw_gr_a1000,b85f7b06,3,10029.741458290366,804
2,panel_direct_phase_a100,b85f7b06,0,23553.89108170781,999
2,panel_direct_phase_a100,b85f7b06,1,31335.909113172595,1000
2,panel_direct_phase_a100,b85f7b06,2,4726.171023066658,1000
2,panel_direct_phase_a100,b85f7b06,3,1547.4956769363505,804
2,panel_direct_phase_a1000,b85f7b06,0,3646.902132223625,999
2,panel_direct_phase_a1000,b85f7b06,1,4510.28466509465,1000
2,panel_direct_phase_a1000,b85f7b06,2,4438.349886586308,1000
2,panel_direct_phase_a1000,b85f7b06,3,7853.718207259754,804
2,panel_direct_phase_a10000,b85f7b06,0,6333.37770523809,999
2,panel_direct_phase_a10000,b85f7b06,1,2955.311535472079,1000
2,panel_direct_phase_a10000,b85f7b06,2,12076.017716518169,1000
2,panel_direct_phase_a10000,b85f7b06,3,16455.875305904945,804
2,panel_direct_geom_a1000,f6d009f4,0,257263.17873754477,999
2,panel_direct_geom_a1000,f6d009f4,1,2647751.0171007304,1000
2,panel_direct_geom_a1000,f6d009f4,2,3390394.1941457344,1000
2,panel_direct_geom_a1000,f6d009f4,3,1581893.849701625,1000
2,panel_direct_geom_a1000,f6d009f4,4,103737.57838216313,1000
2,panel_direct_geom_a1000,f6d009f4,5,2779722.606308294,1000
2,panel_direct_geom_a1000,f6d009f4,6,4670002.94947254,716
2,panel_direct_raw_gr_a1000,f6d009f4,0,257388.79679360156,999
2,panel_direct_raw_gr_a1000,f6d009f4,1,2679793.173645215,1000
2,panel_direct_raw_gr_a1000,f6d009f4,2,3409908.631653414,1000
2,panel_direct_raw_gr_a1000,f6d009f4,3,1576554.9084351135,1000
2,panel_direct_raw_gr_a1000,f6d009f4,4,103027.7307307225,1000
2,panel_direct_raw_gr_a1000,f6d009f4,5,2771101.197600187,1000
2,panel_direct_raw_gr_a1000,f6d009f4,6,4684727.825079592,716
2,panel_direct_phase_a100,f6d009f4,0,197680.92699618114,999
2,panel_direct_phase_a100,f6d009f4,1,2480167.960311007,1000
2,panel_direct_phase_a100,f6d009f4,2,3158375.90987271,1000
2,panel_direct_phase_a100,f6d009f4,3,1873097.4369638918,1000
2,panel_direct_phase_a100,f6d009f4,4,212753.177882455,1000
2,panel_direct_phase_a100,f6d009f4,5,2801370.202144905,1000
2,panel_direct_phase_a100,f6d009f4,6,4566203.991966486,716
2,panel_direct_phase_a1000,f6d009f4,0,245402.29978465338,999
2,panel_direct_phase_a1000,f6d009f4,1,2521609.2560243458,1000
2,panel_direct_phase_a1000,f6d009f4,2,3172106.195295773,1000
2,panel_direct_phase_a1000,f6d009f4,3,1613839.5195207917,1000
2,panel_direct_phase_a1000,f6d009f4,4,111912.58354855506,1000
2,panel_direct_phase_a1000,f6d009f4,5,2738511.73356468,1000
2,panel_direct_phase_a1000,f6d009f4,6,4642894.944657611,716
2,panel_direct_phase_a10000,f6d009f4,0,247665.2581327248,999
2,panel_direct_phase_a10000,f6d009f4,1,2527293.4433122696,1000
2,panel_direct_phase_a10000,f6d009f4,2,3213169.5083285463,1000
2,panel_direct_phase_a10000,f6d009f4,3,1489807.335204243,1000
2,panel_direct_phase_a10000,f6d009f4,4,90601.21416509732,1000
2,panel_direct_phase_a10000,f6d009f4,5,2737216.983359791,1000
2,panel_direct_phase_a10000,f6d009f4,6,4620303.880939115,716
2,panel_direct_geom_a1000,8255c867,0,161528.7832924295,999
2,panel_direct_geom_a1000,8255c867,1,912381.4346029784,1000
2,panel_direct_geom_a1000,8255c867,2,432623.68283516454,1000
2,panel_direct_geom_a1000,8255c867,3,848650.2198223675,590
2,panel_direct_raw_gr_a1000,8255c867,0,162912.4549886857,999
2,panel_direct_raw_gr_a1000,8255c867,1,925545.2110306456,1000
2,panel_direct_raw_gr_a1000,8255c867,2,434873.01555030467,1000
2,panel_direct_raw_gr_a1000,8255c867,3,848144.4726561902,590
2,panel_direct_phase_a100,8255c867,0,36632.740910029745,999
2,panel_direct_phase_a100,8255c867,1,520011.4806427623,1000
2,panel_direct_phase_a100,8255c867,2,302384.58065767225,1000
2,panel_direct_phase_a100,8255c867,3,777431.5912307564,590
2,panel_direct_phase_a1000,8255c867,0,138713.4414742117,999
2,panel_direct_phase_a1000,8255c867,1,890313.876979417,1000
2,panel_direct_phase_a1000,8255c867,2,443851.20174270356,1000
2,panel_direct_phase_a1000,8255c867,3,870892.0876757689,590
2,panel_direct_phase_a10000,8255c867,0,173812.76927514616,999
2,panel_direct_phase_a10000,8255c867,1,927053.959140819,1000
2,panel_direct_phase_a10000,8255c867,2,426613.74211955006,1000
2,panel_direct_phase_a10000,8255c867,3,836840.3035040383,590
2,panel_direct_geom_a1000,0a57a29c,0,14574.176906464028,999
2,panel_direct_geom_a1000,0a57a29c,1,21646.599652692465,1000
2,panel_direct_geom_a1000,0a57a29c,2,40423.83889309676,1000
2,panel_direct_geom_a1000,0a57a29c,3,124214.73659120387,1000
2,panel_direct_geom_a1000,0a57a29c,4,56928.01004510144,1000
2,panel_direct_geom_a1000,0a57a29c,5,75187.2749734245,822
2,panel_direct_raw_gr_a1000,0a57a29c,0,14669.108716674293,999
2,panel_direct_raw_gr_a1000,0a57a29c,1,21409.657476400535,1000
2,panel_direct_raw_gr_a1000,0a57a29c,2,41090.35763588637,1000
2,panel_direct_raw_gr_a1000,0a57a29c,3,123572.8971957217,1000
2,panel_direct_raw_gr_a1000,0a57a29c,4,55649.07319045866,1000
2,panel_direct_raw_gr_a1000,0a57a29c,5,76339.90917533111,822
2,panel_direct_phase_a100,0a57a29c,0,22602.815661658202,999
2,panel_direct_phase_a100,0a57a29c,1,6502.551803762806,1000
2,panel_direct_phase_a100,0a57a29c,2,26297.88065230164,1000
2,panel_direct_phase_a100,0a57a29c,3,113566.21164325452,1000
2,panel_direct_phase_a100,0a57a29c,4,51563.704657619775,1000
2,panel_direct_phase_a100,0a57a29c,5,80247.6981697623,822
2,panel_direct_phase_a1000,0a57a29c,0,14760.378381758694,999
2,panel_direct_phase_a1000,0a57a29c,1,19736.93811302853,1000
2,panel_direct_phase_a1000,0a57a29c,2,38863.74988708314,1000
2,panel_direct_phase_a1000,0a57a29c,3,120766.51082044636,1000
2,panel_direct_phase_a1000,0a57a29c,4,53794.880812682735,1000
2,panel_direct_phase_a1000,0a57a29c,5,75477.2391049295,822
2,panel_direct_phase_a10000,0a57a29c,0,15382.17693895211,999
2,panel_direct_phase_a10000,0a57a29c,1,18394.133110618546,1000
2,panel_direct_phase_a10000,0a57a29c,2,33256.959328181525,1000
2,panel_direct_phase_a10000,0a57a29c,3,107467.18495335193,1000
2,panel_direct_phase_a10000,0a57a29c,4,49044.05450553983,1000
2,panel_direct_phase_a10000,0a57a29c,5,72059.42294848211,822
2,panel_direct_geom_a1000,3ac16ad0,0,13698.149028756832,999
2,panel_direct_geom_a1000,3ac16ad0,1,8750.44516129012,1000
2,panel_direct_geom_a1000,3ac16ad0,2,297788.22901032446,1000
2,panel_direct_geom_a1000,3ac16ad0,3,57192.27925168295,1000
2,panel_direct_geom_a1000,3ac16ad0,4,16947.08644129456,1000
2,panel_direct_geom_a1000,3ac16ad0,5,5125.1879938094935,650
2,panel_direct_raw_gr_a1000,3ac16ad0,0,13787.756916824836,999
2,panel_direct_raw_gr_a1000,3ac16ad0,1,8488.50337635928,1000
2,panel_direct_raw_gr_a1000,3ac16ad0,2,293500.0465476248,1000
2,panel_direct_raw_gr_a1000,3ac16ad0,3,54799.0924871337,1000
2,panel_direct_raw_gr_a1000,3ac16ad0,4,15989.392283787802,1000
2,panel_direct_raw_gr_a1000,3ac16ad0,5,5304.007579442441,650
2,panel_direct_phase_a100,3ac16ad0,0,5095.786123890536,999
2,panel_direct_phase_a100,3ac16ad0,1,7425.104262419119,1000
2,panel_direct_phase_a100,3ac16ad0,2,314341.37455736473,1000
2,panel_direct_phase_a100,3ac16ad0,3,74583.80531691737,1000
2,panel_direct_phase_a100,3ac16ad0,4,1801.4923586871246,1000
2,panel_direct_phase_a100,3ac16ad0,5,57580.54422224158,650
2,panel_direct_phase_a1000,3ac16ad0,0,15865.846799961275,999
2,panel_direct_phase_a1000,3ac16ad0,1,10179.946425188982,1000
2,panel_direct_phase_a1000,3ac16ad0,2,312858.6778245072,1000
2,panel_direct_phase_a1000,3ac16ad0,3,59625.676172516294,1000
2,panel_direct_phase_a1000,3ac16ad0,4,10541.343347748938,1000
2,panel_direct_phase_a1000,3ac16ad0,5,12962.316686060787,650
2,panel_direct_phase_a10000,3ac16ad0,0,11516.66328259378,999
2,panel_direct_phase_a10000,3ac16ad0,1,9606.65553215548,1000
2,panel_direct_phase_a10000,3ac16ad0,2,331297.2650095464,1000
2,panel_direct_phase_a10000,3ac16ad0,3,61708.23641237984,1000
2,panel_direct_phase_a10000,3ac16ad0,4,12746.46767583652,1000
2,panel_direct_phase_a10000,3ac16ad0,5,6389.238289596923,650
2,panel_direct_geom_a1000,ccedb12b,0,102589.58130569833,999
2,panel_direct_geom_a1000,ccedb12b,1,243837.65995545068,1000
2,panel_direct_geom_a1000,ccedb12b,2,65170.94487314768,1000
2,panel_direct_geom_a1000,ccedb12b,3,54386.94194052338,1000
2,panel_direct_geom_a1000,ccedb12b,4,76778.19599356416,402
2,panel_direct_raw_gr_a1000,ccedb12b,0,102560.66934831014,999
2,panel_direct_raw_gr_a1000,ccedb12b,1,241583.62884815363,1000
2,panel_direct_raw_gr_a1000,ccedb12b,2,65026.44554597924,1000
2,panel_direct_raw_gr_a1000,ccedb12b,3,53922.76636821222,1000
2,panel_direct_raw_gr_a1000,ccedb12b,4,75166.62657017975,402
2,panel_direct_phase_a100,ccedb12b,0,56152.179316596965,999
2,panel_direct_phase_a100,ccedb12b,1,212570.7572515158,1000
2,panel_direct_phase_a100,ccedb12b,2,63564.14128332177,1000
2,panel_direct_phase_a100,ccedb12b,3,54348.15986861527,1000
2,panel_direct_phase_a100,ccedb12b,4,47841.718020274966,402
2,panel_direct_phase_a1000,ccedb12b,0,102128.9796907811,999
2,panel_direct_phase_a1000,ccedb12b,1,243490.78576969897,1000
2,panel_direct_phase_a1000,ccedb12b,2,64724.16485820726,1000
2,panel_direct_phase_a1000,ccedb12b,3,54210.31964709804,1000
2,panel_direct_phase_a1000,ccedb12b,4,64737.38204212187,402
2,panel_direct_phase_a10000,ccedb12b,0,104640.34756712172,999
2,panel_direct_phase_a10000,ccedb12b,1,225657.6906065698,1000
2,panel_direct_phase_a10000,ccedb12b,2,52721.110670735616,1000
2,panel_direct_phase_a10000,ccedb12b,3,47567.09997245496,1000
2,panel_direct_phase_a10000,ccedb12b,4,83503.37220882357,402
2,panel_direct_geom_a1000,5aa03df7,0,4602.266356442507,999
2,panel_direct_geom_a1000,5aa03df7,1,49103.7968725984,1000
2,panel_direct_geom_a1000,5aa03df7,2,17700.858491706455,1000
2,panel_direct_geom_a1000,5aa03df7,3,1866.579237973819,1000
2,panel_direct_geom_a1000,5aa03df7,4,129891.29092769345,872
2,panel_direct_raw_gr_a1000,5aa03df7,0,4629.439885267825,999
2,panel_direct_raw_gr_a1000,5aa03df7,1,48354.11144203532,1000
2,panel_direct_raw_gr_a1000,5aa03df7,2,18134.07561401938,1000
2,panel_direct_raw_gr_a1000,5aa03df7,3,1952.46336429808,1000
2,panel_direct_raw_gr_a1000,5aa03df7,4,130099.1073383882,872
2,panel_direct_phase_a100,5aa03df7,0,3251.715109850661,999
2,panel_direct_phase_a100,5aa03df7,1,26339.335429219373,1000
2,panel_direct_phase_a100,5aa03df7,2,20333.539251149494,1000
2,panel_direct_phase_a100,5aa03df7,3,1942.7827740869443,1000
2,panel_direct_phase_a100,5aa03df7,4,130136.13923269475,872
2,panel_direct_phase_a1000,5aa03df7,0,4052.7087124238697,999
2,panel_direct_phase_a1000,5aa03df7,1,45895.73118513547,1000
2,panel_direct_phase_a1000,5aa03df7,2,17228.714452836175,1000
2,panel_direct_phase_a1000,5aa03df7,3,1913.4666369181473,1000
2,panel_direct_phase_a1000,5aa03df7,4,130119.4332734065,872
2,panel_direct_phase_a10000,5aa03df7,0,3685.3765294900636,999
2,panel_direct_phase_a10000,5aa03df7,1,44399.11463501496,1000
2,panel_direct_phase_a10000,5aa03df7,2,24607.446389538072,1000
2,panel_direct_phase_a10000,5aa03df7,3,1727.5558947380657,1000
2,panel_direct_phase_a10000,5aa03df7,4,133735.02599150632,872
2,panel_direct_geom_a1000,ab3ced07,0,14659.8277961449,999
2,panel_direct_geom_a1000,ab3ced07,1,18976.27710141246,1000
2,panel_direct_geom_a1000,ab3ced07,2,197124.9117410158,1000
2,panel_direct_geom_a1000,ab3ced07,3,112095.04003845257,1000
2,panel_direct_geom_a1000,ab3ced07,4,6631.1378473387595,251
2,panel_direct_raw_gr_a1000,ab3ced07,0,14714.451932943297,999
2,panel_direct_raw_gr_a1000,ab3ced07,1,19228.909283268167,1000
2,panel_direct_raw_gr_a1000,ab3ced07,2,197648.88057757998,1000
2,panel_direct_raw_gr_a1000,ab3ced07,3,113801.86256439605,1000
2,panel_direct_raw_gr_a1000,ab3ced07,4,7281.82967655947,251
2,panel_direct_phase_a100,ab3ced07,0,15528.18527287966,999
2,panel_direct_phase_a100,ab3ced07,1,25057.88669850922,1000
2,panel_direct_phase_a100,ab3ced07,2,186226.55942080086,1000
2,panel_direct_phase_a100,ab3ced07,3,114097.2593949619,1000
2,panel_direct_phase_a100,ab3ced07,4,12792.007617695084,251
2,panel_direct_phase_a1000,ab3ced07,0,14634.961246602259,999
2,panel_direct_phase_a1000,ab3ced07,1,20927.128018271687,1000
2,panel_direct_phase_a1000,ab3ced07,2,187942.2588720709,1000
2,panel_direct_phase_a1000,ab3ced07,3,112083.05801648069,1000
2,panel_direct_phase_a1000,ab3ced07,4,9918.282827008154,251
2,panel_direct_phase_a10000,ab3ced07,0,19914.70095347347,999
2,panel_direct_phase_a10000,ab3ced07,1,26892.301813532642,1000
2,panel_direct_phase_a10000,ab3ced07,2,217013.59625248623,1000
2,panel_direct_phase_a10000,ab3ced07,3,116931.57252688614,1000
2,panel_direct_phase_a10000,ab3ced07,4,5292.692869114758,251
2,panel_direct_geom_a1000,fef8af96,0,134556.33173423508,999
2,panel_direct_geom_a1000,fef8af96,1,936245.0079608395,1000
2,panel_direct_geom_a1000,fef8af96,2,1964764.6781358393,1000
2,panel_direct_geom_a1000,fef8af96,3,4713937.379448533,827
2,panel_direct_raw_gr_a1000,fef8af96,0,134418.45691703242,999
2,panel_direct_raw_gr_a1000,fef8af96,1,921603.951479834,1000
2,panel_direct_raw_gr_a1000,fef8af96,2,1955268.4538415775,1000
2,panel_direct_raw_gr_a1000,fef8af96,3,4721560.05438677,827
2,panel_direct_phase_a100,fef8af96,0,56672.087871045864,999
2,panel_direct_phase_a100,fef8af96,1,638970.942957515,1000
2,panel_direct_phase_a100,fef8af96,2,1697395.7346166393,1000
2,panel_direct_phase_a100,fef8af96,3,4413436.887420348,827
2,panel_direct_phase_a1000,fef8af96,0,125855.35282559779,999
2,panel_direct_phase_a1000,fef8af96,1,900200.2127745714,1000
2,panel_direct_phase_a1000,fef8af96,2,1946161.908597199,1000
2,panel_direct_phase_a1000,fef8af96,3,4686667.589071058,827
2,panel_direct_phase_a10000,fef8af96,0,135398.35654571053,999
2,panel_direct_phase_a10000,fef8af96,1,929602.80177127,1000
2,panel_direct_phase_a10000,fef8af96,2,1938861.6905925923,1000
2,panel_direct_phase_a10000,fef8af96,3,4654611.862924819,827
2,panel_direct_geom_a1000,4cd1ac61,0,149357.1706489662,999
2,panel_direct_geom_a1000,4cd1ac61,1,277487.3484968424,1000
2,panel_direct_geom_a1000,4cd1ac61,2,293008.5999229792,1000
2,panel_direct_geom_a1000,4cd1ac61,3,295144.51818636496,1000
2,panel_direct_geom_a1000,4cd1ac61,4,147487.86177640798,490
2,panel_direct_raw_gr_a1000,4cd1ac61,0,149234.92212249603,999
2,panel_direct_raw_gr_a1000,4cd1ac61,1,277651.1435986363,1000
2,panel_direct_raw_gr_a1000,4cd1ac61,2,291082.97982994356,1000
2,panel_direct_raw_gr_a1000,4cd1ac61,3,296418.5431720945,1000
2,panel_direct_raw_gr_a1000,4cd1ac61,4,150221.74567110804,490
2,panel_direct_phase_a100,4cd1ac61,0,83745.87520166862,999
2,panel_direct_phase_a100,4cd1ac61,1,272964.1319327519,1000
2,panel_direct_phase_a100,4cd1ac61,2,372919.4488652654,1000
2,panel_direct_phase_a100,4cd1ac61,3,345752.86915908067,1000
2,panel_direct_phase_a100,4cd1ac61,4,171282.54784396538,490
2,panel_direct_phase_a1000,4cd1ac61,0,149740.32956345493,999
2,panel_direct_phase_a1000,4cd1ac61,1,285752.5524399494,1000
2,panel_direct_phase_a1000,4cd1ac61,2,296097.4600432768,1000
2,panel_direct_phase_a1000,4cd1ac61,3,267838.7904981126,1000
2,panel_direct_phase_a1000,4cd1ac61,4,130956.05516480264,490
2,panel_direct_phase_a10000,4cd1ac61,0,144355.48790809812,999
2,panel_direct_phase_a10000,4cd1ac61,1,250084.44819361984,1000
2,panel_direct_phase_a10000,4cd1ac61,2,255039.58828004514,1000
2,panel_direct_phase_a10000,4cd1ac61,3,248815.02922708483,1000
2,panel_direct_phase_a10000,4cd1ac61,4,126466.7111822972,490
2,panel_direct_geom_a1000,cb34231f,0,12771.992012421348,999
2,panel_direct_geom_a1000,cb34231f,1,117119.77795160534,1000
2,panel_direct_geom_a1000,cb34231f,2,19299.565703042066,1000
2,panel_direct_geom_a1000,cb34231f,3,12428.596421811493,1000
2,panel_direct_geom_a1000,cb34231f,4,5996.473314083718,1000
2,panel_direct_geom_a1000,cb34231f,5,469.79016338671437,610
2,panel_direct_raw_gr_a1000,cb34231f,0,12945.06212364672,999
2,panel_direct_raw_gr_a1000,cb34231f,1,129654.88626274855,1000
2,panel_direct_raw_gr_a1000,cb34231f,2,20880.096711856626,1000
2,panel_direct_raw_gr_a1000,cb34231f,3,13004.753978317347,1000
2,panel_direct_raw_gr_a1000,cb34231f,4,4707.764795887445,1000
2,panel_direct_raw_gr_a1000,cb34231f,5,598.3018089785403,610
2,panel_direct_phase_a100,cb34231f,0,16763.614870251604,999
2,panel_direct_phase_a100,cb34231f,1,85941.02981063515,1000
2,panel_direct_phase_a100,cb34231f,2,23291.324169100943,1000
2,panel_direct_phase_a100,cb34231f,3,22389.19800093502,1000
2,panel_direct_phase_a100,cb34231f,4,2540.0448136811347,1000
2,panel_direct_phase_a100,cb34231f,5,618.5792615197499,610
2,panel_direct_phase_a1000,cb34231f,0,16140.574830263176,999
2,panel_direct_phase_a1000,cb34231f,1,198449.5398934584,1000
2,panel_direct_phase_a1000,cb34231f,2,46754.493382634966,1000
2,panel_direct_phase_a1000,cb34231f,3,8828.117811943757,1000
2,panel_direct_phase_a1000,cb34231f,4,6962.795528529036,1000
2,panel_direct_phase_a1000,cb34231f,5,620.4872735569247,610
2,panel_direct_phase_a10000,cb34231f,0,13758.556833163751,999
2,panel_direct_phase_a10000,cb34231f,1,137015.54718593077,1000
2,panel_direct_phase_a10000,cb34231f,2,24240.96040774648,1000
2,panel_direct_phase_a10000,cb34231f,3,14562.736441078097,1000
2,panel_direct_phase_a10000,cb34231f,4,4517.689538711526,1000
2,panel_direct_phase_a10000,cb34231f,5,516.0778586272961,610
2,panel_direct_geom_a1000,f72b268f,0,59079.39524913109,999
2,panel_direct_geom_a1000,f72b268f,1,4878.771664707381,1000
2,panel_direct_geom_a1000,f72b268f,2,35822.83625791977,1000
2,panel_direct_geom_a1000,f72b268f,3,62371.254948616515,1000
2,panel_direct_geom_a1000,f72b268f,4,297736.9468595543,1000
2,panel_direct_geom_a1000,f72b268f,5,397423.59297632665,1000
2,panel_direct_geom_a1000,f72b268f,6,130113.96595134409,405
2,panel_direct_raw_gr_a1000,f72b268f,0,59523.61695481231,999
2,panel_direct_raw_gr_a1000,f72b268f,1,4814.691367635712,1000
2,panel_direct_raw_gr_a1000,f72b268f,2,35490.05574652461,1000
2,panel_direct_raw_gr_a1000,f72b268f,3,62495.80451412689,1000
2,panel_direct_raw_gr_a1000,f72b268f,4,300384.97966706567,1000
2,panel_direct_raw_gr_a1000,f72b268f,5,399557.80084172136,1000
2,panel_direct_raw_gr_a1000,f72b268f,6,132454.80135968147,405
2,panel_direct_phase_a100,f72b268f,0,107540.01876764027,999
2,panel_direct_phase_a100,f72b268f,1,40284.41660440093,1000
2,panel_direct_phase_a100,f72b268f,2,5354.482090079976,1000
2,panel_direct_phase_a100,f72b268f,3,25152.44971516406,1000
2,panel_direct_phase_a100,f72b268f,4,226648.95757411062,1000
2,panel_direct_phase_a100,f72b268f,5,348451.29398745054,1000
2,panel_direct_phase_a100,f72b268f,6,115017.51931683965,405
2,panel_direct_phase_a1000,f72b268f,0,67047.82484811507,999
2,panel_direct_phase_a1000,f72b268f,1,5844.0814208066995,1000
2,panel_direct_phase_a1000,f72b268f,2,25488.35122947966,1000
2,panel_direct_phase_a1000,f72b268f,3,54329.2375584315,1000
2,panel_direct_phase_a1000,f72b268f,4,287800.12630454084,1000
2,panel_direct_phase_a1000,f72b268f,5,393336.09239455085,1000
2,panel_direct_phase_a1000,f72b268f,6,126180.72370452937,405
2,panel_direct_phase_a10000,f72b268f,0,43950.99748953645,999
2,panel_direct_phase_a10000,f72b268f,1,7548.074060009511,1000
2,panel_direct_phase_a10000,f72b268f,2,49978.046397871905,1000
2,panel_direct_phase_a10000,f72b268f,3,79008.83257741886,1000
2,panel_direct_phase_a10000,f72b268f,4,320008.36115868256,1000
2,panel_direct_phase_a10000,f72b268f,5,408359.0505435102,1000
2,panel_direct_phase_a10000,f72b268f,6,134080.75299849358,405
2,panel_direct_geom_a1000,e0f36d98,0,200000.29592650206,999
2,panel_direct_geom_a1000,e0f36d98,1,376412.0475239078,1000
2,panel_direct_geom_a1000,e0f36d98,2,25375.73885202859,1000
2,panel_direct_geom_a1000,e0f36d98,3,50047.62071760442,1000
2,panel_direct_geom_a1000,e0f36d98,4,225218.16410137384,977
2,panel_direct_raw_gr_a1000,e0f36d98,0,200230.61829054507,999
2,panel_direct_raw_gr_a1000,e0f36d98,1,375090.30526225566,1000
2,panel_direct_raw_gr_a1000,e0f36d98,2,25562.234352079304,1000
2,panel_direct_raw_gr_a1000,e0f36d98,3,49264.25006958041,1000
2,panel_direct_raw_gr_a1000,e0f36d98,4,225461.10027616477,977
2,panel_direct_phase_a100,e0f36d98,0,149785.5497175711,999
2,panel_direct_phase_a100,e0f36d98,1,351588.61004179134,1000
2,panel_direct_phase_a100,e0f36d98,2,23779.448653310545,1000
2,panel_direct_phase_a100,e0f36d98,3,40211.45945316124,1000
2,panel_direct_phase_a100,e0f36d98,4,212221.7127492481,977
2,panel_direct_phase_a1000,e0f36d98,0,193489.89272058438,999
2,panel_direct_phase_a1000,e0f36d98,1,367226.3527909503,1000
2,panel_direct_phase_a1000,e0f36d98,2,25713.87908435124,1000
2,panel_direct_phase_a1000,e0f36d98,3,47459.873573553654,1000
2,panel_direct_phase_a1000,e0f36d98,4,224323.67797471996,977
2,panel_direct_phase_a10000,e0f36d98,0,229162.7625863267,999
2,panel_direct_phase_a10000,e0f36d98,1,411966.3621933295,1000
2,panel_direct_phase_a10000,e0f36d98,2,23527.125571040186,1000
2,panel_direct_phase_a10000,e0f36d98,3,61200.26684310056,1000
2,panel_direct_phase_a10000,e0f36d98,4,241530.51441473424,977
2,panel_direct_geom_a1000,1d78281a,0,855.6328838761419,999
2,panel_direct_geom_a1000,1d78281a,1,159441.6150504121,1000
2,panel_direct_geom_a1000,1d78281a,2,372435.0388050731,1000
2,panel_direct_geom_a1000,1d78281a,3,34078.96553241591,1000
2,panel_direct_geom_a1000,1d78281a,4,11500.54223760584,950
2,panel_direct_raw_gr_a1000,1d78281a,0,898.8795516449105,999
2,panel_direct_raw_gr_a1000,1d78281a,1,158952.0267034641,1000
2,panel_direct_raw_gr_a1000,1d78281a,2,374284.7316910305,1000
2,panel_direct_raw_gr_a1000,1d78281a,3,33926.81082871648,1000
2,panel_direct_raw_gr_a1000,1d78281a,4,11422.720155804274,950
2,panel_direct_phase_a100,1d78281a,0,3297.485003503752,999
2,panel_direct_phase_a100,1d78281a,1,108932.843483387,1000
2,panel_direct_phase_a100,1d78281a,2,307921.9738513306,1000
2,panel_direct_phase_a100,1d78281a,3,15953.518964578332,1000
2,panel_direct_phase_a100,1d78281a,4,12632.796954330252,950
2,panel_direct_phase_a1000,1d78281a,0,1053.5299390012426,999
2,panel_direct_phase_a1000,1d78281a,1,146860.94909485383,1000
2,panel_direct_phase_a1000,1d78281a,2,354014.66522813094,1000
2,panel_direct_phase_a1000,1d78281a,3,22554.859730002187,1000
2,panel_direct_phase_a1000,1d78281a,4,10202.370621646172,950
2,panel_direct_phase_a10000,1d78281a,0,2014.9023789568928,999
2,panel_direct_phase_a10000,1d78281a,1,184409.6964930345,1000
2,panel_direct_phase_a10000,1d78281a,2,410790.8266121648,1000
2,panel_direct_phase_a10000,1d78281a,3,40116.30273445457,1000
2,panel_direct_phase_a10000,1d78281a,4,12519.169605578702,950
2,panel_direct_geom_a1000,a7744f5b,0,420.0904072418084,999
2,panel_direct_geom_a1000,a7744f5b,1,866.1082530901417,1000
2,panel_direct_geom_a1000,a7744f5b,2,91181.85895802134,1000
2,panel_direct_geom_a1000,a7744f5b,3,416095.1647486076,1000
2,panel_direct_geom_a1000,a7744f5b,4,138161.11382717695,378
2,panel_direct_raw_gr_a1000,a7744f5b,0,438.78647632160937,999
2,panel_direct_raw_gr_a1000,a7744f5b,1,993.1743464633581,1000
2,panel_direct_raw_gr_a1000,a7744f5b,2,91561.28758351292,1000
2,panel_direct_raw_gr_a1000,a7744f5b,3,415175.46111143543,1000
2,panel_direct_raw_gr_a1000,a7744f5b,4,136022.63157885007,378
2,panel_direct_phase_a100,a7744f5b,0,1413.8221192167302,999
2,panel_direct_phase_a100,a7744f5b,1,1006.4577805028641,1000
2,panel_direct_phase_a100,a7744f5b,2,81208.40241902645,1000
2,panel_direct_phase_a100,a7744f5b,3,383729.362971747,1000
2,panel_direct_phase_a100,a7744f5b,4,127796.26060326805,378
2,panel_direct_phase_a1000,a7744f5b,0,391.5555072647411,999
2,panel_direct_phase_a1000,a7744f5b,1,1070.0416708676778,1000
2,panel_direct_phase_a1000,a7744f5b,2,92309.46633898758,1000
2,panel_direct_phase_a1000,a7744f5b,3,418203.87685933773,1000
2,panel_direct_phase_a1000,a7744f5b,4,137867.56793627542,378
2,panel_direct_phase_a10000,a7744f5b,0,905.9846828004722,999
2,panel_direct_phase_a10000,a7744f5b,1,2785.079316340994,1000
2,panel_direct_phase_a10000,a7744f5b,2,107646.56235313535,1000
2,panel_direct_phase_a10000,a7744f5b,3,457437.7865352051,1000
2,panel_direct_phase_a10000,a7744f5b,4,150912.49298415685,378
2,panel_direct_geom_a1000,1b6ba517,0,4691.736572602546,999
2,panel_direct_geom_a1000,1b6ba517,1,17748.902704767712,1000
2,panel_direct_geom_a1000,1b6ba517,2,18427.69314979939,1000
2,panel_direct_geom_a1000,1b6ba517,3,56970.973939855896,1000
2,panel_direct_geom_a1000,1b6ba517,4,104886.34209715086,1000
2,panel_direct_geom_a1000,1b6ba517,5,108763.08312135843,1000
2,panel_direct_geom_a1000,1b6ba517,6,22045.41656753474,598
2,panel_direct_raw_gr_a1000,1b6ba517,0,4250.380013774957,999
2,panel_direct_raw_gr_a1000,1b6ba517,1,21946.27477688646,1000
2,panel_direct_raw_gr_a1000,1b6ba517,2,20392.616297758665,1000
2,panel_direct_raw_gr_a1000,1b6ba517,3,55321.29911881104,1000
2,panel_direct_raw_gr_a1000,1b6ba517,4,104463.02269662917,1000
2,panel_direct_raw_gr_a1000,1b6ba517,5,107541.22052324087,1000
2,panel_direct_raw_gr_a1000,1b6ba517,6,20071.73265445359,598
2,panel_direct_phase_a100,1b6ba517,0,6724.356633181652,999
2,panel_direct_phase_a100,1b6ba517,1,65692.3075532265,1000
2,panel_direct_phase_a100,1b6ba517,2,75747.43622012479,1000
2,panel_direct_phase_a100,1b6ba517,3,21894.39781684724,1000
2,panel_direct_phase_a100,1b6ba517,4,73704.29541328279,1000
2,panel_direct_phase_a100,1b6ba517,5,78003.12494865527,1000
2,panel_direct_phase_a100,1b6ba517,6,29075.858564747206,598
2,panel_direct_phase_a1000,1b6ba517,0,3543.3000272764707,999
2,panel_direct_phase_a1000,1b6ba517,1,39499.06365859488,1000
2,panel_direct_phase_a1000,1b6ba517,2,38398.92341190508,1000
2,panel_direct_phase_a1000,1b6ba517,3,36567.101652593425,1000
2,panel_direct_phase_a1000,1b6ba517,4,93355.32570473509,1000
2,panel_direct_phase_a1000,1b6ba517,5,113389.47161712137,1000
2,panel_direct_phase_a1000,1b6ba517,6,20991.662373299012,598
2,panel_direct_phase_a10000,1b6ba517,0,9575.373608168013,999
2,panel_direct_phase_a10000,1b6ba517,1,28175.360134616196,1000
2,panel_direct_phase_a10000,1b6ba517,2,28605.171492364716,1000
2,panel_direct_phase_a10000,1b6ba517,3,65387.31468213161,1000
2,panel_direct_phase_a10000,1b6ba517,4,113558.03510358189,1000
2,panel_direct_phase_a10000,1b6ba517,5,114835.3214156549,1000
2,panel_direct_phase_a10000,1b6ba517,6,23274.481253946276,598
2,panel_direct_geom_a1000,9df1b1f9,0,85890.46430572872,999
2,panel_direct_geom_a1000,9df1b1f9,1,229485.7006513458,1000
2,panel_direct_geom_a1000,9df1b1f9,2,275970.3530770472,1000
2,panel_direct_geom_a1000,9df1b1f9,3,206869.10466818154,1000
2,panel_direct_geom_a1000,9df1b1f9,4,85880.4355735705,702
2,panel_direct_raw_gr_a1000,9df1b1f9,0,85687.62624662348,999
2,panel_direct_raw_gr_a1000,9df1b1f9,1,233796.2016555329,1000
2,panel_direct_raw_gr_a1000,9df1b1f9,2,278360.1286812019,1000
2,panel_direct_raw_gr_a1000,9df1b1f9,3,204885.0494433804,1000
2,panel_direct_raw_gr_a1000,9df1b1f9,4,82178.68537873484,702
2,panel_direct_phase_a100,9df1b1f9,0,72472.54174714336,999
2,panel_direct_phase_a100,9df1b1f9,1,282208.87152504805,1000
2,panel_direct_phase_a100,9df1b1f9,2,333131.77956594725,1000
2,panel_direct_phase_a100,9df1b1f9,3,239915.2532756541,1000
2,panel_direct_phase_a100,9df1b1f9,4,94421.86531177565,702
2,panel_direct_phase_a1000,9df1b1f9,0,93822.71347680762,999
2,panel_direct_phase_a1000,9df1b1f9,1,263672.96555521677,1000
2,panel_direct_phase_a1000,9df1b1f9,2,302178.10691135284,1000
2,panel_direct_phase_a1000,9df1b1f9,3,213225.66761466544,1000
2,panel_direct_phase_a1000,9df1b1f9,4,85666.87806400046,702
2,panel_direct_phase_a10000,9df1b1f9,0,83103.71023825726,999
2,panel_direct_phase_a10000,9df1b1f9,1,211983.15775863937,1000
2,panel_direct_phase_a10000,9df1b1f9,2,253808.44875400406,1000
2,panel_direct_phase_a10000,9df1b1f9,3,181112.34880768036,1000
2,panel_direct_phase_a10000,9df1b1f9,4,74110.95506326061,702
2,panel_direct_geom_a1000,12f0cd90,0,39487.10036002734,999
2,panel_direct_geom_a1000,12f0cd90,1,56314.80991589829,1000
2,panel_direct_geom_a1000,12f0cd90,2,16731.09172068441,1000
2,panel_direct_geom_a1000,12f0cd90,3,52552.61130731225,1000
2,panel_direct_geom_a1000,12f0cd90,4,28294.77987960536,1000
2,panel_direct_geom_a1000,12f0cd90,5,162372.2756961191,948
2,panel_direct_raw_gr_a1000,12f0cd90,0,39445.13485823401,999
2,panel_direct_raw_gr_a1000,12f0cd90,1,54671.06270355224,1000
2,panel_direct_raw_gr_a1000,12f0cd90,2,16917.86779079902,1000
2,panel_direct_raw_gr_a1000,12f0cd90,3,51385.19345825097,1000
2,panel_direct_raw_gr_a1000,12f0cd90,4,26568.591483239754,1000
2,panel_direct_raw_gr_a1000,12f0cd90,5,166621.20453152413,948
2,panel_direct_phase_a100,12f0cd90,0,113467.63900908627,999
2,panel_direct_phase_a100,12f0cd90,1,167484.60119967815,1000
2,panel_direct_phase_a100,12f0cd90,2,40837.55016241137,1000
2,panel_direct_phase_a100,12f0cd90,3,17383.786769785453,1000
2,panel_direct_phase_a100,12f0cd90,4,19810.070903861815,1000
2,panel_direct_phase_a100,12f0cd90,5,172192.98746933092,948
2,panel_direct_phase_a1000,12f0cd90,0,46662.121991615444,999
2,panel_direct_phase_a1000,12f0cd90,1,70137.84865686417,1000
2,panel_direct_phase_a1000,12f0cd90,2,15415.703369329387,1000
2,panel_direct_phase_a1000,12f0cd90,3,52576.87726267253,1000
2,panel_direct_phase_a1000,12f0cd90,4,31068.686301173155,1000
2,panel_direct_phase_a1000,12f0cd90,5,172068.56857789322,948
2,panel_direct_phase_a10000,12f0cd90,0,28928.9811038318,999
2,panel_direct_phase_a10000,12f0cd90,1,46011.84605984564,1000
2,panel_direct_phase_a10000,12f0cd90,2,20772.297159695634,1000
2,panel_direct_phase_a10000,12f0cd90,3,74722.8229212071,1000
2,panel_direct_phase_a10000,12f0cd90,4,37994.41711218896,1000
2,panel_direct_phase_a10000,12f0cd90,5,157527.2927774626,948
2,panel_direct_geom_a1000,37344c2a,0,2435.4931557830046,999
2,panel_direct_geom_a1000,37344c2a,1,10167.580385213774,1000
2,panel_direct_geom_a1000,37344c2a,2,13623.358467206554,1000
2,panel_direct_geom_a1000,37344c2a,3,213642.10071257915,1000
2,panel_direct_geom_a1000,37344c2a,4,606452.4265342788,1000
2,panel_direct_geom_a1000,37344c2a,5,25630.838625524044,198
2,panel_direct_raw_gr_a1000,37344c2a,0,2484.8212711080077,999
2,panel_direct_raw_gr_a1000,37344c2a,1,10817.784733884986,1000
2,panel_direct_raw_gr_a1000,37344c2a,2,13867.1131442942,1000
2,panel_direct_raw_gr_a1000,37344c2a,3,214802.08692711472,1000
2,panel_direct_raw_gr_a1000,37344c2a,4,606018.9863331398,1000
2,panel_direct_raw_gr_a1000,37344c2a,5,25162.224217434083,198
2,panel_direct_phase_a100,37344c2a,0,3565.2052065468724,999
2,panel_direct_phase_a100,37344c2a,1,2734.3420810007833,1000
2,panel_direct_phase_a100,37344c2a,2,1002.427592845786,1000
2,panel_direct_phase_a100,37344c2a,3,280043.7763924105,1000
2,panel_direct_phase_a100,37344c2a,4,718971.4996851734,1000
2,panel_direct_phase_a100,37344c2a,5,40870.56334351478,198
2,panel_direct_phase_a1000,37344c2a,0,2260.752894363235,999
2,panel_direct_phase_a1000,37344c2a,1,9265.20277482697,1000
2,panel_direct_phase_a1000,37344c2a,2,9453.967545460388,1000
2,panel_direct_phase_a1000,37344c2a,3,224584.81829981244,1000
2,panel_direct_phase_a1000,37344c2a,4,626403.0876432956,1000
2,panel_direct_phase_a1000,37344c2a,5,29469.370669077653,198
2,panel_direct_phase_a10000,37344c2a,0,2207.4808551820242,999
2,panel_direct_phase_a10000,37344c2a,1,8928.916708755138,1000
2,panel_direct_phase_a10000,37344c2a,2,10863.57476868932,1000
2,panel_direct_phase_a10000,37344c2a,3,226546.6835098599,1000
2,panel_direct_phase_a10000,37344c2a,4,627882.8143472476,1000
2,panel_direct_phase_a10000,37344c2a,5,26338.91017067828,198
2,panel_direct_geom_a1000,fa667be2,0,7135.0931817012715,999
2,panel_direct_geom_a1000,fa667be2,1,22579.258905979284,1000
2,panel_direct_geom_a1000,fa667be2,2,23209.364667413676,1000
2,panel_direct_geom_a1000,fa667be2,3,8350.713977694511,1000
2,panel_direct_geom_a1000,fa667be2,4,16039.154211136884,1000
2,panel_direct_geom_a1000,fa667be2,5,43811.82327855665,1000
2,panel_direct_geom_a1000,fa667be2,6,241666.7178095087,1000
2,panel_direct_geom_a1000,fa667be2,7,129481.9988267269,297
2,panel_direct_raw_gr_a1000,fa667be2,0,7084.099252858543,999
2,panel_direct_raw_gr_a1000,fa667be2,1,22178.01732529783,1000
2,panel_direct_raw_gr_a1000,fa667be2,2,22952.107071041693,1000
2,panel_direct_raw_gr_a1000,fa667be2,3,8222.878318713763,1000
2,panel_direct_raw_gr_a1000,fa667be2,4,16199.38931377606,1000
2,panel_direct_raw_gr_a1000,fa667be2,5,45249.88069677158,1000
2,panel_direct_raw_gr_a1000,fa667be2,6,247326.98549086784,1000
2,panel_direct_raw_gr_a1000,fa667be2,7,130517.02505703837,297
2,panel_direct_phase_a100,fa667be2,0,4657.9111211956715,999
2,panel_direct_phase_a100,fa667be2,1,9148.891204623293,1000
2,panel_direct_phase_a100,fa667be2,2,15948.178909079728,1000
2,panel_direct_phase_a100,fa667be2,3,7404.530181557129,1000
2,panel_direct_phase_a100,fa667be2,4,13858.823171927386,1000
2,panel_direct_phase_a100,fa667be2,5,63327.03069246459,1000
2,panel_direct_phase_a100,fa667be2,6,299799.19841418986,1000
2,panel_direct_phase_a100,fa667be2,7,128229.27660179733,297
2,panel_direct_phase_a1000,fa667be2,0,6932.922019932065,999
2,panel_direct_phase_a1000,fa667be2,1,21867.031365918807,1000
2,panel_direct_phase_a1000,fa667be2,2,26146.749633889784,1000
2,panel_direct_phase_a1000,fa667be2,3,10317.908027117051,1000
2,panel_direct_phase_a1000,fa667be2,4,18552.531287928792,1000
2,panel_direct_phase_a1000,fa667be2,5,50920.70545429507,1000
2,panel_direct_phase_a1000,fa667be2,6,261596.324025271,1000
2,panel_direct_phase_a1000,fa667be2,7,132401.91295532207,297
2,panel_direct_phase_a10000,fa667be2,0,11838.200978442577,999
2,panel_direct_phase_a10000,fa667be2,1,34931.370136546815,1000
2,panel_direct_phase_a10000,fa667be2,2,35043.46416402208,1000
2,panel_direct_phase_a10000,fa667be2,3,13664.89443244353,1000
2,panel_direct_phase_a10000,fa667be2,4,20970.638543242247,1000
2,panel_direct_phase_a10000,fa667be2,5,48307.62851350547,1000
2,panel_direct_phase_a10000,fa667be2,6,253874.70956915538,1000
2,panel_direct_phase_a10000,fa667be2,7,133066.19903056897,297
2,panel_direct_geom_a1000,96ae5806,0,3615.6100250088125,999
2,panel_direct_geom_a1000,96ae5806,1,53745.930546335774,1000
2,panel_direct_geom_a1000,96ae5806,2,77387.31618613812,1000
2,panel_direct_geom_a1000,96ae5806,3,93056.73656091093,1000
2,panel_direct_geom_a1000,96ae5806,4,81185.5514663554,1000
2,panel_direct_geom_a1000,96ae5806,5,17803.86320044201,1000
2,panel_direct_geom_a1000,96ae5806,6,12460.89980653696,1000
2,panel_direct_geom_a1000,96ae5806,7,70707.7202654245,1000
2,panel_direct_geom_a1000,96ae5806,8,109075.58259358152,1000
2,panel_direct_geom_a1000,96ae5806,9,252956.51816331552,840
2,panel_direct_raw_gr_a1000,96ae5806,0,3627.2721282982243,999
2,panel_direct_raw_gr_a1000,96ae5806,1,54435.933832687115,1000
2,panel_direct_raw_gr_a1000,96ae5806,2,77141.16619244452,1000
2,panel_direct_raw_gr_a1000,96ae5806,3,93502.10223127411,1000
2,panel_direct_raw_gr_a1000,96ae5806,4,80442.16432874459,1000
2,panel_direct_raw_gr_a1000,96ae5806,5,17547.04773541614,1000
2,panel_direct_raw_gr_a1000,96ae5806,6,10899.512322341918,1000
2,panel_direct_raw_gr_a1000,96ae5806,7,70417.30758067964,1000
2,panel_direct_raw_gr_a1000,96ae5806,8,109160.35232148282,1000
2,panel_direct_raw_gr_a1000,96ae5806,9,253180.04305365833,840
2,panel_direct_phase_a100,96ae5806,0,433.1207609582321,999
2,panel_direct_phase_a100,96ae5806,1,44970.76571305915,1000
2,panel_direct_phase_a100,96ae5806,2,72938.62400749489,1000
2,panel_direct_phase_a100,96ae5806,3,89289.15849349005,1000
2,panel_direct_phase_a100,96ae5806,4,87835.9308492222,1000
2,panel_direct_phase_a100,96ae5806,5,22840.255877425054,1000
2,panel_direct_phase_a100,96ae5806,6,3880.444737876667,1000
2,panel_direct_phase_a100,96ae5806,7,40854.64064730084,1000
2,panel_direct_phase_a100,96ae5806,8,66734.87763326494,1000
2,panel_direct_phase_a100,96ae5806,9,178017.24427592228,840
2,panel_direct_phase_a1000,96ae5806,0,3977.269577911889,999
2,panel_direct_phase_a1000,96ae5806,1,48971.87985954057,1000
2,panel_direct_phase_a1000,96ae5806,2,74167.80384420967,1000
2,panel_direct_phase_a1000,96ae5806,3,82700.33642938262,1000
2,panel_direct_phase_a1000,96ae5806,4,74512.00332581802,1000
2,panel_direct_phase_a1000,96ae5806,5,15293.03396998806,1000
2,panel_direct_phase_a1000,96ae5806,6,7374.280161958606,1000
2,panel_direct_phase_a1000,96ae5806,7,63646.57398966767,1000
2,panel_direct_phase_a1000,96ae5806,8,101986.3006346,1000
2,panel_direct_phase_a1000,96ae5806,9,241190.57344929146,840
2,panel_direct_phase_a10000,96ae5806,0,8962.405595534632,999
2,panel_direct_phase_a10000,96ae5806,1,45926.09009868931,1000
2,panel_direct_phase_a10000,96ae5806,2,66317.91563144952,1000
2,panel_direct_phase_a10000,96ae5806,3,74484.00876612202,1000
2,panel_direct_phase_a10000,96ae5806,4,68678.46370828437,1000
2,panel_direct_phase_a10000,96ae5806,5,15261.61680205111,1000
2,panel_direct_phase_a10000,96ae5806,6,9732.155924311772,1000
2,panel_direct_phase_a10000,96ae5806,7,66491.87996326876,1000
2,panel_direct_phase_a10000,96ae5806,8,105652.31708269825,1000
2,panel_direct_phase_a10000,96ae5806,9,247289.94682415668,840
2,panel_direct_geom_a1000,5d7198fd,0,57488.80492196704,999
2,panel_direct_geom_a1000,5d7198fd,1,42122.00116672986,1000
2,panel_direct_geom_a1000,5d7198fd,2,265484.9279858246,1000
2,panel_direct_geom_a1000,5d7198fd,3,179467.75544105878,369
2,panel_direct_raw_gr_a1000,5d7198fd,0,57475.7268711858,999
2,panel_direct_raw_gr_a1000,5d7198fd,1,37976.82482054962,1000
2,panel_direct_raw_gr_a1000,5d7198fd,2,269866.86487599474,1000
2,panel_direct_raw_gr_a1000,5d7198fd,3,181595.00932276624,369
2,panel_direct_phase_a100,5d7198fd,0,80250.63752507947,999
2,panel_direct_phase_a100,5d7198fd,1,87513.8658141081,1000
2,panel_direct_phase_a100,5d7198fd,2,174937.15999767126,1000
2,panel_direct_phase_a100,5d7198fd,3,134706.54134917146,369
2,panel_direct_phase_a1000,5d7198fd,0,60165.998072936745,999
2,panel_direct_phase_a1000,5d7198fd,1,42559.00452703433,1000
2,panel_direct_phase_a1000,5d7198fd,2,259839.7049926009,1000
2,panel_direct_phase_a1000,5d7198fd,3,176258.72576553217,369
2,panel_direct_phase_a10000,5d7198fd,0,45004.80054726066,999
2,panel_direct_phase_a10000,5d7198fd,1,28218.810363480417,1000
2,panel_direct_phase_a10000,5d7198fd,2,308394.3800020197,1000
2,panel_direct_phase_a10000,5d7198fd,3,200992.4595842966,369
2,panel_direct_geom_a1000,ebe69318,0,8235.498673507072,999
2,panel_direct_geom_a1000,ebe69318,1,57518.77342213051,1000
2,panel_direct_geom_a1000,ebe69318,2,5995.191109586923,1000
2,panel_direct_geom_a1000,ebe69318,3,4642.450348660375,1000
2,panel_direct_geom_a1000,ebe69318,4,41894.72006791598,977
2,panel_direct_raw_gr_a1000,ebe69318,0,8263.325256871507,999
2,panel_direct_raw_gr_a1000,ebe69318,1,57322.457312658255,1000
2,panel_direct_raw_gr_a1000,ebe69318,2,5939.926837554405,1000
2,panel_direct_raw_gr_a1000,ebe69318,3,4721.690840941436,1000
2,panel_direct_raw_gr_a1000,ebe69318,4,42618.424261060376,977
2,panel_direct_phase_a100,ebe69318,0,4508.515935864212,999
2,panel_direct_phase_a100,ebe69318,1,31849.185904252132,1000
2,panel_direct_phase_a100,ebe69318,2,5560.648999435603,1000
2,panel_direct_phase_a100,ebe69318,3,7170.118394067664,1000
2,panel_direct_phase_a100,ebe69318,4,37678.34371771678,977
2,panel_direct_phase_a1000,ebe69318,0,8397.378495720974,999
2,panel_direct_phase_a1000,ebe69318,1,58241.52369010815,1000
2,panel_direct_phase_a1000,ebe69318,2,5983.302339506283,1000
2,panel_direct_phase_a1000,ebe69318,3,5854.035515296268,1000
2,panel_direct_phase_a1000,ebe69318,4,39949.42146996013,977
2,panel_direct_phase_a10000,ebe69318,0,8974.764904598032,999
2,panel_direct_phase_a10000,ebe69318,1,53132.817759396974,1000
2,panel_direct_phase_a10000,ebe69318,2,5157.723291515397,1000
2,panel_direct_phase_a10000,ebe69318,3,4154.042916834087,1000
2,panel_direct_phase_a10000,ebe69318,4,46754.183464581234,977
2,panel_direct_geom_a1000,5663b2b7,0,213603.60218362365,999
2,panel_direct_geom_a1000,5663b2b7,1,607262.744443917,1000
2,panel_direct_geom_a1000,5663b2b7,2,209613.0662540808,1000
2,panel_direct_geom_a1000,5663b2b7,3,70282.01496716704,1000
2,panel_direct_geom_a1000,5663b2b7,4,123356.93273748895,973
2,panel_direct_raw_gr_a1000,5663b2b7,0,213433.45156080363,999
2,panel_direct_raw_gr_a1000,5663b2b7,1,597857.3296831545,1000
2,panel_direct_raw_gr_a1000,5663b2b7,2,208147.11292207084,1000
2,panel_direct_raw_gr_a1000,5663b2b7,3,68882.50340617575,1000
2,panel_direct_raw_gr_a1000,5663b2b7,4,120973.43587471255,973
2,panel_direct_phase_a100,5663b2b7,0,159364.07053001842,999
2,panel_direct_phase_a100,5663b2b7,1,606354.9757774409,1000
2,panel_direct_phase_a100,5663b2b7,2,232761.81886106782,1000
2,panel_direct_phase_a100,5663b2b7,3,85865.38948967664,1000
2,panel_direct_phase_a100,5663b2b7,4,170282.59675334886,973
2,panel_direct_phase_a1000,5663b2b7,0,182236.3795877089,999
2,panel_direct_phase_a1000,5663b2b7,1,527102.3391299202,1000
2,panel_direct_phase_a1000,5663b2b7,2,179386.71033993197,1000
2,panel_direct_phase_a1000,5663b2b7,3,98165.94056920813,1000
2,panel_direct_phase_a1000,5663b2b7,4,156481.29273001282,973
2,panel_direct_phase_a10000,5663b2b7,0,236646.02890782605,999
2,panel_direct_phase_a10000,5663b2b7,1,616758.3605929281,1000
2,panel_direct_phase_a10000,5663b2b7,2,209242.47191801984,1000
2,panel_direct_phase_a10000,5663b2b7,3,67461.27201352228,1000
2,panel_direct_phase_a10000,5663b2b7,4,119458.7655959752,973
2,panel_direct_geom_a1000,368131f9,0,16483.477138441376,999
2,panel_direct_geom_a1000,368131f9,1,157550.67527103372,1000
2,panel_direct_geom_a1000,368131f9,2,406174.8611668386,1000
2,panel_direct_geom_a1000,368131f9,3,539550.3863014284,1000
2,panel_direct_geom_a1000,368131f9,4,1234878.2568427888,992
2,panel_direct_raw_gr_a1000,368131f9,0,16503.03852336814,999
2,panel_direct_raw_gr_a1000,368131f9,1,157827.0294830678,1000
2,panel_direct_raw_gr_a1000,368131f9,2,407678.4377593411,1000
2,panel_direct_raw_gr_a1000,368131f9,3,539669.4232580409,1000
2,panel_direct_raw_gr_a1000,368131f9,4,1235323.6452438917,992
2,panel_direct_phase_a100,368131f9,0,18433.716522354604,999
2,panel_direct_phase_a100,368131f9,1,72006.44343849226,1000
2,panel_direct_phase_a100,368131f9,2,325011.73503381334,1000
2,panel_direct_phase_a100,368131f9,3,484097.18260274525,1000
2,panel_direct_phase_a100,368131f9,4,1141249.8140269022,992
2,panel_direct_phase_a1000,368131f9,0,15725.31988427753,999
2,panel_direct_phase_a1000,368131f9,1,153766.8080653365,1000
2,panel_direct_phase_a1000,368131f9,2,393852.5710245765,1000
2,panel_direct_phase_a1000,368131f9,3,520545.9191213494,1000
2,panel_direct_phase_a1000,368131f9,4,1198566.3117260984,992
2,panel_direct_phase_a10000,368131f9,0,15706.407050894373,999
2,panel_direct_phase_a10000,368131f9,1,145948.7162053354,1000
2,panel_direct_phase_a10000,368131f9,2,377340.8742253571,1000
2,panel_direct_phase_a10000,368131f9,3,497371.12747210637,1000
2,panel_direct_phase_a10000,368131f9,4,1188438.1694855527,992
2,panel_direct_geom_a1000,1a730ac2,0,70173.72812792465,999
2,panel_direct_geom_a1000,1a730ac2,1,443011.6446309983,1000
2,panel_direct_geom_a1000,1a730ac2,2,334172.53245424456,1000
2,panel_direct_geom_a1000,1a730ac2,3,72863.43738084374,1000
2,panel_direct_geom_a1000,1a730ac2,4,113239.43445349441,606
2,panel_direct_raw_gr_a1000,1a730ac2,0,70278.28115171337,999
2,panel_direct_raw_gr_a1000,1a730ac2,1,445330.2122831664,1000
2,panel_direct_raw_gr_a1000,1a730ac2,2,334867.4950796008,1000
2,panel_direct_raw_gr_a1000,1a730ac2,3,75049.87843559682,1000
2,panel_direct_raw_gr_a1000,1a730ac2,4,115037.6782330403,606
2,panel_direct_phase_a100,1a730ac2,0,44770.516915475506,999
2,panel_direct_phase_a100,1a730ac2,1,342889.5117628431,1000
2,panel_direct_phase_a100,1a730ac2,2,283564.3520960809,1000
2,panel_direct_phase_a100,1a730ac2,3,65524.808894876915,1000
2,panel_direct_phase_a100,1a730ac2,4,101406.19613505065,606
2,panel_direct_phase_a1000,1a730ac2,0,63565.874608370905,999
2,panel_direct_phase_a1000,1a730ac2,1,421256.8176283821,1000
2,panel_direct_phase_a1000,1a730ac2,2,319033.66513205296,1000
2,panel_direct_phase_a1000,1a730ac2,3,68906.50188347655,1000
2,panel_direct_phase_a1000,1a730ac2,4,109266.06403493378,606
2,panel_direct_phase_a10000,1a730ac2,0,87539.35252368251,999
2,panel_direct_phase_a10000,1a730ac2,1,491948.4715459982,1000
2,panel_direct_phase_a10000,1a730ac2,2,367353.0404792275,1000
2,panel_direct_phase_a10000,1a730ac2,3,85285.22094431885,1000
2,panel_direct_phase_a10000,1a730ac2,4,125160.90027451456,606
2,panel_direct_geom_a1000,925a7cd1,0,17991.17194054787,999
2,panel_direct_geom_a1000,925a7cd1,1,10404.52386287269,1000
2,panel_direct_geom_a1000,925a7cd1,2,4291.490435646573,1000
2,panel_direct_geom_a1000,925a7cd1,3,5225.986496513109,1000
2,panel_direct_geom_a1000,925a7cd1,4,13467.408415173772,518
2,panel_direct_raw_gr_a1000,925a7cd1,0,17982.14446636439,999
2,panel_direct_raw_gr_a1000,925a7cd1,1,10680.67342071349,1000
2,panel_direct_raw_gr_a1000,925a7cd1,2,4324.2918516132695,1000
2,panel_direct_raw_gr_a1000,925a7cd1,3,5001.077914347704,1000
2,panel_direct_raw_gr_a1000,925a7cd1,4,13178.716446856259,518
2,panel_direct_phase_a100,925a7cd1,0,7331.786546884229,999
2,panel_direct_phase_a100,925a7cd1,1,4860.161379952177,1000
2,panel_direct_phase_a100,925a7cd1,2,1914.2155483076722,1000
2,panel_direct_phase_a100,925a7cd1,3,1962.7666571565878,1000
2,panel_direct_phase_a100,925a7cd1,4,8678.92171183753,518
2,panel_direct_phase_a1000,925a7cd1,0,18464.815084752176,999
2,panel_direct_phase_a1000,925a7cd1,1,11351.679949003137,1000
2,panel_direct_phase_a1000,925a7cd1,2,4944.902286415892,1000
2,panel_direct_phase_a1000,925a7cd1,3,5294.204801955165,1000
2,panel_direct_phase_a1000,925a7cd1,4,13357.792239343398,518
2,panel_direct_phase_a10000,925a7cd1,0,28037.455539669256,999
2,panel_direct_phase_a10000,925a7cd1,1,17372.41146570663,1000
2,panel_direct_phase_a10000,925a7cd1,2,9173.581433058962,1000
2,panel_direct_phase_a10000,925a7cd1,3,10131.473234435916,1000
2,panel_direct_phase_a10000,925a7cd1,4,18143.354711559932,518
2,panel_direct_geom_a1000,f8afa78a,0,115010.15660583337,999
2,panel_direct_geom_a1000,f8afa78a,1,396536.14497311926,1000
2,panel_direct_geom_a1000,f8afa78a,2,141812.4646082262,1000
2,panel_direct_geom_a1000,f8afa78a,3,94411.09781431005,1000
2,panel_direct_geom_a1000,f8afa78a,4,66288.19857440476,1000
2,panel_direct_geom_a1000,f8afa78a,5,307909.84499153495,1000
2,panel_direct_geom_a1000,f8afa78a,6,20781.77289803426,33
2,panel_direct_raw_gr_a1000,f8afa78a,0,114841.69034024586,999
2,panel_direct_raw_gr_a1000,f8afa78a,1,383073.30892509467,1000
2,panel_direct_raw_gr_a1000,f8afa78a,2,140692.94427026078,1000
2,panel_direct_raw_gr_a1000,f8afa78a,3,97960.10310496714,1000
2,panel_direct_raw_gr_a1000,f8afa78a,4,65712.68302669916,1000
2,panel_direct_raw_gr_a1000,f8afa78a,5,310774.7217170254,1000
2,panel_direct_raw_gr_a1000,f8afa78a,6,20738.6039860335,33
2,panel_direct_phase_a100,f8afa78a,0,102776.38086881985,999
2,panel_direct_phase_a100,f8afa78a,1,376649.1839904573,1000
2,panel_direct_phase_a100,f8afa78a,2,130665.07039085399,1000
2,panel_direct_phase_a100,f8afa78a,3,59451.731245492614,1000
2,panel_direct_phase_a100,f8afa78a,4,53949.379719455195,1000
2,panel_direct_phase_a100,f8afa78a,5,287557.48327640456,1000
2,panel_direct_phase_a100,f8afa78a,6,22844.968055018417,33
2,panel_direct_phase_a1000,f8afa78a,0,109619.67180275195,999
2,panel_direct_phase_a1000,f8afa78a,1,346558.0237456183,1000
2,panel_direct_phase_a1000,f8afa78a,2,127655.47719527919,1000
2,panel_direct_phase_a1000,f8afa78a,3,73704.48879144201,1000
2,panel_direct_phase_a1000,f8afa78a,4,56012.88884966813,1000
2,panel_direct_phase_a1000,f8afa78a,5,294360.4528842693,1000
2,panel_direct_phase_a1000,f8afa78a,6,21079.08100432887,33
2,panel_direct_phase_a10000,f8afa78a,0,132737.81783090156,999
2,panel_direct_phase_a10000,f8afa78a,1,411591.9253530697,1000
2,panel_direct_phase_a10000,f8afa78a,2,156451.99615125277,1000
2,panel_direct_phase_a10000,f8afa78a,3,108264.33467546498,1000
2,panel_direct_phase_a10000,f8afa78a,4,72982.6689588458,1000
2,panel_direct_phase_a10000,f8afa78a,5,314712.26742787694,1000
2,panel_direct_phase_a10000,f8afa78a,6,21432.02995977224,33
2,panel_direct_geom_a1000,4463446c,0,7600.832868552983,999
2,panel_direct_geom_a1000,4463446c,1,88118.50673826924,1000
2,panel_direct_geom_a1000,4463446c,2,756020.7316407528,1000
2,panel_direct_geom_a1000,4463446c,3,134249.0808631581,257
2,panel_direct_raw_gr_a1000,4463446c,0,7573.292529394443,999
2,panel_direct_raw_gr_a1000,4463446c,1,90122.64859308866,1000
2,panel_direct_raw_gr_a1000,4463446c,2,754868.1286629739,1000
2,panel_direct_raw_gr_a1000,4463446c,3,133863.36396047205,257
2,panel_direct_phase_a100,4463446c,0,979.6796604609254,999
2,panel_direct_phase_a100,4463446c,1,51510.96701820746,1000
2,panel_direct_phase_a100,4463446c,2,601983.5034709533,1000
2,panel_direct_phase_a100,4463446c,3,112127.8573333569,257
2,panel_direct_phase_a1000,4463446c,0,7106.899411672187,999
2,panel_direct_phase_a1000,4463446c,1,88894.03827247798,1000
2,panel_direct_phase_a1000,4463446c,2,751610.0068939601,1000
2,panel_direct_phase_a1000,4463446c,3,134440.4288884456,257
2,panel_direct_phase_a10000,4463446c,0,15254.867353334686,999
2,panel_direct_phase_a10000,4463446c,1,111365.69332624377,1000
2,panel_direct_phase_a10000,4463446c,2,832913.4960260307,1000
2,panel_direct_phase_a10000,4463446c,3,148667.46175620763,257
2,panel_direct_geom_a1000,c1d046f4,0,41529.16770750434,999
2,panel_direct_geom_a1000,c1d046f4,1,37864.99400053687,1000
2,panel_direct_geom_a1000,c1d046f4,2,13510.34270652752,1000
2,panel_direct_geom_a1000,c1d046f4,3,113829.64553670106,1000
2,panel_direct_geom_a1000,c1d046f4,4,39350.701328002506,1000
2,panel_direct_geom_a1000,c1d046f4,5,13324.451340768663,514
2,panel_direct_raw_gr_a1000,c1d046f4,0,41754.41547233017,999
2,panel_direct_raw_gr_a1000,c1d046f4,1,36398.42979880632,1000
2,panel_direct_raw_gr_a1000,c1d046f4,2,13340.348118780312,1000
2,panel_direct_raw_gr_a1000,c1d046f4,3,115480.81461025574,1000
2,panel_direct_raw_gr_a1000,c1d046f4,4,41006.18235810212,1000
2,panel_direct_raw_gr_a1000,c1d046f4,5,13319.237699419005,514
2,panel_direct_phase_a100,c1d046f4,0,15973.115731478329,999
2,panel_direct_phase_a100,c1d046f4,1,15568.787978722758,1000
2,panel_direct_phase_a100,c1d046f4,2,18754.81668375046,1000
2,panel_direct_phase_a100,c1d046f4,3,70528.94671030504,1000
2,panel_direct_phase_a100,c1d046f4,4,34347.30161402244,1000
2,panel_direct_phase_a100,c1d046f4,5,22042.920043676102,514
2,panel_direct_phase_a1000,c1d046f4,0,34642.537835938434,999
2,panel_direct_phase_a1000,c1d046f4,1,28986.688684550525,1000
2,panel_direct_phase_a1000,c1d046f4,2,15745.904500724102,1000
2,panel_direct_phase_a1000,c1d046f4,3,100386.27934336198,1000
2,panel_direct_phase_a1000,c1d046f4,4,36690.61954301542,1000
2,panel_direct_phase_a1000,c1d046f4,5,14155.931351859275,514
2,panel_direct_phase_a10000,c1d046f4,0,52643.41610749095,999
2,panel_direct_phase_a10000,c1d046f4,1,46631.66614424355,1000
2,panel_direct_phase_a10000,c1d046f4,2,14427.984711586798,1000
2,panel_direct_phase_a10000,c1d046f4,3,131324.87003262847,1000
2,panel_direct_phase_a10000,c1d046f4,4,42787.42683451026,1000
2,panel_direct_phase_a10000,c1d046f4,5,12296.6701452681,514
2,panel_direct_geom_a1000,dd168de0,0,2796.6921844780454,999
2,panel_direct_geom_a1000,dd168de0,1,2928.407387349802,1000
2,panel_direct_geom_a1000,dd168de0,2,4739.273303221615,1000
2,panel_direct_geom_a1000,dd168de0,3,22104.53826583616,305
2,panel_direct_raw_gr_a1000,dd168de0,0,2730.729091204094,999
2,panel_direct_raw_gr_a1000,dd168de0,1,3026.3430135120248,1000
2,panel_direct_raw_gr_a1000,dd168de0,2,4574.423491044885,1000
2,panel_direct_raw_gr_a1000,dd168de0,3,21500.875244290208,305
2,panel_direct_phase_a100,dd168de0,0,10838.376983749586,999
2,panel_direct_phase_a100,dd168de0,1,10882.68377543753,1000
2,panel_direct_phase_a100,dd168de0,2,15572.146680686436,1000
2,panel_direct_phase_a100,dd168de0,3,31310.63012141712,305
2,panel_direct_phase_a1000,dd168de0,0,2965.910320812244,999
2,panel_direct_phase_a1000,dd168de0,1,3545.7627154904694,1000
2,panel_direct_phase_a1000,dd168de0,2,7196.517692198467,1000
2,panel_direct_phase_a1000,dd168de0,3,24301.053086518586,305
2,panel_direct_phase_a10000,dd168de0,0,4105.649188781551,999
2,panel_direct_phase_a10000,dd168de0,1,4018.259723431796,1000
2,panel_direct_phase_a10000,dd168de0,2,2564.1281155527736,1000
2,panel_direct_phase_a10000,dd168de0,3,17738.33231565699,305
2,panel_direct_geom_a1000,c03fba65,0,64685.98923340624,999
2,panel_direct_geom_a1000,c03fba65,1,428758.7717683159,1000
2,panel_direct_geom_a1000,c03fba65,2,617594.5562557437,1000
2,panel_direct_geom_a1000,c03fba65,3,632356.0191953685,700
2,panel_direct_raw_gr_a1000,c03fba65,0,64569.23893167571,999
2,panel_direct_raw_gr_a1000,c03fba65,1,435110.5105255288,1000
2,panel_direct_raw_gr_a1000,c03fba65,2,618818.433858559,1000
2,panel_direct_raw_gr_a1000,c03fba65,3,630558.8821942729,700
2,panel_direct_phase_a100,c03fba65,0,42789.571130477,999
2,panel_direct_phase_a100,c03fba65,1,399763.4517499068,1000
2,panel_direct_phase_a100,c03fba65,2,528894.3235729856,1000
2,panel_direct_phase_a100,c03fba65,3,468076.77622416965,700
2,panel_direct_phase_a1000,c03fba65,0,60474.28472064951,999
2,panel_direct_phase_a1000,c03fba65,1,433926.7009097304,1000
2,panel_direct_phase_a1000,c03fba65,2,585834.3786383311,1000
2,panel_direct_phase_a1000,c03fba65,3,560193.404584521,700
2,panel_direct_phase_a10000,c03fba65,0,74303.78308595499,999
2,panel_direct_phase_a10000,c03fba65,1,451845.56639742776,1000
2,panel_direct_phase_a10000,c03fba65,2,639436.7389348394,1000
2,panel_direct_phase_a10000,c03fba65,3,650337.0065482011,700
2,panel_direct_geom_a1000,2c0c4a4e,0,25537.54449367128,999
2,panel_direct_geom_a1000,2c0c4a4e,1,11126.355310336143,1000
2,panel_direct_geom_a1000,2c0c4a4e,2,730.634004352823,1000
2,panel_direct_geom_a1000,2c0c4a4e,3,60777.7373440933,1000
2,panel_direct_geom_a1000,2c0c4a4e,4,146488.98577889617,791
2,panel_direct_raw_gr_a1000,2c0c4a4e,0,25666.530607733643,999
2,panel_direct_raw_gr_a1000,2c0c4a4e,1,11816.342604782882,1000
2,panel_direct_raw_gr_a1000,2c0c4a4e,2,888.9995288527998,1000
2,panel_direct_raw_gr_a1000,2c0c4a4e,3,61640.360002413145,1000
2,panel_direct_raw_gr_a1000,2c0c4a4e,4,147666.17730816093,791
2,panel_direct_phase_a100,2c0c4a4e,0,11685.323625516992,999
2,panel_direct_phase_a100,2c0c4a4e,1,10571.807026708642,1000
2,panel_direct_phase_a100,2c0c4a4e,2,1882.7504797874867,1000
2,panel_direct_phase_a100,2c0c4a4e,3,59780.60022166596,1000
2,panel_direct_phase_a100,2c0c4a4e,4,146256.46372712083,791
2,panel_direct_phase_a1000,2c0c4a4e,0,22489.346815519184,999
2,panel_direct_phase_a1000,2c0c4a4e,1,9447.03574642903,1000
2,panel_direct_phase_a1000,2c0c4a4e,2,537.1915320646452,1000
2,panel_direct_phase_a1000,2c0c4a4e,3,58387.78271689845,1000
2,panel_direct_phase_a1000,2c0c4a4e,4,143648.8558676241,791
2,panel_direct_phase_a10000,2c0c4a4e,0,33492.54081994097,999
2,panel_direct_phase_a10000,2c0c4a4e,1,15632.75767825338,1000
2,panel_direct_phase_a10000,2c0c4a4e,2,1839.776404408925,1000
2,panel_direct_phase_a10000,2c0c4a4e,3,71546.62307992011,1000
2,panel_direct_phase_a10000,2c0c4a4e,4,161113.57841821792,791
2,panel_direct_geom_a1000,fb3848a1,0,31484.858425690796,999
2,panel_direct_geom_a1000,fb3848a1,1,135779.32890281867,1000
2,panel_direct_geom_a1000,fb3848a1,2,160444.48563632125,1000
2,panel_direct_geom_a1000,fb3848a1,3,47445.30120335084,1000
2,panel_direct_geom_a1000,fb3848a1,4,115636.91971143644,1000
2,panel_direct_geom_a1000,fb3848a1,5,167620.97430144777,920
2,panel_direct_raw_gr_a1000,fb3848a1,0,31417.970638252602,999
2,panel_direct_raw_gr_a1000,fb3848a1,1,137235.2851997092,1000
2,panel_direct_raw_gr_a1000,fb3848a1,2,162333.96764301407,1000
2,panel_direct_raw_gr_a1000,fb3848a1,3,47304.034983826656,1000
2,panel_direct_raw_gr_a1000,fb3848a1,4,116860.4574188822,1000
2,panel_direct_raw_gr_a1000,fb3848a1,5,168980.81541695865,920
2,panel_direct_phase_a100,fb3848a1,0,22514.872790550544,999
2,panel_direct_phase_a100,fb3848a1,1,113163.84004838059,1000
2,panel_direct_phase_a100,fb3848a1,2,166475.88208347588,1000
2,panel_direct_phase_a100,fb3848a1,3,52689.54228825007,1000
2,panel_direct_phase_a100,fb3848a1,4,116407.78957628697,1000
2,panel_direct_phase_a100,fb3848a1,5,187475.32744933534,920
2,panel_direct_phase_a1000,fb3848a1,0,31284.80462912645,999
2,panel_direct_phase_a1000,fb3848a1,1,143874.27687891322,1000
2,panel_direct_phase_a1000,fb3848a1,2,170892.60653266514,1000
2,panel_direct_phase_a1000,fb3848a1,3,47495.49929275702,1000
2,panel_direct_phase_a1000,fb3848a1,4,117912.69342915082,1000
2,panel_direct_phase_a1000,fb3848a1,5,177075.19318336848,920
2,panel_direct_phase_a10000,fb3848a1,0,27211.435918556064,999
2,panel_direct_phase_a10000,fb3848a1,1,126783.30874939404,1000
2,panel_direct_phase_a10000,fb3848a1,2,145745.37082343304,1000
2,panel_direct_phase_a10000,fb3848a1,3,40560.65992673598,1000
2,panel_direct_phase_a10000,fb3848a1,4,112967.25394474431,1000
2,panel_direct_phase_a10000,fb3848a1,5,164246.1091591943,920
2,panel_direct_geom_a1000,62a6f539,0,9145.8653361786,999
2,panel_direct_geom_a1000,62a6f539,1,106124.24647984176,1000
2,panel_direct_geom_a1000,62a6f539,2,51278.98673266615,1000
2,panel_direct_geom_a1000,62a6f539,3,13586.639800855355,694
2,panel_direct_raw_gr_a1000,62a6f539,0,9423.178775957233,999
2,panel_direct_raw_gr_a1000,62a6f539,1,103682.46819126204,1000
2,panel_direct_raw_gr_a1000,62a6f539,2,51136.81841027374,1000
2,panel_direct_raw_gr_a1000,62a6f539,3,13645.46090352829,694
2,panel_direct_phase_a100,62a6f539,0,7242.680768943354,999
2,panel_direct_phase_a100,62a6f539,1,91914.02104176529,1000
2,panel_direct_phase_a100,62a6f539,2,50360.98595298902,1000
2,panel_direct_phase_a100,62a6f539,3,12109.51536306703,694
2,panel_direct_phase_a1000,62a6f539,0,9115.628096131682,999
2,panel_direct_phase_a1000,62a6f539,1,102122.38455012853,1000
2,panel_direct_phase_a1000,62a6f539,2,50615.07892043544,1000
2,panel_direct_phase_a1000,62a6f539,3,13725.714528912024,694
2,panel_direct_phase_a10000,62a6f539,0,13612.51509262974,999
2,panel_direct_phase_a10000,62a6f539,1,124622.35511297172,1000
2,panel_direct_phase_a10000,62a6f539,2,61808.166203915185,1000
2,panel_direct_phase_a10000,62a6f539,3,9367.17616984277,694
2,panel_direct_geom_a1000,63559d57,0,14934.607444776631,999
2,panel_direct_geom_a1000,63559d57,1,17041.74584812241,1000
2,panel_direct_geom_a1000,63559d57,2,15218.165356897684,1000
2,panel_direct_geom_a1000,63559d57,3,26618.826642668915,1000
2,panel_direct_geom_a1000,63559d57,4,12516.193198028715,70
2,panel_direct_raw_gr_a1000,63559d57,0,14979.549438492006,999
2,panel_direct_raw_gr_a1000,63559d57,1,17280.426523504786,1000
2,panel_direct_raw_gr_a1000,63559d57,2,15168.05944019721,1000
2,panel_direct_raw_gr_a1000,63559d57,3,26016.203087104328,1000
2,panel_direct_raw_gr_a1000,63559d57,4,12584.105768797415,70
2,panel_direct_phase_a100,63559d57,0,26096.10287899977,999
2,panel_direct_phase_a100,63559d57,1,16406.372936028205,1000
2,panel_direct_phase_a100,63559d57,2,3886.864621765308,1000
2,panel_direct_phase_a100,63559d57,3,18516.88370292753,1000
2,panel_direct_phase_a100,63559d57,4,10803.282805011037,70
2,panel_direct_phase_a1000,63559d57,0,13965.097376408421,999
2,panel_direct_phase_a1000,63559d57,1,16391.00000454819,1000
2,panel_direct_phase_a1000,63559d57,2,18177.186719504323,1000
2,panel_direct_phase_a1000,63559d57,3,32116.510421741175,1000
2,panel_direct_phase_a1000,63559d57,4,14277.427391812524,70
2,panel_direct_phase_a10000,63559d57,0,19217.10002611672,999
2,panel_direct_phase_a10000,63559d57,1,25262.04751554759,1000
2,panel_direct_phase_a10000,63559d57,2,27968.065307806683,1000
2,panel_direct_phase_a10000,63559d57,3,38917.70673367563,1000
2,panel_direct_phase_a10000,63559d57,4,15434.355823723528,70
2,panel_direct_geom_a1000,4f3eb9e9,0,9135.72509980647,999
2,panel_direct_geom_a1000,4f3eb9e9,1,9294.95383294114,1000
2,panel_direct_geom_a1000,4f3eb9e9,2,830668.1494147046,1000
2,panel_direct_geom_a1000,4f3eb9e9,3,2708367.9258557316,1000
2,panel_direct_geom_a1000,4f3eb9e9,4,1764229.0266472525,698
2,panel_direct_raw_gr_a1000,4f3eb9e9,0,9115.656603733796,999
2,panel_direct_raw_gr_a1000,4f3eb9e9,1,8896.109134400114,1000
2,panel_direct_raw_gr_a1000,4f3eb9e9,2,830681.3256562509,1000
2,panel_direct_raw_gr_a1000,4f3eb9e9,3,2712046.6687978627,1000
2,panel_direct_raw_gr_a1000,4f3eb9e9,4,1768567.9108725456,698
2,panel_direct_phase_a100,4f3eb9e9,0,1632.2351220081562,999
2,panel_direct_phase_a100,4f3eb9e9,1,20973.738677700967,1000
2,panel_direct_phase_a100,4f3eb9e9,2,851238.5365267136,1000
2,panel_direct_phase_a100,4f3eb9e9,3,2673645.695171829,1000
2,panel_direct_phase_a100,4f3eb9e9,4,1749668.9470640963,698
2,panel_direct_phase_a1000,4f3eb9e9,0,8462.27606519747,999
2,panel_direct_phase_a1000,4f3eb9e9,1,10948.666287554985,1000
2,panel_direct_phase_a1000,4f3eb9e9,2,828921.483460697,1000
2,panel_direct_phase_a1000,4f3eb9e9,3,2686698.5992057812,1000
2,panel_direct_phase_a1000,4f3eb9e9,4,1750300.276505104,698
2,panel_direct_phase_a10000,4f3eb9e9,0,16103.63722987955,999
2,panel_direct_phase_a10000,4f3eb9e9,1,6502.529664242639,1000
2,panel_direct_phase_a10000,4f3eb9e9,2,789419.8781862446,1000
2,panel_direct_phase_a10000,4f3eb9e9,3,2639922.3684640224,1000
2,panel_direct_phase_a10000,4f3eb9e9,4,1725147.1230416473,698
2,panel_direct_geom_a1000,460f859e,0,77918.99335270886,999
2,panel_direct_geom_a1000,460f859e,1,468271.97035370185,1000
2,panel_direct_geom_a1000,460f859e,2,512218.8378031324,1000
2,panel_direct_geom_a1000,460f859e,3,253307.24444762402,337
2,panel_direct_raw_gr_a1000,460f859e,0,77424.82041865292,999
2,panel_direct_raw_gr_a1000,460f859e,1,486749.04130954505,1000
2,panel_direct_raw_gr_a1000,460f859e,2,507625.1245463417,1000
2,panel_direct_raw_gr_a1000,460f859e,3,247680.77228771386,337
2,panel_direct_phase_a100,460f859e,0,83607.56504337477,999
2,panel_direct_phase_a100,460f859e,1,624630.8550072395,1000
2,panel_direct_phase_a100,460f859e,2,351083.2407940362,1000
2,panel_direct_phase_a100,460f859e,3,254927.48342136244,337
2,panel_direct_phase_a1000,460f859e,0,80946.2139475847,999
2,panel_direct_phase_a1000,460f859e,1,556803.9398231661,1000
2,panel_direct_phase_a1000,460f859e,2,467558.8569724,1000
2,panel_direct_phase_a1000,460f859e,3,266742.7400954169,337
2,panel_direct_phase_a10000,460f859e,0,86748.44971089969,999
2,panel_direct_phase_a10000,460f859e,1,512671.390564737,1000
2,panel_direct_phase_a10000,460f859e,2,493496.1587768236,1000
2,panel_direct_phase_a10000,460f859e,3,248298.22131747927,337
2,panel_direct_geom_a1000,28f4eda9,0,89470.47102244855,999
2,panel_direct_geom_a1000,28f4eda9,1,26747.320644952135,1000
2,panel_direct_geom_a1000,28f4eda9,2,5297.055829687705,1000
2,panel_direct_geom_a1000,28f4eda9,3,205173.18708972898,1000
2,panel_direct_geom_a1000,28f4eda9,4,424446.6762794757,1000
2,panel_direct_geom_a1000,28f4eda9,5,77914.46042744766,267
2,panel_direct_raw_gr_a1000,28f4eda9,0,89641.5417379633,999
2,panel_direct_raw_gr_a1000,28f4eda9,1,23920.038171733348,1000
2,panel_direct_raw_gr_a1000,28f4eda9,2,4981.212465522711,1000
2,panel_direct_raw_gr_a1000,28f4eda9,3,210485.26018361028,1000
2,panel_direct_raw_gr_a1000,28f4eda9,4,428002.07185040857,1000
2,panel_direct_raw_gr_a1000,28f4eda9,5,76109.35595146759,267
2,panel_direct_phase_a100,28f4eda9,0,32293.005740780845,999
2,panel_direct_phase_a100,28f4eda9,1,6726.946283882548,1000
2,panel_direct_phase_a100,28f4eda9,2,903.0166617741008,1000
2,panel_direct_phase_a100,28f4eda9,3,196660.25498057943,1000
2,panel_direct_phase_a100,28f4eda9,4,412414.396987013,1000
2,panel_direct_phase_a100,28f4eda9,5,72210.185008934,267
2,panel_direct_phase_a1000,28f4eda9,0,85191.43188146972,999
2,panel_direct_phase_a1000,28f4eda9,1,22230.977664343853,1000
2,panel_direct_phase_a1000,28f4eda9,2,4090.023128766775,1000
2,panel_direct_phase_a1000,28f4eda9,3,212543.98587990855,1000
2,panel_direct_phase_a1000,28f4eda9,4,433205.62398354424,1000
2,panel_direct_phase_a1000,28f4eda9,5,76960.53949957856,267
2,panel_direct_phase_a10000,28f4eda9,0,93081.02482099325,999
2,panel_direct_phase_a10000,28f4eda9,1,24172.93295421179,1000
2,panel_direct_phase_a10000,28f4eda9,2,3204.981281868545,1000
2,panel_direct_phase_a10000,28f4eda9,3,191020.90836896803,1000
2,panel_direct_phase_a10000,28f4eda9,4,411245.09833263035,1000
2,panel_direct_phase_a10000,28f4eda9,5,77156.00278060976,267
2,panel_direct_geom_a1000,739a914f,0,5776.640959147876,999
2,panel_direct_geom_a1000,739a914f,1,2432.1763253253357,1000
2,panel_direct_geom_a1000,739a914f,2,137076.85404119198,1000
2,panel_direct_geom_a1000,739a914f,3,525742.7772180289,1000
2,panel_direct_geom_a1000,739a914f,4,327340.60428230814,1000
2,panel_direct_geom_a1000,739a914f,5,98717.30403748249,506
2,panel_direct_raw_gr_a1000,739a914f,0,5856.701172524663,999
2,panel_direct_raw_gr_a1000,739a914f,1,4846.493065094395,1000
2,panel_direct_raw_gr_a1000,739a914f,2,136518.33234915332,1000
2,panel_direct_raw_gr_a1000,739a914f,3,529720.6710710231,1000
2,panel_direct_raw_gr_a1000,739a914f,4,328902.0526820692,1000
2,panel_direct_raw_gr_a1000,739a914f,5,97194.572814778,506
2,panel_direct_phase_a100,739a914f,0,2969.4128856235993,999
2,panel_direct_phase_a100,739a914f,1,30005.803165252873,1000
2,panel_direct_phase_a100,739a914f,2,205800.9858709828,1000
2,panel_direct_phase_a100,739a914f,3,628793.6766314706,1000
2,panel_direct_phase_a100,739a914f,4,476684.0771904315,1000
2,panel_direct_phase_a100,739a914f,5,187128.80317356472,506
2,panel_direct_phase_a1000,739a914f,0,3693.199558493195,999
2,panel_direct_phase_a1000,739a914f,1,1286.82939195779,1000
2,panel_direct_phase_a1000,739a914f,2,144857.25214642065,1000
2,panel_direct_phase_a1000,739a914f,3,522665.4812320057,1000
2,panel_direct_phase_a1000,739a914f,4,338469.3159376122,1000
2,panel_direct_phase_a1000,739a914f,5,114523.97848295109,506
2,panel_direct_phase_a10000,739a914f,0,12455.511205801728,999
2,panel_direct_phase_a10000,739a914f,1,5903.548316361725,1000
2,panel_direct_phase_a10000,739a914f,2,122537.73181850072,1000
2,panel_direct_phase_a10000,739a914f,3,483556.8152803916,1000
2,panel_direct_phase_a10000,739a914f,4,303491.02672993386,1000
2,panel_direct_phase_a10000,739a914f,5,97085.4503955968,506
2,panel_direct_geom_a1000,995ff498,0,37938.74169132076,999
2,panel_direct_geom_a1000,995ff498,1,24286.559573740742,1000
2,panel_direct_geom_a1000,995ff498,2,45808.45590892631,1000
2,panel_direct_geom_a1000,995ff498,3,73177.17975610831,1000
2,panel_direct_geom_a1000,995ff498,4,120188.39250308045,527
2,panel_direct_raw_gr_a1000,995ff498,0,37776.76924147163,999
2,panel_direct_raw_gr_a1000,995ff498,1,23747.25330584341,1000
2,panel_direct_raw_gr_a1000,995ff498,2,46015.50544678975,1000
2,panel_direct_raw_gr_a1000,995ff498,3,73264.18257363954,1000
2,panel_direct_raw_gr_a1000,995ff498,4,119369.17399183844,527
2,panel_direct_phase_a100,995ff498,0,14978.162199878923,999
2,panel_direct_phase_a100,995ff498,1,19876.81753423365,1000
2,panel_direct_phase_a100,995ff498,2,40114.86858911941,1000
2,panel_direct_phase_a100,995ff498,3,63620.3528832892,1000
2,panel_direct_phase_a100,995ff498,4,118191.3077992146,527
2,panel_direct_phase_a1000,995ff498,0,35105.47192455903,999
2,panel_direct_phase_a1000,995ff498,1,23915.33952072519,1000
2,panel_direct_phase_a1000,995ff498,2,48744.597898027554,1000
2,panel_direct_phase_a1000,995ff498,3,67814.18927262882,1000
2,panel_direct_phase_a1000,995ff498,4,116371.55795720065,527
2,panel_direct_phase_a10000,995ff498,0,34059.07043352923,999
2,panel_direct_phase_a10000,995ff498,1,19596.111775688685,1000
2,panel_direct_phase_a10000,995ff498,2,38936.817920748865,1000
2,panel_direct_phase_a10000,995ff498,3,86936.85117733112,1000
2,panel_direct_phase_a10000,995ff498,4,131138.87648046322,527
2,panel_direct_geom_a1000,698930d1,0,2093.310300816702,999
2,panel_direct_geom_a1000,698930d1,1,1138.3961758248415,1000
2,panel_direct_geom_a1000,698930d1,2,9784.446129859363,1000
2,panel_direct_geom_a1000,698930d1,3,70879.72552255624,1000
2,panel_direct_geom_a1000,698930d1,4,485873.03240379936,742
2,panel_direct_raw_gr_a1000,698930d1,0,1972.282204918463,999
2,panel_direct_raw_gr_a1000,698930d1,1,1440.100798429261,1000
2,panel_direct_raw_gr_a1000,698930d1,2,11041.35561164864,1000
2,panel_direct_raw_gr_a1000,698930d1,3,67943.23085172883,1000
2,panel_direct_raw_gr_a1000,698930d1,4,470040.96588830196,742
2,panel_direct_phase_a100,698930d1,0,5705.945682128945,999
2,panel_direct_phase_a100,698930d1,1,9630.891811449535,1000
2,panel_direct_phase_a100,698930d1,2,40522.02132238812,1000
2,panel_direct_phase_a100,698930d1,3,120974.68062956189,1000
2,panel_direct_phase_a100,698930d1,4,672931.3253850043,742
2,panel_direct_phase_a1000,698930d1,0,1988.3601881978555,999
2,panel_direct_phase_a1000,698930d1,1,3539.810006145688,1000
2,panel_direct_phase_a1000,698930d1,2,24330.175933483853,1000
2,panel_direct_phase_a1000,698930d1,3,86479.41535285582,1000
2,panel_direct_phase_a1000,698930d1,4,545358.3294720344,742
2,panel_direct_phase_a10000,698930d1,0,858.4082703663191,999
2,panel_direct_phase_a10000,698930d1,1,1563.2483465829077,1000
2,panel_direct_phase_a10000,698930d1,2,6821.405035315294,1000
2,panel_direct_phase_a10000,698930d1,3,58573.14744995776,1000
2,panel_direct_phase_a10000,698930d1,4,467617.59575648647,742
2,panel_direct_geom_a1000,f16e25e3,0,4741.765757751725,999
2,panel_direct_geom_a1000,f16e25e3,1,33728.8017175257,1000
2,panel_direct_geom_a1000,f16e25e3,2,6203.360107309631,1000
2,panel_direct_geom_a1000,f16e25e3,3,8713.588344081332,1000
2,panel_direct_geom_a1000,f16e25e3,4,1157.5677860330336,652
2,panel_direct_raw_gr_a1000,f16e25e3,0,4717.344275728405,999
2,panel_direct_raw_gr_a1000,f16e25e3,1,34142.52450339348,1000
2,panel_direct_raw_gr_a1000,f16e25e3,2,6103.7971152125065,1000
2,panel_direct_raw_gr_a1000,f16e25e3,3,8784.048061091804,1000
2,panel_direct_raw_gr_a1000,f16e25e3,4,1100.3815327431116,652
2,panel_direct_phase_a100,f16e25e3,0,3053.2326191983298,999
2,panel_direct_phase_a100,f16e25e3,1,31238.416418719728,1000
2,panel_direct_phase_a100,f16e25e3,2,6079.036041018401,1000
2,panel_direct_phase_a100,f16e25e3,3,9696.087989304844,1000
2,panel_direct_phase_a100,f16e25e3,4,2694.9836788155303,652
2,panel_direct_phase_a1000,f16e25e3,0,4519.087532601484,999
2,panel_direct_phase_a1000,f16e25e3,1,31251.48839372567,1000
2,panel_direct_phase_a1000,f16e25e3,2,6634.306874897211,1000
2,panel_direct_phase_a1000,f16e25e3,3,8384.232779720522,1000
2,panel_direct_phase_a1000,f16e25e3,4,1276.5615395606906,652
2,panel_direct_phase_a10000,f16e25e3,0,3114.5743108274437,999
2,panel_direct_phase_a10000,f16e25e3,1,24154.50710592612,1000
2,panel_direct_phase_a10000,f16e25e3,2,6648.859285040485,1000
2,panel_direct_phase_a10000,f16e25e3,3,8529.406212884282,1000
2,panel_direct_phase_a10000,f16e25e3,4,485.08822784989576,652
2,panel_direct_geom_a1000,37d36812,0,63443.90316084823,999
2,panel_direct_geom_a1000,37d36812,1,565269.283624237,1000
2,panel_direct_geom_a1000,37d36812,2,864523.322846712,1000
2,panel_direct_geom_a1000,37d36812,3,498959.67190580745,1000
2,panel_direct_geom_a1000,37d36812,4,230788.12367213136,368
2,panel_direct_raw_gr_a1000,37d36812,0,63380.73128133902,999
2,panel_direct_raw_gr_a1000,37d36812,1,566265.9538209818,1000
2,panel_direct_raw_gr_a1000,37d36812,2,864502.9073702476,1000
2,panel_direct_raw_gr_a1000,37d36812,3,493954.8677929083,1000
2,panel_direct_raw_gr_a1000,37d36812,4,229853.10167218267,368
2,panel_direct_phase_a100,37d36812,0,16375.637094544576,999
2,panel_direct_phase_a100,37d36812,1,402076.89600962773,1000
2,panel_direct_phase_a100,37d36812,2,721936.0790589817,1000
2,panel_direct_phase_a100,37d36812,3,445378.5402035424,1000
2,panel_direct_phase_a100,37d36812,4,217717.3646344989,368
2,panel_direct_phase_a1000,37d36812,0,58755.77850089184,999
2,panel_direct_phase_a1000,37d36812,1,561723.5822958475,1000
2,panel_direct_phase_a1000,37d36812,2,862754.873840084,1000
2,panel_direct_phase_a1000,37d36812,3,495038.79020215024,1000
2,panel_direct_phase_a1000,37d36812,4,231508.32648979206,368
2,panel_direct_phase_a10000,37d36812,0,63234.275167867934,999
2,panel_direct_phase_a10000,37d36812,1,554520.2077511444,1000
2,panel_direct_phase_a10000,37d36812,2,839610.6792090823,1000
2,panel_direct_phase_a10000,37d36812,3,469272.5465940679,1000
2,panel_direct_phase_a10000,37d36812,4,219800.0096829063,368
2,panel_direct_geom_a1000,a5aa7973,0,83705.60650909059,999
2,panel_direct_geom_a1000,a5aa7973,1,26975.505438230954,1000
2,panel_direct_geom_a1000,a5aa7973,2,113976.55886728797,1000
2,panel_direct_geom_a1000,a5aa7973,3,355131.53094674577,1000
2,panel_direct_geom_a1000,a5aa7973,4,243306.3013476912,617
2,panel_direct_raw_gr_a1000,a5aa7973,0,83234.95806645171,999
2,panel_direct_raw_gr_a1000,a5aa7973,1,26996.73160514945,1000
2,panel_direct_raw_gr_a1000,a5aa7973,2,115229.60629642097,1000
2,panel_direct_raw_gr_a1000,a5aa7973,3,356455.49759698607,1000
2,panel_direct_raw_gr_a1000,a5aa7973,4,244963.30145046316,617
2,panel_direct_phase_a100,a5aa7973,0,98263.83217682573,999
2,panel_direct_phase_a100,a5aa7973,1,41576.19012582163,1000
2,panel_direct_phase_a100,a5aa7973,2,77076.74653145093,1000
2,panel_direct_phase_a100,a5aa7973,3,294795.0191906224,1000
2,panel_direct_phase_a100,a5aa7973,4,218144.1917067659,617
2,panel_direct_phase_a1000,a5aa7973,0,85885.73076573167,999
2,panel_direct_phase_a1000,a5aa7973,1,26904.839234187162,1000
2,panel_direct_phase_a1000,a5aa7973,2,113023.31066351107,1000
2,panel_direct_phase_a1000,a5aa7973,3,365635.2394453251,1000
2,panel_direct_phase_a1000,a5aa7973,4,255441.58763066132,617
2,panel_direct_phase_a10000,a5aa7973,0,68837.22583670956,999
2,panel_direct_phase_a10000,a5aa7973,1,24183.38591235481,1000
2,panel_direct_phase_a10000,a5aa7973,2,139175.676238672,1000
2,panel_direct_phase_a10000,a5aa7973,3,401913.7899185793,1000
2,panel_direct_phase_a10000,a5aa7973,4,268781.0908674166,617
2,panel_direct_geom_a1000,8612b37f,0,82872.55483105933,999
2,panel_direct_geom_a1000,8612b37f,1,22909.948796144774,1000
2,panel_direct_geom_a1000,8612b37f,2,63317.44522709819,1000
2,panel_direct_geom_a1000,8612b37f,3,1240896.942083739,1000
2,panel_direct_geom_a1000,8612b37f,4,739097.8130932006,1000
2,panel_direct_geom_a1000,8612b37f,5,4726.362380812506,166
2,panel_direct_raw_gr_a1000,8612b37f,0,82984.16207052536,999
2,panel_direct_raw_gr_a1000,8612b37f,1,21888.458824228546,1000
2,panel_direct_raw_gr_a1000,8612b37f,2,61980.87797790405,1000
2,panel_direct_raw_gr_a1000,8612b37f,3,1248476.4181927412,1000
2,panel_direct_raw_gr_a1000,8612b37f,4,746104.6722831102,1000
2,panel_direct_raw_gr_a1000,8612b37f,5,4455.023647176237,166
2,panel_direct_phase_a100,8612b37f,0,69353.88723181498,999
2,panel_direct_phase_a100,8612b37f,1,25050.042911078923,1000
2,panel_direct_phase_a100,8612b37f,2,74784.86010312662,1000
2,panel_direct_phase_a100,8612b37f,3,1414857.8139224914,1000
2,panel_direct_phase_a100,8612b37f,4,895526.3930401226,1000
2,panel_direct_phase_a100,8612b37f,5,5593.313247073369,166
2,panel_direct_phase_a1000,8612b37f,0,86119.22136801753,999
2,panel_direct_phase_a1000,8612b37f,1,22080.530754784006,1000
2,panel_direct_phase_a1000,8612b37f,2,64108.85586659509,1000
2,panel_direct_phase_a1000,8612b37f,3,1309551.959992146,1000
2,panel_direct_phase_a1000,8612b37f,4,787041.054920487,1000
2,panel_direct_phase_a1000,8612b37f,5,4098.620222534749,166
2,panel_direct_phase_a10000,8612b37f,0,75077.86877625328,999
2,panel_direct_phase_a10000,8612b37f,1,20741.638203955987,1000
2,panel_direct_phase_a10000,8612b37f,2,53211.952310960776,1000
2,panel_direct_phase_a10000,8612b37f,3,1191518.245215422,1000
2,panel_direct_phase_a10000,8612b37f,4,710307.8120957188,1000
2,panel_direct_phase_a10000,8612b37f,5,4229.555727419747,166
2,panel_direct_geom_a1000,94467f50,0,6583.263880566635,999
2,panel_direct_geom_a1000,94467f50,1,34713.3563274392,1000
2,panel_direct_geom_a1000,94467f50,2,106101.78810794206,1000
2,panel_direct_geom_a1000,94467f50,3,31453.613022142174,36
2,panel_direct_raw_gr_a1000,94467f50,0,6528.0569847817305,999
2,panel_direct_raw_gr_a1000,94467f50,1,32843.27193675693,1000
2,panel_direct_raw_gr_a1000,94467f50,2,106751.41673853349,1000
2,panel_direct_raw_gr_a1000,94467f50,3,31667.015495984215,36
2,panel_direct_phase_a100,94467f50,0,6977.811065387815,999
2,panel_direct_phase_a100,94467f50,1,24140.80945898263,1000
2,panel_direct_phase_a100,94467f50,2,86874.4306461254,1000
2,panel_direct_phase_a100,94467f50,3,25053.537150169243,36
2,panel_direct_phase_a1000,94467f50,0,6649.397245841259,999
2,panel_direct_phase_a1000,94467f50,1,28256.54374837983,1000
2,panel_direct_phase_a1000,94467f50,2,99713.19358486374,1000
2,panel_direct_phase_a1000,94467f50,3,29379.631522435284,36
2,panel_direct_phase_a10000,94467f50,0,5968.291398014802,999
2,panel_direct_phase_a10000,94467f50,1,31011.53620198391,1000
2,panel_direct_phase_a10000,94467f50,2,107198.74058785835,1000
2,panel_direct_phase_a10000,94467f50,3,33375.70807267044,36
2,panel_direct_geom_a1000,14fee784,0,1926.515674146433,999
2,panel_direct_geom_a1000,14fee784,1,461961.02835616714,1000
2,panel_direct_geom_a1000,14fee784,2,916937.5446710888,1000
2,panel_direct_geom_a1000,14fee784,3,478087.8418105763,1000
2,panel_direct_geom_a1000,14fee784,4,172570.46428419978,911
2,panel_direct_raw_gr_a1000,14fee784,0,1935.911352478057,999
2,panel_direct_raw_gr_a1000,14fee784,1,473103.01464723743,1000
2,panel_direct_raw_gr_a1000,14fee784,2,927934.9531985917,1000
2,panel_direct_raw_gr_a1000,14fee784,3,480716.1199527003,1000
2,panel_direct_raw_gr_a1000,14fee784,4,173798.30617096036,911
2,panel_direct_phase_a100,14fee784,0,1527.4211242404244,999
2,panel_direct_phase_a100,14fee784,1,416242.17002327077,1000
2,panel_direct_phase_a100,14fee784,2,855752.2187575357,1000
2,panel_direct_phase_a100,14fee784,3,365928.4370180839,1000
2,panel_direct_phase_a100,14fee784,4,238176.67563424393,911
2,panel_direct_phase_a1000,14fee784,0,2047.759621743099,999
2,panel_direct_phase_a1000,14fee784,1,477413.775449323,1000
2,panel_direct_phase_a1000,14fee784,2,922750.2554649012,1000
2,panel_direct_phase_a1000,14fee784,3,414198.2923482719,1000
2,panel_direct_phase_a1000,14fee784,4,209218.10043439193,911
2,panel_direct_phase_a10000,14fee784,0,2151.1721629430717,999
2,panel_direct_phase_a10000,14fee784,1,515049.7552569845,1000
2,panel_direct_phase_a10000,14fee784,2,987274.4765491451,1000
2,panel_direct_phase_a10000,14fee784,3,505196.6209744743,1000
2,panel_direct_phase_a10000,14fee784,4,164287.46400748802,911
2,panel_direct_geom_a1000,eabc711b,0,3302.8177631785175,999
2,panel_direct_geom_a1000,eabc711b,1,42876.411727344894,1000
2,panel_direct_geom_a1000,eabc711b,2,58285.49465422644,1000
2,panel_direct_geom_a1000,eabc711b,3,351468.2583073661,1000
2,panel_direct_geom_a1000,eabc711b,4,204806.3160752115,1000
2,panel_direct_geom_a1000,eabc711b,5,28622.134396956553,349
2,panel_direct_raw_gr_a1000,eabc711b,0,3284.8500506495416,999
2,panel_direct_raw_gr_a1000,eabc711b,1,47090.90873108336,1000
2,panel_direct_raw_gr_a1000,eabc711b,2,58340.11750332292,1000
2,panel_direct_raw_gr_a1000,eabc711b,3,352195.4583613892,1000
2,panel_direct_raw_gr_a1000,eabc711b,4,204935.37891317447,1000
2,panel_direct_raw_gr_a1000,eabc711b,5,29149.361208638187,349
2,panel_direct_phase_a100,eabc711b,0,724.1133388048892,999
2,panel_direct_phase_a100,eabc711b,1,16536.584475969765,1000
2,panel_direct_phase_a100,eabc711b,2,40264.07051376715,1000
2,panel_direct_phase_a100,eabc711b,3,383771.2227226059,1000
2,panel_direct_phase_a100,eabc711b,4,218501.18896359782,1000
2,panel_direct_phase_a100,eabc711b,5,32173.339562595702,349
2,panel_direct_phase_a1000,eabc711b,0,3657.5646207210452,999
2,panel_direct_phase_a1000,eabc711b,1,60890.06568738604,1000
2,panel_direct_phase_a1000,eabc711b,2,65245.5189117358,1000
2,panel_direct_phase_a1000,eabc711b,3,332024.03649533336,1000
2,panel_direct_phase_a1000,eabc711b,4,193732.8468895058,1000
2,panel_direct_phase_a1000,eabc711b,5,31745.575813974257,349
2,panel_direct_phase_a10000,eabc711b,0,2729.7081109704864,999
2,panel_direct_phase_a10000,eabc711b,1,40707.24429637543,1000
2,panel_direct_phase_a10000,eabc711b,2,57368.322870206706,1000
2,panel_direct_phase_a10000,eabc711b,3,372495.53263455705,1000
2,panel_direct_phase_a10000,eabc711b,4,215850.44773618667,1000
2,panel_direct_phase_a10000,eabc711b,5,28350.57451040648,349
2,panel_direct_geom_a1000,bd2c2f34,0,2299.695495399306,999
2,panel_direct_geom_a1000,bd2c2f34,1,1594.345030962466,1000
2,panel_direct_geom_a1000,bd2c2f34,2,9482.536009800455,1000
2,panel_direct_geom_a1000,bd2c2f34,3,15545.446521191816,1000
2,panel_direct_geom_a1000,bd2c2f34,4,31684.896945027718,1000
2,panel_direct_geom_a1000,bd2c2f34,5,75896.87792024577,1000
2,panel_direct_geom_a1000,bd2c2f34,6,134497.96590746116,1000
2,panel_direct_geom_a1000,bd2c2f34,7,5121.866933119827,1000
2,panel_direct_geom_a1000,bd2c2f34,8,1599.5384875901461,1000
2,panel_direct_geom_a1000,bd2c2f34,9,37337.19620817046,824
2,panel_direct_raw_gr_a1000,bd2c2f34,0,2306.4544285240995,999
2,panel_direct_raw_gr_a1000,bd2c2f34,1,1597.10550587562,1000
2,panel_direct_raw_gr_a1000,bd2c2f34,2,9117.94812155865,1000
2,panel_direct_raw_gr_a1000,bd2c2f34,3,15792.579495148788,1000
2,panel_direct_raw_gr_a1000,bd2c2f34,4,31676.55043381473,1000
2,panel_direct_raw_gr_a1000,bd2c2f34,5,74690.38549720345,1000
2,panel_direct_raw_gr_a1000,bd2c2f34,6,132646.9569688787,1000
2,panel_direct_raw_gr_a1000,bd2c2f34,7,5153.905104983328,1000
2,panel_direct_raw_gr_a1000,bd2c2f34,8,1600.991821795708,1000
2,panel_direct_raw_gr_a1000,bd2c2f34,9,37346.008856083026,824
2,panel_direct_phase_a100,bd2c2f34,0,3169.0414737092615,999
2,panel_direct_phase_a100,bd2c2f34,1,6985.7120247952835,1000
2,panel_direct_phase_a100,bd2c2f34,2,16363.47102164081,1000
2,panel_direct_phase_a100,bd2c2f34,3,25235.88821228555,1000
2,panel_direct_phase_a100,bd2c2f34,4,27433.702815603065,1000
2,panel_direct_phase_a100,bd2c2f34,5,85403.46197974405,1000
2,panel_direct_phase_a100,bd2c2f34,6,181687.77776262126,1000
2,panel_direct_phase_a100,bd2c2f34,7,9592.892260865383,1000
2,panel_direct_phase_a100,bd2c2f34,8,8796.886308938123,1000
2,panel_direct_phase_a100,bd2c2f34,9,11105.529282229701,824
2,panel_direct_phase_a1000,bd2c2f34,0,2267.6512246324446,999
2,panel_direct_phase_a1000,bd2c2f34,1,1550.8794731850112,1000
2,panel_direct_phase_a1000,bd2c2f34,2,9398.626884097403,1000
2,panel_direct_phase_a1000,bd2c2f34,3,18671.909149185478,1000
2,panel_direct_phase_a1000,bd2c2f34,4,31306.23435214794,1000
2,panel_direct_phase_a1000,bd2c2f34,5,77901.96716488377,1000
2,panel_direct_phase_a1000,bd2c2f34,6,141058.2489878956,1000
2,panel_direct_phase_a1000,bd2c2f34,7,4946.472327697617,1000
2,panel_direct_phase_a1000,bd2c2f34,8,1478.6302355969797,1000
2,panel_direct_phase_a1000,bd2c2f34,9,34417.15557025461,824
2,panel_direct_phase_a10000,bd2c2f34,0,2261.72688016326,999
2,panel_direct_phase_a10000,bd2c2f34,1,1864.676257563276,1000
2,panel_direct_phase_a10000,bd2c2f34,2,12650.463769831873,1000
2,panel_direct_phase_a10000,bd2c2f34,3,22445.551771353432,1000
2,panel_direct_phase_a10000,bd2c2f34,4,27325.153888716857,1000
2,panel_direct_phase_a10000,bd2c2f34,5,72607.89748692357,1000
2,panel_direct_phase_a10000,bd2c2f34,6,128673.8541845753,1000
2,panel_direct_phase_a10000,bd2c2f34,7,5202.357248190607,1000
2,panel_direct_phase_a10000,bd2c2f34,8,1695.972026991649,1000
2,panel_direct_phase_a10000,bd2c2f34,9,38699.31702252966,824
2,panel_direct_geom_a1000,d9d6d94d,0,41377.33410819095,999
2,panel_direct_geom_a1000,d9d6d94d,1,59019.51389447695,1000
2,panel_direct_geom_a1000,d9d6d94d,2,189515.87975122433,1000
2,panel_direct_geom_a1000,d9d6d94d,3,28371.904521525747,1000
2,panel_direct_geom_a1000,d9d6d94d,4,128104.44293075531,920
2,panel_direct_raw_gr_a1000,d9d6d94d,0,41454.556068314385,999
2,panel_direct_raw_gr_a1000,d9d6d94d,1,59031.22900434721,1000
2,panel_direct_raw_gr_a1000,d9d6d94d,2,189750.06191414426,1000
2,panel_direct_raw_gr_a1000,d9d6d94d,3,27952.156154236938,1000
2,panel_direct_raw_gr_a1000,d9d6d94d,4,130237.09109118539,920
2,panel_direct_phase_a100,d9d6d94d,0,33968.81753475175,999
2,panel_direct_phase_a100,d9d6d94d,1,54764.57372999709,1000
2,panel_direct_phase_a100,d9d6d94d,2,218234.01068057367,1000
2,panel_direct_phase_a100,d9d6d94d,3,17300.580438037363,1000
2,panel_direct_phase_a100,d9d6d94d,4,98154.86996778096,920
2,panel_direct_phase_a1000,d9d6d94d,0,41826.73845567242,999
2,panel_direct_phase_a1000,d9d6d94d,1,56622.02851409186,1000
2,panel_direct_phase_a1000,d9d6d94d,2,194039.21357741675,1000
2,panel_direct_phase_a1000,d9d6d94d,3,24535.994208054737,1000
2,panel_direct_phase_a1000,d9d6d94d,4,119938.55746839503,920
2,panel_direct_phase_a10000,d9d6d94d,0,43478.25179026724,999
2,panel_direct_phase_a10000,d9d6d94d,1,50387.579560322294,1000
2,panel_direct_phase_a10000,d9d6d94d,2,166098.49558511827,1000
2,panel_direct_phase_a10000,d9d6d94d,3,35051.90014583942,1000
2,panel_direct_phase_a10000,d9d6d94d,4,140934.68769373998,920
2,panel_direct_geom_a1000,dd64382d,0,8259.011619141675,999
2,panel_direct_geom_a1000,dd64382d,1,11547.488029635831,1000
2,panel_direct_geom_a1000,dd64382d,2,41543.28698242193,1000
2,panel_direct_geom_a1000,dd64382d,3,27450.444208997418,125
2,panel_direct_raw_gr_a1000,dd64382d,0,8258.831736522056,999
2,panel_direct_raw_gr_a1000,dd64382d,1,12580.814416814615,1000
2,panel_direct_raw_gr_a1000,dd64382d,2,42119.69726574836,1000
2,panel_direct_raw_gr_a1000,dd64382d,3,27794.725098686104,125
2,panel_direct_phase_a100,dd64382d,0,15870.593422178761,999
2,panel_direct_phase_a100,dd64382d,1,16027.93905452399,1000
2,panel_direct_phase_a100,dd64382d,2,34770.02575587542,1000
2,panel_direct_phase_a100,dd64382d,3,22981.011774261813,125
2,panel_direct_phase_a1000,dd64382d,0,7954.18437555266,999
2,panel_direct_phase_a1000,dd64382d,1,9312.163007631167,1000
2,panel_direct_phase_a1000,dd64382d,2,32397.42022387369,1000
2,panel_direct_phase_a1000,dd64382d,3,23545.317794040686,125
2,panel_direct_phase_a10000,dd64382d,0,4173.200847658938,999
2,panel_direct_phase_a10000,dd64382d,1,5203.345546269753,1000
2,panel_direct_phase_a10000,dd64382d,2,29667.477649455454,1000
2,panel_direct_phase_a10000,dd64382d,3,23192.545283697862,125
2,panel_direct_geom_a1000,c42fe306,0,9206.295060252016,999
2,panel_direct_geom_a1000,c42fe306,1,7071.018535102822,1000
2,panel_direct_geom_a1000,c42fe306,2,4693.375991105996,1000
2,panel_direct_geom_a1000,c42fe306,3,151376.40877834163,1000
2,panel_direct_geom_a1000,c42fe306,4,464941.6703070905,1000
2,panel_direct_geom_a1000,c42fe306,5,62079.58470659239,96
2,panel_direct_raw_gr_a1000,c42fe306,0,9329.560111426328,999
2,panel_direct_raw_gr_a1000,c42fe306,1,7242.576260699267,1000
2,panel_direct_raw_gr_a1000,c42fe306,2,4831.042530042195,1000
2,panel_direct_raw_gr_a1000,c42fe306,3,153389.1822314032,1000
2,panel_direct_raw_gr_a1000,c42fe306,4,465005.394977827,1000
2,panel_direct_raw_gr_a1000,c42fe306,5,61877.109278882286,96
2,panel_direct_phase_a100,c42fe306,0,4629.68642004114,999
2,panel_direct_phase_a100,c42fe306,1,6116.278087504463,1000
2,panel_direct_phase_a100,c42fe306,2,5564.146314234023,1000
2,panel_direct_phase_a100,c42fe306,3,166575.73706854027,1000
2,panel_direct_phase_a100,c42fe306,4,473128.87806233234,1000
2,panel_direct_phase_a100,c42fe306,5,59756.6701629942,96
2,panel_direct_phase_a1000,c42fe306,0,8865.450686763284,999
2,panel_direct_phase_a1000,c42fe306,1,7634.750379912533,1000
2,panel_direct_phase_a1000,c42fe306,2,5175.528250218135,1000
2,panel_direct_phase_a1000,c42fe306,3,161590.49897078137,1000
2,panel_direct_phase_a1000,c42fe306,4,469952.56888115674,1000
2,panel_direct_phase_a1000,c42fe306,5,61269.08503767326,96
2,panel_direct_phase_a10000,c42fe306,0,9715.846354537814,999
2,panel_direct_phase_a10000,c42fe306,1,7575.0338328386515,1000
2,panel_direct_phase_a10000,c42fe306,2,4945.124303600871,1000
2,panel_direct_phase_a10000,c42fe306,3,136078.1385222799,1000
2,panel_direct_phase_a10000,c42fe306,4,445429.35163427924,1000
2,panel_direct_phase_a10000,c42fe306,5,61398.7001773376,96
2,panel_direct_geom_a1000,7ff89f8f,0,7141.700060155373,999
2,panel_direct_geom_a1000,7ff89f8f,1,2567.427830654367,1000
2,panel_direct_geom_a1000,7ff89f8f,2,86840.8716815523,1000
2,panel_direct_geom_a1000,7ff89f8f,3,305898.5642033093,1000
2,panel_direct_geom_a1000,7ff89f8f,4,554468.2939232786,1000
2,panel_direct_geom_a1000,7ff89f8f,5,413795.5737776699,1000
2,panel_direct_geom_a1000,7ff89f8f,6,126727.15253847376,1000
2,panel_direct_geom_a1000,7ff89f8f,7,56914.47333009681,338
2,panel_direct_raw_gr_a1000,7ff89f8f,0,7086.520836640132,999
2,panel_direct_raw_gr_a1000,7ff89f8f,1,2481.510249009625,1000
2,panel_direct_raw_gr_a1000,7ff89f8f,2,87328.95551823398,1000
2,panel_direct_raw_gr_a1000,7ff89f8f,3,299500.06925350474,1000
2,panel_direct_raw_gr_a1000,7ff89f8f,4,551216.1177506215,1000
2,panel_direct_raw_gr_a1000,7ff89f8f,5,413469.59462914633,1000
2,panel_direct_raw_gr_a1000,7ff89f8f,6,126539.13839077139,1000
2,panel_direct_raw_gr_a1000,7ff89f8f,7,56554.04879854545,338
2,panel_direct_phase_a100,7ff89f8f,0,12654.123632626599,999
2,panel_direct_phase_a100,7ff89f8f,1,4264.5731506528045,1000
2,panel_direct_phase_a100,7ff89f8f,2,56984.05977954619,1000
2,panel_direct_phase_a100,7ff89f8f,3,208764.11384372786,1000
2,panel_direct_phase_a100,7ff89f8f,4,445504.911525852,1000
2,panel_direct_phase_a100,7ff89f8f,5,312086.9867366189,1000
2,panel_direct_phase_a100,7ff89f8f,6,131150.28427873104,1000
2,panel_direct_phase_a100,7ff89f8f,7,44909.159857137165,338
2,panel_direct_phase_a1000,7ff89f8f,0,7093.993433902233,999
2,panel_direct_phase_a1000,7ff89f8f,1,3048.101776988439,1000
2,panel_direct_phase_a1000,7ff89f8f,2,80665.2678862383,1000
2,panel_direct_phase_a1000,7ff89f8f,3,275616.62473236735,1000
2,panel_direct_phase_a1000,7ff89f8f,4,521536.2543266674,1000
2,panel_direct_phase_a1000,7ff89f8f,5,381311.58962285647,1000
2,panel_direct_phase_a1000,7ff89f8f,6,126535.38097277605,1000
2,panel_direct_phase_a1000,7ff89f8f,7,55246.27091189066,338
2,panel_direct_phase_a10000,7ff89f8f,0,10195.427034020153,999
2,panel_direct_phase_a10000,7ff89f8f,1,3319.4276249106165,1000
2,panel_direct_phase_a10000,7ff89f8f,2,76068.41119980944,1000
2,panel_direct_phase_a10000,7ff89f8f,3,276989.416859774,1000
2,panel_direct_phase_a10000,7ff89f8f,4,530398.217908567,1000
2,panel_direct_phase_a10000,7ff89f8f,5,401789.22427013103,1000
2,panel_direct_phase_a10000,7ff89f8f,6,123858.22809315813,1000
2,panel_direct_phase_a10000,7ff89f8f,7,58783.49589645009,338
2,panel_direct_geom_a1000,8478df29,0,128839.08592742622,999
2,panel_direct_geom_a1000,8478df29,1,169236.3940573217,1000
2,panel_direct_geom_a1000,8478df29,2,185078.41043736166,1000
2,panel_direct_geom_a1000,8478df29,3,122768.39233350173,1000
2,panel_direct_geom_a1000,8478df29,4,116097.90568529327,858
2,panel_direct_raw_gr_a1000,8478df29,0,129323.10071678682,999
2,panel_direct_raw_gr_a1000,8478df29,1,171371.1165036601,1000
2,panel_direct_raw_gr_a1000,8478df29,2,185074.42795952584,1000
2,panel_direct_raw_gr_a1000,8478df29,3,122837.99291016784,1000
2,panel_direct_raw_gr_a1000,8478df29,4,115875.21876007158,858
2,panel_direct_phase_a100,8478df29,0,46479.443243151174,999
2,panel_direct_phase_a100,8478df29,1,76708.10927794455,1000
2,panel_direct_phase_a100,8478df29,2,113168.32643175879,1000
2,panel_direct_phase_a100,8478df29,3,70486.56061269065,1000
2,panel_direct_phase_a100,8478df29,4,75898.97344580675,858
2,panel_direct_phase_a1000,8478df29,0,122286.62929533198,999
2,panel_direct_phase_a1000,8478df29,1,163666.36104338677,1000
2,panel_direct_phase_a1000,8478df29,2,180632.09614647133,1000
2,panel_direct_phase_a1000,8478df29,3,120109.99763947727,1000
2,panel_direct_phase_a1000,8478df29,4,113633.3023076062,858
2,panel_direct_phase_a10000,8478df29,0,169374.76268822525,999
2,panel_direct_phase_a10000,8478df29,1,214018.36038436147,1000
2,panel_direct_phase_a10000,8478df29,2,222101.8700963921,1000
2,panel_direct_phase_a10000,8478df29,3,152019.92433934292,1000
2,panel_direct_phase_a10000,8478df29,4,134874.26642160877,858
2,panel_direct_geom_a1000,5eae34a8,0,5521.35726977156,999
2,panel_direct_geom_a1000,5eae34a8,1,16324.609540334812,1000
2,panel_direct_geom_a1000,5eae34a8,2,101687.47077997564,1000
2,panel_direct_geom_a1000,5eae34a8,3,66651.71774318443,1000
2,panel_direct_geom_a1000,5eae34a8,4,62166.14752309899,905
2,panel_direct_raw_gr_a1000,5eae34a8,0,5482.49549804437,999
2,panel_direct_raw_gr_a1000,5eae34a8,1,17139.144844647955,1000
2,panel_direct_raw_gr_a1000,5eae34a8,2,100853.15199503805,1000
2,panel_direct_raw_gr_a1000,5eae34a8,3,65226.3416727848,1000
2,panel_direct_raw_gr_a1000,5eae34a8,4,60734.44301305679,905
2,panel_direct_phase_a100,5eae34a8,0,2190.3803438786986,999
2,panel_direct_phase_a100,5eae34a8,1,16856.316217038293,1000
2,panel_direct_phase_a100,5eae34a8,2,138922.09280525276,1000
2,panel_direct_phase_a100,5eae34a8,3,33909.955046953524,1000
2,panel_direct_phase_a100,5eae34a8,4,24448.441510407938,905
2,panel_direct_phase_a1000,5eae34a8,0,4520.699282452217,999
2,panel_direct_phase_a1000,5eae34a8,1,14563.183708385262,1000
2,panel_direct_phase_a1000,5eae34a8,2,115463.50401383093,1000
2,panel_direct_phase_a1000,5eae34a8,3,52888.9424532839,1000
2,panel_direct_phase_a1000,5eae34a8,4,46079.613564460116,905
2,panel_direct_phase_a10000,5eae34a8,0,9433.117185053585,999
2,panel_direct_phase_a10000,5eae34a8,1,21954.73761698528,1000
2,panel_direct_phase_a10000,5eae34a8,2,119633.86350186329,1000
2,panel_direct_phase_a10000,5eae34a8,3,55000.74037707696,1000
2,panel_direct_phase_a10000,5eae34a8,4,51902.6555283537,905
2,panel_direct_geom_a1000,5a1a8fd8,0,61973.99762545976,999
2,panel_direct_geom_a1000,5a1a8fd8,1,557091.39099719,1000
2,panel_direct_geom_a1000,5a1a8fd8,2,158030.37921644634,1000
2,panel_direct_geom_a1000,5a1a8fd8,3,81081.0857475379,1000
2,panel_direct_geom_a1000,5a1a8fd8,4,124756.96897805127,1000
2,panel_direct_geom_a1000,5a1a8fd8,5,21540.211411937526,261
2,panel_direct_raw_gr_a1000,5a1a8fd8,0,62423.97336237267,999
2,panel_direct_raw_gr_a1000,5a1a8fd8,1,559179.392487182,1000
2,panel_direct_raw_gr_a1000,5a1a8fd8,2,159564.52212835586,1000
2,panel_direct_raw_gr_a1000,5a1a8fd8,3,81472.36385138752,1000
2,panel_direct_raw_gr_a1000,5a1a8fd8,4,123876.86095467862,1000
2,panel_direct_raw_gr_a1000,5a1a8fd8,5,22133.60166593574,261
2,panel_direct_phase_a100,5a1a8fd8,0,41847.29105344238,999
2,panel_direct_phase_a100,5a1a8fd8,1,438516.76479537116,1000
2,panel_direct_phase_a100,5a1a8fd8,2,136262.94941105516,1000
2,panel_direct_phase_a100,5a1a8fd8,3,72055.29467433573,1000
2,panel_direct_phase_a100,5a1a8fd8,4,120846.57999875039,1000
2,panel_direct_phase_a100,5a1a8fd8,5,23555.857983864535,261
2,panel_direct_phase_a1000,5a1a8fd8,0,61670.592995641455,999
2,panel_direct_phase_a1000,5a1a8fd8,1,555287.342558083,1000
2,panel_direct_phase_a1000,5a1a8fd8,2,162494.6070302524,1000
2,panel_direct_phase_a1000,5a1a8fd8,3,81226.2334049044,1000
2,panel_direct_phase_a1000,5a1a8fd8,4,124109.71798622819,1000
2,panel_direct_phase_a1000,5a1a8fd8,5,22382.847269437025,261
2,panel_direct_phase_a10000,5a1a8fd8,0,60060.03387286874,999
2,panel_direct_phase_a10000,5a1a8fd8,1,538364.8497752775,1000
2,panel_direct_phase_a10000,5a1a8fd8,2,143425.24187757424,1000
2,panel_direct_phase_a10000,5a1a8fd8,3,69333.51188801535,1000
2,panel_direct_phase_a10000,5a1a8fd8,4,115045.0524025478,1000
2,panel_direct_phase_a10000,5a1a8fd8,5,21043.123906062312,261
2,panel_direct_geom_a1000,940e709a,0,8745.67699717949,999
2,panel_direct_geom_a1000,940e709a,1,30342.404618752193,1000
2,panel_direct_geom_a1000,940e709a,2,65943.6157499332,1000
2,panel_direct_geom_a1000,940e709a,3,953.0616525683624,349
2,panel_direct_raw_gr_a1000,940e709a,0,8661.840059044487,999
2,panel_direct_raw_gr_a1000,940e709a,1,30624.72497228443,1000
2,panel_direct_raw_gr_a1000,940e709a,2,66218.39450430969,1000
2,panel_direct_raw_gr_a1000,940e709a,3,931.3491943445249,349
2,panel_direct_phase_a100,940e709a,0,20310.88412944769,999
2,panel_direct_phase_a100,940e709a,1,56838.37486478,1000
2,panel_direct_phase_a100,940e709a,2,112093.68201160779,1000
2,panel_direct_phase_a100,940e709a,3,793.8301073034874,349
2,panel_direct_phase_a1000,940e709a,0,10513.81794417485,999
2,panel_direct_phase_a1000,940e709a,1,36183.93566683377,1000
2,panel_direct_phase_a1000,940e709a,2,77873.16962757238,1000
2,panel_direct_phase_a1000,940e709a,3,531.8924417842693,349
2,panel_direct_phase_a10000,940e709a,0,5311.682294041886,999
2,panel_direct_phase_a10000,940e709a,1,24478.541981526065,1000
2,panel_direct_phase_a10000,940e709a,2,53095.985711649206,1000
2,panel_direct_phase_a10000,940e709a,3,2322.9941220142036,349
2,panel_direct_geom_a1000,7bb17b96,0,14807.635107200265,999
2,panel_direct_geom_a1000,7bb17b96,1,68540.47255491427,1000
2,panel_direct_geom_a1000,7bb17b96,2,459343.4426119445,1000
2,panel_direct_geom_a1000,7bb17b96,3,400875.57182134234,923
2,panel_direct_raw_gr_a1000,7bb17b96,0,14774.894524641091,999
2,panel_direct_raw_gr_a1000,7bb17b96,1,72343.45943734284,1000
2,panel_direct_raw_gr_a1000,7bb17b96,2,462168.49863621546,1000
2,panel_direct_raw_gr_a1000,7bb17b96,3,400100.69434878946,923
2,panel_direct_phase_a100,7bb17b96,0,873.5917085642917,999
2,panel_direct_phase_a100,7bb17b96,1,36430.33476136207,1000
2,panel_direct_phase_a100,7bb17b96,2,363161.6886951136,1000
2,panel_direct_phase_a100,7bb17b96,3,295110.6596048249,923
2,panel_direct_phase_a1000,7bb17b96,0,11569.650206302182,999
2,panel_direct_phase_a1000,7bb17b96,1,76036.36532571304,1000
2,panel_direct_phase_a1000,7bb17b96,2,457732.7434074358,1000
2,panel_direct_phase_a1000,7bb17b96,3,375717.0283783549,923
2,panel_direct_phase_a10000,7bb17b96,0,25241.386758880002,999
2,panel_direct_phase_a10000,7bb17b96,1,95733.25859452138,1000
2,panel_direct_phase_a10000,7bb17b96,2,514647.0506785592,1000
2,panel_direct_phase_a10000,7bb17b96,3,440580.11042737233,923
2,panel_direct_geom_a1000,e149204f,0,18408.75773407224,999
2,panel_direct_geom_a1000,e149204f,1,5672.605761115015,1000
2,panel_direct_geom_a1000,e149204f,2,30581.658716388305,1000
2,panel_direct_geom_a1000,e149204f,3,18784.058691753973,1000
2,panel_direct_geom_a1000,e149204f,4,40871.96595692137,1000
2,panel_direct_geom_a1000,e149204f,5,17570.63421079886,1000
2,panel_direct_geom_a1000,e149204f,6,4.89146198770891,98
2,panel_direct_raw_gr_a1000,e149204f,0,18323.76806256412,999
2,panel_direct_raw_gr_a1000,e149204f,1,7152.788951925494,1000
2,panel_direct_raw_gr_a1000,e149204f,2,29143.114579587087,1000
2,panel_direct_raw_gr_a1000,e149204f,3,19457.59557871364,1000
2,panel_direct_raw_gr_a1000,e149204f,4,42282.71390847021,1000
2,panel_direct_raw_gr_a1000,e149204f,5,18392.06698988986,1000
2,panel_direct_raw_gr_a1000,e149204f,6,31.102918267329308,98
2,panel_direct_phase_a100,e149204f,0,25899.428246831616,999
2,panel_direct_phase_a100,e149204f,1,26509.556981070346,1000
2,panel_direct_phase_a100,e149204f,2,26389.827237130245,1000
2,panel_direct_phase_a100,e149204f,3,39812.986672855935,1000
2,panel_direct_phase_a100,e149204f,4,68327.38328930644,1000
2,panel_direct_phase_a100,e149204f,5,33234.04348219138,1000
2,panel_direct_phase_a100,e149204f,6,219.7509204799587,98
2,panel_direct_phase_a1000,e149204f,0,18993.254424878596,999
2,panel_direct_phase_a1000,e149204f,1,11152.122771496319,1000
2,panel_direct_phase_a1000,e149204f,2,35061.39449263093,1000
2,panel_direct_phase_a1000,e149204f,3,33205.40533782605,1000
2,panel_direct_phase_a1000,e149204f,4,60423.73183930899,1000
2,panel_direct_phase_a1000,e149204f,5,22187.62545683305,1000
2,panel_direct_phase_a1000,e149204f,6,20.38202822063881,98
2,panel_direct_phase_a10000,e149204f,0,23898.346638170362,999
2,panel_direct_phase_a10000,e149204f,1,9829.535704262358,1000
2,panel_direct_phase_a10000,e149204f,2,26019.921894100262,1000
2,panel_direct_phase_a10000,e149204f,3,16403.57941509859,1000
2,panel_direct_phase_a10000,e149204f,4,37844.112961296116,1000
2,panel_direct_phase_a10000,e149204f,5,19181.499437869243,1000
2,panel_direct_phase_a10000,e149204f,6,4.362692956445227,98
2,panel_direct_geom_a1000,22c5f93f,0,6396.413192897076,999
2,panel_direct_geom_a1000,22c5f93f,1,166209.98536258613,1000
2,panel_direct_geom_a1000,22c5f93f,2,32175.347950096027,1000
2,panel_direct_geom_a1000,22c5f93f,3,7820.036778024631,1000
2,panel_direct_geom_a1000,22c5f93f,4,13964.459282001919,1000
2,panel_direct_geom_a1000,22c5f93f,5,11656.498136171766,173
2,panel_direct_raw_gr_a1000,22c5f93f,0,6327.869792808294,999
2,panel_direct_raw_gr_a1000,22c5f93f,1,162512.6049043203,1000
2,panel_direct_raw_gr_a1000,22c5f93f,2,33042.6548520874,1000
2,panel_direct_raw_gr_a1000,22c5f93f,3,8157.88262333536,1000
2,panel_direct_raw_gr_a1000,22c5f93f,4,14406.979826547731,1000
2,panel_direct_raw_gr_a1000,22c5f93f,5,11260.903971770036,173
2,panel_direct_phase_a100,22c5f93f,0,6795.458194256285,999
2,panel_direct_phase_a100,22c5f93f,1,174951.39802177125,1000
2,panel_direct_phase_a100,22c5f93f,2,16075.134971842323,1000
2,panel_direct_phase_a100,22c5f93f,3,4565.152434459772,1000
2,panel_direct_phase_a100,22c5f93f,4,16848.746035008182,1000
2,panel_direct_phase_a100,22c5f93f,5,10092.502566163072,173
2,panel_direct_phase_a1000,22c5f93f,0,6352.302212400964,999
2,panel_direct_phase_a1000,22c5f93f,1,138238.03879628598,1000
2,panel_direct_phase_a1000,22c5f93f,2,44934.155784305134,1000
2,panel_direct_phase_a1000,22c5f93f,3,10761.309967440284,1000
2,panel_direct_phase_a1000,22c5f93f,4,12646.31582511352,1000
2,panel_direct_phase_a1000,22c5f93f,5,10378.505584804869,173
2,panel_direct_phase_a10000,22c5f93f,0,6292.328157014385,999
2,panel_direct_phase_a10000,22c5f93f,1,176752.2892042396,1000
2,panel_direct_phase_a10000,22c5f93f,2,29419.32741766344,1000
2,panel_direct_phase_a10000,22c5f93f,3,5523.7513049557665,1000
2,panel_direct_phase_a10000,22c5f93f,4,17084.954404289914,1000
2,panel_direct_phase_a10000,22c5f93f,5,11828.54074506998,173
2,panel_direct_geom_a1000,2e43c2ea,0,22378.511616581403,999
2,panel_direct_geom_a1000,2e43c2ea,1,33987.21790554901,1000
2,panel_direct_geom_a1000,2e43c2ea,2,132132.43805981614,1000
2,panel_direct_geom_a1000,2e43c2ea,3,77941.91450707361,1000
2,panel_direct_geom_a1000,2e43c2ea,4,48307.42020398886,1000
2,panel_direct_geom_a1000,2e43c2ea,5,49684.54205548588,699
2,panel_direct_raw_gr_a1000,2e43c2ea,0,22680.081124381664,999
2,panel_direct_raw_gr_a1000,2e43c2ea,1,29222.671371749886,1000
2,panel_direct_raw_gr_a1000,2e43c2ea,2,126719.56145061267,1000
2,panel_direct_raw_gr_a1000,2e43c2ea,3,75887.38382373464,1000
2,panel_direct_raw_gr_a1000,2e43c2ea,4,48711.685187667055,1000
2,panel_direct_raw_gr_a1000,2e43c2ea,5,48543.79211006132,699
2,panel_direct_phase_a100,2e43c2ea,0,5944.112451667188,999
2,panel_direct_phase_a100,2e43c2ea,1,14630.907180236909,1000
2,panel_direct_phase_a100,2e43c2ea,2,74718.23645156754,1000
2,panel_direct_phase_a100,2e43c2ea,3,38341.33900212108,1000
2,panel_direct_phase_a100,2e43c2ea,4,17022.31270599062,1000
2,panel_direct_phase_a100,2e43c2ea,5,12328.726277297468,699
2,panel_direct_phase_a1000,2e43c2ea,0,16037.88775657837,999
2,panel_direct_phase_a1000,2e43c2ea,1,21695.100783392743,1000
2,panel_direct_phase_a1000,2e43c2ea,2,101520.07353808107,1000
2,panel_direct_phase_a1000,2e43c2ea,3,64427.450803075204,1000
2,panel_direct_phase_a1000,2e43c2ea,4,32003.847504062513,1000
2,panel_direct_phase_a1000,2e43c2ea,5,15706.741750101737,699
2,panel_direct_phase_a10000,2e43c2ea,0,31814.056630421226,999
2,panel_direct_phase_a10000,2e43c2ea,1,23371.29862127738,1000
2,panel_direct_phase_a10000,2e43c2ea,2,108217.45220482412,1000
2,panel_direct_phase_a10000,2e43c2ea,3,67227.2114580894,1000
2,panel_direct_phase_a10000,2e43c2ea,4,40063.08411845043,1000
2,panel_direct_phase_a10000,2e43c2ea,5,41409.800964937196,699
2,panel_direct_geom_a1000,44a94013,0,362769.66569423117,999
2,panel_direct_geom_a1000,44a94013,1,386137.37101827597,1000
2,panel_direct_geom_a1000,44a94013,2,325741.35961947707,1000
2,panel_direct_geom_a1000,44a94013,3,87684.59965740895,1000
2,panel_direct_geom_a1000,44a94013,4,1204732.377961074,904
2,panel_direct_raw_gr_a1000,44a94013,0,362737.310362604,999
2,panel_direct_raw_gr_a1000,44a94013,1,395316.2243570293,1000
2,panel_direct_raw_gr_a1000,44a94013,2,328931.4952489187,1000
2,panel_direct_raw_gr_a1000,44a94013,3,86687.71940718748,1000
2,panel_direct_raw_gr_a1000,44a94013,4,1202674.964707482,904
2,panel_direct_phase_a100,44a94013,0,208368.92316813758,999
2,panel_direct_phase_a100,44a94013,1,333060.16735891474,1000
2,panel_direct_phase_a100,44a94013,2,343228.4224228104,1000
2,panel_direct_phase_a100,44a94013,3,61142.16871449339,1000
2,panel_direct_phase_a100,44a94013,4,1132313.1716900233,904
2,panel_direct_phase_a1000,44a94013,0,341996.65954437293,999
2,panel_direct_phase_a1000,44a94013,1,407091.5930656508,1000
2,panel_direct_phase_a1000,44a94013,2,348714.4325885954,1000
2,panel_direct_phase_a1000,44a94013,3,74443.51475961076,1000
2,panel_direct_phase_a1000,44a94013,4,1176653.0922257104,904
2,panel_direct_phase_a10000,44a94013,0,418897.9463984421,999
2,panel_direct_phase_a10000,44a94013,1,439274.4470477881,1000
2,panel_direct_phase_a10000,44a94013,2,365529.3979724019,1000
2,panel_direct_phase_a10000,44a94013,3,102561.05132243081,1000
2,panel_direct_phase_a10000,44a94013,4,1236021.8822318173,904
2,panel_direct_geom_a1000,2b547943,0,3865.2659658578473,999
2,panel_direct_geom_a1000,2b547943,1,163679.49658673297,1000
2,panel_direct_geom_a1000,2b547943,2,200695.06796742705,1000
2,panel_direct_geom_a1000,2b547943,3,73070.40406924888,481
2,panel_direct_raw_gr_a1000,2b547943,0,3874.6420887151344,999
2,panel_direct_raw_gr_a1000,2b547943,1,160505.01024702087,1000
2,panel_direct_raw_gr_a1000,2b547943,2,199484.6685789988,1000
2,panel_direct_raw_gr_a1000,2b547943,3,72818.14807295946,481
2,panel_direct_phase_a100,2b547943,0,977.1341026309188,999
2,panel_direct_phase_a100,2b547943,1,167794.47619999136,1000
2,panel_direct_phase_a100,2b547943,2,207995.1315838999,1000
2,panel_direct_phase_a100,2b547943,3,76203.13914282047,481
2,panel_direct_phase_a1000,2b547943,0,3813.3219835194977,999
2,panel_direct_phase_a1000,2b547943,1,151408.09229380309,1000
2,panel_direct_phase_a1000,2b547943,2,189581.24176960523,1000
2,panel_direct_phase_a1000,2b547943,3,71085.13219346436,481
2,panel_direct_phase_a10000,2b547943,0,2783.737961718332,999
2,panel_direct_phase_a10000,2b547943,1,181479.83206611688,1000
2,panel_direct_phase_a10000,2b547943,2,219843.67057622812,1000
2,panel_direct_phase_a10000,2b547943,3,81360.40088797909,481
2,panel_direct_geom_a1000,d07aed8f,0,6352.306441847249,999
2,panel_direct_geom_a1000,d07aed8f,1,51445.782185214586,1000
2,panel_direct_geom_a1000,d07aed8f,2,7923.788547332867,958
2,panel_direct_raw_gr_a1000,d07aed8f,0,6407.426034131612,999
2,panel_direct_raw_gr_a1000,d07aed8f,1,51193.87651606771,1000
2,panel_direct_raw_gr_a1000,d07aed8f,2,7890.6251609019,958
2,panel_direct_phase_a100,d07aed8f,0,11762.167848992076,999
2,panel_direct_phase_a100,d07aed8f,1,75921.19230348647,1000
2,panel_direct_phase_a100,d07aed8f,2,24499.95359441609,958
2,panel_direct_phase_a1000,d07aed8f,0,7696.010748751055,999
2,panel_direct_phase_a1000,d07aed8f,1,59039.0994640151,1000
2,panel_direct_phase_a1000,d07aed8f,2,10378.031293887117,958
2,panel_direct_phase_a10000,d07aed8f,0,9037.532127404193,999
2,panel_direct_phase_a10000,d07aed8f,1,62114.03983471917,1000
2,panel_direct_phase_a10000,d07aed8f,2,10801.290909492238,958
2,panel_direct_geom_a1000,6ede926a,0,10827.117703512016,999
2,panel_direct_geom_a1000,6ede926a,1,73827.10242121937,1000
2,panel_direct_geom_a1000,6ede926a,2,35831.67903963055,1000
2,panel_direct_geom_a1000,6ede926a,3,84328.195153542,1000
2,panel_direct_geom_a1000,6ede926a,4,135108.56534819133,939
2,panel_direct_raw_gr_a1000,6ede926a,0,10858.574522997611,999
2,panel_direct_raw_gr_a1000,6ede926a,1,75426.1835668062,1000
2,panel_direct_raw_gr_a1000,6ede926a,2,36428.83859552947,1000
2,panel_direct_raw_gr_a1000,6ede926a,3,82059.88848728733,1000
2,panel_direct_raw_gr_a1000,6ede926a,4,134289.24649228482,939
2,panel_direct_phase_a100,6ede926a,0,6788.659283154827,999
2,panel_direct_phase_a100,6ede926a,1,57466.68354550423,1000
2,panel_direct_phase_a100,6ede926a,2,27510.641553988808,1000
2,panel_direct_phase_a100,6ede926a,3,76407.42749145061,1000
2,panel_direct_phase_a100,6ede926a,4,136644.3716323393,939
2,panel_direct_phase_a1000,6ede926a,0,10788.685467390322,999
2,panel_direct_phase_a1000,6ede926a,1,71736.05431236929,1000
2,panel_direct_phase_a1000,6ede926a,2,34496.876583294565,1000
2,panel_direct_phase_a1000,6ede926a,3,81433.15644170796,1000
2,panel_direct_phase_a1000,6ede926a,4,134252.0537671024,939
2,panel_direct_phase_a10000,6ede926a,0,15097.2048694997,999
2,panel_direct_phase_a10000,6ede926a,1,63103.54557092077,1000
2,panel_direct_phase_a10000,6ede926a,2,30607.16856624086,1000
2,panel_direct_phase_a10000,6ede926a,3,73275.98448748578,1000
2,panel_direct_phase_a10000,6ede926a,4,123066.59592357444,939
2,panel_direct_geom_a1000,529e88ca,0,9686.046812126313,999
2,panel_direct_geom_a1000,529e88ca,1,372545.8000270732,1000
2,panel_direct_geom_a1000,529e88ca,2,465744.5543204324,1000
2,panel_direct_geom_a1000,529e88ca,3,105715.96671079956,418
2,panel_direct_raw_gr_a1000,529e88ca,0,9701.556602647488,999
2,panel_direct_raw_gr_a1000,529e88ca,1,360117.2594056216,1000
2,panel_direct_raw_gr_a1000,529e88ca,2,461363.0827449619,1000
2,panel_direct_raw_gr_a1000,529e88ca,3,103492.03725037091,418
2,panel_direct_phase_a100,529e88ca,0,44394.53804710525,999
2,panel_direct_phase_a100,529e88ca,1,628504.5256642733,1000
2,panel_direct_phase_a100,529e88ca,2,701968.0182111108,1000
2,panel_direct_phase_a100,529e88ca,3,205425.18869000638,418
2,panel_direct_phase_a1000,529e88ca,0,4329.608085505133,999
2,panel_direct_phase_a1000,529e88ca,1,421362.6814658336,1000
2,panel_direct_phase_a1000,529e88ca,2,469565.86869277176,1000
2,panel_direct_phase_a1000,529e88ca,3,103846.9988687168,418
2,panel_direct_phase_a10000,529e88ca,0,21326.882721884816,999
2,panel_direct_phase_a10000,529e88ca,1,340464.9634016319,1000
2,panel_direct_phase_a10000,529e88ca,2,400560.312961431,1000
2,panel_direct_phase_a10000,529e88ca,3,82730.8743557276,418
2,panel_direct_geom_a1000,09441b8d,0,6051.743739436364,999
2,panel_direct_geom_a1000,09441b8d,1,202410.9603654754,1000
2,panel_direct_geom_a1000,09441b8d,2,677659.2747517223,1000
2,panel_direct_geom_a1000,09441b8d,3,290354.73786437,1000
2,panel_direct_geom_a1000,09441b8d,4,22803.681879718464,1000
2,panel_direct_geom_a1000,09441b8d,5,13801.251281798584,489
2,panel_direct_raw_gr_a1000,09441b8d,0,6163.089306929127,999
2,panel_direct_raw_gr_a1000,09441b8d,1,202786.96049404892,1000
2,panel_direct_raw_gr_a1000,09441b8d,2,676630.6345470054,1000
2,panel_direct_raw_gr_a1000,09441b8d,3,289952.03505560546,1000
2,panel_direct_raw_gr_a1000,09441b8d,4,22938.9264627826,1000
2,panel_direct_raw_gr_a1000,09441b8d,5,13613.71300665762,489
2,panel_direct_phase_a100,09441b8d,0,2410.1550043226252,999
2,panel_direct_phase_a100,09441b8d,1,150057.57224821285,1000
2,panel_direct_phase_a100,09441b8d,2,573666.9703898758,1000
2,panel_direct_phase_a100,09441b8d,3,226257.5428845454,1000
2,panel_direct_phase_a100,09441b8d,4,23204.619268994567,1000
2,panel_direct_phase_a100,09441b8d,5,15006.25490520632,489
2,panel_direct_phase_a1000,09441b8d,0,3677.0244006038024,999
2,panel_direct_phase_a1000,09441b8d,1,178648.20024349194,1000
2,panel_direct_phase_a1000,09441b8d,2,619492.0844282849,1000
2,panel_direct_phase_a1000,09441b8d,3,252021.3574853252,1000
2,panel_direct_phase_a1000,09441b8d,4,19195.812293038798,1000
2,panel_direct_phase_a1000,09441b8d,5,13062.263298873326,489
2,panel_direct_phase_a10000,09441b8d,0,9773.842994851506,999
2,panel_direct_phase_a10000,09441b8d,1,220436.33667831897,1000
2,panel_direct_phase_a10000,09441b8d,2,711753.4942959922,1000
2,panel_direct_phase_a10000,09441b8d,3,313117.5534923449,1000
2,panel_direct_phase_a10000,09441b8d,4,27102.12171444294,1000
2,panel_direct_phase_a10000,09441b8d,5,14598.511325487976,489
2,panel_direct_geom_a1000,4121c517,0,243584.4091543455,999
2,panel_direct_geom_a1000,4121c517,1,153384.63464984845,1000
2,panel_direct_geom_a1000,4121c517,2,107980.97179961267,1000
2,panel_direct_geom_a1000,4121c517,3,46497.45488281103,724
2,panel_direct_raw_gr_a1000,4121c517,0,243493.59729241868,999
2,panel_direct_raw_gr_a1000,4121c517,1,160486.44344610674,1000
2,panel_direct_raw_gr_a1000,4121c517,2,108414.24356599712,1000
2,panel_direct_raw_gr_a1000,4121c517,3,43800.307955934426,724
2,panel_direct_phase_a100,4121c517,0,189657.55354389708,999
2,panel_direct_phase_a100,4121c517,1,189411.34554588425,1000
2,panel_direct_phase_a100,4121c517,2,92732.45162683561,1000
2,panel_direct_phase_a100,4121c517,3,76185.35024542383,724
2,panel_direct_phase_a1000,4121c517,0,233978.26872822136,999
2,panel_direct_phase_a1000,4121c517,1,138925.85557695822,1000
2,panel_direct_phase_a1000,4121c517,2,93055.22996926971,1000
2,panel_direct_phase_a1000,4121c517,3,55118.67174288125,724
2,panel_direct_phase_a10000,4121c517,0,226501.8280646923,999
2,panel_direct_phase_a10000,4121c517,1,120657.07992024488,1000
2,panel_direct_phase_a10000,4121c517,2,93494.48777707094,1000
2,panel_direct_phase_a10000,4121c517,3,43946.32559418178,724
2,panel_direct_geom_a1000,58850d2c,0,62345.645344510114,999
2,panel_direct_geom_a1000,58850d2c,1,283225.2429561234,1000
2,panel_direct_geom_a1000,58850d2c,2,288139.21008292714,1000
2,panel_direct_geom_a1000,58850d2c,3,211508.4159156784,1000
2,panel_direct_geom_a1000,58850d2c,4,155870.02736766552,996
2,panel_direct_raw_gr_a1000,58850d2c,0,62725.48072896636,999
2,panel_direct_raw_gr_a1000,58850d2c,1,290468.7557703296,1000
2,panel_direct_raw_gr_a1000,58850d2c,2,293575.4792107629,1000
2,panel_direct_raw_gr_a1000,58850d2c,3,209735.53861995382,1000
2,panel_direct_raw_gr_a1000,58850d2c,4,156675.60994982894,996
2,panel_direct_phase_a100,58850d2c,0,97056.50165980219,999
2,panel_direct_phase_a100,58850d2c,1,311732.9582742617,1000
2,panel_direct_phase_a100,58850d2c,2,285441.47331333114,1000
2,panel_direct_phase_a100,58850d2c,3,261656.14128134117,1000
2,panel_direct_phase_a100,58850d2c,4,248379.48238824226,996
2,panel_direct_phase_a1000,58850d2c,0,63512.16285093431,999
2,panel_direct_phase_a1000,58850d2c,1,258815.6799953402,1000
2,panel_direct_phase_a1000,58850d2c,2,262472.26039742277,1000
2,panel_direct_phase_a1000,58850d2c,3,223424.0280598894,1000
2,panel_direct_phase_a1000,58850d2c,4,179394.18584110498,996
2,panel_direct_phase_a10000,58850d2c,0,70276.2961004784,999
2,panel_direct_phase_a10000,58850d2c,1,298558.80342084897,1000
2,panel_direct_phase_a10000,58850d2c,2,301235.7579918518,1000
2,panel_direct_phase_a10000,58850d2c,3,228631.59411442102,1000
2,panel_direct_phase_a10000,58850d2c,4,168229.70021472243,996
2,panel_direct_geom_a1000,d273674e,0,8447.669552195921,999
2,panel_direct_geom_a1000,d273674e,1,14287.133937350163,1000
2,panel_direct_geom_a1000,d273674e,2,3413.3656479044434,1000
2,panel_direct_geom_a1000,d273674e,3,14115.11295039638,900
2,panel_direct_raw_gr_a1000,d273674e,0,8522.404680815162,999
2,panel_direct_raw_gr_a1000,d273674e,1,15897.51758916193,1000
2,panel_direct_raw_gr_a1000,d273674e,2,3488.458835930353,1000
2,panel_direct_raw_gr_a1000,d273674e,3,14788.52780214892,900
2,panel_direct_phase_a100,d273674e,0,1690.2577599632582,999
2,panel_direct_phase_a100,d273674e,1,21100.363760792763,1000
2,panel_direct_phase_a100,d273674e,2,2970.3420318678122,1000
2,panel_direct_phase_a100,d273674e,3,13347.891572583776,900
2,panel_direct_phase_a1000,d273674e,0,7646.646708448665,999
2,panel_direct_phase_a1000,d273674e,1,13020.037364051206,1000
2,panel_direct_phase_a1000,d273674e,2,2403.489468081278,1000
2,panel_direct_phase_a1000,d273674e,3,13321.413900617457,900
2,panel_direct_phase_a10000,d273674e,0,6132.1005640344665,999
2,panel_direct_phase_a10000,d273674e,1,17466.917380073428,1000
2,panel_direct_phase_a10000,d273674e,2,3860.5204272117403,1000
2,panel_direct_phase_a10000,d273674e,3,13736.963438095587,900
2,panel_direct_geom_a1000,cbb406b5,0,108093.50662358025,999
2,panel_direct_geom_a1000,cbb406b5,1,297562.83887229336,1000
2,panel_direct_geom_a1000,cbb406b5,2,317480.6019443413,1000
2,panel_direct_geom_a1000,cbb406b5,3,66078.020686474,1000
2,panel_direct_geom_a1000,cbb406b5,4,4385.579842647952,1000
2,panel_direct_geom_a1000,cbb406b5,5,107764.26772904549,1000
2,panel_direct_geom_a1000,cbb406b5,6,10386.719320599976,329
2,panel_direct_raw_gr_a1000,cbb406b5,0,108596.51467366614,999
2,panel_direct_raw_gr_a1000,cbb406b5,1,293610.8659792727,1000
2,panel_direct_raw_gr_a1000,cbb406b5,2,315820.1487412674,1000
2,panel_direct_raw_gr_a1000,cbb406b5,3,65621.31307762009,1000
2,panel_direct_raw_gr_a1000,cbb406b5,4,4421.886930958504,1000
2,panel_direct_raw_gr_a1000,cbb406b5,5,108813.22715661506,1000
2,panel_direct_raw_gr_a1000,cbb406b5,6,10890.17988389575,329
2,panel_direct_phase_a100,cbb406b5,0,67994.16427702573,999
2,panel_direct_phase_a100,cbb406b5,1,309416.92839713924,1000
2,panel_direct_phase_a100,cbb406b5,2,354827.7049524259,1000
2,panel_direct_phase_a100,cbb406b5,3,81152.41517261205,1000
2,panel_direct_phase_a100,cbb406b5,4,15359.837428983006,1000
2,panel_direct_phase_a100,cbb406b5,5,150056.72128726062,1000
2,panel_direct_phase_a100,cbb406b5,6,21830.0326575342,329
2,panel_direct_phase_a1000,cbb406b5,0,105930.0159497517,999
2,panel_direct_phase_a1000,cbb406b5,1,299759.87520752096,1000
2,panel_direct_phase_a1000,cbb406b5,2,322463.8664929547,1000
2,panel_direct_phase_a1000,cbb406b5,3,67946.0160213021,1000
2,panel_direct_phase_a1000,cbb406b5,4,5429.399020054841,1000
2,panel_direct_phase_a1000,cbb406b5,5,111493.55634823293,1000
2,panel_direct_phase_a1000,cbb406b5,6,11352.220136483196,329
2,panel_direct_phase_a10000,cbb406b5,0,105746.33419997749,999
2,panel_direct_phase_a10000,cbb406b5,1,273949.4726267548,1000
2,panel_direct_phase_a10000,cbb406b5,2,290049.554790381,1000
2,panel_direct_phase_a10000,cbb406b5,3,59098.55996183022,1000
2,panel_direct_phase_a10000,cbb406b5,4,3107.408753924223,1000
2,panel_direct_phase_a10000,cbb406b5,5,103170.88313416975,1000
2,panel_direct_phase_a10000,cbb406b5,6,9472.391568965666,329
2,panel_direct_geom_a1000,c03d4aed,0,17908.76952475862,999
2,panel_direct_geom_a1000,c03d4aed,1,393626.81507435074,1000
2,panel_direct_geom_a1000,c03d4aed,2,107249.49562780227,1000
2,panel_direct_geom_a1000,c03d4aed,3,50634.717915328256,1000
2,panel_direct_geom_a1000,c03d4aed,4,7544.572940509749,642
2,panel_direct_raw_gr_a1000,c03d4aed,0,18112.351788162716,999
2,panel_direct_raw_gr_a1000,c03d4aed,1,390322.5381836782,1000
2,panel_direct_raw_gr_a1000,c03d4aed,2,109032.56481836074,1000
2,panel_direct_raw_gr_a1000,c03d4aed,3,50500.854509702265,1000
2,panel_direct_raw_gr_a1000,c03d4aed,4,7792.18278466817,642
2,panel_direct_phase_a100,c03d4aed,0,18978.270485249777,999
2,panel_direct_phase_a100,c03d4aed,1,196300.15085361255,1000
2,panel_direct_phase_a100,c03d4aed,2,88185.72941888498,1000
2,panel_direct_phase_a100,c03d4aed,3,24600.582074958416,1000
2,panel_direct_phase_a100,c03d4aed,4,19314.953612169116,642
2,panel_direct_phase_a1000,c03d4aed,0,17755.44669798202,999
2,panel_direct_phase_a1000,c03d4aed,1,349738.7584303513,1000
2,panel_direct_phase_a1000,c03d4aed,2,114460.96182262796,1000
2,panel_direct_phase_a1000,c03d4aed,3,43686.903121795454,1000
2,panel_direct_phase_a1000,c03d4aed,4,10020.271638816079,642
2,panel_direct_phase_a10000,c03d4aed,0,21854.623706323877,999
2,panel_direct_phase_a10000,c03d4aed,1,454883.0688221904,1000
2,panel_direct_phase_a10000,c03d4aed,2,133323.02824370813,1000
2,panel_direct_phase_a10000,c03d4aed,3,64879.877947189285,1000
2,panel_direct_phase_a10000,c03d4aed,4,6304.348633765212,642
2,panel_direct_geom_a1000,9283ae69,0,57785.10716407186,999
2,panel_direct_geom_a1000,9283ae69,1,90846.10178911923,1000
2,panel_direct_geom_a1000,9283ae69,2,21382.620214879295,1000
2,panel_direct_geom_a1000,9283ae69,3,397.31722367410066,372
2,panel_direct_raw_gr_a1000,9283ae69,0,57867.45686058791,999
2,panel_direct_raw_gr_a1000,9283ae69,1,89103.7809598068,1000
2,panel_direct_raw_gr_a1000,9283ae69,2,21268.068197403878,1000
2,panel_direct_raw_gr_a1000,9283ae69,3,464.33441397958916,372
2,panel_direct_phase_a100,9283ae69,0,79866.15190099046,999
2,panel_direct_phase_a100,9283ae69,1,133694.0584902186,1000
2,panel_direct_phase_a100,9283ae69,2,35584.72483834476,1000
2,panel_direct_phase_a100,9283ae69,3,1119.5322396496072,372
2,panel_direct_phase_a1000,9283ae69,0,62026.59745784595,999
2,panel_direct_phase_a1000,9283ae69,1,95293.88681148527,1000
2,panel_direct_phase_a1000,9283ae69,2,22354.2656819375,1000
2,panel_direct_phase_a1000,9283ae69,3,116.7526317250222,372
2,panel_direct_phase_a10000,9283ae69,0,48725.958569770184,999
2,panel_direct_phase_a10000,9283ae69,1,71022.36390539825,1000
2,panel_direct_phase_a10000,9283ae69,2,20493.435809471554,1000
2,panel_direct_phase_a10000,9283ae69,3,1512.230254374011,372
2,panel_direct_geom_a1000,999daf80,0,43177.046689988776,999
2,panel_direct_geom_a1000,999daf80,1,64074.26428212379,1000
2,panel_direct_geom_a1000,999daf80,2,7899.488389035789,1000
2,panel_direct_geom_a1000,999daf80,3,478.40243718283796,565
2,panel_direct_raw_gr_a1000,999daf80,0,43319.548042761824,999
2,panel_direct_raw_gr_a1000,999daf80,1,72164.85060898158,1000
2,panel_direct_raw_gr_a1000,999daf80,2,8923.551427846762,1000
2,panel_direct_raw_gr_a1000,999daf80,3,466.59794241106493,565
2,panel_direct_phase_a100,999daf80,0,11980.436020312325,999
2,panel_direct_phase_a100,999daf80,1,31668.215305946567,1000
2,panel_direct_phase_a100,999daf80,2,5389.728912359476,1000
2,panel_direct_phase_a100,999daf80,3,437.93158667372916,565
2,panel_direct_phase_a1000,999daf80,0,37444.92444317506,999
2,panel_direct_phase_a1000,999daf80,1,76926.59185641806,1000
2,panel_direct_phase_a1000,999daf80,2,15656.159829225791,1000
2,panel_direct_phase_a1000,999daf80,3,117.12819701537629,565
2,panel_direct_phase_a10000,999daf80,0,39874.633132981435,999
2,panel_direct_phase_a10000,999daf80,1,62125.96915976303,1000
2,panel_direct_phase_a10000,999daf80,2,6459.136244311018,1000
2,panel_direct_phase_a10000,999daf80,3,1388.0354794021182,565
2,panel_direct_geom_a1000,3d96d897,0,415.18794835944345,999
2,panel_direct_geom_a1000,3d96d897,1,11201.434599442982,1000
2,panel_direct_geom_a1000,3d96d897,2,12992.210181766426,1000
2,panel_direct_geom_a1000,3d96d897,3,31628.074870143955,1000
2,panel_direct_geom_a1000,3d96d897,4,31789.555669082492,1000
2,panel_direct_geom_a1000,3d96d897,5,12451.953928944564,660
2,panel_direct_raw_gr_a1000,3d96d897,0,437.6343323684142,999
2,panel_direct_raw_gr_a1000,3d96d897,1,11994.230622104229,1000
2,panel_direct_raw_gr_a1000,3d96d897,2,13257.003226792027,1000
2,panel_direct_raw_gr_a1000,3d96d897,3,30817.64886998461,1000
2,panel_direct_raw_gr_a1000,3d96d897,4,30203.405167983987,1000
2,panel_direct_raw_gr_a1000,3d96d897,5,12486.245399979714,660
2,panel_direct_phase_a100,3d96d897,0,1663.1420624522818,999
2,panel_direct_phase_a100,3d96d897,1,4279.163048781407,1000
2,panel_direct_phase_a100,3d96d897,2,4240.622815141579,1000
2,panel_direct_phase_a100,3d96d897,3,18086.93226878552,1000
2,panel_direct_phase_a100,3d96d897,4,19847.003552345745,1000
2,panel_direct_phase_a100,3d96d897,5,11635.543734341123,660
2,panel_direct_phase_a1000,3d96d897,0,418.4391464233055,999
2,panel_direct_phase_a1000,3d96d897,1,12395.733604506135,1000
2,panel_direct_phase_a1000,3d96d897,2,12509.660823968114,1000
2,panel_direct_phase_a1000,3d96d897,3,27776.103988186755,1000
2,panel_direct_phase_a1000,3d96d897,4,27142.665737644184,1000
2,panel_direct_phase_a1000,3d96d897,5,12801.789985603906,660
2,panel_direct_phase_a10000,3d96d897,0,493.47359950377034,999
2,panel_direct_phase_a10000,3d96d897,1,9076.476903526156,1000
2,panel_direct_phase_a10000,3d96d897,2,9398.954777457324,1000
2,panel_direct_phase_a10000,3d96d897,3,23568.312936722596,1000
2,panel_direct_phase_a10000,3d96d897,4,25442.256706016775,1000
2,panel_direct_phase_a10000,3d96d897,5,13695.857821172207,660
2,panel_direct_geom_a1000,f8f59188,0,14001.52263704126,999
2,panel_direct_geom_a1000,f8f59188,1,12684.16141129094,1000
2,panel_direct_geom_a1000,f8f59188,2,38724.09243331993,1000
2,panel_direct_geom_a1000,f8f59188,3,186001.8117311848,1000
2,panel_direct_geom_a1000,f8f59188,4,36110.47157555345,808
2,panel_direct_raw_gr_a1000,f8f59188,0,14091.94891271961,999
2,panel_direct_raw_gr_a1000,f8f59188,1,13061.202498976221,1000
2,panel_direct_raw_gr_a1000,f8f59188,2,38599.29375139263,1000
2,panel_direct_raw_gr_a1000,f8f59188,3,186016.68395086148,1000
2,panel_direct_raw_gr_a1000,f8f59188,4,36053.28758073807,808
2,panel_direct_phase_a100,f8f59188,0,8158.852823111908,999
2,panel_direct_phase_a100,f8f59188,1,27222.685371622498,1000
2,panel_direct_phase_a100,f8f59188,2,55545.66769087801,1000
2,panel_direct_phase_a100,f8f59188,3,233412.38526551658,1000
2,panel_direct_phase_a100,f8f59188,4,57568.21937527028,808
2,panel_direct_phase_a1000,f8f59188,0,15385.067001035124,999
2,panel_direct_phase_a1000,f8f59188,1,17866.52414506641,1000
2,panel_direct_phase_a1000,f8f59188,2,42597.363014812734,1000
2,panel_direct_phase_a1000,f8f59188,3,195486.79624394208,1000
2,panel_direct_phase_a1000,f8f59188,4,39655.63155147404,808
2,panel_direct_phase_a10000,f8f59188,0,12157.208206425714,999
2,panel_direct_phase_a10000,f8f59188,1,8089.393351980636,1000
2,panel_direct_phase_a10000,f8f59188,2,33093.743001610004,1000
2,panel_direct_phase_a10000,f8f59188,3,165341.66009975542,1000
2,panel_direct_phase_a10000,f8f59188,4,30255.40469749915,808
2,panel_direct_geom_a1000,d5df0ff5,0,155204.90718749023,999
2,panel_direct_geom_a1000,d5df0ff5,1,237227.96318325345,1000
2,panel_direct_geom_a1000,d5df0ff5,2,194509.5072309796,1000
2,panel_direct_geom_a1000,d5df0ff5,3,259428.14543499373,1000
2,panel_direct_geom_a1000,d5df0ff5,4,15443.53316634383,33
2,panel_direct_raw_gr_a1000,d5df0ff5,0,155260.20645853464,999
2,panel_direct_raw_gr_a1000,d5df0ff5,1,237736.97448114536,1000
2,panel_direct_raw_gr_a1000,d5df0ff5,2,194736.57848429037,1000
2,panel_direct_raw_gr_a1000,d5df0ff5,3,260311.64640843822,1000
2,panel_direct_raw_gr_a1000,d5df0ff5,4,15446.187453290082,33
2,panel_direct_phase_a100,d5df0ff5,0,79491.93844721024,999
2,panel_direct_phase_a100,d5df0ff5,1,153643.79793330294,1000
2,panel_direct_phase_a100,d5df0ff5,2,154259.0333132122,1000
2,panel_direct_phase_a100,d5df0ff5,3,216780.06341029465,1000
2,panel_direct_phase_a100,d5df0ff5,4,12944.45840167791,33
2,panel_direct_phase_a1000,d5df0ff5,0,155077.1702901918,999
2,panel_direct_phase_a1000,d5df0ff5,1,239407.7290310437,1000
2,panel_direct_phase_a1000,d5df0ff5,2,197243.82702587763,1000
2,panel_direct_phase_a1000,d5df0ff5,3,263438.0888581793,1000
2,panel_direct_phase_a1000,d5df0ff5,4,15561.856065846318,33
2,panel_direct_phase_a10000,d5df0ff5,0,195157.17913178177,999
2,panel_direct_phase_a10000,d5df0ff5,1,286193.55920096795,1000
2,panel_direct_phase_a10000,d5df0ff5,2,228091.37785988094,1000
2,panel_direct_phase_a10000,d5df0ff5,3,296546.7325159618,1000
2,panel_direct_phase_a10000,d5df0ff5,4,17222.76764433146,33
2,panel_direct_geom_a1000,d40f61d5,0,54546.54287251835,999
2,panel_direct_geom_a1000,d40f61d5,1,30345.279187277592,1000
2,panel_direct_geom_a1000,d40f61d5,2,7093.592519163121,1000
2,panel_direct_geom_a1000,d40f61d5,3,655.6870702396121,1000
2,panel_direct_geom_a1000,d40f61d5,4,1.0401789278188696,40
2,panel_direct_raw_gr_a1000,d40f61d5,0,54506.28013552196,999
2,panel_direct_raw_gr_a1000,d40f61d5,1,30508.9048388931,1000
2,panel_direct_raw_gr_a1000,d40f61d5,2,7353.414489374574,1000
2,panel_direct_raw_gr_a1000,d40f61d5,3,727.9155741695677,1000
2,panel_direct_raw_gr_a1000,d40f61d5,4,3.537121266352545,40
2,panel_direct_phase_a100,d40f61d5,0,36810.715303218756,999
2,panel_direct_phase_a100,d40f61d5,1,22558.05792306104,1000
2,panel_direct_phase_a100,d40f61d5,2,8147.6757509270765,1000
2,panel_direct_phase_a100,d40f61d5,3,6061.482478579431,1000
2,panel_direct_phase_a100,d40f61d5,4,226.1573167757471,40
2,panel_direct_phase_a1000,d40f61d5,0,51865.48150202443,999
2,panel_direct_phase_a1000,d40f61d5,1,29297.962497177457,1000
2,panel_direct_phase_a1000,d40f61d5,2,8284.072796420282,1000
2,panel_direct_phase_a1000,d40f61d5,3,2867.3448065630496,1000
2,panel_direct_phase_a1000,d40f61d5,4,71.65329243675134,40
2,panel_direct_phase_a10000,d40f61d5,0,48241.02634896107,999
2,panel_direct_phase_a10000,d40f61d5,1,28018.266352804665,1000
2,panel_direct_phase_a10000,d40f61d5,2,10123.591044761339,1000
2,panel_direct_phase_a10000,d40f61d5,3,199.94060586232672,1000
2,panel_direct_phase_a10000,d40f61d5,4,19.291573642730192,40
2,panel_direct_geom_a1000,4654e7de,0,44216.922571780844,999
2,panel_direct_geom_a1000,4654e7de,1,14746.067053661991,1000
2,panel_direct_geom_a1000,4654e7de,2,48910.977001104766,1000
2,panel_direct_geom_a1000,4654e7de,3,7727.756223622601,1000
2,panel_direct_geom_a1000,4654e7de,4,10103.941047505497,1000
2,panel_direct_geom_a1000,4654e7de,5,12845.577672642645,374
2,panel_direct_raw_gr_a1000,4654e7de,0,44120.382551626855,999
2,panel_direct_raw_gr_a1000,4654e7de,1,13950.31449432579,1000
2,panel_direct_raw_gr_a1000,4654e7de,2,48903.842478532155,1000
2,panel_direct_raw_gr_a1000,4654e7de,3,8028.1662535078585,1000
2,panel_direct_raw_gr_a1000,4654e7de,4,10349.338599249819,1000
2,panel_direct_raw_gr_a1000,4654e7de,5,12589.248293969758,374
2,panel_direct_phase_a100,4654e7de,0,41410.603286055586,999
2,panel_direct_phase_a100,4654e7de,1,19164.843012297722,1000
2,panel_direct_phase_a100,4654e7de,2,37586.02531488804,1000
2,panel_direct_phase_a100,4654e7de,3,9228.233460803658,1000
2,panel_direct_phase_a100,4654e7de,4,10506.430084887912,1000
2,panel_direct_phase_a100,4654e7de,5,10349.943866729129,374
2,panel_direct_phase_a1000,4654e7de,0,44414.48100430789,999
2,panel_direct_phase_a1000,4654e7de,1,12301.7157955982,1000
2,panel_direct_phase_a1000,4654e7de,2,50328.933282665785,1000
2,panel_direct_phase_a1000,4654e7de,3,9795.066158336422,1000
2,panel_direct_phase_a1000,4654e7de,4,10492.397161569304,1000
2,panel_direct_phase_a1000,4654e7de,5,11220.686184307166,374
2,panel_direct_phase_a10000,4654e7de,0,54231.39315955575,999
2,panel_direct_phase_a10000,4654e7de,1,18125.006764901762,1000
2,panel_direct_phase_a10000,4654e7de,2,43007.17860592181,1000
2,panel_direct_phase_a10000,4654e7de,3,5672.749191009577,1000
2,panel_direct_phase_a10000,4654e7de,4,9566.31084292872,1000
2,panel_direct_phase_a10000,4654e7de,5,13235.230433853212,374
2,panel_direct_geom_a1000,0390d174,0,58877.85989491283,999
2,panel_direct_geom_a1000,0390d174,1,69652.98689483663,1000
2,panel_direct_geom_a1000,0390d174,2,85757.2943142632,1000
2,panel_direct_geom_a1000,0390d174,3,107333.52075518375,1000
2,panel_direct_geom_a1000,0390d174,4,32090.379348434893,412
2,panel_direct_raw_gr_a1000,0390d174,0,59004.06196474859,999
2,panel_direct_raw_gr_a1000,0390d174,1,71097.06916450255,1000
2,panel_direct_raw_gr_a1000,0390d174,2,85689.70590319099,1000
2,panel_direct_raw_gr_a1000,0390d174,3,106985.09753688466,1000
2,panel_direct_raw_gr_a1000,0390d174,4,31852.5411056241,412
2,panel_direct_phase_a100,0390d174,0,64743.4445424739,999
2,panel_direct_phase_a100,0390d174,1,114238.52712201912,1000
2,panel_direct_phase_a100,0390d174,2,77410.55045509197,1000
2,panel_direct_phase_a100,0390d174,3,102359.15096325525,1000
2,panel_direct_phase_a100,0390d174,4,39913.17606191041,412
2,panel_direct_phase_a1000,0390d174,0,57549.7058513686,999
2,panel_direct_phase_a1000,0390d174,1,64904.39456648392,1000
2,panel_direct_phase_a1000,0390d174,2,85917.49648491769,1000
2,panel_direct_phase_a1000,0390d174,3,107271.67641046444,1000
2,panel_direct_phase_a1000,0390d174,4,30236.934295521227,412
2,panel_direct_phase_a10000,0390d174,0,49122.70978696132,999
2,panel_direct_phase_a10000,0390d174,1,47283.66012977233,1000
2,panel_direct_phase_a10000,0390d174,2,92435.92189816142,1000
2,panel_direct_phase_a10000,0390d174,3,111006.14182919254,1000
2,panel_direct_phase_a10000,0390d174,4,25487.814171706552,412
2,panel_direct_geom_a1000,577eec7c,0,280423.92333090503,999
2,panel_direct_geom_a1000,577eec7c,1,737750.5522769386,1000
2,panel_direct_geom_a1000,577eec7c,2,303432.93398948334,1000
2,panel_direct_geom_a1000,577eec7c,3,63931.08920017266,1000
2,panel_direct_geom_a1000,577eec7c,4,3480.9510707325326,540
2,panel_direct_raw_gr_a1000,577eec7c,0,279938.59206480713,999
2,panel_direct_raw_gr_a1000,577eec7c,1,734644.0762555329,1000
2,panel_direct_raw_gr_a1000,577eec7c,2,303928.62892835547,1000
2,panel_direct_raw_gr_a1000,577eec7c,3,63696.788126390325,1000
2,panel_direct_raw_gr_a1000,577eec7c,4,3345.4694120431413,540
2,panel_direct_phase_a100,577eec7c,0,194138.29682271573,999
2,panel_direct_phase_a100,577eec7c,1,607930.6569524852,1000
2,panel_direct_phase_a100,577eec7c,2,272614.44997015886,1000
2,panel_direct_phase_a100,577eec7c,3,55330.03149620262,1000
2,panel_direct_phase_a100,577eec7c,4,4458.102329760919,540
2,panel_direct_phase_a1000,577eec7c,0,271761.4336321553,999
2,panel_direct_phase_a1000,577eec7c,1,728646.9951037042,1000
2,panel_direct_phase_a1000,577eec7c,2,300529.19481375994,1000
2,panel_direct_phase_a1000,577eec7c,3,66035.28925135203,1000
2,panel_direct_phase_a1000,577eec7c,4,3260.03825015064,540
2,panel_direct_phase_a10000,577eec7c,0,320916.2087960709,999
2,panel_direct_phase_a10000,577eec7c,1,805652.0444144846,1000
2,panel_direct_phase_a10000,577eec7c,2,334654.45448308287,1000
2,panel_direct_phase_a10000,577eec7c,3,79909.38615463993,1000
2,panel_direct_phase_a10000,577eec7c,4,3022.8153525060875,540
2,panel_direct_geom_a1000,5138a660,0,13340.596531520418,999
2,panel_direct_geom_a1000,5138a660,1,2473.2358318399247,1000
2,panel_direct_geom_a1000,5138a660,2,70515.46637127572,1000
2,panel_direct_geom_a1000,5138a660,3,64726.793676175046,560
2,panel_direct_raw_gr_a1000,5138a660,0,13092.811010666801,999
2,panel_direct_raw_gr_a1000,5138a660,1,2428.9799050318065,1000
2,panel_direct_raw_gr_a1000,5138a660,2,70312.50842064495,1000
2,panel_direct_raw_gr_a1000,5138a660,3,64660.81373603362,560
2,panel_direct_phase_a100,5138a660,0,49125.037867462255,999
2,panel_direct_phase_a100,5138a660,1,35186.82540683833,1000
2,panel_direct_phase_a100,5138a660,2,114117.29609240458,1000
2,panel_direct_phase_a100,5138a660,3,94876.3899079508,560
2,panel_direct_phase_a1000,5138a660,0,24244.380108977744,999
2,panel_direct_phase_a1000,5138a660,1,8570.47918260793,1000
2,panel_direct_phase_a1000,5138a660,2,88626.94905831286,1000
2,panel_direct_phase_a1000,5138a660,3,79319.27314199827,560
2,panel_direct_phase_a10000,5138a660,0,7665.749443401583,999
2,panel_direct_phase_a10000,5138a660,1,2010.9395255626905,1000
2,panel_direct_phase_a10000,5138a660,2,59015.62647289595,1000
2,panel_direct_phase_a10000,5138a660,3,56798.215315071604,560
2,panel_direct_geom_a1000,2d196986,0,6917.547331101537,999
2,panel_direct_geom_a1000,2d196986,1,20665.465044455214,1000
2,panel_direct_geom_a1000,2d196986,2,41132.92180847062,1000
2,panel_direct_geom_a1000,2d196986,3,38527.762186355634,1000
2,panel_direct_geom_a1000,2d196986,4,116546.5788601245,1000
2,panel_direct_geom_a1000,2d196986,5,475907.88500436785,1000
2,panel_direct_geom_a1000,2d196986,6,172281.57142377348,475
2,panel_direct_raw_gr_a1000,2d196986,0,6863.582314611166,999
2,panel_direct_raw_gr_a1000,2d196986,1,20376.031214429502,1000
2,panel_direct_raw_gr_a1000,2d196986,2,41086.98335397453,1000
2,panel_direct_raw_gr_a1000,2d196986,3,39256.05911270675,1000
2,panel_direct_raw_gr_a1000,2d196986,4,116489.63430103032,1000
2,panel_direct_raw_gr_a1000,2d196986,5,480069.06619215786,1000
2,panel_direct_raw_gr_a1000,2d196986,6,171194.692707169,475
2,panel_direct_phase_a100,2d196986,0,11701.12620269592,999
2,panel_direct_phase_a100,2d196986,1,15169.271587369913,1000
2,panel_direct_phase_a100,2d196986,2,57626.574530779726,1000
2,panel_direct_phase_a100,2d196986,3,54716.58883732637,1000
2,panel_direct_phase_a100,2d196986,4,133978.7321461102,1000
2,panel_direct_phase_a100,2d196986,5,515929.4515958442,1000
2,panel_direct_phase_a100,2d196986,6,170890.84626672743,475
2,panel_direct_phase_a1000,2d196986,0,6620.132043387252,999
2,panel_direct_phase_a1000,2d196986,1,19970.603721683307,1000
2,panel_direct_phase_a1000,2d196986,2,40122.223467033364,1000
2,panel_direct_phase_a1000,2d196986,3,37437.923007526355,1000
2,panel_direct_phase_a1000,2d196986,4,115742.25201736914,1000
2,panel_direct_phase_a1000,2d196986,5,480896.22502958745,1000
2,panel_direct_phase_a1000,2d196986,6,172080.4130991737,475
2,panel_direct_phase_a10000,2d196986,0,9055.25380456372,999
2,panel_direct_phase_a10000,2d196986,1,19826.589403166312,1000
2,panel_direct_phase_a10000,2d196986,2,47481.126867925566,1000
2,panel_direct_phase_a10000,2d196986,3,46866.44472938563,1000
2,panel_direct_phase_a10000,2d196986,4,124099.48916171829,1000
2,panel_direct_phase_a10000,2d196986,5,485539.0908298257,1000
2,panel_direct_phase_a10000,2d196986,6,178119.65184863223,475
2,panel_direct_geom_a1000,ab94878e,0,145537.13616242912,999
2,panel_direct_geom_a1000,ab94878e,1,32030.743212727408,1000
2,panel_direct_geom_a1000,ab94878e,2,4930.631893387905,1000
2,panel_direct_geom_a1000,ab94878e,3,16446.925373681635,1000
2,panel_direct_geom_a1000,ab94878e,4,54393.77835950393,1000
2,panel_direct_geom_a1000,ab94878e,5,26076.70008166514,1000
2,panel_direct_geom_a1000,ab94878e,6,107.4329853613904,5
2,panel_direct_raw_gr_a1000,ab94878e,0,145325.65196117424,999
2,panel_direct_raw_gr_a1000,ab94878e,1,29460.19195671746,1000
2,panel_direct_raw_gr_a1000,ab94878e,2,4729.278831594245,1000
2,panel_direct_raw_gr_a1000,ab94878e,3,16934.993271259827,1000
2,panel_direct_raw_gr_a1000,ab94878e,4,54838.87858033021,1000
2,panel_direct_raw_gr_a1000,ab94878e,5,25887.857082640072,1000
2,panel_direct_raw_gr_a1000,ab94878e,6,107.3157807331433,5
2,panel_direct_phase_a100,ab94878e,0,138595.34777567338,999
2,panel_direct_phase_a100,ab94878e,1,118466.9687508729,1000
2,panel_direct_phase_a100,ab94878e,2,22278.071699698135,1000
2,panel_direct_phase_a100,ab94878e,3,8699.390450414789,1000
2,panel_direct_phase_a100,ab94878e,4,37978.472002346745,1000
2,panel_direct_phase_a100,ab94878e,5,15074.691844859593,1000
2,panel_direct_phase_a100,ab94878e,6,6.445314038058962,5
2,panel_direct_phase_a1000,ab94878e,0,148795.37634998944,999
2,panel_direct_phase_a1000,ab94878e,1,48465.491824819626,1000
2,panel_direct_phase_a1000,ab94878e,2,8555.33246543544,1000
2,panel_direct_phase_a1000,ab94878e,3,10390.588840025619,1000
2,panel_direct_phase_a1000,ab94878e,4,38543.686145661275,1000
2,panel_direct_phase_a1000,ab94878e,5,23019.89903548461,1000
2,panel_direct_phase_a1000,ab94878e,6,70.8399120914036,5
2,panel_direct_phase_a10000,ab94878e,0,132747.8253428435,999
2,panel_direct_phase_a10000,ab94878e,1,20836.87990908783,1000
2,panel_direct_phase_a10000,ab94878e,2,6525.561948054736,1000
2,panel_direct_phase_a10000,ab94878e,3,13244.314790791203,1000
2,panel_direct_phase_a10000,ab94878e,4,41216.896528194105,1000
2,panel_direct_phase_a10000,ab94878e,5,22989.8983124773,1000
2,panel_direct_phase_a10000,ab94878e,6,85.30196271153562,5
2,panel_direct_geom_a1000,1e30dedf,0,224.35847804243608,999
2,panel_direct_geom_a1000,1e30dedf,1,6370.7538151043655,1000
2,panel_direct_geom_a1000,1e30dedf,2,177197.1512264794,1000
2,panel_direct_geom_a1000,1e30dedf,3,263215.5933167455,1000
2,panel_direct_geom_a1000,1e30dedf,4,208.71110477374654,72
2,panel_direct_raw_gr_a1000,1e30dedf,0,206.40895605403713,999
2,panel_direct_raw_gr_a1000,1e30dedf,1,6714.77046009915,1000
2,panel_direct_raw_gr_a1000,1e30dedf,2,177616.73037257435,1000
2,panel_direct_raw_gr_a1000,1e30dedf,3,263122.2214592535,1000
2,panel_direct_raw_gr_a1000,1e30dedf,4,199.56202055668473,72
2,panel_direct_phase_a100,1e30dedf,0,24970.82624495364,999
2,panel_direct_phase_a100,1e30dedf,1,26308.37427986528,1000
2,panel_direct_phase_a100,1e30dedf,2,73423.2977384854,1000
2,panel_direct_phase_a100,1e30dedf,3,159079.0356305106,1000
2,panel_direct_phase_a100,1e30dedf,4,1620.159184913597,72
2,panel_direct_phase_a1000,1e30dedf,0,159.5294458042706,999
2,panel_direct_phase_a1000,1e30dedf,1,6322.741866934046,1000
2,panel_direct_phase_a1000,1e30dedf,2,179638.05834421,1000
2,panel_direct_phase_a1000,1e30dedf,3,270478.2066231307,1000
2,panel_direct_phase_a1000,1e30dedf,4,137.38812551249876,72
2,panel_direct_phase_a10000,1e30dedf,0,2684.6427363298885,999
2,panel_direct_phase_a10000,1e30dedf,1,13018.358680445672,1000
2,panel_direct_phase_a10000,1e30dedf,2,228773.9703979198,1000
2,panel_direct_phase_a10000,1e30dedf,3,317653.6680160059,1000
2,panel_direct_phase_a10000,1e30dedf,4,7.0576768377279135,72
2,panel_direct_geom_a1000,d217e0c5,0,5346.666678743865,999
2,panel_direct_geom_a1000,d217e0c5,1,62653.225481535155,1000
2,panel_direct_geom_a1000,d217e0c5,2,43650.41540161329,1000
2,panel_direct_geom_a1000,d217e0c5,3,18731.48071464857,839
2,panel_direct_raw_gr_a1000,d217e0c5,0,5424.560461463323,999
2,panel_direct_raw_gr_a1000,d217e0c5,1,63620.897107912504,1000
2,panel_direct_raw_gr_a1000,d217e0c5,2,43577.053442378216,1000
2,panel_direct_raw_gr_a1000,d217e0c5,3,19058.946828442135,839
2,panel_direct_phase_a100,d217e0c5,0,2417.0866080724936,999
2,panel_direct_phase_a100,d217e0c5,1,47399.10368691332,1000
2,panel_direct_phase_a100,d217e0c5,2,41700.39559909144,1000
2,panel_direct_phase_a100,d217e0c5,3,16601.240450019206,839
2,panel_direct_phase_a1000,d217e0c5,0,6016.088466114897,999
2,panel_direct_phase_a1000,d217e0c5,1,66610.19501382305,1000
2,panel_direct_phase_a1000,d217e0c5,2,47566.720955841876,1000
2,panel_direct_phase_a1000,d217e0c5,3,17827.327609309374,839
2,panel_direct_phase_a10000,d217e0c5,0,3608.3396908268446,999
2,panel_direct_phase_a10000,d217e0c5,1,52618.75153363924,1000
2,panel_direct_phase_a10000,d217e0c5,2,35169.358706298386,1000
2,panel_direct_phase_a10000,d217e0c5,3,22987.44638518103,839
2,panel_direct_geom_a1000,59f8b2e8,0,23141.535885659614,999
2,panel_direct_geom_a1000,59f8b2e8,1,118293.0216793344,1000
2,panel_direct_geom_a1000,59f8b2e8,2,15363.119628529428,1000
2,panel_direct_geom_a1000,59f8b2e8,3,14830.197878797611,748
2,panel_direct_raw_gr_a1000,59f8b2e8,0,22990.305565052244,999
2,panel_direct_raw_gr_a1000,59f8b2e8,1,117876.06018860558,1000
2,panel_direct_raw_gr_a1000,59f8b2e8,2,15888.11212092178,1000
2,panel_direct_raw_gr_a1000,59f8b2e8,3,14920.166790155163,748
2,panel_direct_phase_a100,59f8b2e8,0,25537.493962385408,999
2,panel_direct_phase_a100,59f8b2e8,1,142283.84139562552,1000
2,panel_direct_phase_a100,59f8b2e8,2,44771.83170178093,1000
2,panel_direct_phase_a100,59f8b2e8,3,5892.782458013965,748
2,panel_direct_phase_a1000,59f8b2e8,0,21878.62671138245,999
2,panel_direct_phase_a1000,59f8b2e8,1,115469.18446835068,1000
2,panel_direct_phase_a1000,59f8b2e8,2,22013.70941818525,1000
2,panel_direct_phase_a1000,59f8b2e8,3,13044.66867167261,748
2,panel_direct_phase_a10000,59f8b2e8,0,17778.016824902865,999
2,panel_direct_phase_a10000,59f8b2e8,1,100517.16277444415,1000
2,panel_direct_phase_a10000,59f8b2e8,2,14365.289828585475,1000
2,panel_direct_phase_a10000,59f8b2e8,3,21187.226871562514,748
2,panel_direct_geom_a1000,504c8b08,0,142808.65254038546,999
2,panel_direct_geom_a1000,504c8b08,1,277251.5651749306,1000
2,panel_direct_geom_a1000,504c8b08,2,278999.3047367465,1000
2,panel_direct_geom_a1000,504c8b08,3,563536.5767403771,1000
2,panel_direct_geom_a1000,504c8b08,4,249266.7350378197,1000
2,panel_direct_geom_a1000,504c8b08,5,741800.7372121448,1000
2,panel_direct_geom_a1000,504c8b08,6,266608.50598921656,368
2,panel_direct_raw_gr_a1000,504c8b08,0,143254.92059898193,999
2,panel_direct_raw_gr_a1000,504c8b08,1,270375.4415018083,1000
2,panel_direct_raw_gr_a1000,504c8b08,2,277372.64874513104,1000
2,panel_direct_raw_gr_a1000,504c8b08,3,572218.6132369045,1000
2,panel_direct_raw_gr_a1000,504c8b08,4,252754.43857486223,1000
2,panel_direct_raw_gr_a1000,504c8b08,5,753140.9489921085,1000
2,panel_direct_raw_gr_a1000,504c8b08,6,267299.14675819984,368
2,panel_direct_phase_a100,504c8b08,0,173072.23686245808,999
2,panel_direct_phase_a100,504c8b08,1,398796.7892385094,1000
2,panel_direct_phase_a100,504c8b08,2,338869.56676080177,1000
2,panel_direct_phase_a100,504c8b08,3,616680.6649085531,1000
2,panel_direct_phase_a100,504c8b08,4,290648.58712101233,1000
2,panel_direct_phase_a100,504c8b08,5,910279.6836952202,1000
2,panel_direct_phase_a100,504c8b08,6,304996.78210368595,368
2,panel_direct_phase_a1000,504c8b08,0,156052.16394560982,999
2,panel_direct_phase_a1000,504c8b08,1,314434.6925577231,1000
2,panel_direct_phase_a1000,504c8b08,2,291247.10322779784,1000
2,panel_direct_phase_a1000,504c8b08,3,575524.9718341039,1000
2,panel_direct_phase_a1000,504c8b08,4,263379.67564873525,1000
2,panel_direct_phase_a1000,504c8b08,5,799007.8850611976,1000
2,panel_direct_phase_a1000,504c8b08,6,276736.52894244797,368
2,panel_direct_phase_a10000,504c8b08,0,161618.36965916326,999
2,panel_direct_phase_a10000,504c8b08,1,305138.39708451275,1000
2,panel_direct_phase_a10000,504c8b08,2,304211.59563444246,1000
2,panel_direct_phase_a10000,504c8b08,3,603857.6565007471,1000
2,panel_direct_phase_a10000,504c8b08,4,267484.96793611674,1000
2,panel_direct_phase_a10000,504c8b08,5,761297.2686349066,1000
2,panel_direct_phase_a10000,504c8b08,6,274270.41036844905,368
2,panel_direct_geom_a1000,a08d9e63,0,276584.78518256434,999
2,panel_direct_geom_a1000,a08d9e63,1,760407.3629401933,1000
2,panel_direct_geom_a1000,a08d9e63,2,383460.0765095251,1000
2,panel_direct_geom_a1000,a08d9e63,3,31131.03733135292,686
2,panel_direct_raw_gr_a1000,a08d9e63,0,277177.3506706239,999
2,panel_direct_raw_gr_a1000,a08d9e63,1,757458.1638715637,1000
2,panel_direct_raw_gr_a1000,a08d9e63,2,382907.9617749098,1000
2,panel_direct_raw_gr_a1000,a08d9e63,3,30698.114740697038,686
2,panel_direct_phase_a100,a08d9e63,0,115924.06976297004,999
2,panel_direct_phase_a100,a08d9e63,1,578273.8942023241,1000
2,panel_direct_phase_a100,a08d9e63,2,375403.50802749733,1000
2,panel_direct_phase_a100,a08d9e63,3,33826.36890272497,686
2,panel_direct_phase_a1000,a08d9e63,0,243054.45842467045,999
2,panel_direct_phase_a1000,a08d9e63,1,720832.9313138667,1000
2,panel_direct_phase_a1000,a08d9e63,2,382562.10088091716,1000
2,panel_direct_phase_a1000,a08d9e63,3,32196.111573498518,686
2,panel_direct_phase_a10000,a08d9e63,0,320717.85132460855,999
2,panel_direct_phase_a10000,a08d9e63,1,822955.934455601,1000
2,panel_direct_phase_a10000,a08d9e63,2,415536.44081676274,1000
2,panel_direct_phase_a10000,a08d9e63,3,39811.69346638961,686
2,panel_direct_geom_a1000,1beca81d,0,1260.898604043938,999
2,panel_direct_geom_a1000,1beca81d,1,9507.966991492744,1000
2,panel_direct_geom_a1000,1beca81d,2,71512.74515968852,1000
2,panel_direct_geom_a1000,1beca81d,3,174675.64030569783,1000
2,panel_direct_geom_a1000,1beca81d,4,117722.63573985898,1000
2,panel_direct_geom_a1000,1beca81d,5,349.84216665116406,37
2,panel_direct_raw_gr_a1000,1beca81d,0,1313.7186379101363,999
2,panel_direct_raw_gr_a1000,1beca81d,1,8358.68601051147,1000
2,panel_direct_raw_gr_a1000,1beca81d,2,72762.06485634651,1000
2,panel_direct_raw_gr_a1000,1beca81d,3,173230.82128308841,1000
2,panel_direct_raw_gr_a1000,1beca81d,4,113628.56148098384,1000
2,panel_direct_raw_gr_a1000,1beca81d,5,394.8844763060798,37
2,panel_direct_phase_a100,1beca81d,0,2165.134604565319,999
2,panel_direct_phase_a100,1beca81d,1,23731.704303883333,1000
2,panel_direct_phase_a100,1beca81d,2,51766.88588331647,1000
2,panel_direct_phase_a100,1beca81d,3,72365.34640746399,1000
2,panel_direct_phase_a100,1beca81d,4,48237.86803173286,1000
2,panel_direct_phase_a100,1beca81d,5,13.783107437080705,37
2,panel_direct_phase_a1000,1beca81d,0,1332.8374732808418,999
2,panel_direct_phase_a1000,1beca81d,1,11779.117255948699,1000
2,panel_direct_phase_a1000,1beca81d,2,64079.38188813089,1000
2,panel_direct_phase_a1000,1beca81d,3,135481.49911669115,1000
2,panel_direct_phase_a1000,1beca81d,4,88457.15331053986,1000
2,panel_direct_phase_a1000,1beca81d,5,165.08979328316775,37
2,panel_direct_phase_a10000,1beca81d,0,797.9052949145536,999
2,panel_direct_phase_a10000,1beca81d,1,14119.28108797348,1000
2,panel_direct_phase_a10000,1beca81d,2,66408.47929502641,1000
2,panel_direct_phase_a10000,1beca81d,3,151095.58738412213,1000
2,panel_direct_phase_a10000,1beca81d,4,103253.23814074812,1000
2,panel_direct_phase_a10000,1beca81d,5,295.12173895475394,37
2,panel_direct_geom_a1000,eac10e86,0,8114.534352156225,999
2,panel_direct_geom_a1000,eac10e86,1,15885.365207051025,1000
2,panel_direct_geom_a1000,eac10e86,2,22960.327612100726,1000
2,panel_direct_geom_a1000,eac10e86,3,76270.86409445542,1000
2,panel_direct_geom_a1000,eac10e86,4,36630.56253950609,1000
2,panel_direct_geom_a1000,eac10e86,5,63469.64967644834,1000
2,panel_direct_geom_a1000,eac10e86,6,23.827952954513467,68
2,panel_direct_raw_gr_a1000,eac10e86,0,8155.128128593647,999
2,panel_direct_raw_gr_a1000,eac10e86,1,14601.040933686221,1000
2,panel_direct_raw_gr_a1000,eac10e86,2,22105.3826648258,1000
2,panel_direct_raw_gr_a1000,eac10e86,3,78009.9045380876,1000
2,panel_direct_raw_gr_a1000,eac10e86,4,38071.733576253624,1000
2,panel_direct_raw_gr_a1000,eac10e86,5,62209.07403572256,1000
2,panel_direct_raw_gr_a1000,eac10e86,6,10.31815401522228,68
2,panel_direct_phase_a100,eac10e86,0,841.5476877687142,999
2,panel_direct_phase_a100,eac10e86,1,167.4272564885829,1000
2,panel_direct_phase_a100,eac10e86,2,5896.421522421215,1000
2,panel_direct_phase_a100,eac10e86,3,52436.59745646711,1000
2,panel_direct_phase_a100,eac10e86,4,24456.284026921865,1000
2,panel_direct_phase_a100,eac10e86,5,50251.36919496926,1000
2,panel_direct_phase_a100,eac10e86,6,50.312652095298496,68
2,panel_direct_phase_a1000,eac10e86,0,6903.093292396919,999
2,panel_direct_phase_a1000,eac10e86,1,11824.609272481373,1000
2,panel_direct_phase_a1000,eac10e86,2,18676.95627932099,1000
2,panel_direct_phase_a1000,eac10e86,3,79245.8782640765,1000
2,panel_direct_phase_a1000,eac10e86,4,38333.64031780355,1000
2,panel_direct_phase_a1000,eac10e86,5,59429.325097240995,1000
2,panel_direct_phase_a1000,eac10e86,6,17.93592094326389,68
2,panel_direct_phase_a10000,eac10e86,0,7944.605381505692,999
2,panel_direct_phase_a10000,eac10e86,1,13430.425409196965,1000
2,panel_direct_phase_a10000,eac10e86,2,18477.71902209636,1000
2,panel_direct_phase_a10000,eac10e86,3,68237.29534880012,1000
2,panel_direct_phase_a10000,eac10e86,4,33010.62897699914,1000
2,panel_direct_phase_a10000,eac10e86,5,62027.504234600136,1000
2,panel_direct_phase_a10000,eac10e86,6,48.03804228478172,68
2,panel_direct_geom_a1000,efde6ac3,0,71698.71012492586,999
2,panel_direct_geom_a1000,efde6ac3,1,13074.108466015328,1000
2,panel_direct_geom_a1000,efde6ac3,2,36509.417697731995,1000
2,panel_direct_geom_a1000,efde6ac3,3,112301.84121684187,1000
2,panel_direct_geom_a1000,efde6ac3,4,328253.9294492764,560
2,panel_direct_raw_gr_a1000,efde6ac3,0,71826.18169678294,999
2,panel_direct_raw_gr_a1000,efde6ac3,1,12358.81060129465,1000
2,panel_direct_raw_gr_a1000,efde6ac3,2,36287.34786502949,1000
2,panel_direct_raw_gr_a1000,efde6ac3,3,112513.01807313453,1000
2,panel_direct_raw_gr_a1000,efde6ac3,4,329552.49895851174,560
2,panel_direct_phase_a100,efde6ac3,0,54668.55669478479,999
2,panel_direct_phase_a100,efde6ac3,1,35015.66834582875,1000
2,panel_direct_phase_a100,efde6ac3,2,52046.043311127905,1000
2,panel_direct_phase_a100,efde6ac3,3,114314.85452682168,1000
2,panel_direct_phase_a100,efde6ac3,4,330805.8006366923,560
2,panel_direct_phase_a1000,efde6ac3,0,70761.1627338344,999
2,panel_direct_phase_a1000,efde6ac3,1,17213.820737732305,1000
2,panel_direct_phase_a1000,efde6ac3,2,37166.569408212665,1000
2,panel_direct_phase_a1000,efde6ac3,3,101401.06802767141,1000
2,panel_direct_phase_a1000,efde6ac3,4,314152.2118371229,560
2,panel_direct_phase_a10000,efde6ac3,0,63435.85509303204,999
2,panel_direct_phase_a10000,efde6ac3,1,7005.957485557586,1000
2,panel_direct_phase_a10000,efde6ac3,2,25941.94918131442,1000
2,panel_direct_phase_a10000,efde6ac3,3,93354.29922741503,1000
2,panel_direct_phase_a10000,efde6ac3,4,303987.7680514626,560
2,panel_direct_geom_a1000,9896fc0b,0,17599.4103548879,999
2,panel_direct_geom_a1000,9896fc0b,1,22306.93905828044,1000
2,panel_direct_geom_a1000,9896fc0b,2,138001.74118127816,1000
2,panel_direct_geom_a1000,9896fc0b,3,793717.0008109524,596
2,panel_direct_raw_gr_a1000,9896fc0b,0,17636.197269652745,999
2,panel_direct_raw_gr_a1000,9896fc0b,1,24598.302232060414,1000
2,panel_direct_raw_gr_a1000,9896fc0b,2,136485.99357385983,1000
2,panel_direct_raw_gr_a1000,9896fc0b,3,791290.1892226654,596
2,panel_direct_phase_a100,9896fc0b,0,10504.381659075687,999
2,panel_direct_phase_a100,9896fc0b,1,19034.590198260266,1000
2,panel_direct_phase_a100,9896fc0b,2,122416.92168170011,1000
2,panel_direct_phase_a100,9896fc0b,3,741765.403143827,596
2,panel_direct_phase_a1000,9896fc0b,0,17705.13503343762,999
2,panel_direct_phase_a1000,9896fc0b,1,20363.19292566438,1000
2,panel_direct_phase_a1000,9896fc0b,2,136127.01026548876,1000
2,panel_direct_phase_a1000,9896fc0b,3,768237.6262408993,596
2,panel_direct_phase_a10000,9896fc0b,0,14887.240738859393,999
2,panel_direct_phase_a10000,9896fc0b,1,24655.497481198432,1000
2,panel_direct_phase_a10000,9896fc0b,2,123420.01111522582,1000
2,panel_direct_phase_a10000,9896fc0b,3,754148.3787007604,596
2,panel_direct_geom_a1000,24d8997e,0,24995.2331969543,999
2,panel_direct_geom_a1000,24d8997e,1,46483.046559787836,1000
2,panel_direct_geom_a1000,24d8997e,2,31281.17976485648,1000
2,panel_direct_geom_a1000,24d8997e,3,14790.468003347265,443
2,panel_direct_raw_gr_a1000,24d8997e,0,24189.040313395268,999
2,panel_direct_raw_gr_a1000,24d8997e,1,51057.11217682924,1000
2,panel_direct_raw_gr_a1000,24d8997e,2,30147.693323462234,1000
2,panel_direct_raw_gr_a1000,24d8997e,3,14230.169114369279,443
2,panel_direct_phase_a100,24d8997e,0,2265.6185639793534,999
2,panel_direct_phase_a100,24d8997e,1,34627.498253497935,1000
2,panel_direct_phase_a100,24d8997e,2,14846.819616367802,1000
2,panel_direct_phase_a100,24d8997e,3,7714.638771459805,443
2,panel_direct_phase_a1000,24d8997e,0,22320.479250605924,999
2,panel_direct_phase_a1000,24d8997e,1,36998.618825482896,1000
2,panel_direct_phase_a1000,24d8997e,2,31465.320533456375,1000
2,panel_direct_phase_a1000,24d8997e,3,13683.873082802853,443
2,panel_direct_phase_a10000,24d8997e,0,24427.208536048285,999
2,panel_direct_phase_a10000,24d8997e,1,48713.15709134239,1000
2,panel_direct_phase_a10000,24d8997e,2,26134.38580086084,1000
2,panel_direct_phase_a10000,24d8997e,3,11379.473814239733,443
2,panel_direct_geom_a1000,9d072e4c,0,33997.75328784627,999
2,panel_direct_geom_a1000,9d072e4c,1,25974.78459312621,1000
2,panel_direct_geom_a1000,9d072e4c,2,55502.274329458196,1000
2,panel_direct_geom_a1000,9d072e4c,3,86567.82480646028,1000
2,panel_direct_geom_a1000,9d072e4c,4,226377.9183908204,1000
2,panel_direct_geom_a1000,9d072e4c,5,22004.421889846228,108
2,panel_direct_raw_gr_a1000,9d072e4c,0,34099.008030679885,999
2,panel_direct_raw_gr_a1000,9d072e4c,1,26904.6232206786,1000
2,panel_direct_raw_gr_a1000,9d072e4c,2,55784.7815136758,1000
2,panel_direct_raw_gr_a1000,9d072e4c,3,85823.9277900227,1000
2,panel_direct_raw_gr_a1000,9d072e4c,4,226405.052630285,1000
2,panel_direct_raw_gr_a1000,9d072e4c,5,22294.596617986233,108
2,panel_direct_phase_a100,9d072e4c,0,22871.800994296886,999
2,panel_direct_phase_a100,9d072e4c,1,15810.647037726749,1000
2,panel_direct_phase_a100,9d072e4c,2,39707.85076079655,1000
2,panel_direct_phase_a100,9d072e4c,3,86929.3906069338,1000
2,panel_direct_phase_a100,9d072e4c,4,225966.8443519885,1000
2,panel_direct_phase_a100,9d072e4c,5,23097.984201777253,108
2,panel_direct_phase_a1000,9d072e4c,0,32347.737184925994,999
2,panel_direct_phase_a1000,9d072e4c,1,21768.736422383423,1000
2,panel_direct_phase_a1000,9d072e4c,2,51015.032671249406,1000
2,panel_direct_phase_a1000,9d072e4c,3,87059.65845975479,1000
2,panel_direct_phase_a1000,9d072e4c,4,226331.2098724704,1000
2,panel_direct_phase_a1000,9d072e4c,5,21665.62551680726,108
2,panel_direct_phase_a10000,9d072e4c,0,27859.767312049888,999
2,panel_direct_phase_a10000,9d072e4c,1,32639.58666140024,1000
2,panel_direct_phase_a10000,9d072e4c,2,60950.21213652421,1000
2,panel_direct_phase_a10000,9d072e4c,3,100288.27221860408,1000
2,panel_direct_phase_a10000,9d072e4c,4,244403.20203527677,1000
2,panel_direct_phase_a10000,9d072e4c,5,22402.77507291346,108
2,panel_direct_geom_a1000,c03b9305,0,1335.5289785521643,999
2,panel_direct_geom_a1000,c03b9305,1,1652.6181640877671,1000
2,panel_direct_geom_a1000,c03b9305,2,80649.45932440048,1000
2,panel_direct_geom_a1000,c03b9305,3,83015.98992431675,1000
2,panel_direct_geom_a1000,c03b9305,4,103936.39458140256,256
2,panel_direct_raw_gr_a1000,c03b9305,0,1357.231834877156,999
2,panel_direct_raw_gr_a1000,c03b9305,1,2444.4973312823618,1000
2,panel_direct_raw_gr_a1000,c03b9305,2,81968.24297462912,1000
2,panel_direct_raw_gr_a1000,c03b9305,3,79974.46735154476,1000
2,panel_direct_raw_gr_a1000,c03b9305,4,101447.64055556075,256
2,panel_direct_phase_a100,c03b9305,0,19206.23037428634,999
2,panel_direct_phase_a100,c03b9305,1,8829.677417174888,1000
2,panel_direct_phase_a100,c03b9305,2,70611.85230973408,1000
2,panel_direct_phase_a100,c03b9305,3,51229.01422962957,1000
2,panel_direct_phase_a100,c03b9305,4,69970.54048923815,256
2,panel_direct_phase_a1000,c03b9305,0,1907.5796949293408,999
2,panel_direct_phase_a1000,c03b9305,1,1041.036303828421,1000
2,panel_direct_phase_a1000,c03b9305,2,62744.70311160415,1000
2,panel_direct_phase_a1000,c03b9305,3,57930.12386267278,1000
2,panel_direct_phase_a1000,c03b9305,4,81776.62710736114,256
2,panel_direct_phase_a10000,c03b9305,0,832.557352228084,999
2,panel_direct_phase_a10000,c03b9305,1,940.61420456331,1000
2,panel_direct_phase_a10000,c03b9305,2,60696.9670608829,1000
2,panel_direct_phase_a10000,c03b9305,3,64954.749063952404,1000
2,panel_direct_phase_a10000,c03b9305,4,89899.89890214674,256
2,panel_direct_geom_a1000,722cf0d8,0,5910.805975499346,999
2,panel_direct_geom_a1000,722cf0d8,1,40901.12502351141,1000
2,panel_direct_geom_a1000,722cf0d8,2,117250.05859735834,1000
2,panel_direct_geom_a1000,722cf0d8,3,93808.55173059808,1000
2,panel_direct_geom_a1000,722cf0d8,4,329480.843182308,1000
2,panel_direct_geom_a1000,722cf0d8,5,46561.57299482917,144
2,panel_direct_raw_gr_a1000,722cf0d8,0,5930.499504933917,999
2,panel_direct_raw_gr_a1000,722cf0d8,1,47166.00833238329,1000
2,panel_direct_raw_gr_a1000,722cf0d8,2,122094.73061519858,1000
2,panel_direct_raw_gr_a1000,722cf0d8,3,102346.25619435681,1000
2,panel_direct_raw_gr_a1000,722cf0d8,4,334300.97776005004,1000
2,panel_direct_raw_gr_a1000,722cf0d8,5,44626.19012450572,144
2,panel_direct_phase_a100,722cf0d8,0,18746.461551043543,999
2,panel_direct_phase_a100,722cf0d8,1,135852.45374863318,1000
2,panel_direct_phase_a100,722cf0d8,2,211104.65899979672,1000
2,panel_direct_phase_a100,722cf0d8,3,192650.2856377791,1000
2,panel_direct_phase_a100,722cf0d8,4,424528.5049783072,1000
2,panel_direct_phase_a100,722cf0d8,5,40098.905870064984,144
2,panel_direct_phase_a1000,722cf0d8,0,7452.003812887522,999
2,panel_direct_phase_a1000,722cf0d8,1,74235.54211308247,1000
2,panel_direct_phase_a1000,722cf0d8,2,154164.79574720873,1000
2,panel_direct_phase_a1000,722cf0d8,3,146262.75068832646,1000
2,panel_direct_phase_a1000,722cf0d8,4,386377.5104780925,1000
2,panel_direct_phase_a1000,722cf0d8,5,42978.28053045635,144
2,panel_direct_phase_a10000,722cf0d8,0,7394.89748029469,999
2,panel_direct_phase_a10000,722cf0d8,1,53094.69155119775,1000
2,panel_direct_phase_a10000,722cf0d8,2,140016.55005510928,1000
2,panel_direct_phase_a10000,722cf0d8,3,92198.7074067311,1000
2,panel_direct_phase_a10000,722cf0d8,4,322586.29507138586,1000
2,panel_direct_phase_a10000,722cf0d8,5,45410.37964210307,144
2,panel_direct_geom_a1000,25050f63,0,706121.464274637,999
2,panel_direct_geom_a1000,25050f63,1,972081.9233496425,1000
2,panel_direct_geom_a1000,25050f63,2,1323286.9532317382,1000
2,panel_direct_geom_a1000,25050f63,3,2142465.7362915995,1000
2,panel_direct_geom_a1000,25050f63,4,2000928.6007990243,1000
2,panel_direct_geom_a1000,25050f63,5,1582105.3386012833,1000
2,panel_direct_geom_a1000,25050f63,6,198115.84631332944,125
2,panel_direct_raw_gr_a1000,25050f63,0,705628.0344261604,999
2,panel_direct_raw_gr_a1000,25050f63,1,973751.9871466686,1000
2,panel_direct_raw_gr_a1000,25050f63,2,1322272.5893187223,1000
2,panel_direct_raw_gr_a1000,25050f63,3,2142841.01167512,1000
2,panel_direct_raw_gr_a1000,25050f63,4,2001192.1734833126,1000
2,panel_direct_raw_gr_a1000,25050f63,5,1583897.142500871,1000
2,panel_direct_raw_gr_a1000,25050f63,6,198653.42620141455,125
2,panel_direct_phase_a100,25050f63,0,327673.60253130965,999
2,panel_direct_phase_a100,25050f63,1,587423.8538265525,1000
2,panel_direct_phase_a100,25050f63,2,1013908.9470226225,1000
2,panel_direct_phase_a100,25050f63,3,1832265.7363766602,1000
2,panel_direct_phase_a100,25050f63,4,1829240.6661383994,1000
2,panel_direct_phase_a100,25050f63,5,1688739.2106410435,1000
2,panel_direct_phase_a100,25050f63,6,223723.47990135904,125
2,panel_direct_phase_a1000,25050f63,0,676518.338481902,999
2,panel_direct_phase_a1000,25050f63,1,948197.4281764926,1000
2,panel_direct_phase_a1000,25050f63,2,1282377.0748779618,1000
2,panel_direct_phase_a1000,25050f63,3,2086237.2768484955,1000
2,panel_direct_phase_a1000,25050f63,4,1973929.9526266344,1000
2,panel_direct_phase_a1000,25050f63,5,1606430.0032649809,1000
2,panel_direct_phase_a1000,25050f63,6,201831.82182791008,125
2,panel_direct_phase_a10000,25050f63,0,765575.363929693,999
2,panel_direct_phase_a10000,25050f63,1,993830.8101709053,1000
2,panel_direct_phase_a10000,25050f63,2,1304945.8372881003,1000
2,panel_direct_phase_a10000,25050f63,3,2094706.0103544143,1000
2,panel_direct_phase_a10000,25050f63,4,1967192.8362104967,1000
2,panel_direct_phase_a10000,25050f63,5,1571418.90681768,1000
2,panel_direct_phase_a10000,25050f63,6,195384.01134150536,125
2,panel_direct_geom_a1000,d90aa14c,0,23307.19152407084,999
2,panel_direct_geom_a1000,d90aa14c,1,30395.203195053557,1000
2,panel_direct_geom_a1000,d90aa14c,2,208481.16310242013,1000
2,panel_direct_geom_a1000,d90aa14c,3,283038.38396202057,1000
2,panel_direct_geom_a1000,d90aa14c,4,177402.6862302252,1000
2,panel_direct_geom_a1000,d90aa14c,5,30739.1710257451,1000
2,panel_direct_geom_a1000,d90aa14c,6,463620.8199096357,1000
2,panel_direct_geom_a1000,d90aa14c,7,196640.43975681896,1000
2,panel_direct_geom_a1000,d90aa14c,8,7869.550399189492,1000
2,panel_direct_geom_a1000,d90aa14c,9,86402.52746300113,1000
2,panel_direct_geom_a1000,d90aa14c,10,10968.550799406052,19
2,panel_direct_raw_gr_a1000,d90aa14c,0,23254.584315144944,999
2,panel_direct_raw_gr_a1000,d90aa14c,1,30375.77921208085,1000
2,panel_direct_raw_gr_a1000,d90aa14c,2,209733.53437060173,1000
2,panel_direct_raw_gr_a1000,d90aa14c,3,282883.03625709657,1000
2,panel_direct_raw_gr_a1000,d90aa14c,4,176259.12050205367,1000
2,panel_direct_raw_gr_a1000,d90aa14c,5,29670.116864051302,1000
2,panel_direct_raw_gr_a1000,d90aa14c,6,460365.56708579994,1000
2,panel_direct_raw_gr_a1000,d90aa14c,7,195678.46426371127,1000
2,panel_direct_raw_gr_a1000,d90aa14c,8,7822.294603775057,1000
2,panel_direct_raw_gr_a1000,d90aa14c,9,86613.52960080553,1000
2,panel_direct_raw_gr_a1000,d90aa14c,10,10997.038747259721,19
2,panel_direct_phase_a100,d90aa14c,0,18163.908414458154,999
2,panel_direct_phase_a100,d90aa14c,1,23932.24868260405,1000
2,panel_direct_phase_a100,d90aa14c,2,160494.91752252055,1000
2,panel_direct_phase_a100,d90aa14c,3,260948.83849047666,1000
2,panel_direct_phase_a100,d90aa14c,4,169612.13559928472,1000
2,panel_direct_phase_a100,d90aa14c,5,39872.54320035537,1000
2,panel_direct_phase_a100,d90aa14c,6,534378.7784687578,1000
2,panel_direct_phase_a100,d90aa14c,7,263199.2900197066,1000
2,panel_direct_phase_a100,d90aa14c,8,29347.45252231041,1000
2,panel_direct_phase_a100,d90aa14c,9,67300.42008270643,1000
2,panel_direct_phase_a100,d90aa14c,10,7838.297969886698,19
2,panel_direct_phase_a1000,d90aa14c,0,22814.755342897093,999
2,panel_direct_phase_a1000,d90aa14c,1,30325.68960495655,1000
2,panel_direct_phase_a1000,d90aa14c,2,217730.63277496168,1000
2,panel_direct_phase_a1000,d90aa14c,3,282442.8780886788,1000
2,panel_direct_phase_a1000,d90aa14c,4,176856.57644820056,1000
2,panel_direct_phase_a1000,d90aa14c,5,33757.382857302175,1000
2,panel_direct_phase_a1000,d90aa14c,6,473023.89002936945,1000
2,panel_direct_phase_a1000,d90aa14c,7,202588.01096092747,1000
2,panel_direct_phase_a1000,d90aa14c,8,9004.451170700566,1000
2,panel_direct_phase_a1000,d90aa14c,9,83919.8829343486,1000
2,panel_direct_phase_a1000,d90aa14c,10,10671.410426453454,19
2,panel_direct_phase_a10000,d90aa14c,0,31339.588200682585,999
2,panel_direct_phase_a10000,d90aa14c,1,32625.763573872853,1000
2,panel_direct_phase_a10000,d90aa14c,2,199541.71233265896,1000
2,panel_direct_phase_a10000,d90aa14c,3,261515.76630118166,1000
2,panel_direct_phase_a10000,d90aa14c,4,164644.19691590706,1000
2,panel_direct_phase_a10000,d90aa14c,5,28809.94926490608,1000
2,panel_direct_phase_a10000,d90aa14c,6,451995.41540530603,1000
2,panel_direct_phase_a10000,d90aa14c,7,191516.65468948038,1000
2,panel_direct_phase_a10000,d90aa14c,8,7259.747047502677,1000
2,panel_direct_phase_a10000,d90aa14c,9,87643.59296433562,1000
2,panel_direct_phase_a10000,d90aa14c,10,11102.19772132509,19
2,panel_direct_geom_a1000,dafc88c3,0,67821.44871111478,999
2,panel_direct_geom_a1000,dafc88c3,1,12771.521593749732,1000
2,panel_direct_geom_a1000,dafc88c3,2,20767.655802522244,1000
2,panel_direct_geom_a1000,dafc88c3,3,11904.188624492608,1000
2,panel_direct_geom_a1000,dafc88c3,4,73558.57604246198,1000
2,panel_direct_geom_a1000,dafc88c3,5,41000.163665052816,573
2,panel_direct_raw_gr_a1000,dafc88c3,0,67888.57460938442,999
2,panel_direct_raw_gr_a1000,dafc88c3,1,12509.576086707682,1000
2,panel_direct_raw_gr_a1000,dafc88c3,2,20892.106400469936,1000
2,panel_direct_raw_gr_a1000,dafc88c3,3,11323.323781224879,1000
2,panel_direct_raw_gr_a1000,dafc88c3,4,72933.64153630866,1000
2,panel_direct_raw_gr_a1000,dafc88c3,5,41779.06532958858,573
2,panel_direct_phase_a100,dafc88c3,0,78775.13609929245,999
2,panel_direct_phase_a100,dafc88c3,1,10542.372116102993,1000
2,panel_direct_phase_a100,dafc88c3,2,36938.26943905074,1000
2,panel_direct_phase_a100,dafc88c3,3,22723.13354362093,1000
2,panel_direct_phase_a100,dafc88c3,4,100855.72627716202,1000
2,panel_direct_phase_a100,dafc88c3,5,53808.761731754654,573
2,panel_direct_phase_a1000,dafc88c3,0,69437.17101655374,999
2,panel_direct_phase_a1000,dafc88c3,1,11648.330543773585,1000
2,panel_direct_phase_a1000,dafc88c3,2,22244.335593080847,1000
2,panel_direct_phase_a1000,dafc88c3,3,11632.411587701201,1000
2,panel_direct_phase_a1000,dafc88c3,4,76821.56702005232,1000
2,panel_direct_phase_a1000,dafc88c3,5,45130.68536012065,573
2,panel_direct_phase_a10000,dafc88c3,0,77846.53561587549,999
2,panel_direct_phase_a10000,dafc88c3,1,12652.85507664031,1000
2,panel_direct_phase_a10000,dafc88c3,2,24096.262754167117,1000
2,panel_direct_phase_a10000,dafc88c3,3,15615.555210085477,1000
2,panel_direct_phase_a10000,dafc88c3,4,79567.33848674623,1000
2,panel_direct_phase_a10000,dafc88c3,5,42738.82068262065,573
2,panel_direct_geom_a1000,d1457cc5,0,36985.909356405034,999
2,panel_direct_geom_a1000,d1457cc5,1,96367.234530228,1000
2,panel_direct_geom_a1000,d1457cc5,2,44419.84511163083,1000
2,panel_direct_geom_a1000,d1457cc5,3,141036.3597442587,1000
2,panel_direct_geom_a1000,d1457cc5,4,86754.4177887504,1000
2,panel_direct_geom_a1000,d1457cc5,5,46788.80692092757,1000
2,panel_direct_geom_a1000,d1457cc5,6,18958.26436394669,921
2,panel_direct_raw_gr_a1000,d1457cc5,0,37237.18199628512,999
2,panel_direct_raw_gr_a1000,d1457cc5,1,102765.47168808708,1000
2,panel_direct_raw_gr_a1000,d1457cc5,2,42547.13705382034,1000
2,panel_direct_raw_gr_a1000,d1457cc5,3,144993.90103505933,1000
2,panel_direct_raw_gr_a1000,d1457cc5,4,90201.26537115934,1000
2,panel_direct_raw_gr_a1000,d1457cc5,5,46573.401081526485,1000
2,panel_direct_raw_gr_a1000,d1457cc5,6,19759.078678062095,921
2,panel_direct_phase_a100,d1457cc5,0,47950.33184387393,999
2,panel_direct_phase_a100,d1457cc5,1,138264.14827632482,1000
2,panel_direct_phase_a100,d1457cc5,2,31781.624711322234,1000
2,panel_direct_phase_a100,d1457cc5,3,118552.72906188775,1000
2,panel_direct_phase_a100,d1457cc5,4,57750.64004521581,1000
2,panel_direct_phase_a100,d1457cc5,5,60820.2035083791,1000
2,panel_direct_phase_a100,d1457cc5,6,20528.883110025974,921
2,panel_direct_phase_a1000,d1457cc5,0,37847.98107820372,999
2,panel_direct_phase_a1000,d1457cc5,1,112386.8710861931,1000
2,panel_direct_phase_a1000,d1457cc5,2,38731.22512137629,1000
2,panel_direct_phase_a1000,d1457cc5,3,149180.5621452692,1000
2,panel_direct_phase_a1000,d1457cc5,4,85795.63181618137,1000
2,panel_direct_phase_a1000,d1457cc5,5,49132.06101369803,1000
2,panel_direct_phase_a1000,d1457cc5,6,18410.03803804241,921
2,panel_direct_phase_a10000,d1457cc5,0,42544.319208887806,999
2,panel_direct_phase_a10000,d1457cc5,1,112718.11389869063,1000
2,panel_direct_phase_a10000,d1457cc5,2,36203.690484523766,1000
2,panel_direct_phase_a10000,d1457cc5,3,127972.50478063432,1000
2,panel_direct_phase_a10000,d1457cc5,4,79984.93948100341,1000
2,panel_direct_phase_a10000,d1457cc5,5,48318.48532832507,1000
2,panel_direct_phase_a10000,d1457cc5,6,16635.317231660312,921
2,panel_direct_geom_a1000,08fecf00,0,2097.0015978416113,999
2,panel_direct_geom_a1000,08fecf00,1,61752.571127310366,1000
2,panel_direct_geom_a1000,08fecf00,2,66473.3639475805,1000
2,panel_direct_geom_a1000,08fecf00,3,2790.385973787534,1000
2,panel_direct_geom_a1000,08fecf00,4,16076.59295835324,1000
2,panel_direct_geom_a1000,08fecf00,5,10055.92414284486,575
2,panel_direct_raw_gr_a1000,08fecf00,0,2073.283536040847,999
2,panel_direct_raw_gr_a1000,08fecf00,1,60095.71911665366,1000
2,panel_direct_raw_gr_a1000,08fecf00,2,65976.1215467746,1000
2,panel_direct_raw_gr_a1000,08fecf00,3,2769.551270907808,1000
2,panel_direct_raw_gr_a1000,08fecf00,4,16241.035392507481,1000
2,panel_direct_raw_gr_a1000,08fecf00,5,10034.488203550954,575
2,panel_direct_phase_a100,08fecf00,0,3439.5571331490805,999
2,panel_direct_phase_a100,08fecf00,1,71014.99249991351,1000
2,panel_direct_phase_a100,08fecf00,2,69705.86906199499,1000
2,panel_direct_phase_a100,08fecf00,3,2434.5407079733177,1000
2,panel_direct_phase_a100,08fecf00,4,18528.751681939575,1000
2,panel_direct_phase_a100,08fecf00,5,10853.528511952794,575
2,panel_direct_phase_a1000,08fecf00,0,2052.9454775506806,999
2,panel_direct_phase_a1000,08fecf00,1,63045.05405124556,1000
2,panel_direct_phase_a1000,08fecf00,2,64333.877707569,1000
2,panel_direct_phase_a1000,08fecf00,3,2432.0882352361455,1000
2,panel_direct_phase_a1000,08fecf00,4,18626.526372033353,1000
2,panel_direct_phase_a1000,08fecf00,5,9788.502200294986,575
2,panel_direct_phase_a10000,08fecf00,0,1928.3811666007468,999
2,panel_direct_phase_a10000,08fecf00,1,48208.8664475247,1000
2,panel_direct_phase_a10000,08fecf00,2,53432.868569235674,1000
2,panel_direct_phase_a10000,08fecf00,3,2094.65980051252,1000
2,panel_direct_phase_a10000,08fecf00,4,19137.313754511826,1000
2,panel_direct_phase_a10000,08fecf00,5,9369.927178963662,575
2,panel_direct_geom_a1000,d7ba4f9d,0,29061.053264325645,999
2,panel_direct_geom_a1000,d7ba4f9d,1,61616.74684815206,1000
2,panel_direct_geom_a1000,d7ba4f9d,2,5801.677148194974,1000
2,panel_direct_geom_a1000,d7ba4f9d,3,54818.218068370574,1000
2,panel_direct_geom_a1000,d7ba4f9d,4,28187.785369586138,1000
2,panel_direct_geom_a1000,d7ba4f9d,5,38331.885614861,1000
2,panel_direct_geom_a1000,d7ba4f9d,6,2088.168717084459,24
2,panel_direct_raw_gr_a1000,d7ba4f9d,0,29233.567111807424,999
2,panel_direct_raw_gr_a1000,d7ba4f9d,1,57220.222962428554,1000
2,panel_direct_raw_gr_a1000,d7ba4f9d,2,5721.986197461584,1000
2,panel_direct_raw_gr_a1000,d7ba4f9d,3,55795.13022565845,1000
2,panel_direct_raw_gr_a1000,d7ba4f9d,4,28693.91351876125,1000
2,panel_direct_raw_gr_a1000,d7ba4f9d,5,39156.32872556714,1000
2,panel_direct_raw_gr_a1000,d7ba4f9d,6,2222.8237101565546,24
2,panel_direct_phase_a100,d7ba4f9d,0,25221.88322932377,999
2,panel_direct_phase_a100,d7ba4f9d,1,96561.06290081514,1000
2,panel_direct_phase_a100,d7ba4f9d,2,20431.061520168365,1000
2,panel_direct_phase_a100,d7ba4f9d,3,91022.58231231706,1000
2,panel_direct_phase_a100,d7ba4f9d,4,39367.34796469642,1000
2,panel_direct_phase_a100,d7ba4f9d,5,57915.5071219334,1000
2,panel_direct_phase_a100,d7ba4f9d,6,3297.711963777272,24
2,panel_direct_phase_a1000,d7ba4f9d,0,28334.623751319978,999
2,panel_direct_phase_a1000,d7ba4f9d,1,68108.39738641726,1000
2,panel_direct_phase_a1000,d7ba4f9d,2,6815.594847168909,1000
2,panel_direct_phase_a1000,d7ba4f9d,3,47039.36759733419,1000
2,panel_direct_phase_a1000,d7ba4f9d,4,24919.039338549544,1000
2,panel_direct_phase_a1000,d7ba4f9d,5,43197.572055923265,1000
2,panel_direct_phase_a1000,d7ba4f9d,6,2314.036679879011,24
2,panel_direct_phase_a10000,d7ba4f9d,0,22896.83088128335,999
2,panel_direct_phase_a10000,d7ba4f9d,1,46502.70441788657,1000
2,panel_direct_phase_a10000,d7ba4f9d,2,10153.840267256544,1000
2,panel_direct_phase_a10000,d7ba4f9d,3,34594.602305814464,1000
2,panel_direct_phase_a10000,d7ba4f9d,4,19391.00121022347,1000
2,panel_direct_phase_a10000,d7ba4f9d,5,35590.68821943794,1000
2,panel_direct_phase_a10000,d7ba4f9d,6,1946.8181523561088,24
2,panel_direct_geom_a1000,5aa403d0,0,280381.0502658452,999
2,panel_direct_geom_a1000,5aa403d0,1,924056.3384820312,1000
2,panel_direct_geom_a1000,5aa403d0,2,957389.5170866571,1000
2,panel_direct_geom_a1000,5aa403d0,3,110131.43059530416,119
2,panel_direct_raw_gr_a1000,5aa403d0,0,280705.8269445617,999
2,panel_direct_raw_gr_a1000,5aa403d0,1,923645.5872370001,1000
2,panel_direct_raw_gr_a1000,5aa403d0,2,956913.9078574227,1000
2,panel_direct_raw_gr_a1000,5aa403d0,3,110228.13680960532,119
2,panel_direct_phase_a100,5aa403d0,0,256983.51662814274,999
2,panel_direct_phase_a100,5aa403d0,1,951481.3574538011,1000
2,panel_direct_phase_a100,5aa403d0,2,1062341.6907321417,1000
2,panel_direct_phase_a100,5aa403d0,3,124615.15471566709,119
2,panel_direct_phase_a1000,5aa403d0,0,275106.2509571927,999
2,panel_direct_phase_a1000,5aa403d0,1,912474.7218595034,1000
2,panel_direct_phase_a1000,5aa403d0,2,948776.3693562007,1000
2,panel_direct_phase_a1000,5aa403d0,3,109536.25655454076,119
2,panel_direct_phase_a10000,5aa403d0,0,263570.0854741524,999
2,panel_direct_phase_a10000,5aa403d0,1,864899.8818951013,1000
2,panel_direct_phase_a10000,5aa403d0,2,884993.9053529042,1000
2,panel_direct_phase_a10000,5aa403d0,3,101597.39009615072,119
2,panel_direct_geom_a1000,0dc5e64d,0,6705.890810980986,999
2,panel_direct_geom_a1000,0dc5e64d,1,69798.5346717159,1000
2,panel_direct_geom_a1000,0dc5e64d,2,62972.761909146684,1000
2,panel_direct_geom_a1000,0dc5e64d,3,187074.54422892685,1000
2,panel_direct_geom_a1000,0dc5e64d,4,1172454.5000089156,880
2,panel_direct_raw_gr_a1000,0dc5e64d,0,6800.9641206810775,999
2,panel_direct_raw_gr_a1000,0dc5e64d,1,72105.8649886376,1000
2,panel_direct_raw_gr_a1000,0dc5e64d,2,62344.323388319564,1000
2,panel_direct_raw_gr_a1000,0dc5e64d,3,182512.39160343987,1000
2,panel_direct_raw_gr_a1000,0dc5e64d,4,1167708.9523911546,880
2,panel_direct_phase_a100,0dc5e64d,0,4561.548308186088,999
2,panel_direct_phase_a100,0dc5e64d,1,38616.176982940626,1000
2,panel_direct_phase_a100,0dc5e64d,2,100182.37601437772,1000
2,panel_direct_phase_a100,0dc5e64d,3,147040.72349808997,1000
2,panel_direct_phase_a100,0dc5e64d,4,1255608.6576013495,880
2,panel_direct_phase_a1000,0dc5e64d,0,6648.886253527406,999
2,panel_direct_phase_a1000,0dc5e64d,1,75531.84698171547,1000
2,panel_direct_phase_a1000,0dc5e64d,2,64001.56166142818,1000
2,panel_direct_phase_a1000,0dc5e64d,3,168051.7072044144,1000
2,panel_direct_phase_a1000,0dc5e64d,4,1220336.801416745,880
2,panel_direct_phase_a10000,0dc5e64d,0,9220.393295694856,999
2,panel_direct_phase_a10000,0dc5e64d,1,94309.86100902827,1000
2,panel_direct_phase_a10000,0dc5e64d,2,46639.925994107965,1000
2,panel_direct_phase_a10000,0dc5e64d,3,186833.41865017352,1000
2,panel_direct_phase_a10000,0dc5e64d,4,1224806.9369670223,880
2,panel_direct_geom_a1000,940a48d9,0,5138.525738876623,999
2,panel_direct_geom_a1000,940a48d9,1,102230.1115264949,1000
2,panel_direct_geom_a1000,940a48d9,2,220882.9597748266,1000
2,panel_direct_geom_a1000,940a48d9,3,131554.95758113635,964
2,panel_direct_raw_gr_a1000,940a48d9,0,5229.906294864112,999
2,panel_direct_raw_gr_a1000,940a48d9,1,99342.88700351217,1000
2,panel_direct_raw_gr_a1000,940a48d9,2,219156.01212435364,1000
2,panel_direct_raw_gr_a1000,940a48d9,3,134588.69404376793,964
2,panel_direct_phase_a100,940a48d9,0,8451.294608011147,999
2,panel_direct_phase_a100,940a48d9,1,86368.3371836868,1000
2,panel_direct_phase_a100,940a48d9,2,212591.1764513542,1000
2,panel_direct_phase_a100,940a48d9,3,131313.7941991295,964
2,panel_direct_phase_a1000,940a48d9,0,5214.374871541987,999
2,panel_direct_phase_a1000,940a48d9,1,98850.74830449604,1000
2,panel_direct_phase_a1000,940a48d9,2,220525.3064643887,1000
2,panel_direct_phase_a1000,940a48d9,3,128315.94784070516,964
2,panel_direct_phase_a10000,940a48d9,0,6982.87898634208,999
2,panel_direct_phase_a10000,940a48d9,1,91370.68684788162,1000
2,panel_direct_phase_a10000,940a48d9,2,201525.60371124593,1000
2,panel_direct_phase_a10000,940a48d9,3,115759.86242397124,964
2,panel_direct_geom_a1000,3932faa6,0,603.5829171511906,999
2,panel_direct_geom_a1000,3932faa6,1,399511.71938103327,1000
2,panel_direct_geom_a1000,3932faa6,2,63105.055293475605,1000
2,panel_direct_geom_a1000,3932faa6,3,425429.4013451255,1000
2,panel_direct_geom_a1000,3932faa6,4,43549.92257616775,1000
2,panel_direct_geom_a1000,3932faa6,5,2944.4570677734687,453
2,panel_direct_raw_gr_a1000,3932faa6,0,621.8082078739783,999
2,panel_direct_raw_gr_a1000,3932faa6,1,395011.41041616944,1000
2,panel_direct_raw_gr_a1000,3932faa6,2,63463.75025056222,1000
2,panel_direct_raw_gr_a1000,3932faa6,3,427165.85242366936,1000
2,panel_direct_raw_gr_a1000,3932faa6,4,42820.45668313327,1000
2,panel_direct_raw_gr_a1000,3932faa6,5,3066.2233791389267,453
2,panel_direct_phase_a100,3932faa6,0,1847.40396722846,999
2,panel_direct_phase_a100,3932faa6,1,440810.5041498433,1000
2,panel_direct_phase_a100,3932faa6,2,83973.79469652491,1000
2,panel_direct_phase_a100,3932faa6,3,392210.1736077317,1000
2,panel_direct_phase_a100,3932faa6,4,39406.81479777869,1000
2,panel_direct_phase_a100,3932faa6,5,3548.1831591671043,453
2,panel_direct_phase_a1000,3932faa6,0,479.63560333366553,999
2,panel_direct_phase_a1000,3932faa6,1,401969.3582463885,1000
2,panel_direct_phase_a1000,3932faa6,2,64785.064405101824,1000
2,panel_direct_phase_a1000,3932faa6,3,422494.78589968785,1000
2,panel_direct_phase_a1000,3932faa6,4,42795.26687589458,1000
2,panel_direct_phase_a1000,3932faa6,5,3121.635766444603,453
2,panel_direct_phase_a10000,3932faa6,0,354.3007565700041,999
2,panel_direct_phase_a10000,3932faa6,1,424118.1155220431,1000
2,panel_direct_phase_a10000,3932faa6,2,66619.15006787401,1000
2,panel_direct_phase_a10000,3932faa6,3,398954.69736188365,1000
2,panel_direct_phase_a10000,3932faa6,4,44543.968338611936,1000
2,panel_direct_phase_a10000,3932faa6,5,3302.6243863226246,453
2,panel_direct_geom_a1000,c84c65be,0,88747.02947891151,999
2,panel_direct_geom_a1000,c84c65be,1,216028.53857870336,1000
2,panel_direct_geom_a1000,c84c65be,2,15793.610249160994,1000
2,panel_direct_geom_a1000,c84c65be,3,206304.08055314363,1000
2,panel_direct_geom_a1000,c84c65be,4,157030.3078104384,1000
2,panel_direct_geom_a1000,c84c65be,5,61833.6110053992,1000
2,panel_direct_geom_a1000,c84c65be,6,107784.9132777956,1000
2,panel_direct_geom_a1000,c84c65be,7,40497.65871618342,1000
2,panel_direct_geom_a1000,c84c65be,8,10005.166879046901,497
2,panel_direct_raw_gr_a1000,c84c65be,0,88831.89704246445,999
2,panel_direct_raw_gr_a1000,c84c65be,1,217765.88468154275,1000
2,panel_direct_raw_gr_a1000,c84c65be,2,15901.645337137297,1000
2,panel_direct_raw_gr_a1000,c84c65be,3,204263.63887397118,1000
2,panel_direct_raw_gr_a1000,c84c65be,4,153896.39842443357,1000
2,panel_direct_raw_gr_a1000,c84c65be,5,61603.52977849036,1000
2,panel_direct_raw_gr_a1000,c84c65be,6,110613.34180997014,1000
2,panel_direct_raw_gr_a1000,c84c65be,7,40841.68327225803,1000
2,panel_direct_raw_gr_a1000,c84c65be,8,10078.868875337748,497
2,panel_direct_phase_a100,c84c65be,0,61806.46260228267,999
2,panel_direct_phase_a100,c84c65be,1,182875.47174305873,1000
2,panel_direct_phase_a100,c84c65be,2,22433.352920344292,1000
2,panel_direct_phase_a100,c84c65be,3,269497.19261080254,1000
2,panel_direct_phase_a100,c84c65be,4,213283.2441081183,1000
2,panel_direct_phase_a100,c84c65be,5,130784.45226116902,1000
2,panel_direct_phase_a100,c84c65be,6,85404.40862204642,1000
2,panel_direct_phase_a100,c84c65be,7,47558.38239520554,1000
2,panel_direct_phase_a100,c84c65be,8,6364.866790610914,497
2,panel_direct_phase_a1000,c84c65be,0,83444.83598086236,999
2,panel_direct_phase_a1000,c84c65be,1,212689.90160288112,1000
2,panel_direct_phase_a1000,c84c65be,2,17763.270189399824,1000
2,panel_direct_phase_a1000,c84c65be,3,225471.44084011894,1000
2,panel_direct_phase_a1000,c84c65be,4,172742.59858393687,1000
2,panel_direct_phase_a1000,c84c65be,5,81024.29356698321,1000
2,panel_direct_phase_a1000,c84c65be,6,103072.68095307401,1000
2,panel_direct_phase_a1000,c84c65be,7,40039.10789688944,1000
2,panel_direct_phase_a1000,c84c65be,8,9608.681102103475,497
2,panel_direct_phase_a10000,c84c65be,0,79945.42920099512,999
2,panel_direct_phase_a10000,c84c65be,1,200703.91396020568,1000
2,panel_direct_phase_a10000,c84c65be,2,13630.623237948548,1000
2,panel_direct_phase_a10000,c84c65be,3,182974.42339772132,1000
2,panel_direct_phase_a10000,c84c65be,4,143275.873619218,1000
2,panel_direct_phase_a10000,c84c65be,5,60412.29613250164,1000
2,panel_direct_phase_a10000,c84c65be,6,109618.21071325819,1000
2,panel_direct_phase_a10000,c84c65be,7,39711.41656204032,1000
2,panel_direct_phase_a10000,c84c65be,8,10364.220067416954,497
2,panel_direct_geom_a1000,86454a6f,0,212128.2268905646,999
2,panel_direct_geom_a1000,86454a6f,1,2394692.7306956486,1000
2,panel_direct_geom_a1000,86454a6f,2,2397171.5177706685,1000
2,panel_direct_geom_a1000,86454a6f,3,6870908.530724714,1000
2,panel_direct_geom_a1000,86454a6f,4,6147898.713224534,1000
2,panel_direct_geom_a1000,86454a6f,5,6815422.822993853,1000
2,panel_direct_geom_a1000,86454a6f,6,7202493.101486499,1000
2,panel_direct_geom_a1000,86454a6f,7,6243098.014218293,965
2,panel_direct_raw_gr_a1000,86454a6f,0,212250.36863547846,999
2,panel_direct_raw_gr_a1000,86454a6f,1,2417994.7277050605,1000
2,panel_direct_raw_gr_a1000,86454a6f,2,2402350.660624592,1000
2,panel_direct_raw_gr_a1000,86454a6f,3,6852857.342525155,1000
2,panel_direct_raw_gr_a1000,86454a6f,4,6134812.913111092,1000
2,panel_direct_raw_gr_a1000,86454a6f,5,6822180.3312382195,1000
2,panel_direct_raw_gr_a1000,86454a6f,6,7180122.656684182,1000
2,panel_direct_raw_gr_a1000,86454a6f,7,6238042.781158462,965
2,panel_direct_phase_a100,86454a6f,0,127823.57309751633,999
2,panel_direct_phase_a100,86454a6f,1,2092020.952516268,1000
2,panel_direct_phase_a100,86454a6f,2,2264840.3024046323,1000
2,panel_direct_phase_a100,86454a6f,3,6410732.083798937,1000
2,panel_direct_phase_a100,86454a6f,4,5868103.637424363,1000
2,panel_direct_phase_a100,86454a6f,5,6692469.921146162,1000
2,panel_direct_phase_a100,86454a6f,6,6979125.982785779,1000
2,panel_direct_phase_a100,86454a6f,7,6028721.94629748,965
2,panel_direct_phase_a1000,86454a6f,0,214535.19347925938,999
2,panel_direct_phase_a1000,86454a6f,1,2477121.1948784394,1000
2,panel_direct_phase_a1000,86454a6f,2,2445719.7403181163,1000
2,panel_direct_phase_a1000,86454a6f,3,6830820.528026872,1000
2,panel_direct_phase_a1000,86454a6f,4,6123126.068264123,1000
2,panel_direct_phase_a1000,86454a6f,5,6847048.227520734,1000
2,panel_direct_phase_a1000,86454a6f,6,7227899.044416322,1000
2,panel_direct_phase_a1000,86454a6f,7,6244464.260967724,965
2,panel_direct_phase_a10000,86454a6f,0,258857.55078618095,999
2,panel_direct_phase_a10000,86454a6f,1,2586461.4262056714,1000
2,panel_direct_phase_a10000,86454a6f,2,2528923.809130557,1000
2,panel_direct_phase_a10000,86454a6f,3,7069680.497891792,1000
2,panel_direct_phase_a10000,86454a6f,4,6261468.7543311,1000
2,panel_direct_phase_a10000,86454a6f,5,6870456.0545610525,1000
2,panel_direct_phase_a10000,86454a6f,6,7266374.768069484,1000
2,panel_direct_phase_a10000,86454a6f,7,6279011.931093247,965
2,panel_direct_geom_a1000,54a7e3c2,0,120266.27482133292,999
2,panel_direct_geom_a1000,54a7e3c2,1,262149.77682819567,1000
2,panel_direct_geom_a1000,54a7e3c2,2,189137.76771521848,1000
2,panel_direct_geom_a1000,54a7e3c2,3,57808.10916389494,1000
2,panel_direct_geom_a1000,54a7e3c2,4,185114.59650701116,1000
2,panel_direct_geom_a1000,54a7e3c2,5,38537.51550939397,1000
2,panel_direct_geom_a1000,54a7e3c2,6,2779.038439390404,156
2,panel_direct_raw_gr_a1000,54a7e3c2,0,120362.77293069322,999
2,panel_direct_raw_gr_a1000,54a7e3c2,1,262696.72695112956,1000
2,panel_direct_raw_gr_a1000,54a7e3c2,2,189787.4740696457,1000
2,panel_direct_raw_gr_a1000,54a7e3c2,3,58197.8809536021,1000
2,panel_direct_raw_gr_a1000,54a7e3c2,4,185310.48858607325,1000
2,panel_direct_raw_gr_a1000,54a7e3c2,5,38372.799575462755,1000
2,panel_direct_raw_gr_a1000,54a7e3c2,6,2389.195251511713,156
2,panel_direct_phase_a100,54a7e3c2,0,56204.19738050733,999
2,panel_direct_phase_a100,54a7e3c2,1,177987.271046736,1000
2,panel_direct_phase_a100,54a7e3c2,2,123685.12515070889,1000
2,panel_direct_phase_a100,54a7e3c2,3,24215.850180802678,1000
2,panel_direct_phase_a100,54a7e3c2,4,136482.57250514056,1000
2,panel_direct_phase_a100,54a7e3c2,5,21435.31898367978,1000
2,panel_direct_phase_a100,54a7e3c2,6,1155.7408511715205,156
2,panel_direct_phase_a1000,54a7e3c2,0,119323.79481731897,999
2,panel_direct_phase_a1000,54a7e3c2,1,267893.39190226037,1000
2,panel_direct_phase_a1000,54a7e3c2,2,177699.74336598886,1000
2,panel_direct_phase_a1000,54a7e3c2,3,46752.895921401985,1000
2,panel_direct_phase_a1000,54a7e3c2,4,171252.00693073298,1000
2,panel_direct_phase_a1000,54a7e3c2,5,30794.25448828696,1000
2,panel_direct_phase_a1000,54a7e3c2,6,1481.1648285641788,156
2,panel_direct_phase_a10000,54a7e3c2,0,117178.35714060115,999
2,panel_direct_phase_a10000,54a7e3c2,1,250015.86195893114,1000
2,panel_direct_phase_a10000,54a7e3c2,2,170338.78671441574,1000
2,panel_direct_phase_a10000,54a7e3c2,3,44965.95910801611,1000
2,panel_direct_phase_a10000,54a7e3c2,4,171814.2128397714,1000
2,panel_direct_phase_a10000,54a7e3c2,5,35349.20800574444,1000
2,panel_direct_phase_a10000,54a7e3c2,6,2167.0357944073057,156
2,panel_direct_geom_a1000,ae069086,0,58544.67389767143,999
2,panel_direct_geom_a1000,ae069086,1,87462.36050915644,1000
2,panel_direct_geom_a1000,ae069086,2,623719.8873045758,1000
2,panel_direct_geom_a1000,ae069086,3,105396.90844786596,1000
2,panel_direct_geom_a1000,ae069086,4,12669.824360048953,771
2,panel_direct_raw_gr_a1000,ae069086,0,58450.364734142146,999
2,panel_direct_raw_gr_a1000,ae069086,1,87333.37926596175,1000
2,panel_direct_raw_gr_a1000,ae069086,2,622478.7084709486,1000
2,panel_direct_raw_gr_a1000,ae069086,3,104740.4002143293,1000
2,panel_direct_raw_gr_a1000,ae069086,4,12214.836007098407,771
2,panel_direct_phase_a100,ae069086,0,114949.12970598903,999
2,panel_direct_phase_a100,ae069086,1,66328.56382681071,1000
2,panel_direct_phase_a100,ae069086,2,549498.0122831243,1000
2,panel_direct_phase_a100,ae069086,3,114965.94774506314,1000
2,panel_direct_phase_a100,ae069086,4,16249.86359503868,771
2,panel_direct_phase_a1000,ae069086,0,66890.64112534655,999
2,panel_direct_phase_a1000,ae069086,1,85120.22872840163,1000
2,panel_direct_phase_a1000,ae069086,2,658163.9579468949,1000
2,panel_direct_phase_a1000,ae069086,3,124680.4484485189,1000
2,panel_direct_phase_a1000,ae069086,4,18879.950475993606,771
2,panel_direct_phase_a10000,ae069086,0,44556.75682600397,999
2,panel_direct_phase_a10000,ae069086,1,100813.30859830727,1000
2,panel_direct_phase_a10000,ae069086,2,697917.5479382485,1000
2,panel_direct_phase_a10000,ae069086,3,126465.12387774685,1000
2,panel_direct_phase_a10000,ae069086,4,18683.827502290256,771
2,panel_direct_geom_a1000,06df5958,0,1119.6985120416255,999
2,panel_direct_geom_a1000,06df5958,1,21262.44706362084,1000
2,panel_direct_geom_a1000,06df5958,2,21298.418754697403,1000
2,panel_direct_geom_a1000,06df5958,3,1447.625942461926,510
2,panel_direct_raw_gr_a1000,06df5958,0,1134.857377786917,999
2,panel_direct_raw_gr_a1000,06df5958,1,21615.263404611032,1000
2,panel_direct_raw_gr_a1000,06df5958,2,21533.38696736794,1000
2,panel_direct_raw_gr_a1000,06df5958,3,1416.2846321425072,510
2,panel_direct_phase_a100,06df5958,0,1006.9135984597639,999
2,panel_direct_phase_a100,06df5958,1,13770.461355103467,1000
2,panel_direct_phase_a100,06df5958,2,22692.702856631968,1000
2,panel_direct_phase_a100,06df5958,3,772.8362073426731,510
2,panel_direct_phase_a1000,06df5958,0,996.2516061008424,999
2,panel_direct_phase_a1000,06df5958,1,20148.301678672644,1000
2,panel_direct_phase_a1000,06df5958,2,24719.0881734596,1000
2,panel_direct_phase_a1000,06df5958,3,1063.0961154309896,510
2,panel_direct_phase_a10000,06df5958,0,1551.9098667704343,999
2,panel_direct_phase_a10000,06df5958,1,15850.280586854416,1000
2,panel_direct_phase_a10000,06df5958,2,16836.936026924894,1000
2,panel_direct_phase_a10000,06df5958,3,3056.8285123515143,510
2,panel_direct_geom_a1000,992c99e8,0,6610.446649396351,999
2,panel_direct_geom_a1000,992c99e8,1,21981.015671884197,1000
2,panel_direct_geom_a1000,992c99e8,2,64325.69079413065,1000
2,panel_direct_geom_a1000,992c99e8,3,318194.8767534552,1000
2,panel_direct_geom_a1000,992c99e8,4,419773.39558314334,905
2,panel_direct_raw_gr_a1000,992c99e8,0,6561.047308655357,999
2,panel_direct_raw_gr_a1000,992c99e8,1,22127.57451203101,1000
2,panel_direct_raw_gr_a1000,992c99e8,2,64677.38436139794,1000
2,panel_direct_raw_gr_a1000,992c99e8,3,317520.35495606175,1000
2,panel_direct_raw_gr_a1000,992c99e8,4,418638.4406985943,905
2,panel_direct_phase_a100,992c99e8,0,14929.173453881274,999
2,panel_direct_phase_a100,992c99e8,1,29076.78587279347,1000
2,panel_direct_phase_a100,992c99e8,2,43569.840591054635,1000
2,panel_direct_phase_a100,992c99e8,3,232974.91129980734,1000
2,panel_direct_phase_a100,992c99e8,4,347106.2994018128,905
2,panel_direct_phase_a1000,992c99e8,0,9180.863693016892,999
2,panel_direct_phase_a1000,992c99e8,1,23227.553300632913,1000
2,panel_direct_phase_a1000,992c99e8,2,56510.190744034764,1000
2,panel_direct_phase_a1000,992c99e8,3,279639.7807058291,1000
2,panel_direct_phase_a1000,992c99e8,4,387212.0110448892,905
2,panel_direct_phase_a10000,992c99e8,0,3820.357238696142,999
2,panel_direct_phase_a10000,992c99e8,1,23030.13309902024,1000
2,panel_direct_phase_a10000,992c99e8,2,79077.05088375014,1000
2,panel_direct_phase_a10000,992c99e8,3,342536.21523970884,1000
2,panel_direct_phase_a10000,992c99e8,4,437005.75030492037,905
2,panel_direct_geom_a1000,0955cd6c,0,3258.5169503338147,999
2,panel_direct_geom_a1000,0955cd6c,1,25168.647407546618,1000
2,panel_direct_geom_a1000,0955cd6c,2,139407.70689349755,1000
2,panel_direct_geom_a1000,0955cd6c,3,45068.95996519205,1000
2,panel_direct_geom_a1000,0955cd6c,4,143246.2278419466,1000
2,panel_direct_geom_a1000,0955cd6c,5,21257.564134732685,196
2,panel_direct_raw_gr_a1000,0955cd6c,0,3468.5127470194084,999
2,panel_direct_raw_gr_a1000,0955cd6c,1,25848.077073148754,1000
2,panel_direct_raw_gr_a1000,0955cd6c,2,142509.81454597454,1000
2,panel_direct_raw_gr_a1000,0955cd6c,3,43818.637772326365,1000
2,panel_direct_raw_gr_a1000,0955cd6c,4,141373.0852955375,1000
2,panel_direct_raw_gr_a1000,0955cd6c,5,22526.413649962833,196
2,panel_direct_phase_a100,0955cd6c,0,2727.270199466501,999
2,panel_direct_phase_a100,0955cd6c,1,22750.13805576814,1000
2,panel_direct_phase_a100,0955cd6c,2,154811.39385871417,1000
2,panel_direct_phase_a100,0955cd6c,3,55091.81170015969,1000
2,panel_direct_phase_a100,0955cd6c,4,223640.62735422477,1000
2,panel_direct_phase_a100,0955cd6c,5,43784.914122008755,196
2,panel_direct_phase_a1000,0955cd6c,0,4784.624015987922,999
2,panel_direct_phase_a1000,0955cd6c,1,35494.98927949044,1000
2,panel_direct_phase_a1000,0955cd6c,2,179920.83862817803,1000
2,panel_direct_phase_a1000,0955cd6c,3,56521.66821571519,1000
2,panel_direct_phase_a1000,0955cd6c,4,167718.46740704926,1000
2,panel_direct_phase_a1000,0955cd6c,5,27017.797824731064,196
2,panel_direct_phase_a10000,0955cd6c,0,3373.3759563322847,999
2,panel_direct_phase_a10000,0955cd6c,1,26320.94702181597,1000
2,panel_direct_phase_a10000,0955cd6c,2,136012.2298542427,1000
2,panel_direct_phase_a10000,0955cd6c,3,39898.63008530019,1000
2,panel_direct_phase_a10000,0955cd6c,4,137952.3800844981,1000
2,panel_direct_phase_a10000,0955cd6c,5,21375.755429535726,196
2,panel_direct_geom_a1000,8d92cb49,0,6255.510395685254,999
2,panel_direct_geom_a1000,8d92cb49,1,15620.85628730189,1000
2,panel_direct_geom_a1000,8d92cb49,2,15337.016945637548,1000
2,panel_direct_geom_a1000,8d92cb49,3,112861.92655653942,590
2,panel_direct_raw_gr_a1000,8d92cb49,0,6348.427125174812,999
2,panel_direct_raw_gr_a1000,8d92cb49,1,15112.267206839473,1000
2,panel_direct_raw_gr_a1000,8d92cb49,2,15723.003126907186,1000
2,panel_direct_raw_gr_a1000,8d92cb49,3,112982.16645177917,590
2,panel_direct_phase_a100,8d92cb49,0,22481.92042413639,999
2,panel_direct_phase_a100,8d92cb49,1,22106.281055428222,1000
2,panel_direct_phase_a100,8d92cb49,2,10208.784766704644,1000
2,panel_direct_phase_a100,8d92cb49,3,123204.4307961769,590
2,panel_direct_phase_a1000,8d92cb49,0,9257.894906059762,999
2,panel_direct_phase_a1000,8d92cb49,1,20153.660818666787,1000
2,panel_direct_phase_a1000,8d92cb49,2,12822.70931334752,1000
2,panel_direct_phase_a1000,8d92cb49,3,120490.81174131983,590
2,panel_direct_phase_a10000,8d92cb49,0,2462.1032030822857,999
2,panel_direct_phase_a10000,8d92cb49,1,21927.510081374377,1000
2,panel_direct_phase_a10000,8d92cb49,2,21772.236177989573,1000
2,panel_direct_phase_a10000,8d92cb49,3,129872.66003977755,590
2,panel_direct_geom_a1000,77e4821c,0,35808.42630815278,999
2,panel_direct_geom_a1000,77e4821c,1,83164.15382357543,1000
2,panel_direct_geom_a1000,77e4821c,2,261806.27803270487,1000
2,panel_direct_geom_a1000,77e4821c,3,318160.88523173495,1000
2,panel_direct_geom_a1000,77e4821c,4,962706.1295078389,1000
2,panel_direct_geom_a1000,77e4821c,5,178328.89830228745,394
2,panel_direct_raw_gr_a1000,77e4821c,0,36022.66583724858,999
2,panel_direct_raw_gr_a1000,77e4821c,1,82169.23546958898,1000
2,panel_direct_raw_gr_a1000,77e4821c,2,262377.39567120763,1000
2,panel_direct_raw_gr_a1000,77e4821c,3,313948.5320725224,1000
2,panel_direct_raw_gr_a1000,77e4821c,4,964418.4716932509,1000
2,panel_direct_raw_gr_a1000,77e4821c,5,180284.2982440519,394
2,panel_direct_phase_a100,77e4821c,0,12279.657594315308,999
2,panel_direct_phase_a100,77e4821c,1,129007.41107023417,1000
2,panel_direct_phase_a100,77e4821c,2,314393.56715728977,1000
2,panel_direct_phase_a100,77e4821c,3,453862.20911411924,1000
2,panel_direct_phase_a100,77e4821c,4,1094111.560408098,1000
2,panel_direct_phase_a100,77e4821c,5,230345.8386414486,394
2,panel_direct_phase_a1000,77e4821c,0,28192.094863473707,999
2,panel_direct_phase_a1000,77e4821c,1,98817.42450233168,1000
2,panel_direct_phase_a1000,77e4821c,2,268230.3374963473,1000
2,panel_direct_phase_a1000,77e4821c,3,354295.44222697424,1000
2,panel_direct_phase_a1000,77e4821c,4,986385.6214858333,1000
2,panel_direct_phase_a1000,77e4821c,5,180269.32180160622,394
2,panel_direct_phase_a10000,77e4821c,0,46206.909028956725,999
2,panel_direct_phase_a10000,77e4821c,1,96422.38542710869,1000
2,panel_direct_phase_a10000,77e4821c,2,282291.63246007246,1000
2,panel_direct_phase_a10000,77e4821c,3,349478.8255513263,1000
2,panel_direct_phase_a10000,77e4821c,4,991553.5112233398,1000
2,panel_direct_phase_a10000,77e4821c,5,179753.78337866577,394
2,panel_direct_geom_a1000,7b2c7b3c,0,5583.25493989069,999
2,panel_direct_geom_a1000,7b2c7b3c,1,79455.09635033517,1000
2,panel_direct_geom_a1000,7b2c7b3c,2,44493.650127133355,585
2,panel_direct_raw_gr_a1000,7b2c7b3c,0,5578.505243135081,999
2,panel_direct_raw_gr_a1000,7b2c7b3c,1,81671.86677738246,1000
2,panel_direct_raw_gr_a1000,7b2c7b3c,2,44611.63134342394,585
2,panel_direct_phase_a100,7b2c7b3c,0,974.9174744991916,999
2,panel_direct_phase_a100,7b2c7b3c,1,84218.1174211487,1000
2,panel_direct_phase_a100,7b2c7b3c,2,67191.47157556306,585
2,panel_direct_phase_a1000,7b2c7b3c,0,6110.041994961719,999
2,panel_direct_phase_a1000,7b2c7b3c,1,96460.45390983744,1000
2,panel_direct_phase_a1000,7b2c7b3c,2,54040.69776746923,585
2,panel_direct_phase_a10000,7b2c7b3c,0,3985.8061886229816,999
2,panel_direct_phase_a10000,7b2c7b3c,1,71223.94233733189,1000
2,panel_direct_phase_a10000,7b2c7b3c,2,39450.53377302967,585
2,panel_direct_geom_a1000,ab18d3fc,0,30840.451623874418,999
2,panel_direct_geom_a1000,ab18d3fc,1,28070.43778522131,1000
2,panel_direct_geom_a1000,ab18d3fc,2,289772.4233454417,1000
2,panel_direct_geom_a1000,ab18d3fc,3,394975.1325291452,1000
2,panel_direct_geom_a1000,ab18d3fc,4,530024.6817909367,1000
2,panel_direct_geom_a1000,ab18d3fc,5,399269.312847397,695
2,panel_direct_raw_gr_a1000,ab18d3fc,0,31024.27076090492,999
2,panel_direct_raw_gr_a1000,ab18d3fc,1,25821.270249005956,1000
2,panel_direct_raw_gr_a1000,ab18d3fc,2,285939.9663223389,1000
2,panel_direct_raw_gr_a1000,ab18d3fc,3,398573.31864438136,1000
2,panel_direct_raw_gr_a1000,ab18d3fc,4,534804.3641503598,1000
2,panel_direct_raw_gr_a1000,ab18d3fc,5,398956.6261278772,695
2,panel_direct_phase_a100,ab18d3fc,0,59987.561110298884,999
2,panel_direct_phase_a100,ab18d3fc,1,34280.47388061329,1000
2,panel_direct_phase_a100,ab18d3fc,2,224273.2218474257,1000
2,panel_direct_phase_a100,ab18d3fc,3,255923.79992555184,1000
2,panel_direct_phase_a100,ab18d3fc,4,377887.74773001723,1000
2,panel_direct_phase_a100,ab18d3fc,5,334420.19676650694,695
2,panel_direct_phase_a1000,ab18d3fc,0,29500.481800433536,999
2,panel_direct_phase_a1000,ab18d3fc,1,36154.689779642395,1000
2,panel_direct_phase_a1000,ab18d3fc,2,296234.4586310771,1000
2,panel_direct_phase_a1000,ab18d3fc,3,342950.1498126363,1000
2,panel_direct_phase_a1000,ab18d3fc,4,482073.4687786167,1000
2,panel_direct_phase_a1000,ab18d3fc,5,399227.6836462367,695
2,panel_direct_phase_a10000,ab18d3fc,0,33790.46928585079,999
2,panel_direct_phase_a10000,ab18d3fc,1,28063.35878073409,1000
2,panel_direct_phase_a10000,ab18d3fc,2,275330.6019429413,1000
2,panel_direct_phase_a10000,ab18d3fc,3,358218.8087341315,1000
2,panel_direct_phase_a10000,ab18d3fc,4,501271.0691834916,1000
2,panel_direct_phase_a10000,ab18d3fc,5,394461.4735083699,695
2,panel_direct_geom_a1000,84815d5a,0,180826.86964324853,999
2,panel_direct_geom_a1000,84815d5a,1,819986.6926511133,1000
2,panel_direct_geom_a1000,84815d5a,2,180606.9460702518,1000
2,panel_direct_geom_a1000,84815d5a,3,179568.1905487208,648
2,panel_direct_raw_gr_a1000,84815d5a,0,181066.15301513125,999
2,panel_direct_raw_gr_a1000,84815d5a,1,830570.3794112985,1000
2,panel_direct_raw_gr_a1000,84815d5a,2,181676.38701919848,1000
2,panel_direct_raw_gr_a1000,84815d5a,3,179579.25398797178,648
2,panel_direct_phase_a100,84815d5a,0,58761.52324015384,999
2,panel_direct_phase_a100,84815d5a,1,480289.146839835,1000
2,panel_direct_phase_a100,84815d5a,2,110993.43570935504,1000
2,panel_direct_phase_a100,84815d5a,3,142155.0529408624,648
2,panel_direct_phase_a1000,84815d5a,0,155250.6048548132,999
2,panel_direct_phase_a1000,84815d5a,1,747811.0970510338,1000
2,panel_direct_phase_a1000,84815d5a,2,157473.65761324397,1000
2,panel_direct_phase_a1000,84815d5a,3,166882.9157199439,648
2,panel_direct_phase_a10000,84815d5a,0,176487.4577267834,999
2,panel_direct_phase_a10000,84815d5a,1,798155.663304904,1000
2,panel_direct_phase_a10000,84815d5a,2,159398.3672934887,1000
2,panel_direct_phase_a10000,84815d5a,3,162447.7825431759,648
2,panel_direct_geom_a1000,0498acab,0,8624.13025355493,999
2,panel_direct_geom_a1000,0498acab,1,78460.35656200061,1000
2,panel_direct_geom_a1000,0498acab,2,12263.066035716149,1000
2,panel_direct_geom_a1000,0498acab,3,14288.82209932622,1000
2,panel_direct_geom_a1000,0498acab,4,23755.943692927216,799
2,panel_direct_raw_gr_a1000,0498acab,0,8622.656534615422,999
2,panel_direct_raw_gr_a1000,0498acab,1,80324.71016658968,1000
2,panel_direct_raw_gr_a1000,0498acab,2,12300.594462126988,1000
2,panel_direct_raw_gr_a1000,0498acab,3,13314.63224537643,1000
2,panel_direct_raw_gr_a1000,0498acab,4,23699.402586573065,799
2,panel_direct_phase_a100,0498acab,0,5170.956329693612,999
2,panel_direct_phase_a100,0498acab,1,68915.00543710392,1000
2,panel_direct_phase_a100,0498acab,2,11901.310209984184,1000
2,panel_direct_phase_a100,0498acab,3,12895.701391565506,1000
2,panel_direct_phase_a100,0498acab,4,14954.134376261507,799
2,panel_direct_phase_a1000,0498acab,0,8526.693596765062,999
2,panel_direct_phase_a1000,0498acab,1,86494.0700774497,1000
2,panel_direct_phase_a1000,0498acab,2,12809.39918950359,1000
2,panel_direct_phase_a1000,0498acab,3,14436.636771234007,1000
2,panel_direct_phase_a1000,0498acab,4,20428.111380662103,799
2,panel_direct_phase_a10000,0498acab,0,10598.681261884156,999
2,panel_direct_phase_a10000,0498acab,1,99533.38180554843,1000
2,panel_direct_phase_a10000,0498acab,2,13276.275725650736,1000
2,panel_direct_phase_a10000,0498acab,3,19118.668336848626,1000
2,panel_direct_phase_a10000,0498acab,4,21512.364734302693,799
2,panel_direct_geom_a1000,ea0b99b7,0,245550.39701217887,999
2,panel_direct_geom_a1000,ea0b99b7,1,42640.00959970455,1000
2,panel_direct_geom_a1000,ea0b99b7,2,37839.58078015994,1000
2,panel_direct_geom_a1000,ea0b99b7,3,149129.50441385058,1000
2,panel_direct_geom_a1000,ea0b99b7,4,186455.5364866466,1000
2,panel_direct_geom_a1000,ea0b99b7,5,75724.06513679674,1000
2,panel_direct_geom_a1000,ea0b99b7,6,78317.21176094856,1000
2,panel_direct_geom_a1000,ea0b99b7,7,302345.2539951901,1000
2,panel_direct_geom_a1000,ea0b99b7,8,41476.69171630431,1000
2,panel_direct_geom_a1000,ea0b99b7,9,32471.75001965286,240
2,panel_direct_raw_gr_a1000,ea0b99b7,0,246065.32241324554,999
2,panel_direct_raw_gr_a1000,ea0b99b7,1,42569.318161884876,1000
2,panel_direct_raw_gr_a1000,ea0b99b7,2,37601.71868161239,1000
2,panel_direct_raw_gr_a1000,ea0b99b7,3,150155.48765021787,1000
2,panel_direct_raw_gr_a1000,ea0b99b7,4,187040.95116384866,1000
2,panel_direct_raw_gr_a1000,ea0b99b7,5,77083.61538979213,1000
2,panel_direct_raw_gr_a1000,ea0b99b7,6,79766.45892266018,1000
2,panel_direct_raw_gr_a1000,ea0b99b7,7,304439.8917852241,1000
2,panel_direct_raw_gr_a1000,ea0b99b7,8,41571.02416812399,1000
2,panel_direct_raw_gr_a1000,ea0b99b7,9,32540.96246873166,240
2,panel_direct_phase_a100,ea0b99b7,0,147043.60309175355,999
2,panel_direct_phase_a100,ea0b99b7,1,35523.25715037143,1000
2,panel_direct_phase_a100,ea0b99b7,2,30363.538197574126,1000
2,panel_direct_phase_a100,ea0b99b7,3,124154.96479181455,1000
2,panel_direct_phase_a100,ea0b99b7,4,155394.09275048174,1000
2,panel_direct_phase_a100,ea0b99b7,5,57450.36639082976,1000
2,panel_direct_phase_a100,ea0b99b7,6,58616.18775462508,1000
2,panel_direct_phase_a100,ea0b99b7,7,249595.3307456037,1000
2,panel_direct_phase_a100,ea0b99b7,8,23995.04589227024,1000
2,panel_direct_phase_a100,ea0b99b7,9,22802.308767331153,240
2,panel_direct_phase_a1000,ea0b99b7,0,236154.51853300908,999
2,panel_direct_phase_a1000,ea0b99b7,1,41328.46600469649,1000
2,panel_direct_phase_a1000,ea0b99b7,2,35001.87661311643,1000
2,panel_direct_phase_a1000,ea0b99b7,3,145138.1405737178,1000
2,panel_direct_phase_a1000,ea0b99b7,4,181360.97907013225,1000
2,panel_direct_phase_a1000,ea0b99b7,5,72076.11128090888,1000
2,panel_direct_phase_a1000,ea0b99b7,6,76819.59108580889,1000
2,panel_direct_phase_a1000,ea0b99b7,7,298094.1105528899,1000
2,panel_direct_phase_a1000,ea0b99b7,8,40274.653876769895,1000
2,panel_direct_phase_a1000,ea0b99b7,9,31793.46608010312,240
2,panel_direct_phase_a10000,ea0b99b7,0,291810.1098817797,999
2,panel_direct_phase_a10000,ea0b99b7,1,48764.32137529114,1000
2,panel_direct_phase_a10000,ea0b99b7,2,48412.02245676108,1000
2,panel_direct_phase_a10000,ea0b99b7,3,172337.57642181675,1000
2,panel_direct_phase_a10000,ea0b99b7,4,203330.18973845203,1000
2,panel_direct_phase_a10000,ea0b99b7,5,79584.15415269825,1000
2,panel_direct_phase_a10000,ea0b99b7,6,83482.86528229134,1000
2,panel_direct_phase_a10000,ea0b99b7,7,309167.9222462438,1000
2,panel_direct_phase_a10000,ea0b99b7,8,43190.04726412539,1000
2,panel_direct_phase_a10000,ea0b99b7,9,33300.67226756499,240
2,panel_direct_geom_a1000,71642c7d,0,75518.54721315959,999
2,panel_direct_geom_a1000,71642c7d,1,291893.7163744854,1000
2,panel_direct_geom_a1000,71642c7d,2,21475.709680043852,1000
2,panel_direct_geom_a1000,71642c7d,3,91074.98595320023,1000
2,panel_direct_geom_a1000,71642c7d,4,21651.035863149365,649
2,panel_direct_raw_gr_a1000,71642c7d,0,75295.66623405559,999
2,panel_direct_raw_gr_a1000,71642c7d,1,286354.32254358294,1000
2,panel_direct_raw_gr_a1000,71642c7d,2,21469.536403363283,1000
2,panel_direct_raw_gr_a1000,71642c7d,3,93241.32066798632,1000
2,panel_direct_raw_gr_a1000,71642c7d,4,23193.565294915712,649
2,panel_direct_phase_a100,71642c7d,0,21560.296411733183,999
2,panel_direct_phase_a100,71642c7d,1,101740.16664157786,1000
2,panel_direct_phase_a100,71642c7d,2,29430.10758827462,1000
2,panel_direct_phase_a100,71642c7d,3,73116.07621070587,1000
2,panel_direct_phase_a100,71642c7d,4,19578.89886467123,649
2,panel_direct_phase_a1000,71642c7d,0,59251.50025459797,999
2,panel_direct_phase_a1000,71642c7d,1,224263.63195725565,1000
2,panel_direct_phase_a1000,71642c7d,2,21116.109260795827,1000
2,panel_direct_phase_a1000,71642c7d,3,84840.63399413778,1000
2,panel_direct_phase_a1000,71642c7d,4,20920.97647186048,649
2,panel_direct_phase_a10000,71642c7d,0,98468.64769179834,999
2,panel_direct_phase_a10000,71642c7d,1,334815.7851534309,1000
2,panel_direct_phase_a10000,71642c7d,2,22038.473319632278,1000
2,panel_direct_phase_a10000,71642c7d,3,106613.56897976183,1000
2,panel_direct_phase_a10000,71642c7d,4,26584.871931805843,649
2,panel_direct_geom_a1000,44441e54,0,9243.982599832607,999
2,panel_direct_geom_a1000,44441e54,1,19895.953696028355,1000
2,panel_direct_geom_a1000,44441e54,2,6803.026922859981,1000
2,panel_direct_geom_a1000,44441e54,3,7879.219017266685,1000
2,panel_direct_geom_a1000,44441e54,4,21153.709988039038,358
2,panel_direct_raw_gr_a1000,44441e54,0,9330.629962261732,999
2,panel_direct_raw_gr_a1000,44441e54,1,20719.014245601982,1000
2,panel_direct_raw_gr_a1000,44441e54,2,6913.651887884486,1000
2,panel_direct_raw_gr_a1000,44441e54,3,7303.111950222076,1000
2,panel_direct_raw_gr_a1000,44441e54,4,21977.579282275867,358
2,panel_direct_phase_a100,44441e54,0,7776.776064448578,999
2,panel_direct_phase_a100,44441e54,1,24090.548091579607,1000
2,panel_direct_phase_a100,44441e54,2,5278.032017358942,1000
2,panel_direct_phase_a100,44441e54,3,8446.508249273,1000
2,panel_direct_phase_a100,44441e54,4,34148.72568643987,358
2,panel_direct_phase_a1000,44441e54,0,9833.377755417585,999
2,panel_direct_phase_a1000,44441e54,1,21828.593080891627,1000
2,panel_direct_phase_a1000,44441e54,2,4178.07097036944,1000
2,panel_direct_phase_a1000,44441e54,3,7577.741607773675,1000
2,panel_direct_phase_a1000,44441e54,4,23611.18851752755,358
2,panel_direct_phase_a10000,44441e54,0,8605.277556620706,999
2,panel_direct_phase_a10000,44441e54,1,17092.610922181702,1000
2,panel_direct_phase_a10000,44441e54,2,8010.134344478246,1000
2,panel_direct_phase_a10000,44441e54,3,6579.325976509273,1000
2,panel_direct_phase_a10000,44441e54,4,17817.141547062518,358
2,panel_direct_geom_a1000,8f201368,0,442103.5074869293,999
2,panel_direct_geom_a1000,8f201368,1,1776906.1823661954,1000
2,panel_direct_geom_a1000,8f201368,2,1091799.6134468275,1000
2,panel_direct_geom_a1000,8f201368,3,480413.0681146496,1000
2,panel_direct_geom_a1000,8f201368,4,1264428.7296724871,1000
2,panel_direct_geom_a1000,8f201368,5,1028084.9907007555,1000
2,panel_direct_geom_a1000,8f201368,6,308440.6040673013,350
2,panel_direct_raw_gr_a1000,8f201368,0,443184.22105799324,999
2,panel_direct_raw_gr_a1000,8f201368,1,1776325.8369271727,1000
2,panel_direct_raw_gr_a1000,8f201368,2,1098221.87828149,1000
2,panel_direct_raw_gr_a1000,8f201368,3,479241.57007764606,1000
2,panel_direct_raw_gr_a1000,8f201368,4,1262491.802711291,1000
2,panel_direct_raw_gr_a1000,8f201368,5,1027816.2126578985,1000
2,panel_direct_raw_gr_a1000,8f201368,6,305552.04762192344,350
2,panel_direct_phase_a100,8f201368,0,352063.2062851753,999
2,panel_direct_phase_a100,8f201368,1,1536943.3901347085,1000
2,panel_direct_phase_a100,8f201368,2,1173650.0210217787,1000
2,panel_direct_phase_a100,8f201368,3,482803.9768224113,1000
2,panel_direct_phase_a100,8f201368,4,1202569.4174201959,1000
2,panel_direct_phase_a100,8f201368,5,1076054.0066855727,1000
2,panel_direct_phase_a100,8f201368,6,356321.58434588753,350
2,panel_direct_phase_a1000,8f201368,0,450249.0212704459,999
2,panel_direct_phase_a1000,8f201368,1,1786962.0695491915,1000
2,panel_direct_phase_a1000,8f201368,2,1189731.287443726,1000
2,panel_direct_phase_a1000,8f201368,3,489105.31763913814,1000
2,panel_direct_phase_a1000,8f201368,4,1258605.4637366391,1000
2,panel_direct_phase_a1000,8f201368,5,1042765.3660502924,1000
2,panel_direct_phase_a1000,8f201368,6,318366.45913769817,350
2,panel_direct_phase_a10000,8f201368,0,443815.1028942285,999
2,panel_direct_phase_a10000,8f201368,1,1769652.1676598275,1000
2,panel_direct_phase_a10000,8f201368,2,1078571.3060264692,1000
2,panel_direct_phase_a10000,8f201368,3,450175.2522409928,1000
2,panel_direct_phase_a10000,8f201368,4,1233711.6516788811,1000
2,panel_direct_phase_a10000,8f201368,5,1017144.5884192038,1000
2,panel_direct_phase_a10000,8f201368,6,302737.9327888728,350
2,panel_direct_geom_a1000,1550491d,0,62281.605587947524,999
2,panel_direct_geom_a1000,1550491d,1,436722.78225525055,1000
2,panel_direct_geom_a1000,1550491d,2,392957.76430036477,1000
2,panel_direct_geom_a1000,1550491d,3,641419.6673626892,1000
2,panel_direct_geom_a1000,1550491d,4,185196.87345499604,564
2,panel_direct_raw_gr_a1000,1550491d,0,62433.280681129974,999
2,panel_direct_raw_gr_a1000,1550491d,1,433847.720643768,1000
2,panel_direct_raw_gr_a1000,1550491d,2,391188.9855194252,1000
2,panel_direct_raw_gr_a1000,1550491d,3,642972.0485037306,1000
2,panel_direct_raw_gr_a1000,1550491d,4,186713.17948033696,564
2,panel_direct_phase_a100,1550491d,0,11820.629150969744,999
2,panel_direct_phase_a100,1550491d,1,199007.96438188298,1000
2,panel_direct_phase_a100,1550491d,2,207727.05017815297,1000
2,panel_direct_phase_a100,1550491d,3,482552.58181748266,1000
2,panel_direct_phase_a100,1550491d,4,154472.37137031724,564
2,panel_direct_phase_a1000,1550491d,0,56679.88740879838,999
2,panel_direct_phase_a1000,1550491d,1,416002.9130427782,1000
2,panel_direct_phase_a1000,1550491d,2,385265.78056234005,1000
2,panel_direct_phase_a1000,1550491d,3,663985.7979902795,1000
2,panel_direct_phase_a1000,1550491d,4,201952.36031636683,564
2,panel_direct_phase_a10000,1550491d,0,89346.30013325316,999
2,panel_direct_phase_a10000,1550491d,1,515193.36831926665,1000
2,panel_direct_phase_a10000,1550491d,2,452393.2690653844,1000
2,panel_direct_phase_a10000,1550491d,3,711565.8863691349,1000
2,panel_direct_phase_a10000,1550491d,4,208300.0479947656,564
2,panel_direct_geom_a1000,f49fdea3,0,133783.37632103043,999
2,panel_direct_geom_a1000,f49fdea3,1,150152.00304709925,1000
2,panel_direct_geom_a1000,f49fdea3,2,104382.60640000606,1000
2,panel_direct_geom_a1000,f49fdea3,3,231580.28880678196,1000
2,panel_direct_geom_a1000,f49fdea3,4,278428.87781386665,1000
2,panel_direct_geom_a1000,f49fdea3,5,90622.81849985542,392
2,panel_direct_raw_gr_a1000,f49fdea3,0,133741.56917694985,999
2,panel_direct_raw_gr_a1000,f49fdea3,1,148293.82382819452,1000
2,panel_direct_raw_gr_a1000,f49fdea3,2,103453.31265482241,1000
2,panel_direct_raw_gr_a1000,f49fdea3,3,233632.8585167422,1000
2,panel_direct_raw_gr_a1000,f49fdea3,4,276442.54381607176,1000
2,panel_direct_raw_gr_a1000,f49fdea3,5,89652.10129188436,392
2,panel_direct_phase_a100,f49fdea3,0,112859.95996293165,999
2,panel_direct_phase_a100,f49fdea3,1,183232.1452100621,1000
2,panel_direct_phase_a100,f49fdea3,2,140031.5661881456,1000
2,panel_direct_phase_a100,f49fdea3,3,271623.6360900884,1000
2,panel_direct_phase_a100,f49fdea3,4,305986.2597259299,1000
2,panel_direct_phase_a100,f49fdea3,5,85293.62871161588,392
2,panel_direct_phase_a1000,f49fdea3,0,130466.93325873988,999
2,panel_direct_phase_a1000,f49fdea3,1,150927.95292395056,1000
2,panel_direct_phase_a1000,f49fdea3,2,108913.7402759461,1000
2,panel_direct_phase_a1000,f49fdea3,3,233429.32923656533,1000
2,panel_direct_phase_a1000,f49fdea3,4,280093.9123504593,1000
2,panel_direct_phase_a1000,f49fdea3,5,88876.28163276629,392
2,panel_direct_phase_a10000,f49fdea3,0,121851.52243848004,999
2,panel_direct_phase_a10000,f49fdea3,1,126065.7535715354,1000
2,panel_direct_phase_a10000,f49fdea3,2,85626.51283441347,1000
2,panel_direct_phase_a10000,f49fdea3,3,200094.19683470842,1000
2,panel_direct_phase_a10000,f49fdea3,4,256168.58103027145,1000
2,panel_direct_phase_a10000,f49fdea3,5,88077.58847866052,392
2,panel_direct_geom_a1000,9c8375f7,0,3047.455356398737,999
2,panel_direct_geom_a1000,9c8375f7,1,69667.11722420782,1000
2,panel_direct_geom_a1000,9c8375f7,2,14126.668156857442,1000
2,panel_direct_geom_a1000,9c8375f7,3,43006.901639987496,675
2,panel_direct_raw_gr_a1000,9c8375f7,0,3003.897345934472,999
2,panel_direct_raw_gr_a1000,9c8375f7,1,74055.10211991779,1000
2,panel_direct_raw_gr_a1000,9c8375f7,2,13731.085891731447,1000
2,panel_direct_raw_gr_a1000,9c8375f7,3,42707.64151240227,675
2,panel_direct_phase_a100,9c8375f7,0,21685.600521495326,999
2,panel_direct_phase_a100,9c8375f7,1,154182.85912468703,1000
2,panel_direct_phase_a100,9c8375f7,2,7228.247086990296,1000
2,panel_direct_phase_a100,9c8375f7,3,21578.587491061822,675
2,panel_direct_phase_a1000,9c8375f7,0,3636.9510557530293,999
2,panel_direct_phase_a1000,9c8375f7,1,77134.29026278816,1000
2,panel_direct_phase_a1000,9c8375f7,2,12967.664430505629,1000
2,panel_direct_phase_a1000,9c8375f7,3,41887.00152936371,675
2,panel_direct_phase_a10000,9c8375f7,0,3439.5297079748916,999
2,panel_direct_phase_a10000,9c8375f7,1,74181.87289567039,1000
2,panel_direct_phase_a10000,9c8375f7,2,11794.854001324902,1000
2,panel_direct_phase_a10000,9c8375f7,3,38293.942286810176,675
