fold,model,well,bucket_kft,sse,n
0,panel_geom_a100,fc0d20b2,0,47485.14592067664,999
0,panel_geom_a100,fc0d20b2,1,267481.9822198051,1000
0,panel_geom_a100,fc0d20b2,2,654512.9468629669,1000
0,panel_geom_a100,fc0d20b2,3,1265097.2143085906,955
0,panel_raw_gr_a100,fc0d20b2,0,47107.70396295616,999
0,panel_raw_gr_a100,fc0d20b2,1,267917.42394223507,1000
0,panel_raw_gr_a100,fc0d20b2,2,653574.3221652847,1000
0,panel_raw_gr_a100,fc0d20b2,3,1261710.1617520517,955
0,panel_phase_a10,fc0d20b2,0,50358.790215121124,999
0,panel_phase_a10,fc0d20b2,1,279373.4229473124,1000
0,panel_phase_a10,fc0d20b2,2,679995.963910548,1000
0,panel_phase_a10,fc0d20b2,3,1303622.341925271,955
0,panel_phase_a100,fc0d20b2,0,44602.585861054635,999
0,panel_phase_a100,fc0d20b2,1,254855.6634505424,1000
0,panel_phase_a100,fc0d20b2,2,621891.6703298426,1000
0,panel_phase_a100,fc0d20b2,3,1189617.3103289453,955
0,panel_phase_a1000,fc0d20b2,0,29987.37698988056,999
0,panel_phase_a1000,fc0d20b2,1,193350.77198121144,1000
0,panel_phase_a1000,fc0d20b2,2,446162.2112592439,1000
0,panel_phase_a1000,fc0d20b2,3,771511.3364866904,955
0,panel_geom_a100,be35c8f2,0,1186.9481885019893,999
0,panel_geom_a100,be35c8f2,1,65163.79345534312,1000
0,panel_geom_a100,be35c8f2,2,77089.84729969972,1000
0,panel_geom_a100,be35c8f2,3,112248.01625031354,1000
0,panel_geom_a100,be35c8f2,4,45042.16082442062,227
0,panel_raw_gr_a100,be35c8f2,0,1167.77197936127,999
0,panel_raw_gr_a100,be35c8f2,1,64390.65096888713,1000
0,panel_raw_gr_a100,be35c8f2,2,76258.56377730399,1000
0,panel_raw_gr_a100,be35c8f2,3,112441.48875681228,1000
0,panel_raw_gr_a100,be35c8f2,4,45015.84655279529,227
0,panel_phase_a10,be35c8f2,0,1240.1374940859328,999
0,panel_phase_a10,be35c8f2,1,66164.7994880764,1000
0,panel_phase_a10,be35c8f2,2,79273.23754827872,1000
0,panel_phase_a10,be35c8f2,3,112839.57103813073,1000
0,panel_phase_a10,be35c8f2,4,44618.30511100157,227
0,panel_phase_a100,be35c8f2,0,1237.1378508364312,999
0,panel_phase_a100,be35c8f2,1,64169.56414674131,1000
0,panel_phase_a100,be35c8f2,2,75845.38892288117,1000
0,panel_phase_a100,be35c8f2,3,116416.2853336894,1000
0,panel_phase_a100,be35c8f2,4,47193.53660586092,227
0,panel_phase_a1000,be35c8f2,0,2486.3252218947746,999
0,panel_phase_a1000,be35c8f2,1,91552.84579929826,1000
0,panel_phase_a1000,be35c8f2,2,115908.26538364631,1000
0,panel_phase_a1000,be35c8f2,3,43327.13225387819,1000
0,panel_phase_a1000,be35c8f2,4,14490.826181231509,227
0,panel_geom_a100,90386ee4,0,10776.625448863173,999
0,panel_geom_a100,90386ee4,1,32340.566002953175,1000
0,panel_geom_a100,90386ee4,2,54348.028569213944,1000
0,panel_geom_a100,90386ee4,3,94867.11132357686,841
0,panel_raw_gr_a100,90386ee4,0,10934.24943835834,999
0,panel_raw_gr_a100,90386ee4,1,33037.96083244706,1000
0,panel_raw_gr_a100,90386ee4,2,55028.27590698331,1000
0,panel_raw_gr_a100,90386ee4,3,95868.01308312551,841
0,panel_phase_a10,90386ee4,0,12257.283716279648,999
0,panel_phase_a10,90386ee4,1,38520.2565695974,1000
0,panel_phase_a10,90386ee4,2,66614.34332192842,1000
0,panel_phase_a10,90386ee4,3,110962.7021322644,841
0,panel_phase_a100,90386ee4,0,10425.908325990446,999
0,panel_phase_a100,90386ee4,1,32695.059189549793,1000
0,panel_phase_a100,90386ee4,2,53927.88873048678,1000
0,panel_phase_a100,90386ee4,3,92480.6628565023,841
0,panel_phase_a1000,90386ee4,0,8477.95920455747,999
0,panel_phase_a1000,90386ee4,1,19798.440482495203,1000
0,panel_phase_a1000,90386ee4,2,39688.374038618414,1000
0,panel_phase_a1000,90386ee4,3,68977.42653860372,841
0,panel_geom_a100,4b831d20,0,61556.38197281325,999
0,panel_geom_a100,4b831d20,1,14825.62749632516,1000
0,panel_geom_a100,4b831d20,2,31528.35219122814,1000
0,panel_geom_a100,4b831d20,3,104588.54942902534,1000
0,panel_geom_a100,4b831d20,4,142186.44295947117,1000
0,panel_geom_a100,4b831d20,5,206033.40363449813,1000
0,panel_geom_a100,4b831d20,6,127497.44810833703,1000
0,panel_geom_a100,4b831d20,7,81765.625513282,313
0,panel_raw_gr_a100,4b831d20,0,60198.6191874163,999
0,panel_raw_gr_a100,4b831d20,1,14769.00533520607,1000
0,panel_raw_gr_a100,4b831d20,2,32250.90208867536,1000
0,panel_raw_gr_a100,4b831d20,3,105594.31352091335,1000
0,panel_raw_gr_a100,4b831d20,4,143738.16043457415,1000
0,panel_raw_gr_a100,4b831d20,5,208124.56440418967,1000
0,panel_raw_gr_a100,4b831d20,6,128492.68677857202,1000
0,panel_raw_gr_a100,4b831d20,7,81784.13051420204,313
0,panel_phase_a10,4b831d20,0,59059.15710579033,999
0,panel_phase_a10,4b831d20,1,15496.364702905998,1000
0,panel_phase_a10,4b831d20,2,29586.792190690503,1000
0,panel_phase_a10,4b831d20,3,95181.40904903007,1000
0,panel_phase_a10,4b831d20,4,133860.8028050153,1000
0,panel_phase_a10,4b831d20,5,196406.20773005433,1000
0,panel_phase_a10,4b831d20,6,113904.8409524037,1000
0,panel_phase_a10,4b831d20,7,71342.64550743063,313
0,panel_phase_a100,4b831d20,0,58835.73842812538,999
0,panel_phase_a100,4b831d20,1,14868.472811220738,1000
0,panel_phase_a100,4b831d20,2,35252.22713780444,1000
0,panel_phase_a100,4b831d20,3,105529.07344699769,1000
0,panel_phase_a100,4b831d20,4,140593.16073083383,1000
0,panel_phase_a100,4b831d20,5,208373.24529488586,1000
0,panel_phase_a100,4b831d20,6,123693.9626953229,1000
0,panel_phase_a100,4b831d20,7,77424.79561430584,313
0,panel_phase_a1000,4b831d20,0,62843.716378242425,999
0,panel_phase_a1000,4b831d20,1,16783.97928084499,1000
0,panel_phase_a1000,4b831d20,2,66418.69472914205,1000
0,panel_phase_a1000,4b831d20,3,192456.89809191387,1000
0,panel_phase_a1000,4b831d20,4,242054.82047181047,1000
0,panel_phase_a1000,4b831d20,5,317876.399651941,1000
0,panel_phase_a1000,4b831d20,6,225729.77568085026,1000
0,panel_phase_a1000,4b831d20,7,131906.52605022682,313
0,panel_geom_a100,fd8f77fa,0,5956.893248430435,999
0,panel_geom_a100,fd8f77fa,1,29335.714690971705,1000
0,panel_geom_a100,fd8f77fa,2,51869.82073462789,1000
0,panel_geom_a100,fd8f77fa,3,26899.989352347653,1000
0,panel_geom_a100,fd8f77fa,4,375627.4729112059,1000
0,panel_geom_a100,fd8f77fa,5,185053.15729641385,273
0,panel_raw_gr_a100,fd8f77fa,0,6115.580340737697,999
0,panel_raw_gr_a100,fd8f77fa,1,29475.432567899163,1000
0,panel_raw_gr_a100,fd8f77fa,2,52446.8208149266,1000
0,panel_raw_gr_a100,fd8f77fa,3,26981.9620714195,1000
0,panel_raw_gr_a100,fd8f77fa,4,374681.6415206408,1000
0,panel_raw_gr_a100,fd8f77fa,5,184432.71994835514,273
0,panel_phase_a10,fd8f77fa,0,5382.481131977835,999
0,panel_phase_a10,fd8f77fa,1,29203.62604666178,1000
0,panel_phase_a10,fd8f77fa,2,52897.68848851914,1000
0,panel_phase_a10,fd8f77fa,3,24754.219351558244,1000
0,panel_phase_a10,fd8f77fa,4,344090.6925909126,1000
0,panel_phase_a10,fd8f77fa,5,169361.56845322173,273
0,panel_phase_a100,fd8f77fa,0,4779.450476125556,999
0,panel_phase_a100,fd8f77fa,1,23102.966209601116,1000
0,panel_phase_a100,fd8f77fa,2,45700.4364510756,1000
0,panel_phase_a100,fd8f77fa,3,30083.772040663007,1000
0,panel_phase_a100,fd8f77fa,4,379523.6744196571,1000
0,panel_phase_a100,fd8f77fa,5,173682.97611299972,273
0,panel_phase_a1000,fd8f77fa,0,7003.456040575355,999
0,panel_phase_a1000,fd8f77fa,1,7611.6260382149585,1000
0,panel_phase_a1000,fd8f77fa,2,14043.680723713474,1000
0,panel_phase_a1000,fd8f77fa,3,58798.4382722986,1000
0,panel_phase_a1000,fd8f77fa,4,613611.8554962282,1000
0,panel_phase_a1000,fd8f77fa,5,230135.9558786849,273
0,panel_geom_a100,cc08aa63,0,1604.3698248849255,999
0,panel_geom_a100,cc08aa63,1,29839.540536629604,1000
0,panel_geom_a100,cc08aa63,2,60163.64886868209,1000
0,panel_geom_a100,cc08aa63,3,29731.165215069508,275
0,panel_raw_gr_a100,cc08aa63,0,1623.2163710505547,999
0,panel_raw_gr_a100,cc08aa63,1,29646.145811761795,1000
0,panel_raw_gr_a100,cc08aa63,2,60695.01937754713,1000
0,panel_raw_gr_a100,cc08aa63,3,29880.627598351766,275
0,panel_phase_a10,cc08aa63,0,1576.096330927336,999
0,panel_phase_a10,cc08aa63,1,26513.998367220192,1000
0,panel_phase_a10,cc08aa63,2,57918.150294784995,1000
0,panel_phase_a10,cc08aa63,3,28762.251178133116,275
0,panel_phase_a100,cc08aa63,0,1563.9272870624936,999
0,panel_phase_a100,cc08aa63,1,28319.760357849766,1000
0,panel_phase_a100,cc08aa63,2,58947.59212219561,1000
0,panel_phase_a100,cc08aa63,3,29007.989543078347,275
0,panel_phase_a1000,cc08aa63,0,1720.444581197999,999
0,panel_phase_a1000,cc08aa63,1,45827.7245724713,1000
0,panel_phase_a1000,cc08aa63,2,77363.6639617562,1000
0,panel_phase_a1000,cc08aa63,3,33868.904498395284,275
0,panel_geom_a100,dc7da28f,0,5117.273809250499,999
0,panel_geom_a100,dc7da28f,1,82890.3793114172,1000
0,panel_geom_a100,dc7da28f,2,523636.979836995,1000
0,panel_geom_a100,dc7da28f,3,2012866.9069688218,1000
0,panel_geom_a100,dc7da28f,4,2620243.1920028045,775
0,panel_raw_gr_a100,dc7da28f,0,5543.433138616686,999
0,panel_raw_gr_a100,dc7da28f,1,84323.80757987371,1000
0,panel_raw_gr_a100,dc7da28f,2,527112.0123202576,1000
0,panel_raw_gr_a100,dc7da28f,3,2018474.6921280632,1000
0,panel_raw_gr_a100,dc7da28f,4,2626690.341909107,775
0,panel_phase_a10,dc7da28f,0,5791.029249519359,999
0,panel_phase_a10,dc7da28f,1,87973.85736102535,1000
0,panel_phase_a10,dc7da28f,2,538203.9694716955,1000
0,panel_phase_a10,dc7da28f,3,2063259.6560340961,1000
0,panel_phase_a10,dc7da28f,4,2694318.3735520593,775
0,panel_phase_a100,dc7da28f,0,5638.965767340635,999
0,panel_phase_a100,dc7da28f,1,87151.08129880241,1000
0,panel_phase_a100,dc7da28f,2,535135.9627621002,1000
0,panel_phase_a100,dc7da28f,3,2036639.9822802115,1000
0,panel_phase_a100,dc7da28f,4,2638952.9837580323,775
0,panel_phase_a1000,dc7da28f,0,5216.469672497729,999
0,panel_phase_a1000,dc7da28f,1,81508.07737428059,1000
0,panel_phase_a1000,dc7da28f,2,486454.04770724673,1000
0,panel_phase_a1000,dc7da28f,3,1685532.0813934803,1000
0,panel_phase_a1000,dc7da28f,4,2116309.009309332,775
0,panel_geom_a100,7cd4bb31,0,4706.502160726578,999
0,panel_geom_a100,7cd4bb31,1,11521.834573119824,1000
0,panel_geom_a100,7cd4bb31,2,1226.7856081920613,1000
0,panel_geom_a100,7cd4bb31,3,16739.442582747695,1000
0,panel_geom_a100,7cd4bb31,4,171870.19291161234,1000
0,panel_geom_a100,7cd4bb31,5,198141.57477506276,1000
0,panel_geom_a100,7cd4bb31,6,119450.46014425931,440
0,panel_raw_gr_a100,7cd4bb31,0,4826.695590169654,999
0,panel_raw_gr_a100,7cd4bb31,1,11605.816293613707,1000
0,panel_raw_gr_a100,7cd4bb31,2,1281.000355786552,1000
0,panel_raw_gr_a100,7cd4bb31,3,16574.386118422328,1000
0,panel_raw_gr_a100,7cd4bb31,4,171330.51488776377,1000
0,panel_raw_gr_a100,7cd4bb31,5,198150.10158822223,1000
0,panel_raw_gr_a100,7cd4bb31,6,119626.48024556684,440
0,panel_phase_a10,7cd4bb31,0,4530.272382416883,999
0,panel_phase_a10,7cd4bb31,1,12069.712224474788,1000
0,panel_phase_a10,7cd4bb31,2,1493.5356092437626,1000
0,panel_phase_a10,7cd4bb31,3,14603.784799075558,1000
0,panel_phase_a10,7cd4bb31,4,154741.23158050328,1000
0,panel_phase_a10,7cd4bb31,5,181887.9730259487,1000
0,panel_phase_a10,7cd4bb31,6,111773.49193939788,440
0,panel_phase_a100,7cd4bb31,0,5662.413084954455,999
0,panel_phase_a100,7cd4bb31,1,15241.955181275107,1000
0,panel_phase_a100,7cd4bb31,2,2954.0608171613508,1000
0,panel_phase_a100,7cd4bb31,3,12011.55681506695,1000
0,panel_phase_a100,7cd4bb31,4,147734.51161419027,1000
0,panel_phase_a100,7cd4bb31,5,170263.02882953614,1000
0,panel_phase_a100,7cd4bb31,6,105366.04203703368,440
0,panel_phase_a1000,7cd4bb31,0,9690.376914264094,999
0,panel_phase_a1000,7cd4bb31,1,13737.055039881252,1000
0,panel_phase_a1000,7cd4bb31,2,1585.189112861848,1000
0,panel_phase_a1000,7cd4bb31,3,20909.766159008403,1000
0,panel_phase_a1000,7cd4bb31,4,184330.74948994585,1000
0,panel_phase_a1000,7cd4bb31,5,190209.7322235167,1000
0,panel_phase_a1000,7cd4bb31,6,112400.3840473504,440
0,panel_geom_a100,cdc60a53,0,68718.35194237632,999
0,panel_geom_a100,cdc60a53,1,33112.55815877932,1000
0,panel_geom_a100,cdc60a53,2,35717.5276151442,1000
0,panel_geom_a100,cdc60a53,3,69884.31911259977,1000
0,panel_geom_a100,cdc60a53,4,130006.5191123192,1000
0,panel_geom_a100,cdc60a53,5,197653.35953090084,879
0,panel_raw_gr_a100,cdc60a53,0,69241.80370797394,999
0,panel_raw_gr_a100,cdc60a53,1,33561.358688676904,1000
0,panel_raw_gr_a100,cdc60a53,2,35257.166109622616,1000
0,panel_raw_gr_a100,cdc60a53,3,69862.49860021507,1000
0,panel_raw_gr_a100,cdc60a53,4,129917.51844677966,1000
0,panel_raw_gr_a100,cdc60a53,5,197643.3814282759,879
0,panel_phase_a10,cdc60a53,0,66037.30322367979,999
0,panel_phase_a10,cdc60a53,1,33135.350966967395,1000
0,panel_phase_a10,cdc60a53,2,39198.95459898011,1000
0,panel_phase_a10,cdc60a53,3,78879.46714851147,1000
0,panel_phase_a10,cdc60a53,4,150667.97205707847,1000
0,panel_phase_a10,cdc60a53,5,219014.27579788578,879
0,panel_phase_a100,cdc60a53,0,66406.51926693949,999
0,panel_phase_a100,cdc60a53,1,32553.910206960718,1000
0,panel_phase_a100,cdc60a53,2,39851.10447054959,1000
0,panel_phase_a100,cdc60a53,3,77950.63506125344,1000
0,panel_phase_a100,cdc60a53,4,142801.92284313773,1000
0,panel_phase_a100,cdc60a53,5,217950.70868978894,879
0,panel_phase_a1000,cdc60a53,0,67755.96832549889,999
0,panel_phase_a1000,cdc60a53,1,27220.417729042914,1000
0,panel_phase_a1000,cdc60a53,2,52157.67575165155,1000
0,panel_phase_a1000,cdc60a53,3,81501.37578258166,1000
0,panel_phase_a1000,cdc60a53,4,171939.4889155891,1000
0,panel_phase_a1000,cdc60a53,5,273521.9018701131,879
0,panel_geom_a100,f631da6e,0,27912.94499874352,999
0,panel_geom_a100,f631da6e,1,94805.31291909258,1000
0,panel_geom_a100,f631da6e,2,226936.36164010488,1000
0,panel_geom_a100,f631da6e,3,413483.7749399173,1000
0,panel_geom_a100,f631da6e,4,45274.756945336194,94
0,panel_raw_gr_a100,f631da6e,0,27319.912136471954,999
0,panel_raw_gr_a100,f631da6e,1,93486.79908839043,1000
0,panel_raw_gr_a100,f631da6e,2,224967.89003513483,1000
0,panel_raw_gr_a100,f631da6e,3,410902.0030792981,1000
0,panel_raw_gr_a100,f631da6e,4,45018.66426008279,94
0,panel_phase_a10,f631da6e,0,28424.85012904987,999
0,panel_phase_a10,f631da6e,1,102927.4057009835,1000
0,panel_phase_a10,f631da6e,2,260018.41830151886,1000
0,panel_phase_a10,f631da6e,3,469145.463226396,1000
0,panel_phase_a10,f631da6e,4,51784.87815593073,94
0,panel_phase_a100,f631da6e,0,27907.88223634693,999
0,panel_phase_a100,f631da6e,1,95147.38915239258,1000
0,panel_phase_a100,f631da6e,2,245971.61976472416,1000
0,panel_phase_a100,f631da6e,3,462791.88413866307,1000
0,panel_phase_a100,f631da6e,4,51110.08465027334,94
0,panel_phase_a1000,f631da6e,0,23322.644884287303,999
0,panel_phase_a1000,f631da6e,1,71057.10530763825,1000
0,panel_phase_a1000,f631da6e,2,188454.14025064133,1000
0,panel_phase_a1000,f631da6e,3,351219.6895897044,1000
0,panel_phase_a1000,f631da6e,4,37426.37263705707,94
0,panel_geom_a100,4ddde4c1,0,10280.779751554699,999
0,panel_geom_a100,4ddde4c1,1,14902.27304655304,1000
0,panel_geom_a100,4ddde4c1,2,11749.15025179254,1000
0,panel_geom_a100,4ddde4c1,3,55999.26979853,1000
0,panel_geom_a100,4ddde4c1,4,92954.60971487923,473
0,panel_raw_gr_a100,4ddde4c1,0,10444.468736540166,999
0,panel_raw_gr_a100,4ddde4c1,1,15263.511164986083,1000
0,panel_raw_gr_a100,4ddde4c1,2,11699.056088696238,1000
0,panel_raw_gr_a100,4ddde4c1,3,55413.400422053004,1000
0,panel_raw_gr_a100,4ddde4c1,4,92686.23237273484,473
0,panel_phase_a10,4ddde4c1,0,13536.143263030113,999
0,panel_phase_a10,4ddde4c1,1,28818.299655047973,1000
0,panel_phase_a10,4ddde4c1,2,8136.946113855326,1000
0,panel_phase_a10,4ddde4c1,3,28305.081162733964,1000
0,panel_phase_a10,4ddde4c1,4,68532.63777598774,473
0,panel_phase_a100,4ddde4c1,0,10944.738209446086,999
0,panel_phase_a100,4ddde4c1,1,16616.576847647684,1000
0,panel_phase_a100,4ddde4c1,2,11632.179800435248,1000
0,panel_phase_a100,4ddde4c1,3,54731.07389923642,1000
0,panel_phase_a100,4ddde4c1,4,93385.78626673046,473
0,panel_phase_a1000,4ddde4c1,0,6154.576038933455,999
0,panel_phase_a1000,4ddde4c1,1,5054.280671158735,1000
0,panel_phase_a1000,4ddde4c1,2,37974.39238628016,1000
0,panel_phase_a1000,4ddde4c1,3,152516.2981403732,1000
0,panel_phase_a1000,4ddde4c1,4,188751.92326263644,473
0,panel_geom_a100,82fcf37c,0,35110.03302150457,999
0,panel_geom_a100,82fcf37c,1,192948.93473500054,1000
0,panel_geom_a100,82fcf37c,2,617469.174482652,1000
0,panel_geom_a100,82fcf37c,3,1117641.8535143388,1000
0,panel_geom_a100,82fcf37c,4,3086078.209380329,1000
0,panel_geom_a100,82fcf37c,5,6146258.553686794,1000
0,panel_geom_a100,82fcf37c,6,119259.83411206145,15
0,panel_raw_gr_a100,82fcf37c,0,34991.32981000328,999
0,panel_raw_gr_a100,82fcf37c,1,192883.4950177,1000
0,panel_raw_gr_a100,82fcf37c,2,618259.3302769881,1000
0,panel_raw_gr_a100,82fcf37c,3,1116453.4831413694,1000
0,panel_raw_gr_a100,82fcf37c,4,3083874.6158696786,1000
0,panel_raw_gr_a100,82fcf37c,5,6151195.031411659,1000
0,panel_raw_gr_a100,82fcf37c,6,119381.80505428299,15
0,panel_phase_a10,82fcf37c,0,35694.49690118797,999
0,panel_phase_a10,82fcf37c,1,191038.73643804833,1000
0,panel_phase_a10,82fcf37c,2,618435.6503641508,1000
0,panel_phase_a10,82fcf37c,3,1125656.201553429,1000
0,panel_phase_a10,82fcf37c,4,3056732.113604525,1000
0,panel_phase_a10,82fcf37c,5,6073518.5007092,1000
0,panel_phase_a10,82fcf37c,6,118113.35345923998,15
0,panel_phase_a100,82fcf37c,0,34740.03621613637,999
0,panel_phase_a100,82fcf37c,1,190782.74991409044,1000
0,panel_phase_a100,82fcf37c,2,617550.1454657734,1000
0,panel_phase_a100,82fcf37c,3,1125696.2713401054,1000
0,panel_phase_a100,82fcf37c,4,3091488.0976630123,1000
0,panel_phase_a100,82fcf37c,5,6171557.320977477,1000
0,panel_phase_a100,82fcf37c,6,119712.76020135707,15
0,panel_phase_a1000,82fcf37c,0,27445.12974105707,999
0,panel_phase_a1000,82fcf37c,1,171886.20796445603,1000
0,panel_phase_a1000,82fcf37c,2,534410.2461317957,1000
0,panel_phase_a1000,82fcf37c,3,921199.3675553587,1000
0,panel_phase_a1000,82fcf37c,4,2734894.3457360365,1000
0,panel_phase_a1000,82fcf37c,5,5869099.943377948,1000
0,panel_phase_a1000,82fcf37c,6,107612.58815860082,15
0,panel_geom_a100,8a9c8932,0,22425.13131832173,999
0,panel_geom_a100,8a9c8932,1,95065.57063535963,1000
0,panel_geom_a100,8a9c8932,2,255167.73630645146,1000
0,panel_geom_a100,8a9c8932,3,156537.03393800303,1000
0,panel_geom_a100,8a9c8932,4,49937.33110863309,664
0,panel_raw_gr_a100,8a9c8932,0,22146.152741287868,999
0,panel_raw_gr_a100,8a9c8932,1,94716.17836758783,1000
0,panel_raw_gr_a100,8a9c8932,2,255225.36088301893,1000
0,panel_raw_gr_a100,8a9c8932,3,156053.53967772462,1000
0,panel_raw_gr_a100,8a9c8932,4,49992.569448540264,664
0,panel_phase_a10,8a9c8932,0,24155.9736802522,999
0,panel_phase_a10,8a9c8932,1,103670.0092520635,1000
0,panel_phase_a10,8a9c8932,2,275249.55632529425,1000
0,panel_phase_a10,8a9c8932,3,168354.58200369924,1000
0,panel_phase_a10,8a9c8932,4,44830.06633651409,664
0,panel_phase_a100,8a9c8932,0,24335.744931009776,999
0,panel_phase_a100,8a9c8932,1,104155.73077721994,1000
0,panel_phase_a100,8a9c8932,2,277637.1023370383,1000
0,panel_phase_a100,8a9c8932,3,174414.91909032754,1000
0,panel_phase_a100,8a9c8932,4,44449.11935617045,664
0,panel_phase_a1000,8a9c8932,0,22024.946069545564,999
0,panel_phase_a1000,8a9c8932,1,99731.37518144581,1000
0,panel_phase_a1000,8a9c8932,2,275227.15945637535,1000
0,panel_phase_a1000,8a9c8932,3,207211.34532735884,1000
0,panel_phase_a1000,8a9c8932,4,37962.227571824915,664
0,panel_geom_a100,6ae68655,0,27712.441940277633,999
0,panel_geom_a100,6ae68655,1,558124.0453903282,1000
0,panel_geom_a100,6ae68655,2,954652.0825802932,1000
0,panel_geom_a100,6ae68655,3,1597037.630467767,1000
0,panel_geom_a100,6ae68655,4,282479.08645383,205
0,panel_raw_gr_a100,6ae68655,0,27672.136158927464,999
0,panel_raw_gr_a100,6ae68655,1,557041.6797039501,1000
0,panel_raw_gr_a100,6ae68655,2,952591.5883720702,1000
0,panel_raw_gr_a100,6ae68655,3,1595748.7438515548,1000
0,panel_raw_gr_a100,6ae68655,4,281807.0324851135,205
0,panel_phase_a10,6ae68655,0,29694.289594627182,999
0,panel_phase_a10,6ae68655,1,581366.5726727794,1000
0,panel_phase_a10,6ae68655,2,985287.7731691273,1000
0,panel_phase_a10,6ae68655,3,1654541.6490617625,1000
0,panel_phase_a10,6ae68655,4,295731.15652026894,205
0,panel_phase_a100,6ae68655,0,26818.117308738405,999
0,panel_phase_a100,6ae68655,1,537391.9823542323,1000
0,panel_phase_a100,6ae68655,2,903544.0552614896,1000
0,panel_phase_a100,6ae68655,3,1526768.4149178064,1000
0,panel_phase_a100,6ae68655,4,273048.6461724349,205
0,panel_phase_a1000,6ae68655,0,20734.2698213887,999
0,panel_phase_a1000,6ae68655,1,451483.3771542517,1000
0,panel_phase_a1000,6ae68655,2,733699.7971309806,1000
0,panel_phase_a1000,6ae68655,3,1199098.0381040617,1000
0,panel_phase_a1000,6ae68655,4,194532.84788991205,205
0,panel_geom_a100,2d9f6cb9,0,6096.657339023173,999
0,panel_geom_a100,2d9f6cb9,1,31366.207997516154,1000
0,panel_geom_a100,2d9f6cb9,2,34942.62496944447,1000
0,panel_geom_a100,2d9f6cb9,3,14242.86118957732,1000
0,panel_geom_a100,2d9f6cb9,4,5121.476720914267,1000
0,panel_geom_a100,2d9f6cb9,5,12944.908868116196,1000
0,panel_geom_a100,2d9f6cb9,6,317481.88060314266,1000
0,panel_geom_a100,2d9f6cb9,7,281923.8660767993,339
0,panel_raw_gr_a100,2d9f6cb9,0,6139.555348023453,999
0,panel_raw_gr_a100,2d9f6cb9,1,31716.038644875196,1000
0,panel_raw_gr_a100,2d9f6cb9,2,34589.731022359985,1000
0,panel_raw_gr_a100,2d9f6cb9,3,14050.062593698902,1000
0,panel_raw_gr_a100,2d9f6cb9,4,5085.091261154404,1000
0,panel_raw_gr_a100,2d9f6cb9,5,13113.853189624475,1000
0,panel_raw_gr_a100,2d9f6cb9,6,317970.6784867609,1000
0,panel_raw_gr_a100,2d9f6cb9,7,282542.76283315837,339
0,panel_phase_a10,2d9f6cb9,0,6447.4802124154085,999
0,panel_phase_a10,2d9f6cb9,1,23817.023329949825,1000
0,panel_phase_a10,2d9f6cb9,2,50484.08423595855,1000
0,panel_phase_a10,2d9f6cb9,3,25490.16904709564,1000
0,panel_phase_a10,2d9f6cb9,4,16170.731893702326,1000
0,panel_phase_a10,2d9f6cb9,5,24531.652793764166,1000
0,panel_phase_a10,2d9f6cb9,6,449624.0325438434,1000
0,panel_phase_a10,2d9f6cb9,7,360934.0856417096,339
0,panel_phase_a100,2d9f6cb9,0,6324.452653069807,999
0,panel_phase_a100,2d9f6cb9,1,32756.959940665747,1000
0,panel_phase_a100,2d9f6cb9,2,32525.821360162623,1000
0,panel_phase_a100,2d9f6cb9,3,12325.199407379387,1000
0,panel_phase_a100,2d9f6cb9,4,4205.25330212587,1000
0,panel_phase_a100,2d9f6cb9,5,13049.655979187519,1000
0,panel_phase_a100,2d9f6cb9,6,326094.2859588012,1000
0,panel_phase_a100,2d9f6cb9,7,287768.0208393719,339
0,panel_phase_a1000,2d9f6cb9,0,6351.263510460276,999
0,panel_phase_a1000,2d9f6cb9,1,74489.14331908898,1000
0,panel_phase_a1000,2d9f6cb9,2,3455.9481384324595,1000
0,panel_phase_a1000,2d9f6cb9,3,35283.26038891242,1000
0,panel_phase_a1000,2d9f6cb9,4,78087.3782934832,1000
0,panel_phase_a1000,2d9f6cb9,5,144242.62824710138,1000
0,panel_phase_a1000,2d9f6cb9,6,16499.42118248774,1000
0,panel_phase_a1000,2d9f6cb9,7,37757.3753180784,339
0,panel_geom_a100,97cd5bf9,0,7477.363753828523,999
0,panel_geom_a100,97cd5bf9,1,73438.28914868846,1000
0,panel_geom_a100,97cd5bf9,2,273384.75543622306,1000
0,panel_geom_a100,97cd5bf9,3,275509.7638996748,450
0,panel_raw_gr_a100,97cd5bf9,0,7691.619593562094,999
0,panel_raw_gr_a100,97cd5bf9,1,74228.25976002654,1000
0,panel_raw_gr_a100,97cd5bf9,2,274026.70621241815,1000
0,panel_raw_gr_a100,97cd5bf9,3,274309.3903228564,450
0,panel_phase_a10,97cd5bf9,0,8867.100704056502,999
0,panel_phase_a10,97cd5bf9,1,83683.31568981076,1000
0,panel_phase_a10,97cd5bf9,2,286053.89692210115,1000
0,panel_phase_a10,97cd5bf9,3,279358.01111177605,450
0,panel_phase_a100,97cd5bf9,0,7738.6570034138385,999
0,panel_phase_a100,97cd5bf9,1,74246.61513019059,1000
0,panel_phase_a100,97cd5bf9,2,274398.86308675306,1000
0,panel_phase_a100,97cd5bf9,3,276759.7540587783,450
0,panel_phase_a1000,97cd5bf9,0,4479.158009816955,999
0,panel_phase_a1000,97cd5bf9,1,59209.42596124514,1000
0,panel_phase_a1000,97cd5bf9,2,276212.52812263503,1000
0,panel_phase_a1000,97cd5bf9,3,280436.03973346076,450
0,panel_geom_a100,204cc64b,0,42838.618496600335,999
0,panel_geom_a100,204cc64b,1,57085.054729588184,1000
0,panel_geom_a100,204cc64b,2,9446.997695118751,1000
0,panel_geom_a100,204cc64b,3,4547.492110589816,1000
0,panel_geom_a100,204cc64b,4,14387.680768565804,806
0,panel_raw_gr_a100,204cc64b,0,42971.41638377707,999
0,panel_raw_gr_a100,204cc64b,1,56992.39118781721,1000
0,panel_raw_gr_a100,204cc64b,2,9398.157893846354,1000
0,panel_raw_gr_a100,204cc64b,3,4585.825413717945,1000
0,panel_raw_gr_a100,204cc64b,4,14384.428507756715,806
0,panel_phase_a10,204cc64b,0,39578.83469344034,999
0,panel_phase_a10,204cc64b,1,55444.10940748798,1000
0,panel_phase_a10,204cc64b,2,7805.770875528462,1000
0,panel_phase_a10,204cc64b,3,6325.980350877085,1000
0,panel_phase_a10,204cc64b,4,19429.18767725169,806
0,panel_phase_a100,204cc64b,0,41455.785024915596,999
0,panel_phase_a100,204cc64b,1,54092.11270664305,1000
0,panel_phase_a100,204cc64b,2,7864.394852827517,1000
0,panel_phase_a100,204cc64b,3,6082.5830987970785,1000
0,panel_phase_a100,204cc64b,4,18311.150500120377,806
0,panel_phase_a1000,204cc64b,0,50611.25751325522,999
0,panel_phase_a1000,204cc64b,1,64266.07851383422,1000
0,panel_phase_a1000,204cc64b,2,18789.47694156728,1000
0,panel_phase_a1000,204cc64b,3,3200.048361225026,1000
0,panel_phase_a1000,204cc64b,4,6780.017797063522,806
0,panel_geom_a100,b1efb8a4,0,24405.89730934752,999
0,panel_geom_a100,b1efb8a4,1,149931.18280079716,1000
0,panel_geom_a100,b1efb8a4,2,211063.2387554477,1000
0,panel_geom_a100,b1efb8a4,3,117319.09187219584,1000
0,panel_geom_a100,b1efb8a4,4,402079.6934044405,1000
0,panel_geom_a100,b1efb8a4,5,1365489.1657931015,999
0,panel_raw_gr_a100,b1efb8a4,0,23690.31026169736,999
0,panel_raw_gr_a100,b1efb8a4,1,149474.54727584735,1000
0,panel_raw_gr_a100,b1efb8a4,2,209188.4333829542,1000
0,panel_raw_gr_a100,b1efb8a4,3,117243.69556541365,1000
0,panel_raw_gr_a100,b1efb8a4,4,402822.31844513526,1000
0,panel_raw_gr_a100,b1efb8a4,5,1367328.112769589,999
0,panel_phase_a10,b1efb8a4,0,25311.018662844344,999
0,panel_phase_a10,b1efb8a4,1,173488.55571258083,1000
0,panel_phase_a10,b1efb8a4,2,252398.92184861822,1000
0,panel_phase_a10,b1efb8a4,3,153906.86361727788,1000
0,panel_phase_a10,b1efb8a4,4,462010.0973630115,1000
0,panel_phase_a10,b1efb8a4,5,1489208.2916075992,999
0,panel_phase_a100,b1efb8a4,0,24396.833804044705,999
0,panel_phase_a100,b1efb8a4,1,151574.54276622966,1000
0,panel_phase_a100,b1efb8a4,2,208499.2830658719,1000
0,panel_phase_a100,b1efb8a4,3,113880.49433621569,1000
0,panel_phase_a100,b1efb8a4,4,408989.60534017533,1000
0,panel_phase_a100,b1efb8a4,5,1385997.5733603262,999
0,panel_phase_a1000,b1efb8a4,0,16732.387714125718,999
0,panel_phase_a1000,b1efb8a4,1,85750.0539889737,1000
0,panel_phase_a1000,b1efb8a4,2,101508.07493929961,1000
0,panel_phase_a1000,b1efb8a4,3,21301.73300287409,1000
0,panel_phase_a1000,b1efb8a4,4,108953.84739161776,1000
0,panel_phase_a1000,b1efb8a4,5,691371.1736099271,999
0,panel_geom_a100,d63196fe,0,18780.11686709236,999
0,panel_geom_a100,d63196fe,1,366067.9578680266,1000
0,panel_geom_a100,d63196fe,2,975908.3765184715,1000
0,panel_geom_a100,d63196fe,3,1002190.1603777132,1000
0,panel_geom_a100,d63196fe,4,474129.4982625764,511
0,panel_raw_gr_a100,d63196fe,0,18860.582862444993,999
0,panel_raw_gr_a100,d63196fe,1,364756.1316126151,1000
0,panel_raw_gr_a100,d63196fe,2,974506.6881288566,1000
0,panel_raw_gr_a100,d63196fe,3,1000995.1709683121,1000
0,panel_raw_gr_a100,d63196fe,4,474056.5035260807,511
0,panel_phase_a10,d63196fe,0,12919.88829563675,999
0,panel_phase_a10,d63196fe,1,315477.84310084523,1000
0,panel_phase_a10,d63196fe,2,892219.9231957202,1000
0,panel_phase_a10,d63196fe,3,928339.5932859733,1000
0,panel_phase_a10,d63196fe,4,431206.7314748887,511
0,panel_phase_a100,d63196fe,0,16577.67904684799,999
0,panel_phase_a100,d63196fe,1,348660.90730459976,1000
0,panel_phase_a100,d63196fe,2,953667.6781423792,1000
0,panel_phase_a100,d63196fe,3,978923.9646586786,1000
0,panel_phase_a100,d63196fe,4,458282.0011816357,511
0,panel_phase_a1000,d63196fe,0,18754.395043530294,999
0,panel_phase_a1000,d63196fe,1,356420.9757651815,1000
0,panel_phase_a1000,d63196fe,2,902462.284839165,1000
0,panel_phase_a1000,d63196fe,3,878764.6193970888,1000
0,panel_phase_a1000,d63196fe,4,426573.27763359534,511
0,panel_geom_a100,1d3fbf02,0,10120.03175425722,999
0,panel_geom_a100,1d3fbf02,1,91194.38075784242,1000
0,panel_geom_a100,1d3fbf02,2,175063.57828201255,695
0,panel_raw_gr_a100,1d3fbf02,0,10361.362212882746,999
0,panel_raw_gr_a100,1d3fbf02,1,92164.53155044878,1000
0,panel_raw_gr_a100,1d3fbf02,2,175810.4299374768,695
0,panel_phase_a10,1d3fbf02,0,12654.609732948253,999
0,panel_phase_a10,1d3fbf02,1,110312.34886170407,1000
0,panel_phase_a10,1d3fbf02,2,211873.6970194065,695
0,panel_phase_a100,1d3fbf02,0,10378.291802839522,999
0,panel_phase_a100,1d3fbf02,1,99968.05462217862,1000
0,panel_phase_a100,1d3fbf02,2,193028.5646399559,695
0,panel_phase_a1000,1d3fbf02,0,2794.6511960453513,999
0,panel_phase_a1000,1d3fbf02,1,16108.777905986239,1000
0,panel_phase_a1000,1d3fbf02,2,48842.846348878826,695
0,panel_geom_a100,ae35f33a,0,17704.00191166036,999
0,panel_geom_a100,ae35f33a,1,154525.94124111917,1000
0,panel_geom_a100,ae35f33a,2,83759.80035169136,1000
0,panel_geom_a100,ae35f33a,3,7462.874520420476,1000
0,panel_geom_a100,ae35f33a,4,26167.106687271542,451
0,panel_raw_gr_a100,ae35f33a,0,17782.060768552863,999
0,panel_raw_gr_a100,ae35f33a,1,154103.17791877282,1000
0,panel_raw_gr_a100,ae35f33a,2,83578.31823452092,1000
0,panel_raw_gr_a100,ae35f33a,3,7525.190279892214,1000
0,panel_raw_gr_a100,ae35f33a,4,26178.21761607008,451
0,panel_phase_a10,ae35f33a,0,15495.533347479453,999
0,panel_phase_a10,ae35f33a,1,134443.63283938076,1000
0,panel_phase_a10,ae35f33a,2,60945.46391809682,1000
0,panel_phase_a10,ae35f33a,3,24907.002691609738,1000
0,panel_phase_a10,ae35f33a,4,10901.744090679083,451
0,panel_phase_a100,ae35f33a,0,17638.433213862936,999
0,panel_phase_a100,ae35f33a,1,152152.0453821326,1000
0,panel_phase_a100,ae35f33a,2,85342.2252139506,1000
0,panel_phase_a100,ae35f33a,3,5889.718620638592,1000
0,panel_phase_a100,ae35f33a,4,31012.242531036507,451
0,panel_phase_a1000,ae35f33a,0,15268.077860591358,999
0,panel_phase_a1000,ae35f33a,1,141509.46434083107,1000
0,panel_phase_a1000,ae35f33a,2,137750.69661716773,1000
0,panel_phase_a1000,ae35f33a,3,38294.80831749657,1000
0,panel_phase_a1000,ae35f33a,4,123864.3520421614,451
0,panel_geom_a100,3b21ea64,0,2653.627930617568,999
0,panel_geom_a100,3b21ea64,1,4056.763665386677,1000
0,panel_geom_a100,3b21ea64,2,63524.04831863983,1000
0,panel_geom_a100,3b21ea64,3,7579.2645505515065,1000
0,panel_geom_a100,3b21ea64,4,7950.115557672883,1000
0,panel_geom_a100,3b21ea64,5,20567.821573403435,1000
0,panel_geom_a100,3b21ea64,6,203576.21259012943,1000
0,panel_geom_a100,3b21ea64,7,308056.6182072232,377
0,panel_raw_gr_a100,3b21ea64,0,2573.8693758570057,999
0,panel_raw_gr_a100,3b21ea64,1,4045.114581240332,1000
0,panel_raw_gr_a100,3b21ea64,2,62761.803393983646,1000
0,panel_raw_gr_a100,3b21ea64,3,7641.38199548829,1000
0,panel_raw_gr_a100,3b21ea64,4,8180.966682992536,1000
0,panel_raw_gr_a100,3b21ea64,5,20701.37664697192,1000
0,panel_raw_gr_a100,3b21ea64,6,202981.5834677944,1000
0,panel_raw_gr_a100,3b21ea64,7,308075.12451368617,377
0,panel_phase_a10,3b21ea64,0,3351.4158127735836,999
0,panel_phase_a10,3b21ea64,1,7979.415579484192,1000
0,panel_phase_a10,3b21ea64,2,89682.72643825949,1000
0,panel_phase_a10,3b21ea64,3,11826.395620763667,1000
0,panel_phase_a10,3b21ea64,4,1330.1928341443725,1000
0,panel_phase_a10,3b21ea64,5,10492.585528539026,1000
0,panel_phase_a10,3b21ea64,6,334645.9227649128,1000
0,panel_phase_a10,3b21ea64,7,417631.40363603266,377
0,panel_phase_a100,3b21ea64,0,2258.1285075672713,999
0,panel_phase_a100,3b21ea64,1,3517.6471855472296,1000
0,panel_phase_a100,3b21ea64,2,57778.352084438244,1000
0,panel_phase_a100,3b21ea64,3,9241.373611226732,1000
0,panel_phase_a100,3b21ea64,4,14036.976338762866,1000
0,panel_phase_a100,3b21ea64,5,29065.928719477553,1000
0,panel_phase_a100,3b21ea64,6,171042.24580499745,1000
0,panel_phase_a100,3b21ea64,7,282654.1042309704,377
0,panel_phase_a1000,3b21ea64,0,2138.450070506091,999
0,panel_phase_a1000,3b21ea64,1,20950.596541700386,1000
0,panel_phase_a1000,3b21ea64,2,15460.676628646721,1000
0,panel_phase_a1000,3b21ea64,3,77982.46052841985,1000
0,panel_phase_a1000,3b21ea64,4,133574.65740659504,1000
0,panel_phase_a1000,3b21ea64,5,220138.01738633268,1000
0,panel_phase_a1000,3b21ea64,6,16038.196019879504,1000
0,panel_phase_a1000,3b21ea64,7,22052.609859107673,377
0,panel_geom_a100,9bd2bba3,0,11102.704101792948,999
0,panel_geom_a100,9bd2bba3,1,19808.685670411593,1000
0,panel_geom_a100,9bd2bba3,2,23839.749488937727,1000
0,panel_geom_a100,9bd2bba3,3,10594.89392198937,1000
0,panel_geom_a100,9bd2bba3,4,2797.2598627608645,1000
0,panel_geom_a100,9bd2bba3,5,77853.56592670649,1000
0,panel_geom_a100,9bd2bba3,6,402926.49604615447,1000
0,panel_geom_a100,9bd2bba3,7,377765.25557690643,440
0,panel_raw_gr_a100,9bd2bba3,0,11380.377923463744,999
0,panel_raw_gr_a100,9bd2bba3,1,20019.885591901126,1000
0,panel_raw_gr_a100,9bd2bba3,2,23383.324172882327,1000
0,panel_raw_gr_a100,9bd2bba3,3,10340.05923514947,1000
0,panel_raw_gr_a100,9bd2bba3,4,2711.9673173697315,1000
0,panel_raw_gr_a100,9bd2bba3,5,77680.16881451271,1000
0,panel_raw_gr_a100,9bd2bba3,6,402529.6737050334,1000
0,panel_raw_gr_a100,9bd2bba3,7,376901.7339554812,440
0,panel_phase_a10,9bd2bba3,0,9338.382035458864,999
0,panel_phase_a10,9bd2bba3,1,17180.497675382183,1000
0,panel_phase_a10,9bd2bba3,2,31089.72065251686,1000
0,panel_phase_a10,9bd2bba3,3,15407.180080363345,1000
0,panel_phase_a10,9bd2bba3,4,5042.892354176248,1000
0,panel_phase_a10,9bd2bba3,5,95525.0073340974,1000
0,panel_phase_a10,9bd2bba3,6,441662.52142357733,1000
0,panel_phase_a10,9bd2bba3,7,403782.8643930271,440
0,panel_phase_a100,9bd2bba3,0,11986.65071454035,999
0,panel_phase_a100,9bd2bba3,1,20828.08551199894,1000
0,panel_phase_a100,9bd2bba3,2,21195.157111577715,1000
0,panel_phase_a100,9bd2bba3,3,10308.931416447156,1000
0,panel_phase_a100,9bd2bba3,4,2224.298811916796,1000
0,panel_phase_a100,9bd2bba3,5,71793.5297818091,1000
0,panel_phase_a100,9bd2bba3,6,383317.52174151724,1000
0,panel_phase_a100,9bd2bba3,7,361515.19677421526,440
0,panel_phase_a1000,9bd2bba3,0,37286.87375987168,999
0,panel_phase_a1000,9bd2bba3,1,67713.52555948142,1000
0,panel_phase_a1000,9bd2bba3,2,6090.541925857613,1000
0,panel_phase_a1000,9bd2bba3,3,40686.70252151836,1000
0,panel_phase_a1000,9bd2bba3,4,85636.42448482306,1000
0,panel_phase_a1000,9bd2bba3,5,23336.85159825409,1000
0,panel_phase_a1000,9bd2bba3,6,40713.68857257476,1000
0,panel_phase_a1000,9bd2bba3,7,86097.92480359931,440
0,panel_geom_a100,df71d1ff,0,8424.77163601264,999
0,panel_geom_a100,df71d1ff,1,257838.35413187405,1000
0,panel_geom_a100,df71d1ff,2,789894.8826497726,1000
0,panel_geom_a100,df71d1ff,3,1842331.0460044083,1000
0,panel_geom_a100,df71d1ff,4,4592033.890772938,1000
0,panel_geom_a100,df71d1ff,5,5553683.226248127,1000
0,panel_geom_a100,df71d1ff,6,1171247.9414020265,229
0,panel_raw_gr_a100,df71d1ff,0,8093.254409573001,999
0,panel_raw_gr_a100,df71d1ff,1,256295.47800919518,1000
0,panel_raw_gr_a100,df71d1ff,2,786625.5121816348,1000
0,panel_raw_gr_a100,df71d1ff,3,1841698.3110723852,1000
0,panel_raw_gr_a100,df71d1ff,4,4586541.624348501,1000
0,panel_raw_gr_a100,df71d1ff,5,5549576.775765689,1000
0,panel_raw_gr_a100,df71d1ff,6,1172564.0603944014,229
0,panel_phase_a10,df71d1ff,0,8091.37861850503,999
0,panel_phase_a10,df71d1ff,1,250035.55966400768,1000
0,panel_phase_a10,df71d1ff,2,778653.2584815825,1000
0,panel_phase_a10,df71d1ff,3,1842946.0645409375,1000
0,panel_phase_a10,df71d1ff,4,4591428.420408796,1000
0,panel_phase_a10,df71d1ff,5,5688738.797968726,1000
0,panel_phase_a10,df71d1ff,6,1228787.6785947238,229
0,panel_phase_a100,df71d1ff,0,8446.178085971826,999
0,panel_phase_a100,df71d1ff,1,262682.7390225302,1000
0,panel_phase_a100,df71d1ff,2,799220.268233298,1000
0,panel_phase_a100,df71d1ff,3,1870467.4973675006,1000
0,panel_phase_a100,df71d1ff,4,4676693.491539234,1000
0,panel_phase_a100,df71d1ff,5,5753116.705740975,1000
0,panel_phase_a100,df71d1ff,6,1213060.4046093035,229
0,panel_phase_a1000,df71d1ff,0,7152.138906437175,999
0,panel_phase_a1000,df71d1ff,1,232427.92707573113,1000
0,panel_phase_a1000,df71d1ff,2,718499.8368704732,1000
0,panel_phase_a1000,df71d1ff,3,1682396.2460943458,1000
0,panel_phase_a1000,df71d1ff,4,4204654.367075635,1000
0,panel_phase_a1000,df71d1ff,5,5237074.149847498,1000
0,panel_phase_a1000,df71d1ff,6,1086384.3871883517,229
0,panel_geom_a100,4c2208f5,0,31798.644270900313,999
0,panel_geom_a100,4c2208f5,1,185338.34547272802,1000
0,panel_geom_a100,4c2208f5,2,294135.71287053643,1000
0,panel_geom_a100,4c2208f5,3,912662.883414151,1000
0,panel_geom_a100,4c2208f5,4,3592082.3002600684,1000
0,panel_geom_a100,4c2208f5,5,2706971.868547084,385
0,panel_raw_gr_a100,4c2208f5,0,31621.80056327006,999
0,panel_raw_gr_a100,4c2208f5,1,187129.74428192273,1000
0,panel_raw_gr_a100,4c2208f5,2,294482.4273762775,1000
0,panel_raw_gr_a100,4c2208f5,3,907886.8580116566,1000
0,panel_raw_gr_a100,4c2208f5,4,3590054.6595674935,1000
0,panel_raw_gr_a100,4c2208f5,5,2707992.9447784335,385
0,panel_phase_a10,4c2208f5,0,31295.84543039455,999
0,panel_phase_a10,4c2208f5,1,180227.78048704655,1000
0,panel_phase_a10,4c2208f5,2,328604.01547682413,1000
0,panel_phase_a10,4c2208f5,3,974496.463141656,1000
0,panel_phase_a10,4c2208f5,4,3725696.1285844236,1000
0,panel_phase_a10,4c2208f5,5,2775348.068016693,385
0,panel_phase_a100,4c2208f5,0,32908.60454443127,999
0,panel_phase_a100,4c2208f5,1,194646.05679862943,1000
0,panel_phase_a100,4c2208f5,2,292216.78441860824,1000
0,panel_phase_a100,4c2208f5,3,905882.051258234,1000
0,panel_phase_a100,4c2208f5,4,3592673.1484906804,1000
0,panel_phase_a100,4c2208f5,5,2722961.2615260486,385
0,panel_phase_a1000,4c2208f5,0,55332.32518158842,999
0,panel_phase_a1000,4c2208f5,1,376952.7146681899,1000
0,panel_phase_a1000,4c2208f5,2,94448.88085168543,1000
0,panel_phase_a1000,4c2208f5,3,315798.4424015484,1000
0,panel_phase_a1000,4c2208f5,4,1989419.8768911567,1000
0,panel_phase_a1000,4c2208f5,5,1755379.6375901354,385
0,panel_geom_a100,230eaaa3,0,23682.319814058927,999
0,panel_geom_a100,230eaaa3,1,17225.112205755213,1000
0,panel_geom_a100,230eaaa3,2,69459.23690997587,1000
0,panel_geom_a100,230eaaa3,3,325301.373381916,1000
0,panel_geom_a100,230eaaa3,4,351864.50474506506,691
0,panel_raw_gr_a100,230eaaa3,0,24466.118814398156,999
0,panel_raw_gr_a100,230eaaa3,1,17373.717393810686,1000
0,panel_raw_gr_a100,230eaaa3,2,67496.97817542212,1000
0,panel_raw_gr_a100,230eaaa3,3,320893.3741262058,1000
0,panel_raw_gr_a100,230eaaa3,4,348360.5655160662,691
0,panel_phase_a10,230eaaa3,0,23559.16410554894,999
0,panel_phase_a10,230eaaa3,1,16815.637219636174,1000
0,panel_phase_a10,230eaaa3,2,55580.094643695375,1000
0,panel_phase_a10,230eaaa3,3,281499.95252468035,1000
0,panel_phase_a10,230eaaa3,4,304368.380397217,691
0,panel_phase_a100,230eaaa3,0,24429.34681070167,999
0,panel_phase_a100,230eaaa3,1,17342.192834885667,1000
0,panel_phase_a100,230eaaa3,2,58366.774049155654,1000
0,panel_phase_a100,230eaaa3,3,288778.07046442234,1000
0,panel_phase_a100,230eaaa3,4,314696.69668508664,691
0,panel_phase_a1000,230eaaa3,0,27982.35872097264,999
0,panel_phase_a1000,230eaaa3,1,23685.371442194908,1000
0,panel_phase_a1000,230eaaa3,2,75940.9846218333,1000
0,panel_phase_a1000,230eaaa3,3,351474.6818508078,1000
0,panel_phase_a1000,230eaaa3,4,385164.862823263,691
0,panel_geom_a100,02e7fe5a,0,1773.767476401312,999
0,panel_geom_a100,02e7fe5a,1,39050.620229736836,1000
0,panel_geom_a100,02e7fe5a,2,260594.80421723932,1000
0,panel_geom_a100,02e7fe5a,3,1222503.9652775163,1000
0,panel_geom_a100,02e7fe5a,4,2404110.566521897,1000
0,panel_geom_a100,02e7fe5a,5,294904.9409286789,109
0,panel_raw_gr_a100,02e7fe5a,0,1760.5839831611636,999
0,panel_raw_gr_a100,02e7fe5a,1,38980.75980092862,1000
0,panel_raw_gr_a100,02e7fe5a,2,260647.0802159628,1000
0,panel_raw_gr_a100,02e7fe5a,3,1224416.7405418262,1000
0,panel_raw_gr_a100,02e7fe5a,4,2407337.258396644,1000
0,panel_raw_gr_a100,02e7fe5a,5,295725.5876237963,109
0,panel_phase_a10,02e7fe5a,0,3532.2671991016214,999
0,panel_phase_a10,02e7fe5a,1,58260.13207191413,1000
0,panel_phase_a10,02e7fe5a,2,339436.9595878144,1000
0,panel_phase_a10,02e7fe5a,3,1425189.2574156225,1000
0,panel_phase_a10,02e7fe5a,4,2762332.924421878,1000
0,panel_phase_a10,02e7fe5a,5,345690.57222372945,109
0,panel_phase_a100,02e7fe5a,0,1376.5464003997765,999
0,panel_phase_a100,02e7fe5a,1,36598.07995988176,1000
0,panel_phase_a100,02e7fe5a,2,244429.08125322597,1000
0,panel_phase_a100,02e7fe5a,3,1195322.718262522,1000
0,panel_phase_a100,02e7fe5a,4,2440203.764021495,1000
0,panel_phase_a100,02e7fe5a,5,297488.3024152417,109
0,panel_phase_a1000,02e7fe5a,0,5036.122009488354,999
0,panel_phase_a1000,02e7fe5a,1,9406.687009219055,1000
0,panel_phase_a1000,02e7fe5a,2,24170.70462510098,1000
0,panel_phase_a1000,02e7fe5a,3,343792.52491818403,1000
0,panel_phase_a1000,02e7fe5a,4,670878.7790177496,1000
0,panel_phase_a1000,02e7fe5a,5,82075.98015849515,109
0,panel_geom_a100,e9949a23,0,9212.44870163018,999
0,panel_geom_a100,e9949a23,1,76404.8924813203,1000
0,panel_geom_a100,e9949a23,2,395348.9061118735,1000
0,panel_geom_a100,e9949a23,3,737201.0100182003,1000
0,panel_geom_a100,e9949a23,4,185253.39819030164,560
0,panel_raw_gr_a100,e9949a23,0,9541.215504453245,999
0,panel_raw_gr_a100,e9949a23,1,77155.65132180462,1000
0,panel_raw_gr_a100,e9949a23,2,398207.11816870613,1000
0,panel_raw_gr_a100,e9949a23,3,740803.3279467158,1000
0,panel_raw_gr_a100,e9949a23,4,185664.16324163685,560
0,panel_phase_a10,e9949a23,0,6977.181099413992,999
0,panel_phase_a10,e9949a23,1,62309.607565417005,1000
0,panel_phase_a10,e9949a23,2,356710.5028267602,1000
0,panel_phase_a10,e9949a23,3,690143.3134388439,1000
0,panel_phase_a10,e9949a23,4,172661.7852653559,560
0,panel_phase_a100,e9949a23,0,7594.173678889559,999
0,panel_phase_a100,e9949a23,1,64250.46937851657,1000
0,panel_phase_a100,e9949a23,2,360474.8715895784,1000
0,panel_phase_a100,e9949a23,3,685072.5360102875,1000
0,panel_phase_a100,e9949a23,4,162814.20915951382,560
0,panel_phase_a1000,e9949a23,0,9715.256890433373,999
0,panel_phase_a1000,e9949a23,1,86762.87183144294,1000
0,panel_phase_a1000,e9949a23,2,446742.21464759205,1000
0,panel_phase_a1000,e9949a23,3,748358.6584303776,1000
0,panel_phase_a1000,e9949a23,4,149847.25984813852,560
0,panel_geom_a100,9af1ffd0,0,26404.844184247384,999
0,panel_geom_a100,9af1ffd0,1,131823.4703456002,1000
0,panel_geom_a100,9af1ffd0,2,190962.88905945607,1000
0,panel_geom_a100,9af1ffd0,3,106933.40393676037,526
0,panel_raw_gr_a100,9af1ffd0,0,26054.90655119256,999
0,panel_raw_gr_a100,9af1ffd0,1,131117.24961607018,1000
0,panel_raw_gr_a100,9af1ffd0,2,189597.5807885782,1000
0,panel_raw_gr_a100,9af1ffd0,3,106127.29887107355,526
0,panel_phase_a10,9af1ffd0,0,26887.67395086936,999
0,panel_phase_a10,9af1ffd0,1,134891.7233919115,1000
0,panel_phase_a10,9af1ffd0,2,209995.19583416384,1000
0,panel_phase_a10,9af1ffd0,3,124566.27312231736,526
0,panel_phase_a100,9af1ffd0,0,27266.87167197779,999
0,panel_phase_a100,9af1ffd0,1,140505.25051969677,1000
0,panel_phase_a100,9af1ffd0,2,190598.8842274639,1000
0,panel_phase_a100,9af1ffd0,3,107075.06747417868,526
0,panel_phase_a1000,9af1ffd0,0,23200.00291658094,999
0,panel_phase_a1000,9af1ffd0,1,118788.26839168991,1000
0,panel_phase_a1000,9af1ffd0,2,89457.71457590125,1000
0,panel_phase_a1000,9af1ffd0,3,38662.50655821659,526
0,panel_geom_a100,2d0c268a,0,17089.00617276769,999
0,panel_geom_a100,2d0c268a,1,23387.108173987224,1000
0,panel_geom_a100,2d0c268a,2,21988.176349521786,1000
0,panel_geom_a100,2d0c268a,3,154516.9998809992,1000
0,panel_geom_a100,2d0c268a,4,117565.88043168267,551
0,panel_raw_gr_a100,2d0c268a,0,17203.82855560348,999
0,panel_raw_gr_a100,2d0c268a,1,23459.77003151779,1000
0,panel_raw_gr_a100,2d0c268a,2,21938.7876694868,1000
0,panel_raw_gr_a100,2d0c268a,3,154267.59739476134,1000
0,panel_raw_gr_a100,2d0c268a,4,117222.71558529908,551
0,panel_phase_a10,2d0c268a,0,16889.33814529742,999
0,panel_phase_a10,2d0c268a,1,23197.115504223348,1000
0,panel_phase_a10,2d0c268a,2,15215.38621086354,1000
0,panel_phase_a10,2d0c268a,3,118686.78651055918,1000
0,panel_phase_a10,2d0c268a,4,94460.72017120256,551
0,panel_phase_a100,2d0c268a,0,18337.237310773176,999
0,panel_phase_a100,2d0c268a,1,27769.095209115858,1000
0,panel_phase_a100,2d0c268a,2,29456.27551774408,1000
0,panel_phase_a100,2d0c268a,3,184612.82564477707,1000
0,panel_phase_a100,2d0c268a,4,126565.31760564329,551
0,panel_phase_a1000,2d0c268a,0,16725.493983320863,999
0,panel_phase_a1000,2d0c268a,1,30254.50794213873,1000
0,panel_phase_a1000,2d0c268a,2,87557.72877759134,1000
0,panel_phase_a1000,2d0c268a,3,370705.14461598225,1000
0,panel_phase_a1000,2d0c268a,4,250424.0164405026,551
0,panel_geom_a100,14a53cb3,0,3518.816420860517,999
0,panel_geom_a100,14a53cb3,1,23619.373187239355,1000
0,panel_geom_a100,14a53cb3,2,411591.16807654314,1000
0,panel_geom_a100,14a53cb3,3,721378.5218064354,1000
0,panel_geom_a100,14a53cb3,4,975424.3713388343,1000
0,panel_geom_a100,14a53cb3,5,1770774.1335979893,1000
0,panel_geom_a100,14a53cb3,6,1681370.1390788215,920
0,panel_raw_gr_a100,14a53cb3,0,3195.043571850517,999
0,panel_raw_gr_a100,14a53cb3,1,23119.26751059906,1000
0,panel_raw_gr_a100,14a53cb3,2,408102.1684444499,1000
0,panel_raw_gr_a100,14a53cb3,3,716856.5954919261,1000
0,panel_raw_gr_a100,14a53cb3,4,970490.4936867355,1000
0,panel_raw_gr_a100,14a53cb3,5,1759283.4466955964,1000
0,panel_raw_gr_a100,14a53cb3,6,1677539.7934664844,920
0,panel_phase_a10,14a53cb3,0,2428.715528158029,999
0,panel_phase_a10,14a53cb3,1,20048.842322524422,1000
0,panel_phase_a10,14a53cb3,2,398334.39935788704,1000
0,panel_phase_a10,14a53cb3,3,733057.2167173207,1000
0,panel_phase_a10,14a53cb3,4,1036100.0440251491,1000
0,panel_phase_a10,14a53cb3,5,1828314.3419778484,1000
0,panel_phase_a10,14a53cb3,6,1719225.373147567,920
0,panel_phase_a100,14a53cb3,0,2826.0188227524095,999
0,panel_phase_a100,14a53cb3,1,21191.98082851171,1000
0,panel_phase_a100,14a53cb3,2,400112.8174108652,1000
0,panel_phase_a100,14a53cb3,3,721125.2206793849,1000
0,panel_phase_a100,14a53cb3,4,1001340.4579001216,1000
0,panel_phase_a100,14a53cb3,5,1791894.746206145,1000
0,panel_phase_a100,14a53cb3,6,1705790.369103981,920
0,panel_phase_a1000,14a53cb3,0,4276.137783435317,999
0,panel_phase_a1000,14a53cb3,1,32595.49243935636,1000
0,panel_phase_a1000,14a53cb3,2,432661.5424813874,1000
0,panel_phase_a1000,14a53cb3,3,716837.9067933313,1000
0,panel_phase_a1000,14a53cb3,4,908318.3776852455,1000
0,panel_phase_a1000,14a53cb3,5,1606988.6514239553,1000
0,panel_phase_a1000,14a53cb3,6,1521004.4362297182,920
0,panel_geom_a100,3e011332,0,6564.511688537649,999
0,panel_geom_a100,3e011332,1,396418.10774041474,1000
0,panel_geom_a100,3e011332,2,1102448.1760086303,724
0,panel_raw_gr_a100,3e011332,0,6628.216800830144,999
0,panel_raw_gr_a100,3e011332,1,395634.43739393883,1000
0,panel_raw_gr_a100,3e011332,2,1097552.3048282708,724
0,panel_phase_a10,3e011332,0,7395.489377188084,999
0,panel_phase_a10,3e011332,1,383074.26205776125,1000
0,panel_phase_a10,3e011332,2,1072426.2907668268,724
0,panel_phase_a100,3e011332,0,7722.572846912524,999
0,panel_phase_a100,3e011332,1,382304.3151592397,1000
0,panel_phase_a100,3e011332,2,1080873.2704056117,724
0,panel_phase_a1000,3e011332,0,5019.652850541826,999
0,panel_phase_a1000,3e011332,1,442867.60731274245,1000
0,panel_phase_a1000,3e011332,2,1161940.4496981238,724
0,panel_geom_a100,4f69febf,0,31948.49498792435,999
0,panel_geom_a100,4f69febf,1,240792.3686684343,1000
0,panel_geom_a100,4f69febf,2,339123.6730702472,1000
0,panel_geom_a100,4f69febf,3,581522.7397026086,1000
0,panel_geom_a100,4f69febf,4,542738.9861646754,1000
0,panel_geom_a100,4f69febf,5,184527.39718940953,461
0,panel_raw_gr_a100,4f69febf,0,31885.51600554962,999
0,panel_raw_gr_a100,4f69febf,1,239717.03648350152,1000
0,panel_raw_gr_a100,4f69febf,2,337853.09986364614,1000
0,panel_raw_gr_a100,4f69febf,3,578981.6512575916,1000
0,panel_raw_gr_a100,4f69febf,4,539705.4971487815,1000
0,panel_raw_gr_a100,4f69febf,5,182147.4629204054,461
0,panel_phase_a10,4f69febf,0,34955.02221294355,999
0,panel_phase_a10,4f69febf,1,251101.91293289507,1000
0,panel_phase_a10,4f69febf,2,354320.7895576836,1000
0,panel_phase_a10,4f69febf,3,583525.1213277312,1000
0,panel_phase_a10,4f69febf,4,521668.931268979,1000
0,panel_phase_a10,4f69febf,5,169484.60013326973,461
0,panel_phase_a100,4f69febf,0,31283.12958569009,999
0,panel_phase_a100,4f69febf,1,237690.9179266819,1000
0,panel_phase_a100,4f69febf,2,335898.7734476336,1000
0,panel_phase_a100,4f69febf,3,582956.419104212,1000
0,panel_phase_a100,4f69febf,4,546766.3644204452,1000
0,panel_phase_a100,4f69febf,5,184408.30870761082,461
0,panel_phase_a1000,4f69febf,0,14232.798886368228,999
0,panel_phase_a1000,4f69febf,1,148954.81959509727,1000
0,panel_phase_a1000,4f69febf,2,235365.90967078708,1000
0,panel_phase_a1000,4f69febf,3,402194.19089877245,1000
0,panel_phase_a1000,4f69febf,4,375465.6354382816,1000
0,panel_phase_a1000,4f69febf,5,126616.79928879002,461
0,panel_geom_a100,03a935ae,0,91181.737752509,999
0,panel_geom_a100,03a935ae,1,446372.5532109965,1000
0,panel_geom_a100,03a935ae,2,300140.46829184657,787
0,panel_raw_gr_a100,03a935ae,0,90956.26860230426,999
0,panel_raw_gr_a100,03a935ae,1,445133.4973373176,1000
0,panel_raw_gr_a100,03a935ae,2,299850.4172331873,787
0,panel_phase_a10,03a935ae,0,99577.3057693229,999
0,panel_phase_a10,03a935ae,1,499983.8580506703,1000
0,panel_phase_a10,03a935ae,2,254968.95902250093,787
0,panel_phase_a100,03a935ae,0,105235.72610566954,999
0,panel_phase_a100,03a935ae,1,488192.8723010516,1000
0,panel_phase_a100,03a935ae,2,283761.7650885099,787
0,panel_phase_a1000,03a935ae,0,91026.12327283547,999
0,panel_phase_a1000,03a935ae,1,379749.7666804024,1000
0,panel_phase_a1000,03a935ae,2,352893.6564794259,787
0,panel_geom_a100,93209a3d,0,115077.32626762535,999
0,panel_geom_a100,93209a3d,1,390685.5534106781,1000
0,panel_geom_a100,93209a3d,2,1444672.8502648813,1000
0,panel_geom_a100,93209a3d,3,4512590.352658289,1000
0,panel_geom_a100,93209a3d,4,4679841.990530472,698
0,panel_raw_gr_a100,93209a3d,0,117008.26508096252,999
0,panel_raw_gr_a100,93209a3d,1,394817.2501699661,1000
0,panel_raw_gr_a100,93209a3d,2,1453097.725333627,1000
0,panel_raw_gr_a100,93209a3d,3,4525894.368195042,1000
0,panel_raw_gr_a100,93209a3d,4,4695595.500148953,698
0,panel_phase_a10,93209a3d,0,115767.48620307774,999
0,panel_phase_a10,93209a3d,1,398357.73429915006,1000
0,panel_phase_a10,93209a3d,2,1458332.351440522,1000
0,panel_phase_a10,93209a3d,3,4526217.493213861,1000
0,panel_phase_a10,93209a3d,4,4688240.842126739,698
0,panel_phase_a100,93209a3d,0,110727.53967719454,999
0,panel_phase_a100,93209a3d,1,380230.0740342785,1000
0,panel_phase_a100,93209a3d,2,1443135.1570969531,1000
0,panel_phase_a100,93209a3d,3,4512607.860278401,1000
0,panel_phase_a100,93209a3d,4,4657163.617967557,698
0,panel_phase_a1000,93209a3d,0,115367.9876785404,999
0,panel_phase_a1000,93209a3d,1,414128.65085250064,1000
0,panel_phase_a1000,93209a3d,2,1429620.6544507053,1000
0,panel_phase_a1000,93209a3d,3,4421408.536075858,1000
0,panel_phase_a1000,93209a3d,4,4384397.758560342,698
0,panel_geom_a100,c99f9fae,0,67761.85435225662,999
0,panel_geom_a100,c99f9fae,1,440568.8415229763,1000
0,panel_geom_a100,c99f9fae,2,1039293.5578028634,1000
0,panel_geom_a100,c99f9fae,3,2315405.3486101395,1000
0,panel_geom_a100,c99f9fae,4,4976358.48496594,1000
0,panel_geom_a100,c99f9fae,5,7519893.965580907,1000
0,panel_geom_a100,c99f9fae,6,2789425.8153711213,362
0,panel_raw_gr_a100,c99f9fae,0,68203.80866459613,999
0,panel_raw_gr_a100,c99f9fae,1,441815.681342095,1000
0,panel_raw_gr_a100,c99f9fae,2,1040579.6225184238,1000
0,panel_raw_gr_a100,c99f9fae,3,2315080.4178413018,1000
0,panel_raw_gr_a100,c99f9fae,4,4984204.494230056,1000
0,panel_raw_gr_a100,c99f9fae,5,7536055.195605154,1000
0,panel_raw_gr_a100,c99f9fae,6,2795680.7937090024,362
0,panel_phase_a10,c99f9fae,0,71968.8621235045,999
0,panel_phase_a10,c99f9fae,1,469204.1995755058,1000
0,panel_phase_a10,c99f9fae,2,1095378.479534757,1000
0,panel_phase_a10,c99f9fae,3,2404498.6359242876,1000
0,panel_phase_a10,c99f9fae,4,5180796.520896922,1000
0,panel_phase_a10,c99f9fae,5,7793291.671956375,1000
0,panel_phase_a10,c99f9fae,6,2892365.2723241956,362
0,panel_phase_a100,c99f9fae,0,68915.83215883566,999
0,panel_phase_a100,c99f9fae,1,465177.7947456325,1000
0,panel_phase_a100,c99f9fae,2,1085868.5795835028,1000
0,panel_phase_a100,c99f9fae,3,2382411.4792491854,1000
0,panel_phase_a100,c99f9fae,4,5058786.716606682,1000
0,panel_phase_a100,c99f9fae,5,7577939.7283998,1000
0,panel_phase_a100,c99f9fae,6,2810506.1992179235,362
0,panel_phase_a1000,c99f9fae,0,60109.34454686287,999
0,panel_phase_a1000,c99f9fae,1,405093.81058859307,1000
0,panel_phase_a1000,c99f9fae,2,972573.15783487,1000
0,panel_phase_a1000,c99f9fae,3,2053340.1220016002,1000
0,panel_phase_a1000,c99f9fae,4,4211276.942654648,1000
0,panel_phase_a1000,c99f9fae,5,6445444.799801928,1000
0,panel_phase_a1000,c99f9fae,6,2410554.2532944093,362
0,panel_geom_a100,8ac2f237,0,12582.141713967107,999
0,panel_geom_a100,8ac2f237,1,26315.63317263825,1000
0,panel_geom_a100,8ac2f237,2,211593.050972177,1000
0,panel_geom_a100,8ac2f237,3,700572.2851853642,1000
0,panel_geom_a100,8ac2f237,4,1270996.455313788,1000
0,panel_geom_a100,8ac2f237,5,609508.1496773986,320
0,panel_raw_gr_a100,8ac2f237,0,12444.105358912306,999
0,panel_raw_gr_a100,8ac2f237,1,26484.118553317865,1000
0,panel_raw_gr_a100,8ac2f237,2,212571.2509515167,1000
0,panel_raw_gr_a100,8ac2f237,3,703240.2931276672,1000
0,panel_raw_gr_a100,8ac2f237,4,1276276.9836606358,1000
0,panel_raw_gr_a100,8ac2f237,5,611338.7103594741,320
0,panel_phase_a10,8ac2f237,0,17568.13300727971,999
0,panel_phase_a10,8ac2f237,1,47706.088230669804,1000
0,panel_phase_a10,8ac2f237,2,307707.7922904425,1000
0,panel_phase_a10,8ac2f237,3,922934.5351667614,1000
0,panel_phase_a10,8ac2f237,4,1600751.6017151135,1000
0,panel_phase_a10,8ac2f237,5,739846.3061007293,320
0,panel_phase_a100,8ac2f237,0,12021.01127668781,999
0,panel_phase_a100,8ac2f237,1,22332.744303412688,1000
0,panel_phase_a100,8ac2f237,2,203756.55858718848,1000
0,panel_phase_a100,8ac2f237,3,697787.8118951833,1000
0,panel_phase_a100,8ac2f237,4,1273885.3327754724,1000
0,panel_phase_a100,8ac2f237,5,606336.1799831575,320
0,panel_phase_a1000,8ac2f237,0,3397.777044776214,999
0,panel_phase_a1000,8ac2f237,1,2191.0368153410027,1000
0,panel_phase_a1000,8ac2f237,2,40640.24539589146,1000
0,panel_phase_a1000,8ac2f237,3,228389.26462984754,1000
0,panel_phase_a1000,8ac2f237,4,499797.70419504633,1000
0,panel_phase_a1000,8ac2f237,5,273021.23577795,320
0,panel_geom_a100,10be2420,0,35992.15803246089,999
0,panel_geom_a100,10be2420,1,328623.16602923605,1000
0,panel_geom_a100,10be2420,2,1177870.0076519984,1000
0,panel_geom_a100,10be2420,3,477190.2170649388,272
0,panel_raw_gr_a100,10be2420,0,35816.67398625902,999
0,panel_raw_gr_a100,10be2420,1,329823.2839456942,1000
0,panel_raw_gr_a100,10be2420,2,1180575.884912604,1000
0,panel_raw_gr_a100,10be2420,3,478258.6577382249,272
0,panel_phase_a10,10be2420,0,37188.30591612208,999
0,panel_phase_a10,10be2420,1,349183.16905725526,1000
0,panel_phase_a10,10be2420,2,1243340.543107021,1000
0,panel_phase_a10,10be2420,3,500734.1600269225,272
0,panel_phase_a100,10be2420,0,34317.99489188537,999
0,panel_phase_a100,10be2420,1,320350.82383450423,1000
0,panel_phase_a100,10be2420,2,1130826.3607968946,1000
0,panel_phase_a100,10be2420,3,457285.21757492155,272
0,panel_phase_a1000,10be2420,0,23889.929304964946,999
0,panel_phase_a1000,10be2420,1,241055.9611844312,1000
0,panel_phase_a1000,10be2420,2,773158.309779639,1000
0,panel_phase_a1000,10be2420,3,313848.0170655161,272
0,panel_geom_a100,0c1b160c,0,475.92039572847466,999
0,panel_geom_a100,0c1b160c,1,91758.07139820229,1000
0,panel_geom_a100,0c1b160c,2,239308.63250598815,1000
0,panel_geom_a100,0c1b160c,3,174485.1189446505,1000
0,panel_geom_a100,0c1b160c,4,120491.41844183754,1000
0,panel_geom_a100,0c1b160c,5,4678.67975287005,55
0,panel_raw_gr_a100,0c1b160c,0,526.5592427546037,999
0,panel_raw_gr_a100,0c1b160c,1,92735.48131860998,1000
0,panel_raw_gr_a100,0c1b160c,2,240168.81477919317,1000
0,panel_raw_gr_a100,0c1b160c,3,177119.4855890498,1000
0,panel_raw_gr_a100,0c1b160c,4,122580.0623995254,1000
0,panel_raw_gr_a100,0c1b160c,5,4709.434957193069,55
0,panel_phase_a10,0c1b160c,0,559.0757487351892,999
0,panel_phase_a10,0c1b160c,1,87444.54036774291,1000
0,panel_phase_a10,0c1b160c,2,217072.02988279916,1000
0,panel_phase_a10,0c1b160c,3,152375.69480798804,1000
0,panel_phase_a10,0c1b160c,4,97370.45223771331,1000
0,panel_phase_a10,0c1b160c,5,3409.1712437167403,55
0,panel_phase_a100,0c1b160c,0,570.6328909474876,999
0,panel_phase_a100,0c1b160c,1,96061.0557946961,1000
0,panel_phase_a100,0c1b160c,2,246518.56541876498,1000
0,panel_phase_a100,0c1b160c,3,178935.7911450712,1000
0,panel_phase_a100,0c1b160c,4,117660.9830365009,1000
0,panel_phase_a100,0c1b160c,5,4091.787846385182,55
0,panel_phase_a1000,0c1b160c,0,604.6900754128628,999
0,panel_phase_a1000,0c1b160c,1,100246.64021813546,1000
0,panel_phase_a1000,0c1b160c,2,250898.4781712914,1000
0,panel_phase_a1000,0c1b160c,3,188732.66265531725,1000
0,panel_phase_a1000,0c1b160c,4,134140.74298922473,1000
0,panel_phase_a1000,0c1b160c,5,5534.856157644836,55
0,panel_geom_a100,153552f5,0,9687.806048127964,999
0,panel_geom_a100,153552f5,1,36011.63608538331,1000
0,panel_geom_a100,153552f5,2,64987.9123162218,1000
0,panel_geom_a100,153552f5,3,2972.9128921836023,1000
0,panel_geom_a100,153552f5,4,16430.178769164206,696
0,panel_raw_gr_a100,153552f5,0,9232.634681020247,999
0,panel_raw_gr_a100,153552f5,1,35043.77564220672,1000
0,panel_raw_gr_a100,153552f5,2,63603.62677894485,1000
0,panel_raw_gr_a100,153552f5,3,2728.8871245124888,1000
0,panel_raw_gr_a100,153552f5,4,15864.114910174434,696
0,panel_phase_a10,153552f5,0,7712.768689517303,999
0,panel_phase_a10,153552f5,1,29154.810234468347,1000
0,panel_phase_a10,153552f5,2,56322.115371830114,1000
0,panel_phase_a10,153552f5,3,1251.9876374545897,1000
0,panel_phase_a10,153552f5,4,12011.219310839117,696
0,panel_phase_a100,153552f5,0,8598.239348720504,999
0,panel_phase_a100,153552f5,1,31335.284845026017,1000
0,panel_phase_a100,153552f5,2,59208.26765306323,1000
0,panel_phase_a100,153552f5,3,2223.7727155972275,1000
0,panel_phase_a100,153552f5,4,14314.644645487431,696
0,panel_phase_a1000,153552f5,0,12571.335608463287,999
0,panel_phase_a1000,153552f5,1,35152.74237239968,1000
0,panel_phase_a1000,153552f5,2,60472.60479551948,1000
0,panel_phase_a1000,153552f5,3,9437.657172155921,1000
0,panel_phase_a1000,153552f5,4,19394.39275151253,696
0,panel_geom_a100,684a6fc1,0,93389.6443443534,999
0,panel_geom_a100,684a6fc1,1,323869.8359478609,1000
0,panel_geom_a100,684a6fc1,2,601235.7105198889,1000
0,panel_geom_a100,684a6fc1,3,548387.422756155,1000
0,panel_geom_a100,684a6fc1,4,709060.4465566206,1000
0,panel_geom_a100,684a6fc1,5,1458285.6811904027,1000
0,panel_geom_a100,684a6fc1,6,3180283.8789253593,1000
0,panel_geom_a100,684a6fc1,7,7230488.933409374,1000
0,panel_geom_a100,684a6fc1,8,8853226.715121398,1000
0,panel_geom_a100,684a6fc1,9,6774242.3233242305,819
0,panel_raw_gr_a100,684a6fc1,0,94162.23449649899,999
0,panel_raw_gr_a100,684a6fc1,1,324735.6214268808,1000
0,panel_raw_gr_a100,684a6fc1,2,603021.1459715705,1000
0,panel_raw_gr_a100,684a6fc1,3,550521.2331589094,1000
0,panel_raw_gr_a100,684a6fc1,4,709566.4895663292,1000
0,panel_raw_gr_a100,684a6fc1,5,1464967.5138813485,1000
0,panel_raw_gr_a100,684a6fc1,6,3184042.54994858,1000
0,panel_raw_gr_a100,684a6fc1,7,7235530.473639966,1000
0,panel_raw_gr_a100,684a6fc1,8,8855451.325954614,1000
0,panel_raw_gr_a100,684a6fc1,9,6770173.884394092,819
0,panel_phase_a10,684a6fc1,0,85344.02283547138,999
0,panel_phase_a10,684a6fc1,1,298187.24285779573,1000
0,panel_phase_a10,684a6fc1,2,557692.4931628135,1000
0,panel_phase_a10,684a6fc1,3,518519.01622570615,1000
0,panel_phase_a10,684a6fc1,4,675143.7834379566,1000
0,panel_phase_a10,684a6fc1,5,1451945.5709161938,1000
0,panel_phase_a10,684a6fc1,6,3271154.4558972134,1000
0,panel_phase_a10,684a6fc1,7,7502045.7414127905,1000
0,panel_phase_a10,684a6fc1,8,9154248.32840288,1000
0,panel_phase_a10,684a6fc1,9,7058499.581033264,819
0,panel_phase_a100,684a6fc1,0,92254.72066264332,999
0,panel_phase_a100,684a6fc1,1,320420.61814363004,1000
0,panel_phase_a100,684a6fc1,2,599590.8821317238,1000
0,panel_phase_a100,684a6fc1,3,549787.7528471343,1000
0,panel_phase_a100,684a6fc1,4,724735.5477791671,1000
0,panel_phase_a100,684a6fc1,5,1493669.2433792301,1000
0,panel_phase_a100,684a6fc1,6,3214401.43746357,1000
0,panel_phase_a100,684a6fc1,7,7279934.145172952,1000
0,panel_phase_a100,684a6fc1,8,8954005.730802419,1000
0,panel_phase_a100,684a6fc1,9,6858797.791166286,819
0,panel_phase_a1000,684a6fc1,0,113021.6415952825,999
0,panel_phase_a1000,684a6fc1,1,330980.2868775615,1000
0,panel_phase_a1000,684a6fc1,2,556565.397084763,1000
0,panel_phase_a1000,684a6fc1,3,381318.0002243414,1000
0,panel_phase_a1000,684a6fc1,4,547247.3880979061,1000
0,panel_phase_a1000,684a6fc1,5,1219881.5920174643,1000
0,panel_phase_a1000,684a6fc1,6,2313800.7052189796,1000
0,panel_phase_a1000,684a6fc1,7,5098728.616974283,1000
0,panel_phase_a1000,684a6fc1,8,6366749.355342814,1000
0,panel_phase_a1000,684a6fc1,9,4468629.384261188,819
0,panel_geom_a100,9c350a6a,0,58585.12100113166,999
0,panel_geom_a100,9c350a6a,1,511360.7027348383,1000
0,panel_geom_a100,9c350a6a,2,1509061.2535668034,1000
0,panel_geom_a100,9c350a6a,3,2648198.2699888735,1000
0,panel_geom_a100,9c350a6a,4,5094896.09651141,1000
0,panel_geom_a100,9c350a6a,5,7394088.645675014,1000
0,panel_geom_a100,9c350a6a,6,374088.19294922,53
0,panel_raw_gr_a100,9c350a6a,0,58862.40017950507,999
0,panel_raw_gr_a100,9c350a6a,1,512648.13735428517,1000
0,panel_raw_gr_a100,9c350a6a,2,1513513.8547999237,1000
0,panel_raw_gr_a100,9c350a6a,3,2652606.9874864137,1000
0,panel_raw_gr_a100,9c350a6a,4,5106620.486885771,1000
0,panel_raw_gr_a100,9c350a6a,5,7410463.229597944,1000
0,panel_raw_gr_a100,9c350a6a,6,374574.86295058986,53
0,panel_phase_a10,9c350a6a,0,64419.06169461172,999
0,panel_phase_a10,9c350a6a,1,538742.6809083101,1000
0,panel_phase_a10,9c350a6a,2,1588787.9091823811,1000
0,panel_phase_a10,9c350a6a,3,2874950.2712794924,1000
0,panel_phase_a10,9c350a6a,4,5517115.047378802,1000
0,panel_phase_a10,9c350a6a,5,8002707.623197164,1000
0,panel_phase_a10,9c350a6a,6,406327.6767821421,53
0,panel_phase_a100,9c350a6a,0,58022.41692597442,999
0,panel_phase_a100,9c350a6a,1,511293.6030910335,1000
0,panel_phase_a100,9c350a6a,2,1496907.3782620952,1000
0,panel_phase_a100,9c350a6a,3,2600286.6232670275,1000
0,panel_phase_a100,9c350a6a,4,5010467.338822913,1000
0,panel_phase_a100,9c350a6a,5,7306123.983311212,1000
0,panel_phase_a100,9c350a6a,6,372619.5393166907,53
0,panel_phase_a1000,9c350a6a,0,28849.828319339198,999
0,panel_phase_a1000,9c350a6a,1,314159.08185867,1000
0,panel_phase_a1000,9c350a6a,2,1094825.4914617785,1000
0,panel_phase_a1000,9c350a6a,3,1843903.8862157415,1000
0,panel_phase_a1000,9c350a6a,4,3496948.3248243653,1000
0,panel_phase_a1000,9c350a6a,5,4550313.289594086,1000
0,panel_phase_a1000,9c350a6a,6,207744.98437805814,53
0,panel_geom_a100,729f4217,0,6126.050961635278,999
0,panel_geom_a100,729f4217,1,39929.71152757517,1000
0,panel_geom_a100,729f4217,2,88548.62895178447,1000
0,panel_geom_a100,729f4217,3,98963.69048748829,1000
0,panel_geom_a100,729f4217,4,96394.1121957719,1000
0,panel_geom_a100,729f4217,5,43388.37211176759,1000
0,panel_geom_a100,729f4217,6,7748.19287651982,196
0,panel_raw_gr_a100,729f4217,0,5944.511841393235,999
0,panel_raw_gr_a100,729f4217,1,39924.48868866519,1000
0,panel_raw_gr_a100,729f4217,2,89000.1936916859,1000
0,panel_raw_gr_a100,729f4217,3,99162.17287619186,1000
0,panel_raw_gr_a100,729f4217,4,96015.17827452598,1000
0,panel_raw_gr_a100,729f4217,5,43881.231450091844,1000
0,panel_raw_gr_a100,729f4217,6,7588.515608814081,196
0,panel_phase_a10,729f4217,0,6672.357783282574,999
0,panel_phase_a10,729f4217,1,45097.24975625979,1000
0,panel_phase_a10,729f4217,2,101604.26717589736,1000
0,panel_phase_a10,729f4217,3,110011.11980132556,1000
0,panel_phase_a10,729f4217,4,101184.09260592549,1000
0,panel_phase_a10,729f4217,5,48853.943291770316,1000
0,panel_phase_a10,729f4217,6,4681.215460452148,196
0,panel_phase_a100,729f4217,0,5937.673118532333,999
0,panel_phase_a100,729f4217,1,45371.75525880472,1000
0,panel_phase_a100,729f4217,2,100702.30050317352,1000
0,panel_phase_a100,729f4217,3,110309.7274139086,1000
0,panel_phase_a100,729f4217,4,103602.3777659492,1000
0,panel_phase_a100,729f4217,5,47409.91010976546,1000
0,panel_phase_a100,729f4217,6,6906.8217464929985,196
0,panel_phase_a1000,729f4217,0,3088.140023914836,999
0,panel_phase_a1000,729f4217,1,60252.3801309269,1000
0,panel_phase_a1000,729f4217,2,128876.45932089727,1000
0,panel_phase_a1000,729f4217,3,145978.81837916037,1000
0,panel_phase_a1000,729f4217,4,154273.32167747122,1000
0,panel_phase_a1000,729f4217,5,77460.76382706835,1000
0,panel_phase_a1000,729f4217,6,2343.6246751302706,196
0,panel_geom_a100,261785ee,0,12195.037355059303,999
0,panel_geom_a100,261785ee,1,8850.897880476168,1000
0,panel_geom_a100,261785ee,2,64834.58566298342,1000
0,panel_geom_a100,261785ee,3,242149.3986890298,647
0,panel_raw_gr_a100,261785ee,0,12163.691816638311,999
0,panel_raw_gr_a100,261785ee,1,8790.785125708488,1000
0,panel_raw_gr_a100,261785ee,2,64671.426850419324,1000
0,panel_raw_gr_a100,261785ee,3,241939.5983528812,647
0,panel_phase_a10,261785ee,0,12987.946062376224,999
0,panel_phase_a10,261785ee,1,9243.056643394046,1000
0,panel_phase_a10,261785ee,2,68471.6086378923,1000
0,panel_phase_a10,261785ee,3,250416.37122390862,647
0,panel_phase_a100,261785ee,0,12815.849688641847,999
0,panel_phase_a100,261785ee,1,9211.21461248572,1000
0,panel_phase_a100,261785ee,2,64793.41517488359,1000
0,panel_phase_a100,261785ee,3,245799.88637017933,647
0,panel_phase_a1000,261785ee,0,9650.01202696414,999
0,panel_phase_a1000,261785ee,1,3436.57825504493,1000
0,panel_phase_a1000,261785ee,2,54810.4174461602,1000
0,panel_phase_a1000,261785ee,3,237635.87608287495,647
0,panel_geom_a100,c6b782a4,0,13692.965071347506,999
0,panel_geom_a100,c6b782a4,1,165737.8477498088,1000
0,panel_geom_a100,c6b782a4,2,221443.67788637857,1000
0,panel_geom_a100,c6b782a4,3,266990.99721407297,1000
0,panel_geom_a100,c6b782a4,4,974050.7069872628,878
0,panel_raw_gr_a100,c6b782a4,0,13641.441860150908,999
0,panel_raw_gr_a100,c6b782a4,1,165413.95505359105,1000
0,panel_raw_gr_a100,c6b782a4,2,221442.3823479562,1000
0,panel_raw_gr_a100,c6b782a4,3,267843.13175525947,1000
0,panel_raw_gr_a100,c6b782a4,4,977320.4218166021,878
0,panel_phase_a10,c6b782a4,0,14375.638021237724,999
0,panel_phase_a10,c6b782a4,1,171561.18861092228,1000
0,panel_phase_a10,c6b782a4,2,238960.7232107965,1000
0,panel_phase_a10,c6b782a4,3,306488.40665663057,1000
0,panel_phase_a10,c6b782a4,4,1063443.5434853658,878
0,panel_phase_a100,c6b782a4,0,14990.070227488237,999
0,panel_phase_a100,c6b782a4,1,172622.6230208252,1000
0,panel_phase_a100,c6b782a4,2,237452.12677033525,1000
0,panel_phase_a100,c6b782a4,3,300224.7883952925,1000
0,panel_phase_a100,c6b782a4,4,1044853.0177504591,878
0,panel_phase_a1000,c6b782a4,0,15463.187089896403,999
0,panel_phase_a1000,c6b782a4,1,168279.27590178922,1000
0,panel_phase_a1000,c6b782a4,2,211958.20889582773,1000
0,panel_phase_a1000,c6b782a4,3,251253.78506959818,1000
0,panel_phase_a1000,c6b782a4,4,919595.3314080286,878
0,panel_geom_a100,fb03ae90,0,804017.3146248586,999
0,panel_geom_a100,fb03ae90,1,3558342.7956976998,1000
0,panel_geom_a100,fb03ae90,2,5102298.380431872,1000
0,panel_geom_a100,fb03ae90,3,6137026.887931822,1000
0,panel_geom_a100,fb03ae90,4,6933037.495853795,1000
0,panel_geom_a100,fb03ae90,5,5229734.652084957,1000
0,panel_geom_a100,fb03ae90,6,1532058.0384397043,432
0,panel_raw_gr_a100,fb03ae90,0,804464.2630460177,999
0,panel_raw_gr_a100,fb03ae90,1,3560600.963319867,1000
0,panel_raw_gr_a100,fb03ae90,2,5105232.959214242,1000
0,panel_raw_gr_a100,fb03ae90,3,6145483.847856478,1000
0,panel_raw_gr_a100,fb03ae90,4,6945961.419499138,1000
0,panel_raw_gr_a100,fb03ae90,5,5240299.44111749,1000
0,panel_raw_gr_a100,fb03ae90,6,1535344.9830227455,432
0,panel_phase_a10,fb03ae90,0,841081.4439855197,999
0,panel_phase_a10,fb03ae90,1,3801092.003252481,1000
0,panel_phase_a10,fb03ae90,2,5535544.394523524,1000
0,panel_phase_a10,fb03ae90,3,6749168.021517858,1000
0,panel_phase_a10,fb03ae90,4,7698151.845934535,1000
0,panel_phase_a10,fb03ae90,5,5929796.978757118,1000
0,panel_phase_a10,fb03ae90,6,1794598.53816521,432
0,panel_phase_a100,fb03ae90,0,792768.8376031979,999
0,panel_phase_a100,fb03ae90,1,3525551.2022388205,1000
0,panel_phase_a100,fb03ae90,2,5033636.061680919,1000
0,panel_phase_a100,fb03ae90,3,6054158.259994163,1000
0,panel_phase_a100,fb03ae90,4,6814134.573508841,1000
0,panel_phase_a100,fb03ae90,5,5078069.1592692295,1000
0,panel_phase_a100,fb03ae90,6,1466762.957628964,432
0,panel_phase_a1000,fb03ae90,0,629520.6135415697,999
0,panel_phase_a1000,fb03ae90,1,2671942.1086782636,1000
0,panel_phase_a1000,fb03ae90,2,3436433.695469255,1000
0,panel_phase_a1000,fb03ae90,3,3817744.370556261,1000
0,panel_phase_a1000,fb03ae90,4,3945028.7340262677,1000
0,panel_phase_a1000,fb03ae90,5,2475877.575144432,1000
0,panel_phase_a1000,fb03ae90,6,578045.3965640744,432
0,panel_geom_a100,201661b5,0,4466.303228927208,999
0,panel_geom_a100,201661b5,1,21948.07721995938,1000
0,panel_geom_a100,201661b5,2,4098.946184337316,1000
0,panel_geom_a100,201661b5,3,16770.019832562703,1000
0,panel_geom_a100,201661b5,4,205202.98111787956,1000
0,panel_geom_a100,201661b5,5,850017.6896969054,956
0,panel_raw_gr_a100,201661b5,0,4825.9645280046425,999
0,panel_raw_gr_a100,201661b5,1,22815.435399977538,1000
0,panel_raw_gr_a100,201661b5,2,4559.0666210352065,1000
0,panel_raw_gr_a100,201661b5,3,17620.11881861511,1000
0,panel_raw_gr_a100,201661b5,4,202448.3334374928,1000
0,panel_raw_gr_a100,201661b5,5,843560.4560656314,956
0,panel_phase_a10,201661b5,0,5912.160073938282,999
0,panel_phase_a10,201661b5,1,32308.218280626836,1000
0,panel_phase_a10,201661b5,2,11757.28485635216,1000
0,panel_phase_a10,201661b5,3,33197.80322141082,1000
0,panel_phase_a10,201661b5,4,162952.89403562783,1000
0,panel_phase_a10,201661b5,5,718301.5113144951,956
0,panel_phase_a100,201661b5,0,5493.759420329476,999
0,panel_phase_a100,201661b5,1,24065.17261359849,1000
0,panel_phase_a100,201661b5,2,4388.3680951579,1000
0,panel_phase_a100,201661b5,3,19537.956192958005,1000
0,panel_phase_a100,201661b5,4,188324.3963829028,1000
0,panel_phase_a100,201661b5,5,807168.84976633,956
0,panel_phase_a1000,201661b5,0,10365.329603723363,999
0,panel_phase_a1000,201661b5,1,5348.840598210949,1000
0,panel_phase_a1000,201661b5,2,9331.593745799946,1000
0,panel_phase_a1000,201661b5,3,25746.516563595706,1000
0,panel_phase_a1000,201661b5,4,528836.9016830858,1000
0,panel_phase_a1000,201661b5,5,1546007.5761847354,956
0,panel_geom_a100,a0383629,0,10392.12143108421,999
0,panel_geom_a100,a0383629,1,3361.7364892689357,1000
0,panel_geom_a100,a0383629,2,18876.17364085244,1000
0,panel_geom_a100,a0383629,3,5341.853935933936,1000
0,panel_geom_a100,a0383629,4,74235.46293114753,1000
0,panel_geom_a100,a0383629,5,193092.67648043984,833
0,panel_raw_gr_a100,a0383629,0,10545.205169382865,999
0,panel_raw_gr_a100,a0383629,1,3275.728694538288,1000
0,panel_raw_gr_a100,a0383629,2,18469.624569558924,1000
0,panel_raw_gr_a100,a0383629,3,5374.882253643956,1000
0,panel_raw_gr_a100,a0383629,4,74018.28511026112,1000
0,panel_raw_gr_a100,a0383629,5,193726.00186964407,833
0,panel_phase_a10,a0383629,0,12723.114884522573,999
0,panel_phase_a10,a0383629,1,2797.7690552760546,1000
0,panel_phase_a10,a0383629,2,14280.094168196212,1000
0,panel_phase_a10,a0383629,3,9026.435398206113,1000
0,panel_phase_a10,a0383629,4,98608.65668841501,1000
0,panel_phase_a10,a0383629,5,230216.7993632145,833
0,panel_phase_a100,a0383629,0,11173.853928836224,999
0,panel_phase_a100,a0383629,1,2864.682880300497,1000
0,panel_phase_a100,a0383629,2,15783.942163329968,1000
0,panel_phase_a100,a0383629,3,6591.470833580769,1000
0,panel_phase_a100,a0383629,4,81958.35455641724,1000
0,panel_phase_a100,a0383629,5,207039.38160371428,833
0,panel_phase_a1000,a0383629,0,4338.972256603484,999
0,panel_phase_a1000,a0383629,1,12819.570556956916,1000
0,panel_phase_a1000,a0383629,2,43865.51023978174,1000
0,panel_phase_a1000,a0383629,3,9302.701197632592,1000
0,panel_phase_a1000,a0383629,4,13846.982822246657,1000
0,panel_phase_a1000,a0383629,5,75278.60743088105,833
0,panel_geom_a100,3a223519,0,91855.31729759963,999
0,panel_geom_a100,3a223519,1,434202.09793366387,1000
0,panel_geom_a100,3a223519,2,303737.0316278869,1000
0,panel_geom_a100,3a223519,3,90161.47744360215,1000
0,panel_geom_a100,3a223519,4,145818.93478647448,584
0,panel_raw_gr_a100,3a223519,0,91779.32793855127,999
0,panel_raw_gr_a100,3a223519,1,433500.9904414333,1000
0,panel_raw_gr_a100,3a223519,2,303680.27487311827,1000
0,panel_raw_gr_a100,3a223519,3,88817.67583410862,1000
0,panel_raw_gr_a100,3a223519,4,145124.5724380068,584
0,panel_phase_a10,3a223519,0,89701.30468490375,999
0,panel_phase_a10,3a223519,1,422556.68846404104,1000
0,panel_phase_a10,3a223519,2,276703.77160272613,1000
0,panel_phase_a10,3a223519,3,70630.75733336259,1000
0,panel_phase_a10,3a223519,4,125681.64296183878,584
0,panel_phase_a100,3a223519,0,91740.23661950126,999
0,panel_phase_a100,3a223519,1,434039.38534489955,1000
0,panel_phase_a100,3a223519,2,306891.48182679876,1000
0,panel_phase_a100,3a223519,3,94878.69987531922,1000
0,panel_phase_a100,3a223519,4,151186.0037048677,584
0,panel_phase_a1000,3a223519,0,101754.23388939233,999
0,panel_phase_a1000,3a223519,1,486214.8156716414,1000
0,panel_phase_a1000,3a223519,2,447416.71669149736,1000
0,panel_phase_a1000,3a223519,3,277610.5801474456,1000
0,panel_phase_a1000,3a223519,4,334223.2080547466,584
0,panel_geom_a100,3407f5bf,0,5864.675374874388,999
0,panel_geom_a100,3407f5bf,1,13907.7545355609,1000
0,panel_geom_a100,3407f5bf,2,60544.1015587874,1000
0,panel_geom_a100,3407f5bf,3,479524.75061241665,639
0,panel_raw_gr_a100,3407f5bf,0,5931.513782413605,999
0,panel_raw_gr_a100,3407f5bf,1,14048.04200195344,1000
0,panel_raw_gr_a100,3407f5bf,2,60397.82851035447,1000
0,panel_raw_gr_a100,3407f5bf,3,480063.61678625137,639
0,panel_phase_a10,3407f5bf,0,7358.761937313925,999
0,panel_phase_a10,3407f5bf,1,11353.096441803718,1000
0,panel_phase_a10,3407f5bf,2,69233.38999430457,1000
0,panel_phase_a10,3407f5bf,3,512429.47020866873,639
0,panel_phase_a100,3407f5bf,0,7051.308363437367,999
0,panel_phase_a100,3407f5bf,1,11567.469403812182,1000
0,panel_phase_a100,3407f5bf,2,67937.61076385598,1000
0,panel_phase_a100,3407f5bf,3,507917.869214187,639
0,panel_phase_a1000,3407f5bf,0,5804.64060437643,999
0,panel_phase_a1000,3407f5bf,1,10230.564782047531,1000
0,panel_phase_a1000,3407f5bf,2,68489.47383161845,1000
0,panel_phase_a1000,3407f5bf,3,524617.8276768195,639
0,panel_geom_a100,493b5b31,0,29128.368902270136,999
0,panel_geom_a100,493b5b31,1,395653.7672106641,1000
0,panel_geom_a100,493b5b31,2,3068784.5143001024,1000
0,panel_geom_a100,493b5b31,3,3017621.1045156363,1000
0,panel_geom_a100,493b5b31,4,1603801.6833881468,672
0,panel_raw_gr_a100,493b5b31,0,28755.303288126357,999
0,panel_raw_gr_a100,493b5b31,1,396695.75263377995,1000
0,panel_raw_gr_a100,493b5b31,2,3082191.6561219324,1000
0,panel_raw_gr_a100,493b5b31,3,3020127.6243044706,1000
0,panel_raw_gr_a100,493b5b31,4,1604781.6785700705,672
0,panel_phase_a10,493b5b31,0,25015.152326734846,999
0,panel_phase_a10,493b5b31,1,416329.6581593829,1000
0,panel_phase_a10,493b5b31,2,3224144.9458189774,1000
0,panel_phase_a10,493b5b31,3,3179979.805794775,1000
0,panel_phase_a10,493b5b31,4,1686667.2147865267,672
0,panel_phase_a100,493b5b31,0,29596.390595096505,999
0,panel_phase_a100,493b5b31,1,394025.3808317273,1000
0,panel_phase_a100,493b5b31,2,3059223.8706783406,1000
0,panel_phase_a100,493b5b31,3,3007761.6884455886,1000
0,panel_phase_a100,493b5b31,4,1615266.5999645905,672
0,panel_phase_a1000,493b5b31,0,45708.36455458092,999
0,panel_phase_a1000,493b5b31,1,328818.7883745849,1000
0,panel_phase_a1000,493b5b31,2,2466000.8402695106,1000
0,panel_phase_a1000,493b5b31,3,2372081.4355047657,1000
0,panel_phase_a1000,493b5b31,4,1281645.3039128862,672
0,panel_geom_a100,939d9c34,0,1420.1262610274207,999
0,panel_geom_a100,939d9c34,1,15079.139836097784,1000
0,panel_geom_a100,939d9c34,2,74872.40656840192,1000
0,panel_geom_a100,939d9c34,3,21325.476242125787,1000
0,panel_geom_a100,939d9c34,4,104605.74500467614,1000
0,panel_geom_a100,939d9c34,5,3555.4143986272384,102
0,panel_raw_gr_a100,939d9c34,0,1471.5689246431682,999
0,panel_raw_gr_a100,939d9c34,1,15214.514258301864,1000
0,panel_raw_gr_a100,939d9c34,2,74360.37743185174,1000
0,panel_raw_gr_a100,939d9c34,3,21731.430144289403,1000
0,panel_raw_gr_a100,939d9c34,4,105897.89644861482,1000
0,panel_raw_gr_a100,939d9c34,5,3714.5503266878627,102
0,panel_phase_a10,939d9c34,0,2196.193110257943,999
0,panel_phase_a10,939d9c34,1,17732.67880702354,1000
0,panel_phase_a10,939d9c34,2,66585.24739303625,1000
0,panel_phase_a10,939d9c34,3,22879.87268563287,1000
0,panel_phase_a10,939d9c34,4,123410.85742961089,1000
0,panel_phase_a10,939d9c34,5,6248.261019001595,102
0,panel_phase_a100,939d9c34,0,1298.4753027724914,999
0,panel_phase_a100,939d9c34,1,14753.879353293838,1000
0,panel_phase_a100,939d9c34,2,74375.92248545743,1000
0,panel_phase_a100,939d9c34,3,21904.395023896894,1000
0,panel_phase_a100,939d9c34,4,110898.62441839832,1000
0,panel_phase_a100,939d9c34,5,4909.947070482302,102
0,panel_phase_a1000,939d9c34,0,472.2645240271946,999
0,panel_phase_a1000,939d9c34,1,18174.72523588434,1000
0,panel_phase_a1000,939d9c34,2,130669.13632125423,1000
0,panel_phase_a1000,939d9c34,3,14871.749619666753,1000
0,panel_phase_a1000,939d9c34,4,30395.296974482386,1000
0,panel_phase_a1000,939d9c34,5,34.68392210339775,102
0,panel_geom_a100,6767c111,0,543491.6050620703,999
0,panel_geom_a100,6767c111,1,2208696.314222171,1000
0,panel_geom_a100,6767c111,2,4594914.257238108,1000
0,panel_geom_a100,6767c111,3,9954483.20702888,1000
0,panel_geom_a100,6767c111,4,17377976.04327174,1000
0,panel_geom_a100,6767c111,5,29043816.949096214,1000
0,panel_geom_a100,6767c111,6,31474156.270951584,784
0,panel_raw_gr_a100,6767c111,0,545568.1403059143,999
0,panel_raw_gr_a100,6767c111,1,2207472.7473224686,1000
0,panel_raw_gr_a100,6767c111,2,4591847.071784225,1000
0,panel_raw_gr_a100,6767c111,3,9943252.393239519,1000
0,panel_raw_gr_a100,6767c111,4,17372797.72424922,1000
0,panel_raw_gr_a100,6767c111,5,29056572.22065702,1000
0,panel_raw_gr_a100,6767c111,6,31535689.89514138,784
0,panel_phase_a10,6767c111,0,537943.827642869,999
0,panel_phase_a10,6767c111,1,2254659.025236144,1000
0,panel_phase_a10,6767c111,2,4705909.964228196,1000
0,panel_phase_a10,6767c111,3,10283495.17120352,1000
0,panel_phase_a10,6767c111,4,17987756.506868053,1000
0,panel_phase_a10,6767c111,5,30038432.988706984,1000
0,panel_phase_a10,6767c111,6,32495224.977723576,784
0,panel_phase_a100,6767c111,0,539063.6962460501,999
0,panel_phase_a100,6767c111,1,2189866.2062618146,1000
0,panel_phase_a100,6767c111,2,4575235.77307563,1000
0,panel_phase_a100,6767c111,3,9990943.852757046,1000
0,panel_phase_a100,6767c111,4,17578454.238215968,1000
0,panel_phase_a100,6767c111,5,29585740.58441966,1000
0,panel_phase_a100,6767c111,6,31905741.193670254,784
0,panel_phase_a1000,6767c111,0,559315.3091900572,999
0,panel_phase_a1000,6767c111,1,2037585.3112975552,1000
0,panel_phase_a1000,6767c111,2,4072684.0209697895,1000
0,panel_phase_a1000,6767c111,3,8771685.116000988,1000
0,panel_phase_a1000,6767c111,4,15403092.02351003,1000
0,panel_phase_a1000,6767c111,5,26380419.7117744,1000
0,panel_phase_a1000,6767c111,6,28554324.640972875,784
0,panel_geom_a100,e5c92e59,0,47639.822195373934,999
0,panel_geom_a100,e5c92e59,1,738616.2103996043,1000
0,panel_geom_a100,e5c92e59,2,1786011.1341019059,1000
0,panel_geom_a100,e5c92e59,3,2729527.7977871825,1000
0,panel_geom_a100,e5c92e59,4,869573.2231669645,296
0,panel_raw_gr_a100,e5c92e59,0,47707.84477227875,999
0,panel_raw_gr_a100,e5c92e59,1,739731.7437946345,1000
0,panel_raw_gr_a100,e5c92e59,2,1787264.30214932,1000
0,panel_raw_gr_a100,e5c92e59,3,2734744.2537861275,1000
0,panel_raw_gr_a100,e5c92e59,4,870561.3846045051,296
0,panel_phase_a10,e5c92e59,0,51569.101511339504,999
0,panel_phase_a10,e5c92e59,1,783128.6054797395,1000
0,panel_phase_a10,e5c92e59,2,1903239.8033112548,1000
0,panel_phase_a10,e5c92e59,3,2937059.5856187735,1000
0,panel_phase_a10,e5c92e59,4,936228.8349276411,296
0,panel_phase_a100,e5c92e59,0,49739.927643119,999
0,panel_phase_a100,e5c92e59,1,764537.7778207926,1000
0,panel_phase_a100,e5c92e59,2,1831110.6874579294,1000
0,panel_phase_a100,e5c92e59,3,2774023.485760227,1000
0,panel_phase_a100,e5c92e59,4,876940.6433674108,296
0,panel_phase_a1000,e5c92e59,0,36023.86842190419,999
0,panel_phase_a1000,e5c92e59,1,639880.2610689171,1000
0,panel_phase_a1000,e5c92e59,2,1485349.7204859168,1000
0,panel_phase_a1000,e5c92e59,3,2234046.364657308,1000
0,panel_phase_a1000,e5c92e59,4,685255.3655500049,296
0,panel_geom_a100,fb0904bd,0,5529.67779320986,999
0,panel_geom_a100,fb0904bd,1,19447.8326392921,1000
0,panel_geom_a100,fb0904bd,2,291100.41270808945,1000
0,panel_geom_a100,fb0904bd,3,88368.80242456832,182
0,panel_raw_gr_a100,fb0904bd,0,5742.030286265458,999
0,panel_raw_gr_a100,fb0904bd,1,19192.166131541733,1000
0,panel_raw_gr_a100,fb0904bd,2,291113.55149495456,1000
0,panel_raw_gr_a100,fb0904bd,3,88175.56957014957,182
0,panel_phase_a10,fb0904bd,0,5024.818003492882,999
0,panel_phase_a10,fb0904bd,1,22317.929258886375,1000
0,panel_phase_a10,fb0904bd,2,320722.676331761,1000
0,panel_phase_a10,fb0904bd,3,96879.20056810144,182
0,panel_phase_a100,fb0904bd,0,4789.85295471674,999
0,panel_phase_a100,fb0904bd,1,23411.450263464394,1000
0,panel_phase_a100,fb0904bd,2,320151.50607099757,1000
0,panel_phase_a100,fb0904bd,3,95957.20274271234,182
0,panel_phase_a1000,fb0904bd,0,5457.712124890121,999
0,panel_phase_a1000,fb0904bd,1,17726.95276361869,1000
0,panel_phase_a1000,fb0904bd,2,236386.1528154187,1000
0,panel_phase_a1000,fb0904bd,3,74517.7600893051,182
0,panel_geom_a100,0d99f8e4,0,3013.1637697628844,999
0,panel_geom_a100,0d99f8e4,1,15973.603208341263,1000
0,panel_geom_a100,0d99f8e4,2,53024.973751203885,1000
0,panel_geom_a100,0d99f8e4,3,31823.002637655867,1000
0,panel_geom_a100,0d99f8e4,4,24763.039904786816,1000
0,panel_geom_a100,0d99f8e4,5,192346.75961505898,824
0,panel_raw_gr_a100,0d99f8e4,0,3133.806405501298,999
0,panel_raw_gr_a100,0d99f8e4,1,15430.594835177188,1000
0,panel_raw_gr_a100,0d99f8e4,2,50970.70399091908,1000
0,panel_raw_gr_a100,0d99f8e4,3,31506.468621164397,1000
0,panel_raw_gr_a100,0d99f8e4,4,25120.048871863564,1000
0,panel_raw_gr_a100,0d99f8e4,5,193370.30812533994,824
0,panel_phase_a10,0d99f8e4,0,3033.4895953446553,999
0,panel_phase_a10,0d99f8e4,1,15444.054622118703,1000
0,panel_phase_a10,0d99f8e4,2,45642.21148031385,1000
0,panel_phase_a10,0d99f8e4,3,23971.35631632063,1000
0,panel_phase_a10,0d99f8e4,4,36665.7762788836,1000
0,panel_phase_a10,0d99f8e4,5,237043.64577532487,824
0,panel_phase_a100,0d99f8e4,0,3255.5516718591034,999
0,panel_phase_a100,0d99f8e4,1,16285.077306402422,1000
0,panel_phase_a100,0d99f8e4,2,51299.37517810286,1000
0,panel_phase_a100,0d99f8e4,3,29827.432092123738,1000
0,panel_phase_a100,0d99f8e4,4,28829.26921434911,1000
0,panel_phase_a100,0d99f8e4,5,205726.34419770874,824
0,panel_phase_a1000,0d99f8e4,0,3220.662803975543,999
0,panel_phase_a1000,0d99f8e4,1,29582.116798437466,1000
0,panel_phase_a1000,0d99f8e4,2,87051.88872242841,1000
0,panel_phase_a1000,0d99f8e4,3,73789.09103351302,1000
0,panel_phase_a1000,0d99f8e4,4,10082.74107179543,1000
0,panel_phase_a1000,0d99f8e4,5,58666.91963368841,824
0,panel_geom_a100,df73b8f3,0,5930.307509102021,999
0,panel_geom_a100,df73b8f3,1,8201.45934601111,1000
0,panel_geom_a100,df73b8f3,2,11258.231933965526,1000
0,panel_geom_a100,df73b8f3,3,103997.00550039734,1000
0,panel_geom_a100,df73b8f3,4,1310018.6764972014,1000
0,panel_geom_a100,df73b8f3,5,1017255.7458682664,312
0,panel_raw_gr_a100,df73b8f3,0,6378.891513775447,999
0,panel_raw_gr_a100,df73b8f3,1,8779.946681865347,1000
0,panel_raw_gr_a100,df73b8f3,2,12114.904351098396,1000
0,panel_raw_gr_a100,df73b8f3,3,106555.68594465214,1000
0,panel_raw_gr_a100,df73b8f3,4,1318921.133381975,1000
0,panel_raw_gr_a100,df73b8f3,5,1021234.6647487906,312
0,panel_phase_a10,df73b8f3,0,6714.976478181622,999
0,panel_phase_a10,df73b8f3,1,7314.105740110944,1000
0,panel_phase_a10,df73b8f3,2,9578.346050970458,1000
0,panel_phase_a10,df73b8f3,3,99362.51445907744,1000
0,panel_phase_a10,df73b8f3,4,1318316.0705862509,1000
0,panel_phase_a10,df73b8f3,5,1026684.1106055843,312
0,panel_phase_a100,df73b8f3,0,6426.443635536372,999
0,panel_phase_a100,df73b8f3,1,7179.938590415459,1000
0,panel_phase_a100,df73b8f3,2,9314.4459505078,1000
0,panel_phase_a100,df73b8f3,3,98867.63417940882,1000
0,panel_phase_a100,df73b8f3,4,1300562.6317335847,1000
0,panel_phase_a100,df73b8f3,5,1015860.8284093426,312
0,panel_phase_a1000,df73b8f3,0,8077.590952452203,999
0,panel_phase_a1000,df73b8f3,1,12793.921230945254,1000
0,panel_phase_a1000,df73b8f3,2,16162.765163051732,1000
0,panel_phase_a1000,df73b8f3,3,147921.04819771313,1000
0,panel_phase_a1000,df73b8f3,4,1402308.247016449,1000
0,panel_phase_a1000,df73b8f3,5,1036258.2038855748,312
0,panel_geom_a100,27ebb9b9,0,41473.78856868679,999
0,panel_geom_a100,27ebb9b9,1,700003.510395736,1000
0,panel_geom_a100,27ebb9b9,2,1991954.3061713227,1000
0,panel_geom_a100,27ebb9b9,3,1494733.3426229302,1000
0,panel_geom_a100,27ebb9b9,4,180447.18853728467,1000
0,panel_geom_a100,27ebb9b9,5,170819.79049800555,767
0,panel_raw_gr_a100,27ebb9b9,0,41378.52818273031,999
0,panel_raw_gr_a100,27ebb9b9,1,698187.9357167855,1000
0,panel_raw_gr_a100,27ebb9b9,2,1988732.6447047037,1000
0,panel_raw_gr_a100,27ebb9b9,3,1493003.166921835,1000
0,panel_raw_gr_a100,27ebb9b9,4,179305.6708547269,1000
0,panel_raw_gr_a100,27ebb9b9,5,169888.4919127686,767
0,panel_phase_a10,27ebb9b9,0,44914.28787180591,999
0,panel_phase_a10,27ebb9b9,1,739539.6219636642,1000
0,panel_phase_a10,27ebb9b9,2,2100255.808715548,1000
0,panel_phase_a10,27ebb9b9,3,1624854.2812637652,1000
0,panel_phase_a10,27ebb9b9,4,216678.22949158328,1000
0,panel_phase_a10,27ebb9b9,5,201776.9824862777,767
0,panel_phase_a100,27ebb9b9,0,39783.81985158498,999
0,panel_phase_a100,27ebb9b9,1,681155.4016488658,1000
0,panel_phase_a100,27ebb9b9,2,1957625.6493851931,1000
0,panel_phase_a100,27ebb9b9,3,1447593.36483585,1000
0,panel_phase_a100,27ebb9b9,4,174543.2863939369,1000
0,panel_phase_a100,27ebb9b9,5,167248.42484855477,767
0,panel_phase_a1000,27ebb9b9,0,15313.453853515637,999
0,panel_phase_a1000,27ebb9b9,1,381634.8546875261,1000
0,panel_phase_a1000,27ebb9b9,2,1251881.923569877,1000
0,panel_phase_a1000,27ebb9b9,3,703542.0122055423,1000
0,panel_phase_a1000,27ebb9b9,4,40464.104420662785,1000
0,panel_phase_a1000,27ebb9b9,5,50502.91841371864,767
0,panel_geom_a100,2075c696,0,16295.648501068687,999
0,panel_geom_a100,2075c696,1,20374.22719066767,1000
0,panel_geom_a100,2075c696,2,15117.748357279104,1000
0,panel_geom_a100,2075c696,3,2321.7922218903946,189
0,panel_raw_gr_a100,2075c696,0,16113.695390385565,999
0,panel_raw_gr_a100,2075c696,1,20584.19842593187,1000
0,panel_raw_gr_a100,2075c696,2,15414.227990788988,1000
0,panel_raw_gr_a100,2075c696,3,2286.45977004407,189
0,panel_phase_a10,2075c696,0,15060.750268472502,999
0,panel_phase_a10,2075c696,1,21292.87329818234,1000
0,panel_phase_a10,2075c696,2,16589.613238152106,1000
0,panel_phase_a10,2075c696,3,1833.0318936268397,189
0,panel_phase_a100,2075c696,0,15929.95109396656,999
0,panel_phase_a100,2075c696,1,19263.10185762241,1000
0,panel_phase_a100,2075c696,2,14283.263011886895,1000
0,panel_phase_a100,2075c696,3,2397.890965668949,189
0,panel_phase_a1000,2075c696,0,14677.586432066086,999
0,panel_phase_a1000,2075c696,1,19634.979623968135,1000
0,panel_phase_a1000,2075c696,2,11612.828582084601,1000
0,panel_phase_a1000,2075c696,3,3817.461701215543,189
0,panel_geom_a100,a8ed028a,0,110127.81895237595,999
0,panel_geom_a100,a8ed028a,1,569605.4789408202,1000
0,panel_geom_a100,a8ed028a,2,81072.21508110412,1000
0,panel_geom_a100,a8ed028a,3,101167.12005056228,1000
0,panel_geom_a100,a8ed028a,4,1374413.4636571456,1000
0,panel_geom_a100,a8ed028a,5,2014117.2616052935,539
0,panel_raw_gr_a100,a8ed028a,0,109141.84699496804,999
0,panel_raw_gr_a100,a8ed028a,1,566994.3657969255,1000
0,panel_raw_gr_a100,a8ed028a,2,80976.20476347372,1000
0,panel_raw_gr_a100,a8ed028a,3,101601.40805261055,1000
0,panel_raw_gr_a100,a8ed028a,4,1377051.5313091308,1000
0,panel_raw_gr_a100,a8ed028a,5,2010740.075466686,539
0,panel_phase_a10,a8ed028a,0,109221.469994286,999
0,panel_phase_a10,a8ed028a,1,575785.3036880576,1000
0,panel_phase_a10,a8ed028a,2,92731.7157569025,1000
0,panel_phase_a10,a8ed028a,3,96257.67688757833,1000
0,panel_phase_a10,a8ed028a,4,1393560.64133653,1000
0,panel_phase_a10,a8ed028a,5,2014747.961509531,539
0,panel_phase_a100,a8ed028a,0,112204.51740293393,999
0,panel_phase_a100,a8ed028a,1,582567.5421533262,1000
0,panel_phase_a100,a8ed028a,2,93836.9229247744,1000
0,panel_phase_a100,a8ed028a,3,91087.36456329474,1000
0,panel_phase_a100,a8ed028a,4,1326873.5204584862,1000
0,panel_phase_a100,a8ed028a,5,1990416.5449986374,539
0,panel_phase_a1000,a8ed028a,0,104206.6793812739,999
0,panel_phase_a1000,a8ed028a,1,524188.0947634707,1000
0,panel_phase_a1000,a8ed028a,2,61885.472401069615,1000
0,panel_phase_a1000,a8ed028a,3,84330.86524743185,1000
0,panel_phase_a1000,a8ed028a,4,1047317.57633471,1000
0,panel_phase_a1000,a8ed028a,5,1812199.1943861695,539
0,panel_geom_a100,6ea22614,0,5308.406775589159,999
0,panel_geom_a100,6ea22614,1,44238.882414881184,1000
0,panel_geom_a100,6ea22614,2,317414.45628753153,1000
0,panel_geom_a100,6ea22614,3,330296.78912173246,1000
0,panel_geom_a100,6ea22614,4,245744.4418463214,1000
0,panel_geom_a100,6ea22614,5,421160.92230301665,972
0,panel_raw_gr_a100,6ea22614,0,5191.301735262165,999
0,panel_raw_gr_a100,6ea22614,1,44718.92502020793,1000
0,panel_raw_gr_a100,6ea22614,2,320532.7747040187,1000
0,panel_raw_gr_a100,6ea22614,3,331837.72790574585,1000
0,panel_raw_gr_a100,6ea22614,4,247075.21216344574,1000
0,panel_raw_gr_a100,6ea22614,5,422038.7432480652,972
0,panel_phase_a10,6ea22614,0,5453.144393760757,999
0,panel_phase_a10,6ea22614,1,41879.05143450439,1000
0,panel_phase_a10,6ea22614,2,299115.2380920025,1000
0,panel_phase_a10,6ea22614,3,311768.07525685127,1000
0,panel_phase_a10,6ea22614,4,226488.94900706995,1000
0,panel_phase_a10,6ea22614,5,387077.85145011754,972
0,panel_phase_a100,6ea22614,0,5148.989338259601,999
0,panel_phase_a100,6ea22614,1,43091.33089036368,1000
0,panel_phase_a100,6ea22614,2,315775.5084618662,1000
0,panel_phase_a100,6ea22614,3,329921.12003631605,1000
0,panel_phase_a100,6ea22614,4,251349.85722502158,1000
0,panel_phase_a100,6ea22614,5,415504.2289507188,972
0,panel_phase_a1000,6ea22614,0,5505.288248723956,999
0,panel_phase_a1000,6ea22614,1,51068.703882742186,1000
0,panel_phase_a1000,6ea22614,2,402209.3927283069,1000
0,panel_phase_a1000,6ea22614,3,433427.02896669315,1000
0,panel_phase_a1000,6ea22614,4,372665.56550787174,1000
0,panel_phase_a1000,6ea22614,5,653029.1301515923,972
0,panel_geom_a100,df8290be,0,126658.8814175946,999
0,panel_geom_a100,df8290be,1,195367.28574971526,1000
0,panel_geom_a100,df8290be,2,71255.36111802167,1000
0,panel_geom_a100,df8290be,3,39682.42261676482,973
0,panel_raw_gr_a100,df8290be,0,126739.64405176185,999
0,panel_raw_gr_a100,df8290be,1,196346.08150991288,1000
0,panel_raw_gr_a100,df8290be,2,71766.9399916005,1000
0,panel_raw_gr_a100,df8290be,3,39349.26694896499,973
0,panel_phase_a10,df8290be,0,131089.84420425148,999
0,panel_phase_a10,df8290be,1,213825.89920562247,1000
0,panel_phase_a10,df8290be,2,76096.63434679488,1000
0,panel_phase_a10,df8290be,3,49538.19836697311,973
0,panel_phase_a100,df8290be,0,124085.8564491259,999
0,panel_phase_a100,df8290be,1,188358.03232780157,1000
0,panel_phase_a100,df8290be,2,67068.92959381669,1000
0,panel_phase_a100,df8290be,3,44696.69275953457,973
0,panel_phase_a1000,df8290be,0,110006.0643109655,999
0,panel_phase_a1000,df8290be,1,99385.6602649146,1000
0,panel_phase_a1000,df8290be,2,30882.655703881494,1000
0,panel_phase_a1000,df8290be,3,105574.36471160404,973
0,panel_geom_a100,283269ac,0,462.47093006975314,999
0,panel_geom_a100,283269ac,1,4340.905184696156,1000
0,panel_geom_a100,283269ac,2,15410.824553968889,627
0,panel_raw_gr_a100,283269ac,0,462.5107968951548,999
0,panel_raw_gr_a100,283269ac,1,4436.185567362079,1000
0,panel_raw_gr_a100,283269ac,2,15564.165590197163,627
0,panel_phase_a10,283269ac,0,452.9512226427829,999
0,panel_phase_a10,283269ac,1,4490.8915214880435,1000
0,panel_phase_a10,283269ac,2,17633.485803754123,627
0,panel_phase_a100,283269ac,0,477.96251920159733,999
0,panel_phase_a100,283269ac,1,4195.793912467441,1000
0,panel_phase_a100,283269ac,2,16397.373840408425,627
0,panel_phase_a1000,283269ac,0,500.9879329832545,999
0,panel_phase_a1000,283269ac,1,3553.6677640326975,1000
0,panel_phase_a1000,283269ac,2,13186.69282603421,627
0,panel_geom_a100,c2c4db09,0,18969.667149181456,999
0,panel_geom_a100,c2c4db09,1,73281.1591616269,1000
0,panel_geom_a100,c2c4db09,2,803171.0293142662,1000
0,panel_geom_a100,c2c4db09,3,2592216.375388633,1000
0,panel_geom_a100,c2c4db09,4,6267120.077444137,1000
0,panel_geom_a100,c2c4db09,5,10079330.028754633,1000
0,panel_geom_a100,c2c4db09,6,500237.4566899979,40
0,panel_raw_gr_a100,c2c4db09,0,18514.038720064935,999
0,panel_raw_gr_a100,c2c4db09,1,72724.27670321865,1000
0,panel_raw_gr_a100,c2c4db09,2,799413.9713752834,1000
0,panel_raw_gr_a100,c2c4db09,3,2581350.360738937,1000
0,panel_raw_gr_a100,c2c4db09,4,6250107.172426905,1000
0,panel_raw_gr_a100,c2c4db09,5,10066326.168102417,1000
0,panel_raw_gr_a100,c2c4db09,6,499478.9297839069,40
0,panel_phase_a10,c2c4db09,0,19980.956302471557,999
0,panel_phase_a10,c2c4db09,1,71083.62181444712,1000
0,panel_phase_a10,c2c4db09,2,787603.8728102841,1000
0,panel_phase_a10,c2c4db09,3,2553280.0745403105,1000
0,panel_phase_a10,c2c4db09,4,6210251.456312546,1000
0,panel_phase_a10,c2c4db09,5,10115730.2341165,1000
0,panel_phase_a10,c2c4db09,6,503103.8727461495,40
0,panel_phase_a100,c2c4db09,0,19937.42637306441,999
0,panel_phase_a100,c2c4db09,1,77481.10086372626,1000
0,panel_phase_a100,c2c4db09,2,807199.7485281512,1000
0,panel_phase_a100,c2c4db09,3,2586048.9404725577,1000
0,panel_phase_a100,c2c4db09,4,6327365.9467361085,1000
0,panel_phase_a100,c2c4db09,5,10077800.252028577,1000
0,panel_phase_a100,c2c4db09,6,496792.06104411476,40
0,panel_phase_a1000,c2c4db09,0,18949.90795052065,999
0,panel_phase_a1000,c2c4db09,1,73538.61978192191,1000
0,panel_phase_a1000,c2c4db09,2,712437.7944535668,1000
0,panel_phase_a1000,c2c4db09,3,2501886.8566243215,1000
0,panel_phase_a1000,c2c4db09,4,6796673.981869703,1000
0,panel_phase_a1000,c2c4db09,5,9859146.061728181,1000
0,panel_phase_a1000,c2c4db09,6,468149.2785006241,40
0,panel_geom_a100,89f1085d,0,255943.1502150372,999
0,panel_geom_a100,89f1085d,1,642429.0904206117,1000
0,panel_geom_a100,89f1085d,2,892441.0691439201,1000
0,panel_geom_a100,89f1085d,3,1886437.58782437,1000
0,panel_geom_a100,89f1085d,4,2543202.4418239403,1000
0,panel_geom_a100,89f1085d,5,2054239.0992829208,995
0,panel_raw_gr_a100,89f1085d,0,256567.5831011553,999
0,panel_raw_gr_a100,89f1085d,1,643919.0356975086,1000
0,panel_raw_gr_a100,89f1085d,2,891813.750611563,1000
0,panel_raw_gr_a100,89f1085d,3,1889131.2294000874,1000
0,panel_raw_gr_a100,89f1085d,4,2546998.822099757,1000
0,panel_raw_gr_a100,89f1085d,5,2056512.9042910545,995
0,panel_phase_a10,89f1085d,0,249675.7614172568,999
0,panel_phase_a10,89f1085d,1,624163.5347833299,1000
0,panel_phase_a10,89f1085d,2,893061.086151885,1000
0,panel_phase_a10,89f1085d,3,1905756.1650629737,1000
0,panel_phase_a10,89f1085d,4,2544087.3907983135,1000
0,panel_phase_a10,89f1085d,5,2040996.5596616557,995
0,panel_phase_a100,89f1085d,0,249292.38693040668,999
0,panel_phase_a100,89f1085d,1,626397.619498417,1000
0,panel_phase_a100,89f1085d,2,874788.418795618,1000
0,panel_phase_a100,89f1085d,3,1881130.6143101703,1000
0,panel_phase_a100,89f1085d,4,2542376.91232655,1000
0,panel_phase_a100,89f1085d,5,2053516.1261208786,995
0,panel_phase_a1000,89f1085d,0,186333.07932007386,999
0,panel_phase_a1000,89f1085d,1,460814.85477122996,1000
0,panel_phase_a1000,89f1085d,2,621653.997160533,1000
0,panel_phase_a1000,89f1085d,3,1499293.7901518026,1000
0,panel_phase_a1000,89f1085d,4,2053946.8254226614,1000
0,panel_phase_a1000,89f1085d,5,1720201.0371116395,995
0,panel_geom_a100,5fb1c15f,0,142493.41166265815,999
0,panel_geom_a100,5fb1c15f,1,899497.0581748261,1000
0,panel_geom_a100,5fb1c15f,2,2027627.2054537002,861
0,panel_raw_gr_a100,5fb1c15f,0,142825.0008935163,999
0,panel_raw_gr_a100,5fb1c15f,1,908059.9142237942,1000
0,panel_raw_gr_a100,5fb1c15f,2,2035308.770492095,861
0,panel_phase_a10,5fb1c15f,0,138680.08539340066,999
0,panel_phase_a10,5fb1c15f,1,905985.6807568154,1000
0,panel_phase_a10,5fb1c15f,2,2047056.4942785215,861
0,panel_phase_a100,5fb1c15f,0,139785.40367140208,999
0,panel_phase_a100,5fb1c15f,1,890697.2422315059,1000
0,panel_phase_a100,5fb1c15f,2,2038389.343546224,861
0,panel_phase_a1000,5fb1c15f,0,146063.12146474718,999
0,panel_phase_a1000,5fb1c15f,1,806923.8868557138,1000
0,panel_phase_a1000,5fb1c15f,2,1794928.8398006507,861
0,panel_geom_a100,0be01c24,0,20039.093335705733,999
0,panel_geom_a100,0be01c24,1,81754.47132066946,1000
0,panel_geom_a100,0be01c24,2,76508.00416842355,1000
0,panel_geom_a100,0be01c24,3,165286.1154221519,1000
0,panel_geom_a100,0be01c24,4,511981.6446915294,739
0,panel_raw_gr_a100,0be01c24,0,19619.108795333294,999
0,panel_raw_gr_a100,0be01c24,1,81102.64491478453,1000
0,panel_raw_gr_a100,0be01c24,2,75606.52591633209,1000
0,panel_raw_gr_a100,0be01c24,3,163511.74635008365,1000
0,panel_raw_gr_a100,0be01c24,4,509089.5874919063,739
0,panel_phase_a10,0be01c24,0,15724.73079747695,999
0,panel_phase_a10,0be01c24,1,60571.07707949174,1000
0,panel_phase_a10,0be01c24,2,46292.82065227711,1000
0,panel_phase_a10,0be01c24,3,100291.16448142967,1000
0,panel_phase_a10,0be01c24,4,392822.5844509132,739
0,panel_phase_a100,0be01c24,0,19163.465857887582,999
0,panel_phase_a100,0be01c24,1,79997.26369941364,1000
0,panel_phase_a100,0be01c24,2,74616.73878429866,1000
0,panel_phase_a100,0be01c24,3,172482.72689411297,1000
0,panel_phase_a100,0be01c24,4,531342.8577193948,739
0,panel_phase_a1000,0be01c24,0,23783.892730656466,999
0,panel_phase_a1000,0be01c24,1,149743.2935728549,1000
0,panel_phase_a1000,0be01c24,2,178230.9838066622,1000
0,panel_phase_a1000,0be01c24,3,369672.7260021642,1000
0,panel_phase_a1000,0be01c24,4,837511.8409314711,739
0,panel_geom_a100,96936c22,0,40380.53989860538,999
0,panel_geom_a100,96936c22,1,169380.66464985325,1000
0,panel_geom_a100,96936c22,2,297443.9139081812,1000
0,panel_geom_a100,96936c22,3,79777.65904286111,347
0,panel_raw_gr_a100,96936c22,0,40610.83540782146,999
0,panel_raw_gr_a100,96936c22,1,169889.12373558857,1000
0,panel_raw_gr_a100,96936c22,2,297256.93817086326,1000
0,panel_raw_gr_a100,96936c22,3,79917.36928017384,347
0,panel_phase_a10,96936c22,0,41432.41424515923,999
0,panel_phase_a10,96936c22,1,179798.56917739168,1000
0,panel_phase_a10,96936c22,2,308957.739841033,1000
0,panel_phase_a10,96936c22,3,85905.1244845725,347
0,panel_phase_a100,96936c22,0,41236.53486480901,999
0,panel_phase_a100,96936c22,1,172044.61181660663,1000
0,panel_phase_a100,96936c22,2,306034.7180744448,1000
0,panel_phase_a100,96936c22,3,83214.37674144014,347
0,panel_phase_a1000,96936c22,0,31828.12543402401,999
0,panel_phase_a1000,96936c22,1,104409.24760339757,1000
0,panel_phase_a1000,96936c22,2,186803.6191971348,1000
0,panel_phase_a1000,96936c22,3,31253.12062626657,347
0,panel_geom_a100,ab6fe95d,0,2057.639703659331,999
0,panel_geom_a100,ab6fe95d,1,776.0501516438596,1000
0,panel_geom_a100,ab6fe95d,2,4373.14227562323,1000
0,panel_geom_a100,ab6fe95d,3,27195.117894994204,1000
0,panel_geom_a100,ab6fe95d,4,54371.23737204771,1000
0,panel_geom_a100,ab6fe95d,5,37239.69847437146,492
0,panel_raw_gr_a100,ab6fe95d,0,2113.693820772608,999
0,panel_raw_gr_a100,ab6fe95d,1,830.4009666280355,1000
0,panel_raw_gr_a100,ab6fe95d,2,4427.888465842605,1000
0,panel_raw_gr_a100,ab6fe95d,3,26793.984913953736,1000
0,panel_raw_gr_a100,ab6fe95d,4,54041.99488932208,1000
0,panel_raw_gr_a100,ab6fe95d,5,36920.81558194481,492
0,panel_phase_a10,ab6fe95d,0,2016.5583387083664,999
0,panel_phase_a10,ab6fe95d,1,687.6872866597384,1000
0,panel_phase_a10,ab6fe95d,2,4595.078675571016,1000
0,panel_phase_a10,ab6fe95d,3,23144.718646911242,1000
0,panel_phase_a10,ab6fe95d,4,48901.04222167266,1000
0,panel_phase_a10,ab6fe95d,5,34167.930079543235,492
0,panel_phase_a100,ab6fe95d,0,1889.0504942556313,999
0,panel_phase_a100,ab6fe95d,1,668.3306006580541,1000
0,panel_phase_a100,ab6fe95d,2,4052.265552313981,1000
0,panel_phase_a100,ab6fe95d,3,26580.37606030909,1000
0,panel_phase_a100,ab6fe95d,4,53026.59603619051,1000
0,panel_phase_a100,ab6fe95d,5,35120.88099562821,492
0,panel_phase_a1000,ab6fe95d,0,1187.9183067076951,999
0,panel_phase_a1000,ab6fe95d,1,603.7909100960309,1000
0,panel_phase_a1000,ab6fe95d,2,6770.882025556089,1000
0,panel_phase_a1000,ab6fe95d,3,55032.031245814105,1000
0,panel_phase_a1000,ab6fe95d,4,92326.91815326035,1000
0,panel_phase_a1000,ab6fe95d,5,64241.43297679199,492
0,panel_geom_a100,d7eb0be8,0,118532.03243565031,999
0,panel_geom_a100,d7eb0be8,1,388503.29176433885,1000
0,panel_geom_a100,d7eb0be8,2,126795.77506735842,1000
0,panel_geom_a100,d7eb0be8,3,1255307.4855733216,1000
0,panel_geom_a100,d7eb0be8,4,5135953.688190826,1000
0,panel_geom_a100,d7eb0be8,5,3688598.477647183,402
0,panel_raw_gr_a100,d7eb0be8,0,118140.17917584766,999
0,panel_raw_gr_a100,d7eb0be8,1,386684.9293107822,1000
0,panel_raw_gr_a100,d7eb0be8,2,126763.10436248781,1000
0,panel_raw_gr_a100,d7eb0be8,3,1255565.1603637994,1000
0,panel_raw_gr_a100,d7eb0be8,4,5138457.766010773,1000
0,panel_raw_gr_a100,d7eb0be8,5,3688661.540107457,402
0,panel_phase_a10,d7eb0be8,0,108886.52361987978,999
0,panel_phase_a10,d7eb0be8,1,330324.19249981624,1000
0,panel_phase_a10,d7eb0be8,2,106636.13072320209,1000
0,panel_phase_a10,d7eb0be8,3,1354535.3591940138,1000
0,panel_phase_a10,d7eb0be8,4,5354654.6038342845,1000
0,panel_phase_a10,d7eb0be8,5,3809155.079784526,402
0,panel_phase_a100,d7eb0be8,0,116309.41186711025,999
0,panel_phase_a100,d7eb0be8,1,375588.4546860426,1000
0,panel_phase_a100,d7eb0be8,2,120874.36461582122,1000
0,panel_phase_a100,d7eb0be8,3,1284867.8511546797,1000
0,panel_phase_a100,d7eb0be8,4,5180101.309650945,1000
0,panel_phase_a100,d7eb0be8,5,3710928.665974154,402
0,panel_phase_a1000,d7eb0be8,0,138832.049010679,999
0,panel_phase_a1000,d7eb0be8,1,496315.7821153729,1000
0,panel_phase_a1000,d7eb0be8,2,198762.4861876903,1000
0,panel_phase_a1000,d7eb0be8,3,1070149.061657583,1000
0,panel_phase_a1000,d7eb0be8,4,4453285.1636183,1000
0,panel_phase_a1000,d7eb0be8,5,3332824.1338915466,402
0,panel_geom_a100,fd3b4faa,0,5011.180674293658,999
0,panel_geom_a100,fd3b4faa,1,128361.91669942977,1000
0,panel_geom_a100,fd3b4faa,2,204207.33514112822,1000
0,panel_geom_a100,fd3b4faa,3,347402.1236166573,1000
0,panel_geom_a100,fd3b4faa,4,445937.80087774433,1000
0,panel_geom_a100,fd3b4faa,5,12328.607046564484,23
0,panel_raw_gr_a100,fd3b4faa,0,4789.315141818008,999
0,panel_raw_gr_a100,fd3b4faa,1,126377.48877078124,1000
0,panel_raw_gr_a100,fd3b4faa,2,200781.49699329585,1000
0,panel_raw_gr_a100,fd3b4faa,3,344070.3877746196,1000
0,panel_raw_gr_a100,fd3b4faa,4,441734.8011582845,1000
0,panel_raw_gr_a100,fd3b4faa,5,12249.51890914052,23
0,panel_phase_a10,fd3b4faa,0,2862.1141714736573,999
0,panel_phase_a10,fd3b4faa,1,103757.56160445958,1000
0,panel_phase_a10,fd3b4faa,2,162647.03854981018,1000
0,panel_phase_a10,fd3b4faa,3,266345.9703830314,1000
0,panel_phase_a10,fd3b4faa,4,341274.9934647966,1000
0,panel_phase_a10,fd3b4faa,5,9456.342991498672,23
0,panel_phase_a100,fd3b4faa,0,4431.376486020425,999
0,panel_phase_a100,fd3b4faa,1,125043.3265905537,1000
0,panel_phase_a100,fd3b4faa,2,196903.19401639342,1000
0,panel_phase_a100,fd3b4faa,3,338677.2428456291,1000
0,panel_phase_a100,fd3b4faa,4,436708.1391231916,1000
0,panel_phase_a100,fd3b4faa,5,12319.207162447972,23
0,panel_phase_a1000,fd3b4faa,0,18925.653632532394,999
0,panel_phase_a1000,fd3b4faa,1,228745.13039190386,1000
0,panel_phase_a1000,fd3b4faa,2,347881.99833854067,1000
0,panel_phase_a1000,fd3b4faa,3,658657.3524723395,1000
0,panel_phase_a1000,fd3b4faa,4,913997.0486449967,1000
0,panel_phase_a1000,fd3b4faa,5,26474.45976623104,23
0,panel_geom_a100,5254b6db,0,8560.851766183794,999
0,panel_geom_a100,5254b6db,1,3526.626498036885,1000
0,panel_geom_a100,5254b6db,2,5402.72331352721,1000
0,panel_geom_a100,5254b6db,3,7836.083222262038,275
0,panel_raw_gr_a100,5254b6db,0,8575.345459779073,999
0,panel_raw_gr_a100,5254b6db,1,3666.0148564690226,1000
0,panel_raw_gr_a100,5254b6db,2,5453.697127404974,1000
0,panel_raw_gr_a100,5254b6db,3,8076.5816460236965,275
0,panel_phase_a10,5254b6db,0,7601.34634779199,999
0,panel_phase_a10,5254b6db,1,4706.234187336939,1000
0,panel_phase_a10,5254b6db,2,8372.777588575142,1000
0,panel_phase_a10,5254b6db,3,9283.13113774037,275
0,panel_phase_a100,5254b6db,0,8241.843781610516,999
0,panel_phase_a100,5254b6db,1,4020.7996554597735,1000
0,panel_phase_a100,5254b6db,2,7859.220571919448,1000
0,panel_phase_a100,5254b6db,3,9338.52417767252,275
0,panel_phase_a1000,5254b6db,0,9583.426808815393,999
0,panel_phase_a1000,5254b6db,1,2979.6585383815127,1000
0,panel_phase_a1000,5254b6db,2,6383.562573659634,1000
0,panel_phase_a1000,5254b6db,3,7942.903137199923,275
0,panel_geom_a100,2364716c,0,1542.9359392325596,999
0,panel_geom_a100,2364716c,1,37814.765362805556,1000
0,panel_geom_a100,2364716c,2,36053.57694650049,1000
0,panel_geom_a100,2364716c,3,386442.60956499516,1000
0,panel_geom_a100,2364716c,4,229819.0349091052,317
0,panel_raw_gr_a100,2364716c,0,1633.1233248352717,999
0,panel_raw_gr_a100,2364716c,1,38599.62722624103,1000
0,panel_raw_gr_a100,2364716c,2,35446.4602806423,1000
0,panel_raw_gr_a100,2364716c,3,383497.22470556357,1000
0,panel_raw_gr_a100,2364716c,4,228617.33759313158,317
0,panel_phase_a10,2364716c,0,1291.5904382397468,999
0,panel_phase_a10,2364716c,1,41741.39323812006,1000
0,panel_phase_a10,2364716c,2,32537.07769819044,1000
0,panel_phase_a10,2364716c,3,370532.29532870895,1000
0,panel_phase_a10,2364716c,4,222995.72562906402,317
0,panel_phase_a100,2364716c,0,1233.3504266232874,999
0,panel_phase_a100,2364716c,1,39460.5793037474,1000
0,panel_phase_a100,2364716c,2,33641.7130763025,1000
0,panel_phase_a100,2364716c,3,367786.93046553066,1000
0,panel_phase_a100,2364716c,4,219557.59905184412,317
0,panel_phase_a1000,2364716c,0,1721.6763953147654,999
0,panel_phase_a1000,2364716c,1,47009.669615861305,1000
0,panel_phase_a1000,2364716c,2,22448.73957125248,1000
0,panel_phase_a1000,2364716c,3,256693.920014992,1000
0,panel_phase_a1000,2364716c,4,160198.7814719254,317
0,panel_geom_a100,c6797dd7,0,1931.6860091882659,999
0,panel_geom_a100,c6797dd7,1,11165.86578521341,1000
0,panel_geom_a100,c6797dd7,2,104332.84907903011,1000
0,panel_geom_a100,c6797dd7,3,318972.784510502,1000
0,panel_geom_a100,c6797dd7,4,504074.9134421716,665
0,panel_raw_gr_a100,c6797dd7,0,1919.5042303154032,999
0,panel_raw_gr_a100,c6797dd7,1,11191.46294086623,1000
0,panel_raw_gr_a100,c6797dd7,2,103635.86166694121,1000
0,panel_raw_gr_a100,c6797dd7,3,319157.2088934885,1000
0,panel_raw_gr_a100,c6797dd7,4,503267.3417366679,665
0,panel_phase_a10,c6797dd7,0,1680.2331132474355,999
0,panel_phase_a10,c6797dd7,1,12369.317041533695,1000
0,panel_phase_a10,c6797dd7,2,123079.16692999545,1000
0,panel_phase_a10,c6797dd7,3,358349.77065579337,1000
0,panel_phase_a10,c6797dd7,4,542325.0518606665,665
0,panel_phase_a100,c6797dd7,0,1487.7810550336305,999
0,panel_phase_a100,c6797dd7,1,13395.50618862886,1000
0,panel_phase_a100,c6797dd7,2,118030.18918155429,1000
0,panel_phase_a100,c6797dd7,3,350923.21390109864,1000
0,panel_phase_a100,c6797dd7,4,549190.904849322,665
0,panel_phase_a1000,c6797dd7,0,948.9474494729164,999
0,panel_phase_a1000,c6797dd7,1,13840.151508844461,1000
0,panel_phase_a1000,c6797dd7,2,86747.0242025936,1000
0,panel_phase_a1000,c6797dd7,3,217928.00407049604,1000
0,panel_phase_a1000,c6797dd7,4,350096.2212238311,665
0,panel_geom_a100,e5ff9fd2,0,8204.380434687833,999
0,panel_geom_a100,e5ff9fd2,1,21946.17173670325,1000
0,panel_geom_a100,e5ff9fd2,2,3380.1338627596288,355
0,panel_raw_gr_a100,e5ff9fd2,0,8071.945825760182,999
0,panel_raw_gr_a100,e5ff9fd2,1,22117.490438112833,1000
0,panel_raw_gr_a100,e5ff9fd2,2,3334.1190261275146,355
0,panel_phase_a10,e5ff9fd2,0,11743.343964600395,999
0,panel_phase_a10,e5ff9fd2,1,11769.253444918848,1000
0,panel_phase_a10,e5ff9fd2,2,7878.127790682719,355
0,panel_phase_a100,e5ff9fd2,0,8556.466115533862,999
0,panel_phase_a100,e5ff9fd2,1,22701.336427365706,1000
0,panel_phase_a100,e5ff9fd2,2,3199.957916099455,355
0,panel_phase_a1000,e5ff9fd2,0,3275.172338524502,999
0,panel_phase_a1000,e5ff9fd2,1,87368.22361548946,1000
0,panel_phase_a1000,e5ff9fd2,2,7829.308483730809,355
0,panel_geom_a100,8c8348e8,0,164548.23117949578,999
0,panel_geom_a100,8c8348e8,1,631265.6817816555,1000
0,panel_geom_a100,8c8348e8,2,1819714.6971211454,1000
0,panel_geom_a100,8c8348e8,3,3660868.6380079514,889
0,panel_raw_gr_a100,8c8348e8,0,163464.86693597655,999
0,panel_raw_gr_a100,8c8348e8,1,631149.1182944474,1000
0,panel_raw_gr_a100,8c8348e8,2,1817398.0092139735,1000
0,panel_raw_gr_a100,8c8348e8,3,3655472.4985778797,889
0,panel_phase_a10,8c8348e8,0,189635.55199121474,999
0,panel_phase_a10,8c8348e8,1,738103.9671879685,1000
0,panel_phase_a10,8c8348e8,2,2048718.1695691193,1000
0,panel_phase_a10,8c8348e8,3,4041568.8901223107,889
0,panel_phase_a100,8c8348e8,0,157653.36313430325,999
0,panel_phase_a100,8c8348e8,1,591957.4963100657,1000
0,panel_phase_a100,8c8348e8,2,1746128.3033254948,1000
0,panel_phase_a100,8c8348e8,3,3596503.274075531,889
0,panel_phase_a1000,8c8348e8,0,75079.57739215814,999
0,panel_phase_a1000,8c8348e8,1,267058.5918065345,1000
0,panel_phase_a1000,8c8348e8,2,653363.8018051977,1000
0,panel_phase_a1000,8c8348e8,3,1522342.401841648,889
0,panel_geom_a100,19fb4f7b,0,74661.21900439203,999
0,panel_geom_a100,19fb4f7b,1,43310.38290881345,1000
0,panel_geom_a100,19fb4f7b,2,77343.6970277222,1000
0,panel_geom_a100,19fb4f7b,3,243388.087902584,1000
0,panel_geom_a100,19fb4f7b,4,299771.75763336755,1000
0,panel_geom_a100,19fb4f7b,5,194367.747987752,621
0,panel_raw_gr_a100,19fb4f7b,0,74302.4585525056,999
0,panel_raw_gr_a100,19fb4f7b,1,43194.91926109256,1000
0,panel_raw_gr_a100,19fb4f7b,2,77555.93098213314,1000
0,panel_raw_gr_a100,19fb4f7b,3,244050.53626788335,1000
0,panel_raw_gr_a100,19fb4f7b,4,300070.8483654339,1000
0,panel_raw_gr_a100,19fb4f7b,5,194684.69956093119,621
0,panel_phase_a10,19fb4f7b,0,77348.39696857258,999
0,panel_phase_a10,19fb4f7b,1,42396.92574487535,1000
0,panel_phase_a10,19fb4f7b,2,54164.43480668556,1000
0,panel_phase_a10,19fb4f7b,3,197519.88754133403,1000
0,panel_phase_a10,19fb4f7b,4,247308.69485759846,1000
0,panel_phase_a10,19fb4f7b,5,159059.665338636,621
0,panel_phase_a100,19fb4f7b,0,77003.47441865302,999
0,panel_phase_a100,19fb4f7b,1,44296.301567246664,1000
0,panel_phase_a100,19fb4f7b,2,77379.23150891112,1000
0,panel_phase_a100,19fb4f7b,3,237760.54291045474,1000
0,panel_phase_a100,19fb4f7b,4,287636.548641793,1000
0,panel_phase_a100,19fb4f7b,5,186133.74929304075,621
0,panel_phase_a1000,19fb4f7b,0,96103.7375823323,999
0,panel_phase_a1000,19fb4f7b,1,56399.63785451238,1000
0,panel_phase_a1000,19fb4f7b,2,134535.2931743644,1000
0,panel_phase_a1000,19fb4f7b,3,328277.5269364034,1000
0,panel_phase_a1000,19fb4f7b,4,362669.87315594335,1000
0,panel_phase_a1000,19fb4f7b,5,238634.4007490839,621
0,panel_geom_a100,1b1c5372,0,14803.718460530128,999
0,panel_geom_a100,1b1c5372,1,123578.84095205502,1000
0,panel_geom_a100,1b1c5372,2,475189.0986164161,1000
0,panel_geom_a100,1b1c5372,3,1376400.4239908787,1000
0,panel_geom_a100,1b1c5372,4,449342.2750445782,262
0,panel_raw_gr_a100,1b1c5372,0,14598.19178408468,999
0,panel_raw_gr_a100,1b1c5372,1,123080.98122421501,1000
0,panel_raw_gr_a100,1b1c5372,2,473957.01597752696,1000
0,panel_raw_gr_a100,1b1c5372,3,1375050.595728208,1000
0,panel_raw_gr_a100,1b1c5372,4,448619.16615303565,262
0,panel_phase_a10,1b1c5372,0,14369.337956998224,999
0,panel_phase_a10,1b1c5372,1,124254.55716145808,1000
0,panel_phase_a10,1b1c5372,2,488160.5794036161,1000
0,panel_phase_a10,1b1c5372,3,1383709.2788329683,1000
0,panel_phase_a10,1b1c5372,4,450714.67574872024,262
0,panel_phase_a100,1b1c5372,0,13894.319180121338,999
0,panel_phase_a100,1b1c5372,1,122308.65115591392,1000
0,panel_phase_a100,1b1c5372,2,480179.464912919,1000
0,panel_phase_a100,1b1c5372,3,1390659.822266102,1000
0,panel_phase_a100,1b1c5372,4,454540.94435742253,262
0,panel_phase_a1000,1b1c5372,0,14753.611983956676,999
0,panel_phase_a1000,1b1c5372,1,156466.79737494813,1000
0,panel_phase_a1000,1b1c5372,2,613789.3897620373,1000
0,panel_phase_a1000,1b1c5372,3,1714236.1088175206,1000
0,panel_phase_a1000,1b1c5372,4,539740.9552330442,262
0,panel_geom_a100,f07d7037,0,21907.632699711703,999
0,panel_geom_a100,f07d7037,1,50504.369067095155,1000
0,panel_geom_a100,f07d7037,2,194753.43729629013,1000
0,panel_geom_a100,f07d7037,3,522529.91165551194,1000
0,panel_geom_a100,f07d7037,4,579548.2415513501,1000
0,panel_geom_a100,f07d7037,5,356702.3896822138,564
0,panel_raw_gr_a100,f07d7037,0,21736.576998575572,999
0,panel_raw_gr_a100,f07d7037,1,50141.04942037225,1000
0,panel_raw_gr_a100,f07d7037,2,194441.91482892827,1000
0,panel_raw_gr_a100,f07d7037,3,521822.5120262464,1000
0,panel_raw_gr_a100,f07d7037,4,579098.9415327178,1000
0,panel_raw_gr_a100,f07d7037,5,355728.1922524903,564
0,panel_phase_a10,f07d7037,0,26739.53776440328,999
0,panel_phase_a10,f07d7037,1,67027.4917642272,1000
0,panel_phase_a10,f07d7037,2,263080.10852302075,1000
0,panel_phase_a10,f07d7037,3,663734.2561435073,1000
0,panel_phase_a10,f07d7037,4,742191.9378808527,1000
0,panel_phase_a10,f07d7037,5,464520.5855554294,564
0,panel_phase_a100,f07d7037,0,19418.920887374767,999
0,panel_phase_a100,f07d7037,1,43375.85519054247,1000
0,panel_phase_a100,f07d7037,2,176915.21989635116,1000
0,panel_phase_a100,f07d7037,3,468577.043620375,1000
0,panel_phase_a100,f07d7037,4,536775.5418603364,1000
0,panel_phase_a100,f07d7037,5,343182.22019493935,564
0,panel_phase_a1000,f07d7037,0,3074.172290004049,999
0,panel_phase_a1000,f07d7037,1,4224.1583632905185,1000
0,panel_phase_a1000,f07d7037,2,6446.564234500258,1000
0,panel_phase_a1000,f07d7037,3,73987.31842909852,1000
0,panel_phase_a1000,f07d7037,4,59064.21861971491,1000
0,panel_phase_a1000,f07d7037,5,26267.78298365265,564
0,panel_geom_a100,b5aa9634,0,5889.370939186651,999
0,panel_geom_a100,b5aa9634,1,2879.9907143898627,1000
0,panel_geom_a100,b5aa9634,2,12443.961394553475,1000
0,panel_geom_a100,b5aa9634,3,11029.266748228985,1000
0,panel_geom_a100,b5aa9634,4,38920.91018603781,1000
0,panel_geom_a100,b5aa9634,5,41589.61280850921,1000
0,panel_geom_a100,b5aa9634,6,62952.73393383514,1000
0,panel_geom_a100,b5aa9634,7,121366.22891210017,327
0,panel_raw_gr_a100,b5aa9634,0,5750.369890781717,999
0,panel_raw_gr_a100,b5aa9634,1,2915.0398774494956,1000
0,panel_raw_gr_a100,b5aa9634,2,12068.868102158829,1000
0,panel_raw_gr_a100,b5aa9634,3,11235.081266936691,1000
0,panel_raw_gr_a100,b5aa9634,4,39504.5583892403,1000
0,panel_raw_gr_a100,b5aa9634,5,42131.642879377534,1000
0,panel_raw_gr_a100,b5aa9634,6,62271.41519246402,1000
0,panel_raw_gr_a100,b5aa9634,7,120788.45184756335,327
0,panel_phase_a10,b5aa9634,0,4738.299613426578,999
0,panel_phase_a10,b5aa9634,1,2982.686626111429,1000
0,panel_phase_a10,b5aa9634,2,11985.956831351546,1000
0,panel_phase_a10,b5aa9634,3,11952.20351042105,1000
0,panel_phase_a10,b5aa9634,4,39675.079803933935,1000
0,panel_phase_a10,b5aa9634,5,42638.46594439546,1000
0,panel_phase_a10,b5aa9634,6,63383.886329963345,1000
0,panel_phase_a10,b5aa9634,7,125102.51505877405,327
0,panel_phase_a100,b5aa9634,0,4744.333312929609,999
0,panel_phase_a100,b5aa9634,1,3300.9729944026963,1000
0,panel_phase_a100,b5aa9634,2,10567.362487804052,1000
0,panel_phase_a100,b5aa9634,3,15928.923423533091,1000
0,panel_phase_a100,b5aa9634,4,45272.46485987599,1000
0,panel_phase_a100,b5aa9634,5,46370.59584252337,1000
0,panel_phase_a100,b5aa9634,6,60156.57426442863,1000
0,panel_phase_a100,b5aa9634,7,117148.41754237983,327
0,panel_phase_a1000,b5aa9634,0,6347.858893701191,999
0,panel_phase_a1000,b5aa9634,1,7681.0765250691165,1000
0,panel_phase_a1000,b5aa9634,2,5699.702472596577,1000
0,panel_phase_a1000,b5aa9634,3,81084.01733201418,1000
0,panel_phase_a1000,b5aa9634,4,195546.56474127594,1000
0,panel_phase_a1000,b5aa9634,5,228493.5234772694,1000
0,panel_phase_a1000,b5aa9634,6,53058.343174734815,1000
0,panel_phase_a1000,b5aa9634,7,25597.119466166612,327
0,panel_geom_a100,373ef48b,0,3202.909141048171,999
0,panel_geom_a100,373ef48b,1,1307.4559984978423,1000
0,panel_geom_a100,373ef48b,2,1913.9216852718796,1000
0,panel_geom_a100,373ef48b,3,16060.732671641554,510
0,panel_raw_gr_a100,373ef48b,0,3147.969020691343,999
0,panel_raw_gr_a100,373ef48b,1,1255.7218773445395,1000
0,panel_raw_gr_a100,373ef48b,2,1943.6350596343607,1000
0,panel_raw_gr_a100,373ef48b,3,16251.899241608322,510
0,panel_phase_a10,373ef48b,0,3142.934216844982,999
0,panel_phase_a10,373ef48b,1,1109.924763005866,1000
0,panel_phase_a10,373ef48b,2,1969.1828612485324,1000
0,panel_phase_a10,373ef48b,3,16304.315132084828,510
0,panel_phase_a100,373ef48b,0,3032.4746185989197,999
0,panel_phase_a100,373ef48b,1,889.4344276280272,1000
0,panel_phase_a100,373ef48b,2,2328.5647083212443,1000
0,panel_phase_a100,373ef48b,3,17340.770237356966,510
0,panel_phase_a1000,373ef48b,0,2089.404933316759,999
0,panel_phase_a1000,373ef48b,1,3036.7698906079045,1000
0,panel_phase_a1000,373ef48b,2,1452.9158121538865,1000
0,panel_phase_a1000,373ef48b,3,11340.894448752495,510
0,panel_geom_a100,dbee6c86,0,8962.283944635534,999
0,panel_geom_a100,dbee6c86,1,67508.84382389601,1000
0,panel_geom_a100,dbee6c86,2,5801.221937298433,1000
0,panel_geom_a100,dbee6c86,3,64089.60324782947,1000
0,panel_geom_a100,dbee6c86,4,71613.9276598406,1000
0,panel_geom_a100,dbee6c86,5,80573.73436278406,1000
0,panel_geom_a100,dbee6c86,6,36649.28261878561,1000
0,panel_geom_a100,dbee6c86,7,78510.75269872537,370
0,panel_raw_gr_a100,dbee6c86,0,8957.391410712351,999
0,panel_raw_gr_a100,dbee6c86,1,67649.0687244399,1000
0,panel_raw_gr_a100,dbee6c86,2,6019.88181549508,1000
0,panel_raw_gr_a100,dbee6c86,3,64612.40884452714,1000
0,panel_raw_gr_a100,dbee6c86,4,72559.1635548162,1000
0,panel_raw_gr_a100,dbee6c86,5,81112.80471795474,1000
0,panel_raw_gr_a100,dbee6c86,6,36205.597864061616,1000
0,panel_raw_gr_a100,dbee6c86,7,78037.78838742163,370
0,panel_phase_a10,dbee6c86,0,8275.524108364827,999
0,panel_phase_a10,dbee6c86,1,62921.06774544751,1000
0,panel_phase_a10,dbee6c86,2,3365.755361821467,1000
0,panel_phase_a10,dbee6c86,3,49833.586445044784,1000
0,panel_phase_a10,dbee6c86,4,52819.7189424031,1000
0,panel_phase_a10,dbee6c86,5,58688.88185057939,1000
0,panel_phase_a10,dbee6c86,6,65333.94363099014,1000
0,panel_phase_a10,dbee6c86,7,114661.4399564815,370
0,panel_phase_a100,dbee6c86,0,8966.976754889949,999
0,panel_phase_a100,dbee6c86,1,66769.0417908911,1000
0,panel_phase_a100,dbee6c86,2,5246.465675549474,1000
0,panel_phase_a100,dbee6c86,3,60111.63709761393,1000
0,panel_phase_a100,dbee6c86,4,62504.39331105482,1000
0,panel_phase_a100,dbee6c86,5,68691.02514822801,1000
0,panel_phase_a100,dbee6c86,6,39572.35149386439,1000
0,panel_phase_a100,dbee6c86,7,82352.98256621665,370
0,panel_phase_a1000,dbee6c86,0,12711.4294632451,999
0,panel_phase_a1000,dbee6c86,1,85762.08753318216,1000
0,panel_phase_a1000,dbee6c86,2,19541.831757275406,1000
0,panel_phase_a1000,dbee6c86,3,120358.90394451923,1000
0,panel_phase_a1000,dbee6c86,4,149500.94483580437,1000
0,panel_phase_a1000,dbee6c86,5,217465.24000436132,1000
0,panel_phase_a1000,dbee6c86,6,29521.99421573437,1000
0,panel_phase_a1000,dbee6c86,7,3890.3273740732193,370
0,panel_geom_a100,000d7d20,0,15201.597262696714,999
0,panel_geom_a100,000d7d20,1,117716.78673782005,1000
0,panel_geom_a100,000d7d20,2,185923.9139704643,1000
0,panel_geom_a100,000d7d20,3,427976.03419631,837
0,panel_raw_gr_a100,000d7d20,0,15439.103458180916,999
0,panel_raw_gr_a100,000d7d20,1,119011.04067654168,1000
0,panel_raw_gr_a100,000d7d20,2,186834.44904677474,1000
0,panel_raw_gr_a100,000d7d20,3,429675.1855908906,837
0,panel_phase_a10,000d7d20,0,17295.325579295324,999
0,panel_phase_a10,000d7d20,1,133274.38431079566,1000
0,panel_phase_a10,000d7d20,2,211067.75226031296,1000
0,panel_phase_a10,000d7d20,3,473110.36624319735,837
0,panel_phase_a100,000d7d20,0,15288.140560283613,999
0,panel_phase_a100,000d7d20,1,117473.10994298272,1000
0,panel_phase_a100,000d7d20,2,181277.47862506853,1000
0,panel_phase_a100,000d7d20,3,423978.74579538347,837
0,panel_phase_a1000,000d7d20,0,7493.001915779499,999
0,panel_phase_a1000,000d7d20,1,52842.79870777771,1000
0,panel_phase_a1000,000d7d20,2,57875.25012220414,1000
0,panel_phase_a1000,000d7d20,3,177709.95069172073,837
0,panel_geom_a100,727a3a10,0,279800.37467401923,999
0,panel_geom_a100,727a3a10,1,2738044.4140570345,1000
0,panel_geom_a100,727a3a10,2,8285529.958627432,1000
0,panel_geom_a100,727a3a10,3,13501539.932634154,1000
0,panel_geom_a100,727a3a10,4,7143087.756344775,398
0,panel_raw_gr_a100,727a3a10,0,279883.96919593733,999
0,panel_raw_gr_a100,727a3a10,1,2734252.299208509,1000
0,panel_raw_gr_a100,727a3a10,2,8281278.524546452,1000
0,panel_raw_gr_a100,727a3a10,3,13485621.828826718,1000
0,panel_raw_gr_a100,727a3a10,4,7135718.461585784,398
0,panel_phase_a10,727a3a10,0,285328.48004814115,999
0,panel_phase_a10,727a3a10,1,2782708.8098865426,1000
0,panel_phase_a10,727a3a10,2,8417267.326697728,1000
0,panel_phase_a10,727a3a10,3,13659735.017362192,1000
0,panel_phase_a10,727a3a10,4,7252499.14926702,398
0,panel_phase_a100,727a3a10,0,280425.943685568,999
0,panel_phase_a100,727a3a10,1,2757868.8979538297,1000
0,panel_phase_a100,727a3a10,2,8383494.938091225,1000
0,panel_phase_a100,727a3a10,3,13662715.430873254,1000
0,panel_phase_a100,727a3a10,4,7214697.460872394,398
0,panel_phase_a1000,727a3a10,0,242951.48922703345,999
0,panel_phase_a1000,727a3a10,1,2442553.431263473,1000
0,panel_phase_a1000,727a3a10,2,7405270.38369061,1000
0,panel_phase_a1000,727a3a10,3,11873092.466536133,1000
0,panel_phase_a1000,727a3a10,4,6123493.218835231,398
0,panel_geom_a100,5beded95,0,68368.11529383413,999
0,panel_geom_a100,5beded95,1,112820.90354520406,1000
0,panel_geom_a100,5beded95,2,77644.22783780505,1000
0,panel_geom_a100,5beded95,3,3637.901800684288,58
0,panel_raw_gr_a100,5beded95,0,68313.5655969854,999
0,panel_raw_gr_a100,5beded95,1,112510.43962539268,1000
0,panel_raw_gr_a100,5beded95,2,77732.24905971679,1000
0,panel_raw_gr_a100,5beded95,3,3671.7628526667045,58
0,panel_phase_a10,5beded95,0,67513.14109111259,999
0,panel_phase_a10,5beded95,1,113850.5042444863,1000
0,panel_phase_a10,5beded95,2,83449.37493026222,1000
0,panel_phase_a10,5beded95,3,4008.5225781883823,58
0,panel_phase_a100,5beded95,0,67604.65509139698,999
0,panel_phase_a100,5beded95,1,110465.46742443618,1000
0,panel_phase_a100,5beded95,2,78750.14571324537,1000
0,panel_phase_a100,5beded95,3,3869.08732713888,58
0,panel_phase_a1000,5beded95,0,84466.62755689854,999
0,panel_phase_a1000,5beded95,1,150479.92838995132,1000
0,panel_phase_a1000,5beded95,2,98309.4590856776,1000
0,panel_phase_a1000,5beded95,3,5350.244252642041,58
0,panel_geom_a100,33c40295,0,51860.20863565075,999
0,panel_geom_a100,33c40295,1,14792.501185940062,1000
0,panel_geom_a100,33c40295,2,124062.92439086421,1000
0,panel_geom_a100,33c40295,3,625516.7899362576,1000
0,panel_geom_a100,33c40295,4,89559.09337008334,170
0,panel_raw_gr_a100,33c40295,0,52115.39835342218,999
0,panel_raw_gr_a100,33c40295,1,14753.342413025865,1000
0,panel_raw_gr_a100,33c40295,2,124300.20754286327,1000
0,panel_raw_gr_a100,33c40295,3,631443.4901791711,1000
0,panel_raw_gr_a100,33c40295,4,90339.7479145362,170
0,panel_phase_a10,33c40295,0,52935.67229468659,999
0,panel_phase_a10,33c40295,1,14790.597595199926,1000
0,panel_phase_a10,33c40295,2,112724.34213539987,1000
0,panel_phase_a10,33c40295,3,583024.8370662604,1000
0,panel_phase_a10,33c40295,4,80821.666722583,170
0,panel_phase_a100,33c40295,0,49906.38654157114,999
0,panel_phase_a100,33c40295,1,14064.9461753301,1000
0,panel_phase_a100,33c40295,2,124083.14480385685,1000
0,panel_phase_a100,33c40295,3,624234.5296936028,1000
0,panel_phase_a100,33c40295,4,90156.4885274025,170
0,panel_phase_a1000,33c40295,0,38946.61677789912,999
0,panel_phase_a1000,33c40295,1,25452.71000257748,1000
0,panel_phase_a1000,33c40295,2,217665.95330029062,1000
0,panel_phase_a1000,33c40295,3,816934.9367237906,1000
0,panel_phase_a1000,33c40295,4,130985.13736554922,170
0,panel_geom_a100,992ce078,0,35098.70379769372,999
0,panel_geom_a100,992ce078,1,65802.40252842427,1000
0,panel_geom_a100,992ce078,2,127296.12015956124,880
0,panel_raw_gr_a100,992ce078,0,35137.9111109003,999
0,panel_raw_gr_a100,992ce078,1,65658.2415163693,1000
0,panel_raw_gr_a100,992ce078,2,128137.92000766173,880
0,panel_phase_a10,992ce078,0,32356.918197307044,999
0,panel_phase_a10,992ce078,1,59059.76212356434,1000
0,panel_phase_a10,992ce078,2,153781.89560221977,880
0,panel_phase_a100,992ce078,0,34572.5243748347,999
0,panel_phase_a100,992ce078,1,66207.38969755643,1000
0,panel_phase_a100,992ce078,2,118501.11295411942,880
0,panel_phase_a1000,992ce078,0,35192.9098915817,999
0,panel_phase_a1000,992ce078,1,77227.6818001949,1000
0,panel_phase_a1000,992ce078,2,40369.615645166436,880
0,panel_geom_a100,49dbc14c,0,9948.130467736944,999
0,panel_geom_a100,49dbc14c,1,14490.220291833739,1000
0,panel_geom_a100,49dbc14c,2,3293.3624579942843,1000
0,panel_geom_a100,49dbc14c,3,1164.6010484379315,873
0,panel_raw_gr_a100,49dbc14c,0,9655.643005592556,999
0,panel_raw_gr_a100,49dbc14c,1,14391.423362971706,1000
0,panel_raw_gr_a100,49dbc14c,2,3313.1808109359486,1000
0,panel_raw_gr_a100,49dbc14c,3,1065.8915112589586,873
0,panel_phase_a10,49dbc14c,0,9970.840119460689,999
0,panel_phase_a10,49dbc14c,1,14714.399123426036,1000
0,panel_phase_a10,49dbc14c,2,2521.8932341199725,1000
0,panel_phase_a10,49dbc14c,3,403.7873628199946,873
0,panel_phase_a100,49dbc14c,0,9229.277094505296,999
0,panel_phase_a100,49dbc14c,1,14247.641987285002,1000
0,panel_phase_a100,49dbc14c,2,2180.9666793403107,1000
0,panel_phase_a100,49dbc14c,3,289.49714964438095,873
0,panel_phase_a1000,49dbc14c,0,8303.792821326228,999
0,panel_phase_a1000,49dbc14c,1,9564.567545867394,1000
0,panel_phase_a1000,49dbc14c,2,1281.547248429244,1000
0,panel_phase_a1000,49dbc14c,3,638.1074878986424,873
0,panel_geom_a100,5b7b6324,0,13792.453727369812,999
0,panel_geom_a100,5b7b6324,1,20628.31687456709,1000
0,panel_geom_a100,5b7b6324,2,6085.300598031507,1000
0,panel_geom_a100,5b7b6324,3,76965.85639858167,1000
0,panel_geom_a100,5b7b6324,4,267318.48210923467,1000
0,panel_geom_a100,5b7b6324,5,414808.7657161659,1000
0,panel_geom_a100,5b7b6324,6,326781.0054182463,565
0,panel_raw_gr_a100,5b7b6324,0,13481.59982536462,999
0,panel_raw_gr_a100,5b7b6324,1,19988.85747036741,1000
0,panel_raw_gr_a100,5b7b6324,2,6208.201723631382,1000
0,panel_raw_gr_a100,5b7b6324,3,76103.83856461274,1000
0,panel_raw_gr_a100,5b7b6324,4,265291.2197560337,1000
0,panel_raw_gr_a100,5b7b6324,5,413101.2173679448,1000
0,panel_raw_gr_a100,5b7b6324,6,325816.22218299576,565
0,panel_phase_a10,5b7b6324,0,12172.263217059643,999
0,panel_phase_a10,5b7b6324,1,16843.85282728033,1000
0,panel_phase_a10,5b7b6324,2,8359.988771754937,1000
0,panel_phase_a10,5b7b6324,3,60671.330614781626,1000
0,panel_phase_a10,5b7b6324,4,225871.19474996268,1000
0,panel_phase_a10,5b7b6324,5,351172.9750787613,1000
0,panel_phase_a10,5b7b6324,6,277702.74977000774,565
0,panel_phase_a100,5b7b6324,0,14007.175618104595,999
0,panel_phase_a100,5b7b6324,1,21371.885490926175,1000
0,panel_phase_a100,5b7b6324,2,5895.308447145605,1000
0,panel_phase_a100,5b7b6324,3,79494.25228229699,1000
0,panel_phase_a100,5b7b6324,4,269352.18206389935,1000
0,panel_phase_a100,5b7b6324,5,424628.66652263654,1000
0,panel_phase_a100,5b7b6324,6,334970.4746939816,565
0,panel_phase_a1000,5b7b6324,0,22981.84904433079,999
0,panel_phase_a1000,5b7b6324,1,51434.29585920967,1000
0,panel_phase_a1000,5b7b6324,2,10261.261493690405,1000
0,panel_phase_a1000,5b7b6324,3,244388.71640931617,1000
0,panel_phase_a1000,5b7b6324,4,578085.958705244,1000
0,panel_phase_a1000,5b7b6324,5,869668.1793545159,1000
0,panel_phase_a1000,5b7b6324,6,677324.5614847678,565
0,panel_geom_a100,ddc790ff,0,953.1272048384918,999
0,panel_geom_a100,ddc790ff,1,13449.561038286183,1000
0,panel_geom_a100,ddc790ff,2,24870.664965900953,1000
0,panel_geom_a100,ddc790ff,3,72508.68322254124,1000
0,panel_geom_a100,ddc790ff,4,113834.39511231087,727
0,panel_raw_gr_a100,ddc790ff,0,1019.178935939278,999
0,panel_raw_gr_a100,ddc790ff,1,13504.65624540021,1000
0,panel_raw_gr_a100,ddc790ff,2,24621.11186572923,1000
0,panel_raw_gr_a100,ddc790ff,3,72410.8750792251,1000
0,panel_raw_gr_a100,ddc790ff,4,113606.96217250066,727
0,panel_phase_a10,ddc790ff,0,1123.1707490861152,999
0,panel_phase_a10,ddc790ff,1,19982.166666472007,1000
0,panel_phase_a10,ddc790ff,2,42970.210233504324,1000
0,panel_phase_a10,ddc790ff,3,117481.09083337184,1000
0,panel_phase_a10,ddc790ff,4,173473.7354092989,727
0,panel_phase_a100,ddc790ff,0,1108.1221644004754,999
0,panel_phase_a100,ddc790ff,1,10910.445981070552,1000
0,panel_phase_a100,ddc790ff,2,20163.406434902485,1000
0,panel_phase_a100,ddc790ff,3,60642.23702574451,1000
0,panel_phase_a100,ddc790ff,4,98235.21714755039,727
0,panel_phase_a1000,ddc790ff,0,4876.653014371318,999
0,panel_phase_a1000,ddc790ff,1,293.7025027170603,1000
0,panel_phase_a1000,ddc790ff,2,10257.369642763319,1000
0,panel_phase_a1000,ddc790ff,3,3883.202165174632,1000
0,panel_phase_a1000,ddc790ff,4,817.6292949861474,727
0,panel_geom_a100,cbe51de1,0,92407.30069372775,999
0,panel_geom_a100,cbe51de1,1,468091.8122740137,1000
0,panel_geom_a100,cbe51de1,2,999899.9002653882,1000
0,panel_geom_a100,cbe51de1,3,2302295.247175093,964
0,panel_raw_gr_a100,cbe51de1,0,93335.70360901665,999
0,panel_raw_gr_a100,cbe51de1,1,468266.82532576536,1000
0,panel_raw_gr_a100,cbe51de1,2,1000864.9482518242,1000
0,panel_raw_gr_a100,cbe51de1,3,2303857.5588561287,964
0,panel_phase_a10,cbe51de1,0,88916.4169818545,999
0,panel_phase_a10,cbe51de1,1,441419.6092313316,1000
0,panel_phase_a10,cbe51de1,2,928846.7939886602,1000
0,panel_phase_a10,cbe51de1,3,2121763.282686059,964
0,panel_phase_a100,cbe51de1,0,90296.4719150129,999
0,panel_phase_a100,cbe51de1,1,456043.4685808947,1000
0,panel_phase_a100,cbe51de1,2,950846.7975806263,1000
0,panel_phase_a100,cbe51de1,3,2214123.304786322,964
0,panel_phase_a1000,cbe51de1,0,102019.40068945521,999
0,panel_phase_a1000,cbe51de1,1,534436.6639020048,1000
0,panel_phase_a1000,cbe51de1,2,1066422.5914948669,1000
0,panel_phase_a1000,cbe51de1,3,2539916.913326195,964
0,panel_geom_a100,10a1281a,0,75480.20615751589,999
0,panel_geom_a100,10a1281a,1,7571.4470171029925,1000
0,panel_geom_a100,10a1281a,2,204595.66156729928,1000
0,panel_geom_a100,10a1281a,3,85090.3197478005,1000
0,panel_geom_a100,10a1281a,4,33703.31803684618,1000
0,panel_geom_a100,10a1281a,5,2876.434308587331,610
0,panel_raw_gr_a100,10a1281a,0,76933.26043313499,999
0,panel_raw_gr_a100,10a1281a,1,7601.693393939719,1000
0,panel_raw_gr_a100,10a1281a,2,205777.0008156417,1000
0,panel_raw_gr_a100,10a1281a,3,86084.94130202096,1000
0,panel_raw_gr_a100,10a1281a,4,34122.606469717706,1000
0,panel_raw_gr_a100,10a1281a,5,3094.379281107885,610
0,panel_phase_a10,10a1281a,0,77757.1014912014,999
0,panel_phase_a10,10a1281a,1,8201.451296325986,1000
0,panel_phase_a10,10a1281a,2,217585.5909177934,1000
0,panel_phase_a10,10a1281a,3,102396.79948862745,1000
0,panel_phase_a10,10a1281a,4,43446.352389082334,1000
0,panel_phase_a10,10a1281a,5,6345.204997205076,610
0,panel_phase_a100,10a1281a,0,75274.66314260612,999
0,panel_phase_a100,10a1281a,1,7405.397602051108,1000
0,panel_phase_a100,10a1281a,2,204186.82202188598,1000
0,panel_phase_a100,10a1281a,3,85110.40350485904,1000
0,panel_phase_a100,10a1281a,4,33893.65034165766,1000
0,panel_phase_a100,10a1281a,5,4063.982912737836,610
0,panel_phase_a1000,10a1281a,0,66354.36476921389,999
0,panel_phase_a1000,10a1281a,1,8688.739795979336,1000
0,panel_phase_a1000,10a1281a,2,185739.259135173,1000
0,panel_phase_a1000,10a1281a,3,71670.63272113232,1000
0,panel_phase_a1000,10a1281a,4,30384.455122601998,1000
0,panel_phase_a1000,10a1281a,5,7539.010861480677,610
0,panel_geom_a100,16e4a047,0,159763.94825374856,999
0,panel_geom_a100,16e4a047,1,796134.4402889867,1000
0,panel_geom_a100,16e4a047,2,1130509.3869440933,1000
0,panel_geom_a100,16e4a047,3,1254936.078139818,1000
0,panel_geom_a100,16e4a047,4,172003.2681165004,132
0,panel_raw_gr_a100,16e4a047,0,162108.0857346686,999
0,panel_raw_gr_a100,16e4a047,1,802426.1043208889,1000
0,panel_raw_gr_a100,16e4a047,2,1138515.8234747788,1000
0,panel_raw_gr_a100,16e4a047,3,1262292.5830618353,1000
0,panel_raw_gr_a100,16e4a047,4,173046.20520486994,132
0,panel_phase_a10,16e4a047,0,162719.64469414967,999
0,panel_phase_a10,16e4a047,1,838024.0780103696,1000
0,panel_phase_a10,16e4a047,2,1210454.8071763548,1000
0,panel_phase_a10,16e4a047,3,1374060.65127167,1000
0,panel_phase_a10,16e4a047,4,191206.59796027868,132
0,panel_phase_a100,16e4a047,0,160711.8466578406,999
0,panel_phase_a100,16e4a047,1,803720.7144312841,1000
0,panel_phase_a100,16e4a047,2,1150172.2688250367,1000
0,panel_phase_a100,16e4a047,3,1292045.5169555298,1000
0,panel_phase_a100,16e4a047,4,177090.22627442487,132
0,panel_phase_a1000,16e4a047,0,137493.49034066824,999
0,panel_phase_a1000,16e4a047,1,617453.3901471171,1000
0,panel_phase_a1000,16e4a047,2,790882.1633254057,1000
0,panel_phase_a1000,16e4a047,3,830238.24733898,1000
0,panel_phase_a1000,16e4a047,4,107844.3965660474,132
0,panel_geom_a100,abf460d2,0,66857.02640312923,999
0,panel_geom_a100,abf460d2,1,81933.07782650406,1000
0,panel_geom_a100,abf460d2,2,131450.76363371272,1000
0,panel_geom_a100,abf460d2,3,19929.87649708174,218
0,panel_raw_gr_a100,abf460d2,0,67361.0882948795,999
0,panel_raw_gr_a100,abf460d2,1,82301.81047229457,1000
0,panel_raw_gr_a100,abf460d2,2,131775.61498966077,1000
0,panel_raw_gr_a100,abf460d2,3,19916.413335056317,218
0,panel_phase_a10,abf460d2,0,70427.86991543858,999
0,panel_phase_a10,abf460d2,1,95027.6977598149,1000
0,panel_phase_a10,abf460d2,2,158417.15153432384,1000
0,panel_phase_a10,abf460d2,3,25810.73423216161,218
0,panel_phase_a100,abf460d2,0,66509.41010050787,999
0,panel_phase_a100,abf460d2,1,81385.1521105664,1000
0,panel_phase_a100,abf460d2,2,134352.85031926446,1000
0,panel_phase_a100,abf460d2,3,20649.99406401864,218
0,panel_phase_a1000,abf460d2,0,45561.60404937918,999
0,panel_phase_a1000,abf460d2,1,36170.20208638692,1000
0,panel_phase_a1000,abf460d2,2,37357.77061699967,1000
0,panel_phase_a1000,abf460d2,3,2431.638567239617,218
0,panel_geom_a100,445af6c2,0,4430.783843890362,999
0,panel_geom_a100,445af6c2,1,146748.52273483266,1000
0,panel_geom_a100,445af6c2,2,289245.84976392094,1000
0,panel_geom_a100,445af6c2,3,296526.6531410606,1000
0,panel_geom_a100,445af6c2,4,226118.2343816213,1000
0,panel_geom_a100,445af6c2,5,184742.0686046384,1000
0,panel_geom_a100,445af6c2,6,11723.348644720338,42
0,panel_raw_gr_a100,445af6c2,0,4453.58311520812,999
0,panel_raw_gr_a100,445af6c2,1,147211.61778182536,1000
0,panel_raw_gr_a100,445af6c2,2,289024.8126194079,1000
0,panel_raw_gr_a100,445af6c2,3,296546.4592644766,1000
0,panel_raw_gr_a100,445af6c2,4,227223.88305385207,1000
0,panel_raw_gr_a100,445af6c2,5,185798.50032595676,1000
0,panel_raw_gr_a100,445af6c2,6,11788.02582357289,42
0,panel_phase_a10,445af6c2,0,4454.784007846473,999
0,panel_phase_a10,445af6c2,1,147443.37310130164,1000
0,panel_phase_a10,445af6c2,2,289461.99578260933,1000
0,panel_phase_a10,445af6c2,3,307550.10413806885,1000
0,panel_phase_a10,445af6c2,4,242825.9312034925,1000
0,panel_phase_a10,445af6c2,5,202544.99022482918,1000
0,panel_phase_a10,445af6c2,6,12778.699148444837,42
0,panel_phase_a100,445af6c2,0,4324.096254748142,999
0,panel_phase_a100,445af6c2,1,147221.31534409823,1000
0,panel_phase_a100,445af6c2,2,294540.2245232498,1000
0,panel_phase_a100,445af6c2,3,306944.24647053983,1000
0,panel_phase_a100,445af6c2,4,241408.01417899295,1000
0,panel_phase_a100,445af6c2,5,198387.49282578097,1000
0,panel_phase_a100,445af6c2,6,12396.618287203946,42
0,panel_phase_a1000,445af6c2,0,4870.814642444677,999
0,panel_phase_a1000,445af6c2,1,165075.2684455797,1000
0,panel_phase_a1000,445af6c2,2,347051.99244255904,1000
0,panel_phase_a1000,445af6c2,3,345622.83288196236,1000
0,panel_phase_a1000,445af6c2,4,268320.2815396912,1000
0,panel_phase_a1000,445af6c2,5,231495.64305930625,1000
0,panel_phase_a1000,445af6c2,6,13785.07261606401,42
0,panel_geom_a100,a692b17e,0,126933.22973082737,999
0,panel_geom_a100,a692b17e,1,74555.13249091641,1000
0,panel_geom_a100,a692b17e,2,15769.816403907858,1000
0,panel_geom_a100,a692b17e,3,401.07234084236217,567
0,panel_raw_gr_a100,a692b17e,0,126014.08500955088,999
0,panel_raw_gr_a100,a692b17e,1,73683.72207604013,1000
0,panel_raw_gr_a100,a692b17e,2,15447.330412333393,1000
0,panel_raw_gr_a100,a692b17e,3,370.186664337281,567
0,panel_phase_a10,a692b17e,0,132248.7929447445,999
0,panel_phase_a10,a692b17e,1,84848.92967646944,1000
0,panel_phase_a10,a692b17e,2,20398.268724221987,1000
0,panel_phase_a10,a692b17e,3,684.7660566458725,567
0,panel_phase_a100,a692b17e,0,125863.73344338631,999
0,panel_phase_a100,a692b17e,1,72678.8908450718,1000
0,panel_phase_a100,a692b17e,2,15355.492270382685,1000
0,panel_phase_a100,a692b17e,3,472.9185967591072,567
0,panel_phase_a1000,a692b17e,0,81625.90456608686,999
0,panel_phase_a1000,a692b17e,1,19525.002599874493,1000
0,panel_phase_a1000,a692b17e,2,9690.303034927838,1000
0,panel_phase_a1000,a692b17e,3,444.122815710342,567
0,panel_geom_a100,bffe3082,0,9216.63857959071,999
0,panel_geom_a100,bffe3082,1,182681.69079448993,1000
0,panel_geom_a100,bffe3082,2,475793.2549312392,1000
0,panel_geom_a100,bffe3082,3,596702.2943689938,1000
0,panel_geom_a100,bffe3082,4,1175138.482713524,1000
0,panel_geom_a100,bffe3082,5,1187387.0057007887,724
0,panel_raw_gr_a100,bffe3082,0,9011.275363444227,999
0,panel_raw_gr_a100,bffe3082,1,180655.64880998596,1000
0,panel_raw_gr_a100,bffe3082,2,473648.920273923,1000
0,panel_raw_gr_a100,bffe3082,3,595870.1831331931,1000
0,panel_raw_gr_a100,bffe3082,4,1170358.102406465,1000
0,panel_raw_gr_a100,bffe3082,5,1181545.341532349,724
0,panel_phase_a10,bffe3082,0,11436.493675484218,999
0,panel_phase_a10,bffe3082,1,198316.10149116794,1000
0,panel_phase_a10,bffe3082,2,517087.61782815075,1000
0,panel_phase_a10,bffe3082,3,649843.2197205101,1000
0,panel_phase_a10,bffe3082,4,1222075.3959746202,1000
0,panel_phase_a10,bffe3082,5,1230548.525262894,724
0,panel_phase_a100,bffe3082,0,9809.765284646199,999
0,panel_phase_a100,bffe3082,1,193296.4074182966,1000
0,panel_phase_a100,bffe3082,2,507306.63142362476,1000
0,panel_phase_a100,bffe3082,3,660072.2133099422,1000
0,panel_phase_a100,bffe3082,4,1266481.078735938,1000
0,panel_phase_a100,bffe3082,5,1265842.2755449298,724
0,panel_phase_a1000,bffe3082,0,5332.50419015886,999
0,panel_phase_a1000,bffe3082,1,145388.17232454423,1000
0,panel_phase_a1000,bffe3082,2,423471.47364446026,1000
0,panel_phase_a1000,bffe3082,3,546919.6134671984,1000
0,panel_phase_a1000,bffe3082,4,1072276.8393462114,1000
0,panel_phase_a1000,bffe3082,5,1040080.178410318,724
0,panel_geom_a100,7993a768,0,5713.056021596144,999
0,panel_geom_a100,7993a768,1,172898.26983557036,1000
0,panel_geom_a100,7993a768,2,501743.28157093015,1000
0,panel_geom_a100,7993a768,3,1201495.3474845276,1000
0,panel_geom_a100,7993a768,4,2577139.5087982165,1000
0,panel_geom_a100,7993a768,5,1658846.226065673,488
0,panel_raw_gr_a100,7993a768,0,5617.644093709207,999
0,panel_raw_gr_a100,7993a768,1,172438.76306483595,1000
0,panel_raw_gr_a100,7993a768,2,501262.3131661957,1000
0,panel_raw_gr_a100,7993a768,3,1200655.0895890708,1000
0,panel_raw_gr_a100,7993a768,4,2579037.6465128227,1000
0,panel_raw_gr_a100,7993a768,5,1661270.5337082704,488
0,panel_phase_a10,7993a768,0,7917.001738912886,999
0,panel_phase_a10,7993a768,1,207922.88215241022,1000
0,panel_phase_a10,7993a768,2,598899.6611156897,1000
0,panel_phase_a10,7993a768,3,1412548.4424694804,1000
0,panel_phase_a10,7993a768,4,2979708.8541135513,1000
0,panel_phase_a10,7993a768,5,1913723.8547828002,488
0,panel_phase_a100,7993a768,0,4665.596823976878,999
0,panel_phase_a100,7993a768,1,158784.64866537417,1000
0,panel_phase_a100,7993a768,2,452379.5104176697,1000
0,panel_phase_a100,7993a768,3,1095774.6105252507,1000
0,panel_phase_a100,7993a768,4,2406826.4129555663,1000
0,panel_phase_a100,7993a768,5,1611702.0273257184,488
0,panel_phase_a1000,7993a768,0,96.17475644028514,999
0,panel_phase_a1000,7993a768,1,36586.51152837935,1000
0,panel_phase_a1000,7993a768,2,129533.11603871707,1000
0,panel_phase_a1000,7993a768,3,317849.8005051825,1000
0,panel_phase_a1000,7993a768,4,719685.3691550108,1000
0,panel_phase_a1000,7993a768,5,458385.54380115087,488
0,panel_geom_a100,e201fd6d,0,19902.918446996886,999
0,panel_geom_a100,e201fd6d,1,447218.7034759023,1000
0,panel_geom_a100,e201fd6d,2,516730.0443858684,1000
0,panel_geom_a100,e201fd6d,3,541541.3930710523,1000
0,panel_geom_a100,e201fd6d,4,42976.85649727387,1000
0,panel_geom_a100,e201fd6d,5,334.9338462929607,71
0,panel_raw_gr_a100,e201fd6d,0,19860.36455965274,999
0,panel_raw_gr_a100,e201fd6d,1,450303.6655536714,1000
0,panel_raw_gr_a100,e201fd6d,2,519480.98725834663,1000
0,panel_raw_gr_a100,e201fd6d,3,543498.3490479253,1000
0,panel_raw_gr_a100,e201fd6d,4,43246.29490636427,1000
0,panel_raw_gr_a100,e201fd6d,5,336.963089570754,71
0,panel_phase_a10,e201fd6d,0,17524.587135702557,999
0,panel_phase_a10,e201fd6d,1,414398.5432819189,1000
0,panel_phase_a10,e201fd6d,2,468096.07398642186,1000
0,panel_phase_a10,e201fd6d,3,485726.475362877,1000
0,panel_phase_a10,e201fd6d,4,31313.018533079223,1000
0,panel_phase_a10,e201fd6d,5,1244.5929488541533,71
0,panel_phase_a100,e201fd6d,0,20420.587246068306,999
0,panel_phase_a100,e201fd6d,1,469558.7086209966,1000
0,panel_phase_a100,e201fd6d,2,548659.9069140742,1000
0,panel_phase_a100,e201fd6d,3,576465.9504924575,1000
0,panel_phase_a100,e201fd6d,4,50290.000115390736,1000
0,panel_phase_a100,e201fd6d,5,208.16119328664914,71
0,panel_phase_a1000,e201fd6d,0,18932.785723147164,999
0,panel_phase_a1000,e201fd6d,1,476322.8409712074,1000
0,panel_phase_a1000,e201fd6d,2,552779.363036394,1000
0,panel_phase_a1000,e201fd6d,3,544301.4377403067,1000
0,panel_phase_a1000,e201fd6d,4,40433.490808967195,1000
0,panel_phase_a1000,e201fd6d,5,240.43053027705685,71
0,panel_geom_a100,5fffa282,0,20602.83449277316,999
0,panel_geom_a100,5fffa282,1,148234.99685744898,1000
0,panel_geom_a100,5fffa282,2,87633.3313493539,1000
0,panel_geom_a100,5fffa282,3,127714.12300608444,1000
0,panel_geom_a100,5fffa282,4,62964.76837307595,202
0,panel_raw_gr_a100,5fffa282,0,20866.60864809952,999
0,panel_raw_gr_a100,5fffa282,1,148887.5509440333,1000
0,panel_raw_gr_a100,5fffa282,2,87719.80491099684,1000
0,panel_raw_gr_a100,5fffa282,3,130421.98359228333,1000
0,panel_raw_gr_a100,5fffa282,4,63791.451936236444,202
0,panel_phase_a10,5fffa282,0,21908.835824755464,999
0,panel_phase_a10,5fffa282,1,160228.80909282126,1000
0,panel_phase_a10,5fffa282,2,98247.48287248441,1000
0,panel_phase_a10,5fffa282,3,144628.2758174953,1000
0,panel_phase_a10,5fffa282,4,72056.3855921106,202
0,panel_phase_a100,5fffa282,0,21326.52667250449,999
0,panel_phase_a100,5fffa282,1,159897.6708890339,1000
0,panel_phase_a100,5fffa282,2,96526.23595357123,1000
0,panel_phase_a100,5fffa282,3,143376.4005078567,1000
0,panel_phase_a100,5fffa282,4,68315.12053506488,202
0,panel_phase_a1000,5fffa282,0,12238.830802150187,999
0,panel_phase_a1000,5fffa282,1,104726.45973763331,1000
0,panel_phase_a1000,5fffa282,2,49260.004730479486,1000
0,panel_phase_a1000,5fffa282,3,66057.81520845032,1000
0,panel_phase_a1000,5fffa282,4,35895.06176437513,202
0,panel_geom_a100,eeda36f5,0,113076.02248535775,999
0,panel_geom_a100,eeda36f5,1,263090.97058847576,1000
0,panel_geom_a100,eeda36f5,2,218316.21344360296,1000
0,panel_geom_a100,eeda36f5,3,160979.9196595789,1000
0,panel_geom_a100,eeda36f5,4,452687.83902961336,798
0,panel_raw_gr_a100,eeda36f5,0,111065.69551394491,999
0,panel_raw_gr_a100,eeda36f5,1,262411.3900193091,1000
0,panel_raw_gr_a100,eeda36f5,2,217432.81690869684,1000
0,panel_raw_gr_a100,eeda36f5,3,159668.5166626621,1000
0,panel_raw_gr_a100,eeda36f5,4,449892.2350515002,798
0,panel_phase_a10,eeda36f5,0,115036.20693270068,999
0,panel_phase_a10,eeda36f5,1,283973.8391725742,1000
0,panel_phase_a10,eeda36f5,2,239959.96767453474,1000
0,panel_phase_a10,eeda36f5,3,173613.70405944387,1000
0,panel_phase_a10,eeda36f5,4,470055.6054845871,798
0,panel_phase_a100,eeda36f5,0,111432.65033461663,999
0,panel_phase_a100,eeda36f5,1,266922.1665609241,1000
0,panel_phase_a100,eeda36f5,2,221381.81566987702,1000
0,panel_phase_a100,eeda36f5,3,162646.87572747705,1000
0,panel_phase_a100,eeda36f5,4,465194.58528806904,798
0,panel_phase_a1000,eeda36f5,0,118446.96422238875,999
0,panel_phase_a1000,eeda36f5,1,288402.14114140475,1000
0,panel_phase_a1000,eeda36f5,2,278079.5837824641,1000
0,panel_phase_a1000,eeda36f5,3,250730.7256261518,1000
0,panel_phase_a1000,eeda36f5,4,628031.5916066485,798
0,panel_geom_a100,a7fc3e6b,0,1452.4994015977436,999
0,panel_geom_a100,a7fc3e6b,1,19316.840016324095,1000
0,panel_geom_a100,a7fc3e6b,2,49915.59217137917,1000
0,panel_geom_a100,a7fc3e6b,3,181564.35319247644,1000
0,panel_geom_a100,a7fc3e6b,4,1380269.5295973653,765
0,panel_raw_gr_a100,a7fc3e6b,0,1581.317191038763,999
0,panel_raw_gr_a100,a7fc3e6b,1,19617.92291391744,1000
0,panel_raw_gr_a100,a7fc3e6b,2,49551.28847071374,1000
0,panel_raw_gr_a100,a7fc3e6b,3,181815.97556749918,1000
0,panel_raw_gr_a100,a7fc3e6b,4,1378337.7749499788,765
0,panel_phase_a10,a7fc3e6b,0,1135.6583401615324,999
0,panel_phase_a10,a7fc3e6b,1,12595.04691539924,1000
0,panel_phase_a10,a7fc3e6b,2,28199.82133462596,1000
0,panel_phase_a10,a7fc3e6b,3,219822.98984107975,1000
0,panel_phase_a10,a7fc3e6b,4,1526437.2700266978,765
0,panel_phase_a100,a7fc3e6b,0,1476.9012760977043,999
0,panel_phase_a100,a7fc3e6b,1,19115.677729187675,1000
0,panel_phase_a100,a7fc3e6b,2,47420.8462918328,1000
0,panel_phase_a100,a7fc3e6b,3,189446.17628590044,1000
0,panel_phase_a100,a7fc3e6b,4,1407320.1772346054,765
0,panel_phase_a1000,a7fc3e6b,0,1981.3297862397662,999
0,panel_phase_a1000,a7fc3e6b,1,23008.461235773524,1000
0,panel_phase_a1000,a7fc3e6b,2,88915.6461824922,1000
0,panel_phase_a1000,a7fc3e6b,3,126749.58427138382,1000
0,panel_phase_a1000,a7fc3e6b,4,1071713.3484967616,765
0,panel_geom_a100,19137a89,0,16548.42058490625,999
0,panel_geom_a100,19137a89,1,10545.99176831604,1000
0,panel_geom_a100,19137a89,2,176627.7516514594,1000
0,panel_geom_a100,19137a89,3,340672.25260598393,1000
0,panel_geom_a100,19137a89,4,534236.143386087,1000
0,panel_geom_a100,19137a89,5,799832.8869417225,1000
0,panel_geom_a100,19137a89,6,88313.26548071051,268
0,panel_raw_gr_a100,19137a89,0,16858.203725975734,999
0,panel_raw_gr_a100,19137a89,1,10617.776362514851,1000
0,panel_raw_gr_a100,19137a89,2,176726.6945552592,1000
0,panel_raw_gr_a100,19137a89,3,339813.0662414821,1000
0,panel_raw_gr_a100,19137a89,4,531339.4971352842,1000
0,panel_raw_gr_a100,19137a89,5,793329.149751304,1000
0,panel_raw_gr_a100,19137a89,6,83226.40416442888,268
0,panel_phase_a10,19137a89,0,16063.277738447347,999
0,panel_phase_a10,19137a89,1,7236.817275343396,1000
0,panel_phase_a10,19137a89,2,145191.96272689797,1000
0,panel_phase_a10,19137a89,3,291491.1167284796,1000
0,panel_phase_a10,19137a89,4,471333.4967282608,1000
0,panel_phase_a10,19137a89,5,703237.3789474666,1000
0,panel_phase_a10,19137a89,6,65839.05769527497,268
0,panel_phase_a100,19137a89,0,17092.750593346173,999
0,panel_phase_a100,19137a89,1,10520.872827747453,1000
0,panel_phase_a100,19137a89,2,171657.68602973787,1000
0,panel_phase_a100,19137a89,3,320131.8295439085,1000
0,panel_phase_a100,19137a89,4,479269.7367056845,1000
0,panel_phase_a100,19137a89,5,677154.5683770423,1000
0,panel_phase_a100,19137a89,6,54463.84224813807,268
0,panel_phase_a1000,19137a89,0,18535.424966414183,999
0,panel_phase_a1000,19137a89,1,25425.85045776234,1000
0,panel_phase_a1000,19137a89,2,299310.2030628869,1000
0,panel_phase_a1000,19137a89,3,617054.8745723143,1000
0,panel_phase_a1000,19137a89,4,1253316.7963668045,1000
0,panel_phase_a1000,19137a89,5,1989470.0178658417,1000
0,panel_phase_a1000,19137a89,6,343820.62016648037,268
0,panel_geom_a100,fa16d114,0,461.24132734723,999
0,panel_geom_a100,fa16d114,1,6839.905223475121,1000
0,panel_geom_a100,fa16d114,2,45458.22599907841,1000
0,panel_geom_a100,fa16d114,3,80788.1111120757,1000
0,panel_geom_a100,fa16d114,4,77021.00424351651,1000
0,panel_geom_a100,fa16d114,5,263216.67096316064,687
0,panel_raw_gr_a100,fa16d114,0,429.1772645445497,999
0,panel_raw_gr_a100,fa16d114,1,6556.0535960382385,1000
0,panel_raw_gr_a100,fa16d114,2,45734.53877711168,1000
0,panel_raw_gr_a100,fa16d114,3,81015.48904125283,1000
0,panel_raw_gr_a100,fa16d114,4,77120.92186085157,1000
0,panel_raw_gr_a100,fa16d114,5,264056.63016359333,687
0,panel_phase_a10,fa16d114,0,499.5014671727916,999
0,panel_phase_a10,fa16d114,1,5470.063582830661,1000
0,panel_phase_a10,fa16d114,2,53938.28779002823,1000
0,panel_phase_a10,fa16d114,3,93085.98465342479,1000
0,panel_phase_a10,fa16d114,4,89086.20944879869,1000
0,panel_phase_a10,fa16d114,5,283232.31299523014,687
0,panel_phase_a100,fa16d114,0,445.3497530925755,999
0,panel_phase_a100,fa16d114,1,5130.312561822529,1000
0,panel_phase_a100,fa16d114,2,46668.8800807426,1000
0,panel_phase_a100,fa16d114,3,79878.49066392942,1000
0,panel_phase_a100,fa16d114,4,76242.95957954972,1000
0,panel_phase_a100,fa16d114,5,259522.01856890935,687
0,panel_phase_a1000,fa16d114,0,629.2763436870121,999
0,panel_phase_a1000,fa16d114,1,4904.441045508509,1000
0,panel_phase_a1000,fa16d114,2,12218.974073013693,1000
0,panel_phase_a1000,fa16d114,3,25301.660522833245,1000
0,panel_phase_a1000,fa16d114,4,19275.529258856062,1000
0,panel_phase_a1000,fa16d114,5,144278.19624707624,687
0,panel_geom_a100,e32da4ec,0,2024.5759626562985,999
0,panel_geom_a100,e32da4ec,1,4806.720818695242,1000
0,panel_geom_a100,e32da4ec,2,18339.4491504193,1000
0,panel_geom_a100,e32da4ec,3,19578.082542688684,1000
0,panel_geom_a100,e32da4ec,4,41265.951495800204,690
0,panel_raw_gr_a100,e32da4ec,0,2043.6290401508047,999
0,panel_raw_gr_a100,e32da4ec,1,4804.816976473356,1000
0,panel_raw_gr_a100,e32da4ec,2,18463.404546314374,1000
0,panel_raw_gr_a100,e32da4ec,3,19668.545037138174,1000
0,panel_raw_gr_a100,e32da4ec,4,41122.40857773655,690
0,panel_phase_a10,e32da4ec,0,1372.8463040192617,999
0,panel_phase_a10,e32da4ec,1,7425.305472811854,1000
0,panel_phase_a10,e32da4ec,2,30221.45810157763,1000
0,panel_phase_a10,e32da4ec,3,22907.00995273295,1000
0,panel_phase_a10,e32da4ec,4,16099.266469236443,690
0,panel_phase_a100,e32da4ec,0,2605.3820540283064,999
0,panel_phase_a100,e32da4ec,1,4029.5384596033923,1000
0,panel_phase_a100,e32da4ec,2,16250.54051612981,1000
0,panel_phase_a100,e32da4ec,3,19629.897989505873,1000
0,panel_phase_a100,e32da4ec,4,49045.96619080799,690
0,panel_phase_a1000,e32da4ec,0,18304.663975355434,999
0,panel_phase_a1000,e32da4ec,1,64295.51531651072,1000
0,panel_phase_a1000,e32da4ec,2,53943.66779071564,1000
0,panel_phase_a1000,e32da4ec,3,128049.46270589276,1000
0,panel_phase_a1000,e32da4ec,4,352059.52052571677,690
0,panel_geom_a100,5a5d1982,0,24567.580647953622,999
0,panel_geom_a100,5a5d1982,1,7080.859449686614,1000
0,panel_geom_a100,5a5d1982,2,853.6019980361765,1000
0,panel_geom_a100,5a5d1982,3,2845.7955943985526,895
0,panel_raw_gr_a100,5a5d1982,0,24114.72571702005,999
0,panel_raw_gr_a100,5a5d1982,1,6931.233826442152,1000
0,panel_raw_gr_a100,5a5d1982,2,916.9348211364137,1000
0,panel_raw_gr_a100,5a5d1982,3,2732.253262403314,895
0,panel_phase_a10,5a5d1982,0,24440.3277643981,999
0,panel_phase_a10,5a5d1982,1,7001.69780094221,1000
0,panel_phase_a10,5a5d1982,2,1105.17592244968,1000
0,panel_phase_a10,5a5d1982,3,3377.648210418931,895
0,panel_phase_a100,5a5d1982,0,24437.70222091253,999
0,panel_phase_a100,5a5d1982,1,7002.0802364597275,1000
0,panel_phase_a100,5a5d1982,2,1026.0829223695457,1000
0,panel_phase_a100,5a5d1982,3,2576.7992932645334,895
0,panel_phase_a1000,5a5d1982,0,30721.586846362963,999
0,panel_phase_a1000,5a5d1982,1,12871.160121110523,1000
0,panel_phase_a1000,5a5d1982,2,351.3861025117531,1000
0,panel_phase_a1000,5a5d1982,3,3086.6733982188393,895
0,panel_geom_a100,76201745,0,15580.876408027989,999
0,panel_geom_a100,76201745,1,46892.92202915604,1000
0,panel_geom_a100,76201745,2,41274.453529312406,1000
0,panel_geom_a100,76201745,3,318806.5460016474,1000
0,panel_geom_a100,76201745,4,291305.6598840772,449
0,panel_raw_gr_a100,76201745,0,15548.926309563736,999
0,panel_raw_gr_a100,76201745,1,45882.523360901105,1000
0,panel_raw_gr_a100,76201745,2,41001.23456895865,1000
0,panel_raw_gr_a100,76201745,3,318025.6053965856,1000
0,panel_raw_gr_a100,76201745,4,290666.10207066603,449
0,panel_phase_a10,76201745,0,13263.831999038364,999
0,panel_phase_a10,76201745,1,40361.22034258617,1000
0,panel_phase_a10,76201745,2,29851.337288401286,1000
0,panel_phase_a10,76201745,3,259415.46137665666,1000
0,panel_phase_a10,76201745,4,250864.06857376077,449
0,panel_phase_a100,76201745,0,15940.215830043197,999
0,panel_phase_a100,76201745,1,44448.23451338383,1000
0,panel_phase_a100,76201745,2,36802.24659977621,1000
0,panel_phase_a100,76201745,3,305255.4920932,1000
0,panel_phase_a100,76201745,4,279185.5563015832,449
0,panel_phase_a1000,76201745,0,20624.704744891547,999
0,panel_phase_a1000,76201745,1,57837.513813952326,1000
0,panel_phase_a1000,76201745,2,95340.74738953591,1000
0,panel_phase_a1000,76201745,3,604371.8070753771,1000
0,panel_phase_a1000,76201745,4,420651.1514934316,449
0,panel_geom_a100,c6c96179,0,7336.479528370389,999
0,panel_geom_a100,c6c96179,1,31152.38562548636,1000
0,panel_geom_a100,c6c96179,2,7848.569488830973,1000
0,panel_geom_a100,c6c96179,3,12611.080638076068,1000
0,panel_geom_a100,c6c96179,4,42.186467864096,5
0,panel_raw_gr_a100,c6c96179,0,7409.573763588285,999
0,panel_raw_gr_a100,c6c96179,1,31581.55570950116,1000
0,panel_raw_gr_a100,c6c96179,2,7938.246530679743,1000
0,panel_raw_gr_a100,c6c96179,3,12731.755998616807,1000
0,panel_raw_gr_a100,c6c96179,4,43.17017159500068,5
0,panel_phase_a10,c6c96179,0,7592.11913991177,999
0,panel_phase_a10,c6c96179,1,34714.715194295866,1000
0,panel_phase_a10,c6c96179,2,11814.875685475221,1000
0,panel_phase_a10,c6c96179,3,20185.60119827304,1000
0,panel_phase_a10,c6c96179,4,79.07030580018501,5
0,panel_phase_a100,c6c96179,0,8381.630529935972,999
0,panel_phase_a100,c6c96179,1,38063.6462312635,1000
0,panel_phase_a100,c6c96179,2,13477.273240379325,1000
0,panel_phase_a100,c6c96179,3,21533.89758803332,1000
0,panel_phase_a100,c6c96179,4,86.95760830266367,5
0,panel_phase_a1000,c6c96179,0,11438.257431349839,999
0,panel_phase_a1000,c6c96179,1,43608.48420608562,1000
0,panel_phase_a1000,c6c96179,2,9275.136699021823,1000
0,panel_phase_a1000,c6c96179,3,7252.069651964639,1000
0,panel_phase_a1000,c6c96179,4,18.273122361596545,5
0,panel_geom_a100,5305524b,0,120089.23135987137,999
0,panel_geom_a100,5305524b,1,84801.21789370236,1000
0,panel_geom_a100,5305524b,2,68069.83121078511,1000
0,panel_geom_a100,5305524b,3,493630.99689640955,1000
0,panel_geom_a100,5305524b,4,470468.8546989489,899
0,panel_raw_gr_a100,5305524b,0,119669.42937655089,999
0,panel_raw_gr_a100,5305524b,1,85520.63841277553,1000
0,panel_raw_gr_a100,5305524b,2,69379.87991005537,1000
0,panel_raw_gr_a100,5305524b,3,495632.1758131337,1000
0,panel_raw_gr_a100,5305524b,4,472492.3171178433,899
0,panel_phase_a10,5305524b,0,119843.6648445583,999
0,panel_phase_a10,5305524b,1,103181.36550407275,1000
0,panel_phase_a10,5305524b,2,90908.02874814605,1000
0,panel_phase_a10,5305524b,3,593058.3417413036,1000
0,panel_phase_a10,5305524b,4,554100.8957077678,899
0,panel_phase_a100,5305524b,0,111788.06721733694,999
0,panel_phase_a100,5305524b,1,68761.3412666039,1000
0,panel_phase_a100,5305524b,2,54047.76222007332,1000
0,panel_phase_a100,5305524b,3,419338.1295545081,1000
0,panel_phase_a100,5305524b,4,401099.2774521204,899
0,panel_phase_a1000,5305524b,0,80903.45540036717,999
0,panel_phase_a1000,5305524b,1,35979.91567669455,1000
0,panel_phase_a1000,5305524b,2,30178.575824477688,1000
0,panel_phase_a1000,5305524b,3,276447.5648599501,1000
0,panel_phase_a1000,5305524b,4,262362.7239907161,899
0,panel_geom_a100,4a8ecc0b,0,106329.65625678211,999
0,panel_geom_a100,4a8ecc0b,1,356537.0849988061,1000
0,panel_geom_a100,4a8ecc0b,2,339731.9989624679,1000
0,panel_geom_a100,4a8ecc0b,3,477046.81449851603,1000
0,panel_geom_a100,4a8ecc0b,4,812459.9063585829,1000
0,panel_geom_a100,4a8ecc0b,5,821091.6419037015,810
0,panel_raw_gr_a100,4a8ecc0b,0,105813.89041516876,999
0,panel_raw_gr_a100,4a8ecc0b,1,356854.25825593795,1000
0,panel_raw_gr_a100,4a8ecc0b,2,340159.71231316123,1000
0,panel_raw_gr_a100,4a8ecc0b,3,476772.1692479473,1000
0,panel_raw_gr_a100,4a8ecc0b,4,811770.7302326451,1000
0,panel_raw_gr_a100,4a8ecc0b,5,822678.9083246898,810
0,panel_phase_a10,4a8ecc0b,0,105357.08117297366,999
0,panel_phase_a10,4a8ecc0b,1,338648.7355942504,1000
0,panel_phase_a10,4a8ecc0b,2,329116.4111124993,1000
0,panel_phase_a10,4a8ecc0b,3,453586.11896315,1000
0,panel_phase_a10,4a8ecc0b,4,788261.3580163032,1000
0,panel_phase_a10,4a8ecc0b,5,796540.9540299106,810
0,panel_phase_a100,4a8ecc0b,0,100193.84734224531,999
0,panel_phase_a100,4a8ecc0b,1,340960.5513586492,1000
0,panel_phase_a100,4a8ecc0b,2,356160.17050565867,1000
0,panel_phase_a100,4a8ecc0b,3,510670.4531852357,1000
0,panel_phase_a100,4a8ecc0b,4,893486.4274081313,1000
0,panel_phase_a100,4a8ecc0b,5,916827.3028934785,810
0,panel_phase_a1000,4a8ecc0b,0,73447.7746054558,999
0,panel_phase_a1000,4a8ecc0b,1,247572.1341835459,1000
0,panel_phase_a1000,4a8ecc0b,2,200306.699823634,1000
0,panel_phase_a1000,4a8ecc0b,3,261078.80008106364,1000
0,panel_phase_a1000,4a8ecc0b,4,460010.7271907539,1000
0,panel_phase_a1000,4a8ecc0b,5,446907.48600250325,810
0,panel_geom_a100,ff8bb73a,0,153558.27589459013,999
0,panel_geom_a100,ff8bb73a,1,1116969.3349270315,1000
0,panel_geom_a100,ff8bb73a,2,1808753.1354389198,1000
0,panel_geom_a100,ff8bb73a,3,2393587.820893179,1000
0,panel_geom_a100,ff8bb73a,4,3242548.964602726,1000
0,panel_geom_a100,ff8bb73a,5,4362058.065577127,928
0,panel_raw_gr_a100,ff8bb73a,0,153365.03520009422,999
0,panel_raw_gr_a100,ff8bb73a,1,1116996.5195082007,1000
0,panel_raw_gr_a100,ff8bb73a,2,1809857.5510295648,1000
0,panel_raw_gr_a100,ff8bb73a,3,2397203.111855873,1000
0,panel_raw_gr_a100,ff8bb73a,4,3245184.675939991,1000
0,panel_raw_gr_a100,ff8bb73a,5,4365259.144897671,928
0,panel_phase_a10,ff8bb73a,0,155990.25797289246,999
0,panel_phase_a10,ff8bb73a,1,1136096.7717339061,1000
0,panel_phase_a10,ff8bb73a,2,1874096.5049552326,1000
0,panel_phase_a10,ff8bb73a,3,2453823.5141013246,1000
0,panel_phase_a10,ff8bb73a,4,3354372.2284673518,1000
0,panel_phase_a10,ff8bb73a,5,4498505.269255611,928
0,panel_phase_a100,ff8bb73a,0,151488.27665380682,999
0,panel_phase_a100,ff8bb73a,1,1124694.052293776,1000
0,panel_phase_a100,ff8bb73a,2,1851264.7436916304,1000
0,panel_phase_a100,ff8bb73a,3,2445378.706681906,1000
0,panel_phase_a100,ff8bb73a,4,3333583.075152422,1000
0,panel_phase_a100,ff8bb73a,5,4458668.588210304,928
0,panel_phase_a1000,ff8bb73a,0,123088.80509114644,999
0,panel_phase_a1000,ff8bb73a,1,973807.8617821082,1000
0,panel_phase_a1000,ff8bb73a,2,1656383.5936266843,1000
0,panel_phase_a1000,ff8bb73a,3,2295715.7512864913,1000
0,panel_phase_a1000,ff8bb73a,4,3082063.9995420575,1000
0,panel_phase_a1000,ff8bb73a,5,4072072.530728898,928
0,panel_geom_a100,b4f37e6e,0,27615.92468997173,999
0,panel_geom_a100,b4f37e6e,1,300750.51964971307,1000
0,panel_geom_a100,b4f37e6e,2,1360636.514711425,993
0,panel_raw_gr_a100,b4f37e6e,0,26927.558427746666,999
0,panel_raw_gr_a100,b4f37e6e,1,300841.23141169903,1000
0,panel_raw_gr_a100,b4f37e6e,2,1356980.4829412298,993
0,panel_phase_a10,b4f37e6e,0,27813.272387175297,999
0,panel_phase_a10,b4f37e6e,1,297264.39362867305,1000
0,panel_phase_a10,b4f37e6e,2,1360658.4340116088,993
0,panel_phase_a100,b4f37e6e,0,27143.2229796379,999
0,panel_phase_a100,b4f37e6e,1,312707.5453826422,1000
0,panel_phase_a100,b4f37e6e,2,1374988.7361816333,993
0,panel_phase_a1000,b4f37e6e,0,25653.33584960982,999
0,panel_phase_a1000,b4f37e6e,1,292280.16784878203,1000
0,panel_phase_a1000,b4f37e6e,2,1341314.0884937034,993
0,panel_geom_a100,09ec2ca9,0,76773.37766947362,999
0,panel_geom_a100,09ec2ca9,1,109256.54457784288,1000
0,panel_geom_a100,09ec2ca9,2,9102.285975548626,1000
0,panel_geom_a100,09ec2ca9,3,92995.71549450488,1000
0,panel_geom_a100,09ec2ca9,4,190494.26146508896,1000
0,panel_geom_a100,09ec2ca9,5,135539.1746973794,886
0,panel_raw_gr_a100,09ec2ca9,0,78247.91045274684,999
0,panel_raw_gr_a100,09ec2ca9,1,111294.67462099348,1000
0,panel_raw_gr_a100,09ec2ca9,2,9457.776650686777,1000
0,panel_raw_gr_a100,09ec2ca9,3,94954.81223656554,1000
0,panel_raw_gr_a100,09ec2ca9,4,193814.03414505057,1000
0,panel_raw_gr_a100,09ec2ca9,5,138339.39917737505,886
0,panel_phase_a10,09ec2ca9,0,83328.57587448825,999
0,panel_phase_a10,09ec2ca9,1,122505.51171434291,1000
0,panel_phase_a10,09ec2ca9,2,15772.58352718789,1000
0,panel_phase_a10,09ec2ca9,3,129847.18047698216,1000
0,panel_phase_a10,09ec2ca9,4,253013.05732218616,1000
0,panel_phase_a10,09ec2ca9,5,193944.19183972952,886
0,panel_phase_a100,09ec2ca9,0,81160.80516876452,999
0,panel_phase_a100,09ec2ca9,1,119040.61144610302,1000
0,panel_phase_a100,09ec2ca9,2,14115.329277809593,1000
0,panel_phase_a100,09ec2ca9,3,122016.46885753908,1000
0,panel_phase_a100,09ec2ca9,4,226496.0510417022,1000
0,panel_phase_a100,09ec2ca9,5,160187.2565393658,886
0,panel_phase_a1000,09ec2ca9,0,50733.694309587576,999
0,panel_phase_a1000,09ec2ca9,1,52976.73904889912,1000
0,panel_phase_a1000,09ec2ca9,2,13998.407343784767,1000
0,panel_phase_a1000,09ec2ca9,3,3240.8317277898004,1000
0,panel_phase_a1000,09ec2ca9,4,7544.702032643041,1000
0,panel_phase_a1000,09ec2ca9,5,2472.884435504094,886
0,panel_geom_a100,200d233d,0,11792.443821337643,999
0,panel_geom_a100,200d233d,1,35382.5582213667,1000
0,panel_geom_a100,200d233d,2,220697.34586601358,1000
0,panel_geom_a100,200d233d,3,665085.5537451303,927
0,panel_raw_gr_a100,200d233d,0,12006.273905850687,999
0,panel_raw_gr_a100,200d233d,1,35310.22536085558,1000
0,panel_raw_gr_a100,200d233d,2,221157.67080982553,1000
0,panel_raw_gr_a100,200d233d,3,666695.760691896,927
0,panel_phase_a10,200d233d,0,12435.039503167369,999
0,panel_phase_a10,200d233d,1,42403.290672798175,1000
0,panel_phase_a10,200d233d,2,243733.61091547707,1000
0,panel_phase_a10,200d233d,3,714222.4570860846,927
0,panel_phase_a100,200d233d,0,12681.984157973486,999
0,panel_phase_a100,200d233d,1,38703.175072445825,1000
0,panel_phase_a100,200d233d,2,231087.90178910882,1000
0,panel_phase_a100,200d233d,3,687713.6178896473,927
0,panel_phase_a1000,200d233d,0,11970.59926573604,999
0,panel_phase_a1000,200d233d,1,26422.895494146847,1000
0,panel_phase_a1000,200d233d,2,166709.35435526856,1000
0,panel_phase_a1000,200d233d,3,527157.8266916923,927
0,panel_geom_a100,3417285d,0,16258.593724397666,999
0,panel_geom_a100,3417285d,1,201389.49831213636,1000
0,panel_geom_a100,3417285d,2,256292.28646572772,1000
0,panel_geom_a100,3417285d,3,34614.592745396425,1000
0,panel_geom_a100,3417285d,4,127078.04259278369,1000
0,panel_geom_a100,3417285d,5,231193.22903254963,450
0,panel_raw_gr_a100,3417285d,0,16246.889776336538,999
0,panel_raw_gr_a100,3417285d,1,201458.69010920232,1000
0,panel_raw_gr_a100,3417285d,2,256868.89367557722,1000
0,panel_raw_gr_a100,3417285d,3,34373.401987226265,1000
0,panel_raw_gr_a100,3417285d,4,127880.51735075412,1000
0,panel_raw_gr_a100,3417285d,5,231908.6985848079,450
0,panel_phase_a10,3417285d,0,12993.688303137316,999
0,panel_phase_a10,3417285d,1,169955.44316484404,1000
0,panel_phase_a10,3417285d,2,211411.5063877654,1000
0,panel_phase_a10,3417285d,3,25288.312997853693,1000
0,panel_phase_a10,3417285d,4,211514.9176320913,1000
0,panel_phase_a10,3417285d,5,317901.25180672,450
0,panel_phase_a100,3417285d,0,16911.96358879803,999
0,panel_phase_a100,3417285d,1,206423.77437761537,1000
0,panel_phase_a100,3417285d,2,259827.04717486404,1000
0,panel_phase_a100,3417285d,3,34349.94441265372,1000
0,panel_phase_a100,3417285d,4,117304.83865518753,1000
0,panel_phase_a100,3417285d,5,225213.93068009103,450
0,panel_phase_a1000,3417285d,0,45775.77372802947,999
0,panel_phase_a1000,3417285d,1,446540.3362107815,1000
0,panel_phase_a1000,3417285d,2,627833.657035488,1000
0,panel_phase_a1000,3417285d,3,273804.1766301614,1000
0,panel_phase_a1000,3417285d,4,59850.79949666001,1000
0,panel_phase_a1000,3417285d,5,1124.9851938876852,450
0,panel_geom_a100,3bbe1f5d,0,26753.62935042701,999
0,panel_geom_a100,3bbe1f5d,1,137306.30805018818,1000
0,panel_geom_a100,3bbe1f5d,2,212987.7467058961,1000
0,panel_geom_a100,3bbe1f5d,3,158833.28359152365,1000
0,panel_geom_a100,3bbe1f5d,4,37388.757701602335,1000
0,panel_geom_a100,3bbe1f5d,5,3046.9069634237503,1000
0,panel_geom_a100,3bbe1f5d,6,16999.27165737781,919
0,panel_raw_gr_a100,3bbe1f5d,0,26909.96081991323,999
0,panel_raw_gr_a100,3bbe1f5d,1,138522.7839320351,1000
0,panel_raw_gr_a100,3bbe1f5d,2,214726.62584177312,1000
0,panel_raw_gr_a100,3bbe1f5d,3,159582.19350663395,1000
0,panel_raw_gr_a100,3bbe1f5d,4,37212.99319267056,1000
0,panel_raw_gr_a100,3bbe1f5d,5,2914.0593436106674,1000
0,panel_raw_gr_a100,3bbe1f5d,6,17084.052808136483,919
0,panel_phase_a10,3bbe1f5d,0,27332.43310811339,999
0,panel_phase_a10,3bbe1f5d,1,146784.93701959707,1000
0,panel_phase_a10,3bbe1f5d,2,225913.40667460003,1000
0,panel_phase_a10,3bbe1f5d,3,172918.62062463062,1000
0,panel_phase_a10,3bbe1f5d,4,43532.64467748345,1000
0,panel_phase_a10,3bbe1f5d,5,2109.6681223094524,1000
0,panel_phase_a10,3bbe1f5d,6,20443.732588502462,919
0,panel_phase_a100,3bbe1f5d,0,28927.646274263505,999
0,panel_phase_a100,3bbe1f5d,1,146779.3157504402,1000
0,panel_phase_a100,3bbe1f5d,2,228152.17745641284,1000
0,panel_phase_a100,3bbe1f5d,3,174080.0945556763,1000
0,panel_phase_a100,3bbe1f5d,4,44433.132047943145,1000
0,panel_phase_a100,3bbe1f5d,5,854.4249681194185,1000
0,panel_phase_a100,3bbe1f5d,6,12052.881222454003,919
0,panel_phase_a1000,3bbe1f5d,0,28149.542741114357,999
0,panel_phase_a1000,3bbe1f5d,1,114839.54442866777,1000
0,panel_phase_a1000,3bbe1f5d,2,162649.91197573207,1000
0,panel_phase_a1000,3bbe1f5d,3,109751.75879179213,1000
0,panel_phase_a1000,3bbe1f5d,4,12677.129819234746,1000
0,panel_phase_a1000,3bbe1f5d,5,3200.552365641525,1000
0,panel_phase_a1000,3bbe1f5d,6,19036.82138510126,919
0,panel_geom_a100,30d75030,0,83529.24261293202,999
0,panel_geom_a100,30d75030,1,212272.75970383373,1000
0,panel_geom_a100,30d75030,2,293396.5493760955,1000
0,panel_geom_a100,30d75030,3,88766.54898270656,405
0,panel_raw_gr_a100,30d75030,0,81403.64198908453,999
0,panel_raw_gr_a100,30d75030,1,208615.01829549228,1000
0,panel_raw_gr_a100,30d75030,2,287813.18687017355,1000
0,panel_raw_gr_a100,30d75030,3,85916.48150168896,405
0,panel_phase_a10,30d75030,0,80787.34190076243,999
0,panel_phase_a10,30d75030,1,190407.20966768102,1000
0,panel_phase_a10,30d75030,2,256497.7850777241,1000
0,panel_phase_a10,30d75030,3,70653.34541225374,405
0,panel_phase_a100,30d75030,0,81061.87594603309,999
0,panel_phase_a100,30d75030,1,208064.27581308625,1000
0,panel_phase_a100,30d75030,2,285861.30894168984,1000
0,panel_phase_a100,30d75030,3,87730.73545474652,405
0,panel_phase_a1000,30d75030,0,97457.808453391,999
0,panel_phase_a1000,30d75030,1,233495.2173795524,1000
0,panel_phase_a1000,30d75030,2,330216.15614989615,1000
0,panel_phase_a1000,30d75030,3,97467.17097482437,405
0,panel_geom_a100,052d64df,0,1425.4033592059652,999
0,panel_geom_a100,052d64df,1,6232.523261093985,1000
0,panel_geom_a100,052d64df,2,23852.443462840278,446
0,panel_raw_gr_a100,052d64df,0,1427.977240693993,999
0,panel_raw_gr_a100,052d64df,1,6220.695681826104,1000
0,panel_raw_gr_a100,052d64df,2,23840.350125396883,446
0,panel_phase_a10,052d64df,0,1421.160764556128,999
0,panel_phase_a10,052d64df,1,6238.499661832627,1000
0,panel_phase_a10,052d64df,2,25808.256854492683,446
0,panel_phase_a100,052d64df,0,1418.6282927611971,999
0,panel_phase_a100,052d64df,1,6370.0648574681645,1000
0,panel_phase_a100,052d64df,2,25445.4351428668,446
0,panel_phase_a1000,052d64df,0,1382.5768508490075,999
0,panel_phase_a1000,052d64df,1,7654.757392808207,1000
0,panel_phase_a1000,052d64df,2,29004.252649337912,446
0,panel_geom_a100,c36625df,0,25973.152106538295,999
0,panel_geom_a100,c36625df,1,139097.0090588098,1000
0,panel_geom_a100,c36625df,2,286350.06908062164,1000
0,panel_geom_a100,c36625df,3,500557.5650742881,1000
0,panel_geom_a100,c36625df,4,665801.1694027141,743
0,panel_raw_gr_a100,c36625df,0,25117.582127331534,999
0,panel_raw_gr_a100,c36625df,1,136697.93676509114,1000
0,panel_raw_gr_a100,c36625df,2,282605.27201317076,1000
0,panel_raw_gr_a100,c36625df,3,496366.9245761971,1000
0,panel_raw_gr_a100,c36625df,4,662076.1956657842,743
0,panel_phase_a10,c36625df,0,23678.141185571298,999
0,panel_phase_a10,c36625df,1,123802.75545734073,1000
0,panel_phase_a10,c36625df,2,246628.74736262506,1000
0,panel_phase_a10,c36625df,3,426808.5819770537,1000
0,panel_phase_a10,c36625df,4,568338.6815996482,743
0,panel_phase_a100,c36625df,0,26192.98764420286,999
0,panel_phase_a100,c36625df,1,137885.25674481818,1000
0,panel_phase_a100,c36625df,2,284249.19673781656,1000
0,panel_phase_a100,c36625df,3,492282.00673511846,1000
0,panel_phase_a100,c36625df,4,657421.947308369,743
0,panel_phase_a1000,c36625df,0,44436.92740862982,999
0,panel_phase_a1000,c36625df,1,237345.11243720827,1000
0,panel_phase_a1000,c36625df,2,521628.91614650044,1000
0,panel_phase_a1000,c36625df,3,923530.6775035808,1000
0,panel_phase_a1000,c36625df,4,1151177.6620012862,743
0,panel_geom_a100,ea3a0e38,0,14266.834150267181,999
0,panel_geom_a100,ea3a0e38,1,159351.99633982906,1000
0,panel_geom_a100,ea3a0e38,2,232643.78517872284,1000
0,panel_geom_a100,ea3a0e38,3,292572.3030238689,1000
0,panel_geom_a100,ea3a0e38,4,430502.1169773976,1000
0,panel_geom_a100,ea3a0e38,5,1337784.954369561,1000
0,panel_geom_a100,ea3a0e38,6,2752932.1151894066,1000
0,panel_geom_a100,ea3a0e38,7,5309932.900721425,1000
0,panel_geom_a100,ea3a0e38,8,7008245.461746429,1000
0,panel_geom_a100,ea3a0e38,9,7064689.91125808,1000
0,panel_geom_a100,ea3a0e38,10,351860.8468110244,53
0,panel_raw_gr_a100,ea3a0e38,0,14575.119492251477,999
0,panel_raw_gr_a100,ea3a0e38,1,161085.44901493206,1000
0,panel_raw_gr_a100,ea3a0e38,2,233817.28861025174,1000
0,panel_raw_gr_a100,ea3a0e38,3,294206.1473271276,1000
0,panel_raw_gr_a100,ea3a0e38,4,432203.50736047496,1000
0,panel_raw_gr_a100,ea3a0e38,5,1338172.823397224,1000
0,panel_raw_gr_a100,ea3a0e38,6,2753681.4964998825,1000
0,panel_raw_gr_a100,ea3a0e38,7,5308199.257834273,1000
0,panel_raw_gr_a100,ea3a0e38,8,7015382.640366839,1000
0,panel_raw_gr_a100,ea3a0e38,9,7072266.947953934,1000
0,panel_raw_gr_a100,ea3a0e38,10,351759.6604755873,53
0,panel_phase_a10,ea3a0e38,0,14348.562023152625,999
0,panel_phase_a10,ea3a0e38,1,164431.12271871613,1000
0,panel_phase_a10,ea3a0e38,2,254146.89637158543,1000
0,panel_phase_a10,ea3a0e38,3,326518.05052748753,1000
0,panel_phase_a10,ea3a0e38,4,499579.6764654901,1000
0,panel_phase_a10,ea3a0e38,5,1471991.816286106,1000
0,panel_phase_a10,ea3a0e38,6,2993293.6582115516,1000
0,panel_phase_a10,ea3a0e38,7,5710291.827303589,1000
0,panel_phase_a10,ea3a0e38,8,7525414.907068393,1000
0,panel_phase_a10,ea3a0e38,9,7565074.698206156,1000
0,panel_phase_a10,ea3a0e38,10,377440.2816641512,53
0,panel_phase_a100,ea3a0e38,0,14992.257617589055,999
0,panel_phase_a100,ea3a0e38,1,164923.03288905733,1000
0,panel_phase_a100,ea3a0e38,2,243407.1514158068,1000
0,panel_phase_a100,ea3a0e38,3,309936.7301153894,1000
0,panel_phase_a100,ea3a0e38,4,455487.7360003439,1000
0,panel_phase_a100,ea3a0e38,5,1387507.8052304403,1000
0,panel_phase_a100,ea3a0e38,6,2820689.1621785047,1000
0,panel_phase_a100,ea3a0e38,7,5409340.616662272,1000
0,panel_phase_a100,ea3a0e38,8,7125117.443539683,1000
0,panel_phase_a100,ea3a0e38,9,7148771.122811887,1000
0,panel_phase_a100,ea3a0e38,10,354719.3094170569,53
0,panel_phase_a1000,ea3a0e38,0,12364.519849602408,999
0,panel_phase_a1000,ea3a0e38,1,154348.5303197387,1000
0,panel_phase_a1000,ea3a0e38,2,171087.39207879713,1000
0,panel_phase_a1000,ea3a0e38,3,197030.41008919026,1000
0,panel_phase_a1000,ea3a0e38,4,230181.978659386,1000
0,panel_phase_a1000,ea3a0e38,5,853521.011151526,1000
0,panel_phase_a1000,ea3a0e38,6,1697140.7735504645,1000
0,panel_phase_a1000,ea3a0e38,7,3241016.1812441503,1000
0,panel_phase_a1000,ea3a0e38,8,4331246.186210757,1000
0,panel_phase_a1000,ea3a0e38,9,4440148.109774169,1000
0,panel_phase_a1000,ea3a0e38,10,218464.0524738672,53
0,panel_geom_a100,5693dde2,0,32279.286364363452,999
0,panel_geom_a100,5693dde2,1,266622.38713369955,1000
0,panel_geom_a100,5693dde2,2,2053399.3119360846,1000
0,panel_geom_a100,5693dde2,3,1957686.6572649595,489
0,panel_raw_gr_a100,5693dde2,0,31914.200544513267,999
0,panel_raw_gr_a100,5693dde2,1,265683.89213418827,1000
0,panel_raw_gr_a100,5693dde2,2,2050495.4130069874,1000
0,panel_raw_gr_a100,5693dde2,3,1955287.850522343,489
0,panel_phase_a10,5693dde2,0,30281.85200278796,999
0,panel_phase_a10,5693dde2,1,268643.136584536,1000
0,panel_phase_a10,5693dde2,2,2072187.176875431,1000
0,panel_phase_a10,5693dde2,3,1982095.8158790038,489
0,panel_phase_a100,5693dde2,0,31212.644397057167,999
0,panel_phase_a100,5693dde2,1,261405.60279119707,1000
0,panel_phase_a100,5693dde2,2,2133750.470262665,1000
0,panel_phase_a100,5693dde2,3,2030465.984850543,489
0,panel_phase_a1000,5693dde2,0,36535.276004308624,999
0,panel_phase_a1000,5693dde2,1,242650.93800154282,1000
0,panel_phase_a1000,5693dde2,2,1944906.5960205498,1000
0,panel_phase_a1000,5693dde2,3,1900122.7237746778,489
0,panel_geom_a100,807f0298,0,251536.87135388097,999
0,panel_geom_a100,807f0298,1,1347730.5583635524,1000
0,panel_geom_a100,807f0298,2,6040531.247998177,1000
0,panel_geom_a100,807f0298,3,10846087.45907661,748
0,panel_raw_gr_a100,807f0298,0,253603.7714818871,999
0,panel_raw_gr_a100,807f0298,1,1351336.8059080613,1000
0,panel_raw_gr_a100,807f0298,2,6060833.028966179,1000
0,panel_raw_gr_a100,807f0298,3,10855871.632073928,748
0,panel_phase_a10,807f0298,0,268994.81484457117,999
0,panel_phase_a10,807f0298,1,1432909.9940590097,1000
0,panel_phase_a10,807f0298,2,6217595.171597973,1000
0,panel_phase_a10,807f0298,3,11144917.949290162,748
0,panel_phase_a100,807f0298,0,261241.61313463078,999
0,panel_phase_a100,807f0298,1,1397968.297406576,1000
0,panel_phase_a100,807f0298,2,6151965.149393849,1000
0,panel_phase_a100,807f0298,3,11007592.204657175,748
0,panel_phase_a1000,807f0298,0,221802.80631599462,999
0,panel_phase_a1000,807f0298,1,1182682.2407837608,1000
0,panel_phase_a1000,807f0298,2,5095726.486733734,1000
0,panel_phase_a1000,807f0298,3,9465488.856116014,748
0,panel_geom_a100,8a89da23,0,99257.03110369126,999
0,panel_geom_a100,8a89da23,1,434685.3210598699,1000
0,panel_geom_a100,8a89da23,2,732960.8406991031,1000
0,panel_geom_a100,8a89da23,3,1341366.971656854,936
0,panel_raw_gr_a100,8a89da23,0,100458.39351723723,999
0,panel_raw_gr_a100,8a89da23,1,437435.76183511934,1000
0,panel_raw_gr_a100,8a89da23,2,735587.082445706,1000
0,panel_raw_gr_a100,8a89da23,3,1345270.9212560777,936
0,panel_phase_a10,8a89da23,0,97802.17611990568,999
0,panel_phase_a10,8a89da23,1,425212.6777801979,1000
0,panel_phase_a10,8a89da23,2,732505.1675830247,1000
0,panel_phase_a10,8a89da23,3,1378965.3783837205,936
0,panel_phase_a100,8a89da23,0,101792.47941990248,999
0,panel_phase_a100,8a89da23,1,440372.9373149266,1000
0,panel_phase_a100,8a89da23,2,741800.6106364218,1000
0,panel_phase_a100,8a89da23,3,1355043.0383772773,936
0,panel_phase_a1000,8a89da23,0,121390.2713499292,999
0,panel_phase_a1000,8a89da23,1,476788.10775069706,1000
0,panel_phase_a1000,8a89da23,2,693026.8352304641,1000
0,panel_phase_a1000,8a89da23,3,1166652.1352714843,936
0,panel_geom_a100,7224331b,0,53259.2920439837,999
0,panel_geom_a100,7224331b,1,272499.68215062027,1000
0,panel_geom_a100,7224331b,2,476698.40841821855,1000
0,panel_geom_a100,7224331b,3,1080157.2643880986,1000
0,panel_geom_a100,7224331b,4,936292.1313035088,1000
0,panel_geom_a100,7224331b,5,1028436.1555100124,1000
0,panel_geom_a100,7224331b,6,67630.37032923166,64
0,panel_raw_gr_a100,7224331b,0,54061.44967245781,999
0,panel_raw_gr_a100,7224331b,1,274359.80538105225,1000
0,panel_raw_gr_a100,7224331b,2,480505.77042956965,1000
0,panel_raw_gr_a100,7224331b,3,1086771.7632559568,1000
0,panel_raw_gr_a100,7224331b,4,941049.0454809638,1000
0,panel_raw_gr_a100,7224331b,5,1037570.4022282225,1000
0,panel_raw_gr_a100,7224331b,6,67284.40915414036,64
0,panel_phase_a10,7224331b,0,54164.34377348558,999
0,panel_phase_a10,7224331b,1,276928.56175897596,1000
0,panel_phase_a10,7224331b,2,457351.191740904,1000
0,panel_phase_a10,7224331b,3,1016517.5065250968,1000
0,panel_phase_a10,7224331b,4,848628.4848614922,1000
0,panel_phase_a10,7224331b,5,917964.0502130337,1000
0,panel_phase_a10,7224331b,6,59493.84647017583,64
0,panel_phase_a100,7224331b,0,52736.34608797014,999
0,panel_phase_a100,7224331b,1,274578.6510631891,1000
0,panel_phase_a100,7224331b,2,485923.19068345526,1000
0,panel_phase_a100,7224331b,3,1097182.958176827,1000
0,panel_phase_a100,7224331b,4,950542.400839446,1000
0,panel_phase_a100,7224331b,5,1050070.1644289643,1000
0,panel_phase_a100,7224331b,6,68450.36837033293,64
0,panel_phase_a1000,7224331b,0,59467.788256480715,999
0,panel_phase_a1000,7224331b,1,333893.78166259715,1000
0,panel_phase_a1000,7224331b,2,710139.6958986893,1000
0,panel_phase_a1000,7224331b,3,1426076.7426490362,1000
0,panel_phase_a1000,7224331b,4,1356042.4850982733,1000
0,panel_phase_a1000,7224331b,5,1504645.420192865,1000
0,panel_phase_a1000,7224331b,6,103078.3189515613,64
0,panel_geom_a100,e45a2a62,0,17030.933064918005,999
0,panel_geom_a100,e45a2a62,1,31958.96950254506,1000
0,panel_geom_a100,e45a2a62,2,480527.5069931353,1000
0,panel_geom_a100,e45a2a62,3,750837.3585037867,1000
0,panel_geom_a100,e45a2a62,4,359652.96258900035,1000
0,panel_geom_a100,e45a2a62,5,1000.7590084976486,8
0,panel_raw_gr_a100,e45a2a62,0,16576.916245643708,999
0,panel_raw_gr_a100,e45a2a62,1,31996.760881518177,1000
0,panel_raw_gr_a100,e45a2a62,2,480363.5113664457,1000
0,panel_raw_gr_a100,e45a2a62,3,752759.213873405,1000
0,panel_raw_gr_a100,e45a2a62,4,361248.31549363816,1000
0,panel_raw_gr_a100,e45a2a62,5,1001.5665985956691,8
0,panel_phase_a10,e45a2a62,0,14287.523599822915,999
0,panel_phase_a10,e45a2a62,1,33874.09615101455,1000
0,panel_phase_a10,e45a2a62,2,488795.55982609384,1000
0,panel_phase_a10,e45a2a62,3,758376.4982433423,1000
0,panel_phase_a10,e45a2a62,4,376619.74282599177,1000
0,panel_phase_a10,e45a2a62,5,1043.4110064392569,8
0,panel_phase_a100,e45a2a62,0,15643.199203840486,999
0,panel_phase_a100,e45a2a62,1,33230.983074834025,1000
0,panel_phase_a100,e45a2a62,2,483963.31662515865,1000
0,panel_phase_a100,e45a2a62,3,751923.5898270322,1000
0,panel_phase_a100,e45a2a62,4,369184.6989044965,1000
0,panel_phase_a100,e45a2a62,5,1062.6155201240006,8
0,panel_phase_a1000,e45a2a62,0,18724.281509641096,999
0,panel_phase_a1000,e45a2a62,1,39021.67382946405,1000
0,panel_phase_a1000,e45a2a62,2,473865.07529000763,1000
0,panel_phase_a1000,e45a2a62,3,732280.2171721191,1000
0,panel_phase_a1000,e45a2a62,4,317607.59931466315,1000
0,panel_phase_a1000,e45a2a62,5,1090.6983154999396,8
0,panel_geom_a100,3a86fe8d,0,2075.7510655169185,999
0,panel_geom_a100,3a86fe8d,1,17115.451453731206,1000
0,panel_geom_a100,3a86fe8d,2,84319.82188912526,1000
0,panel_geom_a100,3a86fe8d,3,105811.23810177192,1000
0,panel_geom_a100,3a86fe8d,4,109867.47147666113,1000
0,panel_geom_a100,3a86fe8d,5,36174.38471259198,119
0,panel_raw_gr_a100,3a86fe8d,0,2191.8450090529464,999
0,panel_raw_gr_a100,3a86fe8d,1,17181.334963070483,1000
0,panel_raw_gr_a100,3a86fe8d,2,84450.49457062203,1000
0,panel_raw_gr_a100,3a86fe8d,3,106452.26817333944,1000
0,panel_raw_gr_a100,3a86fe8d,4,110302.64864901706,1000
0,panel_raw_gr_a100,3a86fe8d,5,36361.083412285465,119
0,panel_phase_a10,3a86fe8d,0,4163.847380123835,999
0,panel_phase_a10,3a86fe8d,1,25210.941708739334,1000
0,panel_phase_a10,3a86fe8d,2,116712.50732783247,1000
0,panel_phase_a10,3a86fe8d,3,152938.33821676858,1000
0,panel_phase_a10,3a86fe8d,4,154354.06362177973,1000
0,panel_phase_a10,3a86fe8d,5,43673.324106336324,119
0,panel_phase_a100,3a86fe8d,0,2357.3838606270283,999
0,panel_phase_a100,3a86fe8d,1,19662.396308996216,1000
0,panel_phase_a100,3a86fe8d,2,96727.71963216945,1000
0,panel_phase_a100,3a86fe8d,3,124797.48100837076,1000
0,panel_phase_a100,3a86fe8d,4,133924.13354965104,1000
0,panel_phase_a100,3a86fe8d,5,42388.720633948324,119
0,panel_phase_a1000,3a86fe8d,0,1253.0024078659328,999
0,panel_phase_a1000,3a86fe8d,1,8093.836950709117,1000
0,panel_phase_a1000,3a86fe8d,2,39927.77017626654,1000
0,panel_phase_a1000,3a86fe8d,3,34896.09540937401,1000
0,panel_phase_a1000,3a86fe8d,4,24528.725600512786,1000
0,panel_phase_a1000,3a86fe8d,5,13822.787859461674,119
0,panel_geom_a100,d9eca87b,0,4546.912724391134,999
0,panel_geom_a100,d9eca87b,1,4368.876529551277,1000
0,panel_geom_a100,d9eca87b,2,79154.503952466,1000
0,panel_geom_a100,d9eca87b,3,385761.0590283259,1000
0,panel_geom_a100,d9eca87b,4,1467961.521383947,1000
0,panel_geom_a100,d9eca87b,5,4913016.591167768,1000
0,panel_geom_a100,d9eca87b,6,3637378.205251727,374
0,panel_raw_gr_a100,d9eca87b,0,4447.564050195533,999
0,panel_raw_gr_a100,d9eca87b,1,4203.779215000573,1000
0,panel_raw_gr_a100,d9eca87b,2,77978.54559395804,1000
0,panel_raw_gr_a100,d9eca87b,3,382579.74335540185,1000
0,panel_raw_gr_a100,d9eca87b,4,1461684.604696298,1000
0,panel_raw_gr_a100,d9eca87b,5,4903196.913567513,1000
0,panel_raw_gr_a100,d9eca87b,6,3634662.0815843027,374
0,panel_phase_a10,d9eca87b,0,3266.390614272033,999
0,panel_phase_a10,d9eca87b,1,1530.6545248425082,1000
0,panel_phase_a10,d9eca87b,2,57739.96954975454,1000
0,panel_phase_a10,d9eca87b,3,342622.2505877854,1000
0,panel_phase_a10,d9eca87b,4,1384295.322169062,1000
0,panel_phase_a10,d9eca87b,5,4668577.037490061,1000
0,panel_phase_a10,d9eca87b,6,3449191.5586691704,374
0,panel_phase_a100,d9eca87b,0,4089.199688607669,999
0,panel_phase_a100,d9eca87b,1,3040.540829202193,1000
0,panel_phase_a100,d9eca87b,2,68926.26012248069,1000
0,panel_phase_a100,d9eca87b,3,361848.2304068581,1000
0,panel_phase_a100,d9eca87b,4,1422068.2039902364,1000
0,panel_phase_a100,d9eca87b,5,4824945.956172865,1000
0,panel_phase_a100,d9eca87b,6,3592607.6802466516,374
0,panel_phase_a1000,d9eca87b,0,7972.655476068225,999
0,panel_phase_a1000,d9eca87b,1,8425.63513428272,1000
0,panel_phase_a1000,d9eca87b,2,101362.5369614108,1000
0,panel_phase_a1000,d9eca87b,3,372701.80042298493,1000
0,panel_phase_a1000,d9eca87b,4,1349769.0357373818,1000
0,panel_phase_a1000,d9eca87b,5,4807720.235984441,1000
0,panel_phase_a1000,d9eca87b,6,3759077.286733609,374
0,panel_geom_a100,93f5d2e6,0,8352.076869781786,999
0,panel_geom_a100,93f5d2e6,1,28131.910282229743,1000
0,panel_geom_a100,93f5d2e6,2,20338.27924503324,1000
0,panel_geom_a100,93f5d2e6,3,103419.61438438194,692
0,panel_raw_gr_a100,93f5d2e6,0,8200.876489332592,999
0,panel_raw_gr_a100,93f5d2e6,1,28295.318675558297,1000
0,panel_raw_gr_a100,93f5d2e6,2,20084.351147301375,1000
0,panel_raw_gr_a100,93f5d2e6,3,103211.94328761529,692
0,panel_phase_a10,93f5d2e6,0,7786.681790435287,999
0,panel_phase_a10,93f5d2e6,1,28264.551796863863,1000
0,panel_phase_a10,93f5d2e6,2,19672.102309036633,1000
0,panel_phase_a10,93f5d2e6,3,99602.57385891523,692
0,panel_phase_a100,93f5d2e6,0,7933.7986896823595,999
0,panel_phase_a100,93f5d2e6,1,27332.447658583245,1000
0,panel_phase_a100,93f5d2e6,2,20152.215703956754,1000
0,panel_phase_a100,93f5d2e6,3,104081.14303794612,692
0,panel_phase_a1000,93f5d2e6,0,7346.825672506024,999
0,panel_phase_a1000,93f5d2e6,1,28701.75342818368,1000
0,panel_phase_a1000,93f5d2e6,2,18120.96355703633,1000
0,panel_phase_a1000,93f5d2e6,3,185870.63671646404,692
0,panel_geom_a100,cc8a1d57,0,679.7098578405454,999
0,panel_geom_a100,cc8a1d57,1,8212.275781793402,1000
0,panel_geom_a100,cc8a1d57,2,197348.3851055645,1000
0,panel_geom_a100,cc8a1d57,3,785591.8713221897,1000
0,panel_geom_a100,cc8a1d57,4,1209333.4840934193,1000
0,panel_geom_a100,cc8a1d57,5,899117.9782906132,1000
0,panel_geom_a100,cc8a1d57,6,374981.2635229196,639
0,panel_raw_gr_a100,cc8a1d57,0,536.5885956305787,999
0,panel_raw_gr_a100,cc8a1d57,1,8873.722879949188,1000
0,panel_raw_gr_a100,cc8a1d57,2,194461.74740646966,1000
0,panel_raw_gr_a100,cc8a1d57,3,778950.7552562206,1000
0,panel_raw_gr_a100,cc8a1d57,4,1202717.9831906718,1000
0,panel_raw_gr_a100,cc8a1d57,5,889068.762642081,1000
0,panel_raw_gr_a100,cc8a1d57,6,367823.5232451071,639
0,panel_phase_a10,cc8a1d57,0,430.9885972925265,999
0,panel_phase_a10,cc8a1d57,1,10319.30130710217,1000
0,panel_phase_a10,cc8a1d57,2,190246.15616950396,1000
0,panel_phase_a10,cc8a1d57,3,776348.794436741,1000
0,panel_phase_a10,cc8a1d57,4,1189661.4613989817,1000
0,panel_phase_a10,cc8a1d57,5,866677.6750997582,1000
0,panel_phase_a10,cc8a1d57,6,359738.9016301282,639
0,panel_phase_a100,cc8a1d57,0,388.2717539818177,999
0,panel_phase_a100,cc8a1d57,1,9594.109055271401,1000
0,panel_phase_a100,cc8a1d57,2,194435.28703217485,1000
0,panel_phase_a100,cc8a1d57,3,774260.1133705439,1000
0,panel_phase_a100,cc8a1d57,4,1190696.7159627145,1000
0,panel_phase_a100,cc8a1d57,5,871117.9887210353,1000
0,panel_phase_a100,cc8a1d57,6,359821.1933588198,639
0,panel_phase_a1000,cc8a1d57,0,881.7008901405479,999
0,panel_phase_a1000,cc8a1d57,1,4484.856485846272,1000
0,panel_phase_a1000,cc8a1d57,2,177333.086319716,1000
0,panel_phase_a1000,cc8a1d57,3,660486.7239322816,1000
0,panel_phase_a1000,cc8a1d57,4,989055.135898815,1000
0,panel_phase_a1000,cc8a1d57,5,723899.5828995374,1000
0,panel_phase_a1000,cc8a1d57,6,260876.72021290366,639
0,panel_geom_a100,bf70b410,0,19501.07262938794,999
0,panel_geom_a100,bf70b410,1,60833.56713423961,1000
0,panel_geom_a100,bf70b410,2,114113.22060480544,1000
0,panel_geom_a100,bf70b410,3,175409.7288307227,1000
0,panel_geom_a100,bf70b410,4,2163124.876609308,1000
0,panel_geom_a100,bf70b410,5,6472819.473377983,1000
0,panel_geom_a100,bf70b410,6,3349866.5876464397,348
0,panel_raw_gr_a100,bf70b410,0,19689.1301152869,999
0,panel_raw_gr_a100,bf70b410,1,61274.74448469195,1000
0,panel_raw_gr_a100,bf70b410,2,114179.78819605414,1000
0,panel_raw_gr_a100,bf70b410,3,176341.2115258109,1000
0,panel_raw_gr_a100,bf70b410,4,2163425.8198186085,1000
0,panel_raw_gr_a100,bf70b410,5,6473614.0021001,1000
0,panel_raw_gr_a100,bf70b410,6,3348620.193782122,348
0,panel_phase_a10,bf70b410,0,18713.0434592199,999
0,panel_phase_a10,bf70b410,1,63441.00843810718,1000
0,panel_phase_a10,bf70b410,2,118241.34752534836,1000
0,panel_phase_a10,bf70b410,3,172672.33942759995,1000
0,panel_phase_a10,bf70b410,4,2225788.927038003,1000
0,panel_phase_a10,bf70b410,5,6501731.69032621,1000
0,panel_phase_a10,bf70b410,6,3369150.5770906038,348
0,panel_phase_a100,bf70b410,0,19214.63992881451,999
0,panel_phase_a100,bf70b410,1,63536.52781060262,1000
0,panel_phase_a100,bf70b410,2,118719.19941377066,1000
0,panel_phase_a100,bf70b410,3,175520.01813752827,1000
0,panel_phase_a100,bf70b410,4,2189780.4616290983,1000
0,panel_phase_a100,bf70b410,5,6570933.489699132,1000
0,panel_phase_a100,bf70b410,6,3386928.0627386877,348
0,panel_phase_a1000,bf70b410,0,19738.613968418944,999
0,panel_phase_a1000,bf70b410,1,48874.65226612462,1000
0,panel_phase_a1000,bf70b410,2,85707.47177010514,1000
0,panel_phase_a1000,bf70b410,3,130200.9955768879,1000
0,panel_phase_a1000,bf70b410,4,1921247.572583253,1000
0,panel_phase_a1000,bf70b410,5,6207938.084072797,1000
0,panel_phase_a1000,bf70b410,6,3143628.529910844,348
0,panel_geom_a100,c472c0b5,0,266928.2283815953,999
0,panel_geom_a100,c472c0b5,1,1536439.4279678056,1000
0,panel_geom_a100,c472c0b5,2,4443736.339855917,1000
0,panel_geom_a100,c472c0b5,3,359205.84949853114,55
0,panel_raw_gr_a100,c472c0b5,0,268037.86406985106,999
0,panel_raw_gr_a100,c472c0b5,1,1543138.9950844867,1000
0,panel_raw_gr_a100,c472c0b5,2,4458340.028470199,1000
0,panel_raw_gr_a100,c472c0b5,3,360163.7726268725,55
0,panel_phase_a10,c472c0b5,0,280865.0299019524,999
0,panel_phase_a10,c472c0b5,1,1622699.3547571555,1000
0,panel_phase_a10,c472c0b5,2,4626837.859528664,1000
0,panel_phase_a10,c472c0b5,3,372672.29124332906,55
0,panel_phase_a100,c472c0b5,0,258938.5616599561,999
0,panel_phase_a100,c472c0b5,1,1514732.7339653654,1000
0,panel_phase_a100,c472c0b5,2,4548209.378934127,1000
0,panel_phase_a100,c472c0b5,3,372205.32539878757,55
0,panel_phase_a1000,c472c0b5,0,190442.65629774053,999
0,panel_phase_a1000,c472c0b5,1,1094990.255879743,1000
0,panel_phase_a1000,c472c0b5,2,3521062.4876002064,1000
0,panel_phase_a1000,c472c0b5,3,316659.29882260907,55
0,panel_geom_a100,dc7f9757,0,58685.401602893646,999
0,panel_geom_a100,dc7f9757,1,205457.51543120563,1000
0,panel_geom_a100,dc7f9757,2,230892.21673067714,1000
0,panel_geom_a100,dc7f9757,3,334683.71282624704,1000
0,panel_geom_a100,dc7f9757,4,161358.4559149014,361
0,panel_raw_gr_a100,dc7f9757,0,57569.83785804153,999
0,panel_raw_gr_a100,dc7f9757,1,203036.38766669485,1000
0,panel_raw_gr_a100,dc7f9757,2,228748.6508971031,1000
0,panel_raw_gr_a100,dc7f9757,3,333150.4415911054,1000
0,panel_raw_gr_a100,dc7f9757,4,160188.2681143175,361
0,panel_phase_a10,dc7f9757,0,63441.68217913389,999
0,panel_phase_a10,dc7f9757,1,244854.9497266564,1000
0,panel_phase_a10,dc7f9757,2,323152.8340530731,1000
0,panel_phase_a10,dc7f9757,3,462534.73816611426,1000
0,panel_phase_a10,dc7f9757,4,215975.44879541904,361
0,panel_phase_a100,dc7f9757,0,58239.42446065257,999
0,panel_phase_a100,dc7f9757,1,219400.0657681101,1000
0,panel_phase_a100,dc7f9757,2,242763.72439654695,1000
0,panel_phase_a100,dc7f9757,3,352864.41138584714,1000
0,panel_phase_a100,dc7f9757,4,168364.45898070862,361
0,panel_phase_a1000,dc7f9757,0,35020.80030691988,999
0,panel_phase_a1000,dc7f9757,1,97007.07856656726,1000
0,panel_phase_a1000,dc7f9757,2,82185.0019275753,1000
0,panel_phase_a1000,dc7f9757,3,79281.06743456335,1000
0,panel_phase_a1000,dc7f9757,4,32700.14956480736,361
0,panel_geom_a100,ec13af42,0,193826.40795512864,999
0,panel_geom_a100,ec13af42,1,863156.63991791,1000
0,panel_geom_a100,ec13af42,2,791277.1262556134,1000
0,panel_geom_a100,ec13af42,3,1055540.5134617828,1000
0,panel_geom_a100,ec13af42,4,1351615.522538346,1000
0,panel_geom_a100,ec13af42,5,855805.2048876458,463
0,panel_raw_gr_a100,ec13af42,0,192715.2008938483,999
0,panel_raw_gr_a100,ec13af42,1,856981.9164417533,1000
0,panel_raw_gr_a100,ec13af42,2,786344.3633398531,1000
0,panel_raw_gr_a100,ec13af42,3,1047903.5200350299,1000
0,panel_raw_gr_a100,ec13af42,4,1344053.4463951057,1000
0,panel_raw_gr_a100,ec13af42,5,851662.5069236052,463
0,panel_phase_a10,ec13af42,0,189565.60947429697,999
0,panel_phase_a10,ec13af42,1,841809.0952069302,1000
0,panel_phase_a10,ec13af42,2,749346.6855870135,1000
0,panel_phase_a10,ec13af42,3,1010265.2536783633,1000
0,panel_phase_a10,ec13af42,4,1296125.7656893993,1000
0,panel_phase_a10,ec13af42,5,840235.3193768271,463
0,panel_phase_a100,ec13af42,0,188884.6186791116,999
0,panel_phase_a100,ec13af42,1,847182.49822632,1000
0,panel_phase_a100,ec13af42,2,763598.5749264583,1000
0,panel_phase_a100,ec13af42,3,1023056.4646396938,1000
0,panel_phase_a100,ec13af42,4,1334897.2035714337,1000
0,panel_phase_a100,ec13af42,5,847209.4359191149,463
0,panel_phase_a1000,ec13af42,0,194992.89155337366,999
0,panel_phase_a1000,ec13af42,1,783917.1009248118,1000
0,panel_phase_a1000,ec13af42,2,651693.9949737437,1000
0,panel_phase_a1000,ec13af42,3,879915.3472386915,1000
0,panel_phase_a1000,ec13af42,4,1071279.5984747272,1000
0,panel_phase_a1000,ec13af42,5,634106.3151045346,463
0,panel_geom_a100,7e208414,0,15171.80530171373,999
0,panel_geom_a100,7e208414,1,17610.786305175374,1000
0,panel_geom_a100,7e208414,2,28242.31364649666,1000
0,panel_geom_a100,7e208414,3,27329.01359041068,1000
0,panel_geom_a100,7e208414,4,97.47888583511983,227
0,panel_raw_gr_a100,7e208414,0,15464.909948709972,999
0,panel_raw_gr_a100,7e208414,1,17424.891911697476,1000
0,panel_raw_gr_a100,7e208414,2,27132.276394053504,1000
0,panel_raw_gr_a100,7e208414,3,26530.292466646955,1000
0,panel_raw_gr_a100,7e208414,4,109.1603116853121,227
0,panel_phase_a10,7e208414,0,17494.65524447795,999
0,panel_phase_a10,7e208414,1,17135.79256634482,1000
0,panel_phase_a10,7e208414,2,13934.6405570135,1000
0,panel_phase_a10,7e208414,3,10883.991902535405,1000
0,panel_phase_a10,7e208414,4,2082.842257062812,227
0,panel_phase_a100,7e208414,0,14252.754535088476,999
0,panel_phase_a100,7e208414,1,18133.263484538365,1000
0,panel_phase_a100,7e208414,2,27649.140302231255,1000
0,panel_phase_a100,7e208414,3,24514.63546532994,1000
0,panel_phase_a100,7e208414,4,254.79541830362578,227
0,panel_phase_a1000,7e208414,0,3656.1245426651917,999
0,panel_phase_a1000,7e208414,1,56346.026124850825,1000
0,panel_phase_a1000,7e208414,2,149675.77505136363,1000
0,panel_phase_a1000,7e208414,3,185214.09936188877,1000
0,panel_phase_a1000,7e208414,4,24083.6356170726,227
0,panel_geom_a100,4e050c92,0,3037.497978161419,999
0,panel_geom_a100,4e050c92,1,14332.680609625928,1000
0,panel_geom_a100,4e050c92,2,47196.050572469074,1000
0,panel_geom_a100,4e050c92,3,86823.50863510813,706
0,panel_raw_gr_a100,4e050c92,0,3024.3165278276247,999
0,panel_raw_gr_a100,4e050c92,1,14280.154759981862,1000
0,panel_raw_gr_a100,4e050c92,2,47251.473552897674,1000
0,panel_raw_gr_a100,4e050c92,3,86447.62204083976,706
0,panel_phase_a10,4e050c92,0,2983.4194719065945,999
0,panel_phase_a10,4e050c92,1,14858.18235053031,1000
0,panel_phase_a10,4e050c92,2,32497.283456881054,1000
0,panel_phase_a10,4e050c92,3,64708.87369920112,706
0,panel_phase_a100,4e050c92,0,3145.2223319383484,999
0,panel_phase_a100,4e050c92,1,14495.947778485142,1000
0,panel_phase_a100,4e050c92,2,34175.35428959011,1000
0,panel_phase_a100,4e050c92,3,66986.98191975869,706
0,panel_phase_a1000,4e050c92,0,4623.903534397031,999
0,panel_phase_a1000,4e050c92,1,29634.3442792324,1000
0,panel_phase_a1000,4e050c92,2,168427.64128293082,1000
0,panel_phase_a1000,4e050c92,3,301423.1413889912,706
0,panel_geom_a100,944f36b9,0,36710.19999514578,999
0,panel_geom_a100,944f36b9,1,17570.33148712743,1000
0,panel_geom_a100,944f36b9,2,26938.968205614794,1000
0,panel_geom_a100,944f36b9,3,106562.86863613574,1000
0,panel_geom_a100,944f36b9,4,220286.46783548224,631
0,panel_raw_gr_a100,944f36b9,0,37119.932809781276,999
0,panel_raw_gr_a100,944f36b9,1,17810.82637694289,1000
0,panel_raw_gr_a100,944f36b9,2,27286.24520162089,1000
0,panel_raw_gr_a100,944f36b9,3,107017.5414411741,1000
0,panel_raw_gr_a100,944f36b9,4,220379.6548352156,631
0,panel_phase_a10,944f36b9,0,37358.639823949416,999
0,panel_phase_a10,944f36b9,1,14427.083001027615,1000
0,panel_phase_a10,944f36b9,2,17002.441723141492,1000
0,panel_phase_a10,944f36b9,3,80061.08434252738,1000
0,panel_phase_a10,944f36b9,4,183829.31036098616,631
0,panel_phase_a100,944f36b9,0,37051.98498143894,999
0,panel_phase_a100,944f36b9,1,17343.689839764385,1000
0,panel_phase_a100,944f36b9,2,30098.627994553903,1000
0,panel_phase_a100,944f36b9,3,114016.43205830036,1000
0,panel_phase_a100,944f36b9,4,228211.56636199093,631
0,panel_phase_a1000,944f36b9,0,32121.69681286148,999
0,panel_phase_a1000,944f36b9,1,24003.358445821646,1000
0,panel_phase_a1000,944f36b9,2,56536.53125993543,1000
0,panel_phase_a1000,944f36b9,3,203214.9689500298,1000
0,panel_phase_a1000,944f36b9,4,334016.2288747888,631
0,panel_geom_a100,708caea9,0,328576.5469583339,999
0,panel_geom_a100,708caea9,1,3133435.5242146384,1000
0,panel_geom_a100,708caea9,2,7497607.5498942295,1000
0,panel_geom_a100,708caea9,3,14951548.19169512,1000
0,panel_geom_a100,708caea9,4,25608399.591507707,1000
0,panel_geom_a100,708caea9,5,36104885.72907166,1000
0,panel_geom_a100,708caea9,6,28293190.981822062,549
0,panel_raw_gr_a100,708caea9,0,326292.3351947699,999
0,panel_raw_gr_a100,708caea9,1,3122358.5215439717,1000
0,panel_raw_gr_a100,708caea9,2,7482697.023539231,1000
0,panel_raw_gr_a100,708caea9,3,14931326.928306721,1000
0,panel_raw_gr_a100,708caea9,4,25587958.54182839,1000
0,panel_raw_gr_a100,708caea9,5,36092650.91897719,1000
0,panel_raw_gr_a100,708caea9,6,28295801.162728697,549
0,panel_phase_a10,708caea9,0,338911.55026771576,999
0,panel_phase_a10,708caea9,1,3217473.241979648,1000
0,panel_phase_a10,708caea9,2,7818764.9555662405,1000
0,panel_phase_a10,708caea9,3,15586956.308012463,1000
0,panel_phase_a10,708caea9,4,26544193.298309844,1000
0,panel_phase_a10,708caea9,5,37359119.87926499,1000
0,panel_phase_a10,708caea9,6,29281399.185249787,549
0,panel_phase_a100,708caea9,0,342843.96017520904,999
0,panel_phase_a100,708caea9,1,3225534.0262303515,1000
0,panel_phase_a100,708caea9,2,7712230.469191788,1000
0,panel_phase_a100,708caea9,3,15394369.005625876,1000
0,panel_phase_a100,708caea9,4,26459152.272675686,1000
0,panel_phase_a100,708caea9,5,37007566.27232895,1000
0,panel_phase_a100,708caea9,6,29019480.681034025,549
0,panel_phase_a1000,708caea9,0,341207.54203128634,999
0,panel_phase_a1000,708caea9,1,3109404.1246801987,1000
0,panel_phase_a1000,708caea9,2,6687128.65127112,1000
0,panel_phase_a1000,708caea9,3,12870102.97101657,1000
0,panel_phase_a1000,708caea9,4,23079828.936708134,1000
0,panel_phase_a1000,708caea9,5,32259115.744193964,1000
0,panel_phase_a1000,708caea9,6,24865496.650709886,549
0,panel_geom_a100,699ea575,0,111676.27453048115,999
0,panel_geom_a100,699ea575,1,790529.0578978073,1000
0,panel_geom_a100,699ea575,2,1506097.3468177805,1000
0,panel_geom_a100,699ea575,3,1537868.9051888154,1000
0,panel_geom_a100,699ea575,4,189125.33327825172,121
0,panel_raw_gr_a100,699ea575,0,112713.11165376943,999
0,panel_raw_gr_a100,699ea575,1,794886.8900477751,1000
0,panel_raw_gr_a100,699ea575,2,1511301.8189596874,1000
0,panel_raw_gr_a100,699ea575,3,1544727.9234398955,1000
0,panel_raw_gr_a100,699ea575,4,189636.22097843228,121
0,panel_phase_a10,699ea575,0,121568.99283154422,999
0,panel_phase_a10,699ea575,1,854993.732997821,1000
0,panel_phase_a10,699ea575,2,1640961.5792637458,1000
0,panel_phase_a10,699ea575,3,1694440.2820411676,1000
0,panel_phase_a10,699ea575,4,207002.71051841008,121
0,panel_phase_a100,699ea575,0,112096.92403035132,999
0,panel_phase_a100,699ea575,1,795427.013978106,1000
0,panel_phase_a100,699ea575,2,1505079.3924147233,1000
0,panel_phase_a100,699ea575,3,1544512.3999349803,1000
0,panel_phase_a100,699ea575,4,187888.53017104074,121
0,panel_phase_a1000,699ea575,0,65016.65800111258,999
0,panel_phase_a1000,699ea575,1,470932.04434523865,1000
0,panel_phase_a1000,699ea575,2,820532.1981435867,1000
0,panel_phase_a1000,699ea575,3,718660.3462956581,1000
0,panel_phase_a1000,699ea575,4,90715.37275935247,121
0,panel_geom_a100,a6f967fb,0,2413.3731821317924,999
0,panel_geom_a100,a6f967fb,1,225556.63529704712,1000
0,panel_geom_a100,a6f967fb,2,1441430.7062664106,1000
0,panel_geom_a100,a6f967fb,3,1632693.224570995,1000
0,panel_geom_a100,a6f967fb,4,717115.9644426982,671
0,panel_raw_gr_a100,a6f967fb,0,2491.4101376931612,999
0,panel_raw_gr_a100,a6f967fb,1,222379.59406923215,1000
0,panel_raw_gr_a100,a6f967fb,2,1431281.2941015044,1000
0,panel_raw_gr_a100,a6f967fb,3,1629342.2899632445,1000
0,panel_raw_gr_a100,a6f967fb,4,712651.3360138346,671
0,panel_phase_a10,a6f967fb,0,3686.816415908204,999
0,panel_phase_a10,a6f967fb,1,221941.34264130655,1000
0,panel_phase_a10,a6f967fb,2,1446658.64031386,1000
0,panel_phase_a10,a6f967fb,3,1629566.8572052154,1000
0,panel_phase_a10,a6f967fb,4,705173.1956425322,671
0,panel_phase_a100,a6f967fb,0,2692.6001876753808,999
0,panel_phase_a100,a6f967fb,1,221777.01618046153,1000
0,panel_phase_a100,a6f967fb,2,1416646.5298725558,1000
0,panel_phase_a100,a6f967fb,3,1599921.2194895523,1000
0,panel_phase_a100,a6f967fb,4,702334.159067227,671
0,panel_phase_a1000,a6f967fb,0,2284.004991669387,999
0,panel_phase_a1000,a6f967fb,1,191641.88294261662,1000
0,panel_phase_a1000,a6f967fb,2,1196792.960848225,1000
0,panel_phase_a1000,a6f967fb,3,1383743.5092630626,1000
0,panel_phase_a1000,a6f967fb,4,617238.4357060225,671
0,panel_geom_a100,f08774c3,0,1289.7260209360402,999
0,panel_geom_a100,f08774c3,1,11983.201480883517,1000
0,panel_geom_a100,f08774c3,2,364773.82226711046,1000
0,panel_geom_a100,f08774c3,3,1509894.2440636542,901
0,panel_raw_gr_a100,f08774c3,0,1208.954447437706,999
0,panel_raw_gr_a100,f08774c3,1,11789.629079774326,1000
0,panel_raw_gr_a100,f08774c3,2,365810.2821683261,1000
0,panel_raw_gr_a100,f08774c3,3,1514373.9476658213,901
0,panel_phase_a10,f08774c3,0,2395.157590685054,999
0,panel_phase_a10,f08774c3,1,19167.205507119383,1000
0,panel_phase_a10,f08774c3,2,417787.17367927183,1000
0,panel_phase_a10,f08774c3,3,1664608.5927930328,901
0,panel_phase_a100,f08774c3,0,1389.2290598144211,999
0,panel_phase_a100,f08774c3,1,12720.071129793314,1000
0,panel_phase_a100,f08774c3,2,374796.94447957823,1000
0,panel_phase_a100,f08774c3,3,1537971.5823918968,901
0,panel_phase_a1000,f08774c3,0,103.07312890504586,999
0,panel_phase_a1000,f08774c3,1,746.6798789257778,1000
0,panel_phase_a1000,f08774c3,2,243481.85566979725,1000
0,panel_phase_a1000,f08774c3,3,1110397.3570050865,901
0,panel_geom_a100,e46f4ef4,0,47043.59193654072,999
0,panel_geom_a100,e46f4ef4,1,415302.25881910167,1000
0,panel_geom_a100,e46f4ef4,2,942445.5875462343,1000
0,panel_geom_a100,e46f4ef4,3,2459500.4808575734,1000
0,panel_geom_a100,e46f4ef4,4,3804330.6179718357,1000
0,panel_geom_a100,e46f4ef4,5,5390031.296920697,1000
0,panel_geom_a100,e46f4ef4,6,8248091.009861543,1000
0,panel_geom_a100,e46f4ef4,7,2166587.6929361927,196
0,panel_raw_gr_a100,e46f4ef4,0,46371.3738695063,999
0,panel_raw_gr_a100,e46f4ef4,1,413501.8185027362,1000
0,panel_raw_gr_a100,e46f4ef4,2,939401.0835855486,1000
0,panel_raw_gr_a100,e46f4ef4,3,2456491.0778435823,1000
0,panel_raw_gr_a100,e46f4ef4,4,3801834.9644310763,1000
0,panel_raw_gr_a100,e46f4ef4,5,5387259.879736801,1000
0,panel_raw_gr_a100,e46f4ef4,6,8244533.226609341,1000
0,panel_raw_gr_a100,e46f4ef4,7,2166929.610311687,196
0,panel_phase_a10,e46f4ef4,0,49246.20703933929,999
0,panel_phase_a10,e46f4ef4,1,436074.7049347353,1000
0,panel_phase_a10,e46f4ef4,2,1015591.4020569549,1000
0,panel_phase_a10,e46f4ef4,3,2679437.7600115095,1000
0,panel_phase_a10,e46f4ef4,4,4113731.7296719304,1000
0,panel_phase_a10,e46f4ef4,5,5801337.096224374,1000
0,panel_phase_a10,e46f4ef4,6,8652615.030784987,1000
0,panel_phase_a10,e46f4ef4,7,2274489.8949588975,196
0,panel_phase_a100,e46f4ef4,0,42123.02058472557,999
0,panel_phase_a100,e46f4ef4,1,386183.9428400569,1000
0,panel_phase_a100,e46f4ef4,2,891911.1080629048,1000
0,panel_phase_a100,e46f4ef4,3,2384982.704635555,1000
0,panel_phase_a100,e46f4ef4,4,3724425.2592659476,1000
0,panel_phase_a100,e46f4ef4,5,5245667.263165769,1000
0,panel_phase_a100,e46f4ef4,6,8175274.289462821,1000
0,panel_phase_a100,e46f4ef4,7,2163653.6173303877,196
0,panel_phase_a1000,e46f4ef4,0,26643.752319114363,999
0,panel_phase_a1000,e46f4ef4,1,262065.84093507845,1000
0,panel_phase_a1000,e46f4ef4,2,577389.311061863,1000
0,panel_phase_a1000,e46f4ef4,3,1534560.1915365045,1000
0,panel_phase_a1000,e46f4ef4,4,2421188.638850624,1000
0,panel_phase_a1000,e46f4ef4,5,3110431.8744482407,1000
0,panel_phase_a1000,e46f4ef4,6,4714149.221885034,1000
0,panel_phase_a1000,e46f4ef4,7,1206520.0116416933,196
0,panel_geom_a100,4f4afcc6,0,3444.0817992037037,999
0,panel_geom_a100,4f4afcc6,1,39231.98249182144,1000
0,panel_geom_a100,4f4afcc6,2,123964.57160207053,1000
0,panel_geom_a100,4f4afcc6,3,66017.9644464052,1000
0,panel_geom_a100,4f4afcc6,4,182141.6676612386,1000
0,panel_geom_a100,4f4afcc6,5,130467.26602477097,646
0,panel_raw_gr_a100,4f4afcc6,0,3494.0567427811166,999
0,panel_raw_gr_a100,4f4afcc6,1,39356.570615680466,1000
0,panel_raw_gr_a100,4f4afcc6,2,124739.7147585757,1000
0,panel_raw_gr_a100,4f4afcc6,3,65970.09819332488,1000
0,panel_raw_gr_a100,4f4afcc6,4,180808.11700353594,1000
0,panel_raw_gr_a100,4f4afcc6,5,129661.14274847833,646
0,panel_phase_a10,4f4afcc6,0,3877.2659142665843,999
0,panel_phase_a10,4f4afcc6,1,42882.962487316065,1000
0,panel_phase_a10,4f4afcc6,2,140818.22219962862,1000
0,panel_phase_a10,4f4afcc6,3,64222.08891236962,1000
0,panel_phase_a10,4f4afcc6,4,173229.94225286902,1000
0,panel_phase_a10,4f4afcc6,5,124587.17053147385,646
0,panel_phase_a100,4f4afcc6,0,4185.549520405122,999
0,panel_phase_a100,4f4afcc6,1,43408.09619943406,1000
0,panel_phase_a100,4f4afcc6,2,136034.13474202625,1000
0,panel_phase_a100,4f4afcc6,3,59700.19157422074,1000
0,panel_phase_a100,4f4afcc6,4,157391.43075909765,1000
0,panel_phase_a100,4f4afcc6,5,113632.25963518767,646
0,panel_phase_a1000,4f4afcc6,0,8200.045173773617,999
0,panel_phase_a1000,4f4afcc6,1,48959.23474121532,1000
0,panel_phase_a1000,4f4afcc6,2,96101.97439451572,1000
0,panel_phase_a1000,4f4afcc6,3,62840.738130357764,1000
0,panel_phase_a1000,4f4afcc6,4,161768.54040808018,1000
0,panel_phase_a1000,4f4afcc6,5,120293.49394494318,646
0,panel_geom_a100,c2c6fc71,0,249.0435952303318,999
0,panel_geom_a100,c2c6fc71,1,1113.706300535885,1000
0,panel_geom_a100,c2c6fc71,2,74548.1761201404,1000
0,panel_geom_a100,c2c6fc71,3,407143.28422772844,1000
0,panel_geom_a100,c2c6fc71,4,830725.9202008987,1000
0,panel_geom_a100,c2c6fc71,5,546006.317863773,1000
0,panel_geom_a100,c2c6fc71,6,694762.8113261217,1000
0,panel_geom_a100,c2c6fc71,7,108713.26864879484,120
0,panel_raw_gr_a100,c2c6fc71,0,255.62384773075456,999
0,panel_raw_gr_a100,c2c6fc71,1,1140.7584471920366,1000
0,panel_raw_gr_a100,c2c6fc71,2,74709.08556403485,1000
0,panel_raw_gr_a100,c2c6fc71,3,407221.55276438466,1000
0,panel_raw_gr_a100,c2c6fc71,4,830439.9797581766,1000
0,panel_raw_gr_a100,c2c6fc71,5,546323.3937508414,1000
0,panel_raw_gr_a100,c2c6fc71,6,694587.3452896344,1000
0,panel_raw_gr_a100,c2c6fc71,7,108826.79780187062,120
0,panel_phase_a10,c2c6fc71,0,212.1750031969732,999
0,panel_phase_a10,c2c6fc71,1,1161.2602762485044,1000
0,panel_phase_a10,c2c6fc71,2,78193.44112422218,1000
0,panel_phase_a10,c2c6fc71,3,417675.4369451773,1000
0,panel_phase_a10,c2c6fc71,4,853804.484530875,1000
0,panel_phase_a10,c2c6fc71,5,560254.518357909,1000
0,panel_phase_a10,c2c6fc71,6,693977.8566551494,1000
0,panel_phase_a10,c2c6fc71,7,108656.29421475872,120
0,panel_phase_a100,c2c6fc71,0,430.56904460753066,999
0,panel_phase_a100,c2c6fc71,1,2176.601553020814,1000
0,panel_phase_a100,c2c6fc71,2,84809.44243174115,1000
0,panel_phase_a100,c2c6fc71,3,435188.3167666367,1000
0,panel_phase_a100,c2c6fc71,4,869753.6524921778,1000
0,panel_phase_a100,c2c6fc71,5,581075.3533487538,1000
0,panel_phase_a100,c2c6fc71,6,732125.4281203713,1000
0,panel_phase_a100,c2c6fc71,7,112959.09139660622,120
0,panel_phase_a1000,c2c6fc71,0,2078.208517678793,999
0,panel_phase_a1000,c2c6fc71,1,1099.4614682582064,1000
0,panel_phase_a1000,c2c6fc71,2,55065.96824500603,1000
0,panel_phase_a1000,c2c6fc71,3,347899.5926062127,1000
0,panel_phase_a1000,c2c6fc71,4,667181.5970224986,1000
0,panel_phase_a1000,c2c6fc71,5,405910.08746557543,1000
0,panel_phase_a1000,c2c6fc71,6,533983.256873158,1000
0,panel_phase_a1000,c2c6fc71,7,82421.73081582396,120
0,panel_geom_a100,9d3ec64c,0,6310.977185365992,999
0,panel_geom_a100,9d3ec64c,1,85763.66996838793,1000
0,panel_geom_a100,9d3ec64c,2,403812.64551700436,1000
0,panel_geom_a100,9d3ec64c,3,382209.22131566145,481
0,panel_raw_gr_a100,9d3ec64c,0,6362.442283234873,999
0,panel_raw_gr_a100,9d3ec64c,1,86973.60470001493,1000
0,panel_raw_gr_a100,9d3ec64c,2,405657.2422188602,1000
0,panel_raw_gr_a100,9d3ec64c,3,382605.8454222158,481
0,panel_phase_a10,9d3ec64c,0,6718.030112860612,999
0,panel_phase_a10,9d3ec64c,1,89963.41845209454,1000
0,panel_phase_a10,9d3ec64c,2,416088.9997410049,1000
0,panel_phase_a10,9d3ec64c,3,393412.656987627,481
0,panel_phase_a100,9d3ec64c,0,6441.04536321461,999
0,panel_phase_a100,9d3ec64c,1,88893.48617728146,1000
0,panel_phase_a100,9d3ec64c,2,411285.3886393725,1000
0,panel_phase_a100,9d3ec64c,3,382585.42336757644,481
0,panel_phase_a1000,9d3ec64c,0,7214.667745381916,999
0,panel_phase_a1000,9d3ec64c,1,93658.11094760426,1000
0,panel_phase_a1000,9d3ec64c,2,379708.86019448243,1000
0,panel_phase_a1000,9d3ec64c,3,310431.0382036886,481
0,panel_geom_a100,137d1e44,0,148468.69516473036,999
0,panel_geom_a100,137d1e44,1,259839.83524222815,1000
0,panel_geom_a100,137d1e44,2,13344.248957114438,1000
0,panel_geom_a100,137d1e44,3,43006.992688915045,1000
0,panel_geom_a100,137d1e44,4,52777.83485998283,555
0,panel_raw_gr_a100,137d1e44,0,148558.96269472074,999
0,panel_raw_gr_a100,137d1e44,1,258602.389884381,1000
0,panel_raw_gr_a100,137d1e44,2,13446.894032337666,1000
0,panel_raw_gr_a100,137d1e44,3,42975.81560363575,1000
0,panel_raw_gr_a100,137d1e44,4,52667.34186743657,555
0,panel_phase_a10,137d1e44,0,154698.89352630504,999
0,panel_phase_a10,137d1e44,1,272342.51385714614,1000
0,panel_phase_a10,137d1e44,2,13616.146958726815,1000
0,panel_phase_a10,137d1e44,3,33561.04054954221,1000
0,panel_phase_a10,137d1e44,4,46982.666207863906,555
0,panel_phase_a100,137d1e44,0,148654.96966814582,999
0,panel_phase_a100,137d1e44,1,262428.4034192228,1000
0,panel_phase_a100,137d1e44,2,13495.884072576726,1000
0,panel_phase_a100,137d1e44,3,43216.32719956423,1000
0,panel_phase_a100,137d1e44,4,52302.08774381278,555
0,panel_phase_a1000,137d1e44,0,111599.56681784826,999
0,panel_phase_a1000,137d1e44,1,182509.6948214534,1000
0,panel_phase_a1000,137d1e44,2,81876.09877636269,1000
0,panel_phase_a1000,137d1e44,3,207417.0198401847,1000
0,panel_phase_a1000,137d1e44,4,152754.30393902643,555
0,panel_geom_a100,42669188,0,60926.42432827777,999
0,panel_geom_a100,42669188,1,183181.715841334,1000
0,panel_geom_a100,42669188,2,120261.851472165,1000
0,panel_geom_a100,42669188,3,5493.694050945397,1000
0,panel_geom_a100,42669188,4,835.7368059914098,283
0,panel_raw_gr_a100,42669188,0,61184.75715910329,999
0,panel_raw_gr_a100,42669188,1,184252.20171409828,1000
0,panel_raw_gr_a100,42669188,2,120719.1809340979,1000
0,panel_raw_gr_a100,42669188,3,5654.918094353188,1000
0,panel_raw_gr_a100,42669188,4,857.372216991848,283
0,panel_phase_a10,42669188,0,66387.2018462019,999
0,panel_phase_a10,42669188,1,199609.70671728227,1000
0,panel_phase_a10,42669188,2,127026.45801000971,1000
0,panel_phase_a10,42669188,3,5618.717807940476,1000
0,panel_phase_a10,42669188,4,1160.0839309496246,283
0,panel_phase_a100,42669188,0,60760.88702015809,999
0,panel_phase_a100,42669188,1,182307.12859925983,1000
0,panel_phase_a100,42669188,2,115313.11593411394,1000
0,panel_phase_a100,42669188,3,4886.952274985072,1000
0,panel_phase_a100,42669188,4,1016.4428274808656,283
0,panel_phase_a1000,42669188,0,25971.834932484708,999
0,panel_phase_a1000,42669188,1,89357.73436067504,1000
0,panel_phase_a1000,42669188,2,35736.99046108831,1000
0,panel_phase_a1000,42669188,3,3322.819524018992,1000
0,panel_phase_a1000,42669188,4,24.33103634030763,283
0,panel_geom_a100,fae0c593,0,52164.65742814431,999
0,panel_geom_a100,fae0c593,1,17196.169648175397,1000
0,panel_geom_a100,fae0c593,2,252070.58459681572,1000
0,panel_geom_a100,fae0c593,3,993527.554548202,1000
0,panel_geom_a100,fae0c593,4,426529.68753508135,404
0,panel_raw_gr_a100,fae0c593,0,52357.914426371055,999
0,panel_raw_gr_a100,fae0c593,1,17442.037817881217,1000
0,panel_raw_gr_a100,fae0c593,2,251060.67092560124,1000
0,panel_raw_gr_a100,fae0c593,3,993183.0501560043,1000
0,panel_raw_gr_a100,fae0c593,4,425738.22155514936,404
0,panel_phase_a10,fae0c593,0,54591.692617626715,999
0,panel_phase_a10,fae0c593,1,21232.700884304275,1000
0,panel_phase_a10,fae0c593,2,237263.81338813723,1000
0,panel_phase_a10,fae0c593,3,968369.4423337436,1000
0,panel_phase_a10,fae0c593,4,421435.74946415983,404
0,panel_phase_a100,fae0c593,0,53021.52683337172,999
0,panel_phase_a100,fae0c593,1,16986.486435313916,1000
0,panel_phase_a100,fae0c593,2,253190.20934043676,1000
0,panel_phase_a100,fae0c593,3,991693.3427493139,1000
0,panel_phase_a100,fae0c593,4,423761.27271390194,404
0,panel_phase_a1000,fae0c593,0,57384.60748222792,999
0,panel_phase_a1000,fae0c593,1,16284.130663446313,1000
0,panel_phase_a1000,fae0c593,2,376486.9869536586,1000
0,panel_phase_a1000,fae0c593,3,1228279.9629821538,1000
0,panel_phase_a1000,fae0c593,4,523382.91347661824,404
0,panel_geom_a100,febb4411,0,7684.173582176774,999
0,panel_geom_a100,febb4411,1,184090.04711279552,1000
0,panel_geom_a100,febb4411,2,523297.19278889376,1000
0,panel_geom_a100,febb4411,3,109787.8120630076,1000
0,panel_geom_a100,febb4411,4,46972.66826658541,248
0,panel_raw_gr_a100,febb4411,0,7801.00620296381,999
0,panel_raw_gr_a100,febb4411,1,185325.43949418637,1000
0,panel_raw_gr_a100,febb4411,2,525314.5861892959,1000
0,panel_raw_gr_a100,febb4411,3,110292.11265994173,1000
0,panel_raw_gr_a100,febb4411,4,46759.995500331315,248
0,panel_phase_a10,febb4411,0,8433.861731902005,999
0,panel_phase_a10,febb4411,1,202692.96343055993,1000
0,panel_phase_a10,febb4411,2,565236.1541256496,1000
0,panel_phase_a10,febb4411,3,119690.60369609827,1000
0,panel_phase_a10,febb4411,4,44094.303068357905,248
0,panel_phase_a100,febb4411,0,8253.477387212126,999
0,panel_phase_a100,febb4411,1,197910.83972314,1000
0,panel_phase_a100,febb4411,2,558801.7293431433,1000
0,panel_phase_a100,febb4411,3,118791.08671793719,1000
0,panel_phase_a100,febb4411,4,41507.67790135109,248
0,panel_phase_a1000,febb4411,0,8776.902425054966,999
0,panel_phase_a1000,febb4411,1,200631.21759041862,1000
0,panel_phase_a1000,febb4411,2,574817.7947415895,1000
0,panel_phase_a1000,febb4411,3,142340.92317189608,1000
0,panel_phase_a1000,febb4411,4,14306.976597380399,248
0,panel_geom_a100,059c8f24,0,213835.28275177066,999
0,panel_geom_a100,059c8f24,1,1912645.012580459,1000
0,panel_geom_a100,059c8f24,2,4797761.96946442,1000
0,panel_geom_a100,059c8f24,3,5937607.615847362,1000
0,panel_geom_a100,059c8f24,4,5723562.362974684,1000
0,panel_geom_a100,059c8f24,5,3249546.8167856927,1000
0,panel_geom_a100,059c8f24,6,16627.68871011821,259
0,panel_raw_gr_a100,059c8f24,0,213697.57331150895,999
0,panel_raw_gr_a100,059c8f24,1,1909606.1602525767,1000
0,panel_raw_gr_a100,059c8f24,2,4800477.907909009,1000
0,panel_raw_gr_a100,059c8f24,3,5943298.613625191,1000
0,panel_raw_gr_a100,059c8f24,4,5727926.236572325,1000
0,panel_raw_gr_a100,059c8f24,5,3254268.731731879,1000
0,panel_raw_gr_a100,059c8f24,6,16781.91667185052,259
0,panel_phase_a10,059c8f24,0,221661.31905898903,999
0,panel_phase_a10,059c8f24,1,1966213.2796167347,1000
0,panel_phase_a10,059c8f24,2,4976283.661972968,1000
0,panel_phase_a10,059c8f24,3,6111771.876921912,1000
0,panel_phase_a10,059c8f24,4,5840425.204904754,1000
0,panel_phase_a10,059c8f24,5,3266695.0524685956,1000
0,panel_phase_a10,059c8f24,6,17226.79170962185,259
0,panel_phase_a100,059c8f24,0,211645.2738921905,999
0,panel_phase_a100,059c8f24,1,1913696.7269593503,1000
0,panel_phase_a100,059c8f24,2,4965461.882245745,1000
0,panel_phase_a100,059c8f24,3,6058727.073723238,1000
0,panel_phase_a100,059c8f24,4,5803819.773755138,1000
0,panel_phase_a100,059c8f24,5,3318862.568820607,1000
0,panel_phase_a100,059c8f24,6,16037.76308784755,259
0,panel_phase_a1000,059c8f24,0,171370.25995968116,999
0,panel_phase_a1000,059c8f24,1,1530809.2503340798,1000
0,panel_phase_a1000,059c8f24,2,3867348.799415658,1000
0,panel_phase_a1000,059c8f24,3,4753460.417778384,1000
0,panel_phase_a1000,059c8f24,4,4705051.795223701,1000
0,panel_phase_a1000,059c8f24,5,3010911.857985933,1000
0,panel_phase_a1000,059c8f24,6,11787.763496580175,259
0,panel_geom_a100,1e5e3573,0,88514.93352366851,999
0,panel_geom_a100,1e5e3573,1,562902.8357409223,1000
0,panel_geom_a100,1e5e3573,2,784268.0932781885,1000
0,panel_geom_a100,1e5e3573,3,833537.4906499314,1000
0,panel_geom_a100,1e5e3573,4,1100322.8535510593,1000
0,panel_geom_a100,1e5e3573,5,819837.9849816231,481
0,panel_raw_gr_a100,1e5e3573,0,88380.69847560197,999
0,panel_raw_gr_a100,1e5e3573,1,563365.80637697,1000
0,panel_raw_gr_a100,1e5e3573,2,785604.4159576262,1000
0,panel_raw_gr_a100,1e5e3573,3,835899.299176067,1000
0,panel_raw_gr_a100,1e5e3573,4,1103759.7356320634,1000
0,panel_raw_gr_a100,1e5e3573,5,820377.7463248889,481
0,panel_phase_a10,1e5e3573,0,101194.78927412977,999
0,panel_phase_a10,1e5e3573,1,665907.68688589,1000
0,panel_phase_a10,1e5e3573,2,968553.2730854249,1000
0,panel_phase_a10,1e5e3573,3,1072030.0386033582,1000
0,panel_phase_a10,1e5e3573,4,1438758.3939627395,1000
0,panel_phase_a10,1e5e3573,5,1049515.2154049585,481
0,panel_phase_a100,1e5e3573,0,88582.28678648094,999
0,panel_phase_a100,1e5e3573,1,580286.7099019999,1000
0,panel_phase_a100,1e5e3573,2,830222.7822651955,1000
0,panel_phase_a100,1e5e3573,3,907709.7467449263,1000
0,panel_phase_a100,1e5e3573,4,1196956.1990630575,1000
0,panel_phase_a100,1e5e3573,5,866877.9334074274,481
0,panel_phase_a1000,1e5e3573,0,58554.15234625285,999
0,panel_phase_a1000,1e5e3573,1,357233.3507019192,1000
0,panel_phase_a1000,1e5e3573,2,434104.22759745986,1000
0,panel_phase_a1000,1e5e3573,3,426071.05374439707,1000
0,panel_phase_a1000,1e5e3573,4,497506.8828527672,1000
0,panel_phase_a1000,1e5e3573,5,394392.58410132467,481
0,panel_geom_a100,028d7b28,0,19812.217013080426,999
0,panel_geom_a100,028d7b28,1,696178.5839882016,1000
0,panel_geom_a100,028d7b28,2,3378109.536095763,1000
0,panel_geom_a100,028d7b28,3,6453859.083322844,1000
0,panel_geom_a100,028d7b28,4,5130777.889450008,1000
0,panel_geom_a100,028d7b28,5,2314624.4596737865,1000
0,panel_geom_a100,028d7b28,6,208771.9971013506,235
0,panel_raw_gr_a100,028d7b28,0,19815.1728515854,999
0,panel_raw_gr_a100,028d7b28,1,698113.5624065084,1000
0,panel_raw_gr_a100,028d7b28,2,3376471.3394910353,1000
0,panel_raw_gr_a100,028d7b28,3,6456939.705515356,1000
0,panel_raw_gr_a100,028d7b28,4,5135815.898505242,1000
0,panel_raw_gr_a100,028d7b28,5,2316110.321630783,1000
0,panel_raw_gr_a100,028d7b28,6,208950.14925481717,235
0,panel_phase_a10,028d7b28,0,19635.051619881942,999
0,panel_phase_a10,028d7b28,1,702222.9527752493,1000
0,panel_phase_a10,028d7b28,2,3490860.1202799287,1000
0,panel_phase_a10,028d7b28,3,6649168.827991302,1000
0,panel_phase_a10,028d7b28,4,5259919.377335666,1000
0,panel_phase_a10,028d7b28,5,2297369.8013826194,1000
0,panel_phase_a10,028d7b28,6,202358.8763158124,235
0,panel_phase_a100,028d7b28,0,18757.0293303705,999
0,panel_phase_a100,028d7b28,1,685330.4823372447,1000
0,panel_phase_a100,028d7b28,2,3421108.121204659,1000
0,panel_phase_a100,028d7b28,3,6460115.2734713135,1000
0,panel_phase_a100,028d7b28,4,5129658.004934345,1000
0,panel_phase_a100,028d7b28,5,2324231.8957354208,1000
0,panel_phase_a100,028d7b28,6,208805.165859068,235
0,panel_phase_a1000,028d7b28,0,16639.21829026527,999
0,panel_phase_a1000,028d7b28,1,553478.3163793226,1000
0,panel_phase_a1000,028d7b28,2,2926852.131436045,1000
0,panel_phase_a1000,028d7b28,3,5235730.499538805,1000
0,panel_phase_a1000,028d7b28,4,4001491.4364919667,1000
0,panel_phase_a1000,028d7b28,5,2056664.2011433872,1000
0,panel_phase_a1000,028d7b28,6,193763.6308980371,235
0,panel_geom_a100,ed6436d6,0,87769.28800734831,999
0,panel_geom_a100,ed6436d6,1,271800.4602163182,1000
0,panel_geom_a100,ed6436d6,2,251983.84645313318,946
0,panel_raw_gr_a100,ed6436d6,0,87138.50386256668,999
0,panel_raw_gr_a100,ed6436d6,1,268971.08302543947,1000
0,panel_raw_gr_a100,ed6436d6,2,248102.2706172781,946
0,panel_phase_a10,ed6436d6,0,99029.30840445052,999
0,panel_phase_a10,ed6436d6,1,311914.5057122757,1000
0,panel_phase_a10,ed6436d6,2,290013.96834384685,946
0,panel_phase_a100,ed6436d6,0,93212.81188450946,999
0,panel_phase_a100,ed6436d6,1,284260.3362987537,1000
0,panel_phase_a100,ed6436d6,2,262771.1200785505,946
0,panel_phase_a1000,ed6436d6,0,64873.85877088711,999
0,panel_phase_a1000,ed6436d6,1,166109.9910456386,1000
0,panel_phase_a1000,ed6436d6,2,119144.15456998869,946
0,panel_geom_a100,39b51819,0,16632.547092377594,999
0,panel_geom_a100,39b51819,1,127895.29653210648,1000
0,panel_geom_a100,39b51819,2,132592.6763974153,1000
0,panel_geom_a100,39b51819,3,285260.1466079462,1000
0,panel_geom_a100,39b51819,4,113556.69361864559,232
0,panel_raw_gr_a100,39b51819,0,16797.765691770725,999
0,panel_raw_gr_a100,39b51819,1,129503.58708068877,1000
0,panel_raw_gr_a100,39b51819,2,134782.43417235638,1000
0,panel_raw_gr_a100,39b51819,3,290629.9001533697,1000
0,panel_raw_gr_a100,39b51819,4,114597.99146902535,232
0,panel_phase_a10,39b51819,0,16947.770900799573,999
0,panel_phase_a10,39b51819,1,137518.13295961416,1000
0,panel_phase_a10,39b51819,2,138286.25432290192,1000
0,panel_phase_a10,39b51819,3,285555.6788993603,1000
0,panel_phase_a10,39b51819,4,111201.3770231105,232
0,panel_phase_a100,39b51819,0,18290.32253260051,999
0,panel_phase_a100,39b51819,1,134576.34352116784,1000
0,panel_phase_a100,39b51819,2,137007.5664814104,1000
0,panel_phase_a100,39b51819,3,281530.4717336935,1000
0,panel_phase_a100,39b51819,4,109951.85667322054,232
0,panel_phase_a1000,39b51819,0,19402.91752865622,999
0,panel_phase_a1000,39b51819,1,131132.9964833738,1000
0,panel_phase_a1000,39b51819,2,142950.04820906447,1000
0,panel_phase_a1000,39b51819,3,277411.17571761436,1000
0,panel_phase_a1000,39b51819,4,105802.60499653022,232
0,panel_geom_a100,9f0c7bae,0,107801.7748451255,999
0,panel_geom_a100,9f0c7bae,1,365527.6311265976,1000
0,panel_geom_a100,9f0c7bae,2,262659.0683748705,543
0,panel_raw_gr_a100,9f0c7bae,0,108512.83119198006,999
0,panel_raw_gr_a100,9f0c7bae,1,367568.23541708547,1000
0,panel_raw_gr_a100,9f0c7bae,2,263438.35382639273,543
0,panel_phase_a10,9f0c7bae,0,118624.27644326778,999
0,panel_phase_a10,9f0c7bae,1,403188.27244355297,1000
0,panel_phase_a10,9f0c7bae,2,293357.2230350255,543
0,panel_phase_a100,9f0c7bae,0,105835.12688702675,999
0,panel_phase_a100,9f0c7bae,1,367645.7846951167,1000
0,panel_phase_a100,9f0c7bae,2,263697.3945502648,543
0,panel_phase_a1000,9f0c7bae,0,61313.31067547262,999
0,panel_phase_a1000,9f0c7bae,1,181020.87015375507,1000
0,panel_phase_a1000,9f0c7bae,2,99963.12148838937,543
0,panel_geom_a100,73b1447d,0,94156.35018227763,999
0,panel_geom_a100,73b1447d,1,620648.7992238622,1000
0,panel_geom_a100,73b1447d,2,464873.1898674926,1000
0,panel_geom_a100,73b1447d,3,339849.5881107005,1000
0,panel_geom_a100,73b1447d,4,714985.4071454216,1000
0,panel_geom_a100,73b1447d,5,147852.38578453136,671
0,panel_raw_gr_a100,73b1447d,0,95408.04940166487,999
0,panel_raw_gr_a100,73b1447d,1,624074.8291867593,1000
0,panel_raw_gr_a100,73b1447d,2,467445.3370177778,1000
0,panel_raw_gr_a100,73b1447d,3,342305.80100807914,1000
0,panel_raw_gr_a100,73b1447d,4,716899.0141954287,1000
0,panel_raw_gr_a100,73b1447d,5,149560.192699973,671
0,panel_phase_a10,73b1447d,0,90507.65913776371,999
0,panel_phase_a10,73b1447d,1,624908.5563560234,1000
0,panel_phase_a10,73b1447d,2,471712.2756873725,1000
0,panel_phase_a10,73b1447d,3,333073.77464462013,1000
0,panel_phase_a10,73b1447d,4,720655.4031875861,1000
0,panel_phase_a10,73b1447d,5,149116.72259337822,671
0,panel_phase_a100,73b1447d,0,91693.74393808606,999
0,panel_phase_a100,73b1447d,1,604247.1629940869,1000
0,panel_phase_a100,73b1447d,2,454682.4381212813,1000
0,panel_phase_a100,73b1447d,3,346541.25112654857,1000
0,panel_phase_a100,73b1447d,4,735954.6842925103,1000
0,panel_phase_a100,73b1447d,5,157021.25226701918,671
0,panel_phase_a1000,73b1447d,0,74766.62889856692,999
0,panel_phase_a1000,73b1447d,1,392627.78062400536,1000
0,panel_phase_a1000,73b1447d,2,241915.30934193035,1000
0,panel_phase_a1000,73b1447d,3,270329.8693626738,1000
0,panel_phase_a1000,73b1447d,4,617071.065126123,1000
0,panel_phase_a1000,73b1447d,5,125899.62437249506,671
