well,nbr_dist,roughness,dip_med,dip_p90,ramp_end,ramp_max,sfx_len,sse_a,sse_d,cross,s_a,s_d
000d7d20,305.1211164439041,18.52134924173653,0.038919450479767775,0.04193619568224697,1.3212622036444372,13.051925400164691,3836,213161.5603000281,45765.44366560581,50504.93851502121,1.3895488677916654,1.9647056268230472
00bbac68,314.9882985128311,11.919536943082091,0.02656422374400862,0.03309543571090093,9.96180629160881,28.30624654609892,6014,1401026.0417000225,157074.91105523345,10906.949209786131,,
00e12e8b,362.1774187992472,33.11549461347478,0.038943983138525054,0.0463871590075977,10.284376347681246,25.786498252251477,4301,270098.9717000084,275632.3694342757,-26974.57495429482,6.478610618463481,5.881495479271025
015fe0d2,1026.9627514667427,14.080602126684873,0.029384972184690793,0.04995284883983253,37.65045834081684,38.68412778726815,4296,2303295.7421999145,163934.52563916615,-395880.2527119584,1.3025513876298678,1.0241040996493789
01869cd4,355.1553380937971,19.479191782515063,0.03915963990012386,0.05235462865198565,17.38448064440672,29.34227195832318,5557,626576.8553999823,314892.10378459346,-324112.1839692929,12.559595567387515,2.4287520679413643
01982c1d,255.74532981355497,17.996960790071107,0.03891266937602493,0.0656276318912557,12.028387515785653,12.682145950437189,3941,158137.36869999464,12895.466448390987,-31038.670706773886,1.1993401321463475,3.4244347856313415
028d7b28,186.52634023095993,30.702192454031234,0.09313842020047644,0.10129825409446006,1.4821676551218843,18.219560531711977,6234,340784.0814999975,241420.65421679546,65121.17732481464,6.468991858474517,1.0353222628798033
02e7fe5a,282.78635512966815,15.975981740674328,0.048031698358341784,0.052463054987570035,15.66251111267411,15.66251111267411,5108,361659.8211000382,271965.320593135,232682.21086669766,3.853055446591272,0.7296448101724464
0390d174,454.9416852740593,23.064895912132446,0.04938259428039085,0.05048290394467415,12.48658754027565,23.618751231453643,4411,320002.1529999826,549660.6347926563,107439.62043006056,6.224606464348374,2.3206702570522073
03a935ae,3919.079388383003,22.64082840660869,0.17719506404035523,0.18675497935336144,104.07153989740254,278.8534867616818,2786,3423484.1721999906,30051346.805989526,4069828.478186712,12.010705860823128,59.79488909978342
044af7d1,885.9411929388823,26.328059014245603,0.03363417849717792,0.03992248543867598,15.112790722578211,27.956603263733996,4519,440060.75439996406,145920.4652190579,58101.37383624491,4.206344157587492,1.2135805261212278
0498acab,1071.8512043180704,20.963980707617793,0.07089262283909226,0.0811670205648834,0.3390560495117825,53.765025800244985,4798,172505.77320002817,6192672.287746856,637500.2568768791,1.7662007521668315,1.6989751547025265
052d64df,448.93706463174306,16.409584363547356,0.034710572292186444,0.037117726361323496,8.414073310346794,24.852498054846365,2445,133753.3218999966,472230.6603121805,70328.78861466149,1.8027445487007205,0.9084465528628053
05948241,321.90212627447556,19.212980139983035,0.04144258602111524,0.04280362344300569,0.6522374846972525,11.070943836804872,3879,96810.98729998441,40395.920635947885,29325.11248123952,4.314448102137057,1.4771470601355259
059c8f24,3552.825600701497,53.576720282693614,0.047791622821461724,0.048224265606855096,98.75426496617365,152.85714958420067,6258,745174.8376998631,70829384.36002117,-6100117.056928939,4.847701006714721,10.76766185684941
05a0ee4d,631.5439938578576,30.40206846878465,0.04703372609840438,0.0525021195997239,29.997745315093198,34.43859061673902,4348,1463224.9323999844,251778.85782291382,43815.73543158058,4.550231023768359,5.55353569495547
060ab2b8,361.84293415776784,19.149952665982596,0.04044639037371258,0.04431840688639449,69.4188178771019,70.79674264868481,6258,512354.68569999875,4695035.124692924,-1229566.0894328866,,
06df5958,372.9504060988204,15.102493935361114,0.03263934619174215,0.03364563099452349,26.733202714387517,27.81264025597011,3509,33471.45909999425,812254.4259850676,33864.67678641184,3.089359784413247,7.467620750685061
071d7b45,4668.216471255614,40.828765901016254,0.049797036442851245,0.051046409346891336,13.54879211160005,27.88664434887687,3211,940663.5806999529,53583.81893275916,27362.40785242502,3.8238815952574705,4.974684897361189
0849b4e2,202.58039851775825,14.573620645605777,0.04659458800977335,0.06315681370308579,16.455111042636418,24.256021043718647,5537,1175021.72299998,217261.5512127702,259384.48112485078,1.968236335239267,0.8672075165543031
084d66f9,856.437020509821,24.58437994947188,0.03866746351200692,0.055770332936055385,27.78550811770583,30.52339088366898,3885,444215.2066999436,886093.2972865694,364078.31858484016,1.882393337037406,0.7775044035504267
08fecf00,200.56817489779723,13.618706452911368,0.04110809413273949,0.060298597685285824,7.8633321335964865,17.106158108283125,5574,126283.21250000465,343278.15754613135,65182.658057908535,5.796444389477507,3.0230934083930987
09053135,825.9585164731851,26.226297031195426,0.04249231744597527,0.04386946376473947,27.925333724882876,27.925333724882876,5907,1038857.0287001365,2310264.1261435486,1278408.3056386549,3.4631093615574255,1.2803597319682012
09441b8d,334.4344629369565,16.82496172683223,0.04071944920887536,0.04581731124462862,19.922372827693835,32.91212878031911,5488,1394247.1338000814,125423.32621442138,-189296.8820683841,4.952845386174857,0.9310586996688275
0955cd6c,326.16865158979203,15.063045481147112,0.04161161451649858,0.047473837329567045,2.696257158782828,17.572417381561536,5195,334401.8539999437,81674.22870562594,42079.36367881831,2.2162122912569417,0.5965973292933933
09ec2ca9,334.6746905580253,16.340141224431733,0.043666381741363884,0.058769175592693526,8.322877714339484,13.871361334622634,5885,221343.34890001302,293025.94310938,122625.94989835704,2.6650713916682616,3.482835364983832
0a57a29c,345.1192548961306,15.5140891611464,0.0325914059837978,0.03747010222566291,7.581966790075967,23.875108566009658,5821,281389.29850003216,628455.1379975057,-66507.55973802927,1.7215256778887544,0.2741908965833983
0bbf5e67,697.2483850824271,17.63991911785233,0.03180878318924981,0.036384819683608766,18.010511284006498,30.46933314002672,4298,1451514.2024998572,23674.2910586516,42070.51569858615,13.206404677084786,0.9932096124835069
0be01c24,188.54391941503496,12.298857927989859,0.05519171562717133,0.060743921248069155,4.688261711704399,19.89658294349647,4738,324309.65619996766,82960.47222136891,-103379.40617880606,3.7217319583846633,2.018207570512842
0c1b160c,950.4188989070876,15.703694827969569,0.032050014377976624,0.034508974803917125,24.64889063636656,43.14310607992411,5054,359356.0429999506,3306910.76635121,-360260.54495735624,5.997218573367817,5.96078014275815
0d99f8e4,337.8511028542642,15.62488728709348,0.03261659701687045,0.038327110359599625,26.266371395397073,26.266371395397073,5823,508334.09279999876,149041.63487304864,95881.60288169503,0.378337518800059,0.34042573231446305
0dc5e64d,236.48465193343958,30.900936449199992,0.049342071267494916,0.050528510941912665,15.446650673835393,23.08483263344897,4879,1582345.974200055,1337288.328839939,1293384.0592973076,,
0dc835f3,218.370960065665,21.04621231324957,0.04774145410435307,0.057879341862533885,24.927420389072722,24.927420389072722,4428,231450.2492999947,143904.69948818328,81274.42411196795,,
0dd99dc5,351.92923801238214,14.325012702477487,0.0338782847742134,0.04113754415398219,13.174717619576768,22.885687086964026,7342,497854.906400033,1249460.6029768754,512432.55221355753,3.1076903038086994,0.4704995567590402
0e5e560d,2050.682640732023,24.296361730912984,0.050552879626797734,0.05854177148335725,84.09006784297344,96.43606809486846,3253,344702.18510000076,13882189.951999992,-1504144.302288483,6.797611268383416,8.310079029530897
109d9d70,256.9757918560497,18.799084585425852,0.04743718925376723,0.0526697235123217,25.72079014958399,25.72079014958399,4215,370153.75439999305,142496.14778967673,77295.2106047938,1.412563822177055,7.9909274124885705
10a1281a,357.847298438944,14.446762991670285,0.03747464196932289,0.04191757891717952,13.821315688941468,14.637623462362171,5609,72337.0941999917,282353.66665299394,-11674.598836234625,1.896613453657181,4.183253155966586
10b89021,307.06043981593757,13.396786913636419,0.029809126221685783,0.04783732699597342,13.58170280030754,14.05998693347101,5414,1173309.603399986,1336754.8077937537,1168033.7341044203,2.5303170471269207,0.33980699178009793
10be2420,370.343378501623,21.389948345762036,0.04421079056064102,0.04501058442923401,27.568807189451036,29.126564493104524,3271,575084.5323999216,70764.24842943046,-185527.56796194942,4.4983881826906185,0.5505238011000023
113011eb,525.2983398033463,19.506434425193483,0.03807290227152015,0.041688009680481225,5.458692789210545,13.139426351412112,3272,87724.80140000147,72445.3536385439,31667.167989117406,1.0889852565075098,0.9520244008715579
1131525f,725.0555156195653,25.645749280645617,0.037949948870979515,0.041834321067717894,20.205025458833916,20.227928349817375,4159,895074.019499977,71021.7346777048,216969.06104241553,17.60890453359446,1.3672550753805308
11d0f5ac,595.4894976401762,20.393908978847257,0.03636261113219336,0.03798195480874825,46.0875662191047,54.02992763599286,4883,2399865.876599984,2258629.658549692,-2230947.0577172064,0.6916456348517349,1.371974283032854
12203f2a,220.80201199239391,22.68465029451345,0.04284617006131354,0.04761710691694589,3.2277082829350547,24.006207703732798,3261,617638.192199976,38509.05068616835,-64834.53582536938,0.9443281872275197,3.073704707327475
122bd617,388.94492379842404,19.00434948576359,0.04329250956108466,0.045001945028668236,20.860013983767203,31.955921467808366,4570,622400.3696999968,144768.36172614407,-21290.696300990578,13.518788792304806,0.9835545067206923
125be846,347.490108009354,15.400673934204924,0.03844491649221989,0.043104888063354024,17.790031020424067,21.007440112913173,6510,2213950.059000002,403684.2020014554,874615.3335635151,4.0258603799143735,3.308081479728466
1285a37b,84.6246826826553,18.131301132166655,0.03910764308999505,0.060673815209485255,8.859894972298207,9.642684656881102,5597,172346.77079995148,472038.79766822926,242799.3376084288,1.1161795856722856,0.25487438280109825
1295a25b,341.9295468510898,23.785236459566626,0.04342914130286591,0.0591736635733517,8.931979549568496,18.712424286242822,5551,524104.43609998183,457409.16118089046,312259.6094214163,3.4609921873826073,1.7605987468047444
12f0cd90,343.58129613430117,28.98851673508802,0.053410916323664556,0.05673683138155335,2.8457378618895746,26.729244905080122,5947,370685.84530000103,902781.7428608012,-76991.97321151695,1.540414185233628,4.102546226245795
137d1e44,370.59952612222764,32.398962150622914,0.039654767623210394,0.04113288096376158,28.162684723794882,45.84207218523625,4554,2848566.7522000335,889305.9430292482,-239084.29739082285,3.3654503738578536,0.35964450608158177
13ce113d,4801.254845485714,52.57821386693831,0.05328932736075709,0.05511827464868473,13.541833270088318,33.90507660840194,2966,33905.114600001645,728248.8299997345,-79651.05880985923,3.092370922944921,1.4956303812091005
13f598d9,352.1021402400885,15.188549283691534,0.042718645707540234,0.046915345191765837,26.257192700579253,37.45614312386715,7306,1681009.1951999082,830221.2238934054,-829169.88596515,1.6673853212512089,0.5768055096140687
14a53cb3,350.926540161523,12.472235881000735,0.026074612412964514,0.03460860089337089,2.1723552124167327,11.147000022476277,6919,553934.1934999984,840765.428700318,565408.8157421686,7.037149043943066,3.2093385140047124
14ab73fb,342.6824562185196,39.99375888322309,0.05780042146290863,0.06038176712371095,46.16521294530685,46.16521294530685,3649,801347.0075000683,234831.83407851562,8524.84258266523,3.725692170803621,0.8845456164165333
14ad5efb,362.33945368961446,26.50207253098336,0.05538222657209023,0.05886374854194798,4.208300445421628,19.159366271356703,5842,231758.8987999946,132264.6950965418,-19932.533495329866,5.458998810227805,3.733293005804856
14fee784,518.0297658516956,22.934791222888556,0.04917418641213995,0.04982939551549903,48.2106107270065,50.05626670559468,4910,2252749.7953000735,5577599.802579768,2473233.465374495,5.861581256441037,3.4705153736980168
153552f5,373.8921685458562,21.333687232578836,0.04405123042564436,0.05105036973759959,12.253984463566667,12.253984463566667,4695,125077.06239997777,303336.85258239356,160802.60170806825,2.3496129814905635,0.5815641048806323
1550491d,198.65899272677382,15.957139085643355,0.05839058497327146,0.06356264729857745,32.9462489497746,42.19835383926511,4563,2044445.3209001047,372342.1683335099,-109425.85397600998,0.48965837138254575,0.5536820744743264
155887bb,77.38218154143954,22.177169243591983,0.03041307361989406,0.03981131007550948,30.92266824469334,31.916108628911388,5585,776774.3675998591,278629.7341073089,-394400.8243786378,,
1590af81,265.37291401806374,21.332586786050307,0.03960673604656749,0.04787892244691544,14.321519065810207,26.555240827728994,3799,117478.2519999928,865138.0166045773,49500.65344336362,3.330597202300176,0.9843719853798558
15e154a1,40.58207732491934,11.549163102120097,0.02612170649042574,0.03296771829126875,9.40589223675488,28.980268465880727,6068,3273501.5383999036,237284.46061600963,839741.3412131888,4.116315462781397,1.8389844709841352
1619e2ca,1175.1101293496963,44.62763143064372,0.053552101134745594,0.05872498665555052,22.43813119337574,22.43813119337574,4443,271166.40310002334,469223.0838713438,61931.39925988775,5.949178273789437,0.9519967861645539
16e4a047,296.96900632947313,16.406489864042324,0.03363292574533725,0.03680130836021069,10.693332957309394,15.160267502114948,4131,474321.20359999844,98259.46948788328,159762.38849617014,,
173ed841,174.43499104258711,16.4221107499731,0.03534379392103678,0.042250096924150854,16.667570491730658,16.756118894471,4883,1509211.2462000293,2071345.9598717527,1598105.7118365983,0.642097321742031,5.142617263830685
1770d7c6,264.8046109869803,11.243518671188864,0.03952035454050233,0.04576644748869073,16.74479030054681,20.541125512289,7240,1101198.0593000806,55740.03698472118,-135294.11275075763,1.4566922705674694,3.2592920394120637
177622d7,218.63457821093476,12.629372830887593,0.035587445250156044,0.03780243655524496,10.126680836221567,20.82234974959647,3154,302931.7724999666,56667.82936637008,-48969.342842501996,5.968707863323605,4.870960639042371
18d24f7b,328.7357747652214,13.154187304069104,0.038100992943611425,0.04413590635300317,2.8589985355592944,10.288626653751635,4558,258447.93780000837,196021.2650096822,180659.2911417209,0.010456853943576764,1.5861658736605941
19137a89,191.52736227471308,18.43059510535405,0.05297297193804905,0.06909140115689807,17.088230907986144,18.803056617847687,6267,2057653.7295998624,1754243.0921302023,1676867.7500655714,4.869363576813032,1.2446491933660393
1944513c,219.59627152393898,15.833995975892218,0.049581912541862276,0.05281360421296078,7.272125638244688,8.331240482832072,4722,155510.10910001086,105586.89534873991,111498.25529308607,12.292300734874061,1.2966283414931765
197f8a5a,600.8389109677835,15.834301258651331,0.029425822105298757,0.033018477636819005,4.264427784552026,40.13080062753943,6310,3823390.0059999293,1109219.579817028,1669829.1404505477,3.6334275148428348,5.955173459444427
19871e7f,354.8492223467268,17.97889942708894,0.03091946586612802,0.04365750876654692,7.33223716325665,15.436644902243643,5293,151718.7225999961,332560.62252715265,111186.0501032726,0.4785150488562758,2.7332725269852016
198a5607,393.0046677839494,17.105722315573303,0.036434595223414586,0.04050005947614375,0.7371451917842933,14.712142819185829,6251,618224.2982000186,83227.72072308853,182584.51200808096,1.576582920617519,0.8733365995838591
19fb4f7b,276.18727794766386,16.06850810543333,0.040190806194265495,0.07142279163831936,3.3151270817252225,43.05707904040173,5620,691178.2170999656,4256933.741635133,885057.3150231286,8.068150997987013,4.956405359540414
1a518997,360.9705107070074,11.0107492223507,0.0347916950644392,0.03685787099515928,6.470199086727007,7.312891643459807,4606,533341.0858000903,172519.8224877156,296810.8268408377,9.226229348536622,4.319720009991884
1a68190b,319.385970418516,24.990858883487206,0.04215556331745058,0.04480643896922972,2.3028714568918076,14.469397114353342,4474,1208001.96979998,617859.8107513366,801114.4090652722,2.3193874654766478,3.2235695572812166
1a730ac2,247.86455858000286,21.43995915195489,0.04742775068702247,0.050453617840039974,7.4170657415761525,18.886960730302235,4605,1231080.455900014,789600.4280442066,785216.1236778591,9.041341428762351,1.9379438203354715
1aaf1da0,382.5610238903408,19.656156120602525,0.05050879143568563,0.05836153309669611,38.03990286444423,38.03990286444423,4804,414444.19379989576,533752.3329229642,-362653.88662634126,6.633446035531454,3.3190054287760975
1b08ed48,181.71940567810606,9.91037128388134,0.03409672114133207,0.04157737617259013,21.344877357909354,24.933757239803526,5618,787361.948899942,193008.12099847136,-357167.906964674,0.3424144981806306,0.26355738966787284
1b1c5372,324.8424073304042,15.417123685511871,0.04804324609900307,0.050021876597316155,7.674185630710781,16.779665434618437,4261,1355122.6783000147,542529.6486329957,822272.6225383616,1.4662424195609653,1.376650718023937
1b1eba53,1491.5435293682312,15.959434122173517,0.04901379941424771,0.0908601321189262,63.28461550246902,95.37275024570226,4655,23228083.40320031,53149773.158696786,34188263.31421364,4.856650578928205,24.72275345187188
1b6ba517,506.9330885315277,12.065123921219023,0.03048802823487854,0.03675909456308257,21.457226991235075,23.8937242295342,6597,403244.91989994753,610490.2025991419,-154503.68607513234,0.5891702682062663,1.129297435787237
1b82b665,453.68359062233725,19.819411875970772,0.04465773744119934,0.048392969485356596,0.776982263154423,11.30543579228106,3806,141927.6272000085,79597.10731607878,28429.477790478217,3.097578320718245,3.1712150076150905
1bcb2fcf,362.88424146190624,24.38799784155775,0.02960631772209472,0.03974865213628016,7.2863636770125595,17.338886823685243,4524,174250.71569998885,99352.9442066543,-2339.7246124849257,3.18853272856043,4.82165141009108
1beca81d,1192.420564440349,27.123626347706548,0.035512509432143416,0.0377202735653107,43.25412401504582,43.50165692043993,5036,334895.3758999607,1368113.513850746,-237295.64601612117,10.51831769897014,2.0790690283663533
1d3fbf02,1003.2882553381597,25.188716937102953,0.039606979124789415,0.041706809901194776,49.21742825677029,49.21742825677029,2694,93980.81919998393,1665260.6248813325,100940.53969223835,0.5957561022212522,5.095416183159345
1d78281a,317.12254166473554,26.20449597872377,0.04309069516262915,0.045217918986894284,5.8296953125445725,21.209155814982296,4949,698620.6686999485,103824.12403758723,136711.97668755476,1.99568011726193,0.6399040223931438
1e30dedf,353.1963841831488,31.62759663252968,0.06699078325670886,0.07134193398737608,11.413940577724134,26.32637418588638,4071,599691.7099000127,243121.72069129747,-16036.080879245645,2.521592763583474,3.2180099571893543
1e5e3573,325.8128685300917,19.54033071903783,0.04499459141108467,0.04940172051810254,5.234998618467216,13.332385936417268,5480,778863.3129000705,435465.0475921069,454079.86468290014,5.900922079547034,0.2920045319900307
1f9afacb,186.87333647606255,13.183216182228707,0.03108939339492051,0.037304012300398245,4.914653653360801,8.3075295039489,5328,33792.09190000433,61454.47280776455,-3060.539430116434,0.6503916970616063,1.7235229124102711
1fdbba44,313.7280990712659,18.917137184712452,0.05454921353022604,0.06341193731196376,21.4022250296548,21.4022250296548,4911,167224.36259998268,82677.75324435886,52879.78048804282,3.7224921667986783,1.3229094109606743
1fee2b62,1242.523569675893,36.83468287497534,0.04239700299538985,0.04396511666514537,5.947150197131123,18.97520636904119,4641,317502.3180000169,126073.1856346598,-51742.29621589943,0.5316251510279106,2.099733759506643
20096916,351.4928176931249,17.819694501011483,0.039267706379971234,0.0506229639565752,15.112641523661296,15.112641523661296,5133,561303.7489999586,400143.80821279204,394044.18257262267,13.401520706551878,1.7065673748194994
200d233d,385.9091621521035,12.24350758617442,0.0271587689118922,0.039251281748470646,4.432551519401386,17.250396367615394,3926,640849.4313000852,36635.60524447435,93817.1430477634,9.622916978899841,1.0134872581635122
201661b5,1965.1563536231633,26.885399898093873,0.05909643177023806,0.07681888125486924,45.50217351953688,107.08635383834007,5955,912110.8090000392,29254063.253064815,3265713.611931061,0.1797207599850488,9.689790030227245
203721ab,687.7042589439444,18.8132010562896,0.02916286549504442,0.03245120083376703,10.68363812133066,20.12933756564962,5730,577258.2439999591,158796.81511137597,151571.8840495801,1.0055188083156457,4.336995879575204
20402d71,507.89256542717374,17.762338130420115,0.02496015202115729,0.0331320790733492,4.009292067028582,19.85966753204775,6372,866587.2249999039,385697.66896356345,427928.9980763089,4.106684557677015,1.793350555928586
2043abc5,1074.6322216057897,20.209799155910055,0.0417191993402969,0.049233494099578036,0.10169300896632194,22.681560133833045,6958,2265345.3406996895,592760.5395597304,1013273.1039259011,3.0098829412786143,0.5251751510626574
204cc64b,176.48991047640598,16.053128771656052,0.038736719087289165,0.04323454808647993,7.066622547114093,19.38638400525997,4805,178494.04119999649,577165.6462246062,62197.220486534985,12.393155327508117,3.4486108583863104
206b6193,1752.2193012273633,21.153146493521707,0.032830997013581095,0.04137386329417092,78.49330894010382,78.49330894010382,6535,8710547.409699636,1181764.094588045,-1947899.2505090043,7.393612657657813,1.4658215853404633
2075c696,1516.1914398692638,12.470083318428657,0.03698352758353346,0.044676490679485543,56.337624676989435,59.487625719748394,3188,1528840.468599974,2599450.440599177,-1454676.5155374175,2.9205850292911317,14.063503674461689
22c5f93f,368.0244714472284,21.694585522040263,0.04331328956651495,0.049648243398722314,7.911887180714984,16.58006918194951,5172,260076.99840000825,87062.77399957516,66739.45488805782,2.1490774237067454,0.936117499496387
230eaaa3,481.7933113897843,22.493333040036582,0.025895279920088457,0.03478723960885157,62.00758331517682,62.00758331517682,4690,3007450.510600015,138643.3813379369,-387766.6784883136,1.3051013689868214,0.22971526332022651
2364716c,693.7134810500011,17.92618091681672,0.03714988755482421,0.044175006950149934,20.870185605621373,36.678913273324724,4316,1669560.8147000994,143838.7486311784,15172.05379365296,5.36470982461794,1.0255654670502352
23b9beb0,50.163640791053055,17.36269708311447,0.03809079963421809,0.04327111378251187,4.343774741404559,10.2771265362735,7340,221983.63150000697,158900.07890464272,75565.75575287,1.758549233147664,1.8045188330636233
24d8997e,373.7574332370832,11.508388499671629,0.03188952799065113,0.036435227698017936,12.617126636607281,16.192988262733707,3442,109469.33920000907,146979.79697742919,-39917.32067217615,1.8178398149787607,9.919178950989263
25050f63,537.8077763533324,24.94631617843656,0.03814626519378503,0.042927591436010284,37.221473717989284,49.43071334896558,6124,8841477.046200395,37014.81033871433,48171.59692694593,,
25939962,285.48462275051713,15.30132015342157,0.03325660260333142,0.08847260621446244,22.001746241347064,28.18484831123169,4319,532111.5761000004,332450.9078139947,-124081.83165271582,1.4048608858265343,2.309418446094215
25fd32b3,898.5061977528808,14.450526320431997,0.019704047616756214,0.031732768108797924,3.5880226350127487,7.988033346695374,2885,29140.613800008763,182007.90850869226,68521.50728365309,3.919667074655249,3.457449459002606
261785ee,595.4472028653383,19.47591749082363,0.0632468484932695,0.07624465397271382,29.355782251845085,29.355782251845085,3646,2027053.9893002212,2446733.789427434,2084598.7567157377,3.318054729195054,1.3490289698505618
264feceb,330.5406686022239,26.775525664482632,0.05168953544095856,0.05994874756287493,17.28699495869114,25.34404537863702,5665,668545.554700017,110450.62666036679,-184841.63944696132,2.0282878991415734,1.9980009468765492
26623a50,485.4392143754726,21.299555230120255,0.045107166151889144,0.0636058313764454,15.491480354352461,50.706253890260996,5735,2694428.949500088,1638378.7952239204,-1871303.6674867917,0.6010455956755774,3.5603916059916725
26d3a96a,186.20849348383496,14.315984098708928,0.03763617808079801,0.04071129261223141,26.85980388997268,26.85980388997268,4721,387815.36919991614,987153.8107087553,386147.54391339794,10.770298385598124,0.9587744450751087
272abef3,479.8728101490604,30.607395609281888,0.056403480472643173,0.05901917089299774,17.095810666829493,20.319358788889076,4135,415405.6628000206,855446.1175359223,431362.2429386904,3.1793520718813713,1.2426293653050804
27300fd5,102.90850159241991,18.423989954930224,0.04006356085263602,0.07227925134317419,4.59334027526711,21.566515352320494,5467,1653208.961300015,445594.4667399183,759202.1886932479,0.6872804439255866,2.9460089288353126
276b012a,752.8950913636339,14.494937249239056,0.023810906124399962,0.0625194340220043,74.87547948495012,85.42697071445764,4837,3548842.6073998814,8947732.275803844,-5008889.500448774,2.9246116045350306,5.837860811841888
27c3155b,176.14062956294202,34.86138314650945,0.054138546735311,0.07665331416364835,14.800400783655277,18.856833230238408,4958,1626238.920800048,555423.0227059759,800666.3169620421,6.789889839198155,1.164723019479505
27ebb9b9,196.4599105791729,11.986031030941533,0.034465038690540926,0.05817850224806817,14.558492440830378,17.76888477009743,5766,575243.835100019,237652.1025678613,240154.3482995117,1.0683696745351177,2.3061752770449346
283269ac,442.097609584153,15.614986178648326,0.0323696068863234,0.034499752128453035,2.9785955071711214,8.068151951332766,2626,3270.2712000017036,21303.32780144531,-3618.489941387398,0.2713782144277498,0.48320916824301136
28473855,2477.6680981320965,11.01270173978096,0.044620627810134074,0.22146174958819584,543.8516435938327,1023.0923620878038,4290,88677.2361999991,1490046729.8767438,-1715761.2807005993,0.5022226071875119,313.21239444127787
28f4eda9,524.6166342196093,14.798044093202849,0.02956732586087967,0.03317063327738585,12.956995180175,19.165850371729903,5266,778535.4409000946,32426.114891889443,40314.71072820172,13.147075727935999,3.776180674167991
29b24409,348.2219417184332,16.32871454351485,0.040061787665420845,0.04450057967616936,10.114904960168133,17.170920005422886,5587,1057340.5060998024,77729.64197130865,230983.02785636412,2.929197944626454,1.1691949432917523
29de15c8,187.5748717178707,12.364067377257648,0.04415851484646032,0.048399343431025664,10.622167932699085,10.622167932699085,3431,72151.17269999933,68788.14981933292,46814.19694734182,1.8923952703273397,0.6580620241057802
2ab29395,379.0328134871796,12.431048562344747,0.03416695184422476,0.03856154989538492,0.43907697630493203,7.695086005418489,1852,11202.60660000022,18840.732020580996,-10622.295271185361,3.8592447414683018,2.2257248888231955
2ac7cb6b,746.1747058500704,26.35681238284284,0.052994563573624406,0.05736636642755023,37.23759516231621,37.23759516231621,4990,1916233.399899944,325959.56736038375,453102.4636050837,6.741807500994668,0.7288409374968584
2acc78d4,512.5628992622027,18.81636545628243,0.059073826012369005,0.06815078176060654,28.91009066386505,51.54600287103676,4266,792086.4101999677,2732148.9616257763,-894351.9641505994,0.11440037121406793,4.549893350599266
2b034622,552.4818897487673,32.90770919722877,0.03624579191441471,0.03733903456698508,10.037718852496255,13.33829663326469,5203,240984.6588999676,36992.40456690886,-5845.663563655851,0.2181539860191768,0.9093758878213875
2b06ad65,191.30094406489803,14.554577404978001,0.05063132589065168,0.055083502943604104,6.790103696233928,7.242385967105292,4256,32101.244099995354,34553.75676819985,-4070.896498252509,4.099974648486284,0.6556715218342596
2b547943,370.65430646359357,16.966227068429177,0.03933731301363125,0.04209524572490413,5.3733478563535755,6.954726007030331,3480,521489.3898999554,307756.9141615338,386981.7317362635,0.18625520817066715,0.8421513464302354
2be5c96a,551.3003741154142,18.137176211789512,0.03743349165186513,0.04712537291637697,3.2472844035783055,13.943077250380156,4210,56452.77559999777,335463.011424965,62728.34451204953,1.3432714989102257,0.2662146505536994
2bff06cf,869.0690555417332,38.66089608296084,0.05201203865898929,0.05654496684980414,8.76409979814889,31.2767124338734,7624,6161319.0550003955,1314921.4633343231,2292673.2545759818,1.976389860068449,3.825925335303395
2c0c4a4e,807.4089396704621,13.917627121559956,0.029228369119687597,0.032383389942685,41.658991211306784,43.50280211410609,4790,310090.96519996476,923759.2155447453,-480872.04801165196,9.015434540793665,0.7718748588712867
2cee0cba,340.8778222472052,18.580173982887676,0.03172966176003162,0.0370587549134387,8.640521968032772,15.631629254603467,5500,625598.7540000373,175758.32619967946,297393.3976537934,8.127950258354884,3.5610643980566103
2d0c268a,1912.170257479152,37.5304227945397,0.05919838922013332,0.06404991834177856,27.909208947186926,48.75050919251953,4550,1006730.3211000815,800967.6539748632,11223.361402086122,1.8257162841942411,0.18206327024257413
2d179ded,733.0647508916937,12.994213555944826,0.024777465257098397,0.034163848699036735,11.6432904548019,15.703695844247704,7008,420891.30999997846,281313.550661755,135195.40830666435,7.160448724807592,3.6506204284864587
2d196986,351.10452531975875,11.65674025443532,0.02541508198329879,0.032360465681619356,22.458673635434025,31.654433334831992,6474,930907.4142998819,184521.96205944693,-288783.7779811576,2.2075806711646337,2.2587054174317998
2d2d0c6b,734.2913057500683,11.445973619984288,0.020502346645505373,0.025654866039139225,4.665267636752105,17.622989621066154,5045,46806.41409999034,780952.5681452734,56474.7931142768,3.517587595083713,5.63408699353018
2d35f86d,888.026458446103,28.966021196988223,0.04895299301740024,0.05355881786491597,2.1092667233679094,17.4659728557599,4896,615931.8316999951,203362.75967459352,214979.50137565038,1.4291460419046433,1.1850916634272777
2d9f6cb9,304.29351928246234,12.842556074837162,0.03810711180569436,0.044419793427654154,24.58084359192071,30.49761467484859,7338,720462.8610999567,452965.4764328688,-431826.6758192127,2.50785807407384,3.224483693510588
2ddad940,191.4816631737442,17.06757985026524,0.03742438053069926,0.05262932162676203,4.112458306717599,13.18225935434748,5331,311642.3115000199,129734.14619524454,122978.8861247307,1.1761720702290606,2.3798174782154122
2e29e833,786.2869476850938,39.19584786982373,0.051265757663876574,0.05755316484330036,26.447110064471417,26.447110064471417,5428,100721.23119999935,382139.14182566263,28091.969263130253,2.425318506879245,1.8549222458249304
2e43c2ea,300.06311486084377,15.961082344545915,0.03370630938970356,0.038626202542909306,33.626161477885034,33.626161477885034,5698,319436.19839997904,651793.5013328545,266507.7007334143,5.356674298664913,0.9561566144841198
2e63d9de,551.408107303482,15.657312676011045,0.0207237021906613,0.0304313208358621,2.639966590480981,23.8036154882775,4699,891496.8474999962,1001383.2061612968,616127.2734873169,2.945619938640406,1.8325985669551763
2ee0235b,340.8982877906816,16.055832003409357,0.04718076675759731,0.05029255602936972,0.6999752263855044,24.84115661119722,5556,257132.67569996062,408201.5306196236,-137275.50875920278,0.6693695976055741,2.0652653474125158
2f19d536,1884.2675869419454,22.698785201181472,0.026775055266359562,0.033651973848521255,18.46491823607539,23.17886183146038,3088,131900.9752000202,674518.59383009,218993.0960856217,1.4567316923106053,4.747775888209871
2f8e53c3,38.966537656516095,8.712231741436742,0.04599194397445197,0.047201857819141824,11.752811638370986,11.752811638370986,2594,28129.886299993283,17483.080811689295,-13571.48423339771,1.9820852186130846,3.0353412238619213
2fa01aa6,865.5821735415043,20.62644416013187,0.04677372383548058,0.05261239022164692,2.5952886438626592,15.396212423709585,2174,766533.893400001,972372.4452163826,815523.232728389,4.720632592124426,9.248148200025899
2fd68f7b,255.4399012640775,23.252987971643112,0.04595493969822339,0.048022443790763016,61.54562493394769,76.56959101818939,4730,17450701.845900502,72930.92874715701,325657.23907643626,0.6534120128109486,0.8027717118471792
2fe023be,371.79026036188037,30.26690044421462,0.06705993842696052,0.07274388896927632,16.1945100611174,16.1945100611174,4221,703431.0126999492,225581.23834347696,371253.57557554357,5.417604299237094,0.30314742642677256
30d75030,393.53127054890916,29.384622300352355,0.05100961083702269,0.05318780288720586,49.653805991278205,49.653805991278205,3404,1054341.4039999829,215930.37013076525,-333052.1645214181,4.061960070220457,5.254019056052963
310c71a5,337.6281297522773,14.348971966115617,0.0393041018184437,0.04308187276876398,9.479302976116742,15.368510028183664,5245,410180.9938000428,34867.31253428541,87575.66240556973,9.063020095522178,0.8377966645419928
32fe84c9,949.3236013606511,14.921487809112728,0.04157759857735094,0.05127446993275318,8.297920225215421,36.02243969964002,6408,3172594.8967000176,3529443.7629175037,2514041.771257788,6.7273676505471345,10.407374981490769
33c40295,757.6647907446234,42.54117856900372,0.05954330476377018,0.07913059446074946,82.68156713030476,83.27292675007084,4169,315608.9038000177,9010838.251183731,-808938.2978127901,4.209798149402294,13.287765437805337
3407f5bf,469.21939612476154,20.393659247423034,0.039290639635106754,0.06361646830230722,66.01859678926121,66.01859678926121,3638,1649576.300399912,40770.21700187744,147135.95598723562,4.586421029205551,0.9902821902354513
3417285d,306.1416420548618,15.146730760608754,0.030067851099672156,0.046540566032434116,24.47869393287874,45.50882757459658,5449,6456374.637799918,505904.29750912165,955917.6944068026,2.554620128316715,1.4300518360932502
347242c8,1017.7957053420855,21.449442963719072,0.04528635021187907,0.04694285338328643,20.34039427697644,20.454838984047456,3595,18070.868599999012,282319.3091310492,-4223.107708196331,7.381115048604493,8.174475410304007
353e5502,1119.3079973806377,29.061063506165336,0.041925550817488694,0.043151611687858034,35.3417201878201,43.12699777540365,6062,192786.07490001296,4832794.646808192,322672.2560887,8.215233860393493,4.363797482298913
357c12f9,365.4144567474846,16.95703965171984,0.042946766923491524,0.044753834304427545,18.630582091960605,31.18942167229943,4079,129035.534400017,736006.889902649,-207266.77990552157,8.781507937349575,2.327690419154665
3584a6eb,355.755354141283,17.4620366796091,0.04562044096441769,0.04952378569052427,14.518955759038363,14.518955759038363,4494,372828.8165000225,566350.280547462,430159.44885481196,5.836158724359622,4.161978566332228
35b30c7f,338.0457227172293,28.933306168832146,0.03590613826956153,0.04352324329648529,19.402526304302228,35.70897100091861,9579,3513417.411000221,243306.4946087663,143593.2306211394,2.5061756184200537,1.6348670030929686
35b3ef6a,850.1230784356437,42.015807028240886,0.05053496654018662,0.05147589676802118,21.210497263284196,21.210497263284196,3904,2648325.28230027,917594.5938233372,1520058.086004451,5.924821343681047,2.1658645657564897
367456ce,329.24748510650704,17.038523295700273,0.04736454880541713,0.05250734833448578,26.84750453367633,26.84750453367633,5569,887277.604500012,44446.79745172948,-112904.2793868234,10.000697528365068,0.4159711435277069
368131f9,662.1171335903505,32.16168209571323,0.05217757345741976,0.05768530936896521,25.102217173005556,41.59642957303549,4991,2175069.4297999917,78602.49114328761,-206413.17094603577,6.876838419886749,0.7688588797278473
368fe682,692.1183133449849,23.44864524435485,0.04245654552120717,0.04564774854533696,23.346732194610013,23.821672054607916,4936,950736.962599927,152509.3680162971,165228.96017236338,4.412194032129162,0.9426430218869231
3690a146,336.2718996584961,11.400124845122551,0.02721698939894843,0.029149625746179245,12.065270551131107,17.03515253826299,4073,207067.7841000023,221733.2283362559,-14765.487259554735,4.720589185573699,2.94945449031256
37344c2a,359.9855650296524,8.053732112452282,0.018841222130850578,0.022420900071665945,3.140562054932161,24.35341689183406,5197,910925.3524000633,347263.20820131985,402598.6280375837,0.5247326795872318,4.274427379099999
373ef48b,354.4300738544248,12.729069905080824,0.03474067423807241,0.03842750450877818,2.2824201228249876,10.981630900401797,3509,95145.9810999909,4620.857308538241,4047.443810793784,3.153771097497186,3.518673180670047
374be387,369.81919640092735,14.644356820018675,0.027541308872304143,0.032310213888114454,3.47718755668393,17.377571949209596,9965,449034.6811999927,321049.1218729171,66962.296135937,1.372928280275024,8.860751772741356
37d36812,353.97348922724103,15.022310515834471,0.034679392869195885,0.0647655325567881,51.607958451748345,51.607958451748345,4367,2086109.0063001143,149693.9691183994,105714.02161410764,9.712969015283482,1.3337802307451934
38991fd4,340.9392530720486,14.364178229692076,0.040309958276924934,0.0453356285942123,4.432488462785841,20.76744251933269,4798,1060354.054199932,71891.60370760324,239517.4375735112,3.8247968071669076,0.8036804751142874
389ae58f,1009.4319111755506,21.905492667008772,0.06811959044661675,0.10550310579364683,75.674740334116,77.84829467593045,6463,16004721.405700406,1243810.4948149123,1216451.0314381993,5.518632562251387,5.932787190577941
3932faa6,798.9271466784625,14.635690056758484,0.04664254780393744,0.06868731164534418,48.87436045462346,48.87436045462346,5452,943917.2776999875,1068458.0993719727,175000.55066841113,9.03162812854688,13.837046920999722
398dce4b,397.5747594096571,16.020772618497,0.04418854665624667,0.046029973684372866,18.043436807391117,18.043436807391117,3166,65824.409400005,57804.567077563115,20564.987368840615,4.621439521215803,0.9408251568188799
39b51819,749.2296116009369,24.590162285963178,0.04282773646155941,0.04562280395404926,6.2212306890523905,8.59003733438658,4231,42258.46739999234,60236.105851555905,5964.223219649763,4.017797605176036,1.0539196716219237
3a0af893,331.93925335146986,20.08584751075227,0.04931416335465441,0.05147270400707982,25.103317383338435,28.418953168691587,2927,1022422.6241000685,13561.564404619145,-91095.97312122108,1.8521643506858556,3.081781671590769
3a223519,172.15504463149009,18.58108173587532,0.04546854335434512,0.05075657100423156,18.298736235985416,22.249240149598336,4583,405054.0310000135,72400.44237232242,-87123.23346861725,0.48974369713948573,2.618746616867763
3a7dd95d,3268.994352962412,17.865240594080472,0.03667238271427055,0.037337516920630295,31.59418772020217,31.59418772020217,3072,519998.09069999296,2296032.852554462,915892.3423677197,1.5977084284129217,25.60544236165922
3a824aa7,604.2695406025109,17.799289267762756,0.0354867983242198,0.0877634998539327,49.97768878250099,49.97768878250099,4201,136018.28240001414,749025.5113409271,3501.7534610911866,0.9439742941572012,0.8620754814957524
3a86fe8d,317.7396603281798,11.731857362221774,0.04530456966564528,0.05274561624700637,11.753855927670884,15.9574055010944,5118,692805.7731998939,237206.10609882983,298711.55950807704,10.944654056632618,15.046146666041835
3aaa2b30,416.5043152153082,20.425762663963095,0.04613231745554822,0.06184446373126641,11.424274760103799,40.463800644030925,4711,1446081.6859999439,709069.2276823119,-655322.5958943088,5.236835677399087,2.2521368459767444
3ac16ad0,521.626677615471,13.275856316543408,0.028003263556096798,0.031707551144713776,4.135899739632805,31.100583833591372,5649,445503.29730000853,462307.2615585917,-121795.22418283828,4.397448574827899,1.407585747413256
3b21ea64,127.98884634906611,10.917454910711236,0.03733264908522702,0.04148536526462705,34.47462544787413,34.47462544787413,7376,516610.04820002103,400215.3878035188,-168343.73703807333,6.440852180806013,0.39360890721803365
3bbe1f5d,689.3024508392282,16.8204760174539,0.0371535377520318,0.04576995029209804,5.869707445139284,11.15266920999602,6918,773322.8422999352,538743.7161086046,577229.0829727042,,
3bfee975,269.2805897201836,20.483637372302763,0.04599387912007338,0.05270004187774588,0.3094426604311593,20.59224690028168,3603,221491.25030000025,154862.99445973954,15191.268869959933,0.4915665357135072,2.492392034832612
3c3dbcbc,365.81220455311814,15.280497578613295,0.03446551041769348,0.04496695916614966,9.036031919255038,25.88912306516977,5069,348655.98280000046,255387.78895673406,-39979.305791700586,0.4872933637303435,0.6980757033197186
3d96d897,340.30087936966567,16.090894637476907,0.03565808893641203,0.04600724872584164,11.602198799861071,16.520457087095565,5659,73719.67350001028,123582.11642312864,-16479.496089632707,0.6042958195279815,0.5009663753581375
3df4b19e,328.0357502032658,20.17420300688046,0.056633052925526735,0.060227287113319095,21.499929867659375,21.501702276647848,4988,375157.9101000266,128500.6974357808,-110429.72087482302,4.809928858620875,5.339082951448652
3e011332,359.6359172210457,42.388724324424274,0.07247714713859577,0.09157420373332291,9.690748130742577,41.32304018514333,2723,826450.3512999216,556120.5772850052,6559.680317521672,1.3875624712609602,2.8390334541218394
3e678ea7,415.8440832808234,11.5117987707178,0.02302384335556553,0.03215060506595135,10.9754635597983,15.148096898516087,6858,717697.2380001143,971629.5074147363,705376.5629056148,3.8060268842804863,1.8255495738935261
3ef6372a,489.63858901664287,23.48649591221271,0.030585070877551853,0.03283715493101554,2.0489754740847275,13.044148061928354,4727,183432.0598000033,79723.46592897121,20759.711458869286,1.3595129074856211,7.724129365442846
3ef98781,192.33830221783646,19.23188039265784,0.05621093214525723,0.05900720383366831,15.838930324356625,15.838930324356625,3892,601708.4135000387,129771.90521713422,182461.29779232512,1.0763581435317562,1.6571032771859004
3f603129,755.7934101985215,26.811357952076694,0.04761805826332743,0.05724185289424517,15.982225154046318,34.84753562286642,5051,4459090.582099858,2244949.69328466,2650168.384907732,4.211113844602951,2.0135149369437624
404c4384,342.5175277354409,26.888242220217833,0.03343247683178442,0.03606709956804258,0.08807209176484321,1.8096180844095215,911,11814.231599996778,11853.144543882006,11230.071169405408,2.970422090977307,0.8875001099054791
4121c517,170.1547864847248,15.441253990153978,0.049100022629834775,0.06465561323976227,13.494167002107133,18.558897670623992,3723,468953.11500000017,50340.24201497312,52155.29149804473,6.209532481108819,0.7942642382110119
41fb0192,225.3546524254645,15.931284162275036,0.04231115967949466,0.04464479999438536,10.958777917492625,10.958777917492625,2973,37630.160800015394,66299.88632866277,13060.331973920727,3.2899030472492305,1.0966036627853237
42669188,360.5339408433305,29.861131868774937,0.040191691126075436,0.04807811568872991,56.23579431629696,60.08428812150487,4282,2271224.6973999483,1311283.078808268,-1667058.1552482322,5.405250628691957,1.6682563301031814
42c538a1,2159.2764399675157,105.48490568671143,0.0688036324245948,0.07127642717524556,23.380445952559967,30.179985891421893,3279,2248918.1326001436,933030.7667686726,1250139.711675452,4.814843145929263,2.6286742234105493
43b06c70,382.29408784327546,24.921297234682008,0.054577125703077926,0.06651696296867995,1.9892584873523447,25.719741405540844,4846,372664.0115999499,547305.8927574224,18256.033167347003,1.889149239336386,0.5178752257919607
43c7f85a,616.7471639791953,21.69439340656131,0.04475697336487046,0.04871374323755507,20.862250157362723,20.862250157362723,5978,747254.0476000573,143904.48912504653,235910.3511619641,3.9388938982300816,1.2587329950158603
43e16325,1784.0159830218863,23.448371178772774,0.0433141322518908,0.05004221918799437,135.26474313705694,135.26474313705694,3720,7795270.510499938,3927205.244426273,-5298084.431389827,6.436107209816986,15.068088785346616
44441e54,74.71908025257395,9.694037122928373,0.0454280847212063,0.04829618297809618,9.71854653473929,16.258614730440968,4357,58649.77529999905,135128.22453690294,-8064.984756279239,2.274546632918022,0.822221440468508
445af6c2,352.5304419481436,15.838577903334734,0.03752757695066259,0.04439922452329537,27.728553430095417,33.815336238425516,6041,5420409.171499819,162293.05245648857,848684.5733129341,11.679172204255043,2.29755731343943
4463446c,2453.4343623787054,25.873995202410697,0.03817273850733483,0.05468975364611921,62.35221809784707,184.3794138204812,3256,1158193.8903999508,13776959.562458813,-2923214.0151202832,8.462687357155257,58.21548570327384
44a94013,554.1595415153284,16.618814074942158,0.03613573654486736,0.03936968943669083,49.12525009888486,49.12525009888486,4903,2653253.4865001496,421047.1886712987,946361.2824910996,6.115389076881639,2.4146589227685253
45fb3e21,245.64497023123914,15.76227993502199,0.03968371702066593,0.04127081141947503,27.926750467226157,37.126432913217286,3649,2309842.4863,24797.229473914715,189081.933643697,5.749218639310047,0.9039950133184227
460f859e,516.7445151740792,13.087426440317762,0.027060236644045783,0.0373503432402569,55.440589149669904,55.440589149669904,3336,1336011.095499996,1067719.811930335,20734.419446789696,7.880553817172371,7.694389623795786
4630ab92,195.65780883195555,16.035577737429325,0.03411846682160302,0.04476736905719591,2.056072228057019,13.37193737355119,3373,399317.233400025,523400.56040069,365767.53715234925,2.7740338493735197,2.740151229043721
463c38f2,478.5619438483943,22.01973034824393,0.0465282520108785,0.04927124552263433,4.3409019488572085,15.158374501597791,4460,177937.21600000118,119728.28566090479,73266.22095611408,3.235674651005168,2.6109593995196616
4654e7de,363.3351302744676,17.943475022082445,0.03121050184923116,0.04592162869841442,4.562571508931796,24.812142039920218,5373,148782.74030000195,505086.74055651703,-26363.507538808233,0.983283716812965,1.7351015278123252
466fc788,330.77720549872845,14.301103496306723,0.03898031106451646,0.04908180196332394,51.052599151807954,55.1044457508342,6197,1783940.4140000835,2999544.8787585557,-1911950.0515573916,7.757856219665457,3.4203167304760207
46a301e9,634.3037816379849,20.264916882385638,0.03304852593643437,0.04989774037788635,54.721245643275324,56.56122477634199,8226,944282.5357998861,10500405.354078934,-2236242.4872784102,6.739591926100813,1.4966082036383963
46a7190b,180.13256590624405,6.825272773853153,0.013195210768592473,0.01727646358276992,13.81133826108271,19.921854751612045,4215,746755.0064000259,52401.37332368231,132078.9540946203,2.580253408430172,1.1218114518056663
46d24a09,327.70038281921387,28.21641504044006,0.05708020423491579,0.06315799931458325,27.094396550923193,31.897128676297143,4449,1968447.2703000507,177419.8125071215,428772.8627523556,10.215980075286922,3.300152849535889
46d41ff6,661.7898819228626,22.843563417415176,0.03961894071799834,0.04115740212391659,17.464518682936614,26.49564061195997,7901,404226.1706000009,1297429.0696124136,65295.107045001125,0.8579310869762243,0.5507212114310825
46dfcfca,188.81380378538543,7.06842616411174,0.015882907689896784,0.020062171834410787,39.65342661106115,39.65342661106115,3606,1958823.6629001026,14444.833144374745,-37843.93600744281,3.0453987706559897,0.49418769747046687
47222616,357.99143076325527,16.205225044719366,0.037795887264802125,0.05381047264501267,30.789341223480733,30.789341223480733,4406,713783.8888000024,233027.595546592,105694.61325076717,7.164050102324478,1.3888450668596413
47ee27ab,72.93455381476423,13.108761572943399,0.03624992484692476,0.03938902184846866,17.123123016341196,17.124565926564173,6397,390305.35529999225,130575.4540850206,66447.46682696452,4.263181993851367,0.40081392088921236
481de5fc,496.7843994302573,14.155702112791161,0.029293228556929438,0.0509030624553789,29.233320118366464,29.233320118366464,5952,1110781.7558000097,134445.02847656835,69172.89183607697,0.9668428119618698,6.343378211960184
48c1f673,184.02997326937526,32.355392010205236,0.07803047687010685,0.08220598026574129,7.55578992660412,19.8676564719226,2917,996201.2643999876,78405.34387673257,276207.2850322456,5.039865350194262,0.48447042282707053
4936af16,324.31559665700604,11.813012982422979,0.0316311643000279,0.0390463637838655,5.5925007781988825,9.249287236210876,3991,104901.02009999836,66453.63988949629,45449.37271922488,1.7928076495520118,0.49256752069820525
493b5b31,193.6448563737405,28.629405310580694,0.034436523228750696,0.0496256133419116,1.536836419480096,19.478449067371912,4671,2022077.881000016,791286.5985240685,1142055.0348963256,4.805842116880468,1.7705453837342826
49dbc14c,368.30461848880316,16.89143810485066,0.03438583908078826,0.0370947128368672,7.270259952047127,12.746100592792573,3872,115956.0966000071,70520.35736988022,-42744.60586527442,4.533228088394411,0.7986911240263904
4a035ec2,401.87311401844875,17.18085485152813,0.04747819165982091,0.05232238986778387,29.570045422758994,30.22443927117274,2588,874115.938400017,14581.35697105954,-307.33528701155626,0.9512476174501542,2.7149830325412836
4a335117,302.89217900118786,16.178655003874123,0.03361941795578155,0.040548977753915236,55.78965206344765,60.13774380959512,5015,3138070.684300166,391795.03356764733,83530.77580956354,8.892571116723813,1.1878692721918613
4a8ecc0b,841.9303057262716,22.155163187378434,0.03930638990057555,0.04284939115577711,7.526772281993544,37.10120925289084,5809,730230.8550000412,1046538.6787739318,-223272.9852671714,2.0484391204491477,1.9423880906369464
4b462989,356.7684864277042,20.89023876596319,0.05593076822425995,0.05826256651485581,14.327112595214203,14.327112595214203,3106,135503.44240000713,33125.56230580734,26084.77353825478,8.287316832546555,0.6808203644715383
4b831d20,278.0213634776668,12.406409695382326,0.041713584598627146,0.04379905115873678,40.050854080038334,40.050854080038334,7312,1967433.2717999844,159362.7571905801,61578.6363961664,7.906636987208104,6.952112628885697
4c2208f5,1866.8462261731306,15.07248984043705,0.137733409798099,0.15563222424347367,60.0725213631722,198.4710305259996,5384,7523630.319200219,77472662.74400473,20438483.373989243,3.901484912033729,12.701753052346378
4c3168cf,161.03960574705928,12.733366191608518,0.04861305591603453,0.05550128029301326,11.070154753744646,11.070154753744646,4334,83851.48660002642,36889.66132711021,44099.51996800568,11.632837071211853,4.49053746685497
4c3df468,538.031876805322,39.746803332055066,0.05380830757411946,0.057249624942460296,36.46397780912412,36.5983102727223,5392,2317257.0233997065,818971.9113006949,-14108.420437168788,2.2501914166945034,8.692619077001694
4caa7289,335.6030110938266,16.720503307597234,0.035001651809284766,0.03863952034895598,18.00040953248208,23.05591620647465,5396,505602.8234999848,180546.14295411517,-167349.82445497473,3.7497355828350076,0.482533954649436
4cd1ac61,388.48909186748506,25.609346926464237,0.06192486783450344,0.0728126669149118,13.462131738471726,23.372659586970258,4489,975920.1505001244,118693.79331305098,38653.353088630065,12.7876396001005,3.6658046429951154
4cecf7b3,321.2278171328179,15.811357060966538,0.04454234884040283,0.05403415261828094,19.006816061479185,21.142465589913627,6019,465784.581499991,106039.31093090578,23227.664115730906,4.1147967993313905,6.890554532025152
4ddde4c1,179.61714979368105,14.225304574397693,0.04761833438418489,0.05039959155002961,17.38467629669867,17.38467629669867,4472,94006.5202999842,186700.74828346865,92652.7122696607,4.24462033237374,2.291945011863065
4e050c92,340.71959720386553,12.933962512533625,0.03951276469945464,0.04363292498200997,1.917264767758752,8.040434992573864,3705,169343.8495999938,103659.58402176434,116139.8778320724,8.846551158010563,6.566339524813031
4ed93db6,358.25632401939106,27.44786716867774,0.04899885073807614,0.055758442057419415,25.958675796931857,28.130602738385278,4657,388559.2162000369,502134.5210999785,-393619.1976312915,5.968973650201301,3.7272076319812926
4f3eb9e9,378.3023712588053,13.705562226245847,0.04031364063045343,0.06332332441496118,44.50576464835649,51.197790397731296,4697,5139530.137700204,299855.0349927044,976979.1552287096,2.3362641016866195,0.6790416547071282
4f4ac5ce,357.1937879302651,19.044270505828912,0.035377299902104226,0.043047357561024915,30.67514239193406,35.08077742621572,5162,351390.76149999705,1583551.0212652015,-367023.37956947606,1.3396109549907265,0.9703035954210302
4f4afcc6,354.0415300500322,16.50849648665796,0.0362626026999793,0.04735305810919608,13.537416977094836,21.99262428881957,5645,391155.4520999986,57777.92465420016,-5607.121883350913,0.3705732691437244,0.863000658139642
4f69febf,515.6341451068439,13.12825446258492,0.03206684883397501,0.035473582022226814,4.712665603130517,23.029937021312435,5460,1218894.908700032,169413.72943725516,241776.85731101362,4.865982983333805,1.4255656157942895
4fbe9c06,344.7916711581253,16.042376889039897,0.03905007314851431,0.0453380880305038,10.588641835960516,12.030675782709295,6287,1014129.5012000407,279348.5331528953,421793.8912746352,6.894125749451916,1.7598589039356518
504c8b08,396.70711253282934,10.915411614047574,0.02522750972005134,0.0284669704799915,10.329740743676666,23.646840972049176,6367,2716814.3645998696,553331.0918745077,936857.2903289846,7.290284111915016,3.17260352433219
511e1db0,239.49882212616814,24.752464389619462,0.056907118207183846,0.08116871227031035,26.191809980673497,26.191809980673497,3821,26765.28749999874,640755.2436345973,78575.32789534212,9.618051467912679,6.4520832963209225
512943b2,371.76152369505945,24.532329490579578,0.056423006758369934,0.06474924741085643,17.41533740421073,23.49384653290872,5029,81796.26750001503,190173.6009560241,-101008.35496207105,0.6745674629976589,0.5853389717316205
5138a660,375.8795681701785,15.98729421972416,0.0378532781359064,0.04357841208323429,18.308934164149832,18.308934164149832,3559,106800.61979998702,585027.182785875,156716.22886838036,18.0771556276818,6.476589534323967
516088b7,349.8262856050288,16.310337548239215,0.03241904759936054,0.037196499467953434,23.411723229111885,28.709361730505407,6645,269769.2405999982,956121.0347889871,117.40529850437011,2.2112857941756947,2.060966252280175
521a7819,340.30595116358046,15.781540987527029,0.037186790170450165,0.04343876432905076,22.83320959838784,38.372272309577966,5200,3344764.917400172,175466.22180404246,-401081.7518893945,12.507635012459076,4.197537054940608
5254b6db,444.82783782047477,24.32940882932395,0.04487671710120403,0.05131169522001227,11.769181938972906,18.24139209543864,3274,174179.10290002933,130615.12330198256,-134662.58754869402,3.9695564336049443,4.7138689939725475
529e88ca,910.9902155895959,41.94196100994066,0.07037788505635575,0.07254264790289888,8.2542803936376,42.100985996079544,3417,796295.314100068,382752.3248949877,-188298.13354950794,4.427740882006271,2.39503612051058
52f1e77a,349.20195775518687,21.354012759608047,0.04792081238991914,0.05048252369524783,29.58128636807851,30.215171854906657,4442,892518.8349000142,187395.75440226117,179045.1147693233,4.010129773882755,9.17719309254233
5305524b,571.1318615696481,19.2246485561991,0.03756994703034186,0.038979111303410696,42.320924904701315,42.45937461359972,4898,1355374.6622998945,533071.2657785775,-626683.1000005807,19.261120247573544,1.8439740517834227
53134831,331.5069585774546,15.210596913629379,0.04483532373848702,0.04861369149907237,16.877750080771875,17.01452147328382,5126,1541966.1562002336,494122.8599179864,806383.642060894,11.727579131905438,7.767838219694925
5397ceb1,821.4299544087224,27.443248593403744,0.03369385878619337,0.036949771599849406,69.9737047059516,71.33580281403374,5255,449719.9785000095,8230520.221527535,-937341.939678781,11.767123620711194,4.471880182983972
53f23031,50.19805117921017,18.115610746932372,0.03648202631557942,0.04342857179687474,3.8010392144624348,16.45784710674161,8550,973040.3093000798,583640.4643521054,600010.7301803367,2.1588949250246263,0.9165015824257314
543198e8,864.1490103036567,39.364885082296325,0.054030447965499474,0.06408684562561219,66.26338975015824,66.26338975015824,6503,2736874.8672999837,639445.2097422167,-224165.5937045821,6.244333320754438,1.8262740046523789
54753541,514.7632808386666,24.268385169805008,0.02606730024767129,0.03155590265519964,39.96541088075355,39.96541088075355,4026,1059556.7912999995,116938.19042595301,313231.3065731261,2.380841309035732,1.4965073065187757
54a7e3c2,397.4762612704757,18.333212506616206,0.037762270199661385,0.060691047065747926,10.488810108152393,25.940750928719353,6155,749877.1871999286,600219.9964506453,-2498.1925458715723,5.6889958306162125,1.954091501680393
5542c301,381.3005375386475,20.626279261206633,0.0564870410494132,0.05739183002931285,19.28781431526113,19.50396564177754,3591,108671.76400000186,338856.1657985211,71902.26735858899,4.600555092524533,2.8861375266668583
5567d551,384.52130773220136,18.715406754863952,0.04056839913973512,0.04509543597329078,32.0363965025208,40.74124657222819,6889,729363.5754000475,1658714.2045266281,-79362.5544136316,6.224497823852495,0.08613833849351377
55efee7f,440.311090594014,18.956171653316538,0.04839363595993684,0.05065495344584197,11.795500015305151,42.89553426463681,4801,3204452.8491000757,24250.442723075837,110675.25709001916,7.027386965364658,1.0499828956183133
5663b2b7,56.69663154386769,9.654766617868635,0.028414347703998775,0.06042105980220486,6.614059300867666,26.85608434185997,4972,1318433.7884000547,65255.560932334134,29407.387702844473,3.1679132611836818,1.363460943239968
5693dde2,1118.8388045197223,28.33750501075153,0.04066074951134344,0.04791756256903688,30.408746174320186,30.408746174320186,3488,168859.20259997534,1031066.119828093,241886.68313656026,2.2597506805610545,2.4527629106532656
56b00794,345.80632397348757,12.958450533700942,0.028489133207940893,0.050702059809748956,12.80336043972784,38.645273499209,6065,5438405.054000202,660268.2874515452,1565789.6695107115,6.1497575207258945,3.3728771588380533
57796579,347.88433853797295,18.98644095754587,0.04977419894330139,0.0570867462202677,28.173976720509017,38.046290932683405,5890,966990.6111000873,591588.975498278,-617413.4001133539,5.774117673346699,5.171831948408418
577eec7c,1184.9656318496354,43.80339744511124,0.045651879037114346,0.056523685820647165,19.32529988176975,30.44629780041214,4539,1617138.9517001421,1032335.906417551,497035.80685448647,5.639175642156392,2.932862655921815
57f05c51,60.17787139234047,30.085759973022174,0.04274051535155031,0.05922638658865041,21.349389329652695,59.570162527714274,4771,6295172.4827998215,262550.4633379597,-91172.28753221802,12.701769572754074,2.1690962745454234
58850d2c,864.7678622643938,6.752868009297417,0.012026544100276423,0.018858346046699385,19.629036537349748,35.85461362410206,4995,1107147.857,627295.6464018604,-679540.7322812133,6.308331110868199,2.8610866347969446
58fa8486,395.239856289715,13.33806710075996,0.0328896992322518,0.03819379467426079,5.739264008956525,17.20344668206053,4475,630056.9998999564,63634.48935692131,80491.28692700308,1.5898057766302214,2.1611787508294826
591cc951,463.45124198781576,22.361271346906936,0.046911278222986665,0.04975380583602316,9.324259949764382,24.566486742862253,4609,1040068.4514000693,166019.4349787459,342716.0355453462,3.9843274235824193,2.837071124337657
593876b6,176.86750436408025,14.453373254625017,0.05425836236032878,0.060457682103781156,14.691832166345193,22.689630376891728,4842,729974.0319999695,83791.8291918621,-191142.58026331637,2.27047501283761,1.2551431433151328
59f8b2e8,775.6752949848653,37.04024205171973,0.04177201910676343,0.04925138935145091,4.105136205975214,11.360130246417611,3747,145683.50130002433,84425.57102572432,47097.584696177175,1.0138631149432624,0.08661222399838693
5a1a8fd8,504.96630719257695,12.31566279174623,0.03180762615377604,0.04208825159273977,11.267701714858049,27.10438715298733,5260,911687.6829999862,142358.47504852572,-65401.068707402665,7.44236908299802,1.8097647233874106
5a5269a9,637.6354487297901,25.432613712207704,0.059276422754469364,0.06637547682332984,4.908471938801085,24.33556489953662,6513,223890.8928999954,1534908.574814402,330417.06688674673,1.6045109931042951,2.6686336130852357
5a5d1982,340.0047112912125,12.788941451015464,0.034849750872794516,0.03765001919747168,16.73946098157103,16.73946098157103,3894,196664.5850999937,39288.197200648865,11968.130711254318,1.2478442280157784,0.45564664007006594
5a63b5d1,407.6739821228263,41.035880926787804,0.04958898731012789,0.05486734471136086,16.939394085404274,19.910871547745046,6217,2351724.1785002938,251766.5945126608,705144.6578322514,2.212612087193175,5.684451729106471
5aa03df7,1191.2943318087257,29.36149197397002,0.035726194582621454,0.03928924271530503,9.730474921747373,24.58594260645259,4871,211282.46990000253,838519.6085622507,199209.2201901601,0.8624809665854951,1.6264746228724332
5aa403d0,377.81783329976093,23.98478816824681,0.058929428302212074,0.06318575174538806,16.577533171934192,26.003133066951705,3118,2056921.031900109,119521.5758939749,465726.21151603694,10.053187575828183,1.4690329542735687
5aef5c6c,1588.7505579413942,32.24756051214381,0.050451556157134335,0.054343105637285796,52.14487787402868,53.78850314406736,3121,372594.75460000837,3116087.8568929443,-124375.82915032365,5.397832093011844,9.812902978641997
5b7b6324,996.3942010920534,17.361904597422424,0.0350916957143335,0.04173986148096553,37.89588560802622,37.89588560802622,6564,2050218.9621000232,106126.01544795507,-167630.8161041844,4.041858263054783,6.8950394572666385
5bd25f59,303.73835055862816,25.76191756225382,0.06709688176426486,0.07081571037711938,17.302898154324794,17.302898154324794,4210,79239.88279998528,221101.8683885569,69402.94458129913,0.9080463507896396,2.598742077973416
5beded95,2371.3520762637327,22.377435586713254,0.02922493983842399,0.03187258139213189,37.511008497169314,37.70200029265288,3057,846891.9154001316,525563.7949030928,86843.77851698373,0.9879893916306487,4.0483186067482215
5cb483ac,201.86367602889786,12.924291672442981,0.04491063064519277,0.048371940913457,9.04647419658977,11.946878108567034,3852,143995.13040001353,40474.2350978672,12060.163257598826,0.9125965702324653,0.812935425722516
5cdd8dbc,454.5217200530403,13.909528883107502,0.03395019500283145,0.03545911279225666,29.36173201050042,32.2143913260079,4010,1190689.7974999512,45061.19143062018,145195.85202445957,2.915142077726835,4.330042065190192
5d11dfb5,185.90753454347424,13.754071613071828,0.04664039706707916,0.05311280963121445,25.69107051122228,29.337947708016145,5895,561356.8166000011,546862.4221472535,197654.80763629024,0.8870221017282248,5.175697303359719
5d7198fd,364.517930726877,23.606148380625395,0.04950379593909733,0.055572695305900865,24.5627882422923,24.730485098385543,3368,601734.059999966,100101.02158407008,57278.098713647276,1.3508030283106223,2.9213665943656384
5def1ce5,336.2201186723232,11.476978162145947,0.033162804446503304,0.038367539891519066,5.821535908668011,16.69446089507801,6443,417773.3301000271,466160.74795125367,238861.0331403124,4.516951901184119,1.6409707065057813
5eae34a8,680.6699811747754,26.62878293988249,0.027593302318390942,0.029786249973344975,18.3103382019508,18.3103382019508,4904,268360.50889999233,431279.38228842086,204386.06620019546,2.155856338741952,0.6519219888903675
5f4d2a52,711.5325839342562,36.88836608924794,0.045198706822469056,0.053223450380797996,74.61589278687097,115.50007459742301,5225,16925383.28920011,499948.6027048299,-1998711.7336103122,5.709046697676336,2.534919654107987
5f6756c5,482.76127382153743,27.018115543847237,0.04194498481878274,0.04441088761283887,11.314745230476547,20.419187614681505,5931,435989.4950000665,45623.77073313961,-65609.73669971082,18.607111371325356,6.64702722853208
5f75f796,374.18168416445536,37.478430518036745,0.041430647695539904,0.04554657064354757,20.662769458665935,27.378938994221244,5562,474861.56760005996,243161.96392533084,-217500.2683954947,5.026575502533411,0.09501972244404401
5fb1c15f,720.7157649168616,26.90044490222234,0.05471593962601391,0.05827519371628123,18.748609336367736,48.43914306398801,2860,956852.1800998582,749015.6456286763,-780262.6299892708,0.3609782031618156,4.841796470311216
5fffa282,273.5689881914221,14.811179687992178,0.033903215412853585,0.037320856854633065,0.6046166587511834,19.556396180018055,4201,118815.6443000261,84618.95308096694,-19557.81016143328,1.5586112394158558,2.383278644425994
60e37807,364.20106493552106,39.30541219392543,0.0676889940416709,0.07127623141021185,12.647278573644144,27.900738387974343,2699,1176048.9453999007,165427.94978107425,355379.2029817922,1.9537553125779759,1.997936609098546
61f27424,366.282708437046,15.010663657463592,0.040098126059050145,0.04662925549983147,37.44030469428799,37.621977392980625,6220,49288.714500001435,2746789.91103786,146761.94323093403,1.2113721287733588,1.3442989195515507
62569ae3,345.87818111687966,23.076094761413884,0.05100997037495199,0.055388199419641015,18.519597233978857,19.86568014465047,3588,239112.0291000196,750065.3150905302,405066.73674968886,8.057788222020939,3.806635179953024
62a6f539,330.73434445185694,13.172996289758862,0.03410497676498322,0.039667805864261496,4.46324956988974,16.128917754193026,3693,228438.96640000335,9596.43611340295,-22244.67779769768,5.1995894902724675,3.4968000143243274
633774dc,404.93606075504624,18.20871730621067,0.04046596665705449,0.04612025490908542,15.455222098113154,37.12315736180244,6233,1259023.393500095,7054369.743983924,2666603.741040376,1.962122758941227,1.2510547264660656
63559d57,269.76898153781326,24.184357991982722,0.04749686625059935,0.048896584479560766,21.6333587118188,21.6333587118188,4069,141364.52879998554,168760.98746228486,-83813.81103701775,6.1536682647504,2.684660127135945
647f2a41,335.8490925996246,17.326229292156455,0.03904273418823944,0.05247640075794484,11.541011513929334,19.751087579803425,3881,166312.83899999797,18110.161691502894,-20538.975277751048,0.8066636286892842,0.2903838061398445
65156b96,721.8934198345094,25.71097549564184,0.05721380769476624,0.058825642239968834,29.325973521477863,29.325973521477863,3221,118942.75569999997,133316.86986119754,-21397.95614529165,1.7442107694384203,1.4079817532952554
653612bc,330.2496065102193,11.834100026512193,0.025232413171045166,0.032255024364301374,4.794010318604705,8.518573594750706,4605,36965.49580001489,71196.32793738227,3305.765180130568,0.6655182280548587,2.4072459344173938
656a067b,180.00871006707152,16.2996136840723,0.056954483323009786,0.07055062262406306,13.090104038277786,19.59409098996366,3051,656337.218300029,129767.70895708373,143173.9810511578,1.5007943615289687,0.9145195140724178
65a5466a,268.5656195423553,14.601103340159078,0.04826133516725054,0.049890880366894985,8.426974195432194,16.314594075616697,4683,673343.1381000001,548513.7177022967,427560.7742730311,6.3802900019434015,1.8440020104526529
660d9546,372.61288353771664,15.281877939552249,0.03442848830956766,0.03615715459989945,21.095785675235675,22.673279082131558,4732,421128.0354000119,1001499.5437607237,532364.9279595818,4.168926783185935,1.7416624858077558
6767c111,532.9290116860357,32.00610292131779,0.0673111556212824,0.08351106776034653,34.24150780839227,45.910417892069745,6783,2071399.3876999067,286067.18478844693,83285.2770939061,3.9320994508503384,3.702665481853675
67847288,366.17351529036983,14.612252510735727,0.03533142246175683,0.0398723791792642,6.297200682773109,19.4337619056314,7429,975882.1253000527,192194.55488389233,347230.27424959734,12.90508054636106,3.896597044362592
67a8da4a,361.2239088495886,12.941894916651348,0.03899977997608173,0.04218133231342904,3.3103545008416404,21.115589022203494,4911,1030675.516799987,313927.23494483955,411664.20154179045,14.354225242517249,5.267603427653261
684a6fc1,68.68822679341717,11.823391473578965,0.024412724644929114,0.031553752620403594,0.29376750017218,37.77749603719349,9818,5669776.451799881,842247.749348666,1645836.033830252,4.198052141050563,1.788999941570787
698930d1,174.1923739147459,12.244046698905068,0.04761160445269695,0.05835339196578185,35.141607422607194,35.141607422607194,4741,511719.35760004,50503.87376418338,-122859.3707298783,5.704092542549833,0.6704457989939029
699ea575,293.67746939913695,14.268700325690961,0.03327269957884299,0.03507335556408511,14.028497585979494,31.65534855115402,4120,445010.0755000486,460114.4796760407,-309221.08360865706,0.7735721108873332,2.0536096314267063
69c1bdad,511.21382361966783,18.191251320604046,0.03769700449612351,0.04160952465267359,1.992842076891975,20.459062066036495,2714,260118.66610000026,155152.69742497412,57296.762630547804,10.261496695261616,4.702107209914372
69e41fa6,195.39572172616076,15.65318141148462,0.039689595170854956,0.050038191823582844,26.264105877020484,26.264105877020484,5772,198325.40109996728,246477.94722144428,-102651.06165246168,6.8394726575785,2.8166674849599573
6a0ff78e,327.872820618014,14.84511587136935,0.0364413421615246,0.04145596977383638,16.952115726438933,24.965374391618752,6465,832958.8908000003,449354.40847098955,27139.817822184108,8.018252910287003,1.9980640395991816
6a8fa194,513.5176118693408,25.332485805964048,0.043830566208143844,0.05677401921070863,8.748738055965077,13.022629401844824,3017,210268.61650004063,36168.75018734502,29959.94764733973,5.455820298625213,1.8910224287549322
6ae68655,709.6030006278136,41.51441928998134,0.046750339241600734,0.04855227132944083,10.000374236129574,12.384243842303476,4204,116309.16709999685,169691.77245064103,83773.43575119635,1.2985683727057917,1.9262805911614014
6d1d74e1,544.7592416838388,36.197837291879395,0.05570619325994043,0.06588940242737386,0.06336233076399367,16.514796012874285,5830,823862.6549000066,515496.53004623833,478540.5422601344,0.3253571974542552,2.6402057727303356
6d590e26,208.8729989729564,16.209324079349315,0.04726895564745424,0.05672698237784342,6.650155724655633,13.665210227531134,6096,453978.08209999884,98688.21794553312,135224.27485111047,5.119421913820072,0.7458837411547402
6d6d93af,776.3487161717634,38.78856266168382,0.045246609633454865,0.049437868501556764,14.300775620164131,35.81568406906081,3595,3726368.532100138,463570.2432177191,1240241.0404726206,5.5171901347939585,3.9727024602876746
6dbe4b60,372.4574942192034,23.94878324153454,0.0542361121284412,0.05866625083484805,11.019500603490087,21.525517294830934,4648,351763.7758999962,47771.39390295059,-94135.0346756885,4.155226267404647,2.5363026541151785
6e6d122c,358.32024684613924,15.250859389207282,0.03595515027542995,0.041796269861441235,0.18392231915822777,27.691996429741266,5632,468131.0608999734,207747.9461254755,-107418.22712915682,3.585985205821889,2.744041877537228
6e9ccd38,510.54810272894764,18.154604432742836,0.02589412681001245,0.033074573883534096,7.547633497575589,16.35355642241484,8282,1240686.533799967,1158985.3586169083,993288.5815568037,2.213630973154449,4.4060036175353146
6ea22614,353.7948708016296,18.74116208992607,0.04425278179210222,0.054684107499085574,17.881422187823773,18.216993315572836,5971,250362.52319999758,410964.6961192244,148406.0437413478,1.095981062699648,0.7186965160646952
6ede926a,354.9794833604192,16.974741544313225,0.03575987212258111,0.04069968113319882,25.001887769205496,25.001887769205496,4938,291768.60690003977,430166.7761607092,-246637.34030271703,12.024281235802643,3.6803590993032262
708caea9,356.26128407951944,25.33312980977462,0.06315409166592068,0.07289719279172222,9.163716570075849,33.88907424424724,6548,7983053.4978999095,3349044.5989441457,4781308.248280188,8.119125262849835,2.447656589460929
70925e23,2925.8903653720954,53.60421286717457,0.05172162745899874,0.059335974698917174,278.9477688285151,287.885772784628,5947,1299957.1081998467,207309153.47227135,-13279473.801787088,1.2489899884264783,14.564544725934933
70e1788b,721.7575726655883,12.690532334677647,0.02708595705001091,0.03284389750200179,6.982987863550079,21.909943344098792,9285,475895.5683000251,576933.560229773,-123338.52286203206,5.177600021547812,2.386973844723751
71642c7d,172.3901461798182,14.778236096008653,0.04681559084193151,0.05258643338199483,0.06784767613498843,15.748023585778355,4648,658339.4624999432,554500.825025902,494154.2799506867,1.5519757114476174,1.2211601966159609
71ccf778,530.0785455949624,21.372724431138344,0.046189503639897454,0.05380711766612672,11.567155992212065,11.69777721050923,2698,78343.36019998082,259142.76014751376,123477.29870613867,3.4548029025158895,3.131311099908987
7224331b,971.8301216259989,35.47719037789451,0.05177019952153223,0.059281266564977675,11.945914814063144,31.16801393375499,6063,114108.69609999874,1525710.3789105571,52067.41543639558,2.9665382452735636,1.039214339959327
722cf0d8,598.9264093465424,18.665424947750477,0.0368847457296802,0.038682704382159955,20.519351568378625,22.994975245996102,5143,636789.0406000012,146960.1681237865,44652.05921900805,1.8173773269697293,0.5647278523824698
7256229b,704.9930843632087,25.05918069509387,0.045673775526967456,0.049801861828007644,13.125676736184687,21.903019879344356,5415,239133.12040002336,207889.3286153371,-31062.44393192156,4.17679739072365,0.3207759691839788
726f3dc2,190.6870753553943,14.188975576927902,0.04644895886503514,0.04868697384933688,0.7663562918878597,21.06964163649718,6723,323000.34410001873,249157.7962422647,-15913.11430720479,1.2679269807974407,1.9243976377443357
7271dd80,801.5286802925824,27.111732601118106,0.03479282667642004,0.03738585644123762,15.113915466661638,15.113915466661638,4340,299989.0260001001,212801.4265848769,108526.75235730692,,
727a3a10,3348.5337283043873,16.174088652842123,0.10413867471689048,0.1293401750255153,257.87638357450487,257.87638357450487,4397,672158.2140999408,39365392.5570391,1889678.5368875756,9.686861943054327,83.26940155817695
729665c0,341.6245712767266,19.638444906849823,0.04923380706581519,0.06430643042428508,24.45837875732468,28.38302001541888,4263,319891.828200008,2237480.1656447235,533215.886726141,6.028218110665328,6.733043784646529
729e9750,525.656752082384,15.045615632522317,0.03322768235694745,0.04024291551959355,27.371297012257855,27.371297012257855,5919,461078.19839997095,139843.96584017947,-147274.59827873972,7.1518069347382385,0.49119106729655404
729f4217,360.32908634233206,16.33195166357625,0.040067398570943935,0.04439477956375414,13.447234886552906,21.002163159773772,6195,1636211.8507999873,66693.69825486053,26330.964891745727,0.9697771478723214,0.37070928047181784
72dd8501,183.35603998334506,11.587005699547092,0.028892430272953698,0.03308465932504789,8.791397423208764,8.791397423208764,5193,191466.84599999883,73338.83557547886,87902.17411432322,4.694234386608992,1.7002393952874701
73348914,178.6197763410622,16.691714811827218,0.052010485529473995,0.061108002780892096,20.176790910007185,33.768956723031806,4221,482515.4828999881,971457.8498559117,-543963.2927588668,0.42518822072275164,1.8418454757484566
739a914f,336.5117113434685,19.68752062664332,0.05910504298632424,0.06246709078722839,33.278321587622486,34.24842141612862,5505,1009243.7527000305,455323.3848134229,-448055.2123330777,0.984061608172122,1.081480162286185
73b1447d,249.04413263498046,12.421835723208183,0.0375276268480469,0.04346339856255718,53.92918503922556,53.92918503922556,5670,1018841.3883999725,320895.94816312304,-213441.5888110683,1.3261663330281177,1.7488695907758494
74b6186b,320.88732679852404,19.746584989562162,0.04137374103113991,0.04202195614935948,9.285455554359942,18.440695836257873,3405,276246.2674000102,117414.54682610903,-152149.32225649725,4.686913800143258,0.6056949221240338
75c20ec7,922.2356450942932,19.253937427921358,0.04060636533340323,0.048368053043774666,7.009463884163779,29.106664789580464,5361,655120.70359996,1045859.2780640592,341054.18450230657,14.953651337700915,0.632698626351115
75cd5f11,169.13675565312982,12.457776417810734,0.0350621674326546,0.03611811223734857,13.543939976640104,14.825964740915879,4946,136847.38759999277,346456.88128995895,108709.85696896414,4.086867750600627,4.471042495565695
75d20a82,64.77400250102576,9.619678378686707,0.029875609663378364,0.059999859858130236,15.051923000026363,26.760386630319772,5067,1504378.1001000244,78350.452476616,88375.92464233501,3.641752673047114,0.8629783494063203
76201745,84.4841576864232,16.034799643568316,0.049787518975765575,0.05585351602974977,8.413623016964266,19.095071252995695,4448,276322.9202999927,41788.94524224826,-34437.82722251184,3.518220680509066,0.39004381611286637
764072a5,324.8308165901143,11.61951397011524,0.03301555280277245,0.03852983235609166,7.6153963296656,7.853851684329129,2949,119222.33720000679,84224.56123486315,67166.75936146345,2.192419754846392,2.9386848793070794
77b0d905,471.51871673485834,26.25262983346693,0.048040024118366643,0.06653946690556967,32.544314997592664,32.544314997592664,4174,710664.5653000637,254841.19526114984,148558.4006469753,6.365905777156109,0.8672869117695121
77e4821c,749.3384541342219,12.914206582088891,0.02504279752705748,0.04230467161362856,19.8576575172101,39.52512785753788,5393,1991930.4005000903,155973.30659999672,-144733.2956595559,,
7850c72e,46.96115096532208,11.704884597359339,0.033334765527742734,0.04449107732708965,50.787581057986245,50.787581057986245,5497,838505.7945000234,4827525.012197198,136813.2114901486,2.497289744775852,2.0701203953872
78a4a386,61.345674751644815,12.94090794486631,0.03521662051087279,0.037544102770445203,5.859832850192106,13.365316031846305,5119,176155.7579999946,59455.269938574645,22783.012945027673,4.6256030004794795,0.35437513845385943
79507629,355.6290384592812,21.709150055253325,0.03069699638383319,0.04283650838536854,11.702812685887693,25.126500554768427,5302,837784.6386000249,162134.97554888262,59.64347408070207,0.6243738647674743,3.1505545021894177
796dbd4c,370.23629171095985,17.780727233088665,0.042732239393016326,0.060145834519231375,6.031949802472809,15.210795132406929,6248,148031.52439999237,423019.86565402,99297.21798230929,5.908884660926187,1.5326125982139576
7987f2f2,273.39065774162316,19.954058224936574,0.04598427029231396,0.048056525224405545,29.474093009079297,29.61879078050515,3705,536232.9939999703,684125.3812659408,261229.3736315326,2.765776015574545,1.191514148597353
7993a768,294.9610321719274,10.743863782846885,0.03840103269267147,0.043499845802327596,1.2430914726137416,14.514938631682526,5487,438990.7087999642,59220.2418339622,110743.66685002069,0.5301852683097484,1.729818814959685
7a5660b0,438.06051351881047,30.743022410421027,0.04910076878658796,0.050229811715746225,41.13789058689326,41.13789058689326,4998,904609.424400008,405670.7382598487,-466027.3270776341,5.251168927976072,1.1974566689268975
7acda2df,342.3289482353714,7.466279795478743,0.026365628486081212,0.03181639336237915,1.9547520223968604,12.934935262495856,3091,592172.494100034,224151.16878018467,299135.3774613522,3.394375376802237,0.6839483936549321
7b2c7b3c,682.6687082703473,29.90629313853932,0.057902786290347896,0.06413568980090778,10.420259599901328,21.672151241444226,2584,98457.23020001505,89068.56787582481,-52321.745761265476,1.915398158531452,1.0082191800269291
7b38844c,143.3906979457044,10.562538307128158,0.04552722821694828,0.04905771731993044,22.65928485375116,22.65928485375116,3749,204649.34109999967,104487.23485805898,34447.52128305672,0.958479320953568,0.45062176084963335
7bb17b96,665.6020161215563,23.043129458350396,0.04602310212444771,0.048261441166596565,5.906180063071588,33.19276467089003,3922,1134664.612899937,24832.98218905323,-58465.32809672025,5.68639382581446,0.3026535864023138
7c607683,369.12354165563,17.957814629013154,0.04987558221140055,0.05839878898682527,4.382561836651803,11.325435206439579,5328,1515389.3116998714,677150.834646349,981539.2032350822,10.492569118453682,1.8534387045005791
7cbbd047,627.2683108785798,35.945182372802606,0.05058541198649397,0.06035926292973209,4.00975168329569,26.013846361880496,5121,804347.9801999779,279971.9431916163,-27689.451298835338,1.2692973711181432,1.445302364097136
7cd4bb31,375.364551469716,12.929672269628666,0.03588101953059492,0.03813502761824485,2.0271716262450354,9.093556057130627,6439,225235.4944999837,113757.08558836837,126555.35055986705,2.6943271452136295,1.7432935602713915
7d50373e,349.66990139111306,24.194802377977037,0.04408918869636761,0.045288781313899,6.490861334730653,10.442774348870444,5122,1045661.2682999999,650812.4772482547,793183.4685851071,1.068488288294346,6.172722560314703
7d57c75d,160.93424029684016,15.425423768490106,0.030241457923423105,0.05411154879313513,21.389699584999107,41.91656959995635,4405,887988.2728999835,350567.99158591934,-151774.844430528,3.7998884261620036,3.394108427610987
7e208414,884.3126022508649,19.645125180547463,0.035097751408281745,0.03599748357893325,5.253834388906398,9.100828978138452,4226,172120.95929999358,191868.6707177934,145242.23296659888,5.375055181419718,0.37251491554577615
7e721392,409.9744372022101,10.307452167718651,0.05705383290821697,0.06344778377277818,54.47102565692148,55.14746987405124,6174,10042975.543799978,387643.7933776728,1425750.4837688021,4.574384651691721,2.193483467687385
7ff89f8f,511.61587540394646,13.111639760393395,0.024723658747427803,0.028949760690990155,26.552865507776005,27.12455242030228,7337,1470186.2402000797,2345157.8395649213,1503672.389827365,0.35958752024147655,0.34748847726788246
8050c789,710.5349377051192,22.703451245074863,0.04574609768872431,0.050722709278800196,2.8278571629653015,39.39868394502628,3077,186554.8026999934,1933049.953748413,95601.03370558083,3.8141945162375706,0.4783624171066227
807f0298,610.4008879331163,30.643765366863423,0.07652674156389153,0.08506403673544091,17.73688013022911,22.08386615930067,3747,293728.1763000067,35413.91695415361,51320.07470379412,3.8374063037578043,3.1806897100934783
811f52b3,329.3187003497349,12.782582632238286,0.03895411682886221,0.04300460940544178,4.0936038851650665,12.969617414950335,4836,102254.18389999298,176274.45237136568,-1146.1410848559028,2.9594893404403018,0.8126782813271793
81bf5923,3834.689834359019,16.174088652842123,0.11447424814881518,0.12967700745597344,12.693300498920507,138.65059849473982,4543,4456216.248500152,22087435.120599363,6543385.430593743,8.837914114623354,118.94115165722171
81fc01c6,1070.6106338776426,34.2019705150065,0.047167268969567425,0.049068976768493026,45.32997622244147,48.345910678095606,5909,1330874.3842001217,614384.7850929574,-517560.0833035455,1.2111471834592802,0.9209694911361543
8255c867,337.14429684799217,12.771708564336858,0.025654775209439963,0.04119501890056,31.58402002260118,35.85236674418229,3589,2311751.2547001243,155299.28215034297,481590.5312940923,1.678900827831299,3.0100005571256654
82aab6d2,183.89436961374565,13.814103330463006,0.04429468480527234,0.05065527221644037,11.592372096874897,23.46702713511877,6140,1643245.0259001136,43128.63414949798,117676.97748034853,3.4537052979431895,0.6668373372473867
82fcf37c,504.95279393210876,20.45016907593625,0.0265889920689045,0.03319097127373108,21.861258457305667,29.025473878064076,6014,258992.36680005616,680098.5412795506,-319214.0567011079,1.4860843726347406,2.416854430256628
833af382,353.531705650362,7.970553521399812,0.02023286332227996,0.024888657474524373,1.0756177434086567,19.26550280567426,3628,516564.1639000203,35471.807476530405,109926.7408641831,1.545864010806355,4.14076958293901
8382f4b6,313.6593219220503,15.995427739208164,0.05075324231063676,0.06074768672027214,48.051909138557676,54.28894684741863,4967,6422082.510100093,225882.85165025777,-775938.2524401057,11.403699767086056,1.3096792063990406
84633df4,258.61766424795445,23.391311646181805,0.049289165576109475,0.05111106408992927,11.25472750427798,12.29903434028165,4972,111528.57000000477,628202.527585189,191609.63570892264,0.33358593435044454,1.549860176180169
8478df29,260.4990243743815,23.626513046787434,0.049985546571126235,0.05092952272695202,17.128363576304764,29.73551877749378,4857,957832.0871998753,263756.8730380901,-207040.02018378428,2.6393650273778477,1.264440463021411
84815d5a,194.7083585775774,16.931643071756813,0.03426018349269394,0.0386652845212747,5.976673274342829,28.384659690735134,3647,1288500.04740008,120485.65238992368,310520.7854054536,0.9065606872323909,0.3764814840083345
84c3b497,406.6733757263225,18.673230049892723,0.03315742674909078,0.07361727529898271,43.98363107760997,66.59792705220752,5312,1909645.7674999675,1057187.965250614,-677079.7650882246,12.51231020444992,3.618719656686355
85380836,332.65308130246854,16.20361644625967,0.0371777037350864,0.04460376716899103,37.232053173438544,37.232053173438544,6618,1328033.2946001529,412458.7270287043,-653846.6179615228,7.6597194894476734,1.2005121054099537
8612b37f,769.2333679819142,24.2244204107979,0.044291297093427585,0.054704178595013794,5.441247906195713,31.476281521367127,5165,1987643.9221000026,238857.2119179718,548008.1384751293,7.742148626593077,2.3490118674330134
861e71df,245.78953130650154,24.53026319671284,0.06796271819447515,0.07172805234094473,14.507747623003524,18.731521437139236,4700,625859.2988999477,36722.339075634234,22643.078687757657,,
86454a6f,780.2437855554871,16.839770529445374,0.05642926845743783,0.07752657949955678,73.13290977024735,125.33589924095577,7964,39317816.36919965,5104471.658010257,5178386.495445589,6.559222980551029,9.751038139682288
8648abae,494.6949625782926,21.363636663367313,0.04281703686870013,0.047413198316967206,8.555592520639038,19.57055756279624,4244,199595.17689998337,85753.6641121942,-97847.8650050248,6.894416842790738,0.766307992611689
865033f8,260.4334076095731,16.62513700097786,0.04088309077089125,0.04379698519169547,9.977908775623291,10.636882688810147,3557,125516.80940000035,70454.22938237275,35613.95204496221,7.893485197605664,3.1428335820757494
87695469,454.0752221825917,34.293583987888645,0.03642987870956724,0.04077789584925082,28.314756305135234,40.66934975859658,7003,348223.92319997476,6327718.80781256,842765.5323554613,7.708627195616662,7.8610491506327875
877ed19c,332.15314713189514,20.275296994855303,0.046517955385705335,0.05472865395180039,11.245220625803995,15.877115110790328,3708,58205.832700008745,103792.48723481463,-27579.81240583984,5.708735113801635,2.4813306374741573
87aa3730,353.89770838477455,16.15445178580817,0.03649394398512805,0.044558214561967006,13.879251885580743,25.521968743380057,5607,465999.35640001006,1257752.0668147532,430773.64240741025,6.3593554331428255,1.1679095872649423
884ecb5f,330.6495037236032,14.72177928725417,0.03847155652772542,0.040454390739652644,10.29695045416156,29.569719593542686,6724,2670513.64620007,174706.1136795452,586011.7163422854,3.6690018872282453,9.092696645246866
8902c3f6,514.1230197122959,17.035145110258053,0.022106884680543983,0.028863556752641552,32.22892830100318,44.92338542225116,4959,386826.81919997063,4001645.125271795,-730794.9201179508,4.164295229182146,8.74144248749388
896d15b9,266.4366898533449,37.45402101556493,0.031219221931691736,0.056876790996809694,46.33918268148227,46.33918268148227,4279,3795998.5906998967,6264506.059700316,4296985.63642204,3.3083903520160214,12.283465104145385
8995c945,351.2159736500669,27.334695131639393,0.06554198803638282,0.07278127687943389,13.053986421666195,41.0077184895581,6724,1954585.6891999107,390536.9488374023,-613884.5312972325,2.8356352456508502,1.138674251680143
89969c7a,571.6095691089274,17.148861079594184,0.04693460810147125,0.05873047693545615,4.8652201411987335,18.68189943208381,4947,335509.00770002446,87707.80365629234,24998.626350220267,,
89f1085d,690.7667833116504,33.19490750076529,0.03706399733353234,0.043281289987600925,19.07562682885691,53.26023855933272,5994,4576088.750900208,1614934.0087657261,-2308532.779326182,5.576453448164776,9.015122739457855
89f36adf,323.85775658481435,15.200851076090872,0.03648808926607119,0.047055122314962776,14.678943723842167,14.678943723842167,5292,106116.43979999893,169257.1461890011,3050.762577888622,4.189929580567474,0.621224319240921
89fdb2f2,39.23570440297356,7.791633709266085,0.04634632481424246,0.047910971744985174,4.151235276833177,4.767200201553351,2031,5777.546000000929,24983.423299723254,5216.527311799037,6.079454964211589,1.5009451038267887
8a3da6d1,218.38814199236992,32.578272295506224,0.064463742043179,0.1065544807919108,31.28079500106105,34.31713531170317,4593,406895.5996999942,857962.6619291325,130954.92922440327,3.9994999060818683,2.7925007620687365
8a89da23,456.10446198382795,9.448324940799726,0.02324161851629115,0.025837428915479372,34.421983062971776,34.421983062971776,3935,2314494.7408999563,15056.440137912607,-67231.09369228785,3.647176922796312,1.1059112847427053
8a9c8932,689.0177414264656,16.555724168225822,0.03485714364771191,0.043008156275904326,14.579221713882362,15.380958526788163,4663,26790.19899999405,243537.35153264663,44367.72780521215,0.8679524429936482,0.618464694681759
8ac2f237,501.2839706709023,20.391243043987586,0.03820067558669059,0.04445521169405251,40.55414744443078,40.55414744443078,5319,1439544.5205000385,91248.72746040612,267993.3842190748,1.1786085207199175,1.7284910170093741
8b12bab6,492.0002610770456,26.516792961901867,0.047202690090243686,0.05401185251894522,11.059028113246313,23.756896520148075,5234,1308478.1674000914,326620.4639505282,363627.78747802705,1.6566754833971629,0.7683253950268141
8b5be31b,387.0920453845812,16.569462074476146,0.04390927696292627,0.04666666034457439,22.338308435997533,22.338308435997533,5672,1180819.9725000688,269955.27613991726,170772.6736959106,3.959930680583672,1.2593863959034357
8b95d6d1,51.974410343425276,15.725478906595058,0.024366279811850855,0.03065557839590321,7.912790361937368,10.415495435003322,1731,284564.65220000554,51624.501244548854,119737.87381281906,,
8b9d8326,1047.7856145386259,27.606324196002763,0.03608476087233205,0.050045582840043505,65.68140103489532,67.68137710539122,6163,267042.8137000058,6153712.71851433,-717975.7847772373,2.4391726918007284,0.903602055803841
8bb9c1e6,329.8770074006746,15.110943745374843,0.04161170817911981,0.04517483673852103,12.177583358219636,15.937790541825962,4546,157019.65899999408,442856.46457206144,157838.33181479972,2.0285673385385006,3.061721215742656
8bda1a11,507.20193038510763,17.342139152059126,0.03400400549426956,0.037844248354564,22.088604267502888,23.498652883643445,5981,989223.5465000395,328662.90363278094,136435.31159447602,6.390010275091588,0.8226291783107776
8bfa881d,317.2767123505973,14.161673947114242,0.02878235302741156,0.07695765205429278,70.51878382165887,70.51878382165887,4089,2536780.2353001023,83952.95344761833,-324405.36789390666,3.311718431866532,1.6391759590402186
8c167025,1247.000973581179,32.380446543544906,0.02828149424439487,0.04076241025117707,54.53541293980743,73.85226161614446,5368,885288.118099951,11253245.23790369,-2542462.1546788323,0.7367327298331949,3.454573985951444
8c8348e8,175.76795669324105,6.330514610549078,0.01406333942329497,0.017555388804914744,2.0882238065132697,10.822558205567475,3888,166352.99780000988,47924.37625177534,42059.516305267396,1.3729816781457593,2.6626013347136275
8cc21f01,1380.3642709445805,28.516974742028754,0.03950049932239616,0.04291135829552722,43.56481728095605,43.56481728095605,4044,131039.6826999794,2161839.489986668,-203254.95868425546,2.5199261954074914,1.9927205105468262
8cc800b3,1134.5127205260387,45.79346099598658,0.04513227745203249,0.05347546084593384,24.563311090179923,25.479982804134124,6576,1269567.7063002407,1751048.4238800209,1096498.4153188653,3.5270022014831834,2.2864159319187918
8d5d46d7,354.44344876193543,13.56403788410363,0.03754449270694175,0.04609457024860388,3.93212120332646,18.811622437204278,5755,1201438.5950999793,468588.03456586506,696069.2100994586,1.7101776731844078,4.811214924357687
8d92cb49,388.47395721470616,22.911251839832065,0.05050652494371928,0.05464182015607626,0.9929510148322152,10.748589198474292,3589,189251.76719996828,320812.54154476855,220147.22029736132,5.726057601193616,4.464468624834329
8f201368,351.8327384764543,14.545122446547618,0.03340613037100503,0.04123965956604486,33.333593295397804,38.36088089472469,6349,6172248.778699459,104327.69968037643,486462.7372328327,10.325683434456806,3.9159577876205
90386ee4,345.604337067753,16.175522197424606,0.036104137449265376,0.038649726534407014,9.254909912013318,18.321066389115003,3840,395836.75129999133,27395.57742208698,8898.087647057011,7.375934410888423,2.2467841202859553
91abc4c7,340.7538035003128,17.020455696290135,0.04096263854924058,0.049417060560055896,1.3090418908541324,12.552672774325401,5848,288753.652999978,122893.26750488504,62411.980603186734,3.52025109954374,2.8389698111991435
91b301ce,1924.6397989181796,39.514365356541575,0.051009637746383264,0.05531819095479089,108.17196816824435,108.17196816824435,6570,8193806.108200078,1775607.2747343003,-2586676.3509713,7.635536346043923,2.9001209097899117
91db7070,378.49437578415893,16.210077112709794,0.034851392442592506,0.03599394512362053,63.75797488732678,63.75797488732678,4073,6782563.949499965,692480.3661918632,1843306.4273581528,1.5215536467701374,1.7177782902812793
925a7cd1,374.90008169195113,33.35548727633621,0.05363543909075425,0.07264185348491681,3.9075486291712878,6.833135246724851,4517,96102.53899998142,102949.32317179976,86040.21447067567,3.368566643196302,7.884289025614872
9283ae69,466.3711074300826,22.54158144386235,0.04742899845223146,0.05013288383316944,4.810160926819663,15.388614922598208,3371,128466.92229999312,110964.63409736495,-25818.78635470177,1.0402126121522117,0.5615755430199608
9298ad5b,734.4538043495784,18.27173324940756,0.031116079725370747,0.033924111167950216,5.0482201558170345,14.29603261920056,3964,679222.2871999877,269610.9505281146,268854.0618218361,1.3933182438133864,2.22029901121424
9314ff13,521.6860326713029,17.061674488130265,0.05341425478167386,0.05995828669560728,2.6716153110246523,19.81897502375432,2748,74015.14800000661,52756.133341330555,-5062.152402840634,1.1294574546555671,1.2798148026021638
93209a3d,423.7472685455599,27.41104496252375,0.061235067121591574,0.06852201863305273,20.162613768847223,20.162613768847223,4697,876195.7139999378,976146.579269461,837408.2720178216,8.845859332938824,3.2446006196103037
939d9c34,632.7984398326291,32.454690387823675,0.04286318432951914,0.05261739471797092,56.976023342387634,56.976023342387634,5101,1262007.8878999616,2193834.862438008,669765.3745589259,,
93f5d2e6,468.5258136965245,21.297284075308315,0.04091382474477478,0.07290710077679481,84.77769757140595,84.77769757140595,3691,1492048.8161999315,660041.9861745329,-910013.0983129807,2.32086808683195,2.6800508881950074
940a48d9,388.1407439317389,15.717428908201661,0.03960290094509204,0.047212120416810666,25.471984884528865,27.535734228378715,3963,401331.544299986,212232.73131398828,-158944.2011455393,2.880256016241877,3.019521124266817
940e709a,379.4891907187324,21.729811095229728,0.04664192138594974,0.04855411468041263,2.641563006080105,5.724634942933335,3348,72453.04740000205,24480.36406026871,34546.68193168979,5.150849669675811,0.9140737675494701
9426ec1e,392.9262171932605,15.37574658952886,0.03911487383961093,0.040476585641037496,1.622803973090413,13.396185468258409,2532,369449.75210001064,147155.15989637247,161270.6523001117,8.752879862214346,1.7150512262687612
94467f50,1127.7653416378123,20.77228697688362,0.044261085953736484,0.04571808071417253,14.606630238726211,52.19605988886906,3035,184428.1509000007,3968221.3378960798,12547.318993521592,2.0162634403439914,0.8383766784945027
944f36b9,81.95585946105115,15.065665422057451,0.04952348168795586,0.05595963528277188,2.7236610565123556,13.597892476724155,4630,196405.3275000445,288133.8592160424,121483.48335421384,1.7428594514065694,0.8482855025281961
94d813a4,174.11381335224382,16.068904061396754,0.034180284037272086,0.044290710165153756,38.52253096629465,47.5382109655111,4847,6539388.741900146,899240.221960423,2224191.9007283533,10.915759548781994,7.116729849478046
95b559e7,261.56096287481597,21.847068167147835,0.05406949281828417,0.05674915994926105,2.628272369842307,14.80593546784803,2887,1199494.5984999845,291231.38957816956,560426.4790711968,0.9247048373102561,3.0089782896141024
95c8427f,397.46159927682936,14.705027201606669,0.02527733214723215,0.033899119050260086,17.87731298746985,42.418910185513596,6335,4692294.147200006,121096.51544714413,445534.970702887,2.791164004497164,1.9958469332861883
96936c22,285.7143439752452,11.5499822207704,0.029632514658513603,0.03041936610640901,7.806514225820138,11.984071189086535,3346,55694.085799998116,39046.327638840594,5321.875491215063,3.1427924512137473,1.4264937984030515
96ae5806,291.4800619251922,20.987549545802157,0.039962424550926294,0.044050644173813346,4.90363922783763,24.448793443272734,9839,702640.449500161,175127.09140962397,-239483.21795747883,4.036168527573586,0.5922171084936935
96b7eea1,348.91188290870633,34.99704207926747,0.039398251465500994,0.0402119317215094,15.156731075880089,15.519987659428807,4332,666631.7062000058,781600.9746987615,638957.034207589,12.770834905414116,7.660687668397723
9719aa04,184.43345141268466,12.217937057355625,0.04127381686724947,0.04633331776122309,2.6704149300403515,19.19850955605216,4871,243928.72190002463,372132.0116119731,165726.11123795342,2.110901782377412,2.8009604495633758
974802e7,995.7642169210739,28.523525569913467,0.03769689561450327,0.042472593350228544,3.855767274311802,25.347711076105043,5843,1113566.055799995,1077527.8745047464,580115.815686401,3.9555187402756578,1.2130763626456889
97cd5bf9,1044.6147715786478,20.037906226387506,0.039856561516634505,0.04368201572467482,12.28496343416191,14.714485568285454,3449,296634.3552000028,56336.939223268666,45839.17469865283,5.7241324224985135,0.6301509274964904
98177ced,163.0836172016584,15.092605120414689,0.03292230682700145,0.04581285056289835,14.101128818967481,14.117369044575753,4772,159417.48820000218,221671.02612632007,70156.51123145933,9.960862223487847,2.001205138715232
9896fc0b,586.1647108005545,23.124997985400444,0.039731592894499096,0.0550611541969666,15.714455215105772,22.27607922308198,3595,899134.1276999662,245247.18064989947,428744.7520909994,3.640560344173059,1.9656955709544484
98bc6f66,540.3388604386861,29.18194987380918,0.048440775241391044,0.06256884687566908,19.05095001329937,19.05095001329937,6063,1887774.7947001327,1404558.9779607765,1553257.8287869098,7.399359773633482,2.860102181307095
992c99e8,340.97618306348784,24.184642630259997,0.04749860107092051,0.050654360073726305,28.41686715888136,32.569602279998435,4904,931085.5809999144,88182.12790805005,-142558.6975629359,1.697008372973729,0.5576854800918792
992ce078,506.1534512376947,24.48716684784853,0.047945532334288006,0.05745448616765121,8.795979923985215,12.973428257058913,2879,72692.03020000554,30620.32013727575,7225.77759620131,7.062949564573776,2.4610005488970472
99529c45,804.4444408408851,29.11257320058404,0.03459306938791491,0.04153347675124605,23.52811489855594,36.76576582560665,5840,2743802.8484998615,338544.96512562357,-570005.7205231747,3.0598512310467747,0.87244642753038
995ff498,700.8144099264733,17.37596389238154,0.03647789264481646,0.03965575286979455,11.645292660592531,11.645292660592531,4526,315088.8045000047,380644.7429387851,271279.573240768,4.471985456324381,0.23037259963200535
999daf80,362.144304438756,11.692464988188135,0.03320505712445057,0.03577784892608522,0.9787244546405418,4.270420749020559,3564,93487.45070000051,70270.78977793017,76543.44828655195,2.317104051707682,6.7438509426112665
9a6b0392,254.56169586137617,25.071092721187462,0.04894023047033593,0.0496754860229096,36.60376770466428,36.60376770466428,4255,206952.09109999056,410708.3444561112,-210785.71473356368,9.706628877001124,2.446045113015989
9a8ae0d6,382.13638730181174,12.372627992366667,0.0379470717225264,0.0442033151442413,36.772763017183024,36.772763017183024,6294,221866.91140001573,4246571.895620622,398820.93531281664,4.913225197576231,1.9469097532955495
9a95e33f,397.9318128776789,20.391361184028455,0.04046800169462484,0.07020459566536041,23.93230602028234,57.709682040242114,6447,6721646.785400254,697310.8826496248,-1685451.3825116504,4.446986026762402,3.6423087541531594
9ab94eeb,755.7783895429905,33.26664771208554,0.04544168217631238,0.05304814085599228,14.870580114478798,29.0700055230991,4442,299097.2501999704,586562.8582939934,-25417.449205376204,3.2271460648901718,2.266464103659039
9ad5410a,357.9191095761816,35.39814741246176,0.05657901102893498,0.06521575531725686,9.462271233376669,17.790255734464154,4205,324480.0178000703,199372.4270645034,160805.67224138833,9.60590755521504,0.9298595816504498
9ae248be,323.59281280650055,18.051545813309293,0.05225027636801968,0.064029213964302,0.8022368368638126,24.090379474377187,5271,346428.6368000286,163041.4442300603,80906.56825178274,6.4601337425793774,0.26336099679157166
9af1ffd0,1746.7791658202166,28.440957469350508,0.043638249849321596,0.04483540439498092,25.914215296343173,29.28120189857691,3525,1158407.8343000333,86445.47226921319,145091.00883349142,1.0372117334271203,0.57732311481496
9b5b61c1,381.75714651148553,14.569230896537693,0.033095447065758676,0.037865298479817136,0.7223041906363505,11.702665303842878,5532,163109.3980000056,208094.47703108637,43852.51698296823,6.516714641605223,2.237751933152769
9b9e3b49,324.4647621245143,19.487591669644466,0.054313837709231656,0.05722221853418009,12.402340812628609,21.3453059458825,5118,321335.49069999397,217329.13029183375,36132.96544499564,4.990740145317112,0.9295324136375115
9bd2bba3,357.2195292815028,17.080003659250217,0.03553446302146438,0.040965425584200243,14.885735851548816,34.547897287791784,7439,1827404.7831999226,612427.1990722307,-829602.3443005817,2.0401981861431704,2.959494165543876
9c211c53,996.4029408329106,35.647099022922184,0.04024639306227041,0.04239769027478878,24.20751303835823,36.874669222232114,7265,303791.11030003463,2629483.192350537,-120138.18194725817,6.036286288201173,1.014390715388744
9c350a6a,1278.0239516142137,19.78145991199844,0.040564929261366005,0.055644600871613194,61.35605778805984,61.35605778805984,6052,1831871.0810997658,4089196.49350242,1533302.6715569517,1.457321589231581,2.5357711641743172
9c8375f7,333.1580125104317,8.810801520718632,0.02277740598036443,0.02745110442496387,22.834971407552075,22.834971407552075,3674,128636.79189999789,224522.83401933647,18228.541909376767,2.3671548156336866,0.4513493053704535
9d072e4c,400.32008206365657,10.249485345401565,0.025258333709131955,0.03552456934553673,37.024280244826514,37.05790668642294,5107,509761.220699917,706882.9660158505,-428121.87398610555,5.833807960427261,1.760474203704149
9d3ec64c,1694.1235558539433,23.708500576994997,0.04487923733110844,0.04569898380101904,27.176377255735133,52.39909453717337,3480,293771.4404999614,1495725.106400139,-348260.4144264054,,
9d4272e3,1362.2831852443485,29.98974887357341,0.039028461536037416,0.042116091370910415,32.988797339774464,34.38779861516741,4030,1272323.226500134,134986.09117293268,-149807.04904869533,1.896650857402385,4.264047500648
9d5e14d4,568.1703889923608,15.97809305431579,0.033714002135358814,0.03600886897812281,46.367226195156036,49.284014548376945,5400,4399443.638199924,220341.76763202233,-878932.7993173775,,
9da441ba,361.8889256381706,25.730079921530848,0.05483529949959661,0.058257902101811546,7.720544275991415,18.36201239934053,5783,1410696.1844999553,1222686.3387609057,1102683.4431098881,2.8977634202097313,2.016982514918875
9dede370,189.7596569345968,11.602145662952829,0.04376753881420738,0.048830351840271714,1.3619134415384906,18.26731417226256,6297,2196378.690000139,1051154.090945186,1391404.245109994,8.287332798605972,0.5948736129550639
9def2eb2,462.99456692262345,15.848487100016083,0.15372741484740174,0.282006156161695,30.135675222709324,214.07265325291337,6003,315845.500500026,74328462.85634123,-1281667.9850150226,0.754004108545915,22.63875542584962
9df1b1f9,814.3430906592116,26.85666305027273,0.044315906526810625,0.04671805952294587,6.755244621781458,27.528342510129733,4701,745415.2874001141,79780.24464633668,-156548.69271685896,12.880117263553144,2.2638999924716847
9dfff011,1671.2763074861161,37.224613468223964,0.0365414571610984,0.04641617994133845,50.271148335586986,50.27480558598836,4319,101424.8964999926,2968114.670961796,69108.7376680174,5.967799038962493,1.0040940227235755
9e3e364d,380.3642644886369,20.462279588000463,0.04869071582321959,0.05973884717800988,2.6942226834289613,21.872346989430298,4290,72018.79139999616,549860.7587147512,84754.45846166869,1.8858323627075002,10.354485405964283
9efc812e,607.6906523884055,14.620959644890199,0.019886690977470114,0.021420631673963908,29.86961670053097,29.86961670053097,4450,267072.8157999701,253210.54871042247,36108.66780179802,9.216786778824313,1.543936151168831
9f0c7bae,941.8957971806747,16.938464396050538,0.039003198413983406,0.04712527788011714,9.88525875058258,13.577470660982726,2542,158576.27620000587,356341.1119566161,204549.76200238,3.035388520335833,6.260052272070994
9ffce529,473.28002239680524,13.776353934709244,0.02951502871023372,0.038249653256062145,9.515223686430545,17.212195588143004,5212,640422.0105000017,219542.08133840343,203617.3461399214,4.89065989294677,0.7973000183731805
a0383629,708.4798721911998,17.470831215468163,0.04124494089594616,0.043068675987323723,10.256362153906593,15.983450749039548,5832,413097.17730005423,1040515.2362621658,506919.6812929364,3.1555483262163246,1.4646218615880633
a056d01e,361.738827038919,20.996153679380733,0.03992391001001988,0.05061006917881285,50.47066305176668,50.47066305176668,6557,483176.6875999982,469151.7468916954,-164644.7591224593,12.063984840761007,17.94701706077682
a08d9e63,876.3919555200586,20.843261341723572,0.0455583810019077,0.07006359513322127,0.10337722778967873,29.163644049749564,3685,1697467.9239001372,955946.9474404902,677042.9332592735,3.2206639264787964,6.273883335110122
a0b83014,393.1381875372284,24.715281709905646,0.04946846002139364,0.05920613669911069,7.6668750595472375,26.357575414413077,5035,1545219.8705999411,161571.87191828142,160235.9930750323,8.980046566627692,2.401367391922249
a0e92ed6,211.93923209239344,14.86062907431483,0.045823797145976744,0.04855563326559606,14.231034472126339,15.028104471506595,4897,322446.8719999936,79369.30855746705,79724.87364928646,3.8591894479626276,4.618667782385993
a15bc102,791.1425829139928,28.130506231836247,0.05365240041568247,0.06014295576098342,1.1459734856762225,23.598320713710564,3236,21522.22409999582,859731.1178485346,74902.4157955233,5.194042243454698,12.23489288422929
a247e7cf,526.4273709642727,18.185080240663584,0.03355804957380754,0.03898869413420867,1.0982509252535237,12.191900700219776,5674,100144.90760001083,81302.77191483273,27843.324988211523,4.385585305582668,1.1228224986850772
a2e8e7f6,801.5585459403945,18.566222596004135,0.030295239544516604,0.06347788461637241,79.02028519558371,79.17616691854528,4760,544812.5200000023,3543966.201528807,-776832.0674549995,,
a3518960,606.802620816633,52.05322055386875,0.07946740156080645,0.08667377920162694,6.302887661828208,11.655023298420929,4967,250434.14150003105,472548.1485331255,249692.00982239627,3.2373864201446856,2.852728875267573
a3f71395,684.6032699792695,39.846793295540124,0.04947036670478185,0.0628410927868648,39.74988352780019,42.35784273740137,5543,1262084.8553999302,3225429.4295921167,720249.4599758884,0.8377282289667163,1.1659107469541532
a4719920,1075.464212189354,31.12680420850134,0.046670521618128305,0.08261518928031232,17.205216658243444,85.58175299853792,5884,305488.59620003024,11449327.598918846,-1204855.5723990537,5.030495344518304,5.0132615379936825
a48640d9,756.2784526980013,18.30154594520274,0.02268226165220682,0.05730357994141261,15.895648411662478,43.456235671395916,4532,2119663.4420000254,1351449.9709325307,703874.0805383457,4.857605668702755,3.1502400338968526
a4cdbb0f,641.4088743536935,23.544265017926804,0.03670266523579891,0.04006117886787842,6.939525906856943,15.82543369501218,5204,646976.778199994,144016.86613296194,241043.7257104732,6.234972651453025,0.708651247402049
a4f989c2,296.7175373745901,14.309339355562502,0.031952468187912884,0.03952569594584888,4.848327754340062,25.1369666924802,5385,602639.2674001358,70056.85569694801,28909.69484992287,5.043124895894641,4.921845727176412
a5aa7973,165.7841081046644,15.265460388058363,0.04944347776626477,0.06775655456459224,14.146666530805305,14.340962929378293,4616,925504.9014000506,325562.63901871006,509431.7159614645,2.3647373419969577,2.140992879696164
a5e6f7dc,1132.6321198429416,50.806056218107535,0.05202605495775802,0.06162256709062619,34.6736168469306,43.47374502234743,5649,227840.51500000907,1753028.3760022272,320879.8311673092,1.995143353245482,1.4077793459906343
a612d5a0,408.9967098067788,13.11545050576355,0.031853951950579606,0.034265552278616156,7.889958594105337,18.09860512827072,5329,1976143.7358997178,413274.7918534511,844305.8954523044,4.937917148791457,4.7927295017948035
a622ce4d,346.40162961474846,25.11264049238942,0.05698476211176787,0.06320419158672258,4.2430187651043525,24.992606348172558,6298,1276393.4972997752,193132.2008191404,329616.191385051,5.0353547362210005,0.6358529256442431
a645da9a,633.6344417772067,24.304879621018443,0.05003672133956555,0.0607715957437201,16.286245169665563,16.286245169665563,5153,412868.9668999972,161084.47945941263,71180.22694050988,0.7602333989873661,1.321542220837632
a692b17e,339.28646996695824,13.749181888851892,0.0366916082911993,0.04248835861261763,0.37698432176148344,14.947325780784013,3566,615522.4762999527,258639.79177221566,367216.2379679793,2.0992200016631797,2.67048489309858
a6b8ac67,683.3777245418548,28.569560505894977,0.05529452328176947,0.06722680505563126,50.19780566156078,53.67260615745545,5453,645009.4706000214,2428954.4335089806,-939433.6592478933,7.319865502256099,2.1757257826929908
a6ed2eff,314.7599749017729,24.950981310549242,0.05427223665691491,0.05949884033584375,11.151450944415046,16.675258477800526,5275,393100.8371000228,28068.73333823509,62825.954564825006,0.6090072532541185,4.8691803734242685
a6f967fb,58.032274641138095,15.086258441045107,0.048463375349712574,0.06397430310456347,2.6987292021785834,19.144048475245654,4670,884568.3092000424,87756.727218366,204526.6801362425,2.4622789515546724,0.7494276127202006
a76db406,512.7704306024158,20.800963281480325,0.03252517688513754,0.035285776021447744,1.4627161498483474,13.816988602966376,4672,64109.127599968095,398878.69122574327,133205.3397516148,6.368742394771207,1.1563854442700026
a7744f5b,339.74519098287806,12.18033311051656,0.03295477187227372,0.042835677936859634,15.406619181720089,24.961315941058274,4377,749411.9111999924,82646.51582563076,-79594.74934283247,1.2131885130346927,1.849486059612476
a783cc24,89.29129016869477,18.686179541558822,0.04935620207338144,0.05070624927826349,67.81320183576645,67.81320183576645,1889,1349195.6163999334,156186.46088912443,-447157.77730079106,4.562928432205998,0.6887067344578546
a79fd2e7,209.56598244956416,34.55601751481751,0.07606204033101571,0.09647049409057262,35.27375119840508,35.27375119840508,4404,674359.5242999962,400108.7200350298,-226053.89426183453,2.7626697397462534,3.2969612294305612
a7fc3e6b,2636.5594064367897,29.516927140842917,0.03619962128105801,0.04047369681854168,116.00502821442751,116.00502821442751,4764,1569287.4015999658,8593974.174040057,-1669279.529748863,0.8838394865359095,1.095717296828202
a85bb86f,1080.5766092231174,17.294619647451327,0.041027597894811585,0.04439328884698477,86.89167380743129,86.89289605105478,3099,192132.77000000863,14029335.968739579,1323226.4299493132,0.5360772086042055,7.019003798472908
a85e4bc3,1182.2645973277904,41.16660779598814,0.041986429496407796,0.04870911417301002,27.996285579840333,31.716189017695797,4581,425576.1229000216,1196537.7691837165,-164234.53423781678,0.8112131988158788,2.226418209475007
a87433c9,1071.388898419873,27.219116645061998,0.03499116637962213,0.056474089269998244,77.24269053563148,77.24269053563148,5721,525092.0834999926,3149583.8328068,-709262.5616810042,4.699041260419364,1.1317049417594596
a8ed028a,2053.1960584960316,15.198649906834632,0.13433317945822226,0.16132624950645474,152.6858764216795,267.47108248651784,5538,2008598.1775999605,133916576.19160229,14068972.025954898,0.9106618286386936,7.2387546361525885
a959858c,264.6094076180268,17.891581109823047,0.04436217336369119,0.05221047605979899,76.94155808992764,76.94155808992764,4404,18812805.95959987,248745.4640232412,2000982.015798468,,
a9c9b150,351.4466793456446,27.68142381831888,0.04269942589519182,0.04320632800140505,8.979150396451587,12.876112727824875,3986,5391.634599999219,311371.44526981225,15485.443050545713,0.8542907697604385,1.408988176843237
aa95015b,483.21784176522925,28.539959917795418,0.05965282065747094,0.06220791630310116,13.140020179720523,15.404208226991614,4300,591150.2580000525,412150.2120611067,378650.91830107995,1.7895545079936126,0.7739980911353124
aaaf3c03,1011.5477540424033,27.39585390049916,0.057419393885863285,0.06294987337980862,5.390118666862691,48.42515547831499,2997,681500.1233000014,3543178.964053487,531066.9741483815,1.6689570417546513,2.4275360077097194
aaeffccb,325.3926748707927,16.62823181720095,0.03020309579593684,0.03522647069775232,9.452393753254,16.720873525026036,2712,61347.45250000095,216847.64824270317,-24672.52920199204,6.604774997213428,5.438828630840334
ab112491,1293.007886613767,24.7484016491236,0.039495920923666716,0.04425025532648673,68.55987910969088,68.55987910969088,5185,4124500.0361000407,2969470.122781819,-1953936.7763379796,2.9646528448990157,1.203735410308793
ab18d3fc,701.4337505424019,20.33325739398378,0.04574825842927488,0.05580366328014457,14.42927910668186,47.22436483065758,5694,1568639.939100041,1845804.9541601741,-721762.7353628288,9.29663786171681,2.6574635714738486
ab3ced07,304.716247023326,13.070385643100623,0.03099331961290098,0.09364493238848262,42.10084062406895,42.10084062406895,4250,407963.81209996,507390.796855215,-1938.9830860804452,12.377290070980612,0.5703474729370123
ab6fe95d,556.1316542870012,32.34833974077136,0.037409312338356475,0.038177910214599584,8.266130393756612,13.295268290275999,5491,244990.83519998754,264607.9197556429,171190.26936656886,1.6411975876869267,1.8302757095867181
ab94878e,317.5701761816443,17.354007270926562,0.05155497023078325,0.05685064591087666,15.104260343088754,15.104260343088754,6004,222696.71589999637,206645.31192514853,136166.24203881636,1.3821950072165636,6.211708045568618
abf460d2,219.21758072726428,11.36267787264506,0.02883080292722196,0.030935228836652808,11.926996770922415,11.926996770922415,3217,224344.40889997498,52364.57581667075,88006.76502997262,4.782602602279986,1.8840457875334264
ac6f01d5,1168.382369132635,16.11017225233777,0.022182618969497213,0.05020154664896245,28.96444867810169,83.91726243599078,5004,1275030.9817000786,8563976.162130859,-2479550.8311885055,6.800397576461884,12.061956422468107
ad2133a8,481.3865242445753,16.003515228542753,0.031446875712801345,0.048121483504270625,17.288015273299607,36.04777600266607,5729,4519876.894999719,330169.3323657212,1020458.0662769155,1.751500426296073,1.7677442405166832
add9c322,344.8387833750645,19.20074269259407,0.04320902240347942,0.04974996294752014,8.374439419692862,14.762277997020647,3932,594561.2657000653,151345.82236440058,251685.18403665142,13.497849326248545,0.6844158263790293
ae069086,441.3217060153311,19.423235799566392,0.04767715721882826,0.05046276549940077,2.6883809422124614,22.73227950294313,4770,1014757.0094999893,93482.16857091105,282953.81149533653,1.9509694720154036,1.1093459415918068
ae0784a8,659.9647269362067,19.234372461413436,0.03839357121912474,0.0442039523543876,2.021408723479908,25.00610737488023,7823,925596.1520999304,470393.37195491296,-68980.59973302043,1.3816780886524025,3.5031926430827163
ae35f33a,169.98470431184003,13.94829513271711,0.04768188247066977,0.05078103102254947,25.426588066724435,25.426588066724435,4450,115525.50370002084,402430.20340688044,45992.09594510845,1.286119817920088,1.6590717250648097
ae8959c3,354.8153470935159,33.512015468531125,0.07469969125575956,0.07616824926679144,54.862110542397204,54.862110542397204,4518,1765517.881400132,638528.1984186611,-995797.2694467371,4.818848523423178,5.779257005094969
aed44918,682.6162520619098,31.23549482521239,0.03761008416642288,0.04334788100391385,1.472153014041396,12.445478470142916,2719,244806.5541999825,22923.514717940612,71652.89293975447,2.2408814967219577,2.0665818554809454
aee6393a,405.68973181491754,9.555650733335588,0.017787002285065783,0.03491559293505281,20.479907392795212,27.045048507188767,5865,127672.8661999997,361702.40119432716,-97400.4309651349,1.166561935508771,14.507405202366948
af7a59ce,1012.0613243278423,26.35958432785864,0.036543317125365495,0.038353232140901194,8.406774766061062,8.406774766061062,3024,51207.55889998311,131882.6468816137,72538.87539264385,0.4148147890230031,3.3595991890770334
aff4e561,508.8285040166652,12.69862781711073,0.02749493066413882,0.03429648198532272,13.882714975830822,22.91009802917324,6026,709648.7385999826,185133.4316736804,-171650.3285949006,8.662724997957485,3.3601989500934826
b04b58a3,1635.4166123957962,44.435130509963614,0.024263026531119947,0.04638036474003672,12.809737738167314,45.78985575756451,3402,580138.9552000265,3007079.915495808,633635.5627920594,1.2170534631440881,1.1395967019535471
b0d42b0d,1022.6130712933218,27.460639813314486,0.0411046825668855,0.04187864729195326,23.995156444481836,23.998996620332036,4971,1948288.1617000005,2944192.131797472,2209322.635161452,4.6400093594384355,0.9839742932883755
b0f53bf4,628.1809709386016,21.851154630153246,0.037661238776629316,0.0391531569220967,9.013968734541777,11.344319825329876,2755,234773.98400002433,165358.10847766712,116653.81517300998,5.408133142002243,0.3571336294890204
b19b0395,352.3084923756117,10.988922191803026,0.026892549943631258,0.03503321311803647,11.389939601463993,25.059930039511528,5813,586571.2351999426,1280682.6906192976,602411.6665425834,3.4916363660232457,0.4217566656931066
b1efb8a4,178.14025734446597,10.094548604070862,0.032628311503892254,0.036005910886324544,5.149467615179674,10.559407324328276,5998,434039.6481999101,124084.31709908784,204737.09466693513,1.1241866671736291,2.6023576768290027
b32902c0,354.0001848867495,16.636975761838357,0.03405003184046026,0.04217648076976808,3.1471742561589053,18.934975275351462,3808,101210.23660000451,460071.2314791152,134116.5292463891,9.087757401113617,1.8953274560547284
b32e4903,334.58026449359204,29.86932527941768,0.050798964658187284,0.07585086516954345,6.5313017303978995,16.717916814641285,5770,198407.28749999127,187186.04368487716,4585.57133879977,1.1992654260792281,7.0134126085092525
b3388334,401.41914055002985,23.409865700370254,0.03311081399530782,0.05556303802530238,1.7721798404145375,17.919471104027252,6080,1231175.2810000249,420337.0250996625,488351.9931037806,6.9089650981710795,7.520855530808412
b37fd114,1476.6121769688446,15.325968515480652,0.03417299838502342,0.05502778051787189,32.98481474539767,67.48398005974741,8161,5091965.85849998,3115933.141874967,-3191690.146614138,6.961572363154832,8.652284529424898
b38e3116,171.8111128533848,9.79205609154697,0.03242152157989678,0.03651599916552623,3.2198376566266234,23.224466831889004,6211,254755.58159994343,174224.9681832958,-114311.55071626022,0.6436728472586309,3.3632636032018253
b4d8dd4f,585.9463132400978,17.004280240115154,0.03221211908522235,0.03527134506083709,35.01095518512375,35.01095518512375,4259,1245143.8900999867,1842405.7109222307,1265512.2583608902,3.9976709978686515,1.5038695903570192
b4f37e6e,999.6707914122021,7.058711879497515,0.019630003558063498,0.033963173370846686,13.500577457120016,16.508180541928596,2992,668625.7853000574,294310.78813365457,418680.1297459056,7.549044620997878,2.0273719064063096
b56bc0aa,647.1611467016019,17.50689229230519,0.032938359954831624,0.03590728699468989,61.511832257863716,61.511832257863716,5602,432688.5482999798,3584263.37873207,942178.1696008053,1.6992388182876703,0.8305216739882776
b585b4fa,325.18849687534464,12.802108087513174,0.03645508016044747,0.04001132166990046,32.649562075506765,32.649562075506765,4294,427154.41740004986,316083.51233124343,55541.42099746463,2.241438670715085,0.33408858858816637
b5aa9634,142.46682821568496,11.379130136864289,0.03707658995410015,0.0427511909504083,22.924329121677147,27.404687456417378,7326,965271.454800057,87220.92308816496,212559.8632979226,3.6253278182410633,2.1529928406060965
b7974e66,310.3999822175116,12.833978677694375,0.03570644154190325,0.04310283864544705,6.165777879970847,11.792698265575382,5558,270242.33679999673,15242.798939266086,15430.777429726306,5.192598513739573,0.6590443650625117
b7cdcecb,554.7550368840665,41.109719350198816,0.06453103427698642,0.0765658701588483,43.946475532362456,43.946475532362456,6168,530531.8507000294,215749.7971170873,-214258.29387009685,8.307191680455723,1.1099900115671637
b7fea9ef,104.13000192042222,16.620519591287465,0.0472569888856219,0.12890440144255627,105.99229217298489,105.99229217298489,3866,480464.8110000521,5085935.040608038,706322.8274614227,4.503562478749992,0.9128765878737646
b85f7b06,314.018165238858,20.702148807173778,0.05902298596247946,0.06879314662568276,42.493397176287544,42.493397176287544,3803,48465.19229999498,946559.5763251095,-178554.43049917286,3.6296137429845348,5.2561955302220245
b881d27e,355.00729288305666,12.384183713511534,0.0358650069902914,0.037124994215124024,16.663776933577537,30.501435985646822,4009,1414704.0503999072,97821.36604773089,-259775.65022900258,7.613589131247572,3.629756669992904
b8c49c1a,517.6337126358444,21.838152196521342,0.02478479118623205,0.034868240585227826,23.536901993655192,23.536901993655192,4319,294457.7243000209,231569.88644644438,-69106.4996765257,7.332601610398874,0.5911894145347162
b95e7121,342.7905369982836,29.758464466247805,0.05761156862577212,0.06468319754457046,6.999043926729428,9.298475365101694,6306,73777.33990000113,62279.81721184356,8701.823003277206,,
b977be4a,418.0488613339231,30.22035700043181,0.05980573627467342,0.0649682599317831,1.0791781299121794,23.73163118179218,5917,2042287.4439000036,359591.2235578001,636708.1720841655,3.7804296182354205,3.417439016571656
ba48188d,447.18949829056726,12.574237549642895,0.033941681867263374,0.040123934869008136,125.15044770012537,125.15044770012537,4166,10809097.666600233,303819.8192851617,-1520163.46307534,0.5618244381177975,4.750924602141512
bb2cdd83,340.39076985139116,12.963008367562724,0.03720548402968277,0.041324206953244624,3.6736819045963784,6.105273536320965,3825,34831.81490000421,11948.450041637314,1894.8781974502815,3.9767430996659248,2.6748903982197243
bb337fa0,483.0208065909587,19.097530589303336,0.05020519588907271,0.051369810044347104,0.9411368454184412,32.105866559579226,6873,3986549.262400019,1698101.8487393486,1839255.4143042094,7.202307247194858,6.481270502655733
bb682ebd,161.58451451172215,15.004242533244053,0.05097411718616848,0.06744449220451418,2.677401227903829,14.625040317909225,4139,1634184.290100116,1313269.006364649,1376097.9505948345,8.483939286838659,2.2254009290801333
bc4381e2,619.510100541602,14.526025184838412,0.03908055639253497,0.04656612401487702,8.213767333645592,21.128265716215537,4955,786452.3999000158,1837242.5420439783,1125596.853831083,1.9712745745525302,6.389433093011105
bcebcc5f,32.267141180913846,11.549163102120097,0.02602084329060365,0.03296496340570203,35.87862026536641,35.87862026536641,6258,3677527.008099816,221889.22021958057,846319.2058576052,4.083343788606898,1.976196287671825
bd2c2f34,369.7410339684651,12.428971054933427,0.027097891964540384,0.033444684297525736,10.225663678973433,18.177952406836994,9823,315079.63600001304,230430.5102854624,-81387.64242580326,7.34516077910517,1.2181037266767332
bd4ae5da,287.4120187119615,20.60168226406237,0.05142030481211537,0.06140388365791122,4.556133037587642,16.805468018574174,5006,988539.0036998659,221447.68324045296,416711.6222763571,6.750203990935015,2.004758330888157
bd6f0e19,342.4199233623138,23.76350785457575,0.05718110188990776,0.06820056462395727,1.374672769643439,19.81857187973219,5140,526217.555299978,51374.56776006424,51407.29955659296,0.6796835115887125,3.301011932445068
bd8f847e,548.6754907241323,14.865819816154552,0.0433701110087541,0.04972285921236603,22.86042078115861,32.355880814922784,4961,270911.7039999662,554187.257739907,-239895.9738483038,,
be063506,1195.9754163446407,38.26461532457234,0.0496584829867208,0.05842975876673522,13.93672874297772,16.03855783398467,4500,422173.6146000529,197472.45939936562,107115.47843052038,4.6837598059330094,1.976929291962819
be35c8f2,544.1811831547802,29.86399331108243,0.07283791399593297,0.15742709789521794,31.28152615208819,128.65905439668313,4226,92351.4078999985,24995064.36581836,-1019192.5965179438,5.416445521699951,3.8177073310102894
be83e781,347.9819927811821,16.625934266511916,0.035590269580519245,0.038203560461289254,9.997924792547565,11.148065118391969,3221,32037.475299994003,57368.643018130475,-20233.05497615542,1.1578819107266565,2.6244997658341993
beda8696,524.6215315467479,10.113772525464523,0.020513222268716946,0.029207567425654883,12.951696009789885,23.31920833514232,5912,570103.1488999936,374100.60172542813,105253.03045008799,1.9168114454003573,0.5660436910062934
bf39bc20,483.30531870654494,9.876012588652436,0.024651761503978988,0.037366335918628917,36.210300403990914,36.210300403990914,3303,233160.02850000048,181323.66895668066,-18593.045398284718,1.7674313220782178,1.7699995108807574
bf70b410,531.1012750415348,23.851940559390812,0.03260675805129151,0.042065362710398506,37.24015802964459,37.24015802964459,6347,2272079.9228000804,659962.8547400677,669089.4785297728,2.845946698835182,4.341465424247977
bffe3082,1159.5713845889331,29.532903729520527,0.03675688150838564,0.04925110787019489,16.122799467986624,51.6137387675044,5723,1576824.3084998338,9241603.343149005,2797173.0096389554,1.9564222887815306,5.0846393055872
c03b9305,870.9250303557213,41.575418025371334,0.0487730246806468,0.05086416467584035,6.310008601714799,35.58966915376186,4255,215530.03560002384,2599048.276717995,434016.47880704753,3.5358197628478725,2.2939425687243316
c03d4aed,670.3138176256845,24.023700504658077,0.04194026675110947,0.047342761595428794,7.006050222646081,26.60514198236342,4641,734829.3141000889,140651.8035660225,-146127.53094422937,0.9054175065917403,1.2227289043148126
c03fba65,3515.7913498955986,32.25568358347875,0.04354719679435941,0.045170035440494506,23.834258373139164,43.47427327582227,3699,1912776.2410998698,7016451.542190269,3442947.0064162165,12.375540436251917,5.264216903259305
c07fd0cd,197.88101652224316,14.141210927087437,0.044569914127929294,0.04899360466045329,5.8499874882454606,25.63753467078277,4191,68842.52649999957,625419.0809521207,-37.30090791242073,0.7537294004835445,4.116509909768442
c1708b88,352.4808416102353,45.408123339710706,0.04401548940888686,0.054872857390270785,6.647961714534176,34.18739582070339,6315,2115932.4769998374,321488.5630682496,-210541.42977505107,6.110096975854545,5.689355230953529
c1d046f4,376.838001341074,22.596470830517713,0.04833321381861304,0.05876732342841676,13.362097315630308,15.785273239014714,5513,326875.30419999256,31214.22605718344,-23371.36275999122,12.701994337915593,2.0460346575255337
c2717d4f,188.4042259320198,18.129294908851882,0.05968937952147542,0.06490563644725564,2.9724006231645035,12.822549494236227,4721,337295.4549000327,185534.2649588092,193099.111698914,1.000704906193267,1.5090384784056416
c2c4db09,418.8356097560241,34.29001393787075,0.06112436655157991,0.06863183467278183,11.346787393964405,16.102167629529504,6039,492242.5917000073,610099.8518779116,328309.44155224244,0.9908180843072515,2.018144647862457
c2c6fc71,77.33422243656636,17.938393674024834,0.030988659143396394,0.03632890482834099,17.56127615346668,31.736969219329694,7119,985790.5084999296,564137.750413585,-637927.7457561721,2.0533189920178225,1.1714139629100733
c36625df,401.7584988087841,32.17577639859484,0.06567756034751895,0.07448409557979732,13.653466123278122,13.653466123278122,4742,303731.2183999467,85313.02968454744,137858.6827345312,3.4391858283634584,3.069750700994716
c3957531,490.540972942468,16.17600067885548,0.034319969762674714,0.04020398503691468,15.560217944230317,42.524167323526854,5316,833115.0537000095,841605.8692710978,-358832.39454990084,4.149067583667464,1.414143207768831
c42fe306,359.47481080028626,17.2630833989037,0.03269973963331242,0.03466604015653921,10.658574816707187,12.710188936403938,5095,648200.2151000012,376711.5968334155,438296.86333102366,3.7933818621191597,4.4247809162339955
c43812e2,1006.7931802765249,29.5493017064916,0.04636144775172754,0.05122654469284359,16.231689145855853,19.805562154466315,5527,272129.4750999893,309980.80659692857,-65167.03626399887,2.9343252356434038,3.440073401422747
c472c0b5,183.8067183210839,26.788256026428606,0.06176838128586465,0.0647654858227676,14.286679243918115,18.60486749246047,3054,209442.14190004277,33292.27421880063,-73459.45872759022,4.082352605040818,0.534715987875794
c47e0767,384.78620843207153,15.11361897639117,0.03557044928392998,0.0625007462952864,33.395936587668984,33.395936587668984,4356,2009294.3361000346,1207278.496166461,1430551.7146616585,1.9308141550747646,0.7683389641644272
c50b42f6,405.6654979168938,13.673575279988123,0.02441014468475935,0.03744474312493133,28.36191015031909,33.18578700379476,6014,445236.79420002276,1116735.0734739741,-151791.73854718948,2.449197095812624,0.8227144169065804
c593337f,1479.5391926205048,27.55220475949927,0.03826706020724551,0.03921575034621507,25.89734030978616,38.16777180433019,5208,2955558.7426999174,578828.074271977,588897.4260710778,5.604198017593627,3.0577038736335496
c59b6c4a,540.859860315172,13.604180983594055,0.02388701092569723,0.02673554874737334,31.910505460395143,31.910505460395143,5499,2414124.735699809,104949.22979141743,252557.04643845902,0.3764810690299383,0.23423656965384845
c66be2b8,374.1445365720888,14.393018948870534,0.04520363380462038,0.05366182211808807,16.25932481689597,31.13099914283339,4154,2052195.2408000713,333854.18722485896,741901.1497211077,6.87162993314923,3.229196928571393
c6797dd7,364.07027288696855,11.039563634237126,0.029138532035920515,0.041826821418784126,17.313115259583356,17.43108847066833,4664,158470.38979998755,122435.89598266633,10865.960046051614,,
c6b782a4,344.22267357040994,17.43275498836552,0.039597943565259204,0.045837783679299506,5.988432263011418,11.084715560022232,4877,800032.1809000669,493095.62562833645,563956.7411010225,4.617697212185651,0.7650861734190328
c6c96179,178.6908218124446,14.934996011361097,0.035308607038187736,0.037469346597129256,8.35689460037429,11.763413529459285,4004,308145.24340000405,22607.70187500163,74890.49182618558,2.121106731304604,0.5980837328399
c70c0e01,507.4882391838765,26.873090825787717,0.043725492630685425,0.05769253560037095,17.665763608292764,17.665763608292764,4312,346553.0733000199,785752.3632842646,445109.7082955093,0.4614547748789904,0.4688130409701897
c84c65be,460.0414000936809,29.744019777091307,0.03377259062016943,0.040818873795060544,10.275181006150888,14.015208355231152,8496,805728.3655999928,1021664.8966525997,652169.3296082306,2.812406655284239,5.188522774628507
c8d9680c,190.09016071338385,15.278002159968507,0.04855875095523017,0.05882091223259762,3.681546554680608,38.02966763855693,6281,11489898.949399639,1938867.6105249254,4468937.301568339,7.748101931318553,1.036346192171565
c908edd0,427.39146750981877,22.48773421744321,0.044555445956520945,0.04756396103660957,35.811464755419365,35.811464755419365,5293,406638.54740001896,189838.66483550463,-144615.43504175218,5.441247176277389,5.411984035785251
c9578d27,355.97185745516197,13.959586311921813,0.03803230215348506,0.041737854660886156,14.197659666220716,20.55045087808685,4487,476650.5407999892,738141.8460794128,368875.7473855529,1.2751966325287993,4.518743096126287
c96c018a,380.2427014419519,20.956282731856184,0.04960763703833058,0.06155053851235968,4.366817128917319,17.474600571025803,6236,1031300.8693001296,429513.9865626219,573226.9268267642,8.086555976994338,1.4233704516550496
c99f9fae,947.2018976781605,32.68282213181729,0.05017604423752936,0.05273901160255501,25.202747847599312,25.202747847599312,6361,185846.323200067,93714.8718650299,37644.82895839558,1.0309785603881947,0.6129918424119594
c9e6734f,606.8910429415403,12.611488353349298,0.029453935286817418,0.03216814285482318,26.421537287265892,29.327945548195203,4735,503348.3166999985,264204.00565770094,-282484.8429682136,6.318614621603924,1.2159281362216332
c9e980e8,307.1066242017838,20.251760354175588,0.05807208108336289,0.06434446317049747,9.884823582868194,19.10181768268012,4359,413675.19920001767,20069.56400653545,-55767.904231767,3.353159236819577,1.2909940653109788
c9fedcf3,1467.3433587070695,27.14829778011194,0.03781170131665996,0.038321314340217724,28.999568228435237,29.996140708191888,3517,196341.86790004163,558049.7352620639,-291130.8778309121,8.192262067525728,1.419435942488067
cad13e8f,148.37790468925974,20.223869405976828,0.02882015976059689,0.04696611300476465,17.27741566809891,21.52291827789486,4848,1404749.5259000103,52390.97022598036,113472.55220072412,1.5723141119588366,1.9013693847886832
cb34231f,87.4101252717554,14.167889296200048,0.04566666662689458,0.05078794575824982,37.258218912715165,38.27250460333926,5609,164705.74729998753,1755494.9286218607,-105537.40437537646,2.533114025595607,4.612820936930756
cb879f40,201.02643908814673,15.714487838729767,0.04846262941621375,0.05915290235464739,17.268958992081025,18.073033088709053,6315,488637.74840000307,262676.4031348271,89238.76109487559,2.1276443303024113,1.8968278776018441
cbb406b5,632.440807504719,54.718344935641525,0.07578125362263925,0.0774988823606082,17.974358798621324,26.116686827988815,6328,817328.7061000713,279123.0583837921,7530.194998658289,7.007590451799796,1.2373016779085824
cbe51de1,335.1387191598333,21.78687423598832,0.04727907631352525,0.06533181826850067,23.17357709265525,29.109265431770837,3963,894316.5565999806,379139.9089777978,-264239.028993424,1.6137350919759035,3.20200166380429
cbe62450,189.86881602821978,15.070170401740736,0.05031354130664763,0.06238004698856708,4.790480406627466,25.935886975397807,6258,2166662.337799933,219432.8054230011,547197.8304632813,2.2070492396306407,1.0776160320734345
cc08aa63,515.8733619792964,15.29445660147415,0.03088716314722709,0.0369222227001851,13.469266741925821,13.469266741925821,3274,552365.0347000412,1032276.0843412749,722278.1040960609,2.5087719512337863,2.2491445186497483
cc8a1d57,515.4858075642792,19.85356547598895,0.0369109436171066,0.04502279708211921,16.594836861908334,33.02175620464004,6638,5040230.256000107,661784.5990855996,1377808.1526406002,2.3451088579329458,6.654982829106638
ccedb12b,188.15483225268332,17.129360291160374,0.04041072717150288,0.04458841621130545,0.05129682733968366,23.18616688279326,4401,495342.0778999638,375016.30541984976,-93616.79094770462,5.550771882195015,3.04062249662313
cd7f1687,376.91462216265234,33.620506553850525,0.06595446519836876,0.07604676298420966,13.184867868187212,16.458419460232108,4232,473102.78080003196,172662.6932889827,114564.77298319909,1.7547207381049965,2.4670348705740452
cda7eb37,239.52599710175528,10.454492289853764,0.0353130549649236,0.06108364192211891,18.55165395998847,27.60891947723394,5973,602402.5959000012,205570.8312540468,-66000.91632236657,3.1759850300434613,5.408642796407294
cdc31d65,239.1013042621615,13.066162644403311,0.035963752358453255,0.04140586434009505,8.50423211601992,27.595738798365346,4840,270974.63169999473,234901.48318571653,-192764.78873624705,5.850241361553729,0.9242706701784797
cdc60a53,335.1840146844424,13.63235804758306,0.03784324091072539,0.04548132087996145,18.301030440125032,20.38427168420276,5878,406490.89639999147,370519.8573035483,48340.00724819624,1.3425104467074256,0.749945519272849
ce55ba43,381.0362380241214,16.45602924272735,0.03466363698088785,0.035660248406301005,9.435224762914004,21.99817741620791,4104,839749.2925999714,54964.73672642206,178415.2381285072,6.451617115852034,3.7257393178235105
ce8399b7,25.511005467988188,16.442189718354985,0.0522789477217819,0.05589693714908119,5.087488115494125,5.940179874660316,1615,18271.3901999925,3016.7258506953767,-4186.024465692429,9.268686477315944,1.1388692883404556
cf50c9d1,356.64385737018006,18.019473840820005,0.03971281724489173,0.045533398241454484,36.77272194725265,36.77272194725265,4858,4841245.096900217,325350.7201438463,1185699.9709789471,0.46782909934497957,2.274905313036137
d00e7eb9,1843.8664931764524,26.993840387732973,0.03602498856789601,0.04603718586485663,29.054006449321605,30.883674111784785,5704,356618.0954999779,614980.9735674948,264590.5601798342,7.430428002082494,3.8255693160047857
d011f41b,39.54740193719809,14.995412514645112,0.03470745684746515,0.038962436109567365,8.060623330364251,25.733308504130036,2267,267460.4435999933,30200.45387715022,-61709.75493354321,3.66361661439116,3.2911089540642195
d07aed8f,2259.3740928516872,15.497348047814402,0.04157272171105812,0.04545890150415834,78.2023277979315,78.2023277979315,2957,86303.15169998682,5495518.093886957,214971.3030523183,4.059573517361012,6.606556536165572
d085e611,60.85910180976825,16.816093282026436,0.04402764729505597,0.05484368117388644,8.032852335509233,24.20037099898036,6191,629510.8093999722,109607.9583279822,103176.19584559296,3.841438657786988,0.9234925617936437
d0a0e7b5,327.24019465831225,13.437330871028566,0.03485095081203058,0.04051304954335449,22.51694666878757,25.050085778351786,3816,520311.9060000164,125210.53658288954,-235490.89064262825,5.241561865616078,0.7147561846516375
d0a43760,1113.142553494365,5.726861596895999,0.011025988056329638,0.021812367913066788,22.252672340153367,22.342426106226412,4041,72968.3420999915,500950.5893584911,-138275.07066184664,2.7102996067468537,17.32563883051545
d0cb63ae,456.19440242045147,28.168034742416697,0.06694034903752402,0.07877499309752448,2.733562433593761,18.80938432941548,5223,2076140.2783000574,584724.9926609321,1054808.2547192392,3.078028658437754,0.5942028046455008
d114d9c2,511.1503405064297,10.965379539145058,0.02166206132692724,0.02468290758102026,9.968656425129666,9.968656425129666,6206,367813.1224000198,294038.5864957449,227629.93596126308,0.4221938317633905,1.5115531541033103
d1457cc5,732.5014145575243,15.7386111532388,0.023355186987572277,0.03335440518475706,1.8481021192801563,21.17347493496527,6920,455786.58599999995,502691.5510245692,75151.13458207865,,
d1ecf309,337.3982952964178,43.85216397237935,0.06367329410664244,0.07197611958123194,14.154561545386969,17.88990978016409,6168,542489.3064999623,2060677.0939266735,773927.2485091104,2.7586245828386757,0.8139493110250913
d1ee630d,342.703656530972,28.40748063890927,0.057479268293446545,0.0663237275666109,14.166227495112253,15.039564501776113,6290,939241.8177998039,1268932.682614849,902084.0836900698,6.253836492409828,1.6077968235340272
d217e0c5,481.57948461265437,35.174004067057574,0.05043682008610906,0.054392788695595634,3.9067960007469082,14.057404165030675,3838,103924.81100000466,171281.4126990646,9518.24902565168,3.6594861910777188,2.3571721373192926
d24ff243,689.6320921332057,28.67865950384526,0.043484375734044865,0.047389215568861734,11.700894840751062,21.8290579513141,5641,72482.41299999937,1058534.2367818325,11076.087078448503,3.71759368006772,7.4351957739076076
d273674e,542.9722410032755,15.248779817988602,0.0332160978679484,0.03648522508621004,0.3255573091500992,11.594629242708834,3899,45082.14970000039,83396.17742016693,-10000.830566016357,0.9891821196435558,2.212610730137999
d2f3b1ab,356.65077529919256,15.69157647697513,0.03656636750896651,0.04739541193583087,8.934512293977605,33.95129309269578,5581,1681499.510999973,195446.17540144877,-122811.84777484446,12.304560415069895,0.4105788686812065
d3df146b,385.38855331147215,15.3567000885695,0.05456229766814233,0.059085560088234616,22.77418777688945,22.77418777688945,5787,792092.9627999144,309212.9537608846,410296.7879591811,0.8796872109108906,2.116928066087301
d40f61d5,344.22447341809936,12.078344499946086,0.028399594250319096,0.03673103301789971,10.554625353770462,20.765427852236826,4039,83728.3654999946,519706.6151168294,19214.380167654403,1.2524165455549197,0.6356440012603473
d41beaf2,346.3624604089858,13.653003360846368,0.03951482745143657,0.04393714373179299,17.54174413016335,24.485078958650774,4753,1268331.6667000693,34085.14469424755,162675.32142091997,8.617967808535301,0.35407095947352374
d463e527,607.7330265938293,34.28097620743066,0.06699271058782887,0.07313086058226605,0.10284432642038155,14.358843796537258,4767,351842.41209995764,280908.55516528286,218825.11371551006,3.841866306504721,14.155636973883581
d4f60a28,75.93113190756173,13.446550860889623,0.03963364219919261,0.0455292879343383,6.928651123698728,10.788916876488656,4501,172077.95039998382,98595.18521334926,81704.20535597882,1.1815529689973265,1.413575241118821
d50c649a,387.73766853389645,25.270198225565522,0.05881070912197482,0.07798363620406885,17.274377732052017,17.274377732052017,4873,226652.41380000787,199647.18410904455,95527.0878019544,4.57348256007015,0.6389223589658056
d543916f,349.3097789033262,17.876028718213025,0.042495212630686355,0.0491788014308239,30.144859832298607,30.380909969610002,4799,499309.66189998057,2164035.63166796,838392.7630973236,3.304408733781846,1.565163787273695
d5df0ff5,1321.3810557894278,40.51368115757317,0.04467209045461167,0.05344798991400671,53.5796800520111,54.4273149147939,4032,1078020.4412000726,985793.733252134,-934209.6418163861,0.8216752645563683,11.822387124897737
d60430e6,349.4967527604101,17.302819391547104,0.03683682803047328,0.04634412338310302,0.9199890354939271,25.951315394673657,2511,154701.4770999763,147209.670620697,-119805.4955889464,3.3141462259250045,1.1171598157435048
d63196fe,510.1523839977772,14.392951884384013,0.030346734543964166,0.03357485406419797,27.00640826802737,27.00640826802737,4510,1719347.7321999627,520328.0473648696,837150.4791306163,1.9729484902698111,3.2395232794549673
d6c320d9,351.78025555744597,21.11801318446803,0.03849061229887842,0.043157778264545005,13.869884697665839,17.66840348328151,5452,684629.6446000811,1449634.413935589,898653.6051653707,0.9600959845338093,1.487712072243531
d6dd7330,167.0960023452023,9.935629830534058,0.03271822981949189,0.03479646691542018,12.7364158602104,17.88656110696502,6193,865653.6983000865,349433.1546000943,443706.82151419047,5.105413100874848,4.37599597793066
d7ba4f9d,187.85412132805803,31.66080393577176,0.08646098687477896,0.09673926536476136,2.610933274096169,14.95418165683077,6023,156542.51839999735,713393.2086694865,176496.80776588566,1.0360521179614448,1.4576239859079037
d7eb0be8,2233.5339857946565,15.268851859566196,0.13895131839994435,0.16248233563175285,95.4627015383303,273.39391093224185,5401,5819866.130700063,103922057.6634445,14194316.832730107,10.843582217269105,16.72795298744146
d84b621b,692.4191727605096,40.250606598552906,0.040941762693771075,0.050643524030348455,8.135081645390528,40.24991932578996,3994,1901658.064400012,1783870.397026469,921827.2658819269,8.908655922374399,4.000969225025795
d90aa14c,5623.0003394096275,34.46441169434779,0.030711878511541932,0.05579089412157124,63.9934325733102,87.56501546758409,10018,1441234.5738999099,12254734.788199203,2018784.338242495,9.908975449261355,1.2601297962912128
d924e971,662.8044939252476,24.493937762421528,0.049071601573115894,0.05781376046696671,36.397549392755536,36.714863512912416,3184,3419270.522499904,1373940.6705827357,2050999.0822343696,5.600845031644612,2.1176645092594537
d9ae59b2,787.2983338610319,20.404122276132767,0.04884480123121874,0.05464634134793967,0.2746965148344316,8.473329289045068,3648,92925.59269999829,262059.92936412164,131339.35283027275,1.3857479101464332,1.9023924416307216
d9d6d94d,180.26017003684552,16.77295451363438,0.03403001449889763,0.04445967026091462,9.179667233660439,26.545487464534745,4919,433324.11320000165,1042083.0541188429,233827.36101540062,4.169923174845487,1.243537845200563
d9eca87b,518.9073344200838,11.87884464078887,0.022458398039427174,0.03145479212587037,76.84387311741375,76.84387311741375,6373,4456313.4364001155,262034.80092765798,-654416.8157242594,0.3586431833677587,0.620360168658792
da2d4d7c,379.08229048146995,12.65042295332355,0.03311911610659488,0.035831433337575706,11.221452052801396,11.221452052801396,2114,27051.41570000385,29333.37800969976,-16327.033489749996,0.29379384629401634,0.6656117410870115
da3bfe4e,552.3560642889779,12.452661273449575,0.02640608728959784,0.03370808964451885,39.435844208877825,56.01312657870949,5549,5063673.203300109,121216.86989201164,-349752.3753873084,3.135669210599443,0.21217656543894037
da3cf798,358.1660627417734,40.23373828622412,0.039504754780666264,0.04522670539520497,7.736689715424291,17.402534545532035,5844,1670114.5158997274,412938.02643296245,740610.2747390512,0.7432557342790602,1.973770306931577
da940160,350.90377261823585,27.52898606829949,0.049599739952490035,0.056080929976316335,6.330893935399217,21.469540592512203,5132,646615.405999965,45544.004357284524,-72234.74433578685,3.7846655158236415,1.06015071963815
dafc88c3,353.1810938019252,10.855926137434151,0.024257527480529874,0.034991494978914586,20.22930274981809,23.588258146308362,5572,263543.3259999215,719960.3736126666,214270.14305185748,2.5746357781715363,3.5981010237618793
dbee6c86,356.36580528371576,12.108397455962702,0.032218139856946396,0.03955196903095668,18.653374012261338,24.661534419547024,7369,142399.96619999947,1057121.2323015358,-164765.3211566624,7.422849056372476,1.833778239007854
dc5fbe29,475.1740339073955,15.775779088823885,0.033798634519566835,0.05721527817155194,31.196647420014415,34.050409797057,5203,326374.0240000088,969484.2251705666,-151519.46422981587,,
dc7da28f,1749.2418268272024,27.481514549255856,0.028733697455392667,0.03400700273726427,1.889721854326126,14.073570450060288,4774,498953.30579997844,308235.14149119734,294977.90752357966,7.193459211293203,17.165720776727948
dc7f9757,778.7435796557954,15.09712502380417,0.034902770014181655,0.05955536105254922,52.36452189294869,52.36924715163332,4360,419602.6187000934,3789928.5848320574,-1060238.3900497165,5.479223236255466,2.6386119017273253
dd168de0,379.98179062392256,23.223583692326304,0.04701658165888918,0.05191039078379967,15.104856996060334,20.41970698097066,3304,29564.911600000676,348454.8767841784,15429.53261376462,6.407883829141964,2.4510778739413204
dd64382d,409.3190606626158,21.011467933799835,0.04403230486251153,0.046121886293069195,1.1508592556783697,6.2491631312241225,3124,56749.728700012565,145289.92309106144,79119.72430248691,5.4641765549556744,0.7376459782315917
dd6bc5b2,549.250544105355,16.65870229367728,0.034075387862582705,0.04185440365075694,7.015844496365389,22.957142731938802,3602,499924.91750004346,25853.3465058507,-23639.526566769768,4.109010841242843,2.5748981210903334
dd7d638e,364.15424055294295,18.749920509925232,0.03656061989319932,0.0403300046048447,28.859539843186212,28.859539843186212,4301,155749.87810000207,51917.721112832616,-50494.073514518146,2.449570334472766,1.1021223496941794
ddc790ff,404.35151130177155,23.18800833741136,0.05048070932484412,0.05467327355942334,3.4856045668730076,9.294225682344404,4726,154887.72189996106,41131.4946348561,58654.370425944355,5.014562691107242,0.5574131895985283
df71d1ff,624.5539120045032,42.39736192780763,0.06141243481533138,0.07314563733608119,36.856594983410105,36.856594983410105,6228,1011267.8020999858,1818339.5688974245,863066.0901294043,4.449933380830062,6.234758410345648
df73b8f3,518.3450036029528,29.154575052371555,0.047290350594894656,0.07545549324963145,11.322730805730316,41.231303690081404,5311,1295395.3829999508,2774475.1472529373,646992.9986601995,2.6365672638762647,2.8835626075147824
df8290be,343.3336381104572,16.266427844237302,0.03685806962477475,0.03783688315795628,6.098863045212056,13.4043930041571,3972,672272.6736000384,607880.0157795241,556013.7493296628,2.2093764234559035,0.848213325829739
e0079ed1,1606.3036567537026,11.484535798194205,0.0422359357579259,0.044083524289326485,8.280836703939713,23.05604241133915,3471,226021.1810999935,643600.3324087831,222218.07350744397,3.632689448481629,4.229333556040169
e03b45fd,344.02284196748406,26.695281623116585,0.053426057150906946,0.06196724502054378,38.45461103337948,38.45461103337948,5342,1325457.2320000425,494379.55795300344,424901.88833438704,11.529175662788287,0.6122008165633622
e0f36d98,276.6571105895596,16.409369926702126,0.06491723087216547,0.07353686804184012,4.561336196533375,31.03067366333744,4976,1010886.643900097,634987.7394005322,-77465.91484092078,1.905069156016469,0.8648768003007087
e149204f,554.6098734246913,28.18458598435288,0.059490103484422914,0.06501665818139755,10.026389273189125,26.207219988764336,6097,126009.78499999738,1088695.064836516,-40510.22724042503,5.620797297084382,2.5039151309973877
e14d641e,323.38218824514007,12.546624380992316,0.03601070994221455,0.04116497336533864,8.86901321197729,14.710360529788886,3184,148121.5784000038,23201.928451393615,-3775.8458685196706,0.9140560286019093,2.332946095231881
e161bd0c,732.6914137146001,15.601316838952195,0.034064318598912596,0.03783820531692192,30.78687593426548,30.78687593426548,2949,55418.19220000153,420124.77948666987,-99334.48779920305,6.0743415588136545,4.166112549393446
e201fd6d,560.1099334949699,31.77356465581881,0.03814986537813335,0.04163689270268889,2.2453938938779174,24.88349058356289,5070,1358850.49810013,313276.34162737423,489503.62183199916,1.6198743238633704,1.11985360738662
e25f1537,2934.74516424257,70.92086078964178,0.04542802711126329,0.04620530874198781,31.261812518670922,31.306259639657583,3177,537330.139100008,257872.81882671884,-56576.17624976879,0.7641372234117568,2.637510591279912
e2fc7745,219.02809500145094,24.813117467128173,0.0442148681314531,0.04588526226455587,8.00034721349948,22.046214928641348,3692,657149.4229999965,85803.9288971937,156780.34362172388,1.8456839034949772,0.9542101916931353
e32da4ec,173.56041253689492,14.804431122450236,0.05051867356123013,0.05234423082054143,25.70119277768208,25.70119277768208,4689,552015.0022999755,152261.73265427002,-52742.08542766573,1.6970241863655868,3.0381715311055912
e3b34f5b,326.93870281758615,23.09815846792501,0.036536882267651234,0.0384944488081124,28.68695061877588,38.07319916768756,5455,584019.69690004,1261658.349578813,-465516.55174906354,1.7496677490224362,1.8166417629434688
e45a2a62,705.0415774974426,19.633829502608325,0.03881747375441553,0.0479990005641957,11.930093114224292,31.937870303563614,5007,1977429.38049999,342691.256325864,201174.01948382574,3.3386625777730283,4.599456502659642
e46f4ef4,381.19600085600547,15.445180547957214,0.03323183056574777,0.03858567591102766,44.33087092716596,44.33087092716596,7195,174629.14619999778,3790897.289506409,-71198.29023339607,1.525333602003998,3.8732158682394306
e4726608,160.45700995212258,13.158727491492971,0.04758124471682295,0.05474689568501395,4.263966614646051,12.74569513154347,4733,186156.2321000138,35929.52952198656,30137.25630304158,8.435130975147576,3.6478672283147007
e5864244,73.69724553872636,16.678926905960502,0.03751981025438724,0.04715715553120643,47.236468077206155,48.0727309279373,4469,3211259.7789998464,106567.41150889632,-124262.79108143883,10.969443590687083,2.4136051789847386
e5c92e59,271.4614700100769,23.36757285080099,0.05186861273028605,0.060817588272549496,6.352410517687531,24.03941227257019,4295,255402.48479999328,182817.47975438947,-75309.11359521182,4.1272343137613925,5.418286837213129
e5ff9fd2,1021.0403251823502,17.206629482192614,0.03719229497052874,0.03827374313901147,49.172211331288054,49.172211331288054,2354,186093.0832000061,799523.2437637293,-317173.82211248955,8.182851469571993,0.7682838676389435
e6c55748,349.10282797465544,12.384502648850102,0.03316478502444275,0.0496391229490829,5.784098468733646,17.615396372624673,4472,394902.44290000753,78178.62517688314,73465.21096434454,1.4483323111492694,1.6848186264364589
e730c32b,1015.3660004670146,30.98764519139849,0.05025681158739703,0.05940569309928831,18.01595622095556,31.974254321723492,4728,642210.7458998635,1001788.1213232165,93946.80905776667,3.212660275615133,3.2356935355760115
e737965a,339.51176666756044,15.416716723320942,0.03673630836075139,0.04059049875506481,16.082526220629006,17.333838028642276,5955,583298.5492999891,45735.083622602266,67209.82170734013,0.3808969906451008,0.5959112577656237
e748dd88,664.0872034601118,17.46506467163447,0.03317931205189113,0.03757792354118418,38.18656311342602,38.18656311342602,4812,119816.00360000132,454772.9191538614,-118532.67991671992,2.610155871384549,1.2506569048091873
e7818f7a,232.9874744689797,28.601382406687932,0.0501549950911735,0.056325648396155115,32.021678074390366,32.021678074390366,5371,214030.80360003264,746681.9888455726,-66115.78614473995,3.3330018573683464,2.6310878454133313
e7c36e81,139.21428499346365,11.836315738545316,0.032945699598560585,0.03427035514732867,12.435374660777597,12.435374660777597,3531,190745.2386999705,8323.8676585295,-14902.854531458943,5.540458023078157,3.2853326212778953
e7d0c1de,181.32596223903482,19.435551889096423,0.05780345365987648,0.06394618799380303,18.252887761284,18.252887761284,4711,221714.2829000108,45917.477043184546,-62681.444191501694,6.311737884988926,0.9216914201960085
e85074c5,366.9102387505954,10.605387487027613,0.021579131267268053,0.030375841262292282,6.969982880629686,11.05666873512746,5675,730769.5881000804,393826.0307864837,453594.7711598502,1.7916044364461807,3.660788291183063
e97032ad,137.58329261239996,11.45843228023461,0.03452314934038031,0.036462704821889486,5.137985264258532,12.374589672444927,3530,504864.62920002174,225815.1300859008,297416.5338347791,5.728270941103512,3.6330675025483523
e9949a23,404.55466240200263,14.640861576246404,0.03030921566493345,0.04247225126038469,34.60264552294939,34.60264552294939,4559,611437.5804999968,317830.9652927865,-25955.69581050675,1.3978785307717545,19.633455022681773
ea0b99b7,289.691099103938,18.897623155770237,0.03977708426809833,0.042442937077070676,6.77137414561912,16.734055560484194,9239,1366075.5755998888,854839.5230741396,940071.3277903999,4.0327596736576465,5.317674511394698
ea3a0e38,844.3836713248411,10.980315839605856,0.026005857064465947,0.03274568354693948,3.446017659984136,41.35925743722328,10052,856854.9431999959,1552456.995496252,-444883.51164803153,13.707482288356724,2.56758414296351
ea41324e,371.8163435087483,22.84615582406584,0.05276838300718989,0.05986366783629422,12.702217018742886,13.405672447206598,5025,140845.08250000805,97493.48429450858,7779.322180892678,2.8349949474268548,0.8368183071080366
eabc711b,493.97916635926146,22.431568026360026,0.0448871777635297,0.051623935644294086,18.561511162854003,18.561511162854003,5348,731897.2673000142,445261.87139360746,431179.6553207101,1.4056089014832158,0.22871462762827302
eac10e86,405.30851163020606,18.06534281262039,0.026794682021620105,0.038091375994398546,6.158327110453683,12.256907176746608,6067,191457.498399951,65950.70421812647,-31327.10675738746,1.539511408117466,1.462346219299824
eafb863e,332.77547267119917,9.964146256191839,0.019982465936591202,0.0356794830194741,28.980377130990746,28.980377130990746,3568,646214.5529000806,116807.65843208475,154396.70145016312,3.7249245824530663,2.0445107757104553
eb06a4e7,201.37929602961376,19.73838137475152,0.06207516565883463,0.06889463408797893,10.453920131769337,14.70732247234264,4535,423983.84360000095,90504.04168401912,144249.02644437065,3.0117409264519504,1.5589184141934684
eb640a35,412.88016917738094,16.338968935014652,0.04581445466147685,0.05344311270903354,20.87425663770773,29.670231292677272,6037,600070.8230999989,1716923.1322672109,288430.72991638695,3.573188748514747,0.21258233738467003
eb934281,161.3138198178013,10.35857551121124,0.036912519081373836,0.041199670779791454,6.7720359819595615,12.652389812192268,5971,58774.97010001382,126228.95034193025,-9325.683232730597,3.9970675875029045,1.5999662369861263
eba6605e,349.9384564462256,22.477533427499985,0.052764199879852876,0.0567147813830352,9.396589983505692,23.632367292204435,4410,1077585.4438000903,237393.7167471387,306029.55742561334,,
ebe69318,350.0270670983064,23.429080673346533,0.04329661921238822,0.044620781468665056,25.10135637877829,27.653552271403896,4976,115860.03539999953,1285378.0596262254,-9772.31351723887,6.930313912509745,4.156556496770792
ec0d597b,776.187448816175,23.778892811890394,0.03582519903694761,0.041489773092482335,26.526039723572467,26.526039723572467,4616,1248076.462700057,1051772.277753292,866229.4698352055,1.5507663160758198,1.8616614009687524
ec13af42,260.1893781461127,12.00392253598806,0.03499819327376459,0.04435108934453738,33.53311287143515,33.53311287143515,5462,649706.3348000112,616262.1724577238,218376.27980579316,1.5342963624075077,0.7523402232251777
ecdab904,202.85715228771852,13.990960966873928,0.048566506175551666,0.053831328068879594,0.17887623727801838,24.032139271030246,6147,1759469.067200162,251379.9051095987,550940.0087609867,6.665266768287306,2.6494922907214637
ecdaf714,1137.3023046588469,43.33267643935112,0.052479659546898205,0.05490416234745153,9.057988018766991,22.165385493388385,6592,1553603.149600102,315827.685091784,511865.6452168245,10.82007391373807,3.4993265411296925
ed6436d6,260.07996565913163,22.591526751976456,0.04833492176132205,0.06764012685796343,17.566563518430485,17.566563518430485,2945,7705.4200999973855,106246.38262430059,-7769.055507392743,4.651258047944427,2.336117401501187
ed6e6e54,196.62926028421754,9.451146011859956,0.030796547242478906,0.037202572233432284,26.48444403493886,26.48444403493886,6048,863949.2695999902,372892.62951707875,231066.8408549698,1.8200375898998016,1.1836059915963892
edf885a3,707.9692682793891,19.349605454633767,0.03373947957255054,0.040492111892629044,14.212840890586449,16.19371948373191,3117,470706.6530000394,381186.6679539699,283885.9403587712,2.304004470033005,0.5283719331751752
ee0300f7,523.1972497886491,10.88928829673351,0.02736420270280642,0.029332011835116314,13.013617181655718,21.414518726684037,4544,2996669.828100176,908950.970105626,1533864.4400039953,,
ee288beb,258.2933409900171,20.8599065100822,0.04237213725451822,0.04816135369983275,5.198673061095178,19.094944883090648,4638,3513108.1915999907,1752469.7271836384,2336181.7640991863,3.410925282982852,3.3221414024156704
ee4aecac,187.02437942667973,28.25483343606883,0.0662165587295396,0.07050955215610014,5.553311005503929,8.83577518770835,5265,611702.5087999357,609662.6293368525,570562.1967272286,2.0178883261974616,1.6981887275116865
eeda36f5,666.2349061127277,21.9925268557299,0.03916033849404218,0.05096280410111186,11.571734036066118,15.14718024859576,4797,143537.08879996676,142723.7626410873,-11740.355950805748,12.31097926160852,1.3528899189096073
eeed308d,353.0931725480687,12.93846971003542,0.0356423013017842,0.040026434638748935,13.377664935136636,17.915295076785696,3899,366110.82900002133,43921.80337113776,-34602.18571270283,0.9138636853728336,1.7113641155882369
ef04658e,356.90499849061973,15.41914762603772,0.04634793267752217,0.049422314524154014,33.27387048582568,35.228060083345554,4104,979387.0343999934,121103.05267317401,-306710.9745025116,0.43110442544804917,1.105300554620866
ef8e3ed0,376.2043068602607,11.645111618587894,0.032855245294460975,0.040467149595413705,15.435650590763544,16.653690893936073,5224,1118906.8511000555,219545.24940905577,440872.60218785284,0.5864158221636361,1.4854909471353452
efde6ac3,50.808698693907914,14.719829259794471,0.04232312865309536,0.05271159336492068,7.594468416162272,11.392448510270697,4559,474539.3315000976,322205.9985677149,331450.0498414109,3.7714946473512736,0.8534189987862795
efe96181,1139.2459529439693,42.56684917206704,0.05462335465304855,0.10283696010272386,57.452133021653935,77.7414129352237,4012,3042801.1686001453,11592114.458497882,3037074.8362323213,,
f0188a48,353.0295131442783,43.12894952928962,0.04481084030703353,0.05303998143790913,30.388782514495688,30.388782514495688,4170,150921.02979999178,1264119.9629987755,113275.82641650469,2.813362113731843,7.131425511894888
f021b650,1782.9864852993908,34.1355505114706,0.05798077255936847,0.06632448727981477,4.593631893936617,12.843131977148005,3739,167067.72860001278,288322.04265892884,172805.56817280798,1.1930365705455772,2.3805650269628815
f03f10fe,321.7152502387533,12.62779729503212,0.029399867712427398,0.0338881884173949,10.88979088171618,16.861695087847693,4145,364612.1294000114,73047.17222679197,65240.52281993907,4.852517148423053,1.051305080263237
f053a1b9,397.16280772743437,19.971510523834443,0.04650466702588943,0.05207886521447657,13.901469166112292,13.901469166112292,4108,413128.060399936,294495.9157334292,287137.8516428896,2.7896041858589156,2.5038291136733393
f074d277,327.95382373133486,23.575211524767187,0.048953052312429614,0.05307393822087432,6.144206967574064,10.334405924928433,2453,364369.8696999835,286893.523074295,302626.2912361749,3.036385234801803,3.743619792749832
f07d7037,199.62004995195707,10.101339742161734,0.032071842107486745,0.043819627176165526,9.786831248004091,10.909738349946565,5563,312592.29799998115,77956.12121164473,-364.49671905586166,2.9885917025200373,0.5163335745817947
f08774c3,1016.6734551957512,15.374778860198134,0.040105138394139164,0.04126443683401835,6.176121547527146,9.417838352163017,3900,510920.89229999855,325146.74054745375,376095.50820962054,4.172946947240523,2.8552530998622263
f140c2fa,435.0580642857085,14.83560955732858,0.03720328725408543,0.04260029225256836,21.350349590391488,21.36064346848798,4082,723823.3593000285,16201.186211551552,75873.59162706647,6.98883854838001,3.9394886285908473
f16e25e3,1655.1242719505194,27.722602212589855,0.0470404079204625,0.053756670243242606,26.651824672062503,47.1147086987512,4651,40881.9209000043,3331010.9466019287,-70930.83214792637,7.114276865288662,2.7283959627388352
f2d4c8c9,524.2718867151367,14.233973430120601,0.023942365091865876,0.026788487983608954,46.01103433863864,46.01103433863864,6249,111789.04610002581,3363764.230884317,502160.24363911204,2.1089060453822888,1.417883112703108
f321a31c,552.2931320185508,22.841341341708407,0.07029202413812444,0.08913269348778176,60.1750027181497,60.1750027181497,5141,810660.2273999881,1822108.6624385114,-748654.7348692561,1.8908746825793357,11.092697260232853
f40cd091,662.2948253525037,25.84051409370629,0.051144760613682394,0.05475016124113017,1.2966063747117005,11.147067238960517,5166,308584.50970000343,56420.67511600184,102871.03660415826,2.5693909400985633,5.656916130506445
f439a621,359.06296063498127,21.338280302076843,0.05670047754730859,0.059921782010566485,28.419537414411025,29.551746829114563,2821,124981.87090000956,165897.09322625265,-43057.60538466875,7.097428695236044,0.4581798981004136
f49fdea3,712.9422739802843,42.504576073270215,0.046128587238231336,0.048619008833913485,3.6242592892740504,12.038117868518384,5391,829758.5793000861,892011.0873837122,728051.1217250591,2.1576547440772744,0.7713387082654872
f4d12d23,323.6608072375361,8.072145701579437,0.02484056281325831,0.0316494302584157,7.839307743737663,19.436430091007423,3701,954913.174999969,30631.132550064234,97146.2708226675,7.988688954987086,2.926703492761933
f56d3ace,555.3127458468427,22.69360474857121,0.04916979020000797,0.058913113236542566,12.09480312634696,18.337082394500612,5432,258853.5483999775,1295170.8776555809,460988.5281695389,1.6278011571258624,0.9235977459994046
f5859199,1815.1719234720804,29.679434483325224,0.04993308700825571,0.06264753989595105,48.694150205259575,48.694150205259575,5790,1467744.7051998922,9775010.884257447,3150533.1346565653,11.543842503717086,4.531872473585199
f5d8aab6,178.75643121275192,16.00204966119579,0.05023028659349025,0.05261445004138937,2.7663380016965675,9.985692376489169,4444,1095198.9519998666,464588.32355614845,694069.6011798566,2.7343772332968657,1.134714571516935
f631da6e,1030.3095125253394,20.06475881949188,0.04047952979862739,0.04319638469512603,17.984469007082225,17.984469007082225,4093,315714.3354999913,125618.15011381995,97015.97171319232,12.950247835943193,1.6651525899658306
f6824bb0,341.14973384098414,13.62021921572382,0.03714440216304262,0.04345803194753118,29.875270049118626,35.496472953862394,5015,2177504.0728000808,48409.08150017573,42245.27513490249,10.375639315148494,6.199702088749659
f6bc699b,798.6106286216316,26.19948724656532,0.04063125243525373,0.04891994669438928,8.0604418011917,25.261218309246033,3752,423338.985800002,663048.7201063904,75631.41707772054,2.4075140785591342,1.5406152009165555
f6d009f4,241.1954803522324,29.972247232922328,0.06297005867225101,0.08765106124856352,75.11331475459156,78.9907944744682,6715,14858219.486399211,1153857.370124039,3112138.2723976383,,
f72b268f,338.07164004099593,16.90963093504318,0.05307293045140301,0.062084823236706894,26.472304180708306,45.71001660982074,6404,1071997.9125000054,1748177.4200454303,-1113548.6137454687,0.7879800959290953,0.717380437483212
f8662c22,343.8399060608337,20.769335259207924,0.045758215740815504,0.05733760681380262,11.358174993196371,19.57285741018495,5429,1326153.3356001524,1091813.7463344298,968737.0168308336,6.084741665588345,3.1357975693468845
f88ddb26,293.25785127867385,17.122593938067663,0.05689684314608701,0.0851427130519451,52.14535501048158,86.96607027738901,4990,13184962.892499605,659904.2730989434,-2430351.023501021,4.93490311066539,2.20962533494155
f8afa78a,571.699808028914,17.138891525836122,0.03589653801722299,0.0415465446829381,20.9091791979954,21.056632861316757,6032,1307172.2565997709,280862.026098252,530652.5840410166,0.9172253812454495,1.3332016345913882
f8f59188,499.83554515492204,30.854171086540383,0.0639672220564398,0.06709565315434539,4.455915141124933,12.861210166976889,4807,230473.49220003685,131726.72431975201,57504.56420815062,2.2370657654779516,4.646859574424465
f9fc81aa,341.2724543261961,13.688389898050268,0.035596091674654454,0.04760042402348723,22.96817886786266,22.96817886786266,5598,417798.260500001,208025.62238041745,-37342.36945013308,0.9808642670259828,1.7354015633928874
fa16d114,555.7135471627149,14.052471702070743,0.028218033753337434,0.03140397266808375,16.479377885496433,30.76909628856629,5686,2463568.437800043,83165.64327116072,229926.26424292097,3.1339267880506387,3.023426470854015
fa31da94,564.324019779397,24.998050853704154,0.047727531732905004,0.05330238573045868,1.5136947917235375,14.552549480969901,5027,135318.93029998452,27794.177214441883,10839.22543518267,7.366896708897532,1.8994552186411353
fa667be2,146.29876998821712,9.563466291047583,0.03620294176945729,0.04240879315151582,27.00103649895391,31.07152660720749,7296,565261.1422999176,545677.0338527246,-363297.89816689305,1.7421472912668226,1.280510765718084
fae0c593,219.10570896230678,21.651482258366716,0.046153371739616804,0.06033179208797031,2.647252754190049,19.438718171410073,4403,529953.3647999926,198014.16600993444,63580.62197372667,4.029572178500224,0.9044317933687999
fb03ae90,395.59231906091554,18.35620824816491,0.042792484185892966,0.05323412648375343,8.012101300340873,9.855735594812359,6431,11828809.246200325,11626910.13581316,11668088.239705866,14.603373057973199,9.218332021008424
fb0904bd,906.5651068348575,32.729859198665714,0.04280791826266346,0.04920653045850059,6.969205078145023,19.03523391869203,3181,10292.21840000173,211638.4820035818,-29632.65066291404,3.6346358331677067,0.7918692403339784
fb3848a1,352.6446812015515,17.48729201413971,0.0415299330076213,0.04455503656374897,1.5433549328263325,17.539768146232745,5919,587047.4069999576,557136.2480897967,388051.07703475305,2.925392681800788,0.3458440061361513
fb73b13a,240.21403872392605,28.163542923432345,0.0655172722373682,0.08566923112991642,14.817815600026734,21.597779097563034,5640,561513.7446999727,266726.4651865562,226307.0293194541,5.428949157832719,3.533582217935397
fba7683c,77.31201523678202,14.381334908484625,0.03579426082194682,0.038273401386228416,10.94191992256492,10.94191992256492,407,2657.5503999997027,8108.974112361833,2163.2161960373496,0.19397646714522526,1.13803271064239
fbd68d27,366.2278368721404,14.46175603099426,0.03700674026197758,0.0400004726031756,2.572513618915764,35.37454150810299,6829,3333974.630699744,285650.10152717517,682047.3481156952,5.061110437992238,5.086503495557269
fc03f21f,351.67668347497863,39.8027706272989,0.05267048068110468,0.06355225909061996,4.536990305317886,17.827133677845268,4803,800399.4590999713,314282.0749481554,339711.5587788733,,
fc0d20b2,347.36433594471214,40.4095350780597,0.043198889351872195,0.045312855951121826,19.021912698997767,20.165454156160195,3954,562949.654500082,23359.283300415045,87643.54353440611,0.3262457576993992,0.8936088203331707
fcfcc902,1718.3251297193297,34.09101211756229,0.0726356888891132,0.09073459197225003,20.478693863382432,55.23390198548259,2791,216511.05999998705,3718703.720207367,611202.5677484715,11.038995252447569,5.640945959879653
fd3b4faa,500.34402764522326,22.902039065536872,0.05761879008742754,0.06305011634485795,21.549597199904383,21.549597199904383,5022,278503.584900004,277747.66783301136,125760.90038672867,1.8462462368377035,4.155267432745433
fd710aea,320.2144258148812,15.488012690767592,0.03664421324204116,0.0602666787207858,61.439391918427646,61.439391918427646,4217,218852.23150001036,1689105.4504330656,-352874.03554897907,1.2231456700133596,0.44871328647611264
fd8f77fa,364.3194740884748,24.250498931722884,0.05503011029378784,0.06544462406033465,12.420688772432186,47.43614443883234,5272,3962440.8548000786,247162.22266120947,-833322.0190351795,,
fde20ecf,268.85739807557957,20.55341257211029,0.047290490924742495,0.05563603796765135,35.63819336256893,35.63819336256893,4667,1242876.3809001008,132648.05275231312,26840.118189136534,1.2129316412009659,0.3042886301382424
fdfd57da,379.57645580306104,21.291144726152996,0.04878117420177713,0.06016850694705784,6.063334230964756,36.15806694675848,5236,96598.53909996513,1296627.507546963,-255898.22743265113,0.8262659388992079,1.4394870647279814
febb4411,191.43378228515306,16.155266447334583,0.05266702335429268,0.07738331078317745,21.27872892529922,39.59173301659757,4247,720801.4048999457,522733.8934616774,-279199.542861484,15.275601247219408,10.557860729321426
fef8af96,858.6187481062345,27.824196725826464,0.035695691959477534,0.05246758469363326,85.71770201117215,88.3321649752288,3826,7594062.45699976,275807.6006720946,-1178834.0122264696,,
ff0aea78,306.902245185812,22.54265314769983,0.04348742978442822,0.04392038677329743,16.88843924545472,35.02228845655918,3261,3073016.773199974,84498.2010708517,392456.4632682208,1.9583330846891631,3.449776231986426
ff8bb73a,241.59850210908962,18.25210642339781,0.05161237055431676,0.056659033652764874,35.744899907274885,35.744899907274885,5927,576438.5424000575,570419.0095729725,-51208.26190523781,2.0614513112165342,4.343577451536777
ffefef30,162.04881356968883,15.140737146789583,0.04233310625452697,0.04688760207864378,15.130882998066227,18.721333791370853,4570,226211.47130003388,72002.44412197747,-82407.3597349645,2.407922407923331,3.500517895560152
