model,well,bucket_kft,sse,n
R_dipaxis_s0.1,fc0d20b2,0,2628.6290216885486,999
R_dipaxis_s0.1,fc0d20b2,1,4975.217577092963,1000
R_dipaxis_s0.1,fc0d20b2,2,47538.718262869486,1000
R_dipaxis_s0.1,fc0d20b2,3,252142.8244658753,955
R_dipaxis_s0.15,fc0d20b2,0,1464.7422419274,999
R_dipaxis_s0.15,fc0d20b2,1,5976.123999588534,1000
R_dipaxis_s0.15,fc0d20b2,2,35678.78714904981,1000
R_dipaxis_s0.15,fc0d20b2,3,170806.54342251993,955
R_dipaxis_s0.2,fc0d20b2,0,722.4980350975968,999
R_dipaxis_s0.2,fc0d20b2,1,8447.654244718362,1000
R_dipaxis_s0.2,fc0d20b2,2,28909.491205066457,1000
R_dipaxis_s0.2,fc0d20b2,3,105469.32086165619,955
R_dipaxis_s0.1,be35c8f2,0,9512.008366425462,999
R_dipaxis_s0.1,be35c8f2,1,22977.10278535061,1000
R_dipaxis_s0.1,be35c8f2,2,16393.829240563988,1000
R_dipaxis_s0.1,be35c8f2,3,31640.45670104363,1000
R_dipaxis_s0.1,be35c8f2,4,25839.87974424258,227
R_dipaxis_s0.15,be35c8f2,0,8385.265713538642,999
R_dipaxis_s0.15,be35c8f2,1,23375.59059421247,1000
R_dipaxis_s0.15,be35c8f2,2,17405.656908004217,1000
R_dipaxis_s0.15,be35c8f2,3,37315.37822682645,1000
R_dipaxis_s0.15,be35c8f2,4,28391.277150293987,227
R_dipaxis_s0.2,be35c8f2,0,7338.90273658488,999
R_dipaxis_s0.2,be35c8f2,1,23849.908447198784,1000
R_dipaxis_s0.2,be35c8f2,2,18463.792440216126,1000
R_dipaxis_s0.2,be35c8f2,3,43659.938069449396,1000
R_dipaxis_s0.2,be35c8f2,4,31073.156845632675,227
R_dipaxis_s0.1,90386ee4,0,13238.127113774422,999
R_dipaxis_s0.1,90386ee4,1,188631.70571250678,1000
R_dipaxis_s0.1,90386ee4,2,63183.38223882414,1000
R_dipaxis_s0.1,90386ee4,3,31397.281053334955,841
R_dipaxis_s0.15,90386ee4,0,11256.735225703518,999
R_dipaxis_s0.15,90386ee4,1,164519.9088148504,1000
R_dipaxis_s0.15,90386ee4,2,53246.54132731236,1000
R_dipaxis_s0.15,90386ee4,3,23776.767460829582,841
R_dipaxis_s0.2,90386ee4,0,9482.203074326966,999
R_dipaxis_s0.2,90386ee4,1,142197.154681253,1000
R_dipaxis_s0.2,90386ee4,2,44280.19532851567,1000
R_dipaxis_s0.2,90386ee4,3,17218.245988875675,841
R_dipaxis_s0.1,4b831d20,0,258521.3216474129,999
R_dipaxis_s0.1,4b831d20,1,90290.9900540535,1000
R_dipaxis_s0.1,4b831d20,2,16363.96865020589,1000
R_dipaxis_s0.1,4b831d20,3,4652.119363819808,1000
R_dipaxis_s0.1,4b831d20,4,97982.93410431944,1000
R_dipaxis_s0.1,4b831d20,5,236258.27074141242,1000
R_dipaxis_s0.1,4b831d20,6,644717.846417162,1000
R_dipaxis_s0.1,4b831d20,7,204691.92822622316,313
R_dipaxis_s0.15,4b831d20,0,244498.14084885432,999
R_dipaxis_s0.15,4b831d20,1,84679.37974469081,1000
R_dipaxis_s0.15,4b831d20,2,13532.773177946781,1000
R_dipaxis_s0.15,4b831d20,3,3659.1523866136536,1000
R_dipaxis_s0.15,4b831d20,4,82002.42274802868,1000
R_dipaxis_s0.15,4b831d20,5,197991.54433286338,1000
R_dipaxis_s0.15,4b831d20,6,565067.3711915615,1000
R_dipaxis_s0.15,4b831d20,7,175605.0950026716,313
R_dipaxis_s0.2,4b831d20,0,230867.76793545444,999
R_dipaxis_s0.2,4b831d20,1,79265.08421106858,1000
R_dipaxis_s0.2,4b831d20,2,10973.5220074456,1000
R_dipaxis_s0.2,4b831d20,3,2985.692703329936,1000
R_dipaxis_s0.2,4b831d20,4,67562.53845277021,1000
R_dipaxis_s0.2,4b831d20,5,163143.93747147635,1000
R_dipaxis_s0.2,4b831d20,6,490730.24630983867,1000
R_dipaxis_s0.2,4b831d20,7,148752.55492134424,313
R_dipaxis_s0.1,fd8f77fa,0,252691.33906563374,999
R_dipaxis_s0.1,fd8f77fa,1,247386.34873055172,1000
R_dipaxis_s0.1,fd8f77fa,2,893047.5282533802,1000
R_dipaxis_s0.1,fd8f77fa,3,1225157.857806103,1000
R_dipaxis_s0.1,fd8f77fa,4,577158.3399024057,1000
R_dipaxis_s0.1,fd8f77fa,5,28450.818794751853,273
R_dipaxis_s0.15,fd8f77fa,0,228155.23574931893,999
R_dipaxis_s0.15,fd8f77fa,1,231121.3791828722,1000
R_dipaxis_s0.15,fd8f77fa,2,826002.7506459757,1000
R_dipaxis_s0.15,fd8f77fa,3,1101251.6302091153,1000
R_dipaxis_s0.15,fd8f77fa,4,480833.94760102395,1000
R_dipaxis_s0.15,fd8f77fa,5,19973.92563379467,273
R_dipaxis_s0.2,fd8f77fa,0,204898.70663358594,999
R_dipaxis_s0.2,fd8f77fa,1,215503.68762655876,1000
R_dipaxis_s0.2,fd8f77fa,2,761671.8609491818,1000
R_dipaxis_s0.2,fd8f77fa,3,984072.0679454452,1000
R_dipaxis_s0.2,fd8f77fa,4,393447.7831979275,1000
R_dipaxis_s0.2,fd8f77fa,5,13005.364200615171,273
R_dipaxis_s0.1,cc08aa63,0,10562.011946466924,999
R_dipaxis_s0.1,cc08aa63,1,256111.55288223157,1000
R_dipaxis_s0.1,cc08aa63,2,175118.80775363764,1000
R_dipaxis_s0.1,cc08aa63,3,30187.869846297566,275
R_dipaxis_s0.15,cc08aa63,0,9293.481236741038,999
R_dipaxis_s0.15,cc08aa63,1,233921.2485463829,1000
R_dipaxis_s0.15,cc08aa63,2,161981.14852013465,1000
R_dipaxis_s0.15,cc08aa63,3,29126.783805904106,275
R_dipaxis_s0.2,cc08aa63,0,8120.16287170921,999
R_dipaxis_s0.2,cc08aa63,1,212741.4890925664,1000
R_dipaxis_s0.2,cc08aa63,2,149408.56301308871,1000
R_dipaxis_s0.2,cc08aa63,3,28084.744023149622,275
R_dipaxis_s0.1,dc7da28f,0,14296.060344227159,999
R_dipaxis_s0.1,dc7da28f,1,12733.02373872509,1000
R_dipaxis_s0.1,dc7da28f,2,107801.94436634325,1000
R_dipaxis_s0.1,dc7da28f,3,336705.8103570335,1000
R_dipaxis_s0.1,dc7da28f,4,297702.61378868873,775
R_dipaxis_s0.15,dc7da28f,0,12076.931439845028,999
R_dipaxis_s0.15,dc7da28f,1,12781.45497831465,1000
R_dipaxis_s0.15,dc7da28f,2,126144.44241265435,1000
R_dipaxis_s0.15,dc7da28f,3,402872.1005413937,1000
R_dipaxis_s0.15,dc7da28f,4,377869.1080243109,775
R_dipaxis_s0.2,dc7da28f,0,10084.267451133628,999
R_dipaxis_s0.2,dc7da28f,1,13528.278131388955,1000
R_dipaxis_s0.2,dc7da28f,2,146013.00970105486,1000
R_dipaxis_s0.2,dc7da28f,3,475151.79506298114,1000
R_dipaxis_s0.2,dc7da28f,4,467712.27945411694,775
R_dipaxis_s0.1,7cd4bb31,0,61344.88043216577,999
R_dipaxis_s0.1,7cd4bb31,1,48381.398071699674,1000
R_dipaxis_s0.1,7cd4bb31,2,30132.68205936511,1000
R_dipaxis_s0.1,7cd4bb31,3,4644.478336731821,1000
R_dipaxis_s0.1,7cd4bb31,4,61146.99661831915,1000
R_dipaxis_s0.1,7cd4bb31,5,943.5140231641428,1000
R_dipaxis_s0.1,7cd4bb31,6,161.74274893987052,440
R_dipaxis_s0.15,7cd4bb31,0,56684.69441466761,999
R_dipaxis_s0.15,7cd4bb31,1,46495.07762126034,1000
R_dipaxis_s0.15,7cd4bb31,2,28683.67593269667,1000
R_dipaxis_s0.15,7cd4bb31,3,4637.096097892809,1000
R_dipaxis_s0.15,7cd4bb31,4,61681.809083770604,1000
R_dipaxis_s0.15,7cd4bb31,5,1184.4472793090413,1000
R_dipaxis_s0.15,7cd4bb31,6,44.359994569982184,440
R_dipaxis_s0.2,7cd4bb31,0,52209.96090811116,999
R_dipaxis_s0.2,7cd4bb31,1,44657.569746625646,1000
R_dipaxis_s0.2,7cd4bb31,2,27272.792135124713,1000
R_dipaxis_s0.2,7cd4bb31,3,4635.409520917529,1000
R_dipaxis_s0.2,7cd4bb31,4,62282.5435867538,1000
R_dipaxis_s0.2,7cd4bb31,5,1967.376065161901,1000
R_dipaxis_s0.2,7cd4bb31,6,304.5560876398944,440
R_dipaxis_s0.1,cdc60a53,0,177401.73348238724,999
R_dipaxis_s0.1,cdc60a53,1,61280.63293602811,1000
R_dipaxis_s0.1,cdc60a53,2,30970.26764069985,1000
R_dipaxis_s0.1,cdc60a53,3,4013.089986934474,1000
R_dipaxis_s0.1,cdc60a53,4,27120.40569767086,1000
R_dipaxis_s0.1,cdc60a53,5,83292.72257701466,879
R_dipaxis_s0.15,cdc60a53,0,170321.63328887234,999
R_dipaxis_s0.15,cdc60a53,1,60195.379539337315,1000
R_dipaxis_s0.15,cdc60a53,2,29171.911427805902,1000
R_dipaxis_s0.15,cdc60a53,3,3459.586295890958,1000
R_dipaxis_s0.15,cdc60a53,4,27421.955880037603,1000
R_dipaxis_s0.15,cdc60a53,5,83246.35167173682,879
R_dipaxis_s0.2,cdc60a53,0,163394.74110554374,999
R_dipaxis_s0.2,cdc60a53,1,59126.719899507625,1000
R_dipaxis_s0.2,cdc60a53,2,27465.118326086143,1000
R_dipaxis_s0.2,cdc60a53,3,3135.651181839436,1000
R_dipaxis_s0.2,cdc60a53,4,27853.873084761402,1000
R_dipaxis_s0.2,cdc60a53,5,83208.00550394141,879
R_dipaxis_s0.1,f631da6e,0,11082.704402374293,999
R_dipaxis_s0.1,f631da6e,1,72195.58448379858,1000
R_dipaxis_s0.1,f631da6e,2,98617.40356274706,1000
R_dipaxis_s0.1,f631da6e,3,24234.39817602545,1000
R_dipaxis_s0.1,f631da6e,4,276.31708974021825,94
R_dipaxis_s0.15,f631da6e,0,8747.315423051,999
R_dipaxis_s0.15,f631da6e,1,59580.62657526575,1000
R_dipaxis_s0.15,f631da6e,2,76146.95895523699,1000
R_dipaxis_s0.15,f631da6e,3,18623.53983434803,1000
R_dipaxis_s0.15,f631da6e,4,671.928179347033,94
R_dipaxis_s0.2,f631da6e,0,6786.342123386967,999
R_dipaxis_s0.2,f631da6e,1,48516.05779977617,1000
R_dipaxis_s0.2,f631da6e,2,56942.33212180412,1000
R_dipaxis_s0.2,f631da6e,3,15660.12363954293,1000
R_dipaxis_s0.2,f631da6e,4,1241.424632111544,94
R_dipaxis_s0.1,4ddde4c1,0,23173.000858641954,999
R_dipaxis_s0.1,4ddde4c1,1,36833.62307010233,1000
R_dipaxis_s0.1,4ddde4c1,2,13837.793449299346,1000
R_dipaxis_s0.1,4ddde4c1,3,9179.186886714206,1000
R_dipaxis_s0.1,4ddde4c1,4,7738.798623330509,473
R_dipaxis_s0.15,4ddde4c1,0,22602.442952723246,999
R_dipaxis_s0.15,4ddde4c1,1,36597.92728496922,1000
R_dipaxis_s0.15,4ddde4c1,2,13434.11036267894,1000
R_dipaxis_s0.15,4ddde4c1,3,8459.647879908587,1000
R_dipaxis_s0.15,4ddde4c1,4,8380.45512894546,473
R_dipaxis_s0.2,4ddde4c1,0,22050.94018997692,999
R_dipaxis_s0.2,4ddde4c1,1,36378.08648637677,1000
R_dipaxis_s0.2,4ddde4c1,2,13051.24310187716,1000
R_dipaxis_s0.2,4ddde4c1,3,7820.389306327278,1000
R_dipaxis_s0.2,4ddde4c1,4,9108.931530526841,473
R_dipaxis_s0.1,82fcf37c,0,13166.659417904746,999
R_dipaxis_s0.1,82fcf37c,1,2840.7528059249385,1000
R_dipaxis_s0.1,82fcf37c,2,11573.866648983043,1000
R_dipaxis_s0.1,82fcf37c,3,30565.862970007525,1000
R_dipaxis_s0.1,82fcf37c,4,17240.7841364934,1000
R_dipaxis_s0.1,82fcf37c,5,2844.349646505219,1000
R_dipaxis_s0.1,82fcf37c,6,14.807560849293601,15
R_dipaxis_s0.15,82fcf37c,0,11310.5372996253,999
R_dipaxis_s0.15,82fcf37c,1,5683.589782593232,1000
R_dipaxis_s0.15,82fcf37c,2,12071.770685022431,1000
R_dipaxis_s0.15,82fcf37c,3,13279.869849370347,1000
R_dipaxis_s0.15,82fcf37c,4,48875.12402309417,1000
R_dipaxis_s0.15,82fcf37c,5,31037.765647081127,1000
R_dipaxis_s0.15,82fcf37c,6,636.9722476069211,15
R_dipaxis_s0.2,82fcf37c,0,9899.114796525899,999
R_dipaxis_s0.2,82fcf37c,1,9877.771641731963,1000
R_dipaxis_s0.2,82fcf37c,2,17877.339228762812,1000
R_dipaxis_s0.2,82fcf37c,3,7873.569958312616,1000
R_dipaxis_s0.2,82fcf37c,4,102750.3161886008,1000
R_dipaxis_s0.2,82fcf37c,5,107105.71556587802,1000
R_dipaxis_s0.2,82fcf37c,6,2174.4739385866906,15
R_dipaxis_s0.1,8a9c8932,0,844.5673214055593,999
R_dipaxis_s0.1,8a9c8932,1,3768.585977960642,1000
R_dipaxis_s0.1,8a9c8932,2,4139.366401961019,1000
R_dipaxis_s0.1,8a9c8932,3,25194.49023331193,1000
R_dipaxis_s0.1,8a9c8932,4,3779.284573042621,664
R_dipaxis_s0.15,8a9c8932,0,1142.1061980474658,999
R_dipaxis_s0.15,8a9c8932,1,4606.048005042423,1000
R_dipaxis_s0.15,8a9c8932,2,6948.142800766165,1000
R_dipaxis_s0.15,8a9c8932,3,27732.036006489725,1000
R_dipaxis_s0.15,8a9c8932,4,5855.300584018788,664
R_dipaxis_s0.2,8a9c8932,0,1525.480951982039,999
R_dipaxis_s0.2,8a9c8932,1,5817.724724191852,1000
R_dipaxis_s0.2,8a9c8932,2,10729.619398120964,1000
R_dipaxis_s0.2,8a9c8932,3,30406.483750679556,1000
R_dipaxis_s0.2,8a9c8932,4,8421.191411298554,664
R_dipaxis_s0.1,6ae68655,0,20565.695662005386,999
R_dipaxis_s0.1,6ae68655,1,45388.47730949273,1000
R_dipaxis_s0.1,6ae68655,2,41109.466746531034,1000
R_dipaxis_s0.1,6ae68655,3,50673.59901122723,1000
R_dipaxis_s0.1,6ae68655,4,2141.5847632010823,205
R_dipaxis_s0.15,6ae68655,0,18470.343209619234,999
R_dipaxis_s0.15,6ae68655,1,58296.549636609605,1000
R_dipaxis_s0.15,6ae68655,2,56886.31673971498,1000
R_dipaxis_s0.15,6ae68655,3,70072.83090861897,1000
R_dipaxis_s0.15,6ae68655,4,255.56691889535432,205
R_dipaxis_s0.2,6ae68655,0,16661.11520164241,999
R_dipaxis_s0.2,6ae68655,1,72897.01397863762,1000
R_dipaxis_s0.2,6ae68655,2,76436.43381284236,1000
R_dipaxis_s0.2,6ae68655,3,96683.31320053012,1000
R_dipaxis_s0.2,6ae68655,4,285.15229065274093,205
R_dipaxis_s0.1,2d9f6cb9,0,2160.453604618379,999
R_dipaxis_s0.1,2d9f6cb9,1,75139.79155429183,1000
R_dipaxis_s0.1,2d9f6cb9,2,6347.058670406191,1000
R_dipaxis_s0.1,2d9f6cb9,3,39731.48937717651,1000
R_dipaxis_s0.1,2d9f6cb9,4,61228.52999468527,1000
R_dipaxis_s0.1,2d9f6cb9,5,142425.67458880474,1000
R_dipaxis_s0.1,2d9f6cb9,6,103831.4627754234,1000
R_dipaxis_s0.1,2d9f6cb9,7,24253.553734889985,339
R_dipaxis_s0.15,2d9f6cb9,0,1895.930910229615,999
R_dipaxis_s0.15,2d9f6cb9,1,70133.37652952531,1000
R_dipaxis_s0.15,2d9f6cb9,2,7995.527299157974,1000
R_dipaxis_s0.15,2d9f6cb9,3,31574.959368979773,1000
R_dipaxis_s0.15,2d9f6cb9,4,48718.26361097048,1000
R_dipaxis_s0.15,2d9f6cb9,5,116118.39135816225,1000
R_dipaxis_s0.15,2d9f6cb9,6,65275.45690041355,1000
R_dipaxis_s0.15,2d9f6cb9,7,11238.297136391271,339
R_dipaxis_s0.2,2d9f6cb9,0,1692.6568513751315,999
R_dipaxis_s0.2,2d9f6cb9,1,65319.34913681501,1000
R_dipaxis_s0.2,2d9f6cb9,2,10010.17089027635,1000
R_dipaxis_s0.2,2d9f6cb9,3,24581.095362924127,1000
R_dipaxis_s0.2,2d9f6cb9,4,37723.97740654804,1000
R_dipaxis_s0.2,2d9f6cb9,5,92589.27997748628,1000
R_dipaxis_s0.2,2d9f6cb9,6,35856.590450252115,1000
R_dipaxis_s0.2,2d9f6cb9,7,3345.679993929616,339
R_dipaxis_s0.1,97cd5bf9,0,24862.877649706978,999
R_dipaxis_s0.1,97cd5bf9,1,18080.963723140445,1000
R_dipaxis_s0.1,97cd5bf9,2,116346.95862114707,1000
R_dipaxis_s0.1,97cd5bf9,3,133514.04333510846,450
R_dipaxis_s0.15,97cd5bf9,0,21055.62451867208,999
R_dipaxis_s0.15,97cd5bf9,1,14010.54667155486,1000
R_dipaxis_s0.15,97cd5bf9,2,120231.22037131948,1000
R_dipaxis_s0.15,97cd5bf9,3,137485.9745429528,450
R_dipaxis_s0.2,97cd5bf9,0,17577.45361704453,999
R_dipaxis_s0.2,97cd5bf9,1,10691.85641119923,1000
R_dipaxis_s0.2,97cd5bf9,2,124235.25754789269,1000
R_dipaxis_s0.2,97cd5bf9,3,141519.5071109905,450
R_dipaxis_s0.1,204cc64b,0,64521.14314857414,999
R_dipaxis_s0.1,204cc64b,1,39221.405899606485,1000
R_dipaxis_s0.1,204cc64b,2,8470.152269380402,1000
R_dipaxis_s0.1,204cc64b,3,20321.913177845778,1000
R_dipaxis_s0.1,204cc64b,4,39748.169667879614,806
R_dipaxis_s0.15,204cc64b,0,62457.12357089048,999
R_dipaxis_s0.15,204cc64b,1,38537.89492398749,1000
R_dipaxis_s0.15,204cc64b,2,7837.888777940398,1000
R_dipaxis_s0.15,204cc64b,3,20604.44029228634,1000
R_dipaxis_s0.15,204cc64b,4,40174.61987940587,806
R_dipaxis_s0.2,204cc64b,0,60437.11125855875,999
R_dipaxis_s0.2,204cc64b,1,37931.01089808578,1000
R_dipaxis_s0.2,204cc64b,2,7262.927202413327,1000
R_dipaxis_s0.2,204cc64b,3,20909.909590405932,1000
R_dipaxis_s0.2,204cc64b,4,40690.066309324626,806
R_dipaxis_s0.1,b1efb8a4,0,1227.8582913768628,999
R_dipaxis_s0.1,b1efb8a4,1,3892.6297219041235,1000
R_dipaxis_s0.1,b1efb8a4,2,5647.502572228877,1000
R_dipaxis_s0.1,b1efb8a4,3,103279.18909949937,1000
R_dipaxis_s0.1,b1efb8a4,4,104819.71558435989,1000
R_dipaxis_s0.1,b1efb8a4,5,12836.437382115522,999
R_dipaxis_s0.15,b1efb8a4,0,1784.072504159314,999
R_dipaxis_s0.15,b1efb8a4,1,6437.88430920697,1000
R_dipaxis_s0.15,b1efb8a4,2,10775.734712551264,1000
R_dipaxis_s0.15,b1efb8a4,3,78433.88558438321,1000
R_dipaxis_s0.15,b1efb8a4,4,68213.3923926855,1000
R_dipaxis_s0.15,b1efb8a4,5,10657.899094031574,999
R_dipaxis_s0.2,b1efb8a4,0,2500.4900283378934,999
R_dipaxis_s0.2,b1efb8a4,1,10133.891814077237,1000
R_dipaxis_s0.2,b1efb8a4,2,17577.499989012915,1000
R_dipaxis_s0.2,b1efb8a4,3,57694.986026012295,1000
R_dipaxis_s0.2,b1efb8a4,4,40393.02241176212,1000
R_dipaxis_s0.2,b1efb8a4,5,23114.31008651271,999
R_dipaxis_s0.1,d63196fe,0,57410.13977382201,999
R_dipaxis_s0.1,d63196fe,1,391749.54742199415,1000
R_dipaxis_s0.1,d63196fe,2,470116.34438203654,1000
R_dipaxis_s0.1,d63196fe,3,504504.0110543382,1000
R_dipaxis_s0.1,d63196fe,4,438467.8242793557,511
R_dipaxis_s0.15,d63196fe,0,54891.78737056068,999
R_dipaxis_s0.15,d63196fe,1,393041.4605365972,1000
R_dipaxis_s0.15,d63196fe,2,501794.59235504206,1000
R_dipaxis_s0.15,d63196fe,3,539070.499056969,1000
R_dipaxis_s0.15,d63196fe,4,448823.3642779301,511
R_dipaxis_s0.2,d63196fe,0,52443.88167385004,999
R_dipaxis_s0.2,d63196fe,1,394458.1467869349,1000
R_dipaxis_s0.2,d63196fe,2,534537.0225827032,1000
R_dipaxis_s0.2,d63196fe,3,574871.622876568,1000
R_dipaxis_s0.2,d63196fe,4,459300.7125824351,511
R_dipaxis_s0.1,1d3fbf02,0,33411.52321727837,999
R_dipaxis_s0.1,1d3fbf02,1,21120.801671609956,1000
R_dipaxis_s0.1,1d3fbf02,2,17085.6702168385,695
R_dipaxis_s0.15,1d3fbf02,0,27517.30557746457,999
R_dipaxis_s0.15,1d3fbf02,1,14484.17519745638,1000
R_dipaxis_s0.15,1d3fbf02,2,23459.357925439585,695
R_dipaxis_s0.2,1d3fbf02,0,22228.17877201258,999
R_dipaxis_s0.2,1d3fbf02,1,9564.515216661022,1000
R_dipaxis_s0.2,1d3fbf02,2,30860.492067495954,695
R_dipaxis_s0.1,ae35f33a,0,8496.192196886745,999
R_dipaxis_s0.1,ae35f33a,1,33472.06205219018,1000
R_dipaxis_s0.1,ae35f33a,2,8522.285422077799,1000
R_dipaxis_s0.1,ae35f33a,3,4787.505617194587,1000
R_dipaxis_s0.1,ae35f33a,4,22037.453785967435,451
R_dipaxis_s0.15,ae35f33a,0,6480.960367320712,999
R_dipaxis_s0.15,ae35f33a,1,23741.035210827416,1000
R_dipaxis_s0.15,ae35f33a,2,5962.992906418916,1000
R_dipaxis_s0.15,ae35f33a,3,5998.3394079774225,1000
R_dipaxis_s0.15,ae35f33a,4,20317.60169924891,451
R_dipaxis_s0.2,ae35f33a,0,4738.653319083281,999
R_dipaxis_s0.2,ae35f33a,1,15755.718024497135,1000
R_dipaxis_s0.2,ae35f33a,2,3965.7389729635015,1000
R_dipaxis_s0.2,ae35f33a,3,7404.25485355131,1000
R_dipaxis_s0.2,ae35f33a,4,18682.283492726812,451
R_dipaxis_s0.1,3b21ea64,0,10066.499655837426,999
R_dipaxis_s0.1,3b21ea64,1,92151.57845552344,1000
R_dipaxis_s0.1,3b21ea64,2,100931.53808056198,1000
R_dipaxis_s0.1,3b21ea64,3,51204.948959050205,1000
R_dipaxis_s0.1,3b21ea64,4,20823.923545646652,1000
R_dipaxis_s0.1,3b21ea64,5,69715.05077823362,1000
R_dipaxis_s0.1,3b21ea64,6,14060.577012843867,1000
R_dipaxis_s0.1,3b21ea64,7,15621.317244436555,377
R_dipaxis_s0.15,3b21ea64,0,8650.655066235466,999
R_dipaxis_s0.15,3b21ea64,1,79574.79845537935,1000
R_dipaxis_s0.15,3b21ea64,2,102129.4550884489,1000
R_dipaxis_s0.15,3b21ea64,3,42795.12258069928,1000
R_dipaxis_s0.15,3b21ea64,4,17113.887134240013,1000
R_dipaxis_s0.15,3b21ea64,5,59657.43380974507,1000
R_dipaxis_s0.15,3b21ea64,6,7525.530287209022,1000
R_dipaxis_s0.15,3b21ea64,7,5685.972786886405,377
R_dipaxis_s0.2,3b21ea64,0,7376.422198287035,999
R_dipaxis_s0.2,3b21ea64,1,67993.19260329944,1000
R_dipaxis_s0.2,3b21ea64,2,103370.92367473574,1000
R_dipaxis_s0.2,3b21ea64,3,35260.48799709934,1000
R_dipaxis_s0.2,3b21ea64,4,13813.510866681097,1000
R_dipaxis_s0.2,3b21ea64,5,50556.07346952255,1000
R_dipaxis_s0.2,3b21ea64,6,5455.269506871098,1000
R_dipaxis_s0.2,3b21ea64,7,914.2155094909564,377
R_dipaxis_s0.1,9bd2bba3,0,206525.53123544637,999
R_dipaxis_s0.1,9bd2bba3,1,140367.06178966543,1000
R_dipaxis_s0.1,9bd2bba3,2,73130.6632696674,1000
R_dipaxis_s0.1,9bd2bba3,3,228548.036826774,1000
R_dipaxis_s0.1,9bd2bba3,4,282825.2889267327,1000
R_dipaxis_s0.1,9bd2bba3,5,233297.2274007136,1000
R_dipaxis_s0.1,9bd2bba3,6,92623.95540981178,1000
R_dipaxis_s0.1,9bd2bba3,7,15263.854116422206,440
R_dipaxis_s0.15,9bd2bba3,0,186935.46956534445,999
R_dipaxis_s0.15,9bd2bba3,1,126147.48921346647,1000
R_dipaxis_s0.15,9bd2bba3,2,58429.53212136189,1000
R_dipaxis_s0.15,9bd2bba3,3,190766.68542477643,1000
R_dipaxis_s0.15,9bd2bba3,4,238067.5280430653,1000
R_dipaxis_s0.15,9bd2bba3,5,182714.97763032233,1000
R_dipaxis_s0.15,9bd2bba3,6,54929.799353712915,1000
R_dipaxis_s0.15,9bd2bba3,7,6743.307136502191,440
R_dipaxis_s0.2,9bd2bba3,0,168326.06403668952,999
R_dipaxis_s0.2,9bd2bba3,1,112771.37925657895,1000
R_dipaxis_s0.2,9bd2bba3,2,45503.43258429428,1000
R_dipaxis_s0.2,9bd2bba3,3,156436.87901251632,1000
R_dipaxis_s0.2,9bd2bba3,4,197189.32039470258,1000
R_dipaxis_s0.2,9bd2bba3,5,138552.7216794293,1000
R_dipaxis_s0.2,9bd2bba3,6,27169.969756941,1000
R_dipaxis_s0.2,9bd2bba3,7,3981.359031159922,440
R_dipaxis_s0.1,df71d1ff,0,47236.174473170744,999
R_dipaxis_s0.1,df71d1ff,1,12249.078416994671,1000
R_dipaxis_s0.1,df71d1ff,2,72473.80392786786,1000
R_dipaxis_s0.1,df71d1ff,3,277996.5998280162,1000
R_dipaxis_s0.1,df71d1ff,4,838697.7276646653,1000
R_dipaxis_s0.1,df71d1ff,5,165509.94101804245,1000
R_dipaxis_s0.1,df71d1ff,6,1811.8349507466432,229
R_dipaxis_s0.15,df71d1ff,0,41195.04619325016,999
R_dipaxis_s0.15,df71d1ff,1,14212.415211110778,1000
R_dipaxis_s0.15,df71d1ff,2,90511.3024959713,1000
R_dipaxis_s0.15,df71d1ff,3,324248.13851444924,1000
R_dipaxis_s0.15,df71d1ff,4,959376.9219661941,1000
R_dipaxis_s0.15,df71d1ff,5,248154.01766122467,1000
R_dipaxis_s0.15,df71d1ff,6,9267.08760308621,229
R_dipaxis_s0.2,df71d1ff,0,35608.05666899213,999
R_dipaxis_s0.2,df71d1ff,1,17400.735262305625,1000
R_dipaxis_s0.2,df71d1ff,2,110606.4943668549,1000
R_dipaxis_s0.2,df71d1ff,3,374174.40654916764,1000
R_dipaxis_s0.2,df71d1ff,4,1088370.8654138464,1000
R_dipaxis_s0.2,df71d1ff,5,354510.30932718137,1000
R_dipaxis_s0.2,df71d1ff,6,23041.22494006996,229
R_dipaxis_s0.1,4c2208f5,0,272111.0295396238,999
R_dipaxis_s0.1,4c2208f5,1,1838259.2254879116,1000
R_dipaxis_s0.1,4c2208f5,2,1021661.2032860026,1000
R_dipaxis_s0.1,4c2208f5,3,1210617.3127107364,1000
R_dipaxis_s0.1,4c2208f5,4,757597.1072023675,1000
R_dipaxis_s0.1,4c2208f5,5,130879.27408404156,385
R_dipaxis_s0.15,4c2208f5,0,250521.29346492927,999
R_dipaxis_s0.15,4c2208f5,1,1683507.6241815954,1000
R_dipaxis_s0.15,4c2208f5,2,855411.5684887377,1000
R_dipaxis_s0.15,4c2208f5,3,951818.3734451896,1000
R_dipaxis_s0.15,4c2208f5,4,499927.5605700064,1000
R_dipaxis_s0.15,4c2208f5,5,56993.468130241024,385
R_dipaxis_s0.2,4c2208f5,0,229826.81029390323,999
R_dipaxis_s0.2,4c2208f5,1,1535737.5503417742,1000
R_dipaxis_s0.2,4c2208f5,2,705109.6731979711,1000
R_dipaxis_s0.2,4c2208f5,3,724561.0615323809,1000
R_dipaxis_s0.2,4c2208f5,4,298785.26314862847,1000
R_dipaxis_s0.2,4c2208f5,5,13419.145345898864,385
R_dipaxis_s0.1,230eaaa3,0,227860.36877862382,999
R_dipaxis_s0.1,230eaaa3,1,196674.0343511793,1000
R_dipaxis_s0.1,230eaaa3,2,260042.78269003326,1000
R_dipaxis_s0.1,230eaaa3,3,1109839.1721477972,1000
R_dipaxis_s0.1,230eaaa3,4,946836.5563041897,691
R_dipaxis_s0.15,230eaaa3,0,209032.7123243724,999
R_dipaxis_s0.15,230eaaa3,1,176998.9778326753,1000
R_dipaxis_s0.15,230eaaa3,2,248723.38834842815,1000
R_dipaxis_s0.15,230eaaa3,3,1063452.8330525116,1000
R_dipaxis_s0.15,230eaaa3,4,915832.8521341076,691
R_dipaxis_s0.2,230eaaa3,0,191025.79477440965,999
R_dipaxis_s0.2,230eaaa3,1,158507.0960181087,1000
R_dipaxis_s0.2,230eaaa3,2,237761.84348240725,1000
R_dipaxis_s0.2,230eaaa3,3,1018079.2618111063,1000
R_dipaxis_s0.2,230eaaa3,4,885379.0487492433,691
R_dipaxis_s0.1,02e7fe5a,0,23014.394377138015,999
R_dipaxis_s0.1,02e7fe5a,1,43810.227118901064,1000
R_dipaxis_s0.1,02e7fe5a,2,26465.63060345833,1000
R_dipaxis_s0.1,02e7fe5a,3,26331.00825377349,1000
R_dipaxis_s0.1,02e7fe5a,4,35112.91338703873,1000
R_dipaxis_s0.1,02e7fe5a,5,13719.554043212092,109
R_dipaxis_s0.15,02e7fe5a,0,19609.803679340428,999
R_dipaxis_s0.15,02e7fe5a,1,35252.606391856454,1000
R_dipaxis_s0.15,02e7fe5a,2,13787.52997944642,1000
R_dipaxis_s0.15,02e7fe5a,3,44335.5947661602,1000
R_dipaxis_s0.15,02e7fe5a,4,19543.593782600936,1000
R_dipaxis_s0.15,02e7fe5a,5,5404.296592809899,109
R_dipaxis_s0.2,02e7fe5a,0,16494.285723966776,999
R_dipaxis_s0.2,02e7fe5a,1,27974.014307151363,1000
R_dipaxis_s0.2,02e7fe5a,2,5439.722438277177,1000
R_dipaxis_s0.2,02e7fe5a,3,71890.0789688805,1000
R_dipaxis_s0.2,02e7fe5a,4,28765.14221286373,1000
R_dipaxis_s0.2,02e7fe5a,5,905.0416610686071,109
R_dipaxis_s0.1,e9949a23,0,17839.60938551908,999
R_dipaxis_s0.1,e9949a23,1,38389.70054703327,1000
R_dipaxis_s0.1,e9949a23,2,306759.40718710865,1000
R_dipaxis_s0.1,e9949a23,3,96885.1507258754,1000
R_dipaxis_s0.1,e9949a23,4,111745.82489338813,560
R_dipaxis_s0.15,e9949a23,0,17471.814103393193,999
R_dipaxis_s0.15,e9949a23,1,40053.685274964715,1000
R_dipaxis_s0.15,e9949a23,2,315791.53254615027,1000
R_dipaxis_s0.15,e9949a23,3,110930.2263857358,1000
R_dipaxis_s0.15,e9949a23,4,82164.08854515658,560
R_dipaxis_s0.2,e9949a23,0,17111.478204676292,999
R_dipaxis_s0.2,e9949a23,1,41989.893472504424,1000
R_dipaxis_s0.2,e9949a23,2,325075.9547821829,1000
R_dipaxis_s0.2,e9949a23,3,129337.41127687677,1000
R_dipaxis_s0.2,e9949a23,4,57488.66190030918,560
R_dipaxis_s0.1,9af1ffd0,0,766.4055349224137,999
R_dipaxis_s0.1,9af1ffd0,1,3553.8648589200975,1000
R_dipaxis_s0.1,9af1ffd0,2,447158.3889445173,1000
R_dipaxis_s0.1,9af1ffd0,3,390396.8408861856,526
R_dipaxis_s0.15,9af1ffd0,0,647.1869443362745,999
R_dipaxis_s0.15,9af1ffd0,1,2080.506084981997,1000
R_dipaxis_s0.15,9af1ffd0,2,372316.807355119,1000
R_dipaxis_s0.15,9af1ffd0,3,328667.0646181011,526
R_dipaxis_s0.2,9af1ffd0,0,692.707748385518,999
R_dipaxis_s0.2,9af1ffd0,1,1500.1069087787466,1000
R_dipaxis_s0.2,9af1ffd0,2,304498.2552579553,1000
R_dipaxis_s0.2,9af1ffd0,3,272258.04774256743,526
R_dipaxis_s0.1,2d0c268a,0,46338.35950734692,999
R_dipaxis_s0.1,2d0c268a,1,307632.03989324573,1000
R_dipaxis_s0.1,2d0c268a,2,121887.60952996409,1000
R_dipaxis_s0.1,2d0c268a,3,85751.94752729248,1000
R_dipaxis_s0.1,2d0c268a,4,207902.42752393216,551
R_dipaxis_s0.15,2d0c268a,0,38794.39810040921,999
R_dipaxis_s0.15,2d0c268a,1,268113.2484848723,1000
R_dipaxis_s0.15,2d0c268a,2,110449.86551777145,1000
R_dipaxis_s0.15,2d0c268a,3,71113.70881310472,1000
R_dipaxis_s0.15,2d0c268a,4,175043.61006135552,551
R_dipaxis_s0.2,2d0c268a,0,31929.053119734108,999
R_dipaxis_s0.2,2d0c268a,1,231331.95523983965,1000
R_dipaxis_s0.2,2d0c268a,2,99611.54688746874,1000
R_dipaxis_s0.2,2d0c268a,3,58032.29428036516,1000
R_dipaxis_s0.2,2d0c268a,4,145020.0388157539,551
R_dipaxis_s0.1,14a53cb3,0,8438.688853928496,999
R_dipaxis_s0.1,14a53cb3,1,140655.28745733362,1000
R_dipaxis_s0.1,14a53cb3,2,51636.242128977836,1000
R_dipaxis_s0.1,14a53cb3,3,7690.060886384111,1000
R_dipaxis_s0.1,14a53cb3,4,9344.486578462,1000
R_dipaxis_s0.1,14a53cb3,5,1205.2867854167307,1000
R_dipaxis_s0.1,14a53cb3,6,32948.361850589,920
R_dipaxis_s0.15,14a53cb3,0,6801.110945490669,999
R_dipaxis_s0.15,14a53cb3,1,116632.91513278581,1000
R_dipaxis_s0.15,14a53cb3,2,36171.04799541432,1000
R_dipaxis_s0.15,14a53cb3,3,3671.6600004450825,1000
R_dipaxis_s0.15,14a53cb3,4,4943.94860232625,1000
R_dipaxis_s0.15,14a53cb3,5,10883.692727903874,1000
R_dipaxis_s0.15,14a53cb3,6,10340.939815727015,920
R_dipaxis_s0.2,14a53cb3,0,5348.966013452137,999
R_dipaxis_s0.2,14a53cb3,1,94873.33837276135,1000
R_dipaxis_s0.2,14a53cb3,2,26056.571896482823,1000
R_dipaxis_s0.2,14a53cb3,3,6841.988361752141,1000
R_dipaxis_s0.2,14a53cb3,4,10365.3666159457,1000
R_dipaxis_s0.2,14a53cb3,5,35896.38023690988,1000
R_dipaxis_s0.2,14a53cb3,6,6612.797840760925,920
R_dipaxis_s0.1,3e011332,0,12177.321904906077,999
R_dipaxis_s0.1,3e011332,1,457353.75390830095,1000
R_dipaxis_s0.1,3e011332,2,371140.346044433,724
R_dipaxis_s0.15,3e011332,0,12058.72768963734,999
R_dipaxis_s0.15,3e011332,1,449128.6699056242,1000
R_dipaxis_s0.15,3e011332,2,389513.45534756803,724
R_dipaxis_s0.2,3e011332,0,11946.76859589003,999
R_dipaxis_s0.2,3e011332,1,441016.1783983783,1000
R_dipaxis_s0.2,3e011332,2,409713.2675713049,724
R_dipaxis_s0.1,4f69febf,0,42479.74610323775,999
R_dipaxis_s0.1,4f69febf,1,75722.14131229269,1000
R_dipaxis_s0.1,4f69febf,2,65051.98546685817,1000
R_dipaxis_s0.1,4f69febf,3,174647.3293056129,1000
R_dipaxis_s0.1,4f69febf,4,218271.5088540711,1000
R_dipaxis_s0.1,4f69febf,5,105619.16344284332,461
R_dipaxis_s0.15,4f69febf,0,34012.190605502394,999
R_dipaxis_s0.15,4f69febf,1,52529.504726302264,1000
R_dipaxis_s0.15,4f69febf,2,40841.115023328995,1000
R_dipaxis_s0.15,4f69febf,3,118022.15498876208,1000
R_dipaxis_s0.15,4f69febf,4,151714.1730438255,1000
R_dipaxis_s0.15,4f69febf,5,75502.37378223335,461
R_dipaxis_s0.2,4f69febf,0,26566.26907486542,999
R_dipaxis_s0.2,4f69febf,1,33777.676012222495,1000
R_dipaxis_s0.2,4f69febf,2,22305.682328496,1000
R_dipaxis_s0.2,4f69febf,3,72630.5577921452,1000
R_dipaxis_s0.2,4f69febf,4,97329.37060872963,1000
R_dipaxis_s0.2,4f69febf,5,50429.03056693806,461
R_dipaxis_s0.1,03a935ae,0,192182.02021301942,999
R_dipaxis_s0.1,03a935ae,1,841451.0517680455,1000
R_dipaxis_s0.1,03a935ae,2,1735290.85028899,787
R_dipaxis_s0.15,03a935ae,0,160380.79146032844,999
R_dipaxis_s0.15,03a935ae,1,702958.0761501978,1000
R_dipaxis_s0.15,03a935ae,2,1612066.0318152078,787
R_dipaxis_s0.2,03a935ae,0,131782.91580150186,999
R_dipaxis_s0.2,03a935ae,1,578727.4082310996,1000
R_dipaxis_s0.2,03a935ae,2,1493882.9539625607,787
R_dipaxis_s0.1,93209a3d,0,181837.34216403193,999
R_dipaxis_s0.1,93209a3d,1,210205.15460257584,1000
R_dipaxis_s0.1,93209a3d,2,185839.93250490606,1000
R_dipaxis_s0.1,93209a3d,3,474631.00872789096,1000
R_dipaxis_s0.1,93209a3d,4,171141.65918697792,698
R_dipaxis_s0.15,93209a3d,0,176093.24125064595,999
R_dipaxis_s0.15,93209a3d,1,214278.89283038897,1000
R_dipaxis_s0.15,93209a3d,2,219741.95184668957,1000
R_dipaxis_s0.15,93209a3d,3,584001.9643649766,1000
R_dipaxis_s0.15,93209a3d,4,253353.41975680555,698
R_dipaxis_s0.2,93209a3d,0,170457.68947365595,999
R_dipaxis_s0.2,93209a3d,1,218609.2607092157,1000
R_dipaxis_s0.2,93209a3d,2,256899.95674802433,1000
R_dipaxis_s0.2,93209a3d,3,704944.5235174845,1000
R_dipaxis_s0.2,93209a3d,4,353762.1999775238,698
R_dipaxis_s0.1,c99f9fae,0,5709.1663301886965,999
R_dipaxis_s0.1,c99f9fae,1,7530.06802492725,1000
R_dipaxis_s0.1,c99f9fae,2,22832.551239330656,1000
R_dipaxis_s0.1,c99f9fae,3,58589.27485195125,1000
R_dipaxis_s0.1,c99f9fae,4,82940.88490989132,1000
R_dipaxis_s0.1,c99f9fae,5,305776.86313616077,1000
R_dipaxis_s0.1,c99f9fae,6,134411.56994385095,362
R_dipaxis_s0.15,c99f9fae,0,7249.3111519757285,999
R_dipaxis_s0.15,c99f9fae,1,13680.880722069374,1000
R_dipaxis_s0.15,c99f9fae,2,38346.606400784796,1000
R_dipaxis_s0.15,c99f9fae,3,96489.81019152702,1000
R_dipaxis_s0.15,c99f9fae,4,154155.2678851837,1000
R_dipaxis_s0.15,c99f9fae,5,451209.0602150642,1000
R_dipaxis_s0.15,c99f9fae,6,188351.4823886473,362
R_dipaxis_s0.2,c99f9fae,0,8984.888044892614,999
R_dipaxis_s0.2,c99f9fae,1,21809.183042331468,1000
R_dipaxis_s0.2,c99f9fae,2,58282.320056766664,1000
R_dipaxis_s0.2,c99f9fae,3,143904.7351068408,1000
R_dipaxis_s0.2,c99f9fae,4,248057.05774070867,1000
R_dipaxis_s0.2,c99f9fae,5,624900.6173345249,1000
R_dipaxis_s0.2,c99f9fae,6,252382.33341535964,362
R_dipaxis_s0.1,8ac2f237,0,4091.599329264603,999
R_dipaxis_s0.1,8ac2f237,1,18226.340626020617,1000
R_dipaxis_s0.1,8ac2f237,2,45230.08832705938,1000
R_dipaxis_s0.1,8ac2f237,3,219521.77962326756,1000
R_dipaxis_s0.1,8ac2f237,4,808772.3820633987,1000
R_dipaxis_s0.1,8ac2f237,5,536331.5288178336,320
R_dipaxis_s0.15,8ac2f237,0,3862.6607169734352,999
R_dipaxis_s0.15,8ac2f237,1,19217.470845411073,1000
R_dipaxis_s0.15,8ac2f237,2,54571.69195684127,1000
R_dipaxis_s0.15,8ac2f237,3,250328.32847644173,1000
R_dipaxis_s0.15,8ac2f237,4,855311.6122207431,1000
R_dipaxis_s0.15,8ac2f237,5,553013.6255489447,320
R_dipaxis_s0.2,8ac2f237,0,3776.5248867327077,999
R_dipaxis_s0.2,8ac2f237,1,20360.775769056156,1000
R_dipaxis_s0.2,8ac2f237,2,64912.790164126076,1000
R_dipaxis_s0.2,8ac2f237,3,283167.1900573144,1000
R_dipaxis_s0.2,8ac2f237,4,903479.526528524,1000
R_dipaxis_s0.2,8ac2f237,5,569951.634561523,320
R_dipaxis_s0.1,10be2420,0,19671.185534737615,999
R_dipaxis_s0.1,10be2420,1,78513.43582319318,1000
R_dipaxis_s0.1,10be2420,2,145186.29904777816,1000
R_dipaxis_s0.1,10be2420,3,52501.470893628146,272
R_dipaxis_s0.15,10be2420,0,15110.032270920741,999
R_dipaxis_s0.15,10be2420,1,55053.66870073978,1000
R_dipaxis_s0.15,10be2420,2,89953.51796048452,1000
R_dipaxis_s0.15,10be2420,3,31641.40701498253,272
R_dipaxis_s0.2,10be2420,0,11190.686019643486,999
R_dipaxis_s0.2,10be2420,1,35998.637522245466,1000
R_dipaxis_s0.2,10be2420,2,48077.832999058075,1000
R_dipaxis_s0.2,10be2420,3,16039.240852691759,272
R_dipaxis_s0.1,0c1b160c,0,433.62322623085686,999
R_dipaxis_s0.1,0c1b160c,1,68503.51802820657,1000
R_dipaxis_s0.1,0c1b160c,2,274866.0734846362,1000
R_dipaxis_s0.1,0c1b160c,3,11280.638733768272,1000
R_dipaxis_s0.1,0c1b160c,4,3521.834469097072,1000
R_dipaxis_s0.1,0c1b160c,5,570.9846779656259,55
R_dipaxis_s0.15,0c1b160c,0,407.6250277016037,999
R_dipaxis_s0.15,0c1b160c,1,70215.28917722078,1000
R_dipaxis_s0.15,0c1b160c,2,276189.5748908599,1000
R_dipaxis_s0.15,0c1b160c,3,15244.798376818655,1000
R_dipaxis_s0.15,0c1b160c,4,2364.0960082278325,1000
R_dipaxis_s0.15,0c1b160c,5,267.9168763618992,55
R_dipaxis_s0.2,0c1b160c,0,392.1865880762758,999
R_dipaxis_s0.2,0c1b160c,1,72102.2361828369,1000
R_dipaxis_s0.2,0c1b160c,2,277665.3649396717,1000
R_dipaxis_s0.2,0c1b160c,3,20657.934170647208,1000
R_dipaxis_s0.2,0c1b160c,4,3040.517983749351,1000
R_dipaxis_s0.2,0c1b160c,5,78.56351436743775,55
R_dipaxis_s0.1,153552f5,0,10947.922864294716,999
R_dipaxis_s0.1,153552f5,1,1883.4674355183054,1000
R_dipaxis_s0.1,153552f5,2,4115.122272598236,1000
R_dipaxis_s0.1,153552f5,3,28387.874034739954,1000
R_dipaxis_s0.1,153552f5,4,56690.851198985365,696
R_dipaxis_s0.15,153552f5,0,10627.45690789628,999
R_dipaxis_s0.15,153552f5,1,1577.3771578509468,1000
R_dipaxis_s0.15,153552f5,2,2666.7000844527447,1000
R_dipaxis_s0.15,153552f5,3,26514.019757467377,1000
R_dipaxis_s0.15,153552f5,4,50613.405681603894,696
R_dipaxis_s0.2,153552f5,0,10316.04195913584,999
R_dipaxis_s0.2,153552f5,1,1440.4253498994144,1000
R_dipaxis_s0.2,153552f5,2,1609.3164133428538,1000
R_dipaxis_s0.2,153552f5,3,24707.23205043013,1000
R_dipaxis_s0.2,153552f5,4,44899.42165296674,696
R_dipaxis_s0.1,684a6fc1,0,340836.544451795,999
R_dipaxis_s0.1,684a6fc1,1,616465.8606038856,1000
R_dipaxis_s0.1,684a6fc1,2,781513.4544395852,1000
R_dipaxis_s0.1,684a6fc1,3,164364.51962300515,1000
R_dipaxis_s0.1,684a6fc1,4,462170.1912244193,1000
R_dipaxis_s0.1,684a6fc1,5,1258813.705187299,1000
R_dipaxis_s0.1,684a6fc1,6,934136.378968923,1000
R_dipaxis_s0.1,684a6fc1,7,1056862.6685838609,1000
R_dipaxis_s0.1,684a6fc1,8,1179461.3758836417,1000
R_dipaxis_s0.1,684a6fc1,9,205935.32861819115,819
R_dipaxis_s0.15,684a6fc1,0,322675.1364898418,999
R_dipaxis_s0.15,684a6fc1,1,600736.1630513896,1000
R_dipaxis_s0.15,684a6fc1,2,775798.5171463679,1000
R_dipaxis_s0.15,684a6fc1,3,186068.5296213769,1000
R_dipaxis_s0.15,684a6fc1,4,486105.26465459174,1000
R_dipaxis_s0.15,684a6fc1,5,1291461.9080714206,1000
R_dipaxis_s0.15,684a6fc1,6,1050331.8984251544,1000
R_dipaxis_s0.15,684a6fc1,7,1297891.8177036266,1000
R_dipaxis_s0.15,684a6fc1,8,1466142.6625423648,1000
R_dipaxis_s0.15,684a6fc1,9,352179.5628942439,819
R_dipaxis_s0.2,684a6fc1,0,305042.9472693169,999
R_dipaxis_s0.2,684a6fc1,1,585213.909529265,1000
R_dipaxis_s0.2,684a6fc1,2,770372.4094111405,1000
R_dipaxis_s0.2,684a6fc1,3,209129.95021099356,1000
R_dipaxis_s0.2,684a6fc1,4,510714.6123300679,1000
R_dipaxis_s0.2,684a6fc1,5,1324669.66578252,1000
R_dipaxis_s0.2,684a6fc1,6,1173983.474362558,1000
R_dipaxis_s0.2,684a6fc1,7,1563718.41547527,1000
R_dipaxis_s0.2,684a6fc1,8,1785365.7573123493,1000
R_dipaxis_s0.2,684a6fc1,9,538971.5153482646,819
R_dipaxis_s0.1,9c350a6a,0,1815.8801268973818,999
R_dipaxis_s0.1,9c350a6a,1,58728.629891322285,1000
R_dipaxis_s0.1,9c350a6a,2,550041.0981673311,1000
R_dipaxis_s0.1,9c350a6a,3,469018.65417749685,1000
R_dipaxis_s0.1,9c350a6a,4,1031194.3284973488,1000
R_dipaxis_s0.1,9c350a6a,5,553108.617833967,1000
R_dipaxis_s0.1,9c350a6a,6,1.279818489608673,53
R_dipaxis_s0.15,9c350a6a,0,2953.6267349767377,999
R_dipaxis_s0.15,9c350a6a,1,71457.88806936613,1000
R_dipaxis_s0.15,9c350a6a,2,602877.3998066399,1000
R_dipaxis_s0.15,9c350a6a,3,560546.046394895,1000
R_dipaxis_s0.15,9c350a6a,4,1209004.7195484876,1000
R_dipaxis_s0.15,9c350a6a,5,733691.9757406843,1000
R_dipaxis_s0.15,9c350a6a,6,1637.8734938981922,53
R_dipaxis_s0.2,9c350a6a,0,4456.892572809291,999
R_dipaxis_s0.2,9c350a6a,1,86637.9343689951,1000
R_dipaxis_s0.2,9c350a6a,2,658154.9513496911,1000
R_dipaxis_s0.2,9c350a6a,3,660351.6334647109,1000
R_dipaxis_s0.2,9c350a6a,4,1401018.008734579,1000
R_dipaxis_s0.2,9c350a6a,5,951600.7984072132,1000
R_dipaxis_s0.2,9c350a6a,6,6371.910546749818,53
R_dipaxis_s0.1,729f4217,0,117659.94877282239,999
R_dipaxis_s0.1,729f4217,1,277808.5620500994,1000
R_dipaxis_s0.1,729f4217,2,303914.5933039401,1000
R_dipaxis_s0.1,729f4217,3,279424.63866775663,1000
R_dipaxis_s0.1,729f4217,4,275063.0160940052,1000
R_dipaxis_s0.1,729f4217,5,135981.64486178677,1000
R_dipaxis_s0.1,729f4217,6,380.0075610595572,196
R_dipaxis_s0.15,729f4217,0,102219.7953990803,999
R_dipaxis_s0.15,729f4217,1,253745.61077498845,1000
R_dipaxis_s0.15,729f4217,2,282865.1146172757,1000
R_dipaxis_s0.15,729f4217,3,259816.3524865592,1000
R_dipaxis_s0.15,729f4217,4,253934.6322429474,1000
R_dipaxis_s0.15,729f4217,5,122777.92589671597,1000
R_dipaxis_s0.15,729f4217,6,344.26865736042487,196
R_dipaxis_s0.2,729f4217,0,87901.61708523489,999
R_dipaxis_s0.2,729f4217,1,230827.6823331038,1000
R_dipaxis_s0.2,729f4217,2,262584.68483818846,1000
R_dipaxis_s0.2,729f4217,3,240930.56766197775,1000
R_dipaxis_s0.2,729f4217,4,233658.92759318202,1000
R_dipaxis_s0.2,729f4217,5,110395.92936766888,1000
R_dipaxis_s0.2,729f4217,6,516.2522975087168,196
R_dipaxis_s0.1,261785ee,0,79507.70847415732,999
R_dipaxis_s0.1,261785ee,1,630596.0815623997,1000
R_dipaxis_s0.1,261785ee,2,741655.3217851182,1000
R_dipaxis_s0.1,261785ee,3,126859.94479760471,647
R_dipaxis_s0.15,261785ee,0,69329.32410942236,999
R_dipaxis_s0.15,261785ee,1,557322.591177433,1000
R_dipaxis_s0.15,261785ee,2,651904.3706634861,1000
R_dipaxis_s0.15,261785ee,3,98317.26882504039,647
R_dipaxis_s0.2,261785ee,0,59905.69851015273,999
R_dipaxis_s0.2,261785ee,1,488587.5585150525,1000
R_dipaxis_s0.2,261785ee,2,568146.5291324226,1000
R_dipaxis_s0.2,261785ee,3,73469.57643824247,647
R_dipaxis_s0.1,c6b782a4,0,116690.46304787148,999
R_dipaxis_s0.1,c6b782a4,1,31324.95615479032,1000
R_dipaxis_s0.1,c6b782a4,2,143852.57764467792,1000
R_dipaxis_s0.1,c6b782a4,3,253205.1395756159,1000
R_dipaxis_s0.1,c6b782a4,4,12017.2225981618,878
R_dipaxis_s0.15,c6b782a4,0,100524.54000287647,999
R_dipaxis_s0.15,c6b782a4,1,22617.493791564808,1000
R_dipaxis_s0.15,c6b782a4,2,112558.60925461761,1000
R_dipaxis_s0.15,c6b782a4,3,204701.22245871273,1000
R_dipaxis_s0.15,c6b782a4,4,20570.675111006236,878
R_dipaxis_s0.2,c6b782a4,0,85596.10777859729,999
R_dipaxis_s0.2,c6b782a4,1,15735.224467929274,1000
R_dipaxis_s0.2,c6b782a4,2,85279.11292296376,1000
R_dipaxis_s0.2,c6b782a4,3,161671.50597201174,1000
R_dipaxis_s0.2,c6b782a4,4,33474.83276635855,878
R_dipaxis_s0.1,fb03ae90,0,506949.97058300156,999
R_dipaxis_s0.1,fb03ae90,1,2226757.3259672746,1000
R_dipaxis_s0.1,fb03ae90,2,2536448.1393458513,1000
R_dipaxis_s0.1,fb03ae90,3,2840778.336514445,1000
R_dipaxis_s0.1,fb03ae90,4,2510876.6595017524,1000
R_dipaxis_s0.1,fb03ae90,5,2174550.4826762625,1000
R_dipaxis_s0.1,fb03ae90,6,809923.069807569,432
R_dipaxis_s0.15,fb03ae90,0,524967.1673337059,999
R_dipaxis_s0.15,fb03ae90,1,2310101.151418739,1000
R_dipaxis_s0.15,fb03ae90,2,2686844.512871338,1000
R_dipaxis_s0.15,fb03ae90,3,3035877.340411147,1000
R_dipaxis_s0.15,fb03ae90,4,2753341.846997328,1000
R_dipaxis_s0.15,fb03ae90,5,2367106.066804212,1000
R_dipaxis_s0.15,fb03ae90,6,868335.2029199213,432
R_dipaxis_s0.2,fb03ae90,0,543307.4813905533,999
R_dipaxis_s0.2,fb03ae90,1,2394992.0425820923,1000
R_dipaxis_s0.2,fb03ae90,2,2841618.58999856,1000
R_dipaxis_s0.2,fb03ae90,3,3237483.765367519,1000
R_dipaxis_s0.2,fb03ae90,4,3007151.6896894057,1000
R_dipaxis_s0.2,fb03ae90,5,2567894.651592064,1000
R_dipaxis_s0.2,fb03ae90,6,928782.3293379914,432
R_dipaxis_s0.1,201661b5,0,159343.73918718012,999
R_dipaxis_s0.1,201661b5,1,8261.889415261965,1000
R_dipaxis_s0.1,201661b5,2,38667.997312364874,1000
R_dipaxis_s0.1,201661b5,3,76208.85243624054,1000
R_dipaxis_s0.1,201661b5,4,154072.48500127613,1000
R_dipaxis_s0.1,201661b5,5,362998.8363503035,956
R_dipaxis_s0.15,201661b5,0,144711.51781998525,999
R_dipaxis_s0.15,201661b5,1,6824.5319788057095,1000
R_dipaxis_s0.15,201661b5,2,30803.109241362235,1000
R_dipaxis_s0.15,201661b5,3,59258.37150234377,1000
R_dipaxis_s0.15,201661b5,4,143577.01874552292,1000
R_dipaxis_s0.15,201661b5,5,365917.8405066014,956
R_dipaxis_s0.2,201661b5,0,130802.28817893047,999
R_dipaxis_s0.2,201661b5,1,5860.143246291769,1000
R_dipaxis_s0.2,201661b5,2,23891.831918905005,1000
R_dipaxis_s0.2,201661b5,3,44489.11293377241,1000
R_dipaxis_s0.2,201661b5,4,133805.73431884704,1000
R_dipaxis_s0.2,201661b5,5,368993.2657836673,956
R_dipaxis_s0.1,a0383629,0,9349.695840564324,999
R_dipaxis_s0.1,a0383629,1,81729.50848162941,1000
R_dipaxis_s0.1,a0383629,2,114781.45781158628,1000
R_dipaxis_s0.1,a0383629,3,89306.42133777184,1000
R_dipaxis_s0.1,a0383629,4,12803.693845657781,1000
R_dipaxis_s0.1,a0383629,5,5545.936156371121,833
R_dipaxis_s0.15,a0383629,0,7671.091950850365,999
R_dipaxis_s0.15,a0383629,1,71911.57471625533,1000
R_dipaxis_s0.15,a0383629,2,103532.37762109,1000
R_dipaxis_s0.15,a0383629,3,75240.6447039654,1000
R_dipaxis_s0.15,a0383629,4,6911.995215552842,1000
R_dipaxis_s0.15,a0383629,5,8717.334133124756,833
R_dipaxis_s0.2,a0383629,0,6236.445854473029,999
R_dipaxis_s0.2,a0383629,1,62737.86854676301,1000
R_dipaxis_s0.2,a0383629,2,92894.63749973844,1000
R_dipaxis_s0.2,a0383629,3,62484.93203503465,1000
R_dipaxis_s0.2,a0383629,4,2904.062983494174,1000
R_dipaxis_s0.2,a0383629,5,14034.400808924085,833
R_dipaxis_s0.1,3a223519,0,9577.085669985081,999
R_dipaxis_s0.1,3a223519,1,25668.29041114931,1000
R_dipaxis_s0.1,3a223519,2,33853.335944274135,1000
R_dipaxis_s0.1,3a223519,3,183949.79164154455,1000
R_dipaxis_s0.1,3a223519,4,134127.2010283251,584
R_dipaxis_s0.15,3a223519,0,11693.383096365003,999
R_dipaxis_s0.15,3a223519,1,34324.473887196364,1000
R_dipaxis_s0.15,3a223519,2,38644.77824007708,1000
R_dipaxis_s0.15,3a223519,3,169589.26422096946,1000
R_dipaxis_s0.15,3a223519,4,128331.98293869846,584
R_dipaxis_s0.2,3a223519,0,14038.32585033634,999
R_dipaxis_s0.2,3a223519,1,44271.31277689074,1000
R_dipaxis_s0.2,3a223519,2,44076.27298499171,1000
R_dipaxis_s0.2,3a223519,3,155827.59560616568,1000
R_dipaxis_s0.2,3a223519,4,122676.78007987942,584
R_dipaxis_s0.1,3407f5bf,0,3783.328907687747,999
R_dipaxis_s0.1,3407f5bf,1,24597.105697298153,1000
R_dipaxis_s0.1,3407f5bf,2,209393.51116075137,1000
R_dipaxis_s0.1,3407f5bf,3,1231407.5618084765,639
R_dipaxis_s0.15,3407f5bf,0,3780.264297705161,999
R_dipaxis_s0.15,3407f5bf,1,19916.023740970744,1000
R_dipaxis_s0.15,3407f5bf,2,192463.66036160375,1000
R_dipaxis_s0.15,3407f5bf,3,1167497.048138823,639
R_dipaxis_s0.2,3407f5bf,0,3777.9296118370908,999
R_dipaxis_s0.2,3407f5bf,1,15814.062447988696,1000
R_dipaxis_s0.2,3407f5bf,2,176364.16790943383,1000
R_dipaxis_s0.2,3407f5bf,3,1105291.5824532213,639
R_dipaxis_s0.1,493b5b31,0,139271.3708258819,999
R_dipaxis_s0.1,493b5b31,1,148271.34228571277,1000
R_dipaxis_s0.1,493b5b31,2,548649.4928195844,1000
R_dipaxis_s0.1,493b5b31,3,944139.3505031487,1000
R_dipaxis_s0.1,493b5b31,4,700525.5881904489,672
R_dipaxis_s0.15,493b5b31,0,129528.77117530965,999
R_dipaxis_s0.15,493b5b31,1,160707.27797309888,1000
R_dipaxis_s0.15,493b5b31,2,646514.5441885055,1000
R_dipaxis_s0.15,493b5b31,3,1044792.3959854161,1000
R_dipaxis_s0.15,493b5b31,4,752936.3684537823,672
R_dipaxis_s0.2,493b5b31,0,120156.87951572856,999
R_dipaxis_s0.2,493b5b31,1,173748.75842350363,1000
R_dipaxis_s0.2,493b5b31,2,752460.5498301846,1000
R_dipaxis_s0.2,493b5b31,3,1150608.0824881494,1000
R_dipaxis_s0.2,493b5b31,4,807282.3548958567,672
R_dipaxis_s0.1,939d9c34,0,12459.127876882745,999
R_dipaxis_s0.1,939d9c34,1,49090.03532458275,1000
R_dipaxis_s0.1,939d9c34,2,51193.90624405835,1000
R_dipaxis_s0.1,939d9c34,3,477888.2114364424,1000
R_dipaxis_s0.1,939d9c34,4,427631.88838882465,1000
R_dipaxis_s0.1,939d9c34,5,63280.07681763527,102
R_dipaxis_s0.15,939d9c34,0,11339.605782025226,999
R_dipaxis_s0.15,939d9c34,1,42716.55180160533,1000
R_dipaxis_s0.15,939d9c34,2,47437.31895169511,1000
R_dipaxis_s0.15,939d9c34,3,442188.6049301092,1000
R_dipaxis_s0.15,939d9c34,4,402874.07858931844,1000
R_dipaxis_s0.15,939d9c34,5,52592.610171028995,102
R_dipaxis_s0.2,939d9c34,0,10293.782564967198,999
R_dipaxis_s0.2,939d9c34,1,36947.21235511897,1000
R_dipaxis_s0.2,939d9c34,2,43987.16551640625,1000
R_dipaxis_s0.2,939d9c34,3,407922.5470073957,1000
R_dipaxis_s0.2,939d9c34,4,379935.71809386305,1000
R_dipaxis_s0.2,939d9c34,5,42893.098854140095,102
R_dipaxis_s0.1,6767c111,0,690420.8118854219,999
R_dipaxis_s0.1,6767c111,1,381259.84352103976,1000
R_dipaxis_s0.1,6767c111,2,351755.0133012288,1000
R_dipaxis_s0.1,6767c111,3,369611.2909155602,1000
R_dipaxis_s0.1,6767c111,4,501471.32242352975,1000
R_dipaxis_s0.1,6767c111,5,692425.8822666149,1000
R_dipaxis_s0.1,6767c111,6,1603677.7806365036,784
R_dipaxis_s0.15,6767c111,0,678521.6185297699,999
R_dipaxis_s0.15,6767c111,1,441784.472540575,1000
R_dipaxis_s0.15,6767c111,2,461677.43757549516,1000
R_dipaxis_s0.15,6767c111,3,565474.0487570495,1000
R_dipaxis_s0.15,6767c111,4,818448.26501793,1000
R_dipaxis_s0.15,6767c111,5,1191170.4687619663,1000
R_dipaxis_s0.15,6767c111,6,2288556.1778508592,784
R_dipaxis_s0.2,6767c111,0,666861.9405418723,999
R_dipaxis_s0.2,6767c111,1,507297.6796327791,1000
R_dipaxis_s0.2,6767c111,2,587054.1092988602,1000
R_dipaxis_s0.2,6767c111,3,803132.436921009,1000
R_dipaxis_s0.2,6767c111,4,1212749.391367421,1000
R_dipaxis_s0.2,6767c111,5,1824941.6851986737,1000
R_dipaxis_s0.2,6767c111,6,3095538.633795951,784
R_dipaxis_s0.1,e5c92e59,0,33447.67557086223,999
R_dipaxis_s0.1,e5c92e59,1,51873.55384650099,1000
R_dipaxis_s0.1,e5c92e59,2,13928.902432357618,1000
R_dipaxis_s0.1,e5c92e59,3,23632.54719194236,1000
R_dipaxis_s0.1,e5c92e59,4,12003.214370606966,296
R_dipaxis_s0.15,e5c92e59,0,25981.610543606665,999
R_dipaxis_s0.15,e5c92e59,1,63618.3283494768,1000
R_dipaxis_s0.15,e5c92e59,2,20473.585612257288,1000
R_dipaxis_s0.15,e5c92e59,3,19683.56253546451,1000
R_dipaxis_s0.15,e5c92e59,4,3608.1515958463788,296
R_dipaxis_s0.2,e5c92e59,0,19499.396741226123,999
R_dipaxis_s0.2,e5c92e59,1,78393.88407226914,1000
R_dipaxis_s0.2,e5c92e59,2,37789.60523463728,1000
R_dipaxis_s0.2,e5c92e59,3,33635.16577735295,1000
R_dipaxis_s0.2,e5c92e59,4,1684.9593143762131,296
R_dipaxis_s0.1,fb0904bd,0,1377.301409613773,999
R_dipaxis_s0.1,fb0904bd,1,245.07547943772244,1000
R_dipaxis_s0.1,fb0904bd,2,2094.7022925823417,1000
R_dipaxis_s0.1,fb0904bd,3,541.4811766308333,182
R_dipaxis_s0.15,fb0904bd,0,1598.2889700185017,999
R_dipaxis_s0.15,fb0904bd,1,315.0553460547011,1000
R_dipaxis_s0.15,fb0904bd,2,1206.4294000275224,1000
R_dipaxis_s0.15,fb0904bd,3,1366.2604836234518,182
R_dipaxis_s0.2,fb0904bd,0,1842.0707008220181,999
R_dipaxis_s0.2,fb0904bd,1,464.99059727063366,1000
R_dipaxis_s0.2,fb0904bd,2,1999.3690482422887,1000
R_dipaxis_s0.2,fb0904bd,3,2569.9462697343342,182
R_dipaxis_s0.1,0d99f8e4,0,10387.49514209659,999
R_dipaxis_s0.1,0d99f8e4,1,86078.79427045226,1000
R_dipaxis_s0.1,0d99f8e4,2,167027.7089638977,1000
R_dipaxis_s0.1,0d99f8e4,3,127257.05647159551,1000
R_dipaxis_s0.1,0d99f8e4,4,8863.327895759006,1000
R_dipaxis_s0.1,0d99f8e4,5,19673.82411493103,824
R_dipaxis_s0.15,0d99f8e4,0,9960.580081008127,999
R_dipaxis_s0.15,0d99f8e4,1,78878.16691161838,1000
R_dipaxis_s0.15,0d99f8e4,2,154969.05900877368,1000
R_dipaxis_s0.15,0d99f8e4,3,115604.92863391133,1000
R_dipaxis_s0.15,0d99f8e4,4,8201.525031708718,1000
R_dipaxis_s0.15,0d99f8e4,5,14632.91878912546,824
R_dipaxis_s0.2,0d99f8e4,0,9547.547531828159,999
R_dipaxis_s0.2,0d99f8e4,1,71998.1428234114,1000
R_dipaxis_s0.2,0d99f8e4,2,143365.88989560347,1000
R_dipaxis_s0.2,0d99f8e4,3,104525.90318057367,1000
R_dipaxis_s0.2,0d99f8e4,4,8124.618293039185,1000
R_dipaxis_s0.2,0d99f8e4,5,12631.991374472598,824
R_dipaxis_s0.1,df73b8f3,0,12966.575776989062,999
R_dipaxis_s0.1,df73b8f3,1,8029.205911512932,1000
R_dipaxis_s0.1,df73b8f3,2,8353.501066233432,1000
R_dipaxis_s0.1,df73b8f3,3,121942.18322485834,1000
R_dipaxis_s0.1,df73b8f3,4,784222.0834181921,1000
R_dipaxis_s0.1,df73b8f3,5,401773.82958085433,312
R_dipaxis_s0.15,df73b8f3,0,12064.634158587876,999
R_dipaxis_s0.15,df73b8f3,1,7100.690026534422,1000
R_dipaxis_s0.15,df73b8f3,2,7680.1544478318365,1000
R_dipaxis_s0.15,df73b8f3,3,115596.30564190335,1000
R_dipaxis_s0.15,df73b8f3,4,795498.5839917556,1000
R_dipaxis_s0.15,df73b8f3,5,421939.109809774,312
R_dipaxis_s0.2,df73b8f3,0,11205.376002256262,999
R_dipaxis_s0.2,df73b8f3,1,6244.527781065909,1000
R_dipaxis_s0.2,df73b8f3,2,7041.959195084424,1000
R_dipaxis_s0.2,df73b8f3,3,109474.17232868874,1000
R_dipaxis_s0.2,df73b8f3,4,806883.986641622,1000
R_dipaxis_s0.2,df73b8f3,5,442718.9559643484,312
R_dipaxis_s0.1,27ebb9b9,0,12307.483783890078,999
R_dipaxis_s0.1,27ebb9b9,1,25601.76036929927,1000
R_dipaxis_s0.1,27ebb9b9,2,26820.029625116265,1000
R_dipaxis_s0.1,27ebb9b9,3,113797.71146343443,1000
R_dipaxis_s0.1,27ebb9b9,4,109700.3240434117,1000
R_dipaxis_s0.1,27ebb9b9,5,10087.731446230197,767
R_dipaxis_s0.15,27ebb9b9,0,8385.25611594668,999
R_dipaxis_s0.15,27ebb9b9,1,10358.259025096775,1000
R_dipaxis_s0.15,27ebb9b9,2,55735.087804669834,1000
R_dipaxis_s0.15,27ebb9b9,3,59932.358980943965,1000
R_dipaxis_s0.15,27ebb9b9,4,84398.95865071697,1000
R_dipaxis_s0.15,27ebb9b9,5,11245.988347914315,767
R_dipaxis_s0.2,27ebb9b9,0,5227.237874745131,999
R_dipaxis_s0.2,27ebb9b9,1,2622.047761661206,1000
R_dipaxis_s0.2,27ebb9b9,2,97288.44719555347,1000
R_dipaxis_s0.2,27ebb9b9,3,25102.53975564848,1000
R_dipaxis_s0.2,27ebb9b9,4,63842.17131509036,1000
R_dipaxis_s0.2,27ebb9b9,5,14517.843468644101,767
R_dipaxis_s0.1,2075c696,0,5588.654952415176,999
R_dipaxis_s0.1,2075c696,1,484084.74900941545,1000
R_dipaxis_s0.1,2075c696,2,695713.8382194125,1000
R_dipaxis_s0.1,2075c696,3,100926.98137730517,189
R_dipaxis_s0.15,2075c696,0,4413.176629455186,999
R_dipaxis_s0.15,2075c696,1,443891.6997427801,1000
R_dipaxis_s0.15,2075c696,2,635156.5801015707,1000
R_dipaxis_s0.15,2075c696,3,89672.3470777622,189
R_dipaxis_s0.2,2075c696,0,3423.93480705028,999
R_dipaxis_s0.2,2075c696,1,405457.45502857974,1000
R_dipaxis_s0.2,2075c696,2,577376.8930320252,1000
R_dipaxis_s0.2,2075c696,3,79083.56901941996,189
R_dipaxis_s0.1,a8ed028a,0,120213.09698894022,999
R_dipaxis_s0.1,a8ed028a,1,789755.948477314,1000
R_dipaxis_s0.1,a8ed028a,2,127009.59452956408,1000
R_dipaxis_s0.1,a8ed028a,3,295227.69086990796,1000
R_dipaxis_s0.1,a8ed028a,4,165058.70605253932,1000
R_dipaxis_s0.1,a8ed028a,5,31811.938695204877,539
R_dipaxis_s0.15,a8ed028a,0,118916.6490881722,999
R_dipaxis_s0.15,a8ed028a,1,771553.2126223065,1000
R_dipaxis_s0.15,a8ed028a,2,120180.86043606135,1000
R_dipaxis_s0.15,a8ed028a,3,242025.80105622503,1000
R_dipaxis_s0.15,a8ed028a,4,98786.10088489574,1000
R_dipaxis_s0.15,a8ed028a,5,6258.212336682055,539
R_dipaxis_s0.2,a8ed028a,0,117637.2555239131,999
R_dipaxis_s0.2,a8ed028a,1,753602.1457381814,1000
R_dipaxis_s0.2,a8ed028a,2,113667.5944370339,1000
R_dipaxis_s0.2,a8ed028a,3,194474.8214101158,1000
R_dipaxis_s0.2,a8ed028a,4,51839.36268797357,1000
R_dipaxis_s0.2,a8ed028a,5,746.4919740748194,539
R_dipaxis_s0.1,6ea22614,0,31553.025576250664,999
R_dipaxis_s0.1,6ea22614,1,31767.502274169772,1000
R_dipaxis_s0.1,6ea22614,2,109524.71230564578,1000
R_dipaxis_s0.1,6ea22614,3,14969.646079729482,1000
R_dipaxis_s0.1,6ea22614,4,26041.295613889397,1000
R_dipaxis_s0.1,6ea22614,5,25317.289432506117,972
R_dipaxis_s0.15,6ea22614,0,29583.98698881277,999
R_dipaxis_s0.15,6ea22614,1,29320.483786297664,1000
R_dipaxis_s0.15,6ea22614,2,114454.94718870823,1000
R_dipaxis_s0.15,6ea22614,3,17134.715470444084,1000
R_dipaxis_s0.15,6ea22614,4,20864.34688484253,1000
R_dipaxis_s0.15,6ea22614,5,27554.060211753338,972
R_dipaxis_s0.2,6ea22614,0,27692.636084329886,999
R_dipaxis_s0.2,6ea22614,1,27155.1900151163,1000
R_dipaxis_s0.2,6ea22614,2,119517.35529194142,1000
R_dipaxis_s0.2,6ea22614,3,20284.631928393017,1000
R_dipaxis_s0.2,6ea22614,4,16876.28536513058,1000
R_dipaxis_s0.2,6ea22614,5,30681.24123299816,972
R_dipaxis_s0.1,df8290be,0,94484.47157568112,999
R_dipaxis_s0.1,df8290be,1,15966.308806657336,1000
R_dipaxis_s0.1,df8290be,2,205532.90015876712,1000
R_dipaxis_s0.1,df8290be,3,218242.70472760886,973
R_dipaxis_s0.15,df8290be,0,96404.15681698221,999
R_dipaxis_s0.15,df8290be,1,11389.789423986673,1000
R_dipaxis_s0.15,df8290be,2,173246.12753889294,1000
R_dipaxis_s0.15,df8290be,3,194782.59534909873,973
R_dipaxis_s0.2,df8290be,0,98412.43609391936,999
R_dipaxis_s0.2,df8290be,1,9012.72481731848,1000
R_dipaxis_s0.2,df8290be,2,144290.96315285462,1000
R_dipaxis_s0.2,df8290be,3,172782.4476090525,973
R_dipaxis_s0.1,283269ac,0,1440.091234413991,999
R_dipaxis_s0.1,283269ac,1,219.5162006655543,1000
R_dipaxis_s0.1,283269ac,2,671.7189460777249,627
R_dipaxis_s0.15,283269ac,0,1273.8578718040021,999
R_dipaxis_s0.15,283269ac,1,158.89722046349416,1000
R_dipaxis_s0.15,283269ac,2,560.7361673964494,627
R_dipaxis_s0.2,283269ac,0,1126.528022649761,999
R_dipaxis_s0.2,283269ac,1,121.35278657157785,1000
R_dipaxis_s0.2,283269ac,2,495.5335209018967,627
R_dipaxis_s0.1,c2c4db09,0,13457.089364381698,999
R_dipaxis_s0.1,c2c4db09,1,157554.71326753637,1000
R_dipaxis_s0.1,c2c4db09,2,74561.7375583485,1000
R_dipaxis_s0.1,c2c4db09,3,40887.69935880197,1000
R_dipaxis_s0.1,c2c4db09,4,266796.80974363897,1000
R_dipaxis_s0.1,c2c4db09,5,91384.76072893964,1000
R_dipaxis_s0.1,c2c4db09,6,2510.713311498378,40
R_dipaxis_s0.15,c2c4db09,0,11096.502273922166,999
R_dipaxis_s0.15,c2c4db09,1,133214.58414583324,1000
R_dipaxis_s0.15,c2c4db09,2,48104.22860385958,1000
R_dipaxis_s0.15,c2c4db09,3,74488.02219253503,1000
R_dipaxis_s0.15,c2c4db09,4,386526.0828247087,1000
R_dipaxis_s0.15,c2c4db09,5,205922.408224483,1000
R_dipaxis_s0.15,c2c4db09,6,7360.674906428359,40
R_dipaxis_s0.2,c2c4db09,0,9029.823301695598,999
R_dipaxis_s0.2,c2c4db09,1,111086.9696871495,1000
R_dipaxis_s0.2,c2c4db09,2,29007.971026930183,1000
R_dipaxis_s0.2,c2c4db09,3,119319.3092624899,1000
R_dipaxis_s0.2,c2c4db09,4,528666.1868119439,1000
R_dipaxis_s0.2,c2c4db09,5,369137.9067074074,1000
R_dipaxis_s0.2,c2c4db09,6,14758.992227478564,40
R_dipaxis_s0.1,89f1085d,0,191782.38028402446,999
R_dipaxis_s0.1,89f1085d,1,664007.0605537005,1000
R_dipaxis_s0.1,89f1085d,2,965473.5153935881,1000
R_dipaxis_s0.1,89f1085d,3,319822.40990873094,1000
R_dipaxis_s0.1,89f1085d,4,324339.84665282187,1000
R_dipaxis_s0.1,89f1085d,5,315087.2738727559,995
R_dipaxis_s0.15,89f1085d,0,147247.317516506,999
R_dipaxis_s0.15,89f1085d,1,524633.9906916388,1000
R_dipaxis_s0.15,89f1085d,2,765602.6936576213,1000
R_dipaxis_s0.15,89f1085d,3,211197.47837099037,1000
R_dipaxis_s0.15,89f1085d,4,203594.9013024878,1000
R_dipaxis_s0.15,89f1085d,5,209527.5699222496,995
R_dipaxis_s0.2,89f1085d,0,108607.14574264098,999
R_dipaxis_s0.2,89f1085d,1,401958.04330364784,1000
R_dipaxis_s0.2,89f1085d,2,589091.3612998289,1000
R_dipaxis_s0.2,89f1085d,3,125437.71477185408,1000
R_dipaxis_s0.2,89f1085d,4,110955.49960100286,1000
R_dipaxis_s0.2,89f1085d,5,126432.04948049603,995
R_dipaxis_s0.1,5fb1c15f,0,226969.48724285062,999
R_dipaxis_s0.1,5fb1c15f,1,468474.6772839408,1000
R_dipaxis_s0.1,5fb1c15f,2,375891.87442594883,861
R_dipaxis_s0.15,5fb1c15f,0,220447.43076748558,999
R_dipaxis_s0.15,5fb1c15f,1,486048.7845291336,1000
R_dipaxis_s0.15,5fb1c15f,2,429136.4511751864,861
R_dipaxis_s0.2,5fb1c15f,0,214039.53772758416,999
R_dipaxis_s0.2,5fb1c15f,1,504020.20420978696,1000
R_dipaxis_s0.2,5fb1c15f,2,486572.68411525147,861
R_dipaxis_s0.1,0be01c24,0,17706.027392330576,999
R_dipaxis_s0.1,0be01c24,1,23290.384574585674,1000
R_dipaxis_s0.1,0be01c24,2,118746.37707285525,1000
R_dipaxis_s0.1,0be01c24,3,46272.48524139683,1000
R_dipaxis_s0.1,0be01c24,4,13772.84126266724,739
R_dipaxis_s0.15,0be01c24,0,14093.988995630803,999
R_dipaxis_s0.15,0be01c24,1,19459.212442075455,1000
R_dipaxis_s0.15,0be01c24,2,99760.07349304996,1000
R_dipaxis_s0.15,0be01c24,3,37910.1154062873,1000
R_dipaxis_s0.15,0be01c24,4,6390.6182164681095,739
R_dipaxis_s0.2,0be01c24,0,10898.621203685567,999
R_dipaxis_s0.2,0be01c24,1,16257.364363029432,1000
R_dipaxis_s0.2,0be01c24,2,82447.57166908361,1000
R_dipaxis_s0.2,0be01c24,3,30672.387800637687,1000
R_dipaxis_s0.2,0be01c24,4,1888.3987519125599,739
R_dipaxis_s0.1,96936c22,0,10510.08028224625,999
R_dipaxis_s0.1,96936c22,1,7344.043734620649,1000
R_dipaxis_s0.1,96936c22,2,14277.000631204264,1000
R_dipaxis_s0.1,96936c22,3,14461.191462137562,347
R_dipaxis_s0.15,96936c22,0,11731.300598009106,999
R_dipaxis_s0.15,96936c22,1,8308.78964515709,1000
R_dipaxis_s0.15,96936c22,2,20315.80623318854,1000
R_dipaxis_s0.15,96936c22,3,8854.615546582836,347
R_dipaxis_s0.2,96936c22,0,13066.831796867578,999
R_dipaxis_s0.2,96936c22,1,10602.873384509767,1000
R_dipaxis_s0.2,96936c22,2,28275.621826094328,1000
R_dipaxis_s0.2,96936c22,3,4662.768099943242,347
R_dipaxis_s0.1,ab6fe95d,0,355.6881311152234,999
R_dipaxis_s0.1,ab6fe95d,1,19797.186787173723,1000
R_dipaxis_s0.1,ab6fe95d,2,41943.197363792635,1000
R_dipaxis_s0.1,ab6fe95d,3,61006.9830199269,1000
R_dipaxis_s0.1,ab6fe95d,4,52020.31007759408,1000
R_dipaxis_s0.1,ab6fe95d,5,29893.913202823303,492
R_dipaxis_s0.15,ab6fe95d,0,267.21672608331005,999
R_dipaxis_s0.15,ab6fe95d,1,18429.93702039537,1000
R_dipaxis_s0.15,ab6fe95d,2,35737.73145976237,1000
R_dipaxis_s0.15,ab6fe95d,3,55545.53627319972,1000
R_dipaxis_s0.15,ab6fe95d,4,48899.14180456663,1000
R_dipaxis_s0.15,ab6fe95d,5,27928.601399779214,492
R_dipaxis_s0.2,ab6fe95d,0,210.66050732490615,999
R_dipaxis_s0.2,ab6fe95d,1,17124.67344670685,1000
R_dipaxis_s0.2,ab6fe95d,2,30109.493331779668,1000
R_dipaxis_s0.2,ab6fe95d,3,50370.774722010436,1000
R_dipaxis_s0.2,ab6fe95d,4,45927.57332365523,1000
R_dipaxis_s0.2,ab6fe95d,5,26040.98506043131,492
R_dipaxis_s0.1,d7eb0be8,0,314037.09377661237,999
R_dipaxis_s0.1,d7eb0be8,1,1554824.3908440568,1000
R_dipaxis_s0.1,d7eb0be8,2,2071957.180959518,1000
R_dipaxis_s0.1,d7eb0be8,3,641582.6435048161,1000
R_dipaxis_s0.1,d7eb0be8,4,54254.635885489246,1000
R_dipaxis_s0.1,d7eb0be8,5,50232.813664063804,402
R_dipaxis_s0.15,d7eb0be8,0,298588.6037060256,999
R_dipaxis_s0.15,d7eb0be8,1,1458416.258529361,1000
R_dipaxis_s0.15,d7eb0be8,2,1865961.068146093,1000
R_dipaxis_s0.15,d7eb0be8,3,492100.7718764534,1000
R_dipaxis_s0.15,d7eb0be8,4,52417.48681935319,1000
R_dipaxis_s0.15,d7eb0be8,5,107960.0536965452,402
R_dipaxis_s0.2,d7eb0be8,0,283565.97486284334,999
R_dipaxis_s0.2,d7eb0be8,1,1365139.343956859,1000
R_dipaxis_s0.2,d7eb0be8,2,1671243.6647038888,1000
R_dipaxis_s0.2,d7eb0be8,3,367337.99689425464,1000
R_dipaxis_s0.2,d7eb0be8,4,92301.15044729963,1000
R_dipaxis_s0.2,d7eb0be8,5,187774.37616265862,402
R_dipaxis_s0.1,fd3b4faa,0,77053.22023334636,999
R_dipaxis_s0.1,fd3b4faa,1,126909.87162060301,1000
R_dipaxis_s0.1,fd3b4faa,2,17488.34899566184,1000
R_dipaxis_s0.1,fd3b4faa,3,10631.650801888301,1000
R_dipaxis_s0.1,fd3b4faa,4,11653.790960461463,1000
R_dipaxis_s0.1,fd3b4faa,5,1363.0967158060587,23
R_dipaxis_s0.15,fd3b4faa,0,69435.96979238307,999
R_dipaxis_s0.15,fd3b4faa,1,122700.48088472779,1000
R_dipaxis_s0.15,fd3b4faa,2,15559.37578692516,1000
R_dipaxis_s0.15,fd3b4faa,3,12509.815840365885,1000
R_dipaxis_s0.15,fd3b4faa,4,12303.771487846636,1000
R_dipaxis_s0.15,fd3b4faa,5,1527.8114854266682,23
R_dipaxis_s0.2,fd3b4faa,0,62219.470712995084,999
R_dipaxis_s0.2,fd3b4faa,1,118670.70828473762,1000
R_dipaxis_s0.2,fd3b4faa,2,14534.986573809701,1000
R_dipaxis_s0.2,fd3b4faa,3,15352.528570532624,1000
R_dipaxis_s0.2,fd3b4faa,4,14254.19074666836,1000
R_dipaxis_s0.2,fd3b4faa,5,1701.9521628590937,23
R_dipaxis_s0.1,5254b6db,0,40870.06314445972,999
R_dipaxis_s0.1,5254b6db,1,38666.25474775437,1000
R_dipaxis_s0.1,5254b6db,2,50820.8963860865,1000
R_dipaxis_s0.1,5254b6db,3,14108.193905363487,275
R_dipaxis_s0.15,5254b6db,0,37999.24495089641,999
R_dipaxis_s0.15,5254b6db,1,34548.795473105936,1000
R_dipaxis_s0.15,5254b6db,2,45058.359349512924,1000
R_dipaxis_s0.15,5254b6db,3,13108.330392908823,275
R_dipaxis_s0.2,5254b6db,0,35233.50074680697,999
R_dipaxis_s0.2,5254b6db,1,30669.38949944266,1000
R_dipaxis_s0.2,5254b6db,2,39651.90765986514,1000
R_dipaxis_s0.2,5254b6db,3,12146.70047036477,275
R_dipaxis_s0.1,2364716c,0,41499.51925092655,999
R_dipaxis_s0.1,2364716c,1,417242.4203591583,1000
R_dipaxis_s0.1,2364716c,2,327350.01679306163,1000
R_dipaxis_s0.1,2364716c,3,355931.13598662213,1000
R_dipaxis_s0.1,2364716c,4,127599.13712548037,317
R_dipaxis_s0.15,2364716c,0,37841.23319939314,999
R_dipaxis_s0.15,2364716c,1,386939.5299391765,1000
R_dipaxis_s0.15,2364716c,2,288927.9556757561,1000
R_dipaxis_s0.15,2364716c,3,282888.6015583364,1000
R_dipaxis_s0.15,2364716c,4,97635.09215567996,317
R_dipaxis_s0.2,2364716c,0,34355.27226319728,999
R_dipaxis_s0.2,2364716c,1,357782.02935282903,1000
R_dipaxis_s0.2,2364716c,2,253069.92278256736,1000
R_dipaxis_s0.2,2364716c,3,218314.2775156635,1000
R_dipaxis_s0.2,2364716c,4,71707.41069752349,317
R_dipaxis_s0.1,c6797dd7,0,11693.710565170088,999
R_dipaxis_s0.1,c6797dd7,1,78179.70267236365,1000
R_dipaxis_s0.1,c6797dd7,2,20697.67745112461,1000
R_dipaxis_s0.1,c6797dd7,3,2259.3866141954627,1000
R_dipaxis_s0.1,c6797dd7,4,1009.780232903805,665
R_dipaxis_s0.15,c6797dd7,0,10119.80261911217,999
R_dipaxis_s0.15,c6797dd7,1,73703.92819211869,1000
R_dipaxis_s0.15,c6797dd7,2,22256.496198092053,1000
R_dipaxis_s0.15,c6797dd7,3,216.3033143276051,1000
R_dipaxis_s0.15,c6797dd7,4,551.2682819052499,665
R_dipaxis_s0.2,c6797dd7,0,8661.12675395553,999
R_dipaxis_s0.2,c6797dd7,1,69383.24636758167,1000
R_dipaxis_s0.2,c6797dd7,2,24740.465159329262,1000
R_dipaxis_s0.2,c6797dd7,3,1969.636576486471,1000
R_dipaxis_s0.2,c6797dd7,4,5315.9362859430585,665
R_dipaxis_s0.1,e5ff9fd2,0,10313.212513651937,999
R_dipaxis_s0.1,e5ff9fd2,1,132106.02092401445,1000
R_dipaxis_s0.1,e5ff9fd2,2,8710.506272135694,355
R_dipaxis_s0.15,e5ff9fd2,0,8458.940150515273,999
R_dipaxis_s0.15,e5ff9fd2,1,119955.46680689935,1000
R_dipaxis_s0.15,e5ff9fd2,2,6900.447676912393,355
R_dipaxis_s0.2,e5ff9fd2,0,6855.515307404661,999
R_dipaxis_s0.2,e5ff9fd2,1,108407.0581703705,1000
R_dipaxis_s0.2,e5ff9fd2,2,5348.58719416169,355
R_dipaxis_s0.1,8c8348e8,0,4033.6751058572263,999
R_dipaxis_s0.1,8c8348e8,1,25178.10571287009,1000
R_dipaxis_s0.1,8c8348e8,2,15872.675847501243,1000
R_dipaxis_s0.1,8c8348e8,3,13734.908222985681,889
R_dipaxis_s0.15,8c8348e8,0,3809.6783064830747,999
R_dipaxis_s0.15,8c8348e8,1,37666.8415893466,1000
R_dipaxis_s0.15,8c8348e8,2,31332.899688087597,1000
R_dipaxis_s0.15,8c8348e8,3,8760.371510536963,889
R_dipaxis_s0.2,8c8348e8,0,4963.047572240638,999
R_dipaxis_s0.2,8c8348e8,1,53946.75841251591,1000
R_dipaxis_s0.2,8c8348e8,2,60602.40437323243,1000
R_dipaxis_s0.2,8c8348e8,3,35819.50204879687,889
R_dipaxis_s0.1,19fb4f7b,0,300268.72185398825,999
R_dipaxis_s0.1,19fb4f7b,1,169917.63218173428,1000
R_dipaxis_s0.1,19fb4f7b,2,47550.94592104255,1000
R_dipaxis_s0.1,19fb4f7b,3,45078.945926495915,1000
R_dipaxis_s0.1,19fb4f7b,4,14641.135022858487,1000
R_dipaxis_s0.1,19fb4f7b,5,26921.078088086157,621
R_dipaxis_s0.15,19fb4f7b,0,284160.7915815288,999
R_dipaxis_s0.15,19fb4f7b,1,159833.5137615925,1000
R_dipaxis_s0.15,19fb4f7b,2,46613.19507865952,1000
R_dipaxis_s0.15,19fb4f7b,3,48405.99762139853,1000
R_dipaxis_s0.15,19fb4f7b,4,8857.677726143973,1000
R_dipaxis_s0.15,19fb4f7b,5,19148.972703566265,621
R_dipaxis_s0.2,19fb4f7b,0,268499.3409760955,999
R_dipaxis_s0.2,19fb4f7b,1,150096.21960077411,1000
R_dipaxis_s0.2,19fb4f7b,2,45687.319367676326,1000
R_dipaxis_s0.2,19fb4f7b,3,51940.76390407443,1000
R_dipaxis_s0.2,19fb4f7b,4,4729.312057330714,1000
R_dipaxis_s0.2,19fb4f7b,5,12736.594400000391,621
R_dipaxis_s0.1,1b1c5372,0,36207.0232488465,999
R_dipaxis_s0.1,1b1c5372,1,20723.662878164843,1000
R_dipaxis_s0.1,1b1c5372,2,221803.8435928599,1000
R_dipaxis_s0.1,1b1c5372,3,928595.5819973081,1000
R_dipaxis_s0.1,1b1c5372,4,171549.16256248852,262
R_dipaxis_s0.15,1b1c5372,0,30655.130950724655,999
R_dipaxis_s0.15,1b1c5372,1,22520.08934990654,1000
R_dipaxis_s0.15,1b1c5372,2,226320.6767210414,1000
R_dipaxis_s0.15,1b1c5372,3,933707.5886431882,1000
R_dipaxis_s0.15,1b1c5372,4,179696.55784572786,262
R_dipaxis_s0.2,1b1c5372,0,25600.400737570984,999
R_dipaxis_s0.2,1b1c5372,1,24539.925976753584,1000
R_dipaxis_s0.2,1b1c5372,2,231144.79437038983,1000
R_dipaxis_s0.2,1b1c5372,3,939030.6491538914,1000
R_dipaxis_s0.2,1b1c5372,4,188033.35666363122,262
R_dipaxis_s0.1,f07d7037,0,1241.7789200560426,999
R_dipaxis_s0.1,f07d7037,1,30653.296641874203,1000
R_dipaxis_s0.1,f07d7037,2,33042.49908617156,1000
R_dipaxis_s0.1,f07d7037,3,5555.849416269257,1000
R_dipaxis_s0.1,f07d7037,4,16111.471251456469,1000
R_dipaxis_s0.1,f07d7037,5,35550.847969943876,564
R_dipaxis_s0.15,f07d7037,0,698.4163152717252,999
R_dipaxis_s0.15,f07d7037,1,22599.17479223656,1000
R_dipaxis_s0.15,f07d7037,2,19358.52864413741,1000
R_dipaxis_s0.15,f07d7037,3,2913.356499590671,1000
R_dipaxis_s0.15,f07d7037,4,4158.432600318613,1000
R_dipaxis_s0.15,f07d7037,5,17396.27956452135,564
R_dipaxis_s0.2,f07d7037,0,442.24953394581786,999
R_dipaxis_s0.2,f07d7037,1,15975.615428881032,1000
R_dipaxis_s0.2,f07d7037,2,9486.956545354691,1000
R_dipaxis_s0.2,f07d7037,3,6447.038666368471,1000
R_dipaxis_s0.2,f07d7037,4,675.5776646022595,1000
R_dipaxis_s0.2,f07d7037,5,5856.344032167443,564
R_dipaxis_s0.1,b5aa9634,0,75910.39179182747,999
R_dipaxis_s0.1,b5aa9634,1,24205.35247691842,1000
R_dipaxis_s0.1,b5aa9634,2,52641.8284610328,1000
R_dipaxis_s0.1,b5aa9634,3,8393.747332191237,1000
R_dipaxis_s0.1,b5aa9634,4,4608.316078613024,1000
R_dipaxis_s0.1,b5aa9634,5,14818.564604613306,1000
R_dipaxis_s0.1,b5aa9634,6,437462.69976209005,1000
R_dipaxis_s0.1,b5aa9634,7,294650.0327668883,327
R_dipaxis_s0.15,b5aa9634,0,69832.12288048946,999
R_dipaxis_s0.15,b5aa9634,1,22459.615475710056,1000
R_dipaxis_s0.15,b5aa9634,2,51522.45005820112,1000
R_dipaxis_s0.15,b5aa9634,3,7897.948975334823,1000
R_dipaxis_s0.15,b5aa9634,4,4162.618674335007,1000
R_dipaxis_s0.15,b5aa9634,5,14729.246451556766,1000
R_dipaxis_s0.15,b5aa9634,6,423705.1966477327,1000
R_dipaxis_s0.15,b5aa9634,7,293196.6467645665,327
R_dipaxis_s0.2,b5aa9634,0,64019.07496432015,999
R_dipaxis_s0.2,b5aa9634,1,20807.108681392874,1000
R_dipaxis_s0.2,b5aa9634,2,50463.09929980584,1000
R_dipaxis_s0.2,b5aa9634,3,7425.8622365107285,1000
R_dipaxis_s0.2,b5aa9634,4,3746.0347743330435,1000
R_dipaxis_s0.2,b5aa9634,5,14643.632861591643,1000
R_dipaxis_s0.2,b5aa9634,6,410200.4675697834,1000
R_dipaxis_s0.2,b5aa9634,7,291752.26047173847,327
R_dipaxis_s0.1,373ef48b,0,2797.0121965723474,999
R_dipaxis_s0.1,373ef48b,1,45355.013716771486,1000
R_dipaxis_s0.1,373ef48b,2,22938.13269707206,1000
R_dipaxis_s0.1,373ef48b,3,7526.265475483583,510
R_dipaxis_s0.15,373ef48b,0,2332.836244357904,999
R_dipaxis_s0.15,373ef48b,1,41345.88666923927,1000
R_dipaxis_s0.15,373ef48b,2,21282.82497991209,1000
R_dipaxis_s0.15,373ef48b,3,6138.917760070445,510
R_dipaxis_s0.2,373ef48b,0,1942.2478918099005,999
R_dipaxis_s0.2,373ef48b,1,37545.13238442583,1000
R_dipaxis_s0.2,373ef48b,2,19700.650585620697,1000
R_dipaxis_s0.2,373ef48b,3,4895.689742553078,510
R_dipaxis_s0.1,dbee6c86,0,12778.549307714062,999
R_dipaxis_s0.1,dbee6c86,1,39337.83297851941,1000
R_dipaxis_s0.1,dbee6c86,2,15420.652863033203,1000
R_dipaxis_s0.1,dbee6c86,3,6445.122856591012,1000
R_dipaxis_s0.1,dbee6c86,4,15959.379461763458,1000
R_dipaxis_s0.1,dbee6c86,5,3888.6220335815347,1000
R_dipaxis_s0.1,dbee6c86,6,33908.432739975695,1000
R_dipaxis_s0.1,dbee6c86,7,16950.645452787485,370
R_dipaxis_s0.15,dbee6c86,0,12090.59276483795,999
R_dipaxis_s0.15,dbee6c86,1,38226.63021489872,1000
R_dipaxis_s0.15,dbee6c86,2,14081.464858155072,1000
R_dipaxis_s0.15,dbee6c86,3,6159.780717264401,1000
R_dipaxis_s0.15,dbee6c86,4,13230.275391746682,1000
R_dipaxis_s0.15,dbee6c86,5,3810.0491984511177,1000
R_dipaxis_s0.15,dbee6c86,6,39113.47177241736,1000
R_dipaxis_s0.15,dbee6c86,7,22039.83056547094,370
R_dipaxis_s0.2,dbee6c86,0,11439.299257472896,999
R_dipaxis_s0.2,dbee6c86,1,37287.083216025174,1000
R_dipaxis_s0.2,dbee6c86,2,12809.954295680714,1000
R_dipaxis_s0.2,dbee6c86,3,5984.953099523148,1000
R_dipaxis_s0.2,dbee6c86,4,10778.126721130968,1000
R_dipaxis_s0.2,dbee6c86,5,3785.479595373368,1000
R_dipaxis_s0.2,dbee6c86,6,44760.01657982674,1000
R_dipaxis_s0.2,dbee6c86,7,27915.521869014276,370
R_dipaxis_s0.1,000d7d20,0,1811.7994083355734,999
R_dipaxis_s0.1,000d7d20,1,27002.74339006518,1000
R_dipaxis_s0.1,000d7d20,2,101962.87515150454,1000
R_dipaxis_s0.1,000d7d20,3,140987.97690176425,837
R_dipaxis_s0.15,000d7d20,0,1740.0990495202332,999
R_dipaxis_s0.15,000d7d20,1,31882.011286140787,1000
R_dipaxis_s0.15,000d7d20,2,110516.2207659229,1000
R_dipaxis_s0.15,000d7d20,3,160504.52018695624,837
R_dipaxis_s0.2,000d7d20,0,1825.0011153823225,999
R_dipaxis_s0.2,000d7d20,1,37228.81124958125,1000
R_dipaxis_s0.2,000d7d20,2,119511.474106122,1000
R_dipaxis_s0.2,000d7d20,3,181338.7140283604,837
R_dipaxis_s0.1,727a3a10,0,85997.10862812518,999
R_dipaxis_s0.1,727a3a10,1,386498.80067634705,1000
R_dipaxis_s0.1,727a3a10,2,571192.2078251903,1000
R_dipaxis_s0.1,727a3a10,3,410132.1759984343,1000
R_dipaxis_s0.1,727a3a10,4,190335.801034775,398
R_dipaxis_s0.15,727a3a10,0,94660.20460598076,999
R_dipaxis_s0.15,727a3a10,1,468702.8085426293,1000
R_dipaxis_s0.15,727a3a10,2,780670.4626139042,1000
R_dipaxis_s0.15,727a3a10,3,679820.7390666301,1000
R_dipaxis_s0.15,727a3a10,4,327904.3512857724,398
R_dipaxis_s0.2,727a3a10,0,103785.05459302764,999
R_dipaxis_s0.2,727a3a10,1,558969.281894314,1000
R_dipaxis_s0.2,727a3a10,2,1023790.8690200195,1000
R_dipaxis_s0.2,727a3a10,3,1017873.8423474764,1000
R_dipaxis_s0.2,727a3a10,4,502677.6781591778,398
R_dipaxis_s0.1,5beded95,0,183886.45131311426,999
R_dipaxis_s0.1,5beded95,1,388492.57829294086,1000
R_dipaxis_s0.1,5beded95,2,168230.01560164467,1000
R_dipaxis_s0.1,5beded95,3,13153.030433962213,58
R_dipaxis_s0.15,5beded95,0,174488.23426434677,999
R_dipaxis_s0.15,5beded95,1,364352.1437839535,1000
R_dipaxis_s0.15,5beded95,2,158310.2919897261,1000
R_dipaxis_s0.15,5beded95,3,12140.644617500435,58
R_dipaxis_s0.2,5beded95,0,165352.3935453714,999
R_dipaxis_s0.2,5beded95,1,340994.5274380182,1000
R_dipaxis_s0.2,5beded95,2,148700.94190265745,1000
R_dipaxis_s0.2,5beded95,3,11168.79671207746,58
R_dipaxis_s0.1,33c40295,0,88639.20269179328,999
R_dipaxis_s0.1,33c40295,1,41289.10400012685,1000
R_dipaxis_s0.1,33c40295,2,56174.03760085138,1000
R_dipaxis_s0.1,33c40295,3,123063.38778806485,1000
R_dipaxis_s0.1,33c40295,4,19193.088741473028,170
R_dipaxis_s0.15,33c40295,0,86778.81640917395,999
R_dipaxis_s0.15,33c40295,1,38074.907316665216,1000
R_dipaxis_s0.15,33c40295,2,55632.02120035188,1000
R_dipaxis_s0.15,33c40295,3,135225.725417945,1000
R_dipaxis_s0.15,33c40295,4,20672.193570470805,170
R_dipaxis_s0.2,33c40295,0,84969.87380754085,999
R_dipaxis_s0.2,33c40295,1,35109.75934418881,1000
R_dipaxis_s0.2,33c40295,2,55213.805465905396,1000
R_dipaxis_s0.2,33c40295,3,148008.16817172887,1000
R_dipaxis_s0.2,33c40295,4,22206.823271643523,170
R_dipaxis_s0.1,992ce078,0,3180.967371081576,999
R_dipaxis_s0.1,992ce078,1,15719.613429695972,1000
R_dipaxis_s0.1,992ce078,2,33598.056771135125,880
R_dipaxis_s0.15,992ce078,0,3987.2558117684334,999
R_dipaxis_s0.15,992ce078,1,16573.62332538903,1000
R_dipaxis_s0.15,992ce078,2,25021.81721491554,880
R_dipaxis_s0.2,992ce078,0,4949.188189219632,999
R_dipaxis_s0.2,992ce078,1,17769.10127497916,1000
R_dipaxis_s0.2,992ce078,2,18068.969064171622,880
R_dipaxis_s0.1,49dbc14c,0,10957.325143558617,999
R_dipaxis_s0.1,49dbc14c,1,21361.909874470377,1000
R_dipaxis_s0.1,49dbc14c,2,17749.902934283677,1000
R_dipaxis_s0.1,49dbc14c,3,30831.72670692651,873
R_dipaxis_s0.15,49dbc14c,0,10480.747404160336,999
R_dipaxis_s0.15,49dbc14c,1,16702.553380213918,1000
R_dipaxis_s0.15,49dbc14c,2,14025.643561106148,1000
R_dipaxis_s0.15,49dbc14c,3,24865.75130909287,873
R_dipaxis_s0.2,49dbc14c,0,10079.427223977062,999
R_dipaxis_s0.2,49dbc14c,1,12661.9356649639,1000
R_dipaxis_s0.2,49dbc14c,2,10761.768094382427,1000
R_dipaxis_s0.2,49dbc14c,3,19546.3603103963,873
R_dipaxis_s0.1,5b7b6324,0,25872.554132971738,999
R_dipaxis_s0.1,5b7b6324,1,33285.412348432925,1000
R_dipaxis_s0.1,5b7b6324,2,7765.063217156712,1000
R_dipaxis_s0.1,5b7b6324,3,308028.84373598336,1000
R_dipaxis_s0.1,5b7b6324,4,397394.3033568302,1000
R_dipaxis_s0.1,5b7b6324,5,573721.4053316775,1000
R_dipaxis_s0.1,5b7b6324,6,475691.3902936048,565
R_dipaxis_s0.15,5b7b6324,0,24601.570303052984,999
R_dipaxis_s0.15,5b7b6324,1,31038.84013067584,1000
R_dipaxis_s0.15,5b7b6324,2,8196.794019218967,1000
R_dipaxis_s0.15,5b7b6324,3,280740.9414304413,1000
R_dipaxis_s0.15,5b7b6324,4,375020.7029106884,1000
R_dipaxis_s0.15,5b7b6324,5,543208.327312186,1000
R_dipaxis_s0.15,5b7b6324,6,450297.6078399774,565
R_dipaxis_s0.2,5b7b6324,0,23363.25104219831,999
R_dipaxis_s0.2,5b7b6324,1,28883.08088493726,1000
R_dipaxis_s0.2,5b7b6324,2,8716.131550270722,1000
R_dipaxis_s0.2,5b7b6324,3,254744.7243758766,1000
R_dipaxis_s0.2,5b7b6324,4,353314.7515815135,1000
R_dipaxis_s0.2,5b7b6324,5,513542.92073580716,1000
R_dipaxis_s0.2,5b7b6324,6,425602.93955272844,565
R_dipaxis_s0.1,ddc790ff,0,23250.050597916033,999
R_dipaxis_s0.1,ddc790ff,1,61409.58607708311,1000
R_dipaxis_s0.1,ddc790ff,2,22148.34859953492,1000
R_dipaxis_s0.1,ddc790ff,3,21803.56070137993,1000
R_dipaxis_s0.1,ddc790ff,4,40062.70926224956,727
R_dipaxis_s0.15,ddc790ff,0,21144.33090549717,999
R_dipaxis_s0.15,ddc790ff,1,59229.50872954929,1000
R_dipaxis_s0.15,ddc790ff,2,24056.80648837182,1000
R_dipaxis_s0.15,ddc790ff,3,25982.800638571425,1000
R_dipaxis_s0.15,ddc790ff,4,47884.41133355592,727
R_dipaxis_s0.2,ddc790ff,0,19142.257385494195,999
R_dipaxis_s0.2,ddc790ff,1,57138.9802579623,1000
R_dipaxis_s0.2,ddc790ff,2,26116.830036585816,1000
R_dipaxis_s0.2,ddc790ff,3,30912.959833427387,1000
R_dipaxis_s0.2,ddc790ff,4,56430.65756498079,727
R_dipaxis_s0.1,cbe51de1,0,946.340099293557,999
R_dipaxis_s0.1,cbe51de1,1,95093.09486841522,1000
R_dipaxis_s0.1,cbe51de1,2,375847.3038820284,1000
R_dipaxis_s0.1,cbe51de1,3,35051.771401105645,964
R_dipaxis_s0.15,cbe51de1,0,1782.4827623582585,999
R_dipaxis_s0.15,cbe51de1,1,66825.74334503198,1000
R_dipaxis_s0.15,cbe51de1,2,279797.1189124404,1000
R_dipaxis_s0.15,cbe51de1,3,19118.095984882555,964
R_dipaxis_s0.2,cbe51de1,0,3065.288901034789,999
R_dipaxis_s0.2,cbe51de1,1,44134.41091658576,1000
R_dipaxis_s0.2,cbe51de1,2,198684.3608357802,1000
R_dipaxis_s0.2,cbe51de1,3,18406.947057474532,964
R_dipaxis_s0.1,10a1281a,0,24292.860733073587,999
R_dipaxis_s0.1,10a1281a,1,6981.626209793204,1000
R_dipaxis_s0.1,10a1281a,2,16653.642142489414,1000
R_dipaxis_s0.1,10a1281a,3,7879.673086277831,1000
R_dipaxis_s0.1,10a1281a,4,8762.474804333337,1000
R_dipaxis_s0.1,10a1281a,5,10767.928253880335,610
R_dipaxis_s0.15,10a1281a,0,26169.256649430306,999
R_dipaxis_s0.15,10a1281a,1,6702.876068395791,1000
R_dipaxis_s0.15,10a1281a,2,20535.592404512052,1000
R_dipaxis_s0.15,10a1281a,3,8833.229064863432,1000
R_dipaxis_s0.15,10a1281a,4,7615.104782219391,1000
R_dipaxis_s0.15,10a1281a,5,8691.499125810482,610
R_dipaxis_s0.2,10a1281a,0,28129.377632333573,999
R_dipaxis_s0.2,10a1281a,1,6432.758362802142,1000
R_dipaxis_s0.2,10a1281a,2,24894.86556038679,1000
R_dipaxis_s0.2,10a1281a,3,9913.843467080193,1000
R_dipaxis_s0.2,10a1281a,4,6681.80437725162,1000
R_dipaxis_s0.2,10a1281a,5,6843.459794399994,610
R_dipaxis_s0.1,16e4a047,0,73190.6877324529,999
R_dipaxis_s0.1,16e4a047,1,191920.85442955262,1000
R_dipaxis_s0.1,16e4a047,2,155462.29503191554,1000
R_dipaxis_s0.1,16e4a047,3,235469.50873995788,1000
R_dipaxis_s0.1,16e4a047,4,27838.379021743254,132
R_dipaxis_s0.15,16e4a047,0,77382.2315532525,999
R_dipaxis_s0.15,16e4a047,1,218791.99500388955,1000
R_dipaxis_s0.15,16e4a047,2,193180.26376542586,1000
R_dipaxis_s0.15,16e4a047,3,281916.76116489136,1000
R_dipaxis_s0.15,16e4a047,4,34186.46608419436,132
R_dipaxis_s0.2,16e4a047,0,81824.66564376706,999
R_dipaxis_s0.2,16e4a047,1,247587.61471793355,1000
R_dipaxis_s0.2,16e4a047,2,235046.37321063835,1000
R_dipaxis_s0.2,16e4a047,3,332575.7494264606,1000
R_dipaxis_s0.2,16e4a047,4,41196.461814364935,132
R_dipaxis_s0.1,abf460d2,0,6132.229953033832,999
R_dipaxis_s0.1,abf460d2,1,15911.701686542938,1000
R_dipaxis_s0.1,abf460d2,2,70781.29333463062,1000
R_dipaxis_s0.1,abf460d2,3,46191.625198158414,218
R_dipaxis_s0.15,abf460d2,0,7471.96548573513,999
R_dipaxis_s0.15,abf460d2,1,10227.481071796014,1000
R_dipaxis_s0.15,abf460d2,2,50927.27733700893,1000
R_dipaxis_s0.15,abf460d2,3,36925.73949292804,218
R_dipaxis_s0.2,abf460d2,0,9152.931455893815,999
R_dipaxis_s0.2,abf460d2,1,5925.119985034708,1000
R_dipaxis_s0.2,abf460d2,2,34420.49096275947,1000
R_dipaxis_s0.2,abf460d2,3,28722.46258482228,218
R_dipaxis_s0.1,445af6c2,0,10511.244984397252,999
R_dipaxis_s0.1,445af6c2,1,347283.13671952736,1000
R_dipaxis_s0.1,445af6c2,2,1030647.0276633138,1000
R_dipaxis_s0.1,445af6c2,3,1077843.8350385597,1000
R_dipaxis_s0.1,445af6c2,4,1101999.1921963792,1000
R_dipaxis_s0.1,445af6c2,5,1089888.4423829548,1000
R_dipaxis_s0.1,445af6c2,6,45964.57882057228,42
R_dipaxis_s0.15,445af6c2,0,9873.013016872434,999
R_dipaxis_s0.15,445af6c2,1,329719.3497972896,1000
R_dipaxis_s0.15,445af6c2,2,965609.7347602306,1000
R_dipaxis_s0.15,445af6c2,3,1005865.5514927893,1000
R_dipaxis_s0.15,445af6c2,4,1015877.4637943341,1000
R_dipaxis_s0.15,445af6c2,5,996147.3498026849,1000
R_dipaxis_s0.15,445af6c2,6,42419.19141823092,42
R_dipaxis_s0.2,445af6c2,0,9257.508742865391,999
R_dipaxis_s0.2,445af6c2,1,312642.9541870412,1000
R_dipaxis_s0.2,445af6c2,2,902694.6260006443,1000
R_dipaxis_s0.2,445af6c2,3,936376.7258703012,1000
R_dipaxis_s0.2,445af6c2,4,933279.3165921232,1000
R_dipaxis_s0.2,445af6c2,5,906625.3379412348,1000
R_dipaxis_s0.2,445af6c2,6,39016.08310746906,42
R_dipaxis_s0.1,a692b17e,0,20055.67425423939,999
R_dipaxis_s0.1,a692b17e,1,148529.10301313075,1000
R_dipaxis_s0.1,a692b17e,2,284397.1944750786,1000
R_dipaxis_s0.1,a692b17e,3,4709.466665793533,567
R_dipaxis_s0.15,a692b17e,0,22068.721812692776,999
R_dipaxis_s0.15,a692b17e,1,120169.05257243468,1000
R_dipaxis_s0.15,a692b17e,2,243828.1843842649,1000
R_dipaxis_s0.15,a692b17e,3,3569.3824648307855,567
R_dipaxis_s0.2,a692b17e,0,24710.45709203639,999
R_dipaxis_s0.2,a692b17e,1,95012.09033355594,1000
R_dipaxis_s0.2,a692b17e,2,206490.64564120374,1000
R_dipaxis_s0.2,a692b17e,3,2605.6655079608536,567
R_dipaxis_s0.1,bffe3082,0,6634.877802433805,999
R_dipaxis_s0.1,bffe3082,1,3687.302603607058,1000
R_dipaxis_s0.1,bffe3082,2,35743.23931730353,1000
R_dipaxis_s0.1,bffe3082,3,180807.02657671587,1000
R_dipaxis_s0.1,bffe3082,4,824059.0787259454,1000
R_dipaxis_s0.1,bffe3082,5,723424.0645366639,724
R_dipaxis_s0.15,bffe3082,0,5199.536740404083,999
R_dipaxis_s0.15,bffe3082,1,1579.1232728996713,1000
R_dipaxis_s0.15,bffe3082,2,44699.696248470595,1000
R_dipaxis_s0.15,bffe3082,3,206360.9714020881,1000
R_dipaxis_s0.15,bffe3082,4,862677.2650207819,1000
R_dipaxis_s0.15,bffe3082,5,767067.1534936344,724
R_dipaxis_s0.2,bffe3082,0,3998.548169544113,999
R_dipaxis_s0.2,bffe3082,1,1491.723287188828,1000
R_dipaxis_s0.2,bffe3082,2,56945.68102797977,1000
R_dipaxis_s0.2,bffe3082,3,233629.5835187904,1000
R_dipaxis_s0.2,bffe3082,4,902365.3728701633,1000
R_dipaxis_s0.2,bffe3082,5,812022.6713096758,724
R_dipaxis_s0.1,7993a768,0,5291.437890096618,999
R_dipaxis_s0.1,7993a768,1,27904.514228177373,1000
R_dipaxis_s0.1,7993a768,2,10413.14736947754,1000
R_dipaxis_s0.1,7993a768,3,7589.509430554213,1000
R_dipaxis_s0.1,7993a768,4,42490.710019980004,1000
R_dipaxis_s0.1,7993a768,5,8480.34607677961,488
R_dipaxis_s0.15,7993a768,0,4375.841236331809,999
R_dipaxis_s0.15,7993a768,1,17236.42355717396,1000
R_dipaxis_s0.15,7993a768,2,2460.445737331525,1000
R_dipaxis_s0.15,7993a768,3,663.4217936090753,1000
R_dipaxis_s0.15,7993a768,4,9458.162002859948,1000
R_dipaxis_s0.15,7993a768,5,8.724245656953258,488
R_dipaxis_s0.2,7993a768,0,3613.928750024984,999
R_dipaxis_s0.2,7993a768,1,9468.05489610785,1000
R_dipaxis_s0.2,7993a768,2,523.8784605938873,1000
R_dipaxis_s0.2,7993a768,3,6395.930788513868,1000
R_dipaxis_s0.2,7993a768,4,4787.571734330292,1000
R_dipaxis_s0.2,7993a768,5,8409.591134857432,488
R_dipaxis_s0.1,e201fd6d,0,34555.4219548045,999
R_dipaxis_s0.1,e201fd6d,1,664369.5939931372,1000
R_dipaxis_s0.1,e201fd6d,2,489760.6270216531,1000
R_dipaxis_s0.1,e201fd6d,3,165134.78298124534,1000
R_dipaxis_s0.1,e201fd6d,4,7946.091499678744,1000
R_dipaxis_s0.1,e201fd6d,5,942.2933623268334,71
R_dipaxis_s0.15,e201fd6d,0,29914.77649341256,999
R_dipaxis_s0.15,e201fd6d,1,655057.4562189908,1000
R_dipaxis_s0.15,e201fd6d,2,496511.7584025893,1000
R_dipaxis_s0.15,e201fd6d,3,183868.1040855499,1000
R_dipaxis_s0.15,e201fd6d,4,4351.284315759012,1000
R_dipaxis_s0.15,e201fd6d,5,748.3542291026197,71
R_dipaxis_s0.2,e201fd6d,0,25786.477406153623,999
R_dipaxis_s0.2,e201fd6d,1,645827.9463977236,1000
R_dipaxis_s0.2,e201fd6d,2,503551.11823028227,1000
R_dipaxis_s0.2,e201fd6d,3,204371.3246989854,1000
R_dipaxis_s0.2,e201fd6d,4,1956.7998426625443,1000
R_dipaxis_s0.2,e201fd6d,5,576.8344862862964,71
R_dipaxis_s0.1,5fffa282,0,12660.342673006699,999
R_dipaxis_s0.1,5fffa282,1,29060.96331476491,1000
R_dipaxis_s0.1,5fffa282,2,2282.368099921479,1000
R_dipaxis_s0.1,5fffa282,3,9528.98307699543,1000
R_dipaxis_s0.1,5fffa282,4,1146.9433798824004,202
R_dipaxis_s0.15,5fffa282,0,9353.870028357416,999
R_dipaxis_s0.15,5fffa282,1,19192.177299383828,1000
R_dipaxis_s0.15,5fffa282,2,1495.4670593746632,1000
R_dipaxis_s0.15,5fffa282,3,3960.2513297515543,1000
R_dipaxis_s0.15,5fffa282,4,199.0805860231007,202
R_dipaxis_s0.2,5fffa282,0,6574.549362941031,999
R_dipaxis_s0.2,5fffa282,1,11830.401102163301,1000
R_dipaxis_s0.2,5fffa282,2,1973.7257584904555,1000
R_dipaxis_s0.2,5fffa282,3,908.5629253489575,1000
R_dipaxis_s0.2,5fffa282,4,161.031336297235,202
R_dipaxis_s0.1,eeda36f5,0,21181.872209484674,999
R_dipaxis_s0.1,eeda36f5,1,36470.595651689204,1000
R_dipaxis_s0.1,eeda36f5,2,22160.97196677653,1000
R_dipaxis_s0.1,eeda36f5,3,40438.94706277112,1000
R_dipaxis_s0.1,eeda36f5,4,47651.787490982235,798
R_dipaxis_s0.15,eeda36f5,0,22780.96296663255,999
R_dipaxis_s0.15,eeda36f5,1,39009.28258575137,1000
R_dipaxis_s0.15,eeda36f5,2,25410.033024949746,1000
R_dipaxis_s0.15,eeda36f5,3,41301.458827346,1000
R_dipaxis_s0.15,eeda36f5,4,54859.3483668333,798
R_dipaxis_s0.2,eeda36f5,0,24726.75932538203,999
R_dipaxis_s0.2,eeda36f5,1,42433.11225862372,1000
R_dipaxis_s0.2,eeda36f5,2,29017.250999644148,1000
R_dipaxis_s0.2,eeda36f5,3,42201.45111404485,1000
R_dipaxis_s0.2,eeda36f5,4,62621.66919625469,798
R_dipaxis_s0.1,a7fc3e6b,0,23518.115970643816,999
R_dipaxis_s0.1,a7fc3e6b,1,103512.54562060587,1000
R_dipaxis_s0.1,a7fc3e6b,2,755861.1576198762,1000
R_dipaxis_s0.1,a7fc3e6b,3,393634.0659958856,1000
R_dipaxis_s0.1,a7fc3e6b,4,10644.254332767403,765
R_dipaxis_s0.15,a7fc3e6b,0,21496.3073133535,999
R_dipaxis_s0.15,a7fc3e6b,1,97331.08926642811,1000
R_dipaxis_s0.15,a7fc3e6b,2,698501.7327892723,1000
R_dipaxis_s0.15,a7fc3e6b,3,342378.22696456744,1000
R_dipaxis_s0.15,a7fc3e6b,4,9564.740380065927,765
R_dipaxis_s0.2,a7fc3e6b,0,19573.643660987425,999
R_dipaxis_s0.2,a7fc3e6b,1,91406.7672692622,1000
R_dipaxis_s0.2,a7fc3e6b,2,643414.5052983073,1000
R_dipaxis_s0.2,a7fc3e6b,3,295619.1497470724,1000
R_dipaxis_s0.2,a7fc3e6b,4,16800.38004797353,765
R_dipaxis_s0.1,19137a89,0,6425.7246149146295,999
R_dipaxis_s0.1,19137a89,1,165702.6298410233,1000
R_dipaxis_s0.1,19137a89,2,90260.79288708772,1000
R_dipaxis_s0.1,19137a89,3,64328.88976223211,1000
R_dipaxis_s0.1,19137a89,4,254523.8416833899,1000
R_dipaxis_s0.1,19137a89,5,532473.8108550861,1000
R_dipaxis_s0.1,19137a89,6,334214.52044122136,268
R_dipaxis_s0.15,19137a89,0,5143.226807945664,999
R_dipaxis_s0.15,19137a89,1,146292.51675803968,1000
R_dipaxis_s0.15,19137a89,2,73559.38970511247,1000
R_dipaxis_s0.15,19137a89,3,47117.09448122693,1000
R_dipaxis_s0.15,19137a89,4,198255.86864143435,1000
R_dipaxis_s0.15,19137a89,5,429226.07906443486,1000
R_dipaxis_s0.15,19137a89,6,287041.20149353356,268
R_dipaxis_s0.2,19137a89,0,4054.009991357387,999
R_dipaxis_s0.2,19137a89,1,128108.40903938458,1000
R_dipaxis_s0.2,19137a89,2,58951.10947278669,1000
R_dipaxis_s0.2,19137a89,3,32846.592925468096,1000
R_dipaxis_s0.2,19137a89,4,149062.89624370256,1000
R_dipaxis_s0.2,19137a89,5,337906.63396164356,1000
R_dipaxis_s0.2,19137a89,6,243455.50993364202,268
R_dipaxis_s0.1,fa16d114,0,15400.976134400338,999
R_dipaxis_s0.1,fa16d114,1,66054.84899622394,1000
R_dipaxis_s0.1,fa16d114,2,539907.3850635464,1000
R_dipaxis_s0.1,fa16d114,3,492004.35934365937,1000
R_dipaxis_s0.1,fa16d114,4,515888.51324143447,1000
R_dipaxis_s0.1,fa16d114,5,136273.8389590129,687
R_dipaxis_s0.15,fa16d114,0,13795.127925488672,999
R_dipaxis_s0.15,fa16d114,1,58116.2300061419,1000
R_dipaxis_s0.15,fa16d114,2,457510.24261242786,1000
R_dipaxis_s0.15,fa16d114,3,407620.861506395,1000
R_dipaxis_s0.15,fa16d114,4,427073.67164764245,1000
R_dipaxis_s0.15,fa16d114,5,98480.95656732863,687
R_dipaxis_s0.2,fa16d114,0,12279.944832501895,999
R_dipaxis_s0.2,fa16d114,1,50706.482723931396,1000
R_dipaxis_s0.2,fa16d114,2,382027.47820605413,1000
R_dipaxis_s0.2,fa16d114,3,331234.5345630722,1000
R_dipaxis_s0.2,fa16d114,4,346751.88191084325,1000
R_dipaxis_s0.2,fa16d114,5,67388.2209281864,687
R_dipaxis_s0.1,e32da4ec,0,73605.30447049551,999
R_dipaxis_s0.1,e32da4ec,1,172772.11071176804,1000
R_dipaxis_s0.1,e32da4ec,2,31219.244994922083,1000
R_dipaxis_s0.1,e32da4ec,3,5292.491542722101,1000
R_dipaxis_s0.1,e32da4ec,4,154669.99109888324,690
R_dipaxis_s0.15,e32da4ec,0,65238.03325993215,999
R_dipaxis_s0.15,e32da4ec,1,149299.12294693536,1000
R_dipaxis_s0.15,e32da4ec,2,27678.776598304077,1000
R_dipaxis_s0.15,e32da4ec,3,6020.773271393321,1000
R_dipaxis_s0.15,e32da4ec,4,138099.65852915222,690
R_dipaxis_s0.2,e32da4ec,0,57386.06645216078,999
R_dipaxis_s0.2,e32da4ec,1,127571.04770162034,1000
R_dipaxis_s0.2,e32da4ec,2,24747.942405631886,1000
R_dipaxis_s0.2,e32da4ec,3,6942.812038271657,1000
R_dipaxis_s0.2,e32da4ec,4,122469.15214663683,690
R_dipaxis_s0.1,5a5d1982,0,47237.41597198337,999
R_dipaxis_s0.1,5a5d1982,1,63327.74759879775,1000
R_dipaxis_s0.1,5a5d1982,2,4561.382391500732,1000
R_dipaxis_s0.1,5a5d1982,3,49895.13627667456,895
R_dipaxis_s0.15,5a5d1982,0,45273.0583066429,999
R_dipaxis_s0.15,5a5d1982,1,55918.21996727404,1000
R_dipaxis_s0.15,5a5d1982,2,4018.5322131279777,1000
R_dipaxis_s0.15,5a5d1982,3,45322.35150085342,895
R_dipaxis_s0.2,5a5d1982,0,43351.63797374489,999
R_dipaxis_s0.2,5a5d1982,1,49026.88758180047,1000
R_dipaxis_s0.2,5a5d1982,2,3579.291485339842,1000
R_dipaxis_s0.2,5a5d1982,3,40972.778815593636,895
R_dipaxis_s0.1,76201745,0,4269.404502897401,999
R_dipaxis_s0.1,76201745,1,28419.90725106635,1000
R_dipaxis_s0.1,76201745,2,28884.391291191772,1000
R_dipaxis_s0.1,76201745,3,165821.6842829729,1000
R_dipaxis_s0.1,76201745,4,28597.38294871709,449
R_dipaxis_s0.15,76201745,0,4045.8746657255933,999
R_dipaxis_s0.15,76201745,1,22895.269301167988,1000
R_dipaxis_s0.15,76201745,2,24387.13040371468,1000
R_dipaxis_s0.15,76201745,3,165695.63355881377,1000
R_dipaxis_s0.15,76201745,4,31679.495093072976,449
R_dipaxis_s0.2,76201745,0,3892.529336139462,999
R_dipaxis_s0.2,76201745,1,18043.29366765244,1000
R_dipaxis_s0.2,76201745,2,20315.563860857503,1000
R_dipaxis_s0.2,76201745,3,165632.02495755238,1000
R_dipaxis_s0.2,76201745,4,35447.76245075961,449
R_dipaxis_s0.1,c6c96179,0,44272.46644971589,999
R_dipaxis_s0.1,c6c96179,1,140459.1139829339,1000
R_dipaxis_s0.1,c6c96179,2,53079.7034547796,1000
R_dipaxis_s0.1,c6c96179,3,45535.94519980838,1000
R_dipaxis_s0.1,c6c96179,4,229.46094831029762,5
R_dipaxis_s0.15,c6c96179,0,41353.74278535307,999
R_dipaxis_s0.15,c6c96179,1,133630.95277496375,1000
R_dipaxis_s0.15,c6c96179,2,51052.0021386539,1000
R_dipaxis_s0.15,c6c96179,3,45540.38542552608,1000
R_dipaxis_s0.15,c6c96179,4,228.9315925806376,5
R_dipaxis_s0.2,c6c96179,0,38551.42169484283,999
R_dipaxis_s0.2,c6c96179,1,126977.95693403512,1000
R_dipaxis_s0.2,c6c96179,2,49072.61276018413,1000
R_dipaxis_s0.2,c6c96179,3,45547.34606845366,1000
R_dipaxis_s0.2,c6c96179,4,228.40285026112463,5
R_dipaxis_s0.1,5305524b,0,9587.729595760726,999
R_dipaxis_s0.1,5305524b,1,152890.4962388361,1000
R_dipaxis_s0.1,5305524b,2,302000.8744177268,1000
R_dipaxis_s0.1,5305524b,3,200636.6323945041,1000
R_dipaxis_s0.1,5305524b,4,261196.81384980402,899
R_dipaxis_s0.15,5305524b,0,7384.089790156556,999
R_dipaxis_s0.15,5305524b,1,125241.8801531477,1000
R_dipaxis_s0.15,5305524b,2,261112.29647529477,1000
R_dipaxis_s0.15,5305524b,3,149719.70695475428,1000
R_dipaxis_s0.15,5305524b,4,202052.66653789976,899
R_dipaxis_s0.2,5305524b,0,6187.877082228488,999
R_dipaxis_s0.2,5305524b,1,100385.82239738067,1000
R_dipaxis_s0.2,5305524b,2,223443.74783199065,1000
R_dipaxis_s0.2,5305524b,3,106399.27752366124,1000
R_dipaxis_s0.2,5305524b,4,150778.10936811529,899
R_dipaxis_s0.1,4a8ecc0b,0,32261.33954277228,999
R_dipaxis_s0.1,4a8ecc0b,1,197086.24136042074,1000
R_dipaxis_s0.1,4a8ecc0b,2,157677.2310893949,1000
R_dipaxis_s0.1,4a8ecc0b,3,86026.81337452136,1000
R_dipaxis_s0.1,4a8ecc0b,4,14384.799755334878,1000
R_dipaxis_s0.1,4a8ecc0b,5,286.22939327950047,810
R_dipaxis_s0.15,4a8ecc0b,0,35813.19492781188,999
R_dipaxis_s0.15,4a8ecc0b,1,207590.71062932236,1000
R_dipaxis_s0.15,4a8ecc0b,2,113652.4848065015,1000
R_dipaxis_s0.15,4a8ecc0b,3,54531.31836577769,1000
R_dipaxis_s0.15,4a8ecc0b,4,4257.403937680506,1000
R_dipaxis_s0.15,4a8ecc0b,5,3858.521525428858,810
R_dipaxis_s0.2,4a8ecc0b,0,39580.629155285445,999
R_dipaxis_s0.2,4a8ecc0b,1,218526.50192400985,1000
R_dipaxis_s0.2,4a8ecc0b,2,77445.93093855512,1000
R_dipaxis_s0.2,4a8ecc0b,3,31510.201493040386,1000
R_dipaxis_s0.2,4a8ecc0b,4,4044.9883231494027,1000
R_dipaxis_s0.2,4a8ecc0b,5,16066.415314587197,810
R_dipaxis_s0.1,ff8bb73a,0,3733.296189947653,999
R_dipaxis_s0.1,ff8bb73a,1,124388.7825643194,1000
R_dipaxis_s0.1,ff8bb73a,2,38599.313003169555,1000
R_dipaxis_s0.1,ff8bb73a,3,182935.4530847471,1000
R_dipaxis_s0.1,ff8bb73a,4,25706.448668618887,1000
R_dipaxis_s0.1,ff8bb73a,5,22508.98510151035,928
R_dipaxis_s0.15,ff8bb73a,0,5656.129678445771,999
R_dipaxis_s0.15,ff8bb73a,1,150018.3474960224,1000
R_dipaxis_s0.15,ff8bb73a,2,37920.587642880855,1000
R_dipaxis_s0.15,ff8bb73a,3,160116.6330867262,1000
R_dipaxis_s0.15,ff8bb73a,4,22011.562395178207,1000
R_dipaxis_s0.15,ff8bb73a,5,48585.23844051276,928
R_dipaxis_s0.2,ff8bb73a,0,8341.012062627167,999
R_dipaxis_s0.2,ff8bb73a,1,179039.76049407892,1000
R_dipaxis_s0.2,ff8bb73a,2,48877.9928413492,1000
R_dipaxis_s0.2,ff8bb73a,3,154078.35349511736,1000
R_dipaxis_s0.2,ff8bb73a,4,38941.369616578006,1000
R_dipaxis_s0.2,ff8bb73a,5,98612.46503835138,928
R_dipaxis_s0.1,b4f37e6e,0,28817.692757843288,999
R_dipaxis_s0.1,b4f37e6e,1,98294.11689607018,1000
R_dipaxis_s0.1,b4f37e6e,2,639664.3395526237,993
R_dipaxis_s0.15,b4f37e6e,0,28764.879553006856,999
R_dipaxis_s0.15,b4f37e6e,1,108545.18952896484,1000
R_dipaxis_s0.15,b4f37e6e,2,681681.6912153463,993
R_dipaxis_s0.2,b4f37e6e,0,28758.0221923329,999
R_dipaxis_s0.2,b4f37e6e,1,119407.17745177209,1000
R_dipaxis_s0.2,b4f37e6e,2,725135.791169019,993
R_dipaxis_s0.1,09ec2ca9,0,9814.622033835056,999
R_dipaxis_s0.1,09ec2ca9,1,14113.798121212678,1000
R_dipaxis_s0.1,09ec2ca9,2,1705.2089433545668,1000
R_dipaxis_s0.1,09ec2ca9,3,1208.7343030254237,1000
R_dipaxis_s0.1,09ec2ca9,4,94488.25511389418,1000
R_dipaxis_s0.1,09ec2ca9,5,140016.0176358673,886
R_dipaxis_s0.15,09ec2ca9,0,9139.890526081646,999
R_dipaxis_s0.15,09ec2ca9,1,17732.556436886494,1000
R_dipaxis_s0.15,09ec2ca9,2,1273.9249066919965,1000
R_dipaxis_s0.15,09ec2ca9,3,3073.1536494307893,1000
R_dipaxis_s0.15,09ec2ca9,4,106045.7053227083,1000
R_dipaxis_s0.15,09ec2ca9,5,151012.43408341394,886
R_dipaxis_s0.2,09ec2ca9,0,9165.541968547648,999
R_dipaxis_s0.2,09ec2ca9,1,21976.53108927202,1000
R_dipaxis_s0.2,09ec2ca9,2,1214.884997802265,1000
R_dipaxis_s0.2,09ec2ca9,3,6366.679292430691,1000
R_dipaxis_s0.2,09ec2ca9,4,118663.92999943733,1000
R_dipaxis_s0.2,09ec2ca9,5,162440.71645070726,886
R_dipaxis_s0.1,200d233d,0,22623.305558941163,999
R_dipaxis_s0.1,200d233d,1,246067.86368517752,1000
R_dipaxis_s0.1,200d233d,2,197917.74379623748,1000
R_dipaxis_s0.1,200d233d,3,193519.9162247942,927
R_dipaxis_s0.15,200d233d,0,21927.17896811829,999
R_dipaxis_s0.15,200d233d,1,230539.8055029018,1000
R_dipaxis_s0.15,200d233d,2,203598.384145235,1000
R_dipaxis_s0.15,200d233d,3,217874.37945469818,927
R_dipaxis_s0.2,200d233d,0,21262.39223043509,999
R_dipaxis_s0.2,200d233d,1,215571.21397072787,1000
R_dipaxis_s0.2,200d233d,2,209439.95266149426,1000
R_dipaxis_s0.2,200d233d,3,244257.9212296131,927
R_dipaxis_s0.1,3417285d,0,258142.6142713592,999
R_dipaxis_s0.1,3417285d,1,1431256.7137502215,1000
R_dipaxis_s0.1,3417285d,2,1558779.0802025746,1000
R_dipaxis_s0.1,3417285d,3,894376.7278693017,1000
R_dipaxis_s0.1,3417285d,4,743362.1892652208,1000
R_dipaxis_s0.1,3417285d,5,302611.4347360918,450
R_dipaxis_s0.15,3417285d,0,234053.31924055069,999
R_dipaxis_s0.15,3417285d,1,1318764.3338830401,1000
R_dipaxis_s0.15,3417285d,2,1435829.3017458562,1000
R_dipaxis_s0.15,3417285d,3,789074.469813397,1000
R_dipaxis_s0.15,3417285d,4,608301.3313331669,1000
R_dipaxis_s0.15,3417285d,5,230393.53192297244,450
R_dipaxis_s0.2,3417285d,0,211161.56316541418,999
R_dipaxis_s0.2,3417285d,1,1210880.7724876548,1000
R_dipaxis_s0.2,3417285d,2,1317939.0589171308,1000
R_dipaxis_s0.2,3417285d,3,690538.6751304538,1000
R_dipaxis_s0.2,3417285d,4,486958.39772466396,1000
R_dipaxis_s0.2,3417285d,5,168032.32615573992,450
R_dipaxis_s0.1,3bbe1f5d,0,68617.33834670484,999
R_dipaxis_s0.1,3bbe1f5d,1,121862.7861521571,1000
R_dipaxis_s0.1,3bbe1f5d,2,145715.6471470563,1000
R_dipaxis_s0.1,3bbe1f5d,3,114125.05308153662,1000
R_dipaxis_s0.1,3bbe1f5d,4,7264.839654228533,1000
R_dipaxis_s0.1,3bbe1f5d,5,134209.81789386141,1000
R_dipaxis_s0.1,3bbe1f5d,6,153363.69512478483,919
R_dipaxis_s0.15,3bbe1f5d,0,65660.50126434969,999
R_dipaxis_s0.15,3bbe1f5d,1,124464.52260657733,1000
R_dipaxis_s0.15,3bbe1f5d,2,152681.55354761452,1000
R_dipaxis_s0.15,3bbe1f5d,3,120519.50150610619,1000
R_dipaxis_s0.15,3bbe1f5d,4,9065.46589245668,1000
R_dipaxis_s0.15,3bbe1f5d,5,123538.1534741093,1000
R_dipaxis_s0.15,3bbe1f5d,6,138427.15619454734,919
R_dipaxis_s0.2,3bbe1f5d,0,62807.672611521215,999
R_dipaxis_s0.2,3bbe1f5d,1,127113.74364655635,1000
R_dipaxis_s0.2,3bbe1f5d,2,159815.67329952255,1000
R_dipaxis_s0.2,3bbe1f5d,3,127122.2555198723,1000
R_dipaxis_s0.2,3bbe1f5d,4,11309.343904760302,1000
R_dipaxis_s0.2,3bbe1f5d,5,113310.72087656443,1000
R_dipaxis_s0.2,3bbe1f5d,6,124261.46140255222,919
R_dipaxis_s0.1,30d75030,0,27798.177360943162,999
R_dipaxis_s0.1,30d75030,1,42242.544800372096,1000
R_dipaxis_s0.1,30d75030,2,310057.3153500017,1000
R_dipaxis_s0.1,30d75030,3,383630.48192426853,405
R_dipaxis_s0.15,30d75030,0,28511.90445875952,999
R_dipaxis_s0.15,30d75030,1,31536.44769820201,1000
R_dipaxis_s0.15,30d75030,2,251043.00676077497,1000
R_dipaxis_s0.15,30d75030,3,327240.86092622345,405
R_dipaxis_s0.2,30d75030,0,29431.294468139058,999
R_dipaxis_s0.2,30d75030,1,22963.64836112657,1000
R_dipaxis_s0.2,30d75030,2,198434.35039539094,1000
R_dipaxis_s0.2,30d75030,3,275380.05548805813,405
R_dipaxis_s0.1,052d64df,0,9017.205546220679,999
R_dipaxis_s0.1,052d64df,1,35709.334937535066,1000
R_dipaxis_s0.1,052d64df,2,71811.51933239301,446
R_dipaxis_s0.15,052d64df,0,8172.498209675367,999
R_dipaxis_s0.15,052d64df,1,33370.21713650506,1000
R_dipaxis_s0.15,052d64df,2,66847.20992539598,446
R_dipaxis_s0.2,052d64df,0,7374.805133361014,999
R_dipaxis_s0.2,052d64df,1,31112.549788947323,1000
R_dipaxis_s0.2,052d64df,2,62060.76680293166,446
R_dipaxis_s0.1,c36625df,0,52359.78833978424,999
R_dipaxis_s0.1,c36625df,1,48862.70838823585,1000
R_dipaxis_s0.1,c36625df,2,25076.148512799304,1000
R_dipaxis_s0.1,c36625df,3,23243.864533106935,1000
R_dipaxis_s0.1,c36625df,4,31087.4267827204,743
R_dipaxis_s0.15,c36625df,0,43342.282094893664,999
R_dipaxis_s0.15,c36625df,1,36420.69370604971,1000
R_dipaxis_s0.15,c36625df,2,15658.8595087667,1000
R_dipaxis_s0.15,c36625df,3,17644.351314845033,1000
R_dipaxis_s0.15,c36625df,4,22924.43268760077,743
R_dipaxis_s0.2,c36625df,0,35195.66850681007,999
R_dipaxis_s0.2,c36625df,1,25824.298206322095,1000
R_dipaxis_s0.2,c36625df,2,8473.830497775296,1000
R_dipaxis_s0.2,c36625df,3,14674.769040036546,1000
R_dipaxis_s0.2,c36625df,4,18456.951601492165,743
R_dipaxis_s0.1,ea3a0e38,0,29253.129668001533,999
R_dipaxis_s0.1,ea3a0e38,1,147694.38792589912,1000
R_dipaxis_s0.1,ea3a0e38,2,32033.196056351157,1000
R_dipaxis_s0.1,ea3a0e38,3,28695.3132908814,1000
R_dipaxis_s0.1,ea3a0e38,4,30504.226055399206,1000
R_dipaxis_s0.1,ea3a0e38,5,14881.345060245705,1000
R_dipaxis_s0.1,ea3a0e38,6,10770.443415015767,1000
R_dipaxis_s0.1,ea3a0e38,7,1065.373060122996,1000
R_dipaxis_s0.1,ea3a0e38,8,26962.1296204978,1000
R_dipaxis_s0.1,ea3a0e38,9,4864.029780828822,1000
R_dipaxis_s0.1,ea3a0e38,10,338.2509424986422,53
R_dipaxis_s0.15,ea3a0e38,0,26545.18954317318,999
R_dipaxis_s0.15,ea3a0e38,1,149980.90418105142,1000
R_dipaxis_s0.15,ea3a0e38,2,39622.66934649384,1000
R_dipaxis_s0.15,ea3a0e38,3,38203.8139660127,1000
R_dipaxis_s0.15,ea3a0e38,4,17007.317076312927,1000
R_dipaxis_s0.15,ea3a0e38,5,36791.493881588445,1000
R_dipaxis_s0.15,ea3a0e38,6,40041.832235613656,1000
R_dipaxis_s0.15,ea3a0e38,7,15412.865419403022,1000
R_dipaxis_s0.15,ea3a0e38,8,1244.4938989858408,1000
R_dipaxis_s0.15,ea3a0e38,9,22220.489326493247,1000
R_dipaxis_s0.15,ea3a0e38,10,475.3857395660848,53
R_dipaxis_s0.2,ea3a0e38,0,24099.571045790763,999
R_dipaxis_s0.2,ea3a0e38,1,152353.25929767327,1000
R_dipaxis_s0.2,ea3a0e38,2,48323.74157794763,1000
R_dipaxis_s0.2,ea3a0e38,3,49414.72509427282,1000
R_dipaxis_s0.2,ea3a0e38,4,9617.516459368811,1000
R_dipaxis_s0.2,ea3a0e38,5,68775.16999707744,1000
R_dipaxis_s0.2,ea3a0e38,6,90980.45229827144,1000
R_dipaxis_s0.2,ea3a0e38,7,75258.42529816192,1000
R_dipaxis_s0.2,ea3a0e38,8,40860.00598963319,1000
R_dipaxis_s0.2,ea3a0e38,9,101429.7524756572,1000
R_dipaxis_s0.2,ea3a0e38,10,3839.257420512321,53
R_dipaxis_s0.1,5693dde2,0,46925.934697986464,999
R_dipaxis_s0.1,5693dde2,1,72201.55742360593,1000
R_dipaxis_s0.1,5693dde2,2,86881.19533327922,1000
R_dipaxis_s0.1,5693dde2,3,76071.08057813825,489
R_dipaxis_s0.15,5693dde2,0,45477.45532345776,999
R_dipaxis_s0.15,5693dde2,1,76688.32215599985,1000
R_dipaxis_s0.15,5693dde2,2,127213.82896027432,1000
R_dipaxis_s0.15,5693dde2,3,113553.6110880737,489
R_dipaxis_s0.2,5693dde2,0,44057.824466576945,999
R_dipaxis_s0.2,5693dde2,1,81699.3196021177,1000
R_dipaxis_s0.2,5693dde2,2,175388.90329416964,1000
R_dipaxis_s0.2,5693dde2,3,158802.73084525252,489
R_dipaxis_s0.1,807f0298,0,4347.125541643343,999
R_dipaxis_s0.1,807f0298,1,22076.782152984106,1000
R_dipaxis_s0.1,807f0298,2,6246.8538739293845,1000
R_dipaxis_s0.1,807f0298,3,491095.26739035844,748
R_dipaxis_s0.15,807f0298,0,8105.375950206545,999
R_dipaxis_s0.15,807f0298,1,15380.139014330025,1000
R_dipaxis_s0.15,807f0298,2,44180.15482865252,1000
R_dipaxis_s0.15,807f0298,3,709065.6096632761,748
R_dipaxis_s0.2,807f0298,0,13073.2001172634,999
R_dipaxis_s0.2,807f0298,1,18434.74443225189,1000
R_dipaxis_s0.2,807f0298,2,118797.16036188747,1000
R_dipaxis_s0.2,807f0298,3,971355.6411546763,748
R_dipaxis_s0.1,8a89da23,0,285123.704269388,999
R_dipaxis_s0.1,8a89da23,1,689412.8333689879,1000
R_dipaxis_s0.1,8a89da23,2,630901.4210176863,1000
R_dipaxis_s0.1,8a89da23,3,758863.476449769,936
R_dipaxis_s0.15,8a89da23,0,272540.49956664187,999
R_dipaxis_s0.15,8a89da23,1,676916.7834967067,1000
R_dipaxis_s0.15,8a89da23,2,643359.8055014673,1000
R_dipaxis_s0.15,8a89da23,3,798873.3545369203,936
R_dipaxis_s0.2,8a89da23,0,260244.99040559813,999
R_dipaxis_s0.2,8a89da23,1,664563.0130532351,1000
R_dipaxis_s0.2,8a89da23,2,655979.5597352082,1000
R_dipaxis_s0.2,8a89da23,3,839948.9951655817,936
R_dipaxis_s0.1,7224331b,0,3943.0359324100555,999
R_dipaxis_s0.1,7224331b,1,12029.141034915712,1000
R_dipaxis_s0.1,7224331b,2,42019.70223738741,1000
R_dipaxis_s0.1,7224331b,3,57370.65603862611,1000
R_dipaxis_s0.1,7224331b,4,4508.904896297518,1000
R_dipaxis_s0.1,7224331b,5,5565.715078124633,1000
R_dipaxis_s0.1,7224331b,6,2066.3835638644123,64
R_dipaxis_s0.15,7224331b,0,4439.2663634423825,999
R_dipaxis_s0.15,7224331b,1,10733.550039076925,1000
R_dipaxis_s0.15,7224331b,2,51293.85588207653,1000
R_dipaxis_s0.15,7224331b,3,76851.77353480303,1000
R_dipaxis_s0.15,7224331b,4,5982.582890670021,1000
R_dipaxis_s0.15,7224331b,5,5482.86556965463,1000
R_dipaxis_s0.15,7224331b,6,998.0023490626043,64
R_dipaxis_s0.2,7224331b,0,5153.6469710265355,999
R_dipaxis_s0.2,7224331b,1,11032.476501041903,1000
R_dipaxis_s0.2,7224331b,2,61552.22874409301,1000
R_dipaxis_s0.2,7224331b,3,99205.60374888721,1000
R_dipaxis_s0.2,7224331b,4,11516.95374919275,1000
R_dipaxis_s0.2,7224331b,5,9672.331596164482,1000
R_dipaxis_s0.2,7224331b,6,314.3041697719851,64
R_dipaxis_s0.1,e45a2a62,0,31746.457535107314,999
R_dipaxis_s0.1,e45a2a62,1,216199.70458254925,1000
R_dipaxis_s0.1,e45a2a62,2,652296.596003693,1000
R_dipaxis_s0.1,e45a2a62,3,904777.9364781977,1000
R_dipaxis_s0.1,e45a2a62,4,50637.291841772785,1000
R_dipaxis_s0.1,e45a2a62,5,118.77632670053266,8
R_dipaxis_s0.15,e45a2a62,0,30621.7764425925,999
R_dipaxis_s0.15,e45a2a62,1,196132.75949822261,1000
R_dipaxis_s0.15,e45a2a62,2,633323.1783197835,1000
R_dipaxis_s0.15,e45a2a62,3,883010.5064210412,1000
R_dipaxis_s0.15,e45a2a62,4,55474.80431351583,1000
R_dipaxis_s0.15,e45a2a62,5,127.98477265359669,8
R_dipaxis_s0.2,e45a2a62,0,29562.665543366096,999
R_dipaxis_s0.2,e45a2a62,1,177175.535563496,1000
R_dipaxis_s0.2,e45a2a62,2,614721.5339787012,1000
R_dipaxis_s0.2,e45a2a62,3,861560.2285997148,1000
R_dipaxis_s0.2,e45a2a62,4,60941.45971916313,1000
R_dipaxis_s0.2,e45a2a62,5,137.5372736752819,8
R_dipaxis_s0.1,3a86fe8d,0,33330.51525636177,999
R_dipaxis_s0.1,3a86fe8d,1,47256.1853872684,1000
R_dipaxis_s0.1,3a86fe8d,2,85290.2931086393,1000
R_dipaxis_s0.1,3a86fe8d,3,187560.65170141353,1000
R_dipaxis_s0.1,3a86fe8d,4,87154.7461032737,1000
R_dipaxis_s0.1,3a86fe8d,5,201.46599252830748,119
R_dipaxis_s0.15,3a86fe8d,0,28481.02279792094,999
R_dipaxis_s0.15,3a86fe8d,1,37373.1692632153,1000
R_dipaxis_s0.15,3a86fe8d,2,64400.080700301056,1000
R_dipaxis_s0.15,3a86fe8d,3,144157.8604220808,1000
R_dipaxis_s0.15,3a86fe8d,4,63264.68250727292,1000
R_dipaxis_s0.15,3a86fe8d,5,51.50909111644918,119
R_dipaxis_s0.2,3a86fe8d,0,24025.0246150612,999
R_dipaxis_s0.2,3a86fe8d,1,28653.028194032402,1000
R_dipaxis_s0.2,3a86fe8d,2,46656.353483517756,1000
R_dipaxis_s0.2,3a86fe8d,3,106461.41632271204,1000
R_dipaxis_s0.2,3a86fe8d,4,43725.575046173726,1000
R_dipaxis_s0.2,3a86fe8d,5,435.01105792021804,119
R_dipaxis_s0.1,d9eca87b,0,46204.97569325126,999
R_dipaxis_s0.1,d9eca87b,1,60722.92244471289,1000
R_dipaxis_s0.1,d9eca87b,2,356413.2899831788,1000
R_dipaxis_s0.1,d9eca87b,3,273127.01962980273,1000
R_dipaxis_s0.1,d9eca87b,4,435686.18901517405,1000
R_dipaxis_s0.1,d9eca87b,5,1914696.0234360253,1000
R_dipaxis_s0.1,d9eca87b,6,1945223.5304768698,374
R_dipaxis_s0.15,d9eca87b,0,42856.965203038504,999
R_dipaxis_s0.15,d9eca87b,1,56833.01549646187,1000
R_dipaxis_s0.15,d9eca87b,2,339461.7181627374,1000
R_dipaxis_s0.15,d9eca87b,3,283768.3909399007,1000
R_dipaxis_s0.15,d9eca87b,4,490190.66447314975,1000
R_dipaxis_s0.15,d9eca87b,5,2079532.9376848072,1000
R_dipaxis_s0.15,d9eca87b,6,2048318.34786877,374
R_dipaxis_s0.2,d9eca87b,0,39638.02902160284,999
R_dipaxis_s0.2,d9eca87b,1,53073.94453447541,1000
R_dipaxis_s0.2,d9eca87b,2,322925.37196761783,1000
R_dipaxis_s0.2,d9eca87b,3,294899.3665467995,1000
R_dipaxis_s0.2,d9eca87b,4,547942.997798055,1000
R_dipaxis_s0.2,d9eca87b,5,2251203.279987452,1000
R_dipaxis_s0.2,d9eca87b,6,2154172.3604629985,374
R_dipaxis_s0.1,93f5d2e6,0,243.96546813824517,999
R_dipaxis_s0.1,93f5d2e6,1,30146.52490968979,1000
R_dipaxis_s0.1,93f5d2e6,2,228185.92089891297,1000
R_dipaxis_s0.1,93f5d2e6,3,973859.524428989,692
R_dipaxis_s0.15,93f5d2e6,0,157.02444736923368,999
R_dipaxis_s0.15,93f5d2e6,1,28729.336412339937,1000
R_dipaxis_s0.15,93f5d2e6,2,196866.3987324278,1000
R_dipaxis_s0.15,93f5d2e6,3,887134.6629597719,692
R_dipaxis_s0.2,93f5d2e6,0,162.48892337454984,999
R_dipaxis_s0.2,93f5d2e6,1,27408.336880190483,1000
R_dipaxis_s0.2,93f5d2e6,2,168080.6613219761,1000
R_dipaxis_s0.2,93f5d2e6,3,804526.0403347323,692
R_dipaxis_s0.1,cc8a1d57,0,168422.41732648076,999
R_dipaxis_s0.1,cc8a1d57,1,458927.9401684401,1000
R_dipaxis_s0.1,cc8a1d57,2,949211.7090530032,1000
R_dipaxis_s0.1,cc8a1d57,3,1324941.2257991678,1000
R_dipaxis_s0.1,cc8a1d57,4,1209329.3280059253,1000
R_dipaxis_s0.1,cc8a1d57,5,690967.2590860537,1000
R_dipaxis_s0.1,cc8a1d57,6,36151.416981457936,639
R_dipaxis_s0.15,cc8a1d57,0,150991.42064735637,999
R_dipaxis_s0.15,cc8a1d57,1,404997.6950113381,1000
R_dipaxis_s0.15,cc8a1d57,2,896212.1780676654,1000
R_dipaxis_s0.15,cc8a1d57,3,1304272.7009368239,1000
R_dipaxis_s0.15,cc8a1d57,4,1229035.7148384436,1000
R_dipaxis_s0.15,cc8a1d57,5,715886.1039238594,1000
R_dipaxis_s0.15,cc8a1d57,6,50642.84846884228,639
R_dipaxis_s0.2,cc8a1d57,0,134514.15087332687,999
R_dipaxis_s0.2,cc8a1d57,1,354462.2065600255,1000
R_dipaxis_s0.2,cc8a1d57,2,844870.308941107,1000
R_dipaxis_s0.2,cc8a1d57,3,1283874.5820665297,1000
R_dipaxis_s0.2,cc8a1d57,4,1248939.7539573435,1000
R_dipaxis_s0.2,cc8a1d57,5,742030.5480915216,1000
R_dipaxis_s0.2,cc8a1d57,6,67585.70705399704,639
R_dipaxis_s0.1,bf70b410,0,28142.105905699253,999
R_dipaxis_s0.1,bf70b410,1,9267.694650604557,1000
R_dipaxis_s0.1,bf70b410,2,10869.25418471304,1000
R_dipaxis_s0.1,bf70b410,3,19600.616594257146,1000
R_dipaxis_s0.1,bf70b410,4,659804.6267536753,1000
R_dipaxis_s0.1,bf70b410,5,1473832.0577357756,1000
R_dipaxis_s0.1,bf70b410,6,824614.594955741,348
R_dipaxis_s0.15,bf70b410,0,27503.9671064627,999
R_dipaxis_s0.15,bf70b410,1,11461.93072287696,1000
R_dipaxis_s0.15,bf70b410,2,13525.53468378288,1000
R_dipaxis_s0.15,bf70b410,3,25744.216305859092,1000
R_dipaxis_s0.15,bf70b410,4,736364.552705932,1000
R_dipaxis_s0.15,bf70b410,5,1694495.0120486738,1000
R_dipaxis_s0.15,bf70b410,6,938310.4181882511,348
R_dipaxis_s0.2,bf70b410,0,26917.954939169424,999
R_dipaxis_s0.2,bf70b410,1,13941.826926462927,1000
R_dipaxis_s0.2,bf70b410,2,17019.883320662273,1000
R_dipaxis_s0.2,bf70b410,3,32988.724027111275,1000
R_dipaxis_s0.2,bf70b410,4,817326.1158084755,1000
R_dipaxis_s0.2,bf70b410,5,1930627.8102915923,1000
R_dipaxis_s0.2,bf70b410,6,1059357.4420905288,348
R_dipaxis_s0.1,c472c0b5,0,25981.906936252588,999
R_dipaxis_s0.1,c472c0b5,1,104464.73535587992,1000
R_dipaxis_s0.1,c472c0b5,2,296655.4368808622,1000
R_dipaxis_s0.1,c472c0b5,3,19323.71769579137,55
R_dipaxis_s0.15,c472c0b5,0,32603.742151719314,999
R_dipaxis_s0.15,c472c0b5,1,139903.70248141213,1000
R_dipaxis_s0.15,c472c0b5,2,400005.02451717824,1000
R_dipaxis_s0.15,c472c0b5,3,27231.34291272623,55
R_dipaxis_s0.2,c472c0b5,0,40058.69776541567,999
R_dipaxis_s0.2,c472c0b5,1,180751.9442053427,1000
R_dipaxis_s0.2,c472c0b5,2,518976.3900840918,1000
R_dipaxis_s0.2,c472c0b5,3,36492.25367568763,55
R_dipaxis_s0.1,dc7f9757,0,29294.01762546897,999
R_dipaxis_s0.1,dc7f9757,1,5440.3631163201335,1000
R_dipaxis_s0.1,dc7f9757,2,131350.28258606902,1000
R_dipaxis_s0.1,dc7f9757,3,222471.05865836906,1000
R_dipaxis_s0.1,dc7f9757,4,96688.48798547019,361
R_dipaxis_s0.15,dc7f9757,0,30595.76438596064,999
R_dipaxis_s0.15,dc7f9757,1,8432.172361517687,1000
R_dipaxis_s0.15,dc7f9757,2,140895.38420112236,1000
R_dipaxis_s0.15,dc7f9757,3,238231.92456205128,1000
R_dipaxis_s0.15,dc7f9757,4,104710.22761626651,361
R_dipaxis_s0.2,dc7f9757,0,32057.930044961377,999
R_dipaxis_s0.2,dc7f9757,1,13067.061764739685,1000
R_dipaxis_s0.2,dc7f9757,2,150960.9870308647,1000
R_dipaxis_s0.2,dc7f9757,3,254549.37081541296,1000
R_dipaxis_s0.2,dc7f9757,4,113051.69830577486,361
R_dipaxis_s0.1,ec13af42,0,285529.7302447827,999
R_dipaxis_s0.1,ec13af42,1,337110.4163519604,1000
R_dipaxis_s0.1,ec13af42,2,48743.21862359201,1000
R_dipaxis_s0.1,ec13af42,3,53563.85739676365,1000
R_dipaxis_s0.1,ec13af42,4,7841.366612708975,1000
R_dipaxis_s0.1,ec13af42,5,2289.4722609887663,463
R_dipaxis_s0.15,ec13af42,0,279764.5622703726,999
R_dipaxis_s0.15,ec13af42,1,363415.2102128422,1000
R_dipaxis_s0.15,ec13af42,2,67794.00720288996,1000
R_dipaxis_s0.15,ec13af42,3,77713.83007417753,1000
R_dipaxis_s0.15,ec13af42,4,21800.740059328065,1000
R_dipaxis_s0.15,ec13af42,5,10468.22355415182,463
R_dipaxis_s0.2,ec13af42,0,274146.6882647616,999
R_dipaxis_s0.2,ec13af42,1,390903.07849699457,1000
R_dipaxis_s0.2,ec13af42,2,90917.80349385615,1000
R_dipaxis_s0.2,ec13af42,3,107875.05530427975,1000
R_dipaxis_s0.2,ec13af42,4,46343.94746612281,1000
R_dipaxis_s0.2,ec13af42,5,25443.61125576094,463
R_dipaxis_s0.1,7e208414,0,808.3167987904435,999
R_dipaxis_s0.1,7e208414,1,30289.463405838615,1000
R_dipaxis_s0.1,7e208414,2,36648.43385371425,1000
R_dipaxis_s0.1,7e208414,3,56567.371031128045,1000
R_dipaxis_s0.1,7e208414,4,11700.08047618309,227
R_dipaxis_s0.15,7e208414,0,911.4111186233057,999
R_dipaxis_s0.15,7e208414,1,26964.560341209206,1000
R_dipaxis_s0.15,7e208414,2,33399.07180033194,1000
R_dipaxis_s0.15,7e208414,3,49617.82379986244,1000
R_dipaxis_s0.15,7e208414,4,9183.902232392766,227
R_dipaxis_s0.2,7e208414,0,1161.433218748003,999
R_dipaxis_s0.2,7e208414,1,23948.269864880254,1000
R_dipaxis_s0.2,7e208414,2,30302.18986012247,1000
R_dipaxis_s0.2,7e208414,3,43166.97053737601,1000
R_dipaxis_s0.2,7e208414,4,6972.176600681046,227
R_dipaxis_s0.1,4e050c92,0,4753.074041964588,999
R_dipaxis_s0.1,4e050c92,1,5123.310457825024,1000
R_dipaxis_s0.1,4e050c92,2,20107.494069625383,1000
R_dipaxis_s0.1,4e050c92,3,121325.93081142701,706
R_dipaxis_s0.15,4e050c92,0,4629.571502158571,999
R_dipaxis_s0.15,4e050c92,1,5246.42299820257,1000
R_dipaxis_s0.15,4e050c92,2,19419.90138089312,1000
R_dipaxis_s0.15,4e050c92,3,113563.64461089275,706
R_dipaxis_s0.2,4e050c92,0,4516.898321827081,999
R_dipaxis_s0.2,4e050c92,1,5453.502246223179,1000
R_dipaxis_s0.2,4e050c92,2,18745.79777646315,1000
R_dipaxis_s0.2,4e050c92,3,106070.90740619278,706
R_dipaxis_s0.1,944f36b9,0,15895.650561196297,999
R_dipaxis_s0.1,944f36b9,1,52897.98665667524,1000
R_dipaxis_s0.1,944f36b9,2,58241.24104507918,1000
R_dipaxis_s0.1,944f36b9,3,10748.216220159076,1000
R_dipaxis_s0.1,944f36b9,4,5223.277530883012,631
R_dipaxis_s0.15,944f36b9,0,12339.470128658138,999
R_dipaxis_s0.15,944f36b9,1,47015.4094865444,1000
R_dipaxis_s0.15,944f36b9,2,50795.62177132828,1000
R_dipaxis_s0.15,944f36b9,3,8006.885037846316,1000
R_dipaxis_s0.15,944f36b9,4,2707.9556953763295,631
R_dipaxis_s0.2,944f36b9,0,9317.714454031344,999
R_dipaxis_s0.2,944f36b9,1,41553.35685077257,1000
R_dipaxis_s0.2,944f36b9,2,43890.32680005515,1000
R_dipaxis_s0.2,944f36b9,3,5766.669627274232,1000
R_dipaxis_s0.2,944f36b9,4,1235.2097259052175,631
R_dipaxis_s0.1,708caea9,0,140839.31385692587,999
R_dipaxis_s0.1,708caea9,1,1785483.7190392558,1000
R_dipaxis_s0.1,708caea9,2,1611449.5130193664,1000
R_dipaxis_s0.1,708caea9,3,1960883.1208821237,1000
R_dipaxis_s0.1,708caea9,4,2182588.32050606,1000
R_dipaxis_s0.1,708caea9,5,3218117.4096604446,1000
R_dipaxis_s0.1,708caea9,6,1823798.1026376602,549
R_dipaxis_s0.15,708caea9,0,148762.48586953082,999
R_dipaxis_s0.15,708caea9,1,1845455.1030522855,1000
R_dipaxis_s0.15,708caea9,2,1822453.4267501591,1000
R_dipaxis_s0.15,708caea9,3,2370129.6128986757,1000
R_dipaxis_s0.15,708caea9,4,2824575.241423327,1000
R_dipaxis_s0.15,708caea9,5,4129916.3435431477,1000
R_dipaxis_s0.15,708caea9,6,2486179.3403957463,549
R_dipaxis_s0.2,708caea9,0,156942.25790489453,999
R_dipaxis_s0.2,708caea9,1,1906793.4250942518,1000
R_dipaxis_s0.2,708caea9,2,2047696.234495021,1000
R_dipaxis_s0.2,708caea9,3,2818560.5092988815,1000
R_dipaxis_s0.2,708caea9,4,3549906.057016734,1000
R_dipaxis_s0.2,708caea9,5,5157061.053460826,1000
R_dipaxis_s0.2,708caea9,6,3250996.7733133356,549
R_dipaxis_s0.1,699ea575,0,1722.2929531304546,999
R_dipaxis_s0.1,699ea575,1,26044.773093325082,1000
R_dipaxis_s0.1,699ea575,2,36869.14062499833,1000
R_dipaxis_s0.1,699ea575,3,119408.24331711234,1000
R_dipaxis_s0.1,699ea575,4,2385.433257437816,121
R_dipaxis_s0.15,699ea575,0,3193.204768201973,999
R_dipaxis_s0.15,699ea575,1,41456.88533756831,1000
R_dipaxis_s0.15,699ea575,2,15668.185870834031,1000
R_dipaxis_s0.15,699ea575,3,61377.16069159237,1000
R_dipaxis_s0.15,699ea575,4,305.0644133941605,121
R_dipaxis_s0.2,699ea575,0,5406.162875611503,999
R_dipaxis_s0.2,699ea575,1,61413.04661353233,1000
R_dipaxis_s0.2,699ea575,2,9872.872772232995,1000
R_dipaxis_s0.2,699ea575,3,23857.26884336413,1000
R_dipaxis_s0.2,699ea575,4,262.24378750959727,121
R_dipaxis_s0.1,a6f967fb,0,159605.81745932417,999
R_dipaxis_s0.1,a6f967fb,1,282570.10710581066,1000
R_dipaxis_s0.1,a6f967fb,2,53984.597619122025,1000
R_dipaxis_s0.1,a6f967fb,3,6493.82068528764,1000
R_dipaxis_s0.1,a6f967fb,4,11805.400936405138,671
R_dipaxis_s0.15,a6f967fb,0,142550.7735732805,999
R_dipaxis_s0.15,a6f967fb,1,226584.9395919123,1000
R_dipaxis_s0.15,a6f967fb,2,21674.236581776662,1000
R_dipaxis_s0.15,a6f967fb,3,3428.249206008881,1000
R_dipaxis_s0.15,a6f967fb,4,2782.1355056818916,671
R_dipaxis_s0.2,a6f967fb,0,126465.11527676754,999
R_dipaxis_s0.2,a6f967fb,1,177463.8573668181,1000
R_dipaxis_s0.2,a6f967fb,2,4836.959279828893,1000
R_dipaxis_s0.2,a6f967fb,3,14552.906978784182,1000
R_dipaxis_s0.2,a6f967fb,4,1338.6684423426323,671
R_dipaxis_s0.1,f08774c3,0,61712.657386509934,999
R_dipaxis_s0.1,f08774c3,1,110863.65409398808,1000
R_dipaxis_s0.1,f08774c3,2,102540.38414273235,1000
R_dipaxis_s0.1,f08774c3,3,262552.21719789575,901
R_dipaxis_s0.15,f08774c3,0,53959.193143456614,999
R_dipaxis_s0.15,f08774c3,1,95315.04671104382,1000
R_dipaxis_s0.15,f08774c3,2,106888.27003044197,1000
R_dipaxis_s0.15,f08774c3,3,303572.645094888,901
R_dipaxis_s0.2,f08774c3,0,46726.21757619569,999
R_dipaxis_s0.2,f08774c3,1,80947.48884146953,1000
R_dipaxis_s0.2,f08774c3,2,112274.53096238304,1000
R_dipaxis_s0.2,f08774c3,3,347647.9810239175,901
R_dipaxis_s0.1,e46f4ef4,0,1575.4042439469752,999
R_dipaxis_s0.1,e46f4ef4,1,33050.82621314799,1000
R_dipaxis_s0.1,e46f4ef4,2,48875.50327244906,1000
R_dipaxis_s0.1,e46f4ef4,3,19100.55743687426,1000
R_dipaxis_s0.1,e46f4ef4,4,68729.94089932524,1000
R_dipaxis_s0.1,e46f4ef4,5,32753.214101131933,1000
R_dipaxis_s0.1,e46f4ef4,6,206800.79552668135,1000
R_dipaxis_s0.1,e46f4ef4,7,5814.539848419019,196
R_dipaxis_s0.15,e46f4ef4,0,1534.1052995730652,999
R_dipaxis_s0.15,e46f4ef4,1,43356.94187694025,1000
R_dipaxis_s0.15,e46f4ef4,2,72016.53009220239,1000
R_dipaxis_s0.15,e46f4ef4,3,31042.177351240727,1000
R_dipaxis_s0.15,e46f4ef4,4,136711.6772483374,1000
R_dipaxis_s0.15,e46f4ef4,5,96712.6327819086,1000
R_dipaxis_s0.15,e46f4ef4,6,368714.5423364081,1000
R_dipaxis_s0.15,e46f4ef4,7,26613.706052717498,196
R_dipaxis_s0.2,e46f4ef4,0,1914.6580776337616,999
R_dipaxis_s0.2,e46f4ef4,1,55825.68281221207,1000
R_dipaxis_s0.2,e46f4ef4,2,100428.6359343084,1000
R_dipaxis_s0.2,e46f4ef4,3,63012.27242955838,1000
R_dipaxis_s0.2,e46f4ef4,4,229313.88629691667,1000
R_dipaxis_s0.2,e46f4ef4,5,200307.28184949138,1000
R_dipaxis_s0.2,e46f4ef4,6,581546.4189103938,1000
R_dipaxis_s0.2,e46f4ef4,7,63665.484110408164,196
R_dipaxis_s0.1,4f4afcc6,0,70555.07758549413,999
R_dipaxis_s0.1,4f4afcc6,1,145925.47792883025,1000
R_dipaxis_s0.1,4f4afcc6,2,17075.672322883565,1000
R_dipaxis_s0.1,4f4afcc6,3,44559.108895595666,1000
R_dipaxis_s0.1,4f4afcc6,4,45243.90721892427,1000
R_dipaxis_s0.1,4f4afcc6,5,41753.01487290365,646
R_dipaxis_s0.15,4f4afcc6,0,64211.163268736425,999
R_dipaxis_s0.15,4f4afcc6,1,136122.6587914716,1000
R_dipaxis_s0.15,4f4afcc6,2,21614.012338930228,1000
R_dipaxis_s0.15,4f4afcc6,3,43231.4331584222,1000
R_dipaxis_s0.15,4f4afcc6,4,47157.54736342044,1000
R_dipaxis_s0.15,4f4afcc6,5,42477.512966223265,646
R_dipaxis_s0.2,4f4afcc6,0,58182.366878977184,999
R_dipaxis_s0.2,4f4afcc6,1,126902.91551960024,1000
R_dipaxis_s0.2,4f4afcc6,2,26796.139358047163,1000
R_dipaxis_s0.2,4f4afcc6,3,42112.85816459881,1000
R_dipaxis_s0.2,4f4afcc6,4,49128.5485646042,1000
R_dipaxis_s0.2,4f4afcc6,5,43209.345597452615,646
R_dipaxis_s0.1,c2c6fc71,0,34420.62314288489,999
R_dipaxis_s0.1,c2c6fc71,1,8622.361679585367,1000
R_dipaxis_s0.1,c2c6fc71,2,35823.52646226101,1000
R_dipaxis_s0.1,c2c6fc71,3,319021.09629158466,1000
R_dipaxis_s0.1,c2c6fc71,4,354079.8036264876,1000
R_dipaxis_s0.1,c2c6fc71,5,140534.74728284782,1000
R_dipaxis_s0.1,c2c6fc71,6,250747.25915900216,1000
R_dipaxis_s0.1,c2c6fc71,7,16405.362646264475,120
R_dipaxis_s0.15,c2c6fc71,0,30762.404486477517,999
R_dipaxis_s0.15,c2c6fc71,1,7520.619486705612,1000
R_dipaxis_s0.15,c2c6fc71,2,38115.75305484707,1000
R_dipaxis_s0.15,c2c6fc71,3,330102.1808751687,1000
R_dipaxis_s0.15,c2c6fc71,4,385357.1668647663,1000
R_dipaxis_s0.15,c2c6fc71,5,163273.212137115,1000
R_dipaxis_s0.15,c2c6fc71,6,280687.2032161554,1000
R_dipaxis_s0.15,c2c6fc71,7,20717.797918006287,120
R_dipaxis_s0.2,c2c6fc71,0,27312.97541150242,999
R_dipaxis_s0.2,c2c6fc71,1,6529.676772044022,1000
R_dipaxis_s0.2,c2c6fc71,2,40703.585888402384,1000
R_dipaxis_s0.2,c2c6fc71,3,341418.81711727753,1000
R_dipaxis_s0.2,c2c6fc71,4,417998.1082197326,1000
R_dipaxis_s0.2,c2c6fc71,5,187963.15109994303,1000
R_dipaxis_s0.2,c2c6fc71,6,312591.6128250716,1000
R_dipaxis_s0.2,c2c6fc71,7,25532.9163554875,120
R_dipaxis_s0.1,9d3ec64c,0,26220.33558676672,999
R_dipaxis_s0.1,9d3ec64c,1,153467.4380098394,1000
R_dipaxis_s0.1,9d3ec64c,2,103258.66013672897,1000
R_dipaxis_s0.1,9d3ec64c,3,9973.582756633272,481
R_dipaxis_s0.15,9d3ec64c,0,24163.68715047098,999
R_dipaxis_s0.15,9d3ec64c,1,146368.48325409976,1000
R_dipaxis_s0.15,9d3ec64c,2,111482.1539302561,1000
R_dipaxis_s0.15,9d3ec64c,3,14114.683725364886,481
R_dipaxis_s0.2,9d3ec64c,0,22200.517061053568,999
R_dipaxis_s0.2,9d3ec64c,1,139474.23459124347,1000
R_dipaxis_s0.2,9d3ec64c,2,120204.60100722038,1000
R_dipaxis_s0.2,9d3ec64c,3,19881.7826877065,481
R_dipaxis_s0.1,137d1e44,0,38811.70175057458,999
R_dipaxis_s0.1,137d1e44,1,95941.33351358514,1000
R_dipaxis_s0.1,137d1e44,2,819469.8419942764,1000
R_dipaxis_s0.1,137d1e44,3,975391.0992028803,1000
R_dipaxis_s0.1,137d1e44,4,412054.3617310321,555
R_dipaxis_s0.15,137d1e44,0,43486.11068096651,999
R_dipaxis_s0.15,137d1e44,1,99431.99371772067,1000
R_dipaxis_s0.15,137d1e44,2,720450.7421580191,1000
R_dipaxis_s0.15,137d1e44,3,874022.2644256895,1000
R_dipaxis_s0.15,137d1e44,4,373881.83043027984,555
R_dipaxis_s0.2,137d1e44,0,48491.055681426034,999
R_dipaxis_s0.2,137d1e44,1,104044.61928675261,1000
R_dipaxis_s0.2,137d1e44,2,627914.981099501,1000
R_dipaxis_s0.2,137d1e44,3,778227.8256627528,1000
R_dipaxis_s0.2,137d1e44,4,337568.2697186885,555
R_dipaxis_s0.1,42669188,0,81830.78513830049,999
R_dipaxis_s0.1,42669188,1,324323.3299755772,1000
R_dipaxis_s0.1,42669188,2,694212.017022052,1000
R_dipaxis_s0.1,42669188,3,359874.8678505826,1000
R_dipaxis_s0.1,42669188,4,268435.5490967472,283
R_dipaxis_s0.15,42669188,0,65759.50669914998,999
R_dipaxis_s0.15,42669188,1,264614.0671867323,1000
R_dipaxis_s0.15,42669188,2,590990.0092115398,1000
R_dipaxis_s0.15,42669188,3,324852.93510361935,1000
R_dipaxis_s0.15,42669188,4,240563.15269543015,283
R_dipaxis_s0.2,42669188,0,51472.614521130636,999
R_dipaxis_s0.2,42669188,1,211027.34128012962,1000
R_dipaxis_s0.2,42669188,2,496089.49785333656,1000
R_dipaxis_s0.2,42669188,3,291658.99044181575,1000
R_dipaxis_s0.2,42669188,4,214219.14592765542,283
R_dipaxis_s0.1,fae0c593,0,197709.41328671377,999
R_dipaxis_s0.1,fae0c593,1,122693.2924622041,1000
R_dipaxis_s0.1,fae0c593,2,82441.15929473759,1000
R_dipaxis_s0.1,fae0c593,3,118952.65299107274,1000
R_dipaxis_s0.1,fae0c593,4,16997.225327608656,404
R_dipaxis_s0.15,fae0c593,0,187780.25140641545,999
R_dipaxis_s0.15,fae0c593,1,115087.94498698051,1000
R_dipaxis_s0.15,fae0c593,2,84332.75080894014,1000
R_dipaxis_s0.15,fae0c593,3,140009.71534938703,1000
R_dipaxis_s0.15,fae0c593,4,22009.108388832035,404
R_dipaxis_s0.2,fae0c593,0,178110.9182770075,999
R_dipaxis_s0.2,fae0c593,1,107790.73897420302,1000
R_dipaxis_s0.2,fae0c593,2,86555.96720103774,1000
R_dipaxis_s0.2,fae0c593,3,162806.95191622485,1000
R_dipaxis_s0.2,fae0c593,4,28385.11434833629,404
R_dipaxis_s0.1,febb4411,0,9959.782104624901,999
R_dipaxis_s0.1,febb4411,1,122614.9029627625,1000
R_dipaxis_s0.1,febb4411,2,339316.02673369274,1000
R_dipaxis_s0.1,febb4411,3,209931.86575922044,1000
R_dipaxis_s0.1,febb4411,4,4589.213783934959,248
R_dipaxis_s0.15,febb4411,0,9650.794153723326,999
R_dipaxis_s0.15,febb4411,1,123548.98519548097,1000
R_dipaxis_s0.15,febb4411,2,343346.7967982762,1000
R_dipaxis_s0.15,febb4411,3,193576.58303751485,1000
R_dipaxis_s0.15,febb4411,4,2232.730286310897,248
R_dipaxis_s0.2,febb4411,0,9355.823534011486,999
R_dipaxis_s0.2,febb4411,1,124530.13049575278,1000
R_dipaxis_s0.2,febb4411,2,347416.4225280115,1000
R_dipaxis_s0.2,febb4411,3,178362.39831492447,1000
R_dipaxis_s0.2,febb4411,4,727.815995624995,248
R_dipaxis_s0.1,059c8f24,0,11010.269390196854,999
R_dipaxis_s0.1,059c8f24,1,38133.47363172185,1000
R_dipaxis_s0.1,059c8f24,2,40227.24997586581,1000
R_dipaxis_s0.1,059c8f24,3,15108.539236206027,1000
R_dipaxis_s0.1,059c8f24,4,8409.609614938096,1000
R_dipaxis_s0.1,059c8f24,5,26834.92640836429,1000
R_dipaxis_s0.1,059c8f24,6,118811.3954902505,259
R_dipaxis_s0.15,059c8f24,0,14736.13119851799,999
R_dipaxis_s0.15,059c8f24,1,67094.60153671591,1000
R_dipaxis_s0.15,059c8f24,2,8324.567461342,1000
R_dipaxis_s0.15,059c8f24,3,2767.5572570464005,1000
R_dipaxis_s0.15,059c8f24,4,3805.6004865213745,1000
R_dipaxis_s0.15,059c8f24,5,31466.235767184724,1000
R_dipaxis_s0.15,059c8f24,6,106517.17955743628,259
R_dipaxis_s0.2,059c8f24,0,19370.496115655234,999
R_dipaxis_s0.2,059c8f24,1,105295.61133446558,1000
R_dipaxis_s0.2,059c8f24,2,13026.320911833805,1000
R_dipaxis_s0.2,059c8f24,3,31933.746946366264,1000
R_dipaxis_s0.2,059c8f24,4,37281.77773417072,1000
R_dipaxis_s0.2,059c8f24,5,55332.50249575732,1000
R_dipaxis_s0.2,059c8f24,6,94978.5582393226,259
R_dipaxis_s0.1,1e5e3573,0,131352.93423451507,999
R_dipaxis_s0.1,1e5e3573,1,296886.68806024705,1000
R_dipaxis_s0.1,1e5e3573,2,373682.09985575103,1000
R_dipaxis_s0.1,1e5e3573,3,69823.06932585035,1000
R_dipaxis_s0.1,1e5e3573,4,11928.94096841121,1000
R_dipaxis_s0.1,1e5e3573,5,36069.19930842601,481
R_dipaxis_s0.15,1e5e3573,0,128635.2808736034,999
R_dipaxis_s0.15,1e5e3573,1,314378.434790727,1000
R_dipaxis_s0.15,1e5e3573,2,402189.4009057278,1000
R_dipaxis_s0.15,1e5e3573,3,95764.51634949716,1000
R_dipaxis_s0.15,1e5e3573,4,25480.925220610174,1000
R_dipaxis_s0.15,1e5e3573,5,57728.11150430334,481
R_dipaxis_s0.2,1e5e3573,0,126070.94769391787,999
R_dipaxis_s0.2,1e5e3573,1,332509.8575214519,1000
R_dipaxis_s0.2,1e5e3573,2,431874.67593711556,1000
R_dipaxis_s0.2,1e5e3573,3,126615.19024696152,1000
R_dipaxis_s0.2,1e5e3573,4,49132.23998480364,1000
R_dipaxis_s0.2,1e5e3573,5,85070.11512795785,481
R_dipaxis_s0.1,028d7b28,0,20168.464092846836,999
R_dipaxis_s0.1,028d7b28,1,39369.25541265805,1000
R_dipaxis_s0.1,028d7b28,2,316860.8221550091,1000
R_dipaxis_s0.1,028d7b28,3,225191.0704045343,1000
R_dipaxis_s0.1,028d7b28,4,12830.543549574117,1000
R_dipaxis_s0.1,028d7b28,5,3927.219334295913,1000
R_dipaxis_s0.1,028d7b28,6,306.4536517485748,235
R_dipaxis_s0.15,028d7b28,0,18520.230887338283,999
R_dipaxis_s0.15,028d7b28,1,53809.653401726435,1000
R_dipaxis_s0.15,028d7b28,2,400064.2361614384,1000
R_dipaxis_s0.15,028d7b28,3,337230.9569654582,1000
R_dipaxis_s0.15,028d7b28,4,48872.8714558233,1000
R_dipaxis_s0.15,028d7b28,5,18354.320883584776,1000
R_dipaxis_s0.15,028d7b28,6,1385.484735007591,235
R_dipaxis_s0.2,028d7b28,0,17048.99621387515,999
R_dipaxis_s0.2,028d7b28,1,70654.11494595312,1000
R_dipaxis_s0.2,028d7b28,2,493127.36345381866,1000
R_dipaxis_s0.2,028d7b28,3,476726.2321321524,1000
R_dipaxis_s0.2,028d7b28,4,113256.30398304679,1000
R_dipaxis_s0.2,028d7b28,5,44178.791054300375,1000
R_dipaxis_s0.2,028d7b28,6,3262.580156523036,235
R_dipaxis_s0.1,ed6436d6,0,3790.270862040489,999
R_dipaxis_s0.1,ed6436d6,1,972.6996505935538,1000
R_dipaxis_s0.1,ed6436d6,2,648.7334825624739,946
R_dipaxis_s0.15,ed6436d6,0,5334.9020718433285,999
R_dipaxis_s0.15,ed6436d6,1,3270.8314954625766,1000
R_dipaxis_s0.15,ed6436d6,2,3323.3115833648367,946
R_dipaxis_s0.2,ed6436d6,0,7413.679500834242,999
R_dipaxis_s0.2,ed6436d6,1,7791.242253379259,1000
R_dipaxis_s0.2,ed6436d6,2,8350.930690514453,946
R_dipaxis_s0.1,39b51819,0,10639.963215176884,999
R_dipaxis_s0.1,39b51819,1,22104.17651386756,1000
R_dipaxis_s0.1,39b51819,2,9251.362243714002,1000
R_dipaxis_s0.1,39b51819,3,12789.994444919934,1000
R_dipaxis_s0.1,39b51819,4,3678.0090457169067,232
R_dipaxis_s0.15,39b51819,0,10097.922977633247,999
R_dipaxis_s0.15,39b51819,1,24764.40860766843,1000
R_dipaxis_s0.15,39b51819,2,11532.648778895898,1000
R_dipaxis_s0.15,39b51819,3,17192.896904114226,1000
R_dipaxis_s0.15,39b51819,4,5345.792870423399,232
R_dipaxis_s0.2,39b51819,0,9637.60781000154,999
R_dipaxis_s0.2,39b51819,1,27642.999626046196,1000
R_dipaxis_s0.2,39b51819,2,14071.578156293244,1000
R_dipaxis_s0.2,39b51819,3,22292.013854463763,1000
R_dipaxis_s0.2,39b51819,4,7338.065796361515,232
R_dipaxis_s0.1,9f0c7bae,0,22592.4994694387,999
R_dipaxis_s0.1,9f0c7bae,1,131548.36822597394,1000
R_dipaxis_s0.1,9f0c7bae,2,50690.796685189955,543
R_dipaxis_s0.15,9f0c7bae,0,26201.02234245639,999
R_dipaxis_s0.15,9f0c7bae,1,144562.77129735044,1000
R_dipaxis_s0.15,9f0c7bae,2,60401.47199704984,543
R_dipaxis_s0.2,9f0c7bae,0,30126.787741005974,999
R_dipaxis_s0.2,9f0c7bae,1,158377.75314098853,1000
R_dipaxis_s0.2,9f0c7bae,2,71131.59745508643,543
R_dipaxis_s0.1,73b1447d,0,16359.189283464942,999
R_dipaxis_s0.1,73b1447d,1,39133.92616539287,1000
R_dipaxis_s0.1,73b1447d,2,94962.26022956532,1000
R_dipaxis_s0.1,73b1447d,3,125450.43475423055,1000
R_dipaxis_s0.1,73b1447d,4,310766.52062854817,1000
R_dipaxis_s0.1,73b1447d,5,352119.7790492521,671
R_dipaxis_s0.15,73b1447d,0,18447.674943645634,999
R_dipaxis_s0.15,73b1447d,1,24569.647327781695,1000
R_dipaxis_s0.15,73b1447d,2,61019.91568323463,1000
R_dipaxis_s0.15,73b1447d,3,137873.50330066687,1000
R_dipaxis_s0.15,73b1447d,4,338845.7516726215,1000
R_dipaxis_s0.15,73b1447d,5,344122.7379850187,671
R_dipaxis_s0.2,73b1447d,0,20921.300816124996,999
R_dipaxis_s0.2,73b1447d,1,16640.49977663453,1000
R_dipaxis_s0.2,73b1447d,2,34845.799696168106,1000
R_dipaxis_s0.2,73b1447d,3,151308.03765997908,1000
R_dipaxis_s0.2,73b1447d,4,368176.14656988706,1000
R_dipaxis_s0.2,73b1447d,5,336482.4071615392,671
R_dipaxis_s0.1,764072a5,0,242.0958044397542,999
R_dipaxis_s0.1,764072a5,1,48239.00062046061,1000
R_dipaxis_s0.1,764072a5,2,24307.20272472839,950
R_dipaxis_s0.15,764072a5,0,277.70854901129877,999
R_dipaxis_s0.15,764072a5,1,34800.8773128767,1000
R_dipaxis_s0.15,764072a5,2,20130.14093797355,950
R_dipaxis_s0.2,764072a5,0,473.38025515069046,999
R_dipaxis_s0.2,764072a5,1,23799.317726752077,1000
R_dipaxis_s0.2,764072a5,2,17114.754251807542,950
R_dipaxis_s0.1,e7d0c1de,0,23420.394797416728,999
R_dipaxis_s0.1,e7d0c1de,1,56671.67147582133,1000
R_dipaxis_s0.1,e7d0c1de,2,3765.3111978963984,1000
R_dipaxis_s0.1,e7d0c1de,3,36303.60587025475,1000
R_dipaxis_s0.1,e7d0c1de,4,116236.62222116941,712
R_dipaxis_s0.15,e7d0c1de,0,19562.858994703478,999
R_dipaxis_s0.15,e7d0c1de,1,53676.52717047121,1000
R_dipaxis_s0.15,e7d0c1de,2,3827.3003452801495,1000
R_dipaxis_s0.15,e7d0c1de,3,40104.59075565419,1000
R_dipaxis_s0.15,e7d0c1de,4,128768.78243726431,712
R_dipaxis_s0.2,e7d0c1de,0,16066.581724376243,999
R_dipaxis_s0.2,e7d0c1de,1,50773.684136280084,1000
R_dipaxis_s0.2,e7d0c1de,2,4009.2439249539393,1000
R_dipaxis_s0.2,e7d0c1de,3,44142.46000790283,1000
R_dipaxis_s0.2,e7d0c1de,4,141957.73925703525,712
R_dipaxis_s0.1,a6ed2eff,0,29298.05947002269,999
R_dipaxis_s0.1,a6ed2eff,1,55983.27639312383,1000
R_dipaxis_s0.1,a6ed2eff,2,13368.784145819294,1000
R_dipaxis_s0.1,a6ed2eff,3,35791.679307163584,1000
R_dipaxis_s0.1,a6ed2eff,4,140164.23329863814,1000
R_dipaxis_s0.1,a6ed2eff,5,36004.55749068759,276
R_dipaxis_s0.15,a6ed2eff,0,28046.10267747056,999
R_dipaxis_s0.15,a6ed2eff,1,52035.11700329496,1000
R_dipaxis_s0.15,a6ed2eff,2,11488.450451695644,1000
R_dipaxis_s0.15,a6ed2eff,3,35844.7050621979,1000
R_dipaxis_s0.15,a6ed2eff,4,122622.23215093027,1000
R_dipaxis_s0.15,a6ed2eff,5,26852.31720393447,276
R_dipaxis_s0.2,a6ed2eff,0,26825.158666544983,999
R_dipaxis_s0.2,a6ed2eff,1,48244.19515587482,1000
R_dipaxis_s0.2,a6ed2eff,2,9763.68774621763,1000
R_dipaxis_s0.2,a6ed2eff,3,36123.71591819881,1000
R_dipaxis_s0.2,a6ed2eff,4,108161.85510520524,1000
R_dipaxis_s0.2,a6ed2eff,5,19064.2850291179,276
R_dipaxis_s0.1,4630ab92,0,5571.972170292679,999
R_dipaxis_s0.1,4630ab92,1,66982.04007892073,1000
R_dipaxis_s0.1,4630ab92,2,336556.19814567186,1000
R_dipaxis_s0.1,4630ab92,3,28565.81782198847,374
R_dipaxis_s0.15,4630ab92,0,6066.104950548213,999
R_dipaxis_s0.15,4630ab92,1,75714.6554245759,1000
R_dipaxis_s0.15,4630ab92,2,342965.7073154007,1000
R_dipaxis_s0.15,4630ab92,3,34428.82701107145,374
R_dipaxis_s0.2,4630ab92,0,6648.78429421016,999
R_dipaxis_s0.2,4630ab92,1,85065.89574102864,1000
R_dipaxis_s0.2,4630ab92,2,349667.1763163953,1000
R_dipaxis_s0.2,4630ab92,3,40839.284218880326,374
R_dipaxis_s0.1,29de15c8,0,3151.730203494768,999
R_dipaxis_s0.1,29de15c8,1,12194.573075865706,1000
R_dipaxis_s0.1,29de15c8,2,58015.60775876404,1000
R_dipaxis_s0.1,29de15c8,3,13418.74134437526,432
R_dipaxis_s0.15,29de15c8,0,3351.463458249853,999
R_dipaxis_s0.15,29de15c8,1,14064.64767580825,1000
R_dipaxis_s0.15,29de15c8,2,61824.42199649262,1000
R_dipaxis_s0.15,29de15c8,3,15810.56557914908,432
R_dipaxis_s0.2,29de15c8,0,3576.7713150101554,999
R_dipaxis_s0.2,29de15c8,1,16081.68928375771,1000
R_dipaxis_s0.2,29de15c8,2,65782.98370645182,1000
R_dipaxis_s0.2,29de15c8,3,18517.238388980277,432
R_dipaxis_s0.1,b38e3116,0,2175.102955313272,999
R_dipaxis_s0.1,b38e3116,1,6779.68204435727,1000
R_dipaxis_s0.1,b38e3116,2,9137.243571709616,1000
R_dipaxis_s0.1,b38e3116,3,509.1275161277621,1000
R_dipaxis_s0.1,b38e3116,4,89296.96448221001,1000
R_dipaxis_s0.1,b38e3116,5,35598.40514892921,1000
R_dipaxis_s0.1,b38e3116,6,14658.065046565362,212
R_dipaxis_s0.15,b38e3116,0,1712.120471294361,999
R_dipaxis_s0.15,b38e3116,1,8711.888693561546,1000
R_dipaxis_s0.15,b38e3116,2,11652.053898923818,1000
R_dipaxis_s0.15,b38e3116,3,2898.8448965629505,1000
R_dipaxis_s0.15,b38e3116,4,54194.43312074241,1000
R_dipaxis_s0.15,b38e3116,5,60551.61145742582,1000
R_dipaxis_s0.15,b38e3116,6,26842.24534025839,212
R_dipaxis_s0.2,b38e3116,0,1500.4712128234135,999
R_dipaxis_s0.2,b38e3116,1,11984.043994116355,1000
R_dipaxis_s0.2,b38e3116,2,16792.404553709875,1000
R_dipaxis_s0.2,b38e3116,3,9011.153025243173,1000
R_dipaxis_s0.2,b38e3116,4,30814.739590880527,1000
R_dipaxis_s0.2,b38e3116,5,99988.7589219407,1000
R_dipaxis_s0.2,b38e3116,6,42686.30204755841,212
R_dipaxis_s0.1,2f19d536,0,15721.935495979364,999
R_dipaxis_s0.1,2f19d536,1,34634.87564418183,1000
R_dipaxis_s0.1,2f19d536,2,61050.168604976505,1000
R_dipaxis_s0.1,2f19d536,3,5892.86337701451,89
R_dipaxis_s0.15,2f19d536,0,14055.67051855792,999
R_dipaxis_s0.15,2f19d536,1,31006.420635613817,1000
R_dipaxis_s0.15,2f19d536,2,59534.28569260606,1000
R_dipaxis_s0.15,2f19d536,3,6003.034889634112,89
R_dipaxis_s0.2,2f19d536,0,12547.374324196848,999
R_dipaxis_s0.2,2f19d536,1,27593.134306609394,1000
R_dipaxis_s0.2,2f19d536,2,58044.2862369995,1000
R_dipaxis_s0.2,2f19d536,3,6114.275251662046,89
R_dipaxis_s0.1,f5859199,0,138678.1158737965,999
R_dipaxis_s0.1,f5859199,1,480991.96478374297,1000
R_dipaxis_s0.1,f5859199,2,487492.09907221294,1000
R_dipaxis_s0.1,f5859199,3,477859.28146772366,1000
R_dipaxis_s0.1,f5859199,4,290673.8883984932,1000
R_dipaxis_s0.1,f5859199,5,360241.44201042666,791
R_dipaxis_s0.15,f5859199,0,142973.8123016759,999
R_dipaxis_s0.15,f5859199,1,519017.6655682751,1000
R_dipaxis_s0.15,f5859199,2,575134.2869300968,1000
R_dipaxis_s0.15,f5859199,3,600696.7626119674,1000
R_dipaxis_s0.15,f5859199,4,405501.87185148534,1000
R_dipaxis_s0.15,f5859199,5,474798.3494042546,791
R_dipaxis_s0.2,f5859199,0,147418.87419020667,999
R_dipaxis_s0.2,f5859199,1,559379.7327812425,1000
R_dipaxis_s0.2,f5859199,2,670331.2158358275,1000
R_dipaxis_s0.2,f5859199,3,738922.5408964648,1000
R_dipaxis_s0.2,f5859199,4,539903.9140069704,1000
R_dipaxis_s0.2,f5859199,5,609745.7039238282,791
R_dipaxis_s0.1,d114d9c2,0,1049.9928913285846,999
R_dipaxis_s0.1,d114d9c2,1,30160.881738026208,1000
R_dipaxis_s0.1,d114d9c2,2,28466.236085113906,1000
R_dipaxis_s0.1,d114d9c2,3,51451.009070796455,1000
R_dipaxis_s0.1,d114d9c2,4,250241.77936413427,1000
R_dipaxis_s0.1,d114d9c2,5,430916.76414062915,1000
R_dipaxis_s0.1,d114d9c2,6,67159.61144729276,207
R_dipaxis_s0.15,d114d9c2,0,861.3368105285455,999
R_dipaxis_s0.15,d114d9c2,1,30949.72778837498,1000
R_dipaxis_s0.15,d114d9c2,2,38137.179379091285,1000
R_dipaxis_s0.15,d114d9c2,3,77208.30794380954,1000
R_dipaxis_s0.15,d114d9c2,4,337697.1289718495,1000
R_dipaxis_s0.15,d114d9c2,5,603992.2981524743,1000
R_dipaxis_s0.15,d114d9c2,6,107839.16315048824,207
R_dipaxis_s0.2,d114d9c2,0,1194.9032454186008,999
R_dipaxis_s0.2,d114d9c2,1,32688.543726280903,1000
R_dipaxis_s0.2,d114d9c2,2,49724.313407349975,1000
R_dipaxis_s0.2,d114d9c2,3,108265.25920856796,1000
R_dipaxis_s0.2,d114d9c2,4,438286.1089966689,1000
R_dipaxis_s0.2,d114d9c2,5,806596.0638253414,1000
R_dipaxis_s0.2,d114d9c2,6,158117.0114400507,207
R_dipaxis_s0.1,91b301ce,0,477394.3275682559,999
R_dipaxis_s0.1,91b301ce,1,269298.69772886386,1000
R_dipaxis_s0.1,91b301ce,2,80764.31169072118,1000
R_dipaxis_s0.1,91b301ce,3,20238.141380611323,1000
R_dipaxis_s0.1,91b301ce,4,226981.46241375175,1000
R_dipaxis_s0.1,91b301ce,5,2516779.6646818267,1000
R_dipaxis_s0.1,91b301ce,6,3186601.0875658863,571
R_dipaxis_s0.15,91b301ce,0,461332.34002831543,999
R_dipaxis_s0.15,91b301ce,1,288588.00071664085,1000
R_dipaxis_s0.15,91b301ce,2,108711.8825338431,1000
R_dipaxis_s0.15,91b301ce,3,47070.89727964482,1000
R_dipaxis_s0.15,91b301ce,4,191479.93076374018,1000
R_dipaxis_s0.15,91b301ce,5,2161127.583600583,1000
R_dipaxis_s0.15,91b301ce,6,2927257.061681015,571
R_dipaxis_s0.2,91b301ce,0,445575.47413899127,999
R_dipaxis_s0.2,91b301ce,1,310467.5378199797,1000
R_dipaxis_s0.2,91b301ce,2,140975.32950880448,1000
R_dipaxis_s0.2,91b301ce,3,86561.22255116406,1000
R_dipaxis_s0.2,91b301ce,4,173912.67297580902,1000
R_dipaxis_s0.2,91b301ce,5,1833426.8451379237,1000
R_dipaxis_s0.2,91b301ce,6,2679081.4254842903,571
R_dipaxis_s0.1,2bff06cf,0,137009.32909923035,999
R_dipaxis_s0.1,2bff06cf,1,544661.3634189598,1000
R_dipaxis_s0.1,2bff06cf,2,1099964.7683021994,1000
R_dipaxis_s0.1,2bff06cf,3,1335264.9617262466,1000
R_dipaxis_s0.1,2bff06cf,4,1306232.9872786154,1000
R_dipaxis_s0.1,2bff06cf,5,1833903.6499726705,1000
R_dipaxis_s0.1,2bff06cf,6,1863442.321563411,1000
R_dipaxis_s0.1,2bff06cf,7,585317.4899108284,625
R_dipaxis_s0.15,2bff06cf,0,136807.2177037514,999
R_dipaxis_s0.15,2bff06cf,1,553662.6053960734,1000
R_dipaxis_s0.15,2bff06cf,2,1163676.9057760986,1000
R_dipaxis_s0.15,2bff06cf,3,1490400.1466772784,1000
R_dipaxis_s0.15,2bff06cf,4,1605884.4942701,1000
R_dipaxis_s0.15,2bff06cf,5,2201221.6470405534,1000
R_dipaxis_s0.15,2bff06cf,6,2262488.7768315123,1000
R_dipaxis_s0.15,2bff06cf,7,781464.779901715,625
R_dipaxis_s0.2,2bff06cf,0,136672.5322448828,999
R_dipaxis_s0.2,2bff06cf,1,562858.2781182918,1000
R_dipaxis_s0.2,2bff06cf,2,1229306.7668318832,1000
R_dipaxis_s0.2,2bff06cf,3,1656467.2955536004,1000
R_dipaxis_s0.2,2bff06cf,4,1936460.3881630632,1000
R_dipaxis_s0.2,2bff06cf,5,2602194.068429486,1000
R_dipaxis_s0.2,2bff06cf,6,2700340.1415905626,1000
R_dipaxis_s0.2,2bff06cf,7,1006164.0011162602,625
R_dipaxis_s0.1,353e5502,0,6649.688063599596,999
R_dipaxis_s0.1,353e5502,1,17257.66077698361,1000
R_dipaxis_s0.1,353e5502,2,70301.0018018741,1000
R_dipaxis_s0.1,353e5502,3,10012.010665882608,1000
R_dipaxis_s0.1,353e5502,4,15867.463447321354,1000
R_dipaxis_s0.1,353e5502,5,70825.68525091336,1000
R_dipaxis_s0.1,353e5502,6,491.77120795911355,63
R_dipaxis_s0.15,353e5502,0,6447.154520383708,999
R_dipaxis_s0.15,353e5502,1,15916.65427196509,1000
R_dipaxis_s0.15,353e5502,2,68498.45748363328,1000
R_dipaxis_s0.15,353e5502,3,8977.027851717512,1000
R_dipaxis_s0.15,353e5502,4,14483.74546741398,1000
R_dipaxis_s0.15,353e5502,5,77946.44842350013,1000
R_dipaxis_s0.15,353e5502,6,957.1526929965909,63
R_dipaxis_s0.2,353e5502,0,6275.335227156058,999
R_dipaxis_s0.2,353e5502,1,14646.092637937316,1000
R_dipaxis_s0.2,353e5502,2,66755.91518594525,1000
R_dipaxis_s0.2,353e5502,3,8352.596006147296,1000
R_dipaxis_s0.2,353e5502,4,13521.862785126488,1000
R_dipaxis_s0.2,353e5502,5,85584.5228608459,1000
R_dipaxis_s0.2,353e5502,6,1586.1797320726562,63
R_dipaxis_s0.1,f0188a48,0,95928.92070553968,999
R_dipaxis_s0.1,f0188a48,1,36630.375444640486,1000
R_dipaxis_s0.1,f0188a48,2,31480.071968870445,1000
R_dipaxis_s0.1,f0188a48,3,93029.18495509968,1000
R_dipaxis_s0.1,f0188a48,4,7270.17345199037,171
R_dipaxis_s0.15,f0188a48,0,110403.72032594017,999
R_dipaxis_s0.15,f0188a48,1,43101.460356116615,1000
R_dipaxis_s0.15,f0188a48,2,67099.85913267915,1000
R_dipaxis_s0.15,f0188a48,3,172313.69976019175,1000
R_dipaxis_s0.15,f0188a48,4,18649.31639121982,171
R_dipaxis_s0.2,f0188a48,0,126781.1311247564,999
R_dipaxis_s0.2,f0188a48,1,61097.2899936992,1000
R_dipaxis_s0.2,f0188a48,2,119696.0821827364,1000
R_dipaxis_s0.2,f0188a48,3,275881.42195030954,1000
R_dipaxis_s0.2,f0188a48,4,35688.44753927215,171
R_dipaxis_s0.1,c908edd0,0,14444.316580143184,999
R_dipaxis_s0.1,c908edd0,1,32356.920461790596,1000
R_dipaxis_s0.1,c908edd0,2,4983.651396284426,1000
R_dipaxis_s0.1,c908edd0,3,67475.71652425213,1000
R_dipaxis_s0.1,c908edd0,4,244530.59819610248,1000
R_dipaxis_s0.1,c908edd0,5,130359.27224736683,294
R_dipaxis_s0.15,c908edd0,0,12068.581466915033,999
R_dipaxis_s0.15,c908edd0,1,25534.203454111368,1000
R_dipaxis_s0.15,c908edd0,2,9970.088829590066,1000
R_dipaxis_s0.15,c908edd0,3,85721.2410792576,1000
R_dipaxis_s0.15,c908edd0,4,277445.5600823554,1000
R_dipaxis_s0.15,c908edd0,5,142351.27415039763,294
R_dipaxis_s0.2,c908edd0,0,9918.309684818696,999
R_dipaxis_s0.2,c908edd0,1,20074.532354046507,1000
R_dipaxis_s0.2,c908edd0,2,17152.641586338577,1000
R_dipaxis_s0.2,c908edd0,3,107647.04469618498,1000
R_dipaxis_s0.2,c908edd0,4,312490.73012741527,1000
R_dipaxis_s0.2,c908edd0,5,154871.17070632987,294
R_dipaxis_s0.1,1619e2ca,0,15743.419542200467,999
R_dipaxis_s0.1,1619e2ca,1,31308.438971827953,1000
R_dipaxis_s0.1,1619e2ca,2,145325.47085324238,1000
R_dipaxis_s0.1,1619e2ca,3,40046.154897656925,1000
R_dipaxis_s0.1,1619e2ca,4,31927.423507269676,444
R_dipaxis_s0.15,1619e2ca,0,14876.095483290728,999
R_dipaxis_s0.15,1619e2ca,1,30209.420759270553,1000
R_dipaxis_s0.15,1619e2ca,2,146642.07506908805,1000
R_dipaxis_s0.15,1619e2ca,3,36455.35821120583,1000
R_dipaxis_s0.15,1619e2ca,4,37861.09118821298,444
R_dipaxis_s0.2,1619e2ca,0,14034.194637706054,999
R_dipaxis_s0.2,1619e2ca,1,29351.897347734404,1000
R_dipaxis_s0.2,1619e2ca,2,148133.82267775692,1000
R_dipaxis_s0.2,1619e2ca,3,35283.98373456758,1000
R_dipaxis_s0.2,1619e2ca,4,44333.86232069755,444
R_dipaxis_s0.1,4936af16,0,4544.092714058215,999
R_dipaxis_s0.1,4936af16,1,7857.121040878982,1000
R_dipaxis_s0.1,4936af16,2,17364.050236895146,1000
R_dipaxis_s0.1,4936af16,3,55811.387486143045,992
R_dipaxis_s0.15,4936af16,0,4392.848880165256,999
R_dipaxis_s0.15,4936af16,1,7434.207831995265,1000
R_dipaxis_s0.15,4936af16,2,15242.401246767804,1000
R_dipaxis_s0.15,4936af16,3,50062.16511290864,992
R_dipaxis_s0.2,4936af16,0,4297.202585657648,999
R_dipaxis_s0.2,4936af16,1,7187.890203562535,1000
R_dipaxis_s0.2,4936af16,2,13343.541984258341,1000
R_dipaxis_s0.2,4936af16,3,44669.397162136884,992
R_dipaxis_s0.1,5d11dfb5,0,2682.7769779465575,999
R_dipaxis_s0.1,5d11dfb5,1,8771.093898790661,1000
R_dipaxis_s0.1,5d11dfb5,2,36664.42718409507,1000
R_dipaxis_s0.1,5d11dfb5,3,90889.05111377386,1000
R_dipaxis_s0.1,5d11dfb5,4,251352.0306939384,1000
R_dipaxis_s0.1,5d11dfb5,5,149129.72064036992,896
R_dipaxis_s0.15,5d11dfb5,0,3223.6817506117427,999
R_dipaxis_s0.15,5d11dfb5,1,7959.085958098343,1000
R_dipaxis_s0.15,5d11dfb5,2,25639.762060223602,1000
R_dipaxis_s0.15,5d11dfb5,3,109411.2836964417,1000
R_dipaxis_s0.15,5d11dfb5,4,288480.7801157981,1000
R_dipaxis_s0.15,5d11dfb5,5,120709.51270689529,896
R_dipaxis_s0.2,5d11dfb5,0,3827.330279071074,999
R_dipaxis_s0.2,5d11dfb5,1,7745.907690680907,1000
R_dipaxis_s0.2,5d11dfb5,2,17445.046025742184,1000
R_dipaxis_s0.2,5d11dfb5,3,131118.3405629613,1000
R_dipaxis_s0.2,5d11dfb5,4,329005.63272091124,1000
R_dipaxis_s0.2,5d11dfb5,5,100129.43067098298,896
R_dipaxis_s0.1,56b00794,0,168813.38122712114,999
R_dipaxis_s0.1,56b00794,1,442468.98956789076,1000
R_dipaxis_s0.1,56b00794,2,580235.9184832477,1000
R_dipaxis_s0.1,56b00794,3,1480155.8087892833,1000
R_dipaxis_s0.1,56b00794,4,1850495.4496169053,1000
R_dipaxis_s0.1,56b00794,5,1495019.8480177384,1000
R_dipaxis_s0.1,56b00794,6,61891.906264190024,66
R_dipaxis_s0.15,56b00794,0,157392.3705891492,999
R_dipaxis_s0.15,56b00794,1,431660.4794426502,1000
R_dipaxis_s0.15,56b00794,2,588292.2258217377,1000
R_dipaxis_s0.15,56b00794,3,1498946.537967905,1000
R_dipaxis_s0.15,56b00794,4,1962473.1812546148,1000
R_dipaxis_s0.15,56b00794,5,1716929.9972972728,1000
R_dipaxis_s0.15,56b00794,6,77794.05481714573,66
R_dipaxis_s0.2,56b00794,0,146373.8626168271,999
R_dipaxis_s0.2,56b00794,1,421122.4782112954,1000
R_dipaxis_s0.2,56b00794,2,596412.3653914841,1000
R_dipaxis_s0.2,56b00794,3,1517875.7825691921,1000
R_dipaxis_s0.2,56b00794,4,2078225.7189785007,1000
R_dipaxis_s0.2,56b00794,5,1955085.9605239297,1000
R_dipaxis_s0.2,56b00794,6,95513.17161734201,66
R_dipaxis_s0.1,5f4d2a52,0,11588.094328662888,999
R_dipaxis_s0.1,5f4d2a52,1,283138.54785110924,1000
R_dipaxis_s0.1,5f4d2a52,2,2417500.1655486375,1000
R_dipaxis_s0.1,5f4d2a52,3,4610857.730770547,1000
R_dipaxis_s0.1,5f4d2a52,4,6501699.2699552765,1000
R_dipaxis_s0.1,5f4d2a52,5,767837.4449627908,226
R_dipaxis_s0.15,5f4d2a52,0,9297.21240081658,999
R_dipaxis_s0.15,5f4d2a52,1,246122.24423679648,1000
R_dipaxis_s0.15,5f4d2a52,2,2208766.5070045786,1000
R_dipaxis_s0.15,5f4d2a52,3,4240343.070218499,1000
R_dipaxis_s0.15,5f4d2a52,4,6061519.247128045,1000
R_dipaxis_s0.15,5f4d2a52,5,726998.208705214,226
R_dipaxis_s0.2,5f4d2a52,0,7266.68087818593,999
R_dipaxis_s0.2,5f4d2a52,1,211795.5184625732,1000
R_dipaxis_s0.2,5f4d2a52,2,2009462.4035149436,1000
R_dipaxis_s0.2,5f4d2a52,3,3885405.2553749117,1000
R_dipaxis_s0.2,5f4d2a52,4,5636796.341130919,1000
R_dipaxis_s0.2,5f4d2a52,5,687283.0293883191,226
R_dipaxis_s0.1,9a6b0392,0,6239.763504881995,999
R_dipaxis_s0.1,9a6b0392,1,950.3806886836029,1000
R_dipaxis_s0.1,9a6b0392,2,34703.97189749621,1000
R_dipaxis_s0.1,9a6b0392,3,121664.28693483018,1000
R_dipaxis_s0.1,9a6b0392,4,53408.83182728554,256
R_dipaxis_s0.15,9a6b0392,0,5349.765842860316,999
R_dipaxis_s0.15,9a6b0392,1,963.4755102028757,1000
R_dipaxis_s0.15,9a6b0392,2,34077.63264931128,1000
R_dipaxis_s0.15,9a6b0392,3,128739.5713815041,1000
R_dipaxis_s0.15,9a6b0392,4,53868.36780538261,256
R_dipaxis_s0.2,9a6b0392,0,4589.979737863498,999
R_dipaxis_s0.2,9a6b0392,1,1041.1389165072337,1000
R_dipaxis_s0.2,9a6b0392,2,33698.9314698369,1000
R_dipaxis_s0.2,9a6b0392,3,136050.76484768325,1000
R_dipaxis_s0.2,9a6b0392,4,54332.24752644752,256
R_dipaxis_s0.1,9298ad5b,0,17525.824895661466,999
R_dipaxis_s0.1,9298ad5b,1,43443.518245738174,1000
R_dipaxis_s0.1,9298ad5b,2,445237.0413133111,1000
R_dipaxis_s0.1,9298ad5b,3,60383.863446890035,965
R_dipaxis_s0.15,9298ad5b,0,14296.294150026231,999
R_dipaxis_s0.15,9298ad5b,1,34252.76830743844,1000
R_dipaxis_s0.15,9298ad5b,2,398618.386317395,1000
R_dipaxis_s0.15,9298ad5b,3,71481.5799947576,965
R_dipaxis_s0.2,9298ad5b,0,11400.55240874653,999
R_dipaxis_s0.2,9298ad5b,1,26234.970628358245,1000
R_dipaxis_s0.2,9298ad5b,2,354620.21711975883,1000
R_dipaxis_s0.2,9298ad5b,3,84035.26982557346,965
R_dipaxis_s0.1,7b38844c,0,98204.69584247777,999
R_dipaxis_s0.1,7b38844c,1,40989.82268776535,1000
R_dipaxis_s0.1,7b38844c,2,18436.157269443163,1000
R_dipaxis_s0.1,7b38844c,3,12880.53632375571,750
R_dipaxis_s0.15,7b38844c,0,91539.61323506825,999
R_dipaxis_s0.15,7b38844c,1,35494.27795501774,1000
R_dipaxis_s0.15,7b38844c,2,16343.11149963198,1000
R_dipaxis_s0.15,7b38844c,3,11389.701516882013,750
R_dipaxis_s0.2,7b38844c,0,85116.87544189411,999
R_dipaxis_s0.2,7b38844c,1,30419.29800451723,1000
R_dipaxis_s0.2,7b38844c,2,14376.974460132931,1000
R_dipaxis_s0.2,7b38844c,3,9992.08609750753,750
R_dipaxis_s0.1,4cecf7b3,0,25940.672443143874,999
R_dipaxis_s0.1,4cecf7b3,1,22282.941285358884,1000
R_dipaxis_s0.1,4cecf7b3,2,125123.69165488478,1000
R_dipaxis_s0.1,4cecf7b3,3,136039.27315407543,1000
R_dipaxis_s0.1,4cecf7b3,4,104190.9164924041,1000
R_dipaxis_s0.1,4cecf7b3,5,79628.8011899684,1000
R_dipaxis_s0.1,4cecf7b3,6,6527.859153108825,20
R_dipaxis_s0.15,4cecf7b3,0,23477.095982164523,999
R_dipaxis_s0.15,4cecf7b3,1,20865.47437553001,1000
R_dipaxis_s0.15,4cecf7b3,2,128891.14732978068,1000
R_dipaxis_s0.15,4cecf7b3,3,158755.0743740081,1000
R_dipaxis_s0.15,4cecf7b3,4,117251.08988742132,1000
R_dipaxis_s0.15,4cecf7b3,5,77180.76112796384,1000
R_dipaxis_s0.15,4cecf7b3,6,6745.962092192924,20
R_dipaxis_s0.2,4cecf7b3,0,21173.97356615107,999
R_dipaxis_s0.2,4cecf7b3,1,20420.85199736238,1000
R_dipaxis_s0.2,4cecf7b3,2,134367.82483631294,1000
R_dipaxis_s0.2,4cecf7b3,3,183776.0319225345,1000
R_dipaxis_s0.2,4cecf7b3,4,132292.3096816465,1000
R_dipaxis_s0.2,4cecf7b3,5,78572.18406130013,1000
R_dipaxis_s0.2,4cecf7b3,6,6967.654139630378,20
R_dipaxis_s0.1,8b9d8326,0,22992.777000103895,999
R_dipaxis_s0.1,8b9d8326,1,32404.916820137907,1000
R_dipaxis_s0.1,8b9d8326,2,15450.292860416208,1000
R_dipaxis_s0.1,8b9d8326,3,19952.688968781054,1000
R_dipaxis_s0.1,8b9d8326,4,12298.68856684949,1000
R_dipaxis_s0.1,8b9d8326,5,73198.82912546124,1000
R_dipaxis_s0.1,8b9d8326,6,15344.238609983326,164
R_dipaxis_s0.15,8b9d8326,0,21312.270962003324,999
R_dipaxis_s0.15,8b9d8326,1,37276.46084560519,1000
R_dipaxis_s0.15,8b9d8326,2,24626.581124849465,1000
R_dipaxis_s0.15,8b9d8326,3,29964.33323913332,1000
R_dipaxis_s0.15,8b9d8326,4,12364.344555542266,1000
R_dipaxis_s0.15,8b9d8326,5,44130.680020085754,1000
R_dipaxis_s0.15,8b9d8326,6,9994.955427541383,164
R_dipaxis_s0.2,8b9d8326,0,19721.298365132247,999
R_dipaxis_s0.2,8b9d8326,1,42812.43231466849,1000
R_dipaxis_s0.2,8b9d8326,2,36073.856112098874,1000
R_dipaxis_s0.2,8b9d8326,3,42163.190333458435,1000
R_dipaxis_s0.2,8b9d8326,4,15789.457047748818,1000
R_dipaxis_s0.2,8b9d8326,5,22499.475569310074,1000
R_dipaxis_s0.2,8b9d8326,6,5788.700720144056,164
R_dipaxis_s0.1,bf39bc20,0,12417.118409794477,999
R_dipaxis_s0.1,bf39bc20,1,182977.58375369658,1000
R_dipaxis_s0.1,bf39bc20,2,6662.590563240042,1000
R_dipaxis_s0.1,bf39bc20,3,14351.207124229657,304
R_dipaxis_s0.15,bf39bc20,0,10738.068949267617,999
R_dipaxis_s0.15,bf39bc20,1,202626.89168453377,1000
R_dipaxis_s0.15,bf39bc20,2,11534.787889636169,1000
R_dipaxis_s0.15,bf39bc20,3,6221.210248825403,304
R_dipaxis_s0.2,bf39bc20,0,9879.027278458903,999
R_dipaxis_s0.2,bf39bc20,1,224530.88991802823,1000
R_dipaxis_s0.2,bf39bc20,2,24717.45271255101,1000
R_dipaxis_s0.2,bf39bc20,3,2098.1966150762764,304
R_dipaxis_s0.1,77b0d905,0,102829.1480042372,999
R_dipaxis_s0.1,77b0d905,1,80896.82635238585,1000
R_dipaxis_s0.1,77b0d905,2,96894.74264932008,1000
R_dipaxis_s0.1,77b0d905,3,155635.1818079691,1000
R_dipaxis_s0.1,77b0d905,4,23427.735729852982,175
R_dipaxis_s0.15,77b0d905,0,87579.5991159083,999
R_dipaxis_s0.15,77b0d905,1,59929.614340198335,1000
R_dipaxis_s0.15,77b0d905,2,69823.9787572157,1000
R_dipaxis_s0.15,77b0d905,3,120598.62944258517,1000
R_dipaxis_s0.15,77b0d905,4,17865.02444437742,175
R_dipaxis_s0.2,77b0d905,0,73622.5634672859,999
R_dipaxis_s0.2,77b0d905,1,42280.73970242818,1000
R_dipaxis_s0.2,77b0d905,2,47295.740653940025,1000
R_dipaxis_s0.2,77b0d905,3,90057.28989762584,1000
R_dipaxis_s0.2,77b0d905,4,13056.175225302044,175
R_dipaxis_s0.1,a4cdbb0f,0,3161.7585193074424,999
R_dipaxis_s0.1,a4cdbb0f,1,201370.80081054443,1000
R_dipaxis_s0.1,a4cdbb0f,2,100454.82322907893,1000
R_dipaxis_s0.1,a4cdbb0f,3,131361.56522849898,1000
R_dipaxis_s0.1,a4cdbb0f,4,149860.33265109453,1000
R_dipaxis_s0.1,a4cdbb0f,5,3051.5013131880796,205
R_dipaxis_s0.15,a4cdbb0f,0,2433.0837387173915,999
R_dipaxis_s0.15,a4cdbb0f,1,188863.3061237407,1000
R_dipaxis_s0.15,a4cdbb0f,2,96876.68690573852,1000
R_dipaxis_s0.15,a4cdbb0f,3,125037.92773277166,1000
R_dipaxis_s0.15,a4cdbb0f,4,147663.51064175786,1000
R_dipaxis_s0.15,a4cdbb0f,5,1852.643529815495,205
R_dipaxis_s0.2,a4cdbb0f,0,1815.2182646321467,999
R_dipaxis_s0.2,a4cdbb0f,1,176792.99044221523,1000
R_dipaxis_s0.2,a4cdbb0f,2,93367.38849047622,1000
R_dipaxis_s0.2,a4cdbb0f,3,118882.18863039861,1000
R_dipaxis_s0.2,a4cdbb0f,4,145932.57347583343,1000
R_dipaxis_s0.2,a4cdbb0f,5,952.7597197982664,205
R_dipaxis_s0.1,084d66f9,0,11256.624428532448,999
R_dipaxis_s0.1,084d66f9,1,51165.92895980904,1000
R_dipaxis_s0.1,084d66f9,2,264417.1515646788,1000
R_dipaxis_s0.1,084d66f9,3,131631.8854751307,886
R_dipaxis_s0.15,084d66f9,0,10944.125788007746,999
R_dipaxis_s0.15,084d66f9,1,53348.223033843584,1000
R_dipaxis_s0.15,084d66f9,2,274213.29919202754,1000
R_dipaxis_s0.15,084d66f9,3,129739.62413133522,886
R_dipaxis_s0.2,084d66f9,0,10707.091510954591,999
R_dipaxis_s0.2,084d66f9,1,55956.11497062588,1000
R_dipaxis_s0.2,084d66f9,2,284377.377282702,1000
R_dipaxis_s0.2,084d66f9,3,128742.02999996475,886
R_dipaxis_s0.1,9efc812e,0,5288.320465284778,999
R_dipaxis_s0.1,9efc812e,1,75784.7912253599,1000
R_dipaxis_s0.1,9efc812e,2,210214.3934366939,1000
R_dipaxis_s0.1,9efc812e,3,340370.304105901,1000
R_dipaxis_s0.1,9efc812e,4,30372.13375893416,451
R_dipaxis_s0.15,9efc812e,0,4101.600927684667,999
R_dipaxis_s0.15,9efc812e,1,97935.41492657119,1000
R_dipaxis_s0.15,9efc812e,2,286693.4683297414,1000
R_dipaxis_s0.15,9efc812e,3,513776.9040879114,1000
R_dipaxis_s0.15,9efc812e,4,94420.17017091082,451
R_dipaxis_s0.2,9efc812e,0,3659.251909924276,999
R_dipaxis_s0.2,9efc812e,1,122978.55668679958,1000
R_dipaxis_s0.2,9efc812e,2,375193.842905918,1000
R_dipaxis_s0.2,9efc812e,3,724550.2763892896,1000
R_dipaxis_s0.2,9efc812e,4,197055.94723789653,451
R_dipaxis_s0.1,95c8427f,0,328794.50663598144,999
R_dipaxis_s0.1,95c8427f,1,1064634.773621737,1000
R_dipaxis_s0.1,95c8427f,2,858286.9581922437,1000
R_dipaxis_s0.1,95c8427f,3,696515.0757137259,1000
R_dipaxis_s0.1,95c8427f,4,1468368.315495754,1000
R_dipaxis_s0.1,95c8427f,5,542665.2898501769,1000
R_dipaxis_s0.1,95c8427f,6,167226.98795763752,336
R_dipaxis_s0.15,95c8427f,0,316054.52945938695,999
R_dipaxis_s0.15,95c8427f,1,1039798.8193753653,1000
R_dipaxis_s0.15,95c8427f,2,879148.8503358598,1000
R_dipaxis_s0.15,95c8427f,3,748504.8555199152,1000
R_dipaxis_s0.15,95c8427f,4,1537343.824598404,1000
R_dipaxis_s0.15,95c8427f,5,645612.7435883296,1000
R_dipaxis_s0.15,95c8427f,6,204401.18660566126,336
R_dipaxis_s0.2,95c8427f,0,303580.5153864027,999
R_dipaxis_s0.2,95c8427f,1,1015292.6091241676,1000
R_dipaxis_s0.2,95c8427f,2,900412.7347444772,1000
R_dipaxis_s0.2,95c8427f,3,802419.1607256476,1000
R_dipaxis_s0.2,95c8427f,4,1608113.9823709067,1000
R_dipaxis_s0.2,95c8427f,5,758294.3707351933,1000
R_dipaxis_s0.2,95c8427f,6,245307.01966648645,336
R_dipaxis_s0.1,a3518960,0,33458.88024736156,999
R_dipaxis_s0.1,a3518960,1,115941.7776335082,1000
R_dipaxis_s0.1,a3518960,2,15469.91171517299,1000
R_dipaxis_s0.1,a3518960,3,28750.177423665828,1000
R_dipaxis_s0.1,a3518960,4,27337.592040195766,968
R_dipaxis_s0.15,a3518960,0,31101.592099226174,999
R_dipaxis_s0.15,a3518960,1,106936.67024422172,1000
R_dipaxis_s0.15,a3518960,2,14785.274785401187,1000
R_dipaxis_s0.15,a3518960,3,25996.890457688085,1000
R_dipaxis_s0.15,a3518960,4,28855.714189459646,968
R_dipaxis_s0.2,a3518960,0,28833.478236548617,999
R_dipaxis_s0.2,a3518960,1,98297.96431758042,1000
R_dipaxis_s0.2,a3518960,2,14202.709464057882,1000
R_dipaxis_s0.2,a3518960,3,23385.644273171605,1000
R_dipaxis_s0.2,a3518960,4,30644.61749150071,968
R_dipaxis_s0.1,ce55ba43,0,58235.16120210196,999
R_dipaxis_s0.1,ce55ba43,1,270086.00523301493,1000
R_dipaxis_s0.1,ce55ba43,2,57419.660487082045,1000
R_dipaxis_s0.1,ce55ba43,3,248639.80850102802,1000
R_dipaxis_s0.1,ce55ba43,4,26766.663757614097,105
R_dipaxis_s0.15,ce55ba43,0,52171.260921130124,999
R_dipaxis_s0.15,ce55ba43,1,243593.25693034116,1000
R_dipaxis_s0.15,ce55ba43,2,46244.25088595375,1000
R_dipaxis_s0.15,ce55ba43,3,214993.32421037613,1000
R_dipaxis_s0.15,ce55ba43,4,23557.422289640905,105
R_dipaxis_s0.2,ce55ba43,0,46447.45588547412,999
R_dipaxis_s0.2,ce55ba43,1,218473.94881487804,1000
R_dipaxis_s0.2,ce55ba43,2,36401.198788377515,1000
R_dipaxis_s0.2,ce55ba43,3,183904.77345894463,1000
R_dipaxis_s0.2,ce55ba43,4,20553.162857147403,105
R_dipaxis_s0.1,8c167025,0,39321.44000059516,999
R_dipaxis_s0.1,8c167025,1,11428.728585259472,1000
R_dipaxis_s0.1,8c167025,2,34820.34222529848,1000
R_dipaxis_s0.1,8c167025,3,397869.63629070326,1000
R_dipaxis_s0.1,8c167025,4,402430.06345693907,1000
R_dipaxis_s0.1,8c167025,5,42682.146851700236,369
R_dipaxis_s0.15,8c167025,0,31582.033248667165,999
R_dipaxis_s0.15,8c167025,1,9517.829440460753,1000
R_dipaxis_s0.15,8c167025,2,31223.405137464517,1000
R_dipaxis_s0.15,8c167025,3,393801.8337373388,1000
R_dipaxis_s0.15,8c167025,4,433128.5116754982,1000
R_dipaxis_s0.15,8c167025,5,62217.56200543543,369
R_dipaxis_s0.2,8c167025,0,24697.388161921303,999
R_dipaxis_s0.2,8c167025,1,7957.84117070867,1000
R_dipaxis_s0.2,8c167025,2,27917.84764930647,1000
R_dipaxis_s0.2,8c167025,3,389777.42048482515,1000
R_dipaxis_s0.2,8c167025,4,466101.82695411233,1000
R_dipaxis_s0.2,8c167025,5,85462.13411109346,369
R_dipaxis_s0.1,c8d9680c,0,76654.18529036766,999
R_dipaxis_s0.1,c8d9680c,1,1300084.8140378287,1000
R_dipaxis_s0.1,c8d9680c,2,2266318.1694108737,1000
R_dipaxis_s0.1,c8d9680c,3,2051600.8881860347,1000
R_dipaxis_s0.1,c8d9680c,4,2496427.7115213242,1000
R_dipaxis_s0.1,c8d9680c,5,2779062.3959335433,1000
R_dipaxis_s0.1,c8d9680c,6,432448.493107272,282
R_dipaxis_s0.15,c8d9680c,0,78029.46937729583,999
R_dipaxis_s0.15,c8d9680c,1,1279075.8167888992,1000
R_dipaxis_s0.15,c8d9680c,2,2207419.0734014274,1000
R_dipaxis_s0.15,c8d9680c,3,2026926.880057273,1000
R_dipaxis_s0.15,c8d9680c,4,2526163.595536833,1000
R_dipaxis_s0.15,c8d9680c,5,2794803.03952137,1000
R_dipaxis_s0.15,c8d9680c,6,449757.749296964,282
R_dipaxis_s0.2,c8d9680c,0,79646.3371920525,999
R_dipaxis_s0.2,c8d9680c,1,1258308.434261385,1000
R_dipaxis_s0.2,c8d9680c,2,2149304.3696820443,1000
R_dipaxis_s0.2,c8d9680c,3,2002447.2969806395,1000
R_dipaxis_s0.2,c8d9680c,4,2556118.5077222134,1000
R_dipaxis_s0.2,c8d9680c,5,2810669.6336232056,1000
R_dipaxis_s0.2,c8d9680c,6,467413.4193106886,282
R_dipaxis_s0.1,89969c7a,0,7413.585646792869,999
R_dipaxis_s0.1,89969c7a,1,63638.30087552307,1000
R_dipaxis_s0.1,89969c7a,2,40507.07133674022,1000
R_dipaxis_s0.1,89969c7a,3,124555.15925318215,1000
R_dipaxis_s0.1,89969c7a,4,75828.14518382863,948
R_dipaxis_s0.15,89969c7a,0,6767.185410057346,999
R_dipaxis_s0.15,89969c7a,1,58247.0354524872,1000
R_dipaxis_s0.15,89969c7a,2,36954.63041031046,1000
R_dipaxis_s0.15,89969c7a,3,121227.97251041312,1000
R_dipaxis_s0.15,89969c7a,4,81125.84741250116,948
R_dipaxis_s0.2,89969c7a,0,6151.110833232809,999
R_dipaxis_s0.2,89969c7a,1,53133.27275558781,1000
R_dipaxis_s0.2,89969c7a,2,33577.31955401219,1000
R_dipaxis_s0.2,89969c7a,3,117983.90652141026,1000
R_dipaxis_s0.2,89969c7a,4,88633.32483234789,948
R_dipaxis_s0.1,c9578d27,0,43017.30533657458,999
R_dipaxis_s0.1,c9578d27,1,67498.12237962655,1000
R_dipaxis_s0.1,c9578d27,2,369798.6095337341,1000
R_dipaxis_s0.1,c9578d27,3,37799.502783414246,1000
R_dipaxis_s0.1,c9578d27,4,4269.871996767647,488
R_dipaxis_s0.15,c9578d27,0,37664.11798121505,999
R_dipaxis_s0.15,c9578d27,1,68287.21901771576,1000
R_dipaxis_s0.15,c9578d27,2,393555.30864533794,1000
R_dipaxis_s0.15,c9578d27,3,53895.3157085219,1000
R_dipaxis_s0.15,c9578d27,4,5896.4836825867515,488
R_dipaxis_s0.2,c9578d27,0,32685.593676758122,999
R_dipaxis_s0.2,c9578d27,1,69605.43418798923,1000
R_dipaxis_s0.2,c9578d27,2,418908.9062867641,1000
R_dipaxis_s0.2,c9578d27,3,74903.95535589589,1000
R_dipaxis_s0.2,c9578d27,4,9475.320126696446,488
R_dipaxis_s0.1,b37fd114,0,30248.768732159926,999
R_dipaxis_s0.1,b37fd114,1,121116.92937352622,1000
R_dipaxis_s0.1,b37fd114,2,201085.35389296446,1000
R_dipaxis_s0.1,b37fd114,3,1167440.0130733708,1000
R_dipaxis_s0.1,b37fd114,4,573764.1897042509,1000
R_dipaxis_s0.1,b37fd114,5,935016.542959553,1000
R_dipaxis_s0.1,b37fd114,6,584536.7134865985,1000
R_dipaxis_s0.1,b37fd114,7,950665.4557623223,1000
R_dipaxis_s0.1,b37fd114,8,85016.58318585566,162
R_dipaxis_s0.15,b37fd114,0,25620.039422556754,999
R_dipaxis_s0.15,b37fd114,1,107686.04862898232,1000
R_dipaxis_s0.15,b37fd114,2,186566.66869712644,1000
R_dipaxis_s0.15,b37fd114,3,1039007.2682527103,1000
R_dipaxis_s0.15,b37fd114,4,510240.47055981966,1000
R_dipaxis_s0.15,b37fd114,5,895889.3564157692,1000
R_dipaxis_s0.15,b37fd114,6,597333.6812114208,1000
R_dipaxis_s0.15,b37fd114,7,993042.5362265916,1000
R_dipaxis_s0.15,b37fd114,8,96397.16901191039,162
R_dipaxis_s0.2,b37fd114,0,21382.50876249917,999
R_dipaxis_s0.2,b37fd114,1,95061.79489689838,1000
R_dipaxis_s0.2,b37fd114,2,172602.91267307408,1000
R_dipaxis_s0.2,b37fd114,3,918103.5460604819,1000
R_dipaxis_s0.2,b37fd114,4,450587.6997843462,1000
R_dipaxis_s0.2,b37fd114,5,857787.6140562787,1000
R_dipaxis_s0.2,b37fd114,6,610452.4147239196,1000
R_dipaxis_s0.2,b37fd114,7,1036486.0828129454,1000
R_dipaxis_s0.2,b37fd114,8,108498.24786004741,162
R_dipaxis_s0.1,2e63d9de,0,105365.74319561225,999
R_dipaxis_s0.1,2e63d9de,1,86002.29881412709,1000
R_dipaxis_s0.1,2e63d9de,2,41212.37699965355,1000
R_dipaxis_s0.1,2e63d9de,3,234833.81112582877,1000
R_dipaxis_s0.1,2e63d9de,4,76500.33532020901,700
R_dipaxis_s0.15,2e63d9de,0,93464.7386605866,999
R_dipaxis_s0.15,2e63d9de,1,77672.95471656161,1000
R_dipaxis_s0.15,2e63d9de,2,30833.113304370894,1000
R_dipaxis_s0.15,2e63d9de,3,169946.1242534185,1000
R_dipaxis_s0.15,2e63d9de,4,39501.26150690956,700
R_dipaxis_s0.2,2e63d9de,0,82288.13263700603,999
R_dipaxis_s0.2,2e63d9de,1,69808.85571591074,1000
R_dipaxis_s0.2,2e63d9de,2,22518.306612349275,1000
R_dipaxis_s0.2,2e63d9de,3,115739.3313574559,1000
R_dipaxis_s0.2,2e63d9de,4,16097.038444673703,700
R_dipaxis_s0.1,4fbe9c06,0,962.684532087565,999
R_dipaxis_s0.1,4fbe9c06,1,13594.898612432768,1000
R_dipaxis_s0.1,4fbe9c06,2,256927.9657646012,1000
R_dipaxis_s0.1,4fbe9c06,3,303189.9007669208,1000
R_dipaxis_s0.1,4fbe9c06,4,276096.694751391,1000
R_dipaxis_s0.1,4fbe9c06,5,66835.90565363219,1000
R_dipaxis_s0.1,4fbe9c06,6,5397.350047442727,288
R_dipaxis_s0.15,4fbe9c06,0,1338.4629326506533,999
R_dipaxis_s0.15,4fbe9c06,1,13895.70128775448,1000
R_dipaxis_s0.15,4fbe9c06,2,245972.56342058405,1000
R_dipaxis_s0.15,4fbe9c06,3,289366.1954246799,1000
R_dipaxis_s0.15,4fbe9c06,4,260757.73737139796,1000
R_dipaxis_s0.15,4fbe9c06,5,63309.346386058714,1000
R_dipaxis_s0.15,4fbe9c06,6,4849.919597228011,288
R_dipaxis_s0.2,4fbe9c06,0,1796.3555562263516,999
R_dipaxis_s0.2,4fbe9c06,1,14238.123342480838,1000
R_dipaxis_s0.2,4fbe9c06,2,235259.1840256925,1000
R_dipaxis_s0.2,4fbe9c06,3,275866.2240653107,1000
R_dipaxis_s0.2,4fbe9c06,4,245857.91708761893,1000
R_dipaxis_s0.2,4fbe9c06,5,59988.684122226565,1000
R_dipaxis_s0.2,4fbe9c06,6,4332.349064388747,288
R_dipaxis_s0.1,5397ceb1,0,125934.28303770669,999
R_dipaxis_s0.1,5397ceb1,1,27486.449835214727,1000
R_dipaxis_s0.1,5397ceb1,2,4350.038185059143,1000
R_dipaxis_s0.1,5397ceb1,3,4501.74740355896,1000
R_dipaxis_s0.1,5397ceb1,4,154842.7664317226,1000
R_dipaxis_s0.1,5397ceb1,5,37959.71313766314,256
R_dipaxis_s0.15,5397ceb1,0,113897.1642951623,999
R_dipaxis_s0.15,5397ceb1,1,25785.65168657337,1000
R_dipaxis_s0.15,5397ceb1,2,4281.526581955621,1000
R_dipaxis_s0.15,5397ceb1,3,4721.675560461965,1000
R_dipaxis_s0.15,5397ceb1,4,130633.14847581569,1000
R_dipaxis_s0.15,5397ceb1,5,33448.55714998788,256
R_dipaxis_s0.2,5397ceb1,0,102474.18307834957,999
R_dipaxis_s0.2,5397ceb1,1,24146.468660433424,1000
R_dipaxis_s0.2,5397ceb1,2,4256.752948430388,1000
R_dipaxis_s0.2,5397ceb1,3,5194.310187447286,1000
R_dipaxis_s0.2,5397ceb1,4,108509.11063873643,1000
R_dipaxis_s0.2,5397ceb1,5,29223.101257977138,256
R_dipaxis_s0.1,9dfff011,0,15697.086491257332,999
R_dipaxis_s0.1,9dfff011,1,59238.89341820639,1000
R_dipaxis_s0.1,9dfff011,2,48133.74330811303,1000
R_dipaxis_s0.1,9dfff011,3,2532.2678370577137,1000
R_dipaxis_s0.1,9dfff011,4,587.078125912361,320
R_dipaxis_s0.15,9dfff011,0,18240.50116902064,999
R_dipaxis_s0.15,9dfff011,1,77881.65223903953,1000
R_dipaxis_s0.15,9dfff011,2,63117.10226626936,1000
R_dipaxis_s0.15,9dfff011,3,10342.422942539022,1000
R_dipaxis_s0.15,9dfff011,4,6461.448827831531,320
R_dipaxis_s0.2,9dfff011,0,21293.873634871816,999
R_dipaxis_s0.2,9dfff011,1,99400.59920102247,1000
R_dipaxis_s0.2,9dfff011,2,82778.71376049114,1000
R_dipaxis_s0.2,9dfff011,3,28717.68967265783,1000
R_dipaxis_s0.2,9dfff011,4,18687.62405572713,320
R_dipaxis_s0.1,9d5e14d4,0,101834.01811049452,999
R_dipaxis_s0.1,9d5e14d4,1,145575.03766154588,1000
R_dipaxis_s0.1,9d5e14d4,2,467104.7099516422,1000
R_dipaxis_s0.1,9d5e14d4,3,1129839.9075222958,1000
R_dipaxis_s0.1,9d5e14d4,4,1063510.4177117099,1000
R_dipaxis_s0.1,9d5e14d4,5,421307.79531784484,401
R_dipaxis_s0.15,9d5e14d4,0,89437.56723413804,999
R_dipaxis_s0.15,9d5e14d4,1,129182.73839274501,1000
R_dipaxis_s0.15,9d5e14d4,2,400484.304566184,1000
R_dipaxis_s0.15,9d5e14d4,3,976499.6148252848,1000
R_dipaxis_s0.15,9d5e14d4,4,897730.9522856348,1000
R_dipaxis_s0.15,9d5e14d4,5,356971.5921104843,401
R_dipaxis_s0.2,9d5e14d4,0,77845.7312033778,999
R_dipaxis_s0.2,9d5e14d4,1,113791.1747242248,1000
R_dipaxis_s0.2,9d5e14d4,2,338994.6666732055,1000
R_dipaxis_s0.2,9d5e14d4,3,834367.4867561602,1000
R_dipaxis_s0.2,9d5e14d4,4,745992.6827382662,1000
R_dipaxis_s0.2,9d5e14d4,5,297963.74985893304,401
R_dipaxis_s0.1,2b034622,0,41289.02555804187,999
R_dipaxis_s0.1,2b034622,1,30042.26183739791,1000
R_dipaxis_s0.1,2b034622,2,74509.08136803318,1000
R_dipaxis_s0.1,2b034622,3,23985.825713771053,1000
R_dipaxis_s0.1,2b034622,4,24271.621503694987,1000
R_dipaxis_s0.1,2b034622,5,4320.21369266135,204
R_dipaxis_s0.15,2b034622,0,36263.29169546081,999
R_dipaxis_s0.15,2b034622,1,26812.489025238167,1000
R_dipaxis_s0.15,2b034622,2,70137.85301319588,1000
R_dipaxis_s0.15,2b034622,3,21929.300805448842,1000
R_dipaxis_s0.15,2b034622,4,20471.378969459936,1000
R_dipaxis_s0.15,2b034622,5,3373.757365885002,204
R_dipaxis_s0.2,2b034622,0,31565.075605142756,999
R_dipaxis_s0.2,2b034622,1,23772.10665917187,1000
R_dipaxis_s0.2,2b034622,2,65905.26639912094,1000
R_dipaxis_s0.2,2b034622,3,19978.161786986417,1000
R_dipaxis_s0.2,2b034622,4,17028.881211167663,1000
R_dipaxis_s0.2,2b034622,5,2544.1909570366643,204
R_dipaxis_s0.1,7a5660b0,0,65752.21130396874,999
R_dipaxis_s0.1,7a5660b0,1,175397.84992119606,1000
R_dipaxis_s0.1,7a5660b0,2,270607.78704865865,1000
R_dipaxis_s0.1,7a5660b0,3,286260.3276992641,1000
R_dipaxis_s0.1,7a5660b0,4,513601.8853071306,999
R_dipaxis_s0.15,7a5660b0,0,68968.95390040777,999
R_dipaxis_s0.15,7a5660b0,1,200324.750684296,1000
R_dipaxis_s0.15,7a5660b0,2,312825.98370422743,1000
R_dipaxis_s0.15,7a5660b0,3,349728.22568110295,1000
R_dipaxis_s0.15,7a5660b0,4,614473.418352347,999
R_dipaxis_s0.2,7a5660b0,0,72288.38295981716,999
R_dipaxis_s0.2,7a5660b0,1,226941.63604906542,1000
R_dipaxis_s0.2,7a5660b0,2,358225.85451395763,1000
R_dipaxis_s0.2,7a5660b0,3,419571.4634177499,1000
R_dipaxis_s0.2,7a5660b0,4,724792.5681586646,999
R_dipaxis_s0.1,15e154a1,0,357895.277919437,999
R_dipaxis_s0.1,15e154a1,1,648611.9160226479,1000
R_dipaxis_s0.1,15e154a1,2,828201.0432523816,1000
R_dipaxis_s0.1,15e154a1,3,186516.47148286208,1000
R_dipaxis_s0.1,15e154a1,4,503441.19993467344,1000
R_dipaxis_s0.1,15e154a1,5,868709.7673487015,1000
R_dipaxis_s0.1,15e154a1,6,37567.29693855252,69
R_dipaxis_s0.15,15e154a1,0,339556.6054357471,999
R_dipaxis_s0.15,15e154a1,1,633631.0894210942,1000
R_dipaxis_s0.15,15e154a1,2,824522.9556814798,1000
R_dipaxis_s0.15,15e154a1,3,211128.47116525317,1000
R_dipaxis_s0.15,15e154a1,4,531581.6353471297,1000
R_dipaxis_s0.15,15e154a1,5,934797.8020761287,1000
R_dipaxis_s0.15,15e154a1,6,44749.24223201771,69
R_dipaxis_s0.2,15e154a1,0,321733.5296897801,999
R_dipaxis_s0.2,15e154a1,1,618829.2708442815,1000
R_dipaxis_s0.2,15e154a1,2,821134.9559791784,1000
R_dipaxis_s0.2,15e154a1,3,237277.32484161804,1000
R_dipaxis_s0.2,15e154a1,4,560560.9364896632,1000
R_dipaxis_s0.2,15e154a1,5,1003765.4440389364,1000
R_dipaxis_s0.2,15e154a1,6,52560.57540827649,69
R_dipaxis_s0.1,85380836,0,14468.859015343736,999
R_dipaxis_s0.1,85380836,1,82375.86657533202,1000
R_dipaxis_s0.1,85380836,2,99384.14940615206,1000
R_dipaxis_s0.1,85380836,3,74291.2974107644,1000
R_dipaxis_s0.1,85380836,4,165725.87832894683,1000
R_dipaxis_s0.1,85380836,5,253002.71149002257,1000
R_dipaxis_s0.1,85380836,6,185248.32487227925,619
R_dipaxis_s0.15,85380836,0,13597.461005611263,999
R_dipaxis_s0.15,85380836,1,73941.68789457023,1000
R_dipaxis_s0.15,85380836,2,79705.1508272826,1000
R_dipaxis_s0.15,85380836,3,49702.59837085415,1000
R_dipaxis_s0.15,85380836,4,123006.55733006756,1000
R_dipaxis_s0.15,85380836,5,197145.55613096736,1000
R_dipaxis_s0.15,85380836,6,148697.56901168928,619
R_dipaxis_s0.2,85380836,0,12765.219250942264,999
R_dipaxis_s0.2,85380836,1,65983.81926819783,1000
R_dipaxis_s0.2,85380836,2,62330.15436045711,1000
R_dipaxis_s0.2,85380836,3,30133.008734091483,1000
R_dipaxis_s0.2,85380836,4,86810.70472229584,1000
R_dipaxis_s0.2,85380836,5,148286.54373588032,1000
R_dipaxis_s0.2,85380836,6,116165.0221199531,619
R_dipaxis_s0.1,521a7819,0,95340.4020662065,999
R_dipaxis_s0.1,521a7819,1,373625.5326720949,1000
R_dipaxis_s0.1,521a7819,2,527833.0428371667,1000
R_dipaxis_s0.1,521a7819,3,1010388.2944517755,1000
R_dipaxis_s0.1,521a7819,4,642189.3662423108,1000
R_dipaxis_s0.1,521a7819,5,56580.26798577614,201
R_dipaxis_s0.15,521a7819,0,82066.20859376912,999
R_dipaxis_s0.15,521a7819,1,327893.33709209604,1000
R_dipaxis_s0.15,521a7819,2,459065.8836926364,1000
R_dipaxis_s0.15,521a7819,3,918254.2423313404,1000
R_dipaxis_s0.15,521a7819,4,576731.8708593162,1000
R_dipaxis_s0.15,521a7819,5,48961.1289771294,201
R_dipaxis_s0.2,521a7819,0,69962.92138430696,999
R_dipaxis_s0.2,521a7819,1,285156.7171680736,1000
R_dipaxis_s0.2,521a7819,2,395144.7007393813,1000
R_dipaxis_s0.2,521a7819,3,830547.6221467059,1000
R_dipaxis_s0.2,521a7819,4,514896.5781735656,1000
R_dipaxis_s0.2,521a7819,5,41893.07780079395,201
R_dipaxis_s0.1,e2fc7745,0,131680.63704175438,999
R_dipaxis_s0.1,e2fc7745,1,441401.73926467943,1000
R_dipaxis_s0.1,e2fc7745,2,45642.48759409545,1000
R_dipaxis_s0.1,e2fc7745,3,1161.7486477586635,693
R_dipaxis_s0.15,e2fc7745,0,124267.38168301257,999
R_dipaxis_s0.15,e2fc7745,1,426267.445127362,1000
R_dipaxis_s0.15,e2fc7745,2,50939.14342571621,1000
R_dipaxis_s0.15,e2fc7745,3,1758.35503108192,693
R_dipaxis_s0.2,e2fc7745,0,117073.13270452355,999
R_dipaxis_s0.2,e2fc7745,1,411457.47621027177,1000
R_dipaxis_s0.2,e2fc7745,2,56708.03414705311,1000
R_dipaxis_s0.2,e2fc7745,3,2657.473554034354,693
R_dipaxis_s0.1,73348914,0,109128.31469400683,999
R_dipaxis_s0.1,73348914,1,56541.330607019925,1000
R_dipaxis_s0.1,73348914,2,31336.855655671017,1000
R_dipaxis_s0.1,73348914,3,52551.89474394979,1000
R_dipaxis_s0.1,73348914,4,6043.113198258164,222
R_dipaxis_s0.15,73348914,0,87569.37617030938,999
R_dipaxis_s0.15,73348914,1,37352.303564120135,1000
R_dipaxis_s0.15,73348914,2,14554.594224899776,1000
R_dipaxis_s0.15,73348914,3,34342.892850261574,1000
R_dipaxis_s0.15,73348914,4,3392.2427868160526,222
R_dipaxis_s0.2,73348914,0,68618.2377994776,999
R_dipaxis_s0.2,73348914,1,26259.00525694692,1000
R_dipaxis_s0.2,73348914,2,5806.795121723746,1000
R_dipaxis_s0.2,73348914,3,20013.359512795356,1000
R_dipaxis_s0.2,73348914,4,1501.8377349930638,222
R_dipaxis_s0.1,f6824bb0,0,4973.0270189066005,999
R_dipaxis_s0.1,f6824bb0,1,268051.8102009796,1000
R_dipaxis_s0.1,f6824bb0,2,266554.8041520289,1000
R_dipaxis_s0.1,f6824bb0,3,712510.3490545263,1000
R_dipaxis_s0.1,f6824bb0,4,444965.5803136436,1000
R_dipaxis_s0.1,f6824bb0,5,7572.232582046903,16
R_dipaxis_s0.15,f6824bb0,0,4690.470733092044,999
R_dipaxis_s0.15,f6824bb0,1,239808.03312000446,1000
R_dipaxis_s0.15,f6824bb0,2,236760.63394772954,1000
R_dipaxis_s0.15,f6824bb0,3,623632.3772543841,1000
R_dipaxis_s0.15,f6824bb0,4,379178.3978721365,1000
R_dipaxis_s0.15,f6824bb0,5,6321.417383541142,16
R_dipaxis_s0.2,f6824bb0,0,4465.695583765124,999
R_dipaxis_s0.2,f6824bb0,1,213179.0466513905,1000
R_dipaxis_s0.2,f6824bb0,2,208756.71682322776,1000
R_dipaxis_s0.2,f6824bb0,3,540677.3327359809,1000
R_dipaxis_s0.2,f6824bb0,4,318693.7337317548,1000
R_dipaxis_s0.2,f6824bb0,5,5183.439592016569,16
R_dipaxis_s0.1,b19b0395,0,84830.69106861761,999
R_dipaxis_s0.1,b19b0395,1,49571.89616866499,1000
R_dipaxis_s0.1,b19b0395,2,15661.331993519212,1000
R_dipaxis_s0.1,b19b0395,3,10595.613639719228,1000
R_dipaxis_s0.1,b19b0395,4,7545.862466767573,1000
R_dipaxis_s0.1,b19b0395,5,25540.41067860296,814
R_dipaxis_s0.15,b19b0395,0,69298.04121491114,999
R_dipaxis_s0.15,b19b0395,1,54582.546828831284,1000
R_dipaxis_s0.15,b19b0395,2,8253.893268667705,1000
R_dipaxis_s0.15,b19b0395,3,770.9132003569201,1000
R_dipaxis_s0.15,b19b0395,4,2197.3284514215443,1000
R_dipaxis_s0.15,b19b0395,5,1039.4031216510539,814
R_dipaxis_s0.2,b19b0395,0,55404.45773585603,999
R_dipaxis_s0.2,b19b0395,1,61553.12367288674,1000
R_dipaxis_s0.2,b19b0395,2,10502.56826273868,1000
R_dipaxis_s0.2,b19b0395,3,8201.915421509235,1000
R_dipaxis_s0.2,b19b0395,4,24661.31367025154,1000
R_dipaxis_s0.2,b19b0395,5,10754.423833858707,814
R_dipaxis_s0.1,aaaf3c03,0,318879.1470690523,999
R_dipaxis_s0.1,aaaf3c03,1,143578.11050427664,1000
R_dipaxis_s0.1,aaaf3c03,2,303715.7065204609,998
R_dipaxis_s0.15,aaaf3c03,0,331629.2510469074,999
R_dipaxis_s0.15,aaaf3c03,1,157548.03697983958,1000
R_dipaxis_s0.15,aaaf3c03,2,324429.15309867007,998
R_dipaxis_s0.2,aaaf3c03,0,344648.1129536435,999
R_dipaxis_s0.2,aaaf3c03,1,172643.09477101883,1000
R_dipaxis_s0.2,aaaf3c03,2,347146.7481888661,998
R_dipaxis_s0.1,125be846,0,47580.889423318906,999
R_dipaxis_s0.1,125be846,1,89480.65499603694,1000
R_dipaxis_s0.1,125be846,2,494388.93848279875,1000
R_dipaxis_s0.1,125be846,3,282054.00134871545,1000
R_dipaxis_s0.1,125be846,4,421996.00471133925,1000
R_dipaxis_s0.1,125be846,5,380133.0915952106,1000
R_dipaxis_s0.1,125be846,6,121277.76980324852,511
R_dipaxis_s0.15,125be846,0,41711.082713974734,999
R_dipaxis_s0.15,125be846,1,78156.38526105531,1000
R_dipaxis_s0.15,125be846,2,448071.71722625435,1000
R_dipaxis_s0.15,125be846,3,254241.7282486547,1000
R_dipaxis_s0.15,125be846,4,377091.0830918474,1000
R_dipaxis_s0.15,125be846,5,346994.8806840184,1000
R_dipaxis_s0.15,125be846,6,115895.8551944968,511
R_dipaxis_s0.2,125be846,0,36230.22942396098,999
R_dipaxis_s0.2,125be846,1,67617.47263740732,1000
R_dipaxis_s0.2,125be846,2,404036.9678377499,1000
R_dipaxis_s0.2,125be846,3,227882.757232317,1000
R_dipaxis_s0.2,125be846,4,334712.5229222478,1000
R_dipaxis_s0.2,125be846,5,315463.75360029214,1000
R_dipaxis_s0.2,125be846,6,110650.9017454932,511
R_dipaxis_s0.1,2d35f86d,0,55834.885581181916,999
R_dipaxis_s0.1,2d35f86d,1,185582.7815102357,1000
R_dipaxis_s0.1,2d35f86d,2,97648.44703505607,1000
R_dipaxis_s0.1,2d35f86d,3,186047.88124679175,1000
R_dipaxis_s0.1,2d35f86d,4,155360.69034938328,897
R_dipaxis_s0.15,2d35f86d,0,48782.58398481407,999
R_dipaxis_s0.15,2d35f86d,1,161671.75683897318,1000
R_dipaxis_s0.15,2d35f86d,2,98533.16630369019,1000
R_dipaxis_s0.15,2d35f86d,3,220932.2525802942,1000
R_dipaxis_s0.15,2d35f86d,4,201715.30157904082,897
R_dipaxis_s0.2,2d35f86d,0,42209.17343047026,999
R_dipaxis_s0.2,2d35f86d,1,139419.15481678455,1000
R_dipaxis_s0.2,2d35f86d,2,100649.75887306119,1000
R_dipaxis_s0.2,2d35f86d,3,258890.98605387216,1000
R_dipaxis_s0.2,2d35f86d,4,254218.99604534605,897
R_dipaxis_s0.1,54753541,0,47458.02957490655,999
R_dipaxis_s0.1,54753541,1,149006.3688340976,1000
R_dipaxis_s0.1,54753541,2,5581.091347953012,1000
R_dipaxis_s0.1,54753541,3,760196.5699722583,1000
R_dipaxis_s0.1,54753541,4,65336.78252584275,27
R_dipaxis_s0.15,54753541,0,43393.72193297744,999
R_dipaxis_s0.15,54753541,1,131054.39772428833,1000
R_dipaxis_s0.15,54753541,2,4280.134707550663,1000
R_dipaxis_s0.15,54753541,3,773844.4752887399,1000
R_dipaxis_s0.15,54753541,4,64341.53232465076,27
R_dipaxis_s0.2,54753541,0,39514.82383812809,999
R_dipaxis_s0.2,54753541,1,114274.29786324127,1000
R_dipaxis_s0.2,54753541,2,4092.0662908965155,1000
R_dipaxis_s0.2,54753541,3,788564.1490921205,1000
R_dipaxis_s0.2,54753541,4,63353.94078071667,27
R_dipaxis_s0.1,9b5b61c1,0,2416.377218691993,999
R_dipaxis_s0.1,9b5b61c1,1,36467.05879064089,1000
R_dipaxis_s0.1,9b5b61c1,2,44245.12412724849,1000
R_dipaxis_s0.1,9b5b61c1,3,3363.3735508075506,1000
R_dipaxis_s0.1,9b5b61c1,4,797.6268017952641,1000
R_dipaxis_s0.1,9b5b61c1,5,79708.23068161814,533
R_dipaxis_s0.15,9b5b61c1,0,1896.940836119635,999
R_dipaxis_s0.15,9b5b61c1,1,37133.22509514678,1000
R_dipaxis_s0.15,9b5b61c1,2,44351.689227668576,1000
R_dipaxis_s0.15,9b5b61c1,3,5328.758368640945,1000
R_dipaxis_s0.15,9b5b61c1,4,2209.7137641633603,1000
R_dipaxis_s0.15,9b5b61c1,5,86850.66620739891,533
R_dipaxis_s0.2,9b5b61c1,0,1505.7429256017633,999
R_dipaxis_s0.2,9b5b61c1,1,37911.533572444474,1000
R_dipaxis_s0.2,9b5b61c1,2,44964.7970526194,1000
R_dipaxis_s0.2,9b5b61c1,3,9057.758881427142,1000
R_dipaxis_s0.2,9b5b61c1,4,6607.410700844774,1000
R_dipaxis_s0.2,9b5b61c1,5,94382.95652316054,533
R_dipaxis_s0.1,1131525f,0,8394.839583455207,999
R_dipaxis_s0.1,1131525f,1,274847.8970251663,1000
R_dipaxis_s0.1,1131525f,2,249867.16717122367,1000
R_dipaxis_s0.1,1131525f,3,373193.11204042356,1000
R_dipaxis_s0.1,1131525f,4,95132.96713731834,160
R_dipaxis_s0.15,1131525f,0,8548.540496352296,999
R_dipaxis_s0.15,1131525f,1,278132.8990727383,1000
R_dipaxis_s0.15,1131525f,2,262615.5249829956,1000
R_dipaxis_s0.15,1131525f,3,405552.2047816025,1000
R_dipaxis_s0.15,1131525f,4,103463.25686202255,160
R_dipaxis_s0.2,1131525f,0,8722.120023361716,999
R_dipaxis_s0.2,1131525f,1,281457.7942102994,1000
R_dipaxis_s0.2,1131525f,2,275826.20174553746,1000
R_dipaxis_s0.2,1131525f,3,439503.24187008786,1000
R_dipaxis_s0.2,1131525f,4,112143.15259075646,160
R_dipaxis_s0.1,45fb3e21,0,6132.585282862931,999
R_dipaxis_s0.1,45fb3e21,1,126693.87644370375,1000
R_dipaxis_s0.1,45fb3e21,2,1109916.8856734142,1000
R_dipaxis_s0.1,45fb3e21,3,748959.4565485268,650
R_dipaxis_s0.15,45fb3e21,0,5228.734505869667,999
R_dipaxis_s0.15,45fb3e21,1,115306.67713779277,1000
R_dipaxis_s0.15,45fb3e21,2,1021471.5038296275,1000
R_dipaxis_s0.15,45fb3e21,3,699667.6963387836,650
R_dipaxis_s0.2,45fb3e21,0,4400.578916592969,999
R_dipaxis_s0.2,45fb3e21,1,104463.49368004117,1000
R_dipaxis_s0.2,45fb3e21,2,936704.1312654999,1000
R_dipaxis_s0.2,45fb3e21,3,652105.9818397057,650
R_dipaxis_s0.1,177622d7,0,6333.622013128007,999
R_dipaxis_s0.1,177622d7,1,26214.66526568364,1000
R_dipaxis_s0.1,177622d7,2,272277.23727868265,1000
R_dipaxis_s0.1,177622d7,3,15417.13393050566,155
R_dipaxis_s0.15,177622d7,0,7128.070225780791,999
R_dipaxis_s0.15,177622d7,1,29523.63765602407,1000
R_dipaxis_s0.15,177622d7,2,276591.5466738812,1000
R_dipaxis_s0.15,177622d7,3,16446.164325255122,155
R_dipaxis_s0.2,177622d7,0,8017.313442492256,999
R_dipaxis_s0.2,177622d7,1,33182.96011802869,1000
R_dipaxis_s0.2,177622d7,2,280952.8022396457,1000
R_dipaxis_s0.2,177622d7,3,17510.64840633478,155
R_dipaxis_s0.1,8bda1a11,0,18838.985839407917,999
R_dipaxis_s0.1,8bda1a11,1,250631.99033502114,1000
R_dipaxis_s0.1,8bda1a11,2,196601.64252516997,1000
R_dipaxis_s0.1,8bda1a11,3,25741.6867852428,1000
R_dipaxis_s0.1,8bda1a11,4,66639.21605925946,1000
R_dipaxis_s0.1,8bda1a11,5,242690.68981108651,982
R_dipaxis_s0.15,8bda1a11,0,16458.082864849803,999
R_dipaxis_s0.15,8bda1a11,1,218423.0428512424,1000
R_dipaxis_s0.15,8bda1a11,2,171443.38573226842,1000
R_dipaxis_s0.15,8bda1a11,3,21860.596908184012,1000
R_dipaxis_s0.15,8bda1a11,4,58900.669300392445,1000
R_dipaxis_s0.15,8bda1a11,5,228569.07970746662,982
R_dipaxis_s0.2,8bda1a11,0,14365.26169411783,999
R_dipaxis_s0.2,8bda1a11,1,188490.65453328693,1000
R_dipaxis_s0.2,8bda1a11,2,148072.7875690545,1000
R_dipaxis_s0.2,8bda1a11,3,18330.475984676446,1000
R_dipaxis_s0.2,8bda1a11,4,51711.084249187865,1000
R_dipaxis_s0.2,8bda1a11,5,214895.44839772172,982
R_dipaxis_s0.1,516088b7,0,10543.124516641241,999
R_dipaxis_s0.1,516088b7,1,22460.929046746285,1000
R_dipaxis_s0.1,516088b7,2,106739.86037256214,1000
R_dipaxis_s0.1,516088b7,3,19470.97878979528,1000
R_dipaxis_s0.1,516088b7,4,27894.348243076885,1000
R_dipaxis_s0.1,516088b7,5,44550.0267155986,1000
R_dipaxis_s0.1,516088b7,6,513.984230562112,646
R_dipaxis_s0.15,516088b7,0,9939.477629189993,999
R_dipaxis_s0.15,516088b7,1,25790.655368613665,1000
R_dipaxis_s0.15,516088b7,2,109944.70062507446,1000
R_dipaxis_s0.15,516088b7,3,16953.963368890327,1000
R_dipaxis_s0.15,516088b7,4,30272.311240257863,1000
R_dipaxis_s0.15,516088b7,5,30159.419525222533,1000
R_dipaxis_s0.15,516088b7,6,1443.7486257711498,646
R_dipaxis_s0.2,516088b7,0,9460.877644557222,999
R_dipaxis_s0.2,516088b7,1,29461.029989476734,1000
R_dipaxis_s0.2,516088b7,2,113432.76032174096,1000
R_dipaxis_s0.2,516088b7,3,15788.734137449881,1000
R_dipaxis_s0.2,516088b7,4,33495.607154534046,1000
R_dipaxis_s0.2,516088b7,5,19049.63700273041,1000
R_dipaxis_s0.2,516088b7,6,3566.0004742652864,646
R_dipaxis_s0.1,65156b96,0,25278.10949971664,999
R_dipaxis_s0.1,65156b96,1,22711.237703038423,1000
R_dipaxis_s0.1,65156b96,2,21964.573557322332,1000
R_dipaxis_s0.1,65156b96,3,29739.977624276293,222
R_dipaxis_s0.15,65156b96,0,31569.372624356507,999
R_dipaxis_s0.15,65156b96,1,41334.61534525073,1000
R_dipaxis_s0.15,65156b96,2,44499.07389655135,1000
R_dipaxis_s0.15,65156b96,3,14094.409240754583,222
R_dipaxis_s0.2,65156b96,0,38600.49259885059,999
R_dipaxis_s0.2,65156b96,1,65807.89754792556,1000
R_dipaxis_s0.2,65156b96,2,81768.53454282522,1000
R_dipaxis_s0.2,65156b96,3,4742.786726793488,222
R_dipaxis_s0.1,96b7eea1,0,156137.10739656194,999
R_dipaxis_s0.1,96b7eea1,1,185556.92056939375,1000
R_dipaxis_s0.1,96b7eea1,2,103116.32223189768,1000
R_dipaxis_s0.1,96b7eea1,3,208219.34605501697,1000
R_dipaxis_s0.1,96b7eea1,4,91310.69942653473,333
R_dipaxis_s0.15,96b7eea1,0,149789.864503895,999
R_dipaxis_s0.15,96b7eea1,1,184518.8782646181,1000
R_dipaxis_s0.15,96b7eea1,2,111965.92691556718,1000
R_dipaxis_s0.15,96b7eea1,3,233226.2344956412,1000
R_dipaxis_s0.15,96b7eea1,4,109264.8972132039,333
R_dipaxis_s0.2,96b7eea1,0,143586.2038172641,999
R_dipaxis_s0.2,96b7eea1,1,183508.41520019496,1000
R_dipaxis_s0.2,96b7eea1,2,121267.58891105119,1000
R_dipaxis_s0.2,96b7eea1,3,259710.88054501035,1000
R_dipaxis_s0.2,96b7eea1,4,128832.15928213926,333
R_dipaxis_s0.1,2d179ded,0,45317.131130136215,999
R_dipaxis_s0.1,2d179ded,1,62530.60449634628,1000
R_dipaxis_s0.1,2d179ded,2,13618.294976663456,1000
R_dipaxis_s0.1,2d179ded,3,34882.58976073437,1000
R_dipaxis_s0.1,2d179ded,4,27427.468991599144,1000
R_dipaxis_s0.1,2d179ded,5,153274.36166603657,1000
R_dipaxis_s0.1,2d179ded,6,285060.77736802417,1000
R_dipaxis_s0.1,2d179ded,7,831.6262786534035,9
R_dipaxis_s0.15,2d179ded,0,49240.82815660747,999
R_dipaxis_s0.15,2d179ded,1,74829.88427620227,1000
R_dipaxis_s0.15,2d179ded,2,18176.013967712377,1000
R_dipaxis_s0.15,2d179ded,3,21396.451694583568,1000
R_dipaxis_s0.15,2d179ded,4,15151.444421944178,1000
R_dipaxis_s0.15,2d179ded,5,211869.3923426235,1000
R_dipaxis_s0.15,2d179ded,6,399168.66171083867,1000
R_dipaxis_s0.15,2d179ded,7,1614.6925178480083,9
R_dipaxis_s0.2,2d179ded,0,53367.05782401058,999
R_dipaxis_s0.2,2d179ded,1,88269.49324384418,1000
R_dipaxis_s0.2,2d179ded,2,24155.345460571316,1000
R_dipaxis_s0.2,2d179ded,3,11816.56053075784,1000
R_dipaxis_s0.2,2d179ded,4,10421.755275323687,1000
R_dipaxis_s0.2,2d179ded,5,281263.7023482501,1000
R_dipaxis_s0.2,2d179ded,6,532988.5701595151,1000
R_dipaxis_s0.2,2d179ded,7,2655.226723621463,9
R_dipaxis_s0.1,f140c2fa,0,24336.969186615555,999
R_dipaxis_s0.1,f140c2fa,1,117324.72125629117,1000
R_dipaxis_s0.1,f140c2fa,2,101150.04661881928,1000
R_dipaxis_s0.1,f140c2fa,3,343663.30815056147,1000
R_dipaxis_s0.1,f140c2fa,4,30861.221228916653,83
R_dipaxis_s0.15,f140c2fa,0,20280.946791579376,999
R_dipaxis_s0.15,f140c2fa,1,104795.1239212194,1000
R_dipaxis_s0.15,f140c2fa,2,92831.64041947224,1000
R_dipaxis_s0.15,f140c2fa,3,321227.5935565038,1000
R_dipaxis_s0.15,f140c2fa,4,28478.824227058358,83
R_dipaxis_s0.2,f140c2fa,0,16638.258270981776,999
R_dipaxis_s0.2,f140c2fa,1,92980.30314400574,1000
R_dipaxis_s0.2,f140c2fa,2,84878.247480956,1000
R_dipaxis_s0.2,f140c2fa,3,299550.3684162207,1000
R_dipaxis_s0.2,f140c2fa,4,26192.420014323132,83
R_dipaxis_s0.1,2e29e833,0,3296.838513635961,999
R_dipaxis_s0.1,2e29e833,1,13795.191275822472,1000
R_dipaxis_s0.1,2e29e833,2,82446.2039854701,1000
R_dipaxis_s0.1,2e29e833,3,9433.30936912359,1000
R_dipaxis_s0.1,2e29e833,4,7876.1077849383355,1000
R_dipaxis_s0.1,2e29e833,5,5901.764416849672,429
R_dipaxis_s0.15,2e29e833,0,3242.626755056058,999
R_dipaxis_s0.15,2e29e833,1,18889.44703569268,1000
R_dipaxis_s0.15,2e29e833,2,102777.64257073375,1000
R_dipaxis_s0.15,2e29e833,3,15709.356885324469,1000
R_dipaxis_s0.15,2e29e833,4,6181.036316454898,1000
R_dipaxis_s0.15,2e29e833,5,12715.328121280309,429
R_dipaxis_s0.2,2e29e833,0,3260.808352877814,999
R_dipaxis_s0.2,2e29e833,1,24846.175110201362,1000
R_dipaxis_s0.2,2e29e833,2,125451.73318434683,1000
R_dipaxis_s0.2,2e29e833,3,27115.48032261798,1000
R_dipaxis_s0.2,2e29e833,4,10409.70004067097,1000
R_dipaxis_s0.2,2e29e833,5,22365.516523047907,429
R_dipaxis_s0.1,2ab29395,0,4726.20882057366,999
R_dipaxis_s0.1,2ab29395,1,2177.982377040831,853
R_dipaxis_s0.15,2ab29395,0,3602.4778164032664,999
R_dipaxis_s0.15,2ab29395,1,2569.0822028742973,853
R_dipaxis_s0.2,2ab29395,0,2654.999402594689,999
R_dipaxis_s0.2,2ab29395,1,3728.3137869165575,853
R_dipaxis_s0.1,1295a25b,0,16793.30720640984,999
R_dipaxis_s0.1,1295a25b,1,151298.25757736454,1000
R_dipaxis_s0.1,1295a25b,2,189351.68129611126,1000
R_dipaxis_s0.1,1295a25b,3,101725.92810386799,1000
R_dipaxis_s0.1,1295a25b,4,37210.41749941852,1000
R_dipaxis_s0.1,1295a25b,5,32792.70789201346,552
R_dipaxis_s0.15,1295a25b,0,16452.24407548201,999
R_dipaxis_s0.15,1295a25b,1,147206.55212260195,1000
R_dipaxis_s0.15,1295a25b,2,198648.15366439198,1000
R_dipaxis_s0.15,1295a25b,3,109976.8315550236,1000
R_dipaxis_s0.15,1295a25b,4,33201.28939678134,1000
R_dipaxis_s0.15,1295a25b,5,31516.600047371187,552
R_dipaxis_s0.2,1295a25b,0,16121.272221797568,999
R_dipaxis_s0.2,1295a25b,1,143242.91890554028,1000
R_dipaxis_s0.2,1295a25b,2,208273.5468461533,1000
R_dipaxis_s0.2,1295a25b,3,119728.2156723258,1000
R_dipaxis_s0.2,1295a25b,4,30702.853425912184,1000
R_dipaxis_s0.2,1295a25b,5,30292.528108963612,552
R_dipaxis_s0.1,d60430e6,0,87218.82219185513,999
R_dipaxis_s0.1,d60430e6,1,22145.85014583264,1000
R_dipaxis_s0.1,d60430e6,2,2764.314931902023,512
R_dipaxis_s0.15,d60430e6,0,74370.6315780939,999
R_dipaxis_s0.15,d60430e6,1,17238.77978179657,1000
R_dipaxis_s0.15,d60430e6,2,2119.5062201636606,512
R_dipaxis_s0.2,d60430e6,0,62643.77009120206,999
R_dipaxis_s0.2,d60430e6,1,13034.246626455631,1000
R_dipaxis_s0.2,d60430e6,2,1574.9479899665182,512
R_dipaxis_s0.1,3df4b19e,0,12019.786277826315,999
R_dipaxis_s0.1,3df4b19e,1,76820.09303851749,1000
R_dipaxis_s0.1,3df4b19e,2,80926.90293113264,1000
R_dipaxis_s0.1,3df4b19e,3,63133.74086548043,1000
R_dipaxis_s0.1,3df4b19e,4,80764.59136635088,989
R_dipaxis_s0.15,3df4b19e,0,12347.760560532724,999
R_dipaxis_s0.15,3df4b19e,1,69198.4341302336,1000
R_dipaxis_s0.15,3df4b19e,2,66493.26693585065,1000
R_dipaxis_s0.15,3df4b19e,3,55105.04281149241,1000
R_dipaxis_s0.15,3df4b19e,4,83750.28107807822,989
R_dipaxis_s0.2,3df4b19e,0,12683.139172434541,999
R_dipaxis_s0.2,3df4b19e,1,62048.866003591895,1000
R_dipaxis_s0.2,3df4b19e,2,53493.00976667195,1000
R_dipaxis_s0.2,3df4b19e,3,47703.49776635553,1000
R_dipaxis_s0.2,3df4b19e,4,86846.65640884046,989
R_dipaxis_s0.1,14ad5efb,0,66024.96279561348,999
R_dipaxis_s0.1,14ad5efb,1,86026.41479193204,1000
R_dipaxis_s0.1,14ad5efb,2,8482.74448313484,1000
R_dipaxis_s0.1,14ad5efb,3,2313.7535101717044,1000
R_dipaxis_s0.1,14ad5efb,4,1717.7940518978369,1000
R_dipaxis_s0.1,14ad5efb,5,30858.484557112537,843
R_dipaxis_s0.15,14ad5efb,0,67008.14160311886,999
R_dipaxis_s0.15,14ad5efb,1,104896.79421147708,1000
R_dipaxis_s0.15,14ad5efb,2,26457.012322948467,1000
R_dipaxis_s0.15,14ad5efb,3,8622.026489518134,1000
R_dipaxis_s0.15,14ad5efb,4,25958.20157019226,1000
R_dipaxis_s0.15,14ad5efb,5,86621.06930445753,843
R_dipaxis_s0.2,14ad5efb,0,68042.36861709297,999
R_dipaxis_s0.2,14ad5efb,1,126778.66411341127,1000
R_dipaxis_s0.2,14ad5efb,2,54836.534228258395,1000
R_dipaxis_s0.2,14ad5efb,3,35014.137085035836,1000
R_dipaxis_s0.2,14ad5efb,4,79857.40095004895,1000
R_dipaxis_s0.2,14ad5efb,5,174044.20756432618,843
R_dipaxis_s0.1,b4d8dd4f,0,60945.139957154126,999
R_dipaxis_s0.1,b4d8dd4f,1,119574.22367559298,1000
R_dipaxis_s0.1,b4d8dd4f,2,37369.63045223846,1000
R_dipaxis_s0.1,b4d8dd4f,3,596687.2513462259,1000
R_dipaxis_s0.1,b4d8dd4f,4,229836.27617052366,260
R_dipaxis_s0.15,b4d8dd4f,0,55679.178296573824,999
R_dipaxis_s0.15,b4d8dd4f,1,110368.72263076312,1000
R_dipaxis_s0.15,b4d8dd4f,2,36760.419095812125,1000
R_dipaxis_s0.15,b4d8dd4f,3,539408.0856527316,1000
R_dipaxis_s0.15,b4d8dd4f,4,208733.32530719388,260
R_dipaxis_s0.2,b4d8dd4f,0,50654.10660989657,999
R_dipaxis_s0.2,b4d8dd4f,1,101538.17769752741,1000
R_dipaxis_s0.2,b4d8dd4f,2,36159.31115102792,1000
R_dipaxis_s0.2,b4d8dd4f,3,485090.7960148118,1000
R_dipaxis_s0.2,b4d8dd4f,4,188646.47797812946,260
R_dipaxis_s0.1,6a0ff78e,0,316953.34062342247,999
R_dipaxis_s0.1,6a0ff78e,1,87112.40418633688,1000
R_dipaxis_s0.1,6a0ff78e,2,11121.30493322157,1000
R_dipaxis_s0.1,6a0ff78e,3,15254.210939670496,1000
R_dipaxis_s0.1,6a0ff78e,4,6035.623927103647,1000
R_dipaxis_s0.1,6a0ff78e,5,160083.2371563417,1000
R_dipaxis_s0.1,6a0ff78e,6,86432.9748315089,466
R_dipaxis_s0.15,6a0ff78e,0,308646.19876794895,999
R_dipaxis_s0.15,6a0ff78e,1,89781.59740899406,1000
R_dipaxis_s0.15,6a0ff78e,2,7561.148930416902,1000
R_dipaxis_s0.15,6a0ff78e,3,11410.378324708956,1000
R_dipaxis_s0.15,6a0ff78e,4,4653.789078923058,1000
R_dipaxis_s0.15,6a0ff78e,5,129687.72473747766,1000
R_dipaxis_s0.15,6a0ff78e,6,69868.03281634065,466
R_dipaxis_s0.2,6a0ff78e,0,300452.55016768066,999
R_dipaxis_s0.2,6a0ff78e,1,93309.44891797606,1000
R_dipaxis_s0.2,6a0ff78e,2,5475.546148002455,1000
R_dipaxis_s0.2,6a0ff78e,3,8465.412053216316,1000
R_dipaxis_s0.2,6a0ff78e,4,3998.0473562543957,1000
R_dipaxis_s0.2,6a0ff78e,5,102525.1671539266,1000
R_dipaxis_s0.2,6a0ff78e,6,55064.25211389195,466
R_dipaxis_s0.1,be063506,0,59642.65615080622,999
R_dipaxis_s0.1,be063506,1,47755.36884916638,1000
R_dipaxis_s0.1,be063506,2,71298.19812009472,1000
R_dipaxis_s0.1,be063506,3,56868.70009866897,1000
R_dipaxis_s0.1,be063506,4,717.780682603409,501
R_dipaxis_s0.15,be063506,0,54337.453847936325,999
R_dipaxis_s0.15,be063506,1,36655.06254918019,1000
R_dipaxis_s0.15,be063506,2,46296.97450343614,1000
R_dipaxis_s0.15,be063506,3,31662.48281084167,1000
R_dipaxis_s0.15,be063506,4,261.3004485595694,501
R_dipaxis_s0.2,be063506,0,49302.34102622073,999
R_dipaxis_s0.2,be063506,1,27083.779699484054,1000
R_dipaxis_s0.2,be063506,2,26943.71620231213,1000
R_dipaxis_s0.2,be063506,3,14496.052331576939,1000
R_dipaxis_s0.2,be063506,4,1568.6388976194933,501
R_dipaxis_s0.1,87aa3730,0,32556.948350070576,999
R_dipaxis_s0.1,87aa3730,1,10937.442478727571,1000
R_dipaxis_s0.1,87aa3730,2,89456.07514140404,1000
R_dipaxis_s0.1,87aa3730,3,270376.13579896616,1000
R_dipaxis_s0.1,87aa3730,4,24267.660621710904,1000
R_dipaxis_s0.1,87aa3730,5,3649.7399743999563,608
R_dipaxis_s0.15,87aa3730,0,28737.206429103568,999
R_dipaxis_s0.15,87aa3730,1,9119.982542863116,1000
R_dipaxis_s0.15,87aa3730,2,77626.11477845549,1000
R_dipaxis_s0.15,87aa3730,3,272843.23818385665,1000
R_dipaxis_s0.15,87aa3730,4,30162.975105541704,1000
R_dipaxis_s0.15,87aa3730,5,6389.073251107506,608
R_dipaxis_s0.2,87aa3730,0,25156.934544135627,999
R_dipaxis_s0.2,87aa3730,1,7496.6188235133495,1000
R_dipaxis_s0.2,87aa3730,2,66696.23519307494,1000
R_dipaxis_s0.2,87aa3730,3,275559.29839235084,1000
R_dipaxis_s0.2,87aa3730,4,39353.642604690656,1000
R_dipaxis_s0.2,87aa3730,5,11591.958620820147,608
R_dipaxis_s0.1,75c20ec7,0,117888.70043668388,999
R_dipaxis_s0.1,75c20ec7,1,150768.8450762573,1000
R_dipaxis_s0.1,75c20ec7,2,34907.29570221817,1000
R_dipaxis_s0.1,75c20ec7,3,125352.79570285113,1000
R_dipaxis_s0.1,75c20ec7,4,119067.58946835002,1000
R_dipaxis_s0.1,75c20ec7,5,18776.038063711167,362
R_dipaxis_s0.15,75c20ec7,0,105762.43162604704,999
R_dipaxis_s0.15,75c20ec7,1,138503.7093139945,1000
R_dipaxis_s0.15,75c20ec7,2,32124.26761528406,1000
R_dipaxis_s0.15,75c20ec7,3,119309.16669129593,1000
R_dipaxis_s0.15,75c20ec7,4,114243.68734619023,1000
R_dipaxis_s0.15,75c20ec7,5,15864.517731708118,362
R_dipaxis_s0.2,75c20ec7,0,94302.76206275285,999
R_dipaxis_s0.2,75c20ec7,1,126770.18905146612,1000
R_dipaxis_s0.2,75c20ec7,2,29536.071136319122,1000
R_dipaxis_s0.2,75c20ec7,3,113441.76553774915,1000
R_dipaxis_s0.2,75c20ec7,4,109755.24681980711,1000
R_dipaxis_s0.2,75c20ec7,5,13199.085223799986,362
R_dipaxis_s0.1,367456ce,0,150305.17756018406,999
R_dipaxis_s0.1,367456ce,1,18407.576190483072,1000
R_dipaxis_s0.1,367456ce,2,109932.94391137703,1000
R_dipaxis_s0.1,367456ce,3,137896.7407616129,1000
R_dipaxis_s0.1,367456ce,4,31460.024327383016,1000
R_dipaxis_s0.1,367456ce,5,142794.92253436666,570
R_dipaxis_s0.15,367456ce,0,134645.050792327,999
R_dipaxis_s0.15,367456ce,1,15752.563637959633,1000
R_dipaxis_s0.15,367456ce,2,89022.97468565444,1000
R_dipaxis_s0.15,367456ce,3,110479.47575322838,1000
R_dipaxis_s0.15,367456ce,4,16798.099350701334,1000
R_dipaxis_s0.15,367456ce,5,103745.9976793692,570
R_dipaxis_s0.2,367456ce,0,119853.91105917167,999
R_dipaxis_s0.2,367456ce,1,13305.810186926246,1000
R_dipaxis_s0.2,367456ce,2,70349.67717232468,1000
R_dipaxis_s0.2,367456ce,3,87452.1817520496,1000
R_dipaxis_s0.2,367456ce,4,6772.715913771765,1000
R_dipaxis_s0.2,367456ce,5,70947.89990958659,570
R_dipaxis_s0.1,b0f53bf4,0,9957.392054213986,999
R_dipaxis_s0.1,b0f53bf4,1,155028.90593490822,1000
R_dipaxis_s0.1,b0f53bf4,2,31783.723387152415,756
R_dipaxis_s0.15,b0f53bf4,0,8795.531136278696,999
R_dipaxis_s0.15,b0f53bf4,1,140459.22015041238,1000
R_dipaxis_s0.15,b0f53bf4,2,29834.79848910937,756
R_dipaxis_s0.2,b0f53bf4,0,7726.670054983339,999
R_dipaxis_s0.2,b0f53bf4,1,126610.7854312881,1000
R_dipaxis_s0.2,b0f53bf4,2,27952.62916332211,756
R_dipaxis_s0.1,ef8e3ed0,0,154031.89502661215,999
R_dipaxis_s0.1,ef8e3ed0,1,254019.29799307248,1000
R_dipaxis_s0.1,ef8e3ed0,2,75933.27609428186,1000
R_dipaxis_s0.1,ef8e3ed0,3,247791.57826010583,1000
R_dipaxis_s0.1,ef8e3ed0,4,356981.8279461129,1000
R_dipaxis_s0.1,ef8e3ed0,5,57509.37673483273,225
R_dipaxis_s0.15,ef8e3ed0,0,147786.59139881952,999
R_dipaxis_s0.15,ef8e3ed0,1,248567.37759988479,1000
R_dipaxis_s0.15,ef8e3ed0,2,73109.85468999065,1000
R_dipaxis_s0.15,ef8e3ed0,3,259966.95960204565,1000
R_dipaxis_s0.15,ef8e3ed0,4,372269.13579282496,1000
R_dipaxis_s0.15,ef8e3ed0,5,60331.020386135104,225
R_dipaxis_s0.2,ef8e3ed0,0,141720.56807696703,999
R_dipaxis_s0.2,ef8e3ed0,1,243231.60648021495,1000
R_dipaxis_s0.2,ef8e3ed0,2,70594.86561807786,1000
R_dipaxis_s0.2,ef8e3ed0,3,272520.25958524476,1000
R_dipaxis_s0.2,ef8e3ed0,4,387895.66142198385,1000
R_dipaxis_s0.2,ef8e3ed0,5,63220.65699336448,225
R_dipaxis_s0.1,d6dd7330,0,12879.149437968921,999
R_dipaxis_s0.1,d6dd7330,1,37731.708108605075,1000
R_dipaxis_s0.1,d6dd7330,2,88635.78289251568,1000
R_dipaxis_s0.1,d6dd7330,3,141910.03080747594,1000
R_dipaxis_s0.1,d6dd7330,4,265105.2143535499,1000
R_dipaxis_s0.1,d6dd7330,5,30919.383325984632,1000
R_dipaxis_s0.1,d6dd7330,6,15308.117996678078,194
R_dipaxis_s0.15,d6dd7330,0,10645.870735374861,999
R_dipaxis_s0.15,d6dd7330,1,39641.67458019551,1000
R_dipaxis_s0.15,d6dd7330,2,68230.43218712711,1000
R_dipaxis_s0.15,d6dd7330,3,108558.6645065182,1000
R_dipaxis_s0.15,d6dd7330,4,205419.67950972772,1000
R_dipaxis_s0.15,d6dd7330,5,42171.26190654529,1000
R_dipaxis_s0.15,d6dd7330,6,24572.153268201153,194
R_dipaxis_s0.2,d6dd7330,0,8671.76745173109,999
R_dipaxis_s0.2,d6dd7330,1,42288.38316331118,1000
R_dipaxis_s0.2,d6dd7330,2,50582.88921398275,1000
R_dipaxis_s0.2,d6dd7330,3,79877.0493357734,1000
R_dipaxis_s0.2,d6dd7330,4,154333.88381885365,1000
R_dipaxis_s0.2,d6dd7330,5,63102.10179881935,1000
R_dipaxis_s0.2,d6dd7330,6,36022.348655180125,194
R_dipaxis_s0.1,69e41fa6,0,8968.897932028925,999
R_dipaxis_s0.1,69e41fa6,1,11973.297358235239,1000
R_dipaxis_s0.1,69e41fa6,2,48157.32737229074,1000
R_dipaxis_s0.1,69e41fa6,3,3236.8159521798084,1000
R_dipaxis_s0.1,69e41fa6,4,724.6087213802385,1000
R_dipaxis_s0.1,69e41fa6,5,15589.249437545317,773
R_dipaxis_s0.15,69e41fa6,0,6566.938417895347,999
R_dipaxis_s0.15,69e41fa6,1,11529.92249616039,1000
R_dipaxis_s0.15,69e41fa6,2,32667.956089954183,1000
R_dipaxis_s0.15,69e41fa6,3,5756.091288943083,1000
R_dipaxis_s0.15,69e41fa6,4,2656.767867100785,1000
R_dipaxis_s0.15,69e41fa6,5,3473.6086357890085,773
R_dipaxis_s0.2,69e41fa6,0,4592.721950327889,999
R_dipaxis_s0.2,69e41fa6,1,12685.927106623507,1000
R_dipaxis_s0.2,69e41fa6,2,20332.189328625034,1000
R_dipaxis_s0.2,69e41fa6,3,9418.132032821542,1000
R_dipaxis_s0.2,69e41fa6,4,8570.026469507033,1000
R_dipaxis_s0.2,69e41fa6,5,279.16938700988726,773
R_dipaxis_s0.1,bd6f0e19,0,18513.66461340048,999
R_dipaxis_s0.1,bd6f0e19,1,82746.29904092879,1000
R_dipaxis_s0.1,bd6f0e19,2,134977.14526677094,1000
R_dipaxis_s0.1,bd6f0e19,3,172317.21723477243,1000
R_dipaxis_s0.1,bd6f0e19,4,111095.85992425634,1000
R_dipaxis_s0.1,bd6f0e19,5,11501.271289234779,141
R_dipaxis_s0.15,bd6f0e19,0,22197.319645467247,999
R_dipaxis_s0.15,bd6f0e19,1,91724.14804205069,1000
R_dipaxis_s0.15,bd6f0e19,2,133612.1600165261,1000
R_dipaxis_s0.15,bd6f0e19,3,165745.61480335108,1000
R_dipaxis_s0.15,bd6f0e19,4,110616.5788458097,1000
R_dipaxis_s0.15,bd6f0e19,5,11510.583607883033,141
R_dipaxis_s0.2,bd6f0e19,0,26235.295761111072,999
R_dipaxis_s0.2,bd6f0e19,1,101239.04003027688,1000
R_dipaxis_s0.2,bd6f0e19,2,132372.14634385653,1000
R_dipaxis_s0.2,bd6f0e19,3,159345.8518060566,1000
R_dipaxis_s0.2,bd6f0e19,4,110141.03950697932,1000
R_dipaxis_s0.2,bd6f0e19,5,11519.976809217915,141
R_dipaxis_s0.1,512943b2,0,413.39635311268665,999
R_dipaxis_s0.1,512943b2,1,297.471948614291,1000
R_dipaxis_s0.1,512943b2,2,2047.647419349639,1000
R_dipaxis_s0.1,512943b2,3,3601.610156377896,1000
R_dipaxis_s0.1,512943b2,4,61434.02745093125,1000
R_dipaxis_s0.1,512943b2,5,2464.009693444675,30
R_dipaxis_s0.15,512943b2,0,299.1585857893847,999
R_dipaxis_s0.15,512943b2,1,763.7613109356256,1000
R_dipaxis_s0.15,512943b2,2,2373.591248087542,1000
R_dipaxis_s0.15,512943b2,3,2720.6834194533076,1000
R_dipaxis_s0.15,512943b2,4,58826.101030565274,1000
R_dipaxis_s0.15,512943b2,5,2529.253347130885,30
R_dipaxis_s0.2,512943b2,0,254.3447225467988,999
R_dipaxis_s0.2,512943b2,1,1678.044731933507,1000
R_dipaxis_s0.2,512943b2,2,3898.104189535051,1000
R_dipaxis_s0.2,512943b2,3,2035.8460057862976,1000
R_dipaxis_s0.2,512943b2,4,56320.871012980955,1000
R_dipaxis_s0.2,512943b2,5,2595.3496387928753,30
R_dipaxis_s0.1,389ae58f,0,665079.6227482329,999
R_dipaxis_s0.1,389ae58f,1,1943171.2919535178,1000
R_dipaxis_s0.1,389ae58f,2,2166835.6818833128,1000
R_dipaxis_s0.1,389ae58f,3,2445352.4537702138,1000
R_dipaxis_s0.1,389ae58f,4,3412389.461002206,1000
R_dipaxis_s0.1,389ae58f,5,4612809.713715698,1000
R_dipaxis_s0.1,389ae58f,6,1634268.2598153625,464
R_dipaxis_s0.15,389ae58f,0,667841.3515746709,999
R_dipaxis_s0.15,389ae58f,1,1941373.8159652115,1000
R_dipaxis_s0.15,389ae58f,2,2195239.820570292,1000
R_dipaxis_s0.15,389ae58f,3,2525699.0660056383,1000
R_dipaxis_s0.15,389ae58f,4,3516318.5674086493,1000
R_dipaxis_s0.15,389ae58f,5,4761408.057440866,1000
R_dipaxis_s0.15,389ae58f,6,1721853.9694881279,464
R_dipaxis_s0.2,389ae58f,0,670626.0732360034,999
R_dipaxis_s0.2,389ae58f,1,1939626.5482668865,1000
R_dipaxis_s0.2,389ae58f,2,2223947.806220836,1000
R_dipaxis_s0.2,389ae58f,3,2607374.5611079717,1000
R_dipaxis_s0.2,389ae58f,4,3621840.023618686,1000
R_dipaxis_s0.2,389ae58f,5,4912510.393077615,1000
R_dipaxis_s0.2,389ae58f,6,1811794.489137624,464
R_dipaxis_s0.1,d41beaf2,0,11910.689585007467,999
R_dipaxis_s0.1,d41beaf2,1,236614.00243133312,1000
R_dipaxis_s0.1,d41beaf2,2,448492.1928510007,1000
R_dipaxis_s0.1,d41beaf2,3,122916.23609789928,1000
R_dipaxis_s0.1,d41beaf2,4,85997.8752130369,754
R_dipaxis_s0.15,d41beaf2,0,10348.613338677475,999
R_dipaxis_s0.15,d41beaf2,1,200324.73720185534,1000
R_dipaxis_s0.15,d41beaf2,2,385317.5332264977,1000
R_dipaxis_s0.15,d41beaf2,3,95847.0296400224,1000
R_dipaxis_s0.15,d41beaf2,4,58449.5324805595,754
R_dipaxis_s0.2,d41beaf2,0,9091.391299791758,999
R_dipaxis_s0.2,d41beaf2,1,167102.33420895337,1000
R_dipaxis_s0.2,d41beaf2,2,327052.444868665,1000
R_dipaxis_s0.2,d41beaf2,3,72165.15521093411,1000
R_dipaxis_s0.2,d41beaf2,4,36270.426655421834,754
R_dipaxis_s0.1,2f8e53c3,0,818.2412366136248,999
R_dipaxis_s0.1,2f8e53c3,1,2641.0677699494945,1000
R_dipaxis_s0.1,2f8e53c3,2,14145.45846607093,595
R_dipaxis_s0.15,2f8e53c3,0,623.7559264097193,999
R_dipaxis_s0.15,2f8e53c3,1,3017.400684991859,1000
R_dipaxis_s0.15,2f8e53c3,2,10296.07224480626,595
R_dipaxis_s0.2,2f8e53c3,0,540.342497198404,999
R_dipaxis_s0.2,2f8e53c3,1,3717.933853412705,1000
R_dipaxis_s0.2,2f8e53c3,2,7074.761087339013,595
R_dipaxis_s0.1,e6c55748,0,13897.141732150298,999
R_dipaxis_s0.1,e6c55748,1,125946.56259816917,1000
R_dipaxis_s0.1,e6c55748,2,66885.32594105939,1000
R_dipaxis_s0.1,e6c55748,3,124367.0371005307,1000
R_dipaxis_s0.1,e6c55748,4,76772.35560999501,473
R_dipaxis_s0.15,e6c55748,0,13164.82469916385,999
R_dipaxis_s0.15,e6c55748,1,111257.47244484558,1000
R_dipaxis_s0.15,e6c55748,2,73394.26223075604,1000
R_dipaxis_s0.15,e6c55748,3,136452.0223538936,1000
R_dipaxis_s0.15,e6c55748,4,84120.06650384184,473
R_dipaxis_s0.2,e6c55748,0,12453.139266801796,999
R_dipaxis_s0.2,e6c55748,1,97609.47298990903,1000
R_dipaxis_s0.2,e6c55748,2,80560.99396656698,1000
R_dipaxis_s0.2,e6c55748,3,149144.60374265906,1000
R_dipaxis_s0.2,e6c55748,4,91832.15365692337,473
R_dipaxis_s0.1,3a0af893,0,22390.508244431174,999
R_dipaxis_s0.1,3a0af893,1,466228.02412397857,1000
R_dipaxis_s0.1,3a0af893,2,590552.2547201774,928
R_dipaxis_s0.15,3a0af893,0,25150.775466087805,999
R_dipaxis_s0.15,3a0af893,1,473176.9352703859,1000
R_dipaxis_s0.15,3a0af893,2,610187.6390216695,928
R_dipaxis_s0.2,3a0af893,0,28102.15702070635,999
R_dipaxis_s0.2,3a0af893,1,480232.71647308,1000
R_dipaxis_s0.2,3a0af893,2,630172.026384107,928
R_dipaxis_s0.1,e7c36e81,0,27019.43856430441,999
R_dipaxis_s0.1,e7c36e81,1,57512.94887360995,1000
R_dipaxis_s0.1,e7c36e81,2,75389.98361922709,1000
R_dipaxis_s0.1,e7c36e81,3,14128.333959577902,532
R_dipaxis_s0.15,e7c36e81,0,23994.24375889895,999
R_dipaxis_s0.15,e7c36e81,1,54387.99335198066,1000
R_dipaxis_s0.15,e7c36e81,2,73400.31755196415,1000
R_dipaxis_s0.15,e7c36e81,3,14454.175693888608,532
R_dipaxis_s0.2,e7c36e81,0,21152.655995123994,999
R_dipaxis_s0.2,e7c36e81,1,51356.120524723694,1000
R_dipaxis_s0.2,e7c36e81,2,71479.81380011192,1000
R_dipaxis_s0.2,e7c36e81,3,14789.69349787947,532
R_dipaxis_s0.1,29b24409,0,10868.403633058846,999
R_dipaxis_s0.1,29b24409,1,255917.59347033128,1000
R_dipaxis_s0.1,29b24409,2,175080.728661529,1000
R_dipaxis_s0.1,29b24409,3,196272.9662941911,1000
R_dipaxis_s0.1,29b24409,4,156873.68039157873,1000
R_dipaxis_s0.1,29b24409,5,138417.8730438591,588
R_dipaxis_s0.15,29b24409,0,8863.661509807875,999
R_dipaxis_s0.15,29b24409,1,235298.68286664996,1000
R_dipaxis_s0.15,29b24409,2,166204.7084406293,1000
R_dipaxis_s0.15,29b24409,3,182551.02847740837,1000
R_dipaxis_s0.15,29b24409,4,147135.7313258791,1000
R_dipaxis_s0.15,29b24409,5,134929.21001947674,588
R_dipaxis_s0.2,29b24409,0,7130.129493366956,999
R_dipaxis_s0.2,29b24409,1,215619.09090372006,1000
R_dipaxis_s0.2,29b24409,2,157566.83591860562,1000
R_dipaxis_s0.2,29b24409,3,169328.38741802747,1000
R_dipaxis_s0.2,29b24409,4,137741.39538584268,1000
R_dipaxis_s0.2,29b24409,5,131486.56563087733,588
R_dipaxis_s0.1,00e12e8b,0,90593.54053930004,999
R_dipaxis_s0.1,00e12e8b,1,35896.98475422868,1000
R_dipaxis_s0.1,00e12e8b,2,56609.31359858621,1000
R_dipaxis_s0.1,00e12e8b,3,39465.20233640764,1000
R_dipaxis_s0.1,00e12e8b,4,9436.530652210047,302
R_dipaxis_s0.15,00e12e8b,0,87096.31392278093,999
R_dipaxis_s0.15,00e12e8b,1,34508.575259925085,1000
R_dipaxis_s0.15,00e12e8b,2,46745.8505297246,1000
R_dipaxis_s0.15,00e12e8b,3,37478.78062654382,1000
R_dipaxis_s0.15,00e12e8b,4,10330.213528913011,302
R_dipaxis_s0.2,00e12e8b,0,83697.61484880597,999
R_dipaxis_s0.2,00e12e8b,1,33908.123018009755,1000
R_dipaxis_s0.2,00e12e8b,2,37973.99471543236,1000
R_dipaxis_s0.2,00e12e8b,3,35592.55599797375,1000
R_dipaxis_s0.2,00e12e8b,4,11283.515206015634,302
R_dipaxis_s0.1,bb2cdd83,0,5801.276661518981,999
R_dipaxis_s0.1,bb2cdd83,1,6067.641823590253,1000
R_dipaxis_s0.1,bb2cdd83,2,2624.248818020908,1000
R_dipaxis_s0.1,bb2cdd83,3,19356.30750881253,826
R_dipaxis_s0.15,bb2cdd83,0,5179.873273963386,999
R_dipaxis_s0.15,bb2cdd83,1,5143.808040609456,1000
R_dipaxis_s0.15,bb2cdd83,2,2746.5849446580596,1000
R_dipaxis_s0.15,bb2cdd83,3,21529.317944369726,826
R_dipaxis_s0.2,bb2cdd83,0,4596.790407533374,999
R_dipaxis_s0.2,bb2cdd83,1,4388.8532277792565,1000
R_dipaxis_s0.2,bb2cdd83,2,3309.80188304727,1000
R_dipaxis_s0.2,bb2cdd83,3,23881.767700692206,826
R_dipaxis_s0.1,1285a37b,0,36707.11731639229,999
R_dipaxis_s0.1,1285a37b,1,26861.28978175041,1000
R_dipaxis_s0.1,1285a37b,2,22056.147435467436,1000
R_dipaxis_s0.1,1285a37b,3,21452.13324129528,1000
R_dipaxis_s0.1,1285a37b,4,49549.145005780236,1000
R_dipaxis_s0.1,1285a37b,5,19194.46853718543,598
R_dipaxis_s0.15,1285a37b,0,35279.1590221185,999
R_dipaxis_s0.15,1285a37b,1,26434.1870300791,1000
R_dipaxis_s0.15,1285a37b,2,23435.900050638513,1000
R_dipaxis_s0.15,1285a37b,3,21922.734966996482,1000
R_dipaxis_s0.15,1285a37b,4,50253.44639723396,1000
R_dipaxis_s0.15,1285a37b,5,20559.491593064522,598
R_dipaxis_s0.2,1285a37b,0,33881.84455952806,999
R_dipaxis_s0.2,1285a37b,1,26068.645716708426,1000
R_dipaxis_s0.2,1285a37b,2,24873.801330764334,1000
R_dipaxis_s0.2,1285a37b,3,22400.33849606435,1000
R_dipaxis_s0.2,1285a37b,4,50967.23468105975,1000
R_dipaxis_s0.2,1285a37b,5,21976.24034046552,598
R_dipaxis_s0.1,109d9d70,0,29669.42779890926,999
R_dipaxis_s0.1,109d9d70,1,34675.70408557406,1000
R_dipaxis_s0.1,109d9d70,2,46753.91647305074,1000
R_dipaxis_s0.1,109d9d70,3,277922.6842373006,1000
R_dipaxis_s0.1,109d9d70,4,105391.14541726455,216
R_dipaxis_s0.15,109d9d70,0,25301.818026720004,999
R_dipaxis_s0.15,109d9d70,1,39196.37184070859,1000
R_dipaxis_s0.15,109d9d70,2,65342.61683161166,1000
R_dipaxis_s0.15,109d9d70,3,322229.90359632834,1000
R_dipaxis_s0.15,109d9d70,4,117247.98702070842,216
R_dipaxis_s0.2,109d9d70,0,21340.16067343568,999
R_dipaxis_s0.2,109d9d70,1,44140.38193740769,1000
R_dipaxis_s0.2,109d9d70,2,87654.30820486102,1000
R_dipaxis_s0.2,109d9d70,3,369859.89594893757,1000
R_dipaxis_s0.2,109d9d70,4,129747.27485402433,216
R_dipaxis_s0.1,2fa01aa6,0,57598.52227665681,999
R_dipaxis_s0.1,2fa01aa6,1,476488.47515199205,1000
R_dipaxis_s0.1,2fa01aa6,2,164735.13971232055,175
R_dipaxis_s0.15,2fa01aa6,0,51682.6159705415,999
R_dipaxis_s0.15,2fa01aa6,1,451628.922657958,1000
R_dipaxis_s0.15,2fa01aa6,2,163336.8504948779,175
R_dipaxis_s0.2,2fa01aa6,0,46088.44896813126,999
R_dipaxis_s0.2,2fa01aa6,1,427562.5522839086,1000
R_dipaxis_s0.2,2fa01aa6,2,161945.05992836496,175
R_dipaxis_s0.1,ba48188d,0,7265.114808997508,999
R_dipaxis_s0.1,ba48188d,1,234052.70287956193,1000
R_dipaxis_s0.1,ba48188d,2,1974173.9579988616,1000
R_dipaxis_s0.1,ba48188d,3,5456537.593817424,1000
R_dipaxis_s0.1,ba48188d,4,1434579.8640242787,167
R_dipaxis_s0.15,ba48188d,0,7087.231691290123,999
R_dipaxis_s0.15,ba48188d,1,213589.24185280962,1000
R_dipaxis_s0.15,ba48188d,2,1814886.281346038,1000
R_dipaxis_s0.15,ba48188d,3,4972181.831916916,1000
R_dipaxis_s0.15,ba48188d,4,1302540.6420237923,167
R_dipaxis_s0.2,ba48188d,0,6967.551958779334,999
R_dipaxis_s0.2,ba48188d,1,194065.6113817082,1000
R_dipaxis_s0.2,ba48188d,2,1662303.7424917296,1000
R_dipaxis_s0.2,ba48188d,3,4510363.048143636,1000
R_dipaxis_s0.2,ba48188d,4,1176874.7447148934,167
R_dipaxis_s0.1,9e3e364d,0,2155.6441145385916,999
R_dipaxis_s0.1,9e3e364d,1,8783.8490061123,1000
R_dipaxis_s0.1,9e3e364d,2,3247.6468762620834,1000
R_dipaxis_s0.1,9e3e364d,3,11548.836369500948,1000
R_dipaxis_s0.1,9e3e364d,4,16461.32914203393,291
R_dipaxis_s0.15,9e3e364d,0,2223.9464423990908,999
R_dipaxis_s0.15,9e3e364d,1,10000.855491250497,1000
R_dipaxis_s0.15,9e3e364d,2,7797.33960676686,1000
R_dipaxis_s0.15,9e3e364d,3,18131.01565302978,1000
R_dipaxis_s0.15,9e3e364d,4,9270.322947636218,291
R_dipaxis_s0.2,9e3e364d,0,2528.461450653137,999
R_dipaxis_s0.2,9e3e364d,1,13931.595331109633,1000
R_dipaxis_s0.2,9e3e364d,2,16422.63479885439,1000
R_dipaxis_s0.2,9e3e364d,3,28738.824835744363,1000
R_dipaxis_s0.2,9e3e364d,4,4452.750076295261,291
R_dipaxis_s0.1,3584a6eb,0,11485.66528926788,999
R_dipaxis_s0.1,3584a6eb,1,92533.67629974031,1000
R_dipaxis_s0.1,3584a6eb,2,181959.9634724013,1000
R_dipaxis_s0.1,3584a6eb,3,211041.6543920191,1000
R_dipaxis_s0.1,3584a6eb,4,104353.63865626481,495
R_dipaxis_s0.15,3584a6eb,0,15247.910300638101,999
R_dipaxis_s0.15,3584a6eb,1,120248.488434857,1000
R_dipaxis_s0.15,3584a6eb,2,221179.13275825765,1000
R_dipaxis_s0.15,3584a6eb,3,252252.23142792436,1000
R_dipaxis_s0.15,3584a6eb,4,128455.69998878661,495
R_dipaxis_s0.2,3584a6eb,0,19577.295923165962,999
R_dipaxis_s0.2,3584a6eb,1,151654.07569347403,1000
R_dipaxis_s0.2,3584a6eb,2,264406.1863438858,1000
R_dipaxis_s0.2,3584a6eb,3,297148.910790428,1000
R_dipaxis_s0.2,3584a6eb,4,155096.50829090277,495
R_dipaxis_s0.1,9314ff13,0,20093.786734023248,999
R_dipaxis_s0.1,9314ff13,1,52378.7091236678,1000
R_dipaxis_s0.1,9314ff13,2,4960.591565691249,749
R_dipaxis_s0.15,9314ff13,0,20663.673872455714,999
R_dipaxis_s0.15,9314ff13,1,57308.44884186664,1000
R_dipaxis_s0.15,9314ff13,2,3579.05911933388,749
R_dipaxis_s0.2,9314ff13,0,21288.356958503093,999
R_dipaxis_s0.2,9314ff13,1,63169.581930976754,1000
R_dipaxis_s0.2,9314ff13,2,2817.420486840822,749
R_dipaxis_s0.1,fde20ecf,0,18173.664515222143,999
R_dipaxis_s0.1,fde20ecf,1,384389.3447930384,1000
R_dipaxis_s0.1,fde20ecf,2,324175.91444707575,1000
R_dipaxis_s0.1,fde20ecf,3,375591.32701843046,1000
R_dipaxis_s0.1,fde20ecf,4,273396.5424146099,668
R_dipaxis_s0.15,fde20ecf,0,20412.52120449089,999
R_dipaxis_s0.15,fde20ecf,1,387341.55526760616,1000
R_dipaxis_s0.15,fde20ecf,2,329923.64394756436,1000
R_dipaxis_s0.15,fde20ecf,3,407139.97694681527,1000
R_dipaxis_s0.15,fde20ecf,4,301860.45689837536,668
R_dipaxis_s0.2,fde20ecf,0,22811.644348199552,999
R_dipaxis_s0.2,fde20ecf,1,390354.53166088636,1000
R_dipaxis_s0.2,fde20ecf,2,335750.7050993623,1000
R_dipaxis_s0.2,fde20ecf,3,439974.7822879897,1000
R_dipaxis_s0.2,fde20ecf,4,331755.2885664488,668
R_dipaxis_s0.1,ee0300f7,0,235510.45035259734,999
R_dipaxis_s0.1,ee0300f7,1,671215.3681982417,1000
R_dipaxis_s0.1,ee0300f7,2,646733.97846208,1000
R_dipaxis_s0.1,ee0300f7,3,1035249.0399538585,1000
R_dipaxis_s0.1,ee0300f7,4,822576.5349598109,545
R_dipaxis_s0.15,ee0300f7,0,224865.1240895313,999
R_dipaxis_s0.15,ee0300f7,1,665412.9672483185,1000
R_dipaxis_s0.15,ee0300f7,2,688836.8768209723,1000
R_dipaxis_s0.15,ee0300f7,3,1144021.6546688683,1000
R_dipaxis_s0.15,ee0300f7,4,913653.5006993886,545
R_dipaxis_s0.2,ee0300f7,0,214467.07803356103,999
R_dipaxis_s0.2,ee0300f7,1,659810.715999044,1000
R_dipaxis_s0.2,ee0300f7,2,732290.7787651134,1000
R_dipaxis_s0.2,ee0300f7,3,1258317.61227595,1000
R_dipaxis_s0.2,ee0300f7,4,1009540.0098454229,545
R_dipaxis_s0.1,89f36adf,0,253.73189158683957,999
R_dipaxis_s0.1,89f36adf,1,4883.830711727446,1000
R_dipaxis_s0.1,89f36adf,2,112030.15431281993,1000
R_dipaxis_s0.1,89f36adf,3,5368.29819991825,1000
R_dipaxis_s0.1,89f36adf,4,11201.465891066544,1000
R_dipaxis_s0.1,89f36adf,5,1203.0062002774612,293
R_dipaxis_s0.15,89f36adf,0,540.0840532351093,999
R_dipaxis_s0.15,89f36adf,1,4044.787264837073,1000
R_dipaxis_s0.15,89f36adf,2,139668.29763511178,1000
R_dipaxis_s0.15,89f36adf,3,15245.461783348675,1000
R_dipaxis_s0.15,89f36adf,4,32055.988624628084,1000
R_dipaxis_s0.15,89f36adf,5,6477.9927228569395,293
R_dipaxis_s0.2,89f36adf,0,1045.1703254533104,999
R_dipaxis_s0.2,89f36adf,1,6443.747449443124,1000
R_dipaxis_s0.2,89f36adf,2,171499.50140132633,1000
R_dipaxis_s0.2,89f36adf,3,34125.81072242657,1000
R_dipaxis_s0.2,89f36adf,4,64079.388083542384,1000
R_dipaxis_s0.2,89f36adf,5,16384.51976039653,293
R_dipaxis_s0.1,6d6d93af,0,379309.8830294841,999
R_dipaxis_s0.1,6d6d93af,1,2344106.785378535,1000
R_dipaxis_s0.1,6d6d93af,2,950371.1006729393,1000
R_dipaxis_s0.1,6d6d93af,3,266451.2467471003,596
R_dipaxis_s0.15,6d6d93af,0,371005.1745329343,999
R_dipaxis_s0.15,6d6d93af,1,2328672.9028397663,1000
R_dipaxis_s0.15,6d6d93af,2,1041609.0051783579,1000
R_dipaxis_s0.15,6d6d93af,3,321921.69019841764,596
R_dipaxis_s0.2,6d6d93af,0,362796.26472886547,999
R_dipaxis_s0.2,6d6d93af,1,2313559.361148994,1000
R_dipaxis_s0.2,6d6d93af,2,1137523.8993630856,1000
R_dipaxis_s0.2,6d6d93af,3,382988.6811349157,596
R_dipaxis_s0.1,4c3168cf,0,39493.08053338932,999
R_dipaxis_s0.1,4c3168cf,1,15478.940776155356,1000
R_dipaxis_s0.1,4c3168cf,2,6741.920528060856,1000
R_dipaxis_s0.1,4c3168cf,3,7326.61985540216,1000
R_dipaxis_s0.1,4c3168cf,4,2357.058370253741,335
R_dipaxis_s0.15,4c3168cf,0,37231.4866059703,999
R_dipaxis_s0.15,4c3168cf,1,14343.36783536094,1000
R_dipaxis_s0.15,4c3168cf,2,5872.012582292112,1000
R_dipaxis_s0.15,4c3168cf,3,6449.906362845739,1000
R_dipaxis_s0.15,4c3168cf,4,1811.4049958054222,335
R_dipaxis_s0.2,4c3168cf,0,35043.85711581132,999
R_dipaxis_s0.2,4c3168cf,1,13257.972075320497,1000
R_dipaxis_s0.2,4c3168cf,2,5080.2774966589195,1000
R_dipaxis_s0.2,4c3168cf,3,5650.327690118784,1000
R_dipaxis_s0.2,4c3168cf,4,1344.6300483075959,335
R_dipaxis_s0.1,26d3a96a,0,67630.59085691452,999
R_dipaxis_s0.1,26d3a96a,1,180108.61744844398,1000
R_dipaxis_s0.1,26d3a96a,2,43892.88440296514,1000
R_dipaxis_s0.1,26d3a96a,3,70759.3344409143,1000
R_dipaxis_s0.1,26d3a96a,4,50052.650099381164,722
R_dipaxis_s0.15,26d3a96a,0,68508.85080223513,999
R_dipaxis_s0.15,26d3a96a,1,178532.0065931401,1000
R_dipaxis_s0.15,26d3a96a,2,55537.06245804329,1000
R_dipaxis_s0.15,26d3a96a,3,80739.68968907095,1000
R_dipaxis_s0.15,26d3a96a,4,45914.055165879356,722
R_dipaxis_s0.2,26d3a96a,0,69417.92879212569,999
R_dipaxis_s0.2,26d3a96a,1,177026.9715848062,1000
R_dipaxis_s0.2,26d3a96a,2,68720.37701551296,1000
R_dipaxis_s0.2,26d3a96a,3,91436.50022235542,1000
R_dipaxis_s0.2,26d3a96a,4,42399.63017691948,722
R_dipaxis_s0.1,bd4ae5da,0,90393.88113192831,999
R_dipaxis_s0.1,bd4ae5da,1,63045.488915452624,1000
R_dipaxis_s0.1,bd4ae5da,2,76682.87029163551,1000
R_dipaxis_s0.1,bd4ae5da,3,214833.73137352077,1000
R_dipaxis_s0.1,bd4ae5da,4,108908.55475407689,1000
R_dipaxis_s0.1,bd4ae5da,5,597.1736626080717,7
R_dipaxis_s0.15,bd4ae5da,0,75601.46491088522,999
R_dipaxis_s0.15,bd4ae5da,1,44516.98563703033,1000
R_dipaxis_s0.15,bd4ae5da,2,52289.369721187264,1000
R_dipaxis_s0.15,bd4ae5da,3,155187.78526524137,1000
R_dipaxis_s0.15,bd4ae5da,4,62471.24327992171,1000
R_dipaxis_s0.15,bd4ae5da,5,291.43528118363514,7
R_dipaxis_s0.2,bd4ae5da,0,62144.05849849679,999
R_dipaxis_s0.2,bd4ae5da,1,29946.234901168355,1000
R_dipaxis_s0.2,bd4ae5da,2,34907.76017322147,1000
R_dipaxis_s0.2,bd4ae5da,3,105388.34876025683,1000
R_dipaxis_s0.2,bd4ae5da,4,29064.42003829345,1000
R_dipaxis_s0.2,bd4ae5da,5,94.20285794023589,7
R_dipaxis_s0.1,8902c3f6,0,55928.23020175149,999
R_dipaxis_s0.1,8902c3f6,1,195803.95147119407,1000
R_dipaxis_s0.1,8902c3f6,2,47358.77615772936,1000
R_dipaxis_s0.1,8902c3f6,3,3575.7049112231994,1000
R_dipaxis_s0.1,8902c3f6,4,18520.141923400784,960
R_dipaxis_s0.15,8902c3f6,0,49317.590659313384,999
R_dipaxis_s0.15,8902c3f6,1,176065.5590334204,1000
R_dipaxis_s0.15,8902c3f6,2,38345.91723355845,1000
R_dipaxis_s0.15,8902c3f6,3,3304.43952657387,1000
R_dipaxis_s0.15,8902c3f6,4,30698.06664642783,960
R_dipaxis_s0.2,8902c3f6,0,43133.88095466346,999
R_dipaxis_s0.2,8902c3f6,1,157400.8955133968,1000
R_dipaxis_s0.2,8902c3f6,2,30300.601340695845,1000
R_dipaxis_s0.2,8902c3f6,3,3468.002315083922,1000
R_dipaxis_s0.2,8902c3f6,4,46216.14521033982,960
R_dipaxis_s0.1,b977be4a,0,320117.8457250106,999
R_dipaxis_s0.1,b977be4a,1,703474.4913520473,1000
R_dipaxis_s0.1,b977be4a,2,79392.03932977308,1000
R_dipaxis_s0.1,b977be4a,3,414799.43878543214,1000
R_dipaxis_s0.1,b977be4a,4,523897.02375068347,1000
R_dipaxis_s0.1,b977be4a,5,421935.32290752634,918
R_dipaxis_s0.15,b977be4a,0,289961.40855503775,999
R_dipaxis_s0.15,b977be4a,1,623154.1551026399,1000
R_dipaxis_s0.15,b977be4a,2,85427.7307978294,1000
R_dipaxis_s0.15,b977be4a,3,485378.39875625534,1000
R_dipaxis_s0.15,b977be4a,4,687788.5849112838,1000
R_dipaxis_s0.15,b977be4a,5,614598.6098421512,918
R_dipaxis_s0.2,b977be4a,0,261299.19029674996,999
R_dipaxis_s0.2,b977be4a,1,547953.5084696186,1000
R_dipaxis_s0.2,b977be4a,2,94455.51820133276,1000
R_dipaxis_s0.2,b977be4a,3,561838.7250124804,1000
R_dipaxis_s0.2,b977be4a,4,874646.7282620477,1000
R_dipaxis_s0.2,b977be4a,5,843493.5219306854,918
R_dipaxis_s0.1,f40cd091,0,115239.29169933098,999
R_dipaxis_s0.1,f40cd091,1,23937.21493643032,1000
R_dipaxis_s0.1,f40cd091,2,14589.111559427787,1000
R_dipaxis_s0.1,f40cd091,3,33708.25435942605,1000
R_dipaxis_s0.1,f40cd091,4,158112.83811649668,1000
R_dipaxis_s0.1,f40cd091,5,21142.216320764794,167
R_dipaxis_s0.15,f40cd091,0,108832.95374234245,999
R_dipaxis_s0.15,f40cd091,1,21596.95570820074,1000
R_dipaxis_s0.15,f40cd091,2,15119.41446803442,1000
R_dipaxis_s0.15,f40cd091,3,41334.287011994005,1000
R_dipaxis_s0.15,f40cd091,4,191127.50172265753,1000
R_dipaxis_s0.15,f40cd091,5,27819.78665749776,167
R_dipaxis_s0.2,f40cd091,0,102614.68928091442,999
R_dipaxis_s0.2,f40cd091,1,19409.575882341884,1000
R_dipaxis_s0.2,f40cd091,2,15680.781395903618,1000
R_dipaxis_s0.2,f40cd091,3,51108.30214646467,1000
R_dipaxis_s0.2,f40cd091,4,227346.35382742528,1000
R_dipaxis_s0.2,f40cd091,5,35459.67821179717,167
R_dipaxis_s0.1,3a7dd95d,0,220852.5251112876,999
R_dipaxis_s0.1,3a7dd95d,1,235587.27674897388,1000
R_dipaxis_s0.1,3a7dd95d,2,27741.49456844501,1000
R_dipaxis_s0.1,3a7dd95d,3,4672.607357371106,73
R_dipaxis_s0.15,3a7dd95d,0,207152.586299519,999
R_dipaxis_s0.15,3a7dd95d,1,233604.83797872867,1000
R_dipaxis_s0.15,3a7dd95d,2,30391.21427888655,1000
R_dipaxis_s0.15,3a7dd95d,3,5245.498879587989,73
R_dipaxis_s0.2,3a7dd95d,0,193895.46627613762,999
R_dipaxis_s0.2,3a7dd95d,1,231979.44131199454,1000
R_dipaxis_s0.2,3a7dd95d,2,34282.69554013989,1000
R_dipaxis_s0.2,3a7dd95d,3,5851.65269749204,73
R_dipaxis_s0.1,c96c018a,0,6871.11681582582,999
R_dipaxis_s0.1,c96c018a,1,164909.40465793625,1000
R_dipaxis_s0.1,c96c018a,2,228956.00494681767,1000
R_dipaxis_s0.1,c96c018a,3,157335.30195448297,1000
R_dipaxis_s0.1,c96c018a,4,165617.81443487265,1000
R_dipaxis_s0.1,c96c018a,5,67212.09100194623,1000
R_dipaxis_s0.1,c96c018a,6,8061.645063898582,237
R_dipaxis_s0.15,c96c018a,0,7485.30503266594,999
R_dipaxis_s0.15,c96c018a,1,145203.7369506377,1000
R_dipaxis_s0.15,c96c018a,2,205133.4651958455,1000
R_dipaxis_s0.15,c96c018a,3,140383.20324121535,1000
R_dipaxis_s0.15,c96c018a,4,143206.17432639134,1000
R_dipaxis_s0.15,c96c018a,5,51310.78585863456,1000
R_dipaxis_s0.15,c96c018a,6,4084.7283045119943,237
R_dipaxis_s0.2,c96c018a,0,8142.347588789478,999
R_dipaxis_s0.2,c96c018a,1,126793.26501916969,1000
R_dipaxis_s0.2,c96c018a,2,182621.50639529736,1000
R_dipaxis_s0.2,c96c018a,3,124413.79443428168,1000
R_dipaxis_s0.2,c96c018a,4,122469.80323397498,1000
R_dipaxis_s0.2,c96c018a,5,38016.855252471665,1000
R_dipaxis_s0.2,c96c018a,6,1535.6905175694305,237
R_dipaxis_s0.1,67a8da4a,0,21815.843055854908,999
R_dipaxis_s0.1,67a8da4a,1,347074.6791943096,1000
R_dipaxis_s0.1,67a8da4a,2,405897.69646535855,1000
R_dipaxis_s0.1,67a8da4a,3,47849.64355487368,1000
R_dipaxis_s0.1,67a8da4a,4,76544.87375354732,912
R_dipaxis_s0.15,67a8da4a,0,19235.466408277432,999
R_dipaxis_s0.15,67a8da4a,1,320404.3880996005,1000
R_dipaxis_s0.15,67a8da4a,2,385092.21827954886,1000
R_dipaxis_s0.15,67a8da4a,3,44939.19116580957,1000
R_dipaxis_s0.15,67a8da4a,4,67800.09388092179,912
R_dipaxis_s0.2,67a8da4a,0,16835.20241036227,999
R_dipaxis_s0.2,67a8da4a,1,294802.75357698434,1000
R_dipaxis_s0.2,67a8da4a,2,364953.53134807904,1000
R_dipaxis_s0.2,67a8da4a,3,42210.07559907972,1000
R_dipaxis_s0.2,67a8da4a,4,59648.42484202972,912
R_dipaxis_s0.1,f321a31c,0,2419.4470593069163,999
R_dipaxis_s0.1,f321a31c,1,137899.31854312334,1000
R_dipaxis_s0.1,f321a31c,2,249737.8456816245,1000
R_dipaxis_s0.1,f321a31c,3,36595.10641237737,1000
R_dipaxis_s0.1,f321a31c,4,394872.06970350293,1000
R_dipaxis_s0.1,f321a31c,5,54876.842823852756,142
R_dipaxis_s0.15,f321a31c,0,2294.0047437367703,999
R_dipaxis_s0.15,f321a31c,1,130127.40956367987,1000
R_dipaxis_s0.15,f321a31c,2,287327.76601485524,1000
R_dipaxis_s0.15,f321a31c,3,32890.01118792805,1000
R_dipaxis_s0.15,f321a31c,4,440630.59283411887,1000
R_dipaxis_s0.15,f321a31c,5,58209.03227897175,142
R_dipaxis_s0.2,f321a31c,0,2176.403898017465,999
R_dipaxis_s0.2,f321a31c,1,122613.97791689668,1000
R_dipaxis_s0.2,f321a31c,2,330325.75660970004,1000
R_dipaxis_s0.2,f321a31c,3,48879.81404305346,1000
R_dipaxis_s0.2,f321a31c,4,489059.86075064173,1000
R_dipaxis_s0.2,f321a31c,5,61639.84646288487,142
R_dipaxis_s0.1,b585b4fa,0,150769.93534259798,999
R_dipaxis_s0.1,b585b4fa,1,35742.63683766429,1000
R_dipaxis_s0.1,b585b4fa,2,23267.43754111147,1000
R_dipaxis_s0.1,b585b4fa,3,91294.6144379073,1000
R_dipaxis_s0.1,b585b4fa,4,52690.02705784305,295
R_dipaxis_s0.15,b585b4fa,0,131225.78027164275,999
R_dipaxis_s0.15,b585b4fa,1,28664.895420573095,1000
R_dipaxis_s0.15,b585b4fa,2,24659.197609475952,1000
R_dipaxis_s0.15,b585b4fa,3,102048.62369450956,1000
R_dipaxis_s0.15,b585b4fa,4,39877.933419025314,295
R_dipaxis_s0.2,b585b4fa,0,113045.53167253005,999
R_dipaxis_s0.2,b585b4fa,1,22401.644446206254,1000
R_dipaxis_s0.2,b585b4fa,2,27211.089143046956,1000
R_dipaxis_s0.2,b585b4fa,3,113882.51864287125,1000
R_dipaxis_s0.2,b585b4fa,4,28918.53390171843,295
R_dipaxis_s0.1,7acda2df,0,45198.60611216796,999
R_dipaxis_s0.1,7acda2df,1,99769.54556546955,1000
R_dipaxis_s0.1,7acda2df,2,486007.54147010646,1000
R_dipaxis_s0.1,7acda2df,3,71061.58204534036,92
R_dipaxis_s0.15,7acda2df,0,37334.40430898863,999
R_dipaxis_s0.15,7acda2df,1,113473.26150872164,1000
R_dipaxis_s0.15,7acda2df,2,534749.8258190784,1000
R_dipaxis_s0.15,7acda2df,3,78753.00361669045,92
R_dipaxis_s0.2,7acda2df,0,30354.278866297205,999
R_dipaxis_s0.2,7acda2df,1,128433.73945898874,1000
R_dipaxis_s0.2,7acda2df,2,585849.1672440049,1000
R_dipaxis_s0.2,7acda2df,3,86840.41608716213,92
R_dipaxis_s0.1,7987f2f2,0,97825.35733409892,999
R_dipaxis_s0.1,7987f2f2,1,387943.1845457588,1000
R_dipaxis_s0.1,7987f2f2,2,44631.50940917729,1000
R_dipaxis_s0.1,7987f2f2,3,10449.9370198566,706
R_dipaxis_s0.15,7987f2f2,0,99354.05529758197,999
R_dipaxis_s0.15,7987f2f2,1,398209.971620665,1000
R_dipaxis_s0.15,7987f2f2,2,66318.10156382102,1000
R_dipaxis_s0.15,7987f2f2,3,5570.823682697815,706
R_dipaxis_s0.2,7987f2f2,0,100939.25969201664,999
R_dipaxis_s0.2,7987f2f2,1,410064.41989691317,1000
R_dipaxis_s0.2,7987f2f2,2,93414.59401850028,1000
R_dipaxis_s0.2,7987f2f2,3,11167.286880817126,706
R_dipaxis_s0.1,206b6193,0,24657.277878471297,999
R_dipaxis_s0.1,206b6193,1,257558.659971069,1000
R_dipaxis_s0.1,206b6193,2,537137.6406474436,1000
R_dipaxis_s0.1,206b6193,3,813029.1177101819,1000
R_dipaxis_s0.1,206b6193,4,1484305.1097026586,1000
R_dipaxis_s0.1,206b6193,5,2637311.1425177255,1000
R_dipaxis_s0.1,206b6193,6,1905188.4976093245,536
R_dipaxis_s0.15,206b6193,0,20441.557621648033,999
R_dipaxis_s0.15,206b6193,1,236787.17865899325,1000
R_dipaxis_s0.15,206b6193,2,506361.8855133462,1000
R_dipaxis_s0.15,206b6193,3,760559.2373977625,1000
R_dipaxis_s0.15,206b6193,4,1389164.7635161837,1000
R_dipaxis_s0.15,206b6193,5,2468334.6078654365,1000
R_dipaxis_s0.15,206b6193,6,1777600.8522211523,536
R_dipaxis_s0.2,206b6193,0,16633.422534115783,999
R_dipaxis_s0.2,206b6193,1,216927.3848818334,1000
R_dipaxis_s0.2,206b6193,2,476497.5925073573,1000
R_dipaxis_s0.2,206b6193,3,709846.1310403218,1000
R_dipaxis_s0.2,206b6193,4,1297175.9269378146,1000
R_dipaxis_s0.2,206b6193,5,2304957.283905669,1000
R_dipaxis_s0.2,206b6193,6,1654436.7234710676,536
R_dipaxis_s0.1,656a067b,0,262286.2068191079,999
R_dipaxis_s0.1,656a067b,1,199347.78700876853,1000
R_dipaxis_s0.1,656a067b,2,116869.43119306778,1000
R_dipaxis_s0.1,656a067b,3,1059.6420927645477,52
R_dipaxis_s0.15,656a067b,0,251832.45531915105,999
R_dipaxis_s0.15,656a067b,1,197235.99638480702,1000
R_dipaxis_s0.15,656a067b,2,96843.72129396912,1000
R_dipaxis_s0.15,656a067b,3,1588.4224245957942,52
R_dipaxis_s0.2,656a067b,0,241659.33434619522,999
R_dipaxis_s0.2,656a067b,1,195910.3591086194,1000
R_dipaxis_s0.2,656a067b,2,79860.74956444252,1000
R_dipaxis_s0.2,656a067b,3,2224.0833133932165,52
R_dipaxis_s0.1,e0079ed1,0,70149.08577929105,999
R_dipaxis_s0.1,e0079ed1,1,69397.87854546664,1000
R_dipaxis_s0.1,e0079ed1,2,9562.544675082612,1000
R_dipaxis_s0.1,e0079ed1,3,5107.789132698146,472
R_dipaxis_s0.15,e0079ed1,0,61232.78520613918,999
R_dipaxis_s0.15,e0079ed1,1,55206.50425360319,1000
R_dipaxis_s0.15,e0079ed1,2,4023.057123610529,1000
R_dipaxis_s0.15,e0079ed1,3,9545.32469641676,472
R_dipaxis_s0.2,e0079ed1,0,52986.68575778678,999
R_dipaxis_s0.2,e0079ed1,1,42858.64721867443,1000
R_dipaxis_s0.2,e0079ed1,2,2103.0167127959953,1000
R_dipaxis_s0.2,e0079ed1,3,15644.571158381934,472
R_dipaxis_s0.1,46d41ff6,0,130703.11629657853,999
R_dipaxis_s0.1,46d41ff6,1,89109.07637935063,1000
R_dipaxis_s0.1,46d41ff6,2,20092.9967503725,1000
R_dipaxis_s0.1,46d41ff6,3,7113.647593926406,1000
R_dipaxis_s0.1,46d41ff6,4,17193.037077168327,1000
R_dipaxis_s0.1,46d41ff6,5,23243.355322661773,1000
R_dipaxis_s0.1,46d41ff6,6,16059.102011878616,1000
R_dipaxis_s0.1,46d41ff6,7,89849.55134992172,902
R_dipaxis_s0.15,46d41ff6,0,124461.36293317199,999
R_dipaxis_s0.15,46d41ff6,1,88432.21821516602,1000
R_dipaxis_s0.15,46d41ff6,2,16766.67513879695,1000
R_dipaxis_s0.15,46d41ff6,3,4299.290544909426,1000
R_dipaxis_s0.15,46d41ff6,4,17576.70457536685,1000
R_dipaxis_s0.15,46d41ff6,5,29361.973489997024,1000
R_dipaxis_s0.15,46d41ff6,6,19823.14402948117,1000
R_dipaxis_s0.15,46d41ff6,7,97237.77168968174,902
R_dipaxis_s0.2,46d41ff6,0,118383.71076196886,999
R_dipaxis_s0.2,46d41ff6,1,87777.71698174207,1000
R_dipaxis_s0.2,46d41ff6,2,14849.351169380028,1000
R_dipaxis_s0.2,46d41ff6,3,3032.3378319057574,1000
R_dipaxis_s0.2,46d41ff6,4,19104.888746641238,1000
R_dipaxis_s0.2,46d41ff6,5,36229.581728002355,1000
R_dipaxis_s0.2,46d41ff6,6,24833.52028819217,1000
R_dipaxis_s0.2,46d41ff6,7,105027.55877264203,902
R_dipaxis_s0.1,8b5be31b,0,10715.495136270438,999
R_dipaxis_s0.1,8b5be31b,1,152566.21960448893,1000
R_dipaxis_s0.1,8b5be31b,2,73080.47468276837,1000
R_dipaxis_s0.1,8b5be31b,3,388534.3547691457,1000
R_dipaxis_s0.1,8b5be31b,4,75313.84331793671,1000
R_dipaxis_s0.1,8b5be31b,5,30397.010144193984,673
R_dipaxis_s0.15,8b5be31b,0,9151.224478709606,999
R_dipaxis_s0.15,8b5be31b,1,120048.47296486414,1000
R_dipaxis_s0.15,8b5be31b,2,43728.57951237427,1000
R_dipaxis_s0.15,8b5be31b,3,281442.2809972574,1000
R_dipaxis_s0.15,8b5be31b,4,82761.3984512887,1000
R_dipaxis_s0.15,8b5be31b,5,48591.53916446727,673
R_dipaxis_s0.2,8b5be31b,0,7907.572704018766,999
R_dipaxis_s0.2,8b5be31b,1,91806.50479733243,1000
R_dipaxis_s0.2,8b5be31b,2,22195.666934133922,1000
R_dipaxis_s0.2,8b5be31b,3,191910.1560210716,1000
R_dipaxis_s0.2,8b5be31b,4,103589.0726342316,1000
R_dipaxis_s0.2,8b5be31b,5,76912.21061685852,673
R_dipaxis_s0.1,edf885a3,0,89249.45033057572,999
R_dipaxis_s0.1,edf885a3,1,302233.2384025208,1000
R_dipaxis_s0.1,edf885a3,2,28437.743108432725,1000
R_dipaxis_s0.1,edf885a3,3,2254.138544355793,118
R_dipaxis_s0.15,edf885a3,0,83129.76846816423,999
R_dipaxis_s0.15,edf885a3,1,285395.0049121434,1000
R_dipaxis_s0.15,edf885a3,2,27924.392837059015,1000
R_dipaxis_s0.15,edf885a3,3,2621.389303844399,118
R_dipaxis_s0.2,edf885a3,0,77229.69868729028,999
R_dipaxis_s0.2,edf885a3,1,269041.65999401436,1000
R_dipaxis_s0.2,edf885a3,2,27452.721348626346,1000
R_dipaxis_s0.2,edf885a3,3,3017.1449215403222,118
R_dipaxis_s0.1,fd710aea,0,366.87371761100707,999
R_dipaxis_s0.1,fd710aea,1,28209.221916525188,1000
R_dipaxis_s0.1,fd710aea,2,35241.54346242928,1000
R_dipaxis_s0.1,fd710aea,3,43762.3584612378,1000
R_dipaxis_s0.1,fd710aea,4,22.26347375972097,218
R_dipaxis_s0.15,fd710aea,0,542.217621301438,999
R_dipaxis_s0.15,fd710aea,1,20929.16150327449,1000
R_dipaxis_s0.15,fd710aea,2,24511.94994754891,1000
R_dipaxis_s0.15,fd710aea,3,25904.077185939193,1000
R_dipaxis_s0.15,fd710aea,4,1122.0044489867396,218
R_dipaxis_s0.2,fd710aea,0,842.5279882486328,999
R_dipaxis_s0.2,fd710aea,1,14936.775042348996,1000
R_dipaxis_s0.2,fd710aea,2,16993.37883527208,1000
R_dipaxis_s0.2,fd710aea,3,15170.756706696238,1000
R_dipaxis_s0.2,fd710aea,4,4494.545083111987,218
R_dipaxis_s0.1,41fb0192,0,13806.312984981529,999
R_dipaxis_s0.1,41fb0192,1,3009.06484070603,1000
R_dipaxis_s0.1,41fb0192,2,10857.110859900811,974
R_dipaxis_s0.15,41fb0192,0,14041.090173743702,999
R_dipaxis_s0.15,41fb0192,1,2806.163128044672,1000
R_dipaxis_s0.15,41fb0192,2,7324.651706639858,974
R_dipaxis_s0.2,41fb0192,0,14282.675626688982,999
R_dipaxis_s0.2,41fb0192,1,2673.780393374466,1000
R_dipaxis_s0.2,41fb0192,2,4700.366897907283,974
R_dipaxis_s0.1,1b82b665,0,64433.98331029539,999
R_dipaxis_s0.1,1b82b665,1,45157.82196644199,1000
R_dipaxis_s0.1,1b82b665,2,12930.858981038282,1000
R_dipaxis_s0.1,1b82b665,3,11733.079595762525,807
R_dipaxis_s0.15,1b82b665,0,64746.907537470084,999
R_dipaxis_s0.15,1b82b665,1,48584.63512896435,1000
R_dipaxis_s0.15,1b82b665,2,7186.487869701627,1000
R_dipaxis_s0.15,1b82b665,3,16043.536783032097,807
R_dipaxis_s0.2,1b82b665,0,65064.326812664236,999
R_dipaxis_s0.2,1b82b665,1,52528.17964435676,1000
R_dipaxis_s0.2,1b82b665,2,3329.462323792887,1000
R_dipaxis_s0.2,1b82b665,3,22039.932096560904,807
R_dipaxis_s0.1,cda7eb37,0,1177.2421275481026,999
R_dipaxis_s0.1,cda7eb37,1,29861.21221346912,1000
R_dipaxis_s0.1,cda7eb37,2,114112.46903144465,1000
R_dipaxis_s0.1,cda7eb37,3,90428.45697387499,1000
R_dipaxis_s0.1,cda7eb37,4,70971.61553423217,1000
R_dipaxis_s0.1,cda7eb37,5,220156.67645414418,974
R_dipaxis_s0.15,cda7eb37,0,772.025540450819,999
R_dipaxis_s0.15,cda7eb37,1,49756.67299156802,1000
R_dipaxis_s0.15,cda7eb37,2,174438.62924464824,1000
R_dipaxis_s0.15,cda7eb37,3,148057.00187682663,1000
R_dipaxis_s0.15,cda7eb37,4,42092.66823912123,1000
R_dipaxis_s0.15,cda7eb37,5,161950.81170499494,974
R_dipaxis_s0.2,cda7eb37,0,1396.2614861061356,999
R_dipaxis_s0.2,cda7eb37,1,75239.53728390981,1000
R_dipaxis_s0.2,cda7eb37,2,247660.43838950465,1000
R_dipaxis_s0.2,cda7eb37,3,221078.110757122,1000
R_dipaxis_s0.2,cda7eb37,4,26408.75470252581,1000
R_dipaxis_s0.2,cda7eb37,5,114449.91027169983,974
R_dipaxis_s0.1,99529c45,0,358279.58864256716,999
R_dipaxis_s0.1,99529c45,1,561373.7578394163,1000
R_dipaxis_s0.1,99529c45,2,519618.32930186775,1000
R_dipaxis_s0.1,99529c45,3,841093.8423427682,1000
R_dipaxis_s0.1,99529c45,4,477753.8095985647,1000
R_dipaxis_s0.1,99529c45,5,163671.2891746328,841
R_dipaxis_s0.15,99529c45,0,337127.44718421507,999
R_dipaxis_s0.15,99529c45,1,539064.4442129182,1000
R_dipaxis_s0.15,99529c45,2,520566.8863488806,1000
R_dipaxis_s0.15,99529c45,3,894086.5566692896,1000
R_dipaxis_s0.15,99529c45,4,538155.8610661529,1000
R_dipaxis_s0.15,99529c45,5,196553.48595308373,841
R_dipaxis_s0.2,99529c45,0,316620.03323943145,999
R_dipaxis_s0.2,99529c45,1,517247.5502222689,1000
R_dipaxis_s0.2,99529c45,2,521540.54415993846,1000
R_dipaxis_s0.2,99529c45,3,948763.0273325574,1000
R_dipaxis_s0.2,99529c45,4,602368.9350126028,1000
R_dipaxis_s0.2,99529c45,5,232625.4428922921,841
R_dipaxis_s0.1,d2f3b1ab,0,105840.73622946147,999
R_dipaxis_s0.1,d2f3b1ab,1,303018.5759257586,1000
R_dipaxis_s0.1,d2f3b1ab,2,790013.5853558816,1000
R_dipaxis_s0.1,d2f3b1ab,3,236474.11312124986,1000
R_dipaxis_s0.1,d2f3b1ab,4,59012.68479011711,1000
R_dipaxis_s0.1,d2f3b1ab,5,103630.34768448335,582
R_dipaxis_s0.15,d2f3b1ab,0,99281.61334155292,999
R_dipaxis_s0.15,d2f3b1ab,1,293121.20795503893,1000
R_dipaxis_s0.15,d2f3b1ab,2,778560.5632330364,1000
R_dipaxis_s0.15,d2f3b1ab,3,250732.36869398254,1000
R_dipaxis_s0.15,d2f3b1ab,4,50272.26212066508,1000
R_dipaxis_s0.15,d2f3b1ab,5,89095.6540884406,582
R_dipaxis_s0.2,d2f3b1ab,0,92932.56021854647,999
R_dipaxis_s0.2,d2f3b1ab,1,283496.9131952459,1000
R_dipaxis_s0.2,d2f3b1ab,2,767238.1933763281,1000
R_dipaxis_s0.2,d2f3b1ab,3,265497.2478081192,1000
R_dipaxis_s0.2,d2f3b1ab,4,42532.488374873035,1000
R_dipaxis_s0.2,d2f3b1ab,5,75658.79963354289,582
R_dipaxis_s0.1,46a301e9,0,41107.68726712071,999
R_dipaxis_s0.1,46a301e9,1,74051.15032940415,1000
R_dipaxis_s0.1,46a301e9,2,172582.61503159476,1000
R_dipaxis_s0.1,46a301e9,3,24547.40104153269,1000
R_dipaxis_s0.1,46a301e9,4,59585.51548649944,1000
R_dipaxis_s0.1,46a301e9,5,106767.19262559547,1000
R_dipaxis_s0.1,46a301e9,6,22329.482914303193,1000
R_dipaxis_s0.1,46a301e9,7,110832.6924384889,1000
R_dipaxis_s0.1,46a301e9,8,17047.78030458312,227
R_dipaxis_s0.15,46a301e9,0,36492.263115442685,999
R_dipaxis_s0.15,46a301e9,1,67902.85388285488,1000
R_dipaxis_s0.15,46a301e9,2,147982.77734490816,1000
R_dipaxis_s0.15,46a301e9,3,19140.17906902536,1000
R_dipaxis_s0.15,46a301e9,4,42215.00537141222,1000
R_dipaxis_s0.15,46a301e9,5,80303.88657413844,1000
R_dipaxis_s0.15,46a301e9,6,13763.336141461055,1000
R_dipaxis_s0.15,46a301e9,7,80059.7056069382,1000
R_dipaxis_s0.15,46a301e9,8,11704.947576105502,227
R_dipaxis_s0.2,46a301e9,0,32163.054673603176,999
R_dipaxis_s0.2,46a301e9,1,62056.53946213536,1000
R_dipaxis_s0.2,46a301e9,2,125283.23325655727,1000
R_dipaxis_s0.2,46a301e9,3,14789.277900999485,1000
R_dipaxis_s0.2,46a301e9,4,27887.807484095094,1000
R_dipaxis_s0.2,46a301e9,5,57610.76437984151,1000
R_dipaxis_s0.2,46a301e9,6,7739.194915286499,1000
R_dipaxis_s0.2,46a301e9,7,54337.16497485104,1000
R_dipaxis_s0.2,46a301e9,8,7363.985827114052,227
R_dipaxis_s0.1,5567d551,0,213585.54088337673,999
R_dipaxis_s0.1,5567d551,1,176476.61615245123,1000
R_dipaxis_s0.1,5567d551,2,12716.66257040978,1000
R_dipaxis_s0.1,5567d551,3,12075.93807825986,1000
R_dipaxis_s0.1,5567d551,4,160700.72172263789,1000
R_dipaxis_s0.1,5567d551,5,22048.95005178252,1000
R_dipaxis_s0.1,5567d551,6,36944.51532065302,890
R_dipaxis_s0.15,5567d551,0,191807.4063589119,999
R_dipaxis_s0.15,5567d551,1,157397.03002716738,1000
R_dipaxis_s0.15,5567d551,2,13558.531336443157,1000
R_dipaxis_s0.15,5567d551,3,13036.371351741416,1000
R_dipaxis_s0.15,5567d551,4,153633.2564455019,1000
R_dipaxis_s0.15,5567d551,5,20745.760093441673,1000
R_dipaxis_s0.15,5567d551,6,43127.63159891286,890
R_dipaxis_s0.2,5567d551,0,171200.77462368296,999
R_dipaxis_s0.2,5567d551,1,139413.99220088142,1000
R_dipaxis_s0.2,5567d551,2,14439.452089696366,1000
R_dipaxis_s0.2,5567d551,3,14043.082914791754,1000
R_dipaxis_s0.2,5567d551,4,146729.91910940225,1000
R_dipaxis_s0.2,5567d551,5,19635.481578946787,1000
R_dipaxis_s0.2,5567d551,6,50709.89895579463,890
R_dipaxis_s0.1,ea41324e,0,22687.021916986887,999
R_dipaxis_s0.1,ea41324e,1,39068.74426787208,1000
R_dipaxis_s0.1,ea41324e,2,7495.291703950714,1000
R_dipaxis_s0.1,ea41324e,3,26630.40433678686,1000
R_dipaxis_s0.1,ea41324e,4,9920.577973352743,1000
R_dipaxis_s0.1,ea41324e,5,848.1941670362551,26
R_dipaxis_s0.15,ea41324e,0,18268.286185643596,999
R_dipaxis_s0.15,ea41324e,1,29985.04138543119,1000
R_dipaxis_s0.15,ea41324e,2,10250.39997390514,1000
R_dipaxis_s0.15,ea41324e,3,27602.331477042375,1000
R_dipaxis_s0.15,ea41324e,4,9274.600103795136,1000
R_dipaxis_s0.15,ea41324e,5,887.0229517681552,26
R_dipaxis_s0.2,ea41324e,0,14337.611027744419,999
R_dipaxis_s0.2,ea41324e,1,23304.15969207403,1000
R_dipaxis_s0.2,ea41324e,2,14282.82778917781,1000
R_dipaxis_s0.2,ea41324e,3,28661.62963186983,1000
R_dipaxis_s0.2,ea41324e,4,8848.761763414337,1000
R_dipaxis_s0.2,ea41324e,5,926.7210706426105,26
R_dipaxis_s0.1,fc03f21f,0,10612.605546803998,999
R_dipaxis_s0.1,fc03f21f,1,167419.26635854162,1000
R_dipaxis_s0.1,fc03f21f,2,41885.21113131529,1000
R_dipaxis_s0.1,fc03f21f,3,2745.2006337041885,1000
R_dipaxis_s0.1,fc03f21f,4,266210.68433538487,804
R_dipaxis_s0.15,fc03f21f,0,8835.243272839713,999
R_dipaxis_s0.15,fc03f21f,1,143849.04083084434,1000
R_dipaxis_s0.15,fc03f21f,2,27488.204730539226,1000
R_dipaxis_s0.15,fc03f21f,3,10000.255157334755,1000
R_dipaxis_s0.15,fc03f21f,4,191305.12050497142,804
R_dipaxis_s0.2,fc03f21f,0,7226.7373339638925,999
R_dipaxis_s0.2,fc03f21f,1,122136.30906517008,1000
R_dipaxis_s0.2,fc03f21f,2,17677.31725214027,1000
R_dipaxis_s0.2,fc03f21f,3,29541.695518816603,1000
R_dipaxis_s0.2,fc03f21f,4,129746.1298424838,804
R_dipaxis_s0.1,2fd68f7b,0,327392.18145211856,999
R_dipaxis_s0.1,2fd68f7b,1,3386459.181537242,1000
R_dipaxis_s0.1,2fd68f7b,2,4177511.523174129,1000
R_dipaxis_s0.1,2fd68f7b,3,3760519.3641800922,1000
R_dipaxis_s0.1,2fd68f7b,4,2025447.019497203,731
R_dipaxis_s0.15,2fd68f7b,0,295030.3134101139,999
R_dipaxis_s0.15,2fd68f7b,1,3038587.41307506,1000
R_dipaxis_s0.15,2fd68f7b,2,3675236.8454111055,1000
R_dipaxis_s0.15,2fd68f7b,3,3242591.745711273,1000
R_dipaxis_s0.15,2fd68f7b,4,1714931.4455117914,731
R_dipaxis_s0.2,2fd68f7b,0,264416.5206560757,999
R_dipaxis_s0.2,2fd68f7b,1,2709626.7450923864,1000
R_dipaxis_s0.2,2fd68f7b,2,3205151.0849480634,1000
R_dipaxis_s0.2,2fd68f7b,3,2763146.506203245,1000
R_dipaxis_s0.2,2fd68f7b,4,1430241.920370402,731
R_dipaxis_s0.1,653612bc,0,20473.547560738323,999
R_dipaxis_s0.1,653612bc,1,15996.881694297394,1000
R_dipaxis_s0.1,653612bc,2,9687.342171658518,1000
R_dipaxis_s0.1,653612bc,3,31783.94028489557,1000
R_dipaxis_s0.1,653612bc,4,19806.500983456106,606
R_dipaxis_s0.15,653612bc,0,21259.899368606828,999
R_dipaxis_s0.15,653612bc,1,22959.760430925286,1000
R_dipaxis_s0.15,653612bc,2,22940.125845254144,1000
R_dipaxis_s0.15,653612bc,3,52204.74802036574,1000
R_dipaxis_s0.15,653612bc,4,33481.4968225139,606
R_dipaxis_s0.2,653612bc,0,22082.971228144645,999
R_dipaxis_s0.2,653612bc,1,31909.256893872738,1000
R_dipaxis_s0.2,653612bc,2,41836.6718773609,1000
R_dipaxis_s0.2,653612bc,3,77765.38751785234,1000
R_dipaxis_s0.2,653612bc,4,50820.53365979204,606
R_dipaxis_s0.1,c59b6c4a,0,9967.070004499743,999
R_dipaxis_s0.1,c59b6c4a,1,262650.0590717617,1000
R_dipaxis_s0.1,c59b6c4a,2,305025.5745780559,1000
R_dipaxis_s0.1,c59b6c4a,3,460391.39730717934,1000
R_dipaxis_s0.1,c59b6c4a,4,1138134.192500929,1000
R_dipaxis_s0.1,c59b6c4a,5,784715.0697437833,500
R_dipaxis_s0.15,c59b6c4a,0,10517.907367575359,999
R_dipaxis_s0.15,c59b6c4a,1,263068.8295611266,1000
R_dipaxis_s0.15,c59b6c4a,2,327125.9702792457,1000
R_dipaxis_s0.15,c59b6c4a,3,509558.876009593,1000
R_dipaxis_s0.15,c59b6c4a,4,1268426.3367834163,1000
R_dipaxis_s0.15,c59b6c4a,5,879455.996920481,500
R_dipaxis_s0.2,c59b6c4a,0,11093.390937866554,999
R_dipaxis_s0.2,c59b6c4a,1,263522.80768613715,1000
R_dipaxis_s0.2,c59b6c4a,2,350051.1569218657,1000
R_dipaxis_s0.2,c59b6c4a,3,561267.4316778781,1000
R_dipaxis_s0.2,c59b6c4a,4,1405800.457187232,1000
R_dipaxis_s0.2,c59b6c4a,5,979616.7195336978,500
R_dipaxis_s0.1,f021b650,0,19276.044892177542,999
R_dipaxis_s0.1,f021b650,1,51666.96466249271,1000
R_dipaxis_s0.1,f021b650,2,13859.754211669113,1000
R_dipaxis_s0.1,f021b650,3,3915.4324952069433,740
R_dipaxis_s0.15,f021b650,0,14997.891382860693,999
R_dipaxis_s0.15,f021b650,1,33791.43713295443,1000
R_dipaxis_s0.15,f021b650,2,24161.405937211162,1000
R_dipaxis_s0.15,f021b650,3,16628.52228192158,740
R_dipaxis_s0.2,f021b650,0,11311.325069940913,999
R_dipaxis_s0.2,f021b650,1,19991.032729562765,1000
R_dipaxis_s0.2,f021b650,2,44024.13324255911,1000
R_dipaxis_s0.2,f021b650,3,41804.37726137818,740
R_dipaxis_s0.1,13f598d9,0,170658.21669246015,999
R_dipaxis_s0.1,13f598d9,1,170765.65478615076,1000
R_dipaxis_s0.1,13f598d9,2,144533.96990524867,1000
R_dipaxis_s0.1,13f598d9,3,296090.25869794114,1000
R_dipaxis_s0.1,13f598d9,4,371486.83089401404,1000
R_dipaxis_s0.1,13f598d9,5,26638.221397615165,1000
R_dipaxis_s0.1,13f598d9,6,41715.66403479326,1000
R_dipaxis_s0.1,13f598d9,7,56005.34072531542,307
R_dipaxis_s0.15,13f598d9,0,150537.00718339364,999
R_dipaxis_s0.15,13f598d9,1,148247.26123978232,1000
R_dipaxis_s0.15,13f598d9,2,126145.72654355463,1000
R_dipaxis_s0.15,13f598d9,3,261050.62806512564,1000
R_dipaxis_s0.15,13f598d9,4,330278.26491522195,1000
R_dipaxis_s0.15,13f598d9,5,19785.50651107107,1000
R_dipaxis_s0.15,13f598d9,6,25969.40431031249,1000
R_dipaxis_s0.15,13f598d9,7,40438.8726708141,307
R_dipaxis_s0.2,13f598d9,0,131681.93193745674,999
R_dipaxis_s0.2,13f598d9,1,127347.38973377769,1000
R_dipaxis_s0.2,13f598d9,2,109009.0512723089,1000
R_dipaxis_s0.2,13f598d9,3,228225.0188444479,1000
R_dipaxis_s0.2,13f598d9,4,291514.5803192239,1000
R_dipaxis_s0.2,13f598d9,5,14309.995400956921,1000
R_dipaxis_s0.2,13f598d9,6,14931.58315791076,1000
R_dipaxis_s0.2,13f598d9,7,27402.32397153858,307
R_dipaxis_s0.1,20096916,0,46051.94898783889,999
R_dipaxis_s0.1,20096916,1,15187.154319660172,1000
R_dipaxis_s0.1,20096916,2,7693.532553554884,1000
R_dipaxis_s0.1,20096916,3,166673.96350093876,1000
R_dipaxis_s0.1,20096916,4,84014.339572111,1000
R_dipaxis_s0.1,20096916,5,1123.354314353016,134
R_dipaxis_s0.15,20096916,0,37607.77927182904,999
R_dipaxis_s0.15,20096916,1,10289.639354101513,1000
R_dipaxis_s0.15,20096916,2,3653.964569826741,1000
R_dipaxis_s0.15,20096916,3,123937.84325531684,1000
R_dipaxis_s0.15,20096916,4,55836.05328038632,1000
R_dipaxis_s0.15,20096916,5,353.7326402120682,134
R_dipaxis_s0.2,20096916,0,30195.09974919665,999
R_dipaxis_s0.2,20096916,1,8107.896538281915,1000
R_dipaxis_s0.2,20096916,2,3380.2946790933597,1000
R_dipaxis_s0.2,20096916,3,87876.16754563076,1000
R_dipaxis_s0.2,20096916,4,33643.590003472076,1000
R_dipaxis_s0.2,20096916,5,220.31431185927482,134
R_dipaxis_s0.1,796dbd4c,0,12858.608723521922,999
R_dipaxis_s0.1,796dbd4c,1,22827.96584765889,1000
R_dipaxis_s0.1,796dbd4c,2,11527.508235641879,1000
R_dipaxis_s0.1,796dbd4c,3,47639.178464794735,1000
R_dipaxis_s0.1,796dbd4c,4,63108.08571773067,1000
R_dipaxis_s0.1,796dbd4c,5,22655.712399804765,1000
R_dipaxis_s0.1,796dbd4c,6,2921.133445418067,249
R_dipaxis_s0.15,796dbd4c,0,12734.669061894003,999
R_dipaxis_s0.15,796dbd4c,1,21021.265137385955,1000
R_dipaxis_s0.15,796dbd4c,2,10388.799314013495,1000
R_dipaxis_s0.15,796dbd4c,3,51062.4164232824,1000
R_dipaxis_s0.15,796dbd4c,4,72444.35921822747,1000
R_dipaxis_s0.15,796dbd4c,5,37257.722378419734,1000
R_dipaxis_s0.15,796dbd4c,6,6500.01276673045,249
R_dipaxis_s0.2,796dbd4c,0,12644.638518007987,999
R_dipaxis_s0.2,796dbd4c,1,19317.583304380627,1000
R_dipaxis_s0.2,796dbd4c,2,9518.322932753055,1000
R_dipaxis_s0.2,796dbd4c,3,54628.58229916098,1000
R_dipaxis_s0.2,796dbd4c,4,82633.30361314268,1000
R_dipaxis_s0.2,796dbd4c,5,55629.441442842995,1000
R_dipaxis_s0.2,796dbd4c,6,11653.56848711202,249
R_dipaxis_s0.1,811f52b3,0,45180.90734995895,999
R_dipaxis_s0.1,811f52b3,1,35459.285243224505,1000
R_dipaxis_s0.1,811f52b3,2,19551.040839275,1000
R_dipaxis_s0.1,811f52b3,3,11452.75396654038,1000
R_dipaxis_s0.1,811f52b3,4,7176.28830723501,837
R_dipaxis_s0.15,811f52b3,0,43250.76145013006,999
R_dipaxis_s0.15,811f52b3,1,36987.922234110105,1000
R_dipaxis_s0.15,811f52b3,2,23365.062970131872,1000
R_dipaxis_s0.15,811f52b3,3,19571.02542454049,1000
R_dipaxis_s0.15,811f52b3,4,14281.791785189813,837
R_dipaxis_s0.2,811f52b3,0,41370.2098004273,999
R_dipaxis_s0.2,811f52b3,1,39114.742271177805,1000
R_dipaxis_s0.2,811f52b3,2,27651.311775133912,1000
R_dipaxis_s0.2,811f52b3,3,30955.75873235982,1000
R_dipaxis_s0.2,811f52b3,4,23902.990946036076,837
R_dipaxis_s0.1,1a518997,0,91118.51931765726,999
R_dipaxis_s0.1,1a518997,1,120610.09650598944,1000
R_dipaxis_s0.1,1a518997,2,95811.39101609272,1000
R_dipaxis_s0.1,1a518997,3,143465.6844958895,1000
R_dipaxis_s0.1,1a518997,4,84770.08249365514,607
R_dipaxis_s0.15,1a518997,0,89202.15930264693,999
R_dipaxis_s0.15,1a518997,1,122138.76079600467,1000
R_dipaxis_s0.15,1a518997,2,98003.26788196394,1000
R_dipaxis_s0.15,1a518997,3,142019.73532372553,1000
R_dipaxis_s0.15,1a518997,4,85794.90024431238,607
R_dipaxis_s0.2,1a518997,0,87312.43420508344,999
R_dipaxis_s0.2,1a518997,1,123680.25141070806,1000
R_dipaxis_s0.2,1a518997,2,100246.48681972349,1000
R_dipaxis_s0.2,1a518997,3,140583.0529381637,1000
R_dipaxis_s0.2,1a518997,4,86830.11836419371,607
R_dipaxis_s0.1,264feceb,0,39578.830456612195,999
R_dipaxis_s0.1,264feceb,1,46831.6415143489,1000
R_dipaxis_s0.1,264feceb,2,72835.01677136066,1000
R_dipaxis_s0.1,264feceb,3,93974.95943231648,1000
R_dipaxis_s0.1,264feceb,4,78323.36210838595,1000
R_dipaxis_s0.1,264feceb,5,48751.47268777235,666
R_dipaxis_s0.15,264feceb,0,32492.324221410232,999
R_dipaxis_s0.15,264feceb,1,35372.91872106747,1000
R_dipaxis_s0.15,264feceb,2,48799.69100114331,1000
R_dipaxis_s0.15,264feceb,3,59234.14948702268,1000
R_dipaxis_s0.15,264feceb,4,55068.846024542945,1000
R_dipaxis_s0.15,264feceb,5,37325.261652100795,666
R_dipaxis_s0.2,264feceb,0,26116.419010537993,999
R_dipaxis_s0.2,264feceb,1,25555.90839414972,1000
R_dipaxis_s0.2,264feceb,2,29619.330426996126,1000
R_dipaxis_s0.2,264feceb,3,32915.27223409493,1000
R_dipaxis_s0.2,264feceb,4,36070.04108201061,1000
R_dipaxis_s0.2,264feceb,5,27429.490763391543,666
R_dipaxis_s0.1,197f8a5a,0,5068.667361793683,999
R_dipaxis_s0.1,197f8a5a,1,686614.0558269061,1000
R_dipaxis_s0.1,197f8a5a,2,688269.4899643788,1000
R_dipaxis_s0.1,197f8a5a,3,410592.7951010764,1000
R_dipaxis_s0.1,197f8a5a,4,626128.8546233034,1000
R_dipaxis_s0.1,197f8a5a,5,518676.8946858044,1000
R_dipaxis_s0.1,197f8a5a,6,62378.897691200385,311
R_dipaxis_s0.15,197f8a5a,0,3688.818373672367,999
R_dipaxis_s0.15,197f8a5a,1,642590.4692632325,1000
R_dipaxis_s0.15,197f8a5a,2,632068.846149884,1000
R_dipaxis_s0.15,197f8a5a,3,363667.1090205041,1000
R_dipaxis_s0.15,197f8a5a,4,535558.999468521,1000
R_dipaxis_s0.15,197f8a5a,5,411136.86470247834,1000
R_dipaxis_s0.15,197f8a5a,6,43322.28858408896,311
R_dipaxis_s0.2,197f8a5a,0,2549.4491395391024,999
R_dipaxis_s0.2,197f8a5a,1,600248.1190814701,1000
R_dipaxis_s0.2,197f8a5a,2,578317.6224042607,1000
R_dipaxis_s0.2,197f8a5a,3,319606.21655251825,1000
R_dipaxis_s0.2,197f8a5a,4,452148.7127361084,1000
R_dipaxis_s0.2,197f8a5a,5,316150.14463499637,1000
R_dipaxis_s0.2,197f8a5a,6,28739.48177516861,311
R_dipaxis_s0.1,fba7683c,0,2503.1663159894156,407
R_dipaxis_s0.15,fba7683c,0,2476.9414588020463,407
R_dipaxis_s0.2,fba7683c,0,2484.694724826276,407
R_dipaxis_s0.1,ef04658e,0,45169.560498492014,999
R_dipaxis_s0.1,ef04658e,1,95577.68361034108,1000
R_dipaxis_s0.1,ef04658e,2,181786.8542940413,1000
R_dipaxis_s0.1,ef04658e,3,545081.6179584123,1000
R_dipaxis_s0.1,ef04658e,4,32630.64509329275,105
R_dipaxis_s0.15,ef04658e,0,42674.32101199006,999
R_dipaxis_s0.15,ef04658e,1,92198.30339495694,1000
R_dipaxis_s0.15,ef04658e,2,174961.194936123,1000
R_dipaxis_s0.15,ef04658e,3,520125.7935102558,1000
R_dipaxis_s0.15,ef04658e,4,32102.214508307923,105
R_dipaxis_s0.2,ef04658e,0,40253.503134989696,999
R_dipaxis_s0.2,ef04658e,1,88894.88266587257,1000
R_dipaxis_s0.2,ef04658e,2,168296.6099415806,1000
R_dipaxis_s0.2,ef04658e,3,495778.03101052437,1000
R_dipaxis_s0.2,ef04658e,4,31578.134768902382,105
R_dipaxis_s0.1,aff4e561,0,6562.500465736443,999
R_dipaxis_s0.1,aff4e561,1,68985.74798354687,1000
R_dipaxis_s0.1,aff4e561,2,39127.84640418381,1000
R_dipaxis_s0.1,aff4e561,3,61095.2157669575,1000
R_dipaxis_s0.1,aff4e561,4,8284.817513917427,1000
R_dipaxis_s0.1,aff4e561,5,67724.44965340443,1000
R_dipaxis_s0.1,aff4e561,6,2235.0039466829817,27
R_dipaxis_s0.15,aff4e561,0,5234.578035891298,999
R_dipaxis_s0.15,aff4e561,1,52113.95774003046,1000
R_dipaxis_s0.15,aff4e561,2,20260.834558123548,1000
R_dipaxis_s0.15,aff4e561,3,31725.435274010557,1000
R_dipaxis_s0.15,aff4e561,4,13226.728407279066,1000
R_dipaxis_s0.15,aff4e561,5,22642.687912451856,1000
R_dipaxis_s0.15,aff4e561,6,417.46870021007715,27
R_dipaxis_s0.2,aff4e561,0,4090.7954975698,999
R_dipaxis_s0.2,aff4e561,1,37716.0506729855,1000
R_dipaxis_s0.2,aff4e561,2,7813.0884466279595,1000
R_dipaxis_s0.2,aff4e561,3,12492.282330112786,1000
R_dipaxis_s0.2,aff4e561,4,35362.01345824185,1000
R_dipaxis_s0.2,aff4e561,5,19327.58182639614,1000
R_dipaxis_s0.2,aff4e561,6,41.11217386099451,27
R_dipaxis_s0.1,d085e611,0,53035.64793410236,999
R_dipaxis_s0.1,d085e611,1,7105.351642670237,1000
R_dipaxis_s0.1,d085e611,2,25132.2998440243,1000
R_dipaxis_s0.1,d085e611,3,225156.12666488657,1000
R_dipaxis_s0.1,d085e611,4,95127.52858752884,1000
R_dipaxis_s0.1,d085e611,5,61259.475563465836,1000
R_dipaxis_s0.1,d085e611,6,37176.9811725107,192
R_dipaxis_s0.15,d085e611,0,50320.38032570246,999
R_dipaxis_s0.15,d085e611,1,8734.266942720831,1000
R_dipaxis_s0.15,d085e611,2,27198.246278707888,1000
R_dipaxis_s0.15,d085e611,3,185002.2267160126,1000
R_dipaxis_s0.15,d085e611,4,71902.26375690248,1000
R_dipaxis_s0.15,d085e611,5,73754.59577281149,1000
R_dipaxis_s0.15,d085e611,6,42586.93259225083,192
R_dipaxis_s0.2,d085e611,0,47695.27536700984,999
R_dipaxis_s0.2,d085e611,1,10598.296328583738,1000
R_dipaxis_s0.2,d085e611,2,29410.05658850977,1000
R_dipaxis_s0.2,d085e611,3,149080.53324624535,1000
R_dipaxis_s0.2,d085e611,4,52345.18144333717,1000
R_dipaxis_s0.2,d085e611,5,89686.32593390037,1000
R_dipaxis_s0.2,d085e611,6,48364.87776765026,192
R_dipaxis_s0.1,9da441ba,0,94586.70665644198,999
R_dipaxis_s0.1,9da441ba,1,264152.7532277119,1000
R_dipaxis_s0.1,9da441ba,2,256567.63828768098,1000
R_dipaxis_s0.1,9da441ba,3,30987.10452913893,1000
R_dipaxis_s0.1,9da441ba,4,29162.929072563704,1000
R_dipaxis_s0.1,9da441ba,5,25968.764897001845,784
R_dipaxis_s0.15,9da441ba,0,74977.1753091909,999
R_dipaxis_s0.15,9da441ba,1,200009.50238485818,1000
R_dipaxis_s0.15,9da441ba,2,186076.84291937813,1000
R_dipaxis_s0.15,9da441ba,3,8702.811547638235,1000
R_dipaxis_s0.15,9da441ba,4,4731.840926200732,1000
R_dipaxis_s0.15,9da441ba,5,3320.5328534367973,784
R_dipaxis_s0.2,9da441ba,0,57993.765144957,999
R_dipaxis_s0.2,9da441ba,1,144827.0740041948,1000
R_dipaxis_s0.2,9da441ba,2,128447.04550964065,1000
R_dipaxis_s0.2,9da441ba,3,1951.335635422635,1000
R_dipaxis_s0.2,9da441ba,4,4381.451691406127,1000
R_dipaxis_s0.2,9da441ba,5,3962.812015158543,784
R_dipaxis_s0.1,e5864244,0,225560.59522831053,999
R_dipaxis_s0.1,e5864244,1,384231.9646354151,1000
R_dipaxis_s0.1,e5864244,2,571883.0031860076,1000
R_dipaxis_s0.1,e5864244,3,593965.3384982735,1000
R_dipaxis_s0.1,e5864244,4,792815.3758613815,470
R_dipaxis_s0.15,e5864244,0,211336.11297222922,999
R_dipaxis_s0.15,e5864244,1,338982.54285388615,1000
R_dipaxis_s0.15,e5864244,2,509139.16515470546,1000
R_dipaxis_s0.15,e5864244,3,504875.00336825714,1000
R_dipaxis_s0.15,e5864244,4,711104.408438671,470
R_dipaxis_s0.2,e5864244,0,197596.44310265058,999
R_dipaxis_s0.2,e5864244,1,296614.65373952704,1000
R_dipaxis_s0.2,e5864244,2,450054.29390718834,1000
R_dipaxis_s0.2,e5864244,3,423095.48815211985,1000
R_dipaxis_s0.2,e5864244,4,633979.113380348,470
R_dipaxis_s0.1,357c12f9,0,3894.3127068011026,999
R_dipaxis_s0.1,357c12f9,1,2723.543657768587,1000
R_dipaxis_s0.1,357c12f9,2,103113.42196862733,1000
R_dipaxis_s0.1,357c12f9,3,16591.60848323966,1000
R_dipaxis_s0.1,357c12f9,4,1572.9044622529598,80
R_dipaxis_s0.15,357c12f9,0,3763.9749626266507,999
R_dipaxis_s0.15,357c12f9,1,2696.722998506156,1000
R_dipaxis_s0.15,357c12f9,2,99564.28004011828,1000
R_dipaxis_s0.15,357c12f9,3,20301.589734549907,1000
R_dipaxis_s0.15,357c12f9,4,2003.6155980616554,80
R_dipaxis_s0.2,357c12f9,0,3640.2201200693835,999
R_dipaxis_s0.2,357c12f9,1,2736.2096471461614,1000
R_dipaxis_s0.2,357c12f9,2,96122.189703065,1000
R_dipaxis_s0.2,357c12f9,3,24449.07552565549,1000
R_dipaxis_s0.2,357c12f9,4,2486.389470325384,80
R_dipaxis_s0.1,7256229b,0,304.99865160987684,999
R_dipaxis_s0.1,7256229b,1,30674.114952686206,1000
R_dipaxis_s0.1,7256229b,2,36124.225300481776,1000
R_dipaxis_s0.1,7256229b,3,73943.51785325803,1000
R_dipaxis_s0.1,7256229b,4,18882.84180527865,1000
R_dipaxis_s0.1,7256229b,5,16106.77455939532,416
R_dipaxis_s0.15,7256229b,0,385.652429084104,999
R_dipaxis_s0.15,7256229b,1,22771.019796181605,1000
R_dipaxis_s0.15,7256229b,2,39078.20755554814,1000
R_dipaxis_s0.15,7256229b,3,61546.2543215728,1000
R_dipaxis_s0.15,7256229b,4,20528.934458764084,1000
R_dipaxis_s0.15,7256229b,5,25888.749267960568,416
R_dipaxis_s0.2,7256229b,0,491.6141410042865,999
R_dipaxis_s0.2,7256229b,1,16125.390217781505,1000
R_dipaxis_s0.2,7256229b,2,44321.63098049782,1000
R_dipaxis_s0.2,7256229b,3,55418.11045101442,1000
R_dipaxis_s0.2,7256229b,4,27157.610412815036,1000
R_dipaxis_s0.2,7256229b,5,37987.25189577047,416
R_dipaxis_s0.1,c43812e2,0,52090.86324373133,999
R_dipaxis_s0.1,c43812e2,1,15510.967106288977,1000
R_dipaxis_s0.1,c43812e2,2,36612.77719356185,1000
R_dipaxis_s0.1,c43812e2,3,26813.42604962009,1000
R_dipaxis_s0.1,c43812e2,4,16054.326401576105,1000
R_dipaxis_s0.1,c43812e2,5,32688.509008879108,528
R_dipaxis_s0.15,c43812e2,0,40244.945678667114,999
R_dipaxis_s0.15,c43812e2,1,19956.306383552124,1000
R_dipaxis_s0.15,c43812e2,2,36654.1805284632,1000
R_dipaxis_s0.15,c43812e2,3,50511.82021114295,1000
R_dipaxis_s0.15,c43812e2,4,30186.673915781128,1000
R_dipaxis_s0.15,c43812e2,5,14284.970105091228,528
R_dipaxis_s0.2,c43812e2,0,29996.461322315907,999
R_dipaxis_s0.2,c43812e2,1,26882.328343561257,1000
R_dipaxis_s0.2,c43812e2,2,41975.522088777696,1000
R_dipaxis_s0.2,c43812e2,3,83023.1087971411,1000
R_dipaxis_s0.2,c43812e2,4,57305.618638930675,1000
R_dipaxis_s0.2,c43812e2,5,3555.4393624835266,528
R_dipaxis_s0.1,2cee0cba,0,78828.01706518867,999
R_dipaxis_s0.1,2cee0cba,1,50966.40071436725,1000
R_dipaxis_s0.1,2cee0cba,2,63675.702826813125,1000
R_dipaxis_s0.1,2cee0cba,3,277891.27918378636,1000
R_dipaxis_s0.1,2cee0cba,4,32648.321397040614,1000
R_dipaxis_s0.1,2cee0cba,5,32917.18259510109,501
R_dipaxis_s0.15,2cee0cba,0,72132.27065500573,999
R_dipaxis_s0.15,2cee0cba,1,47119.354501675014,1000
R_dipaxis_s0.15,2cee0cba,2,60220.67331792293,1000
R_dipaxis_s0.15,2cee0cba,3,251091.36962428986,1000
R_dipaxis_s0.15,2cee0cba,4,28304.77735360975,1000
R_dipaxis_s0.15,2cee0cba,5,39716.80452349626,501
R_dipaxis_s0.2,2cee0cba,0,65745.86274964127,999
R_dipaxis_s0.2,2cee0cba,1,43424.3724423998,1000
R_dipaxis_s0.2,2cee0cba,2,56884.12782750379,1000
R_dipaxis_s0.2,2cee0cba,3,225682.91469720742,1000
R_dipaxis_s0.2,2cee0cba,4,25156.96611554542,1000
R_dipaxis_s0.2,2cee0cba,5,47345.53320578656,501
R_dipaxis_s0.1,4a035ec2,0,14497.163057568301,999
R_dipaxis_s0.1,4a035ec2,1,412174.6905433759,1000
R_dipaxis_s0.1,4a035ec2,2,379690.80860160757,589
R_dipaxis_s0.15,4a035ec2,0,13752.739705754431,999
R_dipaxis_s0.15,4a035ec2,1,392011.3967141546,1000
R_dipaxis_s0.15,4a035ec2,2,367822.8276605861,589
R_dipaxis_s0.2,4a035ec2,0,13030.314300209187,999
R_dipaxis_s0.2,4a035ec2,1,372369.9676843309,1000
R_dipaxis_s0.2,4a035ec2,2,356144.94395834324,589
R_dipaxis_s0.1,be83e781,0,4926.707119746614,999
R_dipaxis_s0.1,be83e781,1,6312.875792209975,1000
R_dipaxis_s0.1,be83e781,2,6284.334911704698,1000
R_dipaxis_s0.1,be83e781,3,6571.954188705891,222
R_dipaxis_s0.15,be83e781,0,3964.430614497051,999
R_dipaxis_s0.15,be83e781,1,5555.827135119413,1000
R_dipaxis_s0.15,be83e781,2,5465.420689540408,1000
R_dipaxis_s0.15,be83e781,3,5775.60290897144,222
R_dipaxis_s0.2,be83e781,0,3206.3413991649136,999
R_dipaxis_s0.2,be83e781,1,4856.625942564391,1000
R_dipaxis_s0.2,be83e781,2,4756.92068203196,1000
R_dipaxis_s0.2,be83e781,3,5030.943313178534,222
R_dipaxis_s0.1,0dd99dc5,0,3359.8821537674094,999
R_dipaxis_s0.1,0dd99dc5,1,3640.3829910826407,1000
R_dipaxis_s0.1,0dd99dc5,2,10848.81860541966,1000
R_dipaxis_s0.1,0dd99dc5,3,42996.331047813335,1000
R_dipaxis_s0.1,0dd99dc5,4,238544.768699839,1000
R_dipaxis_s0.1,0dd99dc5,5,132604.0632673722,1000
R_dipaxis_s0.1,0dd99dc5,6,38528.11487949763,1000
R_dipaxis_s0.1,0dd99dc5,7,291.4872769179021,343
R_dipaxis_s0.15,0dd99dc5,0,2951.830722747738,999
R_dipaxis_s0.15,0dd99dc5,1,3655.3184087045092,1000
R_dipaxis_s0.15,0dd99dc5,2,10773.72869163262,1000
R_dipaxis_s0.15,0dd99dc5,3,38857.708270266216,1000
R_dipaxis_s0.15,0dd99dc5,4,229165.83276775252,1000
R_dipaxis_s0.15,0dd99dc5,5,132707.72309628595,1000
R_dipaxis_s0.15,0dd99dc5,6,40010.111999413,1000
R_dipaxis_s0.15,0dd99dc5,7,628.179689906301,343
R_dipaxis_s0.2,0dd99dc5,0,2579.9293197926545,999
R_dipaxis_s0.2,0dd99dc5,1,3702.284074379746,1000
R_dipaxis_s0.2,0dd99dc5,2,10727.804833515092,1000
R_dipaxis_s0.2,0dd99dc5,3,34938.00705841892,1000
R_dipaxis_s0.2,0dd99dc5,4,220019.15194766922,1000
R_dipaxis_s0.2,0dd99dc5,5,132874.41712202056,1000
R_dipaxis_s0.2,0dd99dc5,6,41610.225572771364,1000
R_dipaxis_s0.2,0dd99dc5,7,1206.6074192477117,343
R_dipaxis_s0.1,42c538a1,0,68332.51604177452,999
R_dipaxis_s0.1,42c538a1,1,1025631.5013017121,1000
R_dipaxis_s0.1,42c538a1,2,1288027.5101283698,1000
R_dipaxis_s0.1,42c538a1,3,255346.19329408152,280
R_dipaxis_s0.15,42c538a1,0,70819.6315888272,999
R_dipaxis_s0.15,42c538a1,1,1040882.0004982502,1000
R_dipaxis_s0.15,42c538a1,2,1423317.6204426812,1000
R_dipaxis_s0.15,42c538a1,3,320419.3437730873,280
R_dipaxis_s0.2,42c538a1,0,73646.11011999265,999
R_dipaxis_s0.2,42c538a1,1,1056335.6538252602,1000
R_dipaxis_s0.2,42c538a1,2,1566549.7345237697,1000
R_dipaxis_s0.2,42c538a1,3,392935.3610067379,280
R_dipaxis_s0.1,ee288beb,0,111415.75934807885,999
R_dipaxis_s0.1,ee288beb,1,203920.48918387856,1000
R_dipaxis_s0.1,ee288beb,2,459433.1892420597,1000
R_dipaxis_s0.1,ee288beb,3,1235557.7862504814,1000
R_dipaxis_s0.1,ee288beb,4,1212187.274796317,639
R_dipaxis_s0.15,ee288beb,0,105633.87971300082,999
R_dipaxis_s0.15,ee288beb,1,186333.40148092894,1000
R_dipaxis_s0.15,ee288beb,2,433078.9251531747,1000
R_dipaxis_s0.15,ee288beb,3,1179696.5188007706,1000
R_dipaxis_s0.15,ee288beb,4,1177898.805718023,639
R_dipaxis_s0.2,ee288beb,0,100007.13303851298,999
R_dipaxis_s0.2,ee288beb,1,169559.71788138768,1000
R_dipaxis_s0.2,ee288beb,2,407529.31739101524,1000
R_dipaxis_s0.2,ee288beb,3,1125136.463701088,1000
R_dipaxis_s0.2,ee288beb,4,1144151.8498554227,639
R_dipaxis_s0.1,7d50373e,0,59134.11495097413,999
R_dipaxis_s0.1,7d50373e,1,79396.44533819343,1000
R_dipaxis_s0.1,7d50373e,2,155678.9204300304,1000
R_dipaxis_s0.1,7d50373e,3,124003.67872558722,1000
R_dipaxis_s0.1,7d50373e,4,43311.00189171239,1000
R_dipaxis_s0.1,7d50373e,5,8412.833106144137,123
R_dipaxis_s0.15,7d50373e,0,48079.7642644307,999
R_dipaxis_s0.15,7d50373e,1,52968.57278217065,1000
R_dipaxis_s0.15,7d50373e,2,106382.60143892403,1000
R_dipaxis_s0.15,7d50373e,3,65854.2311923159,1000
R_dipaxis_s0.15,7d50373e,4,8717.622337284249,1000
R_dipaxis_s0.15,7d50373e,5,1966.4334544640658,123
R_dipaxis_s0.2,7d50373e,0,38319.77923653469,999
R_dipaxis_s0.2,7d50373e,1,32258.05800940141,1000
R_dipaxis_s0.2,7d50373e,2,66635.74681040233,1000
R_dipaxis_s0.2,7d50373e,3,26547.054228335757,1000
R_dipaxis_s0.2,7d50373e,4,2155.1665160003467,1000
R_dipaxis_s0.2,7d50373e,5,15.23033294991207,123
R_dipaxis_s0.1,cad13e8f,0,129773.28219285437,999
R_dipaxis_s0.1,cad13e8f,1,169132.66086589644,1000
R_dipaxis_s0.1,cad13e8f,2,108884.20447787431,1000
R_dipaxis_s0.1,cad13e8f,3,154579.57244407074,1000
R_dipaxis_s0.1,cad13e8f,4,217055.80110055386,849
R_dipaxis_s0.15,cad13e8f,0,115772.50416386394,999
R_dipaxis_s0.15,cad13e8f,1,128955.83331895666,1000
R_dipaxis_s0.15,cad13e8f,2,62491.58013222705,1000
R_dipaxis_s0.15,cad13e8f,3,87947.62186714633,1000
R_dipaxis_s0.15,cad13e8f,4,149809.5648496291,849
R_dipaxis_s0.2,cad13e8f,0,102606.7158512632,999
R_dipaxis_s0.2,cad13e8f,1,94510.47781875945,1000
R_dipaxis_s0.2,cad13e8f,2,29809.465663522307,1000
R_dipaxis_s0.2,cad13e8f,3,40611.58245758325,1000
R_dipaxis_s0.2,cad13e8f,4,95132.83623123888,849
R_dipaxis_s0.1,ab112491,0,15282.493657304824,999
R_dipaxis_s0.1,ab112491,1,706396.1742939374,1000
R_dipaxis_s0.1,ab112491,2,1242218.6298995574,1000
R_dipaxis_s0.1,ab112491,3,946179.35330185,1000
R_dipaxis_s0.1,ab112491,4,180240.68158614248,1000
R_dipaxis_s0.1,ab112491,5,88176.06880929663,186
R_dipaxis_s0.15,ab112491,0,12141.441842466742,999
R_dipaxis_s0.15,ab112491,1,620406.8004864932,1000
R_dipaxis_s0.15,ab112491,2,1107645.1504272178,1000
R_dipaxis_s0.15,ab112491,3,815827.6627151818,1000
R_dipaxis_s0.15,ab112491,4,134879.00114783732,1000
R_dipaxis_s0.15,ab112491,5,67769.48224724087,186
R_dipaxis_s0.2,ab112491,0,9600.886865301649,999
R_dipaxis_s0.2,ab112491,1,540071.6336761083,1000
R_dipaxis_s0.2,ab112491,2,980807.347273463,1000
R_dipaxis_s0.2,ab112491,3,695538.0758367848,1000
R_dipaxis_s0.2,ab112491,4,98199.57972195014,1000
R_dipaxis_s0.2,ab112491,5,50081.1225407152,186
R_dipaxis_s0.1,dc5fbe29,0,32040.76161039449,999
R_dipaxis_s0.1,dc5fbe29,1,168500.82117923314,1000
R_dipaxis_s0.1,dc5fbe29,2,11449.39361390001,1000
R_dipaxis_s0.1,dc5fbe29,3,29363.918722932307,1000
R_dipaxis_s0.1,dc5fbe29,4,13064.758414080545,1000
R_dipaxis_s0.1,dc5fbe29,5,5335.341975271274,204
R_dipaxis_s0.15,dc5fbe29,0,25841.883951532374,999
R_dipaxis_s0.15,dc5fbe29,1,146556.5536290052,1000
R_dipaxis_s0.15,dc5fbe29,2,13857.836165469642,1000
R_dipaxis_s0.15,dc5fbe29,3,40319.17186002359,1000
R_dipaxis_s0.15,dc5fbe29,4,23310.751602493565,1000
R_dipaxis_s0.15,dc5fbe29,5,2035.8466620644851,204
R_dipaxis_s0.2,dc5fbe29,0,20364.254783298446,999
R_dipaxis_s0.2,dc5fbe29,1,126313.35598554937,1000
R_dipaxis_s0.2,dc5fbe29,2,17417.34574678535,1000
R_dipaxis_s0.2,dc5fbe29,3,55086.21531419827,1000
R_dipaxis_s0.2,dc5fbe29,4,41591.278078489086,1000
R_dipaxis_s0.2,dc5fbe29,5,301.0173816298131,204
R_dipaxis_s0.1,a247e7cf,0,8559.617392650773,999
R_dipaxis_s0.1,a247e7cf,1,4818.879331686227,1000
R_dipaxis_s0.1,a247e7cf,2,1755.1794403678807,1000
R_dipaxis_s0.1,a247e7cf,3,25010.41876412215,1000
R_dipaxis_s0.1,a247e7cf,4,25138.862456846386,1000
R_dipaxis_s0.1,a247e7cf,5,5791.6085280958805,675
R_dipaxis_s0.15,a247e7cf,0,8005.000672549861,999
R_dipaxis_s0.15,a247e7cf,1,4074.985607096432,1000
R_dipaxis_s0.15,a247e7cf,2,1731.077239405965,1000
R_dipaxis_s0.15,a247e7cf,3,21940.165317084622,1000
R_dipaxis_s0.15,a247e7cf,4,20128.550206465243,1000
R_dipaxis_s0.15,a247e7cf,5,3289.6831071038055,675
R_dipaxis_s0.2,a247e7cf,0,7471.002441496667,999
R_dipaxis_s0.2,a247e7cf,1,3395.7471222171393,1000
R_dipaxis_s0.2,a247e7cf,2,1750.9140576799489,1000
R_dipaxis_s0.2,a247e7cf,3,19076.167950649873,1000
R_dipaxis_s0.2,a247e7cf,4,15762.675003551123,1000
R_dipaxis_s0.2,a247e7cf,5,1561.2298627526723,675
R_dipaxis_s0.1,1590af81,0,56001.241794998365,999
R_dipaxis_s0.1,1590af81,1,21835.922696453235,1000
R_dipaxis_s0.1,1590af81,2,19850.663957314104,1000
R_dipaxis_s0.1,1590af81,3,12070.334596317509,800
R_dipaxis_s0.15,1590af81,0,54830.89890257423,999
R_dipaxis_s0.15,1590af81,1,22527.282567213933,1000
R_dipaxis_s0.15,1590af81,2,16358.1080288668,1000
R_dipaxis_s0.15,1590af81,3,14804.200981878046,800
R_dipaxis_s0.2,1590af81,0,53683.616550198996,999
R_dipaxis_s0.2,1590af81,1,23597.42558633035,1000
R_dipaxis_s0.2,1590af81,2,13831.25792901739,1000
R_dipaxis_s0.2,1590af81,3,17918.765792371934,800
R_dipaxis_s0.1,c2717d4f,0,17175.077436297306,999
R_dipaxis_s0.1,c2717d4f,1,122947.94366824502,1000
R_dipaxis_s0.1,c2717d4f,2,183366.59335217028,1000
R_dipaxis_s0.1,c2717d4f,3,97082.13099310064,1000
R_dipaxis_s0.1,c2717d4f,4,15876.836282352442,722
R_dipaxis_s0.15,c2717d4f,0,16634.27252385073,999
R_dipaxis_s0.15,c2717d4f,1,135962.8318597425,1000
R_dipaxis_s0.15,c2717d4f,2,209184.72105570586,1000
R_dipaxis_s0.15,c2717d4f,3,119795.38821410212,1000
R_dipaxis_s0.15,c2717d4f,4,19082.80186254812,722
R_dipaxis_s0.2,c2717d4f,0,16490.134591007394,999
R_dipaxis_s0.2,c2717d4f,1,149656.55848949472,1000
R_dipaxis_s0.2,c2717d4f,2,236965.9548775476,1000
R_dipaxis_s0.2,c2717d4f,3,146241.37521807358,1000
R_dipaxis_s0.2,c2717d4f,4,25274.00636875679,722
R_dipaxis_s0.1,9d4272e3,0,84684.55557708062,999
R_dipaxis_s0.1,9d4272e3,1,243609.09999078646,1000
R_dipaxis_s0.1,9d4272e3,2,216934.46305041132,1000
R_dipaxis_s0.1,9d4272e3,3,514952.63389155344,1000
R_dipaxis_s0.1,9d4272e3,4,17050.738795100922,31
R_dipaxis_s0.15,9d4272e3,0,71670.33289229129,999
R_dipaxis_s0.15,9d4272e3,1,225893.06677675826,1000
R_dipaxis_s0.15,9d4272e3,2,206884.0290587241,1000
R_dipaxis_s0.15,9d4272e3,3,467446.84562544426,1000
R_dipaxis_s0.15,9d4272e3,4,15269.81953169133,31
R_dipaxis_s0.2,9d4272e3,0,59868.04615862068,999
R_dipaxis_s0.2,9d4272e3,1,209133.27392312698,1000
R_dipaxis_s0.2,9d4272e3,2,197188.74932245066,1000
R_dipaxis_s0.2,9d4272e3,3,422305.16401809565,1000
R_dipaxis_s0.2,9d4272e3,4,13587.109827642538,31
R_dipaxis_s0.1,122bd617,0,129148.26075823946,999
R_dipaxis_s0.1,122bd617,1,184544.28613880393,1000
R_dipaxis_s0.1,122bd617,2,91644.18552031077,1000
R_dipaxis_s0.1,122bd617,3,13299.30142757565,1000
R_dipaxis_s0.1,122bd617,4,141304.45716445296,571
R_dipaxis_s0.15,122bd617,0,120882.44661147466,999
R_dipaxis_s0.15,122bd617,1,172325.0169608504,1000
R_dipaxis_s0.15,122bd617,2,81484.05146938628,1000
R_dipaxis_s0.15,122bd617,3,17001.504694415504,1000
R_dipaxis_s0.15,122bd617,4,140633.8114213668,571
R_dipaxis_s0.2,122bd617,0,112894.37568078641,999
R_dipaxis_s0.2,122bd617,1,160539.63251799188,1000
R_dipaxis_s0.2,122bd617,2,72478.47181107635,1000
R_dipaxis_s0.2,122bd617,3,21191.417529955743,1000
R_dipaxis_s0.2,122bd617,4,140020.1267614062,571
R_dipaxis_s0.1,57796579,0,109747.37685778314,999
R_dipaxis_s0.1,57796579,1,161004.2430453942,1000
R_dipaxis_s0.1,57796579,2,17682.571744991525,1000
R_dipaxis_s0.1,57796579,3,67729.39837384185,1000
R_dipaxis_s0.1,57796579,4,428207.64265240484,1000
R_dipaxis_s0.1,57796579,5,446254.64047250483,891
R_dipaxis_s0.15,57796579,0,108747.01535642176,999
R_dipaxis_s0.15,57796579,1,172057.9879459821,1000
R_dipaxis_s0.15,57796579,2,29002.925686149538,1000
R_dipaxis_s0.15,57796579,3,89342.25512428876,1000
R_dipaxis_s0.15,57796579,4,473372.22814724216,1000
R_dipaxis_s0.15,57796579,5,513678.36435803806,891
R_dipaxis_s0.2,57796579,0,107846.74260156037,999
R_dipaxis_s0.2,57796579,1,184738.82569850382,1000
R_dipaxis_s0.2,57796579,2,43998.866739749195,1000
R_dipaxis_s0.2,57796579,3,114249.29965042249,1000
R_dipaxis_s0.2,57796579,4,520919.552221181,1000
R_dipaxis_s0.2,57796579,5,585860.5748097668,891
R_dipaxis_s0.1,cbe62450,0,82983.71276067728,999
R_dipaxis_s0.1,cbe62450,1,267540.0644676865,1000
R_dipaxis_s0.1,cbe62450,2,438400.19983054366,1000
R_dipaxis_s0.1,cbe62450,3,548646.8054081902,1000
R_dipaxis_s0.1,cbe62450,4,769260.5600544816,1000
R_dipaxis_s0.1,cbe62450,5,284011.01008747425,1000
R_dipaxis_s0.1,cbe62450,6,9011.95235891444,259
R_dipaxis_s0.15,cbe62450,0,86697.26517817298,999
R_dipaxis_s0.15,cbe62450,1,288455.3701848934,1000
R_dipaxis_s0.15,cbe62450,2,468867.7606695751,1000
R_dipaxis_s0.15,cbe62450,3,576777.1654689702,1000
R_dipaxis_s0.15,cbe62450,4,803426.8660358763,1000
R_dipaxis_s0.15,cbe62450,5,304511.1014528882,1000
R_dipaxis_s0.15,cbe62450,6,4253.184772646967,259
R_dipaxis_s0.2,cbe62450,0,90576.80615377097,999
R_dipaxis_s0.2,cbe62450,1,310571.97819100705,1000
R_dipaxis_s0.2,cbe62450,2,500473.6343911065,1000
R_dipaxis_s0.2,cbe62450,3,605622.0621341966,1000
R_dipaxis_s0.2,cbe62450,4,838360.3024533706,1000
R_dipaxis_s0.2,cbe62450,5,330254.27273275104,1000
R_dipaxis_s0.2,cbe62450,6,1289.6833092302725,259
R_dipaxis_s0.1,877ed19c,0,856.4673027108166,999
R_dipaxis_s0.1,877ed19c,1,49531.60896739864,1000
R_dipaxis_s0.1,877ed19c,2,27535.65846837488,1000
R_dipaxis_s0.1,877ed19c,3,12234.438281853854,709
R_dipaxis_s0.15,877ed19c,0,1221.519460240199,999
R_dipaxis_s0.15,877ed19c,1,54163.80676634854,1000
R_dipaxis_s0.15,877ed19c,2,38244.65818601767,1000
R_dipaxis_s0.15,877ed19c,3,20531.609782073727,709
R_dipaxis_s0.2,877ed19c,0,1692.9564218857631,999
R_dipaxis_s0.2,877ed19c,1,59200.8267421331,1000
R_dipaxis_s0.2,877ed19c,2,51347.76769263162,1000
R_dipaxis_s0.2,877ed19c,3,31274.965188488233,709
R_dipaxis_s0.1,543198e8,0,14586.329888990209,999
R_dipaxis_s0.1,543198e8,1,576481.8704774166,1000
R_dipaxis_s0.1,543198e8,2,1215162.5662497436,1000
R_dipaxis_s0.1,543198e8,3,80990.17725078356,1000
R_dipaxis_s0.1,543198e8,4,137378.24229568438,1000
R_dipaxis_s0.1,543198e8,5,397720.68382499716,1000
R_dipaxis_s0.1,543198e8,6,359683.2485532555,504
R_dipaxis_s0.15,543198e8,0,14913.340632085416,999
R_dipaxis_s0.15,543198e8,1,604102.3059215216,1000
R_dipaxis_s0.15,543198e8,2,1271135.3647645253,1000
R_dipaxis_s0.15,543198e8,3,136215.22693363632,1000
R_dipaxis_s0.15,543198e8,4,228102.44437168958,1000
R_dipaxis_s0.15,543198e8,5,520403.5361100942,1000
R_dipaxis_s0.15,543198e8,6,219623.2705581951,504
R_dipaxis_s0.2,543198e8,0,16046.61580758084,999
R_dipaxis_s0.2,543198e8,1,632389.50866922,1000
R_dipaxis_s0.2,543198e8,2,1329280.1379392468,1000
R_dipaxis_s0.2,543198e8,3,210074.4225547943,1000
R_dipaxis_s0.2,543198e8,4,350730.06016647414,1000
R_dipaxis_s0.2,543198e8,5,680110.3353769231,1000
R_dipaxis_s0.2,543198e8,6,114975.60961534476,504
R_dipaxis_s0.1,e97032ad,0,137191.4757704025,999
R_dipaxis_s0.1,e97032ad,1,196116.56976894411,1000
R_dipaxis_s0.1,e97032ad,2,64856.17602834607,1000
R_dipaxis_s0.1,e97032ad,3,28904.5542975733,531
R_dipaxis_s0.15,e97032ad,0,125171.85245175984,999
R_dipaxis_s0.15,e97032ad,1,180972.3157618925,1000
R_dipaxis_s0.15,e97032ad,2,58158.15351965092,1000
R_dipaxis_s0.15,e97032ad,3,26355.685409375787,531
R_dipaxis_s0.2,e97032ad,0,113710.73703055632,999
R_dipaxis_s0.2,e97032ad,1,166437.8636604972,1000
R_dipaxis_s0.2,e97032ad,2,51829.644329044735,1000
R_dipaxis_s0.2,e97032ad,3,23927.098696522997,531
R_dipaxis_s0.1,c47e0767,0,30613.946685657582,999
R_dipaxis_s0.1,c47e0767,1,330840.075032259,1000
R_dipaxis_s0.1,c47e0767,2,485114.5319339821,1000
R_dipaxis_s0.1,c47e0767,3,502742.2563386838,1000
R_dipaxis_s0.1,c47e0767,4,249137.41186064636,357
R_dipaxis_s0.15,c47e0767,0,27348.89633221095,999
R_dipaxis_s0.15,c47e0767,1,304899.3775103396,1000
R_dipaxis_s0.15,c47e0767,2,434356.6467393114,1000
R_dipaxis_s0.15,c47e0767,3,432631.89425877115,1000
R_dipaxis_s0.15,c47e0767,4,212376.67102741622,357
R_dipaxis_s0.2,c47e0767,0,24291.629747914852,999
R_dipaxis_s0.2,c47e0767,1,280033.26759638835,1000
R_dipaxis_s0.2,c47e0767,2,386508.2126035377,1000
R_dipaxis_s0.2,c47e0767,3,367788.8223460247,1000
R_dipaxis_s0.2,c47e0767,4,178549.03168514962,357
R_dipaxis_s0.1,974802e7,0,48090.799395174494,999
R_dipaxis_s0.1,974802e7,1,61393.83240451595,1000
R_dipaxis_s0.1,974802e7,2,113921.51048077413,1000
R_dipaxis_s0.1,974802e7,3,33165.1497338384,1000
R_dipaxis_s0.1,974802e7,4,136925.15764171854,1000
R_dipaxis_s0.1,974802e7,5,635726.7734281691,844
R_dipaxis_s0.15,974802e7,0,43569.517920990234,999
R_dipaxis_s0.15,974802e7,1,57449.628318264084,1000
R_dipaxis_s0.15,974802e7,2,85396.68266121607,1000
R_dipaxis_s0.15,974802e7,3,16301.06099111216,1000
R_dipaxis_s0.15,974802e7,4,155605.995723715,1000
R_dipaxis_s0.15,974802e7,5,653920.8126740607,844
R_dipaxis_s0.2,974802e7,0,39309.871432291504,999
R_dipaxis_s0.2,974802e7,1,54244.58250633957,1000
R_dipaxis_s0.2,974802e7,2,61558.44546836288,1000
R_dipaxis_s0.2,974802e7,3,6628.322008623602,1000
R_dipaxis_s0.2,974802e7,4,177626.71361313568,1000
R_dipaxis_s0.2,974802e7,5,672690.8328411524,844
R_dipaxis_s0.1,9def2eb2,0,71526.61634360012,999
R_dipaxis_s0.1,9def2eb2,1,20377.568140881638,1000
R_dipaxis_s0.1,9def2eb2,2,48295.35997194402,1000
R_dipaxis_s0.1,9def2eb2,3,82410.83363822532,1000
R_dipaxis_s0.1,9def2eb2,4,32987.62925938715,1000
R_dipaxis_s0.1,9def2eb2,5,26134.5151485974,1000
R_dipaxis_s0.1,9def2eb2,6,437.9545414379482,4
R_dipaxis_s0.15,9def2eb2,0,68952.25168072904,999
R_dipaxis_s0.15,9def2eb2,1,21126.03085185197,1000
R_dipaxis_s0.15,9def2eb2,2,45582.80218121567,1000
R_dipaxis_s0.15,9def2eb2,3,77537.74074634172,1000
R_dipaxis_s0.15,9def2eb2,4,31084.256036554692,1000
R_dipaxis_s0.15,9def2eb2,5,22018.338297163522,1000
R_dipaxis_s0.15,9def2eb2,6,363.13112112367924,4
R_dipaxis_s0.2,9def2eb2,0,66429.64852808215,999
R_dipaxis_s0.2,9def2eb2,1,21911.830756510793,1000
R_dipaxis_s0.2,9def2eb2,2,42994.60793935104,1000
R_dipaxis_s0.2,9def2eb2,3,72822.33918046078,1000
R_dipaxis_s0.2,9def2eb2,4,29324.27414537209,1000
R_dipaxis_s0.2,9def2eb2,5,18268.336261910626,1000
R_dipaxis_s0.2,9def2eb2,6,295.31170678724766,4
R_dipaxis_s0.1,47222616,0,14490.337278724099,999
R_dipaxis_s0.1,47222616,1,7753.583103206894,1000
R_dipaxis_s0.1,47222616,2,135659.90010162504,1000
R_dipaxis_s0.1,47222616,3,204406.13595810073,1000
R_dipaxis_s0.1,47222616,4,53940.053104376704,407
R_dipaxis_s0.15,47222616,0,15596.549222043139,999
R_dipaxis_s0.15,47222616,1,2681.6370666950143,1000
R_dipaxis_s0.15,47222616,2,115087.42723311634,1000
R_dipaxis_s0.15,47222616,3,143599.1347279735,1000
R_dipaxis_s0.15,47222616,4,33332.550283119235,407
R_dipaxis_s0.2,47222616,0,18059.490168000622,999
R_dipaxis_s0.2,47222616,1,2829.1450381061836,1000
R_dipaxis_s0.2,47222616,2,100527.40455172851,1000
R_dipaxis_s0.2,47222616,3,93775.42672506318,1000
R_dipaxis_s0.2,47222616,4,17695.940112897762,407
R_dipaxis_s0.1,d00e7eb9,0,7649.20059905211,999
R_dipaxis_s0.1,d00e7eb9,1,54886.45920524629,1000
R_dipaxis_s0.1,d00e7eb9,2,93109.1848381936,1000
R_dipaxis_s0.1,d00e7eb9,3,68077.31498789361,1000
R_dipaxis_s0.1,d00e7eb9,4,45114.10101253597,1000
R_dipaxis_s0.1,d00e7eb9,5,12933.94176987186,705
R_dipaxis_s0.15,d00e7eb9,0,7033.717896257431,999
R_dipaxis_s0.15,d00e7eb9,1,52095.297373552836,1000
R_dipaxis_s0.15,d00e7eb9,2,86404.01782612635,1000
R_dipaxis_s0.15,d00e7eb9,3,56223.34501481556,1000
R_dipaxis_s0.15,d00e7eb9,4,35655.96842709303,1000
R_dipaxis_s0.15,d00e7eb9,5,11226.021866717396,705
R_dipaxis_s0.2,d00e7eb9,0,6450.257991915658,999
R_dipaxis_s0.2,d00e7eb9,1,49402.07371898089,1000
R_dipaxis_s0.2,d00e7eb9,2,79970.33592661524,1000
R_dipaxis_s0.2,d00e7eb9,3,45559.160497052224,1000
R_dipaxis_s0.2,d00e7eb9,4,27322.126947174234,1000
R_dipaxis_s0.2,d00e7eb9,5,9663.987671503037,705
R_dipaxis_s0.1,2b06ad65,0,1660.8861928998892,999
R_dipaxis_s0.1,2b06ad65,1,6122.7603673698295,1000
R_dipaxis_s0.1,2b06ad65,2,7701.992883326672,1000
R_dipaxis_s0.1,2b06ad65,3,3666.894230644113,1000
R_dipaxis_s0.1,2b06ad65,4,281.51201276302226,257
R_dipaxis_s0.15,2b06ad65,0,1488.1733927654707,999
R_dipaxis_s0.15,2b06ad65,1,5126.181551203723,1000
R_dipaxis_s0.15,2b06ad65,2,5768.1668939757865,1000
R_dipaxis_s0.15,2b06ad65,3,2092.703046192459,1000
R_dipaxis_s0.15,2b06ad65,4,558.284607259191,257
R_dipaxis_s0.2,2b06ad65,0,1343.9385615747315,999
R_dipaxis_s0.2,2b06ad65,1,4353.001335136969,1000
R_dipaxis_s0.2,2b06ad65,2,4180.100117281324,1000
R_dipaxis_s0.2,2b06ad65,3,1111.591361891277,1000
R_dipaxis_s0.2,2b06ad65,4,933.0505938318515,257
R_dipaxis_s0.1,4f4ac5ce,0,38351.21337747633,999
R_dipaxis_s0.1,4f4ac5ce,1,23788.28729575003,1000
R_dipaxis_s0.1,4f4ac5ce,2,61241.553540372,1000
R_dipaxis_s0.1,4f4ac5ce,3,60164.764349067584,1000
R_dipaxis_s0.1,4f4ac5ce,4,41396.88096693188,1000
R_dipaxis_s0.1,4f4ac5ce,5,14328.74863700619,163
R_dipaxis_s0.15,4f4ac5ce,0,37159.83250128156,999
R_dipaxis_s0.15,4f4ac5ce,1,27021.42651452375,1000
R_dipaxis_s0.15,4f4ac5ce,2,52482.06152440159,1000
R_dipaxis_s0.15,4f4ac5ce,3,43231.34918565783,1000
R_dipaxis_s0.15,4f4ac5ce,4,27815.003740861303,1000
R_dipaxis_s0.15,4f4ac5ce,5,10105.085076885174,163
R_dipaxis_s0.2,4f4ac5ce,0,36051.63341513208,999
R_dipaxis_s0.2,4f4ac5ce,1,30604.1368805635,1000
R_dipaxis_s0.2,4f4ac5ce,2,45452.733784326025,1000
R_dipaxis_s0.2,4f4ac5ce,3,29497.13083028439,1000
R_dipaxis_s0.2,4f4ac5ce,4,17868.0578417647,1000
R_dipaxis_s0.2,4f4ac5ce,5,6619.687531014487,163
R_dipaxis_s0.1,5cdd8dbc,0,52200.29758926221,999
R_dipaxis_s0.1,5cdd8dbc,1,9076.223855296781,1000
R_dipaxis_s0.1,5cdd8dbc,2,145734.1207072051,1000
R_dipaxis_s0.1,5cdd8dbc,3,703082.4268909419,1000
R_dipaxis_s0.1,5cdd8dbc,4,9400.570377777733,11
R_dipaxis_s0.15,5cdd8dbc,0,52537.97326237861,999
R_dipaxis_s0.15,5cdd8dbc,1,9113.318297619662,1000
R_dipaxis_s0.15,5cdd8dbc,2,116260.23476680704,1000
R_dipaxis_s0.15,5cdd8dbc,3,613983.1309789316,1000
R_dipaxis_s0.15,5cdd8dbc,4,8254.385009458221,11
R_dipaxis_s0.2,5cdd8dbc,0,53006.859321154145,999
R_dipaxis_s0.2,5cdd8dbc,1,10307.068483058616,1000
R_dipaxis_s0.2,5cdd8dbc,2,90199.80993040143,1000
R_dipaxis_s0.2,5cdd8dbc,3,530943.6718619167,1000
R_dipaxis_s0.2,5cdd8dbc,4,7182.69023633364,11
R_dipaxis_s0.1,347242c8,0,2191.076769901791,999
R_dipaxis_s0.1,347242c8,1,7189.785842551444,1000
R_dipaxis_s0.1,347242c8,2,6923.106709915058,1000
R_dipaxis_s0.1,347242c8,3,4826.59529061718,596
R_dipaxis_s0.15,347242c8,0,2372.410962347347,999
R_dipaxis_s0.15,347242c8,1,6239.728298680426,1000
R_dipaxis_s0.15,347242c8,2,12157.062992676889,1000
R_dipaxis_s0.15,347242c8,3,8824.48917088641,596
R_dipaxis_s0.2,347242c8,0,2583.7349264564887,999
R_dipaxis_s0.2,347242c8,1,5674.62017804447,1000
R_dipaxis_s0.2,347242c8,2,19658.108060641658,1000
R_dipaxis_s0.2,347242c8,3,14762.54094112882,596
R_dipaxis_s0.1,ed6e6e54,0,29158.95902269648,999
R_dipaxis_s0.1,ed6e6e54,1,12337.088753261398,1000
R_dipaxis_s0.1,ed6e6e54,2,344483.6156545654,1000
R_dipaxis_s0.1,ed6e6e54,3,232691.48984758026,1000
R_dipaxis_s0.1,ed6e6e54,4,9495.553623531028,1000
R_dipaxis_s0.1,ed6e6e54,5,4612.203970874851,1000
R_dipaxis_s0.1,ed6e6e54,6,528.5004933729887,49
R_dipaxis_s0.15,ed6e6e54,0,28382.572328464772,999
R_dipaxis_s0.15,ed6e6e54,1,12838.401729232766,1000
R_dipaxis_s0.15,ed6e6e54,2,291081.7067865994,1000
R_dipaxis_s0.15,ed6e6e54,3,192901.70954652634,1000
R_dipaxis_s0.15,ed6e6e54,4,21468.15786797292,1000
R_dipaxis_s0.15,ed6e6e54,5,10725.436500848095,1000
R_dipaxis_s0.15,ed6e6e54,6,1243.0807605421014,49
R_dipaxis_s0.2,ed6e6e54,0,27643.484563847844,999
R_dipaxis_s0.2,ed6e6e54,1,13918.073371431663,1000
R_dipaxis_s0.2,ed6e6e54,2,242286.69108846685,1000
R_dipaxis_s0.2,ed6e6e54,3,158783.07142891083,1000
R_dipaxis_s0.2,ed6e6e54,4,41336.11373420012,1000
R_dipaxis_s0.2,ed6e6e54,5,24851.50076051098,1000
R_dipaxis_s0.2,ed6e6e54,6,2258.840241366461,49
R_dipaxis_s0.1,b85f7b06,0,4697.250827972239,999
R_dipaxis_s0.1,b85f7b06,1,1963.7567877138467,1000
R_dipaxis_s0.1,b85f7b06,2,3009.5811166956264,1000
R_dipaxis_s0.1,b85f7b06,3,963.444225938854,804
R_dipaxis_s0.15,b85f7b06,0,3835.6580938372026,999
R_dipaxis_s0.15,b85f7b06,1,3762.9176606516667,1000
R_dipaxis_s0.15,b85f7b06,2,4572.761281372969,1000
R_dipaxis_s0.15,b85f7b06,3,4431.918419874769,804
R_dipaxis_s0.2,b85f7b06,0,3688.513160954373,999
R_dipaxis_s0.2,b85f7b06,1,7496.525819643482,1000
R_dipaxis_s0.2,b85f7b06,2,11439.647150269606,1000
R_dipaxis_s0.2,b85f7b06,3,16537.659934453935,804
R_dipaxis_s0.1,f6d009f4,0,229290.37412312898,999
R_dipaxis_s0.1,f6d009f4,1,2504454.9138593557,1000
R_dipaxis_s0.1,f6d009f4,2,3441102.205690018,1000
R_dipaxis_s0.1,f6d009f4,3,1913036.6836643724,1000
R_dipaxis_s0.1,f6d009f4,4,378659.18146052357,1000
R_dipaxis_s0.1,f6d009f4,5,3980592.4435020173,1000
R_dipaxis_s0.1,f6d009f4,6,6249863.59083829,716
R_dipaxis_s0.15,f6d009f4,0,223611.4677119557,999
R_dipaxis_s0.15,f6d009f4,1,2499486.64399563,1000
R_dipaxis_s0.15,f6d009f4,2,3560094.407992607,1000
R_dipaxis_s0.15,f6d009f4,3,2176675.535751062,1000
R_dipaxis_s0.15,f6d009f4,4,611956.8719962707,1000
R_dipaxis_s0.15,f6d009f4,5,4697377.184502433,1000
R_dipaxis_s0.15,f6d009f4,6,7160360.412595565,716
R_dipaxis_s0.2,f6d009f4,0,218263.6272522781,999
R_dipaxis_s0.2,f6d009f4,1,2494647.270036249,1000
R_dipaxis_s0.2,f6d009f4,2,3681713.5892001903,1000
R_dipaxis_s0.2,f6d009f4,3,2462751.0551073705,1000
R_dipaxis_s0.2,f6d009f4,4,903368.1400689989,1000
R_dipaxis_s0.2,f6d009f4,5,5477361.715169083,1000
R_dipaxis_s0.2,f6d009f4,6,8132802.3778115325,716
R_dipaxis_s0.1,8255c867,0,135536.60250318865,999
R_dipaxis_s0.1,8255c867,1,670520.4812169003,1000
R_dipaxis_s0.1,8255c867,2,231417.2429154036,1000
R_dipaxis_s0.1,8255c867,3,527052.0313363385,590
R_dipaxis_s0.15,8255c867,0,118202.78052260102,999
R_dipaxis_s0.15,8255c867,1,564957.5164923421,1000
R_dipaxis_s0.15,8255c867,2,161860.636806855,1000
R_dipaxis_s0.15,8255c867,3,404949.0189486488,590
R_dipaxis_s0.2,8255c867,0,102105.05602056479,999
R_dipaxis_s0.2,8255c867,1,468657.3188124581,1000
R_dipaxis_s0.2,8255c867,2,104863.88315414965,1000
R_dipaxis_s0.2,8255c867,3,299157.9850237298,590
R_dipaxis_s0.1,0a57a29c,0,19682.67088319304,999
R_dipaxis_s0.1,0a57a29c,1,4755.992089134828,1000
R_dipaxis_s0.1,0a57a29c,2,9420.451066722419,1000
R_dipaxis_s0.1,0a57a29c,3,60273.38184559189,1000
R_dipaxis_s0.1,0a57a29c,4,24323.800106391893,1000
R_dipaxis_s0.1,0a57a29c,5,45632.962379275625,822
R_dipaxis_s0.15,0a57a29c,0,22388.82435275531,999
R_dipaxis_s0.15,0a57a29c,1,2379.301384621907,1000
R_dipaxis_s0.15,0a57a29c,2,3895.7466616630586,1000
R_dipaxis_s0.15,0a57a29c,3,43848.02258027344,1000
R_dipaxis_s0.15,0a57a29c,4,15863.063180362959,1000
R_dipaxis_s0.15,0a57a29c,5,34985.15436841142,822
R_dipaxis_s0.2,0a57a29c,0,25599.00147429477,999
R_dipaxis_s0.2,0a57a29c,1,2245.49671405604,1000
R_dipaxis_s0.2,0a57a29c,2,1458.5635976587637,1000
R_dipaxis_s0.2,0a57a29c,3,30179.27205621517,1000
R_dipaxis_s0.2,0a57a29c,4,9278.306501520266,1000
R_dipaxis_s0.2,0a57a29c,5,25817.575823882624,822
R_dipaxis_s0.1,3ac16ad0,0,7008.215358937493,999
R_dipaxis_s0.1,3ac16ad0,1,9382.997675069795,1000
R_dipaxis_s0.1,3ac16ad0,2,312886.3147010912,1000
R_dipaxis_s0.1,3ac16ad0,3,67412.08701016066,1000
R_dipaxis_s0.1,3ac16ad0,4,1777.185536483839,1000
R_dipaxis_s0.1,3ac16ad0,5,20252.15561629982,650
R_dipaxis_s0.15,3ac16ad0,0,6225.470005385246,999
R_dipaxis_s0.15,3ac16ad0,1,9073.750551195031,1000
R_dipaxis_s0.15,3ac16ad0,2,297528.71056905354,1000
R_dipaxis_s0.15,3ac16ad0,3,71149.92520194384,1000
R_dipaxis_s0.15,3ac16ad0,4,697.4135517221628,1000
R_dipaxis_s0.15,3ac16ad0,5,32615.733647737376,650
R_dipaxis_s0.2,3ac16ad0,0,5497.8503964855145,999
R_dipaxis_s0.2,3ac16ad0,1,8776.624186381,1000
R_dipaxis_s0.2,3ac16ad0,2,282617.41401529656,1000
R_dipaxis_s0.2,3ac16ad0,3,76377.4045515312,1000
R_dipaxis_s0.2,3ac16ad0,4,2210.9273649574698,1000
R_dipaxis_s0.2,3ac16ad0,5,48358.97619470058,650
R_dipaxis_s0.1,ccedb12b,0,80348.8617015914,999
R_dipaxis_s0.1,ccedb12b,1,186643.4806772904,1000
R_dipaxis_s0.1,ccedb12b,2,41846.63490368668,1000
R_dipaxis_s0.1,ccedb12b,3,38079.32153068705,1000
R_dipaxis_s0.1,ccedb12b,4,91011.14296000288,402
R_dipaxis_s0.15,ccedb12b,0,71259.60614333779,999
R_dipaxis_s0.15,ccedb12b,1,173809.9642367418,1000
R_dipaxis_s0.15,ccedb12b,2,39419.929980606415,1000
R_dipaxis_s0.15,ccedb12b,3,35365.43904841413,1000
R_dipaxis_s0.15,ccedb12b,4,91810.00413032465,402
R_dipaxis_s0.2,ccedb12b,0,62762.222245714416,999
R_dipaxis_s0.2,ccedb12b,1,161441.5664767233,1000
R_dipaxis_s0.2,ccedb12b,2,37068.59187424069,1000
R_dipaxis_s0.2,ccedb12b,3,33136.905634395946,1000
R_dipaxis_s0.2,ccedb12b,4,92619.03896086468,402
R_dipaxis_s0.1,5aa03df7,0,1865.592413932474,999
R_dipaxis_s0.1,5aa03df7,1,30896.843107160792,1000
R_dipaxis_s0.1,5aa03df7,2,41981.100110107494,1000
R_dipaxis_s0.1,5aa03df7,3,6034.160283480956,1000
R_dipaxis_s0.1,5aa03df7,4,138629.95421187082,872
R_dipaxis_s0.15,5aa03df7,0,1719.6496738990804,999
R_dipaxis_s0.15,5aa03df7,1,27288.471092929372,1000
R_dipaxis_s0.15,5aa03df7,2,49543.50000359897,1000
R_dipaxis_s0.15,5aa03df7,3,9509.206238037268,1000
R_dipaxis_s0.15,5aa03df7,4,142516.5268073405,872
R_dipaxis_s0.2,5aa03df7,0,1920.3858025323484,999
R_dipaxis_s0.2,5aa03df7,1,24956.505566823784,1000
R_dipaxis_s0.2,5aa03df7,2,57746.644889381816,1000
R_dipaxis_s0.2,5aa03df7,3,14001.107867803392,1000
R_dipaxis_s0.2,5aa03df7,4,147860.4890958334,872
R_dipaxis_s0.1,ab3ced07,0,25428.113928502848,999
R_dipaxis_s0.1,ab3ced07,1,41489.87217666299,1000
R_dipaxis_s0.1,ab3ced07,2,257729.41815558134,1000
R_dipaxis_s0.1,ab3ced07,3,129138.68770865264,1000
R_dipaxis_s0.1,ab3ced07,4,629.1816696329554,251
R_dipaxis_s0.15,ab3ced07,0,26890.8143822534,999
R_dipaxis_s0.15,ab3ced07,1,47548.94361843715,1000
R_dipaxis_s0.15,ab3ced07,2,272483.36902127456,1000
R_dipaxis_s0.15,ab3ced07,3,137245.51398574872,1000
R_dipaxis_s0.15,ab3ced07,4,64.08772256263151,251
R_dipaxis_s0.2,ab3ced07,0,28457.125829000845,999
R_dipaxis_s0.2,ab3ced07,1,54050.53669583656,1000
R_dipaxis_s0.2,ab3ced07,2,287832.3258788943,1000
R_dipaxis_s0.2,ab3ced07,3,147813.79194469104,1000
R_dipaxis_s0.2,ab3ced07,4,290.88635423478706,251
R_dipaxis_s0.1,fef8af96,0,99731.4811746228,999
R_dipaxis_s0.1,fef8af96,1,712371.2818797308,1000
R_dipaxis_s0.1,fef8af96,2,1458880.6572966173,1000
R_dipaxis_s0.1,fef8af96,3,3802796.1028188076,827
R_dipaxis_s0.15,fef8af96,0,85075.9459768502,999
R_dipaxis_s0.15,fef8af96,1,618764.5537159928,1000
R_dipaxis_s0.15,fef8af96,2,1253042.2716847411,1000
R_dipaxis_s0.15,fef8af96,3,3423131.2764029093,827
R_dipaxis_s0.2,fef8af96,0,71590.01242234994,999
R_dipaxis_s0.2,fef8af96,1,531773.174849839,1000
R_dipaxis_s0.2,fef8af96,2,1063075.9847327117,1000
R_dipaxis_s0.2,fef8af96,3,3064060.0614034496,827
R_dipaxis_s0.1,4cd1ac61,0,119113.19144408754,999
R_dipaxis_s0.1,4cd1ac61,1,226135.26396044425,1000
R_dipaxis_s0.1,4cd1ac61,2,316014.1060879579,1000
R_dipaxis_s0.1,4cd1ac61,3,414020.7689193676,1000
R_dipaxis_s0.1,4cd1ac61,4,237416.45541915073,490
R_dipaxis_s0.15,4cd1ac61,0,110697.08559687618,999
R_dipaxis_s0.15,4cd1ac61,1,222297.61324894425,1000
R_dipaxis_s0.15,4cd1ac61,2,358425.9009196535,1000
R_dipaxis_s0.15,4cd1ac61,3,518620.0384085943,1000
R_dipaxis_s0.15,4cd1ac61,4,307520.6718855746,490
R_dipaxis_s0.2,4cd1ac61,0,102601.70347016882,999
R_dipaxis_s0.2,4cd1ac61,1,218594.0002096417,1000
R_dipaxis_s0.2,4cd1ac61,2,403773.93100983737,1000
R_dipaxis_s0.2,4cd1ac61,3,635075.508117528,1000
R_dipaxis_s0.2,4cd1ac61,4,386692.1625232355,490
R_dipaxis_s0.1,cb34231f,0,12141.113914344363,999
R_dipaxis_s0.1,cb34231f,1,52711.62067900789,1000
R_dipaxis_s0.1,cb34231f,2,14190.152500126882,1000
R_dipaxis_s0.1,cb34231f,3,79223.57222470849,1000
R_dipaxis_s0.1,cb34231f,4,7224.2339247506,1000
R_dipaxis_s0.1,cb34231f,5,12278.542942491875,610
R_dipaxis_s0.15,cb34231f,0,11866.57422833804,999
R_dipaxis_s0.15,cb34231f,1,32057.081262393094,1000
R_dipaxis_s0.15,cb34231f,2,30061.404631017238,1000
R_dipaxis_s0.15,cb34231f,3,125763.25267256347,1000
R_dipaxis_s0.15,cb34231f,4,22825.078066621532,1000
R_dipaxis_s0.15,cb34231f,5,26344.167663251887,610
R_dipaxis_s0.2,cb34231f,0,11873.53958021326,999
R_dipaxis_s0.2,cb34231f,1,17241.529675027417,1000
R_dipaxis_s0.2,cb34231f,2,57435.786115792245,1000
R_dipaxis_s0.2,cb34231f,3,183223.70704408575,1000
R_dipaxis_s0.2,cb34231f,4,47502.75176148915,1000
R_dipaxis_s0.2,cb34231f,5,45866.28528368815,610
R_dipaxis_s0.1,f72b268f,0,45501.596863660474,999
R_dipaxis_s0.1,f72b268f,1,2859.459978596638,1000
R_dipaxis_s0.1,f72b268f,2,18085.88144101709,1000
R_dipaxis_s0.1,f72b268f,3,24216.63911156107,1000
R_dipaxis_s0.1,f72b268f,4,161569.5462059742,1000
R_dipaxis_s0.1,f72b268f,5,233089.76159939944,1000
R_dipaxis_s0.1,f72b268f,6,79100.34005119852,405
R_dipaxis_s0.15,f72b268f,0,49720.86523088056,999
R_dipaxis_s0.15,f72b268f,1,3690.220239962974,1000
R_dipaxis_s0.15,f72b268f,2,7120.797793051752,1000
R_dipaxis_s0.15,f72b268f,3,7475.522444559403,1000
R_dipaxis_s0.15,f72b268f,4,100153.22517083716,1000
R_dipaxis_s0.15,f72b268f,5,163141.65179266012,1000
R_dipaxis_s0.15,f72b268f,6,56569.09100803464,405
R_dipaxis_s0.2,f72b268f,0,54151.77698836018,999
R_dipaxis_s0.2,f72b268f,1,7898.110849375095,1000
R_dipaxis_s0.2,f72b268f,2,2725.94389943822,1000
R_dipaxis_s0.2,f72b268f,3,731.362729036219,1000
R_dipaxis_s0.2,f72b268f,4,53668.43577695034,1000
R_dipaxis_s0.2,f72b268f,5,105825.09261496234,1000
R_dipaxis_s0.2,f72b268f,6,37809.12728569562,405
R_dipaxis_s0.1,e0f36d98,0,226407.54632888618,999
R_dipaxis_s0.1,e0f36d98,1,450478.3449597826,1000
R_dipaxis_s0.1,e0f36d98,2,22655.89310426377,1000
R_dipaxis_s0.1,e0f36d98,3,90503.70533435183,1000
R_dipaxis_s0.1,e0f36d98,4,321461.6365037058,977
R_dipaxis_s0.15,e0f36d98,0,218684.4791936926,999
R_dipaxis_s0.15,e0f36d98,1,460361.5344678924,1000
R_dipaxis_s0.15,e0f36d98,2,25850.91145222068,1000
R_dipaxis_s0.15,e0f36d98,3,104052.17952728727,1000
R_dipaxis_s0.15,e0f36d98,4,362096.5242585064,977
R_dipaxis_s0.2,e0f36d98,0,211132.23175874806,999
R_dipaxis_s0.2,e0f36d98,1,470423.9710614886,1000
R_dipaxis_s0.2,e0f36d98,2,31262.638964060883,1000
R_dipaxis_s0.2,e0f36d98,3,118690.13810406499,1000
R_dipaxis_s0.2,e0f36d98,4,405227.3260152834,977
R_dipaxis_s0.1,1d78281a,0,1972.8947828987282,999
R_dipaxis_s0.1,1d78281a,1,172757.33639332687,1000
R_dipaxis_s0.1,1d78281a,2,381387.00426593004,1000
R_dipaxis_s0.1,1d78281a,3,42030.13456826351,1000
R_dipaxis_s0.1,1d78281a,4,16279.977515707158,950
R_dipaxis_s0.15,1d78281a,0,1532.2070950178877,999
R_dipaxis_s0.15,1d78281a,1,160078.9211790519,1000
R_dipaxis_s0.15,1d78281a,2,356404.2969206019,1000
R_dipaxis_s0.15,1d78281a,3,39235.4138003928,1000
R_dipaxis_s0.15,1d78281a,4,17488.968523124433,950
R_dipaxis_s0.2,1d78281a,0,1164.0426209162654,999
R_dipaxis_s0.2,1d78281a,1,147891.95549081254,1000
R_dipaxis_s0.2,1d78281a,2,332271.14225640224,1000
R_dipaxis_s0.2,1d78281a,3,36563.403397851755,1000
R_dipaxis_s0.2,1d78281a,4,18767.804130250148,950
R_dipaxis_s0.1,a7744f5b,0,908.1203372950998,999
R_dipaxis_s0.1,a7744f5b,1,1827.8976758143797,1000
R_dipaxis_s0.1,a7744f5b,2,101703.95605141291,1000
R_dipaxis_s0.1,a7744f5b,3,423136.84495191404,1000
R_dipaxis_s0.1,a7744f5b,4,143491.9081430043,378
R_dipaxis_s0.15,a7744f5b,0,706.3534144462336,999
R_dipaxis_s0.15,a7744f5b,1,1205.8198195539076,1000
R_dipaxis_s0.15,a7744f5b,2,95419.87795972476,1000
R_dipaxis_s0.15,a7744f5b,3,399193.2072450984,1000
R_dipaxis_s0.15,a7744f5b,4,137616.46383509223,378
R_dipaxis_s0.2,a7744f5b,0,586.5907639331698,999
R_dipaxis_s0.2,a7744f5b,1,936.233700514923,1000
R_dipaxis_s0.2,a7744f5b,2,89345.92608977224,1000
R_dipaxis_s0.2,a7744f5b,3,375971.9781831012,1000
R_dipaxis_s0.2,a7744f5b,4,131870.38007423742,378
R_dipaxis_s0.1,1b6ba517,0,8313.925636210084,999
R_dipaxis_s0.1,1b6ba517,1,42396.73065521696,1000
R_dipaxis_s0.1,1b6ba517,2,53691.99727535687,1000
R_dipaxis_s0.1,1b6ba517,3,99031.14257108812,1000
R_dipaxis_s0.1,1b6ba517,4,137784.07026772574,1000
R_dipaxis_s0.1,1b6ba517,5,134557.4018395343,1000
R_dipaxis_s0.1,1b6ba517,6,29856.45854630183,598
R_dipaxis_s0.15,1b6ba517,0,6582.342030694731,999
R_dipaxis_s0.15,1b6ba517,1,51507.380304634295,1000
R_dipaxis_s0.15,1b6ba517,2,69489.0407093906,1000
R_dipaxis_s0.15,1b6ba517,3,111922.81346655055,1000
R_dipaxis_s0.15,1b6ba517,4,146828.44847053714,1000
R_dipaxis_s0.15,1b6ba517,5,145262.20174550547,1000
R_dipaxis_s0.15,1b6ba517,6,33828.263921894955,598
R_dipaxis_s0.2,1b6ba517,0,5164.2601760981615,999
R_dipaxis_s0.2,1b6ba517,1,61732.64083525662,1000
R_dipaxis_s0.2,1b6ba517,2,87338.32454099288,1000
R_dipaxis_s0.2,1b6ba517,3,125743.85460195657,1000
R_dipaxis_s0.2,1b6ba517,4,156183.58965264345,1000
R_dipaxis_s0.2,1b6ba517,5,156439.68490894025,1000
R_dipaxis_s0.2,1b6ba517,6,38337.14006578043,598
R_dipaxis_s0.1,9df1b1f9,0,63421.80348699215,999
R_dipaxis_s0.1,9df1b1f9,1,177481.5779967193,1000
R_dipaxis_s0.1,9df1b1f9,2,222745.65633094448,1000
R_dipaxis_s0.1,9df1b1f9,3,190921.74353353318,1000
R_dipaxis_s0.1,9df1b1f9,4,94665.34672849855,702
R_dipaxis_s0.15,9df1b1f9,0,57202.80455531813,999
R_dipaxis_s0.15,9df1b1f9,1,169770.89029461748,1000
R_dipaxis_s0.15,9df1b1f9,2,216426.06049145342,1000
R_dipaxis_s0.15,9df1b1f9,3,202291.74468494413,1000
R_dipaxis_s0.15,9df1b1f9,4,108579.79897459788,702
R_dipaxis_s0.2,9df1b1f9,0,51360.1236735368,999
R_dipaxis_s0.2,9df1b1f9,1,162245.98325888164,1000
R_dipaxis_s0.2,9df1b1f9,2,210278.73438199595,1000
R_dipaxis_s0.2,9df1b1f9,3,214013.92922612716,1000
R_dipaxis_s0.2,9df1b1f9,4,123490.86644193485,702
R_dipaxis_s0.1,12f0cd90,0,31487.92317440543,999
R_dipaxis_s0.1,12f0cd90,1,57919.22235876413,1000
R_dipaxis_s0.1,12f0cd90,2,24921.32037332532,1000
R_dipaxis_s0.1,12f0cd90,3,3945.853644259051,1000
R_dipaxis_s0.1,12f0cd90,4,52482.97795368288,1000
R_dipaxis_s0.1,12f0cd90,5,401084.7475950484,948
R_dipaxis_s0.15,12f0cd90,0,36982.73524785163,999
R_dipaxis_s0.15,12f0cd90,1,77351.93259229272,1000
R_dipaxis_s0.15,12f0cd90,2,49241.14238813767,1000
R_dipaxis_s0.15,12f0cd90,3,16401.142204208838,1000
R_dipaxis_s0.15,12f0cd90,4,125484.04965443791,1000
R_dipaxis_s0.15,12f0cd90,5,589250.8502672613,948
R_dipaxis_s0.2,12f0cd90,0,44167.37861212644,999
R_dipaxis_s0.2,12f0cd90,1,104296.27372858633,1000
R_dipaxis_s0.2,12f0cd90,2,89748.39522171649,1000
R_dipaxis_s0.2,12f0cd90,3,63646.65178937277,1000
R_dipaxis_s0.2,12f0cd90,4,243233.863504467,1000
R_dipaxis_s0.2,12f0cd90,5,820683.5683225997,948
R_dipaxis_s0.1,37344c2a,0,1610.7291644632141,999
R_dipaxis_s0.1,37344c2a,1,2028.700358665344,1000
R_dipaxis_s0.1,37344c2a,2,5534.90576545277,1000
R_dipaxis_s0.1,37344c2a,3,395102.0782018793,1000
R_dipaxis_s0.1,37344c2a,4,1032522.5359553893,1000
R_dipaxis_s0.1,37344c2a,5,87797.20295647529,198
R_dipaxis_s0.15,37344c2a,0,2173.2917991936874,999
R_dipaxis_s0.15,37344c2a,1,4102.687349618625,1000
R_dipaxis_s0.15,37344c2a,2,20325.807842598442,1000
R_dipaxis_s0.15,37344c2a,3,507252.7095789613,1000
R_dipaxis_s0.15,37344c2a,4,1276344.956847321,1000
R_dipaxis_s0.15,37344c2a,5,132526.0136694326,198
R_dipaxis_s0.2,37344c2a,0,3206.7055022564996,999
R_dipaxis_s0.2,37344c2a,1,9426.654681650904,1000
R_dipaxis_s0.2,37344c2a,2,46384.738449354045,1000
R_dipaxis_s0.2,37344c2a,3,639564.7991401508,1000
R_dipaxis_s0.2,37344c2a,4,1550030.6158487604,1000
R_dipaxis_s0.2,37344c2a,5,186437.21127220476,198
R_dipaxis_s0.1,fa667be2,0,13584.382793567254,999
R_dipaxis_s0.1,fa667be2,1,34655.796244417535,1000
R_dipaxis_s0.1,fa667be2,2,33237.95011642554,1000
R_dipaxis_s0.1,fa667be2,3,11051.650321735293,1000
R_dipaxis_s0.1,fa667be2,4,13825.29244538601,1000
R_dipaxis_s0.1,fa667be2,5,32336.254068578968,1000
R_dipaxis_s0.1,fa667be2,6,230420.42462448537,1000
R_dipaxis_s0.1,fa667be2,7,134896.56341183308,297
R_dipaxis_s0.15,fa667be2,0,13308.286681289459,999
R_dipaxis_s0.15,fa667be2,1,31938.750193262775,1000
R_dipaxis_s0.15,fa667be2,2,30594.78642345683,1000
R_dipaxis_s0.15,fa667be2,3,9334.383680031486,1000
R_dipaxis_s0.15,fa667be2,4,10497.51397923471,1000
R_dipaxis_s0.15,fa667be2,5,26006.167144228755,1000
R_dipaxis_s0.15,fa667be2,6,219800.51358170598,1000
R_dipaxis_s0.15,fa667be2,7,135754.34703483907,297
R_dipaxis_s0.2,fa667be2,0,13044.172129635212,999
R_dipaxis_s0.2,fa667be2,1,29333.09065986138,1000
R_dipaxis_s0.2,fa667be2,2,28065.206263029937,1000
R_dipaxis_s0.2,fa667be2,3,7934.5967699453495,1000
R_dipaxis_s0.2,fa667be2,4,7704.426320517801,1000
R_dipaxis_s0.2,fa667be2,5,20690.393480781953,1000
R_dipaxis_s0.2,fa667be2,6,209641.71910223435,1000
R_dipaxis_s0.2,fa667be2,7,136616.1445692353,297
R_dipaxis_s0.1,96ae5806,0,8474.615693100795,999
R_dipaxis_s0.1,96ae5806,1,34473.38681544133,1000
R_dipaxis_s0.1,96ae5806,2,49245.867692290725,1000
R_dipaxis_s0.1,96ae5806,3,55991.610291711426,1000
R_dipaxis_s0.1,96ae5806,4,56221.415011056684,1000
R_dipaxis_s0.1,96ae5806,5,17859.79529170872,1000
R_dipaxis_s0.1,96ae5806,6,8686.422789321354,1000
R_dipaxis_s0.1,96ae5806,7,46137.55488876173,1000
R_dipaxis_s0.1,96ae5806,8,74399.03542802198,1000
R_dipaxis_s0.1,96ae5806,9,171839.3387463284,840
R_dipaxis_s0.15,96ae5806,0,7299.770225871661,999
R_dipaxis_s0.15,96ae5806,1,30006.5409514014,1000
R_dipaxis_s0.15,96ae5806,2,42969.48337080804,1000
R_dipaxis_s0.15,96ae5806,3,49108.12424857297,1000
R_dipaxis_s0.15,96ae5806,4,51447.94537027369,1000
R_dipaxis_s0.15,96ae5806,5,19205.620684413123,1000
R_dipaxis_s0.15,96ae5806,6,8041.178204878648,1000
R_dipaxis_s0.15,96ae5806,7,37254.94951567132,1000
R_dipaxis_s0.15,96ae5806,8,60718.71698991708,1000
R_dipaxis_s0.15,96ae5806,9,139097.9399909939,840
R_dipaxis_s0.2,96ae5806,0,6215.849916119972,999
R_dipaxis_s0.2,96ae5806,1,25855.678106190924,1000
R_dipaxis_s0.2,96ae5806,2,37129.826037579136,1000
R_dipaxis_s0.2,96ae5806,3,42681.65147944416,1000
R_dipaxis_s0.2,96ae5806,4,47000.7751319568,1000
R_dipaxis_s0.2,96ae5806,5,20606.27040835419,1000
R_dipaxis_s0.2,96ae5806,6,7435.355434369576,1000
R_dipaxis_s0.2,96ae5806,7,29332.236164273923,1000
R_dipaxis_s0.2,96ae5806,8,48468.01705040904,1000
R_dipaxis_s0.2,96ae5806,9,109897.12361667033,840
R_dipaxis_s0.1,5d7198fd,0,46270.81352057958,999
R_dipaxis_s0.1,5d7198fd,1,48451.43848757248,1000
R_dipaxis_s0.1,5d7198fd,2,159877.42754660992,1000
R_dipaxis_s0.1,5d7198fd,3,109299.57580928004,369
R_dipaxis_s0.15,5d7198fd,0,50233.054265913925,999
R_dipaxis_s0.15,5d7198fd,1,67731.34518131145,1000
R_dipaxis_s0.15,5d7198fd,2,100196.30338674384,1000
R_dipaxis_s0.15,5d7198fd,3,70999.52749213982,369
R_dipaxis_s0.2,5d7198fd,0,54438.26770128002,999
R_dipaxis_s0.2,5d7198fd,1,91536.72684168824,1000
R_dipaxis_s0.2,5d7198fd,2,56955.80957141964,1000
R_dipaxis_s0.2,5d7198fd,3,40942.65269380698,369
R_dipaxis_s0.1,ebe69318,0,7669.7523421017395,999
R_dipaxis_s0.1,ebe69318,1,24945.21464837589,1000
R_dipaxis_s0.1,ebe69318,2,10972.23609828847,1000
R_dipaxis_s0.1,ebe69318,3,18565.975111233878,1000
R_dipaxis_s0.1,ebe69318,4,123449.76324309852,977
R_dipaxis_s0.15,ebe69318,0,7180.806583964139,999
R_dipaxis_s0.15,ebe69318,1,16267.132223785178,1000
R_dipaxis_s0.15,ebe69318,2,19726.769655866974,1000
R_dipaxis_s0.15,ebe69318,3,35559.06093827944,1000
R_dipaxis_s0.15,ebe69318,4,173044.003446709,977
R_dipaxis_s0.2,ebe69318,0,6815.144573034446,999
R_dipaxis_s0.2,ebe69318,1,9604.792966675423,1000
R_dipaxis_s0.2,ebe69318,2,32244.700685735548,1000
R_dipaxis_s0.2,ebe69318,3,59096.391946276766,1000
R_dipaxis_s0.2,ebe69318,4,231060.4930050265,977
R_dipaxis_s0.1,5663b2b7,0,236894.8910564754,999
R_dipaxis_s0.1,5663b2b7,1,710890.5038041446,1000
R_dipaxis_s0.1,5663b2b7,2,317515.49240224785,1000
R_dipaxis_s0.1,5663b2b7,3,14041.229914071675,1000
R_dipaxis_s0.1,5663b2b7,4,55980.55938581075,973
R_dipaxis_s0.15,5663b2b7,0,224863.63848719012,999
R_dipaxis_s0.15,5663b2b7,1,735476.5442206251,1000
R_dipaxis_s0.15,5663b2b7,2,377917.34580463904,1000
R_dipaxis_s0.15,5663b2b7,3,14896.138521052451,1000
R_dipaxis_s0.15,5663b2b7,4,37136.17403407664,973
R_dipaxis_s0.2,5663b2b7,0,213189.78268622942,999
R_dipaxis_s0.2,5663b2b7,1,760830.8954800569,1000
R_dipaxis_s0.2,5663b2b7,2,448446.13647454325,1000
R_dipaxis_s0.2,5663b2b7,3,30630.953194660487,1000
R_dipaxis_s0.2,5663b2b7,4,23174.384685913054,973
R_dipaxis_s0.1,368131f9,0,13175.061582783619,999
R_dipaxis_s0.1,368131f9,1,98538.26506423806,1000
R_dipaxis_s0.1,368131f9,2,304517.09448604536,1000
R_dipaxis_s0.1,368131f9,3,474532.8794628312,1000
R_dipaxis_s0.1,368131f9,4,1151522.3777212186,992
R_dipaxis_s0.15,368131f9,0,12377.364805363062,999
R_dipaxis_s0.15,368131f9,1,81981.37587300234,1000
R_dipaxis_s0.15,368131f9,2,277069.97075843776,1000
R_dipaxis_s0.15,368131f9,3,470872.92785635515,1000
R_dipaxis_s0.15,368131f9,4,1138940.59176526,992
R_dipaxis_s0.2,368131f9,0,11773.704015401114,999
R_dipaxis_s0.2,368131f9,1,66966.10429952902,1000
R_dipaxis_s0.2,368131f9,2,251057.85158374405,1000
R_dipaxis_s0.2,368131f9,3,467260.0418912823,1000
R_dipaxis_s0.2,368131f9,4,1126706.700998255,992
R_dipaxis_s0.1,1a730ac2,0,87390.0288572127,999
R_dipaxis_s0.1,1a730ac2,1,470952.92292814876,1000
R_dipaxis_s0.1,1a730ac2,2,360193.19328551326,1000
R_dipaxis_s0.1,1a730ac2,3,101987.5004730979,1000
R_dipaxis_s0.1,1a730ac2,4,133820.471913891,606
R_dipaxis_s0.15,1a730ac2,0,82267.06455124813,999
R_dipaxis_s0.15,1a730ac2,1,447009.51768894505,1000
R_dipaxis_s0.15,1a730ac2,2,346634.82336934516,1000
R_dipaxis_s0.15,1a730ac2,3,107273.52798840105,1000
R_dipaxis_s0.15,1a730ac2,4,135121.1574354233,606
R_dipaxis_s0.2,1a730ac2,0,77305.43588890247,999
R_dipaxis_s0.2,1a730ac2,1,423711.2493475598,1000
R_dipaxis_s0.2,1a730ac2,2,333411.37178056233,1000
R_dipaxis_s0.2,1a730ac2,3,112965.04158953992,1000
R_dipaxis_s0.2,1a730ac2,4,136428.394533348,606
R_dipaxis_s0.1,925a7cd1,0,25269.564679925916,999
R_dipaxis_s0.1,925a7cd1,1,14168.572929079977,1000
R_dipaxis_s0.1,925a7cd1,2,5644.914997512245,1000
R_dipaxis_s0.1,925a7cd1,3,5802.8735156148205,1000
R_dipaxis_s0.1,925a7cd1,4,11442.468302677618,518
R_dipaxis_s0.15,925a7cd1,0,22152.20313643253,999
R_dipaxis_s0.15,925a7cd1,1,11626.832794428394,1000
R_dipaxis_s0.15,925a7cd1,2,3602.6307601219505,1000
R_dipaxis_s0.15,925a7cd1,3,3556.8470758553963,1000
R_dipaxis_s0.15,925a7cd1,4,8105.69588960328,518
R_dipaxis_s0.2,925a7cd1,0,19246.282537299034,999
R_dipaxis_s0.2,925a7cd1,1,9463.017226981,1000
R_dipaxis_s0.2,925a7cd1,2,2126.340798632771,1000
R_dipaxis_s0.2,925a7cd1,3,1975.5049710500955,1000
R_dipaxis_s0.2,925a7cd1,4,5350.804366919343,518
R_dipaxis_s0.1,f8afa78a,0,132723.5559748481,999
R_dipaxis_s0.1,f8afa78a,1,445382.38530288363,1000
R_dipaxis_s0.1,f8afa78a,2,175714.1917562187,1000
R_dipaxis_s0.1,f8afa78a,3,106336.23754308975,1000
R_dipaxis_s0.1,f8afa78a,4,64108.795152971456,1000
R_dipaxis_s0.1,f8afa78a,5,257895.5506074257,1000
R_dipaxis_s0.1,f8afa78a,6,17666.98264644322,33
R_dipaxis_s0.15,f8afa78a,0,126524.13258069434,999
R_dipaxis_s0.15,f8afa78a,1,444108.97545019124,1000
R_dipaxis_s0.15,f8afa78a,2,177756.81920701047,1000
R_dipaxis_s0.15,f8afa78a,3,99002.50313676425,1000
R_dipaxis_s0.15,f8afa78a,4,57164.7946216001,1000
R_dipaxis_s0.15,f8afa78a,5,229812.25472276093,1000
R_dipaxis_s0.15,f8afa78a,6,15879.771608890265,33
R_dipaxis_s0.2,f8afa78a,0,120492.99559881435,999
R_dipaxis_s0.2,f8afa78a,1,442843.4988613948,1000
R_dipaxis_s0.2,f8afa78a,2,179826.83037291042,1000
R_dipaxis_s0.2,f8afa78a,3,92034.37614518328,1000
R_dipaxis_s0.2,f8afa78a,4,50654.2673183149,1000
R_dipaxis_s0.2,f8afa78a,5,203360.21371249433,1000
R_dipaxis_s0.2,f8afa78a,6,14187.84243081983,33
R_dipaxis_s0.1,4463446c,0,11620.713007298129,999
R_dipaxis_s0.1,4463446c,1,72342.90885513331,1000
R_dipaxis_s0.1,4463446c,2,592623.3852369048,1000
R_dipaxis_s0.1,4463446c,3,104317.75712507778,257
R_dipaxis_s0.15,4463446c,0,8683.506733730694,999
R_dipaxis_s0.15,4463446c,1,52942.24377224333,1000
R_dipaxis_s0.15,4463446c,2,475996.9832701628,1000
R_dipaxis_s0.15,4463446c,3,83024.82113801903,257
R_dipaxis_s0.2,4463446c,0,6206.7958753519615,999
R_dipaxis_s0.2,4463446c,1,36777.11838237896,1000
R_dipaxis_s0.2,4463446c,2,372170.57397994975,1000
R_dipaxis_s0.2,4463446c,3,64160.75988456024,257
R_dipaxis_s0.1,c1d046f4,0,52303.05252197329,999
R_dipaxis_s0.1,c1d046f4,1,53198.213174303106,1000
R_dipaxis_s0.1,c1d046f4,2,12481.269374431835,1000
R_dipaxis_s0.1,c1d046f4,3,113186.88383692774,1000
R_dipaxis_s0.1,c1d046f4,4,34067.95627353879,1000
R_dipaxis_s0.1,c1d046f4,5,13941.922970332591,514
R_dipaxis_s0.15,c1d046f4,0,49138.916874146154,999
R_dipaxis_s0.15,c1d046f4,1,53309.38587028763,1000
R_dipaxis_s0.15,c1d046f4,2,11453.532399501222,1000
R_dipaxis_s0.15,c1d046f4,3,100054.42027715397,1000
R_dipaxis_s0.15,c1d046f4,4,29217.9436571177,1000
R_dipaxis_s0.15,c1d046f4,5,14973.487883270898,514
R_dipaxis_s0.2,c1d046f4,0,46080.904120442916,999
R_dipaxis_s0.2,c1d046f4,1,53615.52717215992,1000
R_dipaxis_s0.2,c1d046f4,2,10684.350483138996,1000
R_dipaxis_s0.2,c1d046f4,3,87761.24433188688,1000
R_dipaxis_s0.2,c1d046f4,4,24804.249038569727,1000
R_dipaxis_s0.2,c1d046f4,5,16047.395181390782,514
R_dipaxis_s0.1,dd168de0,0,3113.4601167161077,999
R_dipaxis_s0.1,dd168de0,1,4649.264051262103,1000
R_dipaxis_s0.1,dd168de0,2,14750.868035741314,1000
R_dipaxis_s0.1,dd168de0,3,34317.288169877516,305
R_dipaxis_s0.15,dd168de0,0,2241.7060173412124,999
R_dipaxis_s0.15,dd168de0,1,7314.483590282576,1000
R_dipaxis_s0.15,dd168de0,2,30550.982274146696,1000
R_dipaxis_s0.15,dd168de0,3,47034.56846540944,305
R_dipaxis_s0.2,dd168de0,0,1864.7068794777256,999
R_dipaxis_s0.2,dd168de0,1,12325.750571563061,1000
R_dipaxis_s0.2,dd168de0,2,52544.78315957452,1000
R_dipaxis_s0.2,dd168de0,3,61835.94343466869,305
R_dipaxis_s0.1,c03fba65,0,61944.50274797322,999
R_dipaxis_s0.1,c03fba65,1,363532.8185441816,1000
R_dipaxis_s0.1,c03fba65,2,464960.1541994716,1000
R_dipaxis_s0.1,c03fba65,3,446092.34843406203,700
R_dipaxis_s0.15,c03fba65,0,52628.0468609412,999
R_dipaxis_s0.15,c03fba65,1,314160.8597256474,1000
R_dipaxis_s0.15,c03fba65,2,375874.5736363452,1000
R_dipaxis_s0.15,c03fba65,3,346132.58329216315,700
R_dipaxis_s0.2,c03fba65,0,44131.40139989203,999
R_dipaxis_s0.2,c03fba65,1,268595.5169133506,1000
R_dipaxis_s0.2,c03fba65,2,296355.47193129687,1000
R_dipaxis_s0.2,c03fba65,3,258906.21164429857,700
R_dipaxis_s0.1,2c0c4a4e,0,30859.49771743713,999
R_dipaxis_s0.1,2c0c4a4e,1,16739.772180526037,1000
R_dipaxis_s0.1,2c0c4a4e,2,3956.2719198090963,1000
R_dipaxis_s0.1,2c0c4a4e,3,64590.24690712212,1000
R_dipaxis_s0.1,2c0c4a4e,4,137542.5877238156,791
R_dipaxis_s0.15,2c0c4a4e,0,27197.54061584821,999
R_dipaxis_s0.15,2c0c4a4e,1,15097.202489303896,1000
R_dipaxis_s0.15,2c0c4a4e,2,4083.790825075985,1000
R_dipaxis_s0.15,2c0c4a4e,3,58278.40010521103,1000
R_dipaxis_s0.15,2c0c4a4e,4,123112.63586801416,791
R_dipaxis_s0.2,2c0c4a4e,0,23778.544407386256,999
R_dipaxis_s0.2,2c0c4a4e,1,13569.029710423894,1000
R_dipaxis_s0.2,2c0c4a4e,2,4218.29192725042,1000
R_dipaxis_s0.2,2c0c4a4e,3,52307.14649964832,1000
R_dipaxis_s0.2,2c0c4a4e,4,109499.4093670692,791
R_dipaxis_s0.1,fb3848a1,0,18975.420196466897,999
R_dipaxis_s0.1,fb3848a1,1,87355.89774110915,1000
R_dipaxis_s0.1,fb3848a1,2,109676.04958127777,1000
R_dipaxis_s0.1,fb3848a1,3,36495.37806770463,1000
R_dipaxis_s0.1,fb3848a1,4,80919.67304891937,1000
R_dipaxis_s0.1,fb3848a1,5,118639.7960513185,920
R_dipaxis_s0.15,fb3848a1,0,16528.830029654844,999
R_dipaxis_s0.15,fb3848a1,1,74193.9646644678,1000
R_dipaxis_s0.15,fb3848a1,2,98349.4189328177,1000
R_dipaxis_s0.15,fb3848a1,3,35699.253906572805,1000
R_dipaxis_s0.15,fb3848a1,4,67713.30598874272,1000
R_dipaxis_s0.15,fb3848a1,5,99712.11390950688,920
R_dipaxis_s0.2,fb3848a1,0,14265.377686144959,999
R_dipaxis_s0.2,fb3848a1,1,62118.77328969442,1000
R_dipaxis_s0.2,fb3848a1,2,87734.2022582885,1000
R_dipaxis_s0.2,fb3848a1,3,34919.025915451115,1000
R_dipaxis_s0.2,fb3848a1,4,55908.98343880634,1000
R_dipaxis_s0.2,fb3848a1,5,82470.04352271263,920
R_dipaxis_s0.1,62a6f539,0,14293.26228033933,999
R_dipaxis_s0.1,62a6f539,1,121931.85928316679,1000
R_dipaxis_s0.1,62a6f539,2,69355.33789524501,1000
R_dipaxis_s0.1,62a6f539,3,3090.7481772075084,694
R_dipaxis_s0.15,62a6f539,0,13327.305279192495,999
R_dipaxis_s0.15,62a6f539,1,115056.70985739544,1000
R_dipaxis_s0.15,62a6f539,2,70349.21167557988,1000
R_dipaxis_s0.15,62a6f539,3,1844.7744543548267,694
R_dipaxis_s0.2,62a6f539,0,12395.567950501496,999
R_dipaxis_s0.2,62a6f539,1,108384.37938672001,1000
R_dipaxis_s0.2,62a6f539,2,71621.07597772412,1000
R_dipaxis_s0.2,62a6f539,3,1277.5535905310346,694
R_dipaxis_s0.1,63559d57,0,17604.519657487548,999
R_dipaxis_s0.1,63559d57,1,9889.874602148586,1000
R_dipaxis_s0.1,63559d57,2,3067.873243427406,1000
R_dipaxis_s0.1,63559d57,3,9070.023328380666,1000
R_dipaxis_s0.1,63559d57,4,4750.554902145714,70
R_dipaxis_s0.15,63559d57,0,17045.640282329918,999
R_dipaxis_s0.15,63559d57,1,7830.8879985446765,1000
R_dipaxis_s0.15,63559d57,2,1063.475012258102,1000
R_dipaxis_s0.15,63559d57,3,11573.24756847681,1000
R_dipaxis_s0.15,63559d57,4,1623.4904100350066,70
R_dipaxis_s0.2,63559d57,0,17450.727504570736,999
R_dipaxis_s0.2,63559d57,1,10992.928991820809,1000
R_dipaxis_s0.2,63559d57,2,7491.511312498842,1000
R_dipaxis_s0.2,63559d57,3,26647.12192584177,1000
R_dipaxis_s0.2,63559d57,4,138.17178913479543,70
R_dipaxis_s0.1,4f3eb9e9,0,16394.660339461632,999
R_dipaxis_s0.1,4f3eb9e9,1,5768.348282809463,1000
R_dipaxis_s0.1,4f3eb9e9,2,681437.3490437727,1000
R_dipaxis_s0.1,4f3eb9e9,3,2253985.502651658,1000
R_dipaxis_s0.1,4f3eb9e9,4,1400942.3848239807,698
R_dipaxis_s0.15,4f3eb9e9,0,15273.438558893251,999
R_dipaxis_s0.15,4f3eb9e9,1,5689.387971044192,1000
R_dipaxis_s0.15,4f3eb9e9,2,636413.464891233,1000
R_dipaxis_s0.15,4f3eb9e9,3,2080624.0836144884,1000
R_dipaxis_s0.15,4f3eb9e9,4,1255047.1772686588,698
R_dipaxis_s0.2,4f3eb9e9,0,14202.188011456177,999
R_dipaxis_s0.2,4f3eb9e9,1,5618.321390499231,1000
R_dipaxis_s0.2,4f3eb9e9,2,592931.4437557553,1000
R_dipaxis_s0.2,4f3eb9e9,3,1914273.4462020157,1000
R_dipaxis_s0.2,4f3eb9e9,4,1117221.6290684813,698
R_dipaxis_s0.1,460f859e,0,99820.09521426001,999
R_dipaxis_s0.1,460f859e,1,561953.1057875043,1000
R_dipaxis_s0.1,460f859e,2,269577.7422397669,1000
R_dipaxis_s0.1,460f859e,3,126783.19953573581,337
R_dipaxis_s0.15,460f859e,0,104328.33199690585,999
R_dipaxis_s0.15,460f859e,1,590426.6936605995,1000
R_dipaxis_s0.15,460f859e,2,186596.26242788922,1000
R_dipaxis_s0.15,460f859e,3,82981.72291235843,337
R_dipaxis_s0.2,460f859e,0,108942.05996322603,999
R_dipaxis_s0.2,460f859e,1,620225.3121532449,1000
R_dipaxis_s0.2,460f859e,2,123027.26366151264,1000
R_dipaxis_s0.2,460f859e,3,48428.806494823635,337
R_dipaxis_s0.1,28f4eda9,0,63107.6514346531,999
R_dipaxis_s0.1,28f4eda9,1,11061.462610450566,1000
R_dipaxis_s0.1,28f4eda9,2,3807.8131191977877,1000
R_dipaxis_s0.1,28f4eda9,3,73695.3239235797,1000
R_dipaxis_s0.1,28f4eda9,4,175383.94771034157,1000
R_dipaxis_s0.1,28f4eda9,5,23114.390007345126,267
R_dipaxis_s0.15,28f4eda9,0,51312.63732648443,999
R_dipaxis_s0.15,28f4eda9,1,9242.67577214714,1000
R_dipaxis_s0.15,28f4eda9,2,11370.575334105553,1000
R_dipaxis_s0.15,28f4eda9,3,39841.982036422756,1000
R_dipaxis_s0.15,28f4eda9,4,96742.76924380564,1000
R_dipaxis_s0.15,28f4eda9,5,7987.483245066641,267
R_dipaxis_s0.2,28f4eda9,0,40780.26313465703,999
R_dipaxis_s0.2,28f4eda9,1,10025.00443815976,1000
R_dipaxis_s0.2,28f4eda9,2,23501.50335255299,1000
R_dipaxis_s0.2,28f4eda9,3,19739.59311664079,1000
R_dipaxis_s0.2,28f4eda9,4,41695.58132947832,1000
R_dipaxis_s0.2,28f4eda9,5,757.0185388238763,267
R_dipaxis_s0.1,739a914f,0,10716.202258069497,999
R_dipaxis_s0.1,739a914f,1,4066.8208604182732,1000
R_dipaxis_s0.1,739a914f,2,123075.88348742636,1000
R_dipaxis_s0.1,739a914f,3,512129.2892270923,1000
R_dipaxis_s0.1,739a914f,4,388665.5219142466,1000
R_dipaxis_s0.1,739a914f,5,152127.23076954353,506
R_dipaxis_s0.15,739a914f,0,8444.868822180651,999
R_dipaxis_s0.15,739a914f,1,1789.5982924539699,1000
R_dipaxis_s0.15,739a914f,2,126910.2882007669,1000
R_dipaxis_s0.15,739a914f,3,532418.3776356789,1000
R_dipaxis_s0.15,739a914f,4,440230.4961969207,1000
R_dipaxis_s0.15,739a914f,5,186081.41524782215,506
R_dipaxis_s0.2,739a914f,0,6468.437776341946,999
R_dipaxis_s0.2,739a914f,1,491.7974590396444,1000
R_dipaxis_s0.2,739a914f,2,131417.4457938595,1000
R_dipaxis_s0.2,739a914f,3,553136.1713409668,1000
R_dipaxis_s0.2,739a914f,4,495550.5145633007,1000
R_dipaxis_s0.2,739a914f,5,223455.1053217735,506
R_dipaxis_s0.1,995ff498,0,26510.481953036964,999
R_dipaxis_s0.1,995ff498,1,16595.81770764091,1000
R_dipaxis_s0.1,995ff498,2,31059.564279779064,1000
R_dipaxis_s0.1,995ff498,3,87721.69811441434,1000
R_dipaxis_s0.1,995ff498,4,140544.76076454032,527
R_dipaxis_s0.15,995ff498,0,24439.176871743704,999
R_dipaxis_s0.15,995ff498,1,16290.754092191175,1000
R_dipaxis_s0.15,995ff498,2,29783.57788707525,1000
R_dipaxis_s0.15,995ff498,3,83915.01971964265,1000
R_dipaxis_s0.15,995ff498,4,142184.79423003847,527
R_dipaxis_s0.2,995ff498,0,22460.881451907862,999
R_dipaxis_s0.2,995ff498,1,16013.786130561219,1000
R_dipaxis_s0.2,995ff498,2,28587.29490597467,1000
R_dipaxis_s0.2,995ff498,3,80221.78209022149,1000
R_dipaxis_s0.2,995ff498,4,143850.07208435863,527
R_dipaxis_s0.1,698930d1,0,747.5576433700757,999
R_dipaxis_s0.1,698930d1,1,1799.6831191868273,1000
R_dipaxis_s0.1,698930d1,2,5693.890192450663,1000
R_dipaxis_s0.1,698930d1,3,54981.96691602429,1000
R_dipaxis_s0.1,698930d1,4,407026.96252302144,742
R_dipaxis_s0.15,698930d1,0,712.8587864563865,999
R_dipaxis_s0.15,698930d1,1,1455.8864394972627,1000
R_dipaxis_s0.15,698930d1,2,7435.239510519222,1000
R_dipaxis_s0.15,698930d1,3,56721.79745442475,1000
R_dipaxis_s0.15,698930d1,4,385090.9939845079,742
R_dipaxis_s0.2,698930d1,0,753.199077143484,999
R_dipaxis_s0.2,698930d1,1,1374.1445002847147,1000
R_dipaxis_s0.2,698930d1,2,9425.713309817653,1000
R_dipaxis_s0.2,698930d1,3,58527.93374642234,1000
R_dipaxis_s0.2,698930d1,4,363770.07757932437,742
R_dipaxis_s0.1,f16e25e3,0,1706.583060603216,999
R_dipaxis_s0.1,f16e25e3,1,13441.64889760137,1000
R_dipaxis_s0.1,f16e25e3,2,9884.89745623921,1000
R_dipaxis_s0.1,f16e25e3,3,10374.13066708285,1000
R_dipaxis_s0.1,f16e25e3,4,1849.1845680782956,652
R_dipaxis_s0.15,f16e25e3,0,1355.9290179795394,999
R_dipaxis_s0.15,f16e25e3,1,10184.173576692281,1000
R_dipaxis_s0.15,f16e25e3,2,11892.917739126036,1000
R_dipaxis_s0.15,f16e25e3,3,12075.7400341027,1000
R_dipaxis_s0.15,f16e25e3,4,3770.0842424962343,652
R_dipaxis_s0.2,f16e25e3,0,1094.3772600726752,999
R_dipaxis_s0.2,f16e25e3,1,7476.482742645308,1000
R_dipaxis_s0.2,f16e25e3,2,14357.024658524151,1000
R_dipaxis_s0.2,f16e25e3,3,14446.895056774281,1000
R_dipaxis_s0.2,f16e25e3,4,6483.223577166893,652
R_dipaxis_s0.1,37d36812,0,41185.245131364434,999
R_dipaxis_s0.1,37d36812,1,410220.9727841308,1000
R_dipaxis_s0.1,37d36812,2,605454.2940101711,1000
R_dipaxis_s0.1,37d36812,3,314015.3907644791,1000
R_dipaxis_s0.1,37d36812,4,139478.67200943513,368
R_dipaxis_s0.15,37d36812,0,33129.620605237615,999
R_dipaxis_s0.15,37d36812,1,352570.24906554836,1000
R_dipaxis_s0.15,37d36812,2,510922.4480475292,1000
R_dipaxis_s0.15,37d36812,3,253656.29187752938,1000
R_dipaxis_s0.15,37d36812,4,108029.88442452633,368
R_dipaxis_s0.2,37d36812,0,25960.3706179066,999
R_dipaxis_s0.2,37d36812,1,299308.89233987755,1000
R_dipaxis_s0.2,37d36812,2,424439.83840641455,1000
R_dipaxis_s0.2,37d36812,3,199817.31744446376,1000
R_dipaxis_s0.2,37d36812,4,80623.41794653665,368
R_dipaxis_s0.1,a5aa7973,0,65995.79884116343,999
R_dipaxis_s0.1,a5aa7973,1,21704.862565223204,1000
R_dipaxis_s0.1,a5aa7973,2,106789.13074241467,1000
R_dipaxis_s0.1,a5aa7973,3,289935.1405800501,1000
R_dipaxis_s0.1,a5aa7973,4,182030.98644943195,617
R_dipaxis_s0.15,a5aa7973,0,67635.39125937968,999
R_dipaxis_s0.15,a5aa7973,1,21447.16027370631,1000
R_dipaxis_s0.15,a5aa7973,2,88321.1746705185,1000
R_dipaxis_s0.15,a5aa7973,3,236010.46172165076,1000
R_dipaxis_s0.15,a5aa7973,4,143216.51217288792,617
R_dipaxis_s0.2,a5aa7973,0,69304.98780934823,999
R_dipaxis_s0.2,a5aa7973,1,22013.670699438408,1000
R_dipaxis_s0.2,a5aa7973,2,71725.59330322694,1000
R_dipaxis_s0.2,a5aa7973,3,187828.64619764456,1000
R_dipaxis_s0.2,a5aa7973,4,109065.43102884282,617
R_dipaxis_s0.1,8612b37f,0,60909.62427813266,999
R_dipaxis_s0.1,8612b37f,1,18843.47697303192,1000
R_dipaxis_s0.1,8612b37f,2,54649.93756925415,1000
R_dipaxis_s0.1,8612b37f,3,1129376.8328397984,1000
R_dipaxis_s0.1,8612b37f,4,776054.5282071994,1000
R_dipaxis_s0.1,8612b37f,5,14149.880531764671,166
R_dipaxis_s0.15,8612b37f,0,57083.01353468987,999
R_dipaxis_s0.15,8612b37f,1,17633.438159339086,1000
R_dipaxis_s0.15,8612b37f,2,57573.098366119,1000
R_dipaxis_s0.15,8612b37f,3,1117211.2567664864,1000
R_dipaxis_s0.15,8612b37f,4,824059.9283262375,1000
R_dipaxis_s0.15,8612b37f,5,21357.497610505285,166
R_dipaxis_s0.2,8612b37f,0,53385.3785029086,999
R_dipaxis_s0.2,8612b37f,1,16594.310445507992,1000
R_dipaxis_s0.2,8612b37f,2,60769.652137808844,1000
R_dipaxis_s0.2,8612b37f,3,1105143.2495643653,1000
R_dipaxis_s0.2,8612b37f,4,875056.1854555618,1000
R_dipaxis_s0.2,8612b37f,5,30079.25783115252,166
R_dipaxis_s0.1,94467f50,0,5444.296498087705,999
R_dipaxis_s0.1,94467f50,1,29059.355980695662,1000
R_dipaxis_s0.1,94467f50,2,88508.17360353036,1000
R_dipaxis_s0.1,94467f50,3,26782.84011179881,36
R_dipaxis_s0.15,94467f50,0,5035.088975299083,999
R_dipaxis_s0.15,94467f50,1,27200.77636493556,1000
R_dipaxis_s0.15,94467f50,2,79209.32032887836,1000
R_dipaxis_s0.15,94467f50,3,23113.250662911116,36
R_dipaxis_s0.2,94467f50,0,4742.406004622437,999
R_dipaxis_s0.2,94467f50,1,25468.993578437072,1000
R_dipaxis_s0.2,94467f50,2,70783.90613661591,1000
R_dipaxis_s0.2,94467f50,3,19713.909077499182,36
R_dipaxis_s0.1,14fee784,0,3082.830901083561,999
R_dipaxis_s0.1,14fee784,1,473209.53779457405,1000
R_dipaxis_s0.1,14fee784,2,879692.4294778977,1000
R_dipaxis_s0.1,14fee784,3,452116.5706486984,1000
R_dipaxis_s0.1,14fee784,4,167563.2741845574,911
R_dipaxis_s0.15,14fee784,0,3223.5700089557654,999
R_dipaxis_s0.15,14fee784,1,442758.76945065625,1000
R_dipaxis_s0.15,14fee784,2,813144.6711538679,1000
R_dipaxis_s0.15,14fee784,3,411146.75590503385,1000
R_dipaxis_s0.15,14fee784,4,175787.1573585902,911
R_dipaxis_s0.2,14fee784,0,3393.599388381752,999
R_dipaxis_s0.2,14fee784,1,413333.79841260915,1000
R_dipaxis_s0.2,14fee784,2,749221.6450878681,1000
R_dipaxis_s0.2,14fee784,3,372169.7648160361,1000
R_dipaxis_s0.2,14fee784,4,184297.63505378788,911
R_dipaxis_s0.1,eabc711b,0,1995.036483645412,999
R_dipaxis_s0.1,eabc711b,1,16107.875193371294,1000
R_dipaxis_s0.1,eabc711b,2,45706.85410187428,1000
R_dipaxis_s0.1,eabc711b,3,513687.99631459033,1000
R_dipaxis_s0.1,eabc711b,4,366258.0663574722,1000
R_dipaxis_s0.1,eabc711b,5,3127.272777534047,349
R_dipaxis_s0.15,eabc711b,0,1875.5433936157565,999
R_dipaxis_s0.15,eabc711b,1,10821.245845877951,1000
R_dipaxis_s0.15,eabc711b,2,47295.93665425567,1000
R_dipaxis_s0.15,eabc711b,3,580096.6038797039,1000
R_dipaxis_s0.15,eabc711b,4,454808.26321515726,1000
R_dipaxis_s0.15,eabc711b,5,5667.364366030137,349
R_dipaxis_s0.2,eabc711b,0,1806.5211156843384,999
R_dipaxis_s0.2,eabc711b,1,6696.48496893017,1000
R_dipaxis_s0.2,eabc711b,2,52392.43424093198,1000
R_dipaxis_s0.2,eabc711b,3,650576.4708500326,1000
R_dipaxis_s0.2,eabc711b,4,555487.2674254776,1000
R_dipaxis_s0.2,eabc711b,5,18080.26098767836,349
R_dipaxis_s0.1,bd2c2f34,0,2716.8818924384736,999
R_dipaxis_s0.1,bd2c2f34,1,9238.628237806926,1000
R_dipaxis_s0.1,bd2c2f34,2,33107.00956197595,1000
R_dipaxis_s0.1,bd2c2f34,3,53380.39361983905,1000
R_dipaxis_s0.1,bd2c2f34,4,4209.9556766078385,1000
R_dipaxis_s0.1,bd2c2f34,5,16857.97703505298,1000
R_dipaxis_s0.1,bd2c2f34,6,37596.89696399342,1000
R_dipaxis_s0.1,bd2c2f34,7,50981.17893960197,1000
R_dipaxis_s0.1,bd2c2f34,8,61616.65602511623,1000
R_dipaxis_s0.1,bd2c2f34,9,167484.89673435126,824
R_dipaxis_s0.15,bd2c2f34,0,3583.6456757339793,999
R_dipaxis_s0.15,bd2c2f34,1,15634.00575376528,1000
R_dipaxis_s0.15,bd2c2f34,2,45907.33783556394,1000
R_dipaxis_s0.15,bd2c2f34,3,71716.1906381096,1000
R_dipaxis_s0.15,bd2c2f34,4,5442.824435442287,1000
R_dipaxis_s0.15,bd2c2f34,5,5869.035251513925,1000
R_dipaxis_s0.15,bd2c2f34,6,17707.569450046056,1000
R_dipaxis_s0.15,bd2c2f34,7,101453.29806605124,1000
R_dipaxis_s0.15,bd2c2f34,8,131029.32044600316,1000
R_dipaxis_s0.15,bd2c2f34,9,267086.2771829586,824
R_dipaxis_s0.2,bd2c2f34,0,4874.962017079819,999
R_dipaxis_s0.2,bd2c2f34,1,23986.48096775995,1000
R_dipaxis_s0.2,bd2c2f34,2,61206.914670883365,1000
R_dipaxis_s0.2,bd2c2f34,3,92889.91106194549,1000
R_dipaxis_s0.2,bd2c2f34,4,14672.241374633642,1000
R_dipaxis_s0.2,bd2c2f34,5,5799.623933936189,1000
R_dipaxis_s0.2,bd2c2f34,6,14274.83183880896,1000
R_dipaxis_s0.2,bd2c2f34,7,170331.02386359702,1000
R_dipaxis_s0.2,bd2c2f34,8,226757.78293911208,1000
R_dipaxis_s0.2,bd2c2f34,9,390330.5025858523,824
R_dipaxis_s0.1,d9d6d94d,0,38941.764614218606,999
R_dipaxis_s0.1,d9d6d94d,1,39937.718050191754,1000
R_dipaxis_s0.1,d9d6d94d,2,152598.04287094923,1000
R_dipaxis_s0.1,d9d6d94d,3,37615.01152786444,1000
R_dipaxis_s0.1,d9d6d94d,4,162384.320838244,920
R_dipaxis_s0.15,d9d6d94d,0,36805.58249484783,999
R_dipaxis_s0.15,d9d6d94d,1,36493.863919314426,1000
R_dipaxis_s0.15,d9d6d94d,2,151075.88196597615,1000
R_dipaxis_s0.15,d9d6d94d,3,37099.47822464734,1000
R_dipaxis_s0.15,d9d6d94d,4,170489.41183281364,920
R_dipaxis_s0.2,d9d6d94d,0,34878.18725782391,999
R_dipaxis_s0.2,d9d6d94d,1,33242.397217788035,1000
R_dipaxis_s0.2,d9d6d94d,2,149602.03606737277,1000
R_dipaxis_s0.2,d9d6d94d,3,36717.86134333166,1000
R_dipaxis_s0.2,d9d6d94d,4,178951.75587768445,920
R_dipaxis_s0.1,dd64382d,0,4296.23652597963,999
R_dipaxis_s0.1,dd64382d,1,8215.649294137142,1000
R_dipaxis_s0.1,dd64382d,2,44910.0726234082,1000
R_dipaxis_s0.1,dd64382d,3,28647.301888693823,125
R_dipaxis_s0.15,dd64382d,0,5015.734931271659,999
R_dipaxis_s0.15,dd64382d,1,11275.73116826785,1000
R_dipaxis_s0.15,dd64382d,2,55812.143744706154,1000
R_dipaxis_s0.15,dd64382d,3,31999.048093536763,125
R_dipaxis_s0.2,dd64382d,0,5817.55459809891,999
R_dipaxis_s0.2,dd64382d,1,14831.646193774332,1000
R_dipaxis_s0.2,dd64382d,2,68199.32177240223,1000
R_dipaxis_s0.2,dd64382d,3,35536.620838709474,125
R_dipaxis_s0.1,c42fe306,0,7745.503679478149,999
R_dipaxis_s0.1,c42fe306,1,8147.134773702456,1000
R_dipaxis_s0.1,c42fe306,2,7155.33358847133,1000
R_dipaxis_s0.1,c42fe306,3,86292.92418206135,1000
R_dipaxis_s0.1,c42fe306,4,371323.188920432,1000
R_dipaxis_s0.1,c42fe306,5,52069.30219993826,96
R_dipaxis_s0.15,c42fe306,0,6978.040710088687,999
R_dipaxis_s0.15,c42fe306,1,8405.126406764659,1000
R_dipaxis_s0.15,c42fe306,2,8857.133457788417,1000
R_dipaxis_s0.15,c42fe306,3,69364.44505065493,1000
R_dipaxis_s0.15,c42fe306,4,340760.1139794214,1000
R_dipaxis_s0.15,c42fe306,5,47708.53934654376,96
R_dipaxis_s0.2,c42fe306,0,6408.514867947589,999
R_dipaxis_s0.2,c42fe306,1,8796.542237301015,1000
R_dipaxis_s0.2,c42fe306,2,11164.821877159968,1000
R_dipaxis_s0.2,c42fe306,3,54693.027670957,1000
R_dipaxis_s0.2,c42fe306,4,311527.66313759185,1000
R_dipaxis_s0.2,c42fe306,5,43538.4577575724,96
R_dipaxis_s0.1,7ff89f8f,0,13995.954536145742,999
R_dipaxis_s0.1,7ff89f8f,1,4797.482827341494,1000
R_dipaxis_s0.1,7ff89f8f,2,47255.93401714379,1000
R_dipaxis_s0.1,7ff89f8f,3,195349.7438231142,1000
R_dipaxis_s0.1,7ff89f8f,4,371779.6775992704,1000
R_dipaxis_s0.1,7ff89f8f,5,241035.29232994726,1000
R_dipaxis_s0.1,7ff89f8f,6,112764.89116009655,1000
R_dipaxis_s0.1,7ff89f8f,7,123110.49450922736,338
R_dipaxis_s0.15,7ff89f8f,0,14713.759044625707,999
R_dipaxis_s0.15,7ff89f8f,1,5368.510630775739,1000
R_dipaxis_s0.15,7ff89f8f,2,37270.45890665972,1000
R_dipaxis_s0.15,7ff89f8f,3,163060.93928762325,1000
R_dipaxis_s0.15,7ff89f8f,4,304640.3126491541,1000
R_dipaxis_s0.15,7ff89f8f,5,175787.15104822197,1000
R_dipaxis_s0.15,7ff89f8f,6,127848.5421892896,1000
R_dipaxis_s0.15,7ff89f8f,7,163654.39515704734,338
R_dipaxis_s0.2,7ff89f8f,0,15453.822446709783,999
R_dipaxis_s0.2,7ff89f8f,1,6053.810194051759,1000
R_dipaxis_s0.2,7ff89f8f,2,28637.725116809415,1000
R_dipaxis_s0.2,7ff89f8f,3,133690.44835410765,1000
R_dipaxis_s0.2,7ff89f8f,4,244216.23043254888,1000
R_dipaxis_s0.2,7ff89f8f,5,121590.51330203949,1000
R_dipaxis_s0.2,7ff89f8f,6,156522.1969179138,1000
R_dipaxis_s0.2,7ff89f8f,7,209969.24213367,338
R_dipaxis_s0.1,8478df29,0,146262.09681439976,999
R_dipaxis_s0.1,8478df29,1,160272.24318667737,1000
R_dipaxis_s0.1,8478df29,2,144228.81841110997,1000
R_dipaxis_s0.1,8478df29,3,57578.62603243246,1000
R_dipaxis_s0.1,8478df29,4,37044.51220578745,858
R_dipaxis_s0.15,8478df29,0,128926.36929204523,999
R_dipaxis_s0.15,8478df29,1,129567.82559087961,1000
R_dipaxis_s0.15,8478df29,2,107124.70794310645,1000
R_dipaxis_s0.15,8478df29,3,25482.497795850093,1000
R_dipaxis_s0.15,8478df29,4,13866.292003896031,858
R_dipaxis_s0.2,8478df29,0,112744.33288331471,999
R_dipaxis_s0.2,8478df29,1,102163.30596898154,1000
R_dipaxis_s0.2,8478df29,2,76297.50325938666,1000
R_dipaxis_s0.2,8478df29,3,7196.097157393263,1000
R_dipaxis_s0.2,8478df29,4,10017.376832142076,858
R_dipaxis_s0.1,5eae34a8,0,10886.142480725097,999
R_dipaxis_s0.1,5eae34a8,1,28311.352741885825,1000
R_dipaxis_s0.1,5eae34a8,2,138364.40546092117,1000
R_dipaxis_s0.1,5eae34a8,3,28697.40495355046,1000
R_dipaxis_s0.1,5eae34a8,4,23620.886137648406,905
R_dipaxis_s0.15,5eae34a8,0,10273.77628811699,999
R_dipaxis_s0.15,5eae34a8,1,29184.969692049333,1000
R_dipaxis_s0.15,5eae34a8,2,145340.67431192478,1000
R_dipaxis_s0.15,5eae34a8,3,20997.33701197514,1000
R_dipaxis_s0.15,5eae34a8,4,13807.69278537421,905
R_dipaxis_s0.2,5eae34a8,0,9684.796173526773,999
R_dipaxis_s0.2,5eae34a8,1,30122.956661692,1000
R_dipaxis_s0.2,5eae34a8,2,152555.1069432872,1000
R_dipaxis_s0.2,5eae34a8,3,16290.769158167705,1000
R_dipaxis_s0.2,5eae34a8,4,6651.357385703356,905
R_dipaxis_s0.1,5a1a8fd8,0,47584.141884849,999
R_dipaxis_s0.1,5a1a8fd8,1,408281.2135762947,1000
R_dipaxis_s0.1,5a1a8fd8,2,81287.52773768795,1000
R_dipaxis_s0.1,5a1a8fd8,3,22903.563938759573,1000
R_dipaxis_s0.1,5a1a8fd8,4,28846.006127583452,1000
R_dipaxis_s0.1,5a1a8fd8,5,2538.181559981942,261
R_dipaxis_s0.15,5a1a8fd8,0,42738.039429505196,999
R_dipaxis_s0.15,5a1a8fd8,1,356212.3589453294,1000
R_dipaxis_s0.15,5a1a8fd8,2,60059.15319169167,1000
R_dipaxis_s0.15,5a1a8fd8,3,11899.543848415622,1000
R_dipaxis_s0.15,5a1a8fd8,4,9022.182129679282,1000
R_dipaxis_s0.15,5a1a8fd8,5,23.647338154058044,261
R_dipaxis_s0.2,5a1a8fd8,0,38161.62007564891,999
R_dipaxis_s0.2,5a1a8fd8,1,307738.3345682883,1000
R_dipaxis_s0.2,5a1a8fd8,2,42238.490502466935,1000
R_dipaxis_s0.2,5a1a8fd8,3,7311.5132849221245,1000
R_dipaxis_s0.2,5a1a8fd8,4,3539.406357310766,1000
R_dipaxis_s0.2,5a1a8fd8,5,1905.0595817800152,261
R_dipaxis_s0.1,940e709a,0,6028.49163213847,999
R_dipaxis_s0.1,940e709a,1,35840.309984419655,1000
R_dipaxis_s0.1,940e709a,2,96025.08870278664,1000
R_dipaxis_s0.1,940e709a,3,1697.2206131901903,349
R_dipaxis_s0.15,940e709a,0,7754.618655930735,999
R_dipaxis_s0.15,940e709a,1,46898.30829582355,1000
R_dipaxis_s0.15,940e709a,2,131050.05202616297,1000
R_dipaxis_s0.15,940e709a,3,7439.070392867493,349
R_dipaxis_s0.2,940e709a,0,9976.975284871434,999
R_dipaxis_s0.2,940e709a,1,60396.59205335707,1000
R_dipaxis_s0.2,940e709a,2,172033.0048975281,1000
R_dipaxis_s0.2,940e709a,3,17607.6866879331,349
R_dipaxis_s0.1,7bb17b96,0,21782.41408855297,999
R_dipaxis_s0.1,7bb17b96,1,69893.98104318365,1000
R_dipaxis_s0.1,7bb17b96,2,382476.79167821904,1000
R_dipaxis_s0.1,7bb17b96,3,307250.61244101665,923
R_dipaxis_s0.15,7bb17b96,0,17775.224017802142,999
R_dipaxis_s0.15,7bb17b96,1,55573.338959064065,1000
R_dipaxis_s0.15,7bb17b96,2,315299.30352623004,1000
R_dipaxis_s0.15,7bb17b96,3,241347.53095099758,923
R_dipaxis_s0.2,7bb17b96,0,14183.225803697587,999
R_dipaxis_s0.2,7bb17b96,1,42901.328771133194,1000
R_dipaxis_s0.2,7bb17b96,2,254621.07338016617,1000
R_dipaxis_s0.2,7bb17b96,3,183696.0377206191,923
R_dipaxis_s0.1,e149204f,0,28415.758991510964,999
R_dipaxis_s0.1,e149204f,1,13860.311312353782,1000
R_dipaxis_s0.1,e149204f,2,15474.291823150408,1000
R_dipaxis_s0.1,e149204f,3,10940.339452457876,1000
R_dipaxis_s0.1,e149204f,4,34759.34785425731,1000
R_dipaxis_s0.1,e149204f,5,10698.308990084579,1000
R_dipaxis_s0.1,e149204f,6,310.3027840391076,98
R_dipaxis_s0.15,e149204f,0,28467.877237085468,999
R_dipaxis_s0.15,e149204f,1,14893.009135568524,1000
R_dipaxis_s0.15,e149204f,2,12931.688588965375,1000
R_dipaxis_s0.15,e149204f,3,10035.540738979898,1000
R_dipaxis_s0.15,e149204f,4,36897.056123337876,1000
R_dipaxis_s0.15,e149204f,5,8801.814408441565,1000
R_dipaxis_s0.15,e149204f,6,765.6017779226489,98
R_dipaxis_s0.2,e149204f,0,28541.119882538584,999
R_dipaxis_s0.2,e149204f,1,16002.82317014088,1000
R_dipaxis_s0.2,e149204f,2,10806.24279094168,1000
R_dipaxis_s0.2,e149204f,3,9251.322265697638,1000
R_dipaxis_s0.2,e149204f,4,39486.41538705466,1000
R_dipaxis_s0.2,e149204f,5,8354.372209007151,1000
R_dipaxis_s0.2,e149204f,6,1423.8782397155896,98
R_dipaxis_s0.1,22c5f93f,0,1370.9027626652844,999
R_dipaxis_s0.1,22c5f93f,1,216928.70463903944,1000
R_dipaxis_s0.1,22c5f93f,2,5771.233063961069,1000
R_dipaxis_s0.1,22c5f93f,3,3338.296789975261,1000
R_dipaxis_s0.1,22c5f93f,4,55931.53979831931,1000
R_dipaxis_s0.1,22c5f93f,5,23940.44993842126,173
R_dipaxis_s0.15,22c5f93f,0,680.4310436355498,999
R_dipaxis_s0.15,22c5f93f,1,227072.09455380708,1000
R_dipaxis_s0.15,22c5f93f,2,2741.0896543141776,1000
R_dipaxis_s0.15,22c5f93f,3,7010.221753474151,1000
R_dipaxis_s0.15,22c5f93f,4,81471.65458432463,1000
R_dipaxis_s0.15,22c5f93f,5,31305.5179493125,173
R_dipaxis_s0.2,22c5f93f,0,535.2159576971669,999
R_dipaxis_s0.2,22c5f93f,1,237707.60383207866,1000
R_dipaxis_s0.2,22c5f93f,2,3175.9313502474115,1000
R_dipaxis_s0.2,22c5f93f,3,13283.647262647077,1000
R_dipaxis_s0.2,22c5f93f,4,111845.85192822746,1000
R_dipaxis_s0.2,22c5f93f,5,39664.52058799099,173
R_dipaxis_s0.1,2e43c2ea,0,31339.21296018736,999
R_dipaxis_s0.1,2e43c2ea,1,21692.802987718198,1000
R_dipaxis_s0.1,2e43c2ea,2,88837.92218598152,1000
R_dipaxis_s0.1,2e43c2ea,3,51607.59422526049,1000
R_dipaxis_s0.1,2e43c2ea,4,32159.001972533435,1000
R_dipaxis_s0.1,2e43c2ea,5,37871.84207720149,699
R_dipaxis_s0.15,2e43c2ea,0,28399.05808791371,999
R_dipaxis_s0.15,2e43c2ea,1,21218.388546171736,1000
R_dipaxis_s0.15,2e43c2ea,2,80170.95291427302,1000
R_dipaxis_s0.15,2e43c2ea,3,45632.2594322216,1000
R_dipaxis_s0.15,2e43c2ea,4,28610.94665227171,1000
R_dipaxis_s0.15,2e43c2ea,5,33732.638678029536,699
R_dipaxis_s0.2,2e43c2ea,0,25606.974847397483,999
R_dipaxis_s0.2,2e43c2ea,1,20753.540614352907,1000
R_dipaxis_s0.2,2e43c2ea,2,71992.23019942857,1000
R_dipaxis_s0.2,2e43c2ea,3,40037.280568735296,1000
R_dipaxis_s0.2,2e43c2ea,4,25275.415127656008,1000
R_dipaxis_s0.2,2e43c2ea,5,29834.523453673602,699
R_dipaxis_s0.1,44a94013,0,379452.76940722,999
R_dipaxis_s0.1,44a94013,1,380349.8802647655,1000
R_dipaxis_s0.1,44a94013,2,316021.10074485384,1000
R_dipaxis_s0.1,44a94013,3,88934.71465558614,1000
R_dipaxis_s0.1,44a94013,4,1020497.649307465,904
R_dipaxis_s0.15,44a94013,0,348137.00467047945,999
R_dipaxis_s0.15,44a94013,1,344952.0034312545,1000
R_dipaxis_s0.15,44a94013,2,287036.1677333105,1000
R_dipaxis_s0.15,44a94013,3,77330.48868221532,1000
R_dipaxis_s0.15,44a94013,4,911408.2311552081,904
R_dipaxis_s0.2,44a94013,0,318173.73600684863,999
R_dipaxis_s0.2,44a94013,1,311463.52048715577,1000
R_dipaxis_s0.2,44a94013,2,259512.0559991318,1000
R_dipaxis_s0.2,44a94013,3,66564.97950807368,1000
R_dipaxis_s0.2,44a94013,4,808495.029865645,904
R_dipaxis_s0.1,2b547943,0,1467.0165090495111,999
R_dipaxis_s0.1,2b547943,1,216468.81670417608,1000
R_dipaxis_s0.1,2b547943,2,278213.5637932504,1000
R_dipaxis_s0.1,2b547943,3,115811.79165117895,481
R_dipaxis_s0.15,2b547943,0,1445.4683158395956,999
R_dipaxis_s0.15,2b547943,1,226342.19747380266,1000
R_dipaxis_s0.15,2b547943,2,301075.81357986195,1000
R_dipaxis_s0.15,2b547943,3,132276.2825132828,481
R_dipaxis_s0.2,2b547943,0,1624.4277908071124,999
R_dipaxis_s0.2,2b547943,1,236473.54458844705,1000
R_dipaxis_s0.2,2b547943,2,324947.3846264603,1000
R_dipaxis_s0.2,2b547943,3,149901.42733305864,481
R_dipaxis_s0.1,d07aed8f,0,15043.966392544815,999
R_dipaxis_s0.1,d07aed8f,1,106477.06250403229,1000
R_dipaxis_s0.1,d07aed8f,2,79158.70141055014,958
R_dipaxis_s0.15,d07aed8f,0,18108.01780178914,999
R_dipaxis_s0.15,d07aed8f,1,132009.40140894943,1000
R_dipaxis_s0.15,d07aed8f,2,136371.5926387513,958
R_dipaxis_s0.2,d07aed8f,0,21534.184253013405,999
R_dipaxis_s0.2,d07aed8f,1,160635.6519491302,1000
R_dipaxis_s0.2,d07aed8f,2,209209.11868223714,958
R_dipaxis_s0.1,6ede926a,0,14216.63991219782,999
R_dipaxis_s0.1,6ede926a,1,45550.36523769068,1000
R_dipaxis_s0.1,6ede926a,2,20752.315467399123,1000
R_dipaxis_s0.1,6ede926a,3,43481.516686913725,1000
R_dipaxis_s0.1,6ede926a,4,74407.44204511378,939
R_dipaxis_s0.15,6ede926a,0,12947.858579164385,999
R_dipaxis_s0.15,6ede926a,1,40029.34437576148,1000
R_dipaxis_s0.15,6ede926a,2,18015.15205409333,1000
R_dipaxis_s0.15,6ede926a,3,33760.87817215393,1000
R_dipaxis_s0.15,6ede926a,4,56042.67642179149,939
R_dipaxis_s0.2,6ede926a,0,11799.18222004086,999
R_dipaxis_s0.2,6ede926a,1,34890.62209332128,1000
R_dipaxis_s0.2,6ede926a,2,15968.421309451529,1000
R_dipaxis_s0.2,6ede926a,3,26289.8633185867,1000
R_dipaxis_s0.2,6ede926a,4,40280.646934557546,939
R_dipaxis_s0.1,529e88ca,0,9665.51898886517,999
R_dipaxis_s0.1,529e88ca,1,433414.33110170503,1000
R_dipaxis_s0.1,529e88ca,2,764627.3889378924,1000
R_dipaxis_s0.1,529e88ca,3,300370.7272713801,418
R_dipaxis_s0.15,529e88ca,0,4077.6032447371863,999
R_dipaxis_s0.15,529e88ca,1,504546.19274735905,1000
R_dipaxis_s0.15,529e88ca,2,1016449.9093817376,1000
R_dipaxis_s0.15,529e88ca,3,468520.22379330517,418
R_dipaxis_s0.2,529e88ca,0,1306.0302748987363,999
R_dipaxis_s0.2,529e88ca,1,583646.3952562227,1000
R_dipaxis_s0.2,529e88ca,2,1306375.1864755254,1000
R_dipaxis_s0.2,529e88ca,3,674198.7045393891,418
R_dipaxis_s0.1,09441b8d,0,10518.382997895373,999
R_dipaxis_s0.1,09441b8d,1,203810.00547324048,1000
R_dipaxis_s0.1,09441b8d,2,671708.6373829173,1000
R_dipaxis_s0.1,09441b8d,3,307020.6459202937,1000
R_dipaxis_s0.1,09441b8d,4,27684.404986819303,1000
R_dipaxis_s0.1,09441b8d,5,11188.493036065096,489
R_dipaxis_s0.15,09441b8d,0,9047.301129712185,999
R_dipaxis_s0.15,09441b8d,1,186247.9221534179,1000
R_dipaxis_s0.15,09441b8d,2,631794.0078204924,1000
R_dipaxis_s0.15,09441b8d,3,292122.04378808604,1000
R_dipaxis_s0.15,09441b8d,4,26157.558353244305,1000
R_dipaxis_s0.15,09441b8d,5,9482.880958332302,489
R_dipaxis_s0.2,09441b8d,0,7695.492816776166,999
R_dipaxis_s0.2,09441b8d,1,169484.75706263894,1000
R_dipaxis_s0.2,09441b8d,2,593110.5374888255,1000
R_dipaxis_s0.2,09441b8d,3,277596.99219431967,1000
R_dipaxis_s0.2,09441b8d,4,24685.34930168285,1000
R_dipaxis_s0.2,09441b8d,5,7919.347350090159,489
R_dipaxis_s0.1,4121c517,0,204335.07756858238,999
R_dipaxis_s0.1,4121c517,1,130836.81177110925,1000
R_dipaxis_s0.1,4121c517,2,92351.77701896745,1000
R_dipaxis_s0.1,4121c517,3,46804.59345811655,724
R_dipaxis_s0.15,4121c517,0,197089.21543492196,999
R_dipaxis_s0.15,4121c517,1,139288.07114477796,1000
R_dipaxis_s0.15,4121c517,2,93558.7401474071,1000
R_dipaxis_s0.15,4121c517,3,51951.528370829445,724
R_dipaxis_s0.2,4121c517,0,189988.85675596172,999
R_dipaxis_s0.2,4121c517,1,148135.960743855,1000
R_dipaxis_s0.2,4121c517,2,95695.07288848358,1000
R_dipaxis_s0.2,4121c517,3,58874.77523931234,724
R_dipaxis_s0.1,58850d2c,0,84703.58352187814,999
R_dipaxis_s0.1,58850d2c,1,393384.7341299348,1000
R_dipaxis_s0.1,58850d2c,2,471521.80926042853,1000
R_dipaxis_s0.1,58850d2c,3,463980.0938160537,1000
R_dipaxis_s0.1,58850d2c,4,459005.1155306825,996
R_dipaxis_s0.15,58850d2c,0,90010.72569226054,999
R_dipaxis_s0.15,58850d2c,1,435561.7695091268,1000
R_dipaxis_s0.15,58850d2c,2,561043.9719044517,1000
R_dipaxis_s0.15,58850d2c,3,610722.4082904797,1000
R_dipaxis_s0.15,58850d2c,4,658644.7375762974,996
R_dipaxis_s0.2,58850d2c,0,95553.5826022708,999
R_dipaxis_s0.2,58850d2c,1,479933.1416644712,1000
R_dipaxis_s0.2,58850d2c,2,658579.6396910188,1000
R_dipaxis_s0.2,58850d2c,3,778155.4679758389,1000
R_dipaxis_s0.2,58850d2c,4,894259.7491420984,996
R_dipaxis_s0.1,d273674e,0,2726.0784201931924,999
R_dipaxis_s0.1,d273674e,1,32150.70762541131,1000
R_dipaxis_s0.1,d273674e,2,17857.774980477556,1000
R_dipaxis_s0.1,d273674e,3,21940.705491895307,900
R_dipaxis_s0.15,d273674e,0,2007.978108427384,999
R_dipaxis_s0.15,d273674e,1,39402.095554963526,1000
R_dipaxis_s0.15,d273674e,2,29292.617203464673,1000
R_dipaxis_s0.15,d273674e,3,31521.463117101826,900
R_dipaxis_s0.2,d273674e,0,1537.7421154200867,999
R_dipaxis_s0.2,d273674e,1,47726.57666241303,1000
R_dipaxis_s0.2,d273674e,2,44117.70554828411,1000
R_dipaxis_s0.2,d273674e,3,44892.56982848063,900
R_dipaxis_s0.1,cbb406b5,0,82555.88863291236,999
R_dipaxis_s0.1,cbb406b5,1,227579.06534339918,1000
R_dipaxis_s0.1,cbb406b5,2,248902.7595471955,1000
R_dipaxis_s0.1,cbb406b5,3,49903.0493763067,1000
R_dipaxis_s0.1,cbb406b5,4,3422.1718215184856,1000
R_dipaxis_s0.1,cbb406b5,5,97752.05065170619,1000
R_dipaxis_s0.1,cbb406b5,6,9528.147873055019,329
R_dipaxis_s0.15,cbb406b5,0,73270.65268466574,999
R_dipaxis_s0.15,cbb406b5,1,210067.2195798069,1000
R_dipaxis_s0.15,cbb406b5,2,234382.42674891662,1000
R_dipaxis_s0.15,cbb406b5,3,46850.10274435085,1000
R_dipaxis_s0.15,cbb406b5,4,3821.6470157359513,1000
R_dipaxis_s0.15,cbb406b5,5,95693.26776336026,1000
R_dipaxis_s0.15,cbb406b5,6,9709.836807285528,329
R_dipaxis_s0.2,cbb406b5,0,64551.734059954484,999
R_dipaxis_s0.2,cbb406b5,1,193260.41965935763,1000
R_dipaxis_s0.2,cbb406b5,2,220302.20203605917,1000
R_dipaxis_s0.2,cbb406b5,3,43977.268598990035,1000
R_dipaxis_s0.2,cbb406b5,4,4285.454498925998,1000
R_dipaxis_s0.2,cbb406b5,5,93658.28059888617,1000
R_dipaxis_s0.2,cbb406b5,6,9908.35167331855,329
R_dipaxis_s0.1,c03d4aed,0,16164.11217865937,999
R_dipaxis_s0.1,c03d4aed,1,371284.42022013955,1000
R_dipaxis_s0.1,c03d4aed,2,108574.57528488825,1000
R_dipaxis_s0.1,c03d4aed,3,41354.46769588699,1000
R_dipaxis_s0.1,c03d4aed,4,8279.021234483214,642
R_dipaxis_s0.15,c03d4aed,0,13327.113284759796,999
R_dipaxis_s0.15,c03d4aed,1,318001.56797848846,1000
R_dipaxis_s0.15,c03d4aed,2,93752.39331378805,1000
R_dipaxis_s0.15,c03d4aed,3,29103.618896527474,1000
R_dipaxis_s0.15,c03d4aed,4,10532.621013730391,642
R_dipaxis_s0.2,c03d4aed,0,11250.673368708829,999
R_dipaxis_s0.2,c03d4aed,1,268936.9870690403,1000
R_dipaxis_s0.2,c03d4aed,2,80027.50703366361,1000
R_dipaxis_s0.2,c03d4aed,3,19209.68276563785,1000
R_dipaxis_s0.2,c03d4aed,4,13451.233200980649,642
R_dipaxis_s0.1,9283ae69,0,51813.407683491896,999
R_dipaxis_s0.1,9283ae69,1,97663.71587830962,1000
R_dipaxis_s0.1,9283ae69,2,28781.401301213642,1000
R_dipaxis_s0.1,9283ae69,3,2856.3584203153687,372
R_dipaxis_s0.15,9283ae69,0,56441.350443110794,999
R_dipaxis_s0.15,9283ae69,1,119503.28507107243,1000
R_dipaxis_s0.15,9283ae69,2,46915.00001433381,1000
R_dipaxis_s0.15,9283ae69,3,11097.47249446097,372
R_dipaxis_s0.2,9283ae69,0,61533.55154797634,999
R_dipaxis_s0.2,9283ae69,1,143591.22149957225,1000
R_dipaxis_s0.2,9283ae69,2,74573.75643579586,1000
R_dipaxis_s0.2,9283ae69,3,24779.6327779322,372
R_dipaxis_s0.1,999daf80,0,28392.87271841554,999
R_dipaxis_s0.1,999daf80,1,36287.22215998301,1000
R_dipaxis_s0.1,999daf80,2,722.2502094713323,1000
R_dipaxis_s0.1,999daf80,3,5433.503979306297,565
R_dipaxis_s0.15,999daf80,0,24724.501990260444,999
R_dipaxis_s0.15,999daf80,1,29833.613553833966,1000
R_dipaxis_s0.15,999daf80,2,453.669250153355,1000
R_dipaxis_s0.15,999daf80,3,7379.363828912475,565
R_dipaxis_s0.2,999daf80,0,21318.656637196076,999
R_dipaxis_s0.2,999daf80,1,24116.79465692443,1000
R_dipaxis_s0.2,999daf80,2,807.5886481331339,1000
R_dipaxis_s0.2,999daf80,3,9624.141818487225,565
R_dipaxis_s0.1,3d96d897,0,1325.958212235026,999
R_dipaxis_s0.1,3d96d897,1,2540.807824400404,1000
R_dipaxis_s0.1,3d96d897,2,649.5223101279022,1000
R_dipaxis_s0.1,3d96d897,3,6335.8120041079,1000
R_dipaxis_s0.1,3d96d897,4,15743.738228284117,1000
R_dipaxis_s0.1,3d96d897,5,6991.807879217964,660
R_dipaxis_s0.15,3d96d897,0,1835.498826564576,999
R_dipaxis_s0.15,3d96d897,1,1625.9961211255213,1000
R_dipaxis_s0.15,3d96d897,2,1547.5967385335168,1000
R_dipaxis_s0.15,3d96d897,3,2900.500186419166,1000
R_dipaxis_s0.15,3d96d897,4,12500.107277732528,1000
R_dipaxis_s0.15,3d96d897,5,4416.916987476837,660
R_dipaxis_s0.2,3d96d897,0,2470.8130130353466,999
R_dipaxis_s0.2,3d96d897,1,1638.7443742010466,1000
R_dipaxis_s0.2,3d96d897,2,5277.010449167831,1000
R_dipaxis_s0.2,3d96d897,3,1991.0041889034649,1000
R_dipaxis_s0.2,3d96d897,4,9790.246750720527,1000
R_dipaxis_s0.2,3d96d897,5,2434.422508168115,660
R_dipaxis_s0.1,f8f59188,0,6610.566066121296,999
R_dipaxis_s0.1,f8f59188,1,3499.256423713872,1000
R_dipaxis_s0.1,f8f59188,2,29066.645995983425,1000
R_dipaxis_s0.1,f8f59188,3,165200.76951872016,1000
R_dipaxis_s0.1,f8f59188,4,32340.934755737166,808
R_dipaxis_s0.15,f8f59188,0,5024.680434642205,999
R_dipaxis_s0.15,f8f59188,1,2617.664384928181,1000
R_dipaxis_s0.15,f8f59188,2,28552.610475731948,1000
R_dipaxis_s0.15,f8f59188,3,169999.28542802934,1000
R_dipaxis_s0.15,f8f59188,4,34862.50654185717,808
R_dipaxis_s0.2,f8f59188,0,3733.9716268043767,999
R_dipaxis_s0.2,f8f59188,1,1902.6241790483023,1000
R_dipaxis_s0.2,f8f59188,2,28110.048209986555,1000
R_dipaxis_s0.2,f8f59188,3,174890.0252039772,1000
R_dipaxis_s0.2,f8f59188,4,37569.47536681347,808
R_dipaxis_s0.1,d5df0ff5,0,167894.79886955363,999
R_dipaxis_s0.1,d5df0ff5,1,236385.84627268507,1000
R_dipaxis_s0.1,d5df0ff5,2,186121.07789230242,1000
R_dipaxis_s0.1,d5df0ff5,3,223373.8254176196,1000
R_dipaxis_s0.1,d5df0ff5,4,12455.335675962171,33
R_dipaxis_s0.15,d5df0ff5,0,149370.92041408445,999
R_dipaxis_s0.15,d5df0ff5,1,206128.72476374815,1000
R_dipaxis_s0.15,d5df0ff5,2,161754.7141299579,1000
R_dipaxis_s0.15,d5df0ff5,3,185987.94602931183,1000
R_dipaxis_s0.15,d5df0ff5,4,10154.041334520054,33
R_dipaxis_s0.2,d5df0ff5,0,131935.02119845772,999
R_dipaxis_s0.2,d5df0ff5,1,177972.4167246343,1000
R_dipaxis_s0.2,d5df0ff5,2,139227.78086195566,1000
R_dipaxis_s0.2,d5df0ff5,3,152045.806742934,1000
R_dipaxis_s0.2,d5df0ff5,4,8087.611073462102,33
R_dipaxis_s0.1,d40f61d5,0,40477.644134382484,999
R_dipaxis_s0.1,d40f61d5,1,23322.69743256944,1000
R_dipaxis_s0.1,d40f61d5,2,12044.21454280656,1000
R_dipaxis_s0.1,d40f61d5,3,3385.9952347965204,1000
R_dipaxis_s0.1,d40f61d5,4,375.51197913130386,40
R_dipaxis_s0.15,d40f61d5,0,38545.67023838561,999
R_dipaxis_s0.15,d40f61d5,1,21736.773203622215,1000
R_dipaxis_s0.15,d40f61d5,2,12336.079661864522,1000
R_dipaxis_s0.15,d40f61d5,3,6048.903660266065,1000
R_dipaxis_s0.15,d40f61d5,4,617.6215599739439,40
R_dipaxis_s0.2,d40f61d5,0,36668.49180026028,999
R_dipaxis_s0.2,d40f61d5,1,20308.941244520247,1000
R_dipaxis_s0.2,d40f61d5,2,12713.755612692978,1000
R_dipaxis_s0.2,d40f61d5,3,9513.273591116604,1000
R_dipaxis_s0.2,d40f61d5,4,919.6618016678926,40
R_dipaxis_s0.1,4654e7de,0,55721.352421434145,999
R_dipaxis_s0.1,4654e7de,1,26332.086135835438,1000
R_dipaxis_s0.1,4654e7de,2,18603.02742175761,1000
R_dipaxis_s0.1,4654e7de,3,7126.5483652469275,1000
R_dipaxis_s0.1,4654e7de,4,8976.865325486997,1000
R_dipaxis_s0.1,4654e7de,5,16512.007113911048,374
R_dipaxis_s0.15,4654e7de,0,54115.68520055354,999
R_dipaxis_s0.15,4654e7de,1,28578.222731841313,1000
R_dipaxis_s0.15,4654e7de,2,12346.506568714238,1000
R_dipaxis_s0.15,4654e7de,3,13696.17220126319,1000
R_dipaxis_s0.15,4654e7de,4,9873.626719996348,1000
R_dipaxis_s0.15,4654e7de,5,18008.827048879622,374
R_dipaxis_s0.2,4654e7de,0,52657.52992527676,999
R_dipaxis_s0.2,4654e7de,1,31023.01091323845,1000
R_dipaxis_s0.2,4654e7de,2,8754.096706388718,1000
R_dipaxis_s0.2,4654e7de,3,23829.101872874595,1000
R_dipaxis_s0.2,4654e7de,4,11533.385669016812,1000
R_dipaxis_s0.2,4654e7de,5,19570.789369190254,374
R_dipaxis_s0.1,0390d174,0,45185.428302802604,999
R_dipaxis_s0.1,0390d174,1,60803.685422613264,1000
R_dipaxis_s0.1,0390d174,2,75138.78259189069,1000
R_dipaxis_s0.1,0390d174,3,96254.61462538947,1000
R_dipaxis_s0.1,0390d174,4,33109.011777899024,412
R_dipaxis_s0.15,0390d174,0,44894.16039200603,999
R_dipaxis_s0.15,0390d174,1,71319.94690870293,1000
R_dipaxis_s0.15,0390d174,2,67069.41988060233,1000
R_dipaxis_s0.15,0390d174,3,89425.31449906026,1000
R_dipaxis_s0.15,0390d174,4,38448.575403206065,412
R_dipaxis_s0.2,0390d174,0,44637.9443397416,999
R_dipaxis_s0.2,0390d174,1,82686.57491130981,1000
R_dipaxis_s0.2,0390d174,2,60281.61836449274,1000
R_dipaxis_s0.2,0390d174,3,83513.80788004954,1000
R_dipaxis_s0.2,0390d174,4,44317.50561941627,412
R_dipaxis_s0.1,577eec7c,0,301036.1607544453,999
R_dipaxis_s0.1,577eec7c,1,728114.096450985,1000
R_dipaxis_s0.1,577eec7c,2,295253.8268035498,1000
R_dipaxis_s0.1,577eec7c,3,53247.50344002443,1000
R_dipaxis_s0.1,577eec7c,4,7062.018360646538,540
R_dipaxis_s0.15,577eec7c,0,282777.48397621315,999
R_dipaxis_s0.15,577eec7c,1,676759.1755715102,1000
R_dipaxis_s0.15,577eec7c,2,269106.23790052225,1000
R_dipaxis_s0.15,577eec7c,3,40588.20076874784,1000
R_dipaxis_s0.15,577eec7c,4,11968.524189078644,540
R_dipaxis_s0.2,577eec7c,0,265093.43186102156,999
R_dipaxis_s0.2,577eec7c,1,627372.4050554142,1000
R_dipaxis_s0.2,577eec7c,2,244274.78559430616,1000
R_dipaxis_s0.2,577eec7c,3,30584.224069951673,1000
R_dipaxis_s0.2,577eec7c,4,18826.585449582934,540
R_dipaxis_s0.1,5138a660,0,7997.612416401866,999
R_dipaxis_s0.1,5138a660,1,2195.7364779932172,1000
R_dipaxis_s0.1,5138a660,2,62922.81386135977,1000
R_dipaxis_s0.1,5138a660,3,67277.71013418901,560
R_dipaxis_s0.15,5138a660,0,10449.132919476242,999
R_dipaxis_s0.15,5138a660,1,4169.998045568873,1000
R_dipaxis_s0.15,5138a660,2,70320.10045498758,1000
R_dipaxis_s0.15,5138a660,3,77192.5750926339,560
R_dipaxis_s0.2,5138a660,0,13351.343619132967,999
R_dipaxis_s0.2,5138a660,1,7752.089698864062,1000
R_dipaxis_s0.2,5138a660,2,78245.90339057813,1000
R_dipaxis_s0.2,5138a660,3,87814.60814531121,560
R_dipaxis_s0.1,2d196986,0,11854.647257493867,999
R_dipaxis_s0.1,2d196986,1,17645.252633925742,1000
R_dipaxis_s0.1,2d196986,2,81184.6373433064,1000
R_dipaxis_s0.1,2d196986,3,101066.99040247085,1000
R_dipaxis_s0.1,2d196986,4,205847.50952640988,1000
R_dipaxis_s0.1,2d196986,5,641377.2233079508,1000
R_dipaxis_s0.1,2d196986,6,262124.2140922511,475
R_dipaxis_s0.15,2d196986,0,12308.257964110911,999
R_dipaxis_s0.15,2d196986,1,17636.424244380913,1000
R_dipaxis_s0.15,2d196986,2,98066.927890979,1000
R_dipaxis_s0.15,2d196986,3,131402.6453072678,1000
R_dipaxis_s0.15,2d196986,4,252138.10084062052,1000
R_dipaxis_s0.15,2d196986,5,726458.9824781225,1000
R_dipaxis_s0.15,2d196986,6,309436.21888459247,475
R_dipaxis_s0.2,2d196986,0,12804.187355972825,999
R_dipaxis_s0.2,2d196986,1,18186.57491716457,1000
R_dipaxis_s0.2,2d196986,2,116772.41668932806,1000
R_dipaxis_s0.2,2d196986,3,165834.53474776787,1000
R_dipaxis_s0.2,2d196986,4,303452.677688825,1000
R_dipaxis_s0.2,2d196986,5,816890.4792924112,1000
R_dipaxis_s0.2,2d196986,6,360687.4719077437,475
R_dipaxis_s0.1,ab94878e,0,126166.56135324336,999
R_dipaxis_s0.1,ab94878e,1,39947.19720508269,1000
R_dipaxis_s0.1,ab94878e,2,8904.029972539054,1000
R_dipaxis_s0.1,ab94878e,3,32087.663850116398,1000
R_dipaxis_s0.1,ab94878e,4,124025.95392538044,1000
R_dipaxis_s0.1,ab94878e,5,109638.86065205393,1000
R_dipaxis_s0.1,ab94878e,6,559.4479609336961,5
R_dipaxis_s0.15,ab94878e,0,127620.30456452126,999
R_dipaxis_s0.15,ab94878e,1,58212.58798566772,1000
R_dipaxis_s0.15,ab94878e,2,20921.59859227871,1000
R_dipaxis_s0.15,ab94878e,3,55128.95782818575,1000
R_dipaxis_s0.15,ab94878e,4,183409.69365108872,1000
R_dipaxis_s0.15,ab94878e,5,177760.9070322631,1000
R_dipaxis_s0.15,ab94878e,6,950.5007173904784,5
R_dipaxis_s0.2,ab94878e,0,129321.38433223679,999
R_dipaxis_s0.2,ab94878e,1,80051.05365161475,1000
R_dipaxis_s0.2,ab94878e,2,40411.07660099865,1000
R_dipaxis_s0.2,ab94878e,3,87492.5843749278,1000
R_dipaxis_s0.2,ab94878e,4,254540.08361880644,1000
R_dipaxis_s0.2,ab94878e,5,262324.1729152578,1000
R_dipaxis_s0.2,ab94878e,6,1444.5876245072295,5
R_dipaxis_s0.1,1e30dedf,0,776.9263382650834,999
R_dipaxis_s0.1,1e30dedf,1,5894.678274605579,1000
R_dipaxis_s0.1,1e30dedf,2,36805.259089988096,1000
R_dipaxis_s0.1,1e30dedf,3,77470.86508275343,1000
R_dipaxis_s0.1,1e30dedf,4,11624.600363187326,72
R_dipaxis_s0.15,1e30dedf,0,1945.5557728074186,999
R_dipaxis_s0.15,1e30dedf,1,20483.196059202186,1000
R_dipaxis_s0.15,1e30dedf,2,2405.2822142247906,1000
R_dipaxis_s0.15,1e30dedf,3,67842.09981619928,1000
R_dipaxis_s0.15,1e30dedf,4,26636.840388349683,72
R_dipaxis_s0.2,1e30dedf,0,5107.887950956556,999
R_dipaxis_s0.2,1e30dedf,1,48156.9409419955,1000
R_dipaxis_s0.2,1e30dedf,2,14847.188991291574,1000
R_dipaxis_s0.2,1e30dedf,3,137020.69097769354,1000
R_dipaxis_s0.2,1e30dedf,4,47787.80080922524,72
R_dipaxis_s0.1,d217e0c5,0,1940.4322719746922,999
R_dipaxis_s0.1,d217e0c5,1,32043.151887012533,1000
R_dipaxis_s0.1,d217e0c5,2,19205.012211673802,1000
R_dipaxis_s0.1,d217e0c5,3,25491.141918800004,839
R_dipaxis_s0.15,d217e0c5,0,1612.7834666136168,999
R_dipaxis_s0.15,d217e0c5,1,26150.21621656965,1000
R_dipaxis_s0.15,d217e0c5,2,15001.538581413095,1000
R_dipaxis_s0.15,d217e0c5,3,25550.25849610668,839
R_dipaxis_s0.2,d217e0c5,0,1336.219600353831,999
R_dipaxis_s0.2,d217e0c5,1,20869.05680349544,1000
R_dipaxis_s0.2,d217e0c5,2,11538.383493755005,1000
R_dipaxis_s0.2,d217e0c5,3,25711.25855201741,839
R_dipaxis_s0.1,59f8b2e8,0,20872.10919634535,999
R_dipaxis_s0.1,59f8b2e8,1,145017.81988727005,1000
R_dipaxis_s0.1,59f8b2e8,2,42903.31507258992,1000
R_dipaxis_s0.1,59f8b2e8,3,4893.1198230020755,748
R_dipaxis_s0.15,59f8b2e8,0,23865.535745090387,999
R_dipaxis_s0.15,59f8b2e8,1,176353.79222857644,1000
R_dipaxis_s0.15,59f8b2e8,2,81841.2412640813,1000
R_dipaxis_s0.15,59f8b2e8,3,19570.18867800784,748
R_dipaxis_s0.2,59f8b2e8,0,27113.09862755319,999
R_dipaxis_s0.2,59f8b2e8,1,211084.33650167315,1000
R_dipaxis_s0.2,59f8b2e8,2,136656.51062570367,1000
R_dipaxis_s0.2,59f8b2e8,3,50683.18116201289,748
R_dipaxis_s0.1,504c8b08,0,170610.48207605467,999
R_dipaxis_s0.1,504c8b08,1,345847.78640763863,1000
R_dipaxis_s0.1,504c8b08,2,366756.4062870572,1000
R_dipaxis_s0.1,504c8b08,3,706419.3603393227,1000
R_dipaxis_s0.1,504c8b08,4,371093.488846767,1000
R_dipaxis_s0.1,504c8b08,5,1007452.0393216575,1000
R_dipaxis_s0.1,504c8b08,6,385444.8629955949,368
R_dipaxis_s0.15,504c8b08,0,171889.03244959962,999
R_dipaxis_s0.15,504c8b08,1,363866.4045576383,1000
R_dipaxis_s0.15,504c8b08,2,393994.69183014147,1000
R_dipaxis_s0.15,504c8b08,3,751953.920092312,1000
R_dipaxis_s0.15,504c8b08,4,426685.3156839756,1000
R_dipaxis_s0.15,504c8b08,5,1146848.726411009,1000
R_dipaxis_s0.15,504c8b08,6,448127.08775718644,368
R_dipaxis_s0.2,504c8b08,0,173208.30241348484,999
R_dipaxis_s0.2,504c8b08,1,382357.24220508477,1000
R_dipaxis_s0.2,504c8b08,2,422348.2912395908,1000
R_dipaxis_s0.2,504c8b08,3,799002.9465341746,1000
R_dipaxis_s0.2,504c8b08,4,486246.57409706555,1000
R_dipaxis_s0.2,504c8b08,5,1295300.5788193645,1000
R_dipaxis_s0.2,504c8b08,6,515532.47709464,368
R_dipaxis_s0.1,a08d9e63,0,287382.8641779736,999
R_dipaxis_s0.1,a08d9e63,1,738111.8388167551,1000
R_dipaxis_s0.1,a08d9e63,2,385367.3042980673,1000
R_dipaxis_s0.1,a08d9e63,3,29397.327261541275,686
R_dipaxis_s0.15,a08d9e63,0,258960.67182759612,999
R_dipaxis_s0.15,a08d9e63,1,677097.928832069,1000
R_dipaxis_s0.15,a08d9e63,2,361246.9819464672,1000
R_dipaxis_s0.15,a08d9e63,3,23237.014394176225,686
R_dipaxis_s0.2,a08d9e63,0,232031.67111765165,999
R_dipaxis_s0.2,a08d9e63,1,618768.4400186974,1000
R_dipaxis_s0.2,a08d9e63,2,337928.6276277893,1000
R_dipaxis_s0.2,a08d9e63,3,18022.158761390998,686
R_dipaxis_s0.1,1beca81d,0,655.9103229693702,999
R_dipaxis_s0.1,1beca81d,1,23407.88114409667,1000
R_dipaxis_s0.1,1beca81d,2,50862.960746193545,1000
R_dipaxis_s0.1,1beca81d,3,86994.85101367242,1000
R_dipaxis_s0.1,1beca81d,4,56840.54524454805,1000
R_dipaxis_s0.1,1beca81d,5,9.637916563235764,37
R_dipaxis_s0.15,1beca81d,0,900.1231095041484,999
R_dipaxis_s0.15,1beca81d,1,27567.1644805874,1000
R_dipaxis_s0.15,1beca81d,2,47764.871888357506,1000
R_dipaxis_s0.15,1beca81d,3,62825.34415276477,1000
R_dipaxis_s0.15,1beca81d,4,43822.30922944086,1000
R_dipaxis_s0.15,1beca81d,5,182.78808135109722,37
R_dipaxis_s0.2,1beca81d,0,1276.6559127388243,999
R_dipaxis_s0.2,1beca81d,1,32197.945760041403,1000
R_dipaxis_s0.2,1beca81d,2,47482.133643230496,1000
R_dipaxis_s0.2,1beca81d,3,43073.237146687476,1000
R_dipaxis_s0.2,1beca81d,4,37651.5898560727,1000
R_dipaxis_s0.2,1beca81d,5,573.5927171430122,37
R_dipaxis_s0.1,eac10e86,0,2206.195255482152,999
R_dipaxis_s0.1,eac10e86,1,1312.1677137010604,1000
R_dipaxis_s0.1,eac10e86,2,534.8112956750815,1000
R_dipaxis_s0.1,eac10e86,3,4218.433072105554,1000
R_dipaxis_s0.1,eac10e86,4,8436.556434058963,1000
R_dipaxis_s0.1,eac10e86,5,46469.36902426603,1000
R_dipaxis_s0.1,eac10e86,6,5619.970367847242,68
R_dipaxis_s0.15,eac10e86,0,903.0964293130821,999
R_dipaxis_s0.15,eac10e86,1,475.5970481102553,1000
R_dipaxis_s0.15,eac10e86,2,3721.7652180325,1000
R_dipaxis_s0.15,eac10e86,3,1019.787653020089,1000
R_dipaxis_s0.15,eac10e86,4,35023.20327630882,1000
R_dipaxis_s0.15,eac10e86,5,83759.5623439876,1000
R_dipaxis_s0.15,eac10e86,6,11901.602133684723,68
R_dipaxis_s0.2,eac10e86,0,290.63196720252216,999
R_dipaxis_s0.2,eac10e86,1,2632.3218008899253,1000
R_dipaxis_s0.2,eac10e86,2,14449.388090067574,1000
R_dipaxis_s0.2,eac10e86,3,15187.6685305045,1000
R_dipaxis_s0.2,eac10e86,4,86740.71373536858,1000
R_dipaxis_s0.2,eac10e86,5,151219.80696876542,1000
R_dipaxis_s0.2,eac10e86,6,20515.932987464992,68
R_dipaxis_s0.1,efde6ac3,0,53074.39086891347,999
R_dipaxis_s0.1,efde6ac3,1,7140.348799735775,1000
R_dipaxis_s0.1,efde6ac3,2,25921.981458218404,1000
R_dipaxis_s0.1,efde6ac3,3,105226.92490983933,1000
R_dipaxis_s0.1,efde6ac3,4,305649.1894189503,560
R_dipaxis_s0.15,efde6ac3,0,50377.04460659997,999
R_dipaxis_s0.15,efde6ac3,1,8794.376430773369,1000
R_dipaxis_s0.15,efde6ac3,2,28126.759648142448,1000
R_dipaxis_s0.15,efde6ac3,3,114188.93008819374,1000
R_dipaxis_s0.15,efde6ac3,4,308703.9854251626,560
R_dipaxis_s0.2,efde6ac3,0,47768.89424644661,999
R_dipaxis_s0.2,efde6ac3,1,10688.59398259271,1000
R_dipaxis_s0.2,efde6ac3,2,30483.96784528059,1000
R_dipaxis_s0.2,efde6ac3,3,123938.97548217869,1000
R_dipaxis_s0.2,efde6ac3,4,311783.2645625464,560
R_dipaxis_s0.1,9896fc0b,0,10068.940733707734,999
R_dipaxis_s0.1,9896fc0b,1,25869.213890997627,1000
R_dipaxis_s0.1,9896fc0b,2,96196.27942788316,1000
R_dipaxis_s0.1,9896fc0b,3,718334.4116265822,596
R_dipaxis_s0.15,9896fc0b,0,8871.962616094137,999
R_dipaxis_s0.15,9896fc0b,1,24954.023065474037,1000
R_dipaxis_s0.15,9896fc0b,2,87542.76774698895,1000
R_dipaxis_s0.15,9896fc0b,3,706475.1026541834,596
R_dipaxis_s0.2,9896fc0b,0,7791.217175501558,999
R_dipaxis_s0.2,9896fc0b,1,24148.919425936387,1000
R_dipaxis_s0.2,9896fc0b,2,79634.48520286627,1000
R_dipaxis_s0.2,9896fc0b,3,694782.6789579778,596
R_dipaxis_s0.1,24d8997e,0,15519.456838872858,999
R_dipaxis_s0.1,24d8997e,1,55164.18394556805,1000
R_dipaxis_s0.1,24d8997e,2,10007.471693783033,1000
R_dipaxis_s0.1,24d8997e,3,4319.093951452997,443
R_dipaxis_s0.15,24d8997e,0,12881.292811721372,999
R_dipaxis_s0.15,24d8997e,1,54893.82649553673,1000
R_dipaxis_s0.15,24d8997e,2,6336.670190436977,1000
R_dipaxis_s0.15,24d8997e,3,2468.8730791440958,443
R_dipaxis_s0.2,24d8997e,0,10503.13562018044,999
R_dipaxis_s0.2,24d8997e,1,54768.81993029275,1000
R_dipaxis_s0.2,24d8997e,2,4243.960286934521,1000
R_dipaxis_s0.2,24d8997e,3,1168.5512414793964,443
R_dipaxis_s0.1,9d072e4c,0,22419.79113971409,999
R_dipaxis_s0.1,9d072e4c,1,29364.31790992889,1000
R_dipaxis_s0.1,9d072e4c,2,54697.07371011903,1000
R_dipaxis_s0.1,9d072e4c,3,120657.38814078082,1000
R_dipaxis_s0.1,9d072e4c,4,289690.63232874626,1000
R_dipaxis_s0.1,9d072e4c,5,28652.384636668437,108
R_dipaxis_s0.15,9d072e4c,0,21151.107667324537,999
R_dipaxis_s0.15,9d072e4c,1,25452.82693936708,1000
R_dipaxis_s0.15,9d072e4c,2,49952.96065772614,1000
R_dipaxis_s0.15,9d072e4c,3,128452.86868208002,1000
R_dipaxis_s0.15,9d072e4c,4,310361.096489114,1000
R_dipaxis_s0.15,9d072e4c,5,31928.255489758754,108
R_dipaxis_s0.2,9d072e4c,0,19952.728633440904,999
R_dipaxis_s0.2,9d072e4c,1,22005.638185116302,1000
R_dipaxis_s0.2,9d072e4c,2,45678.85290036159,1000
R_dipaxis_s0.2,9d072e4c,3,136676.05783731292,1000
R_dipaxis_s0.2,9d072e4c,4,332060.04664679396,1000
R_dipaxis_s0.2,9d072e4c,5,35381.549432685795,108
R_dipaxis_s0.1,c03b9305,0,332.77446294343986,999
R_dipaxis_s0.1,c03b9305,1,4370.665722450417,1000
R_dipaxis_s0.1,c03b9305,2,109225.27920515458,1000
R_dipaxis_s0.1,c03b9305,3,124382.74243862854,1000
R_dipaxis_s0.1,c03b9305,4,130379.93940241146,256
R_dipaxis_s0.15,c03b9305,0,776.4477938676882,999
R_dipaxis_s0.15,c03b9305,1,10959.607659699728,1000
R_dipaxis_s0.15,c03b9305,2,143090.21616693947,1000
R_dipaxis_s0.15,c03b9305,3,169092.28580787947,1000
R_dipaxis_s0.15,c03b9305,4,153258.434527758,256
R_dipaxis_s0.2,c03b9305,0,1860.0983244266397,999
R_dipaxis_s0.2,c03b9305,1,20907.597247631104,1000
R_dipaxis_s0.2,c03b9305,2,182455.34853486632,1000
R_dipaxis_s0.2,c03b9305,3,223724.06714375436,1000
R_dipaxis_s0.2,c03b9305,4,177985.41003586736,256
R_dipaxis_s0.1,722cf0d8,0,11473.287400837584,999
R_dipaxis_s0.1,722cf0d8,1,64455.52130160557,1000
R_dipaxis_s0.1,722cf0d8,2,147140.36667066082,1000
R_dipaxis_s0.1,722cf0d8,3,58369.60328273844,1000
R_dipaxis_s0.1,722cf0d8,4,236732.2703467055,1000
R_dipaxis_s0.1,722cf0d8,5,35570.998113326794,144
R_dipaxis_s0.15,722cf0d8,0,13123.277919042092,999
R_dipaxis_s0.15,722cf0d8,1,70487.67803403134,1000
R_dipaxis_s0.15,722cf0d8,2,148828.09501014533,1000
R_dipaxis_s0.15,722cf0d8,3,49371.03497915479,1000
R_dipaxis_s0.15,722cf0d8,4,205844.1511233298,1000
R_dipaxis_s0.15,722cf0d8,5,30920.07900264427,144
R_dipaxis_s0.2,722cf0d8,0,14951.412482436692,999
R_dipaxis_s0.2,722cf0d8,1,76885.01895420492,1000
R_dipaxis_s0.2,722cf0d8,2,150534.2900190639,1000
R_dipaxis_s0.2,722cf0d8,3,41561.96181227059,1000
R_dipaxis_s0.2,722cf0d8,4,177116.1693021376,1000
R_dipaxis_s0.2,722cf0d8,5,26594.909580398053,144
R_dipaxis_s0.1,25050f63,0,612369.6527843495,999
R_dipaxis_s0.1,25050f63,1,692999.419743955,1000
R_dipaxis_s0.1,25050f63,2,881740.171063167,1000
R_dipaxis_s0.1,25050f63,3,1453870.2958112988,1000
R_dipaxis_s0.1,25050f63,4,1347478.0614049493,1000
R_dipaxis_s0.1,25050f63,5,1055419.7758526045,1000
R_dipaxis_s0.1,25050f63,6,130574.96094425437,125
R_dipaxis_s0.15,25050f63,0,541332.4848260073,999
R_dipaxis_s0.15,25050f63,1,566404.6120499582,1000
R_dipaxis_s0.15,25050f63,2,705630.4875637545,1000
R_dipaxis_s0.15,25050f63,3,1183189.6030257773,1000
R_dipaxis_s0.15,25050f63,4,1085274.9399817504,1000
R_dipaxis_s0.15,25050f63,5,838091.3678249606,1000
R_dipaxis_s0.15,25050f63,6,103407.91633868021,125
R_dipaxis_s0.2,25050f63,0,474751.5099673345,999
R_dipaxis_s0.2,25050f63,1,452736.01184532885,1000
R_dipaxis_s0.2,25050f63,2,549286.8272770318,1000
R_dipaxis_s0.2,25050f63,3,940373.0739795042,1000
R_dipaxis_s0.2,25050f63,4,851450.4256747983,1000
R_dipaxis_s0.2,25050f63,5,645800.970461372,1000
R_dipaxis_s0.2,25050f63,6,79405.95194797532,125
R_dipaxis_s0.1,d90aa14c,0,33362.06273284987,999
R_dipaxis_s0.1,d90aa14c,1,28232.060040636454,1000
R_dipaxis_s0.1,d90aa14c,2,103721.10982682943,1000
R_dipaxis_s0.1,d90aa14c,3,157159.18593530086,1000
R_dipaxis_s0.1,d90aa14c,4,101075.5649265917,1000
R_dipaxis_s0.1,d90aa14c,5,8406.614254433332,1000
R_dipaxis_s0.1,d90aa14c,6,281244.3643451531,1000
R_dipaxis_s0.1,d90aa14c,7,112917.7959314811,1000
R_dipaxis_s0.1,d90aa14c,8,1524.4660503480845,1000
R_dipaxis_s0.1,d90aa14c,9,119008.90094253137,1000
R_dipaxis_s0.1,d90aa14c,10,12771.815430459705,19
R_dipaxis_s0.15,d90aa14c,0,32275.475540522617,999
R_dipaxis_s0.15,d90aa14c,1,26541.832603177027,1000
R_dipaxis_s0.15,d90aa14c,2,71242.22382403284,1000
R_dipaxis_s0.15,d90aa14c,3,118921.78577227183,1000
R_dipaxis_s0.15,d90aa14c,4,78993.65858102083,1000
R_dipaxis_s0.15,d90aa14c,5,6700.080456998294,1000
R_dipaxis_s0.15,d90aa14c,6,212355.96919287503,1000
R_dipaxis_s0.15,d90aa14c,7,81922.05153003558,1000
R_dipaxis_s0.15,d90aa14c,8,2244.0952330296946,1000
R_dipaxis_s0.15,d90aa14c,9,141175.1615164478,1000
R_dipaxis_s0.15,d90aa14c,10,13622.347715597922,19
R_dipaxis_s0.2,d90aa14c,0,31236.482875695958,999
R_dipaxis_s0.2,d90aa14c,1,25664.56869386695,1000
R_dipaxis_s0.2,d90aa14c,2,45050.31091042303,1000
R_dipaxis_s0.2,d90aa14c,3,86657.69168878568,1000
R_dipaxis_s0.2,d90aa14c,4,61687.7729962014,1000
R_dipaxis_s0.2,d90aa14c,5,10359.928876459746,1000
R_dipaxis_s0.2,d90aa14c,6,153329.1676573505,1000
R_dipaxis_s0.2,d90aa14c,7,55953.880417126886,1000
R_dipaxis_s0.2,d90aa14c,8,5293.222187382012,1000
R_dipaxis_s0.2,d90aa14c,9,167816.102158802,1000
R_dipaxis_s0.2,d90aa14c,10,14500.333914008286,19
R_dipaxis_s0.1,dafc88c3,0,88394.74995928927,999
R_dipaxis_s0.1,dafc88c3,1,9281.008749054972,1000
R_dipaxis_s0.1,dafc88c3,2,76780.80156818629,1000
R_dipaxis_s0.1,dafc88c3,3,104420.20655561016,1000
R_dipaxis_s0.1,dafc88c3,4,246337.98822562292,1000
R_dipaxis_s0.1,dafc88c3,5,161532.27527103038,573
R_dipaxis_s0.15,dafc88c3,0,91335.93666711364,999
R_dipaxis_s0.15,dafc88c3,1,13598.619312892937,1000
R_dipaxis_s0.15,dafc88c3,2,117424.54892284698,1000
R_dipaxis_s0.15,dafc88c3,3,175227.4412127769,1000
R_dipaxis_s0.15,dafc88c3,4,364952.57287293405,1000
R_dipaxis_s0.15,dafc88c3,5,250131.43134244398,573
R_dipaxis_s0.2,dafc88c3,0,94437.17106038332,999
R_dipaxis_s0.2,dafc88c3,1,21851.203502939,1000
R_dipaxis_s0.2,dafc88c3,2,168180.03692454952,1000
R_dipaxis_s0.2,dafc88c3,3,264416.8789561841,1000
R_dipaxis_s0.2,dafc88c3,4,507839.5078765687,1000
R_dipaxis_s0.2,dafc88c3,5,358083.7172377861,573
R_dipaxis_s0.1,d1457cc5,0,48967.16904257946,999
R_dipaxis_s0.1,d1457cc5,1,135394.36289404257,1000
R_dipaxis_s0.1,d1457cc5,2,19154.587748500933,1000
R_dipaxis_s0.1,d1457cc5,3,54835.504253819796,1000
R_dipaxis_s0.1,d1457cc5,4,24149.920841624153,1000
R_dipaxis_s0.1,d1457cc5,5,135324.657320332,1000
R_dipaxis_s0.1,d1457cc5,6,15692.59163065781,921
R_dipaxis_s0.15,d1457cc5,0,50725.81106576276,999
R_dipaxis_s0.15,d1457cc5,1,145332.2628800557,1000
R_dipaxis_s0.15,d1457cc5,2,13942.746662040025,1000
R_dipaxis_s0.15,d1457cc5,3,32768.01229776727,1000
R_dipaxis_s0.15,d1457cc5,4,13679.49887370686,1000
R_dipaxis_s0.15,d1457cc5,5,205916.58816831885,1000
R_dipaxis_s0.15,d1457cc5,6,60019.55413908479,921
R_dipaxis_s0.2,d1457cc5,0,52579.426323541855,999
R_dipaxis_s0.2,d1457cc5,1,155660.405125398,1000
R_dipaxis_s0.2,d1457cc5,2,10216.574601771506,1000
R_dipaxis_s0.2,d1457cc5,3,17131.504553075258,1000
R_dipaxis_s0.2,d1457cc5,4,13596.618213303529,1000
R_dipaxis_s0.2,d1457cc5,5,294625.1065748538,1000
R_dipaxis_s0.2,d1457cc5,6,134106.90337624325,921
R_dipaxis_s0.1,08fecf00,0,2653.0489270009716,999
R_dipaxis_s0.1,08fecf00,1,34319.82531202423,1000
R_dipaxis_s0.1,08fecf00,2,28622.84654229143,1000
R_dipaxis_s0.1,08fecf00,3,10266.221605531007,1000
R_dipaxis_s0.1,08fecf00,4,47703.21905545586,1000
R_dipaxis_s0.1,08fecf00,5,6341.690485849607,575
R_dipaxis_s0.15,08fecf00,0,3140.40537122343,999
R_dipaxis_s0.15,08fecf00,1,30116.534903938184,1000
R_dipaxis_s0.15,08fecf00,2,20954.5930318404,1000
R_dipaxis_s0.15,08fecf00,3,20434.605277088365,1000
R_dipaxis_s0.15,08fecf00,4,68143.98305761433,1000
R_dipaxis_s0.15,08fecf00,5,10028.690829472276,575
R_dipaxis_s0.2,08fecf00,0,3743.5230692605955,999
R_dipaxis_s0.2,08fecf00,1,26208.809486454888,1000
R_dipaxis_s0.2,08fecf00,2,15267.21606699245,1000
R_dipaxis_s0.2,08fecf00,3,34637.330627840376,1000
R_dipaxis_s0.2,08fecf00,4,92786.88384272665,1000
R_dipaxis_s0.2,08fecf00,5,17153.770473560373,575
R_dipaxis_s0.1,d7ba4f9d,0,18562.21762605886,999
R_dipaxis_s0.1,d7ba4f9d,1,56675.468963152736,1000
R_dipaxis_s0.1,d7ba4f9d,2,15411.823328930594,1000
R_dipaxis_s0.1,d7ba4f9d,3,163248.6196828873,1000
R_dipaxis_s0.1,d7ba4f9d,4,121533.25997532549,1000
R_dipaxis_s0.1,d7ba4f9d,5,99155.45286191793,1000
R_dipaxis_s0.1,d7ba4f9d,6,3208.217250117062,24
R_dipaxis_s0.15,d7ba4f9d,0,17761.38970848501,999
R_dipaxis_s0.15,d7ba4f9d,1,68096.52414127049,1000
R_dipaxis_s0.15,d7ba4f9d,2,43861.501982396425,1000
R_dipaxis_s0.15,d7ba4f9d,3,269147.98558825435,1000
R_dipaxis_s0.15,d7ba4f9d,4,208531.93015876244,1000
R_dipaxis_s0.15,d7ba4f9d,5,145309.6386404578,1000
R_dipaxis_s0.15,d7ba4f9d,6,3997.4178474509667,24
R_dipaxis_s0.2,d7ba4f9d,0,16987.524003841903,999
R_dipaxis_s0.2,d7ba4f9d,1,81170.00035041371,1000
R_dipaxis_s0.2,d7ba4f9d,2,90371.26499519704,1000
R_dipaxis_s0.2,d7ba4f9d,3,401516.1602362349,1000
R_dipaxis_s0.2,d7ba4f9d,4,318968.3077060492,1000
R_dipaxis_s0.2,d7ba4f9d,5,200587.80878404906,1000
R_dipaxis_s0.2,d7ba4f9d,6,4873.355526301395,24
R_dipaxis_s0.1,5aa403d0,0,245428.51701526257,999
R_dipaxis_s0.1,5aa403d0,1,883230.8883502386,1000
R_dipaxis_s0.1,5aa403d0,2,1041719.1410818076,1000
R_dipaxis_s0.1,5aa403d0,3,128202.77522776694,119
R_dipaxis_s0.15,5aa403d0,0,240494.9713920754,999
R_dipaxis_s0.15,5aa403d0,1,904536.496728075,1000
R_dipaxis_s0.15,5aa403d0,2,1139105.8398465735,1000
R_dipaxis_s0.15,5aa403d0,3,144322.77789506465,119
R_dipaxis_s0.2,5aa403d0,0,235634.34998168383,999
R_dipaxis_s0.2,5aa403d0,1,926339.7358410725,1000
R_dipaxis_s0.2,5aa403d0,2,1240999.944993935,1000
R_dipaxis_s0.2,5aa403d0,3,161397.23209797306,119
R_dipaxis_s0.1,0dc5e64d,0,7178.005210609124,999
R_dipaxis_s0.1,0dc5e64d,1,63889.77557546456,1000
R_dipaxis_s0.1,0dc5e64d,2,91029.2367545991,1000
R_dipaxis_s0.1,0dc5e64d,3,169170.53036475004,1000
R_dipaxis_s0.1,0dc5e64d,4,817280.194039201,880
R_dipaxis_s0.15,0dc5e64d,0,5827.980636326453,999
R_dipaxis_s0.15,0dc5e64d,1,49711.87914422031,1000
R_dipaxis_s0.15,0dc5e64d,2,124660.68960673099,1000
R_dipaxis_s0.15,0dc5e64d,3,174016.94552609432,1000
R_dipaxis_s0.15,0dc5e64d,4,640710.3059583616,880
R_dipaxis_s0.2,0dc5e64d,0,4724.367275652915,999
R_dipaxis_s0.2,0dc5e64d,1,38812.807866996154,1000
R_dipaxis_s0.2,0dc5e64d,2,163942.65170874956,1000
R_dipaxis_s0.2,0dc5e64d,3,189665.63054008762,1000
R_dipaxis_s0.2,0dc5e64d,4,486348.5191105748,880
R_dipaxis_s0.1,940a48d9,0,10926.934501937401,999
R_dipaxis_s0.1,940a48d9,1,60324.5071636678,1000
R_dipaxis_s0.1,940a48d9,2,138183.03240539026,1000
R_dipaxis_s0.1,940a48d9,3,69011.52550037128,964
R_dipaxis_s0.15,940a48d9,0,13130.849583782647,999
R_dipaxis_s0.15,940a48d9,1,49280.797510063254,1000
R_dipaxis_s0.15,940a48d9,2,113858.92501125492,1000
R_dipaxis_s0.15,940a48d9,3,51861.11797859103,964
R_dipaxis_s0.2,940a48d9,0,15784.243119546141,999
R_dipaxis_s0.2,940a48d9,1,40106.28743283234,1000
R_dipaxis_s0.2,940a48d9,2,92070.88845256311,1000
R_dipaxis_s0.2,940a48d9,3,37274.936842162395,964
R_dipaxis_s0.1,3932faa6,0,1265.1213751111989,999
R_dipaxis_s0.1,3932faa6,1,483313.5235475944,1000
R_dipaxis_s0.1,3932faa6,2,112773.57088088032,1000
R_dipaxis_s0.1,3932faa6,3,238490.2818499694,1000
R_dipaxis_s0.1,3932faa6,4,47810.987255053675,1000
R_dipaxis_s0.1,3932faa6,5,20906.203153417307,453
R_dipaxis_s0.15,3932faa6,0,2137.589236736078,999
R_dipaxis_s0.15,3932faa6,1,507132.87534531835,1000
R_dipaxis_s0.15,3932faa6,2,146544.76410126511,1000
R_dipaxis_s0.15,3932faa6,3,178114.8874032952,1000
R_dipaxis_s0.15,3932faa6,4,50702.465586882754,1000
R_dipaxis_s0.15,3932faa6,5,35385.98510826215,453
R_dipaxis_s0.2,3932faa6,0,3292.627981073679,999
R_dipaxis_s0.2,3932faa6,1,531863.5665923211,1000
R_dipaxis_s0.2,3932faa6,2,188243.32937494596,1000
R_dipaxis_s0.2,3932faa6,3,127212.80674218827,1000
R_dipaxis_s0.2,3932faa6,4,54618.3966882448,1000
R_dipaxis_s0.2,3932faa6,5,53671.83381519716,453
R_dipaxis_s0.1,c84c65be,0,67252.87815482129,999
R_dipaxis_s0.1,c84c65be,1,175302.47546658685,1000
R_dipaxis_s0.1,c84c65be,2,10849.372969227832,1000
R_dipaxis_s0.1,c84c65be,3,182568.4434544928,1000
R_dipaxis_s0.1,c84c65be,4,157713.2343767967,1000
R_dipaxis_s0.1,c84c65be,5,73834.40534804828,1000
R_dipaxis_s0.1,c84c65be,6,100149.17422767349,1000
R_dipaxis_s0.1,c84c65be,7,40005.017702735386,1000
R_dipaxis_s0.1,c84c65be,8,6119.330077618949,497
R_dipaxis_s0.15,c84c65be,0,63304.39257052916,999
R_dipaxis_s0.15,c84c65be,1,167636.54589431113,1000
R_dipaxis_s0.15,c84c65be,2,10144.390331480387,1000
R_dipaxis_s0.15,c84c65be,3,188890.995165214,1000
R_dipaxis_s0.15,c84c65be,4,169810.13151050816,1000
R_dipaxis_s0.15,c84c65be,5,83121.25332594565,1000
R_dipaxis_s0.15,c84c65be,6,95170.70915535923,1000
R_dipaxis_s0.15,c84c65be,7,40373.12313890298,1000
R_dipaxis_s0.15,c84c65be,8,4783.9342998164175,497
R_dipaxis_s0.2,c84c65be,0,59494.20977843438,999
R_dipaxis_s0.2,c84c65be,1,160508.3905516539,1000
R_dipaxis_s0.2,c84c65be,2,9808.236878825433,1000
R_dipaxis_s0.2,c84c65be,3,195397.90256491795,1000
R_dipaxis_s0.2,c84c65be,4,182764.7281077615,1000
R_dipaxis_s0.2,c84c65be,5,93021.37730642375,1000
R_dipaxis_s0.2,c84c65be,6,90391.44772561245,1000
R_dipaxis_s0.2,c84c65be,7,40891.188964936744,1000
R_dipaxis_s0.2,c84c65be,8,4004.5774776053067,497
R_dipaxis_s0.1,86454a6f,0,232101.8455841735,999
R_dipaxis_s0.1,86454a6f,1,2347958.134326571,1000
R_dipaxis_s0.1,86454a6f,2,2353964.560363828,1000
R_dipaxis_s0.1,86454a6f,3,6448839.3880868545,1000
R_dipaxis_s0.1,86454a6f,4,5662372.8062213585,1000
R_dipaxis_s0.1,86454a6f,5,6155916.366155786,1000
R_dipaxis_s0.1,86454a6f,6,6490018.053617475,1000
R_dipaxis_s0.1,86454a6f,7,5765096.140565391,965
R_dipaxis_s0.15,86454a6f,0,213330.56540484118,999
R_dipaxis_s0.15,86454a6f,1,2219659.764412704,1000
R_dipaxis_s0.15,86454a6f,2,2255568.1593598826,1000
R_dipaxis_s0.15,86454a6f,3,6115383.571826137,1000
R_dipaxis_s0.15,86454a6f,4,5355803.482733116,1000
R_dipaxis_s0.15,86454a6f,5,5811791.549547429,1000
R_dipaxis_s0.15,86454a6f,6,6115765.392060807,1000
R_dipaxis_s0.15,86454a6f,7,5514384.513479486,965
R_dipaxis_s0.2,86454a6f,0,195385.23781122503,999
R_dipaxis_s0.2,86454a6f,1,2094995.002080724,1000
R_dipaxis_s0.2,86454a6f,2,2159280.3315986777,1000
R_dipaxis_s0.2,86454a6f,3,5790834.323629307,1000
R_dipaxis_s0.2,86454a6f,4,5057796.69377892,1000
R_dipaxis_s0.2,86454a6f,5,5477593.452114888,1000
R_dipaxis_s0.2,86454a6f,6,5752645.953193865,1000
R_dipaxis_s0.2,86454a6f,7,5269371.869214502,965
R_dipaxis_s0.1,54a7e3c2,0,92964.6952266804,999
R_dipaxis_s0.1,54a7e3c2,1,201434.1455359267,1000
R_dipaxis_s0.1,54a7e3c2,2,136573.53304602669,1000
R_dipaxis_s0.1,54a7e3c2,3,30155.364701308394,1000
R_dipaxis_s0.1,54a7e3c2,4,145129.71252561576,1000
R_dipaxis_s0.1,54a7e3c2,5,36118.62943484377,1000
R_dipaxis_s0.1,54a7e3c2,6,3593.824407248081,156
R_dipaxis_s0.15,54a7e3c2,0,85143.04042420234,999
R_dipaxis_s0.15,54a7e3c2,1,186648.3856287786,1000
R_dipaxis_s0.15,54a7e3c2,2,125667.82175667594,1000
R_dipaxis_s0.15,54a7e3c2,3,25431.805975894207,1000
R_dipaxis_s0.15,54a7e3c2,4,133975.5583227577,1000
R_dipaxis_s0.15,54a7e3c2,5,36371.61746294444,1000
R_dipaxis_s0.15,54a7e3c2,6,4390.709530155087,156
R_dipaxis_s0.2,54a7e3c2,0,77665.23094450874,999
R_dipaxis_s0.2,54a7e3c2,1,172427.86167155218,1000
R_dipaxis_s0.2,54a7e3c2,2,115236.29519241191,1000
R_dipaxis_s0.2,54a7e3c2,3,21113.658766431956,1000
R_dipaxis_s0.2,54a7e3c2,4,123273.48664278365,1000
R_dipaxis_s0.2,54a7e3c2,5,36712.090331496736,1000
R_dipaxis_s0.2,54a7e3c2,6,5267.800032584497,156
R_dipaxis_s0.1,ae069086,0,47546.532906098,999
R_dipaxis_s0.1,ae069086,1,70184.07894568177,1000
R_dipaxis_s0.1,ae069086,2,494712.5768711723,1000
R_dipaxis_s0.1,ae069086,3,73179.71989614086,1000
R_dipaxis_s0.1,ae069086,4,1240.9205285517858,771
R_dipaxis_s0.15,ae069086,0,53026.17382524183,999
R_dipaxis_s0.15,ae069086,1,56285.3897454283,1000
R_dipaxis_s0.15,ae069086,2,398407.72124864015,1000
R_dipaxis_s0.15,ae069086,3,58587.2070927951,1000
R_dipaxis_s0.15,ae069086,4,6521.180443517444,771
R_dipaxis_s0.2,ae069086,0,58822.20698845019,999
R_dipaxis_s0.2,ae069086,1,45972.61959644495,1000
R_dipaxis_s0.2,ae069086,2,312634.64015402267,1000
R_dipaxis_s0.2,ae069086,3,53302.159421837234,1000
R_dipaxis_s0.2,ae069086,4,21333.511658942716,771
R_dipaxis_s0.1,06df5958,0,2011.541227671575,999
R_dipaxis_s0.1,06df5958,1,11648.008041988167,1000
R_dipaxis_s0.1,06df5958,2,12978.86473909719,1000
R_dipaxis_s0.1,06df5958,3,1455.143900337705,510
R_dipaxis_s0.15,06df5958,0,2000.2733108144346,999
R_dipaxis_s0.15,06df5958,1,10837.034451268384,1000
R_dipaxis_s0.15,06df5958,2,12773.140880717514,1000
R_dipaxis_s0.15,06df5958,3,743.1259166272189,510
R_dipaxis_s0.2,06df5958,0,1991.9285401622635,999
R_dipaxis_s0.2,06df5958,1,10085.332186071502,1000
R_dipaxis_s0.2,06df5958,2,12674.226803717891,1000
R_dipaxis_s0.2,06df5958,3,494.74851033127914,510
R_dipaxis_s0.1,992c99e8,0,2162.5044469764653,999
R_dipaxis_s0.1,992c99e8,1,21559.466771570376,1000
R_dipaxis_s0.1,992c99e8,2,72431.81798868027,1000
R_dipaxis_s0.1,992c99e8,3,312740.13973751134,1000
R_dipaxis_s0.1,992c99e8,4,441905.7402569457,905
R_dipaxis_s0.15,992c99e8,0,1963.8571469062863,999
R_dipaxis_s0.15,992c99e8,1,20382.67967172297,1000
R_dipaxis_s0.15,992c99e8,2,64978.11061134706,1000
R_dipaxis_s0.15,992c99e8,3,288783.9040177737,1000
R_dipaxis_s0.15,992c99e8,4,436988.96378670976,905
R_dipaxis_s0.2,992c99e8,0,1776.0152644644552,999
R_dipaxis_s0.2,992c99e8,1,19257.211848119652,1000
R_dipaxis_s0.2,992c99e8,2,57934.76821955906,1000
R_dipaxis_s0.2,992c99e8,3,265888.49973902776,1000
R_dipaxis_s0.2,992c99e8,4,432166.06748398894,905
R_dipaxis_s0.1,0955cd6c,0,3129.5695568836895,999
R_dipaxis_s0.1,0955cd6c,1,22792.67307981539,1000
R_dipaxis_s0.1,0955cd6c,2,61372.29963276147,1000
R_dipaxis_s0.1,0955cd6c,3,8262.986178499068,1000
R_dipaxis_s0.1,0955cd6c,4,57454.464944636275,1000
R_dipaxis_s0.1,0955cd6c,5,6934.566479609336,196
R_dipaxis_s0.15,0955cd6c,0,3636.0855647332005,999
R_dipaxis_s0.15,0955cd6c,1,24433.754966802382,1000
R_dipaxis_s0.15,0955cd6c,2,39797.43483435363,1000
R_dipaxis_s0.15,0955cd6c,3,2972.5318496978484,1000
R_dipaxis_s0.15,0955cd6c,4,32899.49557650977,1000
R_dipaxis_s0.15,0955cd6c,5,2849.598699300031,196
R_dipaxis_s0.2,0955cd6c,0,4526.591325521113,999
R_dipaxis_s0.2,0955cd6c,1,27860.427918509107,1000
R_dipaxis_s0.2,0955cd6c,2,23572.54859274702,1000
R_dipaxis_s0.2,0955cd6c,3,2842.978075525757,1000
R_dipaxis_s0.2,0955cd6c,4,16455.61488141359,1000
R_dipaxis_s0.2,0955cd6c,5,553.0747722465813,196
R_dipaxis_s0.1,8d92cb49,0,2626.57227612745,999
R_dipaxis_s0.1,8d92cb49,1,15976.504243961608,1000
R_dipaxis_s0.1,8d92cb49,2,20864.863716204014,1000
R_dipaxis_s0.1,8d92cb49,3,117417.22034170531,590
R_dipaxis_s0.15,8d92cb49,0,3655.8017701994745,999
R_dipaxis_s0.15,8d92cb49,1,12956.586523848646,1000
R_dipaxis_s0.15,8d92cb49,2,18105.282289834508,1000
R_dipaxis_s0.15,8d92cb49,3,108635.240238062,590
R_dipaxis_s0.2,8d92cb49,0,4967.3876016106615,999
R_dipaxis_s0.2,8d92cb49,1,10832.946142337936,1000
R_dipaxis_s0.2,8d92cb49,2,15592.914807148096,1000
R_dipaxis_s0.2,8d92cb49,3,100194.78155141456,590
R_dipaxis_s0.1,77e4821c,0,43860.31203388093,999
R_dipaxis_s0.1,77e4821c,1,99625.75290216965,1000
R_dipaxis_s0.1,77e4821c,2,310065.65251856134,1000
R_dipaxis_s0.1,77e4821c,3,416397.4127575826,1000
R_dipaxis_s0.1,77e4821c,4,1122323.4200682694,1000
R_dipaxis_s0.1,77e4821c,5,246537.26662068648,394
R_dipaxis_s0.15,77e4821c,0,39312.59945625308,999
R_dipaxis_s0.15,77e4821c,1,99040.56189994588,1000
R_dipaxis_s0.15,77e4821c,2,317324.19234929973,1000
R_dipaxis_s0.15,77e4821c,3,446700.5596125149,1000
R_dipaxis_s0.15,77e4821c,4,1185919.9429478152,1000
R_dipaxis_s0.15,77e4821c,5,283476.13944909745,394
R_dipaxis_s0.2,77e4821c,0,35027.16024891452,999
R_dipaxis_s0.2,77e4821c,1,98620.16549551897,1000
R_dipaxis_s0.2,77e4821c,2,324746.64709434495,1000
R_dipaxis_s0.2,77e4821c,3,478151.29181821423,1000
R_dipaxis_s0.2,77e4821c,4,1251470.2811576512,1000
R_dipaxis_s0.2,77e4821c,5,323072.2757895598,394
R_dipaxis_s0.1,7b2c7b3c,0,1411.1122636699984,999
R_dipaxis_s0.1,7b2c7b3c,1,51936.794417264566,1000
R_dipaxis_s0.1,7b2c7b3c,2,42827.33949912239,585
R_dipaxis_s0.15,7b2c7b3c,0,961.050801692772,999
R_dipaxis_s0.15,7b2c7b3c,1,47683.73333341538,1000
R_dipaxis_s0.15,7b2c7b3c,2,47745.61638650558,585
R_dipaxis_s0.2,7b2c7b3c,0,617.9261105081271,999
R_dipaxis_s0.2,7b2c7b3c,1,43686.432754580375,1000
R_dipaxis_s0.2,7b2c7b3c,2,53205.293565769985,585
R_dipaxis_s0.1,ab18d3fc,0,44159.88814481698,999
R_dipaxis_s0.1,ab18d3fc,1,18797.5599720397,1000
R_dipaxis_s0.1,ab18d3fc,2,173685.13761082976,1000
R_dipaxis_s0.1,ab18d3fc,3,262621.8406878189,1000
R_dipaxis_s0.1,ab18d3fc,4,361787.0569250009,1000
R_dipaxis_s0.1,ab18d3fc,5,291090.996274908,695
R_dipaxis_s0.15,ab18d3fc,0,47665.455431616734,999
R_dipaxis_s0.15,ab18d3fc,1,18907.26007490907,1000
R_dipaxis_s0.15,ab18d3fc,2,136610.88133293617,1000
R_dipaxis_s0.15,ab18d3fc,3,222470.8345152972,1000
R_dipaxis_s0.15,ab18d3fc,4,301166.39715666376,1000
R_dipaxis_s0.15,ab18d3fc,5,246217.57125404134,695
R_dipaxis_s0.2,ab18d3fc,0,51331.86292801091,999
R_dipaxis_s0.2,ab18d3fc,1,21121.411055678396,1000
R_dipaxis_s0.2,ab18d3fc,2,103997.47106617494,1000
R_dipaxis_s0.2,ab18d3fc,3,185661.4699984914,1000
R_dipaxis_s0.2,ab18d3fc,4,246141.95270110655,1000
R_dipaxis_s0.2,ab18d3fc,5,205109.9187609644,695
R_dipaxis_s0.1,84815d5a,0,136967.90529507527,999
R_dipaxis_s0.1,84815d5a,1,606081.2986017562,1000
R_dipaxis_s0.1,84815d5a,2,89446.6924013174,1000
R_dipaxis_s0.1,84815d5a,3,95764.98561263942,648
R_dipaxis_s0.15,84815d5a,0,119399.69380250653,999
R_dipaxis_s0.15,84815d5a,1,520271.6842743632,1000
R_dipaxis_s0.15,84815d5a,2,63104.79971760184,1000
R_dipaxis_s0.15,84815d5a,3,70298.53613144923,648
R_dipaxis_s0.2,84815d5a,0,103064.2625165399,999
R_dipaxis_s0.2,84815d5a,1,441178.1427281372,1000
R_dipaxis_s0.2,84815d5a,2,41410.07221097354,1000
R_dipaxis_s0.2,84815d5a,3,48858.34499192447,648
R_dipaxis_s0.1,0498acab,0,10624.12378296539,999
R_dipaxis_s0.1,0498acab,1,105479.36087803483,1000
R_dipaxis_s0.1,0498acab,2,16220.624049297756,1000
R_dipaxis_s0.1,0498acab,3,33359.65657611606,1000
R_dipaxis_s0.1,0498acab,4,12716.25042499026,799
R_dipaxis_s0.15,0498acab,0,10459.678923831869,999
R_dipaxis_s0.15,0498acab,1,106003.62139201324,1000
R_dipaxis_s0.15,0498acab,2,19191.33762873981,1000
R_dipaxis_s0.15,0498acab,3,41674.232603600154,1000
R_dipaxis_s0.15,0498acab,4,11713.32146141978,799
R_dipaxis_s0.2,0498acab,0,10431.628130955742,999
R_dipaxis_s0.2,0498acab,1,106625.11522263779,1000
R_dipaxis_s0.2,0498acab,2,23311.014211378206,1000
R_dipaxis_s0.2,0498acab,3,51470.24732403685,1000
R_dipaxis_s0.2,0498acab,4,12976.400113804231,799
R_dipaxis_s0.1,ea0b99b7,0,268698.79193028144,999
R_dipaxis_s0.1,ea0b99b7,1,49897.09947070066,1000
R_dipaxis_s0.1,ea0b99b7,2,53353.46222102913,1000
R_dipaxis_s0.1,ea0b99b7,3,174942.74546615573,1000
R_dipaxis_s0.1,ea0b99b7,4,189375.3996503569,1000
R_dipaxis_s0.1,ea0b99b7,5,65244.92733011454,1000
R_dipaxis_s0.1,ea0b99b7,6,86492.75726180694,1000
R_dipaxis_s0.1,ea0b99b7,7,305407.9405565636,1000
R_dipaxis_s0.1,ea0b99b7,8,62239.04601614572,1000
R_dipaxis_s0.1,ea0b99b7,9,38394.74984759897,240
R_dipaxis_s0.15,ea0b99b7,0,248544.91822348753,999
R_dipaxis_s0.15,ea0b99b7,1,48603.22952047023,1000
R_dipaxis_s0.15,ea0b99b7,2,52635.31830280938,1000
R_dipaxis_s0.15,ea0b99b7,3,170975.43224761233,1000
R_dipaxis_s0.15,ea0b99b7,4,179308.2306102417,1000
R_dipaxis_s0.15,ea0b99b7,5,58044.38344808634,1000
R_dipaxis_s0.15,ea0b99b7,6,87648.19246795394,1000
R_dipaxis_s0.15,ea0b99b7,7,302929.26331188786,1000
R_dipaxis_s0.15,ea0b99b7,8,73068.56421169032,1000
R_dipaxis_s0.15,ea0b99b7,9,40985.23748522083,240
R_dipaxis_s0.2,ea0b99b7,0,229187.0806020654,999
R_dipaxis_s0.2,ea0b99b7,1,47415.489046517316,1000
R_dipaxis_s0.2,ea0b99b7,2,51973.41973209643,1000
R_dipaxis_s0.2,ea0b99b7,3,167056.47432798473,1000
R_dipaxis_s0.2,ea0b99b7,4,169544.00512659206,1000
R_dipaxis_s0.2,ea0b99b7,5,51306.47953466494,1000
R_dipaxis_s0.2,ea0b99b7,6,88954.70352426036,1000
R_dipaxis_s0.2,ea0b99b7,7,300591.4264852343,1000
R_dipaxis_s0.2,ea0b99b7,8,84884.99163221281,1000
R_dipaxis_s0.2,ea0b99b7,9,43664.66856538973,240
R_dipaxis_s0.1,71642c7d,0,88709.23532460928,999
R_dipaxis_s0.1,71642c7d,1,277741.54752552666,1000
R_dipaxis_s0.1,71642c7d,2,17384.25958973587,1000
R_dipaxis_s0.1,71642c7d,3,82565.92004397008,1000
R_dipaxis_s0.1,71642c7d,4,19108.66236331959,649
R_dipaxis_s0.15,71642c7d,0,77491.89190417339,999
R_dipaxis_s0.15,71642c7d,1,234900.32299751212,1000
R_dipaxis_s0.15,71642c7d,2,16324.015692788325,1000
R_dipaxis_s0.15,71642c7d,3,68051.10070882605,1000
R_dipaxis_s0.15,71642c7d,4,15301.67745793566,649
R_dipaxis_s0.2,71642c7d,0,67040.93712857271,999
R_dipaxis_s0.2,71642c7d,1,195877.68304230375,1000
R_dipaxis_s0.2,71642c7d,2,16978.642434630478,1000
R_dipaxis_s0.2,71642c7d,3,55065.11333559071,1000
R_dipaxis_s0.2,71642c7d,4,12315.551894520653,649
R_dipaxis_s0.1,44441e54,0,6521.611730864767,999
R_dipaxis_s0.1,44441e54,1,13118.768111096588,1000
R_dipaxis_s0.1,44441e54,2,12430.650837597448,1000
R_dipaxis_s0.1,44441e54,3,6751.702680846274,1000
R_dipaxis_s0.1,44441e54,4,6970.478588059947,358
R_dipaxis_s0.15,44441e54,0,5633.214233445848,999
R_dipaxis_s0.15,44441e54,1,11824.754604408015,1000
R_dipaxis_s0.15,44441e54,2,13534.525177912523,1000
R_dipaxis_s0.15,44441e54,3,8336.202090736246,1000
R_dipaxis_s0.15,44441e54,4,3739.3184738253867,358
R_dipaxis_s0.2,44441e54,0,4824.916094126198,999
R_dipaxis_s0.2,44441e54,1,10776.028989561031,1000
R_dipaxis_s0.2,44441e54,2,14823.973565905862,1000
R_dipaxis_s0.2,44441e54,3,10868.784980270975,1000
R_dipaxis_s0.2,44441e54,4,1517.836454081142,358
R_dipaxis_s0.1,8f201368,0,380324.17636592203,999
R_dipaxis_s0.1,8f201368,1,1504630.8284695072,1000
R_dipaxis_s0.1,8f201368,2,869080.4971237873,1000
R_dipaxis_s0.1,8f201368,3,337249.91115575505,1000
R_dipaxis_s0.1,8f201368,4,986604.2646743096,1000
R_dipaxis_s0.1,8f201368,5,830465.8402400552,1000
R_dipaxis_s0.1,8f201368,6,245273.6926777577,350
R_dipaxis_s0.15,8f201368,0,355723.6994953996,999
R_dipaxis_s0.15,8f201368,1,1393109.488848121,1000
R_dipaxis_s0.15,8f201368,2,792455.9893011572,1000
R_dipaxis_s0.15,8f201368,3,293608.7621670753,1000
R_dipaxis_s0.15,8f201368,4,878935.9352864625,1000
R_dipaxis_s0.15,8f201368,5,746420.2924026854,1000
R_dipaxis_s0.15,8f201368,6,219881.52211043265,350
R_dipaxis_s0.2,8f201368,0,331950.1320225396,999
R_dipaxis_s0.2,8f201368,1,1285893.599755933,1000
R_dipaxis_s0.2,8f201368,2,719408.2350221487,1000
R_dipaxis_s0.2,8f201368,3,253009.45526733514,1000
R_dipaxis_s0.2,8f201368,4,777518.4395485792,1000
R_dipaxis_s0.2,8f201368,5,666863.2260936882,1000
R_dipaxis_s0.2,8f201368,6,195876.58940563057,350
R_dipaxis_s0.1,1550491d,0,69707.22028670915,999
R_dipaxis_s0.1,1550491d,1,400502.2182056697,1000
R_dipaxis_s0.1,1550491d,2,305310.97440555703,1000
R_dipaxis_s0.1,1550491d,3,428962.7025252318,1000
R_dipaxis_s0.1,1550491d,4,113548.3161649918,564
R_dipaxis_s0.15,1550491d,0,57134.013903196355,999
R_dipaxis_s0.15,1550491d,1,338183.90222398756,1000
R_dipaxis_s0.15,1550491d,2,237149.48484401486,1000
R_dipaxis_s0.15,1550491d,3,310035.75373902696,1000
R_dipaxis_s0.15,1550491d,4,76253.36351007213,564
R_dipaxis_s0.2,1550491d,0,45873.128301777164,999
R_dipaxis_s0.2,1550491d,1,281241.53415263945,1000
R_dipaxis_s0.2,1550491d,2,178136.02160627142,1000
R_dipaxis_s0.2,1550491d,3,210471.11252028443,1000
R_dipaxis_s0.2,1550491d,4,46381.16246354799,564
R_dipaxis_s0.1,f49fdea3,0,113257.48074857442,999
R_dipaxis_s0.1,f49fdea3,1,146166.93411239874,1000
R_dipaxis_s0.1,f49fdea3,2,119244.16938152067,1000
R_dipaxis_s0.1,f49fdea3,3,291748.639332279,1000
R_dipaxis_s0.1,f49fdea3,4,424328.6605046584,1000
R_dipaxis_s0.1,f49fdea3,5,152566.2119331606,392
R_dipaxis_s0.15,f49fdea3,0,112570.7027068871,999
R_dipaxis_s0.15,f49fdea3,1,163673.52742958252,1000
R_dipaxis_s0.15,f49fdea3,2,144100.7269546037,1000
R_dipaxis_s0.15,f49fdea3,3,352741.9031817273,1000
R_dipaxis_s0.15,f49fdea3,4,530286.3367468029,1000
R_dipaxis_s0.15,f49fdea3,5,191796.66373196416,392
R_dipaxis_s0.2,f49fdea3,0,111948.09715455344,999
R_dipaxis_s0.2,f49fdea3,1,182531.82268742716,1000
R_dipaxis_s0.2,f49fdea3,2,171336.95828257257,1000
R_dipaxis_s0.2,f49fdea3,3,419611.27975338575,1000
R_dipaxis_s0.2,f49fdea3,4,648092.7757488298,1000
R_dipaxis_s0.2,f49fdea3,5,235560.6961189167,392
R_dipaxis_s0.1,9c8375f7,0,9535.211103050016,999
R_dipaxis_s0.1,9c8375f7,1,129898.12248035212,1000
R_dipaxis_s0.1,9c8375f7,2,8759.315780842584,1000
R_dipaxis_s0.1,9c8375f7,3,1509.4940572522137,675
R_dipaxis_s0.15,9c8375f7,0,13112.99860309601,999
R_dipaxis_s0.15,9c8375f7,1,161231.53891755504,1000
R_dipaxis_s0.15,9c8375f7,2,24527.872107590887,1000
R_dipaxis_s0.15,9c8375f7,3,5570.661603286767,675
R_dipaxis_s0.2,9c8375f7,0,17291.634935488102,999
R_dipaxis_s0.2,9c8375f7,1,196401.4496527725,1000
R_dipaxis_s0.2,9c8375f7,2,51323.04395855885,1000
R_dipaxis_s0.2,9c8375f7,3,23640.038527595996,675
R_dipaxis_s0.1,43e16325,0,24254.23246363495,999
R_dipaxis_s0.1,43e16325,1,445452.3841174332,1000
R_dipaxis_s0.1,43e16325,2,2005970.7961286851,1000
R_dipaxis_s0.1,43e16325,3,2728692.9373348854,721
R_dipaxis_s0.15,43e16325,0,14473.484165426797,999
R_dipaxis_s0.15,43e16325,1,323892.04364652996,1000
R_dipaxis_s0.15,43e16325,2,1601814.7272132554,1000
R_dipaxis_s0.15,43e16325,3,2167544.8463398907,721
R_dipaxis_s0.2,43e16325,0,7307.783947199871,999
R_dipaxis_s0.2,43e16325,1,221908.08548921088,1000
R_dipaxis_s0.2,43e16325,2,1243423.3127446289,1000
R_dipaxis_s0.2,43e16325,3,1670977.2248699346,721
R_dipaxis_s0.1,0849b4e2,0,977.9168511782862,999
R_dipaxis_s0.1,0849b4e2,1,2407.448924774119,1000
R_dipaxis_s0.1,0849b4e2,2,10702.10825241145,1000
R_dipaxis_s0.1,0849b4e2,3,50590.00744753892,1000
R_dipaxis_s0.1,0849b4e2,4,281980.13336722925,1000
R_dipaxis_s0.1,0849b4e2,5,413404.0443950752,538
R_dipaxis_s0.15,0849b4e2,0,929.1286162631992,999
R_dipaxis_s0.15,0849b4e2,1,3316.2141332390706,1000
R_dipaxis_s0.15,0849b4e2,2,15382.035078881521,1000
R_dipaxis_s0.15,0849b4e2,3,32216.07489830649,1000
R_dipaxis_s0.15,0849b4e2,4,206891.97010284895,1000
R_dipaxis_s0.15,0849b4e2,5,333705.81026626687,538
R_dipaxis_s0.2,0849b4e2,0,908.740407678592,999
R_dipaxis_s0.2,0849b4e2,1,4453.954739089358,1000
R_dipaxis_s0.2,0849b4e2,2,21270.6004055285,1000
R_dipaxis_s0.2,0849b4e2,3,18648.75873373822,1000
R_dipaxis_s0.2,0849b4e2,4,143471.6430731348,1000
R_dipaxis_s0.2,0849b4e2,5,262640.18008655775,538
R_dipaxis_s0.1,3690a146,0,60196.71891717467,999
R_dipaxis_s0.1,3690a146,1,25366.615380586503,1000
R_dipaxis_s0.1,3690a146,2,14017.718395226388,1000
R_dipaxis_s0.1,3690a146,3,152974.88977945514,1000
R_dipaxis_s0.1,3690a146,4,11348.715029933128,74
R_dipaxis_s0.15,3690a146,0,54086.99918961588,999
R_dipaxis_s0.15,3690a146,1,28422.57150887238,1000
R_dipaxis_s0.15,3690a146,2,23199.250581659737,1000
R_dipaxis_s0.15,3690a146,3,181790.58825652956,1000
R_dipaxis_s0.15,3690a146,4,13757.64763839849,74
R_dipaxis_s0.2,3690a146,0,48316.24897129112,999
R_dipaxis_s0.2,3690a146,1,31707.635562486885,1000
R_dipaxis_s0.2,3690a146,2,35027.8133939727,1000
R_dipaxis_s0.2,3690a146,3,213115.42975850086,1000
R_dipaxis_s0.2,3690a146,4,16398.304475863548,74
R_dipaxis_s0.1,a0e92ed6,0,29933.563381313124,999
R_dipaxis_s0.1,a0e92ed6,1,18385.189259781204,1000
R_dipaxis_s0.1,a0e92ed6,2,32892.03342728451,1000
R_dipaxis_s0.1,a0e92ed6,3,16546.969334562244,1000
R_dipaxis_s0.1,a0e92ed6,4,180663.12256652777,898
R_dipaxis_s0.15,a0e92ed6,0,32057.484445195496,999
R_dipaxis_s0.15,a0e92ed6,1,18033.686493016903,1000
R_dipaxis_s0.15,a0e92ed6,2,34256.0636904663,1000
R_dipaxis_s0.15,a0e92ed6,3,14119.775130272,1000
R_dipaxis_s0.15,a0e92ed6,4,160945.0638305398,898
R_dipaxis_s0.2,a0e92ed6,0,34331.28725789657,999
R_dipaxis_s0.2,a0e92ed6,1,17826.25219514981,1000
R_dipaxis_s0.2,a0e92ed6,2,35715.440153342875,1000
R_dipaxis_s0.2,a0e92ed6,3,12142.93594493234,1000
R_dipaxis_s0.2,a0e92ed6,4,142390.14874838133,898
R_dipaxis_s0.1,a15bc102,0,793.8931963407163,999
R_dipaxis_s0.1,a15bc102,1,5128.428839023552,1000
R_dipaxis_s0.1,a15bc102,2,14710.341564721552,1000
R_dipaxis_s0.1,a15bc102,3,10585.74316336259,237
R_dipaxis_s0.15,a15bc102,0,966.4601269314849,999
R_dipaxis_s0.15,a15bc102,1,5939.694017652781,1000
R_dipaxis_s0.15,a15bc102,2,18245.20974124851,1000
R_dipaxis_s0.15,a15bc102,3,12114.09057186218,237
R_dipaxis_s0.2,a15bc102,0,1162.7975458026704,999
R_dipaxis_s0.2,a15bc102,1,6833.498669026604,1000
R_dipaxis_s0.2,a15bc102,2,22369.339980552184,1000
R_dipaxis_s0.2,a15bc102,3,13746.17019824037,237
R_dipaxis_s0.1,69c1bdad,0,65567.86256615283,999
R_dipaxis_s0.1,69c1bdad,1,72090.98295322683,1000
R_dipaxis_s0.1,69c1bdad,2,83230.55216244557,715
R_dipaxis_s0.15,69c1bdad,0,65184.94823784245,999
R_dipaxis_s0.15,69c1bdad,1,58856.23946931375,1000
R_dipaxis_s0.15,69c1bdad,2,80814.01468527854,715
R_dipaxis_s0.2,69c1bdad,0,64919.38520193618,999
R_dipaxis_s0.2,69c1bdad,1,47217.8754117214,1000
R_dipaxis_s0.2,69c1bdad,2,79070.70576918522,715
R_dipaxis_s0.1,f88ddb26,0,94519.90938349137,999
R_dipaxis_s0.1,f88ddb26,1,1293762.223522686,1000
R_dipaxis_s0.1,f88ddb26,2,3724168.245193165,1000
R_dipaxis_s0.1,f88ddb26,3,2504720.1184022063,1000
R_dipaxis_s0.1,f88ddb26,4,1202779.3275612232,991
R_dipaxis_s0.15,f88ddb26,0,72180.28253850901,999
R_dipaxis_s0.15,f88ddb26,1,1040371.4130513003,1000
R_dipaxis_s0.15,f88ddb26,2,3067272.0002335035,1000
R_dipaxis_s0.15,f88ddb26,3,1948907.0649631384,1000
R_dipaxis_s0.15,f88ddb26,4,849602.7610653541,991
R_dipaxis_s0.2,f88ddb26,0,52938.25726903499,999
R_dipaxis_s0.2,f88ddb26,1,814753.9334247361,1000
R_dipaxis_s0.2,f88ddb26,2,2474091.19306964,1000
R_dipaxis_s0.2,f88ddb26,3,1464497.6388305924,1000
R_dipaxis_s0.2,f88ddb26,4,557696.3517184742,991
R_dipaxis_s0.1,c1708b88,0,5437.1645145208895,999
R_dipaxis_s0.1,c1708b88,1,106104.16096340936,1000
R_dipaxis_s0.1,c1708b88,2,840591.3645492209,1000
R_dipaxis_s0.1,c1708b88,3,257187.02748088582,1000
R_dipaxis_s0.1,c1708b88,4,389168.35122337326,1000
R_dipaxis_s0.1,c1708b88,5,693914.238177918,1000
R_dipaxis_s0.1,c1708b88,6,70392.93814815662,316
R_dipaxis_s0.15,c1708b88,0,7486.248656656519,999
R_dipaxis_s0.15,c1708b88,1,85915.76177578974,1000
R_dipaxis_s0.15,c1708b88,2,789646.5714696326,1000
R_dipaxis_s0.15,c1708b88,3,294119.3611101304,1000
R_dipaxis_s0.15,c1708b88,4,448885.8848104196,1000
R_dipaxis_s0.15,c1708b88,5,802146.4469127813,1000
R_dipaxis_s0.15,c1708b88,6,99989.68368655525,316
R_dipaxis_s0.2,c1708b88,0,10141.245922042777,999
R_dipaxis_s0.2,c1708b88,1,69565.03254194972,1000
R_dipaxis_s0.2,c1708b88,2,741308.202753894,1000
R_dipaxis_s0.2,c1708b88,3,333658.20329856855,1000
R_dipaxis_s0.2,c1708b88,4,512875.05851436313,1000
R_dipaxis_s0.2,c1708b88,5,918737.9931115692,1000
R_dipaxis_s0.2,c1708b88,6,135274.48853449983,316
R_dipaxis_s0.1,71ccf778,0,21899.198310484833,999
R_dipaxis_s0.1,71ccf778,1,53129.01847553131,1000
R_dipaxis_s0.1,71ccf778,2,21833.38339393126,699
R_dipaxis_s0.15,71ccf778,0,23621.917981932664,999
R_dipaxis_s0.15,71ccf778,1,62156.254314537655,1000
R_dipaxis_s0.15,71ccf778,2,22164.31913393683,699
R_dipaxis_s0.2,71ccf778,0,25564.741897516593,999
R_dipaxis_s0.2,71ccf778,1,72040.79475436766,1000
R_dipaxis_s0.2,71ccf778,2,22632.360202633103,699
R_dipaxis_s0.1,1a68190b,0,30354.94763563171,999
R_dipaxis_s0.1,1a68190b,1,513383.888839518,1000
R_dipaxis_s0.1,1a68190b,2,468407.71303645906,1000
R_dipaxis_s0.1,1a68190b,3,78979.2491225472,1000
R_dipaxis_s0.1,1a68190b,4,25679.997623212515,475
R_dipaxis_s0.15,1a68190b,0,29243.901995198263,999
R_dipaxis_s0.15,1a68190b,1,494845.6293426775,1000
R_dipaxis_s0.15,1a68190b,2,450596.7729283539,1000
R_dipaxis_s0.15,1a68190b,3,71685.67319302786,1000
R_dipaxis_s0.15,1a68190b,4,26719.156833152327,475
R_dipaxis_s0.2,1a68190b,0,28176.74654926502,999
R_dipaxis_s0.2,1a68190b,1,476659.1987347683,1000
R_dipaxis_s0.2,1a68190b,2,433237.69670268736,1000
R_dipaxis_s0.2,1a68190b,3,64770.7591029796,1000
R_dipaxis_s0.2,1a68190b,4,27787.687775314673,475
R_dipaxis_s0.1,1aaf1da0,0,828.4829488029286,999
R_dipaxis_s0.1,1aaf1da0,1,25811.264757960595,1000
R_dipaxis_s0.1,1aaf1da0,2,210131.1898573744,1000
R_dipaxis_s0.1,1aaf1da0,3,171998.09108001634,1000
R_dipaxis_s0.1,1aaf1da0,4,170060.53783355557,805
R_dipaxis_s0.15,1aaf1da0,0,635.5704753501248,999
R_dipaxis_s0.15,1aaf1da0,1,28172.78709886157,1000
R_dipaxis_s0.15,1aaf1da0,2,229037.62837497398,1000
R_dipaxis_s0.15,1aaf1da0,3,203862.97837629472,1000
R_dipaxis_s0.15,1aaf1da0,4,212519.41001660126,805
R_dipaxis_s0.2,1aaf1da0,0,536.8422366618091,999
R_dipaxis_s0.2,1aaf1da0,1,30791.56448103853,1000
R_dipaxis_s0.2,1aaf1da0,2,248870.02655183533,1000
R_dipaxis_s0.2,1aaf1da0,3,238446.037976744,1000
R_dipaxis_s0.2,1aaf1da0,4,259786.79197715202,805
R_dipaxis_s0.1,015fe0d2,0,16978.924756633503,999
R_dipaxis_s0.1,015fe0d2,1,245562.21143781405,1000
R_dipaxis_s0.1,015fe0d2,2,972543.0131091268,1000
R_dipaxis_s0.1,015fe0d2,3,633278.0755332711,1000
R_dipaxis_s0.1,015fe0d2,4,128338.18843168297,297
R_dipaxis_s0.15,015fe0d2,0,15456.812152098346,999
R_dipaxis_s0.15,015fe0d2,1,230364.65424242246,1000
R_dipaxis_s0.15,015fe0d2,2,918179.3124842263,1000
R_dipaxis_s0.15,015fe0d2,3,576876.9801177793,1000
R_dipaxis_s0.15,015fe0d2,4,111593.36878441104,297
R_dipaxis_s0.2,015fe0d2,0,14014.871292327243,999
R_dipaxis_s0.2,015fe0d2,1,215677.68790415645,1000
R_dipaxis_s0.2,015fe0d2,2,865391.6677730032,1000
R_dipaxis_s0.2,015fe0d2,3,523180.9568141902,1000
R_dipaxis_s0.2,015fe0d2,4,96022.24449505846,297
R_dipaxis_s0.1,d4f60a28,0,35586.48074474256,999
R_dipaxis_s0.1,d4f60a28,1,55881.58311282538,1000
R_dipaxis_s0.1,d4f60a28,2,68050.6688546997,1000
R_dipaxis_s0.1,d4f60a28,3,5147.135930171411,1000
R_dipaxis_s0.1,d4f60a28,4,4085.4922820416373,502
R_dipaxis_s0.15,d4f60a28,0,34588.869477070366,999
R_dipaxis_s0.15,d4f60a28,1,55163.09235766339,1000
R_dipaxis_s0.15,d4f60a28,2,71994.3096519769,1000
R_dipaxis_s0.15,d4f60a28,3,3140.1976177927736,1000
R_dipaxis_s0.15,d4f60a28,4,5025.036084077637,502
R_dipaxis_s0.2,d4f60a28,0,33617.366782700854,999
R_dipaxis_s0.2,d4f60a28,1,54745.929194783705,1000
R_dipaxis_s0.2,d4f60a28,2,76364.65479587065,1000
R_dipaxis_s0.2,d4f60a28,3,2144.7822871052513,1000
R_dipaxis_s0.2,d4f60a28,4,6081.209060123169,502
R_dipaxis_s0.1,060ab2b8,0,24911.337648910765,999
R_dipaxis_s0.1,060ab2b8,1,15706.992356899373,1000
R_dipaxis_s0.1,060ab2b8,2,30964.099136860164,1000
R_dipaxis_s0.1,060ab2b8,3,50550.29433474745,1000
R_dipaxis_s0.1,060ab2b8,4,37211.57932387253,1000
R_dipaxis_s0.1,060ab2b8,5,82156.82186854888,1000
R_dipaxis_s0.1,060ab2b8,6,35409.346638761344,259
R_dipaxis_s0.15,060ab2b8,0,21461.62785650932,999
R_dipaxis_s0.15,060ab2b8,1,11314.502185355817,1000
R_dipaxis_s0.15,060ab2b8,2,20867.253141322843,1000
R_dipaxis_s0.15,060ab2b8,3,39214.71258230204,1000
R_dipaxis_s0.15,060ab2b8,4,43906.108749375344,1000
R_dipaxis_s0.15,060ab2b8,5,42889.80693436186,1000
R_dipaxis_s0.15,060ab2b8,6,19582.800101051434,259
R_dipaxis_s0.2,060ab2b8,0,18271.32918620304,999
R_dipaxis_s0.2,060ab2b8,1,7653.597447149432,1000
R_dipaxis_s0.2,060ab2b8,2,12818.248936473441,1000
R_dipaxis_s0.2,060ab2b8,3,30152.580683310945,1000
R_dipaxis_s0.2,060ab2b8,4,54379.20711725625,1000
R_dipaxis_s0.2,060ab2b8,5,16470.54098786893,1000
R_dipaxis_s0.2,060ab2b8,6,8516.612391948116,259
R_dipaxis_s0.1,e85074c5,0,124897.23795203544,999
R_dipaxis_s0.1,e85074c5,1,227512.77654896054,1000
R_dipaxis_s0.1,e85074c5,2,211972.61777181152,1000
R_dipaxis_s0.1,e85074c5,3,130658.6249752054,1000
R_dipaxis_s0.1,e85074c5,4,211540.17429303078,1000
R_dipaxis_s0.1,e85074c5,5,194848.65323671792,676
R_dipaxis_s0.15,e85074c5,0,119276.32081556531,999
R_dipaxis_s0.15,e85074c5,1,228606.97527563525,1000
R_dipaxis_s0.15,e85074c5,2,238727.90079972384,1000
R_dipaxis_s0.15,e85074c5,3,182561.500779483,1000
R_dipaxis_s0.15,e85074c5,4,302185.99110291776,1000
R_dipaxis_s0.15,e85074c5,5,283987.16770396085,676
R_dipaxis_s0.2,e85074c5,0,113799.48927077443,999
R_dipaxis_s0.2,e85074c5,1,229739.57337044753,1000
R_dipaxis_s0.2,e85074c5,2,267310.7539223137,1000
R_dipaxis_s0.2,e85074c5,3,244093.98039487944,1000
R_dipaxis_s0.2,e85074c5,4,409804.9810217184,1000
R_dipaxis_s0.2,e85074c5,5,390236.53243713174,676
R_dipaxis_s0.1,eba6605e,0,171084.56718862124,999
R_dipaxis_s0.1,eba6605e,1,19323.59140245551,1000
R_dipaxis_s0.1,eba6605e,2,6510.73751635355,1000
R_dipaxis_s0.1,eba6605e,3,192278.90695904757,1000
R_dipaxis_s0.1,eba6605e,4,82790.9755958917,411
R_dipaxis_s0.15,eba6605e,0,156969.39762509716,999
R_dipaxis_s0.15,eba6605e,1,17235.750566041334,1000
R_dipaxis_s0.15,eba6605e,2,8198.380889333313,1000
R_dipaxis_s0.15,eba6605e,3,87097.94982862248,1000
R_dipaxis_s0.15,eba6605e,4,28297.154121231943,411
R_dipaxis_s0.2,eba6605e,0,143462.07375635696,999
R_dipaxis_s0.2,eba6605e,1,16332.098937868077,1000
R_dipaxis_s0.2,eba6605e,2,21665.732638851394,1000
R_dipaxis_s0.2,eba6605e,3,25388.499424908274,1000
R_dipaxis_s0.2,eba6605e,4,2498.873931506744,411
R_dipaxis_s0.1,1fdbba44,0,8558.035195612922,999
R_dipaxis_s0.1,1fdbba44,1,37180.05956455434,1000
R_dipaxis_s0.1,1fdbba44,2,75728.74168348861,1000
R_dipaxis_s0.1,1fdbba44,3,235159.40550686416,1000
R_dipaxis_s0.1,1fdbba44,4,123477.09448894756,912
R_dipaxis_s0.15,1fdbba44,0,7251.04582287729,999
R_dipaxis_s0.15,1fdbba44,1,47763.46320597924,1000
R_dipaxis_s0.15,1fdbba44,2,116047.29455001927,1000
R_dipaxis_s0.15,1fdbba44,3,347806.4016230193,1000
R_dipaxis_s0.15,1fdbba44,4,210237.40255211736,912
R_dipaxis_s0.2,1fdbba44,0,6092.750436446878,999
R_dipaxis_s0.2,1fdbba44,1,60061.27675350183,1000
R_dipaxis_s0.2,1fdbba44,2,166073.77863307335,1000
R_dipaxis_s0.2,1fdbba44,3,483218.83048098756,1000
R_dipaxis_s0.2,1fdbba44,4,324369.76569441654,912
R_dipaxis_s0.1,e4726608,0,69372.44886149309,999
R_dipaxis_s0.1,e4726608,1,30484.154167233635,1000
R_dipaxis_s0.1,e4726608,2,31578.471667283742,1000
R_dipaxis_s0.1,e4726608,3,12484.05674301461,1000
R_dipaxis_s0.1,e4726608,4,16111.59499480503,734
R_dipaxis_s0.15,e4726608,0,62786.744924778744,999
R_dipaxis_s0.15,e4726608,1,27321.53194276467,1000
R_dipaxis_s0.15,e4726608,2,30041.34738359027,1000
R_dipaxis_s0.15,e4726608,3,13009.479855522068,1000
R_dipaxis_s0.15,e4726608,4,14918.070276225812,734
R_dipaxis_s0.2,e4726608,0,56545.71774309177,999
R_dipaxis_s0.2,e4726608,1,24423.308946238332,1000
R_dipaxis_s0.2,e4726608,2,28567.422755007654,1000
R_dipaxis_s0.2,e4726608,3,13553.281695364334,1000
R_dipaxis_s0.2,e4726608,4,13773.35838032524,734
R_dipaxis_s0.1,5def1ce5,0,28436.883079936975,999
R_dipaxis_s0.1,5def1ce5,1,153798.04852246487,1000
R_dipaxis_s0.1,5def1ce5,2,158560.64781233153,1000
R_dipaxis_s0.1,5def1ce5,3,11327.510571940405,1000
R_dipaxis_s0.1,5def1ce5,4,34487.479084951396,1000
R_dipaxis_s0.1,5def1ce5,5,8814.352763997234,1000
R_dipaxis_s0.1,5def1ce5,6,4391.215062833492,444
R_dipaxis_s0.15,5def1ce5,0,21713.92278100692,999
R_dipaxis_s0.15,5def1ce5,1,151750.20998753628,1000
R_dipaxis_s0.15,5def1ce5,2,155845.79417738176,1000
R_dipaxis_s0.15,5def1ce5,3,9574.059138952009,1000
R_dipaxis_s0.15,5def1ce5,4,42486.08656367016,1000
R_dipaxis_s0.15,5def1ce5,5,8910.661295548101,1000
R_dipaxis_s0.15,5def1ce5,6,4555.393692103019,444
R_dipaxis_s0.2,5def1ce5,0,15954.574789474604,999
R_dipaxis_s0.2,5def1ce5,1,149841.37392183905,1000
R_dipaxis_s0.2,5def1ce5,2,153186.44414836226,1000
R_dipaxis_s0.2,5def1ce5,3,8416.96812665653,1000
R_dipaxis_s0.2,5def1ce5,4,51381.45109988734,1000
R_dipaxis_s0.2,5def1ce5,5,9018.375326798763,1000
R_dipaxis_s0.2,5def1ce5,6,4722.655853273967,444
R_dipaxis_s0.1,bcebcc5f,0,353309.2214786281,999
R_dipaxis_s0.1,bcebcc5f,1,633930.5623144611,1000
R_dipaxis_s0.1,bcebcc5f,2,805643.4946498036,1000
R_dipaxis_s0.1,bcebcc5f,3,171895.64551468985,1000
R_dipaxis_s0.1,bcebcc5f,4,479088.8468372148,1000
R_dipaxis_s0.1,bcebcc5f,5,951690.0328052565,1000
R_dipaxis_s0.1,bcebcc5f,6,400901.42373808764,259
R_dipaxis_s0.15,bcebcc5f,0,334490.6200698623,999
R_dipaxis_s0.15,bcebcc5f,1,616779.2987824121,1000
R_dipaxis_s0.15,bcebcc5f,2,797634.5178996916,1000
R_dipaxis_s0.15,bcebcc5f,3,192570.2453052104,1000
R_dipaxis_s0.15,bcebcc5f,4,500337.9709007959,1000
R_dipaxis_s0.15,bcebcc5f,5,1002286.064968364,1000
R_dipaxis_s0.15,bcebcc5f,6,418746.8558452104,259
R_dipaxis_s0.2,bcebcc5f,0,316217.52892903786,999
R_dipaxis_s0.2,bcebcc5f,1,599867.7427241635,1000
R_dipaxis_s0.2,bcebcc5f,2,789919.1117662238,1000
R_dipaxis_s0.2,bcebcc5f,3,214428.74291784063,1000
R_dipaxis_s0.2,bcebcc5f,4,522111.7487610207,1000
R_dipaxis_s0.2,bcebcc5f,5,1054319.2467384448,1000
R_dipaxis_s0.2,bcebcc5f,6,436981.28957771463,259
R_dipaxis_s0.1,833af382,0,171126.898264338,999
R_dipaxis_s0.1,833af382,1,112522.97681177345,1000
R_dipaxis_s0.1,833af382,2,290525.77823484596,1000
R_dipaxis_s0.1,833af382,3,30711.00317427253,629
R_dipaxis_s0.15,833af382,0,168888.93911679953,999
R_dipaxis_s0.15,833af382,1,120140.73714247465,1000
R_dipaxis_s0.15,833af382,2,327212.78608651477,1000
R_dipaxis_s0.15,833af382,3,52817.55739815082,629
R_dipaxis_s0.2,833af382,0,166727.08361612732,999
R_dipaxis_s0.2,833af382,1,130700.83758972073,1000
R_dipaxis_s0.2,833af382,2,368052.132327684,1000
R_dipaxis_s0.2,833af382,3,81094.74077985693,629
R_dipaxis_s0.1,c9e980e8,0,851.2249622059421,999
R_dipaxis_s0.1,c9e980e8,1,2172.6213710939332,1000
R_dipaxis_s0.1,c9e980e8,2,142540.5310801632,1000
R_dipaxis_s0.1,c9e980e8,3,221504.84100659806,1000
R_dipaxis_s0.1,c9e980e8,4,94801.94531086193,360
R_dipaxis_s0.15,c9e980e8,0,1018.2623996696059,999
R_dipaxis_s0.15,c9e980e8,1,3075.3920403017564,1000
R_dipaxis_s0.15,c9e980e8,2,141301.4284232747,1000
R_dipaxis_s0.15,c9e980e8,3,237275.90413945875,1000
R_dipaxis_s0.15,c9e980e8,4,105467.95655102623,360
R_dipaxis_s0.2,c9e980e8,0,1215.8424747071385,999
R_dipaxis_s0.2,c9e980e8,1,4147.922165283526,1000
R_dipaxis_s0.2,c9e980e8,2,140144.71710173975,1000
R_dipaxis_s0.2,c9e980e8,3,253637.3435253631,1000
R_dipaxis_s0.2,c9e980e8,4,116707.42981434875,360
R_dipaxis_s0.1,94d813a4,0,23589.970731476595,999
R_dipaxis_s0.1,94d813a4,1,152164.0928425267,1000
R_dipaxis_s0.1,94d813a4,2,583367.5544738907,1000
R_dipaxis_s0.1,94d813a4,3,2457092.4845848996,1000
R_dipaxis_s0.1,94d813a4,4,2549743.2906695427,848
R_dipaxis_s0.15,94d813a4,0,21723.624358453242,999
R_dipaxis_s0.15,94d813a4,1,144341.82912258818,1000
R_dipaxis_s0.15,94d813a4,2,535912.7474048953,1000
R_dipaxis_s0.15,94d813a4,3,2306270.992270187,1000
R_dipaxis_s0.15,94d813a4,4,2389704.5209086197,848
R_dipaxis_s0.2,94d813a4,0,19949.558592923146,999
R_dipaxis_s0.2,94d813a4,1,136788.932408518,1000
R_dipaxis_s0.2,94d813a4,2,490533.5668986117,1000
R_dipaxis_s0.2,94d813a4,3,2160264.094217396,1000
R_dipaxis_s0.2,94d813a4,4,2234888.5460839137,848
R_dipaxis_s0.1,481de5fc,0,52238.67822112005,999
R_dipaxis_s0.1,481de5fc,1,263330.74621133227,1000
R_dipaxis_s0.1,481de5fc,2,406861.65029133135,1000
R_dipaxis_s0.1,481de5fc,3,330054.97519330034,1000
R_dipaxis_s0.1,481de5fc,4,234495.35537404523,1000
R_dipaxis_s0.1,481de5fc,5,144355.44350126956,953
R_dipaxis_s0.15,481de5fc,0,51916.68106184169,999
R_dipaxis_s0.15,481de5fc,1,274036.603116573,1000
R_dipaxis_s0.15,481de5fc,2,454322.4272564611,1000
R_dipaxis_s0.15,481de5fc,3,398827.0038907487,1000
R_dipaxis_s0.15,481de5fc,4,283870.7979632667,1000
R_dipaxis_s0.15,481de5fc,5,152734.63466313988,953
R_dipaxis_s0.2,481de5fc,0,51643.86978933674,999
R_dipaxis_s0.2,481de5fc,1,285090.76582153386,1000
R_dipaxis_s0.2,481de5fc,2,504823.88816789945,1000
R_dipaxis_s0.2,481de5fc,3,474326.59972206777,1000
R_dipaxis_s0.2,481de5fc,4,338040.1622539571,1000
R_dipaxis_s0.2,481de5fc,5,162216.66313249947,953
R_dipaxis_s0.1,861e71df,0,351.3857853490741,999
R_dipaxis_s0.1,861e71df,1,37803.31643303656,1000
R_dipaxis_s0.1,861e71df,2,145885.44416377315,1000
R_dipaxis_s0.1,861e71df,3,257431.0912034708,1000
R_dipaxis_s0.1,861e71df,4,132269.37877663522,701
R_dipaxis_s0.15,861e71df,0,181.97185829480102,999
R_dipaxis_s0.15,861e71df,1,38498.766192474715,1000
R_dipaxis_s0.15,861e71df,2,137514.3702535175,1000
R_dipaxis_s0.15,861e71df,3,239815.124694327,1000
R_dipaxis_s0.15,861e71df,4,133527.11963248448,701
R_dipaxis_s0.2,861e71df,0,92.14991808834101,999
R_dipaxis_s0.2,861e71df,1,39231.63708052342,1000
R_dipaxis_s0.2,861e71df,2,129509.02098182811,1000
R_dipaxis_s0.2,861e71df,3,222864.68227792755,1000
R_dipaxis_s0.2,861e71df,4,134873.98366668637,701
R_dipaxis_s0.1,d50c649a,0,134146.45841691527,999
R_dipaxis_s0.1,d50c649a,1,41917.6701739118,1000
R_dipaxis_s0.1,d50c649a,2,43947.49652167067,1000
R_dipaxis_s0.1,d50c649a,3,65498.16720211989,1000
R_dipaxis_s0.1,d50c649a,4,77653.43817223742,874
R_dipaxis_s0.15,d50c649a,0,128524.51317454713,999
R_dipaxis_s0.15,d50c649a,1,47974.66327802542,1000
R_dipaxis_s0.15,d50c649a,2,63069.309247422185,1000
R_dipaxis_s0.15,d50c649a,3,105178.77800227304,1000
R_dipaxis_s0.15,d50c649a,4,129444.13887572783,874
R_dipaxis_s0.2,d50c649a,0,123040.17056496274,999
R_dipaxis_s0.2,d50c649a,1,55451.63029357813,1000
R_dipaxis_s0.2,d50c649a,2,86545.16538311678,1000
R_dipaxis_s0.2,d50c649a,3,154275.62163515564,1000
R_dipaxis_s0.2,d50c649a,4,194422.16262413343,874
R_dipaxis_s0.1,fcfcc902,0,37548.92610868194,999
R_dipaxis_s0.1,fcfcc902,1,40212.52720216145,1000
R_dipaxis_s0.1,fcfcc902,2,40710.54271390319,792
R_dipaxis_s0.15,fcfcc902,0,32052.76934202086,999
R_dipaxis_s0.15,fcfcc902,1,28501.59427793831,1000
R_dipaxis_s0.15,fcfcc902,2,21964.15150518759,792
R_dipaxis_s0.2,fcfcc902,0,27004.121228023614,999
R_dipaxis_s0.2,fcfcc902,1,19155.077003510753,1000
R_dipaxis_s0.2,fcfcc902,2,9116.53671935877,792
R_dipaxis_s0.1,173ed841,0,6479.763087853193,999
R_dipaxis_s0.1,173ed841,1,193891.78198660744,1000
R_dipaxis_s0.1,173ed841,2,516608.7474304528,1000
R_dipaxis_s0.1,173ed841,3,634298.5606181925,1000
R_dipaxis_s0.1,173ed841,4,213260.48863351444,884
R_dipaxis_s0.15,173ed841,0,4820.672799312796,999
R_dipaxis_s0.15,173ed841,1,206422.3987935982,1000
R_dipaxis_s0.15,173ed841,2,526888.4833047516,1000
R_dipaxis_s0.15,173ed841,3,640757.5057792101,1000
R_dipaxis_s0.15,173ed841,4,215820.01290664935,884
R_dipaxis_s0.2,173ed841,0,3522.8950891266845,999
R_dipaxis_s0.2,173ed841,1,219529.12244304636,1000
R_dipaxis_s0.2,173ed841,2,537318.4719184375,1000
R_dipaxis_s0.2,173ed841,3,647710.2906748515,1000
R_dipaxis_s0.2,173ed841,4,218468.48131737026,884
R_dipaxis_s0.1,9b9e3b49,0,20219.16759006551,999
R_dipaxis_s0.1,9b9e3b49,1,14019.542151558999,1000
R_dipaxis_s0.1,9b9e3b49,2,59573.17273125429,1000
R_dipaxis_s0.1,9b9e3b49,3,105366.60638204913,1000
R_dipaxis_s0.1,9b9e3b49,4,78353.94552980502,1000
R_dipaxis_s0.1,9b9e3b49,5,3088.1843846334814,119
R_dipaxis_s0.15,9b9e3b49,0,19131.753246966444,999
R_dipaxis_s0.15,9b9e3b49,1,21870.256234763732,1000
R_dipaxis_s0.15,9b9e3b49,2,83443.2319143104,1000
R_dipaxis_s0.15,9b9e3b49,3,145917.89965864614,1000
R_dipaxis_s0.15,9b9e3b49,4,42103.499738111816,1000
R_dipaxis_s0.15,9b9e3b49,5,667.5206978024768,119
R_dipaxis_s0.2,9b9e3b49,0,18434.6430451109,999
R_dipaxis_s0.2,9b9e3b49,1,31923.441422918964,1000
R_dipaxis_s0.2,9b9e3b49,2,111587.06884232051,1000
R_dipaxis_s0.2,9b9e3b49,3,193298.81115895984,1000
R_dipaxis_s0.2,9b9e3b49,4,24938.011408683047,1000
R_dipaxis_s0.2,9b9e3b49,5,713.0474582057689,119
R_dipaxis_s0.1,2be5c96a,0,35822.83469441176,999
R_dipaxis_s0.1,2be5c96a,1,9043.23375663543,1000
R_dipaxis_s0.1,2be5c96a,2,5676.741654086429,1000
R_dipaxis_s0.1,2be5c96a,3,11749.32814163994,1000
R_dipaxis_s0.1,2be5c96a,4,1190.640837422828,211
R_dipaxis_s0.15,2be5c96a,0,34613.0249699725,999
R_dipaxis_s0.15,2be5c96a,1,9669.044435919723,1000
R_dipaxis_s0.15,2be5c96a,2,6225.95762068906,1000
R_dipaxis_s0.15,2be5c96a,3,17519.267332537867,1000
R_dipaxis_s0.15,2be5c96a,4,2054.2099333921956,211
R_dipaxis_s0.2,2be5c96a,0,33472.314764435665,999
R_dipaxis_s0.2,2be5c96a,1,10413.418982515022,1000
R_dipaxis_s0.2,2be5c96a,2,7153.202213664262,1000
R_dipaxis_s0.2,2be5c96a,3,24514.69780348907,1000
R_dipaxis_s0.2,2be5c96a,4,3182.4113808667394,211
R_dipaxis_s0.1,9dede370,0,36031.63010018343,999
R_dipaxis_s0.1,9dede370,1,60548.6047127977,1000
R_dipaxis_s0.1,9dede370,2,229612.7205942199,1000
R_dipaxis_s0.1,9dede370,3,898815.1379498976,1000
R_dipaxis_s0.1,9dede370,4,595608.4008680426,1000
R_dipaxis_s0.1,9dede370,5,428851.3435635243,1000
R_dipaxis_s0.1,9dede370,6,204518.56660813908,298
R_dipaxis_s0.15,9dede370,0,34324.74746125925,999
R_dipaxis_s0.15,9dede370,1,58144.565892115876,1000
R_dipaxis_s0.15,9dede370,2,235361.31593725397,1000
R_dipaxis_s0.15,9dede370,3,921919.4113266021,1000
R_dipaxis_s0.15,9dede370,4,642863.8390090517,1000
R_dipaxis_s0.15,9dede370,5,477515.8208961885,1000
R_dipaxis_s0.15,9dede370,6,222123.77037064423,298
R_dipaxis_s0.2,9dede370,0,32666.12792966151,999
R_dipaxis_s0.2,9dede370,1,55834.38182004919,1000
R_dipaxis_s0.2,9dede370,2,241303.23147757916,1000
R_dipaxis_s0.2,9dede370,3,945402.6695044868,1000
R_dipaxis_s0.2,9dede370,4,692304.6198547248,1000
R_dipaxis_s0.2,9dede370,5,528862.2026627952,1000
R_dipaxis_s0.2,9dede370,6,240456.11033877722,298
R_dipaxis_s0.1,2fe023be,0,65952.18027925499,999
R_dipaxis_s0.1,2fe023be,1,279628.9360101043,1000
R_dipaxis_s0.1,2fe023be,2,227447.49104402654,1000
R_dipaxis_s0.1,2fe023be,3,98660.36161629703,1000
R_dipaxis_s0.1,2fe023be,4,13748.081013789464,222
R_dipaxis_s0.15,2fe023be,0,65977.50760979486,999
R_dipaxis_s0.15,2fe023be,1,277043.7318949574,1000
R_dipaxis_s0.15,2fe023be,2,223213.68502035117,1000
R_dipaxis_s0.15,2fe023be,3,106288.02074995391,1000
R_dipaxis_s0.15,2fe023be,4,8122.829522812633,222
R_dipaxis_s0.2,2fe023be,0,66011.71206760732,999
R_dipaxis_s0.2,2fe023be,1,274478.08313300327,1000
R_dipaxis_s0.2,2fe023be,2,219037.1773995438,1000
R_dipaxis_s0.2,2fe023be,3,114824.67960061236,1000
R_dipaxis_s0.2,2fe023be,4,4306.651566588795,222
R_dipaxis_s0.1,ac6f01d5,0,23477.787790062706,999
R_dipaxis_s0.1,ac6f01d5,1,158559.9874860253,1000
R_dipaxis_s0.1,ac6f01d5,2,346539.6491029813,1000
R_dipaxis_s0.1,ac6f01d5,3,168134.07358904608,1000
R_dipaxis_s0.1,ac6f01d5,4,69931.37738981936,1000
R_dipaxis_s0.1,ac6f01d5,5,381.7553712227891,5
R_dipaxis_s0.15,ac6f01d5,0,23434.26516660964,999
R_dipaxis_s0.15,ac6f01d5,1,122394.40200016528,1000
R_dipaxis_s0.15,ac6f01d5,2,273226.70102091494,1000
R_dipaxis_s0.15,ac6f01d5,3,120248.49421056305,1000
R_dipaxis_s0.15,ac6f01d5,4,31702.518114291583,1000
R_dipaxis_s0.15,ac6f01d5,5,153.28438670862985,5
R_dipaxis_s0.2,ac6f01d5,0,23712.414797497786,999
R_dipaxis_s0.2,ac6f01d5,1,91661.88942839588,1000
R_dipaxis_s0.2,ac6f01d5,2,208631.73714981982,1000
R_dipaxis_s0.2,ac6f01d5,3,80570.63525008317,1000
R_dipaxis_s0.2,ac6f01d5,4,9449.548591812245,1000
R_dipaxis_s0.2,ac6f01d5,5,27.280288777470357,5
R_dipaxis_s0.1,ff0aea78,0,432417.3941201776,999
R_dipaxis_s0.1,ff0aea78,1,1020515.1356750494,1000
R_dipaxis_s0.1,ff0aea78,2,764474.5503434559,1000
R_dipaxis_s0.1,ff0aea78,3,112048.30207088556,262
R_dipaxis_s0.15,ff0aea78,0,383822.979884553,999
R_dipaxis_s0.15,ff0aea78,1,888061.6567744202,1000
R_dipaxis_s0.15,ff0aea78,2,633986.8660005472,1000
R_dipaxis_s0.15,ff0aea78,3,91649.2475730006,262
R_dipaxis_s0.2,ff0aea78,0,338134.2246517861,999
R_dipaxis_s0.2,ff0aea78,1,764973.8858150202,1000
R_dipaxis_s0.2,ff0aea78,2,515732.89071454515,1000
R_dipaxis_s0.2,ff0aea78,3,73309.15941956529,262
R_dipaxis_s0.1,0bbf5e67,0,98284.62454403137,999
R_dipaxis_s0.1,0bbf5e67,1,282977.56814313,1000
R_dipaxis_s0.1,0bbf5e67,2,134942.83810931703,1000
R_dipaxis_s0.1,0bbf5e67,3,417702.1111826314,1000
R_dipaxis_s0.1,0bbf5e67,4,108514.1890086405,299
R_dipaxis_s0.15,0bbf5e67,0,84767.86349611045,999
R_dipaxis_s0.15,0bbf5e67,1,241657.1599896815,1000
R_dipaxis_s0.15,0bbf5e67,2,105712.25504545005,1000
R_dipaxis_s0.15,0bbf5e67,3,344732.1274039277,1000
R_dipaxis_s0.15,0bbf5e67,4,87068.34985200137,299
R_dipaxis_s0.2,0bbf5e67,0,72264.66516822325,999
R_dipaxis_s0.2,0bbf5e67,1,203634.57588621156,1000
R_dipaxis_s0.2,0bbf5e67,2,80065.46336922489,1000
R_dipaxis_s0.2,0bbf5e67,3,278878.0739785301,1000
R_dipaxis_s0.2,0bbf5e67,4,67986.64255471835,299
R_dipaxis_s0.1,53134831,0,51823.82607004785,999
R_dipaxis_s0.1,53134831,1,187527.6966100151,1000
R_dipaxis_s0.1,53134831,2,191891.78559368945,1000
R_dipaxis_s0.1,53134831,3,259099.38491015226,1000
R_dipaxis_s0.1,53134831,4,199083.94728566534,1000
R_dipaxis_s0.1,53134831,5,22047.563963689714,127
R_dipaxis_s0.15,53134831,0,43381.53647869043,999
R_dipaxis_s0.15,53134831,1,143868.709962917,1000
R_dipaxis_s0.15,53134831,2,141377.19712252566,1000
R_dipaxis_s0.15,53134831,3,193466.63999802555,1000
R_dipaxis_s0.15,53134831,4,127138.93275570552,1000
R_dipaxis_s0.15,53134831,5,12237.308655511606,127
R_dipaxis_s0.2,53134831,0,35828.66770308641,999
R_dipaxis_s0.2,53134831,1,106118.72854776375,1000
R_dipaxis_s0.2,53134831,2,98622.65650604159,1000
R_dipaxis_s0.2,53134831,3,137490.53554111457,1000
R_dipaxis_s0.2,53134831,4,71602.51837723525,1000
R_dipaxis_s0.2,53134831,5,5298.069787320555,127
R_dipaxis_s0.1,84c3b497,0,14379.684589775847,999
R_dipaxis_s0.1,84c3b497,1,102213.95654609772,1000
R_dipaxis_s0.1,84c3b497,2,27803.50580460637,1000
R_dipaxis_s0.1,84c3b497,3,152245.04677379457,1000
R_dipaxis_s0.1,84c3b497,4,1021465.9322872914,1000
R_dipaxis_s0.1,84c3b497,5,575633.0579827672,313
R_dipaxis_s0.15,84c3b497,0,14027.1372883074,999
R_dipaxis_s0.15,84c3b497,1,93023.87612070692,1000
R_dipaxis_s0.15,84c3b497,2,28262.281644115268,1000
R_dipaxis_s0.15,84c3b497,3,160850.80690790864,1000
R_dipaxis_s0.15,84c3b497,4,1005254.0606611583,1000
R_dipaxis_s0.15,84c3b497,5,586278.3384865784,313
R_dipaxis_s0.2,84c3b497,0,13698.686355935366,999
R_dipaxis_s0.2,84c3b497,1,84395.7161296914,1000
R_dipaxis_s0.2,84c3b497,2,28799.249775093955,1000
R_dipaxis_s0.2,84c3b497,3,169711.1597401634,1000
R_dipaxis_s0.2,84c3b497,4,989198.7045218326,1000
R_dipaxis_s0.2,84c3b497,5,597120.0409653386,313
R_dipaxis_s0.1,bb682ebd,0,101058.37259810932,999
R_dipaxis_s0.1,bb682ebd,1,234398.56085078348,1000
R_dipaxis_s0.1,bb682ebd,2,508535.4460494858,1000
R_dipaxis_s0.1,bb682ebd,3,817839.6051484874,1000
R_dipaxis_s0.1,bb682ebd,4,147303.97375355667,140
R_dipaxis_s0.15,bb682ebd,0,99982.39297026432,999
R_dipaxis_s0.15,bb682ebd,1,237873.20652352425,1000
R_dipaxis_s0.15,bb682ebd,2,539822.1517693001,1000
R_dipaxis_s0.15,bb682ebd,3,867386.1987186985,1000
R_dipaxis_s0.15,bb682ebd,4,156046.18497892504,140
R_dipaxis_s0.2,bb682ebd,0,98944.12379115693,999
R_dipaxis_s0.2,bb682ebd,1,241524.79232783752,1000
R_dipaxis_s0.2,bb682ebd,2,572054.710485842,1000
R_dipaxis_s0.2,bb682ebd,3,918518.9326862334,1000
R_dipaxis_s0.2,bb682ebd,4,165040.64717002236,140
R_dipaxis_s0.1,d924e971,0,33505.00107413332,999
R_dipaxis_s0.1,d924e971,1,488287.2802962923,1000
R_dipaxis_s0.1,d924e971,2,2194712.594230644,1000
R_dipaxis_s0.1,d924e971,3,806498.6374211996,185
R_dipaxis_s0.15,d924e971,0,32375.701813277727,999
R_dipaxis_s0.15,d924e971,1,495675.5916995874,1000
R_dipaxis_s0.15,d924e971,2,2242534.6256882725,1000
R_dipaxis_s0.15,d924e971,3,805449.6012015875,185
R_dipaxis_s0.2,d924e971,0,31308.55672047236,999
R_dipaxis_s0.2,d924e971,1,503147.3528063086,1000
R_dipaxis_s0.2,d924e971,2,2290987.1644074214,1000
R_dipaxis_s0.2,d924e971,3,804401.4619284952,185
R_dipaxis_s0.1,62569ae3,0,8862.683542309182,999
R_dipaxis_s0.1,62569ae3,1,8572.258716988243,1000
R_dipaxis_s0.1,62569ae3,2,59987.69636923451,1000
R_dipaxis_s0.1,62569ae3,3,101531.95172676057,589
R_dipaxis_s0.15,62569ae3,0,9723.8936495653,999
R_dipaxis_s0.15,62569ae3,1,9103.552747547634,1000
R_dipaxis_s0.15,62569ae3,2,50968.637894209685,1000
R_dipaxis_s0.15,62569ae3,3,83320.70012101784,589
R_dipaxis_s0.2,62569ae3,0,10685.327114222146,999
R_dipaxis_s0.2,62569ae3,1,9729.87409281638,1000
R_dipaxis_s0.2,62569ae3,2,42717.183812760886,1000
R_dipaxis_s0.2,62569ae3,3,66973.86906919745,589
R_dipaxis_s0.1,a0b83014,0,127558.72426257619,999
R_dipaxis_s0.1,a0b83014,1,303607.0863791594,1000
R_dipaxis_s0.1,a0b83014,2,523543.3769389408,1000
R_dipaxis_s0.1,a0b83014,3,549491.4084091196,1000
R_dipaxis_s0.1,a0b83014,4,191827.02501221147,1000
R_dipaxis_s0.1,a0b83014,5,3587.9603354223414,36
R_dipaxis_s0.15,a0b83014,0,119737.0844725797,999
R_dipaxis_s0.15,a0b83014,1,299074.7345266358,1000
R_dipaxis_s0.15,a0b83014,2,535764.3879243762,1000
R_dipaxis_s0.15,a0b83014,3,591974.5282027452,1000
R_dipaxis_s0.15,a0b83014,4,237773.12762538725,1000
R_dipaxis_s0.15,a0b83014,5,5070.602475471887,36
R_dipaxis_s0.2,a0b83014,0,112171.74656838899,999
R_dipaxis_s0.2,a0b83014,1,294641.9347460438,1000
R_dipaxis_s0.2,a0b83014,2,548259.971053776,1000
R_dipaxis_s0.2,a0b83014,3,636065.2312890814,1000
R_dipaxis_s0.2,a0b83014,4,289612.8000432723,1000
R_dipaxis_s0.2,a0b83014,5,6809.017763747203,36
R_dipaxis_s0.1,58fa8486,0,15409.668555958207,999
R_dipaxis_s0.1,58fa8486,1,17045.319655394826,1000
R_dipaxis_s0.1,58fa8486,2,104191.16730801565,1000
R_dipaxis_s0.1,58fa8486,3,375993.8025581218,1000
R_dipaxis_s0.1,58fa8486,4,81099.08512816655,476
R_dipaxis_s0.15,58fa8486,0,13405.245981411743,999
R_dipaxis_s0.15,58fa8486,1,15934.393359216274,1000
R_dipaxis_s0.15,58fa8486,2,98997.73730326809,1000
R_dipaxis_s0.15,58fa8486,3,366844.6494794644,1000
R_dipaxis_s0.15,58fa8486,4,81167.68919289237,476
R_dipaxis_s0.2,58fa8486,0,11543.277671850015,999
R_dipaxis_s0.2,58fa8486,1,14920.444547119816,1000
R_dipaxis_s0.2,58fa8486,2,93956.41719267865,1000
R_dipaxis_s0.2,58fa8486,3,357810.3672623246,1000
R_dipaxis_s0.2,58fa8486,4,81242.98105804459,476
R_dipaxis_s0.1,d1ecf309,0,27940.896511097282,999
R_dipaxis_s0.1,d1ecf309,1,30526.098756236555,1000
R_dipaxis_s0.1,d1ecf309,2,33836.3972826631,1000
R_dipaxis_s0.1,d1ecf309,3,71800.11627992819,1000
R_dipaxis_s0.1,d1ecf309,4,35418.58603957492,1000
R_dipaxis_s0.1,d1ecf309,5,218151.3537991338,1000
R_dipaxis_s0.1,d1ecf309,6,45462.296545312514,169
R_dipaxis_s0.15,d1ecf309,0,24557.52569153442,999
R_dipaxis_s0.15,d1ecf309,1,27351.84089089923,1000
R_dipaxis_s0.15,d1ecf309,2,33210.44379009875,1000
R_dipaxis_s0.15,d1ecf309,3,70244.57729314189,1000
R_dipaxis_s0.15,d1ecf309,4,31590.166990377547,1000
R_dipaxis_s0.15,d1ecf309,5,197159.2304145001,1000
R_dipaxis_s0.15,d1ecf309,6,42304.2779857777,169
R_dipaxis_s0.2,d1ecf309,0,21393.071088566878,999
R_dipaxis_s0.2,d1ecf309,1,24354.231229926754,1000
R_dipaxis_s0.2,d1ecf309,2,32603.440274935336,1000
R_dipaxis_s0.2,d1ecf309,3,68711.6773551828,1000
R_dipaxis_s0.2,d1ecf309,4,28110.755261854276,1000
R_dipaxis_s0.2,d1ecf309,5,177239.19750705818,1000
R_dipaxis_s0.2,d1ecf309,6,39260.740504780086,169
R_dipaxis_s0.1,52f1e77a,0,230145.24033831042,999
R_dipaxis_s0.1,52f1e77a,1,335404.637393425,1000
R_dipaxis_s0.1,52f1e77a,2,30584.59728381577,1000
R_dipaxis_s0.1,52f1e77a,3,132851.5526442209,1000
R_dipaxis_s0.1,52f1e77a,4,230151.6445164316,443
R_dipaxis_s0.15,52f1e77a,0,228118.37043188716,999
R_dipaxis_s0.15,52f1e77a,1,339654.0337622402,1000
R_dipaxis_s0.15,52f1e77a,2,42070.29325312441,1000
R_dipaxis_s0.15,52f1e77a,3,147920.34404380494,1000
R_dipaxis_s0.15,52f1e77a,4,241844.20807549948,443
R_dipaxis_s0.2,52f1e77a,0,226115.0574084138,999
R_dipaxis_s0.2,52f1e77a,1,344039.845179122,1000
R_dipaxis_s0.2,52f1e77a,2,56275.44384069987,1000
R_dipaxis_s0.2,52f1e77a,3,164584.81016170548,1000
R_dipaxis_s0.2,52f1e77a,4,253835.10953513562,443
R_dipaxis_s0.1,7271dd80,0,81611.60908476046,999
R_dipaxis_s0.1,7271dd80,1,74155.42691741839,1000
R_dipaxis_s0.1,7271dd80,2,52600.10683685489,1000
R_dipaxis_s0.1,7271dd80,3,24536.743601468206,1000
R_dipaxis_s0.1,7271dd80,4,15870.686900986933,341
R_dipaxis_s0.15,7271dd80,0,78095.76665513247,999
R_dipaxis_s0.15,7271dd80,1,68378.64517436689,1000
R_dipaxis_s0.15,7271dd80,2,43513.61571198383,1000
R_dipaxis_s0.15,7271dd80,3,21520.787320609095,1000
R_dipaxis_s0.15,7271dd80,4,14093.347396721812,341
R_dipaxis_s0.2,7271dd80,0,74661.91614417451,999
R_dipaxis_s0.2,7271dd80,1,62963.78876348404,1000
R_dipaxis_s0.2,7271dd80,2,35292.61025825577,1000
R_dipaxis_s0.2,7271dd80,3,18713.111052026852,1000
R_dipaxis_s0.2,7271dd80,4,12421.53512261981,341
R_dipaxis_s0.1,fb73b13a,0,228481.74738062473,999
R_dipaxis_s0.1,fb73b13a,1,36661.50594043504,1000
R_dipaxis_s0.1,fb73b13a,2,8980.382124062862,1000
R_dipaxis_s0.1,fb73b13a,3,100753.36583163033,1000
R_dipaxis_s0.1,fb73b13a,4,480525.69488776213,1000
R_dipaxis_s0.1,fb73b13a,5,659858.7772738214,641
R_dipaxis_s0.15,fb73b13a,0,230369.8618946188,999
R_dipaxis_s0.15,fb73b13a,1,53901.03386560484,1000
R_dipaxis_s0.15,fb73b13a,2,35626.34673025069,1000
R_dipaxis_s0.15,fb73b13a,3,191363.069810181,1000
R_dipaxis_s0.15,fb73b13a,4,806529.1620543667,1000
R_dipaxis_s0.15,fb73b13a,5,1079780.305627652,641
R_dipaxis_s0.2,fb73b13a,0,232634.80912439793,999
R_dipaxis_s0.2,fb73b13a,1,80340.10742740969,1000
R_dipaxis_s0.2,fb73b13a,2,86235.12186587755,1000
R_dipaxis_s0.2,fb73b13a,3,326636.50599722145,1000
R_dipaxis_s0.2,fb73b13a,4,1220137.8603361119,1000
R_dipaxis_s0.2,fb73b13a,5,1604183.3098927576,641
R_dipaxis_s0.1,b7fea9ef,0,64822.13479868135,999
R_dipaxis_s0.1,b7fea9ef,1,255746.7927839754,1000
R_dipaxis_s0.1,b7fea9ef,2,108317.62240411036,1000
R_dipaxis_s0.1,b7fea9ef,3,67489.72042850396,867
R_dipaxis_s0.15,b7fea9ef,0,60238.98437502738,999
R_dipaxis_s0.15,b7fea9ef,1,252452.36346099098,1000
R_dipaxis_s0.15,b7fea9ef,2,113748.2786642448,1000
R_dipaxis_s0.15,b7fea9ef,3,81025.27181150495,867
R_dipaxis_s0.2,b7fea9ef,0,55839.58463604832,999
R_dipaxis_s0.2,b7fea9ef,1,249203.03906136562,1000
R_dipaxis_s0.2,b7fea9ef,2,119319.09116310404,1000
R_dipaxis_s0.2,b7fea9ef,3,96280.41014034065,867
R_dipaxis_s0.1,4caa7289,0,9022.238728269707,999
R_dipaxis_s0.1,4caa7289,1,8357.459218620852,1000
R_dipaxis_s0.1,4caa7289,2,4281.578564534427,1000
R_dipaxis_s0.1,4caa7289,3,79341.34756437392,1000
R_dipaxis_s0.1,4caa7289,4,185827.0940991189,1000
R_dipaxis_s0.1,4caa7289,5,65930.68599368498,397
R_dipaxis_s0.15,4caa7289,0,10245.405825817781,999
R_dipaxis_s0.15,4caa7289,1,7834.1668377538035,1000
R_dipaxis_s0.15,4caa7289,2,2418.9170697906156,1000
R_dipaxis_s0.15,4caa7289,3,61756.01742641606,1000
R_dipaxis_s0.15,4caa7289,4,152030.66862048264,1000
R_dipaxis_s0.15,4caa7289,5,54606.442064854935,397
R_dipaxis_s0.2,4caa7289,0,11647.631178974085,999
R_dipaxis_s0.2,4caa7289,1,7438.375996767575,1000
R_dipaxis_s0.2,4caa7289,2,1588.6360903727118,1000
R_dipaxis_s0.2,4caa7289,3,46740.57984169332,1000
R_dipaxis_s0.2,4caa7289,4,121627.0336897165,1000
R_dipaxis_s0.2,4caa7289,5,44348.856952242444,397
R_dipaxis_s0.1,aed44918,0,24699.101498135675,999
R_dipaxis_s0.1,aed44918,1,151307.0076147895,1000
R_dipaxis_s0.1,aed44918,2,44041.80058969627,720
R_dipaxis_s0.15,aed44918,0,24268.045678519844,999
R_dipaxis_s0.15,aed44918,1,144207.41751010157,1000
R_dipaxis_s0.15,aed44918,2,39815.538790607156,720
R_dipaxis_s0.2,aed44918,0,23841.462013113545,999
R_dipaxis_s0.2,aed44918,1,137295.61619735367,1000
R_dipaxis_s0.2,aed44918,2,35811.95906222526,720
R_dipaxis_s0.1,e161bd0c,0,7503.09876103807,999
R_dipaxis_s0.1,e161bd0c,1,19315.169919419444,1000
R_dipaxis_s0.1,e161bd0c,2,28800.174490093617,950
R_dipaxis_s0.15,e161bd0c,0,6383.401359574793,999
R_dipaxis_s0.15,e161bd0c,1,18446.566869192484,1000
R_dipaxis_s0.15,e161bd0c,2,32292.825607927265,950
R_dipaxis_s0.2,e161bd0c,0,5419.131970123049,999
R_dipaxis_s0.2,e161bd0c,1,17947.37607900731,1000
R_dipaxis_s0.2,e161bd0c,2,36196.786574285,950
R_dipaxis_s0.1,633774dc,0,6744.837513033293,999
R_dipaxis_s0.1,633774dc,1,31025.41462942625,1000
R_dipaxis_s0.1,633774dc,2,265258.02690644644,1000
R_dipaxis_s0.1,633774dc,3,295631.60172441485,1000
R_dipaxis_s0.1,633774dc,4,212028.55780047103,1000
R_dipaxis_s0.1,633774dc,5,221936.06117736798,1000
R_dipaxis_s0.1,633774dc,6,181782.64996989392,234
R_dipaxis_s0.15,633774dc,0,5739.069932578705,999
R_dipaxis_s0.15,633774dc,1,27539.315078479736,1000
R_dipaxis_s0.15,633774dc,2,254535.51255854013,1000
R_dipaxis_s0.15,633774dc,3,284991.8556054381,1000
R_dipaxis_s0.15,633774dc,4,211586.38358630214,1000
R_dipaxis_s0.15,633774dc,5,226388.83597227588,1000
R_dipaxis_s0.15,633774dc,6,182644.2065202072,234
R_dipaxis_s0.2,633774dc,0,4820.508560809545,999
R_dipaxis_s0.2,633774dc,1,24335.026250425235,1000
R_dipaxis_s0.2,633774dc,2,244040.7644432195,1000
R_dipaxis_s0.2,633774dc,3,274555.9035656787,1000
R_dipaxis_s0.2,633774dc,4,211165.4196625365,1000
R_dipaxis_s0.2,633774dc,5,230900.1987713389,1000
R_dipaxis_s0.2,633774dc,6,183509.488480767,234
R_dipaxis_s0.1,09053135,0,132920.56344500763,999
R_dipaxis_s0.1,09053135,1,292494.77950330864,1000
R_dipaxis_s0.1,09053135,2,223104.24070637152,1000
R_dipaxis_s0.1,09053135,3,118108.61455752887,1000
R_dipaxis_s0.1,09053135,4,118861.9698924899,1000
R_dipaxis_s0.1,09053135,5,180506.4599326701,908
R_dipaxis_s0.15,09053135,0,125119.82178774085,999
R_dipaxis_s0.15,09053135,1,278910.3639105885,1000
R_dipaxis_s0.15,09053135,2,219886.62018748632,1000
R_dipaxis_s0.15,09053135,3,123999.1790290394,1000
R_dipaxis_s0.15,09053135,4,125145.76303931673,1000
R_dipaxis_s0.15,09053135,5,211857.1990803357,908
R_dipaxis_s0.2,09053135,0,117562.27331063275,999
R_dipaxis_s0.2,09053135,1,265675.4124549613,1000
R_dipaxis_s0.2,09053135,2,216709.70102056323,1000
R_dipaxis_s0.2,09053135,3,130076.9854957207,1000
R_dipaxis_s0.2,09053135,4,131628.93158653748,1000
R_dipaxis_s0.2,09053135,5,245756.30838222773,908
R_dipaxis_s0.1,46d24a09,0,267965.6241549093,999
R_dipaxis_s0.1,46d24a09,1,218808.3284672123,1000
R_dipaxis_s0.1,46d24a09,2,1196553.0612544524,1000
R_dipaxis_s0.1,46d24a09,3,499334.933074906,1000
R_dipaxis_s0.1,46d24a09,4,265492.191191349,450
R_dipaxis_s0.15,46d24a09,0,252846.30728378947,999
R_dipaxis_s0.15,46d24a09,1,235642.62001829507,1000
R_dipaxis_s0.15,46d24a09,2,1280351.518100334,1000
R_dipaxis_s0.15,46d24a09,3,635709.476133656,1000
R_dipaxis_s0.15,46d24a09,4,329903.3917102489,450
R_dipaxis_s0.2,46d24a09,0,238225.40201362185,999
R_dipaxis_s0.2,46d24a09,1,253274.20611436604,1000
R_dipaxis_s0.2,46d24a09,2,1367404.1214586524,1000
R_dipaxis_s0.2,46d24a09,3,791498.9711399415,1000
R_dipaxis_s0.2,46d24a09,4,401313.61507796845,450
R_dipaxis_s0.1,1fee2b62,0,28097.34089521504,999
R_dipaxis_s0.1,1fee2b62,1,59095.890640682446,1000
R_dipaxis_s0.1,1fee2b62,2,88010.86452774625,1000
R_dipaxis_s0.1,1fee2b62,3,51889.05044157537,1000
R_dipaxis_s0.1,1fee2b62,4,3485.518470011825,642
R_dipaxis_s0.15,1fee2b62,0,25817.67364034874,999
R_dipaxis_s0.15,1fee2b62,1,58072.33731268161,1000
R_dipaxis_s0.15,1fee2b62,2,73053.11108530314,1000
R_dipaxis_s0.15,1fee2b62,3,38502.10011006697,1000
R_dipaxis_s0.15,1fee2b62,4,1124.513205019383,642
R_dipaxis_s0.2,1fee2b62,0,23636.056050496984,999
R_dipaxis_s0.2,1fee2b62,1,57194.09298578179,1000
R_dipaxis_s0.2,1fee2b62,2,59519.320005320755,1000
R_dipaxis_s0.2,1fee2b62,3,27419.68394369855,1000
R_dipaxis_s0.2,1fee2b62,4,1093.5840066966266,642
R_dipaxis_s0.1,310c71a5,0,17563.868936613082,999
R_dipaxis_s0.1,310c71a5,1,70412.6037062219,1000
R_dipaxis_s0.1,310c71a5,2,253965.55044766556,1000
R_dipaxis_s0.1,310c71a5,3,77354.02596913557,1000
R_dipaxis_s0.1,310c71a5,4,33638.72135473343,1000
R_dipaxis_s0.1,310c71a5,5,12548.141661315247,246
R_dipaxis_s0.15,310c71a5,0,17904.030599152396,999
R_dipaxis_s0.15,310c71a5,1,73458.16955079272,1000
R_dipaxis_s0.15,310c71a5,2,264186.19765072304,1000
R_dipaxis_s0.15,310c71a5,3,92897.68211840525,1000
R_dipaxis_s0.15,310c71a5,4,42562.7263052172,1000
R_dipaxis_s0.15,310c71a5,5,8448.578340470862,246
R_dipaxis_s0.2,310c71a5,0,18320.15672451395,999
R_dipaxis_s0.2,310c71a5,1,76610.78605634194,1000
R_dipaxis_s0.2,310c71a5,2,274798.8660732682,1000
R_dipaxis_s0.2,310c71a5,3,109950.1314774784,1000
R_dipaxis_s0.2,310c71a5,4,52732.482871116066,1000
R_dipaxis_s0.2,310c71a5,5,5235.109418623733,246
R_dipaxis_s0.1,a48640d9,0,144549.09345818526,999
R_dipaxis_s0.1,a48640d9,1,433948.80848329305,1000
R_dipaxis_s0.1,a48640d9,2,513843.7589411506,1000
R_dipaxis_s0.1,a48640d9,3,553637.5069225904,1000
R_dipaxis_s0.1,a48640d9,4,287355.34353635315,533
R_dipaxis_s0.15,a48640d9,0,113658.82113851512,999
R_dipaxis_s0.15,a48640d9,1,363079.8849036897,1000
R_dipaxis_s0.15,a48640d9,2,481360.96326421486,1000
R_dipaxis_s0.15,a48640d9,3,583013.7584739538,1000
R_dipaxis_s0.15,a48640d9,4,321721.4934269513,533
R_dipaxis_s0.2,a48640d9,0,86590.61335300394,999
R_dipaxis_s0.2,a48640d9,1,298589.31000992324,1000
R_dipaxis_s0.2,a48640d9,2,450194.53378894133,1000
R_dipaxis_s0.2,a48640d9,3,613307.3611520287,1000
R_dipaxis_s0.2,a48640d9,4,358763.4295658308,533
R_dipaxis_s0.1,43c7f85a,0,625.9960482195123,999
R_dipaxis_s0.1,43c7f85a,1,5867.7721086878655,1000
R_dipaxis_s0.1,43c7f85a,2,121243.24609436942,1000
R_dipaxis_s0.1,43c7f85a,3,331935.7298392045,1000
R_dipaxis_s0.1,43c7f85a,4,203087.7650944394,1000
R_dipaxis_s0.1,43c7f85a,5,63668.48540249665,979
R_dipaxis_s0.15,43c7f85a,0,337.43955354838613,999
R_dipaxis_s0.15,43c7f85a,1,5403.474641092403,1000
R_dipaxis_s0.15,43c7f85a,2,109459.07541677693,1000
R_dipaxis_s0.15,43c7f85a,3,319785.05175525794,1000
R_dipaxis_s0.15,43c7f85a,4,210896.5765433425,1000
R_dipaxis_s0.15,43c7f85a,5,74524.82210653776,979
R_dipaxis_s0.2,43c7f85a,0,216.50217969053452,999
R_dipaxis_s0.2,43c7f85a,1,5467.880525538419,1000
R_dipaxis_s0.2,43c7f85a,2,98340.07322266985,1000
R_dipaxis_s0.2,43c7f85a,3,307965.3997689544,1000
R_dipaxis_s0.2,43c7f85a,4,219024.38289337227,1000
R_dipaxis_s0.2,43c7f85a,5,86296.29481244281,979
R_dipaxis_s0.1,2d2d0c6b,0,2004.4323310331124,999
R_dipaxis_s0.1,2d2d0c6b,1,32478.88285465582,1000
R_dipaxis_s0.1,2d2d0c6b,2,7707.067542307466,1000
R_dipaxis_s0.1,2d2d0c6b,3,30615.5262352451,1000
R_dipaxis_s0.1,2d2d0c6b,4,98572.64989077947,1000
R_dipaxis_s0.1,2d2d0c6b,5,7090.856374527289,46
R_dipaxis_s0.15,2d2d0c6b,0,3458.281393855247,999
R_dipaxis_s0.15,2d2d0c6b,1,45776.1382254867,1000
R_dipaxis_s0.15,2d2d0c6b,2,14680.733121897138,1000
R_dipaxis_s0.15,2d2d0c6b,3,68653.85657426559,1000
R_dipaxis_s0.15,2d2d0c6b,4,175286.27587951254,1000
R_dipaxis_s0.15,2d2d0c6b,5,11487.189505749957,46
R_dipaxis_s0.2,2d2d0c6b,0,5461.642954880707,999
R_dipaxis_s0.2,2d2d0c6b,1,61479.1205253161,1000
R_dipaxis_s0.2,2d2d0c6b,2,29683.78817378061,1000
R_dipaxis_s0.2,2d2d0c6b,3,122021.00869421792,1000
R_dipaxis_s0.2,2d2d0c6b,4,274658.67733047105,1000
R_dipaxis_s0.2,2d2d0c6b,5,16939.00243294498,46
R_dipaxis_s0.1,eb06a4e7,0,63421.52560209765,999
R_dipaxis_s0.1,eb06a4e7,1,30266.47572219434,1000
R_dipaxis_s0.1,eb06a4e7,2,12488.703073987715,1000
R_dipaxis_s0.1,eb06a4e7,3,151560.21549489477,1000
R_dipaxis_s0.1,eb06a4e7,4,74267.409599553,536
R_dipaxis_s0.15,eb06a4e7,0,60414.23905250962,999
R_dipaxis_s0.15,eb06a4e7,1,37411.39531575561,1000
R_dipaxis_s0.15,eb06a4e7,2,18362.904163307347,1000
R_dipaxis_s0.15,eb06a4e7,3,120538.85046201204,1000
R_dipaxis_s0.15,eb06a4e7,4,61004.99026884575,536
R_dipaxis_s0.2,eb06a4e7,0,57520.15016916189,999
R_dipaxis_s0.2,eb06a4e7,1,45354.56726429295,1000
R_dipaxis_s0.2,eb06a4e7,2,25590.482054177675,1000
R_dipaxis_s0.2,eb06a4e7,3,93748.56097557762,1000
R_dipaxis_s0.2,eb06a4e7,4,49058.539784481865,536
R_dipaxis_s0.1,1944513c,0,3894.7148681727285,999
R_dipaxis_s0.1,1944513c,1,129503.85133542385,1000
R_dipaxis_s0.1,1944513c,2,58480.68336406092,1000
R_dipaxis_s0.1,1944513c,3,29086.037273627484,1000
R_dipaxis_s0.1,1944513c,4,13463.29172195234,723
R_dipaxis_s0.15,1944513c,0,5271.371650847864,999
R_dipaxis_s0.15,1944513c,1,141970.55139843957,1000
R_dipaxis_s0.15,1944513c,2,77592.30151454009,1000
R_dipaxis_s0.15,1944513c,3,43857.14623000488,1000
R_dipaxis_s0.15,1944513c,4,18992.75378519925,723
R_dipaxis_s0.2,1944513c,0,6924.835665915652,999
R_dipaxis_s0.2,1944513c,1,155309.0320583273,1000
R_dipaxis_s0.2,1944513c,2,99444.01404398696,1000
R_dipaxis_s0.2,1944513c,3,62256.33879942639,1000
R_dipaxis_s0.2,1944513c,4,26202.990883293827,723
R_dipaxis_s0.1,a6b8ac67,0,21825.033275225393,999
R_dipaxis_s0.1,a6b8ac67,1,102834.1122770205,1000
R_dipaxis_s0.1,a6b8ac67,2,134847.28492529987,1000
R_dipaxis_s0.1,a6b8ac67,3,168737.46539801458,1000
R_dipaxis_s0.1,a6b8ac67,4,470547.27852822025,1000
R_dipaxis_s0.1,a6b8ac67,5,188621.95183297794,454
R_dipaxis_s0.15,a6b8ac67,0,17281.031797642932,999
R_dipaxis_s0.15,a6b8ac67,1,121413.32087684206,1000
R_dipaxis_s0.15,a6b8ac67,2,191910.20993068782,1000
R_dipaxis_s0.15,a6b8ac67,3,240851.54167482542,1000
R_dipaxis_s0.15,a6b8ac67,4,574233.4051090187,1000
R_dipaxis_s0.15,a6b8ac67,5,232500.32613620436,454
R_dipaxis_s0.2,a6b8ac67,0,13329.409809929317,999
R_dipaxis_s0.2,a6b8ac67,1,142906.31231753682,1000
R_dipaxis_s0.2,a6b8ac67,2,261079.77813123597,1000
R_dipaxis_s0.2,a6b8ac67,3,328613.0170701741,1000
R_dipaxis_s0.2,a6b8ac67,4,688450.0178676131,1000
R_dipaxis_s0.2,a6b8ac67,5,280971.2639305908,454
R_dipaxis_s0.1,a76db406,0,452.930611668701,999
R_dipaxis_s0.1,a76db406,1,4723.33036332805,1000
R_dipaxis_s0.1,a76db406,2,30737.948847598884,1000
R_dipaxis_s0.1,a76db406,3,24071.59416297146,1000
R_dipaxis_s0.1,a76db406,4,80489.65478738787,673
R_dipaxis_s0.15,a76db406,0,441.2796907537989,999
R_dipaxis_s0.15,a76db406,1,5698.145057753571,1000
R_dipaxis_s0.15,a76db406,2,39365.785376255946,1000
R_dipaxis_s0.15,a76db406,3,39089.31134789842,1000
R_dipaxis_s0.15,a76db406,4,110022.45122659678,673
R_dipaxis_s0.2,a76db406,0,432.9419186723226,999
R_dipaxis_s0.2,a76db406,1,6781.090094018781,1000
R_dipaxis_s0.2,a76db406,2,49091.49220814802,1000
R_dipaxis_s0.2,a76db406,3,57938.61493511749,1000
R_dipaxis_s0.2,a76db406,4,145153.24636281157,673
R_dipaxis_s0.1,eafb863e,0,21450.435311111196,999
R_dipaxis_s0.1,eafb863e,1,124095.88685545034,1000
R_dipaxis_s0.1,eafb863e,2,48092.63391793439,1000
R_dipaxis_s0.1,eafb863e,3,163308.20531212725,569
R_dipaxis_s0.15,eafb863e,0,16454.782240159646,999
R_dipaxis_s0.15,eafb863e,1,94055.15883620571,1000
R_dipaxis_s0.15,eafb863e,2,25631.60776812498,1000
R_dipaxis_s0.15,eafb863e,3,113531.54955808922,569
R_dipaxis_s0.2,eafb863e,0,12131.234351540548,999
R_dipaxis_s0.2,eafb863e,1,68499.30651899139,1000
R_dipaxis_s0.2,eafb863e,2,13094.938245805111,1000
R_dipaxis_s0.2,eafb863e,3,73579.97813065856,569
R_dipaxis_s0.1,add9c322,0,65860.23440010753,999
R_dipaxis_s0.1,add9c322,1,75990.35629233517,1000
R_dipaxis_s0.1,add9c322,2,220851.25841242698,1000
R_dipaxis_s0.1,add9c322,3,132645.61746971667,933
R_dipaxis_s0.15,add9c322,0,59659.81145381421,999
R_dipaxis_s0.15,add9c322,1,69946.57256144544,1000
R_dipaxis_s0.15,add9c322,2,199036.83718913535,1000
R_dipaxis_s0.15,add9c322,3,120564.72070962026,933
R_dipaxis_s0.2,add9c322,0,53787.33084329337,999
R_dipaxis_s0.2,add9c322,1,64165.06217918854,1000
R_dipaxis_s0.2,add9c322,2,178359.221146182,1000
R_dipaxis_s0.2,add9c322,3,109068.38635289216,933
R_dipaxis_s0.1,f56d3ace,0,16358.257257359804,999
R_dipaxis_s0.1,f56d3ace,1,120511.82098825765,1000
R_dipaxis_s0.1,f56d3ace,2,96214.57670329536,1000
R_dipaxis_s0.1,f56d3ace,3,36763.8990819786,1000
R_dipaxis_s0.1,f56d3ace,4,56331.115958643204,1000
R_dipaxis_s0.1,f56d3ace,5,6156.422584603947,433
R_dipaxis_s0.15,f56d3ace,0,17286.699427170144,999
R_dipaxis_s0.15,f56d3ace,1,134761.04562444275,1000
R_dipaxis_s0.15,f56d3ace,2,113929.95547825395,1000
R_dipaxis_s0.15,f56d3ace,3,44661.666135663036,1000
R_dipaxis_s0.15,f56d3ace,4,59441.91502455681,1000
R_dipaxis_s0.15,f56d3ace,5,6564.088710831142,433
R_dipaxis_s0.2,f56d3ace,0,18278.847757733976,999
R_dipaxis_s0.2,f56d3ace,1,150645.77542199424,1000
R_dipaxis_s0.2,f56d3ace,2,133275.11483541856,1000
R_dipaxis_s0.2,f56d3ace,3,54043.25123114254,1000
R_dipaxis_s0.2,f56d3ace,4,62705.33161486232,1000
R_dipaxis_s0.2,f56d3ace,5,7051.664526341236,433
R_dipaxis_s0.1,7c607683,0,50477.50217676271,999
R_dipaxis_s0.1,7c607683,1,146524.8536590299,1000
R_dipaxis_s0.1,7c607683,2,303893.2233152228,1000
R_dipaxis_s0.1,7c607683,3,491358.7874592293,1000
R_dipaxis_s0.1,7c607683,4,367878.2397691541,1000
R_dipaxis_s0.1,7c607683,5,2696.854103717971,329
R_dipaxis_s0.15,7c607683,0,46816.43115941443,999
R_dipaxis_s0.15,7c607683,1,136281.29461345111,1000
R_dipaxis_s0.15,7c607683,2,293708.519504845,1000
R_dipaxis_s0.15,7c607683,3,466477.78498117026,1000
R_dipaxis_s0.15,7c607683,4,344155.560593179,1000
R_dipaxis_s0.15,7c607683,5,2431.6462567667677,329
R_dipaxis_s0.2,7c607683,0,43295.876904909004,999
R_dipaxis_s0.2,7c607683,1,126412.60065113692,1000
R_dipaxis_s0.2,7c607683,2,283733.40494913573,1000
R_dipaxis_s0.2,7c607683,3,442244.72739798325,1000
R_dipaxis_s0.2,7c607683,4,321252.2214768248,1000
R_dipaxis_s0.2,7c607683,5,2188.6505106087466,329
R_dipaxis_s0.1,b7cdcecb,0,11175.541355007781,999
R_dipaxis_s0.1,b7cdcecb,1,19574.91304205896,1000
R_dipaxis_s0.1,b7cdcecb,2,12679.557319897049,1000
R_dipaxis_s0.1,b7cdcecb,3,3403.3502648684585,1000
R_dipaxis_s0.1,b7cdcecb,4,18637.52949280981,1000
R_dipaxis_s0.1,b7cdcecb,5,106046.85439416255,1000
R_dipaxis_s0.1,b7cdcecb,6,38001.105168708156,169
R_dipaxis_s0.15,b7cdcecb,0,10043.973733185974,999
R_dipaxis_s0.15,b7cdcecb,1,18094.598510684875,1000
R_dipaxis_s0.15,b7cdcecb,2,8467.142627876516,1000
R_dipaxis_s0.15,b7cdcecb,3,1784.6332986927473,1000
R_dipaxis_s0.15,b7cdcecb,4,4744.879848888967,1000
R_dipaxis_s0.15,b7cdcecb,5,52905.9362709131,1000
R_dipaxis_s0.15,b7cdcecb,6,21788.032210764,169
R_dipaxis_s0.2,b7cdcecb,0,8980.316811814826,999
R_dipaxis_s0.2,b7cdcecb,1,16684.069644376614,1000
R_dipaxis_s0.2,b7cdcecb,2,5251.104534543981,1000
R_dipaxis_s0.2,b7cdcecb,3,3859.89060011118,1000
R_dipaxis_s0.2,b7cdcecb,4,4295.921144753166,1000
R_dipaxis_s0.2,b7cdcecb,5,22876.823167447215,1000
R_dipaxis_s0.2,b7cdcecb,6,10069.312924621561,169
R_dipaxis_s0.1,a5e6f7dc,0,113589.30417614014,999
R_dipaxis_s0.1,a5e6f7dc,1,66777.09970963451,1000
R_dipaxis_s0.1,a5e6f7dc,2,64872.15709637112,1000
R_dipaxis_s0.1,a5e6f7dc,3,43464.18493539452,1000
R_dipaxis_s0.1,a5e6f7dc,4,147045.7345438951,1000
R_dipaxis_s0.1,a5e6f7dc,5,151355.9074347261,650
R_dipaxis_s0.15,a5e6f7dc,0,111672.2586466666,999
R_dipaxis_s0.15,a5e6f7dc,1,90081.17373216273,1000
R_dipaxis_s0.15,a5e6f7dc,2,109725.63907694908,1000
R_dipaxis_s0.15,a5e6f7dc,3,109930.29010298711,1000
R_dipaxis_s0.15,a5e6f7dc,4,268573.08649439435,1000
R_dipaxis_s0.15,a5e6f7dc,5,241403.3371662017,650
R_dipaxis_s0.2,a5e6f7dc,0,110311.458972164,999
R_dipaxis_s0.2,a5e6f7dc,1,117062.48093316489,1000
R_dipaxis_s0.2,a5e6f7dc,2,170482.15054578998,1000
R_dipaxis_s0.2,a5e6f7dc,3,207077.6934705113,1000
R_dipaxis_s0.2,a5e6f7dc,4,427148.78539726255,1000
R_dipaxis_s0.2,a5e6f7dc,5,353350.92047375126,650
R_dipaxis_s0.1,4ed93db6,0,2844.725862604607,999
R_dipaxis_s0.1,4ed93db6,1,24110.49121730678,1000
R_dipaxis_s0.1,4ed93db6,2,81513.12537427171,1000
R_dipaxis_s0.1,4ed93db6,3,164360.0755094421,1000
R_dipaxis_s0.1,4ed93db6,4,139987.90996810014,658
R_dipaxis_s0.15,4ed93db6,0,2859.180046039009,999
R_dipaxis_s0.15,4ed93db6,1,21369.590311971355,1000
R_dipaxis_s0.15,4ed93db6,2,76855.59249215007,1000
R_dipaxis_s0.15,4ed93db6,3,172596.17624173337,1000
R_dipaxis_s0.15,4ed93db6,4,153411.47670297805,658
R_dipaxis_s0.2,4ed93db6,0,2905.2644642287823,999
R_dipaxis_s0.2,4ed93db6,1,18911.75986397835,1000
R_dipaxis_s0.2,4ed93db6,2,72357.09119719123,1000
R_dipaxis_s0.2,4ed93db6,3,181149.30022574362,1000
R_dipaxis_s0.2,4ed93db6,4,167475.70923841116,658
R_dipaxis_s0.1,26623a50,0,84509.40797848851,999
R_dipaxis_s0.1,26623a50,1,564932.1451396471,1000
R_dipaxis_s0.1,26623a50,2,537614.2319144362,1000
R_dipaxis_s0.1,26623a50,3,216096.31270538273,1000
R_dipaxis_s0.1,26623a50,4,121052.13363944645,1000
R_dipaxis_s0.1,26623a50,5,89292.48376184433,736
R_dipaxis_s0.15,26623a50,0,63215.3789036625,999
R_dipaxis_s0.15,26623a50,1,460669.6039533876,1000
R_dipaxis_s0.15,26623a50,2,430962.1081777033,1000
R_dipaxis_s0.15,26623a50,3,143118.2888576996,1000
R_dipaxis_s0.15,26623a50,4,59496.94330289702,1000
R_dipaxis_s0.15,26623a50,5,41348.309868745346,736
R_dipaxis_s0.2,26623a50,0,45277.24241945719,999
R_dipaxis_s0.2,26623a50,1,367118.83199641464,1000
R_dipaxis_s0.2,26623a50,2,336349.26737834106,1000
R_dipaxis_s0.2,26623a50,3,85865.59270977101,1000
R_dipaxis_s0.2,26623a50,4,20218.054595500464,1000
R_dipaxis_s0.2,26623a50,5,13148.91862630349,736
R_dipaxis_s0.1,eeed308d,0,23627.737859376502,999
R_dipaxis_s0.1,eeed308d,1,20945.399860247435,1000
R_dipaxis_s0.1,eeed308d,2,132042.98146231665,1000
R_dipaxis_s0.1,eeed308d,3,116893.19571226512,900
R_dipaxis_s0.15,eeed308d,0,23503.92024268184,999
R_dipaxis_s0.15,eeed308d,1,20709.347288462606,1000
R_dipaxis_s0.15,eeed308d,2,115112.77835065388,1000
R_dipaxis_s0.15,eeed308d,3,101346.0301327368,900
R_dipaxis_s0.2,eeed308d,0,23386.95156172971,999
R_dipaxis_s0.2,eeed308d,1,20494.497582070828,1000
R_dipaxis_s0.2,eeed308d,2,99348.78651045026,1000
R_dipaxis_s0.2,eeed308d,3,86913.61359610573,900
R_dipaxis_s0.1,8d5d46d7,0,78772.42846745563,999
R_dipaxis_s0.1,8d5d46d7,1,304113.1092308665,1000
R_dipaxis_s0.1,8d5d46d7,2,418256.9999671824,1000
R_dipaxis_s0.1,8d5d46d7,3,289960.86348213226,1000
R_dipaxis_s0.1,8d5d46d7,4,136344.34523608067,1000
R_dipaxis_s0.1,8d5d46d7,5,55715.003379683265,756
R_dipaxis_s0.15,8d5d46d7,0,76899.47488914109,999
R_dipaxis_s0.15,8d5d46d7,1,300180.93543273775,1000
R_dipaxis_s0.15,8d5d46d7,2,429514.1108450354,1000
R_dipaxis_s0.15,8d5d46d7,3,309259.9100414451,1000
R_dipaxis_s0.15,8d5d46d7,4,148615.36682247327,1000
R_dipaxis_s0.15,8d5d46d7,5,62956.06895405305,756
R_dipaxis_s0.2,8d5d46d7,0,75063.1887694635,999
R_dipaxis_s0.2,8d5d46d7,1,296425.1656922318,1000
R_dipaxis_s0.2,8d5d46d7,2,440941.73035239475,1000
R_dipaxis_s0.2,8d5d46d7,3,329278.67751292256,1000
R_dipaxis_s0.2,8d5d46d7,4,161567.92315443416,1000
R_dipaxis_s0.2,8d5d46d7,5,70679.65865144199,756
R_dipaxis_s0.1,61f27424,0,1995.329149770043,999
R_dipaxis_s0.1,61f27424,1,5448.52582760967,1000
R_dipaxis_s0.1,61f27424,2,1911.2025260877126,1000
R_dipaxis_s0.1,61f27424,3,4041.0811566374537,1000
R_dipaxis_s0.1,61f27424,4,19034.662397060656,1000
R_dipaxis_s0.1,61f27424,5,4974.785683742909,1000
R_dipaxis_s0.1,61f27424,6,4540.297961556813,221
R_dipaxis_s0.15,61f27424,0,1827.8132129144597,999
R_dipaxis_s0.15,61f27424,1,5504.442552346609,1000
R_dipaxis_s0.15,61f27424,2,2716.215583984475,1000
R_dipaxis_s0.15,61f27424,3,3557.3649145902496,1000
R_dipaxis_s0.15,61f27424,4,16190.288709558226,1000
R_dipaxis_s0.15,61f27424,5,4914.356686326689,1000
R_dipaxis_s0.15,61f27424,6,4495.585488972113,221
R_dipaxis_s0.2,61f27424,0,1667.6577348978656,999
R_dipaxis_s0.2,61f27424,1,5636.566117704065,1000
R_dipaxis_s0.2,61f27424,2,3665.8958717826595,1000
R_dipaxis_s0.2,61f27424,3,3154.8025589665704,1000
R_dipaxis_s0.2,61f27424,4,13585.421664702502,1000
R_dipaxis_s0.2,61f27424,5,4925.860996052079,1000
R_dipaxis_s0.2,61f27424,6,4451.109547478338,221
R_dipaxis_s0.1,3bfee975,0,13528.298507835058,999
R_dipaxis_s0.1,3bfee975,1,78148.07509848718,1000
R_dipaxis_s0.1,3bfee975,2,83598.22398541708,1000
R_dipaxis_s0.1,3bfee975,3,12512.886188727993,604
R_dipaxis_s0.15,3bfee975,0,11179.003129274271,999
R_dipaxis_s0.15,3bfee975,1,75127.92903118602,1000
R_dipaxis_s0.15,3bfee975,2,84848.92478586853,1000
R_dipaxis_s0.15,3bfee975,3,6025.0748375881685,604
R_dipaxis_s0.2,3bfee975,0,9077.85179572806,999
R_dipaxis_s0.2,3bfee975,1,72772.7870861874,1000
R_dipaxis_s0.2,3bfee975,2,86939.42289147954,1000
R_dipaxis_s0.2,3bfee975,3,1947.8721894464302,604
R_dipaxis_s0.1,efe96181,0,509154.856582141,999
R_dipaxis_s0.1,efe96181,1,767600.0057702377,1000
R_dipaxis_s0.1,efe96181,2,832865.4388012126,1000
R_dipaxis_s0.1,efe96181,3,882027.3702702469,1000
R_dipaxis_s0.1,efe96181,4,10577.280073322556,13
R_dipaxis_s0.15,efe96181,0,473307.18993451475,999
R_dipaxis_s0.15,efe96181,1,744929.9313491121,1000
R_dipaxis_s0.15,efe96181,2,839243.6421344301,1000
R_dipaxis_s0.15,efe96181,3,917183.4998944114,1000
R_dipaxis_s0.15,efe96181,4,11180.544286335802,13
R_dipaxis_s0.2,efe96181,0,438813.9007611011,999
R_dipaxis_s0.2,efe96181,1,722680.2544238307,1000
R_dipaxis_s0.2,efe96181,2,845656.8238227324,1000
R_dipaxis_s0.2,efe96181,3,953118.4560446128,1000
R_dipaxis_s0.2,efe96181,4,11800.538416917538,13
R_dipaxis_s0.1,8bb9c1e6,0,32856.522248776724,999
R_dipaxis_s0.1,8bb9c1e6,1,31564.70221126472,1000
R_dipaxis_s0.1,8bb9c1e6,2,4176.276865754578,1000
R_dipaxis_s0.1,8bb9c1e6,3,11896.828017088837,1000
R_dipaxis_s0.1,8bb9c1e6,4,14050.341309768815,547
R_dipaxis_s0.15,8bb9c1e6,0,26851.26689217331,999
R_dipaxis_s0.15,8bb9c1e6,1,24591.595797765167,1000
R_dipaxis_s0.15,8bb9c1e6,2,2305.6134043982042,1000
R_dipaxis_s0.15,8bb9c1e6,3,6922.0245408236115,1000
R_dipaxis_s0.15,8bb9c1e6,4,10582.01813910539,547
R_dipaxis_s0.2,8bb9c1e6,0,21486.093148241944,999
R_dipaxis_s0.2,8bb9c1e6,1,18531.11267151117,1000
R_dipaxis_s0.2,8bb9c1e6,2,1665.4318135523538,1000
R_dipaxis_s0.2,8bb9c1e6,3,3961.4012080187595,1000
R_dipaxis_s0.2,8bb9c1e6,4,7613.222918076869,547
R_dipaxis_s0.1,896d15b9,0,5626.866271729392,999
R_dipaxis_s0.1,896d15b9,1,665801.0491023769,1000
R_dipaxis_s0.1,896d15b9,2,2562248.1777423304,1000
R_dipaxis_s0.1,896d15b9,3,2693824.2504985286,1000
R_dipaxis_s0.1,896d15b9,4,580156.9996344357,280
R_dipaxis_s0.15,896d15b9,0,8700.962600851582,999
R_dipaxis_s0.15,896d15b9,1,766556.206185018,1000
R_dipaxis_s0.15,896d15b9,2,2998137.8664407874,1000
R_dipaxis_s0.15,896d15b9,3,3556750.97471246,1000
R_dipaxis_s0.15,896d15b9,4,876528.706565249,280
R_dipaxis_s0.2,896d15b9,0,12824.198058812432,999
R_dipaxis_s0.2,896d15b9,1,875203.2407552869,1000
R_dipaxis_s0.2,896d15b9,2,3469096.6261907625,1000
R_dipaxis_s0.2,896d15b9,3,4543273.603869491,1000
R_dipaxis_s0.2,896d15b9,4,1234086.4188717895,280
R_dipaxis_s0.1,374be387,0,21370.173101899803,999
R_dipaxis_s0.1,374be387,1,102683.6896630122,1000
R_dipaxis_s0.1,374be387,2,63428.28354033647,1000
R_dipaxis_s0.1,374be387,3,4671.1217117794085,1000
R_dipaxis_s0.1,374be387,4,16787.0713191756,1000
R_dipaxis_s0.1,374be387,5,3341.564982885932,1000
R_dipaxis_s0.1,374be387,6,55385.73464021387,1000
R_dipaxis_s0.1,374be387,7,77253.9617034323,1000
R_dipaxis_s0.1,374be387,8,217983.32118469055,1000
R_dipaxis_s0.1,374be387,9,227215.477655734,966
R_dipaxis_s0.15,374be387,0,20168.874844000125,999
R_dipaxis_s0.15,374be387,1,109966.76124040426,1000
R_dipaxis_s0.15,374be387,2,68908.94840693088,1000
R_dipaxis_s0.15,374be387,3,9679.012691728998,1000
R_dipaxis_s0.15,374be387,4,9302.604812255453,1000
R_dipaxis_s0.15,374be387,5,9574.367063286358,1000
R_dipaxis_s0.15,374be387,6,80639.61454113356,1000
R_dipaxis_s0.15,374be387,7,117619.15015201614,1000
R_dipaxis_s0.15,374be387,8,298288.285277921,1000
R_dipaxis_s0.15,374be387,9,338843.93112843216,966
R_dipaxis_s0.2,374be387,0,19114.84294686824,999
R_dipaxis_s0.2,374be387,1,117623.93231505071,1000
R_dipaxis_s0.2,374be387,2,76861.68487114161,1000
R_dipaxis_s0.2,374be387,3,18472.863554385647,1000
R_dipaxis_s0.2,374be387,4,6135.672827664162,1000
R_dipaxis_s0.2,374be387,5,21252.245469659036,1000
R_dipaxis_s0.2,374be387,6,111883.78486259429,1000
R_dipaxis_s0.2,374be387,7,168659.94636517938,1000
R_dipaxis_s0.2,374be387,8,391275.6639384082,1000
R_dipaxis_s0.2,374be387,9,472800.92466434947,966
R_dipaxis_s0.1,9a8ae0d6,0,101741.20590612655,999
R_dipaxis_s0.1,9a8ae0d6,1,51735.18885981383,1000
R_dipaxis_s0.1,9a8ae0d6,2,21642.622452283016,1000
R_dipaxis_s0.1,9a8ae0d6,3,18539.503024442227,1000
R_dipaxis_s0.1,9a8ae0d6,4,11208.435344653957,1000
R_dipaxis_s0.1,9a8ae0d6,5,11916.735107407425,1000
R_dipaxis_s0.1,9a8ae0d6,6,17564.50737639439,295
R_dipaxis_s0.15,9a8ae0d6,0,94201.14435875443,999
R_dipaxis_s0.15,9a8ae0d6,1,59179.79442691857,1000
R_dipaxis_s0.15,9a8ae0d6,2,35425.385688401635,1000
R_dipaxis_s0.15,9a8ae0d6,3,32411.85869519591,1000
R_dipaxis_s0.15,9a8ae0d6,4,21204.656046290846,1000
R_dipaxis_s0.15,9a8ae0d6,5,21027.1084970563,1000
R_dipaxis_s0.15,9a8ae0d6,6,8685.943247828342,295
R_dipaxis_s0.2,9a8ae0d6,0,86963.59371109621,999
R_dipaxis_s0.2,9a8ae0d6,1,67734.5388188242,1000
R_dipaxis_s0.2,9a8ae0d6,2,53351.013264506,1000
R_dipaxis_s0.2,9a8ae0d6,3,50154.721238306105,1000
R_dipaxis_s0.2,9a8ae0d6,4,34399.561067467344,1000
R_dipaxis_s0.2,9a8ae0d6,5,35445.04531066904,1000
R_dipaxis_s0.2,9a8ae0d6,6,2906.4768080851813,295
R_dipaxis_s0.1,ffefef30,0,2213.1828441391413,999
R_dipaxis_s0.1,ffefef30,1,19752.974362591776,1000
R_dipaxis_s0.1,ffefef30,2,28900.98704175953,1000
R_dipaxis_s0.1,ffefef30,3,74274.01538687942,1000
R_dipaxis_s0.1,ffefef30,4,68437.20519191456,571
R_dipaxis_s0.15,ffefef30,0,1371.8707444091403,999
R_dipaxis_s0.15,ffefef30,1,14148.490999631,1000
R_dipaxis_s0.15,ffefef30,2,32004.906216546227,1000
R_dipaxis_s0.15,ffefef30,3,67185.30080114251,1000
R_dipaxis_s0.15,ffefef30,4,67281.31911549332,571
R_dipaxis_s0.2,ffefef30,0,885.9027301447414,999
R_dipaxis_s0.2,ffefef30,1,10336.71304049499,1000
R_dipaxis_s0.2,ffefef30,2,35680.55769394111,1000
R_dipaxis_s0.2,ffefef30,3,60474.43509596272,1000
R_dipaxis_s0.2,ffefef30,4,66181.18655749211,571
R_dipaxis_s0.1,46a7190b,0,21760.24804610767,999
R_dipaxis_s0.1,46a7190b,1,100491.29149648813,1000
R_dipaxis_s0.1,46a7190b,2,181430.19724050083,1000
R_dipaxis_s0.1,46a7190b,3,765234.7206980722,1000
R_dipaxis_s0.1,46a7190b,4,136869.11140453644,216
R_dipaxis_s0.15,46a7190b,0,24720.282422995708,999
R_dipaxis_s0.15,46a7190b,1,113677.80436039489,1000
R_dipaxis_s0.15,46a7190b,2,239056.5591543057,1000
R_dipaxis_s0.15,46a7190b,3,926954.7695279119,1000
R_dipaxis_s0.15,46a7190b,4,179378.5753382261,216
R_dipaxis_s0.2,46a7190b,0,28006.12316910672,999
R_dipaxis_s0.2,46a7190b,1,128697.55566807641,1000
R_dipaxis_s0.2,46a7190b,2,304931.8419638167,1000
R_dipaxis_s0.2,46a7190b,3,1104823.4717449648,1000
R_dipaxis_s0.2,46a7190b,4,227656.18062619472,216
R_dipaxis_s0.1,8b12bab6,0,4115.910567795246,999
R_dipaxis_s0.1,8b12bab6,1,2717.496178910227,1000
R_dipaxis_s0.1,8b12bab6,2,58662.04285984262,1000
R_dipaxis_s0.1,8b12bab6,3,193735.23924413996,1000
R_dipaxis_s0.1,8b12bab6,4,381600.0491392465,1000
R_dipaxis_s0.1,8b12bab6,5,96494.90672651006,235
R_dipaxis_s0.15,8b12bab6,0,5040.554394281171,999
R_dipaxis_s0.15,8b12bab6,1,5434.482438580703,1000
R_dipaxis_s0.15,8b12bab6,2,36263.25807669527,1000
R_dipaxis_s0.15,8b12bab6,3,134991.82036510896,1000
R_dipaxis_s0.15,8b12bab6,4,269913.98500772164,1000
R_dipaxis_s0.15,8b12bab6,5,67732.01715333611,235
R_dipaxis_s0.2,8b12bab6,0,6133.002515825165,999
R_dipaxis_s0.2,8b12bab6,1,10852.179178395521,1000
R_dipaxis_s0.2,8b12bab6,2,19850.702118174966,1000
R_dipaxis_s0.2,8b12bab6,3,87869.95328535157,1000
R_dipaxis_s0.2,8b12bab6,4,177758.67430877546,1000
R_dipaxis_s0.2,8b12bab6,5,44046.56812254672,235
R_dipaxis_s0.1,9ffce529,0,13784.502786941928,999
R_dipaxis_s0.1,9ffce529,1,29405.166216637015,1000
R_dipaxis_s0.1,9ffce529,2,58392.50435581491,1000
R_dipaxis_s0.1,9ffce529,3,160861.85766045106,1000
R_dipaxis_s0.1,9ffce529,4,334672.2789005349,1000
R_dipaxis_s0.1,9ffce529,5,108914.20428001063,213
R_dipaxis_s0.15,9ffce529,0,12672.027102664786,999
R_dipaxis_s0.15,9ffce529,1,21162.769703339858,1000
R_dipaxis_s0.15,9ffce529,2,70397.30323809129,1000
R_dipaxis_s0.15,9ffce529,3,181188.70179537468,1000
R_dipaxis_s0.15,9ffce529,4,349886.88828900753,1000
R_dipaxis_s0.15,9ffce529,5,112145.42540503421,213
R_dipaxis_s0.2,9ffce529,0,11647.914966555993,999
R_dipaxis_s0.2,9ffce529,1,14481.616108965689,1000
R_dipaxis_s0.2,9ffce529,2,84709.1082232802,1000
R_dipaxis_s0.2,9ffce529,3,202750.96540009728,1000
R_dipaxis_s0.2,9ffce529,4,365607.06936961407,1000
R_dipaxis_s0.2,9ffce529,5,115424.60912007042,213
R_dipaxis_s0.1,32fe84c9,0,41782.067956486935,999
R_dipaxis_s0.1,32fe84c9,1,138655.10605680445,1000
R_dipaxis_s0.1,32fe84c9,2,347772.4939783399,1000
R_dipaxis_s0.1,32fe84c9,3,435093.04000829754,1000
R_dipaxis_s0.1,32fe84c9,4,734975.5241175443,1000
R_dipaxis_s0.1,32fe84c9,5,123827.44286029245,1000
R_dipaxis_s0.1,32fe84c9,6,144939.70812161046,409
R_dipaxis_s0.15,32fe84c9,0,35480.45598072336,999
R_dipaxis_s0.15,32fe84c9,1,112531.37184521863,1000
R_dipaxis_s0.15,32fe84c9,2,275705.2592227514,1000
R_dipaxis_s0.15,32fe84c9,3,330580.66974642064,1000
R_dipaxis_s0.15,32fe84c9,4,566783.1796443957,1000
R_dipaxis_s0.15,32fe84c9,5,67835.25650227073,1000
R_dipaxis_s0.15,32fe84c9,6,92710.28846007878,409
R_dipaxis_s0.2,32fe84c9,0,29698.51993562186,999
R_dipaxis_s0.2,32fe84c9,1,89207.33297364178,1000
R_dipaxis_s0.2,32fe84c9,2,212087.73823732545,1000
R_dipaxis_s0.2,32fe84c9,3,240714.82837386013,1000
R_dipaxis_s0.2,32fe84c9,4,420550.022783297,1000
R_dipaxis_s0.2,32fe84c9,5,29962.723518805138,1000
R_dipaxis_s0.2,32fe84c9,6,52223.65061698992,409
R_dipaxis_s0.1,f5d8aab6,0,58335.73195214057,999
R_dipaxis_s0.1,f5d8aab6,1,225951.61942082655,1000
R_dipaxis_s0.1,f5d8aab6,2,127506.44756971994,1000
R_dipaxis_s0.1,f5d8aab6,3,375629.70445732714,1000
R_dipaxis_s0.1,f5d8aab6,4,134720.860289025,445
R_dipaxis_s0.15,f5d8aab6,0,54071.76526884059,999
R_dipaxis_s0.15,f5d8aab6,1,210742.0671878691,1000
R_dipaxis_s0.15,f5d8aab6,2,115057.61082194225,1000
R_dipaxis_s0.15,f5d8aab6,3,343363.8433659238,1000
R_dipaxis_s0.15,f5d8aab6,4,118313.56107062014,445
R_dipaxis_s0.2,f5d8aab6,0,49979.74791262343,999
R_dipaxis_s0.2,f5d8aab6,1,196069.47845932245,1000
R_dipaxis_s0.2,f5d8aab6,2,103273.15985239645,1000
R_dipaxis_s0.2,f5d8aab6,3,312560.360327795,1000
R_dipaxis_s0.2,f5d8aab6,4,103025.10397693186,445
R_dipaxis_s0.1,198a5607,0,745.893668748101,999
R_dipaxis_s0.1,198a5607,1,1475.2718947145192,1000
R_dipaxis_s0.1,198a5607,2,52444.27061251657,1000
R_dipaxis_s0.1,198a5607,3,143492.96409859092,1000
R_dipaxis_s0.1,198a5607,4,177632.79046513073,1000
R_dipaxis_s0.1,198a5607,5,99309.67131330087,1000
R_dipaxis_s0.1,198a5607,6,5768.189535612688,252
R_dipaxis_s0.15,198a5607,0,729.7506831957523,999
R_dipaxis_s0.15,198a5607,1,1677.4881436581015,1000
R_dipaxis_s0.15,198a5607,2,44241.81646612218,1000
R_dipaxis_s0.15,198a5607,3,126113.86672522803,1000
R_dipaxis_s0.15,198a5607,4,155479.57921900623,1000
R_dipaxis_s0.15,198a5607,5,84535.17979183113,1000
R_dipaxis_s0.15,198a5607,6,7917.006696065128,252
R_dipaxis_s0.2,198a5607,0,723.018984358952,999
R_dipaxis_s0.2,198a5607,1,1942.5913936593543,1000
R_dipaxis_s0.2,198a5607,2,36947.31978462592,1000
R_dipaxis_s0.2,198a5607,3,109859.0589700946,1000
R_dipaxis_s0.2,198a5607,4,134810.65138709205,1000
R_dipaxis_s0.2,198a5607,5,71462.79351828134,1000
R_dipaxis_s0.2,198a5607,6,10443.729451615001,252
R_dipaxis_s0.1,5542c301,0,10711.370116433272,999
R_dipaxis_s0.1,5542c301,1,92576.76897559679,1000
R_dipaxis_s0.1,5542c301,2,5564.355578499856,1000
R_dipaxis_s0.1,5542c301,3,6745.063038623264,592
R_dipaxis_s0.15,5542c301,0,11805.06439809251,999
R_dipaxis_s0.15,5542c301,1,110178.19026519668,1000
R_dipaxis_s0.15,5542c301,2,14704.50036451162,1000
R_dipaxis_s0.15,5542c301,3,12923.494062914517,592
R_dipaxis_s0.2,5542c301,0,13226.81132871369,999
R_dipaxis_s0.2,5542c301,1,130026.2616893329,1000
R_dipaxis_s0.2,5542c301,2,33388.80564836478,1000
R_dipaxis_s0.2,5542c301,3,27350.258157191452,592
R_dipaxis_s0.1,10b89021,0,35654.17141367783,999
R_dipaxis_s0.1,10b89021,1,234827.110951064,1000
R_dipaxis_s0.1,10b89021,2,251756.48511462394,1000
R_dipaxis_s0.1,10b89021,3,253596.1950796567,1000
R_dipaxis_s0.1,10b89021,4,322343.4993384826,1000
R_dipaxis_s0.1,10b89021,5,51992.78879897426,415
R_dipaxis_s0.15,10b89021,0,30684.201534817745,999
R_dipaxis_s0.15,10b89021,1,208082.53775714146,1000
R_dipaxis_s0.15,10b89021,2,223768.11921574347,1000
R_dipaxis_s0.15,10b89021,3,255539.79938310626,1000
R_dipaxis_s0.15,10b89021,4,362881.7842052446,1000
R_dipaxis_s0.15,10b89021,5,73403.64988541322,415
R_dipaxis_s0.2,10b89021,0,26092.316098824132,999
R_dipaxis_s0.2,10b89021,1,182965.03345024554,1000
R_dipaxis_s0.2,10b89021,2,197507.2950127349,1000
R_dipaxis_s0.2,10b89021,3,257814.66139563505,1000
R_dipaxis_s0.2,10b89021,4,405974.04303701833,1000
R_dipaxis_s0.2,10b89021,5,98702.92936315283,415
R_dipaxis_s0.1,9426ec1e,0,31233.45942054223,999
R_dipaxis_s0.1,9426ec1e,1,168207.36249906712,1000
R_dipaxis_s0.1,9426ec1e,2,134143.6235948682,533
R_dipaxis_s0.15,9426ec1e,0,26787.38669002879,999
R_dipaxis_s0.15,9426ec1e,1,158693.67892721592,1000
R_dipaxis_s0.15,9426ec1e,2,131225.2590410938,533
R_dipaxis_s0.2,9426ec1e,0,22687.383632326753,999
R_dipaxis_s0.2,9426ec1e,1,149502.76174110922,1000
R_dipaxis_s0.2,9426ec1e,2,128341.08005317947,533
R_dipaxis_s0.1,6e9ccd38,0,42512.14442048522,999
R_dipaxis_s0.1,6e9ccd38,1,340568.815621745,1000
R_dipaxis_s0.1,6e9ccd38,2,190895.04511119536,1000
R_dipaxis_s0.1,6e9ccd38,3,5758.503631213683,1000
R_dipaxis_s0.1,6e9ccd38,4,13967.649837804502,1000
R_dipaxis_s0.1,6e9ccd38,5,14495.713181891755,1000
R_dipaxis_s0.1,6e9ccd38,6,19427.45453012085,1000
R_dipaxis_s0.1,6e9ccd38,7,528445.6305961548,1000
R_dipaxis_s0.1,6e9ccd38,8,183184.6160035168,283
R_dipaxis_s0.15,6e9ccd38,0,37706.069129652795,999
R_dipaxis_s0.15,6e9ccd38,1,306346.85244797263,1000
R_dipaxis_s0.15,6e9ccd38,2,168385.38025780485,1000
R_dipaxis_s0.15,6e9ccd38,3,9396.502623510665,1000
R_dipaxis_s0.15,6e9ccd38,4,7767.900187473017,1000
R_dipaxis_s0.15,6e9ccd38,5,2903.553119986966,1000
R_dipaxis_s0.15,6e9ccd38,6,32465.272020293152,1000
R_dipaxis_s0.15,6e9ccd38,7,678584.1697591147,1000
R_dipaxis_s0.15,6e9ccd38,8,238170.56575077458,283
R_dipaxis_s0.2,6e9ccd38,0,33204.60853810171,999
R_dipaxis_s0.2,6e9ccd38,1,273936.9322177603,1000
R_dipaxis_s0.2,6e9ccd38,2,147509.9302984164,1000
R_dipaxis_s0.2,6e9ccd38,3,15817.982500267235,1000
R_dipaxis_s0.2,6e9ccd38,4,6770.6741576506965,1000
R_dipaxis_s0.2,6e9ccd38,5,353.1549228468823,1000
R_dipaxis_s0.2,6e9ccd38,6,60466.38592720537,1000
R_dipaxis_s0.2,6e9ccd38,7,847880.6835986666,1000
R_dipaxis_s0.2,6e9ccd38,8,300380.72069503064,283
R_dipaxis_s0.1,c593337f,0,58545.040149726774,999
R_dipaxis_s0.1,c593337f,1,14658.223557123236,1000
R_dipaxis_s0.1,c593337f,2,42250.854608021014,1000
R_dipaxis_s0.1,c593337f,3,1074731.1524467447,1000
R_dipaxis_s0.1,c593337f,4,1240002.525060166,1000
R_dipaxis_s0.1,c593337f,5,295379.9663421829,209
R_dipaxis_s0.15,c593337f,0,58969.093655076125,999
R_dipaxis_s0.15,c593337f,1,10052.1968819938,1000
R_dipaxis_s0.15,c593337f,2,37602.366149015026,1000
R_dipaxis_s0.15,c593337f,3,1013674.3492426453,1000
R_dipaxis_s0.15,c593337f,4,1207026.5163533373,1000
R_dipaxis_s0.15,c593337f,5,289190.3687616595,209
R_dipaxis_s0.2,c593337f,0,59428.87914741719,999
R_dipaxis_s0.2,c593337f,1,6603.765604401829,1000
R_dipaxis_s0.2,c593337f,2,33336.181914662964,1000
R_dipaxis_s0.2,c593337f,3,954459.9692202196,1000
R_dipaxis_s0.2,c593337f,4,1174528.3814218827,1000
R_dipaxis_s0.2,c593337f,5,283066.5887133917,209
R_dipaxis_s0.1,70925e23,0,22947.735513719355,999
R_dipaxis_s0.1,70925e23,1,477981.48808503174,1000
R_dipaxis_s0.1,70925e23,2,315951.3237010128,1000
R_dipaxis_s0.1,70925e23,3,201064.58464652055,1000
R_dipaxis_s0.1,70925e23,4,298690.82451939175,1000
R_dipaxis_s0.1,70925e23,5,387125.482411195,948
R_dipaxis_s0.15,70925e23,0,14184.55272201876,999
R_dipaxis_s0.15,70925e23,1,425708.2354830804,1000
R_dipaxis_s0.15,70925e23,2,320256.2643347271,1000
R_dipaxis_s0.15,70925e23,3,250880.6849095619,1000
R_dipaxis_s0.15,70925e23,4,423042.16457803414,1000
R_dipaxis_s0.15,70925e23,5,584211.7525114967,948
R_dipaxis_s0.2,70925e23,0,8401.099397940334,999
R_dipaxis_s0.2,70925e23,1,377271.2392514661,1000
R_dipaxis_s0.2,70925e23,2,324800.1144572339,1000
R_dipaxis_s0.2,70925e23,3,306423.42696578655,1000
R_dipaxis_s0.2,70925e23,4,569167.9457026334,1000
R_dipaxis_s0.2,70925e23,5,821822.0779749302,948
R_dipaxis_s0.1,f074d277,0,97744.175603171,999
R_dipaxis_s0.1,f074d277,1,231698.46040694235,1000
R_dipaxis_s0.1,f074d277,2,79722.9667102856,454
R_dipaxis_s0.15,f074d277,0,96586.0930158595,999
R_dipaxis_s0.15,f074d277,1,245792.87132721947,1000
R_dipaxis_s0.15,f074d277,2,91690.69900461278,454
R_dipaxis_s0.2,f074d277,0,95577.98866928178,999
R_dipaxis_s0.2,f074d277,1,260569.2452920329,1000
R_dipaxis_s0.2,f074d277,2,104497.28609172824,454
R_dipaxis_s0.1,f2d4c8c9,0,11561.04217970825,999
R_dipaxis_s0.1,f2d4c8c9,1,8693.918151197298,1000
R_dipaxis_s0.1,f2d4c8c9,2,6899.558122235946,1000
R_dipaxis_s0.1,f2d4c8c9,3,12790.836741061305,1000
R_dipaxis_s0.1,f2d4c8c9,4,5574.675258043008,1000
R_dipaxis_s0.1,f2d4c8c9,5,12561.245736016079,1000
R_dipaxis_s0.1,f2d4c8c9,6,6134.107237468324,250
R_dipaxis_s0.15,f2d4c8c9,0,10911.64054009288,999
R_dipaxis_s0.15,f2d4c8c9,1,10554.166591347,1000
R_dipaxis_s0.15,f2d4c8c9,2,7167.152799760423,1000
R_dipaxis_s0.15,f2d4c8c9,3,19453.538410826364,1000
R_dipaxis_s0.15,f2d4c8c9,4,5091.840990600242,1000
R_dipaxis_s0.15,f2d4c8c9,5,6128.661682006911,1000
R_dipaxis_s0.15,f2d4c8c9,6,14893.147539321926,250
R_dipaxis_s0.2,f2d4c8c9,0,10290.196080833095,999
R_dipaxis_s0.2,f2d4c8c9,1,12947.701407863704,1000
R_dipaxis_s0.2,f2d4c8c9,2,7750.59615489016,1000
R_dipaxis_s0.2,f2d4c8c9,3,28382.52271341377,1000
R_dipaxis_s0.2,f2d4c8c9,4,10235.380392183339,1000
R_dipaxis_s0.2,f2d4c8c9,5,9463.584246657314,1000
R_dipaxis_s0.2,f2d4c8c9,6,27629.330329922126,250
R_dipaxis_s0.1,35b3ef6a,0,122559.19204642529,999
R_dipaxis_s0.1,35b3ef6a,1,335669.4569922317,1000
R_dipaxis_s0.1,35b3ef6a,2,811464.0380697093,1000
R_dipaxis_s0.1,35b3ef6a,3,521815.5537657943,905
R_dipaxis_s0.15,35b3ef6a,0,107332.08542130263,999
R_dipaxis_s0.15,35b3ef6a,1,280704.37445144035,1000
R_dipaxis_s0.15,35b3ef6a,2,655542.1033366516,1000
R_dipaxis_s0.15,35b3ef6a,3,385145.03544304764,905
R_dipaxis_s0.2,35b3ef6a,0,93132.57003063388,999
R_dipaxis_s0.2,35b3ef6a,1,230691.5492193991,1000
R_dipaxis_s0.2,35b3ef6a,2,516390.3047916869,1000
R_dipaxis_s0.2,35b3ef6a,3,269473.78471656126,905
R_dipaxis_s0.1,2043abc5,0,444636.81095647806,999
R_dipaxis_s0.1,2043abc5,1,354328.3202519712,1000
R_dipaxis_s0.1,2043abc5,2,585851.7347480957,1000
R_dipaxis_s0.1,2043abc5,3,53323.950918298826,1000
R_dipaxis_s0.1,2043abc5,4,106400.04236359733,1000
R_dipaxis_s0.1,2043abc5,5,296468.9364478989,1000
R_dipaxis_s0.1,2043abc5,6,516044.8975259409,959
R_dipaxis_s0.15,2043abc5,0,416659.4210590951,999
R_dipaxis_s0.15,2043abc5,1,344691.2306863216,1000
R_dipaxis_s0.15,2043abc5,2,582869.0054904807,1000
R_dipaxis_s0.15,2043abc5,3,62618.59388014346,1000
R_dipaxis_s0.15,2043abc5,4,116970.45358174306,1000
R_dipaxis_s0.15,2043abc5,5,330428.7196550854,1000
R_dipaxis_s0.15,2043abc5,6,561425.3404947381,959
R_dipaxis_s0.2,2043abc5,0,389600.09694461146,999
R_dipaxis_s0.2,2043abc5,1,335363.2948928973,1000
R_dipaxis_s0.2,2043abc5,2,579982.6510784008,1000
R_dipaxis_s0.2,2043abc5,3,73095.84224378216,1000
R_dipaxis_s0.2,2043abc5,4,129286.88182411584,1000
R_dipaxis_s0.2,2043abc5,5,366453.07708441437,1000
R_dipaxis_s0.2,2043abc5,6,608991.2560007289,959
R_dipaxis_s0.1,78a4a386,0,18749.231007777198,999
R_dipaxis_s0.1,78a4a386,1,63443.92910235099,1000
R_dipaxis_s0.1,78a4a386,2,28016.81849786548,1000
R_dipaxis_s0.1,78a4a386,3,30903.64536058749,1000
R_dipaxis_s0.1,78a4a386,4,9431.466393275903,1000
R_dipaxis_s0.1,78a4a386,5,1080.5180742129398,120
R_dipaxis_s0.15,78a4a386,0,16713.285093572078,999
R_dipaxis_s0.15,78a4a386,1,57275.74772580949,1000
R_dipaxis_s0.15,78a4a386,2,28722.78842230015,1000
R_dipaxis_s0.15,78a4a386,3,27166.31842097311,1000
R_dipaxis_s0.15,78a4a386,4,9614.680845036148,1000
R_dipaxis_s0.15,78a4a386,5,1128.5731135427989,120
R_dipaxis_s0.2,78a4a386,0,14796.980667303153,999
R_dipaxis_s0.2,78a4a386,1,51433.132664120385,1000
R_dipaxis_s0.2,78a4a386,2,29443.87136373746,1000
R_dipaxis_s0.2,78a4a386,3,23761.788468085644,1000
R_dipaxis_s0.2,78a4a386,4,9844.211800212022,1000
R_dipaxis_s0.2,78a4a386,5,1177.7671543551585,120
R_dipaxis_s0.1,a4f989c2,0,12190.144984104576,999
R_dipaxis_s0.1,a4f989c2,1,228176.5778691447,1000
R_dipaxis_s0.1,a4f989c2,2,119050.24390061876,1000
R_dipaxis_s0.1,a4f989c2,3,55860.60238824789,1000
R_dipaxis_s0.1,a4f989c2,4,37223.409988562926,1000
R_dipaxis_s0.1,a4f989c2,5,18515.344704860174,386
R_dipaxis_s0.15,a4f989c2,0,11046.862190781272,999
R_dipaxis_s0.15,a4f989c2,1,207657.99209880605,1000
R_dipaxis_s0.15,a4f989c2,2,103273.42169815913,1000
R_dipaxis_s0.15,a4f989c2,3,46454.2488736659,1000
R_dipaxis_s0.15,a4f989c2,4,28711.98635171472,1000
R_dipaxis_s0.15,a4f989c2,5,15127.567720047664,386
R_dipaxis_s0.2,a4f989c2,0,9974.40590720895,999
R_dipaxis_s0.2,a4f989c2,1,188155.4492252086,1000
R_dipaxis_s0.2,a4f989c2,2,88758.36519386573,1000
R_dipaxis_s0.2,a4f989c2,3,37927.158319955015,1000
R_dipaxis_s0.2,a4f989c2,4,21337.255727452794,1000
R_dipaxis_s0.2,a4f989c2,5,12086.684243743679,386
R_dipaxis_s0.1,3a824aa7,0,43595.23621305477,999
R_dipaxis_s0.1,3a824aa7,1,83895.49770333042,1000
R_dipaxis_s0.1,3a824aa7,2,37336.35611057626,1000
R_dipaxis_s0.1,3a824aa7,3,193.11138765863623,1000
R_dipaxis_s0.1,3a824aa7,4,175.5023556817497,202
R_dipaxis_s0.15,3a824aa7,0,46630.74476786288,999
R_dipaxis_s0.15,3a824aa7,1,94395.91984199727,1000
R_dipaxis_s0.15,3a824aa7,2,48756.411295966645,1000
R_dipaxis_s0.15,3a824aa7,3,1821.0047202356827,1000
R_dipaxis_s0.15,3a824aa7,4,68.3530820961068,202
R_dipaxis_s0.2,3a824aa7,0,49834.14945485935,999
R_dipaxis_s0.2,3a824aa7,1,105821.22523866831,1000
R_dipaxis_s0.2,3a824aa7,2,63035.38906809326,1000
R_dipaxis_s0.2,3a824aa7,3,6679.417645309838,1000
R_dipaxis_s0.2,3a824aa7,4,704.3284075590599,202
R_dipaxis_s0.1,75cd5f11,0,62594.41249860085,999
R_dipaxis_s0.1,75cd5f11,1,55674.48134150538,1000
R_dipaxis_s0.1,75cd5f11,2,2494.5504247661743,1000
R_dipaxis_s0.1,75cd5f11,3,625.7315967674319,1000
R_dipaxis_s0.1,75cd5f11,4,18723.52126032036,947
R_dipaxis_s0.15,75cd5f11,0,68768.88242141083,999
R_dipaxis_s0.15,75cd5f11,1,64127.59278375345,1000
R_dipaxis_s0.15,75cd5f11,2,3665.185821168735,1000
R_dipaxis_s0.15,75cd5f11,3,999.285282310172,1000
R_dipaxis_s0.15,75cd5f11,4,13177.664519316646,947
R_dipaxis_s0.2,75cd5f11,0,75245.40719322315,999
R_dipaxis_s0.2,75cd5f11,1,73332.75710699524,1000
R_dipaxis_s0.2,75cd5f11,2,6501.363340251667,1000
R_dipaxis_s0.2,75cd5f11,3,2547.1742926262973,1000
R_dipaxis_s0.2,75cd5f11,4,9733.32856420622,947
R_dipaxis_s0.1,ce8399b7,0,13372.408908571091,999
R_dipaxis_s0.1,ce8399b7,1,11400.314455652993,616
R_dipaxis_s0.15,ce8399b7,0,13814.532104024702,999
R_dipaxis_s0.15,ce8399b7,1,15225.662379190499,616
R_dipaxis_s0.2,ce8399b7,0,14306.05509358883,999
R_dipaxis_s0.2,ce8399b7,1,19679.480199867823,616
R_dipaxis_s0.1,3e678ea7,0,106454.72235676934,999
R_dipaxis_s0.1,3e678ea7,1,236522.69947858184,1000
R_dipaxis_s0.1,3e678ea7,2,210947.7602394413,1000
R_dipaxis_s0.1,3e678ea7,3,152978.53860051348,1000
R_dipaxis_s0.1,3e678ea7,4,105471.02712863695,1000
R_dipaxis_s0.1,3e678ea7,5,231964.2671212908,1000
R_dipaxis_s0.1,3e678ea7,6,177937.64320272338,859
R_dipaxis_s0.15,3e678ea7,0,104452.24171733957,999
R_dipaxis_s0.15,3e678ea7,1,246467.7868805648,1000
R_dipaxis_s0.15,3e678ea7,2,233793.20425746703,1000
R_dipaxis_s0.15,3e678ea7,3,202849.6734319841,1000
R_dipaxis_s0.15,3e678ea7,4,170721.464354729,1000
R_dipaxis_s0.15,3e678ea7,5,339767.09971610084,1000
R_dipaxis_s0.15,3e678ea7,6,302597.9393946223,859
R_dipaxis_s0.2,3e678ea7,0,102474.64129937305,999
R_dipaxis_s0.2,3e678ea7,1,256971.42219101745,1000
R_dipaxis_s0.2,3e678ea7,2,259448.43744103253,1000
R_dipaxis_s0.2,3e678ea7,3,261286.76255093588,1000
R_dipaxis_s0.2,3e678ea7,4,251941.62285533734,1000
R_dipaxis_s0.2,3e678ea7,5,469016.82396702335,1000
R_dipaxis_s0.2,3e678ea7,6,461937.8121135487,859
R_dipaxis_s0.1,ecdaf714,0,4952.4522161975765,999
R_dipaxis_s0.1,ecdaf714,1,67823.73366759189,1000
R_dipaxis_s0.1,ecdaf714,2,782539.485422241,1000
R_dipaxis_s0.1,ecdaf714,3,654347.8964282409,1000
R_dipaxis_s0.1,ecdaf714,4,125065.86727361158,1000
R_dipaxis_s0.1,ecdaf714,5,251858.5957917839,1000
R_dipaxis_s0.1,ecdaf714,6,299055.4520679418,593
R_dipaxis_s0.15,ecdaf714,0,4597.502662240817,999
R_dipaxis_s0.15,ecdaf714,1,81213.72198068662,1000
R_dipaxis_s0.15,ecdaf714,2,850768.5084602946,1000
R_dipaxis_s0.15,ecdaf714,3,772015.9748429647,1000
R_dipaxis_s0.15,ecdaf714,4,200615.75726994377,1000
R_dipaxis_s0.15,ecdaf714,5,320185.3947992175,1000
R_dipaxis_s0.15,ecdaf714,6,342884.8515654287,593
R_dipaxis_s0.2,ecdaf714,0,4430.894500246338,999
R_dipaxis_s0.2,ecdaf714,1,96289.04114664857,1000
R_dipaxis_s0.2,ecdaf714,2,922003.2638829798,1000
R_dipaxis_s0.2,ecdaf714,3,899578.8613247667,1000
R_dipaxis_s0.2,ecdaf714,4,295292.2353726256,1000
R_dipaxis_s0.2,ecdaf714,5,398542.2795143522,1000
R_dipaxis_s0.2,ecdaf714,6,389862.0726052652,593
R_dipaxis_s0.1,57f05c51,0,136709.8122937179,999
R_dipaxis_s0.1,57f05c51,1,327382.73387902626,1000
R_dipaxis_s0.1,57f05c51,2,1723015.1483880975,1000
R_dipaxis_s0.1,57f05c51,3,3081647.1431700108,1000
R_dipaxis_s0.1,57f05c51,4,971649.0290880199,772
R_dipaxis_s0.15,57f05c51,0,121478.85751610053,999
R_dipaxis_s0.15,57f05c51,1,302997.9798956296,1000
R_dipaxis_s0.15,57f05c51,2,1703869.5964089057,1000
R_dipaxis_s0.15,57f05c51,3,3096501.1343386876,1000
R_dipaxis_s0.15,57f05c51,4,992393.7424472013,772
R_dipaxis_s0.2,57f05c51,0,107207.33825549479,999
R_dipaxis_s0.2,57f05c51,1,279715.5015636178,1000
R_dipaxis_s0.2,57f05c51,2,1684908.387580865,1000
R_dipaxis_s0.2,57f05c51,3,3111513.7792964433,1000
R_dipaxis_s0.2,57f05c51,4,1013548.2488831537,772
R_dipaxis_s0.1,8cc800b3,0,86532.01950688066,999
R_dipaxis_s0.1,8cc800b3,1,179064.44298754263,1000
R_dipaxis_s0.1,8cc800b3,2,219649.80422093725,1000
R_dipaxis_s0.1,8cc800b3,3,604386.9735052597,1000
R_dipaxis_s0.1,8cc800b3,4,669131.3405800349,1000
R_dipaxis_s0.1,8cc800b3,5,437076.18291359936,1000
R_dipaxis_s0.1,8cc800b3,6,300267.2715508277,577
R_dipaxis_s0.15,8cc800b3,0,82801.74293751185,999
R_dipaxis_s0.15,8cc800b3,1,187689.6915873487,1000
R_dipaxis_s0.15,8cc800b3,2,276691.41608538345,1000
R_dipaxis_s0.15,8cc800b3,3,757004.966647938,1000
R_dipaxis_s0.15,8cc800b3,4,890650.1192360186,1000
R_dipaxis_s0.15,8cc800b3,5,662809.7797541156,1000
R_dipaxis_s0.15,8cc800b3,6,459722.83722305973,577
R_dipaxis_s0.2,8cc800b3,0,79157.09458628017,999
R_dipaxis_s0.2,8cc800b3,1,196849.13662452536,1000
R_dipaxis_s0.2,8cc800b3,2,340593.24721916026,1000
R_dipaxis_s0.2,8cc800b3,3,926956.0348173295,1000
R_dipaxis_s0.2,8cc800b3,4,1144070.3888026543,1000
R_dipaxis_s0.2,8cc800b3,5,936571.959183785,1000
R_dipaxis_s0.2,8cc800b3,6,653096.779593174,577
R_dipaxis_s0.1,55efee7f,0,59040.40518436332,999
R_dipaxis_s0.1,55efee7f,1,444747.3146588621,1000
R_dipaxis_s0.1,55efee7f,2,1283595.520627829,1000
R_dipaxis_s0.1,55efee7f,3,350299.4489672632,1000
R_dipaxis_s0.1,55efee7f,4,201668.35884727185,802
R_dipaxis_s0.15,55efee7f,0,42358.793921838995,999
R_dipaxis_s0.15,55efee7f,1,360114.4820848462,1000
R_dipaxis_s0.15,55efee7f,2,1068679.2210056174,1000
R_dipaxis_s0.15,55efee7f,3,268063.5438186333,1000
R_dipaxis_s0.15,55efee7f,4,245579.20740245783,802
R_dipaxis_s0.2,55efee7f,0,28527.64838951241,999
R_dipaxis_s0.2,55efee7f,1,284805.2911418686,1000
R_dipaxis_s0.2,55efee7f,2,873478.454792666,1000
R_dipaxis_s0.2,55efee7f,3,200562.11791517102,1000
R_dipaxis_s0.2,55efee7f,4,294862.66951201117,802
R_dipaxis_s0.1,d0a0e7b5,0,52632.77137644505,999
R_dipaxis_s0.1,d0a0e7b5,1,86114.76024502647,1000
R_dipaxis_s0.1,d0a0e7b5,2,93079.87166162023,1000
R_dipaxis_s0.1,d0a0e7b5,3,140514.64230777472,817
R_dipaxis_s0.15,d0a0e7b5,0,42944.927125631155,999
R_dipaxis_s0.15,d0a0e7b5,1,74093.90463326598,1000
R_dipaxis_s0.15,d0a0e7b5,2,78206.58747957824,1000
R_dipaxis_s0.15,d0a0e7b5,3,112670.10359346948,817
R_dipaxis_s0.2,d0a0e7b5,0,34295.38958212812,999
R_dipaxis_s0.2,d0a0e7b5,1,62997.905565323956,1000
R_dipaxis_s0.2,d0a0e7b5,2,64659.55152230566,1000
R_dipaxis_s0.2,d0a0e7b5,3,87908.42503370378,817
R_dipaxis_s0.1,6dbe4b60,0,44975.667716208336,999
R_dipaxis_s0.1,6dbe4b60,1,5876.730487456391,1000
R_dipaxis_s0.1,6dbe4b60,2,121181.25380099102,1000
R_dipaxis_s0.1,6dbe4b60,3,73196.87993388182,1000
R_dipaxis_s0.1,6dbe4b60,4,2593.5468849946806,649
R_dipaxis_s0.15,6dbe4b60,0,40614.27610321544,999
R_dipaxis_s0.15,6dbe4b60,1,4599.7542776646305,1000
R_dipaxis_s0.15,6dbe4b60,2,103165.825192434,1000
R_dipaxis_s0.15,6dbe4b60,3,53584.062504304035,1000
R_dipaxis_s0.15,6dbe4b60,4,4633.118993218219,649
R_dipaxis_s0.2,6dbe4b60,0,36478.87534282486,999
R_dipaxis_s0.2,6dbe4b60,1,3563.207632193096,1000
R_dipaxis_s0.2,6dbe4b60,2,86738.82424450885,1000
R_dipaxis_s0.2,6dbe4b60,3,37731.959810379456,1000
R_dipaxis_s0.2,6dbe4b60,4,8018.999478592464,649
R_dipaxis_s0.1,53f23031,0,5686.687355373684,999
R_dipaxis_s0.1,53f23031,1,14647.221880189134,1000
R_dipaxis_s0.1,53f23031,2,9542.729095061506,1000
R_dipaxis_s0.1,53f23031,3,22234.15918126944,1000
R_dipaxis_s0.1,53f23031,4,133598.6018016094,1000
R_dipaxis_s0.1,53f23031,5,103943.8548597876,1000
R_dipaxis_s0.1,53f23031,6,265803.7476911138,1000
R_dipaxis_s0.1,53f23031,7,408342.240677697,1000
R_dipaxis_s0.1,53f23031,8,147722.11467849897,551
R_dipaxis_s0.15,53f23031,0,7307.614481050303,999
R_dipaxis_s0.15,53f23031,1,18186.194755398337,1000
R_dipaxis_s0.15,53f23031,2,12104.074510120356,1000
R_dipaxis_s0.15,53f23031,3,28234.04653042154,1000
R_dipaxis_s0.15,53f23031,4,137270.62815329642,1000
R_dipaxis_s0.15,53f23031,5,102524.4911317469,1000
R_dipaxis_s0.15,53f23031,6,266034.46933880926,1000
R_dipaxis_s0.15,53f23031,7,440428.63350670517,1000
R_dipaxis_s0.15,53f23031,8,178551.79711699908,551
R_dipaxis_s0.2,53f23031,0,9232.882538720645,999
R_dipaxis_s0.2,53f23031,1,22274.856887351918,1000
R_dipaxis_s0.2,53f23031,2,15025.61020353273,1000
R_dipaxis_s0.2,53f23031,3,34967.46428525358,1000
R_dipaxis_s0.2,53f23031,4,141100.3052055753,1000
R_dipaxis_s0.2,53f23031,5,101135.32773175373,1000
R_dipaxis_s0.2,53f23031,6,266344.1990212678,1000
R_dipaxis_s0.2,53f23031,7,473813.0782958276,1000
R_dipaxis_s0.2,53f23031,8,212455.52988833524,551
R_dipaxis_s0.1,f053a1b9,0,97789.41737807455,999
R_dipaxis_s0.1,f053a1b9,1,39821.81588365491,1000
R_dipaxis_s0.1,f053a1b9,2,227743.1768806453,1000
R_dipaxis_s0.1,f053a1b9,3,140153.3518291722,1000
R_dipaxis_s0.1,f053a1b9,4,20989.149836291323,109
R_dipaxis_s0.15,f053a1b9,0,105308.4901848203,999
R_dipaxis_s0.15,f053a1b9,1,51211.34222016343,1000
R_dipaxis_s0.15,f053a1b9,2,250463.3790540344,1000
R_dipaxis_s0.15,f053a1b9,3,160157.1580223891,1000
R_dipaxis_s0.15,f053a1b9,4,23819.26841251429,109
R_dipaxis_s0.2,f053a1b9,0,113201.67757003235,999
R_dipaxis_s0.2,f053a1b9,1,64441.00668645696,1000
R_dipaxis_s0.2,f053a1b9,2,274426.9291827943,1000
R_dipaxis_s0.2,f053a1b9,3,181709.69996802034,1000
R_dipaxis_s0.2,f053a1b9,4,26828.584160788032,109
R_dipaxis_s0.1,a959858c,0,2884795.0084405104,999
R_dipaxis_s0.1,a959858c,1,2288656.894792033,1000
R_dipaxis_s0.1,a959858c,2,2188546.196733008,1000
R_dipaxis_s0.1,a959858c,3,4346943.058509431,1000
R_dipaxis_s0.1,a959858c,4,2432076.7926607286,405
R_dipaxis_s0.15,a959858c,0,2566186.5430890094,999
R_dipaxis_s0.15,a959858c,1,1980744.5568675844,1000
R_dipaxis_s0.15,a959858c,2,1814467.1145264902,1000
R_dipaxis_s0.15,a959858c,3,3650657.4137727027,1000
R_dipaxis_s0.15,a959858c,4,2048398.0766709773,405
R_dipaxis_s0.2,a959858c,0,2266252.0525896526,999
R_dipaxis_s0.2,a959858c,1,1695264.1833628165,1000
R_dipaxis_s0.2,a959858c,2,1475477.24667129,1000
R_dipaxis_s0.2,a959858c,3,3015465.758908338,1000
R_dipaxis_s0.2,a959858c,4,1697650.0558678047,405
R_dipaxis_s0.1,1b1eba53,0,961377.8756580037,999
R_dipaxis_s0.1,1b1eba53,1,3460574.0206934223,1000
R_dipaxis_s0.1,1b1eba53,2,6086982.979392465,1000
R_dipaxis_s0.1,1b1eba53,3,8667129.9913907,1000
R_dipaxis_s0.1,1b1eba53,4,5681030.809252713,656
R_dipaxis_s0.15,1b1eba53,0,937965.7028496445,999
R_dipaxis_s0.15,1b1eba53,1,3556800.905166184,1000
R_dipaxis_s0.15,1b1eba53,2,6398670.73958337,1000
R_dipaxis_s0.15,1b1eba53,3,8904610.269678945,1000
R_dipaxis_s0.15,1b1eba53,4,5900159.234826419,656
R_dipaxis_s0.2,1b1eba53,0,915028.7880830582,999
R_dipaxis_s0.2,1b1eba53,1,3654380.967922998,1000
R_dipaxis_s0.2,1b1eba53,2,6718181.29557076,1000
R_dipaxis_s0.2,1b1eba53,3,9145592.452062484,1000
R_dipaxis_s0.2,1b1eba53,4,6123871.216931713,656
R_dipaxis_s0.1,511e1db0,0,9074.716565328112,999
R_dipaxis_s0.1,511e1db0,1,1508.0266410588026,1000
R_dipaxis_s0.1,511e1db0,2,8997.165398498493,1000
R_dipaxis_s0.1,511e1db0,3,11287.082557265752,822
R_dipaxis_s0.15,511e1db0,0,9378.36258915773,999
R_dipaxis_s0.15,511e1db0,1,3743.87053665544,1000
R_dipaxis_s0.15,511e1db0,2,26292.85767636808,1000
R_dipaxis_s0.15,511e1db0,3,36985.688564445416,822
R_dipaxis_s0.2,511e1db0,0,9731.408407097244,999
R_dipaxis_s0.2,511e1db0,1,8489.432615630323,1000
R_dipaxis_s0.2,511e1db0,2,53327.97227331855,1000
R_dipaxis_s0.2,511e1db0,3,79374.37852399025,822
R_dipaxis_s0.1,84633df4,0,31210.28377623666,999
R_dipaxis_s0.1,84633df4,1,12191.988435797488,1000
R_dipaxis_s0.1,84633df4,2,37092.58669056626,1000
R_dipaxis_s0.1,84633df4,3,55469.35613543227,1000
R_dipaxis_s0.1,84633df4,4,89449.70573847303,973
R_dipaxis_s0.15,84633df4,0,27568.836095694463,999
R_dipaxis_s0.15,84633df4,1,10450.42418289941,1000
R_dipaxis_s0.15,84633df4,2,52580.12942822626,1000
R_dipaxis_s0.15,84633df4,3,83719.23167297023,1000
R_dipaxis_s0.15,84633df4,4,139994.2912642306,973
R_dipaxis_s0.2,84633df4,0,24167.393302710785,999
R_dipaxis_s0.2,84633df4,1,9573.885116135525,1000
R_dipaxis_s0.2,84633df4,2,70905.57892747305,1000
R_dipaxis_s0.2,84633df4,3,118027.1319570569,1000
R_dipaxis_s0.2,84633df4,4,201842.12619433782,973
R_dipaxis_s0.1,47ee27ab,0,18003.50250127823,999
R_dipaxis_s0.1,47ee27ab,1,49923.48611825221,1000
R_dipaxis_s0.1,47ee27ab,2,39455.296501793186,1000
R_dipaxis_s0.1,47ee27ab,3,27081.772365431512,1000
R_dipaxis_s0.1,47ee27ab,4,6838.3630321005985,1000
R_dipaxis_s0.1,47ee27ab,5,121889.2934204768,1000
R_dipaxis_s0.1,47ee27ab,6,89379.60876668995,398
R_dipaxis_s0.15,47ee27ab,0,16076.354983821528,999
R_dipaxis_s0.15,47ee27ab,1,44417.55409965447,1000
R_dipaxis_s0.15,47ee27ab,2,40318.8788781967,1000
R_dipaxis_s0.15,47ee27ab,3,23234.31930134617,1000
R_dipaxis_s0.15,47ee27ab,4,6465.855515223008,1000
R_dipaxis_s0.15,47ee27ab,5,119931.55383787562,1000
R_dipaxis_s0.15,47ee27ab,6,85230.2441600512,398
R_dipaxis_s0.2,47ee27ab,0,14268.848954301046,999
R_dipaxis_s0.2,47ee27ab,1,39237.18839590918,1000
R_dipaxis_s0.2,47ee27ab,2,41197.574271603116,1000
R_dipaxis_s0.2,47ee27ab,3,19777.814972728098,1000
R_dipaxis_s0.2,47ee27ab,4,6390.093976393809,1000
R_dipaxis_s0.2,47ee27ab,5,118037.00462671061,1000
R_dipaxis_s0.2,47ee27ab,6,81183.3098934208,398
R_dipaxis_s0.1,b95e7121,0,10124.099399302682,999
R_dipaxis_s0.1,b95e7121,1,3918.330718997731,1000
R_dipaxis_s0.1,b95e7121,2,7630.0105172288,1000
R_dipaxis_s0.1,b95e7121,3,9113.774722042352,1000
R_dipaxis_s0.1,b95e7121,4,90656.73823361615,1000
R_dipaxis_s0.1,b95e7121,5,90516.65061863395,1000
R_dipaxis_s0.1,b95e7121,6,24682.209784859344,307
R_dipaxis_s0.15,b95e7121,0,15846.34486878114,999
R_dipaxis_s0.15,b95e7121,1,7593.363544675281,1000
R_dipaxis_s0.15,b95e7121,2,29068.275980898383,1000
R_dipaxis_s0.15,b95e7121,3,43337.58565647522,1000
R_dipaxis_s0.15,b95e7121,4,189431.00932078698,1000
R_dipaxis_s0.15,b95e7121,5,211989.83727555355,1000
R_dipaxis_s0.15,b95e7121,6,65259.537892966735,307
R_dipaxis_s0.2,b95e7121,0,23543.868884811083,999
R_dipaxis_s0.2,b95e7121,1,20122.36951447189,1000
R_dipaxis_s0.2,b95e7121,2,65058.02434793796,1000
R_dipaxis_s0.2,b95e7121,3,104593.84920651594,1000
R_dipaxis_s0.2,b95e7121,4,326717.6241548675,1000
R_dipaxis_s0.2,b95e7121,5,386117.313964209,1000
R_dipaxis_s0.2,b95e7121,6,125224.98067819246,307
R_dipaxis_s0.1,91db7070,0,26280.184510187213,999
R_dipaxis_s0.1,91db7070,1,589527.0472365184,1000
R_dipaxis_s0.1,91db7070,2,2371931.3930864567,1000
R_dipaxis_s0.1,91db7070,3,2876452.532286402,1000
R_dipaxis_s0.1,91db7070,4,199163.1486887677,74
R_dipaxis_s0.15,91db7070,0,24954.979686271967,999
R_dipaxis_s0.15,91db7070,1,565278.9169011457,1000
R_dipaxis_s0.15,91db7070,2,2263638.47706612,1000
R_dipaxis_s0.15,91db7070,3,2686639.4485112745,1000
R_dipaxis_s0.15,91db7070,4,179696.2652850585,74
R_dipaxis_s0.2,91db7070,0,23670.787376350803,999
R_dipaxis_s0.2,91db7070,1,541545.7591633545,1000
R_dipaxis_s0.2,91db7070,2,2157906.2379367366,1000
R_dipaxis_s0.2,91db7070,3,2503680.9718572553,1000
R_dipaxis_s0.2,91db7070,4,161230.51508262174,74
R_dipaxis_s0.1,e3b34f5b,0,53766.31273018297,999
R_dipaxis_s0.1,e3b34f5b,1,11979.406207051563,1000
R_dipaxis_s0.1,e3b34f5b,2,22471.895205526114,1000
R_dipaxis_s0.1,e3b34f5b,3,172080.54512803376,1000
R_dipaxis_s0.1,e3b34f5b,4,136762.75446592434,1000
R_dipaxis_s0.1,e3b34f5b,5,84291.80300591381,456
R_dipaxis_s0.15,e3b34f5b,0,51860.62501185407,999
R_dipaxis_s0.15,e3b34f5b,1,12441.32467590645,1000
R_dipaxis_s0.15,e3b34f5b,2,19244.5590444616,1000
R_dipaxis_s0.15,e3b34f5b,3,153374.51215564302,1000
R_dipaxis_s0.15,e3b34f5b,4,122964.95570332566,1000
R_dipaxis_s0.15,e3b34f5b,5,74369.7756555203,456
R_dipaxis_s0.2,e3b34f5b,0,50021.301404574704,999
R_dipaxis_s0.2,e3b34f5b,1,12963.488954979943,1000
R_dipaxis_s0.2,e3b34f5b,2,16272.555674180108,1000
R_dipaxis_s0.2,e3b34f5b,3,135750.12172565353,1000
R_dipaxis_s0.2,e3b34f5b,4,109906.35257702197,1000
R_dipaxis_s0.2,e3b34f5b,5,65069.31780289636,456
R_dipaxis_s0.1,5a5269a9,0,21976.710437239788,999
R_dipaxis_s0.1,5a5269a9,1,15024.93471395336,1000
R_dipaxis_s0.1,5a5269a9,2,34480.81891331051,1000
R_dipaxis_s0.1,5a5269a9,3,55676.51155760548,1000
R_dipaxis_s0.1,5a5269a9,4,22906.226331872916,1000
R_dipaxis_s0.1,5a5269a9,5,185437.1868900523,1000
R_dipaxis_s0.1,5a5269a9,6,81928.56158930196,514
R_dipaxis_s0.15,5a5269a9,0,20139.71870082021,999
R_dipaxis_s0.15,5a5269a9,1,13063.028258551238,1000
R_dipaxis_s0.15,5a5269a9,2,25664.492130019353,1000
R_dipaxis_s0.15,5a5269a9,3,67705.3541412757,1000
R_dipaxis_s0.15,5a5269a9,4,43896.308518765916,1000
R_dipaxis_s0.15,5a5269a9,5,289136.98295151215,1000
R_dipaxis_s0.15,5a5269a9,6,144612.5392176563,514
R_dipaxis_s0.2,5a5269a9,0,18397.865294372285,999
R_dipaxis_s0.2,5a5269a9,1,11265.002761561502,1000
R_dipaxis_s0.2,5a5269a9,2,18178.492920095305,1000
R_dipaxis_s0.2,5a5269a9,3,82261.97972819257,1000
R_dipaxis_s0.2,5a5269a9,4,78622.41941963018,1000
R_dipaxis_s0.2,5a5269a9,5,417220.8063572642,1000
R_dipaxis_s0.2,5a5269a9,6,225070.96073514843,514
R_dipaxis_s0.1,05948241,0,11680.45429876413,999
R_dipaxis_s0.1,05948241,1,40825.258179204815,1000
R_dipaxis_s0.1,05948241,2,12743.733775925633,1000
R_dipaxis_s0.1,05948241,3,7457.722558784404,880
R_dipaxis_s0.15,05948241,0,10495.58508126379,999
R_dipaxis_s0.15,05948241,1,35935.09292356765,1000
R_dipaxis_s0.15,05948241,2,12832.318608009611,1000
R_dipaxis_s0.15,05948241,3,8254.798043811243,880
R_dipaxis_s0.2,05948241,0,9376.528685840687,999
R_dipaxis_s0.2,05948241,1,31454.345871101432,1000
R_dipaxis_s0.2,05948241,2,13810.257636173903,1000
R_dipaxis_s0.2,05948241,3,12262.311699260346,880
R_dipaxis_s0.1,a645da9a,0,103729.35243572514,999
R_dipaxis_s0.1,a645da9a,1,81187.8116705434,1000
R_dipaxis_s0.1,a645da9a,2,14894.427901689192,1000
R_dipaxis_s0.1,a645da9a,3,132383.78473969316,1000
R_dipaxis_s0.1,a645da9a,4,207571.07782727032,1000
R_dipaxis_s0.1,a645da9a,5,37343.487959856175,154
R_dipaxis_s0.15,a645da9a,0,87041.44941743172,999
R_dipaxis_s0.15,a645da9a,1,58540.63886837085,1000
R_dipaxis_s0.15,a645da9a,2,27355.495962118588,1000
R_dipaxis_s0.15,a645da9a,3,198775.61901644262,1000
R_dipaxis_s0.15,a645da9a,4,308711.8786231564,1000
R_dipaxis_s0.15,a645da9a,5,56766.90259940836,154
R_dipaxis_s0.2,a645da9a,0,72054.75844170185,999
R_dipaxis_s0.2,a645da9a,1,39904.72894123461,1000
R_dipaxis_s0.2,a645da9a,2,48275.20422893711,1000
R_dipaxis_s0.2,a645da9a,3,278890.45783112745,1000
R_dipaxis_s0.2,a645da9a,4,429880.46650721354,1000
R_dipaxis_s0.2,a645da9a,5,80242.7799120441,154
R_dipaxis_s0.1,368fe682,0,6496.2142529969115,999
R_dipaxis_s0.1,368fe682,1,215116.8628856561,1000
R_dipaxis_s0.1,368fe682,2,455972.87429168494,1000
R_dipaxis_s0.1,368fe682,3,141734.90844708896,1000
R_dipaxis_s0.1,368fe682,4,99623.35612232005,937
R_dipaxis_s0.15,368fe682,0,6438.473044581883,999
R_dipaxis_s0.15,368fe682,1,209343.50360928412,1000
R_dipaxis_s0.15,368fe682,2,450480.7205884617,1000
R_dipaxis_s0.15,368fe682,3,148578.73124124992,1000
R_dipaxis_s0.15,368fe682,4,89789.02068555205,937
R_dipaxis_s0.2,368fe682,0,6452.00747955801,999
R_dipaxis_s0.2,368fe682,1,203650.57255343636,1000
R_dipaxis_s0.2,368fe682,2,445048.8071858513,1000
R_dipaxis_s0.2,368fe682,3,155706.02698248552,1000
R_dipaxis_s0.2,368fe682,4,80514.33911682853,937
R_dipaxis_s0.1,8995c945,0,22228.696488999994,999
R_dipaxis_s0.1,8995c945,1,106927.44945130401,1000
R_dipaxis_s0.1,8995c945,2,629977.5755326354,1000
R_dipaxis_s0.1,8995c945,3,602906.1401516809,1000
R_dipaxis_s0.1,8995c945,4,1118548.243072258,1000
R_dipaxis_s0.1,8995c945,5,1213845.4779434202,1000
R_dipaxis_s0.1,8995c945,6,1062741.0771137257,725
R_dipaxis_s0.15,8995c945,0,27306.053152754397,999
R_dipaxis_s0.15,8995c945,1,147333.9058701598,1000
R_dipaxis_s0.15,8995c945,2,774369.8501275812,1000
R_dipaxis_s0.15,8995c945,3,813582.7165493632,1000
R_dipaxis_s0.15,8995c945,4,1490565.2701692432,1000
R_dipaxis_s0.15,8995c945,5,1773954.3251909048,1000
R_dipaxis_s0.15,8995c945,6,1649961.3698778388,725
R_dipaxis_s0.2,8995c945,0,32955.07982934366,999
R_dipaxis_s0.2,8995c945,1,194295.44195114926,1000
R_dipaxis_s0.2,8995c945,2,933905.7852416021,1000
R_dipaxis_s0.2,8995c945,3,1056082.8279282677,1000
R_dipaxis_s0.2,8995c945,4,1916760.3670734596,1000
R_dipaxis_s0.2,8995c945,5,2442239.1931889034,1000
R_dipaxis_s0.2,8995c945,6,2366469.8575134454,725
R_dipaxis_s0.1,48c1f673,0,89275.87387351079,999
R_dipaxis_s0.1,48c1f673,1,679946.5611901948,1000
R_dipaxis_s0.1,48c1f673,2,571456.2319449817,918
R_dipaxis_s0.15,48c1f673,0,97273.52245325381,999
R_dipaxis_s0.15,48c1f673,1,741853.4401574013,1000
R_dipaxis_s0.15,48c1f673,2,700076.3154127148,918
R_dipaxis_s0.2,48c1f673,0,105842.01642832141,999
R_dipaxis_s0.2,48c1f673,1,806551.6693726784,1000
R_dipaxis_s0.2,48c1f673,2,842858.1430439427,918
R_dipaxis_s0.1,466fc788,0,27513.299564565612,999
R_dipaxis_s0.1,466fc788,1,322716.94405628013,1000
R_dipaxis_s0.1,466fc788,2,13301.213014845447,1000
R_dipaxis_s0.1,466fc788,3,6103.431121566431,1000
R_dipaxis_s0.1,466fc788,4,263753.33919350605,1000
R_dipaxis_s0.1,466fc788,5,263309.54657450784,1000
R_dipaxis_s0.1,466fc788,6,50294.20835216486,198
R_dipaxis_s0.15,466fc788,0,26722.903649748245,999
R_dipaxis_s0.15,466fc788,1,247169.1747358831,1000
R_dipaxis_s0.15,466fc788,2,13621.21329248561,1000
R_dipaxis_s0.15,466fc788,3,9501.353550879629,1000
R_dipaxis_s0.15,466fc788,4,164603.2067006789,1000
R_dipaxis_s0.15,466fc788,5,165827.84311529272,1000
R_dipaxis_s0.15,466fc788,6,31440.43884019706,198
R_dipaxis_s0.2,466fc788,0,26474.77190353,999
R_dipaxis_s0.2,466fc788,1,181912.02411646917,1000
R_dipaxis_s0.2,466fc788,2,22527.932583605372,1000
R_dipaxis_s0.2,466fc788,3,28103.070959215474,1000
R_dipaxis_s0.2,466fc788,4,90876.52344813962,1000
R_dipaxis_s0.2,466fc788,5,90802.44442510724,1000
R_dipaxis_s0.2,466fc788,6,16995.763836196824,198
R_dipaxis_s0.1,27300fd5,0,257983.3228403654,999
R_dipaxis_s0.1,27300fd5,1,284425.8385298515,1000
R_dipaxis_s0.1,27300fd5,2,131933.95700952876,1000
R_dipaxis_s0.1,27300fd5,3,436694.87806279806,1000
R_dipaxis_s0.1,27300fd5,4,222532.66690800423,1000
R_dipaxis_s0.1,27300fd5,5,76615.5623022169,468
R_dipaxis_s0.15,27300fd5,0,234449.06381366917,999
R_dipaxis_s0.15,27300fd5,1,258143.5450205313,1000
R_dipaxis_s0.15,27300fd5,2,118889.30933829691,1000
R_dipaxis_s0.15,27300fd5,3,400007.2989096774,1000
R_dipaxis_s0.15,27300fd5,4,211308.158167846,1000
R_dipaxis_s0.15,27300fd5,5,73756.67799003719,468
R_dipaxis_s0.2,27300fd5,0,212055.62745571803,999
R_dipaxis_s0.2,27300fd5,1,233163.13682838238,1000
R_dipaxis_s0.2,27300fd5,2,106530.01634973461,1000
R_dipaxis_s0.2,27300fd5,3,364963.23233354674,1000
R_dipaxis_s0.2,27300fd5,4,200461.66486491472,1000
R_dipaxis_s0.2,27300fd5,5,71000.99993566608,468
R_dipaxis_s0.1,a9c9b150,0,4313.96548441649,999
R_dipaxis_s0.1,a9c9b150,1,362.9660865825062,1000
R_dipaxis_s0.1,a9c9b150,2,374.7846538921453,1000
R_dipaxis_s0.1,a9c9b150,3,2727.962563408849,987
R_dipaxis_s0.15,a9c9b150,0,4590.649894373544,999
R_dipaxis_s0.15,a9c9b150,1,456.63381154499945,1000
R_dipaxis_s0.15,a9c9b150,2,1074.6704386338922,1000
R_dipaxis_s0.15,a9c9b150,3,6224.953365171945,987
R_dipaxis_s0.2,a9c9b150,0,4912.697649496707,999
R_dipaxis_s0.2,a9c9b150,1,653.2424242881818,1000
R_dipaxis_s0.2,a9c9b150,2,2286.577728572445,1000
R_dipaxis_s0.2,a9c9b150,3,11310.422846973848,987
R_dipaxis_s0.1,071d7b45,0,291343.6544863427,999
R_dipaxis_s0.1,071d7b45,1,401632.77153513435,1000
R_dipaxis_s0.1,071d7b45,2,249369.86239227428,1000
R_dipaxis_s0.1,071d7b45,3,50743.47972005209,212
R_dipaxis_s0.15,071d7b45,0,273585.90882483195,999
R_dipaxis_s0.15,071d7b45,1,404551.07584579824,1000
R_dipaxis_s0.15,071d7b45,2,287316.2148763962,1000
R_dipaxis_s0.15,071d7b45,3,60779.65781576802,212
R_dipaxis_s0.2,071d7b45,0,256416.53506019336,999
R_dipaxis_s0.2,071d7b45,1,407660.2687518516,1000
R_dipaxis_s0.2,071d7b45,2,328197.88401917013,1000
R_dipaxis_s0.2,071d7b45,3,71721.25576861075,212
R_dipaxis_s0.1,ae8959c3,0,97634.58946440164,999
R_dipaxis_s0.1,ae8959c3,1,312969.91426868556,1000
R_dipaxis_s0.1,ae8959c3,2,684643.8107499274,1000
R_dipaxis_s0.1,ae8959c3,3,1033408.708096923,1000
R_dipaxis_s0.1,ae8959c3,4,720124.8034671636,519
R_dipaxis_s0.15,ae8959c3,0,104119.72073666927,999
R_dipaxis_s0.15,ae8959c3,1,364738.4983764611,1000
R_dipaxis_s0.15,ae8959c3,2,836282.2827551416,1000
R_dipaxis_s0.15,ae8959c3,3,1282667.9634197806,1000
R_dipaxis_s0.15,ae8959c3,4,905072.021562879,519
R_dipaxis_s0.2,ae8959c3,0,110834.37910231712,999
R_dipaxis_s0.2,ae8959c3,1,421127.64343319694,1000
R_dipaxis_s0.2,ae8959c3,2,1003132.3568472042,1000
R_dipaxis_s0.2,ae8959c3,3,1558946.309258912,1000
R_dipaxis_s0.2,ae8959c3,4,1111249.5846666927,519
R_dipaxis_s0.1,35b30c7f,0,29076.47728738345,999
R_dipaxis_s0.1,35b30c7f,1,147560.46177350366,1000
R_dipaxis_s0.1,35b30c7f,2,140843.84620355384,1000
R_dipaxis_s0.1,35b30c7f,3,286689.6603564627,1000
R_dipaxis_s0.1,35b30c7f,4,470064.914823931,1000
R_dipaxis_s0.1,35b30c7f,5,526563.8175979792,1000
R_dipaxis_s0.1,35b30c7f,6,175385.5920349291,1000
R_dipaxis_s0.1,35b30c7f,7,569238.8643085187,1000
R_dipaxis_s0.1,35b30c7f,8,539928.1010358233,1000
R_dipaxis_s0.1,35b30c7f,9,383520.07481225126,580
R_dipaxis_s0.15,35b30c7f,0,25116.840436766524,999
R_dipaxis_s0.15,35b30c7f,1,129014.74242464193,1000
R_dipaxis_s0.15,35b30c7f,2,127109.67821356487,1000
R_dipaxis_s0.15,35b30c7f,3,267681.5879539853,1000
R_dipaxis_s0.15,35b30c7f,4,439898.14453902474,1000
R_dipaxis_s0.15,35b30c7f,5,494571.1946839664,1000
R_dipaxis_s0.15,35b30c7f,6,167263.94507507348,1000
R_dipaxis_s0.15,35b30c7f,7,544803.0401960076,1000
R_dipaxis_s0.15,35b30c7f,8,558557.2145572426,1000
R_dipaxis_s0.15,35b30c7f,9,403009.7866477271,580
R_dipaxis_s0.2,35b30c7f,0,21464.965789945683,999
R_dipaxis_s0.2,35b30c7f,1,111736.73371870909,1000
R_dipaxis_s0.2,35b30c7f,2,114099.73526240444,1000
R_dipaxis_s0.2,35b30c7f,3,249333.06109771083,1000
R_dipaxis_s0.2,35b30c7f,4,410734.40228954644,1000
R_dipaxis_s0.2,35b30c7f,5,463595.1274612916,1000
R_dipaxis_s0.2,35b30c7f,6,159341.70929701006,1000
R_dipaxis_s0.2,35b30c7f,7,520926.89723899204,1000
R_dipaxis_s0.2,35b30c7f,8,577850.03808101,1000
R_dipaxis_s0.2,35b30c7f,9,423049.3122361062,580
R_dipaxis_s0.1,463c38f2,0,15569.23285383864,999
R_dipaxis_s0.1,463c38f2,1,43594.79196550305,1000
R_dipaxis_s0.1,463c38f2,2,55396.66765782077,1000
R_dipaxis_s0.1,463c38f2,3,54359.56969223025,1000
R_dipaxis_s0.1,463c38f2,4,21906.179585095684,461
R_dipaxis_s0.15,463c38f2,0,17425.271022952,999
R_dipaxis_s0.15,463c38f2,1,33836.00815641377,1000
R_dipaxis_s0.15,463c38f2,2,52642.747891888066,1000
R_dipaxis_s0.15,463c38f2,3,71240.45715420457,1000
R_dipaxis_s0.15,463c38f2,4,35486.552465228975,461
R_dipaxis_s0.2,463c38f2,0,19627.60622019681,999
R_dipaxis_s0.2,463c38f2,1,25496.93108609311,1000
R_dipaxis_s0.2,463c38f2,2,50721.95862939295,1000
R_dipaxis_s0.2,463c38f2,3,91153.72642675435,1000
R_dipaxis_s0.2,463c38f2,4,52342.06397041996,461
R_dipaxis_s0.1,72dd8501,0,40990.00469607716,999
R_dipaxis_s0.1,72dd8501,1,22056.563365408747,1000
R_dipaxis_s0.1,72dd8501,2,9281.775366359258,1000
R_dipaxis_s0.1,72dd8501,3,10784.325437302588,1000
R_dipaxis_s0.1,72dd8501,4,15186.305774569099,1000
R_dipaxis_s0.1,72dd8501,5,2981.8542586833664,194
R_dipaxis_s0.15,72dd8501,0,41150.144125768915,999
R_dipaxis_s0.15,72dd8501,1,22335.47518606086,1000
R_dipaxis_s0.15,72dd8501,2,4505.922502538472,1000
R_dipaxis_s0.15,72dd8501,3,4306.849318302902,1000
R_dipaxis_s0.15,72dd8501,4,4884.239360763179,1000
R_dipaxis_s0.15,72dd8501,5,604.040126506728,194
R_dipaxis_s0.2,72dd8501,0,41319.91767656334,999
R_dipaxis_s0.2,72dd8501,1,23096.304832011796,1000
R_dipaxis_s0.2,72dd8501,2,1481.4020740511469,1000
R_dipaxis_s0.2,72dd8501,3,1454.875074202352,1000
R_dipaxis_s0.2,72dd8501,4,1284.3164462298862,1000
R_dipaxis_s0.2,72dd8501,5,54.929753317816946,194
R_dipaxis_s0.1,9c211c53,0,66799.42057936903,999
R_dipaxis_s0.1,9c211c53,1,30585.821172920387,1000
R_dipaxis_s0.1,9c211c53,2,77768.79340596433,1000
R_dipaxis_s0.1,9c211c53,3,16857.005138123808,1000
R_dipaxis_s0.1,9c211c53,4,64995.97527563643,1000
R_dipaxis_s0.1,9c211c53,5,41915.340330742554,1000
R_dipaxis_s0.1,9c211c53,6,21037.60046497974,1000
R_dipaxis_s0.1,9c211c53,7,5051.912882623126,266
R_dipaxis_s0.15,9c211c53,0,60415.86631654726,999
R_dipaxis_s0.15,9c211c53,1,28611.567350761685,1000
R_dipaxis_s0.15,9c211c53,2,83622.00391208167,1000
R_dipaxis_s0.15,9c211c53,3,27075.031211049754,1000
R_dipaxis_s0.15,9c211c53,4,81237.13276754614,1000
R_dipaxis_s0.15,9c211c53,5,53361.41110543299,1000
R_dipaxis_s0.15,9c211c53,6,16190.338980863255,1000
R_dipaxis_s0.15,9c211c53,7,2448.5463419937796,266
R_dipaxis_s0.2,9c211c53,0,54355.128752058736,999
R_dipaxis_s0.2,9c211c53,1,26838.08182285901,1000
R_dipaxis_s0.2,9c211c53,2,89841.07275362634,1000
R_dipaxis_s0.2,9c211c53,3,39940.959619886366,1000
R_dipaxis_s0.2,9c211c53,4,99468.98052885183,1000
R_dipaxis_s0.2,9c211c53,5,66861.70001967097,1000
R_dipaxis_s0.2,9c211c53,6,14184.7271856735,1000
R_dipaxis_s0.2,9c211c53,7,981.0422134032789,266
R_dipaxis_s0.1,4b462989,0,42052.97623147092,999
R_dipaxis_s0.1,4b462989,1,23027.560728544402,1000
R_dipaxis_s0.1,4b462989,2,54323.82348175766,1000
R_dipaxis_s0.1,4b462989,3,1700.7467044918474,107
R_dipaxis_s0.15,4b462989,0,33032.79363593646,999
R_dipaxis_s0.15,4b462989,1,16982.294487077957,1000
R_dipaxis_s0.15,4b462989,2,91429.500081035,1000
R_dipaxis_s0.15,4b462989,3,5701.330014930329,107
R_dipaxis_s0.2,4b462989,0,25179.64009955659,999
R_dipaxis_s0.2,4b462989,1,17866.569608453563,1000
R_dipaxis_s0.2,4b462989,2,140184.34521924285,1000
R_dipaxis_s0.2,4b462989,3,12116.160164163923,107
R_dipaxis_s0.1,ee4aecac,0,64983.97376486586,999
R_dipaxis_s0.1,ee4aecac,1,144903.98479286343,1000
R_dipaxis_s0.1,ee4aecac,2,101766.52014443124,1000
R_dipaxis_s0.1,ee4aecac,3,145289.17249191456,1000
R_dipaxis_s0.1,ee4aecac,4,109219.33294885629,1000
R_dipaxis_s0.1,ee4aecac,5,67421.48514542896,266
R_dipaxis_s0.15,ee4aecac,0,65734.98888645801,999
R_dipaxis_s0.15,ee4aecac,1,153945.6662940378,1000
R_dipaxis_s0.15,ee4aecac,2,114540.72223792256,1000
R_dipaxis_s0.15,ee4aecac,3,153929.96767257337,1000
R_dipaxis_s0.15,ee4aecac,4,102976.68228246894,1000
R_dipaxis_s0.15,ee4aecac,5,57647.75843303478,266
R_dipaxis_s0.2,ee4aecac,0,66529.0961008205,999
R_dipaxis_s0.2,ee4aecac,1,163420.7383650356,1000
R_dipaxis_s0.2,ee4aecac,2,128193.7262455944,1000
R_dipaxis_s0.2,ee4aecac,3,162851.1287096935,1000
R_dipaxis_s0.2,ee4aecac,4,97163.82052220001,1000
R_dipaxis_s0.2,ee4aecac,5,48642.14989723361,266
R_dipaxis_s0.1,c3957531,0,12385.400631686838,999
R_dipaxis_s0.1,c3957531,1,344459.9619282429,1000
R_dipaxis_s0.1,c3957531,2,85141.23475201394,1000
R_dipaxis_s0.1,c3957531,3,53915.00354436155,1000
R_dipaxis_s0.1,c3957531,4,79231.40612564771,1000
R_dipaxis_s0.1,c3957531,5,10483.871160447985,317
R_dipaxis_s0.15,c3957531,0,15809.442671689843,999
R_dipaxis_s0.15,c3957531,1,381170.7841605997,1000
R_dipaxis_s0.15,c3957531,2,131554.12628190956,1000
R_dipaxis_s0.15,c3957531,3,35845.190932815945,1000
R_dipaxis_s0.15,c3957531,4,24114.829717510685,1000
R_dipaxis_s0.15,c3957531,5,27248.103051575505,317
R_dipaxis_s0.2,c3957531,0,19880.81979446478,999
R_dipaxis_s0.2,c3957531,1,420029.3166384417,1000
R_dipaxis_s0.2,c3957531,2,189250.85708106088,1000
R_dipaxis_s0.2,c3957531,3,47744.05453212461,1000
R_dipaxis_s0.2,c3957531,4,14864.644128742779,1000
R_dipaxis_s0.2,c3957531,5,56681.50761664022,317
R_dipaxis_s0.1,ae0784a8,0,73996.35705967047,999
R_dipaxis_s0.1,ae0784a8,1,37509.023568034136,1000
R_dipaxis_s0.1,ae0784a8,2,56236.248571515884,1000
R_dipaxis_s0.1,ae0784a8,3,30994.851148064674,1000
R_dipaxis_s0.1,ae0784a8,4,6796.053023914956,1000
R_dipaxis_s0.1,ae0784a8,5,14166.653596530676,1000
R_dipaxis_s0.1,ae0784a8,6,297536.45832143555,1000
R_dipaxis_s0.1,ae0784a8,7,310502.3189312357,824
R_dipaxis_s0.15,ae0784a8,0,68017.48267993117,999
R_dipaxis_s0.15,ae0784a8,1,32444.56177948769,1000
R_dipaxis_s0.15,ae0784a8,2,49599.28303865494,1000
R_dipaxis_s0.15,ae0784a8,3,25436.318865490925,1000
R_dipaxis_s0.15,ae0784a8,4,5314.107269531858,1000
R_dipaxis_s0.15,ae0784a8,5,11613.663807316345,1000
R_dipaxis_s0.15,ae0784a8,6,278548.35434745,1000
R_dipaxis_s0.15,ae0784a8,7,312610.53008543537,824
R_dipaxis_s0.2,ae0784a8,0,62296.13086047082,999
R_dipaxis_s0.2,ae0784a8,1,27771.620742564766,1000
R_dipaxis_s0.2,ae0784a8,2,43391.52366004459,1000
R_dipaxis_s0.2,ae0784a8,3,20498.94914517783,1000
R_dipaxis_s0.2,ae0784a8,4,4065.6812709207875,1000
R_dipaxis_s0.2,ae0784a8,5,9425.897026448043,1000
R_dipaxis_s0.2,ae0784a8,6,260268.21371698918,1000
R_dipaxis_s0.2,ae0784a8,7,314896.2441653504,824
R_dipaxis_s0.1,7d57c75d,0,32096.109298169213,999
R_dipaxis_s0.1,7d57c75d,1,26011.507020002766,1000
R_dipaxis_s0.1,7d57c75d,2,6575.4210976090935,1000
R_dipaxis_s0.1,7d57c75d,3,297440.68796103064,1000
R_dipaxis_s0.1,7d57c75d,4,391700.11446237174,406
R_dipaxis_s0.15,7d57c75d,0,27306.101249929226,999
R_dipaxis_s0.15,7d57c75d,1,22926.112248484584,1000
R_dipaxis_s0.15,7d57c75d,2,6556.710886653444,1000
R_dipaxis_s0.15,7d57c75d,3,271038.3628990531,1000
R_dipaxis_s0.15,7d57c75d,4,364816.969675208,406
R_dipaxis_s0.2,7d57c75d,0,22912.379336804635,999
R_dipaxis_s0.2,7d57c75d,1,20080.22518928656,1000
R_dipaxis_s0.2,7d57c75d,2,7432.643502524239,1000
R_dipaxis_s0.2,7d57c75d,3,246060.79337540912,1000
R_dipaxis_s0.2,7d57c75d,4,338913.7217758081,406
R_dipaxis_s0.1,e748dd88,0,30952.84296180663,999
R_dipaxis_s0.1,e748dd88,1,14096.299665348322,1000
R_dipaxis_s0.1,e748dd88,2,29910.776965933856,1000
R_dipaxis_s0.1,e748dd88,3,15710.914423852508,1000
R_dipaxis_s0.1,e748dd88,4,6764.281469724895,813
R_dipaxis_s0.15,e748dd88,0,29185.45008782573,999
R_dipaxis_s0.15,e748dd88,1,17733.359803785665,1000
R_dipaxis_s0.15,e748dd88,2,45476.46895399753,1000
R_dipaxis_s0.15,e748dd88,3,37843.171769495275,1000
R_dipaxis_s0.15,e748dd88,4,5040.651745612569,813
R_dipaxis_s0.2,e748dd88,0,27494.71911058922,999
R_dipaxis_s0.2,e748dd88,1,22035.557846065585,1000
R_dipaxis_s0.2,e748dd88,2,64519.10764545965,1000
R_dipaxis_s0.2,e748dd88,3,70308.27117094942,1000
R_dipaxis_s0.2,e748dd88,4,21455.05408218288,813
R_dipaxis_s0.1,aaeffccb,0,22762.15483203049,999
R_dipaxis_s0.1,aaeffccb,1,6798.698701233784,1000
R_dipaxis_s0.1,aaeffccb,2,23368.251927516387,713
R_dipaxis_s0.15,aaeffccb,0,23690.15273968726,999
R_dipaxis_s0.15,aaeffccb,1,2610.0396246675414,1000
R_dipaxis_s0.15,aaeffccb,2,37351.640781976035,713
R_dipaxis_s0.2,aaeffccb,0,25093.697708438147,999
R_dipaxis_s0.2,aaeffccb,1,3389.171663312997,1000
R_dipaxis_s0.2,aaeffccb,2,55846.29226357031,713
R_dipaxis_s0.1,c07fd0cd,0,55.444431878405595,999
R_dipaxis_s0.1,c07fd0cd,1,50915.55137697616,1000
R_dipaxis_s0.1,c07fd0cd,2,21024.577100043753,1000
R_dipaxis_s0.1,c07fd0cd,3,7323.483039265687,1000
R_dipaxis_s0.1,c07fd0cd,4,7597.544241848561,192
R_dipaxis_s0.15,c07fd0cd,0,18.5523080994742,999
R_dipaxis_s0.15,c07fd0cd,1,54577.31703108622,1000
R_dipaxis_s0.15,c07fd0cd,2,31620.780401506472,1000
R_dipaxis_s0.15,c07fd0cd,3,8175.875444772219,1000
R_dipaxis_s0.15,c07fd0cd,4,8373.679060903247,192
R_dipaxis_s0.2,c07fd0cd,0,20.980891175076874,999
R_dipaxis_s0.2,c07fd0cd,1,58410.461295611705,1000
R_dipaxis_s0.2,c07fd0cd,2,44936.13887059736,1000
R_dipaxis_s0.2,c07fd0cd,3,10595.867540861143,1000
R_dipaxis_s0.2,c07fd0cd,4,9194.071178711216,192
R_dipaxis_s0.1,8bfa881d,0,7933.625965228967,999
R_dipaxis_s0.1,8bfa881d,1,80041.43202060743,1000
R_dipaxis_s0.1,8bfa881d,2,336740.62196835794,1000
R_dipaxis_s0.1,8bfa881d,3,1209804.1897954035,1000
R_dipaxis_s0.1,8bfa881d,4,188409.85959415065,90
R_dipaxis_s0.15,8bfa881d,0,6956.944259036885,999
R_dipaxis_s0.15,8bfa881d,1,61135.01784469566,1000
R_dipaxis_s0.15,8bfa881d,2,268014.75444985874,1000
R_dipaxis_s0.15,8bfa881d,3,1013520.0997084898,1000
R_dipaxis_s0.15,8bfa881d,4,161784.3660725531,90
R_dipaxis_s0.2,8bfa881d,0,6171.1198936404335,999
R_dipaxis_s0.2,8bfa881d,1,44831.40807797858,1000
R_dipaxis_s0.2,8bfa881d,2,207252.27796291845,1000
R_dipaxis_s0.2,8bfa881d,3,834722.7338318488,1000
R_dipaxis_s0.2,8bfa881d,4,137186.23287183983,90
R_dipaxis_s0.1,d1ee630d,0,66357.57533103085,999
R_dipaxis_s0.1,d1ee630d,1,196395.09011998243,1000
R_dipaxis_s0.1,d1ee630d,2,175391.06472596608,1000
R_dipaxis_s0.1,d1ee630d,3,63550.97046758509,1000
R_dipaxis_s0.1,d1ee630d,4,44309.2236948897,1000
R_dipaxis_s0.1,d1ee630d,5,3438.641549390976,1000
R_dipaxis_s0.1,d1ee630d,6,261.03572763311314,291
R_dipaxis_s0.15,d1ee630d,0,59511.23936254037,999
R_dipaxis_s0.15,d1ee630d,1,181124.83791184958,1000
R_dipaxis_s0.15,d1ee630d,2,144463.4046495682,1000
R_dipaxis_s0.15,d1ee630d,3,34126.87001088566,1000
R_dipaxis_s0.15,d1ee630d,4,31950.266319572762,1000
R_dipaxis_s0.15,d1ee630d,5,3879.8919314546774,1000
R_dipaxis_s0.15,d1ee630d,6,2717.626772506516,291
R_dipaxis_s0.2,d1ee630d,0,53066.09277137163,999
R_dipaxis_s0.2,d1ee630d,1,166514.4298249529,1000
R_dipaxis_s0.2,d1ee630d,2,116756.29604689938,1000
R_dipaxis_s0.2,d1ee630d,3,14139.167427181184,1000
R_dipaxis_s0.2,d1ee630d,4,37749.97319573967,1000
R_dipaxis_s0.2,d1ee630d,5,31813.811318422337,1000
R_dipaxis_s0.2,d1ee630d,6,14364.664004748643,291
R_dipaxis_s0.1,01869cd4,0,106092.07100396337,999
R_dipaxis_s0.1,01869cd4,1,22313.566982026332,1000
R_dipaxis_s0.1,01869cd4,2,59170.07370685466,1000
R_dipaxis_s0.1,01869cd4,3,143877.69290058818,1000
R_dipaxis_s0.1,01869cd4,4,130474.51499526638,1000
R_dipaxis_s0.1,01869cd4,5,21860.035139140113,558
R_dipaxis_s0.15,01869cd4,0,101251.53826897488,999
R_dipaxis_s0.15,01869cd4,1,23556.225305989512,1000
R_dipaxis_s0.15,01869cd4,2,47299.98451128253,1000
R_dipaxis_s0.15,01869cd4,3,123889.71909677137,1000
R_dipaxis_s0.15,01869cd4,4,109549.08641673448,1000
R_dipaxis_s0.15,01869cd4,5,16979.778990426126,558
R_dipaxis_s0.2,01869cd4,0,96540.08280934185,999
R_dipaxis_s0.2,01869cd4,1,25194.027085253547,1000
R_dipaxis_s0.2,01869cd4,2,36938.496383041835,1000
R_dipaxis_s0.2,01869cd4,3,105466.52879021174,1000
R_dipaxis_s0.2,01869cd4,4,90480.96158742253,1000
R_dipaxis_s0.2,01869cd4,5,13399.832596187664,558
R_dipaxis_s0.1,20402d71,0,197083.29002699346,999
R_dipaxis_s0.1,20402d71,1,194597.12414406988,1000
R_dipaxis_s0.1,20402d71,2,61578.41334760511,1000
R_dipaxis_s0.1,20402d71,3,147695.96214998496,1000
R_dipaxis_s0.1,20402d71,4,338398.8563796882,1000
R_dipaxis_s0.1,20402d71,5,234411.64838677947,1000
R_dipaxis_s0.1,20402d71,6,161719.3404962409,373
R_dipaxis_s0.15,20402d71,0,188688.05839749213,999
R_dipaxis_s0.15,20402d71,1,197033.30227541213,1000
R_dipaxis_s0.15,20402d71,2,79043.29465161354,1000
R_dipaxis_s0.15,20402d71,3,189169.97055940103,1000
R_dipaxis_s0.15,20402d71,4,418990.1710202994,1000
R_dipaxis_s0.15,20402d71,5,339267.9959512787,1000
R_dipaxis_s0.15,20402d71,6,232111.67364947055,373
R_dipaxis_s0.2,20402d71,0,180488.6902393205,999
R_dipaxis_s0.2,20402d71,1,199750.85994628718,1000
R_dipaxis_s0.2,20402d71,2,98761.5605757566,1000
R_dipaxis_s0.2,20402d71,3,235880.19752509418,1000
R_dipaxis_s0.2,20402d71,4,508251.7328947466,1000
R_dipaxis_s0.2,20402d71,5,464229.67109651724,1000
R_dipaxis_s0.2,20402d71,6,315342.336872772,373
R_dipaxis_s0.1,bd8f847e,0,19597.326914532998,999
R_dipaxis_s0.1,bd8f847e,1,66804.02666600325,1000
R_dipaxis_s0.1,bd8f847e,2,3123.543548538892,1000
R_dipaxis_s0.1,bd8f847e,3,32592.477818502004,1000
R_dipaxis_s0.1,bd8f847e,4,54192.691246670525,962
R_dipaxis_s0.15,bd8f847e,0,21956.111022495916,999
R_dipaxis_s0.15,bd8f847e,1,83481.76811518654,1000
R_dipaxis_s0.15,bd8f847e,2,8455.84648691974,1000
R_dipaxis_s0.15,bd8f847e,3,17926.52376443621,1000
R_dipaxis_s0.15,bd8f847e,4,29200.43453350236,962
R_dipaxis_s0.2,bd8f847e,0,24530.737564259165,999
R_dipaxis_s0.2,bd8f847e,1,102432.41467516367,1000
R_dipaxis_s0.2,bd8f847e,2,18172.07843470597,1000
R_dipaxis_s0.2,bd8f847e,3,8060.945201484022,1000
R_dipaxis_s0.2,bd8f847e,4,13876.083529322217,962
R_dipaxis_s0.1,a2e8e7f6,0,72253.86760353013,999
R_dipaxis_s0.1,a2e8e7f6,1,157084.49559955427,1000
R_dipaxis_s0.1,a2e8e7f6,2,24384.53687773266,1000
R_dipaxis_s0.1,a2e8e7f6,3,60408.98316966016,1000
R_dipaxis_s0.1,a2e8e7f6,4,272005.7057551443,761
R_dipaxis_s0.15,a2e8e7f6,0,66280.55562503185,999
R_dipaxis_s0.15,a2e8e7f6,1,133487.86798056174,1000
R_dipaxis_s0.15,a2e8e7f6,2,26583.39509786102,1000
R_dipaxis_s0.15,a2e8e7f6,3,89324.05234366187,1000
R_dipaxis_s0.15,a2e8e7f6,4,316104.4217934942,761
R_dipaxis_s0.2,a2e8e7f6,0,60575.8662263608,999
R_dipaxis_s0.2,a2e8e7f6,1,111978.26814905612,1000
R_dipaxis_s0.2,a2e8e7f6,2,33406.3490054981,1000
R_dipaxis_s0.2,a2e8e7f6,3,124447.97827711071,1000
R_dipaxis_s0.2,a2e8e7f6,4,363667.98123902903,761
R_dipaxis_s0.1,a783cc24,0,135218.0017025785,999
R_dipaxis_s0.1,a783cc24,1,958492.8047909406,890
R_dipaxis_s0.15,a783cc24,0,122038.65593604636,999
R_dipaxis_s0.15,a783cc24,1,854003.2441222926,890
R_dipaxis_s0.2,a783cc24,0,109537.93459096106,999
R_dipaxis_s0.2,a783cc24,1,755550.7247108767,890
R_dipaxis_s0.1,70e1788b,0,72621.36402975876,999
R_dipaxis_s0.1,70e1788b,1,113000.79419150211,1000
R_dipaxis_s0.1,70e1788b,2,24852.648455277893,1000
R_dipaxis_s0.1,70e1788b,3,76941.2261515269,1000
R_dipaxis_s0.1,70e1788b,4,57663.40993901947,1000
R_dipaxis_s0.1,70e1788b,5,17742.32455822594,1000
R_dipaxis_s0.1,70e1788b,6,21956.96326330349,1000
R_dipaxis_s0.1,70e1788b,7,152223.1808456808,1000
R_dipaxis_s0.1,70e1788b,8,189600.12756217536,1000
R_dipaxis_s0.1,70e1788b,9,1722.2767348946593,286
R_dipaxis_s0.15,70e1788b,0,69676.51940222066,999
R_dipaxis_s0.15,70e1788b,1,114844.27353240938,1000
R_dipaxis_s0.15,70e1788b,2,24691.24841829248,1000
R_dipaxis_s0.15,70e1788b,3,85560.35146914197,1000
R_dipaxis_s0.15,70e1788b,4,76740.2694879235,1000
R_dipaxis_s0.15,70e1788b,5,28446.75899927565,1000
R_dipaxis_s0.15,70e1788b,6,39606.11088996676,1000
R_dipaxis_s0.15,70e1788b,7,214399.55058595154,1000
R_dipaxis_s0.15,70e1788b,8,289729.1165572225,1000
R_dipaxis_s0.15,70e1788b,9,3747.0197897760395,286
R_dipaxis_s0.2,70e1788b,0,66800.38081307369,999
R_dipaxis_s0.2,70e1788b,1,116742.66900342471,1000
R_dipaxis_s0.2,70e1788b,2,25527.296604890504,1000
R_dipaxis_s0.2,70e1788b,3,95043.15124799054,1000
R_dipaxis_s0.2,70e1788b,4,98865.37538975787,1000
R_dipaxis_s0.2,70e1788b,5,41745.32208161656,1000
R_dipaxis_s0.2,70e1788b,6,65499.38811330342,1000
R_dipaxis_s0.2,70e1788b,7,287442.5904711781,1000
R_dipaxis_s0.2,70e1788b,8,412307.75542824226,1000
R_dipaxis_s0.2,70e1788b,9,18519.213169612703,286
R_dipaxis_s0.1,203721ab,0,34682.02088484939,999
R_dipaxis_s0.1,203721ab,1,72541.42739180528,1000
R_dipaxis_s0.1,203721ab,2,97683.01950736427,1000
R_dipaxis_s0.1,203721ab,3,20130.57351959426,1000
R_dipaxis_s0.1,203721ab,4,21781.082399713327,1000
R_dipaxis_s0.1,203721ab,5,48973.016516796975,731
R_dipaxis_s0.15,203721ab,0,40029.93227329527,999
R_dipaxis_s0.15,203721ab,1,44651.07099990635,1000
R_dipaxis_s0.15,203721ab,2,52340.35292399005,1000
R_dipaxis_s0.15,203721ab,3,1994.2900853337164,1000
R_dipaxis_s0.15,203721ab,4,57084.88413161197,1000
R_dipaxis_s0.15,203721ab,5,111925.11882876669,731
R_dipaxis_s0.2,203721ab,0,45863.09012575682,999
R_dipaxis_s0.2,203721ab,1,27535.72538280205,1000
R_dipaxis_s0.2,203721ab,2,24600.5291159061,1000
R_dipaxis_s0.2,203721ab,3,5071.116855030749,1000
R_dipaxis_s0.2,203721ab,4,118383.92368486941,1000
R_dipaxis_s0.2,203721ab,5,200784.48037644918,731
R_dipaxis_s0.1,d84b621b,0,294265.7071875376,999
R_dipaxis_s0.1,d84b621b,1,517037.56941561133,1000
R_dipaxis_s0.1,d84b621b,2,402490.75498124596,1000
R_dipaxis_s0.1,d84b621b,3,352656.6681030775,995
R_dipaxis_s0.15,d84b621b,0,260461.11281602966,999
R_dipaxis_s0.15,d84b621b,1,460860.40591115353,1000
R_dipaxis_s0.15,d84b621b,2,353373.1175962024,1000
R_dipaxis_s0.15,d84b621b,3,337819.8940195811,995
R_dipaxis_s0.2,d84b621b,0,228726.9545676725,999
R_dipaxis_s0.2,d84b621b,1,407941.02283185325,1000
R_dipaxis_s0.2,d84b621b,2,307537.5523273817,1000
R_dipaxis_s0.2,d84b621b,3,323484.50661272777,995
R_dipaxis_s0.1,da3cf798,0,83285.30291934025,999
R_dipaxis_s0.1,da3cf798,1,207602.5537929076,1000
R_dipaxis_s0.1,da3cf798,2,250031.32338801413,1000
R_dipaxis_s0.1,da3cf798,3,554912.7911794389,1000
R_dipaxis_s0.1,da3cf798,4,372085.1578396542,1000
R_dipaxis_s0.1,da3cf798,5,515426.6184455723,845
R_dipaxis_s0.15,da3cf798,0,77848.8533153386,999
R_dipaxis_s0.15,da3cf798,1,202715.7093438978,1000
R_dipaxis_s0.15,da3cf798,2,265015.87621114677,1000
R_dipaxis_s0.15,da3cf798,3,592028.8996143143,1000
R_dipaxis_s0.15,da3cf798,4,428573.32334130706,1000
R_dipaxis_s0.15,da3cf798,5,592281.1110704734,845
R_dipaxis_s0.2,da3cf798,0,72605.56583554644,999
R_dipaxis_s0.2,da3cf798,1,197960.8063312302,1000
R_dipaxis_s0.2,da3cf798,2,280446.3507870182,1000
R_dipaxis_s0.2,da3cf798,3,630810.1210792729,1000
R_dipaxis_s0.2,da3cf798,4,489533.0470641637,1000
R_dipaxis_s0.2,da3cf798,5,674564.8467967706,845
R_dipaxis_s0.1,884ecb5f,0,496591.98891685857,999
R_dipaxis_s0.1,884ecb5f,1,727310.6543647919,1000
R_dipaxis_s0.1,884ecb5f,2,337321.3430535048,1000
R_dipaxis_s0.1,884ecb5f,3,475812.7510702592,1000
R_dipaxis_s0.1,884ecb5f,4,198613.64045663615,1000
R_dipaxis_s0.1,884ecb5f,5,73525.10411401495,1000
R_dipaxis_s0.1,884ecb5f,6,54013.58057874577,725
R_dipaxis_s0.15,884ecb5f,0,467921.03267948213,999
R_dipaxis_s0.15,884ecb5f,1,688799.2368082771,1000
R_dipaxis_s0.15,884ecb5f,2,315749.5739878446,1000
R_dipaxis_s0.15,884ecb5f,3,432691.56492052646,1000
R_dipaxis_s0.15,884ecb5f,4,188213.033285647,1000
R_dipaxis_s0.15,884ecb5f,5,71881.31814102139,1000
R_dipaxis_s0.15,884ecb5f,6,52133.58092259254,725
R_dipaxis_s0.2,884ecb5f,0,440134.29747824016,999
R_dipaxis_s0.2,884ecb5f,1,651341.4797591579,1000
R_dipaxis_s0.2,884ecb5f,2,294991.12756058,1000
R_dipaxis_s0.2,884ecb5f,3,391625.3367475565,1000
R_dipaxis_s0.2,884ecb5f,4,178190.5725817897,1000
R_dipaxis_s0.2,884ecb5f,5,70258.56098136076,1000
R_dipaxis_s0.2,884ecb5f,6,50289.95716942344,725
R_dipaxis_s0.1,8a3da6d1,0,13464.912897214546,999
R_dipaxis_s0.1,8a3da6d1,1,18792.929277196272,1000
R_dipaxis_s0.1,8a3da6d1,2,179398.45319872283,1000
R_dipaxis_s0.1,8a3da6d1,3,86758.24395049785,1000
R_dipaxis_s0.1,8a3da6d1,4,132763.4791230713,594
R_dipaxis_s0.15,8a3da6d1,0,14843.794716838542,999
R_dipaxis_s0.15,8a3da6d1,1,14212.548260244886,1000
R_dipaxis_s0.15,8a3da6d1,2,165862.71068597172,1000
R_dipaxis_s0.15,8a3da6d1,3,97068.32042852657,1000
R_dipaxis_s0.15,8a3da6d1,4,159978.72614731384,594
R_dipaxis_s0.2,8a3da6d1,0,16500.19991713998,999
R_dipaxis_s0.2,8a3da6d1,1,11040.512606260665,1000
R_dipaxis_s0.2,8a3da6d1,2,153058.59399847873,1000
R_dipaxis_s0.2,8a3da6d1,3,108069.06857507591,1000
R_dipaxis_s0.2,8a3da6d1,4,189850.3885466914,594
R_dipaxis_s0.1,beda8696,0,32664.371790799432,999
R_dipaxis_s0.1,beda8696,1,4778.408316190878,1000
R_dipaxis_s0.1,beda8696,2,97413.75911664503,1000
R_dipaxis_s0.1,beda8696,3,80339.36571895056,1000
R_dipaxis_s0.1,beda8696,4,31328.395960230457,1000
R_dipaxis_s0.1,beda8696,5,486805.1983432469,913
R_dipaxis_s0.15,beda8696,0,28416.651020641304,999
R_dipaxis_s0.15,beda8696,1,4687.197797768541,1000
R_dipaxis_s0.15,beda8696,2,71365.98334016309,1000
R_dipaxis_s0.15,beda8696,3,64182.3795466414,1000
R_dipaxis_s0.15,beda8696,4,80491.83312249022,1000
R_dipaxis_s0.15,beda8696,5,683122.6646477983,913
R_dipaxis_s0.2,beda8696,0,24504.8313401088,999
R_dipaxis_s0.2,beda8696,1,5351.861695000781,1000
R_dipaxis_s0.2,beda8696,2,50785.909807143944,1000
R_dipaxis_s0.2,beda8696,3,59812.54335314328,1000
R_dipaxis_s0.2,beda8696,4,152902.79093951217,1000
R_dipaxis_s0.2,beda8696,5,916062.0059409698,913
R_dipaxis_s0.1,0dc835f3,0,17902.370272160824,999
R_dipaxis_s0.1,0dc835f3,1,59136.26902267465,1000
R_dipaxis_s0.1,0dc835f3,2,68739.61442124296,1000
R_dipaxis_s0.1,0dc835f3,3,62076.9418573258,1000
R_dipaxis_s0.1,0dc835f3,4,17370.711082766073,429
R_dipaxis_s0.15,0dc835f3,0,16412.190846384434,999
R_dipaxis_s0.15,0dc835f3,1,55628.456734010426,1000
R_dipaxis_s0.15,0dc835f3,2,59758.58924321716,1000
R_dipaxis_s0.15,0dc835f3,3,87819.99006759064,1000
R_dipaxis_s0.15,0dc835f3,4,18532.12798633417,429
R_dipaxis_s0.2,0dc835f3,0,14995.67654603746,999
R_dipaxis_s0.2,0dc835f3,1,52235.373445344194,1000
R_dipaxis_s0.2,0dc835f3,2,52367.096872759226,1000
R_dipaxis_s0.2,0dc835f3,3,118264.16306559328,1000
R_dipaxis_s0.2,0dc835f3,4,23906.239531359453,429
R_dipaxis_s0.1,87695469,0,14357.625291201806,999
R_dipaxis_s0.1,87695469,1,3322.006687037059,1000
R_dipaxis_s0.1,87695469,2,84732.87338004498,1000
R_dipaxis_s0.1,87695469,3,55494.29935025597,1000
R_dipaxis_s0.1,87695469,4,40883.68685601235,1000
R_dipaxis_s0.1,87695469,5,36596.82227046871,1000
R_dipaxis_s0.1,87695469,6,58741.32000299558,1000
R_dipaxis_s0.1,87695469,7,307.9731052820606,4
R_dipaxis_s0.15,87695469,0,12262.948035822801,999
R_dipaxis_s0.15,87695469,1,3716.1165177363546,1000
R_dipaxis_s0.15,87695469,2,87291.09130035913,1000
R_dipaxis_s0.15,87695469,3,48200.54566765647,1000
R_dipaxis_s0.15,87695469,4,34947.742670125845,1000
R_dipaxis_s0.15,87695469,5,28657.41925883491,1000
R_dipaxis_s0.15,87695469,6,57930.36542606095,1000
R_dipaxis_s0.15,87695469,7,309.71554659913653,4
R_dipaxis_s0.2,87695469,0,10394.019713122232,999
R_dipaxis_s0.2,87695469,1,4480.088639889026,1000
R_dipaxis_s0.2,87695469,2,90034.71800753707,1000
R_dipaxis_s0.2,87695469,3,41757.61654657072,1000
R_dipaxis_s0.2,87695469,4,30046.45054164169,1000
R_dipaxis_s0.2,87695469,5,21783.7063159538,1000
R_dipaxis_s0.2,87695469,6,57235.882963500095,1000
R_dipaxis_s0.2,87695469,7,311.4629137002729,4
R_dipaxis_s0.1,7e721392,0,174435.7036488246,999
R_dipaxis_s0.1,7e721392,1,950866.4028354561,1000
R_dipaxis_s0.1,7e721392,2,1759379.9378179403,1000
R_dipaxis_s0.1,7e721392,3,2127671.5407067155,1000
R_dipaxis_s0.1,7e721392,4,3018675.2071935926,1000
R_dipaxis_s0.1,7e721392,5,2932699.6420250735,1000
R_dipaxis_s0.1,7e721392,6,498118.0409546195,175
R_dipaxis_s0.15,7e721392,0,176520.45827428068,999
R_dipaxis_s0.15,7e721392,1,980003.9954262595,1000
R_dipaxis_s0.15,7e721392,2,1825314.4706753576,1000
R_dipaxis_s0.15,7e721392,3,2269742.456694001,1000
R_dipaxis_s0.15,7e721392,4,3233611.0756472377,1000
R_dipaxis_s0.15,7e721392,5,3184650.743653555,1000
R_dipaxis_s0.15,7e721392,6,540513.5584707697,175
R_dipaxis_s0.2,7e721392,0,178618.82583376457,999
R_dipaxis_s0.2,7e721392,1,1009635.8449324406,1000
R_dipaxis_s0.2,7e721392,2,1892568.429298415,1000
R_dipaxis_s0.2,7e721392,3,2416435.219537233,1000
R_dipaxis_s0.2,7e721392,4,3456025.2292721095,1000
R_dipaxis_s0.2,7e721392,5,3446992.270692672,1000
R_dipaxis_s0.2,7e721392,6,584641.1015794831,175
R_dipaxis_s0.1,9ae248be,0,63615.86689574799,999
R_dipaxis_s0.1,9ae248be,1,24678.2527826574,1000
R_dipaxis_s0.1,9ae248be,2,5666.0443156484,1000
R_dipaxis_s0.1,9ae248be,3,11278.230456433466,1000
R_dipaxis_s0.1,9ae248be,4,118784.62183214763,1000
R_dipaxis_s0.1,9ae248be,5,82862.0913599423,272
R_dipaxis_s0.15,9ae248be,0,54263.91806212435,999
R_dipaxis_s0.15,9ae248be,1,13416.807439602364,1000
R_dipaxis_s0.15,9ae248be,2,605.5494227413127,1000
R_dipaxis_s0.15,9ae248be,3,42800.81072911538,1000
R_dipaxis_s0.15,9ae248be,4,205394.18496063811,1000
R_dipaxis_s0.15,9ae248be,5,124712.89977984098,272
R_dipaxis_s0.2,9ae248be,0,45661.89690750525,999
R_dipaxis_s0.2,9ae248be,1,6375.853406960653,1000
R_dipaxis_s0.2,9ae248be,2,9595.175029348395,1000
R_dipaxis_s0.2,9ae248be,3,104190.89833144344,1000
R_dipaxis_s0.2,9ae248be,4,337303.7880640696,1000
R_dipaxis_s0.2,9ae248be,5,175096.1729596881,272
R_dipaxis_s0.1,98177ced,0,61424.375393121874,999
R_dipaxis_s0.1,98177ced,1,7044.886733743888,1000
R_dipaxis_s0.1,98177ced,2,99493.21083203686,1000
R_dipaxis_s0.1,98177ced,3,82189.8219737799,1000
R_dipaxis_s0.1,98177ced,4,34.533752553550414,773
R_dipaxis_s0.15,98177ced,0,61951.70534179879,999
R_dipaxis_s0.15,98177ced,1,10624.93086987454,1000
R_dipaxis_s0.15,98177ced,2,131501.9449490656,1000
R_dipaxis_s0.15,98177ced,3,117436.64146327932,1000
R_dipaxis_s0.15,98177ced,4,2933.5607594067696,773
R_dipaxis_s0.2,98177ced,0,62499.077525216315,999
R_dipaxis_s0.2,98177ced,1,15021.070585511523,1000
R_dipaxis_s0.2,98177ced,2,168003.13740010487,1000
R_dipaxis_s0.2,98177ced,3,160490.69465451984,1000
R_dipaxis_s0.2,98177ced,4,11948.2808866431,773
R_dipaxis_s0.1,4c3df468,0,97419.0322606725,999
R_dipaxis_s0.1,4c3df468,1,278424.71408874803,1000
R_dipaxis_s0.1,4c3df468,2,683985.8854617679,1000
R_dipaxis_s0.1,4c3df468,3,330173.6963496803,1000
R_dipaxis_s0.1,4c3df468,4,34259.877124343555,1000
R_dipaxis_s0.1,4c3df468,5,1526.1181768241518,393
R_dipaxis_s0.15,4c3df468,0,81835.1344395306,999
R_dipaxis_s0.15,4c3df468,1,228853.62601661248,1000
R_dipaxis_s0.15,4c3df468,2,550037.1005997872,1000
R_dipaxis_s0.15,4c3df468,3,226539.8762892301,1000
R_dipaxis_s0.15,4c3df468,4,27936.87240962248,1000
R_dipaxis_s0.15,4c3df468,5,7468.120773995124,393
R_dipaxis_s0.2,4c3df468,0,67622.71621739217,999
R_dipaxis_s0.2,4c3df468,1,184176.88213345135,1000
R_dipaxis_s0.2,4c3df468,2,430730.64437586744,1000
R_dipaxis_s0.2,4c3df468,3,143758.56947190006,1000
R_dipaxis_s0.2,4c3df468,4,55579.043943628734,1000
R_dipaxis_s0.2,4c3df468,5,32761.119477001386,393
R_dipaxis_s0.1,81bf5923,0,154282.19490847178,999
R_dipaxis_s0.1,81bf5923,1,344537.6278222658,1000
R_dipaxis_s0.1,81bf5923,2,853028.3841681541,1000
R_dipaxis_s0.1,81bf5923,3,3086812.2846281766,1000
R_dipaxis_s0.1,81bf5923,4,1824515.8674076567,544
R_dipaxis_s0.15,81bf5923,0,166857.52888161023,999
R_dipaxis_s0.15,81bf5923,1,414983.19797486544,1000
R_dipaxis_s0.15,81bf5923,2,1048626.4224307078,1000
R_dipaxis_s0.15,81bf5923,3,3523866.1528280154,1000
R_dipaxis_s0.15,81bf5923,4,2136212.420606753,544
R_dipaxis_s0.2,81bf5923,0,179992.68960068733,999
R_dipaxis_s0.2,81bf5923,1,492084.5397217827,1000
R_dipaxis_s0.2,81bf5923,2,1265364.0966789233,1000
R_dipaxis_s0.2,81bf5923,3,3990042.629485058,1000
R_dipaxis_s0.2,81bf5923,4,2473024.003402696,544
R_dipaxis_s0.1,91abc4c7,0,49042.04320908673,999
R_dipaxis_s0.1,91abc4c7,1,175042.2008991158,1000
R_dipaxis_s0.1,91abc4c7,2,11162.649615615228,1000
R_dipaxis_s0.1,91abc4c7,3,1995.9052014650613,1000
R_dipaxis_s0.1,91abc4c7,4,3014.6001916992345,1000
R_dipaxis_s0.1,91abc4c7,5,11663.156214557612,849
R_dipaxis_s0.15,91abc4c7,0,44563.76801260242,999
R_dipaxis_s0.15,91abc4c7,1,166702.84325827958,1000
R_dipaxis_s0.15,91abc4c7,2,10591.371695338621,1000
R_dipaxis_s0.15,91abc4c7,3,1173.6671141293964,1000
R_dipaxis_s0.15,91abc4c7,4,2028.3437617316445,1000
R_dipaxis_s0.15,91abc4c7,5,12363.424914747882,849
R_dipaxis_s0.2,91abc4c7,0,40314.291715432155,999
R_dipaxis_s0.2,91abc4c7,1,158607.83139050624,1000
R_dipaxis_s0.2,91abc4c7,2,10697.341323006582,1000
R_dipaxis_s0.2,91abc4c7,3,661.6227347496065,1000
R_dipaxis_s0.2,91abc4c7,4,1885.0413145537502,1000
R_dipaxis_s0.2,91abc4c7,5,13373.095210212168,849
R_dipaxis_s0.1,9ad5410a,0,69138.67889325174,999
R_dipaxis_s0.1,9ad5410a,1,100645.50356407666,1000
R_dipaxis_s0.1,9ad5410a,2,29515.248158701663,1000
R_dipaxis_s0.1,9ad5410a,3,73923.40563060113,1000
R_dipaxis_s0.1,9ad5410a,4,2690.0405635183906,206
R_dipaxis_s0.15,9ad5410a,0,64048.878353542685,999
R_dipaxis_s0.15,9ad5410a,1,82561.4234262414,1000
R_dipaxis_s0.15,9ad5410a,2,22555.67685906203,1000
R_dipaxis_s0.15,9ad5410a,3,120287.92448507313,1000
R_dipaxis_s0.15,9ad5410a,4,3159.872362629768,206
R_dipaxis_s0.2,9ad5410a,0,59161.74552295154,999
R_dipaxis_s0.2,9ad5410a,1,66619.4917418364,1000
R_dipaxis_s0.2,9ad5410a,2,25193.34347343513,1000
R_dipaxis_s0.2,9ad5410a,3,178205.35063232284,1000
R_dipaxis_s0.2,9ad5410a,4,7457.72223997724,206
R_dipaxis_s0.1,1bcb2fcf,0,49193.06923058345,999
R_dipaxis_s0.1,1bcb2fcf,1,47343.73194788375,1000
R_dipaxis_s0.1,1bcb2fcf,2,8883.583883031708,1000
R_dipaxis_s0.1,1bcb2fcf,3,40557.099221739096,1000
R_dipaxis_s0.1,1bcb2fcf,4,16977.747709228843,525
R_dipaxis_s0.15,1bcb2fcf,0,45089.63277309302,999
R_dipaxis_s0.15,1bcb2fcf,1,44008.7391407735,1000
R_dipaxis_s0.15,1bcb2fcf,2,11099.476913591663,1000
R_dipaxis_s0.15,1bcb2fcf,3,43029.20545928436,1000
R_dipaxis_s0.15,1bcb2fcf,4,15324.856538136071,525
R_dipaxis_s0.2,1bcb2fcf,0,41167.48200041255,999
R_dipaxis_s0.2,1bcb2fcf,1,40825.9471462931,1000
R_dipaxis_s0.2,1bcb2fcf,2,13590.32213684692,1000
R_dipaxis_s0.2,1bcb2fcf,3,45601.78408127843,1000
R_dipaxis_s0.2,1bcb2fcf,4,13792.668083238763,525
R_dipaxis_s0.1,d3df146b,0,4702.040567385784,999
R_dipaxis_s0.1,d3df146b,1,222528.72650910832,1000
R_dipaxis_s0.1,d3df146b,2,210582.9138089288,1000
R_dipaxis_s0.1,d3df146b,3,90020.90376533881,1000
R_dipaxis_s0.1,d3df146b,4,109262.85939128886,1000
R_dipaxis_s0.1,d3df146b,5,269132.0463100002,788
R_dipaxis_s0.15,d3df146b,0,4878.914609681536,999
R_dipaxis_s0.15,d3df146b,1,221335.2200060825,1000
R_dipaxis_s0.15,d3df146b,2,214771.7675237042,1000
R_dipaxis_s0.15,d3df146b,3,101075.09070527779,1000
R_dipaxis_s0.15,d3df146b,4,133802.44433310005,1000
R_dipaxis_s0.15,d3df146b,5,295287.35183254007,788
R_dipaxis_s0.2,d3df146b,0,5080.804557712657,999
R_dipaxis_s0.2,d3df146b,1,220149.4106313291,1000
R_dipaxis_s0.2,d3df146b,2,219084.8842786807,1000
R_dipaxis_s0.2,d3df146b,3,112864.46215005916,1000
R_dipaxis_s0.2,d3df146b,4,160873.63787235,1000
R_dipaxis_s0.2,d3df146b,5,323254.24476677063,788
R_dipaxis_s0.1,dd6bc5b2,0,4890.566029120468,999
R_dipaxis_s0.1,dd6bc5b2,1,129434.24481184866,1000
R_dipaxis_s0.1,dd6bc5b2,2,161217.66333100668,1000
R_dipaxis_s0.1,dd6bc5b2,3,112556.24806488266,603
R_dipaxis_s0.15,dd6bc5b2,0,4447.833016772163,999
R_dipaxis_s0.15,dd6bc5b2,1,115140.35695093563,1000
R_dipaxis_s0.15,dd6bc5b2,2,143539.33763529692,1000
R_dipaxis_s0.15,dd6bc5b2,3,102598.3028917832,603
R_dipaxis_s0.2,dd6bc5b2,0,4031.3107198173952,999
R_dipaxis_s0.2,dd6bc5b2,1,101685.86874546736,1000
R_dipaxis_s0.2,dd6bc5b2,2,126890.61569878513,1000
R_dipaxis_s0.2,dd6bc5b2,3,93105.2808483259,603
R_dipaxis_s0.1,81fc01c6,0,15199.1847190396,999
R_dipaxis_s0.1,81fc01c6,1,121366.23510114808,1000
R_dipaxis_s0.1,81fc01c6,2,86006.47810732793,1000
R_dipaxis_s0.1,81fc01c6,3,121665.18369868112,1000
R_dipaxis_s0.1,81fc01c6,4,100230.17827819768,1000
R_dipaxis_s0.1,81fc01c6,5,1036222.8487254204,910
R_dipaxis_s0.15,81fc01c6,0,13866.254940691522,999
R_dipaxis_s0.15,81fc01c6,1,112330.54663539189,1000
R_dipaxis_s0.15,81fc01c6,2,89730.07966938926,1000
R_dipaxis_s0.15,81fc01c6,3,131951.11135731105,1000
R_dipaxis_s0.15,81fc01c6,4,130588.59733609034,1000
R_dipaxis_s0.15,81fc01c6,5,1090096.9811633257,910
R_dipaxis_s0.2,81fc01c6,0,12595.089937099507,999
R_dipaxis_s0.2,81fc01c6,1,103704.85212542079,1000
R_dipaxis_s0.2,81fc01c6,2,93625.80053705472,1000
R_dipaxis_s0.2,81fc01c6,3,143978.33085547268,1000
R_dipaxis_s0.2,81fc01c6,4,165334.93460651845,1000
R_dipaxis_s0.2,81fc01c6,5,1145841.7590180517,910
R_dipaxis_s0.1,6a8fa194,0,13171.61006107857,999
R_dipaxis_s0.1,6a8fa194,1,31112.55545620846,1000
R_dipaxis_s0.1,6a8fa194,2,149277.8208274228,1000
R_dipaxis_s0.1,6a8fa194,3,276.2415014438524,18
R_dipaxis_s0.15,6a8fa194,0,10084.245892884099,999
R_dipaxis_s0.15,6a8fa194,1,23626.50181179185,1000
R_dipaxis_s0.15,6a8fa194,2,155656.0066769835,1000
R_dipaxis_s0.15,6a8fa194,3,603.0697005938603,18
R_dipaxis_s0.2,6a8fa194,0,7491.262692202384,999
R_dipaxis_s0.2,6a8fa194,1,17226.141185698838,1000
R_dipaxis_s0.2,6a8fa194,2,163225.3777837845,1000
R_dipaxis_s0.2,6a8fa194,3,1056.499032029334,18
R_dipaxis_s0.1,9a95e33f,0,387444.72483785753,999
R_dipaxis_s0.1,9a95e33f,1,594858.7777482977,1000
R_dipaxis_s0.1,9a95e33f,2,725532.566538525,1000
R_dipaxis_s0.1,9a95e33f,3,1619717.331981104,1000
R_dipaxis_s0.1,9a95e33f,4,1927566.6905770537,1000
R_dipaxis_s0.1,9a95e33f,5,962962.5268469035,1000
R_dipaxis_s0.1,9a95e33f,6,140361.0781365026,448
R_dipaxis_s0.15,9a95e33f,0,377811.79797777854,999
R_dipaxis_s0.15,9a95e33f,1,581067.5332022241,1000
R_dipaxis_s0.15,9a95e33f,2,717959.7189147779,1000
R_dipaxis_s0.15,9a95e33f,3,1595139.066157333,1000
R_dipaxis_s0.15,9a95e33f,4,1867353.9708772746,1000
R_dipaxis_s0.15,9a95e33f,5,920747.6277739872,1000
R_dipaxis_s0.15,9a95e33f,6,122792.65799029772,448
R_dipaxis_s0.2,9a95e33f,0,368308.3896983677,999
R_dipaxis_s0.2,9a95e33f,1,567448.1085426765,1000
R_dipaxis_s0.2,9a95e33f,2,710430.4625623726,1000
R_dipaxis_s0.2,9a95e33f,3,1570834.6147240372,1000
R_dipaxis_s0.2,9a95e33f,4,1808119.9043186386,1000
R_dipaxis_s0.2,9a95e33f,5,879640.1120035086,1000
R_dipaxis_s0.2,9a95e33f,6,106539.60433445821,448
R_dipaxis_s0.1,14ab73fb,0,140170.80564220605,999
R_dipaxis_s0.1,14ab73fb,1,336789.9115698408,1000
R_dipaxis_s0.1,14ab73fb,2,267017.91078565636,1000
R_dipaxis_s0.1,14ab73fb,3,200309.21288742035,650
R_dipaxis_s0.15,14ab73fb,0,128245.77543478907,999
R_dipaxis_s0.15,14ab73fb,1,345148.83785457106,1000
R_dipaxis_s0.15,14ab73fb,2,312249.30160019296,1000
R_dipaxis_s0.15,14ab73fb,3,248617.6017406304,650
R_dipaxis_s0.2,14ab73fb,0,116907.06714169717,999
R_dipaxis_s0.2,14ab73fb,1,353681.5678391854,1000
R_dipaxis_s0.2,14ab73fb,2,362092.36696254025,1000
R_dipaxis_s0.2,14ab73fb,3,303889.69646684255,650
R_dipaxis_s0.1,eb934281,0,5391.754349770067,999
R_dipaxis_s0.1,eb934281,1,15922.5285427606,1000
R_dipaxis_s0.1,eb934281,2,15656.059783620538,1000
R_dipaxis_s0.1,eb934281,3,39924.46543392343,1000
R_dipaxis_s0.1,eb934281,4,9417.6089004525,1000
R_dipaxis_s0.1,eb934281,5,13104.378002154654,972
R_dipaxis_s0.15,eb934281,0,5325.822057827453,999
R_dipaxis_s0.15,eb934281,1,17173.010372444856,1000
R_dipaxis_s0.15,eb934281,2,19332.241261517054,1000
R_dipaxis_s0.15,eb934281,3,51663.45313923771,1000
R_dipaxis_s0.15,eb934281,4,20592.37548404411,1000
R_dipaxis_s0.15,eb934281,5,29547.9957340287,972
R_dipaxis_s0.2,eb934281,0,5264.579421333877,999
R_dipaxis_s0.2,eb934281,1,18503.392607666185,1000
R_dipaxis_s0.2,eb934281,2,23824.611030139422,1000
R_dipaxis_s0.2,eb934281,3,65184.435570122165,1000
R_dipaxis_s0.2,eb934281,4,36817.96732321229,1000
R_dipaxis_s0.2,eb934281,5,54189.4755197658,972
R_dipaxis_s0.1,75d20a82,0,265988.11231787794,999
R_dipaxis_s0.1,75d20a82,1,746583.3240164481,1000
R_dipaxis_s0.1,75d20a82,2,345209.47371621314,1000
R_dipaxis_s0.1,75d20a82,3,11640.026547580423,1000
R_dipaxis_s0.1,75d20a82,4,114160.95718028916,1000
R_dipaxis_s0.1,75d20a82,5,6778.552949839182,68
R_dipaxis_s0.15,75d20a82,0,252906.805888968,999
R_dipaxis_s0.15,75d20a82,1,770594.3013075863,1000
R_dipaxis_s0.15,75d20a82,2,407985.9605225482,1000
R_dipaxis_s0.15,75d20a82,3,13595.032488196208,1000
R_dipaxis_s0.15,75d20a82,4,80903.98555287388,1000
R_dipaxis_s0.15,75d20a82,5,4750.307909463466,68
R_dipaxis_s0.2,75d20a82,0,240196.03520149575,999
R_dipaxis_s0.2,75d20a82,1,795328.3893206714,1000
R_dipaxis_s0.2,75d20a82,2,480567.22369436966,1000
R_dipaxis_s0.2,75d20a82,3,29886.569273360816,1000
R_dipaxis_s0.2,75d20a82,4,53641.761813750134,1000
R_dipaxis_s0.2,75d20a82,5,3082.2103922241304,68
R_dipaxis_s0.1,b56bc0aa,0,48980.28439337672,999
R_dipaxis_s0.1,b56bc0aa,1,122572.05135133519,1000
R_dipaxis_s0.1,b56bc0aa,2,59640.68521645669,1000
R_dipaxis_s0.1,b56bc0aa,3,136412.23914609003,1000
R_dipaxis_s0.1,b56bc0aa,4,90054.94402179483,1000
R_dipaxis_s0.1,b56bc0aa,5,25746.79928652533,603
R_dipaxis_s0.15,b56bc0aa,0,45753.33206905945,999
R_dipaxis_s0.15,b56bc0aa,1,122516.07052860658,1000
R_dipaxis_s0.15,b56bc0aa,2,65697.318634651,1000
R_dipaxis_s0.15,b56bc0aa,3,143965.25363788407,1000
R_dipaxis_s0.15,b56bc0aa,4,102455.34797722696,1000
R_dipaxis_s0.15,b56bc0aa,5,31898.633693095042,603
R_dipaxis_s0.2,b56bc0aa,0,42637.81976407233,999
R_dipaxis_s0.2,b56bc0aa,1,122468.66384027954,1000
R_dipaxis_s0.2,b56bc0aa,2,72170.6687594892,1000
R_dipaxis_s0.2,b56bc0aa,3,151746.80454217427,1000
R_dipaxis_s0.2,b56bc0aa,4,115666.92572901418,1000
R_dipaxis_s0.2,b56bc0aa,5,38820.510741868224,603
R_dipaxis_s0.1,593876b6,0,130907.35618738255,999
R_dipaxis_s0.1,593876b6,1,133079.5202874946,1000
R_dipaxis_s0.1,593876b6,2,124818.93759101495,1000
R_dipaxis_s0.1,593876b6,3,112357.46770050697,1000
R_dipaxis_s0.1,593876b6,4,45968.74252899191,843
R_dipaxis_s0.15,593876b6,0,119136.59390168487,999
R_dipaxis_s0.15,593876b6,1,111810.13504915162,1000
R_dipaxis_s0.15,593876b6,2,103181.49816770907,1000
R_dipaxis_s0.15,593876b6,3,85476.96269971898,1000
R_dipaxis_s0.15,593876b6,4,52004.65453127472,843
R_dipaxis_s0.2,593876b6,0,107940.96079639185,999
R_dipaxis_s0.2,593876b6,1,92412.50805607969,1000
R_dipaxis_s0.2,593876b6,2,83605.20396519145,1000
R_dipaxis_s0.2,593876b6,3,62443.13236490217,1000
R_dipaxis_s0.2,593876b6,4,60285.07515874835,843
R_dipaxis_s0.1,25fd32b3,0,7280.533055863117,999
R_dipaxis_s0.1,25fd32b3,1,29829.444519704793,1000
R_dipaxis_s0.1,25fd32b3,2,55280.036544638366,886
R_dipaxis_s0.15,25fd32b3,0,8696.15224812906,999
R_dipaxis_s0.15,25fd32b3,1,43256.676178509995,1000
R_dipaxis_s0.15,25fd32b3,2,86915.55721627065,886
R_dipaxis_s0.2,25fd32b3,0,10316.84924995185,999
R_dipaxis_s0.2,25fd32b3,1,59203.64843661885,1000
R_dipaxis_s0.2,25fd32b3,2,125728.70705411483,886
R_dipaxis_s0.1,2ac7cb6b,0,6436.644981760599,999
R_dipaxis_s0.1,2ac7cb6b,1,89098.86845666902,1000
R_dipaxis_s0.1,2ac7cb6b,2,189791.43618842933,1000
R_dipaxis_s0.1,2ac7cb6b,3,221067.87098265399,1000
R_dipaxis_s0.1,2ac7cb6b,4,797927.9932942535,991
R_dipaxis_s0.15,2ac7cb6b,0,5671.438407703149,999
R_dipaxis_s0.15,2ac7cb6b,1,79038.66255080955,1000
R_dipaxis_s0.15,2ac7cb6b,2,221255.57519089713,1000
R_dipaxis_s0.15,2ac7cb6b,3,179242.0384478878,1000
R_dipaxis_s0.15,2ac7cb6b,4,589190.8528144531,991
R_dipaxis_s0.2,2ac7cb6b,0,4960.259590353292,999
R_dipaxis_s0.2,2ac7cb6b,1,70125.46165548402,1000
R_dipaxis_s0.2,2ac7cb6b,2,255804.5891322038,1000
R_dipaxis_s0.2,2ac7cb6b,3,151725.46999572203,1000
R_dipaxis_s0.2,2ac7cb6b,4,412545.90488335263,991
R_dipaxis_s0.1,89fdb2f2,0,474.84938462894615,999
R_dipaxis_s0.1,89fdb2f2,1,6913.769568013389,1000
R_dipaxis_s0.1,89fdb2f2,2,90.0114294864893,32
R_dipaxis_s0.15,89fdb2f2,0,680.2051207740401,999
R_dipaxis_s0.15,89fdb2f2,1,8155.2913683911665,1000
R_dipaxis_s0.15,89fdb2f2,2,141.48716588024638,32
R_dipaxis_s0.2,89fdb2f2,0,993.7793194730527,999
R_dipaxis_s0.2,89fdb2f2,1,9708.532713017128,1000
R_dipaxis_s0.2,89fdb2f2,2,204.8989500410324,32
R_dipaxis_s0.1,fdfd57da,0,15248.034303494213,999
R_dipaxis_s0.1,fdfd57da,1,5752.211320102289,1000
R_dipaxis_s0.1,fdfd57da,2,6521.904013139658,1000
R_dipaxis_s0.1,fdfd57da,3,8270.879002374886,1000
R_dipaxis_s0.1,fdfd57da,4,2081.397271546409,1000
R_dipaxis_s0.1,fdfd57da,5,132.01524315730714,237
R_dipaxis_s0.15,fdfd57da,0,15173.7911450497,999
R_dipaxis_s0.15,fdfd57da,1,6861.741025453144,1000
R_dipaxis_s0.15,fdfd57da,2,1240.269463825411,1000
R_dipaxis_s0.15,fdfd57da,3,2259.455398344816,1000
R_dipaxis_s0.15,fdfd57da,4,755.3510636647619,1000
R_dipaxis_s0.15,fdfd57da,5,1102.992917701125,237
R_dipaxis_s0.2,fdfd57da,0,15122.350813146617,999
R_dipaxis_s0.2,fdfd57da,1,8812.779261003745,1000
R_dipaxis_s0.2,fdfd57da,2,506.75414391666686,1000
R_dipaxis_s0.2,fdfd57da,3,282.93955749835817,1000
R_dipaxis_s0.2,fdfd57da,4,1402.4847933437047,1000
R_dipaxis_s0.2,fdfd57da,5,3108.924860887818,237
R_dipaxis_s0.1,b32902c0,0,6361.786793394467,999
R_dipaxis_s0.1,b32902c0,1,8006.695843833073,1000
R_dipaxis_s0.1,b32902c0,2,28660.07194569314,1000
R_dipaxis_s0.1,b32902c0,3,88759.080145502,809
R_dipaxis_s0.15,b32902c0,0,5545.024456251746,999
R_dipaxis_s0.15,b32902c0,1,7679.433685894353,1000
R_dipaxis_s0.15,b32902c0,2,39818.06765903916,1000
R_dipaxis_s0.15,b32902c0,3,99704.09843600845,809
R_dipaxis_s0.2,b32902c0,0,4792.406796548791,999
R_dipaxis_s0.2,b32902c0,1,7670.2847080516185,1000
R_dipaxis_s0.2,b32902c0,2,53105.768999384476,1000
R_dipaxis_s0.2,b32902c0,3,111917.34687168695,809
R_dipaxis_s0.1,8648abae,0,7936.609193260717,999
R_dipaxis_s0.1,8648abae,1,60840.7339263661,1000
R_dipaxis_s0.1,8648abae,2,20949.530398572635,1000
R_dipaxis_s0.1,8648abae,3,4034.182943696388,1000
R_dipaxis_s0.1,8648abae,4,2050.06283876273,245
R_dipaxis_s0.15,8648abae,0,8400.1473903063,999
R_dipaxis_s0.15,8648abae,1,44293.93690168882,1000
R_dipaxis_s0.15,8648abae,2,11931.295870398148,1000
R_dipaxis_s0.15,8648abae,3,1085.3861857726902,1000
R_dipaxis_s0.15,8648abae,4,291.07150674299356,245
R_dipaxis_s0.2,8648abae,0,8889.799287629328,999
R_dipaxis_s0.2,8648abae,1,30685.655351769194,1000
R_dipaxis_s0.2,8648abae,2,7792.379823914916,1000
R_dipaxis_s0.2,8648abae,3,2825.83087466618,1000
R_dipaxis_s0.2,8648abae,4,720.7226404554773,245
R_dipaxis_s0.1,25939962,0,50623.524502868764,999
R_dipaxis_s0.1,25939962,1,138026.74053255975,1000
R_dipaxis_s0.1,25939962,2,109929.78547357768,1000
R_dipaxis_s0.1,25939962,3,57134.2151638026,1000
R_dipaxis_s0.1,25939962,4,871.2135053106572,320
R_dipaxis_s0.15,25939962,0,52304.892737838796,999
R_dipaxis_s0.15,25939962,1,132505.7166896773,1000
R_dipaxis_s0.15,25939962,2,77578.2454336028,1000
R_dipaxis_s0.15,25939962,3,31750.76318901273,1000
R_dipaxis_s0.15,25939962,4,135.03110261219908,320
R_dipaxis_s0.2,25939962,0,54056.30156183221,999
R_dipaxis_s0.2,25939962,1,128634.8051406863,1000
R_dipaxis_s0.2,25939962,2,52091.111742450754,1000
R_dipaxis_s0.2,25939962,3,14047.619776428275,1000
R_dipaxis_s0.2,25939962,4,102.12652967784366,320
R_dipaxis_s0.1,591cc951,0,2491.718767867345,999
R_dipaxis_s0.1,591cc951,1,22160.27761734467,1000
R_dipaxis_s0.1,591cc951,2,123956.30067264248,1000
R_dipaxis_s0.1,591cc951,3,338822.2557287075,1000
R_dipaxis_s0.1,591cc951,4,57652.177279869364,610
R_dipaxis_s0.15,591cc951,0,1717.95241553846,999
R_dipaxis_s0.15,591cc951,1,12667.578984858303,1000
R_dipaxis_s0.15,591cc951,2,83688.07006869436,1000
R_dipaxis_s0.15,591cc951,3,235785.21823936317,1000
R_dipaxis_s0.15,591cc951,4,27365.707447285982,610
R_dipaxis_s0.2,591cc951,0,1279.3384057018452,999
R_dipaxis_s0.2,591cc951,1,6530.473491602351,1000
R_dipaxis_s0.2,591cc951,2,51545.825937906244,1000
R_dipaxis_s0.2,591cc951,3,152021.20614756347,1000
R_dipaxis_s0.2,591cc951,4,8412.585433028536,610
R_dipaxis_s0.1,7850c72e,0,195544.82523984814,999
R_dipaxis_s0.1,7850c72e,1,244362.86087359267,1000
R_dipaxis_s0.1,7850c72e,2,116420.73313786872,1000
R_dipaxis_s0.1,7850c72e,3,226409.18224003346,1000
R_dipaxis_s0.1,7850c72e,4,11705.950528691506,1000
R_dipaxis_s0.1,7850c72e,5,4769.028540205717,498
R_dipaxis_s0.15,7850c72e,0,188891.55720056006,999
R_dipaxis_s0.15,7850c72e,1,224941.67690822377,1000
R_dipaxis_s0.15,7850c72e,2,125167.7196564599,1000
R_dipaxis_s0.15,7850c72e,3,229542.34273190747,1000
R_dipaxis_s0.15,7850c72e,4,11083.329727726215,1000
R_dipaxis_s0.15,7850c72e,5,3513.3330530612434,498
R_dipaxis_s0.2,7850c72e,0,182357.8126551464,999
R_dipaxis_s0.2,7850c72e,1,206598.8057414287,1000
R_dipaxis_s0.2,7850c72e,2,134557.1948748148,1000
R_dipaxis_s0.2,7850c72e,3,232808.5011050072,1000
R_dipaxis_s0.2,7850c72e,4,10549.77111655529,1000
R_dipaxis_s0.2,7850c72e,5,2577.9096277507538,498
R_dipaxis_s0.1,404c4384,0,11002.76133678785,911
R_dipaxis_s0.15,404c4384,0,10610.90530634654,911
R_dipaxis_s0.2,404c4384,0,10228.302010014188,911
R_dipaxis_s0.1,dd7d638e,0,2621.5909735186992,999
R_dipaxis_s0.1,dd7d638e,1,46513.536131651366,1000
R_dipaxis_s0.1,dd7d638e,2,21630.013914014366,1000
R_dipaxis_s0.1,dd7d638e,3,22759.876316389436,1000
R_dipaxis_s0.1,dd7d638e,4,35979.524925959406,302
R_dipaxis_s0.15,dd7d638e,0,2571.2020530710543,999
R_dipaxis_s0.15,dd7d638e,1,44308.24275034411,1000
R_dipaxis_s0.15,dd7d638e,2,20543.00686054027,1000
R_dipaxis_s0.15,dd7d638e,3,19636.084948014406,1000
R_dipaxis_s0.15,dd7d638e,4,30518.974226450533,302
R_dipaxis_s0.2,dd7d638e,0,2523.7435278190883,999
R_dipaxis_s0.2,dd7d638e,1,42160.104937615695,1000
R_dipaxis_s0.2,dd7d638e,2,19497.117133412634,1000
R_dipaxis_s0.2,dd7d638e,3,16752.327895259365,1000
R_dipaxis_s0.2,dd7d638e,4,25514.276918614734,302
R_dipaxis_s0.1,da3bfe4e,0,20245.818187366476,999
R_dipaxis_s0.1,da3bfe4e,1,533506.5539211655,1000
R_dipaxis_s0.1,da3bfe4e,2,873765.5502841701,1000
R_dipaxis_s0.1,da3bfe4e,3,780775.7255630082,1000
R_dipaxis_s0.1,da3bfe4e,4,890701.7304717529,1000
R_dipaxis_s0.1,da3bfe4e,5,254162.8002990203,550
R_dipaxis_s0.15,da3bfe4e,0,17130.43226170934,999
R_dipaxis_s0.15,da3bfe4e,1,461532.27839156624,1000
R_dipaxis_s0.15,da3bfe4e,2,721857.3671239272,1000
R_dipaxis_s0.15,da3bfe4e,3,590713.5107884348,1000
R_dipaxis_s0.15,da3bfe4e,4,677256.3121595755,1000
R_dipaxis_s0.15,da3bfe4e,5,170560.71919205526,550
R_dipaxis_s0.2,da3bfe4e,0,14283.380989825859,999
R_dipaxis_s0.2,da3bfe4e,1,394828.7234018522,1000
R_dipaxis_s0.2,da3bfe4e,2,584653.2064621382,1000
R_dipaxis_s0.2,da3bfe4e,3,428001.44547648256,1000
R_dipaxis_s0.2,da3bfe4e,4,493536.3757487036,1000
R_dipaxis_s0.2,da3bfe4e,5,103739.89801410923,550
R_dipaxis_s0.1,113011eb,0,45687.548547180275,999
R_dipaxis_s0.1,113011eb,1,27854.678513601175,1000
R_dipaxis_s0.1,113011eb,2,23441.526213135756,1000
R_dipaxis_s0.1,113011eb,3,1040.9388354729936,273
R_dipaxis_s0.15,113011eb,0,42565.18873536077,999
R_dipaxis_s0.15,113011eb,1,29955.375602273583,1000
R_dipaxis_s0.15,113011eb,2,32314.834482139722,1000
R_dipaxis_s0.15,113011eb,3,2578.2544117034163,273
R_dipaxis_s0.2,113011eb,0,39554.913133267815,999
R_dipaxis_s0.2,113011eb,1,32438.723345527884,1000
R_dipaxis_s0.2,113011eb,2,42772.31575943475,1000
R_dipaxis_s0.2,113011eb,3,4862.672626929821,273
R_dipaxis_s0.1,74b6186b,0,63868.90088644494,999
R_dipaxis_s0.1,74b6186b,1,93776.87726741646,1000
R_dipaxis_s0.1,74b6186b,2,75155.17883327893,1000
R_dipaxis_s0.1,74b6186b,3,55678.16088478513,406
R_dipaxis_s0.15,74b6186b,0,59240.04930045127,999
R_dipaxis_s0.15,74b6186b,1,90967.69512380523,1000
R_dipaxis_s0.15,74b6186b,2,82476.38873639797,1000
R_dipaxis_s0.15,74b6186b,3,63731.126005835475,406
R_dipaxis_s0.2,74b6186b,0,54791.367628313754,999
R_dipaxis_s0.2,74b6186b,1,88215.90592865055,1000
R_dipaxis_s0.2,74b6186b,2,90225.35839717128,1000
R_dipaxis_s0.2,74b6186b,3,72331.91254599065,406
R_dipaxis_s0.1,3ef98781,0,137100.21332807868,999
R_dipaxis_s0.1,3ef98781,1,79217.11433742793,1000
R_dipaxis_s0.1,3ef98781,2,275718.99026808003,1000
R_dipaxis_s0.1,3ef98781,3,83855.52366388726,893
R_dipaxis_s0.15,3ef98781,0,128482.80180631462,999
R_dipaxis_s0.15,3ef98781,1,77534.63629192128,1000
R_dipaxis_s0.15,3ef98781,2,268081.5427871661,1000
R_dipaxis_s0.15,3ef98781,3,90099.0899445266,893
R_dipaxis_s0.2,3ef98781,0,120145.2151273536,999
R_dipaxis_s0.2,3ef98781,1,75885.03653693655,1000
R_dipaxis_s0.2,3ef98781,2,260554.7515629538,1000
R_dipaxis_s0.2,3ef98781,3,96728.9736242975,893
R_dipaxis_s0.1,8b95d6d1,0,76613.27756781217,999
R_dipaxis_s0.1,8b95d6d1,1,150791.5120207245,732
R_dipaxis_s0.15,8b95d6d1,0,70327.85832456901,999
R_dipaxis_s0.15,8b95d6d1,1,131041.9854369085,732
R_dipaxis_s0.2,8b95d6d1,0,64319.66389656053,999
R_dipaxis_s0.2,8b95d6d1,1,112711.89102364049,732
R_dipaxis_s0.1,aee6393a,0,4447.066285279464,999
R_dipaxis_s0.1,aee6393a,1,22614.861988186498,1000
R_dipaxis_s0.1,aee6393a,2,10835.52732418088,1000
R_dipaxis_s0.1,aee6393a,3,33753.91584396323,1000
R_dipaxis_s0.1,aee6393a,4,98827.14130640854,1000
R_dipaxis_s0.1,aee6393a,5,181781.89866645838,866
R_dipaxis_s0.15,aee6393a,0,5218.101345266571,999
R_dipaxis_s0.15,aee6393a,1,27888.690162090537,1000
R_dipaxis_s0.15,aee6393a,2,22036.923994185538,1000
R_dipaxis_s0.15,aee6393a,3,62307.07594354718,1000
R_dipaxis_s0.15,aee6393a,4,149236.99376535765,1000
R_dipaxis_s0.15,aee6393a,5,254004.05386617317,866
R_dipaxis_s0.2,aee6393a,0,6089.9222834851835,999
R_dipaxis_s0.2,aee6393a,1,33963.7909892018,1000
R_dipaxis_s0.2,aee6393a,2,37242.97796946585,1000
R_dipaxis_s0.2,aee6393a,3,99946.3966948656,1000
R_dipaxis_s0.2,aee6393a,4,210204.11749480202,1000
R_dipaxis_s0.2,aee6393a,5,339101.164676877,866
R_dipaxis_s0.1,3f603129,0,238415.912477153,999
R_dipaxis_s0.1,3f603129,1,1302893.5259833648,1000
R_dipaxis_s0.1,3f603129,2,781226.5225971185,1000
R_dipaxis_s0.1,3f603129,3,898139.9031090012,1000
R_dipaxis_s0.1,3f603129,4,402214.53023636696,1000
R_dipaxis_s0.1,3f603129,5,7730.596255389455,52
R_dipaxis_s0.15,3f603129,0,212966.98046574663,999
R_dipaxis_s0.15,3f603129,1,1184706.0549110512,1000
R_dipaxis_s0.15,3f603129,2,718751.2631448037,1000
R_dipaxis_s0.15,3f603129,3,786584.3782579203,1000
R_dipaxis_s0.15,3f603129,4,340927.248617862,1000
R_dipaxis_s0.15,3f603129,5,6173.168867121966,52
R_dipaxis_s0.2,3f603129,0,188971.1870876806,999
R_dipaxis_s0.2,3f603129,1,1072160.8224293853,1000
R_dipaxis_s0.2,3f603129,2,658895.506625228,1000
R_dipaxis_s0.2,3f603129,3,682432.6624697768,1000
R_dipaxis_s0.2,3f603129,4,284828.2041748979,1000
R_dipaxis_s0.2,3f603129,5,4790.747968212423,52
R_dipaxis_s0.1,1f9afacb,0,518.8565629192041,999
R_dipaxis_s0.1,1f9afacb,1,1479.8336191085696,1000
R_dipaxis_s0.1,1f9afacb,2,3434.3702870116167,1000
R_dipaxis_s0.1,1f9afacb,3,2693.0892500420746,1000
R_dipaxis_s0.1,1f9afacb,4,4237.28529579753,1000
R_dipaxis_s0.1,1f9afacb,5,1771.4405855575726,329
R_dipaxis_s0.15,1f9afacb,0,342.98253877042157,999
R_dipaxis_s0.15,1f9afacb,1,2504.0099742320504,1000
R_dipaxis_s0.15,1f9afacb,2,7247.988691867736,1000
R_dipaxis_s0.15,1f9afacb,3,3175.89355978111,1000
R_dipaxis_s0.15,1f9afacb,4,1724.7752748079924,1000
R_dipaxis_s0.15,1f9afacb,5,4931.959304386564,329
R_dipaxis_s0.2,1f9afacb,0,295.39224421632196,999
R_dipaxis_s0.2,1f9afacb,1,4050.064126401699,1000
R_dipaxis_s0.2,1f9afacb,2,12522.853670957638,1000
R_dipaxis_s0.2,1f9afacb,3,5906.403892666037,1000
R_dipaxis_s0.2,1f9afacb,4,3667.5294078937472,1000
R_dipaxis_s0.2,1f9afacb,5,9692.327673916005,329
R_dipaxis_s0.1,a3f71395,0,181930.77782983915,999
R_dipaxis_s0.1,a3f71395,1,304573.86778558407,1000
R_dipaxis_s0.1,a3f71395,2,116594.49625691818,1000
R_dipaxis_s0.1,a3f71395,3,367646.7783632395,1000
R_dipaxis_s0.1,a3f71395,4,28549.21994752577,1000
R_dipaxis_s0.1,a3f71395,5,2354.001560453801,544
R_dipaxis_s0.15,a3f71395,0,155499.85745602762,999
R_dipaxis_s0.15,a3f71395,1,236018.31786368135,1000
R_dipaxis_s0.15,a3f71395,2,81839.11235201223,1000
R_dipaxis_s0.15,a3f71395,3,550800.0978157246,1000
R_dipaxis_s0.15,a3f71395,4,87401.9377099853,1000
R_dipaxis_s0.15,a3f71395,5,11001.399422602384,544
R_dipaxis_s0.2,a3f71395,0,131190.73505639125,999
R_dipaxis_s0.2,a3f71395,1,176630.13619863795,1000
R_dipaxis_s0.2,a3f71395,2,69966.76279152627,1000
R_dipaxis_s0.2,a3f71395,3,772401.2776487903,1000
R_dipaxis_s0.2,a3f71395,4,206453.17559823924,1000
R_dipaxis_s0.2,a3f71395,5,54249.841339362036,544
R_dipaxis_s0.1,01982c1d,0,18569.003867360167,999
R_dipaxis_s0.1,01982c1d,1,41408.985579272194,1000
R_dipaxis_s0.1,01982c1d,2,46349.99042753475,1000
R_dipaxis_s0.1,01982c1d,3,30192.76116946652,942
R_dipaxis_s0.15,01982c1d,0,16430.18853775211,999
R_dipaxis_s0.15,01982c1d,1,40855.20968226969,1000
R_dipaxis_s0.15,01982c1d,2,45993.60094851294,1000
R_dipaxis_s0.15,01982c1d,3,23914.218586208095,942
R_dipaxis_s0.2,01982c1d,0,14438.543665951609,999
R_dipaxis_s0.2,01982c1d,1,40314.69336083944,1000
R_dipaxis_s0.2,01982c1d,2,45701.838974297105,1000
R_dipaxis_s0.2,01982c1d,3,18397.81215762216,942
R_dipaxis_s0.1,c9e6734f,0,105430.04141337654,999
R_dipaxis_s0.1,c9e6734f,1,24180.08544409862,1000
R_dipaxis_s0.1,c9e6734f,2,91008.94326471239,1000
R_dipaxis_s0.1,c9e6734f,3,326774.0782687208,1000
R_dipaxis_s0.1,c9e6734f,4,321260.21460093546,736
R_dipaxis_s0.15,c9e6734f,0,86673.01295195849,999
R_dipaxis_s0.15,c9e6734f,1,10441.414617122042,1000
R_dipaxis_s0.15,c9e6734f,2,131707.1337709312,1000
R_dipaxis_s0.15,c9e6734f,3,466539.1588330686,1000
R_dipaxis_s0.15,c9e6734f,4,475408.1221019783,736
R_dipaxis_s0.2,c9e6734f,0,69988.67047847358,999
R_dipaxis_s0.2,c9e6734f,1,4957.996590795768,1000
R_dipaxis_s0.2,c9e6734f,2,186469.03349306,1000
R_dipaxis_s0.2,c9e6734f,3,631286.8109174023,1000
R_dipaxis_s0.2,c9e6734f,4,659823.7808367367,736
R_dipaxis_s0.1,f439a621,0,11659.974188369895,999
R_dipaxis_s0.1,f439a621,1,19698.67132145634,1000
R_dipaxis_s0.1,f439a621,2,60616.73141338643,822
R_dipaxis_s0.15,f439a621,0,11213.367346931554,999
R_dipaxis_s0.15,f439a621,1,16781.696684094946,1000
R_dipaxis_s0.15,f439a621,2,86165.20082136858,822
R_dipaxis_s0.2,f439a621,0,11886.276915077557,999
R_dipaxis_s0.2,f439a621,1,22039.523248009806,1000
R_dipaxis_s0.2,f439a621,2,128211.44256354531,822
R_dipaxis_s0.1,98bc6f66,0,93541.52696455286,999
R_dipaxis_s0.1,98bc6f66,1,326382.10002311994,1000
R_dipaxis_s0.1,98bc6f66,2,332749.22988250165,1000
R_dipaxis_s0.1,98bc6f66,3,297678.9022245857,1000
R_dipaxis_s0.1,98bc6f66,4,297454.78010159225,1000
R_dipaxis_s0.1,98bc6f66,5,42180.543366819074,1000
R_dipaxis_s0.1,98bc6f66,6,842.4751696251966,64
R_dipaxis_s0.15,98bc6f66,0,84630.78960251146,999
R_dipaxis_s0.15,98bc6f66,1,295090.44975827547,1000
R_dipaxis_s0.15,98bc6f66,2,294608.1818565145,1000
R_dipaxis_s0.15,98bc6f66,3,249812.43859438234,1000
R_dipaxis_s0.15,98bc6f66,4,236939.52261454694,1000
R_dipaxis_s0.15,98bc6f66,5,20819.233668169585,1000
R_dipaxis_s0.15,98bc6f66,6,2136.9481108614955,64
R_dipaxis_s0.2,98bc6f66,0,76167.89941092694,999
R_dipaxis_s0.2,98bc6f66,1,265377.85567583906,1000
R_dipaxis_s0.2,98bc6f66,2,258804.0965190453,1000
R_dipaxis_s0.2,98bc6f66,3,206201.81253585566,1000
R_dipaxis_s0.2,98bc6f66,4,183837.54756895025,1000
R_dipaxis_s0.2,98bc6f66,5,10605.776614818664,1000
R_dipaxis_s0.2,98bc6f66,6,4037.6656563801475,64
R_dipaxis_s0.1,e730c32b,0,14874.812707642686,999
R_dipaxis_s0.1,e730c32b,1,114027.58372356782,1000
R_dipaxis_s0.1,e730c32b,2,297745.17687772185,1000
R_dipaxis_s0.1,e730c32b,3,202940.92399601341,1000
R_dipaxis_s0.1,e730c32b,4,126840.73956557659,729
R_dipaxis_s0.15,e730c32b,0,15268.859808207444,999
R_dipaxis_s0.15,e730c32b,1,113931.10786600312,1000
R_dipaxis_s0.15,e730c32b,2,315662.0118047791,1000
R_dipaxis_s0.15,e730c32b,3,228255.90985499363,1000
R_dipaxis_s0.15,e730c32b,4,145568.52172702458,729
R_dipaxis_s0.2,e730c32b,0,15682.87340659839,999
R_dipaxis_s0.2,e730c32b,1,113869.4767955287,1000
R_dipaxis_s0.2,e730c32b,2,334144.6334239543,1000
R_dipaxis_s0.2,e730c32b,3,255086.15918794158,1000
R_dipaxis_s0.2,e730c32b,4,165592.39490757106,729
R_dipaxis_s0.1,865033f8,0,9018.014458467482,999
R_dipaxis_s0.1,865033f8,1,59242.807128304536,1000
R_dipaxis_s0.1,865033f8,2,20822.23611636029,1000
R_dipaxis_s0.1,865033f8,3,14774.497025757493,558
R_dipaxis_s0.15,865033f8,0,8668.77115823079,999
R_dipaxis_s0.15,865033f8,1,58846.04961954777,1000
R_dipaxis_s0.15,865033f8,2,16125.700801199902,1000
R_dipaxis_s0.15,865033f8,3,11398.674488411547,558
R_dipaxis_s0.2,865033f8,0,8340.615971680258,999
R_dipaxis_s0.2,865033f8,1,58578.915528852136,1000
R_dipaxis_s0.2,865033f8,2,12176.17493714612,1000
R_dipaxis_s0.2,865033f8,3,8465.976750916574,558
R_dipaxis_s0.1,729665c0,0,79638.78021191484,999
R_dipaxis_s0.1,729665c0,1,40702.99421298095,1000
R_dipaxis_s0.1,729665c0,2,5751.922169816857,1000
R_dipaxis_s0.1,729665c0,3,85003.13721772927,1000
R_dipaxis_s0.1,729665c0,4,35199.226280997784,264
R_dipaxis_s0.15,729665c0,0,72898.78954539304,999
R_dipaxis_s0.15,729665c0,1,39074.10062141671,1000
R_dipaxis_s0.15,729665c0,2,5293.866705721388,1000
R_dipaxis_s0.15,729665c0,3,68492.53589435817,1000
R_dipaxis_s0.15,729665c0,4,28221.389513209037,264
R_dipaxis_s0.2,729665c0,0,66463.90669721802,999
R_dipaxis_s0.2,729665c0,1,37487.715531150294,1000
R_dipaxis_s0.2,729665c0,2,4861.639975623299,1000
R_dipaxis_s0.2,729665c0,3,53824.922016165096,1000
R_dipaxis_s0.2,729665c0,4,22015.457739896647,264
R_dipaxis_s0.1,7cbbd047,0,56672.7308205592,999
R_dipaxis_s0.1,7cbbd047,1,40171.40126103482,1000
R_dipaxis_s0.1,7cbbd047,2,7878.121890789343,1000
R_dipaxis_s0.1,7cbbd047,3,68971.69617954784,1000
R_dipaxis_s0.1,7cbbd047,4,110726.75088526178,1000
R_dipaxis_s0.1,7cbbd047,5,18624.213827019044,122
R_dipaxis_s0.15,7cbbd047,0,47336.768000758595,999
R_dipaxis_s0.15,7cbbd047,1,48967.406761570994,1000
R_dipaxis_s0.15,7cbbd047,2,11886.635556209763,1000
R_dipaxis_s0.15,7cbbd047,3,23075.446819334535,1000
R_dipaxis_s0.15,7cbbd047,4,39061.04728718056,1000
R_dipaxis_s0.15,7cbbd047,5,7562.882816101961,122
R_dipaxis_s0.2,7cbbd047,0,38908.906160903774,999
R_dipaxis_s0.2,7cbbd047,1,59930.04434212045,1000
R_dipaxis_s0.2,7cbbd047,2,27283.839068313213,1000
R_dipaxis_s0.2,7cbbd047,3,3441.1123591276814,1000
R_dipaxis_s0.2,7cbbd047,4,5425.58439528824,1000
R_dipaxis_s0.2,7cbbd047,5,1410.5099889002668,122
R_dipaxis_s0.1,c70c0e01,0,7102.704686421454,999
R_dipaxis_s0.1,c70c0e01,1,32086.088393681155,1000
R_dipaxis_s0.1,c70c0e01,2,15723.707036167034,1000
R_dipaxis_s0.1,c70c0e01,3,208770.79371909006,1000
R_dipaxis_s0.1,c70c0e01,4,98741.66045020151,313
R_dipaxis_s0.15,c70c0e01,0,6081.368898744583,999
R_dipaxis_s0.15,c70c0e01,1,31085.61604675671,1000
R_dipaxis_s0.15,c70c0e01,2,13678.982302100638,1000
R_dipaxis_s0.15,c70c0e01,3,212856.6616841978,1000
R_dipaxis_s0.15,c70c0e01,4,108317.75168271855,313
R_dipaxis_s0.2,c70c0e01,0,5139.896590477235,999
R_dipaxis_s0.2,c70c0e01,1,30122.628770656964,1000
R_dipaxis_s0.2,c70c0e01,2,12066.7460666009,1000
R_dipaxis_s0.2,c70c0e01,3,217044.4533530177,1000
R_dipaxis_s0.2,c70c0e01,4,118348.40605351595,313
R_dipaxis_s0.1,a87433c9,0,8524.288903053868,999
R_dipaxis_s0.1,a87433c9,1,69184.1616993661,1000
R_dipaxis_s0.1,a87433c9,2,56383.56560287035,1000
R_dipaxis_s0.1,a87433c9,3,56585.587305733745,1000
R_dipaxis_s0.1,a87433c9,4,93630.5539453364,1000
R_dipaxis_s0.1,a87433c9,5,2947.4417846530996,722
R_dipaxis_s0.15,a87433c9,0,7665.544322406736,999
R_dipaxis_s0.15,a87433c9,1,55445.525440065576,1000
R_dipaxis_s0.15,a87433c9,2,36145.65016410215,1000
R_dipaxis_s0.15,a87433c9,3,33859.22196173672,1000
R_dipaxis_s0.15,a87433c9,4,63652.727542716704,1000
R_dipaxis_s0.15,a87433c9,5,9250.630751443754,722
R_dipaxis_s0.2,a87433c9,0,6928.255386976625,999
R_dipaxis_s0.2,a87433c9,1,43365.1616747769,1000
R_dipaxis_s0.2,a87433c9,2,20485.788698530294,1000
R_dipaxis_s0.2,a87433c9,3,17168.63408649639,1000
R_dipaxis_s0.2,a87433c9,4,42658.10628990359,1000
R_dipaxis_s0.2,a87433c9,5,19298.35036787697,722
R_dipaxis_s0.1,f6bc699b,0,39971.36900289137,999
R_dipaxis_s0.1,f6bc699b,1,262615.10563285724,1000
R_dipaxis_s0.1,f6bc699b,2,8472.79410795107,1000
R_dipaxis_s0.1,f6bc699b,3,43244.84379335621,753
R_dipaxis_s0.15,f6bc699b,0,34779.6444463558,999
R_dipaxis_s0.15,f6bc699b,1,235975.1986330196,1000
R_dipaxis_s0.15,f6bc699b,2,9267.225847039434,1000
R_dipaxis_s0.15,f6bc699b,3,43394.276307927015,753
R_dipaxis_s0.2,f6bc699b,0,29964.224984498414,999
R_dipaxis_s0.2,f6bc699b,1,210774.26462233672,1000
R_dipaxis_s0.2,f6bc699b,2,10423.170809535928,1000
R_dipaxis_s0.2,f6bc699b,3,43786.697067759385,753
R_dipaxis_s0.1,8382f4b6,0,87326.57026863135,999
R_dipaxis_s0.1,8382f4b6,1,376660.76895537437,1000
R_dipaxis_s0.1,8382f4b6,2,1311777.2446837663,1000
R_dipaxis_s0.1,8382f4b6,3,1727563.7649781762,1000
R_dipaxis_s0.1,8382f4b6,4,2054524.153247458,968
R_dipaxis_s0.15,8382f4b6,0,74143.37146448474,999
R_dipaxis_s0.15,8382f4b6,1,330875.7687026767,1000
R_dipaxis_s0.15,8382f4b6,2,1182531.821134894,1000
R_dipaxis_s0.15,8382f4b6,3,1602737.9957715706,1000
R_dipaxis_s0.15,8382f4b6,4,1962162.0523384286,968
R_dipaxis_s0.2,8382f4b6,0,62082.01206803135,999
R_dipaxis_s0.2,8382f4b6,1,288081.55712972535,1000
R_dipaxis_s0.2,8382f4b6,2,1060016.379325521,1000
R_dipaxis_s0.2,8382f4b6,3,1482658.1993011837,1000
R_dipaxis_s0.2,8382f4b6,4,1872020.3763742342,968
R_dipaxis_s0.1,27c3155b,0,151982.1477538366,999
R_dipaxis_s0.1,27c3155b,1,229160.76124130547,1000
R_dipaxis_s0.1,27c3155b,2,155268.96138803655,1000
R_dipaxis_s0.1,27c3155b,3,158755.31739236249,1000
R_dipaxis_s0.1,27c3155b,4,209797.26772316505,959
R_dipaxis_s0.15,27c3155b,0,134769.39677640653,999
R_dipaxis_s0.15,27c3155b,1,189051.60411884813,1000
R_dipaxis_s0.15,27c3155b,2,95637.01982174981,1000
R_dipaxis_s0.15,27c3155b,3,89908.91741121489,1000
R_dipaxis_s0.15,27c3155b,4,126957.74216475485,959
R_dipaxis_s0.2,27c3155b,0,118690.4291294132,999
R_dipaxis_s0.2,27c3155b,1,153068.28040098713,1000
R_dipaxis_s0.2,27c3155b,2,50965.596148595665,1000
R_dipaxis_s0.2,27c3155b,3,41410.02204518344,1000
R_dipaxis_s0.2,27c3155b,4,64882.21565968826,959
R_dipaxis_s0.1,398dce4b,0,180.04595078417987,999
R_dipaxis_s0.1,398dce4b,1,21510.775002113693,1000
R_dipaxis_s0.1,398dce4b,2,9677.445403333595,1000
R_dipaxis_s0.1,398dce4b,3,26337.082689932857,167
R_dipaxis_s0.15,398dce4b,0,122.29255669125325,999
R_dipaxis_s0.15,398dce4b,1,16015.391663484143,1000
R_dipaxis_s0.15,398dce4b,2,13014.853475815275,1000
R_dipaxis_s0.15,398dce4b,3,29436.717283526446,167
R_dipaxis_s0.2,398dce4b,0,166.16168294191465,999
R_dipaxis_s0.2,398dce4b,1,11580.06153173265,1000
R_dipaxis_s0.2,398dce4b,2,18308.25852884071,1000
R_dipaxis_s0.2,398dce4b,3,32714.303242871552,167
R_dipaxis_s0.1,2acc78d4,0,5488.367287377419,999
R_dipaxis_s0.1,2acc78d4,1,28113.479772247494,1000
R_dipaxis_s0.1,2acc78d4,2,22937.133722427283,1000
R_dipaxis_s0.1,2acc78d4,3,525273.857355718,1000
R_dipaxis_s0.1,2acc78d4,4,44087.521840758585,267
R_dipaxis_s0.15,2acc78d4,0,4203.83952153951,999
R_dipaxis_s0.15,2acc78d4,1,24045.926046760917,1000
R_dipaxis_s0.15,2acc78d4,2,17145.322425796556,1000
R_dipaxis_s0.15,2acc78d4,3,466947.60734218324,1000
R_dipaxis_s0.15,2acc78d4,4,41821.74752861119,267
R_dipaxis_s0.2,2acc78d4,0,3139.685982683233,999
R_dipaxis_s0.2,2acc78d4,1,21352.792746867093,1000
R_dipaxis_s0.2,2acc78d4,2,13723.150323935126,1000
R_dipaxis_s0.2,2acc78d4,3,412156.6289677147,1000
R_dipaxis_s0.2,2acc78d4,4,39627.67306144639,267
R_dipaxis_s0.1,660d9546,0,6044.0194510644415,999
R_dipaxis_s0.1,660d9546,1,7406.420377934703,1000
R_dipaxis_s0.1,660d9546,2,4432.181908644702,1000
R_dipaxis_s0.1,660d9546,3,195745.55531967868,1000
R_dipaxis_s0.1,660d9546,4,38385.841872661105,733
R_dipaxis_s0.15,660d9546,0,4215.276537537729,999
R_dipaxis_s0.15,660d9546,1,6610.688246432197,1000
R_dipaxis_s0.15,660d9546,2,7586.468282353723,1000
R_dipaxis_s0.15,660d9546,3,148234.41378272377,1000
R_dipaxis_s0.15,660d9546,4,26197.687635184266,733
R_dipaxis_s0.2,660d9546,0,2766.861564638496,999
R_dipaxis_s0.2,660d9546,1,7830.790367949893,1000
R_dipaxis_s0.2,660d9546,2,13698.024468987136,1000
R_dipaxis_s0.2,660d9546,3,107652.16068124163,1000
R_dipaxis_s0.2,660d9546,4,18652.228815169914,733
R_dipaxis_s0.1,cf50c9d1,0,227596.72420859616,999
R_dipaxis_s0.1,cf50c9d1,1,737250.704034704,1000
R_dipaxis_s0.1,cf50c9d1,2,893469.6947549537,1000
R_dipaxis_s0.1,cf50c9d1,3,692390.6914945286,1000
R_dipaxis_s0.1,cf50c9d1,4,1149197.3343716261,859
R_dipaxis_s0.15,cf50c9d1,0,200432.14286409953,999
R_dipaxis_s0.15,cf50c9d1,1,638906.1526205514,1000
R_dipaxis_s0.15,cf50c9d1,2,784338.4480603249,1000
R_dipaxis_s0.15,cf50c9d1,3,589563.4737797052,1000
R_dipaxis_s0.15,cf50c9d1,4,974107.7133372161,859
R_dipaxis_s0.2,cf50c9d1,0,175003.88612040834,999
R_dipaxis_s0.2,cf50c9d1,1,547611.3178187392,1000
R_dipaxis_s0.2,cf50c9d1,2,682315.2692843078,1000
R_dipaxis_s0.2,cf50c9d1,3,495095.38575684273,1000
R_dipaxis_s0.2,cf50c9d1,4,813506.6906893456,859
R_dipaxis_s0.1,cb879f40,0,84600.90599378233,999
R_dipaxis_s0.1,cb879f40,1,78458.68887460242,1000
R_dipaxis_s0.1,cb879f40,2,28628.737304644354,1000
R_dipaxis_s0.1,cb879f40,3,39359.10508370914,1000
R_dipaxis_s0.1,cb879f40,4,129710.96552674987,1000
R_dipaxis_s0.1,cb879f40,5,61122.73912589655,1000
R_dipaxis_s0.1,cb879f40,6,12482.39710918256,316
R_dipaxis_s0.15,cb879f40,0,82559.58974991456,999
R_dipaxis_s0.15,cb879f40,1,86730.0850422442,1000
R_dipaxis_s0.15,cb879f40,2,13455.43387720361,1000
R_dipaxis_s0.15,cb879f40,3,21642.55237125423,1000
R_dipaxis_s0.15,cb879f40,4,173357.08486317183,1000
R_dipaxis_s0.15,cb879f40,5,83031.84830388593,1000
R_dipaxis_s0.15,cb879f40,6,4892.219527224883,316
R_dipaxis_s0.2,cb879f40,0,80552.96044553554,999
R_dipaxis_s0.2,cb879f40,1,97753.66479677714,1000
R_dipaxis_s0.2,cb879f40,2,5277.582796591098,1000
R_dipaxis_s0.2,cb879f40,3,10908.106955931167,1000
R_dipaxis_s0.2,cb879f40,4,224645.8182482894,1000
R_dipaxis_s0.2,cb879f40,5,115778.54632523679,1000
R_dipaxis_s0.2,cb879f40,6,1018.9951542368538,316
R_dipaxis_s0.1,ecdab904,0,170297.98344575966,999
R_dipaxis_s0.1,ecdab904,1,628279.8847544703,1000
R_dipaxis_s0.1,ecdab904,2,280102.3444022285,1000
R_dipaxis_s0.1,ecdab904,3,358122.8369525375,1000
R_dipaxis_s0.1,ecdab904,4,85057.86174046257,1000
R_dipaxis_s0.1,ecdab904,5,193848.1438833052,1000
R_dipaxis_s0.1,ecdab904,6,76426.82443358265,148
R_dipaxis_s0.15,ecdab904,0,160280.79512964468,999
R_dipaxis_s0.15,ecdab904,1,592656.0325532918,1000
R_dipaxis_s0.15,ecdab904,2,279453.7452194554,1000
R_dipaxis_s0.15,ecdab904,3,373817.9333701323,1000
R_dipaxis_s0.15,ecdab904,4,103451.6256566592,1000
R_dipaxis_s0.15,ecdab904,5,223577.22321431208,1000
R_dipaxis_s0.15,ecdab904,6,85099.33424818117,148
R_dipaxis_s0.2,ecdab904,0,150571.23542087286,999
R_dipaxis_s0.2,ecdab904,1,558093.816666517,1000
R_dipaxis_s0.2,ecdab904,2,278840.2985141009,1000
R_dipaxis_s0.2,ecdab904,3,390083.01424861985,1000
R_dipaxis_s0.2,ecdab904,4,123720.80747016962,1000
R_dipaxis_s0.2,ecdab904,5,255567.69527156066,1000
R_dipaxis_s0.2,ecdab904,6,94238.90062798542,148
R_dipaxis_s0.1,aa95015b,0,12085.576654923032,999
R_dipaxis_s0.1,aa95015b,1,150920.3687624367,1000
R_dipaxis_s0.1,aa95015b,2,165814.02313068288,1000
R_dipaxis_s0.1,aa95015b,3,52301.743405356996,1000
R_dipaxis_s0.1,aa95015b,4,6193.193935142134,301
R_dipaxis_s0.15,aa95015b,0,9864.30495500339,999
R_dipaxis_s0.15,aa95015b,1,124200.76515074822,1000
R_dipaxis_s0.15,aa95015b,2,131892.68562001744,1000
R_dipaxis_s0.15,aa95015b,3,33590.84307742124,1000
R_dipaxis_s0.15,aa95015b,4,3905.25583866008,301
R_dipaxis_s0.2,aa95015b,0,7938.532770163274,999
R_dipaxis_s0.2,aa95015b,1,100166.77024379214,1000
R_dipaxis_s0.2,aa95015b,2,102170.11819202006,1000
R_dipaxis_s0.2,aa95015b,3,19162.673695747242,1000
R_dipaxis_s0.2,aa95015b,4,2192.458366143613,301
R_dipaxis_s0.1,c9fedcf3,0,18597.81634679145,999
R_dipaxis_s0.1,c9fedcf3,1,98691.38258664876,1000
R_dipaxis_s0.1,c9fedcf3,2,37558.942223163474,1000
R_dipaxis_s0.1,c9fedcf3,3,45221.677726648944,518
R_dipaxis_s0.15,c9fedcf3,0,17027.442119420935,999
R_dipaxis_s0.15,c9fedcf3,1,97585.03194724438,1000
R_dipaxis_s0.15,c9fedcf3,2,40929.107930766346,1000
R_dipaxis_s0.15,c9fedcf3,3,46914.00691355147,518
R_dipaxis_s0.2,c9fedcf3,0,15550.28439154234,999
R_dipaxis_s0.2,c9fedcf3,1,96491.52921935935,1000
R_dipaxis_s0.2,c9fedcf3,2,44508.968969053974,1000
R_dipaxis_s0.2,c9fedcf3,3,48638.439382843455,518
R_dipaxis_s0.1,4a335117,0,377848.1839051404,999
R_dipaxis_s0.1,4a335117,1,602735.0751081705,1000
R_dipaxis_s0.1,4a335117,2,826467.3511177251,1000
R_dipaxis_s0.1,4a335117,3,198858.09292334024,1000
R_dipaxis_s0.1,4a335117,4,567086.5917826076,1000
R_dipaxis_s0.1,4a335117,5,28442.447587186532,16
R_dipaxis_s0.15,4a335117,0,339469.1903499534,999
R_dipaxis_s0.15,4a335117,1,545918.5628933676,1000
R_dipaxis_s0.15,4a335117,2,757997.2814589656,1000
R_dipaxis_s0.15,4a335117,3,181857.68986181438,1000
R_dipaxis_s0.15,4a335117,4,501761.73773616867,1000
R_dipaxis_s0.15,4a335117,5,25414.546439136368,16
R_dipaxis_s0.2,4a335117,0,303145.8571229393,999
R_dipaxis_s0.2,4a335117,1,491915.4785993191,1000
R_dipaxis_s0.2,4a335117,2,692506.1509218073,1000
R_dipaxis_s0.2,4a335117,3,165645.0294848316,1000
R_dipaxis_s0.2,4a335117,4,440495.90486457956,1000
R_dipaxis_s0.2,4a335117,5,22557.012229991007,16
R_dipaxis_s0.1,da940160,0,10351.414962887404,999
R_dipaxis_s0.1,da940160,1,23016.832286345103,1000
R_dipaxis_s0.1,da940160,2,125708.07782969397,1000
R_dipaxis_s0.1,da940160,3,172998.18642284223,1000
R_dipaxis_s0.1,da940160,4,73642.24250853508,1000
R_dipaxis_s0.1,da940160,5,7337.814181994077,133
R_dipaxis_s0.15,da940160,0,9531.537885158392,999
R_dipaxis_s0.15,da940160,1,20468.529413596872,1000
R_dipaxis_s0.15,da940160,2,105597.44457086264,1000
R_dipaxis_s0.15,da940160,3,138115.29152281012,1000
R_dipaxis_s0.15,da940160,4,43160.39248148833,1000
R_dipaxis_s0.15,da940160,5,3481.4347104047924,133
R_dipaxis_s0.2,da940160,0,8750.379301313367,999
R_dipaxis_s0.2,da940160,1,18089.668663567467,1000
R_dipaxis_s0.2,da940160,2,87273.43956290968,1000
R_dipaxis_s0.2,da940160,3,107525.44251513942,1000
R_dipaxis_s0.2,da940160,4,21017.380933562537,1000
R_dipaxis_s0.2,da940160,5,1052.0361970909155,133
R_dipaxis_s0.1,272abef3,0,637.9856809077717,999
R_dipaxis_s0.1,272abef3,1,124280.30596792359,1000
R_dipaxis_s0.1,272abef3,2,213329.89224497293,1000
R_dipaxis_s0.1,272abef3,3,23593.494492674163,1000
R_dipaxis_s0.1,272abef3,4,810.8861024309882,136
R_dipaxis_s0.15,272abef3,0,973.8718908018633,999
R_dipaxis_s0.15,272abef3,1,111465.25198405939,1000
R_dipaxis_s0.15,272abef3,2,198002.8274326467,1000
R_dipaxis_s0.15,272abef3,3,27966.636903931714,1000
R_dipaxis_s0.15,272abef3,4,1213.0257684955723,136
R_dipaxis_s0.2,272abef3,0,1464.97214698944,999
R_dipaxis_s0.2,272abef3,1,99523.17198831317,1000
R_dipaxis_s0.2,272abef3,2,183302.56206378323,1000
R_dipaxis_s0.2,272abef3,3,32833.49752513745,1000
R_dipaxis_s0.2,272abef3,4,1696.8588444596141,136
R_dipaxis_s0.1,a056d01e,0,1505.1022728037449,999
R_dipaxis_s0.1,a056d01e,1,6183.043789323951,1000
R_dipaxis_s0.1,a056d01e,2,4336.8281933669605,1000
R_dipaxis_s0.1,a056d01e,3,6581.319530233001,1000
R_dipaxis_s0.1,a056d01e,4,199760.46387418202,1000
R_dipaxis_s0.1,a056d01e,5,29898.259886714724,1000
R_dipaxis_s0.1,a056d01e,6,165419.50238543728,558
R_dipaxis_s0.15,a056d01e,0,1927.16632171959,999
R_dipaxis_s0.15,a056d01e,1,4829.30383879469,1000
R_dipaxis_s0.15,a056d01e,2,4030.3196006194753,1000
R_dipaxis_s0.15,a056d01e,3,6951.911262890536,1000
R_dipaxis_s0.15,a056d01e,4,203156.48317931508,1000
R_dipaxis_s0.15,a056d01e,5,30419.15634544794,1000
R_dipaxis_s0.15,a056d01e,6,135147.59655965402,558
R_dipaxis_s0.2,a056d01e,0,2417.3254123113065,999
R_dipaxis_s0.2,a056d01e,1,3657.6927248056336,1000
R_dipaxis_s0.2,a056d01e,2,3802.82174825177,1000
R_dipaxis_s0.2,a056d01e,3,7370.811340574505,1000
R_dipaxis_s0.2,a056d01e,4,206646.5124964681,1000
R_dipaxis_s0.2,a056d01e,5,32358.581014431784,1000
R_dipaxis_s0.2,a056d01e,6,108001.27688820493,558
R_dipaxis_s0.1,a4719920,0,45177.59239430347,999
R_dipaxis_s0.1,a4719920,1,54425.147397550536,1000
R_dipaxis_s0.1,a4719920,2,12007.738137642837,1000
R_dipaxis_s0.1,a4719920,3,9152.405743195342,1000
R_dipaxis_s0.1,a4719920,4,54508.397304892715,1000
R_dipaxis_s0.1,a4719920,5,58966.37388835955,885
R_dipaxis_s0.15,a4719920,0,38615.44203521285,999
R_dipaxis_s0.15,a4719920,1,47170.768846972736,1000
R_dipaxis_s0.15,a4719920,2,10822.320366476231,1000
R_dipaxis_s0.15,a4719920,3,9304.024088494853,1000
R_dipaxis_s0.15,a4719920,4,42996.65046980518,1000
R_dipaxis_s0.15,a4719920,5,54298.172393773784,885
R_dipaxis_s0.2,a4719920,0,32569.848005290336,999
R_dipaxis_s0.2,a4719920,1,40439.62986349693,1000
R_dipaxis_s0.2,a4719920,2,9840.757301984784,1000
R_dipaxis_s0.2,a4719920,3,9590.122316261062,1000
R_dipaxis_s0.2,a4719920,4,32874.92264303452,1000
R_dipaxis_s0.2,a4719920,5,49925.2840733478,885
R_dipaxis_s0.1,726f3dc2,0,139092.0120661497,999
R_dipaxis_s0.1,726f3dc2,1,40945.79678396579,1000
R_dipaxis_s0.1,726f3dc2,2,15132.572726002616,1000
R_dipaxis_s0.1,726f3dc2,3,62930.43095606894,1000
R_dipaxis_s0.1,726f3dc2,4,3629.95158068084,1000
R_dipaxis_s0.1,726f3dc2,5,14890.654764242661,1000
R_dipaxis_s0.1,726f3dc2,6,9601.492578224714,724
R_dipaxis_s0.15,726f3dc2,0,127290.76671541993,999
R_dipaxis_s0.15,726f3dc2,1,37216.825954132015,1000
R_dipaxis_s0.15,726f3dc2,2,14598.636834617564,1000
R_dipaxis_s0.15,726f3dc2,3,56811.97267049863,1000
R_dipaxis_s0.15,726f3dc2,4,3703.7916526014465,1000
R_dipaxis_s0.15,726f3dc2,5,18069.702525675275,1000
R_dipaxis_s0.15,726f3dc2,6,14669.644358521984,724
R_dipaxis_s0.2,726f3dc2,0,116013.88530882495,999
R_dipaxis_s0.2,726f3dc2,1,33697.33290975509,1000
R_dipaxis_s0.2,726f3dc2,2,14094.625940307518,1000
R_dipaxis_s0.2,726f3dc2,3,51011.92917586011,1000
R_dipaxis_s0.2,726f3dc2,4,3803.6688455756293,1000
R_dipaxis_s0.2,726f3dc2,5,21972.2881733162,1000
R_dipaxis_s0.2,726f3dc2,6,20924.13666627603,724
R_dipaxis_s0.1,5cb483ac,0,9127.611514936827,999
R_dipaxis_s0.1,5cb483ac,1,12933.99849866973,1000
R_dipaxis_s0.1,5cb483ac,2,82484.35002516447,1000
R_dipaxis_s0.1,5cb483ac,3,24300.52432725184,853
R_dipaxis_s0.15,5cb483ac,0,6847.435408566599,999
R_dipaxis_s0.15,5cb483ac,1,12143.756352700759,1000
R_dipaxis_s0.15,5cb483ac,2,77782.4153614312,1000
R_dipaxis_s0.15,5cb483ac,3,25534.38280470328,853
R_dipaxis_s0.2,5cb483ac,0,4917.379792968464,999
R_dipaxis_s0.2,5cb483ac,1,11482.995443193913,1000
R_dipaxis_s0.2,5cb483ac,2,73231.56224682649,1000
R_dipaxis_s0.2,5cb483ac,3,26828.110391374466,853
R_dipaxis_s0.1,5bd25f59,0,502.225104741421,999
R_dipaxis_s0.1,5bd25f59,1,11009.09774288394,1000
R_dipaxis_s0.1,5bd25f59,2,32976.259748228666,1000
R_dipaxis_s0.1,5bd25f59,3,55232.6329731441,1000
R_dipaxis_s0.1,5bd25f59,4,9286.696715761516,211
R_dipaxis_s0.15,5bd25f59,0,1245.171011715485,999
R_dipaxis_s0.15,5bd25f59,1,3986.61628847535,1000
R_dipaxis_s0.15,5bd25f59,2,79064.98213723591,1000
R_dipaxis_s0.15,5bd25f59,3,152895.73677760008,1000
R_dipaxis_s0.15,5bd25f59,4,35359.540688277084,211
R_dipaxis_s0.2,5bd25f59,0,3147.7307217581597,999
R_dipaxis_s0.2,5bd25f59,1,7816.463116830295,1000
R_dipaxis_s0.2,5bd25f59,2,146276.8164361706,1000
R_dipaxis_s0.2,5bd25f59,3,299638.1400606456,1000
R_dipaxis_s0.2,5bd25f59,4,78325.77777054902,211
R_dipaxis_s0.1,79507629,0,3569.3384954725616,999
R_dipaxis_s0.1,79507629,1,15312.351550707299,1000
R_dipaxis_s0.1,79507629,2,141587.53791548102,1000
R_dipaxis_s0.1,79507629,3,156506.53220772973,1000
R_dipaxis_s0.1,79507629,4,246573.98376958017,1000
R_dipaxis_s0.1,79507629,5,128468.45305068642,303
R_dipaxis_s0.15,79507629,0,2599.4762139813533,999
R_dipaxis_s0.15,79507629,1,12362.503222850724,1000
R_dipaxis_s0.15,79507629,2,124499.74697973886,1000
R_dipaxis_s0.15,79507629,3,136464.1436827897,1000
R_dipaxis_s0.15,79507629,4,227432.91200583443,1000
R_dipaxis_s0.15,79507629,5,121947.2049193481,303
R_dipaxis_s0.2,79507629,0,1828.3297796716054,999
R_dipaxis_s0.2,79507629,1,9764.000459521994,1000
R_dipaxis_s0.2,79507629,2,108594.34534834362,1000
R_dipaxis_s0.2,79507629,3,117842.69987198056,1000
R_dipaxis_s0.2,79507629,4,209082.20234306666,1000
R_dipaxis_s0.2,79507629,5,115596.20648355586,303
R_dipaxis_s0.1,f4d12d23,0,141708.15131618775,999
R_dipaxis_s0.1,f4d12d23,1,449083.5589498185,1000
R_dipaxis_s0.1,f4d12d23,2,352711.9275250173,1000
R_dipaxis_s0.1,f4d12d23,3,173740.28491180012,702
R_dipaxis_s0.15,f4d12d23,0,139308.52796560244,999
R_dipaxis_s0.15,f4d12d23,1,464734.3184685469,1000
R_dipaxis_s0.15,f4d12d23,2,390363.23922981083,1000
R_dipaxis_s0.15,f4d12d23,3,214858.22911255877,702
R_dipaxis_s0.2,f4d12d23,0,136941.96350922575,999
R_dipaxis_s0.2,f4d12d23,1,480696.59478315286,1000
R_dipaxis_s0.2,f4d12d23,2,430531.31952945644,1000
R_dipaxis_s0.2,f4d12d23,3,260351.50784321947,702
R_dipaxis_s0.1,3ef6372a,0,1705.5292773470849,999
R_dipaxis_s0.1,3ef6372a,1,54495.58747381019,1000
R_dipaxis_s0.1,3ef6372a,2,46297.983841704154,1000
R_dipaxis_s0.1,3ef6372a,3,36520.30814032277,1000
R_dipaxis_s0.1,3ef6372a,4,1051.1098073661412,728
R_dipaxis_s0.15,3ef6372a,0,1657.3275588239162,999
R_dipaxis_s0.15,3ef6372a,1,52903.387225196086,1000
R_dipaxis_s0.15,3ef6372a,2,49816.037645835335,1000
R_dipaxis_s0.15,3ef6372a,3,23613.69942809381,1000
R_dipaxis_s0.15,3ef6372a,4,5096.986812646461,728
R_dipaxis_s0.2,3ef6372a,0,1675.025402169938,999
R_dipaxis_s0.2,3ef6372a,1,51409.721086238205,1000
R_dipaxis_s0.2,3ef6372a,2,53940.72383882308,1000
R_dipaxis_s0.2,3ef6372a,3,15623.829794268573,1000
R_dipaxis_s0.2,3ef6372a,4,13253.519185657316,728
R_dipaxis_s0.1,18d24f7b,0,4220.147717707425,999
R_dipaxis_s0.1,18d24f7b,1,12558.761238204936,1000
R_dipaxis_s0.1,18d24f7b,2,20940.2717812363,1000
R_dipaxis_s0.1,18d24f7b,3,90017.71460588035,1000
R_dipaxis_s0.1,18d24f7b,4,61585.20271133916,559
R_dipaxis_s0.15,18d24f7b,0,3483.3207324520963,999
R_dipaxis_s0.15,18d24f7b,1,11993.631951270398,1000
R_dipaxis_s0.15,18d24f7b,2,16992.41212287255,1000
R_dipaxis_s0.15,18d24f7b,3,75838.68705675448,1000
R_dipaxis_s0.15,18d24f7b,4,50894.11400871245,559
R_dipaxis_s0.2,18d24f7b,0,2984.2848511238076,999
R_dipaxis_s0.2,18d24f7b,1,11462.505326976694,1000
R_dipaxis_s0.2,18d24f7b,2,13485.442765188049,1000
R_dipaxis_s0.2,18d24f7b,3,62888.67920625182,1000
R_dipaxis_s0.2,18d24f7b,4,41223.31333388978,559
R_dipaxis_s0.1,fa31da94,0,11373.894020083946,999
R_dipaxis_s0.1,fa31da94,1,39805.91721173462,1000
R_dipaxis_s0.1,fa31da94,2,14565.8684416231,1000
R_dipaxis_s0.1,fa31da94,3,130432.17667543834,1000
R_dipaxis_s0.1,fa31da94,4,132012.45845802597,1000
R_dipaxis_s0.1,fa31da94,5,2253.7520505812718,28
R_dipaxis_s0.15,fa31da94,0,8035.788287582787,999
R_dipaxis_s0.15,fa31da94,1,48323.01670771617,1000
R_dipaxis_s0.15,fa31da94,2,33556.657244043556,1000
R_dipaxis_s0.15,fa31da94,3,189541.6197539774,1000
R_dipaxis_s0.15,fa31da94,4,209105.43959620412,1000
R_dipaxis_s0.15,fa31da94,5,4440.069478262069,28
R_dipaxis_s0.2,fa31da94,0,5585.344460054319,999
R_dipaxis_s0.2,fa31da94,1,60276.08599710584,1000
R_dipaxis_s0.2,fa31da94,2,60822.8599008699,1000
R_dipaxis_s0.2,fa31da94,3,260082.48465972734,1000
R_dipaxis_s0.2,fa31da94,4,304764.3024404905,1000
R_dipaxis_s0.2,fa31da94,5,7360.67510753616,28
R_dipaxis_s0.1,cdc31d65,0,36638.806241989354,999
R_dipaxis_s0.1,cdc31d65,1,200228.21325082149,1000
R_dipaxis_s0.1,cdc31d65,2,14790.702608689598,1000
R_dipaxis_s0.1,cdc31d65,3,17067.022662834715,1000
R_dipaxis_s0.1,cdc31d65,4,11727.427684183938,841
R_dipaxis_s0.15,cdc31d65,0,34651.34890053568,999
R_dipaxis_s0.15,cdc31d65,1,200496.7947220961,1000
R_dipaxis_s0.15,cdc31d65,2,20057.809459780092,1000
R_dipaxis_s0.15,cdc31d65,3,26782.39809200697,1000
R_dipaxis_s0.15,cdc31d65,4,15469.952644442877,841
R_dipaxis_s0.2,cdc31d65,0,32720.5418174494,999
R_dipaxis_s0.2,cdc31d65,1,201061.78432394718,1000
R_dipaxis_s0.2,cdc31d65,2,27446.878108700897,1000
R_dipaxis_s0.2,cdc31d65,3,38750.99681968258,1000
R_dipaxis_s0.2,cdc31d65,4,22662.474783480422,841
R_dipaxis_s0.1,c50b42f6,0,53833.97333673967,999
R_dipaxis_s0.1,c50b42f6,1,53310.53785953016,1000
R_dipaxis_s0.1,c50b42f6,2,4960.427833881968,1000
R_dipaxis_s0.1,c50b42f6,3,129702.00115034936,1000
R_dipaxis_s0.1,c50b42f6,4,347463.15951202926,1000
R_dipaxis_s0.1,c50b42f6,5,100841.83277258746,1000
R_dipaxis_s0.1,c50b42f6,6,5943.765873425791,15
R_dipaxis_s0.15,c50b42f6,0,56005.27801784458,999
R_dipaxis_s0.15,c50b42f6,1,61273.778675438974,1000
R_dipaxis_s0.15,c50b42f6,2,1639.033781143575,1000
R_dipaxis_s0.15,c50b42f6,3,179268.8078876722,1000
R_dipaxis_s0.15,c50b42f6,4,440013.0002179564,1000
R_dipaxis_s0.15,c50b42f6,5,175221.75087285426,1000
R_dipaxis_s0.15,c50b42f6,6,7944.748243885331,15
R_dipaxis_s0.2,c50b42f6,0,58300.73324077515,999
R_dipaxis_s0.2,c50b42f6,1,70499.72781544448,1000
R_dipaxis_s0.2,c50b42f6,2,5117.545015283906,1000
R_dipaxis_s0.2,c50b42f6,3,239164.52799976218,1000
R_dipaxis_s0.2,c50b42f6,4,550168.621723833,1000
R_dipaxis_s0.2,c50b42f6,5,279791.151415773,1000
R_dipaxis_s0.2,c50b42f6,6,10235.621370175864,15
R_dipaxis_s0.1,19871e7f,0,3684.812966874884,999
R_dipaxis_s0.1,19871e7f,1,12157.581477707276,1000
R_dipaxis_s0.1,19871e7f,2,40281.820997787705,1000
R_dipaxis_s0.1,19871e7f,3,43310.312285536034,1000
R_dipaxis_s0.1,19871e7f,4,46346.272948199105,1000
R_dipaxis_s0.1,19871e7f,5,12990.81163244235,294
R_dipaxis_s0.15,19871e7f,0,3785.2118848091686,999
R_dipaxis_s0.15,19871e7f,1,11958.9931550486,1000
R_dipaxis_s0.15,19871e7f,2,37456.67154467139,1000
R_dipaxis_s0.15,19871e7f,3,45372.368537371854,1000
R_dipaxis_s0.15,19871e7f,4,50462.05405771869,1000
R_dipaxis_s0.15,19871e7f,5,14025.763781265845,294
R_dipaxis_s0.2,19871e7f,0,3888.607259074864,999
R_dipaxis_s0.2,19871e7f,1,11773.407324715476,1000
R_dipaxis_s0.2,19871e7f,2,34843.14192354995,1000
R_dipaxis_s0.2,19871e7f,3,47497.19076191838,1000
R_dipaxis_s0.2,19871e7f,4,54755.8227575181,1000
R_dipaxis_s0.2,19871e7f,5,15101.014118490564,294
R_dipaxis_s0.1,8cc21f01,0,11534.890275039837,999
R_dipaxis_s0.1,8cc21f01,1,68697.78598835393,1000
R_dipaxis_s0.1,8cc21f01,2,10156.260586756563,1000
R_dipaxis_s0.1,8cc21f01,3,4631.565319231031,1000
R_dipaxis_s0.1,8cc21f01,4,50.585479283677024,45
R_dipaxis_s0.15,8cc21f01,0,13248.00658962441,999
R_dipaxis_s0.15,8cc21f01,1,57647.837249029624,1000
R_dipaxis_s0.15,8cc21f01,2,8049.894554790673,1000
R_dipaxis_s0.15,8cc21f01,3,12147.188289410278,1000
R_dipaxis_s0.15,8cc21f01,4,9.36623337664754,45
R_dipaxis_s0.2,8cc21f01,0,15138.513022252713,999
R_dipaxis_s0.2,8cc21f01,1,47754.277454032985,1000
R_dipaxis_s0.2,8cc21f01,2,9543.198605926525,1000
R_dipaxis_s0.2,8cc21f01,3,23871.28579996467,1000
R_dipaxis_s0.2,8cc21f01,4,169.89183043692913,45
R_dipaxis_s0.1,e7818f7a,0,40599.308753820405,999
R_dipaxis_s0.1,e7818f7a,1,83367.2970407416,1000
R_dipaxis_s0.1,e7818f7a,2,49599.735216261906,1000
R_dipaxis_s0.1,e7818f7a,3,73494.71538119676,1000
R_dipaxis_s0.1,e7818f7a,4,167754.99558929473,1000
R_dipaxis_s0.1,e7818f7a,5,5512.295801669391,372
R_dipaxis_s0.15,e7818f7a,0,40542.8655871386,999
R_dipaxis_s0.15,e7818f7a,1,86653.71051004242,1000
R_dipaxis_s0.15,e7818f7a,2,74517.73133984566,1000
R_dipaxis_s0.15,e7818f7a,3,117200.3754669924,1000
R_dipaxis_s0.15,e7818f7a,4,257198.26268463093,1000
R_dipaxis_s0.15,e7818f7a,5,20460.337882352575,372
R_dipaxis_s0.2,e7818f7a,0,40489.837358064484,999
R_dipaxis_s0.2,e7818f7a,1,90668.84511196818,1000
R_dipaxis_s0.2,e7818f7a,2,104528.96534039927,1000
R_dipaxis_s0.2,e7818f7a,3,171609.201182921,1000
R_dipaxis_s0.2,e7818f7a,4,366666.412713765,1000
R_dipaxis_s0.2,e7818f7a,5,47585.73318293423,372
R_dipaxis_s0.1,d543916f,0,6320.958581337732,999
R_dipaxis_s0.1,d543916f,1,2569.4595327472243,1000
R_dipaxis_s0.1,d543916f,2,179874.06651394852,1000
R_dipaxis_s0.1,d543916f,3,267135.7213522748,1000
R_dipaxis_s0.1,d543916f,4,37851.04082981079,800
R_dipaxis_s0.15,d543916f,0,5261.069891146509,999
R_dipaxis_s0.15,d543916f,1,2700.181142033678,1000
R_dipaxis_s0.15,d543916f,2,176225.9586570652,1000
R_dipaxis_s0.15,d543916f,3,266458.5476154051,1000
R_dipaxis_s0.15,d543916f,4,41017.988671519495,800
R_dipaxis_s0.2,d543916f,0,4309.803313715104,999
R_dipaxis_s0.2,d543916f,1,2932.857779928698,1000
R_dipaxis_s0.2,d543916f,2,172648.6537576074,1000
R_dipaxis_s0.2,d543916f,3,265813.22583653126,1000
R_dipaxis_s0.2,d543916f,4,44332.84226442844,800
R_dipaxis_s0.1,3aaa2b30,0,18619.640748641254,999
R_dipaxis_s0.1,3aaa2b30,1,151709.76531827537,1000
R_dipaxis_s0.1,3aaa2b30,2,138797.2322953035,1000
R_dipaxis_s0.1,3aaa2b30,3,390331.6108376814,1000
R_dipaxis_s0.1,3aaa2b30,4,317649.3940492066,712
R_dipaxis_s0.15,3aaa2b30,0,16056.505262855468,999
R_dipaxis_s0.15,3aaa2b30,1,126454.55382198626,1000
R_dipaxis_s0.15,3aaa2b30,2,107703.40418004438,1000
R_dipaxis_s0.15,3aaa2b30,3,319436.9690104611,1000
R_dipaxis_s0.15,3aaa2b30,4,261803.0683417286,712
R_dipaxis_s0.2,3aaa2b30,0,13713.871370332265,999
R_dipaxis_s0.2,3aaa2b30,1,103522.46502207211,1000
R_dipaxis_s0.2,3aaa2b30,2,80590.85052284245,1000
R_dipaxis_s0.2,3aaa2b30,3,255816.6860858614,1000
R_dipaxis_s0.2,3aaa2b30,4,211380.07081285852,712
R_dipaxis_s0.1,fbd68d27,0,70932.66470333264,999
R_dipaxis_s0.1,fbd68d27,1,58170.012436802055,1000
R_dipaxis_s0.1,fbd68d27,2,307863.0429270793,1000
R_dipaxis_s0.1,fbd68d27,3,835905.8181292126,1000
R_dipaxis_s0.1,fbd68d27,4,442358.7948301426,1000
R_dipaxis_s0.1,fbd68d27,5,549726.6951097632,1000
R_dipaxis_s0.1,fbd68d27,6,420453.31499664654,830
R_dipaxis_s0.15,fbd68d27,0,62413.45894534138,999
R_dipaxis_s0.15,fbd68d27,1,48061.94765148526,1000
R_dipaxis_s0.15,fbd68d27,2,270619.88439505844,1000
R_dipaxis_s0.15,fbd68d27,3,743627.6755089964,1000
R_dipaxis_s0.15,fbd68d27,4,399059.2054967306,1000
R_dipaxis_s0.15,fbd68d27,5,491784.01867524453,1000
R_dipaxis_s0.15,fbd68d27,6,372258.6871515365,830
R_dipaxis_s0.2,fbd68d27,0,54494.290214237975,999
R_dipaxis_s0.2,fbd68d27,1,38932.29989701861,1000
R_dipaxis_s0.2,fbd68d27,2,235793.69209932108,1000
R_dipaxis_s0.2,fbd68d27,3,656758.4423988783,1000
R_dipaxis_s0.2,fbd68d27,4,357992.98789764725,1000
R_dipaxis_s0.2,fbd68d27,5,437068.3222144424,1000
R_dipaxis_s0.2,fbd68d27,6,326997.16344412486,830
R_dipaxis_s0.1,28473855,0,3006.028846302887,999
R_dipaxis_s0.1,28473855,1,2332.3601620629947,1000
R_dipaxis_s0.1,28473855,2,9188.535405512697,1000
R_dipaxis_s0.1,28473855,3,21811.681477782437,1000
R_dipaxis_s0.1,28473855,4,28062.748762598283,291
R_dipaxis_s0.15,28473855,0,2600.2288626836366,999
R_dipaxis_s0.15,28473855,1,1116.0469842615591,1000
R_dipaxis_s0.15,28473855,2,7366.884386419986,1000
R_dipaxis_s0.15,28473855,3,19480.49762275333,1000
R_dipaxis_s0.15,28473855,4,24174.482097040705,291
R_dipaxis_s0.2,28473855,0,2298.13230788376,999
R_dipaxis_s0.2,28473855,1,521.763333904019,1000
R_dipaxis_s0.2,28473855,2,5922.616952760278,1000
R_dipaxis_s0.2,28473855,3,17388.012771777674,1000
R_dipaxis_s0.2,28473855,4,20594.21726691366,291
R_dipaxis_s0.1,c66be2b8,0,4272.977325643941,999
R_dipaxis_s0.1,c66be2b8,1,22004.82077496105,1000
R_dipaxis_s0.1,c66be2b8,2,466634.2137993437,1000
R_dipaxis_s0.1,c66be2b8,3,1003832.7121637788,1000
R_dipaxis_s0.1,c66be2b8,4,105788.01196567551,155
R_dipaxis_s0.15,c66be2b8,0,5284.404859253476,999
R_dipaxis_s0.15,c66be2b8,1,26001.813714918324,1000
R_dipaxis_s0.15,c66be2b8,2,408723.61022711586,1000
R_dipaxis_s0.15,c66be2b8,3,871270.0119116522,1000
R_dipaxis_s0.15,c66be2b8,4,90259.21848010068,155
R_dipaxis_s0.2,c66be2b8,0,6854.641073388609,999
R_dipaxis_s0.2,c66be2b8,1,30827.049323192045,1000
R_dipaxis_s0.2,c66be2b8,2,354673.7139736314,1000
R_dipaxis_s0.2,c66be2b8,3,748119.0704035267,1000
R_dipaxis_s0.2,c66be2b8,4,75962.62461558622,155
R_dipaxis_s0.1,82aab6d2,0,243749.30328456947,999
R_dipaxis_s0.1,82aab6d2,1,232849.62060392546,1000
R_dipaxis_s0.1,82aab6d2,2,324309.2561815961,1000
R_dipaxis_s0.1,82aab6d2,3,150747.06182489594,1000
R_dipaxis_s0.1,82aab6d2,4,23022.9377906112,1000
R_dipaxis_s0.1,82aab6d2,5,86132.38842898405,1000
R_dipaxis_s0.1,82aab6d2,6,13316.241813504288,141
R_dipaxis_s0.15,82aab6d2,0,220439.80236993928,999
R_dipaxis_s0.15,82aab6d2,1,197864.0162383337,1000
R_dipaxis_s0.15,82aab6d2,2,268332.77928266564,1000
R_dipaxis_s0.15,82aab6d2,3,97318.46638398698,1000
R_dipaxis_s0.15,82aab6d2,4,10756.127250665008,1000
R_dipaxis_s0.15,82aab6d2,5,50099.842546158965,1000
R_dipaxis_s0.15,82aab6d2,6,8271.734139743061,141
R_dipaxis_s0.2,82aab6d2,0,198311.8886507092,999
R_dipaxis_s0.2,82aab6d2,1,165743.94482771444,1000
R_dipaxis_s0.2,82aab6d2,2,218301.29389059005,1000
R_dipaxis_s0.2,82aab6d2,3,55589.73880751424,1000
R_dipaxis_s0.2,82aab6d2,4,7413.2487205532125,1000
R_dipaxis_s0.2,82aab6d2,5,24599.262365127874,1000
R_dipaxis_s0.2,82aab6d2,6,4422.726745639874,141
R_dipaxis_s0.1,044af7d1,0,82061.61237481631,999
R_dipaxis_s0.1,044af7d1,1,48472.63606159559,1000
R_dipaxis_s0.1,044af7d1,2,4544.84052529525,1000
R_dipaxis_s0.1,044af7d1,3,137765.38510902843,1000
R_dipaxis_s0.1,044af7d1,4,112713.34017654303,520
R_dipaxis_s0.15,044af7d1,0,78650.6221219761,999
R_dipaxis_s0.15,044af7d1,1,44802.87409088233,1000
R_dipaxis_s0.15,044af7d1,2,4265.368376351857,1000
R_dipaxis_s0.15,044af7d1,3,127409.55100246867,1000
R_dipaxis_s0.15,044af7d1,4,104683.45468966135,520
R_dipaxis_s0.2,044af7d1,0,75334.19767563464,999
R_dipaxis_s0.2,044af7d1,1,41289.380252492694,1000
R_dipaxis_s0.2,044af7d1,2,4003.5355863470318,1000
R_dipaxis_s0.2,044af7d1,3,117464.78972185506,1000
R_dipaxis_s0.2,044af7d1,4,96977.7071526745,520
R_dipaxis_s0.1,d24ff243,0,46481.889851140346,999
R_dipaxis_s0.1,d24ff243,1,25083.053828785916,1000
R_dipaxis_s0.1,d24ff243,2,3026.871589164966,1000
R_dipaxis_s0.1,d24ff243,3,18736.492136940047,1000
R_dipaxis_s0.1,d24ff243,4,40552.80209278108,1000
R_dipaxis_s0.1,d24ff243,5,29232.17740436359,642
R_dipaxis_s0.15,d24ff243,0,49378.28078434095,999
R_dipaxis_s0.15,d24ff243,1,36545.37088754227,1000
R_dipaxis_s0.15,d24ff243,2,6205.355716937497,1000
R_dipaxis_s0.15,d24ff243,3,44299.70935627455,1000
R_dipaxis_s0.15,d24ff243,4,90427.07164445664,1000
R_dipaxis_s0.15,d24ff243,5,74685.68773983039,642
R_dipaxis_s0.2,d24ff243,0,52391.23515596108,999
R_dipaxis_s0.2,d24ff243,1,51843.843442539925,1000
R_dipaxis_s0.2,d24ff243,2,15163.310700170456,1000
R_dipaxis_s0.2,d24ff243,3,80930.68937618508,1000
R_dipaxis_s0.2,d24ff243,4,160209.4158996529,1000
R_dipaxis_s0.2,d24ff243,5,141506.33896415224,642
R_dipaxis_s0.1,e03b45fd,0,9428.64477188508,999
R_dipaxis_s0.1,e03b45fd,1,177551.8966075544,1000
R_dipaxis_s0.1,e03b45fd,2,720939.87382496,1000
R_dipaxis_s0.1,e03b45fd,3,35142.096924319725,1000
R_dipaxis_s0.1,e03b45fd,4,425492.5599808141,1000
R_dipaxis_s0.1,e03b45fd,5,90534.0197538349,343
R_dipaxis_s0.15,e03b45fd,0,11168.83525674424,999
R_dipaxis_s0.15,e03b45fd,1,199445.1020771445,1000
R_dipaxis_s0.15,e03b45fd,2,808557.235916353,1000
R_dipaxis_s0.15,e03b45fd,3,21448.72378083747,1000
R_dipaxis_s0.15,e03b45fd,4,602732.0885214473,1000
R_dipaxis_s0.15,e03b45fd,5,47767.337874208875,343
R_dipaxis_s0.2,e03b45fd,0,13102.932074215614,999
R_dipaxis_s0.2,e03b45fd,1,223457.29192394982,1000
R_dipaxis_s0.2,e03b45fd,2,906687.490393706,1000
R_dipaxis_s0.2,e03b45fd,3,49531.54230025107,1000
R_dipaxis_s0.2,e03b45fd,4,816164.2078955745,1000
R_dipaxis_s0.2,e03b45fd,5,24348.958156880606,343
R_dipaxis_s0.1,1770d7c6,0,4552.056231470545,999
R_dipaxis_s0.1,1770d7c6,1,103358.93133791543,1000
R_dipaxis_s0.1,1770d7c6,2,227368.1695347597,1000
R_dipaxis_s0.1,1770d7c6,3,246022.61807553362,1000
R_dipaxis_s0.1,1770d7c6,4,242009.24533555657,1000
R_dipaxis_s0.1,1770d7c6,5,56045.23672997348,1000
R_dipaxis_s0.1,1770d7c6,6,35770.06383855512,1000
R_dipaxis_s0.1,1770d7c6,7,12771.20391350132,241
R_dipaxis_s0.15,1770d7c6,0,3739.192567647986,999
R_dipaxis_s0.15,1770d7c6,1,87536.13986042881,1000
R_dipaxis_s0.15,1770d7c6,2,205174.01207327697,1000
R_dipaxis_s0.15,1770d7c6,3,225298.31253149622,1000
R_dipaxis_s0.15,1770d7c6,4,227825.06031238683,1000
R_dipaxis_s0.15,1770d7c6,5,53305.164471407516,1000
R_dipaxis_s0.15,1770d7c6,6,32609.101449311926,1000
R_dipaxis_s0.15,1770d7c6,7,12059.45127605519,241
R_dipaxis_s0.2,1770d7c6,0,3010.3930841207325,999
R_dipaxis_s0.2,1770d7c6,1,73028.66271865148,1000
R_dipaxis_s0.2,1770d7c6,2,184180.64272589269,1000
R_dipaxis_s0.2,1770d7c6,3,205488.99459959593,1000
R_dipaxis_s0.2,1770d7c6,4,214074.0748619259,1000
R_dipaxis_s0.2,1770d7c6,5,50637.71776380819,1000
R_dipaxis_s0.2,1770d7c6,6,29606.163254386163,1000
R_dipaxis_s0.2,1770d7c6,7,11368.146209143322,241
R_dipaxis_s0.1,a79fd2e7,0,52158.270134585095,999
R_dipaxis_s0.1,a79fd2e7,1,184825.9267668729,1000
R_dipaxis_s0.1,a79fd2e7,2,26015.28955377863,1000
R_dipaxis_s0.1,a79fd2e7,3,215790.4171482174,1000
R_dipaxis_s0.1,a79fd2e7,4,1699.4455821783927,405
R_dipaxis_s0.15,a79fd2e7,0,48689.786010688986,999
R_dipaxis_s0.15,a79fd2e7,1,175323.55289434848,1000
R_dipaxis_s0.15,a79fd2e7,2,20502.045122828564,1000
R_dipaxis_s0.15,a79fd2e7,3,158211.96093939015,1000
R_dipaxis_s0.15,a79fd2e7,4,4053.116937053393,405
R_dipaxis_s0.2,a79fd2e7,0,45383.53202600054,999
R_dipaxis_s0.2,a79fd2e7,1,166078.3417845147,1000
R_dipaxis_s0.2,a79fd2e7,2,16389.84138665214,1000
R_dipaxis_s0.2,a79fd2e7,3,109984.99820860664,1000
R_dipaxis_s0.2,a79fd2e7,4,10718.99473445213,405
R_dipaxis_s0.1,00bbac68,0,23198.332484958984,999
R_dipaxis_s0.1,00bbac68,1,63083.93354165132,1000
R_dipaxis_s0.1,00bbac68,2,111781.48963702007,1000
R_dipaxis_s0.1,00bbac68,3,10650.049830172671,1000
R_dipaxis_s0.1,00bbac68,4,672368.1581412578,1000
R_dipaxis_s0.1,00bbac68,5,489654.60543033783,1000
R_dipaxis_s0.1,00bbac68,6,1164.6046998349684,15
R_dipaxis_s0.15,00bbac68,0,20027.479309862963,999
R_dipaxis_s0.15,00bbac68,1,56152.647782087304,1000
R_dipaxis_s0.15,00bbac68,2,98475.66008107743,1000
R_dipaxis_s0.15,00bbac68,3,7333.238140075399,1000
R_dipaxis_s0.15,00bbac68,4,675828.5452582582,1000
R_dipaxis_s0.15,00bbac68,5,503537.19629030774,1000
R_dipaxis_s0.15,00bbac68,6,1420.4112284759137,15
R_dipaxis_s0.2,00bbac68,0,17092.475256380505,999
R_dipaxis_s0.2,00bbac68,1,49627.242868927555,1000
R_dipaxis_s0.2,00bbac68,2,86013.21917549225,1000
R_dipaxis_s0.2,00bbac68,3,5356.441479853759,1000
R_dipaxis_s0.2,00bbac68,4,679580.9690061837,1000
R_dipaxis_s0.2,00bbac68,5,517901.52161348605,1000
R_dipaxis_s0.2,00bbac68,6,1701.605209599239,15
R_dipaxis_s0.1,12203f2a,0,27129.75655859455,999
R_dipaxis_s0.1,12203f2a,1,193825.29983375978,1000
R_dipaxis_s0.1,12203f2a,2,199805.8009644848,1000
R_dipaxis_s0.1,12203f2a,3,8228.82044530989,262
R_dipaxis_s0.15,12203f2a,0,22054.71064831871,999
R_dipaxis_s0.15,12203f2a,1,158833.31421731494,1000
R_dipaxis_s0.15,12203f2a,2,160605.33865178426,1000
R_dipaxis_s0.15,12203f2a,3,6283.493096898549,262
R_dipaxis_s0.2,12203f2a,0,17526.672411661333,999
R_dipaxis_s0.2,12203f2a,1,127333.8320786524,1000
R_dipaxis_s0.2,12203f2a,2,125756.47534245164,1000
R_dipaxis_s0.2,12203f2a,3,4688.012934442338,262
R_dipaxis_s0.1,d463e527,0,8928.972387583108,999
R_dipaxis_s0.1,d463e527,1,17630.544992139796,1000
R_dipaxis_s0.1,d463e527,2,50814.36036633475,1000
R_dipaxis_s0.1,d463e527,3,130140.2838658445,1000
R_dipaxis_s0.1,d463e527,4,147486.35533407453,768
R_dipaxis_s0.15,d463e527,0,9500.377669029234,999
R_dipaxis_s0.15,d463e527,1,17469.81961745507,1000
R_dipaxis_s0.15,d463e527,2,47207.1404120194,1000
R_dipaxis_s0.15,d463e527,3,134557.33350466206,1000
R_dipaxis_s0.15,d463e527,4,149066.1149679226,768
R_dipaxis_s0.2,d463e527,0,10095.806708914051,999
R_dipaxis_s0.2,d463e527,1,17444.714528937428,1000
R_dipaxis_s0.2,d463e527,2,44083.92899938089,1000
R_dipaxis_s0.2,d463e527,3,139064.96754740097,1000
R_dipaxis_s0.2,d463e527,4,150725.78214630182,768
R_dipaxis_s0.1,b0d42b0d,0,313812.3413846339,999
R_dipaxis_s0.1,b0d42b0d,1,636537.4720531108,1000
R_dipaxis_s0.1,b0d42b0d,2,605231.6031062838,1000
R_dipaxis_s0.1,b0d42b0d,3,523183.9956610032,1000
R_dipaxis_s0.1,b0d42b0d,4,107345.88444962243,972
R_dipaxis_s0.15,b0d42b0d,0,316195.69757833204,999
R_dipaxis_s0.15,b0d42b0d,1,651503.3290303984,1000
R_dipaxis_s0.15,b0d42b0d,2,632743.3022608764,1000
R_dipaxis_s0.15,b0d42b0d,3,576888.6245667995,1000
R_dipaxis_s0.15,b0d42b0d,4,146549.66339543497,972
R_dipaxis_s0.2,b0d42b0d,0,318594.1036396141,999
R_dipaxis_s0.2,b0d42b0d,1,666669.8019415087,1000
R_dipaxis_s0.2,b0d42b0d,2,661090.5071164336,1000
R_dipaxis_s0.2,b0d42b0d,3,633629.8065561323,1000
R_dipaxis_s0.2,b0d42b0d,4,194237.5528885829,972
R_dipaxis_s0.1,38991fd4,0,38260.19534736413,999
R_dipaxis_s0.1,38991fd4,1,22739.78300836166,1000
R_dipaxis_s0.1,38991fd4,2,95367.18619086847,1000
R_dipaxis_s0.1,38991fd4,3,416878.33698967984,1000
R_dipaxis_s0.1,38991fd4,4,128858.9761272631,799
R_dipaxis_s0.15,38991fd4,0,30806.61177297763,999
R_dipaxis_s0.15,38991fd4,1,15514.231822341264,1000
R_dipaxis_s0.15,38991fd4,2,71167.5347921353,1000
R_dipaxis_s0.15,38991fd4,3,344157.3107686197,1000
R_dipaxis_s0.15,38991fd4,4,91464.26531532875,799
R_dipaxis_s0.2,38991fd4,0,24181.917499876836,999
R_dipaxis_s0.2,38991fd4,1,9856.767242851345,1000
R_dipaxis_s0.2,38991fd4,2,50602.38443061854,1000
R_dipaxis_s0.2,38991fd4,3,278466.46367028495,1000
R_dipaxis_s0.2,38991fd4,4,61094.74181967686,799
R_dipaxis_s0.1,1b08ed48,0,14241.020135937128,999
R_dipaxis_s0.1,1b08ed48,1,20629.62188608046,1000
R_dipaxis_s0.1,1b08ed48,2,185101.19383628693,1000
R_dipaxis_s0.1,1b08ed48,3,214173.20608756001,1000
R_dipaxis_s0.1,1b08ed48,4,273845.2821305315,1000
R_dipaxis_s0.1,1b08ed48,5,121393.4340672656,619
R_dipaxis_s0.15,1b08ed48,0,13710.57512331925,999
R_dipaxis_s0.15,1b08ed48,1,21898.087763966094,1000
R_dipaxis_s0.15,1b08ed48,2,181210.06181353933,1000
R_dipaxis_s0.15,1b08ed48,3,215671.22728937372,1000
R_dipaxis_s0.15,1b08ed48,4,288016.7429402358,1000
R_dipaxis_s0.15,1b08ed48,5,131409.228743234,619
R_dipaxis_s0.2,1b08ed48,0,13202.290390310021,999
R_dipaxis_s0.2,1b08ed48,1,23227.283765080854,1000
R_dipaxis_s0.2,1b08ed48,2,177375.51546352694,1000
R_dipaxis_s0.2,1b08ed48,3,217256.09182987182,1000
R_dipaxis_s0.2,1b08ed48,4,302561.03257956344,1000
R_dipaxis_s0.2,1b08ed48,5,141840.04911408946,619
R_dipaxis_s0.1,6d1d74e1,0,109811.1749373637,999
R_dipaxis_s0.1,6d1d74e1,1,54156.93500999021,1000
R_dipaxis_s0.1,6d1d74e1,2,9316.892817458769,1000
R_dipaxis_s0.1,6d1d74e1,3,48399.178477072375,1000
R_dipaxis_s0.1,6d1d74e1,4,303892.3904118703,1000
R_dipaxis_s0.1,6d1d74e1,5,693355.8062001625,831
R_dipaxis_s0.15,6d1d74e1,0,99916.66376950157,999
R_dipaxis_s0.15,6d1d74e1,1,45291.70018586228,1000
R_dipaxis_s0.15,6d1d74e1,2,12582.1193471284,1000
R_dipaxis_s0.15,6d1d74e1,3,71673.85370013952,1000
R_dipaxis_s0.15,6d1d74e1,4,391859.40339513955,1000
R_dipaxis_s0.15,6d1d74e1,5,851074.8039166225,831
R_dipaxis_s0.2,6d1d74e1,0,90510.11691060878,999
R_dipaxis_s0.2,6d1d74e1,1,37636.84664231696,1000
R_dipaxis_s0.2,6d1d74e1,2,17638.019324091063,1000
R_dipaxis_s0.2,6d1d74e1,3,99716.76961289426,1000
R_dipaxis_s0.2,6d1d74e1,4,492599.44072996575,1000
R_dipaxis_s0.2,6d1d74e1,5,1025051.0542106706,831
R_dipaxis_s0.1,647f2a41,0,2429.7219080536947,999
R_dipaxis_s0.1,647f2a41,1,12448.327954828066,1000
R_dipaxis_s0.1,647f2a41,2,4643.755118523774,1000
R_dipaxis_s0.1,647f2a41,3,145422.68045264125,882
R_dipaxis_s0.15,647f2a41,0,2162.333838864448,999
R_dipaxis_s0.15,647f2a41,1,11661.529610637883,1000
R_dipaxis_s0.15,647f2a41,2,3297.2214816477945,1000
R_dipaxis_s0.15,647f2a41,3,148180.6175270934,882
R_dipaxis_s0.2,647f2a41,0,1912.6421208643644,999
R_dipaxis_s0.2,647f2a41,1,10909.294852044803,1000
R_dipaxis_s0.2,647f2a41,2,2424.3505473464456,1000
R_dipaxis_s0.2,647f2a41,3,151106.89450030008,882
R_dipaxis_s0.1,a85bb86f,0,34235.2465617414,999
R_dipaxis_s0.1,a85bb86f,1,112901.6006796202,1000
R_dipaxis_s0.1,a85bb86f,2,25131.483715615734,1000
R_dipaxis_s0.1,a85bb86f,3,427.5354835102407,100
R_dipaxis_s0.15,a85bb86f,0,30556.285931840535,999
R_dipaxis_s0.15,a85bb86f,1,106058.04076774954,1000
R_dipaxis_s0.15,a85bb86f,2,27311.83246840145,1000
R_dipaxis_s0.15,a85bb86f,3,1051.482332374092,100
R_dipaxis_s0.2,a85bb86f,0,27091.75082809129,999
R_dipaxis_s0.2,a85bb86f,1,99434.4523880941,1000
R_dipaxis_s0.2,a85bb86f,2,30111.147284507213,1000
R_dipaxis_s0.2,a85bb86f,3,1955.5506193104882,100
R_dipaxis_s0.1,a612d5a0,0,83361.02942695546,999
R_dipaxis_s0.1,a612d5a0,1,366222.5653438897,1000
R_dipaxis_s0.1,a612d5a0,2,380565.47046851297,1000
R_dipaxis_s0.1,a612d5a0,3,669010.8370560491,1000
R_dipaxis_s0.1,a612d5a0,4,318887.584029663,1000
R_dipaxis_s0.1,a612d5a0,5,92688.9730391847,330
R_dipaxis_s0.15,a612d5a0,0,77352.75530277602,999
R_dipaxis_s0.15,a612d5a0,1,348638.59090129565,1000
R_dipaxis_s0.15,a612d5a0,2,372201.9804712368,1000
R_dipaxis_s0.15,a612d5a0,3,653836.6287778958,1000
R_dipaxis_s0.15,a612d5a0,4,329359.00086857006,1000
R_dipaxis_s0.15,a612d5a0,5,98959.95494030218,330
R_dipaxis_s0.2,a612d5a0,0,71586.33602014929,999
R_dipaxis_s0.2,a612d5a0,1,331490.03058232163,1000
R_dipaxis_s0.2,a612d5a0,2,363975.8264529155,1000
R_dipaxis_s0.2,a612d5a0,3,638841.7466289335,1000
R_dipaxis_s0.2,a612d5a0,4,340152.4408235126,1000
R_dipaxis_s0.2,a612d5a0,5,105459.04276242989,330
R_dipaxis_s0.1,b7974e66,0,15044.616117338026,999
R_dipaxis_s0.1,b7974e66,1,11595.842615668253,1000
R_dipaxis_s0.1,b7974e66,2,54309.68257551905,1000
R_dipaxis_s0.1,b7974e66,3,50161.04630560192,1000
R_dipaxis_s0.1,b7974e66,4,47343.945902994325,1000
R_dipaxis_s0.1,b7974e66,5,50417.34152552666,559
R_dipaxis_s0.15,b7974e66,0,16266.026294868583,999
R_dipaxis_s0.15,b7974e66,1,12534.214214812355,1000
R_dipaxis_s0.15,b7974e66,2,38885.15337948472,1000
R_dipaxis_s0.15,b7974e66,3,32471.16866298592,1000
R_dipaxis_s0.15,b7974e66,4,62464.41453383664,1000
R_dipaxis_s0.15,b7974e66,5,63596.572771703606,559
R_dipaxis_s0.2,b7974e66,0,17547.771751641038,999
R_dipaxis_s0.2,b7974e66,1,13780.94980816272,1000
R_dipaxis_s0.2,b7974e66,2,26062.546394251247,1000
R_dipaxis_s0.2,b7974e66,3,19241.155990089548,1000
R_dipaxis_s0.2,b7974e66,4,80644.15988424305,1000
R_dipaxis_s0.2,b7974e66,5,78306.04464015778,559
R_dipaxis_s0.1,d6c320d9,0,27915.110812884654,999
R_dipaxis_s0.1,d6c320d9,1,177046.33233107167,1000
R_dipaxis_s0.1,d6c320d9,2,84053.52695212759,1000
R_dipaxis_s0.1,d6c320d9,3,152501.86122279117,1000
R_dipaxis_s0.1,d6c320d9,4,268525.2861843093,1000
R_dipaxis_s0.1,d6c320d9,5,125794.31514108834,453
R_dipaxis_s0.15,d6c320d9,0,30721.885406612935,999
R_dipaxis_s0.15,d6c320d9,1,189399.7839632417,1000
R_dipaxis_s0.15,d6c320d9,2,107641.10914871833,1000
R_dipaxis_s0.15,d6c320d9,3,189241.1116225215,1000
R_dipaxis_s0.15,d6c320d9,4,278766.0757057459,1000
R_dipaxis_s0.15,d6c320d9,5,128216.2765504336,453
R_dipaxis_s0.2,d6c320d9,0,33759.831191866724,999
R_dipaxis_s0.2,d6c320d9,1,202369.14250650973,1000
R_dipaxis_s0.2,d6c320d9,2,134152.7633589977,1000
R_dipaxis_s0.2,d6c320d9,3,230204.00561447957,1000
R_dipaxis_s0.2,d6c320d9,4,289339.21991337807,1000
R_dipaxis_s0.2,d6c320d9,5,130675.36671898299,453
R_dipaxis_s0.1,f03f10fe,0,81552.18360469583,999
R_dipaxis_s0.1,f03f10fe,1,108617.26362507943,1000
R_dipaxis_s0.1,f03f10fe,2,51797.4980579834,1000
R_dipaxis_s0.1,f03f10fe,3,16298.07661215165,1000
R_dipaxis_s0.1,f03f10fe,4,1009.7846870240176,146
R_dipaxis_s0.15,f03f10fe,0,72898.50544176342,999
R_dipaxis_s0.15,f03f10fe,1,91835.71322949088,1000
R_dipaxis_s0.15,f03f10fe,2,38313.95856289645,1000
R_dipaxis_s0.15,f03f10fe,3,22214.063012635797,1000
R_dipaxis_s0.15,f03f10fe,4,94.66741506916986,146
R_dipaxis_s0.2,f03f10fe,0,64731.55763531239,999
R_dipaxis_s0.2,f03f10fe,1,77096.84059515108,1000
R_dipaxis_s0.2,f03f10fe,2,28958.3788517578,1000
R_dipaxis_s0.2,f03f10fe,3,32999.2526093928,1000
R_dipaxis_s0.2,f03f10fe,4,153.48736613641313,146
R_dipaxis_s0.1,d011f41b,0,9916.647113360175,999
R_dipaxis_s0.1,d011f41b,1,201102.29571406185,1000
R_dipaxis_s0.1,d011f41b,2,9857.07105918662,268
R_dipaxis_s0.15,d011f41b,0,8885.081302031027,999
R_dipaxis_s0.15,d011f41b,1,181296.41923597583,1000
R_dipaxis_s0.15,d011f41b,2,9130.312798666057,268
R_dipaxis_s0.2,d011f41b,0,7927.467278695808,999
R_dipaxis_s0.2,d011f41b,1,162539.69010114195,1000
R_dipaxis_s0.2,d011f41b,2,8432.464944735977,268
R_dipaxis_s0.1,60e37807,0,11605.82343971025,999
R_dipaxis_s0.1,60e37807,1,248040.70341494004,1000
R_dipaxis_s0.1,60e37807,2,942375.647132318,700
R_dipaxis_s0.15,60e37807,0,11040.397204759853,999
R_dipaxis_s0.15,60e37807,1,247323.40812272936,1000
R_dipaxis_s0.15,60e37807,2,957199.2707137438,700
R_dipaxis_s0.2,60e37807,0,10500.608966608204,999
R_dipaxis_s0.2,60e37807,1,246612.47733072093,1000
R_dipaxis_s0.2,60e37807,2,972360.4169719885,700
R_dipaxis_s0.1,46dfcfca,0,342231.0608198343,999
R_dipaxis_s0.1,46dfcfca,1,484060.7787785908,1000
R_dipaxis_s0.1,46dfcfca,2,602477.9977989667,1000
R_dipaxis_s0.1,46dfcfca,3,740866.10665131,607
R_dipaxis_s0.15,46dfcfca,0,322146.7262722395,999
R_dipaxis_s0.15,46dfcfca,1,490685.10637308983,1000
R_dipaxis_s0.15,46dfcfca,2,655756.5290170495,1000
R_dipaxis_s0.15,46dfcfca,3,817256.5903493203,607
R_dipaxis_s0.2,46dfcfca,0,302719.95945297764,999
R_dipaxis_s0.2,46dfcfca,1,497452.26067106467,1000
R_dipaxis_s0.2,46dfcfca,2,711596.931347539,1000
R_dipaxis_s0.2,46dfcfca,3,897486.7200955786,607
R_dipaxis_s0.1,bc4381e2,0,69977.66956737264,999
R_dipaxis_s0.1,bc4381e2,1,175185.80549797945,1000
R_dipaxis_s0.1,bc4381e2,2,128921.6632746194,1000
R_dipaxis_s0.1,bc4381e2,3,242980.0335478866,1000
R_dipaxis_s0.1,bc4381e2,4,113414.09642820207,956
R_dipaxis_s0.15,bc4381e2,0,70251.5832711258,999
R_dipaxis_s0.15,bc4381e2,1,182131.97288536455,1000
R_dipaxis_s0.15,bc4381e2,2,141520.3243533668,1000
R_dipaxis_s0.15,bc4381e2,3,228035.3791359771,1000
R_dipaxis_s0.15,bc4381e2,4,87803.58577420354,956
R_dipaxis_s0.2,bc4381e2,0,70581.72838825837,999
R_dipaxis_s0.2,bc4381e2,1,189231.76499834654,1000
R_dipaxis_s0.2,bc4381e2,2,154825.71402640667,1000
R_dipaxis_s0.2,bc4381e2,3,213691.50263350274,1000
R_dipaxis_s0.2,bc4381e2,4,65509.14107480513,956
R_dipaxis_s0.1,f8662c22,0,238761.64841967478,999
R_dipaxis_s0.1,f8662c22,1,164077.19968308782,1000
R_dipaxis_s0.1,f8662c22,2,159876.71855955306,1000
R_dipaxis_s0.1,f8662c22,3,529953.0376496825,1000
R_dipaxis_s0.1,f8662c22,4,257782.5829925279,1000
R_dipaxis_s0.1,f8662c22,5,5140.334912708166,430
R_dipaxis_s0.15,f8662c22,0,222788.63369588138,999
R_dipaxis_s0.15,f8662c22,1,166201.17799399732,1000
R_dipaxis_s0.15,f8662c22,2,173411.60791933959,1000
R_dipaxis_s0.15,f8662c22,3,545899.3569676009,1000
R_dipaxis_s0.15,f8662c22,4,260680.5963802399,1000
R_dipaxis_s0.15,f8662c22,5,5091.895788181583,430
R_dipaxis_s0.2,f8662c22,0,207373.94011634449,999
R_dipaxis_s0.2,f8662c22,1,168403.3042511565,1000
R_dipaxis_s0.2,f8662c22,2,188219.58253247332,1000
R_dipaxis_s0.2,f8662c22,3,562163.923747586,1000
R_dipaxis_s0.2,f8662c22,4,263853.0344289275,1000
R_dipaxis_s0.2,f8662c22,5,5049.665676401997,430
R_dipaxis_s0.1,e14d641e,0,23422.79396898157,999
R_dipaxis_s0.1,e14d641e,1,1348.4628610692455,1000
R_dipaxis_s0.1,e14d641e,2,89237.71874034332,1000
R_dipaxis_s0.1,e14d641e,3,24947.244979754134,185
R_dipaxis_s0.15,e14d641e,0,23530.78712675328,999
R_dipaxis_s0.15,e14d641e,1,1638.9145161209847,1000
R_dipaxis_s0.15,e14d641e,2,87629.42511224413,1000
R_dipaxis_s0.15,e14d641e,3,24135.05511621626,185
R_dipaxis_s0.2,e14d641e,0,23738.669300046473,999
R_dipaxis_s0.2,e14d641e,1,3081.9248541839356,1000
R_dipaxis_s0.2,e14d641e,2,86462.31748530078,1000
R_dipaxis_s0.2,e14d641e,3,23336.32505040235,185
R_dipaxis_s0.1,6e6d122c,0,1824.9165956428571,999
R_dipaxis_s0.1,6e6d122c,1,12459.129993645895,1000
R_dipaxis_s0.1,6e6d122c,2,20195.61771807806,1000
R_dipaxis_s0.1,6e6d122c,3,72676.06088023252,1000
R_dipaxis_s0.1,6e6d122c,4,335653.0662053305,1000
R_dipaxis_s0.1,6e6d122c,5,33435.66719128337,633
R_dipaxis_s0.15,6e6d122c,0,3207.794824830709,999
R_dipaxis_s0.15,6e6d122c,1,7881.41890662835,1000
R_dipaxis_s0.15,6e6d122c,2,28438.562188418513,1000
R_dipaxis_s0.15,6e6d122c,3,80841.90065523342,1000
R_dipaxis_s0.15,6e6d122c,4,334352.772262583,1000
R_dipaxis_s0.15,6e6d122c,5,35314.02587976353,633
R_dipaxis_s0.2,6e6d122c,0,5025.645674929341,999
R_dipaxis_s0.2,6e6d122c,1,4917.2128637201495,1000
R_dipaxis_s0.2,6e6d122c,2,39302.65886629288,1000
R_dipaxis_s0.2,6e6d122c,3,90226.43182015482,1000
R_dipaxis_s0.2,6e6d122c,4,333073.752222892,1000
R_dipaxis_s0.2,6e6d122c,5,37773.00093013613,633
R_dipaxis_s0.1,155887bb,0,28850.238478231262,999
R_dipaxis_s0.1,155887bb,1,28114.898423657072,1000
R_dipaxis_s0.1,155887bb,2,134781.5618178899,1000
R_dipaxis_s0.1,155887bb,3,155588.31326086697,1000
R_dipaxis_s0.1,155887bb,4,29708.663006320632,1000
R_dipaxis_s0.1,155887bb,5,102675.28010670876,586
R_dipaxis_s0.15,155887bb,0,26145.752066672583,999
R_dipaxis_s0.15,155887bb,1,27193.017891110692,1000
R_dipaxis_s0.15,155887bb,2,114899.02338379844,1000
R_dipaxis_s0.15,155887bb,3,117689.65240806724,1000
R_dipaxis_s0.15,155887bb,4,13282.869240000962,1000
R_dipaxis_s0.15,155887bb,5,67351.88247090962,586
R_dipaxis_s0.2,155887bb,0,23630.85492133563,999
R_dipaxis_s0.2,155887bb,1,26402.5632289765,1000
R_dipaxis_s0.2,155887bb,2,96712.6181543366,1000
R_dipaxis_s0.2,155887bb,3,85404.25383309682,1000
R_dipaxis_s0.2,155887bb,4,4203.194360686052,1000
R_dipaxis_s0.2,155887bb,5,40632.58774233164,586
R_dipaxis_s0.1,b3388334,0,63984.096015396004,999
R_dipaxis_s0.1,b3388334,1,623703.2716681784,1000
R_dipaxis_s0.1,b3388334,2,134690.0338308716,1000
R_dipaxis_s0.1,b3388334,3,125466.22603871496,1000
R_dipaxis_s0.1,b3388334,4,45968.19274747854,1000
R_dipaxis_s0.1,b3388334,5,183617.64510647126,1000
R_dipaxis_s0.1,b3388334,6,56412.595803631455,81
R_dipaxis_s0.15,b3388334,0,60507.882486068964,999
R_dipaxis_s0.15,b3388334,1,609457.4546756067,1000
R_dipaxis_s0.15,b3388334,2,130003.6892424232,1000
R_dipaxis_s0.15,b3388334,3,124168.57301870105,1000
R_dipaxis_s0.15,b3388334,4,44422.855200034115,1000
R_dipaxis_s0.15,b3388334,5,207799.2877125042,1000
R_dipaxis_s0.15,b3388334,6,63333.356131338034,81
R_dipaxis_s0.2,b3388334,0,57302.80536539378,999
R_dipaxis_s0.2,b3388334,1,595406.673565262,1000
R_dipaxis_s0.2,b3388334,2,125410.45895138558,1000
R_dipaxis_s0.2,b3388334,3,122891.27720577798,1000
R_dipaxis_s0.2,b3388334,4,43141.2525384664,1000
R_dipaxis_s0.2,b3388334,5,233748.82105373353,1000
R_dipaxis_s0.2,b3388334,6,70654.61180963839,81
R_dipaxis_s0.1,5a63b5d1,0,44502.9816072184,999
R_dipaxis_s0.1,5a63b5d1,1,651631.2816438435,1000
R_dipaxis_s0.1,5a63b5d1,2,353549.8166804064,1000
R_dipaxis_s0.1,5a63b5d1,3,658201.7789702375,1000
R_dipaxis_s0.1,5a63b5d1,4,1236594.7557144559,1000
R_dipaxis_s0.1,5a63b5d1,5,504581.3640589227,1000
R_dipaxis_s0.1,5a63b5d1,6,56937.88084020172,218
R_dipaxis_s0.15,5a63b5d1,0,48360.761363209574,999
R_dipaxis_s0.15,5a63b5d1,1,691804.2507125674,1000
R_dipaxis_s0.15,5a63b5d1,2,435233.4241549047,1000
R_dipaxis_s0.15,5a63b5d1,3,803475.0674323199,1000
R_dipaxis_s0.15,5a63b5d1,4,1455033.8847336783,1000
R_dipaxis_s0.15,5a63b5d1,5,678744.8964129066,1000
R_dipaxis_s0.15,5a63b5d1,6,87027.1914813533,218
R_dipaxis_s0.2,5a63b5d1,0,52435.686287459546,999
R_dipaxis_s0.2,5a63b5d1,1,733362.0967458463,1000
R_dipaxis_s0.2,5a63b5d1,2,526045.3780522761,1000
R_dipaxis_s0.2,5a63b5d1,3,963761.8600123979,1000
R_dipaxis_s0.2,5a63b5d1,4,1691243.5688609222,1000
R_dipaxis_s0.2,5a63b5d1,5,880656.6540832513,1000
R_dipaxis_s0.2,5a63b5d1,6,123548.36653654087,218
R_dipaxis_s0.1,05a0ee4d,0,2220.937957781673,999
R_dipaxis_s0.1,05a0ee4d,1,4461.8472288706835,1000
R_dipaxis_s0.1,05a0ee4d,2,69338.94884510097,1000
R_dipaxis_s0.1,05a0ee4d,3,867345.8989205663,1000
R_dipaxis_s0.1,05a0ee4d,4,162179.20108779834,349
R_dipaxis_s0.15,05a0ee4d,0,1688.0983409713908,999
R_dipaxis_s0.15,05a0ee4d,1,4263.247812212877,1000
R_dipaxis_s0.15,05a0ee4d,2,51112.51830051115,1000
R_dipaxis_s0.15,05a0ee4d,3,755864.4243470511,1000
R_dipaxis_s0.15,05a0ee4d,4,135893.23785102824,349
R_dipaxis_s0.2,05a0ee4d,0,1265.9266270267917,999
R_dipaxis_s0.2,05a0ee4d,1,4846.3682748264355,1000
R_dipaxis_s0.2,05a0ee4d,2,36636.30581116006,1000
R_dipaxis_s0.2,05a0ee4d,3,652145.158650999,1000
R_dipaxis_s0.2,05a0ee4d,4,111944.95442714533,349
R_dipaxis_s0.1,95b559e7,0,175885.97390991187,999
R_dipaxis_s0.1,95b559e7,1,565243.5591744082,1000
R_dipaxis_s0.1,95b559e7,2,507612.3246459743,888
R_dipaxis_s0.15,95b559e7,0,169271.41778199762,999
R_dipaxis_s0.15,95b559e7,1,575485.3210638749,1000
R_dipaxis_s0.15,95b559e7,2,530325.4240653445,888
R_dipaxis_s0.2,95b559e7,0,162855.38213216935,999
R_dipaxis_s0.2,95b559e7,1,585828.4234881854,1000
R_dipaxis_s0.2,95b559e7,2,553883.1128489672,888
R_dipaxis_s0.1,a85e4bc3,0,4547.293266095416,999
R_dipaxis_s0.1,a85e4bc3,1,247087.42103296882,1000
R_dipaxis_s0.1,a85e4bc3,2,26858.680979083292,1000
R_dipaxis_s0.1,a85e4bc3,3,86092.4275287123,1000
R_dipaxis_s0.1,a85e4bc3,4,5802.708673130561,582
R_dipaxis_s0.15,a85e4bc3,0,3149.182575537377,999
R_dipaxis_s0.15,a85e4bc3,1,222283.2664253834,1000
R_dipaxis_s0.15,a85e4bc3,2,24424.692983228528,1000
R_dipaxis_s0.15,a85e4bc3,3,106813.49664538403,1000
R_dipaxis_s0.15,a85e4bc3,4,6164.3193279088655,582
R_dipaxis_s0.2,a85e4bc3,0,2110.667502576152,999
R_dipaxis_s0.2,a85e4bc3,1,198865.28873508872,1000
R_dipaxis_s0.2,a85e4bc3,2,22176.84549710993,1000
R_dipaxis_s0.2,a85e4bc3,3,130775.59059693287,1000
R_dipaxis_s0.2,a85e4bc3,4,14713.140228162132,582
R_dipaxis_s0.1,d0a43760,0,1471.2374342683895,999
R_dipaxis_s0.1,d0a43760,1,28653.18927900373,1000
R_dipaxis_s0.1,d0a43760,2,132629.0015694259,1000
R_dipaxis_s0.1,d0a43760,3,150176.71097073707,1000
R_dipaxis_s0.1,d0a43760,4,5654.870041836896,42
R_dipaxis_s0.15,d0a43760,0,591.2444732393485,999
R_dipaxis_s0.15,d0a43760,1,39157.60677092785,1000
R_dipaxis_s0.15,d0a43760,2,197636.8202954731,1000
R_dipaxis_s0.15,d0a43760,3,283704.7904936501,1000
R_dipaxis_s0.15,d0a43760,4,12071.763629755786,42
R_dipaxis_s0.2,d0a43760,0,294.32836010212395,999
R_dipaxis_s0.2,d0a43760,1,52464.16623113411,1000
R_dipaxis_s0.2,d0a43760,2,275761.07014907605,1000
R_dipaxis_s0.2,d0a43760,3,459505.1021415934,1000
R_dipaxis_s0.2,d0a43760,4,20894.0303290079,42
R_dipaxis_s0.1,2ddad940,0,58433.746396191505,999
R_dipaxis_s0.1,2ddad940,1,14059.198288729021,1000
R_dipaxis_s0.1,2ddad940,2,28077.43754854102,1000
R_dipaxis_s0.1,2ddad940,3,86996.47445488586,1000
R_dipaxis_s0.1,2ddad940,4,32708.314977251477,1000
R_dipaxis_s0.1,2ddad940,5,37608.448958230714,332
R_dipaxis_s0.15,2ddad940,0,57428.307883104266,999
R_dipaxis_s0.15,2ddad940,1,16794.253075069326,1000
R_dipaxis_s0.15,2ddad940,2,20361.423551058186,1000
R_dipaxis_s0.15,2ddad940,3,70231.40086168826,1000
R_dipaxis_s0.15,2ddad940,4,34373.91386260106,1000
R_dipaxis_s0.15,2ddad940,5,40228.19889512274,332
R_dipaxis_s0.2,2ddad940,0,56458.12339589202,999
R_dipaxis_s0.2,2ddad940,1,20458.511289392798,1000
R_dipaxis_s0.2,2ddad940,2,15022.081405742036,1000
R_dipaxis_s0.2,2ddad940,3,55374.78192140229,1000
R_dipaxis_s0.2,2ddad940,4,36306.357045768804,1000
R_dipaxis_s0.2,2ddad940,5,42940.33587053384,332
R_dipaxis_s0.1,eb640a35,0,168692.32919496542,999
R_dipaxis_s0.1,eb640a35,1,234071.35448314995,1000
R_dipaxis_s0.1,eb640a35,2,76027.11041744609,1000
R_dipaxis_s0.1,eb640a35,3,32732.40043128384,1000
R_dipaxis_s0.1,eb640a35,4,42127.19580357815,1000
R_dipaxis_s0.1,eb640a35,5,45628.440311304505,1000
R_dipaxis_s0.1,eb640a35,6,182.7846071387643,38
R_dipaxis_s0.15,eb640a35,0,160166.27175158047,999
R_dipaxis_s0.15,eb640a35,1,234694.71507782247,1000
R_dipaxis_s0.15,eb640a35,2,75412.25133227404,1000
R_dipaxis_s0.15,eb640a35,3,32847.28516636651,1000
R_dipaxis_s0.15,eb640a35,4,45442.3604265656,1000
R_dipaxis_s0.15,eb640a35,5,52682.14825186616,1000
R_dipaxis_s0.15,eb640a35,6,408.2951768848361,38
R_dipaxis_s0.2,eb640a35,0,151866.14504761843,999
R_dipaxis_s0.2,eb640a35,1,235455.1927412273,1000
R_dipaxis_s0.2,eb640a35,2,74821.12191783803,1000
R_dipaxis_s0.2,eb640a35,3,33280.102647743675,1000
R_dipaxis_s0.2,eb640a35,4,48921.07883035298,1000
R_dipaxis_s0.2,eb640a35,5,60440.53764903521,1000
R_dipaxis_s0.2,eb640a35,6,725.0708574153354,38
R_dipaxis_s0.1,5f75f796,0,27573.154549252544,999
R_dipaxis_s0.1,5f75f796,1,12029.770447808467,1000
R_dipaxis_s0.1,5f75f796,2,10609.757883835218,1000
R_dipaxis_s0.1,5f75f796,3,73648.04411317417,1000
R_dipaxis_s0.1,5f75f796,4,117712.07086693961,1000
R_dipaxis_s0.1,5f75f796,5,181189.79133455458,563
R_dipaxis_s0.15,5f75f796,0,25000.174407697217,999
R_dipaxis_s0.15,5f75f796,1,10687.895008128748,1000
R_dipaxis_s0.15,5f75f796,2,11491.454006424372,1000
R_dipaxis_s0.15,5f75f796,3,68000.8777168397,1000
R_dipaxis_s0.15,5f75f796,4,110228.04876684418,1000
R_dipaxis_s0.15,5f75f796,5,172757.69026559,563
R_dipaxis_s0.2,5f75f796,0,22556.75312202346,999
R_dipaxis_s0.2,5f75f796,1,9437.926292728618,1000
R_dipaxis_s0.2,5f75f796,2,12412.286449462217,1000
R_dipaxis_s0.2,5f75f796,3,62600.09971856126,1000
R_dipaxis_s0.2,5f75f796,4,103000.91061104291,1000
R_dipaxis_s0.2,5f75f796,5,164530.40840580477,563
R_dipaxis_s0.1,9ab94eeb,0,19911.98586490882,999
R_dipaxis_s0.1,9ab94eeb,1,28640.297700117448,1000
R_dipaxis_s0.1,9ab94eeb,2,92653.76017790388,1000
R_dipaxis_s0.1,9ab94eeb,3,17971.591793896776,1000
R_dipaxis_s0.1,9ab94eeb,4,27190.578618992633,443
R_dipaxis_s0.15,9ab94eeb,0,18736.65438986159,999
R_dipaxis_s0.15,9ab94eeb,1,25384.36132429552,1000
R_dipaxis_s0.15,9ab94eeb,2,73505.6610635337,1000
R_dipaxis_s0.15,9ab94eeb,3,9093.16346851339,1000
R_dipaxis_s0.15,9ab94eeb,4,17016.026713770243,443
R_dipaxis_s0.2,9ab94eeb,0,17597.64234314883,999
R_dipaxis_s0.2,9ab94eeb,1,22462.186864552154,1000
R_dipaxis_s0.2,9ab94eeb,2,56645.90601360916,1000
R_dipaxis_s0.2,9ab94eeb,3,4142.259594905494,1000
R_dipaxis_s0.2,9ab94eeb,4,9410.305498733329,443
R_dipaxis_s0.1,b04b58a3,0,50351.23426308322,999
R_dipaxis_s0.1,b04b58a3,1,320356.85657978244,1000
R_dipaxis_s0.1,b04b58a3,2,53037.736801191466,1000
R_dipaxis_s0.1,b04b58a3,3,28073.39388216385,403
R_dipaxis_s0.15,b04b58a3,0,43790.914080558905,999
R_dipaxis_s0.15,b04b58a3,1,265616.69196446496,1000
R_dipaxis_s0.15,b04b58a3,2,57149.15948600821,1000
R_dipaxis_s0.15,b04b58a3,3,33412.2990690074,403
R_dipaxis_s0.2,b04b58a3,0,38216.29705532445,999
R_dipaxis_s0.2,b04b58a3,1,216015.5844123523,1000
R_dipaxis_s0.2,b04b58a3,2,62859.41126030481,1000
R_dipaxis_s0.2,b04b58a3,3,39234.08821969013,403
R_dipaxis_s0.1,65a5466a,0,70475.3012962616,999
R_dipaxis_s0.1,65a5466a,1,407161.9490983315,1000
R_dipaxis_s0.1,65a5466a,2,67837.51213246542,1000
R_dipaxis_s0.1,65a5466a,3,39325.893131651486,1000
R_dipaxis_s0.1,65a5466a,4,26028.20102985138,684
R_dipaxis_s0.15,65a5466a,0,68157.73486595714,999
R_dipaxis_s0.15,65a5466a,1,385823.32400117134,1000
R_dipaxis_s0.15,65a5466a,2,65446.8650963561,1000
R_dipaxis_s0.15,65a5466a,3,40806.22803797747,1000
R_dipaxis_s0.15,65a5466a,4,22753.535674532544,684
R_dipaxis_s0.2,65a5466a,0,65888.66078336278,999
R_dipaxis_s0.2,65a5466a,1,365062.83310646017,1000
R_dipaxis_s0.2,65a5466a,2,63165.84805868564,1000
R_dipaxis_s0.2,65a5466a,3,42329.69053797018,1000
R_dipaxis_s0.2,65a5466a,4,20976.800639049514,684
R_dipaxis_s0.1,d0cb63ae,0,5098.466579606316,999
R_dipaxis_s0.1,d0cb63ae,1,336943.7992317978,1000
R_dipaxis_s0.1,d0cb63ae,2,347192.35181827465,1000
R_dipaxis_s0.1,d0cb63ae,3,30724.004073122953,1000
R_dipaxis_s0.1,d0cb63ae,4,217256.90696741885,1000
R_dipaxis_s0.1,d0cb63ae,5,19383.907571041756,224
R_dipaxis_s0.15,d0cb63ae,0,5783.102961176883,999
R_dipaxis_s0.15,d0cb63ae,1,237012.00878508727,1000
R_dipaxis_s0.15,d0cb63ae,2,206117.40099498167,1000
R_dipaxis_s0.15,d0cb63ae,3,56058.41691859784,1000
R_dipaxis_s0.15,d0cb63ae,4,264170.71396496077,1000
R_dipaxis_s0.15,d0cb63ae,5,41476.50823030981,224
R_dipaxis_s0.2,d0cb63ae,0,7841.222103926435,999
R_dipaxis_s0.2,d0cb63ae,1,155077.50999664288,1000
R_dipaxis_s0.2,d0cb63ae,2,102027.0700834076,1000
R_dipaxis_s0.2,d0cb63ae,3,141968.585870018,1000
R_dipaxis_s0.2,d0cb63ae,4,432288.2554050636,1000
R_dipaxis_s0.2,d0cb63ae,5,101293.64843874452,224
R_dipaxis_s0.1,43b06c70,0,147953.32408334597,999
R_dipaxis_s0.1,43b06c70,1,150340.2529624976,1000
R_dipaxis_s0.1,43b06c70,2,83238.10904095168,1000
R_dipaxis_s0.1,43b06c70,3,31424.964967744345,1000
R_dipaxis_s0.1,43b06c70,4,57821.0306025791,847
R_dipaxis_s0.15,43b06c70,0,143624.5718338859,999
R_dipaxis_s0.15,43b06c70,1,155098.40285941734,1000
R_dipaxis_s0.15,43b06c70,2,98019.30378985028,1000
R_dipaxis_s0.15,43b06c70,3,46079.11041180364,1000
R_dipaxis_s0.15,43b06c70,4,107777.07042301429,847
R_dipaxis_s0.2,43b06c70,0,139403.695256997,999
R_dipaxis_s0.2,43b06c70,1,159997.8545667796,1000
R_dipaxis_s0.2,43b06c70,2,114131.77475769444,1000
R_dipaxis_s0.2,43b06c70,3,64105.54689598651,1000
R_dipaxis_s0.2,43b06c70,4,173289.6605895459,847
R_dipaxis_s0.1,0e5e560d,0,164013.64432553883,999
R_dipaxis_s0.1,0e5e560d,1,75793.62551420923,1000
R_dipaxis_s0.1,0e5e560d,2,100232.20963491093,1000
R_dipaxis_s0.1,0e5e560d,3,6642.19192574712,254
R_dipaxis_s0.15,0e5e560d,0,160105.38412722718,999
R_dipaxis_s0.15,0e5e560d,1,79915.64086303867,1000
R_dipaxis_s0.15,0e5e560d,2,105742.13181812789,1000
R_dipaxis_s0.15,0e5e560d,3,4130.2818683835085,254
R_dipaxis_s0.2,0e5e560d,0,156309.76292152776,999
R_dipaxis_s0.2,0e5e560d,1,84153.49913968501,1000
R_dipaxis_s0.2,0e5e560d,2,111901.24001185312,1000
R_dipaxis_s0.2,0e5e560d,3,2222.053297528438,254
R_dipaxis_s0.1,5f6756c5,0,25836.396325084286,999
R_dipaxis_s0.1,5f6756c5,1,119795.92144928365,1000
R_dipaxis_s0.1,5f6756c5,2,168490.36065968164,1000
R_dipaxis_s0.1,5f6756c5,3,126615.31664082852,1000
R_dipaxis_s0.1,5f6756c5,4,21032.75565836245,1000
R_dipaxis_s0.1,5f6756c5,5,23885.934183675454,932
R_dipaxis_s0.15,5f6756c5,0,23057.44860356295,999
R_dipaxis_s0.15,5f6756c5,1,115344.82052577268,1000
R_dipaxis_s0.15,5f6756c5,2,170687.13638016087,1000
R_dipaxis_s0.15,5f6756c5,3,144820.24447164882,1000
R_dipaxis_s0.15,5f6756c5,4,33916.14103117285,1000
R_dipaxis_s0.15,5f6756c5,5,42747.94429820078,932
R_dipaxis_s0.2,5f6756c5,0,20438.825259335325,999
R_dipaxis_s0.2,5f6756c5,1,111001.75883683245,1000
R_dipaxis_s0.2,5f6756c5,2,172904.76282773807,1000
R_dipaxis_s0.2,5f6756c5,3,164834.62044274723,1000
R_dipaxis_s0.2,5f6756c5,4,52227.40179973636,1000
R_dipaxis_s0.2,5f6756c5,5,67472.38682785342,932
R_dipaxis_s0.1,6d590e26,0,225700.513785077,999
R_dipaxis_s0.1,6d590e26,1,89675.64301753753,1000
R_dipaxis_s0.1,6d590e26,2,24240.509289683396,1000
R_dipaxis_s0.1,6d590e26,3,28733.988840542625,1000
R_dipaxis_s0.1,6d590e26,4,5841.85242283685,1000
R_dipaxis_s0.1,6d590e26,5,10381.458600493528,1000
R_dipaxis_s0.1,6d590e26,6,427.0768614175392,97
R_dipaxis_s0.15,6d590e26,0,227355.5000223631,999
R_dipaxis_s0.15,6d590e26,1,101675.67534871187,1000
R_dipaxis_s0.15,6d590e26,2,20418.228247752144,1000
R_dipaxis_s0.15,6d590e26,3,14660.27655172711,1000
R_dipaxis_s0.15,6d590e26,4,3850.650270091573,1000
R_dipaxis_s0.15,6d590e26,5,23685.59537455995,1000
R_dipaxis_s0.15,6d590e26,6,71.36881369313744,97
R_dipaxis_s0.2,6d590e26,0,229030.94668947216,999
R_dipaxis_s0.2,6d590e26,1,117295.75009482366,1000
R_dipaxis_s0.2,6d590e26,2,21563.813714640535,1000
R_dipaxis_s0.2,6d590e26,3,5614.023656855433,1000
R_dipaxis_s0.2,6d590e26,4,9242.677874571733,1000
R_dipaxis_s0.2,6d590e26,5,42852.93563117261,1000
R_dipaxis_s0.2,6d590e26,6,303.24641368007235,97
R_dipaxis_s0.1,b881d27e,0,188468.18376120884,999
R_dipaxis_s0.1,b881d27e,1,259922.66252979537,1000
R_dipaxis_s0.1,b881d27e,2,361788.6618110099,1000
R_dipaxis_s0.1,b881d27e,3,300748.1564010118,1000
R_dipaxis_s0.1,b881d27e,4,2956.457863230019,10
R_dipaxis_s0.15,b881d27e,0,167177.90080415102,999
R_dipaxis_s0.15,b881d27e,1,224070.72477183247,1000
R_dipaxis_s0.15,b881d27e,2,318546.1453345067,1000
R_dipaxis_s0.15,b881d27e,3,264756.3184416669,1000
R_dipaxis_s0.15,b881d27e,4,2586.476319407807,10
R_dipaxis_s0.2,b881d27e,0,147174.4719886482,999
R_dipaxis_s0.2,b881d27e,1,190936.95093195495,1000
R_dipaxis_s0.2,b881d27e,2,278082.74380332156,1000
R_dipaxis_s0.2,b881d27e,3,231064.5624757472,1000
R_dipaxis_s0.2,b881d27e,4,2241.2179919609007,10
R_dipaxis_s0.1,729e9750,0,4545.918685074916,999
R_dipaxis_s0.1,729e9750,1,96347.59019715266,1000
R_dipaxis_s0.1,729e9750,2,113835.67026727863,1000
R_dipaxis_s0.1,729e9750,3,25706.220993364044,1000
R_dipaxis_s0.1,729e9750,4,58956.53762151034,1000
R_dipaxis_s0.1,729e9750,5,89569.2643744825,920
R_dipaxis_s0.15,729e9750,0,4765.250651551866,999
R_dipaxis_s0.15,729e9750,1,90346.8775404816,1000
R_dipaxis_s0.15,729e9750,2,107358.55955098328,1000
R_dipaxis_s0.15,729e9750,3,24228.54109059273,1000
R_dipaxis_s0.15,729e9750,4,55662.094570663874,1000
R_dipaxis_s0.15,729e9750,5,73897.27664662278,920
R_dipaxis_s0.2,729e9750,0,5008.972300654297,999
R_dipaxis_s0.2,729e9750,1,84556.98661364333,1000
R_dipaxis_s0.2,729e9750,2,101074.17123472759,1000
R_dipaxis_s0.2,729e9750,3,22805.452388185146,1000
R_dipaxis_s0.2,729e9750,4,52600.870412084594,1000
R_dipaxis_s0.2,729e9750,5,59746.80904202479,920
R_dipaxis_s0.1,3c3dbcbc,0,44194.60902736567,999
R_dipaxis_s0.1,3c3dbcbc,1,112168.72316693477,1000
R_dipaxis_s0.1,3c3dbcbc,2,66934.66324510945,1000
R_dipaxis_s0.1,3c3dbcbc,3,61916.60195426461,1000
R_dipaxis_s0.1,3c3dbcbc,4,11039.38216419993,1000
R_dipaxis_s0.1,3c3dbcbc,5,85.58004354417601,70
R_dipaxis_s0.15,3c3dbcbc,0,45635.4517327564,999
R_dipaxis_s0.15,3c3dbcbc,1,126741.30028510401,1000
R_dipaxis_s0.15,3c3dbcbc,2,89289.0482821988,1000
R_dipaxis_s0.15,3c3dbcbc,3,37738.089893108954,1000
R_dipaxis_s0.15,3c3dbcbc,4,9612.1130160664,1000
R_dipaxis_s0.15,3c3dbcbc,5,139.3417566148835,70
R_dipaxis_s0.2,3c3dbcbc,0,47135.71343261825,999
R_dipaxis_s0.2,3c3dbcbc,1,142218.96285974103,1000
R_dipaxis_s0.2,3c3dbcbc,2,116011.35296231083,1000
R_dipaxis_s0.2,3c3dbcbc,3,23456.10997309641,1000
R_dipaxis_s0.2,3c3dbcbc,4,18082.35994777748,1000
R_dipaxis_s0.2,3c3dbcbc,5,1049.2957972180682,70
R_dipaxis_s0.1,13ce113d,0,1978.7210271644055,999
R_dipaxis_s0.1,13ce113d,1,2019.8653804110982,1000
R_dipaxis_s0.1,13ce113d,2,25363.235723509813,967
R_dipaxis_s0.15,13ce113d,0,1334.1024942412512,999
R_dipaxis_s0.15,13ce113d,1,1422.0419836652322,1000
R_dipaxis_s0.15,13ce113d,2,25377.174756052293,967
R_dipaxis_s0.2,13ce113d,0,940.1086969807326,999
R_dipaxis_s0.2,13ce113d,1,1209.8918956176944,1000
R_dipaxis_s0.2,13ce113d,2,25450.244635789026,967
R_dipaxis_s0.1,ad2133a8,0,155615.13436428644,999
R_dipaxis_s0.1,ad2133a8,1,513918.63586952223,1000
R_dipaxis_s0.1,ad2133a8,2,1028127.4812471474,1000
R_dipaxis_s0.1,ad2133a8,3,1715924.170261002,1000
R_dipaxis_s0.1,ad2133a8,4,1205426.4043824533,1000
R_dipaxis_s0.1,ad2133a8,5,33014.70642337072,730
R_dipaxis_s0.15,ad2133a8,0,147511.02344644765,999
R_dipaxis_s0.15,ad2133a8,1,499113.2716507214,1000
R_dipaxis_s0.15,ad2133a8,2,1045908.1953983951,1000
R_dipaxis_s0.15,ad2133a8,3,1741254.07198335,1000
R_dipaxis_s0.15,ad2133a8,4,1248385.933301845,1000
R_dipaxis_s0.15,ad2133a8,5,45563.1989547643,730
R_dipaxis_s0.2,ad2133a8,0,139641.3641952783,999
R_dipaxis_s0.2,ad2133a8,1,484597.3322295325,1000
R_dipaxis_s0.2,ad2133a8,2,1063908.0242014024,1000
R_dipaxis_s0.2,ad2133a8,3,1766799.5305669021,1000
R_dipaxis_s0.2,ad2133a8,4,1292467.48347333,1000
R_dipaxis_s0.2,ad2133a8,5,62454.01786596278,730
R_dipaxis_s0.1,23b9beb0,0,348.6450827884057,999
R_dipaxis_s0.1,23b9beb0,1,2728.858904374188,1000
R_dipaxis_s0.1,23b9beb0,2,4106.832372348089,1000
R_dipaxis_s0.1,23b9beb0,3,13778.753717632775,1000
R_dipaxis_s0.1,23b9beb0,4,109543.62523573736,1000
R_dipaxis_s0.1,23b9beb0,5,75630.55706073661,1000
R_dipaxis_s0.1,23b9beb0,6,11789.46942034515,1000
R_dipaxis_s0.1,23b9beb0,7,4193.439739125834,341
R_dipaxis_s0.15,23b9beb0,0,922.3997871068933,999
R_dipaxis_s0.15,23b9beb0,1,4448.543119922681,1000
R_dipaxis_s0.15,23b9beb0,2,5548.138614665835,1000
R_dipaxis_s0.15,23b9beb0,3,18067.88576085364,1000
R_dipaxis_s0.15,23b9beb0,4,111291.62332449028,1000
R_dipaxis_s0.15,23b9beb0,5,73052.97409256903,1000
R_dipaxis_s0.15,23b9beb0,6,10200.677469606224,1000
R_dipaxis_s0.15,23b9beb0,7,5230.885267056006,341
R_dipaxis_s0.2,23b9beb0,0,1784.2482667081865,999
R_dipaxis_s0.2,23b9beb0,1,6667.988811045271,1000
R_dipaxis_s0.2,23b9beb0,2,7285.178394412399,1000
R_dipaxis_s0.2,23b9beb0,3,22959.096893677353,1000
R_dipaxis_s0.2,23b9beb0,4,113153.89389383215,1000
R_dipaxis_s0.2,23b9beb0,5,70534.24212537841,1000
R_dipaxis_s0.2,23b9beb0,6,10010.9398115927,1000
R_dipaxis_s0.2,23b9beb0,7,7393.599067230962,341
R_dipaxis_s0.1,e737965a,0,101127.29839307198,999
R_dipaxis_s0.1,e737965a,1,82318.09644536652,1000
R_dipaxis_s0.1,e737965a,2,92204.53452645449,1000
R_dipaxis_s0.1,e737965a,3,17593.311447022308,1000
R_dipaxis_s0.1,e737965a,4,97838.61588353213,1000
R_dipaxis_s0.1,e737965a,5,115531.06136910856,956
R_dipaxis_s0.15,e737965a,0,90493.91208138675,999
R_dipaxis_s0.15,e737965a,1,71634.31042829363,1000
R_dipaxis_s0.15,e737965a,2,87486.87283684599,1000
R_dipaxis_s0.15,e737965a,3,16483.281997287664,1000
R_dipaxis_s0.15,e737965a,4,94405.18461110319,1000
R_dipaxis_s0.15,e737965a,5,110877.30156388789,956
R_dipaxis_s0.2,e737965a,0,80454.889697561,999
R_dipaxis_s0.2,e737965a,1,61778.27771805555,1000
R_dipaxis_s0.2,e737965a,2,83084.3680120063,1000
R_dipaxis_s0.2,e737965a,3,15470.830265388351,1000
R_dipaxis_s0.2,e737965a,4,91056.94116254,1000
R_dipaxis_s0.2,e737965a,5,106377.34283214455,956
R_dipaxis_s0.1,da2d4d7c,0,4614.506217404755,999
R_dipaxis_s0.1,da2d4d7c,1,24482.10282412297,1000
R_dipaxis_s0.1,da2d4d7c,2,902.9249535036787,115
R_dipaxis_s0.15,da2d4d7c,0,3858.656776012007,999
R_dipaxis_s0.15,da2d4d7c,1,26925.390431343418,1000
R_dipaxis_s0.15,da2d4d7c,2,1214.3792282612603,115
R_dipaxis_s0.2,da2d4d7c,0,3241.9306012219035,999
R_dipaxis_s0.2,da2d4d7c,1,29532.25976867087,1000
R_dipaxis_s0.2,da2d4d7c,2,1573.0173683562086,115
R_dipaxis_s0.1,11d0f5ac,0,1801.5867007977365,999
R_dipaxis_s0.1,11d0f5ac,1,299974.8378919604,1000
R_dipaxis_s0.1,11d0f5ac,2,578286.4830199337,1000
R_dipaxis_s0.1,11d0f5ac,3,563910.5495887535,1000
R_dipaxis_s0.1,11d0f5ac,4,493915.34973117325,884
R_dipaxis_s0.15,11d0f5ac,0,1717.2211796374957,999
R_dipaxis_s0.15,11d0f5ac,1,258346.1786826074,1000
R_dipaxis_s0.15,11d0f5ac,2,516150.5749589726,1000
R_dipaxis_s0.15,11d0f5ac,3,510335.9265165662,1000
R_dipaxis_s0.15,11d0f5ac,4,439318.50849463616,884
R_dipaxis_s0.2,11d0f5ac,0,1637.132110771099,999
R_dipaxis_s0.2,11d0f5ac,1,219917.1149363636,1000
R_dipaxis_s0.2,11d0f5ac,2,457576.1557507247,1000
R_dipaxis_s0.2,11d0f5ac,3,459441.80733333563,1000
R_dipaxis_s0.2,11d0f5ac,4,387921.2277566802,884
R_dipaxis_s0.1,bb337fa0,0,343305.92916238995,999
R_dipaxis_s0.1,bb337fa0,1,289903.17740344175,1000
R_dipaxis_s0.1,bb337fa0,2,523498.3474986237,1000
R_dipaxis_s0.1,bb337fa0,3,405096.19214704627,1000
R_dipaxis_s0.1,bb337fa0,4,485527.5240328807,1000
R_dipaxis_s0.1,bb337fa0,5,619169.0759061832,1000
R_dipaxis_s0.1,bb337fa0,6,730301.2678611614,874
R_dipaxis_s0.15,bb337fa0,0,309119.0566391229,999
R_dipaxis_s0.15,bb337fa0,1,261666.99995231835,1000
R_dipaxis_s0.15,bb337fa0,2,478100.646875243,1000
R_dipaxis_s0.15,bb337fa0,3,369714.17225676065,1000
R_dipaxis_s0.15,bb337fa0,4,428272.53812839836,1000
R_dipaxis_s0.15,bb337fa0,5,568764.2040591856,1000
R_dipaxis_s0.15,bb337fa0,6,706283.586371332,874
R_dipaxis_s0.2,bb337fa0,0,276727.5576795499,999
R_dipaxis_s0.2,bb337fa0,1,234877.59459929942,1000
R_dipaxis_s0.2,bb337fa0,2,434763.25693672884,1000
R_dipaxis_s0.2,bb337fa0,3,336029.8719572691,1000
R_dipaxis_s0.2,bb337fa0,4,374644.60564330075,1000
R_dipaxis_s0.2,bb337fa0,5,520600.239878795,1000
R_dipaxis_s0.2,bb337fa0,6,682726.810834561,874
R_dipaxis_s0.1,8050c789,0,56572.05828515177,999
R_dipaxis_s0.1,8050c789,1,16362.21169204792,1000
R_dipaxis_s0.1,8050c789,2,93313.88618370777,1000
R_dipaxis_s0.1,8050c789,3,20407.609958133922,78
R_dipaxis_s0.15,8050c789,0,53940.82357960794,999
R_dipaxis_s0.15,8050c789,1,15092.688768770802,1000
R_dipaxis_s0.15,8050c789,2,97106.37704410902,1000
R_dipaxis_s0.15,8050c789,3,20917.78188307174,78
R_dipaxis_s0.2,8050c789,0,51384.58014198768,999
R_dipaxis_s0.2,8050c789,1,13890.996132626115,1000
R_dipaxis_s0.2,8050c789,2,100984.02988353779,1000
R_dipaxis_s0.2,8050c789,3,21434.252571923353,78
R_dipaxis_s0.1,b32e4903,0,29620.3081234694,999
R_dipaxis_s0.1,b32e4903,1,3873.5442221306503,1000
R_dipaxis_s0.1,b32e4903,2,87825.33429140708,1000
R_dipaxis_s0.1,b32e4903,3,26934.41109338282,1000
R_dipaxis_s0.1,b32e4903,4,4357.871260714693,1000
R_dipaxis_s0.1,b32e4903,5,28924.34144568153,771
R_dipaxis_s0.15,b32e4903,0,24337.077490551004,999
R_dipaxis_s0.15,b32e4903,1,2932.176534539336,1000
R_dipaxis_s0.15,b32e4903,2,91076.3943774828,1000
R_dipaxis_s0.15,b32e4903,3,28061.988100019436,1000
R_dipaxis_s0.15,b32e4903,4,5172.2134887149805,1000
R_dipaxis_s0.15,b32e4903,5,26036.046691107662,771
R_dipaxis_s0.2,b32e4903,0,19577.830894533145,999
R_dipaxis_s0.2,b32e4903,1,2331.3020811776555,1000
R_dipaxis_s0.2,b32e4903,2,94411.38965713515,1000
R_dipaxis_s0.2,b32e4903,3,30762.192046619046,1000
R_dipaxis_s0.2,b32e4903,4,6315.094448476964,1000
R_dipaxis_s0.2,b32e4903,5,23308.723651589473,771
R_dipaxis_s0.1,5aef5c6c,0,40227.10686171216,999
R_dipaxis_s0.1,5aef5c6c,1,158903.55657347108,1000
R_dipaxis_s0.1,5aef5c6c,2,20203.491810833108,1000
R_dipaxis_s0.1,5aef5c6c,3,50338.83457636504,122
R_dipaxis_s0.15,5aef5c6c,0,34467.74676635984,999
R_dipaxis_s0.15,5aef5c6c,1,149261.9158501982,1000
R_dipaxis_s0.15,5aef5c6c,2,15431.95314198882,1000
R_dipaxis_s0.15,5aef5c6c,3,37518.27018746661,122
R_dipaxis_s0.2,5aef5c6c,0,29207.677253535734,999
R_dipaxis_s0.2,5aef5c6c,1,141504.31432025498,1000
R_dipaxis_s0.2,5aef5c6c,2,18667.976890305043,1000
R_dipaxis_s0.2,5aef5c6c,3,26618.66594718084,122
R_dipaxis_s0.1,e25f1537,0,35716.16916374068,999
R_dipaxis_s0.1,e25f1537,1,82369.05423259703,1000
R_dipaxis_s0.1,e25f1537,2,195127.69161354136,1000
R_dipaxis_s0.1,e25f1537,3,39874.448689844954,178
R_dipaxis_s0.15,e25f1537,0,41218.345889639415,999
R_dipaxis_s0.15,e25f1537,1,106297.51283070656,1000
R_dipaxis_s0.15,e25f1537,2,125636.8459479009,1000
R_dipaxis_s0.15,e25f1537,3,24221.58466264941,178
R_dipaxis_s0.2,e25f1537,0,47144.265944889885,999
R_dipaxis_s0.2,e25f1537,1,134064.23571668987,1000
R_dipaxis_s0.2,e25f1537,2,72272.77020065546,1000
R_dipaxis_s0.2,e25f1537,3,12452.151987375884,178
R_dipaxis_s0.1,67847288,0,15199.000425229373,999
R_dipaxis_s0.1,67847288,1,17916.58284336799,1000
R_dipaxis_s0.1,67847288,2,145835.67698160524,1000
R_dipaxis_s0.1,67847288,3,339846.3671078449,1000
R_dipaxis_s0.1,67847288,4,115889.73202767008,1000
R_dipaxis_s0.1,67847288,5,68336.74992757931,1000
R_dipaxis_s0.1,67847288,6,143383.70498148815,1000
R_dipaxis_s0.1,67847288,7,97912.25207027333,430
R_dipaxis_s0.15,67847288,0,14121.206770693207,999
R_dipaxis_s0.15,67847288,1,17423.969442072314,1000
R_dipaxis_s0.15,67847288,2,137037.0085428105,1000
R_dipaxis_s0.15,67847288,3,317444.6580038129,1000
R_dipaxis_s0.15,67847288,4,116199.53811283423,1000
R_dipaxis_s0.15,67847288,5,68978.80342740825,1000
R_dipaxis_s0.15,67847288,6,152416.55000826102,1000
R_dipaxis_s0.15,67847288,7,108203.05662946812,430
R_dipaxis_s0.2,67847288,0,13087.99827139055,999
R_dipaxis_s0.2,67847288,1,16977.975525457194,1000
R_dipaxis_s0.2,67847288,2,128530.24858428758,1000
R_dipaxis_s0.2,67847288,3,295812.6144944814,1000
R_dipaxis_s0.2,67847288,4,116514.36924555384,1000
R_dipaxis_s0.2,67847288,5,69735.57495126616,1000
R_dipaxis_s0.2,67847288,6,161844.38645905512,1000
R_dipaxis_s0.2,67847288,7,119016.85067136795,430
R_dipaxis_s0.1,276b012a,0,128061.54902151071,999
R_dipaxis_s0.1,276b012a,1,1148102.2323759436,1000
R_dipaxis_s0.1,276b012a,2,564155.0203772758,1000
R_dipaxis_s0.1,276b012a,3,277830.6225956371,1000
R_dipaxis_s0.1,276b012a,4,339792.86829415004,838
R_dipaxis_s0.15,276b012a,0,90458.01055066998,999
R_dipaxis_s0.15,276b012a,1,912827.6766505255,1000
R_dipaxis_s0.15,276b012a,2,436196.5401831628,1000
R_dipaxis_s0.15,276b012a,3,235347.85291751474,1000
R_dipaxis_s0.15,276b012a,4,320639.1964793299,838
R_dipaxis_s0.2,276b012a,0,59487.06835876218,999
R_dipaxis_s0.2,276b012a,1,705249.5819161668,1000
R_dipaxis_s0.2,276b012a,2,324807.15913387184,1000
R_dipaxis_s0.2,276b012a,3,196681.8737887558,1000
R_dipaxis_s0.2,276b012a,4,302088.6720232439,838
R_dipaxis_s0.1,f9fc81aa,0,958.1150202509383,999
R_dipaxis_s0.1,f9fc81aa,1,5936.680949995819,1000
R_dipaxis_s0.1,f9fc81aa,2,156222.15891828772,1000
R_dipaxis_s0.1,f9fc81aa,3,113580.96296146048,1000
R_dipaxis_s0.1,f9fc81aa,4,73520.36880090945,1000
R_dipaxis_s0.1,f9fc81aa,5,50899.01670155535,599
R_dipaxis_s0.15,f9fc81aa,0,1159.3022267682823,999
R_dipaxis_s0.15,f9fc81aa,1,7859.34506425275,1000
R_dipaxis_s0.15,f9fc81aa,2,164076.47900890032,1000
R_dipaxis_s0.15,f9fc81aa,3,116313.10535909976,1000
R_dipaxis_s0.15,f9fc81aa,4,62798.098756021835,1000
R_dipaxis_s0.15,f9fc81aa,5,45326.90237980711,599
R_dipaxis_s0.2,f9fc81aa,0,1397.07113088055,999
R_dipaxis_s0.2,f9fc81aa,1,10060.95477134964,1000
R_dipaxis_s0.2,f9fc81aa,2,172737.45408716574,1000
R_dipaxis_s0.2,f9fc81aa,3,119887.00033468277,1000
R_dipaxis_s0.2,f9fc81aa,4,52957.64191423188,1000
R_dipaxis_s0.2,f9fc81aa,5,40079.97867637056,599
R_dipaxis_s0.1,9719aa04,0,1534.7711415196882,999
R_dipaxis_s0.1,9719aa04,1,3470.8888510381876,1000
R_dipaxis_s0.1,9719aa04,2,56040.8989043654,1000
R_dipaxis_s0.1,9719aa04,3,98885.66694635143,1000
R_dipaxis_s0.1,9719aa04,4,110650.02888360583,872
R_dipaxis_s0.15,9719aa04,0,1656.9395884218634,999
R_dipaxis_s0.15,9719aa04,1,3575.06664444063,1000
R_dipaxis_s0.15,9719aa04,2,58230.06714936627,1000
R_dipaxis_s0.15,9719aa04,3,100068.31764308258,1000
R_dipaxis_s0.15,9719aa04,4,125572.42466781716,872
R_dipaxis_s0.2,9719aa04,0,1797.9754527524465,999
R_dipaxis_s0.2,9719aa04,1,3890.4827497653523,1000
R_dipaxis_s0.2,9719aa04,2,60617.50745624914,1000
R_dipaxis_s0.2,9719aa04,3,102514.5902555197,1000
R_dipaxis_s0.2,9719aa04,4,142265.35044697125,872
R_dipaxis_s0.1,a622ce4d,0,130937.9671929896,999
R_dipaxis_s0.1,a622ce4d,1,390684.01163641346,1000
R_dipaxis_s0.1,a622ce4d,2,32461.711933861174,1000
R_dipaxis_s0.1,a622ce4d,3,200544.97426023905,1000
R_dipaxis_s0.1,a622ce4d,4,14051.320069182568,1000
R_dipaxis_s0.1,a622ce4d,5,4201.673003748487,1000
R_dipaxis_s0.1,a622ce4d,6,864.6351502161749,299
R_dipaxis_s0.15,a622ce4d,0,115274.95300034981,999
R_dipaxis_s0.15,a622ce4d,1,342932.1489083604,1000
R_dipaxis_s0.15,a622ce4d,2,19609.96809123984,1000
R_dipaxis_s0.15,a622ce4d,3,135697.8741850499,1000
R_dipaxis_s0.15,a622ce4d,4,2437.102881280957,1000
R_dipaxis_s0.15,a622ce4d,5,25630.08863696658,1000
R_dipaxis_s0.15,a622ce4d,6,11000.371077286849,299
R_dipaxis_s0.2,a622ce4d,0,100641.81181494359,999
R_dipaxis_s0.2,a622ce4d,1,298538.63981611526,1000
R_dipaxis_s0.2,a622ce4d,2,10224.07554224199,1000
R_dipaxis_s0.2,a622ce4d,3,84528.56250630331,1000
R_dipaxis_s0.2,a622ce4d,4,12376.539178374507,1000
R_dipaxis_s0.2,a622ce4d,5,79248.24439107222,1000
R_dipaxis_s0.2,a622ce4d,6,32634.05743899691,299
R_dipaxis_s0.1,af7a59ce,0,7007.675768444225,999
R_dipaxis_s0.1,af7a59ce,1,16614.576968589543,1000
R_dipaxis_s0.1,af7a59ce,2,11132.819499736324,1000
R_dipaxis_s0.1,af7a59ce,3,569.8560514887045,25
R_dipaxis_s0.15,af7a59ce,0,6266.694603085165,999
R_dipaxis_s0.15,af7a59ce,1,14065.830269828684,1000
R_dipaxis_s0.15,af7a59ce,2,8052.049157593487,1000
R_dipaxis_s0.15,af7a59ce,3,716.0643280681547,25
R_dipaxis_s0.2,af7a59ce,0,5567.947304670551,999
R_dipaxis_s0.2,af7a59ce,1,11737.432082361787,1000
R_dipaxis_s0.2,af7a59ce,2,5836.5755874412125,1000
R_dipaxis_s0.2,af7a59ce,3,879.0770385377297,25
R_dipaxis_s0.1,2ee0235b,0,68571.39833261477,999
R_dipaxis_s0.1,2ee0235b,1,22036.878929585397,1000
R_dipaxis_s0.1,2ee0235b,2,13999.590012192744,1000
R_dipaxis_s0.1,2ee0235b,3,21763.187221673652,1000
R_dipaxis_s0.1,2ee0235b,4,25240.643335778976,1000
R_dipaxis_s0.1,2ee0235b,5,2412.9789191495647,557
R_dipaxis_s0.15,2ee0235b,0,58833.82538334839,999
R_dipaxis_s0.15,2ee0235b,1,20062.088552100828,1000
R_dipaxis_s0.15,2ee0235b,2,6756.7206666832835,1000
R_dipaxis_s0.15,2ee0235b,3,30836.3152944559,1000
R_dipaxis_s0.15,2ee0235b,4,12744.372688661424,1000
R_dipaxis_s0.15,2ee0235b,5,3565.599215238898,557
R_dipaxis_s0.2,2ee0235b,0,49857.338890363724,999
R_dipaxis_s0.2,2ee0235b,1,19783.167946429323,1000
R_dipaxis_s0.2,2ee0235b,2,3482.2123867681294,1000
R_dipaxis_s0.2,2ee0235b,3,45474.84154186828,1000
R_dipaxis_s0.2,2ee0235b,4,6784.078431534675,1000
R_dipaxis_s0.2,2ee0235b,5,6410.357335670522,557
R_dipaxis_s0.1,ec0d597b,0,90.92708725292977,999
R_dipaxis_s0.1,ec0d597b,1,414.3649015868732,1000
R_dipaxis_s0.1,ec0d597b,2,591458.3927661235,1000
R_dipaxis_s0.1,ec0d597b,3,661951.305844928,1000
R_dipaxis_s0.1,ec0d597b,4,28164.334593378488,617
R_dipaxis_s0.15,ec0d597b,0,69.07309753209086,999
R_dipaxis_s0.15,ec0d597b,1,304.4099811416105,1000
R_dipaxis_s0.15,ec0d597b,2,567381.102965168,1000
R_dipaxis_s0.15,ec0d597b,3,702073.7667060615,1000
R_dipaxis_s0.15,ec0d597b,4,43752.638265884074,617
R_dipaxis_s0.2,ec0d597b,0,155.5041522466594,999
R_dipaxis_s0.2,ec0d597b,1,469.3447798709762,1000
R_dipaxis_s0.2,ec0d597b,2,543901.2039748719,1000
R_dipaxis_s0.2,ec0d597b,3,744378.4245929873,1000
R_dipaxis_s0.2,ec0d597b,4,65845.00238893378,617
R_dipaxis_s0.1,b8c49c1a,0,80615.45759722905,999
R_dipaxis_s0.1,b8c49c1a,1,74988.19936935842,1000
R_dipaxis_s0.1,b8c49c1a,2,19733.933642643668,1000
R_dipaxis_s0.1,b8c49c1a,3,91337.37146536616,1000
R_dipaxis_s0.1,b8c49c1a,4,11949.966390114567,320
R_dipaxis_s0.15,b8c49c1a,0,73833.4172125269,999
R_dipaxis_s0.15,b8c49c1a,1,65241.54035916607,1000
R_dipaxis_s0.15,b8c49c1a,2,17842.40750693084,1000
R_dipaxis_s0.15,b8c49c1a,3,102350.04234392865,1000
R_dipaxis_s0.15,b8c49c1a,4,15800.923193560655,320
R_dipaxis_s0.2,b8c49c1a,0,67364.36433895334,999
R_dipaxis_s0.2,b8c49c1a,1,56275.31001906706,1000
R_dipaxis_s0.2,b8c49c1a,2,16520.39799986338,1000
R_dipaxis_s0.2,b8c49c1a,3,114057.54715306858,1000
R_dipaxis_s0.2,b8c49c1a,4,20200.64663593127,320
R_dipaxis_s0.1,cd7f1687,0,6198.888788053487,999
R_dipaxis_s0.1,cd7f1687,1,117406.23559942689,1000
R_dipaxis_s0.1,cd7f1687,2,102970.82303624733,1000
R_dipaxis_s0.1,cd7f1687,3,105990.88123229987,1000
R_dipaxis_s0.1,cd7f1687,4,2020.1230781332044,233
R_dipaxis_s0.15,cd7f1687,0,4331.773332316553,999
R_dipaxis_s0.15,cd7f1687,1,93659.40881016514,1000
R_dipaxis_s0.15,cd7f1687,2,84789.84248135988,1000
R_dipaxis_s0.15,cd7f1687,3,89825.31487291798,1000
R_dipaxis_s0.15,cd7f1687,4,3539.9460793690096,233
R_dipaxis_s0.2,cd7f1687,0,3015.704210071051,999
R_dipaxis_s0.2,cd7f1687,1,72630.38732825706,1000
R_dipaxis_s0.2,cd7f1687,2,68401.50907780226,1000
R_dipaxis_s0.2,cd7f1687,3,75367.19639651738,1000
R_dipaxis_s0.2,cd7f1687,4,5502.321322050976,233
R_dipaxis_s0.1,d9ae59b2,0,7551.07640771134,999
R_dipaxis_s0.1,d9ae59b2,1,41444.45207357726,1000
R_dipaxis_s0.1,d9ae59b2,2,52988.629826896446,1000
R_dipaxis_s0.1,d9ae59b2,3,99119.69618938222,649
R_dipaxis_s0.15,d9ae59b2,0,9742.766698871665,999
R_dipaxis_s0.15,d9ae59b2,1,57164.45508126862,1000
R_dipaxis_s0.15,d9ae59b2,2,81702.91735408161,1000
R_dipaxis_s0.15,d9ae59b2,3,126697.08945839289,649
R_dipaxis_s0.2,d9ae59b2,0,12287.2121815684,999
R_dipaxis_s0.2,d9ae59b2,1,75746.49226956094,1000
R_dipaxis_s0.2,d9ae59b2,2,117084.73719042448,1000
R_dipaxis_s0.2,d9ae59b2,3,157801.6565102831,649
