fold,model,well,bucket_kft,sse,n
3,panel_direct_geom_a1000,43e16325,0,43187.94875690443,999
3,panel_direct_geom_a1000,43e16325,1,722439.0526148011,1000
3,panel_direct_geom_a1000,43e16325,2,2923534.5692977277,1000
3,panel_direct_geom_a1000,43e16325,3,4014926.259671407,721
3,panel_direct_raw_gr_a1000,43e16325,0,43195.33602813311,999
3,panel_direct_raw_gr_a1000,43e16325,1,720866.053922904,1000
3,panel_direct_raw_gr_a1000,43e16325,2,2928826.820623088,1000
3,panel_direct_raw_gr_a1000,43e16325,3,4015802.244292042,721
3,panel_direct_phase_a100,43e16325,0,12091.011391675864,999
3,panel_direct_phase_a100,43e16325,1,531557.2675906634,1000
3,panel_direct_phase_a100,43e16325,2,2610752.420509626,1000
3,panel_direct_phase_a100,43e16325,3,3726456.817787138,721
3,panel_direct_phase_a1000,43e16325,0,40913.19818610478,999
3,panel_direct_phase_a1000,43e16325,1,704751.5265328768,1000
3,panel_direct_phase_a1000,43e16325,2,2887192.5639214334,1000
3,panel_direct_phase_a1000,43e16325,3,3974502.695363359,721
3,panel_direct_phase_a10000,43e16325,0,48927.46785369321,999
3,panel_direct_phase_a10000,43e16325,1,732435.0368900873,1000
3,panel_direct_phase_a10000,43e16325,2,2924841.4173108516,1000
3,panel_direct_phase_a10000,43e16325,3,4021837.7758538052,721
3,panel_direct_geom_a1000,0849b4e2,0,1774.3241876320396,999
3,panel_direct_geom_a1000,0849b4e2,1,1219.3112573170106,1000
3,panel_direct_geom_a1000,0849b4e2,2,3601.0328300133892,1000
3,panel_direct_geom_a1000,0849b4e2,3,118007.12432219001,1000
3,panel_direct_geom_a1000,0849b4e2,4,488973.5746175482,1000
3,panel_direct_geom_a1000,0849b4e2,5,609431.746006752,538
3,panel_direct_raw_gr_a1000,0849b4e2,0,1772.001205302911,999
3,panel_direct_raw_gr_a1000,0849b4e2,1,1217.9070149883619,1000
3,panel_direct_raw_gr_a1000,0849b4e2,2,3668.071336788375,1000
3,panel_direct_raw_gr_a1000,0849b4e2,3,117537.88773301763,1000
3,panel_direct_raw_gr_a1000,0849b4e2,4,486485.64090153313,1000
3,panel_direct_raw_gr_a1000,0849b4e2,5,609952.3767820412,538
3,panel_direct_phase_a100,0849b4e2,0,2477.84195606149,999
3,panel_direct_phase_a100,0849b4e2,1,4093.8096635375114,1000
3,panel_direct_phase_a100,0849b4e2,2,3774.6798949986505,1000
3,panel_direct_phase_a100,0849b4e2,3,133195.329475211,1000
3,panel_direct_phase_a100,0849b4e2,4,530958.8816311607,1000
3,panel_direct_phase_a100,0849b4e2,5,632288.6062619456,538
3,panel_direct_phase_a1000,0849b4e2,0,1678.545283591124,999
3,panel_direct_phase_a1000,0849b4e2,1,1182.1736613685825,1000
3,panel_direct_phase_a1000,0849b4e2,2,3789.964562230246,1000
3,panel_direct_phase_a1000,0849b4e2,3,120424.55054362142,1000
3,panel_direct_phase_a1000,0849b4e2,4,497366.89382430847,1000
3,panel_direct_phase_a1000,0849b4e2,5,601657.5899019155,538
3,panel_direct_phase_a10000,0849b4e2,0,1154.4674962374322,999
3,panel_direct_phase_a10000,0849b4e2,1,866.6900430387312,1000
3,panel_direct_phase_a10000,0849b4e2,2,4446.341627521651,1000
3,panel_direct_phase_a10000,0849b4e2,3,105907.10655865834,1000
3,panel_direct_phase_a10000,0849b4e2,4,473425.2753648954,1000
3,panel_direct_phase_a10000,0849b4e2,5,598719.0425429813,538
3,panel_direct_geom_a1000,3690a146,0,75646.8414511444,999
3,panel_direct_geom_a1000,3690a146,1,13048.357488025511,1000
3,panel_direct_geom_a1000,3690a146,2,2526.090546835105,1000
3,panel_direct_geom_a1000,3690a146,3,91633.14304343892,1000
3,panel_direct_geom_a1000,3690a146,4,6332.7276943906945,74
3,panel_direct_raw_gr_a1000,3690a146,0,76063.5752085808,999
3,panel_direct_raw_gr_a1000,3690a146,1,13086.899770104626,1000
3,panel_direct_raw_gr_a1000,3690a146,2,2580.925603718508,1000
3,panel_direct_raw_gr_a1000,3690a146,3,93365.32828266827,1000
3,panel_direct_raw_gr_a1000,3690a146,4,6339.328536038579,74
3,panel_direct_phase_a100,3690a146,0,44816.33543882459,999
3,panel_direct_phase_a100,3690a146,1,19298.915812164378,1000
3,panel_direct_phase_a100,3690a146,2,8444.683421114481,1000
3,panel_direct_phase_a100,3690a146,3,130303.94844659074,1000
3,panel_direct_phase_a100,3690a146,4,7851.354129074726,74
3,panel_direct_phase_a1000,3690a146,0,77273.912731871,999
3,panel_direct_phase_a1000,3690a146,1,11752.878423926353,1000
3,panel_direct_phase_a1000,3690a146,2,2420.455669178372,1000
3,panel_direct_phase_a1000,3690a146,3,97133.37997868756,1000
3,panel_direct_phase_a1000,3690a146,4,6448.669010516167,74
3,panel_direct_phase_a10000,3690a146,0,76806.10926758229,999
3,panel_direct_phase_a10000,3690a146,1,16408.90903137936,1000
3,panel_direct_phase_a10000,3690a146,2,2889.9715880468584,1000
3,panel_direct_phase_a10000,3690a146,3,99047.56864391618,1000
3,panel_direct_phase_a10000,3690a146,4,6931.280580514634,74
3,panel_direct_geom_a1000,a0e92ed6,0,38594.29262070568,999
3,panel_direct_geom_a1000,a0e92ed6,1,29872.708240362696,1000
3,panel_direct_geom_a1000,a0e92ed6,2,47296.398564081894,1000
3,panel_direct_geom_a1000,a0e92ed6,3,16394.262528149626,1000
3,panel_direct_geom_a1000,a0e92ed6,4,204087.81799612448,898
3,panel_direct_raw_gr_a1000,a0e92ed6,0,38568.786227979064,999
3,panel_direct_raw_gr_a1000,a0e92ed6,1,29873.80991218034,1000
3,panel_direct_raw_gr_a1000,a0e92ed6,2,47672.27961031848,1000
3,panel_direct_raw_gr_a1000,a0e92ed6,3,16524.01765746462,1000
3,panel_direct_raw_gr_a1000,a0e92ed6,4,204164.10318812274,898
3,panel_direct_phase_a100,a0e92ed6,0,64883.436202114586,999
3,panel_direct_phase_a100,a0e92ed6,1,60804.19971607725,1000
3,panel_direct_phase_a100,a0e92ed6,2,87694.5686843034,1000
3,panel_direct_phase_a100,a0e92ed6,3,14592.692708006813,1000
3,panel_direct_phase_a100,a0e92ed6,4,163421.6851475423,898
3,panel_direct_phase_a1000,a0e92ed6,0,39845.20866316327,999
3,panel_direct_phase_a1000,a0e92ed6,1,32113.43186342935,1000
3,panel_direct_phase_a1000,a0e92ed6,2,47815.15508640065,1000
3,panel_direct_phase_a1000,a0e92ed6,3,20005.072258087675,1000
3,panel_direct_phase_a1000,a0e92ed6,4,212413.6002737847,898
3,panel_direct_phase_a10000,a0e92ed6,0,28918.023463269885,999
3,panel_direct_phase_a10000,a0e92ed6,1,21681.605074643114,1000
3,panel_direct_phase_a10000,a0e92ed6,2,33827.08865314554,1000
3,panel_direct_phase_a10000,a0e92ed6,3,22114.40583748679,1000
3,panel_direct_phase_a10000,a0e92ed6,4,221951.17164425447,898
3,panel_direct_geom_a1000,a15bc102,0,2353.7727466928627,999
3,panel_direct_geom_a1000,a15bc102,1,8280.7125628832,1000
3,panel_direct_geom_a1000,a15bc102,2,14298.378984039306,1000
3,panel_direct_geom_a1000,a15bc102,3,10134.767725430233,237
3,panel_direct_raw_gr_a1000,a15bc102,0,2324.2624048896196,999
3,panel_direct_raw_gr_a1000,a15bc102,1,8214.799257326316,1000
3,panel_direct_raw_gr_a1000,a15bc102,2,14441.725456110176,1000
3,panel_direct_raw_gr_a1000,a15bc102,3,10069.686119951,237
3,panel_direct_phase_a100,a15bc102,0,3047.3045391472774,999
3,panel_direct_phase_a100,a15bc102,1,6439.538416339135,1000
3,panel_direct_phase_a100,a15bc102,2,15376.065315748541,1000
3,panel_direct_phase_a100,a15bc102,3,11362.436407707846,237
3,panel_direct_phase_a1000,a15bc102,0,2546.7931812706042,999
3,panel_direct_phase_a1000,a15bc102,1,7325.69025581546,1000
3,panel_direct_phase_a1000,a15bc102,2,14197.711818892183,1000
3,panel_direct_phase_a1000,a15bc102,3,10803.528427812984,237
3,panel_direct_phase_a10000,a15bc102,0,955.965281397601,999
3,panel_direct_phase_a10000,a15bc102,1,4937.575689233273,1000
3,panel_direct_phase_a10000,a15bc102,2,10748.927149435729,1000
3,panel_direct_phase_a10000,a15bc102,3,8713.307673787154,237
3,panel_direct_geom_a1000,69c1bdad,0,53933.64753398346,999
3,panel_direct_geom_a1000,69c1bdad,1,113470.75347415709,1000
3,panel_direct_geom_a1000,69c1bdad,2,85453.63273065761,715
3,panel_direct_raw_gr_a1000,69c1bdad,0,53908.31829425775,999
3,panel_direct_raw_gr_a1000,69c1bdad,1,113222.37156983727,1000
3,panel_direct_raw_gr_a1000,69c1bdad,2,85334.65758761253,715
3,panel_direct_phase_a100,69c1bdad,0,54996.933894955786,999
3,panel_direct_phase_a100,69c1bdad,1,62114.29821256492,1000
3,panel_direct_phase_a100,69c1bdad,2,79791.92865408954,715
3,panel_direct_phase_a1000,69c1bdad,0,54627.11898344221,999
3,panel_direct_phase_a1000,69c1bdad,1,105815.16858903783,1000
3,panel_direct_phase_a1000,69c1bdad,2,84996.30504124783,715
3,panel_direct_phase_a10000,69c1bdad,0,62558.93477929049,999
3,panel_direct_phase_a10000,69c1bdad,1,107591.35187396425,1000
3,panel_direct_phase_a10000,69c1bdad,2,88623.60536186685,715
3,panel_direct_geom_a1000,f88ddb26,0,139145.54215797325,999
3,panel_direct_geom_a1000,f88ddb26,1,1852016.972737547,1000
3,panel_direct_geom_a1000,f88ddb26,2,5215236.530499927,1000
3,panel_direct_geom_a1000,f88ddb26,3,3849373.5334555586,1000
3,panel_direct_geom_a1000,f88ddb26,4,2121467.8984682453,991
3,panel_direct_raw_gr_a1000,f88ddb26,0,139562.89855745816,999
3,panel_direct_raw_gr_a1000,f88ddb26,1,1852099.499582254,1000
3,panel_direct_raw_gr_a1000,f88ddb26,2,5215651.520119742,1000
3,panel_direct_raw_gr_a1000,f88ddb26,3,3845247.839803633,1000
3,panel_direct_raw_gr_a1000,f88ddb26,4,2119402.11057826,991
3,panel_direct_phase_a100,f88ddb26,0,58782.006438662334,999
3,panel_direct_phase_a100,f88ddb26,1,1470570.7379668688,1000
3,panel_direct_phase_a100,f88ddb26,2,4746552.177661293,1000
3,panel_direct_phase_a100,f88ddb26,3,3591844.0562258735,1000
3,panel_direct_phase_a100,f88ddb26,4,2108782.6599710183,991
3,panel_direct_phase_a1000,f88ddb26,0,136098.74967252347,999
3,panel_direct_phase_a1000,f88ddb26,1,1885456.0806394175,1000
3,panel_direct_phase_a1000,f88ddb26,2,5276756.641131712,1000
3,panel_direct_phase_a1000,f88ddb26,3,3863439.806336487,1000
3,panel_direct_phase_a1000,f88ddb26,4,2119403.283405185,991
3,panel_direct_phase_a10000,f88ddb26,0,148657.09515688507,999
3,panel_direct_phase_a10000,f88ddb26,1,1895180.5642478124,1000
3,panel_direct_phase_a10000,f88ddb26,2,5251816.861876733,1000
3,panel_direct_phase_a10000,f88ddb26,3,3843977.258018833,1000
3,panel_direct_phase_a10000,f88ddb26,4,2099275.4191025477,991
3,panel_direct_geom_a1000,c1708b88,0,2065.7243489178986,999
3,panel_direct_geom_a1000,c1708b88,1,168819.0155088802,1000
3,panel_direct_geom_a1000,c1708b88,2,1003932.7905129731,1000
3,panel_direct_geom_a1000,c1708b88,3,219932.51963528845,1000
3,panel_direct_geom_a1000,c1708b88,4,302884.1463746514,1000
3,panel_direct_geom_a1000,c1708b88,5,521320.24933625816,1000
3,panel_direct_geom_a1000,c1708b88,6,32591.634565704666,316
3,panel_direct_raw_gr_a1000,c1708b88,0,2309.495146221043,999
3,panel_direct_raw_gr_a1000,c1708b88,1,169172.42898487608,1000
3,panel_direct_raw_gr_a1000,c1708b88,2,1004455.9788738451,1000
3,panel_direct_raw_gr_a1000,c1708b88,3,219711.57509270855,1000
3,panel_direct_raw_gr_a1000,c1708b88,4,299898.74676881294,1000
3,panel_direct_raw_gr_a1000,c1708b88,5,521140.80498569604,1000
3,panel_direct_raw_gr_a1000,c1708b88,6,32510.38454317836,316
3,panel_direct_phase_a100,c1708b88,0,17061.907325102093,999
3,panel_direct_phase_a100,c1708b88,1,109050.48033077408,1000
3,panel_direct_phase_a100,c1708b88,2,927152.1134531373,1000
3,panel_direct_phase_a100,c1708b88,3,259232.97897259143,1000
3,panel_direct_phase_a100,c1708b88,4,333620.2424872992,1000
3,panel_direct_phase_a100,c1708b88,5,567665.6867721712,1000
3,panel_direct_phase_a100,c1708b88,6,40704.30012143941,316
3,panel_direct_phase_a1000,c1708b88,0,1987.9704081000514,999
3,panel_direct_phase_a1000,c1708b88,1,166895.47693836925,1000
3,panel_direct_phase_a1000,c1708b88,2,1016136.3348323606,1000
3,panel_direct_phase_a1000,c1708b88,3,231707.59571651596,1000
3,panel_direct_phase_a1000,c1708b88,4,311955.76553320215,1000
3,panel_direct_phase_a1000,c1708b88,5,534325.7695646915,1000
3,panel_direct_phase_a1000,c1708b88,6,34553.48202373374,316
3,panel_direct_phase_a10000,c1708b88,0,2587.803032662933,999
3,panel_direct_phase_a10000,c1708b88,1,164483.09434858023,1000
3,panel_direct_phase_a10000,c1708b88,2,976355.5355629931,1000
3,panel_direct_phase_a10000,c1708b88,3,202354.6838373424,1000
3,panel_direct_phase_a10000,c1708b88,4,289784.7975939306,1000
3,panel_direct_phase_a10000,c1708b88,5,507241.47936336714,1000
3,panel_direct_phase_a10000,c1708b88,6,29177.43127252651,316
3,panel_direct_geom_a1000,71ccf778,0,16787.962975401224,999
3,panel_direct_geom_a1000,71ccf778,1,33939.08806793264,1000
3,panel_direct_geom_a1000,71ccf778,2,17378.089656199612,699
3,panel_direct_raw_gr_a1000,71ccf778,0,16786.6783025438,999
3,panel_direct_raw_gr_a1000,71ccf778,1,33595.474256256246,1000
3,panel_direct_raw_gr_a1000,71ccf778,2,17945.180544524752,699
3,panel_direct_phase_a100,71ccf778,0,33559.500182566015,999
3,panel_direct_phase_a100,71ccf778,1,87134.01032584689,1000
3,panel_direct_phase_a100,71ccf778,2,37148.206897390504,699
3,panel_direct_phase_a1000,71ccf778,0,18796.9073059671,999
3,panel_direct_phase_a1000,71ccf778,1,41327.10852412841,1000
3,panel_direct_phase_a1000,71ccf778,2,21805.98152333879,699
3,panel_direct_phase_a10000,71ccf778,0,18321.125396900512,999
3,panel_direct_phase_a10000,71ccf778,1,36035.04025108581,1000
3,panel_direct_phase_a10000,71ccf778,2,20255.788514975575,699
3,panel_direct_geom_a1000,1a68190b,0,24431.4488389469,999
3,panel_direct_geom_a1000,1a68190b,1,479036.2507747319,1000
3,panel_direct_geom_a1000,1a68190b,2,444190.83814415324,1000
3,panel_direct_geom_a1000,1a68190b,3,75822.57020696139,1000
3,panel_direct_geom_a1000,1a68190b,4,18247.602193328923,475
3,panel_direct_raw_gr_a1000,1a68190b,0,24610.06887813832,999
3,panel_direct_raw_gr_a1000,1a68190b,1,478506.3241339814,1000
3,panel_direct_raw_gr_a1000,1a68190b,2,442493.74576077843,1000
3,panel_direct_raw_gr_a1000,1a68190b,3,75654.1834056152,1000
3,panel_direct_raw_gr_a1000,1a68190b,4,16630.94091641496,475
3,panel_direct_phase_a100,1a68190b,0,13310.001335005001,999
3,panel_direct_phase_a100,1a68190b,1,349226.7037522561,1000
3,panel_direct_phase_a100,1a68190b,2,336902.0281994756,1000
3,panel_direct_phase_a100,1a68190b,3,38687.384827461996,1000
3,panel_direct_phase_a100,1a68190b,4,571.2058573964244,475
3,panel_direct_phase_a1000,1a68190b,0,22410.335497737055,999
3,panel_direct_phase_a1000,1a68190b,1,454717.3627511818,1000
3,panel_direct_phase_a1000,1a68190b,2,415657.95493261865,1000
3,panel_direct_phase_a1000,1a68190b,3,64167.36297602515,1000
3,panel_direct_phase_a1000,1a68190b,4,8044.443892410964,475
3,panel_direct_phase_a10000,1a68190b,0,29781.59393499164,999
3,panel_direct_phase_a10000,1a68190b,1,527001.1948550906,1000
3,panel_direct_phase_a10000,1a68190b,2,482509.4692419902,1000
3,panel_direct_phase_a10000,1a68190b,3,87169.40673046601,1000
3,panel_direct_phase_a10000,1a68190b,4,19884.596150751822,475
3,panel_direct_geom_a1000,1aaf1da0,0,785.715557894552,999
3,panel_direct_geom_a1000,1aaf1da0,1,35950.533045972064,1000
3,panel_direct_geom_a1000,1aaf1da0,2,212910.02422319487,1000
3,panel_direct_geom_a1000,1aaf1da0,3,142752.39232186854,1000
3,panel_direct_geom_a1000,1aaf1da0,4,115057.76017507988,805
3,panel_direct_raw_gr_a1000,1aaf1da0,0,719.31564267327,999
3,panel_direct_raw_gr_a1000,1aaf1da0,1,36040.24520189135,1000
3,panel_direct_raw_gr_a1000,1aaf1da0,2,212368.6744661528,1000
3,panel_direct_raw_gr_a1000,1aaf1da0,3,143659.14002452078,1000
3,panel_direct_raw_gr_a1000,1aaf1da0,4,115070.70578740975,805
3,panel_direct_phase_a100,1aaf1da0,0,5137.17049385425,999
3,panel_direct_phase_a100,1aaf1da0,1,66602.77212708263,1000
3,panel_direct_phase_a100,1aaf1da0,2,292627.0995978227,1000
3,panel_direct_phase_a100,1aaf1da0,3,174311.95051500443,1000
3,panel_direct_phase_a100,1aaf1da0,4,133839.4863266417,805
3,panel_direct_phase_a1000,1aaf1da0,0,1641.1070557189917,999
3,panel_direct_phase_a1000,1aaf1da0,1,45829.105759420185,1000
3,panel_direct_phase_a1000,1aaf1da0,2,226548.57793253337,1000
3,panel_direct_phase_a1000,1aaf1da0,3,135364.31017894432,1000
3,panel_direct_phase_a1000,1aaf1da0,4,107141.85321337612,805
3,panel_direct_phase_a10000,1aaf1da0,0,780.7825825082723,999
3,panel_direct_phase_a10000,1aaf1da0,1,27373.80139056878,1000
3,panel_direct_phase_a10000,1aaf1da0,2,188560.2591637407,1000
3,panel_direct_phase_a10000,1aaf1da0,3,121752.67857324208,1000
3,panel_direct_phase_a10000,1aaf1da0,4,101599.9324951487,805
3,panel_direct_geom_a1000,015fe0d2,0,13282.433704962998,999
3,panel_direct_geom_a1000,015fe0d2,1,240089.45470196375,1000
3,panel_direct_geom_a1000,015fe0d2,2,1006360.3431731705,1000
3,panel_direct_geom_a1000,015fe0d2,3,701855.7277809456,1000
3,panel_direct_geom_a1000,015fe0d2,4,152796.23979607943,297
3,panel_direct_raw_gr_a1000,015fe0d2,0,13706.287988160977,999
3,panel_direct_raw_gr_a1000,015fe0d2,1,240534.9922485424,1000
3,panel_direct_raw_gr_a1000,015fe0d2,2,1008149.3293277994,1000
3,panel_direct_raw_gr_a1000,015fe0d2,3,702879.3947567339,1000
3,panel_direct_raw_gr_a1000,015fe0d2,4,152690.8076303328,297
3,panel_direct_phase_a100,015fe0d2,0,7499.926409740088,999
3,panel_direct_phase_a100,015fe0d2,1,268007.36971674394,1000
3,panel_direct_phase_a100,015fe0d2,2,1088893.283340127,1000
3,panel_direct_phase_a100,015fe0d2,3,774230.1965012373,1000
3,panel_direct_phase_a100,015fe0d2,4,171182.68364567938,297
3,panel_direct_phase_a1000,015fe0d2,0,12171.021203996006,999
3,panel_direct_phase_a1000,015fe0d2,1,263399.98364543787,1000
3,panel_direct_phase_a1000,015fe0d2,2,1071645.625543384,1000
3,panel_direct_phase_a1000,015fe0d2,3,756174.5203632355,1000
3,panel_direct_phase_a1000,015fe0d2,4,167643.19190410423,297
3,panel_direct_phase_a10000,015fe0d2,0,17763.23765518369,999
3,panel_direct_phase_a10000,015fe0d2,1,268851.906038878,1000
3,panel_direct_phase_a10000,015fe0d2,2,1072072.2590523358,1000
3,panel_direct_phase_a10000,015fe0d2,3,748528.8655626252,1000
3,panel_direct_phase_a10000,015fe0d2,4,164642.8871782186,297
3,panel_direct_geom_a1000,d4f60a28,0,46469.03671390566,999
3,panel_direct_geom_a1000,d4f60a28,1,69648.96556313557,1000
3,panel_direct_geom_a1000,d4f60a28,2,76593.90410607474,1000
3,panel_direct_geom_a1000,d4f60a28,3,7339.013454597178,1000
3,panel_direct_geom_a1000,d4f60a28,4,4418.468378493489,502
3,panel_direct_raw_gr_a1000,d4f60a28,0,46947.13547921662,999
3,panel_direct_raw_gr_a1000,d4f60a28,1,71218.49285189407,1000
3,panel_direct_raw_gr_a1000,d4f60a28,2,73103.89422873552,1000
3,panel_direct_raw_gr_a1000,d4f60a28,3,8106.694263492446,1000
3,panel_direct_raw_gr_a1000,d4f60a28,4,3476.307683324394,502
3,panel_direct_phase_a100,d4f60a28,0,66251.74690621473,999
3,panel_direct_phase_a100,d4f60a28,1,99398.07035679079,1000
3,panel_direct_phase_a100,d4f60a28,2,66085.58516185677,1000
3,panel_direct_phase_a100,d4f60a28,3,3654.7471495858217,1000
3,panel_direct_phase_a100,d4f60a28,4,11351.014229451426,502
3,panel_direct_phase_a1000,d4f60a28,0,61611.82227919365,999
3,panel_direct_phase_a1000,d4f60a28,1,83819.41340362091,1000
3,panel_direct_phase_a1000,d4f60a28,2,68401.4456276436,1000
3,panel_direct_phase_a1000,d4f60a28,3,5781.813570318437,1000
3,panel_direct_phase_a1000,d4f60a28,4,6643.190007481857,502
3,panel_direct_phase_a10000,d4f60a28,0,43272.09842743069,999
3,panel_direct_phase_a10000,d4f60a28,1,63638.715267485044,1000
3,panel_direct_phase_a10000,d4f60a28,2,64006.27304845096,1000
3,panel_direct_phase_a10000,d4f60a28,3,10126.692420886755,1000
3,panel_direct_phase_a10000,d4f60a28,4,3454.2260843801896,502
3,panel_direct_geom_a1000,060ab2b8,0,35274.13012606084,999
3,panel_direct_geom_a1000,060ab2b8,1,34304.822551621975,1000
3,panel_direct_geom_a1000,060ab2b8,2,68060.21288010839,1000
3,panel_direct_geom_a1000,060ab2b8,3,88317.37174682353,1000
3,panel_direct_geom_a1000,060ab2b8,4,32065.446813399503,1000
3,panel_direct_geom_a1000,060ab2b8,5,208255.21273080254,1000
3,panel_direct_geom_a1000,060ab2b8,6,87058.41569552428,259
3,panel_direct_raw_gr_a1000,060ab2b8,0,35125.782129135434,999
3,panel_direct_raw_gr_a1000,060ab2b8,1,34300.69167537954,1000
3,panel_direct_raw_gr_a1000,060ab2b8,2,68158.50840742617,1000
3,panel_direct_raw_gr_a1000,060ab2b8,3,88327.81386359935,1000
3,panel_direct_raw_gr_a1000,060ab2b8,4,32251.074651059203,1000
3,panel_direct_raw_gr_a1000,060ab2b8,5,208151.38601016905,1000
3,panel_direct_raw_gr_a1000,060ab2b8,6,86962.51942114493,259
3,panel_direct_phase_a100,060ab2b8,0,9009.490135494307,999
3,panel_direct_phase_a100,060ab2b8,1,13878.990816186864,1000
3,panel_direct_phase_a100,060ab2b8,2,63678.722691822884,1000
3,panel_direct_phase_a100,060ab2b8,3,97773.55548232037,1000
3,panel_direct_phase_a100,060ab2b8,4,24023.36998194643,1000
3,panel_direct_phase_a100,060ab2b8,5,260208.1654715585,1000
3,panel_direct_phase_a100,060ab2b8,6,119952.99459567787,259
3,panel_direct_phase_a1000,060ab2b8,0,33011.04627791944,999
3,panel_direct_phase_a1000,060ab2b8,1,36230.6279442429,1000
3,panel_direct_phase_a1000,060ab2b8,2,86954.19918750005,1000
3,panel_direct_phase_a1000,060ab2b8,3,110709.59693806482,1000
3,panel_direct_phase_a1000,060ab2b8,4,26473.231728095332,1000
3,panel_direct_phase_a1000,060ab2b8,5,223687.76260772962,1000
3,panel_direct_phase_a1000,060ab2b8,6,95474.14598401886,259
3,panel_direct_phase_a10000,060ab2b8,0,35118.35511458816,999
3,panel_direct_phase_a10000,060ab2b8,1,31519.497409123935,1000
3,panel_direct_phase_a10000,060ab2b8,2,66927.34227793192,1000
3,panel_direct_phase_a10000,060ab2b8,3,88232.96752474204,1000
3,panel_direct_phase_a10000,060ab2b8,4,32642.93580780122,1000
3,panel_direct_phase_a10000,060ab2b8,5,202613.22763649662,1000
3,panel_direct_phase_a10000,060ab2b8,6,83280.2891993074,259
3,panel_direct_geom_a1000,e85074c5,0,113166.83673844098,999
3,panel_direct_geom_a1000,e85074c5,1,198795.996705107,1000
3,panel_direct_geom_a1000,e85074c5,2,148054.4392058233,1000
3,panel_direct_geom_a1000,e85074c5,3,50986.83234185432,1000
3,panel_direct_geom_a1000,e85074c5,4,79152.32245361719,1000
3,panel_direct_geom_a1000,e85074c5,5,66723.57411735908,676
3,panel_direct_raw_gr_a1000,e85074c5,0,114501.13719489137,999
3,panel_direct_raw_gr_a1000,e85074c5,1,200175.5428174891,1000
3,panel_direct_raw_gr_a1000,e85074c5,2,148232.2602525893,1000
3,panel_direct_raw_gr_a1000,e85074c5,3,50733.92137657996,1000
3,panel_direct_raw_gr_a1000,e85074c5,4,78456.26360382224,1000
3,panel_direct_raw_gr_a1000,e85074c5,5,66858.92641373863,676
3,panel_direct_phase_a100,e85074c5,0,100319.05534708,999
3,panel_direct_phase_a100,e85074c5,1,234372.29139455725,1000
3,panel_direct_phase_a100,e85074c5,2,206828.9370950342,1000
3,panel_direct_phase_a100,e85074c5,3,94816.64043271614,1000
3,panel_direct_phase_a100,e85074c5,4,118037.30055196676,1000
3,panel_direct_phase_a100,e85074c5,5,81563.34672170343,676
3,panel_direct_phase_a1000,e85074c5,0,109806.42582320649,999
3,panel_direct_phase_a1000,e85074c5,1,197005.85991057105,1000
3,panel_direct_phase_a1000,e85074c5,2,147848.56356832618,1000
3,panel_direct_phase_a1000,e85074c5,3,52044.19558179911,1000
3,panel_direct_phase_a1000,e85074c5,4,80655.17880380698,1000
3,panel_direct_phase_a1000,e85074c5,5,67183.14386682816,676
3,panel_direct_phase_a10000,e85074c5,0,127272.8793650791,999
3,panel_direct_phase_a10000,e85074c5,1,212014.28658162354,1000
3,panel_direct_phase_a10000,e85074c5,2,154489.41176461687,1000
3,panel_direct_phase_a10000,e85074c5,3,52606.324251335835,1000
3,panel_direct_phase_a10000,e85074c5,4,79859.99095750287,1000
3,panel_direct_phase_a10000,e85074c5,5,67642.43624134532,676
3,panel_direct_geom_a1000,eba6605e,0,195219.68898615034,999
3,panel_direct_geom_a1000,eba6605e,1,33032.30882209546,1000
3,panel_direct_geom_a1000,eba6605e,2,41526.924358984244,1000
3,panel_direct_geom_a1000,eba6605e,3,534713.7517328247,1000
3,panel_direct_geom_a1000,eba6605e,4,278224.5843153443,411
3,panel_direct_raw_gr_a1000,eba6605e,0,194734.52782193688,999
3,panel_direct_raw_gr_a1000,eba6605e,1,33441.741733944036,1000
3,panel_direct_raw_gr_a1000,eba6605e,2,41529.42347720693,1000
3,panel_direct_raw_gr_a1000,eba6605e,3,530927.3322564837,1000
3,panel_direct_raw_gr_a1000,eba6605e,4,274869.94222823455,411
3,panel_direct_phase_a100,eba6605e,0,149480.7905354306,999
3,panel_direct_phase_a100,eba6605e,1,81474.08107280592,1000
3,panel_direct_phase_a100,eba6605e,2,68676.60868280612,1000
3,panel_direct_phase_a100,eba6605e,3,601347.5707791586,1000
3,panel_direct_phase_a100,eba6605e,4,330614.0278789613,411
3,panel_direct_phase_a1000,eba6605e,0,193264.9565789361,999
3,panel_direct_phase_a1000,eba6605e,1,42426.70611089892,1000
3,panel_direct_phase_a1000,eba6605e,2,48539.66963803266,1000
3,panel_direct_phase_a1000,eba6605e,3,571333.9693736775,1000
3,panel_direct_phase_a1000,eba6605e,4,299988.0427008419,411
3,panel_direct_phase_a10000,eba6605e,0,198079.9122025673,999
3,panel_direct_phase_a10000,eba6605e,1,27987.163408935958,1000
3,panel_direct_phase_a10000,eba6605e,2,38468.38670925701,1000
3,panel_direct_phase_a10000,eba6605e,3,535233.450536523,1000
3,panel_direct_phase_a10000,eba6605e,4,280339.12963271735,411
3,panel_direct_geom_a1000,1fdbba44,0,9156.047380416243,999
3,panel_direct_geom_a1000,1fdbba44,1,34120.42882063213,1000
3,panel_direct_geom_a1000,1fdbba44,2,39397.08284397731,1000
3,panel_direct_geom_a1000,1fdbba44,3,104054.14570917131,1000
3,panel_direct_geom_a1000,1fdbba44,4,37317.004074296725,912
3,panel_direct_raw_gr_a1000,1fdbba44,0,9439.574935934463,999
3,panel_direct_raw_gr_a1000,1fdbba44,1,34141.54272805274,1000
3,panel_direct_raw_gr_a1000,1fdbba44,2,38725.49700443835,1000
3,panel_direct_raw_gr_a1000,1fdbba44,3,104171.04815028927,1000
3,panel_direct_raw_gr_a1000,1fdbba44,4,37836.58608907307,912
3,panel_direct_phase_a100,1fdbba44,0,4088.37976266811,999
3,panel_direct_phase_a100,1fdbba44,1,128692.17377652664,1000
3,panel_direct_phase_a100,1fdbba44,2,152359.10376858423,1000
3,panel_direct_phase_a100,1fdbba44,3,270349.75957465393,1000
3,panel_direct_phase_a100,1fdbba44,4,87401.76334679546,912
3,panel_direct_phase_a1000,1fdbba44,0,8810.266706506553,999
3,panel_direct_phase_a1000,1fdbba44,1,61222.08332843532,1000
3,panel_direct_phase_a1000,1fdbba44,2,69518.91907475486,1000
3,panel_direct_phase_a1000,1fdbba44,3,154395.65576779266,1000
3,panel_direct_phase_a1000,1fdbba44,4,51596.743567839905,912
3,panel_direct_phase_a10000,1fdbba44,0,10698.424107949753,999
3,panel_direct_phase_a10000,1fdbba44,1,27951.637939564378,1000
3,panel_direct_phase_a10000,1fdbba44,2,32416.950445409446,1000
3,panel_direct_phase_a10000,1fdbba44,3,93174.55932942557,1000
3,panel_direct_phase_a10000,1fdbba44,4,35067.88678542102,912
3,panel_direct_geom_a1000,e4726608,0,60147.91524563792,999
3,panel_direct_geom_a1000,e4726608,1,19625.3065655621,1000
3,panel_direct_geom_a1000,e4726608,2,21601.995394907175,1000
3,panel_direct_geom_a1000,e4726608,3,5427.599895142523,1000
3,panel_direct_geom_a1000,e4726608,4,21492.994172233713,734
3,panel_direct_raw_gr_a1000,e4726608,0,60164.79697538323,999
3,panel_direct_raw_gr_a1000,e4726608,1,19547.8308673252,1000
3,panel_direct_raw_gr_a1000,e4726608,2,21654.96082274282,1000
3,panel_direct_raw_gr_a1000,e4726608,3,5480.946674846916,1000
3,panel_direct_raw_gr_a1000,e4726608,4,21537.072112517428,734
3,panel_direct_phase_a100,e4726608,0,24946.38926127994,999
3,panel_direct_phase_a100,e4726608,1,3635.0882475307844,1000
3,panel_direct_phase_a100,e4726608,2,10627.740499932734,1000
3,panel_direct_phase_a100,e4726608,3,552.6468099160988,1000
3,panel_direct_phase_a100,e4726608,4,34186.53074908833,734
3,panel_direct_phase_a1000,e4726608,0,58592.492616675634,999
3,panel_direct_phase_a1000,e4726608,1,19266.07137451299,1000
3,panel_direct_phase_a1000,e4726608,2,21650.744317133307,1000
3,panel_direct_phase_a1000,e4726608,3,5169.704859887136,1000
3,panel_direct_phase_a1000,e4726608,4,22186.47746694249,734
3,panel_direct_phase_a10000,e4726608,0,77925.72112474091,999
3,panel_direct_phase_a10000,e4726608,1,32961.824918382496,1000
3,panel_direct_phase_a10000,e4726608,2,31379.679815743173,1000
3,panel_direct_phase_a10000,e4726608,3,9908.784585786461,1000
3,panel_direct_phase_a10000,e4726608,4,19154.867405797282,734
3,panel_direct_geom_a1000,5def1ce5,0,43406.51753858541,999
3,panel_direct_geom_a1000,5def1ce5,1,136110.03434545494,1000
3,panel_direct_geom_a1000,5def1ce5,2,139990.4911597317,1000
3,panel_direct_geom_a1000,5def1ce5,3,18713.945494451258,1000
3,panel_direct_geom_a1000,5def1ce5,4,17666.156280435043,1000
3,panel_direct_geom_a1000,5def1ce5,5,10726.14401764361,1000
3,panel_direct_geom_a1000,5def1ce5,6,6058.009507532098,444
3,panel_direct_raw_gr_a1000,5def1ce5,0,43423.77833229885,999
3,panel_direct_raw_gr_a1000,5def1ce5,1,135749.95030042203,1000
3,panel_direct_raw_gr_a1000,5def1ce5,2,138679.33751218178,1000
3,panel_direct_raw_gr_a1000,5def1ce5,3,18425.43108358233,1000
3,panel_direct_raw_gr_a1000,5def1ce5,4,17296.64826951108,1000
3,panel_direct_raw_gr_a1000,5def1ce5,5,10635.66797441696,1000
3,panel_direct_raw_gr_a1000,5def1ce5,6,6115.8559301253335,444
3,panel_direct_phase_a100,5def1ce5,0,7428.398855309601,999
3,panel_direct_phase_a100,5def1ce5,1,145367.1674285786,1000
3,panel_direct_phase_a100,5def1ce5,2,145055.7610404516,1000
3,panel_direct_phase_a100,5def1ce5,3,19518.814290834558,1000
3,panel_direct_phase_a100,5def1ce5,4,38216.99650637998,1000
3,panel_direct_phase_a100,5def1ce5,5,12169.408328287414,1000
3,panel_direct_phase_a100,5def1ce5,6,13336.104318068743,444
3,panel_direct_phase_a1000,5def1ce5,0,39655.819266890685,999
3,panel_direct_phase_a1000,5def1ce5,1,132274.36569273408,1000
3,panel_direct_phase_a1000,5def1ce5,2,132899.65027171688,1000
3,panel_direct_phase_a1000,5def1ce5,3,20152.327295212654,1000
3,panel_direct_phase_a1000,5def1ce5,4,22936.800351904487,1000
3,panel_direct_phase_a1000,5def1ce5,5,10396.761469046409,1000
3,panel_direct_phase_a1000,5def1ce5,6,6897.59988849331,444
3,panel_direct_phase_a10000,5def1ce5,0,46540.373972293535,999
3,panel_direct_phase_a10000,5def1ce5,1,147677.22841616313,1000
3,panel_direct_phase_a10000,5def1ce5,2,152113.950363812,1000
3,panel_direct_phase_a10000,5def1ce5,3,17845.271442136764,1000
3,panel_direct_phase_a10000,5def1ce5,4,20862.94475369981,1000
3,panel_direct_phase_a10000,5def1ce5,5,8934.546322197924,1000
3,panel_direct_phase_a10000,5def1ce5,6,4445.598122630826,444
3,panel_direct_geom_a1000,bcebcc5f,0,335811.78607898316,999
3,panel_direct_geom_a1000,bcebcc5f,1,609148.7801307407,1000
3,panel_direct_geom_a1000,bcebcc5f,2,766189.6785056789,1000
3,panel_direct_geom_a1000,bcebcc5f,3,119830.18283839365,1000
3,panel_direct_geom_a1000,bcebcc5f,4,422385.61788578704,1000
3,panel_direct_geom_a1000,bcebcc5f,5,834748.5665900153,1000
3,panel_direct_geom_a1000,bcebcc5f,6,353491.848526957,259
3,panel_direct_raw_gr_a1000,bcebcc5f,0,335572.6127432375,999
3,panel_direct_raw_gr_a1000,bcebcc5f,1,609779.5905254398,1000
3,panel_direct_raw_gr_a1000,bcebcc5f,2,759790.9797795062,1000
3,panel_direct_raw_gr_a1000,bcebcc5f,3,117588.26785846273,1000
3,panel_direct_raw_gr_a1000,bcebcc5f,4,421740.2202351961,1000
3,panel_direct_raw_gr_a1000,bcebcc5f,5,834475.0435165955,1000
3,panel_direct_raw_gr_a1000,bcebcc5f,6,350562.0449316096,259
3,panel_direct_phase_a100,bcebcc5f,0,226074.01992271873,999
3,panel_direct_phase_a100,bcebcc5f,1,557112.0401294591,1000
3,panel_direct_phase_a100,bcebcc5f,2,752223.7119499025,1000
3,panel_direct_phase_a100,bcebcc5f,3,91332.45925392426,1000
3,panel_direct_phase_a100,bcebcc5f,4,432918.50223694724,1000
3,panel_direct_phase_a100,bcebcc5f,5,845918.5597140907,1000
3,panel_direct_phase_a100,bcebcc5f,6,313255.415021742,259
3,panel_direct_phase_a1000,bcebcc5f,0,315969.258608554,999
3,panel_direct_phase_a1000,bcebcc5f,1,583560.104138287,1000
3,panel_direct_phase_a1000,bcebcc5f,2,744504.0903998372,1000
3,panel_direct_phase_a1000,bcebcc5f,3,96466.38602817782,1000
3,panel_direct_phase_a1000,bcebcc5f,4,418605.14923902135,1000
3,panel_direct_phase_a1000,bcebcc5f,5,866193.2512253721,1000
3,panel_direct_phase_a1000,bcebcc5f,6,361154.1111102501,259
3,panel_direct_phase_a10000,bcebcc5f,0,371869.6318904836,999
3,panel_direct_phase_a10000,bcebcc5f,1,640173.4015266912,1000
3,panel_direct_phase_a10000,bcebcc5f,2,796264.8964712648,1000
3,panel_direct_phase_a10000,bcebcc5f,3,123434.74350928084,1000
3,panel_direct_phase_a10000,bcebcc5f,4,431354.72791451367,1000
3,panel_direct_phase_a10000,bcebcc5f,5,856694.3215949552,1000
3,panel_direct_phase_a10000,bcebcc5f,6,365739.45524067665,259
3,panel_direct_geom_a1000,833af382,0,152464.7947501905,999
3,panel_direct_geom_a1000,833af382,1,97231.81367985786,1000
3,panel_direct_geom_a1000,833af382,2,213461.13355494157,1000
3,panel_direct_geom_a1000,833af382,3,3899.9580117290675,629
3,panel_direct_raw_gr_a1000,833af382,0,152488.15069975745,999
3,panel_direct_raw_gr_a1000,833af382,1,97232.30103790355,1000
3,panel_direct_raw_gr_a1000,833af382,2,210603.6031857573,1000
3,panel_direct_raw_gr_a1000,833af382,3,3914.163292902776,629
3,panel_direct_phase_a100,833af382,0,171051.8072380314,999
3,panel_direct_phase_a100,833af382,1,149820.13445987436,1000
3,panel_direct_phase_a100,833af382,2,266083.48791220156,1000
3,panel_direct_phase_a100,833af382,3,17352.82693253094,629
3,panel_direct_phase_a1000,833af382,0,149823.44500708245,999
3,panel_direct_phase_a1000,833af382,1,101205.80956644996,1000
3,panel_direct_phase_a1000,833af382,2,212053.12522761902,1000
3,panel_direct_phase_a1000,833af382,3,3569.86797630155,629
3,panel_direct_phase_a10000,833af382,0,165411.28214349019,999
3,panel_direct_phase_a10000,833af382,1,102041.19699762481,1000
3,panel_direct_phase_a10000,833af382,2,221104.60955401498,1000
3,panel_direct_phase_a10000,833af382,3,4078.3891702886654,629
3,panel_direct_geom_a1000,c9e980e8,0,3003.153438583564,999
3,panel_direct_geom_a1000,c9e980e8,1,6716.651468424546,1000
3,panel_direct_geom_a1000,c9e980e8,2,175347.68133587838,1000
3,panel_direct_geom_a1000,c9e980e8,3,224987.868610225,1000
3,panel_direct_geom_a1000,c9e980e8,4,86476.72246311298,360
3,panel_direct_raw_gr_a1000,c9e980e8,0,2978.7737112322416,999
3,panel_direct_raw_gr_a1000,c9e980e8,1,6631.093339163374,1000
3,panel_direct_raw_gr_a1000,c9e980e8,2,176077.33344238234,1000
3,panel_direct_raw_gr_a1000,c9e980e8,3,227125.61152295372,1000
3,panel_direct_raw_gr_a1000,c9e980e8,4,88427.06407296266,360
3,panel_direct_phase_a100,c9e980e8,0,11596.61760799297,999
3,panel_direct_phase_a100,c9e980e8,1,51753.0698947766,1000
3,panel_direct_phase_a100,c9e980e8,2,311451.38703273074,1000
3,panel_direct_phase_a100,c9e980e8,3,323634.02901148965,1000
3,panel_direct_phase_a100,c9e980e8,4,112995.24816259183,360
3,panel_direct_phase_a1000,c9e980e8,0,4214.526041788727,999
3,panel_direct_phase_a1000,c9e980e8,1,13143.337861497741,1000
3,panel_direct_phase_a1000,c9e980e8,2,206440.13560741747,1000
3,panel_direct_phase_a1000,c9e980e8,3,234344.60778834354,1000
3,panel_direct_phase_a1000,c9e980e8,4,84417.0507619429,360
3,panel_direct_phase_a10000,c9e980e8,0,1033.0608618232375,999
3,panel_direct_phase_a10000,c9e980e8,1,2289.506909228856,1000
3,panel_direct_phase_a10000,c9e980e8,2,157116.75563854756,1000
3,panel_direct_phase_a10000,c9e980e8,3,199774.07221323773,1000
3,panel_direct_phase_a10000,c9e980e8,4,76578.4857301671,360
3,panel_direct_geom_a1000,94d813a4,0,17669.388934470717,999
3,panel_direct_geom_a1000,94d813a4,1,135289.78981889432,1000
3,panel_direct_geom_a1000,94d813a4,2,625410.2874999043,1000
3,panel_direct_geom_a1000,94d813a4,3,2659129.5395440063,1000
3,panel_direct_geom_a1000,94d813a4,4,2811816.2532160524,848
3,panel_direct_raw_gr_a1000,94d813a4,0,17598.320350108454,999
3,panel_direct_raw_gr_a1000,94d813a4,1,135380.37241703944,1000
3,panel_direct_raw_gr_a1000,94d813a4,2,628374.5742352041,1000
3,panel_direct_raw_gr_a1000,94d813a4,3,2663417.869267563,1000
3,panel_direct_raw_gr_a1000,94d813a4,4,2816980.164534215,848
3,panel_direct_phase_a100,94d813a4,0,11517.967043666851,999
3,panel_direct_phase_a100,94d813a4,1,102105.4460118326,1000
3,panel_direct_phase_a100,94d813a4,2,523862.53128944355,1000
3,panel_direct_phase_a100,94d813a4,3,2443583.450116897,1000
3,panel_direct_phase_a100,94d813a4,4,2702065.1162226493,848
3,panel_direct_phase_a1000,94d813a4,0,13577.218918934346,999
3,panel_direct_phase_a1000,94d813a4,1,115778.30348831652,1000
3,panel_direct_phase_a1000,94d813a4,2,589169.5926394431,1000
3,panel_direct_phase_a1000,94d813a4,3,2589806.0352783664,1000
3,panel_direct_phase_a1000,94d813a4,4,2779261.8679846954,848
3,panel_direct_phase_a10000,94d813a4,0,22665.664519794514,999
3,panel_direct_phase_a10000,94d813a4,1,150847.64755257528,1000
3,panel_direct_phase_a10000,94d813a4,2,654565.1031784253,1000
3,panel_direct_phase_a10000,94d813a4,3,2721574.825124656,1000
3,panel_direct_phase_a10000,94d813a4,4,2857274.174681039,848
3,panel_direct_geom_a1000,481de5fc,0,44044.26514287612,999
3,panel_direct_geom_a1000,481de5fc,1,213785.94293547593,1000
3,panel_direct_geom_a1000,481de5fc,2,293826.54326813546,1000
3,panel_direct_geom_a1000,481de5fc,3,196834.0086932382,1000
3,panel_direct_geom_a1000,481de5fc,4,140078.91043263866,1000
3,panel_direct_geom_a1000,481de5fc,5,122366.92664504015,953
3,panel_direct_raw_gr_a1000,481de5fc,0,44218.04215380445,999
3,panel_direct_raw_gr_a1000,481de5fc,1,216119.91601942037,1000
3,panel_direct_raw_gr_a1000,481de5fc,2,298440.29758920544,1000
3,panel_direct_raw_gr_a1000,481de5fc,3,193515.06102473676,1000
3,panel_direct_raw_gr_a1000,481de5fc,4,142194.9194561952,1000
3,panel_direct_raw_gr_a1000,481de5fc,5,122886.29664427547,953
3,panel_direct_phase_a100,481de5fc,0,49713.77804552353,999
3,panel_direct_phase_a100,481de5fc,1,242335.03174086474,1000
3,panel_direct_phase_a100,481de5fc,2,339760.8624495617,1000
3,panel_direct_phase_a100,481de5fc,3,194271.88691500027,1000
3,panel_direct_phase_a100,481de5fc,4,186717.85444137314,1000
3,panel_direct_phase_a100,481de5fc,5,86398.67260486004,953
3,panel_direct_phase_a1000,481de5fc,0,47860.67897882472,999
3,panel_direct_phase_a1000,481de5fc,1,217945.537420062,1000
3,panel_direct_phase_a1000,481de5fc,2,284886.39914597204,1000
3,panel_direct_phase_a1000,481de5fc,3,176022.94731131854,1000
3,panel_direct_phase_a1000,481de5fc,4,152179.20650663928,1000
3,panel_direct_phase_a1000,481de5fc,5,113106.77923150286,953
3,panel_direct_phase_a10000,481de5fc,0,50753.79165478227,999
3,panel_direct_phase_a10000,481de5fc,1,232681.74744181725,1000
3,panel_direct_phase_a10000,481de5fc,2,305671.8775796702,1000
3,panel_direct_phase_a10000,481de5fc,3,201896.50674531833,1000
3,panel_direct_phase_a10000,481de5fc,4,149137.34289500315,1000
3,panel_direct_phase_a10000,481de5fc,5,128246.79153879796,953
3,panel_direct_geom_a1000,861e71df,0,255.66723260449226,999
3,panel_direct_geom_a1000,861e71df,1,57006.5132735903,1000
3,panel_direct_geom_a1000,861e71df,2,195607.89621417897,1000
3,panel_direct_geom_a1000,861e71df,3,329592.2324088492,1000
3,panel_direct_geom_a1000,861e71df,4,146721.7709553178,701
3,panel_direct_raw_gr_a1000,861e71df,0,267.80399397092765,999
3,panel_direct_raw_gr_a1000,861e71df,1,57200.42896386572,1000
3,panel_direct_raw_gr_a1000,861e71df,2,195309.3795940847,1000
3,panel_direct_raw_gr_a1000,861e71df,3,333347.63158504886,1000
3,panel_direct_raw_gr_a1000,861e71df,4,146625.35212555973,701
3,panel_direct_phase_a100,861e71df,0,9456.505967189147,999
3,panel_direct_phase_a100,861e71df,1,121556.55138393183,1000
3,panel_direct_phase_a100,861e71df,2,247504.1582261849,1000
3,panel_direct_phase_a100,861e71df,3,434159.97420472914,1000
3,panel_direct_phase_a100,861e71df,4,248481.46742824,701
3,panel_direct_phase_a1000,861e71df,0,554.3926411287177,999
3,panel_direct_phase_a1000,861e71df,1,71737.0885255017,1000
3,panel_direct_phase_a1000,861e71df,2,211261.4083378405,1000
3,panel_direct_phase_a1000,861e71df,3,370846.9918057542,1000
3,panel_direct_phase_a1000,861e71df,4,172284.82602492446,701
3,panel_direct_phase_a10000,861e71df,0,398.2087301431906,999
3,panel_direct_phase_a10000,861e71df,1,43285.00381744124,1000
3,panel_direct_phase_a10000,861e71df,2,174422.31118424897,1000
3,panel_direct_phase_a10000,861e71df,3,310699.67500448186,1000
3,panel_direct_phase_a10000,861e71df,4,137512.15820504777,701
3,panel_direct_geom_a1000,d50c649a,0,161652.20170209417,999
3,panel_direct_geom_a1000,d50c649a,1,48698.272521993465,1000
3,panel_direct_geom_a1000,d50c649a,2,29784.11488959267,1000
3,panel_direct_geom_a1000,d50c649a,3,25787.88917508443,1000
3,panel_direct_geom_a1000,d50c649a,4,20522.91104237073,874
3,panel_direct_raw_gr_a1000,d50c649a,0,161359.15041569673,999
3,panel_direct_raw_gr_a1000,d50c649a,1,48257.324810483995,1000
3,panel_direct_raw_gr_a1000,d50c649a,2,30450.462485691827,1000
3,panel_direct_raw_gr_a1000,d50c649a,3,24841.362395179698,1000
3,panel_direct_raw_gr_a1000,d50c649a,4,20119.066349099103,874
3,panel_direct_phase_a100,d50c649a,0,129947.37144365555,999
3,panel_direct_phase_a100,d50c649a,1,98046.09592786763,1000
3,panel_direct_phase_a100,d50c649a,2,72733.88755038101,1000
3,panel_direct_phase_a100,d50c649a,3,53729.990055936076,1000
3,panel_direct_phase_a100,d50c649a,4,31400.093527205336,874
3,panel_direct_phase_a1000,d50c649a,0,159586.545949286,999
3,panel_direct_phase_a1000,d50c649a,1,57338.29845071152,1000
3,panel_direct_phase_a1000,d50c649a,2,34558.32218477932,1000
3,panel_direct_phase_a1000,d50c649a,3,25195.14887469089,1000
3,panel_direct_phase_a1000,d50c649a,4,16941.782994747628,874
3,panel_direct_phase_a10000,d50c649a,0,152157.73831877502,999
3,panel_direct_phase_a10000,d50c649a,1,38880.6795450311,1000
3,panel_direct_phase_a10000,d50c649a,2,21867.794837186684,1000
3,panel_direct_phase_a10000,d50c649a,3,16833.400698098198,1000
3,panel_direct_phase_a10000,d50c649a,4,14500.185934685705,874
3,panel_direct_geom_a1000,fcfcc902,0,55184.16434789244,999
3,panel_direct_geom_a1000,fcfcc902,1,84432.78686084358,1000
3,panel_direct_geom_a1000,fcfcc902,2,108799.7287052776,792
3,panel_direct_raw_gr_a1000,fcfcc902,0,55323.434129346606,999
3,panel_direct_raw_gr_a1000,fcfcc902,1,84280.79480415481,1000
3,panel_direct_raw_gr_a1000,fcfcc902,2,109771.07624063749,792
3,panel_direct_phase_a100,fcfcc902,0,22677.644549036093,999
3,panel_direct_phase_a100,fcfcc902,1,48181.44454160697,1000
3,panel_direct_phase_a100,fcfcc902,2,79925.37658485916,792
3,panel_direct_phase_a1000,fcfcc902,0,54122.634420347655,999
3,panel_direct_phase_a1000,fcfcc902,1,89463.83955492066,1000
3,panel_direct_phase_a1000,fcfcc902,2,116881.84541754906,792
3,panel_direct_phase_a10000,fcfcc902,0,53409.671538435614,999
3,panel_direct_phase_a10000,fcfcc902,1,78238.64315952409,1000
3,panel_direct_phase_a10000,fcfcc902,2,103378.94378478738,792
3,panel_direct_geom_a1000,173ed841,0,5772.517091142711,999
3,panel_direct_geom_a1000,173ed841,1,204099.32900935516,1000
3,panel_direct_geom_a1000,173ed841,2,545988.8634479333,1000
3,panel_direct_geom_a1000,173ed841,3,660920.9290771409,1000
3,panel_direct_geom_a1000,173ed841,4,224200.3612046848,884
3,panel_direct_raw_gr_a1000,173ed841,0,6366.443867724786,999
3,panel_direct_raw_gr_a1000,173ed841,1,204013.00885504577,1000
3,panel_direct_raw_gr_a1000,173ed841,2,537295.357044506,1000
3,panel_direct_raw_gr_a1000,173ed841,3,649072.3461529422,1000
3,panel_direct_raw_gr_a1000,173ed841,4,214013.3745839952,884
3,panel_direct_phase_a100,173ed841,0,1492.3748892230158,999
3,panel_direct_phase_a100,173ed841,1,360790.67988333077,1000
3,panel_direct_phase_a100,173ed841,2,726508.2403612883,1000
3,panel_direct_phase_a100,173ed841,3,923143.4340025943,1000
3,panel_direct_phase_a100,173ed841,4,457050.5785250223,884
3,panel_direct_phase_a1000,173ed841,0,3859.8304187197673,999
3,panel_direct_phase_a1000,173ed841,1,280708.36205084255,1000
3,panel_direct_phase_a1000,173ed841,2,660005.5404873716,1000
3,panel_direct_phase_a1000,173ed841,3,766623.682316867,1000
3,panel_direct_phase_a1000,173ed841,4,284258.573483185,884
3,panel_direct_phase_a10000,173ed841,0,8424.45506906911,999
3,panel_direct_phase_a10000,173ed841,1,195571.4211474634,1000
3,panel_direct_phase_a10000,173ed841,2,539960.4543044167,1000
3,panel_direct_phase_a10000,173ed841,3,654952.4469316286,1000
3,panel_direct_phase_a10000,173ed841,4,221007.20128579868,884
3,panel_direct_geom_a1000,9b9e3b49,0,19855.53545959865,999
3,panel_direct_geom_a1000,9b9e3b49,1,15351.796020962041,1000
3,panel_direct_geom_a1000,9b9e3b49,2,42995.219183770154,1000
3,panel_direct_geom_a1000,9b9e3b49,3,64182.61449271871,1000
3,panel_direct_geom_a1000,9b9e3b49,4,186478.64720517956,1000
3,panel_direct_geom_a1000,9b9e3b49,5,14228.463440878955,119
3,panel_direct_raw_gr_a1000,9b9e3b49,0,19776.102473710434,999
3,panel_direct_raw_gr_a1000,9b9e3b49,1,15249.699423874705,1000
3,panel_direct_raw_gr_a1000,9b9e3b49,2,42009.12155757518,1000
3,panel_direct_raw_gr_a1000,9b9e3b49,3,63037.95201472925,1000
3,panel_direct_raw_gr_a1000,9b9e3b49,4,188673.63720286023,1000
3,panel_direct_raw_gr_a1000,9b9e3b49,5,13950.673272944528,119
3,panel_direct_phase_a100,9b9e3b49,0,28522.053568794403,999
3,panel_direct_phase_a100,9b9e3b49,1,106401.28445690624,1000
3,panel_direct_phase_a100,9b9e3b49,2,167934.69564719978,1000
3,panel_direct_phase_a100,9b9e3b49,3,130741.82469888579,1000
3,panel_direct_phase_a100,9b9e3b49,4,165792.61586688765,1000
3,panel_direct_phase_a100,9b9e3b49,5,10162.196730198206,119
3,panel_direct_phase_a1000,9b9e3b49,0,20026.258154798004,999
3,panel_direct_phase_a1000,9b9e3b49,1,26734.743382397668,1000
3,panel_direct_phase_a1000,9b9e3b49,2,65094.269227518715,1000
3,panel_direct_phase_a1000,9b9e3b49,3,70243.00321226795,1000
3,panel_direct_phase_a1000,9b9e3b49,4,200477.19740249982,1000
3,panel_direct_phase_a1000,9b9e3b49,5,13928.353175992932,119
3,panel_direct_phase_a10000,9b9e3b49,0,22218.76433914952,999
3,panel_direct_phase_a10000,9b9e3b49,1,7444.160673294766,1000
3,panel_direct_phase_a10000,9b9e3b49,2,31468.210387557872,1000
3,panel_direct_phase_a10000,9b9e3b49,3,49581.9016234997,1000
3,panel_direct_phase_a10000,9b9e3b49,4,206733.84597066173,1000
3,panel_direct_phase_a10000,9b9e3b49,5,15118.347418171488,119
3,panel_direct_geom_a1000,2be5c96a,0,29432.164116740223,999
3,panel_direct_geom_a1000,2be5c96a,1,9259.803563866177,1000
3,panel_direct_geom_a1000,2be5c96a,2,6319.878769047685,1000
3,panel_direct_geom_a1000,2be5c96a,3,7309.729721810213,1000
3,panel_direct_geom_a1000,2be5c96a,4,602.0721607585347,211
3,panel_direct_raw_gr_a1000,2be5c96a,0,29460.192769380566,999
3,panel_direct_raw_gr_a1000,2be5c96a,1,9177.181713313035,1000
3,panel_direct_raw_gr_a1000,2be5c96a,2,6164.266758028795,1000
3,panel_direct_raw_gr_a1000,2be5c96a,3,7116.8584003054975,1000
3,panel_direct_raw_gr_a1000,2be5c96a,4,586.9852717542868,211
3,panel_direct_phase_a100,2be5c96a,0,26401.920356166484,999
3,panel_direct_phase_a100,2be5c96a,1,8145.740034691217,1000
3,panel_direct_phase_a100,2be5c96a,2,5530.502676346842,1000
3,panel_direct_phase_a100,2be5c96a,3,4939.508645225839,1000
3,panel_direct_phase_a100,2be5c96a,4,241.46888928892116,211
3,panel_direct_phase_a1000,2be5c96a,0,28613.055238265173,999
3,panel_direct_phase_a1000,2be5c96a,1,9149.63584800582,1000
3,panel_direct_phase_a1000,2be5c96a,2,5699.909383051728,1000
3,panel_direct_phase_a1000,2be5c96a,3,5606.562208196941,1000
3,panel_direct_phase_a1000,2be5c96a,4,334.75340468930665,211
3,panel_direct_phase_a10000,2be5c96a,0,34973.7848232344,999
3,panel_direct_phase_a10000,2be5c96a,1,8275.968826122993,1000
3,panel_direct_phase_a10000,2be5c96a,2,5648.13972149351,1000
3,panel_direct_phase_a10000,2be5c96a,3,4574.143448206508,1000
3,panel_direct_phase_a10000,2be5c96a,4,294.00322225892813,211
3,panel_direct_geom_a1000,9dede370,0,49703.28785828429,999
3,panel_direct_geom_a1000,9dede370,1,89640.2133387892,1000
3,panel_direct_geom_a1000,9dede370,2,261373.84162704725,1000
3,panel_direct_geom_a1000,9dede370,3,918969.7780073509,1000
3,panel_direct_geom_a1000,9dede370,4,544191.2125864001,1000
3,panel_direct_geom_a1000,9dede370,5,358750.89700513054,1000
3,panel_direct_geom_a1000,9dede370,6,181342.8327554569,298
3,panel_direct_raw_gr_a1000,9dede370,0,49444.98737016188,999
3,panel_direct_raw_gr_a1000,9dede370,1,88677.0006270441,1000
3,panel_direct_raw_gr_a1000,9dede370,2,262728.086486808,1000
3,panel_direct_raw_gr_a1000,9dede370,3,916719.1098673906,1000
3,panel_direct_raw_gr_a1000,9dede370,4,545233.0750729251,1000
3,panel_direct_raw_gr_a1000,9dede370,5,358669.57573579927,1000
3,panel_direct_raw_gr_a1000,9dede370,6,181181.98169364428,298
3,panel_direct_phase_a100,9dede370,0,42353.7456354554,999
3,panel_direct_phase_a100,9dede370,1,123474.76858285078,1000
3,panel_direct_phase_a100,9dede370,2,357617.4806343923,1000
3,panel_direct_phase_a100,9dede370,3,951665.1299427837,1000
3,panel_direct_phase_a100,9dede370,4,617751.0371328557,1000
3,panel_direct_phase_a100,9dede370,5,445744.8900000692,1000
3,panel_direct_phase_a100,9dede370,6,170435.61083373966,298
3,panel_direct_phase_a1000,9dede370,0,50359.43724407637,999
3,panel_direct_phase_a1000,9dede370,1,92397.60562876202,1000
3,panel_direct_phase_a1000,9dede370,2,265987.21026872273,1000
3,panel_direct_phase_a1000,9dede370,3,872600.0662784419,1000
3,panel_direct_phase_a1000,9dede370,4,520044.5033790012,1000
3,panel_direct_phase_a1000,9dede370,5,365113.6018192499,1000
3,panel_direct_phase_a1000,9dede370,6,173748.8163281787,298
3,panel_direct_phase_a10000,9dede370,0,42847.44288555103,999
3,panel_direct_phase_a10000,9dede370,1,71672.50083538162,1000
3,panel_direct_phase_a10000,9dede370,2,228738.9824638298,1000
3,panel_direct_phase_a10000,9dede370,3,858583.6258286044,1000
3,panel_direct_phase_a10000,9dede370,4,509148.19736068835,1000
3,panel_direct_phase_a10000,9dede370,5,342983.7706548734,1000
3,panel_direct_phase_a10000,9dede370,6,172021.60321529023,298
3,panel_direct_geom_a1000,2fe023be,0,80809.43605356078,999
3,panel_direct_geom_a1000,2fe023be,1,328942.9648773127,1000
3,panel_direct_geom_a1000,2fe023be,2,272776.23554063524,1000
3,panel_direct_geom_a1000,2fe023be,3,103613.62993842675,1000
3,panel_direct_geom_a1000,2fe023be,4,25342.484791143415,222
3,panel_direct_raw_gr_a1000,2fe023be,0,80556.28928473436,999
3,panel_direct_raw_gr_a1000,2fe023be,1,328064.09767177905,1000
3,panel_direct_raw_gr_a1000,2fe023be,2,273490.3201082071,1000
3,panel_direct_raw_gr_a1000,2fe023be,3,104466.57106477935,1000
3,panel_direct_raw_gr_a1000,2fe023be,4,24872.26189745736,222
3,panel_direct_phase_a100,2fe023be,0,84698.9336618702,999
3,panel_direct_phase_a100,2fe023be,1,360704.03958350595,1000
3,panel_direct_phase_a100,2fe023be,2,299635.1548661677,1000
3,panel_direct_phase_a100,2fe023be,3,108015.35881911551,1000
3,panel_direct_phase_a100,2fe023be,4,22545.559663667525,222
3,panel_direct_phase_a1000,2fe023be,0,80200.96026468751,999
3,panel_direct_phase_a1000,2fe023be,1,340922.483768174,1000
3,panel_direct_phase_a1000,2fe023be,2,278523.0359529487,1000
3,panel_direct_phase_a1000,2fe023be,3,96085.79887449185,1000
3,panel_direct_phase_a1000,2fe023be,4,28936.946731750962,222
3,panel_direct_phase_a10000,2fe023be,0,70400.93679587707,999
3,panel_direct_phase_a10000,2fe023be,1,301501.54534266656,1000
3,panel_direct_phase_a10000,2fe023be,2,248465.20569629324,1000
3,panel_direct_phase_a10000,2fe023be,3,89237.59006614391,1000
3,panel_direct_phase_a10000,2fe023be,4,30013.92197529585,222
3,panel_direct_geom_a1000,ac6f01d5,0,16900.859344720608,999
3,panel_direct_geom_a1000,ac6f01d5,1,260047.2173326926,1000
3,panel_direct_geom_a1000,ac6f01d5,2,551627.3201246037,1000
3,panel_direct_geom_a1000,ac6f01d5,3,311739.79440489784,1000
3,panel_direct_geom_a1000,ac6f01d5,4,206439.6020739902,1000
3,panel_direct_geom_a1000,ac6f01d5,5,1160.1282310969013,5
3,panel_direct_raw_gr_a1000,ac6f01d5,0,17140.22749366008,999
3,panel_direct_raw_gr_a1000,ac6f01d5,1,260386.74545898222,1000
3,panel_direct_raw_gr_a1000,ac6f01d5,2,555001.7339244295,1000
3,panel_direct_raw_gr_a1000,ac6f01d5,3,313080.8013522591,1000
3,panel_direct_raw_gr_a1000,ac6f01d5,4,208818.05122740442,1000
3,panel_direct_raw_gr_a1000,ac6f01d5,5,1157.9630249842578,5
3,panel_direct_phase_a100,ac6f01d5,0,14325.594496607513,999
3,panel_direct_phase_a100,ac6f01d5,1,146483.31898607855,1000
3,panel_direct_phase_a100,ac6f01d5,2,436565.4203839863,1000
3,panel_direct_phase_a100,ac6f01d5,3,307547.98175140325,1000
3,panel_direct_phase_a100,ac6f01d5,4,234213.6185879097,1000
3,panel_direct_phase_a100,ac6f01d5,5,1361.5925704280344,5
3,panel_direct_phase_a1000,ac6f01d5,0,14317.979016661173,999
3,panel_direct_phase_a1000,ac6f01d5,1,252011.52046739403,1000
3,panel_direct_phase_a1000,ac6f01d5,2,560366.3197150361,1000
3,panel_direct_phase_a1000,ac6f01d5,3,342372.24187003326,1000
3,panel_direct_phase_a1000,ac6f01d5,4,234358.1626248273,1000
3,panel_direct_phase_a1000,ac6f01d5,5,1239.942428542287,5
3,panel_direct_phase_a10000,ac6f01d5,0,21498.443713984263,999
3,panel_direct_phase_a10000,ac6f01d5,1,254244.62446201473,1000
3,panel_direct_phase_a10000,ac6f01d5,2,536247.8423126298,1000
3,panel_direct_phase_a10000,ac6f01d5,3,303509.1284067111,1000
3,panel_direct_phase_a10000,ac6f01d5,4,203450.87672157385,1000
3,panel_direct_phase_a10000,ac6f01d5,5,1159.0402046975635,5
3,panel_direct_geom_a1000,ff0aea78,0,523988.9766611892,999
3,panel_direct_geom_a1000,ff0aea78,1,1340971.1010948461,1000
3,panel_direct_geom_a1000,ff0aea78,2,1108786.6297917461,1000
3,panel_direct_geom_a1000,ff0aea78,3,168369.23762427515,262
3,panel_direct_raw_gr_a1000,ff0aea78,0,523600.57495921437,999
3,panel_direct_raw_gr_a1000,ff0aea78,1,1342627.2759765172,1000
3,panel_direct_raw_gr_a1000,ff0aea78,2,1109118.6385954786,1000
3,panel_direct_raw_gr_a1000,ff0aea78,3,169241.0005982854,262
3,panel_direct_phase_a100,ff0aea78,0,225736.6501962891,999
3,panel_direct_phase_a100,ff0aea78,1,1058091.494103633,1000
3,panel_direct_phase_a100,ff0aea78,2,1055543.9990136449,1000
3,panel_direct_phase_a100,ff0aea78,3,142076.8501855701,262
3,panel_direct_phase_a1000,ff0aea78,0,488122.0506888505,999
3,panel_direct_phase_a1000,ff0aea78,1,1351560.3262005139,1000
3,panel_direct_phase_a1000,ff0aea78,2,1119587.6753948175,1000
3,panel_direct_phase_a1000,ff0aea78,3,156598.46294017186,262
3,panel_direct_phase_a10000,ff0aea78,0,537106.9373750808,999
3,panel_direct_phase_a10000,ff0aea78,1,1331341.2835470033,1000
3,panel_direct_phase_a10000,ff0aea78,2,1078705.2034987672,1000
3,panel_direct_phase_a10000,ff0aea78,3,159402.98567321364,262
3,panel_direct_geom_a1000,0bbf5e67,0,124559.68319005259,999
3,panel_direct_geom_a1000,0bbf5e67,1,387332.54325721064,1000
3,panel_direct_geom_a1000,0bbf5e67,2,221670.52769945338,1000
3,panel_direct_geom_a1000,0bbf5e67,3,607519.2826703392,1000
3,panel_direct_geom_a1000,0bbf5e67,4,165695.93699122555,299
3,panel_direct_raw_gr_a1000,0bbf5e67,0,124326.6908266268,999
3,panel_direct_raw_gr_a1000,0bbf5e67,1,387004.06742834556,1000
3,panel_direct_raw_gr_a1000,0bbf5e67,2,222642.08194954533,1000
3,panel_direct_raw_gr_a1000,0bbf5e67,3,610472.8722463414,1000
3,panel_direct_raw_gr_a1000,0bbf5e67,4,168216.0802169676,299
3,panel_direct_phase_a100,0bbf5e67,0,44029.26365347432,999
3,panel_direct_phase_a100,0bbf5e67,1,239798.30764479225,1000
3,panel_direct_phase_a100,0bbf5e67,2,183298.57597615645,1000
3,panel_direct_phase_a100,0bbf5e67,3,602659.8158278281,1000
3,panel_direct_phase_a100,0bbf5e67,4,185306.91778149563,299
3,panel_direct_phase_a1000,0bbf5e67,0,118666.73337364495,999
3,panel_direct_phase_a1000,0bbf5e67,1,395460.40193804237,1000
3,panel_direct_phase_a1000,0bbf5e67,2,245818.14367543664,1000
3,panel_direct_phase_a1000,0bbf5e67,3,662623.2718216354,1000
3,panel_direct_phase_a1000,0bbf5e67,4,189205.39064012936,299
3,panel_direct_phase_a10000,0bbf5e67,0,132479.42833361076,999
3,panel_direct_phase_a10000,0bbf5e67,1,392324.46852566034,1000
3,panel_direct_phase_a10000,0bbf5e67,2,220106.21906088103,1000
3,panel_direct_phase_a10000,0bbf5e67,3,608025.5517943014,1000
3,panel_direct_phase_a10000,0bbf5e67,4,166043.86781426027,299
3,panel_direct_geom_a1000,53134831,0,74546.97179329277,999
3,panel_direct_geom_a1000,53134831,1,314751.4828766062,1000
3,panel_direct_geom_a1000,53134831,2,346898.76415717753,1000
3,panel_direct_geom_a1000,53134831,3,450585.06072860945,1000
3,panel_direct_geom_a1000,53134831,4,413089.3546702419,1000
3,panel_direct_geom_a1000,53134831,5,51479.24308843399,127
3,panel_direct_raw_gr_a1000,53134831,0,73818.81772065861,999
3,panel_direct_raw_gr_a1000,53134831,1,315268.48141395155,1000
3,panel_direct_raw_gr_a1000,53134831,2,350728.7484794739,1000
3,panel_direct_raw_gr_a1000,53134831,3,459528.5622437844,1000
3,panel_direct_raw_gr_a1000,53134831,4,423029.7068855962,1000
3,panel_direct_raw_gr_a1000,53134831,5,50315.396215290675,127
3,panel_direct_phase_a100,53134831,0,20416.810136116255,999
3,panel_direct_phase_a100,53134831,1,230789.22745073366,1000
3,panel_direct_phase_a100,53134831,2,333757.5317307018,1000
3,panel_direct_phase_a100,53134831,3,455981.3457267836,1000
3,panel_direct_phase_a100,53134831,4,432313.1899581307,1000
3,panel_direct_phase_a100,53134831,5,52253.75627516552,127
3,panel_direct_phase_a1000,53134831,0,74569.51287637373,999
3,panel_direct_phase_a1000,53134831,1,336472.69191559847,1000
3,panel_direct_phase_a1000,53134831,2,375413.1608564185,1000
3,panel_direct_phase_a1000,53134831,3,472706.5498108578,1000
3,panel_direct_phase_a1000,53134831,4,426141.26017618005,1000
3,panel_direct_phase_a1000,53134831,5,51430.37880792204,127
3,panel_direct_phase_a10000,53134831,0,74669.09198034144,999
3,panel_direct_phase_a10000,53134831,1,305616.7761818174,1000
3,panel_direct_phase_a10000,53134831,2,331369.3985691529,1000
3,panel_direct_phase_a10000,53134831,3,432578.90890856803,1000
3,panel_direct_phase_a10000,53134831,4,399711.3746148912,1000
3,panel_direct_phase_a10000,53134831,5,50461.18882653739,127
3,panel_direct_geom_a1000,84c3b497,0,11896.62944476925,999
3,panel_direct_geom_a1000,84c3b497,1,88862.2824599812,1000
3,panel_direct_geom_a1000,84c3b497,2,35189.41847257707,1000
3,panel_direct_geom_a1000,84c3b497,3,162033.98214307555,1000
3,panel_direct_geom_a1000,84c3b497,4,1090346.56294067,1000
3,panel_direct_geom_a1000,84c3b497,5,565502.1000562886,313
3,panel_direct_raw_gr_a1000,84c3b497,0,11824.70594181436,999
3,panel_direct_raw_gr_a1000,84c3b497,1,87944.10370723269,1000
3,panel_direct_raw_gr_a1000,84c3b497,2,35156.43815359927,1000
3,panel_direct_raw_gr_a1000,84c3b497,3,162975.551467135,1000
3,panel_direct_raw_gr_a1000,84c3b497,4,1089512.360185004,1000
3,panel_direct_raw_gr_a1000,84c3b497,5,560903.0217402726,313
3,panel_direct_phase_a100,84c3b497,0,8654.531837798288,999
3,panel_direct_phase_a100,84c3b497,1,43107.438234622336,1000
3,panel_direct_phase_a100,84c3b497,2,56530.29787199733,1000
3,panel_direct_phase_a100,84c3b497,3,270419.57099821506,1000
3,panel_direct_phase_a100,84c3b497,4,1281987.427367915,1000
3,panel_direct_phase_a100,84c3b497,5,585815.1878325919,313
3,panel_direct_phase_a1000,84c3b497,0,10839.61766362357,999
3,panel_direct_phase_a1000,84c3b497,1,84672.04004080755,1000
3,panel_direct_phase_a1000,84c3b497,2,35088.578960822124,1000
3,panel_direct_phase_a1000,84c3b497,3,179395.10752126435,1000
3,panel_direct_phase_a1000,84c3b497,4,1110306.3447522738,1000
3,panel_direct_phase_a1000,84c3b497,5,544637.747582514,313
3,panel_direct_phase_a10000,84c3b497,0,14005.027179150089,999
3,panel_direct_phase_a10000,84c3b497,1,114034.59090054221,1000
3,panel_direct_phase_a10000,84c3b497,2,28356.345168633492,1000
3,panel_direct_phase_a10000,84c3b497,3,143201.93831491855,1000
3,panel_direct_phase_a10000,84c3b497,4,1063630.1288102332,1000
3,panel_direct_phase_a10000,84c3b497,5,552379.0958071969,313
3,panel_direct_geom_a1000,bb682ebd,0,121361.0066197945,999
3,panel_direct_geom_a1000,bb682ebd,1,270497.20984316483,1000
3,panel_direct_geom_a1000,bb682ebd,2,512778.77907572826,1000
3,panel_direct_geom_a1000,bb682ebd,3,784919.5357280058,1000
3,panel_direct_geom_a1000,bb682ebd,4,140140.24311921146,140
3,panel_direct_raw_gr_a1000,bb682ebd,0,121505.69719601655,999
3,panel_direct_raw_gr_a1000,bb682ebd,1,269594.5762876773,1000
3,panel_direct_raw_gr_a1000,bb682ebd,2,509897.3183335299,1000
3,panel_direct_raw_gr_a1000,bb682ebd,3,783314.5833149084,1000
3,panel_direct_raw_gr_a1000,bb682ebd,4,139069.15580600715,140
3,panel_direct_phase_a100,bb682ebd,0,112633.76208778136,999
3,panel_direct_phase_a100,bb682ebd,1,320375.14679434156,1000
3,panel_direct_phase_a100,bb682ebd,2,595803.0986075436,1000
3,panel_direct_phase_a100,bb682ebd,3,813345.23902216,1000
3,panel_direct_phase_a100,bb682ebd,4,137229.30863571854,140
3,panel_direct_phase_a1000,bb682ebd,0,133445.9736422147,999
3,panel_direct_phase_a1000,bb682ebd,1,300888.6667475481,1000
3,panel_direct_phase_a1000,bb682ebd,2,508950.90655886376,1000
3,panel_direct_phase_a1000,bb682ebd,3,763998.2097609577,1000
3,panel_direct_phase_a1000,bb682ebd,4,135138.9272576247,140
3,panel_direct_phase_a10000,bb682ebd,0,112373.90756877203,999
3,panel_direct_phase_a10000,bb682ebd,1,247694.472656616,1000
3,panel_direct_phase_a10000,bb682ebd,2,467691.9284994106,1000
3,panel_direct_phase_a10000,bb682ebd,3,737094.3397827719,1000
3,panel_direct_phase_a10000,bb682ebd,4,132355.3215711856,140
3,panel_direct_geom_a1000,d924e971,0,45615.81149839682,999
3,panel_direct_geom_a1000,d924e971,1,532074.1817614153,1000
3,panel_direct_geom_a1000,d924e971,2,2227318.4070733725,1000
3,panel_direct_geom_a1000,d924e971,3,831948.9817844199,185
3,panel_direct_raw_gr_a1000,d924e971,0,45324.29134159059,999
3,panel_direct_raw_gr_a1000,d924e971,1,532393.3642052503,1000
3,panel_direct_raw_gr_a1000,d924e971,2,2238844.1812186,1000
3,panel_direct_raw_gr_a1000,d924e971,3,832299.4651901367,185
3,panel_direct_phase_a100,d924e971,0,47817.84966071748,999
3,panel_direct_phase_a100,d924e971,1,633404.8234424952,1000
3,panel_direct_phase_a100,d924e971,2,2560563.4169148295,1000
3,panel_direct_phase_a100,d924e971,3,891212.1452056753,185
3,panel_direct_phase_a1000,d924e971,0,47744.110037281585,999
3,panel_direct_phase_a1000,d924e971,1,559534.7848607128,1000
3,panel_direct_phase_a1000,d924e971,2,2340818.6332803327,1000
3,panel_direct_phase_a1000,d924e971,3,859408.8389290833,185
3,panel_direct_phase_a10000,d924e971,0,39828.35290977338,999
3,panel_direct_phase_a10000,d924e971,1,496848.0284004033,1000
3,panel_direct_phase_a10000,d924e971,2,2159737.0853286046,1000
3,panel_direct_phase_a10000,d924e971,3,821256.3064780884,185
3,panel_direct_geom_a1000,62569ae3,0,3893.80485227199,999
3,panel_direct_geom_a1000,62569ae3,1,4054.495119637317,1000
3,panel_direct_geom_a1000,62569ae3,2,101695.09360932134,1000
3,panel_direct_geom_a1000,62569ae3,3,159984.73100200447,589
3,panel_direct_raw_gr_a1000,62569ae3,0,3860.5143949382127,999
3,panel_direct_raw_gr_a1000,62569ae3,1,3948.9213336755465,1000
3,panel_direct_raw_gr_a1000,62569ae3,2,101342.39117851306,1000
3,panel_direct_raw_gr_a1000,62569ae3,3,159971.17502334935,589
3,panel_direct_phase_a100,62569ae3,0,2600.047048435769,999
3,panel_direct_phase_a100,62569ae3,1,1833.6043117769389,1000
3,panel_direct_phase_a100,62569ae3,2,88041.49375693465,1000
3,panel_direct_phase_a100,62569ae3,3,161549.50727461177,589
3,panel_direct_phase_a1000,62569ae3,0,4226.439968843812,999
3,panel_direct_phase_a1000,62569ae3,1,4547.4384983918735,1000
3,panel_direct_phase_a1000,62569ae3,2,87035.73192028058,1000
3,panel_direct_phase_a1000,62569ae3,3,154796.45731482614,589
3,panel_direct_phase_a10000,62569ae3,0,6524.313034885914,999
3,panel_direct_phase_a10000,62569ae3,1,6878.234944022712,1000
3,panel_direct_phase_a10000,62569ae3,2,82480.51097833514,1000
3,panel_direct_phase_a10000,62569ae3,3,146238.73351191753,589
3,panel_direct_geom_a1000,a0b83014,0,112822.40981779972,999
3,panel_direct_geom_a1000,a0b83014,1,258110.0543080338,1000
3,panel_direct_geom_a1000,a0b83014,2,442757.6937642443,1000
3,panel_direct_geom_a1000,a0b83014,3,429280.82284944155,1000
3,panel_direct_geom_a1000,a0b83014,4,104546.82186568074,1000
3,panel_direct_geom_a1000,a0b83014,5,1276.3392727707655,36
3,panel_direct_raw_gr_a1000,a0b83014,0,112753.72428008135,999
3,panel_direct_raw_gr_a1000,a0b83014,1,256895.89627977475,1000
3,panel_direct_raw_gr_a1000,a0b83014,2,446815.7595045865,1000
3,panel_direct_raw_gr_a1000,a0b83014,3,434340.3635399749,1000
3,panel_direct_raw_gr_a1000,a0b83014,4,107963.95111733132,1000
3,panel_direct_raw_gr_a1000,a0b83014,5,1224.8735991690833,36
3,panel_direct_phase_a100,a0b83014,0,57528.82336311334,999
3,panel_direct_phase_a100,a0b83014,1,131476.9755767959,1000
3,panel_direct_phase_a100,a0b83014,2,312478.6262038628,1000
3,panel_direct_phase_a100,a0b83014,3,373496.9837875632,1000
3,panel_direct_phase_a100,a0b83014,4,96383.28721882976,1000
3,panel_direct_phase_a100,a0b83014,5,1118.2478956704979,36
3,panel_direct_phase_a1000,a0b83014,0,100158.07041747247,999
3,panel_direct_phase_a1000,a0b83014,1,216979.11851546302,1000
3,panel_direct_phase_a1000,a0b83014,2,408599.35803411884,1000
3,panel_direct_phase_a1000,a0b83014,3,423033.0345722599,1000
3,panel_direct_phase_a1000,a0b83014,4,110118.38157431604,1000
3,panel_direct_phase_a1000,a0b83014,5,1402.4957999116807,36
3,panel_direct_phase_a10000,a0b83014,0,133785.9592325856,999
3,panel_direct_phase_a10000,a0b83014,1,291173.0614069687,1000
3,panel_direct_phase_a10000,a0b83014,2,479264.7988247804,1000
3,panel_direct_phase_a10000,a0b83014,3,458777.76369026257,1000
3,panel_direct_phase_a10000,a0b83014,4,115766.81452329588,1000
3,panel_direct_phase_a10000,a0b83014,5,1395.8433759047405,36
3,panel_direct_geom_a1000,58fa8486,0,23696.431707627926,999
3,panel_direct_geom_a1000,58fa8486,1,16848.08852221759,1000
3,panel_direct_geom_a1000,58fa8486,2,95946.43630654777,1000
3,panel_direct_geom_a1000,58fa8486,3,365380.43594663613,1000
3,panel_direct_geom_a1000,58fa8486,4,73261.86957262349,476
3,panel_direct_raw_gr_a1000,58fa8486,0,23859.93660124019,999
3,panel_direct_raw_gr_a1000,58fa8486,1,17236.4169806572,1000
3,panel_direct_raw_gr_a1000,58fa8486,2,98281.90797094184,1000
3,panel_direct_raw_gr_a1000,58fa8486,3,369845.6071033949,1000
3,panel_direct_raw_gr_a1000,58fa8486,4,76876.36872862821,476
3,panel_direct_phase_a100,58fa8486,0,1082.0542834033258,999
3,panel_direct_phase_a100,58fa8486,1,33512.38340952831,1000
3,panel_direct_phase_a100,58fa8486,2,181256.84277774795,1000
3,panel_direct_phase_a100,58fa8486,3,588058.5765434096,1000
3,panel_direct_phase_a100,58fa8486,4,164750.8234366005,476
3,panel_direct_phase_a1000,58fa8486,0,22350.361712895843,999
3,panel_direct_phase_a1000,58fa8486,1,20440.663401744936,1000
3,panel_direct_phase_a1000,58fa8486,2,123505.6680334353,1000
3,panel_direct_phase_a1000,58fa8486,3,434051.2313555141,1000
3,panel_direct_phase_a1000,58fa8486,4,95696.49954446898,476
3,panel_direct_phase_a10000,58fa8486,0,23147.319941025416,999
3,panel_direct_phase_a10000,58fa8486,1,18856.933506096513,1000
3,panel_direct_phase_a10000,58fa8486,2,110477.29487263037,1000
3,panel_direct_phase_a10000,58fa8486,3,392863.0472768817,1000
3,panel_direct_phase_a10000,58fa8486,4,81023.44059853998,476
3,panel_direct_geom_a1000,d1ecf309,0,20227.19105909463,999
3,panel_direct_geom_a1000,d1ecf309,1,19520.354757345907,1000
3,panel_direct_geom_a1000,d1ecf309,2,49895.65777132641,1000
3,panel_direct_geom_a1000,d1ecf309,3,94371.62838260892,1000
3,panel_direct_geom_a1000,d1ecf309,4,53635.847526158825,1000
3,panel_direct_geom_a1000,d1ecf309,5,278548.3160496144,1000
3,panel_direct_geom_a1000,d1ecf309,6,55881.9769185283,169
3,panel_direct_raw_gr_a1000,d1ecf309,0,20484.772375879766,999
3,panel_direct_raw_gr_a1000,d1ecf309,1,19782.11633461528,1000
3,panel_direct_raw_gr_a1000,d1ecf309,2,50398.664995628125,1000
3,panel_direct_raw_gr_a1000,d1ecf309,3,95533.85996081657,1000
3,panel_direct_raw_gr_a1000,d1ecf309,4,54978.190162289575,1000
3,panel_direct_raw_gr_a1000,d1ecf309,5,276509.543253831,1000
3,panel_direct_raw_gr_a1000,d1ecf309,6,54981.1822783651,169
3,panel_direct_phase_a100,d1ecf309,0,3096.541898641327,999
3,panel_direct_phase_a100,d1ecf309,1,933.6475283880478,1000
3,panel_direct_phase_a100,d1ecf309,2,97176.69461501432,1000
3,panel_direct_phase_a100,d1ecf309,3,125347.64242244684,1000
3,panel_direct_phase_a100,d1ecf309,4,73938.27310542915,1000
3,panel_direct_phase_a100,d1ecf309,5,263073.1436833708,1000
3,panel_direct_phase_a100,d1ecf309,6,42742.646552340375,169
3,panel_direct_phase_a1000,d1ecf309,0,18344.400213914258,999
3,panel_direct_phase_a1000,d1ecf309,1,14463.83601824048,1000
3,panel_direct_phase_a1000,d1ecf309,2,56152.90498197649,1000
3,panel_direct_phase_a1000,d1ecf309,3,90134.87780755272,1000
3,panel_direct_phase_a1000,d1ecf309,4,50036.24673173771,1000
3,panel_direct_phase_a1000,d1ecf309,5,254982.0985870724,1000
3,panel_direct_phase_a1000,d1ecf309,6,48485.9411134978,169
3,panel_direct_phase_a10000,d1ecf309,0,31296.565135745637,999
3,panel_direct_phase_a10000,d1ecf309,1,31480.597456218267,1000
3,panel_direct_phase_a10000,d1ecf309,2,39130.75741550818,1000
3,panel_direct_phase_a10000,d1ecf309,3,77890.53952688271,1000
3,panel_direct_phase_a10000,d1ecf309,4,44926.65678386049,1000
3,panel_direct_phase_a10000,d1ecf309,5,262096.06496831268,1000
3,panel_direct_phase_a10000,d1ecf309,6,51679.225803249436,169
3,panel_direct_geom_a1000,52f1e77a,0,200706.6656246535,999
3,panel_direct_geom_a1000,52f1e77a,1,276293.69869943353,1000
3,panel_direct_geom_a1000,52f1e77a,2,11080.675597420131,1000
3,panel_direct_geom_a1000,52f1e77a,3,91487.11477771007,1000
3,panel_direct_geom_a1000,52f1e77a,4,191281.5571281424,443
3,panel_direct_raw_gr_a1000,52f1e77a,0,200591.88218416827,999
3,panel_direct_raw_gr_a1000,52f1e77a,1,275354.5477345902,1000
3,panel_direct_raw_gr_a1000,52f1e77a,2,10987.095053237084,1000
3,panel_direct_raw_gr_a1000,52f1e77a,3,92003.25992575802,1000
3,panel_direct_raw_gr_a1000,52f1e77a,4,194098.39715924332,443
3,panel_direct_phase_a100,52f1e77a,0,158673.41783626395,999
3,panel_direct_phase_a100,52f1e77a,1,189799.42426764313,1000
3,panel_direct_phase_a100,52f1e77a,2,8048.615267518775,1000
3,panel_direct_phase_a100,52f1e77a,3,64903.489915950115,1000
3,panel_direct_phase_a100,52f1e77a,4,165601.69794332268,443
3,panel_direct_phase_a1000,52f1e77a,0,193408.32581455182,999
3,panel_direct_phase_a1000,52f1e77a,1,255729.46063267958,1000
3,panel_direct_phase_a1000,52f1e77a,2,9747.950527959609,1000
3,panel_direct_phase_a1000,52f1e77a,3,88138.1630503764,1000
3,panel_direct_phase_a1000,52f1e77a,4,192563.3235573103,443
3,panel_direct_phase_a10000,52f1e77a,0,224363.43380886337,999
3,panel_direct_phase_a10000,52f1e77a,1,310600.5327571033,1000
3,panel_direct_phase_a10000,52f1e77a,2,13961.576911639642,1000
3,panel_direct_phase_a10000,52f1e77a,3,103230.52569864011,1000
3,panel_direct_phase_a10000,52f1e77a,4,204487.69458538468,443
3,panel_direct_geom_a1000,7271dd80,0,99012.46898982202,999
3,panel_direct_geom_a1000,7271dd80,1,102038.17046357227,1000
3,panel_direct_geom_a1000,7271dd80,2,87572.67818217386,1000
3,panel_direct_geom_a1000,7271dd80,3,39731.724425292145,1000
3,panel_direct_geom_a1000,7271dd80,4,23358.66051775426,341
3,panel_direct_raw_gr_a1000,7271dd80,0,98706.67445625192,999
3,panel_direct_raw_gr_a1000,7271dd80,1,101403.50226730599,1000
3,panel_direct_raw_gr_a1000,7271dd80,2,91282.85347809807,1000
3,panel_direct_raw_gr_a1000,7271dd80,3,41550.284835825005,1000
3,panel_direct_raw_gr_a1000,7271dd80,4,25225.48530522111,341
3,panel_direct_phase_a100,7271dd80,0,93499.85429482075,999
3,panel_direct_phase_a100,7271dd80,1,79381.93740687479,1000
3,panel_direct_phase_a100,7271dd80,2,67310.08561554336,1000
3,panel_direct_phase_a100,7271dd80,3,66613.27087533129,1000
3,panel_direct_phase_a100,7271dd80,4,47021.81585470581,341
3,panel_direct_phase_a1000,7271dd80,0,100419.4313701194,999
3,panel_direct_phase_a1000,7271dd80,1,96487.42138998114,1000
3,panel_direct_phase_a1000,7271dd80,2,85868.83862443433,1000
3,panel_direct_phase_a1000,7271dd80,3,55932.77238840722,1000
3,panel_direct_phase_a1000,7271dd80,4,35717.508288862264,341
3,panel_direct_phase_a10000,7271dd80,0,93895.18081302749,999
3,panel_direct_phase_a10000,7271dd80,1,92084.01872436583,1000
3,panel_direct_phase_a10000,7271dd80,2,78222.23732280993,1000
3,panel_direct_phase_a10000,7271dd80,3,36703.15737514883,1000
3,panel_direct_phase_a10000,7271dd80,4,22893.363537387457,341
3,panel_direct_geom_a1000,fb73b13a,0,250679.1292685302,999
3,panel_direct_geom_a1000,fb73b13a,1,34293.57653555413,1000
3,panel_direct_geom_a1000,fb73b13a,2,11542.630372339836,1000
3,panel_direct_geom_a1000,fb73b13a,3,47896.4332314173,1000
3,panel_direct_geom_a1000,fb73b13a,4,104784.79107853881,1000
3,panel_direct_geom_a1000,fb73b13a,5,143077.43314400647,641
3,panel_direct_raw_gr_a1000,fb73b13a,0,251020.31995405487,999
3,panel_direct_raw_gr_a1000,fb73b13a,1,34777.0985051839,1000
3,panel_direct_raw_gr_a1000,fb73b13a,2,11596.341636494737,1000
3,panel_direct_raw_gr_a1000,fb73b13a,3,45846.06939543861,1000
3,panel_direct_raw_gr_a1000,fb73b13a,4,102782.18893708073,1000
3,panel_direct_raw_gr_a1000,fb73b13a,5,143404.84319579334,641
3,panel_direct_phase_a100,fb73b13a,0,240279.97366884368,999
3,panel_direct_phase_a100,fb73b13a,1,76955.81198292773,1000
3,panel_direct_phase_a100,fb73b13a,2,2923.686112755584,1000
3,panel_direct_phase_a100,fb73b13a,3,74418.31222990992,1000
3,panel_direct_phase_a100,fb73b13a,4,226840.050606008,1000
3,panel_direct_phase_a100,fb73b13a,5,219384.75723364318,641
3,panel_direct_phase_a1000,fb73b13a,0,247023.9270824912,999
3,panel_direct_phase_a1000,fb73b13a,1,35259.45630402315,1000
3,panel_direct_phase_a1000,fb73b13a,2,13261.720609879785,1000
3,panel_direct_phase_a1000,fb73b13a,3,54793.55091796968,1000
3,panel_direct_phase_a1000,fb73b13a,4,121248.2047635986,1000
3,panel_direct_phase_a1000,fb73b13a,5,153986.2981321721,641
3,panel_direct_phase_a10000,fb73b13a,0,234033.82971291608,999
3,panel_direct_phase_a10000,fb73b13a,1,30056.27844130578,1000
3,panel_direct_phase_a10000,fb73b13a,2,23159.686509631247,1000
3,panel_direct_phase_a10000,fb73b13a,3,52918.56223816227,1000
3,panel_direct_phase_a10000,fb73b13a,4,95965.68002976681,1000
3,panel_direct_phase_a10000,fb73b13a,5,136101.73415973506,641
3,panel_direct_geom_a1000,b7fea9ef,0,82782.12664856216,999
3,panel_direct_geom_a1000,b7fea9ef,1,298092.48848740646,1000
3,panel_direct_geom_a1000,b7fea9ef,2,120870.61721968168,1000
3,panel_direct_geom_a1000,b7fea9ef,3,57405.85452695131,867
3,panel_direct_raw_gr_a1000,b7fea9ef,0,82515.22728458725,999
3,panel_direct_raw_gr_a1000,b7fea9ef,1,296816.46044631576,1000
3,panel_direct_raw_gr_a1000,b7fea9ef,2,124661.61455419699,1000
3,panel_direct_raw_gr_a1000,b7fea9ef,3,57687.667633332385,867
3,panel_direct_phase_a100,b7fea9ef,0,55745.04589103074,999
3,panel_direct_phase_a100,b7fea9ef,1,277596.6759637476,1000
3,panel_direct_phase_a100,b7fea9ef,2,131630.39243456893,1000
3,panel_direct_phase_a100,b7fea9ef,3,63297.62991696955,867
3,panel_direct_phase_a1000,b7fea9ef,0,79662.94761903062,999
3,panel_direct_phase_a1000,b7fea9ef,1,293469.6272754334,1000
3,panel_direct_phase_a1000,b7fea9ef,2,124129.8647373724,1000
3,panel_direct_phase_a1000,b7fea9ef,3,57217.683129588,867
3,panel_direct_phase_a10000,b7fea9ef,0,78016.40933986304,999
3,panel_direct_phase_a10000,b7fea9ef,1,274140.42089238256,1000
3,panel_direct_phase_a10000,b7fea9ef,2,105674.93809790917,1000
3,panel_direct_phase_a10000,b7fea9ef,3,48960.27853273807,867
3,panel_direct_geom_a1000,4caa7289,0,11484.555410376648,999
3,panel_direct_geom_a1000,4caa7289,1,13827.818881440662,1000
3,panel_direct_geom_a1000,4caa7289,2,16653.483623271426,1000
3,panel_direct_geom_a1000,4caa7289,3,134268.16952171034,1000
3,panel_direct_geom_a1000,4caa7289,4,275502.64513795945,1000
3,panel_direct_geom_a1000,4caa7289,5,93293.20579018425,397
3,panel_direct_raw_gr_a1000,4caa7289,0,11460.062646495395,999
3,panel_direct_raw_gr_a1000,4caa7289,1,13766.865384338395,1000
3,panel_direct_raw_gr_a1000,4caa7289,2,16696.584628271023,1000
3,panel_direct_raw_gr_a1000,4caa7289,3,130338.2094117628,1000
3,panel_direct_raw_gr_a1000,4caa7289,4,269600.5512389843,1000
3,panel_direct_raw_gr_a1000,4caa7289,5,94718.55827776945,397
3,panel_direct_phase_a100,4caa7289,0,15382.601393910665,999
3,panel_direct_phase_a100,4caa7289,1,8187.400823031594,1000
3,panel_direct_phase_a100,4caa7289,2,1713.7370414164116,1000
3,panel_direct_phase_a100,4caa7289,3,100946.89318926739,1000
3,panel_direct_phase_a100,4caa7289,4,285680.3656604745,1000
3,panel_direct_phase_a100,4caa7289,5,99319.124484165,397
3,panel_direct_phase_a1000,4caa7289,0,10947.276710955342,999
3,panel_direct_phase_a1000,4caa7289,1,11579.895912451331,1000
3,panel_direct_phase_a1000,4caa7289,2,10288.324915861114,1000
3,panel_direct_phase_a1000,4caa7289,3,126600.30973846091,1000
3,panel_direct_phase_a1000,4caa7289,4,286586.7242505681,1000
3,panel_direct_phase_a1000,4caa7289,5,94467.80419480108,397
3,panel_direct_phase_a10000,4caa7289,0,8064.404444671478,999
3,panel_direct_phase_a10000,4caa7289,1,10785.908490903264,1000
3,panel_direct_phase_a10000,4caa7289,2,12067.750143152582,1000
3,panel_direct_phase_a10000,4caa7289,3,125437.60133403652,1000
3,panel_direct_phase_a10000,4caa7289,4,269665.5061469356,1000
3,panel_direct_phase_a10000,4caa7289,5,92041.3913096049,397
3,panel_direct_geom_a1000,aed44918,0,33475.36438039722,999
3,panel_direct_geom_a1000,aed44918,1,191263.76792057307,1000
3,panel_direct_geom_a1000,aed44918,2,64692.22789772808,720
3,panel_direct_raw_gr_a1000,aed44918,0,33479.11984049842,999
3,panel_direct_raw_gr_a1000,aed44918,1,190614.56383083732,1000
3,panel_direct_raw_gr_a1000,aed44918,2,66670.91284614523,720
3,panel_direct_phase_a100,aed44918,0,30560.427986232386,999
3,panel_direct_phase_a100,aed44918,1,180286.55561256502,1000
3,panel_direct_phase_a100,aed44918,2,74444.43018528387,720
3,panel_direct_phase_a1000,aed44918,0,41352.154510416825,999
3,panel_direct_phase_a1000,aed44918,1,214673.64362705848,1000
3,panel_direct_phase_a1000,aed44918,2,75884.5538090642,720
3,panel_direct_phase_a10000,aed44918,0,30648.585855095345,999
3,panel_direct_phase_a10000,aed44918,1,182853.73648920024,1000
3,panel_direct_phase_a10000,aed44918,2,60146.89947779266,720
3,panel_direct_geom_a1000,e161bd0c,0,11452.538865654054,999
3,panel_direct_geom_a1000,e161bd0c,1,22030.49362495197,1000
3,panel_direct_geom_a1000,e161bd0c,2,18244.279842623186,950
3,panel_direct_raw_gr_a1000,e161bd0c,0,11475.759508671934,999
3,panel_direct_raw_gr_a1000,e161bd0c,1,21309.420898006574,1000
3,panel_direct_raw_gr_a1000,e161bd0c,2,18291.17900434624,950
3,panel_direct_phase_a100,e161bd0c,0,7748.022511631732,999
3,panel_direct_phase_a100,e161bd0c,1,20648.21494186221,1000
3,panel_direct_phase_a100,e161bd0c,2,26271.241932216923,950
3,panel_direct_phase_a1000,e161bd0c,0,13989.196823395367,999
3,panel_direct_phase_a1000,e161bd0c,1,22550.302406137933,1000
3,panel_direct_phase_a1000,e161bd0c,2,17668.18724827993,950
3,panel_direct_phase_a10000,e161bd0c,0,11514.113759469856,999
3,panel_direct_phase_a10000,e161bd0c,1,22222.416162052985,1000
3,panel_direct_phase_a10000,e161bd0c,2,20494.76162215645,950
3,panel_direct_geom_a1000,633774dc,0,6587.139680182459,999
3,panel_direct_geom_a1000,633774dc,1,32548.09378065321,1000
3,panel_direct_geom_a1000,633774dc,2,317259.9873862699,1000
3,panel_direct_geom_a1000,633774dc,3,343195.2133554415,1000
3,panel_direct_geom_a1000,633774dc,4,227020.16610298448,1000
3,panel_direct_geom_a1000,633774dc,5,224535.77710146573,1000
3,panel_direct_geom_a1000,633774dc,6,189178.84489917033,234
3,panel_direct_raw_gr_a1000,633774dc,0,6613.89059177445,999
3,panel_direct_raw_gr_a1000,633774dc,1,32339.156254276677,1000
3,panel_direct_raw_gr_a1000,633774dc,2,315314.4706511817,1000
3,panel_direct_raw_gr_a1000,633774dc,3,338160.90256604727,1000
3,panel_direct_raw_gr_a1000,633774dc,4,223948.71735504063,1000
3,panel_direct_raw_gr_a1000,633774dc,5,225180.446281391,1000
3,panel_direct_raw_gr_a1000,633774dc,6,188017.05667165946,234
3,panel_direct_phase_a100,633774dc,0,2990.6528239429554,999
3,panel_direct_phase_a100,633774dc,1,33140.647528861955,1000
3,panel_direct_phase_a100,633774dc,2,415760.8093258938,1000
3,panel_direct_phase_a100,633774dc,3,515345.38925038255,1000
3,panel_direct_phase_a100,633774dc,4,337050.8707142379,1000
3,panel_direct_phase_a100,633774dc,5,356429.1024364999,1000
3,panel_direct_phase_a100,633774dc,6,282340.67998375697,234
3,panel_direct_phase_a1000,633774dc,0,5736.365901286173,999
3,panel_direct_phase_a1000,633774dc,1,37712.831320958656,1000
3,panel_direct_phase_a1000,633774dc,2,401160.42257955595,1000
3,panel_direct_phase_a1000,633774dc,3,440273.4651672494,1000
3,panel_direct_phase_a1000,633774dc,4,275716.39472834533,1000
3,panel_direct_phase_a1000,633774dc,5,259757.76958886543,1000
3,panel_direct_phase_a1000,633774dc,6,214078.72966741878,234
3,panel_direct_phase_a10000,633774dc,0,7787.1692568800745,999
3,panel_direct_phase_a10000,633774dc,1,36617.52800044035,1000
3,panel_direct_phase_a10000,633774dc,2,318633.15461355506,1000
3,panel_direct_phase_a10000,633774dc,3,345527.3091950362,1000
3,panel_direct_phase_a10000,633774dc,4,225856.0726069439,1000
3,panel_direct_phase_a10000,633774dc,5,219331.41823758124,1000
3,panel_direct_phase_a10000,633774dc,6,184574.6987460932,234
3,panel_direct_geom_a1000,09053135,0,122024.80768608888,999
3,panel_direct_geom_a1000,09053135,1,266168.2983163736,1000
3,panel_direct_geom_a1000,09053135,2,193083.4498409585,1000
3,panel_direct_geom_a1000,09053135,3,88995.3703130761,1000
3,panel_direct_geom_a1000,09053135,4,94934.83659686797,1000
3,panel_direct_geom_a1000,09053135,5,117461.28620667027,908
3,panel_direct_raw_gr_a1000,09053135,0,121912.51317470477,999
3,panel_direct_raw_gr_a1000,09053135,1,264746.90252757847,1000
3,panel_direct_raw_gr_a1000,09053135,2,194360.74789888097,1000
3,panel_direct_raw_gr_a1000,09053135,3,88159.82399324299,1000
3,panel_direct_raw_gr_a1000,09053135,4,92625.3763243972,1000
3,panel_direct_raw_gr_a1000,09053135,5,116574.49310262517,908
3,panel_direct_phase_a100,09053135,0,74774.73809375183,999
3,panel_direct_phase_a100,09053135,1,192104.52657120454,1000
3,panel_direct_phase_a100,09053135,2,183088.80409840998,1000
3,panel_direct_phase_a100,09053135,3,104391.58892527167,1000
3,panel_direct_phase_a100,09053135,4,97257.70617710624,1000
3,panel_direct_phase_a100,09053135,5,178289.56861188248,908
3,panel_direct_phase_a1000,09053135,0,112199.02454270677,999
3,panel_direct_phase_a1000,09053135,1,252294.48337923735,1000
3,panel_direct_phase_a1000,09053135,2,205506.20495823256,1000
3,panel_direct_phase_a1000,09053135,3,106418.69099140524,1000
3,panel_direct_phase_a1000,09053135,4,109702.90678767518,1000
3,panel_direct_phase_a1000,09053135,5,138517.81874863608,908
3,panel_direct_phase_a10000,09053135,0,139526.2180118348,999
3,panel_direct_phase_a10000,09053135,1,302103.3542959234,1000
3,panel_direct_phase_a10000,09053135,2,221787.71694541423,1000
3,panel_direct_phase_a10000,09053135,3,105647.6195193831,1000
3,panel_direct_phase_a10000,09053135,4,107391.51512354534,1000
3,panel_direct_phase_a10000,09053135,5,127019.08036363023,908
3,panel_direct_geom_a1000,46d24a09,0,309624.49734334234,999
3,panel_direct_geom_a1000,46d24a09,1,231159.37566638403,1000
3,panel_direct_geom_a1000,46d24a09,2,1127718.6616118012,1000
3,panel_direct_geom_a1000,46d24a09,3,327212.20038534666,1000
3,panel_direct_geom_a1000,46d24a09,4,176218.88837366903,450
3,panel_direct_raw_gr_a1000,46d24a09,0,309722.6856255277,999
3,panel_direct_raw_gr_a1000,46d24a09,1,231232.45968200607,1000
3,panel_direct_raw_gr_a1000,46d24a09,2,1128639.9860594508,1000
3,panel_direct_raw_gr_a1000,46d24a09,3,326325.18599329126,1000
3,panel_direct_raw_gr_a1000,46d24a09,4,174790.0328165419,450
3,panel_direct_phase_a100,46d24a09,0,232960.95166767156,999
3,panel_direct_phase_a100,46d24a09,1,303331.38153341744,1000
3,panel_direct_phase_a100,46d24a09,2,1243736.9510621605,1000
3,panel_direct_phase_a100,46d24a09,3,388779.33090493135,1000
3,panel_direct_phase_a100,46d24a09,4,192992.3808597548,450
3,panel_direct_phase_a1000,46d24a09,0,300161.37977653067,999
3,panel_direct_phase_a1000,46d24a09,1,243789.1473067297,1000
3,panel_direct_phase_a1000,46d24a09,2,1129954.0818549704,1000
3,panel_direct_phase_a1000,46d24a09,3,314083.2794596368,1000
3,panel_direct_phase_a1000,46d24a09,4,166046.44225237521,450
3,panel_direct_phase_a10000,46d24a09,0,305086.6004858095,999
3,panel_direct_phase_a10000,46d24a09,1,201910.6947989089,1000
3,panel_direct_phase_a10000,46d24a09,2,1063561.916830022,1000
3,panel_direct_phase_a10000,46d24a09,3,292293.5875985281,1000
3,panel_direct_phase_a10000,46d24a09,4,160102.2708594282,450
3,panel_direct_geom_a1000,1fee2b62,0,22327.238750469398,999
3,panel_direct_geom_a1000,1fee2b62,1,42483.70068034337,1000
3,panel_direct_geom_a1000,1fee2b62,2,145271.06164910333,1000
3,panel_direct_geom_a1000,1fee2b62,3,100681.14931090298,1000
3,panel_direct_geom_a1000,1fee2b62,4,19478.2550970666,642
3,panel_direct_raw_gr_a1000,1fee2b62,0,22430.638649631604,999
3,panel_direct_raw_gr_a1000,1fee2b62,1,42459.10802599687,1000
3,panel_direct_raw_gr_a1000,1fee2b62,2,143652.27992617842,1000
3,panel_direct_raw_gr_a1000,1fee2b62,3,100476.41753602671,1000
3,panel_direct_raw_gr_a1000,1fee2b62,4,19288.786507039455,642
3,panel_direct_phase_a100,1fee2b62,0,9539.233880932801,999
3,panel_direct_phase_a100,1fee2b62,1,17515.83173121842,1000
3,panel_direct_phase_a100,1fee2b62,2,190085.86042402682,1000
3,panel_direct_phase_a100,1fee2b62,3,120347.3884464771,1000
3,panel_direct_phase_a100,1fee2b62,4,24706.73592010541,642
3,panel_direct_phase_a1000,1fee2b62,0,19151.128815755634,999
3,panel_direct_phase_a1000,1fee2b62,1,31470.511390272557,1000
3,panel_direct_phase_a1000,1fee2b62,2,176572.82311948834,1000
3,panel_direct_phase_a1000,1fee2b62,3,114316.11669120623,1000
3,panel_direct_phase_a1000,1fee2b62,4,21761.98694479979,642
3,panel_direct_phase_a10000,1fee2b62,0,28823.678639905615,999
3,panel_direct_phase_a10000,1fee2b62,1,52314.83096745578,1000
3,panel_direct_phase_a10000,1fee2b62,2,136264.38113340546,1000
3,panel_direct_phase_a10000,1fee2b62,3,92783.54206110732,1000
3,panel_direct_phase_a10000,1fee2b62,4,16725.06641793533,642
3,panel_direct_geom_a1000,310c71a5,0,22825.033857751543,999
3,panel_direct_geom_a1000,310c71a5,1,83723.28781702081,1000
3,panel_direct_geom_a1000,310c71a5,2,267441.66792824154,1000
3,panel_direct_geom_a1000,310c71a5,3,63897.5610348603,1000
3,panel_direct_geom_a1000,310c71a5,4,24611.978598065154,1000
3,panel_direct_geom_a1000,310c71a5,5,22639.448696085874,246
3,panel_direct_raw_gr_a1000,310c71a5,0,22627.62097637504,999
3,panel_direct_raw_gr_a1000,310c71a5,1,82715.68160782967,1000
3,panel_direct_raw_gr_a1000,310c71a5,2,268682.9330989711,1000
3,panel_direct_raw_gr_a1000,310c71a5,3,64214.54780156233,1000
3,panel_direct_raw_gr_a1000,310c71a5,4,24448.562996347835,1000
3,panel_direct_raw_gr_a1000,310c71a5,5,22973.735468637817,246
3,panel_direct_phase_a100,310c71a5,0,28742.780792491587,999
3,panel_direct_phase_a100,310c71a5,1,88121.56204301753,1000
3,panel_direct_phase_a100,310c71a5,2,319047.97302986163,1000
3,panel_direct_phase_a100,310c71a5,3,106454.47460701242,1000
3,panel_direct_phase_a100,310c71a5,4,36307.485094370924,1000
3,panel_direct_phase_a100,310c71a5,5,32451.791208864684,246
3,panel_direct_phase_a1000,310c71a5,0,24016.473034973926,999
3,panel_direct_phase_a1000,310c71a5,1,85193.05803351087,1000
3,panel_direct_phase_a1000,310c71a5,2,300528.8694501453,1000
3,panel_direct_phase_a1000,310c71a5,3,85517.78154191472,1000
3,panel_direct_phase_a1000,310c71a5,4,31268.33168053522,1000
3,panel_direct_phase_a1000,310c71a5,5,27058.703054491827,246
3,panel_direct_phase_a10000,310c71a5,0,19249.31719538321,999
3,panel_direct_phase_a10000,310c71a5,1,72322.7074905864,1000
3,panel_direct_phase_a10000,310c71a5,2,253765.0461939379,1000
3,panel_direct_phase_a10000,310c71a5,3,58923.00209760029,1000
3,panel_direct_phase_a10000,310c71a5,4,22187.993465065898,1000
3,panel_direct_phase_a10000,310c71a5,5,23937.722246789766,246
3,panel_direct_geom_a1000,a48640d9,0,150113.92759753697,999
3,panel_direct_geom_a1000,a48640d9,1,496688.35226106015,1000
3,panel_direct_geom_a1000,a48640d9,2,525965.5678525802,1000
3,panel_direct_geom_a1000,a48640d9,3,466613.96431855566,1000
3,panel_direct_geom_a1000,a48640d9,4,214618.1490927302,533
3,panel_direct_raw_gr_a1000,a48640d9,0,150523.78849025455,999
3,panel_direct_raw_gr_a1000,a48640d9,1,497675.11091231625,1000
3,panel_direct_raw_gr_a1000,a48640d9,2,523659.43508726073,1000
3,panel_direct_raw_gr_a1000,a48640d9,3,464719.57452409226,1000
3,panel_direct_raw_gr_a1000,a48640d9,4,213375.41032556578,533
3,panel_direct_phase_a100,a48640d9,0,33572.35487740464,999
3,panel_direct_phase_a100,a48640d9,1,312233.2951531113,1000
3,panel_direct_phase_a100,a48640d9,2,485992.84261674085,1000
3,panel_direct_phase_a100,a48640d9,3,452172.29427007947,1000
3,panel_direct_phase_a100,a48640d9,4,201056.5970546818,533
3,panel_direct_phase_a1000,a48640d9,0,137635.1129577959,999
3,panel_direct_phase_a1000,a48640d9,1,481470.83968221804,1000
3,panel_direct_phase_a1000,a48640d9,2,517607.04169554345,1000
3,panel_direct_phase_a1000,a48640d9,3,439002.14861233253,1000
3,panel_direct_phase_a1000,a48640d9,4,197733.90416262363,533
3,panel_direct_phase_a10000,a48640d9,0,198977.7668135808,999
3,panel_direct_phase_a10000,a48640d9,1,564888.2588860061,1000
3,panel_direct_phase_a10000,a48640d9,2,562053.3539136595,1000
3,panel_direct_phase_a10000,a48640d9,3,480176.6403882081,1000
3,panel_direct_phase_a10000,a48640d9,4,218983.58293681176,533
3,panel_direct_geom_a1000,43c7f85a,0,3028.957603628795,999
3,panel_direct_geom_a1000,43c7f85a,1,11025.582768739154,1000
3,panel_direct_geom_a1000,43c7f85a,2,165312.05320488336,1000
3,panel_direct_geom_a1000,43c7f85a,3,383195.62708097085,1000
3,panel_direct_geom_a1000,43c7f85a,4,202632.94640018092,1000
3,panel_direct_geom_a1000,43c7f85a,5,50108.66944981449,979
3,panel_direct_raw_gr_a1000,43c7f85a,0,3113.4467626187047,999
3,panel_direct_raw_gr_a1000,43c7f85a,1,10977.348297858884,1000
3,panel_direct_raw_gr_a1000,43c7f85a,2,163103.89345064794,1000
3,panel_direct_raw_gr_a1000,43c7f85a,3,379997.8909677603,1000
3,panel_direct_raw_gr_a1000,43c7f85a,4,203377.51960445763,1000
3,panel_direct_raw_gr_a1000,43c7f85a,5,50258.77399459948,979
3,panel_direct_phase_a100,43c7f85a,0,1456.9216947059176,999
3,panel_direct_phase_a100,43c7f85a,1,22368.62605347759,1000
3,panel_direct_phase_a100,43c7f85a,2,74964.3627036342,1000
3,panel_direct_phase_a100,43c7f85a,3,213040.28053556502,1000
3,panel_direct_phase_a100,43c7f85a,4,117634.96955745007,1000
3,panel_direct_phase_a100,43c7f85a,5,19494.225191903464,979
3,panel_direct_phase_a1000,43c7f85a,0,2572.6797496278223,999
3,panel_direct_phase_a1000,43c7f85a,1,9517.701021378174,1000
3,panel_direct_phase_a1000,43c7f85a,2,129942.87986832332,1000
3,panel_direct_phase_a1000,43c7f85a,3,314572.19765942864,1000
3,panel_direct_phase_a1000,43c7f85a,4,164373.4868415473,1000
3,panel_direct_phase_a1000,43c7f85a,5,40918.93600106385,979
3,panel_direct_phase_a10000,43c7f85a,0,2478.760197691413,999
3,panel_direct_phase_a10000,43c7f85a,1,9195.637500145043,1000
3,panel_direct_phase_a10000,43c7f85a,2,148398.24597442054,1000
3,panel_direct_phase_a10000,43c7f85a,3,355185.0653249628,1000
3,panel_direct_phase_a10000,43c7f85a,4,186162.27786459876,1000
3,panel_direct_phase_a10000,43c7f85a,5,44461.64054442488,979
3,panel_direct_geom_a1000,2d2d0c6b,0,638.099421831987,999
3,panel_direct_geom_a1000,2d2d0c6b,1,11329.191337130904,1000
3,panel_direct_geom_a1000,2d2d0c6b,2,19892.69627820323,1000
3,panel_direct_geom_a1000,2d2d0c6b,3,575.9648549555243,1000
3,panel_direct_geom_a1000,2d2d0c6b,4,12804.4336994099,1000
3,panel_direct_geom_a1000,2d2d0c6b,5,1516.7083758231304,46
3,panel_direct_raw_gr_a1000,2d2d0c6b,0,612.5058782046968,999
3,panel_direct_raw_gr_a1000,2d2d0c6b,1,11136.808186100276,1000
3,panel_direct_raw_gr_a1000,2d2d0c6b,2,20013.16552585241,1000
3,panel_direct_raw_gr_a1000,2d2d0c6b,3,585.7935767992878,1000
3,panel_direct_raw_gr_a1000,2d2d0c6b,4,12821.690058898119,1000
3,panel_direct_raw_gr_a1000,2d2d0c6b,5,1515.9186034243223,46
3,panel_direct_phase_a100,2d2d0c6b,0,24257.7506490377,999
3,panel_direct_phase_a100,2d2d0c6b,1,89628.27000638968,1000
3,panel_direct_phase_a100,2d2d0c6b,2,11398.870916438325,1000
3,panel_direct_phase_a100,2d2d0c6b,3,14192.891741740503,1000
3,panel_direct_phase_a100,2d2d0c6b,4,38414.53286382004,1000
3,panel_direct_phase_a100,2d2d0c6b,5,2816.8787477975275,46
3,panel_direct_phase_a1000,2d2d0c6b,0,851.3056505911205,999
3,panel_direct_phase_a1000,2d2d0c6b,1,15401.021983600607,1000
3,panel_direct_phase_a1000,2d2d0c6b,2,19305.053876359736,1000
3,panel_direct_phase_a1000,2d2d0c6b,3,516.455031665146,1000
3,panel_direct_phase_a1000,2d2d0c6b,4,14132.837983011803,1000
3,panel_direct_phase_a1000,2d2d0c6b,5,1604.9178995201728,46
3,panel_direct_phase_a10000,2d2d0c6b,0,630.3613016590847,999
3,panel_direct_phase_a10000,2d2d0c6b,1,10943.367048427355,1000
3,panel_direct_phase_a10000,2d2d0c6b,2,20449.53809569982,1000
3,panel_direct_phase_a10000,2d2d0c6b,3,608.2973994560865,1000
3,panel_direct_phase_a10000,2d2d0c6b,4,12799.386600574977,1000
3,panel_direct_phase_a10000,2d2d0c6b,5,1476.773656968057,46
3,panel_direct_geom_a1000,eb06a4e7,0,80897.11311014439,999
3,panel_direct_geom_a1000,eb06a4e7,1,37476.307328537936,1000
3,panel_direct_geom_a1000,eb06a4e7,2,12785.15751231125,1000
3,panel_direct_geom_a1000,eb06a4e7,3,192183.04973443592,1000
3,panel_direct_geom_a1000,eb06a4e7,4,90209.68405597073,536
3,panel_direct_raw_gr_a1000,eb06a4e7,0,80482.79337758482,999
3,panel_direct_raw_gr_a1000,eb06a4e7,1,37336.09472596436,1000
3,panel_direct_raw_gr_a1000,eb06a4e7,2,12973.00703421547,1000
3,panel_direct_raw_gr_a1000,eb06a4e7,3,192485.45688116146,1000
3,panel_direct_raw_gr_a1000,eb06a4e7,4,95623.21958064423,536
3,panel_direct_phase_a100,eb06a4e7,0,68370.02198736547,999
3,panel_direct_phase_a100,eb06a4e7,1,85830.822587619,1000
3,panel_direct_phase_a100,eb06a4e7,2,38014.84575432091,1000
3,panel_direct_phase_a100,eb06a4e7,3,131242.82303707337,1000
3,panel_direct_phase_a100,eb06a4e7,4,18131.289195439116,536
3,panel_direct_phase_a1000,eb06a4e7,0,76924.34215330801,999
3,panel_direct_phase_a1000,eb06a4e7,1,38261.16352618253,1000
3,panel_direct_phase_a1000,eb06a4e7,2,13695.142193345255,1000
3,panel_direct_phase_a1000,eb06a4e7,3,190267.56482629708,1000
3,panel_direct_phase_a1000,eb06a4e7,4,64400.95243874727,536
3,panel_direct_phase_a10000,eb06a4e7,0,72254.4016170537,999
3,panel_direct_phase_a10000,eb06a4e7,1,22141.120928016204,1000
3,panel_direct_phase_a10000,eb06a4e7,2,6305.553658231469,1000
3,panel_direct_phase_a10000,eb06a4e7,3,218601.0278091863,1000
3,panel_direct_phase_a10000,eb06a4e7,4,96307.12302819504,536
3,panel_direct_geom_a1000,1944513c,0,6847.680923624679,999
3,panel_direct_geom_a1000,1944513c,1,146033.53470646025,1000
3,panel_direct_geom_a1000,1944513c,2,48597.86383248985,1000
3,panel_direct_geom_a1000,1944513c,3,17755.48668193454,1000
3,panel_direct_geom_a1000,1944513c,4,9425.261957111617,723
3,panel_direct_raw_gr_a1000,1944513c,0,6753.1071265147875,999
3,panel_direct_raw_gr_a1000,1944513c,1,144976.88024931366,1000
3,panel_direct_raw_gr_a1000,1944513c,2,48921.245024643686,1000
3,panel_direct_raw_gr_a1000,1944513c,3,18004.290909550495,1000
3,panel_direct_raw_gr_a1000,1944513c,4,9464.923187922623,723
3,panel_direct_phase_a100,1944513c,0,28219.369060714766,999
3,panel_direct_phase_a100,1944513c,1,243909.6860483882,1000
3,panel_direct_phase_a100,1944513c,2,111686.87569686049,1000
3,panel_direct_phase_a100,1944513c,3,49450.69417867292,1000
3,panel_direct_phase_a100,1944513c,4,22698.62440450916,723
3,panel_direct_phase_a1000,1944513c,0,7440.804681789734,999
3,panel_direct_phase_a1000,1944513c,1,150504.1587953684,1000
3,panel_direct_phase_a1000,1944513c,2,52429.08839984079,1000
3,panel_direct_phase_a1000,1944513c,3,19383.796448086912,1000
3,panel_direct_phase_a1000,1944513c,4,9847.928742871627,723
3,panel_direct_phase_a10000,1944513c,0,2713.547831261844,999
3,panel_direct_phase_a10000,1944513c,1,115667.72226832426,1000
3,panel_direct_phase_a10000,1944513c,2,32897.40084812772,1000
3,panel_direct_phase_a10000,1944513c,3,11860.85271191705,1000
3,panel_direct_phase_a10000,1944513c,4,7726.326143519161,723
3,panel_direct_geom_a1000,a6b8ac67,0,17990.95547122698,999
3,panel_direct_geom_a1000,a6b8ac67,1,91073.11382142722,1000
3,panel_direct_geom_a1000,a6b8ac67,2,82524.67778825387,1000
3,panel_direct_geom_a1000,a6b8ac67,3,89415.60463760023,1000
3,panel_direct_geom_a1000,a6b8ac67,4,321956.2563337503,1000
3,panel_direct_geom_a1000,a6b8ac67,5,119192.99388596576,454
3,panel_direct_raw_gr_a1000,a6b8ac67,0,17906.212386346317,999
3,panel_direct_raw_gr_a1000,a6b8ac67,1,91498.97055111997,1000
3,panel_direct_raw_gr_a1000,a6b8ac67,2,84740.59524750568,1000
3,panel_direct_raw_gr_a1000,a6b8ac67,3,92419.28188854043,1000
3,panel_direct_raw_gr_a1000,a6b8ac67,4,326740.3044679152,1000
3,panel_direct_raw_gr_a1000,a6b8ac67,5,118610.9289243964,454
3,panel_direct_phase_a100,a6b8ac67,0,2104.8008957003444,999
3,panel_direct_phase_a100,a6b8ac67,1,144564.21330968104,1000
3,panel_direct_phase_a100,a6b8ac67,2,167867.27496133634,1000
3,panel_direct_phase_a100,a6b8ac67,3,151938.84158095115,1000
3,panel_direct_phase_a100,a6b8ac67,4,389349.539146218,1000
3,panel_direct_phase_a100,a6b8ac67,5,128421.04288435249,454
3,panel_direct_phase_a1000,a6b8ac67,0,15180.359205504652,999
3,panel_direct_phase_a1000,a6b8ac67,1,97809.78408552884,1000
3,panel_direct_phase_a1000,a6b8ac67,2,91971.24582834364,1000
3,panel_direct_phase_a1000,a6b8ac67,3,100260.7533932577,1000
3,panel_direct_phase_a1000,a6b8ac67,4,334943.4823516509,1000
3,panel_direct_phase_a1000,a6b8ac67,5,116896.73248300426,454
3,panel_direct_phase_a10000,a6b8ac67,0,27695.963539724744,999
3,panel_direct_phase_a10000,a6b8ac67,1,79485.73282513527,1000
3,panel_direct_phase_a10000,a6b8ac67,2,64688.79021019213,1000
3,panel_direct_phase_a10000,a6b8ac67,3,77334.42742432082,1000
3,panel_direct_phase_a10000,a6b8ac67,4,303442.58788111096,1000
3,panel_direct_phase_a10000,a6b8ac67,5,114885.49905377474,454
3,panel_direct_geom_a1000,a76db406,0,249.05819162513166,999
3,panel_direct_geom_a1000,a76db406,1,1484.1935728412927,1000
3,panel_direct_geom_a1000,a76db406,2,11900.766240118479,1000
3,panel_direct_geom_a1000,a76db406,3,3468.8900950168395,1000
3,panel_direct_geom_a1000,a76db406,4,35848.432023818306,673
3,panel_direct_raw_gr_a1000,a76db406,0,279.24975650445515,999
3,panel_direct_raw_gr_a1000,a76db406,1,1602.841644122658,1000
3,panel_direct_raw_gr_a1000,a76db406,2,12507.60598030694,1000
3,panel_direct_raw_gr_a1000,a76db406,3,4024.7738739586403,1000
3,panel_direct_raw_gr_a1000,a76db406,4,37631.2638987362,673
3,panel_direct_phase_a100,a76db406,0,617.951548888927,999
3,panel_direct_phase_a100,a76db406,1,831.1359407867163,1000
3,panel_direct_phase_a100,a76db406,2,5198.672326835319,1000
3,panel_direct_phase_a100,a76db406,3,1760.7323454142288,1000
3,panel_direct_phase_a100,a76db406,4,16588.339703200472,673
3,panel_direct_phase_a1000,a76db406,0,245.31740119301335,999
3,panel_direct_phase_a1000,a76db406,1,730.204482108372,1000
3,panel_direct_phase_a1000,a76db406,2,4739.319392139317,1000
3,panel_direct_phase_a1000,a76db406,3,462.44919715270345,1000
3,panel_direct_phase_a1000,a76db406,4,28565.237724090606,673
3,panel_direct_phase_a10000,a76db406,0,289.0991720902419,999
3,panel_direct_phase_a10000,a76db406,1,1732.9287789582918,1000
3,panel_direct_phase_a10000,a76db406,2,12218.55568998461,1000
3,panel_direct_phase_a10000,a76db406,3,3486.0010853704257,1000
3,panel_direct_phase_a10000,a76db406,4,36314.547452493105,673
3,panel_direct_geom_a1000,eafb863e,0,34635.940612021936,999
3,panel_direct_geom_a1000,eafb863e,1,205737.67634069288,1000
3,panel_direct_geom_a1000,eafb863e,2,130566.23654266381,1000
3,panel_direct_geom_a1000,eafb863e,3,299026.0517955696,569
3,panel_direct_raw_gr_a1000,eafb863e,0,34780.2665982658,999
3,panel_direct_raw_gr_a1000,eafb863e,1,206310.07326896294,1000
3,panel_direct_raw_gr_a1000,eafb863e,2,129560.25324153464,1000
3,panel_direct_raw_gr_a1000,eafb863e,3,299156.7145451038,569
3,panel_direct_phase_a100,eafb863e,0,2361.943422783938,999
3,panel_direct_phase_a100,eafb863e,1,35825.59620878111,1000
3,panel_direct_phase_a100,eafb863e,2,23518.17062497238,1000
3,panel_direct_phase_a100,eafb863e,3,151905.0561180058,569
3,panel_direct_phase_a1000,eafb863e,0,28153.06674972135,999
3,panel_direct_phase_a1000,eafb863e,1,178548.14611313483,1000
3,panel_direct_phase_a1000,eafb863e,2,101553.14356507435,1000
3,panel_direct_phase_a1000,eafb863e,3,265547.82209152944,569
3,panel_direct_phase_a10000,eafb863e,0,36417.02988081673,999
3,panel_direct_phase_a10000,eafb863e,1,205615.79795778295,1000
3,panel_direct_phase_a10000,eafb863e,2,125306.19691585787,1000
3,panel_direct_phase_a10000,eafb863e,3,292973.87486614194,569
3,panel_direct_geom_a1000,add9c322,0,53769.900347079834,999
3,panel_direct_geom_a1000,add9c322,1,61980.20471619171,1000
3,panel_direct_geom_a1000,add9c322,2,219637.49945050068,1000
3,panel_direct_geom_a1000,add9c322,3,132340.32298377447,933
3,panel_direct_raw_gr_a1000,add9c322,0,54124.110976647076,999
3,panel_direct_raw_gr_a1000,add9c322,1,62372.923866393394,1000
3,panel_direct_raw_gr_a1000,add9c322,2,217133.2207380955,1000
3,panel_direct_raw_gr_a1000,add9c322,3,131328.54501023213,933
3,panel_direct_phase_a100,add9c322,0,15606.901586818,999
3,panel_direct_phase_a100,add9c322,1,24093.332052785707,1000
3,panel_direct_phase_a100,add9c322,2,109013.71357728969,1000
3,panel_direct_phase_a100,add9c322,3,101387.92168030837,933
3,panel_direct_phase_a1000,add9c322,0,43376.2966860192,999
3,panel_direct_phase_a1000,add9c322,1,49383.83560345278,1000
3,panel_direct_phase_a1000,add9c322,2,188479.42364636753,1000
3,panel_direct_phase_a1000,add9c322,3,130954.25804136854,933
3,panel_direct_phase_a10000,add9c322,0,70429.5886726215,999
3,panel_direct_phase_a10000,add9c322,1,78096.99265701463,1000
3,panel_direct_phase_a10000,add9c322,2,247892.15451881714,1000
3,panel_direct_phase_a10000,add9c322,3,151525.30581992734,933
3,panel_direct_geom_a1000,f56d3ace,0,10727.635427967702,999
3,panel_direct_geom_a1000,f56d3ace,1,77723.38457185306,1000
3,panel_direct_geom_a1000,f56d3ace,2,48948.22214578033,1000
3,panel_direct_geom_a1000,f56d3ace,3,19899.540415834213,1000
3,panel_direct_geom_a1000,f56d3ace,4,41063.529761442645,1000
3,panel_direct_geom_a1000,f56d3ace,5,4749.524724358108,433
3,panel_direct_raw_gr_a1000,f56d3ace,0,10611.122020692957,999
3,panel_direct_raw_gr_a1000,f56d3ace,1,76858.82324620453,1000
3,panel_direct_raw_gr_a1000,f56d3ace,2,49498.38390274711,1000
3,panel_direct_raw_gr_a1000,f56d3ace,3,19889.31941381953,1000
3,panel_direct_raw_gr_a1000,f56d3ace,4,42349.70538838688,1000
3,panel_direct_raw_gr_a1000,f56d3ace,5,4731.048280210504,433
3,panel_direct_phase_a100,f56d3ace,0,10587.942513431297,999
3,panel_direct_phase_a100,f56d3ace,1,90708.30415034559,1000
3,panel_direct_phase_a100,f56d3ace,2,53478.29375168986,1000
3,panel_direct_phase_a100,f56d3ace,3,14130.799290359942,1000
3,panel_direct_phase_a100,f56d3ace,4,23509.77449095508,1000
3,panel_direct_phase_a100,f56d3ace,5,2485.27881291383,433
3,panel_direct_phase_a1000,f56d3ace,0,12060.707794515682,999
3,panel_direct_phase_a1000,f56d3ace,1,85215.5694642893,1000
3,panel_direct_phase_a1000,f56d3ace,2,49322.29113345539,1000
3,panel_direct_phase_a1000,f56d3ace,3,17952.902419823567,1000
3,panel_direct_phase_a1000,f56d3ace,4,38040.7159010586,1000
3,panel_direct_phase_a1000,f56d3ace,5,3905.227373720299,433
3,panel_direct_phase_a10000,f56d3ace,0,13865.567039382242,999
3,panel_direct_phase_a10000,f56d3ace,1,92915.49951970637,1000
3,panel_direct_phase_a10000,f56d3ace,2,60547.665544241056,1000
3,panel_direct_phase_a10000,f56d3ace,3,23431.934469343516,1000
3,panel_direct_phase_a10000,f56d3ace,4,48018.89687114292,1000
3,panel_direct_phase_a10000,f56d3ace,5,5326.653795008481,433
3,panel_direct_geom_a1000,7c607683,0,41749.863253511314,999
3,panel_direct_geom_a1000,7c607683,1,138967.86931355073,1000
3,panel_direct_geom_a1000,7c607683,2,289941.86954083515,1000
3,panel_direct_geom_a1000,7c607683,3,504352.3676307534,1000
3,panel_direct_geom_a1000,7c607683,4,395784.0694240163,1000
3,panel_direct_geom_a1000,7c607683,5,3249.4278331223622,329
3,panel_direct_raw_gr_a1000,7c607683,0,41474.71430947221,999
3,panel_direct_raw_gr_a1000,7c607683,1,138163.82516337995,1000
3,panel_direct_raw_gr_a1000,7c607683,2,290287.9670547396,1000
3,panel_direct_raw_gr_a1000,7c607683,3,505738.9563705087,1000
3,panel_direct_raw_gr_a1000,7c607683,4,396536.3279565816,1000
3,panel_direct_raw_gr_a1000,7c607683,5,3272.1658230793228,329
3,panel_direct_phase_a100,7c607683,0,30481.021359461007,999
3,panel_direct_phase_a100,7c607683,1,119977.8390494832,1000
3,panel_direct_phase_a100,7c607683,2,279347.0717573784,1000
3,panel_direct_phase_a100,7c607683,3,508477.44557859015,1000
3,panel_direct_phase_a100,7c607683,4,409838.2656765181,1000
3,panel_direct_phase_a100,7c607683,5,4606.263391815248,329
3,panel_direct_phase_a1000,7c607683,0,40840.716207532016,999
3,panel_direct_phase_a1000,7c607683,1,125563.57860891237,1000
3,panel_direct_phase_a1000,7c607683,2,273486.93109494617,1000
3,panel_direct_phase_a1000,7c607683,3,498402.51159810304,1000
3,panel_direct_phase_a1000,7c607683,4,396403.29040828306,1000
3,panel_direct_phase_a1000,7c607683,5,3678.173327179406,329
3,panel_direct_phase_a10000,7c607683,0,52370.89734788941,999
3,panel_direct_phase_a10000,7c607683,1,152700.33441876242,1000
3,panel_direct_phase_a10000,7c607683,2,306073.92518895224,1000
3,panel_direct_phase_a10000,7c607683,3,526979.3189897022,1000
3,panel_direct_phase_a10000,7c607683,4,410378.22230356105,1000
3,panel_direct_phase_a10000,7c607683,5,3346.4189601247504,329
3,panel_direct_geom_a1000,b7cdcecb,0,7146.287276593986,999
3,panel_direct_geom_a1000,b7cdcecb,1,13572.69323768326,1000
3,panel_direct_geom_a1000,b7cdcecb,2,14643.845654543697,1000
3,panel_direct_geom_a1000,b7cdcecb,3,11061.861786629677,1000
3,panel_direct_geom_a1000,b7cdcecb,4,77335.16671113831,1000
3,panel_direct_geom_a1000,b7cdcecb,5,265561.11327624036,1000
3,panel_direct_geom_a1000,b7cdcecb,6,78001.47562486908,169
3,panel_direct_raw_gr_a1000,b7cdcecb,0,7299.788868421346,999
3,panel_direct_raw_gr_a1000,b7cdcecb,1,13672.690749341615,1000
3,panel_direct_raw_gr_a1000,b7cdcecb,2,14980.144029759687,1000
3,panel_direct_raw_gr_a1000,b7cdcecb,3,11131.235963627365,1000
3,panel_direct_raw_gr_a1000,b7cdcecb,4,78700.27923821114,1000
3,panel_direct_raw_gr_a1000,b7cdcecb,5,265578.7898548074,1000
3,panel_direct_raw_gr_a1000,b7cdcecb,6,78862.47730284001,169
3,panel_direct_phase_a100,b7cdcecb,0,3518.907254399333,999
3,panel_direct_phase_a100,b7cdcecb,1,13880.219974442833,1000
3,panel_direct_phase_a100,b7cdcecb,2,12310.800016964728,1000
3,panel_direct_phase_a100,b7cdcecb,3,7483.800671762442,1000
3,panel_direct_phase_a100,b7cdcecb,4,70284.78266085849,1000
3,panel_direct_phase_a100,b7cdcecb,5,240841.26789891004,1000
3,panel_direct_phase_a100,b7cdcecb,6,72409.23244416669,169
3,panel_direct_phase_a1000,b7cdcecb,0,6539.879270718513,999
3,panel_direct_phase_a1000,b7cdcecb,1,12615.176542006746,1000
3,panel_direct_phase_a1000,b7cdcecb,2,13702.925780467709,1000
3,panel_direct_phase_a1000,b7cdcecb,3,10251.511928444292,1000
3,panel_direct_phase_a1000,b7cdcecb,4,78655.65658775887,1000
3,panel_direct_phase_a1000,b7cdcecb,5,263806.75296108786,1000
3,panel_direct_phase_a1000,b7cdcecb,6,77521.83558624196,169
3,panel_direct_phase_a10000,b7cdcecb,0,11157.76162443514,999
3,panel_direct_phase_a10000,b7cdcecb,1,18611.820376785792,1000
3,panel_direct_phase_a10000,b7cdcecb,2,20023.7948223339,1000
3,panel_direct_phase_a10000,b7cdcecb,3,15179.433355094787,1000
3,panel_direct_phase_a10000,b7cdcecb,4,84338.8249483123,1000
3,panel_direct_phase_a10000,b7cdcecb,5,278930.94609057356,1000
3,panel_direct_phase_a10000,b7cdcecb,6,82893.8858207834,169
3,panel_direct_geom_a1000,a5e6f7dc,0,130074.87903728282,999
3,panel_direct_geom_a1000,a5e6f7dc,1,56048.17019521382,1000
3,panel_direct_geom_a1000,a5e6f7dc,2,34087.168009059875,1000
3,panel_direct_geom_a1000,a5e6f7dc,3,1012.316508533885,1000
3,panel_direct_geom_a1000,a5e6f7dc,4,21066.294923238707,1000
3,panel_direct_geom_a1000,a5e6f7dc,5,41487.89804301049,650
3,panel_direct_raw_gr_a1000,a5e6f7dc,0,129875.19971918972,999
3,panel_direct_raw_gr_a1000,a5e6f7dc,1,56047.280849162526,1000
3,panel_direct_raw_gr_a1000,a5e6f7dc,2,34166.517087419474,1000
3,panel_direct_raw_gr_a1000,a5e6f7dc,3,1025.720703422106,1000
3,panel_direct_raw_gr_a1000,a5e6f7dc,4,20986.73427682783,1000
3,panel_direct_raw_gr_a1000,a5e6f7dc,5,41619.80988076209,650
3,panel_direct_phase_a100,a5e6f7dc,0,123160.56593252301,999
3,panel_direct_phase_a100,a5e6f7dc,1,125286.15898504715,1000
3,panel_direct_phase_a100,a5e6f7dc,2,72265.30990292523,1000
3,panel_direct_phase_a100,a5e6f7dc,3,10752.95455822252,1000
3,panel_direct_phase_a100,a5e6f7dc,4,40082.63946511266,1000
3,panel_direct_phase_a100,a5e6f7dc,5,63153.923192071336,650
3,panel_direct_phase_a1000,a5e6f7dc,0,125859.49978849608,999
3,panel_direct_phase_a1000,a5e6f7dc,1,59202.36498535988,1000
3,panel_direct_phase_a1000,a5e6f7dc,2,34833.147650096274,1000
3,panel_direct_phase_a1000,a5e6f7dc,3,1020.2032570009414,1000
3,panel_direct_phase_a1000,a5e6f7dc,4,19690.73055485826,1000
3,panel_direct_phase_a1000,a5e6f7dc,5,42097.19847384178,650
3,panel_direct_phase_a10000,a5e6f7dc,0,122257.35011334962,999
3,panel_direct_phase_a10000,a5e6f7dc,1,37134.45073916918,1000
3,panel_direct_phase_a10000,a5e6f7dc,2,25140.659990372973,1000
3,panel_direct_phase_a10000,a5e6f7dc,3,1909.7589461393607,1000
3,panel_direct_phase_a10000,a5e6f7dc,4,15947.891879395496,1000
3,panel_direct_phase_a10000,a5e6f7dc,5,37596.30491901137,650
3,panel_direct_geom_a1000,4ed93db6,0,2396.0222001018224,999
3,panel_direct_geom_a1000,4ed93db6,1,17988.688197287513,1000
3,panel_direct_geom_a1000,4ed93db6,2,68299.51669845097,1000
3,panel_direct_geom_a1000,4ed93db6,3,124674.6931067893,1000
3,panel_direct_geom_a1000,4ed93db6,4,101598.53040430824,658
3,panel_direct_raw_gr_a1000,4ed93db6,0,2322.461064775877,999
3,panel_direct_raw_gr_a1000,4ed93db6,1,17976.176590306866,1000
3,panel_direct_raw_gr_a1000,4ed93db6,2,68339.25023935924,1000
3,panel_direct_raw_gr_a1000,4ed93db6,3,125861.26474279627,1000
3,panel_direct_raw_gr_a1000,4ed93db6,4,103656.41962992544,658
3,panel_direct_phase_a100,4ed93db6,0,7215.093688303924,999
3,panel_direct_phase_a100,4ed93db6,1,11880.349501397133,1000
3,panel_direct_phase_a100,4ed93db6,2,51155.843876098494,1000
3,panel_direct_phase_a100,4ed93db6,3,82470.83995010609,1000
3,panel_direct_phase_a100,4ed93db6,4,54688.811101929714,658
3,panel_direct_phase_a1000,4ed93db6,0,2569.110415863625,999
3,panel_direct_phase_a1000,4ed93db6,1,18054.31274933808,1000
3,panel_direct_phase_a1000,4ed93db6,2,71859.93856976059,1000
3,panel_direct_phase_a1000,4ed93db6,3,118050.74655515888,1000
3,panel_direct_phase_a1000,4ed93db6,4,89474.35368661254,658
3,panel_direct_phase_a10000,4ed93db6,0,2440.742047325504,999
3,panel_direct_phase_a10000,4ed93db6,1,26957.025962948566,1000
3,panel_direct_phase_a10000,4ed93db6,2,86227.42183056052,1000
3,panel_direct_phase_a10000,4ed93db6,3,142029.2195186223,1000
3,panel_direct_phase_a10000,4ed93db6,4,109844.73773702251,658
3,panel_direct_geom_a1000,26623a50,0,91077.88998387665,999
3,panel_direct_geom_a1000,26623a50,1,661469.3228028336,1000
3,panel_direct_geom_a1000,26623a50,2,680678.5847444634,1000
3,panel_direct_geom_a1000,26623a50,3,352861.86143660685,1000
3,panel_direct_geom_a1000,26623a50,4,280791.65361077484,1000
3,panel_direct_geom_a1000,26623a50,5,231671.18560172647,736
3,panel_direct_raw_gr_a1000,26623a50,0,91152.9384782826,999
3,panel_direct_raw_gr_a1000,26623a50,1,661392.5769913336,1000
3,panel_direct_raw_gr_a1000,26623a50,2,685153.4732922416,1000
3,panel_direct_raw_gr_a1000,26623a50,3,353292.9839725491,1000
3,panel_direct_raw_gr_a1000,26623a50,4,282519.54536721675,1000
3,panel_direct_raw_gr_a1000,26623a50,5,232061.9766455792,736
3,panel_direct_phase_a100,26623a50,0,18090.134415448774,999
3,panel_direct_phase_a100,26623a50,1,262295.8424262591,1000
3,panel_direct_phase_a100,26623a50,2,341682.47683101695,1000
3,panel_direct_phase_a100,26623a50,3,171569.3329486656,1000
3,panel_direct_phase_a100,26623a50,4,201609.4342943517,1000
3,panel_direct_phase_a100,26623a50,5,202344.8983850659,736
3,panel_direct_phase_a1000,26623a50,0,75887.6117528172,999
3,panel_direct_phase_a1000,26623a50,1,575531.2203141262,1000
3,panel_direct_phase_a1000,26623a50,2,580037.6284330933,1000
3,panel_direct_phase_a1000,26623a50,3,301042.9811036434,1000
3,panel_direct_phase_a1000,26623a50,4,268929.9358833422,1000
3,panel_direct_phase_a1000,26623a50,5,238397.34481013034,736
3,panel_direct_phase_a10000,26623a50,0,122505.45247770312,999
3,panel_direct_phase_a10000,26623a50,1,752788.9412523126,1000
3,panel_direct_phase_a10000,26623a50,2,736917.9051454796,1000
3,panel_direct_phase_a10000,26623a50,3,384593.30965020345,1000
3,panel_direct_phase_a10000,26623a50,4,301956.6030303533,1000
3,panel_direct_phase_a10000,26623a50,5,243858.4115645078,736
3,panel_direct_geom_a1000,eeed308d,0,31670.649150340054,999
3,panel_direct_geom_a1000,eeed308d,1,29964.02188514629,1000
3,panel_direct_geom_a1000,eeed308d,2,141898.84114593078,1000
3,panel_direct_geom_a1000,eeed308d,3,132331.66735015152,900
3,panel_direct_raw_gr_a1000,eeed308d,0,30973.01814391281,999
3,panel_direct_raw_gr_a1000,eeed308d,1,28714.261173076065,1000
3,panel_direct_raw_gr_a1000,eeed308d,2,138110.47809348945,1000
3,panel_direct_raw_gr_a1000,eeed308d,3,132144.69155094743,900
3,panel_direct_phase_a100,eeed308d,0,27225.546709321374,999
3,panel_direct_phase_a100,eeed308d,1,22370.65149510836,1000
3,panel_direct_phase_a100,eeed308d,2,132810.87476500738,1000
3,panel_direct_phase_a100,eeed308d,3,137377.6518438746,900
3,panel_direct_phase_a1000,eeed308d,0,29937.308358864248,999
3,panel_direct_phase_a1000,eeed308d,1,26847.894900277428,1000
3,panel_direct_phase_a1000,eeed308d,2,142006.93581630578,1000
3,panel_direct_phase_a1000,eeed308d,3,136421.91364035834,900
3,panel_direct_phase_a10000,eeed308d,0,26122.70716511322,999
3,panel_direct_phase_a10000,eeed308d,1,23766.27075434097,1000
3,panel_direct_phase_a10000,eeed308d,2,160442.01192020086,1000
3,panel_direct_phase_a10000,eeed308d,3,146013.45038463955,900
3,panel_direct_geom_a1000,8d5d46d7,0,95053.71998174422,999
3,panel_direct_geom_a1000,8d5d46d7,1,344674.1005945386,1000
3,panel_direct_geom_a1000,8d5d46d7,2,437820.30442082026,1000
3,panel_direct_geom_a1000,8d5d46d7,3,280740.50077443605,1000
3,panel_direct_geom_a1000,8d5d46d7,4,125993.02330396886,1000
3,panel_direct_geom_a1000,8d5d46d7,5,45815.52279736557,756
3,panel_direct_raw_gr_a1000,8d5d46d7,0,95064.244953204,999
3,panel_direct_raw_gr_a1000,8d5d46d7,1,344954.5148782737,1000
3,panel_direct_raw_gr_a1000,8d5d46d7,2,436542.43224018597,1000
3,panel_direct_raw_gr_a1000,8d5d46d7,3,279202.6553440193,1000
3,panel_direct_raw_gr_a1000,8d5d46d7,4,124260.63263579544,1000
3,panel_direct_raw_gr_a1000,8d5d46d7,5,46149.42411774359,756
3,panel_direct_phase_a100,8d5d46d7,0,72629.18268361926,999
3,panel_direct_phase_a100,8d5d46d7,1,301062.1513420675,1000
3,panel_direct_phase_a100,8d5d46d7,2,362442.027256445,1000
3,panel_direct_phase_a100,8d5d46d7,3,182147.02904411816,1000
3,panel_direct_phase_a100,8d5d46d7,4,53662.58358148734,1000
3,panel_direct_phase_a100,8d5d46d7,5,9157.365634893782,756
3,panel_direct_phase_a1000,8d5d46d7,0,102733.18665063214,999
3,panel_direct_phase_a1000,8d5d46d7,1,360445.3884155828,1000
3,panel_direct_phase_a1000,8d5d46d7,2,412351.07292485924,1000
3,panel_direct_phase_a1000,8d5d46d7,3,234681.50493055998,1000
3,panel_direct_phase_a1000,8d5d46d7,4,92807.19646443265,1000
3,panel_direct_phase_a1000,8d5d46d7,5,32599.425327711517,756
3,panel_direct_phase_a10000,8d5d46d7,0,90825.22418402105,999
3,panel_direct_phase_a10000,8d5d46d7,1,332220.0305336326,1000
3,panel_direct_phase_a10000,8d5d46d7,2,409120.8576879547,1000
3,panel_direct_phase_a10000,8d5d46d7,3,255243.40018903778,1000
3,panel_direct_phase_a10000,8d5d46d7,4,112229.43502656942,1000
3,panel_direct_phase_a10000,8d5d46d7,5,41436.11808519494,756
3,panel_direct_geom_a1000,61f27424,0,6117.505257127891,999
3,panel_direct_geom_a1000,61f27424,1,13310.131435238747,1000
3,panel_direct_geom_a1000,61f27424,2,5229.604271246784,1000
3,panel_direct_geom_a1000,61f27424,3,2599.175394554601,1000
3,panel_direct_geom_a1000,61f27424,4,18654.245668179003,1000
3,panel_direct_geom_a1000,61f27424,5,6312.6422187642065,1000
3,panel_direct_geom_a1000,61f27424,6,6028.82057204536,221
3,panel_direct_raw_gr_a1000,61f27424,0,6081.255530941194,999
3,panel_direct_raw_gr_a1000,61f27424,1,13262.07600790101,1000
3,panel_direct_raw_gr_a1000,61f27424,2,5567.482621706893,1000
3,panel_direct_raw_gr_a1000,61f27424,3,2512.5224761164422,1000
3,panel_direct_raw_gr_a1000,61f27424,4,18761.042952682863,1000
3,panel_direct_raw_gr_a1000,61f27424,5,6326.066167886402,1000
3,panel_direct_raw_gr_a1000,61f27424,6,6059.843633007026,221
3,panel_direct_phase_a100,61f27424,0,9727.721681292669,999
3,panel_direct_phase_a100,61f27424,1,37906.158489044115,1000
3,panel_direct_phase_a100,61f27424,2,31493.67149346729,1000
3,panel_direct_phase_a100,61f27424,3,3464.033503725811,1000
3,panel_direct_phase_a100,61f27424,4,8532.224893858847,1000
3,panel_direct_phase_a100,61f27424,5,12270.036764899947,1000
3,panel_direct_phase_a100,61f27424,6,9744.696951210313,221
3,panel_direct_phase_a1000,61f27424,0,5825.621205755858,999
3,panel_direct_phase_a1000,61f27424,1,15081.585245771685,1000
3,panel_direct_phase_a1000,61f27424,2,6899.972713006615,1000
3,panel_direct_phase_a1000,61f27424,3,3655.3645342396208,1000
3,panel_direct_phase_a1000,61f27424,4,21448.486685206964,1000
3,panel_direct_phase_a1000,61f27424,5,6254.180929382156,1000
3,panel_direct_phase_a1000,61f27424,6,5727.686397437813,221
3,panel_direct_phase_a10000,61f27424,0,3088.520741005776,999
3,panel_direct_phase_a10000,61f27424,1,7128.922862756375,1000
3,panel_direct_phase_a10000,61f27424,2,1505.5362122912704,1000
3,panel_direct_phase_a10000,61f27424,3,4870.814422058104,1000
3,panel_direct_phase_a10000,61f27424,4,24779.82387777464,1000
3,panel_direct_phase_a10000,61f27424,5,5428.4071547300455,1000
3,panel_direct_phase_a10000,61f27424,6,4779.092768432331,221
3,panel_direct_geom_a1000,3bfee975,0,22951.8380160353,999
3,panel_direct_geom_a1000,3bfee975,1,82842.10543777807,1000
3,panel_direct_geom_a1000,3bfee975,2,70829.42891506034,1000
3,panel_direct_geom_a1000,3bfee975,3,39534.516274041256,604
3,panel_direct_raw_gr_a1000,3bfee975,0,22989.609344295357,999
3,panel_direct_raw_gr_a1000,3bfee975,1,83641.41594667025,1000
3,panel_direct_raw_gr_a1000,3bfee975,2,71172.12083932884,1000
3,panel_direct_raw_gr_a1000,3bfee975,3,39440.534555891776,604
3,panel_direct_phase_a100,3bfee975,0,12950.684930919691,999
3,panel_direct_phase_a100,3bfee975,1,71091.57207496253,1000
3,panel_direct_phase_a100,3bfee975,2,80349.75448826374,1000
3,panel_direct_phase_a100,3bfee975,3,26870.253972600825,604
3,panel_direct_phase_a1000,3bfee975,0,21238.080711699713,999
3,panel_direct_phase_a1000,3bfee975,1,82033.75625194292,1000
3,panel_direct_phase_a1000,3bfee975,2,77482.94472505077,1000
3,panel_direct_phase_a1000,3bfee975,3,34678.37801567237,604
3,panel_direct_phase_a10000,3bfee975,0,20122.68216367744,999
3,panel_direct_phase_a10000,3bfee975,1,85301.81143615185,1000
3,panel_direct_phase_a10000,3bfee975,2,80946.44029101824,1000
3,panel_direct_phase_a10000,3bfee975,3,33817.900015366424,604
3,panel_direct_geom_a1000,efe96181,0,569442.9471283105,999
3,panel_direct_geom_a1000,efe96181,1,856182.1407513671,1000
3,panel_direct_geom_a1000,efe96181,2,874346.3251211628,1000
3,panel_direct_geom_a1000,efe96181,3,860565.4410446034,1000
3,panel_direct_geom_a1000,efe96181,4,10043.157752582149,13
3,panel_direct_raw_gr_a1000,efe96181,0,568904.9299085861,999
3,panel_direct_raw_gr_a1000,efe96181,1,851007.1702070724,1000
3,panel_direct_raw_gr_a1000,efe96181,2,875497.4383964015,1000
3,panel_direct_raw_gr_a1000,efe96181,3,864930.7694651443,1000
3,panel_direct_raw_gr_a1000,efe96181,4,10038.542539130802,13
3,panel_direct_phase_a100,efe96181,0,398955.4666137235,999
3,panel_direct_phase_a100,efe96181,1,743433.3708029692,1000
3,panel_direct_phase_a100,efe96181,2,825284.6883089856,1000
3,panel_direct_phase_a100,efe96181,3,847549.1127305048,1000
3,panel_direct_phase_a100,efe96181,4,9962.585699542613,13
3,panel_direct_phase_a1000,efe96181,0,556225.8544302179,999
3,panel_direct_phase_a1000,efe96181,1,832009.819108178,1000
3,panel_direct_phase_a1000,efe96181,2,858501.7243369311,1000
3,panel_direct_phase_a1000,efe96181,3,852631.2066620559,1000
3,panel_direct_phase_a1000,efe96181,4,9932.788336326908,13
3,panel_direct_phase_a10000,efe96181,0,586891.4130332102,999
3,panel_direct_phase_a10000,efe96181,1,827665.5034153111,1000
3,panel_direct_phase_a10000,efe96181,2,836099.3909417348,1000
3,panel_direct_phase_a10000,efe96181,3,826903.3272835169,1000
3,panel_direct_phase_a10000,efe96181,4,9574.587726319985,13
3,panel_direct_geom_a1000,8bb9c1e6,0,32432.308026490082,999
3,panel_direct_geom_a1000,8bb9c1e6,1,30855.172832236403,1000
3,panel_direct_geom_a1000,8bb9c1e6,2,5446.310394344883,1000
3,panel_direct_geom_a1000,8bb9c1e6,3,19477.449634538483,1000
3,panel_direct_geom_a1000,8bb9c1e6,4,17840.20408323833,547
3,panel_direct_raw_gr_a1000,8bb9c1e6,0,32446.070189809692,999
3,panel_direct_raw_gr_a1000,8bb9c1e6,1,31233.207715996377,1000
3,panel_direct_raw_gr_a1000,8bb9c1e6,2,5116.308954266245,1000
3,panel_direct_raw_gr_a1000,8bb9c1e6,3,18482.187302837963,1000
3,panel_direct_raw_gr_a1000,8bb9c1e6,4,17170.217024845017,547
3,panel_direct_phase_a100,8bb9c1e6,0,12124.100217880172,999
3,panel_direct_phase_a100,8bb9c1e6,1,13441.92608243163,1000
3,panel_direct_phase_a100,8bb9c1e6,2,1977.616747953678,1000
3,panel_direct_phase_a100,8bb9c1e6,3,2396.329619858267,1000
3,panel_direct_phase_a100,8bb9c1e6,4,6870.228972733784,547
3,panel_direct_phase_a1000,8bb9c1e6,0,29975.18573047964,999
3,panel_direct_phase_a1000,8bb9c1e6,1,27279.407803690232,1000
3,panel_direct_phase_a1000,8bb9c1e6,2,2413.425591550139,1000
3,panel_direct_phase_a1000,8bb9c1e6,3,7374.997261938926,1000
3,panel_direct_phase_a1000,8bb9c1e6,4,9779.826167005174,547
3,panel_direct_phase_a10000,8bb9c1e6,0,41701.18205006264,999
3,panel_direct_phase_a10000,8bb9c1e6,1,40705.60639583052,1000
3,panel_direct_phase_a10000,8bb9c1e6,2,7823.722319407302,1000
3,panel_direct_phase_a10000,8bb9c1e6,3,21543.811389419505,1000
3,panel_direct_phase_a10000,8bb9c1e6,4,18948.34588160727,547
3,panel_direct_geom_a1000,896d15b9,0,2368.148421673363,999
3,panel_direct_geom_a1000,896d15b9,1,481801.06962393987,1000
3,panel_direct_geom_a1000,896d15b9,2,1801195.6100351762,1000
3,panel_direct_geom_a1000,896d15b9,3,1366067.8808728182,1000
3,panel_direct_geom_a1000,896d15b9,4,177221.73879103852,280
3,panel_direct_raw_gr_a1000,896d15b9,0,2470.1708397130283,999
3,panel_direct_raw_gr_a1000,896d15b9,1,482869.1229565922,1000
3,panel_direct_raw_gr_a1000,896d15b9,2,1815539.1001525247,1000
3,panel_direct_raw_gr_a1000,896d15b9,3,1382591.312916146,1000
3,panel_direct_raw_gr_a1000,896d15b9,4,184113.04574453004,280
3,panel_direct_phase_a100,896d15b9,0,6528.919505928562,999
3,panel_direct_phase_a100,896d15b9,1,454462.003246243,1000
3,panel_direct_phase_a100,896d15b9,2,1924325.7568488205,1000
3,panel_direct_phase_a100,896d15b9,3,1758205.2908152372,1000
3,panel_direct_phase_a100,896d15b9,4,264840.7548838861,280
3,panel_direct_phase_a1000,896d15b9,0,2116.1363585282447,999
3,panel_direct_phase_a1000,896d15b9,1,431708.01710324193,1000
3,panel_direct_phase_a1000,896d15b9,2,1753247.4367920803,1000
3,panel_direct_phase_a1000,896d15b9,3,1445660.0911614075,1000
3,panel_direct_phase_a1000,896d15b9,4,209906.6294371836,280
3,panel_direct_phase_a10000,896d15b9,0,2595.731810328675,999
3,panel_direct_phase_a10000,896d15b9,1,482872.2810661593,1000
3,panel_direct_phase_a10000,896d15b9,2,1796540.9551828888,1000
3,panel_direct_phase_a10000,896d15b9,3,1365665.9445498516,1000
3,panel_direct_phase_a10000,896d15b9,4,179527.6368086409,280
3,panel_direct_geom_a1000,374be387,0,28439.222257157493,999
3,panel_direct_geom_a1000,374be387,1,75698.17538799257,1000
3,panel_direct_geom_a1000,374be387,2,55512.49809171777,1000
3,panel_direct_geom_a1000,374be387,3,7996.1236183802175,1000
3,panel_direct_geom_a1000,374be387,4,49894.667107400586,1000
3,panel_direct_geom_a1000,374be387,5,8805.638524583688,1000
3,panel_direct_geom_a1000,374be387,6,20190.533836295665,1000
3,panel_direct_geom_a1000,374be387,7,27084.64231572978,1000
3,panel_direct_geom_a1000,374be387,8,94219.69570389026,1000
3,panel_direct_geom_a1000,374be387,9,69818.21301940207,966
3,panel_direct_raw_gr_a1000,374be387,0,28652.614713235835,999
3,panel_direct_raw_gr_a1000,374be387,1,75672.37500887702,1000
3,panel_direct_raw_gr_a1000,374be387,2,56872.579291053415,1000
3,panel_direct_raw_gr_a1000,374be387,3,7780.749152988604,1000
3,panel_direct_raw_gr_a1000,374be387,4,48428.670286433735,1000
3,panel_direct_raw_gr_a1000,374be387,5,8832.936174836146,1000
3,panel_direct_raw_gr_a1000,374be387,6,20587.193428393293,1000
3,panel_direct_raw_gr_a1000,374be387,7,27489.945857157945,1000
3,panel_direct_raw_gr_a1000,374be387,8,95140.95003103641,1000
3,panel_direct_raw_gr_a1000,374be387,9,70540.91484523537,966
3,panel_direct_phase_a100,374be387,0,16528.03891856451,999
3,panel_direct_phase_a100,374be387,1,119516.04896641536,1000
3,panel_direct_phase_a100,374be387,2,73933.45942139113,1000
3,panel_direct_phase_a100,374be387,3,3548.87184207137,1000
3,panel_direct_phase_a100,374be387,4,42127.10659029124,1000
3,panel_direct_phase_a100,374be387,5,15824.928967646547,1000
3,panel_direct_phase_a100,374be387,6,16219.438341686167,1000
3,panel_direct_phase_a100,374be387,7,23866.57901705185,1000
3,panel_direct_phase_a100,374be387,8,90707.70469357686,1000
3,panel_direct_phase_a100,374be387,9,66898.73768867145,966
3,panel_direct_phase_a1000,374be387,0,25572.39652267503,999
3,panel_direct_phase_a1000,374be387,1,84370.96257588363,1000
3,panel_direct_phase_a1000,374be387,2,59549.847462640944,1000
3,panel_direct_phase_a1000,374be387,3,7382.999301393613,1000
3,panel_direct_phase_a1000,374be387,4,50474.48536224963,1000
3,panel_direct_phase_a1000,374be387,5,10261.674026382396,1000
3,panel_direct_phase_a1000,374be387,6,19762.411150520682,1000
3,panel_direct_phase_a1000,374be387,7,26836.79285927165,1000
3,panel_direct_phase_a1000,374be387,8,94075.89437441374,1000
3,panel_direct_phase_a1000,374be387,9,69719.46466915515,966
3,panel_direct_phase_a10000,374be387,0,25659.029540434844,999
3,panel_direct_phase_a10000,374be387,1,84699.43726526198,1000
3,panel_direct_phase_a10000,374be387,2,58604.10532532795,1000
3,panel_direct_phase_a10000,374be387,3,6695.675087525457,1000
3,panel_direct_phase_a10000,374be387,4,46542.99273606494,1000
3,panel_direct_phase_a10000,374be387,5,7610.060831228794,1000
3,panel_direct_phase_a10000,374be387,6,22351.49969441532,1000
3,panel_direct_phase_a10000,374be387,7,28300.822154963622,1000
3,panel_direct_phase_a10000,374be387,8,95268.14725989709,1000
3,panel_direct_phase_a10000,374be387,9,70804.74677536696,966
3,panel_direct_geom_a1000,9a8ae0d6,0,88684.5315684741,999
3,panel_direct_geom_a1000,9a8ae0d6,1,28986.40069540733,1000
3,panel_direct_geom_a1000,9a8ae0d6,2,4904.568522539501,1000
3,panel_direct_geom_a1000,9a8ae0d6,3,753.9986848914106,1000
3,panel_direct_geom_a1000,9a8ae0d6,4,331.19169737405434,1000
3,panel_direct_geom_a1000,9a8ae0d6,5,11215.976088084542,1000
3,panel_direct_geom_a1000,9a8ae0d6,6,49454.941204025476,295
3,panel_direct_raw_gr_a1000,9a8ae0d6,0,89140.87950577772,999
3,panel_direct_raw_gr_a1000,9a8ae0d6,1,29652.880082431246,1000
3,panel_direct_raw_gr_a1000,9a8ae0d6,2,4957.596765474113,1000
3,panel_direct_raw_gr_a1000,9a8ae0d6,3,636.3571038699121,1000
3,panel_direct_raw_gr_a1000,9a8ae0d6,4,352.2104785595309,1000
3,panel_direct_raw_gr_a1000,9a8ae0d6,5,11376.777340145241,1000
3,panel_direct_raw_gr_a1000,9a8ae0d6,6,49728.71343499762,295
3,panel_direct_phase_a100,9a8ae0d6,0,41504.6246584351,999
3,panel_direct_phase_a100,9a8ae0d6,1,36277.65892145582,1000
3,panel_direct_phase_a100,9a8ae0d6,2,10275.056362939751,1000
3,panel_direct_phase_a100,9a8ae0d6,3,3483.5211989204604,1000
3,panel_direct_phase_a100,9a8ae0d6,4,4615.7745142861295,1000
3,panel_direct_phase_a100,9a8ae0d6,5,14118.253838434659,1000
3,panel_direct_phase_a100,9a8ae0d6,6,60104.85515334976,295
3,panel_direct_phase_a1000,9a8ae0d6,0,74612.16454095692,999
3,panel_direct_phase_a1000,9a8ae0d6,1,28352.175878216232,1000
3,panel_direct_phase_a1000,9a8ae0d6,2,4939.106255686744,1000
3,panel_direct_phase_a1000,9a8ae0d6,3,700.4416825993635,1000
3,panel_direct_phase_a1000,9a8ae0d6,4,1285.488919997453,1000
3,panel_direct_phase_a1000,9a8ae0d6,5,11119.128136357887,1000
3,panel_direct_phase_a1000,9a8ae0d6,6,49997.08041486676,295
3,panel_direct_phase_a10000,9a8ae0d6,0,106294.11015962693,999
3,panel_direct_phase_a10000,9a8ae0d6,1,35910.65062643892,1000
3,panel_direct_phase_a10000,9a8ae0d6,2,5698.133239763282,1000
3,panel_direct_phase_a10000,9a8ae0d6,3,1305.4438200278164,1000
3,panel_direct_phase_a10000,9a8ae0d6,4,459.46861974667667,1000
3,panel_direct_phase_a10000,9a8ae0d6,5,9835.347334753847,1000
3,panel_direct_phase_a10000,9a8ae0d6,6,45394.33855075414,295
3,panel_direct_geom_a1000,ffefef30,0,1734.5821108601679,999
3,panel_direct_geom_a1000,ffefef30,1,19245.175739445902,1000
3,panel_direct_geom_a1000,ffefef30,2,36533.83522056364,1000
3,panel_direct_geom_a1000,ffefef30,3,108123.36449214122,1000
3,panel_direct_geom_a1000,ffefef30,4,81909.42978192653,571
3,panel_direct_raw_gr_a1000,ffefef30,0,1738.039515168989,999
3,panel_direct_raw_gr_a1000,ffefef30,1,19467.2260582422,1000
3,panel_direct_raw_gr_a1000,ffefef30,2,38314.3470728466,1000
3,panel_direct_raw_gr_a1000,ffefef30,3,112320.39545380048,1000
3,panel_direct_raw_gr_a1000,ffefef30,4,85070.86259211064,571
3,panel_direct_phase_a100,ffefef30,0,8159.338617643698,999
3,panel_direct_phase_a100,ffefef30,1,7572.21890041981,1000
3,panel_direct_phase_a100,ffefef30,2,64629.631286444426,1000
3,panel_direct_phase_a100,ffefef30,3,218029.83316257948,1000
3,panel_direct_phase_a100,ffefef30,4,152547.74496129967,571
3,panel_direct_phase_a1000,ffefef30,0,1449.3321574768122,999
3,panel_direct_phase_a1000,ffefef30,1,15993.935085711077,1000
3,panel_direct_phase_a1000,ffefef30,2,36543.58203377084,1000
3,panel_direct_phase_a1000,ffefef30,3,147358.6264304582,1000
3,panel_direct_phase_a1000,ffefef30,4,106794.26599416528,571
3,panel_direct_phase_a10000,ffefef30,0,3397.339936241302,999
3,panel_direct_phase_a10000,ffefef30,1,30548.40576008271,1000
3,panel_direct_phase_a10000,ffefef30,2,26407.366882265593,1000
3,panel_direct_phase_a10000,ffefef30,3,100589.0457857192,1000
3,panel_direct_phase_a10000,ffefef30,4,77863.53503028706,571
3,panel_direct_geom_a1000,46a7190b,0,12967.52058144755,999
3,panel_direct_geom_a1000,46a7190b,1,63367.273675311946,1000
3,panel_direct_geom_a1000,46a7190b,2,77460.93607899232,1000
3,panel_direct_geom_a1000,46a7190b,3,462291.1402129431,1000
3,panel_direct_geom_a1000,46a7190b,4,64604.17224547058,216
3,panel_direct_raw_gr_a1000,46a7190b,0,13167.890428376459,999
3,panel_direct_raw_gr_a1000,46a7190b,1,62776.46749762213,1000
3,panel_direct_raw_gr_a1000,46a7190b,2,77152.05040987322,1000
3,panel_direct_raw_gr_a1000,46a7190b,3,463618.7329465937,1000
3,panel_direct_raw_gr_a1000,46a7190b,4,65052.24076999712,216
3,panel_direct_phase_a100,46a7190b,0,23828.89877902501,999
3,panel_direct_phase_a100,46a7190b,1,56211.76351001282,1000
3,panel_direct_phase_a100,46a7190b,2,81229.2622950151,1000
3,panel_direct_phase_a100,46a7190b,3,543656.642053924,1000
3,panel_direct_phase_a100,46a7190b,4,90619.4632340955,216
3,panel_direct_phase_a1000,46a7190b,0,12269.290734563518,999
3,panel_direct_phase_a1000,46a7190b,1,57399.60892005507,1000
3,panel_direct_phase_a1000,46a7190b,2,76649.72968041622,1000
3,panel_direct_phase_a1000,46a7190b,3,487328.4928384071,1000
3,panel_direct_phase_a1000,46a7190b,4,72352.21609903949,216
3,panel_direct_phase_a10000,46a7190b,0,15210.167636330265,999
3,panel_direct_phase_a10000,46a7190b,1,73222.73995929808,1000
3,panel_direct_phase_a10000,46a7190b,2,86580.73212092441,1000
3,panel_direct_phase_a10000,46a7190b,3,486987.8523415705,1000
3,panel_direct_phase_a10000,46a7190b,4,69266.41740503215,216
3,panel_direct_geom_a1000,8b12bab6,0,1293.1693552747047,999
3,panel_direct_geom_a1000,8b12bab6,1,8224.618458788274,1000
3,panel_direct_geom_a1000,8b12bab6,2,138690.06988122308,1000
3,panel_direct_geom_a1000,8b12bab6,3,368046.37451851706,1000
3,panel_direct_geom_a1000,8b12bab6,4,683055.3556514323,1000
3,panel_direct_geom_a1000,8b12bab6,5,171100.6032710171,235
3,panel_direct_raw_gr_a1000,8b12bab6,0,1305.7372919610502,999
3,panel_direct_raw_gr_a1000,8b12bab6,1,8586.7802885352,1000
3,panel_direct_raw_gr_a1000,8b12bab6,2,137954.56232963165,1000
3,panel_direct_raw_gr_a1000,8b12bab6,3,366315.5856365794,1000
3,panel_direct_raw_gr_a1000,8b12bab6,4,679998.4427773588,1000
3,panel_direct_raw_gr_a1000,8b12bab6,5,171458.05447899955,235
3,panel_direct_phase_a100,8b12bab6,0,4682.352944506884,999
3,panel_direct_phase_a100,8b12bab6,1,3297.86954591926,1000
3,panel_direct_phase_a100,8b12bab6,2,102091.20461486418,1000
3,panel_direct_phase_a100,8b12bab6,3,320999.7093208739,1000
3,panel_direct_phase_a100,8b12bab6,4,655206.5174387045,1000
3,panel_direct_phase_a100,8b12bab6,5,174874.20405684932,235
3,panel_direct_phase_a1000,8b12bab6,0,1228.9320731264982,999
3,panel_direct_phase_a1000,8b12bab6,1,8807.191448700247,1000
3,panel_direct_phase_a1000,8b12bab6,2,142060.61457192738,1000
3,panel_direct_phase_a1000,8b12bab6,3,371947.530747847,1000
3,panel_direct_phase_a1000,8b12bab6,4,685180.9689779734,1000
3,panel_direct_phase_a1000,8b12bab6,5,172232.65805089765,235
3,panel_direct_phase_a10000,8b12bab6,0,2032.7079702113604,999
3,panel_direct_phase_a10000,8b12bab6,1,6700.015596617656,1000
3,panel_direct_phase_a10000,8b12bab6,2,129457.16802533988,1000
3,panel_direct_phase_a10000,8b12bab6,3,355252.25823327585,1000
3,panel_direct_phase_a10000,8b12bab6,4,670070.952921882,1000
3,panel_direct_phase_a10000,8b12bab6,5,169674.67088098318,235
3,panel_direct_geom_a1000,9ffce529,0,14433.50105646313,999
3,panel_direct_geom_a1000,9ffce529,1,60921.28817709445,1000
3,panel_direct_geom_a1000,9ffce529,2,35573.26745375515,1000
3,panel_direct_geom_a1000,9ffce529,3,108687.24208601486,1000
3,panel_direct_geom_a1000,9ffce529,4,291606.5871684491,1000
3,panel_direct_geom_a1000,9ffce529,5,101357.77522603076,213
3,panel_direct_raw_gr_a1000,9ffce529,0,14271.55464429539,999
3,panel_direct_raw_gr_a1000,9ffce529,1,62754.930662593026,1000
3,panel_direct_raw_gr_a1000,9ffce529,2,36678.6357976032,1000
3,panel_direct_raw_gr_a1000,9ffce529,3,115545.82304360672,1000
3,panel_direct_raw_gr_a1000,9ffce529,4,296405.19271951204,1000
3,panel_direct_raw_gr_a1000,9ffce529,5,100010.82763815353,213
3,panel_direct_phase_a100,9ffce529,0,7684.740545905328,999
3,panel_direct_phase_a100,9ffce529,1,11608.015956275716,1000
3,panel_direct_phase_a100,9ffce529,2,90356.07023490188,1000
3,panel_direct_phase_a100,9ffce529,3,62229.89413130796,1000
3,panel_direct_phase_a100,9ffce529,4,188906.2938510325,1000
3,panel_direct_phase_a100,9ffce529,5,85150.33457534705,213
3,panel_direct_phase_a1000,9ffce529,0,13847.260540509653,999
3,panel_direct_phase_a1000,9ffce529,1,48828.32466780345,1000
3,panel_direct_phase_a1000,9ffce529,2,46802.95230255796,1000
3,panel_direct_phase_a1000,9ffce529,3,76703.02515142567,1000
3,panel_direct_phase_a1000,9ffce529,4,247132.58439877984,1000
3,panel_direct_phase_a1000,9ffce529,5,97867.481814659,213
3,panel_direct_phase_a10000,9ffce529,0,15327.21296202381,999
3,panel_direct_phase_a10000,9ffce529,1,53996.88746540424,1000
3,panel_direct_phase_a10000,9ffce529,2,40665.815735950266,1000
3,panel_direct_phase_a10000,9ffce529,3,110483.40416799033,1000
3,panel_direct_phase_a10000,9ffce529,4,292276.7121967345,1000
3,panel_direct_phase_a10000,9ffce529,5,102146.30706243205,213
3,panel_direct_geom_a1000,32fe84c9,0,62342.626374721796,999
3,panel_direct_geom_a1000,32fe84c9,1,225614.59043356276,1000
3,panel_direct_geom_a1000,32fe84c9,2,554833.1378475089,1000
3,panel_direct_geom_a1000,32fe84c9,3,723428.0103446636,1000
3,panel_direct_geom_a1000,32fe84c9,4,1169197.1664551778,1000
3,panel_direct_geom_a1000,32fe84c9,5,303181.525597685,1000
3,panel_direct_geom_a1000,32fe84c9,6,296081.70408830483,409
3,panel_direct_raw_gr_a1000,32fe84c9,0,62230.01094869942,999
3,panel_direct_raw_gr_a1000,32fe84c9,1,225544.4969333353,1000
3,panel_direct_raw_gr_a1000,32fe84c9,2,555073.1493053988,1000
3,panel_direct_raw_gr_a1000,32fe84c9,3,735562.382349327,1000
3,panel_direct_raw_gr_a1000,32fe84c9,4,1175419.6318568022,1000
3,panel_direct_raw_gr_a1000,32fe84c9,5,303093.8560001205,1000
3,panel_direct_raw_gr_a1000,32fe84c9,6,297289.57756470836,409
3,panel_direct_phase_a100,32fe84c9,0,52061.89056760582,999
3,panel_direct_phase_a100,32fe84c9,1,214217.48607500887,1000
3,panel_direct_phase_a100,32fe84c9,2,530401.7350067454,1000
3,panel_direct_phase_a100,32fe84c9,3,860943.9528039246,1000
3,panel_direct_phase_a100,32fe84c9,4,1303656.542248364,1000
3,panel_direct_phase_a100,32fe84c9,5,396723.5873004515,1000
3,panel_direct_phase_a100,32fe84c9,6,359489.5866643804,409
3,panel_direct_phase_a1000,32fe84c9,0,61067.754808879086,999
3,panel_direct_phase_a1000,32fe84c9,1,225876.2365247092,1000
3,panel_direct_phase_a1000,32fe84c9,2,559434.8796851969,1000
3,panel_direct_phase_a1000,32fe84c9,3,788381.1599400344,1000
3,panel_direct_phase_a1000,32fe84c9,4,1210753.3910280252,1000
3,panel_direct_phase_a1000,32fe84c9,5,312599.70374497504,1000
3,panel_direct_phase_a1000,32fe84c9,6,295909.0864101465,409
3,panel_direct_phase_a10000,32fe84c9,0,57745.73331083294,999
3,panel_direct_phase_a10000,32fe84c9,1,206614.10403755383,1000
3,panel_direct_phase_a10000,32fe84c9,2,528746.5773976456,1000
3,panel_direct_phase_a10000,32fe84c9,3,708800.3521129171,1000
3,panel_direct_phase_a10000,32fe84c9,4,1151425.3218738374,1000
3,panel_direct_phase_a10000,32fe84c9,5,292944.2454419519,1000
3,panel_direct_phase_a10000,32fe84c9,6,285983.59416931996,409
3,panel_direct_geom_a1000,f5d8aab6,0,46302.587314006494,999
3,panel_direct_geom_a1000,f5d8aab6,1,207094.5864147319,1000
3,panel_direct_geom_a1000,f5d8aab6,2,122737.31752268424,1000
3,panel_direct_geom_a1000,f5d8aab6,3,397626.30553542025,1000
3,panel_direct_geom_a1000,f5d8aab6,4,153808.10806735733,445
3,panel_direct_raw_gr_a1000,f5d8aab6,0,46076.822114153125,999
3,panel_direct_raw_gr_a1000,f5d8aab6,1,207091.9280061695,1000
3,panel_direct_raw_gr_a1000,f5d8aab6,2,123969.58445956808,1000
3,panel_direct_raw_gr_a1000,f5d8aab6,3,405080.398379344,1000
3,panel_direct_raw_gr_a1000,f5d8aab6,4,159816.0401950481,445
3,panel_direct_phase_a100,f5d8aab6,0,21895.925672370777,999
3,panel_direct_phase_a100,f5d8aab6,1,141634.6351170738,1000
3,panel_direct_phase_a100,f5d8aab6,2,89117.44168908166,1000
3,panel_direct_phase_a100,f5d8aab6,3,338365.87282092974,1000
3,panel_direct_phase_a100,f5d8aab6,4,132648.23178752983,445
3,panel_direct_phase_a1000,f5d8aab6,0,43392.89660281316,999
3,panel_direct_phase_a1000,f5d8aab6,1,199173.4835693425,1000
3,panel_direct_phase_a1000,f5d8aab6,2,119434.45482623402,1000
3,panel_direct_phase_a1000,f5d8aab6,3,395800.6357989496,1000
3,panel_direct_phase_a1000,f5d8aab6,4,155972.93610015628,445
3,panel_direct_phase_a10000,f5d8aab6,0,61101.668040685494,999
3,panel_direct_phase_a10000,f5d8aab6,1,242335.61070669658,1000
3,panel_direct_phase_a10000,f5d8aab6,2,144549.79589707125,1000
3,panel_direct_phase_a10000,f5d8aab6,3,432239.60205323977,1000
3,panel_direct_phase_a10000,f5d8aab6,4,167282.4139017927,445
3,panel_direct_geom_a1000,198a5607,0,2202.5709939903213,999
3,panel_direct_geom_a1000,198a5607,1,3595.881650252533,1000
3,panel_direct_geom_a1000,198a5607,2,58448.221804022614,1000
3,panel_direct_geom_a1000,198a5607,3,159256.93060102532,1000
3,panel_direct_geom_a1000,198a5607,4,210054.1056322436,1000
3,panel_direct_geom_a1000,198a5607,5,128821.58655396025,1000
3,panel_direct_geom_a1000,198a5607,6,3707.4250777605444,252
3,panel_direct_raw_gr_a1000,198a5607,0,2225.6553964426366,999
3,panel_direct_raw_gr_a1000,198a5607,1,3612.871905766435,1000
3,panel_direct_raw_gr_a1000,198a5607,2,58556.6398232664,1000
3,panel_direct_raw_gr_a1000,198a5607,3,159207.7692920985,1000
3,panel_direct_raw_gr_a1000,198a5607,4,214207.29215968063,1000
3,panel_direct_raw_gr_a1000,198a5607,5,128023.46324638824,1000
3,panel_direct_raw_gr_a1000,198a5607,6,3767.179218965136,252
3,panel_direct_phase_a100,198a5607,0,383.6329009623004,999
3,panel_direct_phase_a100,198a5607,1,1277.469171842651,1000
3,panel_direct_phase_a100,198a5607,2,57741.09622741307,1000
3,panel_direct_phase_a100,198a5607,3,158377.9895033814,1000
3,panel_direct_phase_a100,198a5607,4,160572.9695637758,1000
3,panel_direct_phase_a100,198a5607,5,104904.63358065762,1000
3,panel_direct_phase_a100,198a5607,6,5400.536541784582,252
3,panel_direct_phase_a1000,198a5607,0,2179.3561375622694,999
3,panel_direct_phase_a1000,198a5607,1,3213.235815293013,1000
3,panel_direct_phase_a1000,198a5607,2,59341.14315495979,1000
3,panel_direct_phase_a1000,198a5607,3,158142.80004777273,1000
3,panel_direct_phase_a1000,198a5607,4,184045.8933244411,1000
3,panel_direct_phase_a1000,198a5607,5,122150.01859023701,1000
3,panel_direct_phase_a1000,198a5607,6,4544.9042389843635,252
3,panel_direct_phase_a10000,198a5607,0,1230.6243612731441,999
3,panel_direct_phase_a10000,198a5607,1,1885.3348863774052,1000
3,panel_direct_phase_a10000,198a5607,2,66447.19579832844,1000
3,panel_direct_phase_a10000,198a5607,3,173283.06830922255,1000
3,panel_direct_phase_a10000,198a5607,4,215927.03106299287,1000
3,panel_direct_phase_a10000,198a5607,5,132325.8860515289,1000
3,panel_direct_phase_a10000,198a5607,6,2859.2602967778375,252
3,panel_direct_geom_a1000,5542c301,0,13560.24534217136,999
3,panel_direct_geom_a1000,5542c301,1,88180.24152906831,1000
3,panel_direct_geom_a1000,5542c301,2,9492.936170044133,1000
3,panel_direct_geom_a1000,5542c301,3,13733.652569974254,592
3,panel_direct_raw_gr_a1000,5542c301,0,14203.313592356159,999
3,panel_direct_raw_gr_a1000,5542c301,1,88654.292168056,1000
3,panel_direct_raw_gr_a1000,5542c301,2,9477.708314603633,1000
3,panel_direct_raw_gr_a1000,5542c301,3,13606.06959152257,592
3,panel_direct_phase_a100,5542c301,0,11226.561723690686,999
3,panel_direct_phase_a100,5542c301,1,97243.29976770048,1000
3,panel_direct_phase_a100,5542c301,2,6778.708946102913,1000
3,panel_direct_phase_a100,5542c301,3,6247.172439988286,592
3,panel_direct_phase_a1000,5542c301,0,9524.630765337542,999
3,panel_direct_phase_a1000,5542c301,1,83794.30378614785,1000
3,panel_direct_phase_a1000,5542c301,2,8374.149776124348,1000
3,panel_direct_phase_a1000,5542c301,3,11976.959341265318,592
3,panel_direct_phase_a10000,5542c301,0,9772.90808632091,999
3,panel_direct_phase_a10000,5542c301,1,71331.46042534283,1000
3,panel_direct_phase_a10000,5542c301,2,12976.197960739219,1000
3,panel_direct_phase_a10000,5542c301,3,16873.045783224585,592
3,panel_direct_geom_a1000,10b89021,0,28107.38897393767,999
3,panel_direct_geom_a1000,10b89021,1,231370.36312982996,1000
3,panel_direct_geom_a1000,10b89021,2,260507.06875203608,1000
3,panel_direct_geom_a1000,10b89021,3,218979.05296219708,1000
3,panel_direct_geom_a1000,10b89021,4,229767.5995055617,1000
3,panel_direct_geom_a1000,10b89021,5,19356.205209125812,415
3,panel_direct_raw_gr_a1000,10b89021,0,28222.50293327052,999
3,panel_direct_raw_gr_a1000,10b89021,1,230905.59628714345,1000
3,panel_direct_raw_gr_a1000,10b89021,2,262551.13131403085,1000
3,panel_direct_raw_gr_a1000,10b89021,3,220246.88818251016,1000
3,panel_direct_raw_gr_a1000,10b89021,4,232375.54240859213,1000
3,panel_direct_raw_gr_a1000,10b89021,5,19219.733000290962,415
3,panel_direct_phase_a100,10b89021,0,9162.374005800357,999
3,panel_direct_phase_a100,10b89021,1,119581.34811880707,1000
3,panel_direct_phase_a100,10b89021,2,158338.06674438983,1000
3,panel_direct_phase_a100,10b89021,3,113730.82732192171,1000
3,panel_direct_phase_a100,10b89021,4,128181.3061744999,1000
3,panel_direct_phase_a100,10b89021,5,8510.557021285153,415
3,panel_direct_phase_a1000,10b89021,0,26268.773643926565,999
3,panel_direct_phase_a1000,10b89021,1,204824.44853879872,1000
3,panel_direct_phase_a1000,10b89021,2,219707.86742978595,1000
3,panel_direct_phase_a1000,10b89021,3,172768.9239108463,1000
3,panel_direct_phase_a1000,10b89021,4,195532.2211522707,1000
3,panel_direct_phase_a1000,10b89021,5,16232.616670710515,415
3,panel_direct_phase_a10000,10b89021,0,41236.80523339167,999
3,panel_direct_phase_a10000,10b89021,1,270246.05277007574,1000
3,panel_direct_phase_a10000,10b89021,2,287519.4897452357,1000
3,panel_direct_phase_a10000,10b89021,3,232396.49775496594,1000
3,panel_direct_phase_a10000,10b89021,4,238547.237410699,1000
3,panel_direct_phase_a10000,10b89021,5,20186.501896004123,415
3,panel_direct_geom_a1000,9426ec1e,0,47094.80493416789,999
3,panel_direct_geom_a1000,9426ec1e,1,224251.68027659916,1000
3,panel_direct_geom_a1000,9426ec1e,2,165375.56499595087,533
3,panel_direct_raw_gr_a1000,9426ec1e,0,46889.76949738415,999
3,panel_direct_raw_gr_a1000,9426ec1e,1,224471.98399621356,1000
3,panel_direct_raw_gr_a1000,9426ec1e,2,167077.76777962077,533
3,panel_direct_phase_a100,9426ec1e,0,31958.005138846438,999
3,panel_direct_phase_a100,9426ec1e,1,238469.99160163576,1000
3,panel_direct_phase_a100,9426ec1e,2,201950.51429043265,533
3,panel_direct_phase_a1000,9426ec1e,0,47372.61736425397,999
3,panel_direct_phase_a1000,9426ec1e,1,231390.10849205178,1000
3,panel_direct_phase_a1000,9426ec1e,2,180374.50353103434,533
3,panel_direct_phase_a10000,9426ec1e,0,43762.08345122686,999
3,panel_direct_phase_a10000,9426ec1e,1,200012.39305642273,1000
3,panel_direct_phase_a10000,9426ec1e,2,149907.58893410314,533
3,panel_direct_geom_a1000,6e9ccd38,0,57825.48496978028,999
3,panel_direct_geom_a1000,6e9ccd38,1,435481.1743655331,1000
3,panel_direct_geom_a1000,6e9ccd38,2,261871.68939307713,1000
3,panel_direct_geom_a1000,6e9ccd38,3,8861.378898133666,1000
3,panel_direct_geom_a1000,6e9ccd38,4,44897.02619366983,1000
3,panel_direct_geom_a1000,6e9ccd38,5,69935.54141614039,1000
3,panel_direct_geom_a1000,6e9ccd38,6,44060.99302873366,1000
3,panel_direct_geom_a1000,6e9ccd38,7,278603.9361591366,1000
3,panel_direct_geom_a1000,6e9ccd38,8,94291.55966617326,283
3,panel_direct_raw_gr_a1000,6e9ccd38,0,57776.457194281575,999
3,panel_direct_raw_gr_a1000,6e9ccd38,1,436165.14838015306,1000
3,panel_direct_raw_gr_a1000,6e9ccd38,2,261604.14353875184,1000
3,panel_direct_raw_gr_a1000,6e9ccd38,3,8779.523810723067,1000
3,panel_direct_raw_gr_a1000,6e9ccd38,4,44841.5454730876,1000
3,panel_direct_raw_gr_a1000,6e9ccd38,5,69915.22709197688,1000
3,panel_direct_raw_gr_a1000,6e9ccd38,6,42915.597280810056,1000
3,panel_direct_raw_gr_a1000,6e9ccd38,7,279061.02668110636,1000
3,panel_direct_raw_gr_a1000,6e9ccd38,8,94579.75701808215,283
3,panel_direct_phase_a100,6e9ccd38,0,24306.984470785825,999
3,panel_direct_phase_a100,6e9ccd38,1,308602.16568072024,1000
3,panel_direct_phase_a100,6e9ccd38,2,217751.78612628471,1000
3,panel_direct_phase_a100,6e9ccd38,3,6774.924270579502,1000
3,panel_direct_phase_a100,6e9ccd38,4,68028.01556238021,1000
3,panel_direct_phase_a100,6e9ccd38,5,190153.02976624112,1000
3,panel_direct_phase_a100,6e9ccd38,6,128860.90732053749,1000
3,panel_direct_phase_a100,6e9ccd38,7,272921.8419735516,1000
3,panel_direct_phase_a100,6e9ccd38,8,98501.42885517364,283
3,panel_direct_phase_a1000,6e9ccd38,0,47566.99036247009,999
3,panel_direct_phase_a1000,6e9ccd38,1,412576.5894053607,1000
3,panel_direct_phase_a1000,6e9ccd38,2,260688.52619074244,1000
3,panel_direct_phase_a1000,6e9ccd38,3,10539.154438024374,1000
3,panel_direct_phase_a1000,6e9ccd38,4,56488.674581003106,1000
3,panel_direct_phase_a1000,6e9ccd38,5,97574.34504137987,1000
3,panel_direct_phase_a1000,6e9ccd38,6,58080.62010987577,1000
3,panel_direct_phase_a1000,6e9ccd38,7,276771.686192178,1000
3,panel_direct_phase_a1000,6e9ccd38,8,95168.8301409487,283
3,panel_direct_phase_a10000,6e9ccd38,0,53836.42405298534,999
3,panel_direct_phase_a10000,6e9ccd38,1,421594.2538149408,1000
3,panel_direct_phase_a10000,6e9ccd38,2,249904.70378915945,1000
3,panel_direct_phase_a10000,6e9ccd38,3,7820.952604101275,1000
3,panel_direct_phase_a10000,6e9ccd38,4,44538.47368839026,1000
3,panel_direct_phase_a10000,6e9ccd38,5,68860.81900483194,1000
3,panel_direct_phase_a10000,6e9ccd38,6,40556.22915569959,1000
3,panel_direct_phase_a10000,6e9ccd38,7,284330.86464392283,1000
3,panel_direct_phase_a10000,6e9ccd38,8,94910.16908599665,283
3,panel_direct_geom_a1000,c593337f,0,72563.69510882623,999
3,panel_direct_geom_a1000,c593337f,1,14113.22474899574,1000
3,panel_direct_geom_a1000,c593337f,2,36782.15969741571,1000
3,panel_direct_geom_a1000,c593337f,3,1127060.7295141513,1000
3,panel_direct_geom_a1000,c593337f,4,1260152.0948824198,1000
3,panel_direct_geom_a1000,c593337f,5,304101.48638205737,209
3,panel_direct_raw_gr_a1000,c593337f,0,72443.09795062705,999
3,panel_direct_raw_gr_a1000,c593337f,1,14030.98275333602,1000
3,panel_direct_raw_gr_a1000,c593337f,2,36965.54439679979,1000
3,panel_direct_raw_gr_a1000,c593337f,3,1132727.8438602376,1000
3,panel_direct_raw_gr_a1000,c593337f,4,1265635.0882717296,1000
3,panel_direct_raw_gr_a1000,c593337f,5,304721.5820157051,209
3,panel_direct_phase_a100,c593337f,0,77093.19975124241,999
3,panel_direct_phase_a100,c593337f,1,5935.628259272766,1000
3,panel_direct_phase_a100,c593337f,2,25952.873746149337,1000
3,panel_direct_phase_a100,c593337f,3,1028153.0725930701,1000
3,panel_direct_phase_a100,c593337f,4,1172848.3744260552,1000
3,panel_direct_phase_a100,c593337f,5,288040.748919847,209
3,panel_direct_phase_a1000,c593337f,0,72862.33634105981,999
3,panel_direct_phase_a1000,c593337f,1,12550.877354463873,1000
3,panel_direct_phase_a1000,c593337f,2,35844.12555058903,1000
3,panel_direct_phase_a1000,c593337f,3,1113169.8500506422,1000
3,panel_direct_phase_a1000,c593337f,4,1247714.9200123656,1000
3,panel_direct_phase_a1000,c593337f,5,302169.34464633215,209
3,panel_direct_phase_a10000,c593337f,0,62323.40195894983,999
3,panel_direct_phase_a10000,c593337f,1,22665.90938134975,1000
3,panel_direct_phase_a10000,c593337f,2,47374.833776835476,1000
3,panel_direct_phase_a10000,c593337f,3,1179522.9500863138,1000
3,panel_direct_phase_a10000,c593337f,4,1294014.4511583252,1000
3,panel_direct_phase_a10000,c593337f,5,307161.4287864416,209
3,panel_direct_geom_a1000,70925e23,0,23978.547808913703,999
3,panel_direct_geom_a1000,70925e23,1,504576.87017233775,1000
3,panel_direct_geom_a1000,70925e23,2,271446.1871730825,1000
3,panel_direct_geom_a1000,70925e23,3,105419.99942360724,1000
3,panel_direct_geom_a1000,70925e23,4,108750.63724774793,1000
3,panel_direct_geom_a1000,70925e23,5,109215.51034861406,948
3,panel_direct_raw_gr_a1000,70925e23,0,24021.73089866891,999
3,panel_direct_raw_gr_a1000,70925e23,1,504773.5309467535,1000
3,panel_direct_raw_gr_a1000,70925e23,2,266479.9854439879,1000
3,panel_direct_raw_gr_a1000,70925e23,3,104596.16932141599,1000
3,panel_direct_raw_gr_a1000,70925e23,4,108697.66890238733,1000
3,panel_direct_raw_gr_a1000,70925e23,5,108538.93817157185,948
3,panel_direct_phase_a100,70925e23,0,8428.02019783758,999
3,panel_direct_phase_a100,70925e23,1,453047.19213432865,1000
3,panel_direct_phase_a100,70925e23,2,307651.4776138759,1000
3,panel_direct_phase_a100,70925e23,3,117754.68175948277,1000
3,panel_direct_phase_a100,70925e23,4,108145.53761661742,1000
3,panel_direct_phase_a100,70925e23,5,91136.53352091637,948
3,panel_direct_phase_a1000,70925e23,0,22138.793422449737,999
3,panel_direct_phase_a1000,70925e23,1,532657.5882038753,1000
3,panel_direct_phase_a1000,70925e23,2,288380.8177211052,1000
3,panel_direct_phase_a1000,70925e23,3,97956.98715466588,1000
3,panel_direct_phase_a1000,70925e23,4,98350.67400289631,1000
3,panel_direct_phase_a1000,70925e23,5,100463.6394459677,948
3,panel_direct_phase_a10000,70925e23,0,42145.9182525164,999
3,panel_direct_phase_a10000,70925e23,1,572349.7626345367,1000
3,panel_direct_phase_a10000,70925e23,2,300705.0548641577,1000
3,panel_direct_phase_a10000,70925e23,3,111814.1420234394,1000
3,panel_direct_phase_a10000,70925e23,4,111052.1808175408,1000
3,panel_direct_phase_a10000,70925e23,5,112284.83673961867,948
3,panel_direct_geom_a1000,f074d277,0,111510.11306694239,999
3,panel_direct_geom_a1000,f074d277,1,240685.56212441705,1000
3,panel_direct_geom_a1000,f074d277,2,72027.64383099084,454
3,panel_direct_raw_gr_a1000,f074d277,0,111520.40213085651,999
3,panel_direct_raw_gr_a1000,f074d277,1,241728.0067396943,1000
3,panel_direct_raw_gr_a1000,f074d277,2,70745.95314596347,454
3,panel_direct_phase_a100,f074d277,0,97511.05880295769,999
3,panel_direct_phase_a100,f074d277,1,255842.7529362488,1000
3,panel_direct_phase_a100,f074d277,2,83442.69428113256,454
3,panel_direct_phase_a1000,f074d277,0,112957.17475531655,999
3,panel_direct_phase_a1000,f074d277,1,253631.84081641072,1000
3,panel_direct_phase_a1000,f074d277,2,76458.42883847456,454
3,panel_direct_phase_a10000,f074d277,0,105682.02989711169,999
3,panel_direct_phase_a10000,f074d277,1,222120.407491212,1000
3,panel_direct_phase_a10000,f074d277,2,64463.09188146963,454
3,panel_direct_geom_a1000,f2d4c8c9,0,18065.382689214315,999
3,panel_direct_geom_a1000,f2d4c8c9,1,7671.035653175272,1000
3,panel_direct_geom_a1000,f2d4c8c9,2,10543.203598691438,1000
3,panel_direct_geom_a1000,f2d4c8c9,3,5540.233634825388,1000
3,panel_direct_geom_a1000,f2d4c8c9,4,25666.992041966307,1000
3,panel_direct_geom_a1000,f2d4c8c9,5,58754.09630246273,1000
3,panel_direct_geom_a1000,f2d4c8c9,6,908.9142461480972,250
3,panel_direct_raw_gr_a1000,f2d4c8c9,0,17561.16781798176,999
3,panel_direct_raw_gr_a1000,f2d4c8c9,1,7203.278703062393,1000
3,panel_direct_raw_gr_a1000,f2d4c8c9,2,11217.644007087221,1000
3,panel_direct_raw_gr_a1000,f2d4c8c9,3,5527.412735576597,1000
3,panel_direct_raw_gr_a1000,f2d4c8c9,4,26670.046564882472,1000
3,panel_direct_raw_gr_a1000,f2d4c8c9,5,59349.244208310374,1000
3,panel_direct_raw_gr_a1000,f2d4c8c9,6,1026.851125787146,250
3,panel_direct_phase_a100,f2d4c8c9,0,12305.679934923874,999
3,panel_direct_phase_a100,f2d4c8c9,1,8285.54343029514,1000
3,panel_direct_phase_a100,f2d4c8c9,2,9683.765036965297,1000
3,panel_direct_phase_a100,f2d4c8c9,3,6989.378952962289,1000
3,panel_direct_phase_a100,f2d4c8c9,4,18376.777201141835,1000
3,panel_direct_phase_a100,f2d4c8c9,5,59154.33171607754,1000
3,panel_direct_phase_a100,f2d4c8c9,6,4629.1355992038225,250
3,panel_direct_phase_a1000,f2d4c8c9,0,16338.55678915597,999
3,panel_direct_phase_a1000,f2d4c8c9,1,6832.28040540368,1000
3,panel_direct_phase_a1000,f2d4c8c9,2,11058.647072958136,1000
3,panel_direct_phase_a1000,f2d4c8c9,3,5528.385693532816,1000
3,panel_direct_phase_a1000,f2d4c8c9,4,25576.216003956913,1000
3,panel_direct_phase_a1000,f2d4c8c9,5,57121.67553986308,1000
3,panel_direct_phase_a1000,f2d4c8c9,6,1160.37373655144,250
3,panel_direct_phase_a10000,f2d4c8c9,0,14633.9839323448,999
3,panel_direct_phase_a10000,f2d4c8c9,1,6710.5284465039595,1000
3,panel_direct_phase_a10000,f2d4c8c9,2,8408.476286948668,1000
3,panel_direct_phase_a10000,f2d4c8c9,3,5854.5287405608215,1000
3,panel_direct_phase_a10000,f2d4c8c9,4,24192.735251589947,1000
3,panel_direct_phase_a10000,f2d4c8c9,5,55110.90911482758,1000
3,panel_direct_phase_a10000,f2d4c8c9,6,608.0947173386008,250
3,panel_direct_geom_a1000,35b3ef6a,0,118495.17980556547,999
3,panel_direct_geom_a1000,35b3ef6a,1,388455.49378544546,1000
3,panel_direct_geom_a1000,35b3ef6a,2,1060314.1728127082,1000
3,panel_direct_geom_a1000,35b3ef6a,3,789267.4648524296,905
3,panel_direct_raw_gr_a1000,35b3ef6a,0,118331.09856643199,999
3,panel_direct_raw_gr_a1000,35b3ef6a,1,388000.0884021765,1000
3,panel_direct_raw_gr_a1000,35b3ef6a,2,1061983.3535094417,1000
3,panel_direct_raw_gr_a1000,35b3ef6a,3,791382.6383520444,905
3,panel_direct_phase_a100,35b3ef6a,0,63036.56616094442,999
3,panel_direct_phase_a100,35b3ef6a,1,266809.78780876234,1000
3,panel_direct_phase_a100,35b3ef6a,2,832613.3893124524,1000
3,panel_direct_phase_a100,35b3ef6a,3,695394.3491364749,905
3,panel_direct_phase_a1000,35b3ef6a,0,115652.26103986896,999
3,panel_direct_phase_a1000,35b3ef6a,1,361918.6209601404,1000
3,panel_direct_phase_a1000,35b3ef6a,2,1015893.9620790984,1000
3,panel_direct_phase_a1000,35b3ef6a,3,787226.2024218274,905
3,panel_direct_phase_a10000,35b3ef6a,0,144953.59760767713,999
3,panel_direct_phase_a10000,35b3ef6a,1,430805.9393685951,1000
3,panel_direct_phase_a10000,35b3ef6a,2,1128811.0417109258,1000
3,panel_direct_phase_a10000,35b3ef6a,3,837452.0819015147,905
3,panel_direct_geom_a1000,2043abc5,0,501350.3826550283,999
3,panel_direct_geom_a1000,2043abc5,1,403537.6687406004,1000
3,panel_direct_geom_a1000,2043abc5,2,637329.7375747495,1000
3,panel_direct_geom_a1000,2043abc5,3,47058.2868754567,1000
3,panel_direct_geom_a1000,2043abc5,4,92644.87179708667,1000
3,panel_direct_geom_a1000,2043abc5,5,245605.79774721156,1000
3,panel_direct_geom_a1000,2043abc5,6,455429.20600041776,959
3,panel_direct_raw_gr_a1000,2043abc5,0,500783.86756343936,999
3,panel_direct_raw_gr_a1000,2043abc5,1,401762.16126708314,1000
3,panel_direct_raw_gr_a1000,2043abc5,2,641766.9277288488,1000
3,panel_direct_raw_gr_a1000,2043abc5,3,47110.33626808487,1000
3,panel_direct_raw_gr_a1000,2043abc5,4,92446.26639565355,1000
3,panel_direct_raw_gr_a1000,2043abc5,5,245128.1238005439,1000
3,panel_direct_raw_gr_a1000,2043abc5,6,457408.1434527787,959
3,panel_direct_phase_a100,2043abc5,0,323704.63094637176,999
3,panel_direct_phase_a100,2043abc5,1,354579.9727535738,1000
3,panel_direct_phase_a100,2043abc5,2,632053.0280644259,1000
3,panel_direct_phase_a100,2043abc5,3,61194.76227551121,1000
3,panel_direct_phase_a100,2043abc5,4,93098.03676203437,1000
3,panel_direct_phase_a100,2043abc5,5,234751.62739664334,1000
3,panel_direct_phase_a100,2043abc5,6,474469.43152134994,959
3,panel_direct_phase_a1000,2043abc5,0,496670.8903928532,999
3,panel_direct_phase_a1000,2043abc5,1,413539.5054018407,1000
3,panel_direct_phase_a1000,2043abc5,2,649734.0704484489,1000
3,panel_direct_phase_a1000,2043abc5,3,54164.60981225099,1000
3,panel_direct_phase_a1000,2043abc5,4,93549.20422086517,1000
3,panel_direct_phase_a1000,2043abc5,5,237745.42023010473,1000
3,panel_direct_phase_a1000,2043abc5,6,455311.12590082985,959
3,panel_direct_phase_a10000,2043abc5,0,512822.487238244,999
3,panel_direct_phase_a10000,2043abc5,1,390877.40367878514,1000
3,panel_direct_phase_a10000,2043abc5,2,612445.6691751133,1000
3,panel_direct_phase_a10000,2043abc5,3,42560.58146044137,1000
3,panel_direct_phase_a10000,2043abc5,4,91184.42125872023,1000
3,panel_direct_phase_a10000,2043abc5,5,235149.9305631682,1000
3,panel_direct_phase_a10000,2043abc5,6,435509.3937903731,959
3,panel_direct_geom_a1000,78a4a386,0,27006.08061387921,999
3,panel_direct_geom_a1000,78a4a386,1,90693.04974613452,1000
3,panel_direct_geom_a1000,78a4a386,2,18251.54011671726,1000
3,panel_direct_geom_a1000,78a4a386,3,43594.91538224021,1000
3,panel_direct_geom_a1000,78a4a386,4,6698.590799433152,1000
3,panel_direct_geom_a1000,78a4a386,5,937.2862919809814,120
3,panel_direct_raw_gr_a1000,78a4a386,0,26906.603646882744,999
3,panel_direct_raw_gr_a1000,78a4a386,1,90683.59073976264,1000
3,panel_direct_raw_gr_a1000,78a4a386,2,18526.4751540342,1000
3,panel_direct_raw_gr_a1000,78a4a386,3,43877.96560789545,1000
3,panel_direct_raw_gr_a1000,78a4a386,4,7049.422082371283,1000
3,panel_direct_raw_gr_a1000,78a4a386,5,877.788447410859,120
3,panel_direct_phase_a100,78a4a386,0,13471.753945608276,999
3,panel_direct_phase_a100,78a4a386,1,55595.227673179565,1000
3,panel_direct_phase_a100,78a4a386,2,27920.55359009297,1000
3,panel_direct_phase_a100,78a4a386,3,36102.548291979976,1000
3,panel_direct_phase_a100,78a4a386,4,7497.7881516369725,1000
3,panel_direct_phase_a100,78a4a386,5,310.4627227336404,120
3,panel_direct_phase_a1000,78a4a386,0,25089.84203946016,999
3,panel_direct_phase_a1000,78a4a386,1,84355.01908158812,1000
3,panel_direct_phase_a1000,78a4a386,2,20455.5002523147,1000
3,panel_direct_phase_a1000,78a4a386,3,42969.437634467664,1000
3,panel_direct_phase_a1000,78a4a386,4,6624.538661188138,1000
3,panel_direct_phase_a1000,78a4a386,5,665.5677331854007,120
3,panel_direct_phase_a10000,78a4a386,0,24648.560849277263,999
3,panel_direct_phase_a10000,78a4a386,1,81626.29427017053,1000
3,panel_direct_phase_a10000,78a4a386,2,23694.44506139059,1000
3,panel_direct_phase_a10000,78a4a386,3,40832.70749898435,1000
3,panel_direct_phase_a10000,78a4a386,4,8362.362840671572,1000
3,panel_direct_phase_a10000,78a4a386,5,938.7943351260129,120
3,panel_direct_geom_a1000,a4f989c2,0,17349.79377470404,999
3,panel_direct_geom_a1000,a4f989c2,1,292620.63150143524,1000
3,panel_direct_geom_a1000,a4f989c2,2,173055.18086465634,1000
3,panel_direct_geom_a1000,a4f989c2,3,89161.67139398634,1000
3,panel_direct_geom_a1000,a4f989c2,4,63838.19071376544,1000
3,panel_direct_geom_a1000,a4f989c2,5,27218.759138051642,386
3,panel_direct_raw_gr_a1000,a4f989c2,0,17022.215085435942,999
3,panel_direct_raw_gr_a1000,a4f989c2,1,290649.84050915757,1000
3,panel_direct_raw_gr_a1000,a4f989c2,2,174195.21219288243,1000
3,panel_direct_raw_gr_a1000,a4f989c2,3,93719.17917551534,1000
3,panel_direct_raw_gr_a1000,a4f989c2,4,68186.0668420004,1000
3,panel_direct_raw_gr_a1000,a4f989c2,5,25962.73046442762,386
3,panel_direct_phase_a100,a4f989c2,0,10357.992160071504,999
3,panel_direct_phase_a100,a4f989c2,1,207990.92322992522,1000
3,panel_direct_phase_a100,a4f989c2,2,141312.4425251479,1000
3,panel_direct_phase_a100,a4f989c2,3,156790.79253745408,1000
3,panel_direct_phase_a100,a4f989c2,4,131114.5295594584,1000
3,panel_direct_phase_a100,a4f989c2,5,12795.10454622207,386
3,panel_direct_phase_a1000,a4f989c2,0,20026.87946181136,999
3,panel_direct_phase_a1000,a4f989c2,1,294073.8516435155,1000
3,panel_direct_phase_a1000,a4f989c2,2,175693.1657935341,1000
3,panel_direct_phase_a1000,a4f989c2,3,127569.16681799124,1000
3,panel_direct_phase_a1000,a4f989c2,4,98309.68797037212,1000
3,panel_direct_phase_a1000,a4f989c2,5,21177.994593786283,386
3,panel_direct_phase_a10000,a4f989c2,0,16555.260814201578,999
3,panel_direct_phase_a10000,a4f989c2,1,283821.99842043227,1000
3,panel_direct_phase_a10000,a4f989c2,2,163499.25357460463,1000
3,panel_direct_phase_a10000,a4f989c2,3,88432.58936933563,1000
3,panel_direct_phase_a10000,a4f989c2,4,65752.66947226453,1000
3,panel_direct_phase_a10000,a4f989c2,5,25449.924207428914,386
3,panel_direct_geom_a1000,3a824aa7,0,30661.69093369949,999
3,panel_direct_geom_a1000,3a824aa7,1,50796.10733349811,1000
3,panel_direct_geom_a1000,3a824aa7,2,18780.49212055337,1000
3,panel_direct_geom_a1000,3a824aa7,3,11221.615397057385,1000
3,panel_direct_geom_a1000,3a824aa7,4,3897.1667516666985,202
3,panel_direct_raw_gr_a1000,3a824aa7,0,30773.08293370229,999
3,panel_direct_raw_gr_a1000,3a824aa7,1,51350.00948456032,1000
3,panel_direct_raw_gr_a1000,3a824aa7,2,18523.195363112558,1000
3,panel_direct_raw_gr_a1000,3a824aa7,3,11248.6928536494,1000
3,panel_direct_raw_gr_a1000,3a824aa7,4,4606.098633683445,202
3,panel_direct_phase_a100,3a824aa7,0,40846.495942110516,999
3,panel_direct_phase_a100,3a824aa7,1,69192.70918757607,1000
3,panel_direct_phase_a100,3a824aa7,2,22621.617918704036,1000
3,panel_direct_phase_a100,3a824aa7,3,10272.180203512258,1000
3,panel_direct_phase_a100,3a824aa7,4,13825.67828794173,202
3,panel_direct_phase_a1000,3a824aa7,0,27933.854850352585,999
3,panel_direct_phase_a1000,3a824aa7,1,51653.5791493175,1000
3,panel_direct_phase_a1000,3a824aa7,2,18883.57719597991,1000
3,panel_direct_phase_a1000,3a824aa7,3,12436.471541664328,1000
3,panel_direct_phase_a1000,3a824aa7,4,8880.232107034648,202
3,panel_direct_phase_a10000,3a824aa7,0,34437.41048496446,999
3,panel_direct_phase_a10000,3a824aa7,1,60314.6114396418,1000
3,panel_direct_phase_a10000,3a824aa7,2,21459.11983065253,1000
3,panel_direct_phase_a10000,3a824aa7,3,8191.900249261799,1000
3,panel_direct_phase_a10000,3a824aa7,4,3710.949440532049,202
3,panel_direct_geom_a1000,75cd5f11,0,46478.19091863129,999
3,panel_direct_geom_a1000,75cd5f11,1,33543.34882169141,1000
3,panel_direct_geom_a1000,75cd5f11,2,7774.930949035882,1000
3,panel_direct_geom_a1000,75cd5f11,3,5780.665118050084,1000
3,panel_direct_geom_a1000,75cd5f11,4,38637.941850441915,947
3,panel_direct_raw_gr_a1000,75cd5f11,0,46361.38580506483,999
3,panel_direct_raw_gr_a1000,75cd5f11,1,33713.11814216071,1000
3,panel_direct_raw_gr_a1000,75cd5f11,2,7677.199644652386,1000
3,panel_direct_raw_gr_a1000,75cd5f11,3,5708.540771552853,1000
3,panel_direct_raw_gr_a1000,75cd5f11,4,38577.97161145585,947
3,panel_direct_phase_a100,75cd5f11,0,106505.91934187924,999
3,panel_direct_phase_a100,75cd5f11,1,78121.59618087333,1000
3,panel_direct_phase_a100,75cd5f11,2,4611.774786453294,1000
3,panel_direct_phase_a100,75cd5f11,3,2251.036713679218,1000
3,panel_direct_phase_a100,75cd5f11,4,41672.213321471834,947
3,panel_direct_phase_a1000,75cd5f11,0,54835.01122314461,999
3,panel_direct_phase_a1000,75cd5f11,1,38210.70936889791,1000
3,panel_direct_phase_a1000,75cd5f11,2,8245.167421656297,1000
3,panel_direct_phase_a1000,75cd5f11,3,6930.60204183094,1000
3,panel_direct_phase_a1000,75cd5f11,4,43874.60856563382,947
3,panel_direct_phase_a10000,75cd5f11,0,49152.73709338721,999
3,panel_direct_phase_a10000,75cd5f11,1,37680.35104021566,1000
3,panel_direct_phase_a10000,75cd5f11,2,6473.699148718489,1000
3,panel_direct_phase_a10000,75cd5f11,3,4529.702886092004,1000
3,panel_direct_phase_a10000,75cd5f11,4,37833.74677191239,947
3,panel_direct_geom_a1000,ce8399b7,0,18576.474918498036,999
3,panel_direct_geom_a1000,ce8399b7,1,11232.107469283857,616
3,panel_direct_raw_gr_a1000,ce8399b7,0,19027.528797211795,999
3,panel_direct_raw_gr_a1000,ce8399b7,1,11524.061508208464,616
3,panel_direct_phase_a100,ce8399b7,0,13923.860620113881,999
3,panel_direct_phase_a100,ce8399b7,1,25715.02403538174,616
3,panel_direct_phase_a1000,ce8399b7,0,21771.145681145164,999
3,panel_direct_phase_a1000,ce8399b7,1,17129.27941238135,616
3,panel_direct_phase_a10000,ce8399b7,0,15933.39594496365,999
3,panel_direct_phase_a10000,ce8399b7,1,8436.695785199701,616
3,panel_direct_geom_a1000,3e678ea7,0,90703.09812906531,999
3,panel_direct_geom_a1000,3e678ea7,1,186135.37906797024,1000
3,panel_direct_geom_a1000,3e678ea7,2,159022.2530120225,1000
3,panel_direct_geom_a1000,3e678ea7,3,68730.86365534608,1000
3,panel_direct_geom_a1000,3e678ea7,4,19823.668923990772,1000
3,panel_direct_geom_a1000,3e678ea7,5,73909.65871239814,1000
3,panel_direct_geom_a1000,3e678ea7,6,27820.924919510813,859
3,panel_direct_raw_gr_a1000,3e678ea7,0,90696.73815169951,999
3,panel_direct_raw_gr_a1000,3e678ea7,1,186842.90830968803,1000
3,panel_direct_raw_gr_a1000,3e678ea7,2,159354.47536294934,1000
3,panel_direct_raw_gr_a1000,3e678ea7,3,69049.02250346674,1000
3,panel_direct_raw_gr_a1000,3e678ea7,4,19928.874143172216,1000
3,panel_direct_raw_gr_a1000,3e678ea7,5,73779.33278647516,1000
3,panel_direct_raw_gr_a1000,3e678ea7,6,27867.076903948193,859
3,panel_direct_phase_a100,3e678ea7,0,76155.06807087845,999
3,panel_direct_phase_a100,3e678ea7,1,184781.01816781945,1000
3,panel_direct_phase_a100,3e678ea7,2,162905.21646949172,1000
3,panel_direct_phase_a100,3e678ea7,3,62878.54502658509,1000
3,panel_direct_phase_a100,3e678ea7,4,12708.734625301844,1000
3,panel_direct_phase_a100,3e678ea7,5,37923.88153312625,1000
3,panel_direct_phase_a100,3e678ea7,6,9400.382624081938,859
3,panel_direct_phase_a1000,3e678ea7,0,88148.38878948985,999
3,panel_direct_phase_a1000,3e678ea7,1,183345.17161568394,1000
3,panel_direct_phase_a1000,3e678ea7,2,155262.5440863494,1000
3,panel_direct_phase_a1000,3e678ea7,3,57788.33371812205,1000
3,panel_direct_phase_a1000,3e678ea7,4,15948.069320802011,1000
3,panel_direct_phase_a1000,3e678ea7,5,67311.45264924664,1000
3,panel_direct_phase_a1000,3e678ea7,6,22986.50282775872,859
3,panel_direct_phase_a10000,3e678ea7,0,103660.15207830377,999
3,panel_direct_phase_a10000,3e678ea7,1,206379.44071044243,1000
3,panel_direct_phase_a10000,3e678ea7,2,167334.82153272757,1000
3,panel_direct_phase_a10000,3e678ea7,3,72638.58021715237,1000
3,panel_direct_phase_a10000,3e678ea7,4,21122.268274257523,1000
3,panel_direct_phase_a10000,3e678ea7,5,78838.67145680927,1000
3,panel_direct_phase_a10000,3e678ea7,6,31214.252326359827,859
3,panel_direct_geom_a1000,ecdaf714,0,4245.643607934424,999
3,panel_direct_geom_a1000,ecdaf714,1,62665.1050561396,1000
3,panel_direct_geom_a1000,ecdaf714,2,719467.5125780182,1000
3,panel_direct_geom_a1000,ecdaf714,3,494705.2306727948,1000
3,panel_direct_geom_a1000,ecdaf714,4,38863.166451620345,1000
3,panel_direct_geom_a1000,ecdaf714,5,156318.38474714904,1000
3,panel_direct_geom_a1000,ecdaf714,6,236567.6399852724,593
3,panel_direct_raw_gr_a1000,ecdaf714,0,4217.846992850035,999
3,panel_direct_raw_gr_a1000,ecdaf714,1,62918.446935182,1000
3,panel_direct_raw_gr_a1000,ecdaf714,2,717011.1934241643,1000
3,panel_direct_raw_gr_a1000,ecdaf714,3,492752.5930431666,1000
3,panel_direct_raw_gr_a1000,ecdaf714,4,38153.71248245174,1000
3,panel_direct_raw_gr_a1000,ecdaf714,5,156166.8283187918,1000
3,panel_direct_raw_gr_a1000,ecdaf714,6,234905.5453689565,593
3,panel_direct_phase_a100,ecdaf714,0,2639.0628091980516,999
3,panel_direct_phase_a100,ecdaf714,1,62863.928051488205,1000
3,panel_direct_phase_a100,ecdaf714,2,726797.3464368789,1000
3,panel_direct_phase_a100,ecdaf714,3,512506.35015507217,1000
3,panel_direct_phase_a100,ecdaf714,4,51323.51720080478,1000
3,panel_direct_phase_a100,ecdaf714,5,225900.90945596446,1000
3,panel_direct_phase_a100,ecdaf714,6,335557.2235324166,593
3,panel_direct_phase_a1000,ecdaf714,0,4612.286714363328,999
3,panel_direct_phase_a1000,ecdaf714,1,55960.43404302707,1000
3,panel_direct_phase_a1000,ecdaf714,2,713065.5059389842,1000
3,panel_direct_phase_a1000,ecdaf714,3,485458.4653007806,1000
3,panel_direct_phase_a1000,ecdaf714,4,39538.9775798875,1000
3,panel_direct_phase_a1000,ecdaf714,5,172454.57103119788,1000
3,panel_direct_phase_a1000,ecdaf714,6,255855.8363100963,593
3,panel_direct_phase_a10000,ecdaf714,0,5679.312411631574,999
3,panel_direct_phase_a10000,ecdaf714,1,50075.11063845198,1000
3,panel_direct_phase_a10000,ecdaf714,2,676944.6593896596,1000
3,panel_direct_phase_a10000,ecdaf714,3,460603.2582346629,1000
3,panel_direct_phase_a10000,ecdaf714,4,33120.65582165938,1000
3,panel_direct_phase_a10000,ecdaf714,5,148994.03799750214,1000
3,panel_direct_phase_a10000,ecdaf714,6,225499.12716282802,593
3,panel_direct_geom_a1000,57f05c51,0,128949.50461711522,999
3,panel_direct_geom_a1000,57f05c51,1,331789.9868320622,1000
3,panel_direct_geom_a1000,57f05c51,2,1694571.118904169,1000
3,panel_direct_geom_a1000,57f05c51,3,2980075.1946309116,1000
3,panel_direct_geom_a1000,57f05c51,4,905404.0989871258,772
3,panel_direct_raw_gr_a1000,57f05c51,0,129343.82178361583,999
3,panel_direct_raw_gr_a1000,57f05c51,1,332059.60700166516,1000
3,panel_direct_raw_gr_a1000,57f05c51,2,1690591.1764313146,1000
3,panel_direct_raw_gr_a1000,57f05c51,3,2971935.4890397005,1000
3,panel_direct_raw_gr_a1000,57f05c51,4,892323.7509632818,772
3,panel_direct_phase_a100,57f05c51,0,71946.95556256486,999
3,panel_direct_phase_a100,57f05c51,1,284528.051877198,1000
3,panel_direct_phase_a100,57f05c51,2,1640733.5266372038,1000
3,panel_direct_phase_a100,57f05c51,3,2909371.829073719,1000
3,panel_direct_phase_a100,57f05c51,4,825802.4265386845,772
3,panel_direct_phase_a1000,57f05c51,0,130376.66009811129,999
3,panel_direct_phase_a1000,57f05c51,1,321275.6688657384,1000
3,panel_direct_phase_a1000,57f05c51,2,1650065.4789346105,1000
3,panel_direct_phase_a1000,57f05c51,3,2863587.6356231486,1000
3,panel_direct_phase_a1000,57f05c51,4,822848.8901867367,772
3,panel_direct_phase_a10000,57f05c51,0,159745.87890293298,999
3,panel_direct_phase_a10000,57f05c51,1,359910.2059225922,1000
3,panel_direct_phase_a10000,57f05c51,2,1725272.4178892274,1000
3,panel_direct_phase_a10000,57f05c51,3,2997714.430270012,1000
3,panel_direct_phase_a10000,57f05c51,4,904452.6456430083,772
3,panel_direct_geom_a1000,8cc800b3,0,108115.73098682496,999
3,panel_direct_geom_a1000,8cc800b3,1,201459.05101331326,1000
3,panel_direct_geom_a1000,8cc800b3,2,165426.05090946791,1000
3,panel_direct_geom_a1000,8cc800b3,3,403902.937192628,1000
3,panel_direct_geom_a1000,8cc800b3,4,355266.96551172127,1000
3,panel_direct_geom_a1000,8cc800b3,5,141605.36564588745,1000
3,panel_direct_geom_a1000,8cc800b3,6,94382.22619447844,577
3,panel_direct_raw_gr_a1000,8cc800b3,0,108279.73314844276,999
3,panel_direct_raw_gr_a1000,8cc800b3,1,201908.2490816033,1000
3,panel_direct_raw_gr_a1000,8cc800b3,2,164948.45105222045,1000
3,panel_direct_raw_gr_a1000,8cc800b3,3,406237.03692744375,1000
3,panel_direct_raw_gr_a1000,8cc800b3,4,357895.85708787554,1000
3,panel_direct_raw_gr_a1000,8cc800b3,5,141364.89069829416,1000
3,panel_direct_raw_gr_a1000,8cc800b3,6,94057.15556904563,577
3,panel_direct_phase_a100,8cc800b3,0,94999.70525271655,999
3,panel_direct_phase_a100,8cc800b3,1,269306.85021971253,1000
3,panel_direct_phase_a100,8cc800b3,2,272792.51493808354,1000
3,panel_direct_phase_a100,8cc800b3,3,565711.8863551158,1000
3,panel_direct_phase_a100,8cc800b3,4,450420.3564001839,1000
3,panel_direct_phase_a100,8cc800b3,5,164674.16433439145,1000
3,panel_direct_phase_a100,8cc800b3,6,126192.97039236953,577
3,panel_direct_phase_a1000,8cc800b3,0,111587.54699040322,999
3,panel_direct_phase_a1000,8cc800b3,1,224844.6514230972,1000
3,panel_direct_phase_a1000,8cc800b3,2,185965.97306704285,1000
3,panel_direct_phase_a1000,8cc800b3,3,429106.0671313875,1000
3,panel_direct_phase_a1000,8cc800b3,4,362931.3603561426,1000
3,panel_direct_phase_a1000,8cc800b3,5,136727.08217891722,1000
3,panel_direct_phase_a1000,8cc800b3,6,97154.46803742064,577
3,panel_direct_phase_a10000,8cc800b3,0,100569.71480881669,999
3,panel_direct_phase_a10000,8cc800b3,1,179382.48751883485,1000
3,panel_direct_phase_a10000,8cc800b3,2,140556.1168834782,1000
3,panel_direct_phase_a10000,8cc800b3,3,368392.549505301,1000
3,panel_direct_phase_a10000,8cc800b3,4,330451.431077486,1000
3,panel_direct_phase_a10000,8cc800b3,5,130596.5761405754,1000
3,panel_direct_phase_a10000,8cc800b3,6,85117.02234114318,577
3,panel_direct_geom_a1000,55efee7f,0,63237.94432778714,999
3,panel_direct_geom_a1000,55efee7f,1,544342.0091839578,1000
3,panel_direct_geom_a1000,55efee7f,2,1625762.486935077,1000
3,panel_direct_geom_a1000,55efee7f,3,509934.6379389402,1000
3,panel_direct_geom_a1000,55efee7f,4,140940.20279193157,802
3,panel_direct_raw_gr_a1000,55efee7f,0,63135.54595615456,999
3,panel_direct_raw_gr_a1000,55efee7f,1,544461.5598899303,1000
3,panel_direct_raw_gr_a1000,55efee7f,2,1634103.2705744258,1000
3,panel_direct_raw_gr_a1000,55efee7f,3,509934.2081963108,1000
3,panel_direct_raw_gr_a1000,55efee7f,4,139941.3500623987,802
3,panel_direct_phase_a100,55efee7f,0,14167.408667791738,999
3,panel_direct_phase_a100,55efee7f,1,402036.7367980199,1000
3,panel_direct_phase_a100,55efee7f,2,1472666.3548932504,1000
3,panel_direct_phase_a100,55efee7f,3,457193.0333750214,1000
3,panel_direct_phase_a100,55efee7f,4,152777.31536205384,802
3,panel_direct_phase_a1000,55efee7f,0,64663.92851411859,999
3,panel_direct_phase_a1000,55efee7f,1,552311.2873164451,1000
3,panel_direct_phase_a1000,55efee7f,2,1636240.7461178175,1000
3,panel_direct_phase_a1000,55efee7f,3,513576.68498933146,1000
3,panel_direct_phase_a1000,55efee7f,4,140314.1016282072,802
3,panel_direct_phase_a10000,55efee7f,0,92089.16438800732,999
3,panel_direct_phase_a10000,55efee7f,1,616622.0754604295,1000
3,panel_direct_phase_a10000,55efee7f,2,1728573.068652899,1000
3,panel_direct_phase_a10000,55efee7f,3,545506.491253059,1000
3,panel_direct_phase_a10000,55efee7f,4,132450.98031155588,802
3,panel_direct_geom_a1000,d0a0e7b5,0,78352.22064492211,999
3,panel_direct_geom_a1000,d0a0e7b5,1,136939.58148136592,1000
3,panel_direct_geom_a1000,d0a0e7b5,2,151454.1355219691,1000
3,panel_direct_geom_a1000,d0a0e7b5,3,228125.79285088938,817
3,panel_direct_raw_gr_a1000,d0a0e7b5,0,78631.0384256973,999
3,panel_direct_raw_gr_a1000,d0a0e7b5,1,136623.82991617336,1000
3,panel_direct_raw_gr_a1000,d0a0e7b5,2,151357.70562219605,1000
3,panel_direct_raw_gr_a1000,d0a0e7b5,3,227285.34229016647,817
3,panel_direct_phase_a100,d0a0e7b5,0,34813.78556190079,999
3,panel_direct_phase_a100,d0a0e7b5,1,108376.05068466411,1000
3,panel_direct_phase_a100,d0a0e7b5,2,127167.4813554407,1000
3,panel_direct_phase_a100,d0a0e7b5,3,180655.3106642568,817
3,panel_direct_phase_a1000,d0a0e7b5,0,70309.72771699932,999
3,panel_direct_phase_a1000,d0a0e7b5,1,122837.16893801463,1000
3,panel_direct_phase_a1000,d0a0e7b5,2,126119.89237694067,1000
3,panel_direct_phase_a1000,d0a0e7b5,3,196618.17483103645,817
3,panel_direct_phase_a10000,d0a0e7b5,0,75721.38261692825,999
3,panel_direct_phase_a10000,d0a0e7b5,1,116561.73854600014,1000
3,panel_direct_phase_a10000,d0a0e7b5,2,127543.71718132519,1000
3,panel_direct_phase_a10000,d0a0e7b5,3,204625.5142305448,817
3,panel_direct_geom_a1000,6dbe4b60,0,37359.34139844515,999
3,panel_direct_geom_a1000,6dbe4b60,1,15979.077343483279,1000
3,panel_direct_geom_a1000,6dbe4b60,2,126574.04129558736,1000
3,panel_direct_geom_a1000,6dbe4b60,3,98938.50847109195,1000
3,panel_direct_geom_a1000,6dbe4b60,4,1815.8703296128003,649
3,panel_direct_raw_gr_a1000,6dbe4b60,0,37366.799106124374,999
3,panel_direct_raw_gr_a1000,6dbe4b60,1,15933.208304400496,1000
3,panel_direct_raw_gr_a1000,6dbe4b60,2,126996.1604520022,1000
3,panel_direct_raw_gr_a1000,6dbe4b60,3,99034.94594559268,1000
3,panel_direct_raw_gr_a1000,6dbe4b60,4,1836.905847175728,649
3,panel_direct_phase_a100,6dbe4b60,0,11786.457004560112,999
3,panel_direct_phase_a100,6dbe4b60,1,44777.94833490026,1000
3,panel_direct_phase_a100,6dbe4b60,2,53655.400082630644,1000
3,panel_direct_phase_a100,6dbe4b60,3,55562.90613010188,1000
3,panel_direct_phase_a100,6dbe4b60,4,3713.9188106313472,649
3,panel_direct_phase_a1000,6dbe4b60,0,33551.40130202816,999
3,panel_direct_phase_a1000,6dbe4b60,1,20499.38714855953,1000
3,panel_direct_phase_a1000,6dbe4b60,2,122762.7645390761,1000
3,panel_direct_phase_a1000,6dbe4b60,3,105847.99411845683,1000
3,panel_direct_phase_a1000,6dbe4b60,4,2452.326596265406,649
3,panel_direct_phase_a10000,6dbe4b60,0,49473.69302198119,999
3,panel_direct_phase_a10000,6dbe4b60,1,10791.034305713936,1000
3,panel_direct_phase_a10000,6dbe4b60,2,154136.47235791932,1000
3,panel_direct_phase_a10000,6dbe4b60,3,120611.2980247417,1000
3,panel_direct_phase_a10000,6dbe4b60,4,2523.2202144684024,649
3,panel_direct_geom_a1000,53f23031,0,2475.2321652167325,999
3,panel_direct_geom_a1000,53f23031,1,5648.850337352885,1000
3,panel_direct_geom_a1000,53f23031,2,1975.6237750937116,1000
3,panel_direct_geom_a1000,53f23031,3,7161.5760677682765,1000
3,panel_direct_geom_a1000,53f23031,4,114529.41412278639,1000
3,panel_direct_geom_a1000,53f23031,5,98866.21092090356,1000
3,panel_direct_geom_a1000,53f23031,6,249659.61529528786,1000
3,panel_direct_geom_a1000,53f23031,7,338402.78456152097,1000
3,panel_direct_geom_a1000,53f23031,8,94392.81881059916,551
3,panel_direct_raw_gr_a1000,53f23031,0,2495.1306399006894,999
3,panel_direct_raw_gr_a1000,53f23031,1,5648.63141338102,1000
3,panel_direct_raw_gr_a1000,53f23031,2,1961.812474802305,1000
3,panel_direct_raw_gr_a1000,53f23031,3,7228.092227426353,1000
3,panel_direct_raw_gr_a1000,53f23031,4,113049.08764969006,1000
3,panel_direct_raw_gr_a1000,53f23031,5,99693.71119032994,1000
3,panel_direct_raw_gr_a1000,53f23031,6,248790.76754031784,1000
3,panel_direct_raw_gr_a1000,53f23031,7,337667.8378519826,1000
3,panel_direct_raw_gr_a1000,53f23031,8,93683.38157394972,551
3,panel_direct_phase_a100,53f23031,0,6571.836101137819,999
3,panel_direct_phase_a100,53f23031,1,6097.373971696667,1000
3,panel_direct_phase_a100,53f23031,2,1132.0052309184966,1000
3,panel_direct_phase_a100,53f23031,3,5433.691292721145,1000
3,panel_direct_phase_a100,53f23031,4,79833.34471704646,1000
3,panel_direct_phase_a100,53f23031,5,91405.3211643543,1000
3,panel_direct_phase_a100,53f23031,6,207590.67953540778,1000
3,panel_direct_phase_a100,53f23031,7,291703.6190230678,1000
3,panel_direct_phase_a100,53f23031,8,74357.6488950555,551
3,panel_direct_phase_a1000,53f23031,0,2632.6218451678333,999
3,panel_direct_phase_a1000,53f23031,1,5228.350722664738,1000
3,panel_direct_phase_a1000,53f23031,2,1567.0991470535355,1000
3,panel_direct_phase_a1000,53f23031,3,6703.414059368423,1000
3,panel_direct_phase_a1000,53f23031,4,102045.3111160119,1000
3,panel_direct_phase_a1000,53f23031,5,107295.86427198374,1000
3,panel_direct_phase_a1000,53f23031,6,249069.85996316906,1000
3,panel_direct_phase_a1000,53f23031,7,335651.29571818694,1000
3,panel_direct_phase_a1000,53f23031,8,92637.16488290756,551
3,panel_direct_phase_a10000,53f23031,0,2932.1359335594193,999
3,panel_direct_phase_a10000,53f23031,1,7599.964966988645,1000
3,panel_direct_phase_a10000,53f23031,2,3945.594939739248,1000
3,panel_direct_phase_a10000,53f23031,3,10630.227883416268,1000
3,panel_direct_phase_a10000,53f23031,4,121019.70557403276,1000
3,panel_direct_phase_a10000,53f23031,5,107218.30462398838,1000
3,panel_direct_phase_a10000,53f23031,6,263201.13633486076,1000
3,panel_direct_phase_a10000,53f23031,7,346428.2534590598,1000
3,panel_direct_phase_a10000,53f23031,8,95011.38699674913,551
3,panel_direct_geom_a1000,f053a1b9,0,73824.8430041371,999
3,panel_direct_geom_a1000,f053a1b9,1,16542.39169104451,1000
3,panel_direct_geom_a1000,f053a1b9,2,160081.9496023923,1000
3,panel_direct_geom_a1000,f053a1b9,3,89184.98361281859,1000
3,panel_direct_geom_a1000,f053a1b9,4,13668.977870687986,109
3,panel_direct_raw_gr_a1000,f053a1b9,0,73957.29157026533,999
3,panel_direct_raw_gr_a1000,f053a1b9,1,16730.212186888697,1000
3,panel_direct_raw_gr_a1000,f053a1b9,2,160171.5518577026,1000
3,panel_direct_raw_gr_a1000,f053a1b9,3,89232.46723927284,1000
3,panel_direct_raw_gr_a1000,f053a1b9,4,13535.85900684514,109
3,panel_direct_phase_a100,f053a1b9,0,100224.22051924851,999
3,panel_direct_phase_a100,f053a1b9,1,31137.78292946355,1000
3,panel_direct_phase_a100,f053a1b9,2,176009.22479511827,1000
3,panel_direct_phase_a100,f053a1b9,3,90237.17456555925,1000
3,panel_direct_phase_a100,f053a1b9,4,12740.724655718886,109
3,panel_direct_phase_a1000,f053a1b9,0,77212.55568150688,999
3,panel_direct_phase_a1000,f053a1b9,1,18455.909223754523,1000
3,panel_direct_phase_a1000,f053a1b9,2,164194.12647075104,1000
3,panel_direct_phase_a1000,f053a1b9,3,89724.05743044711,1000
3,panel_direct_phase_a1000,f053a1b9,4,13571.036195705788,109
3,panel_direct_phase_a10000,f053a1b9,0,80507.80438136715,999
3,panel_direct_phase_a10000,f053a1b9,1,20621.689130375315,1000
3,panel_direct_phase_a10000,f053a1b9,2,178321.59662881642,1000
3,panel_direct_phase_a10000,f053a1b9,3,100244.62317874972,1000
3,panel_direct_phase_a10000,f053a1b9,4,15256.883695937167,109
3,panel_direct_geom_a1000,a959858c,0,2988808.1231400315,999
3,panel_direct_geom_a1000,a959858c,1,2667541.118253933,1000
3,panel_direct_geom_a1000,a959858c,2,2825393.196778163,1000
3,panel_direct_geom_a1000,a959858c,3,5685781.77765531,1000
3,panel_direct_geom_a1000,a959858c,4,3202483.7193552493,405
3,panel_direct_raw_gr_a1000,a959858c,0,2993095.5508324206,999
3,panel_direct_raw_gr_a1000,a959858c,1,2672205.180529437,1000
3,panel_direct_raw_gr_a1000,a959858c,2,2808479.020861551,1000
3,panel_direct_raw_gr_a1000,a959858c,3,5656332.346587637,1000
3,panel_direct_raw_gr_a1000,a959858c,4,3169120.209152017,405
3,panel_direct_phase_a100,a959858c,0,1549946.1334667304,999
3,panel_direct_phase_a100,a959858c,1,2031098.305724259,1000
3,panel_direct_phase_a100,a959858c,2,2411835.119183938,1000
3,panel_direct_phase_a100,a959858c,3,5466131.547160309,1000
3,panel_direct_phase_a100,a959858c,4,3202711.782631059,405
3,panel_direct_phase_a1000,a959858c,0,2936359.6901604515,999
3,panel_direct_phase_a1000,a959858c,1,2670358.6779681593,1000
3,panel_direct_phase_a1000,a959858c,2,2810583.7574005644,1000
3,panel_direct_phase_a1000,a959858c,3,5843951.861753035,1000
3,panel_direct_phase_a1000,a959858c,4,3319373.403371167,405
3,panel_direct_phase_a10000,a959858c,0,3459917.7566771703,999
3,panel_direct_phase_a10000,a959858c,1,2895469.623374978,1000
3,panel_direct_phase_a10000,a959858c,2,2979337.25012632,1000
3,panel_direct_phase_a10000,a959858c,3,5900122.891234183,1000
3,panel_direct_phase_a10000,a959858c,4,3303036.4877910367,405
3,panel_direct_geom_a1000,1b1eba53,0,927065.238141878,999
3,panel_direct_geom_a1000,1b1eba53,1,3212727.731027439,1000
3,panel_direct_geom_a1000,1b1eba53,2,5433245.276008659,1000
3,panel_direct_geom_a1000,1b1eba53,3,8113961.624926961,1000
3,panel_direct_geom_a1000,1b1eba53,4,5210779.75904276,656
3,panel_direct_raw_gr_a1000,1b1eba53,0,928881.7985761195,999
3,panel_direct_raw_gr_a1000,1b1eba53,1,3212013.5973455934,1000
3,panel_direct_raw_gr_a1000,1b1eba53,2,5413591.950449927,1000
3,panel_direct_raw_gr_a1000,1b1eba53,3,8097958.256225822,1000
3,panel_direct_raw_gr_a1000,1b1eba53,4,5189022.363116445,656
3,panel_direct_phase_a100,1b1eba53,0,856603.7106186682,999
3,panel_direct_phase_a100,1b1eba53,1,3533248.5767004234,1000
3,panel_direct_phase_a100,1b1eba53,2,5863472.911571784,1000
3,panel_direct_phase_a100,1b1eba53,3,8177802.766026242,1000
3,panel_direct_phase_a100,1b1eba53,4,5140617.52896868,656
3,panel_direct_phase_a1000,1b1eba53,0,933814.6163899184,999
3,panel_direct_phase_a1000,1b1eba53,1,3252533.4456531485,1000
3,panel_direct_phase_a1000,1b1eba53,2,5453697.436579594,1000
3,panel_direct_phase_a1000,1b1eba53,3,7976311.168156906,1000
3,panel_direct_phase_a1000,1b1eba53,4,5075921.815525689,656
3,panel_direct_phase_a10000,1b1eba53,0,987639.6426354941,999
3,panel_direct_phase_a10000,1b1eba53,1,3246135.6900994135,1000
3,panel_direct_phase_a10000,1b1eba53,2,5457304.754159051,1000
3,panel_direct_phase_a10000,1b1eba53,3,8132865.822665156,1000
3,panel_direct_phase_a10000,1b1eba53,4,5209553.487458277,656
3,panel_direct_geom_a1000,511e1db0,0,13240.496187483433,999
3,panel_direct_geom_a1000,511e1db0,1,787.7932903725747,1000
3,panel_direct_geom_a1000,511e1db0,2,907.1751212846181,1000
3,panel_direct_geom_a1000,511e1db0,3,5278.426088150022,822
3,panel_direct_raw_gr_a1000,511e1db0,0,13574.74711025695,999
3,panel_direct_raw_gr_a1000,511e1db0,1,657.918353851432,1000
3,panel_direct_raw_gr_a1000,511e1db0,2,955.203157964379,1000
3,panel_direct_raw_gr_a1000,511e1db0,3,6000.32475027838,822
3,panel_direct_phase_a100,511e1db0,0,6602.600351756272,999
3,panel_direct_phase_a100,511e1db0,1,14455.087570958323,1000
3,panel_direct_phase_a100,511e1db0,2,38428.89567076219,1000
3,panel_direct_phase_a100,511e1db0,3,33588.19802531117,822
3,panel_direct_phase_a1000,511e1db0,0,12482.194346464328,999
3,panel_direct_phase_a1000,511e1db0,1,1740.2984097600192,1000
3,panel_direct_phase_a1000,511e1db0,2,5193.968706249078,1000
3,panel_direct_phase_a1000,511e1db0,3,3693.712836167873,822
3,panel_direct_phase_a10000,511e1db0,0,10445.14306400926,999
3,panel_direct_phase_a10000,511e1db0,1,2029.65681815787,1000
3,panel_direct_phase_a10000,511e1db0,2,1259.8183899559428,1000
3,panel_direct_phase_a10000,511e1db0,3,6163.269813767327,822
3,panel_direct_geom_a1000,84633df4,0,23893.936903139493,999
3,panel_direct_geom_a1000,84633df4,1,8617.88934758634,1000
3,panel_direct_geom_a1000,84633df4,2,27503.13566149014,1000
3,panel_direct_geom_a1000,84633df4,3,28500.799845080983,1000
3,panel_direct_geom_a1000,84633df4,4,30178.863258348174,973
3,panel_direct_raw_gr_a1000,84633df4,0,23779.991536178306,999
3,panel_direct_raw_gr_a1000,84633df4,1,8637.034987184863,1000
3,panel_direct_raw_gr_a1000,84633df4,2,28155.41570960681,1000
3,panel_direct_raw_gr_a1000,84633df4,3,28986.191300059527,1000
3,panel_direct_raw_gr_a1000,84633df4,4,30553.350635646035,973
3,panel_direct_phase_a100,84633df4,0,7682.864009669443,999
3,panel_direct_phase_a100,84633df4,1,5902.4729868193845,1000
3,panel_direct_phase_a100,84633df4,2,55434.08558954428,1000
3,panel_direct_phase_a100,84633df4,3,52673.1082475131,1000
3,panel_direct_phase_a100,84633df4,4,52917.991557962756,973
3,panel_direct_phase_a1000,84633df4,0,22562.435172707636,999
3,panel_direct_phase_a1000,84633df4,1,7847.973632691141,1000
3,panel_direct_phase_a1000,84633df4,2,30817.826456702736,1000
3,panel_direct_phase_a1000,84633df4,3,28281.812399665498,1000
3,panel_direct_phase_a1000,84633df4,4,29905.266457669208,973
3,panel_direct_phase_a10000,84633df4,0,34624.78177988392,999
3,panel_direct_phase_a10000,84633df4,1,14779.45995055391,1000
3,panel_direct_phase_a10000,84633df4,2,18231.18420952877,1000
3,panel_direct_phase_a10000,84633df4,3,19633.757753107016,1000
3,panel_direct_phase_a10000,84633df4,4,23711.864430097816,973
3,panel_direct_geom_a1000,47ee27ab,0,25297.82948062762,999
3,panel_direct_geom_a1000,47ee27ab,1,74127.34325748417,1000
3,panel_direct_geom_a1000,47ee27ab,2,27657.838643160987,1000
3,panel_direct_geom_a1000,47ee27ab,3,42065.859217105746,1000
3,panel_direct_geom_a1000,47ee27ab,4,8459.181987707858,1000
3,panel_direct_geom_a1000,47ee27ab,5,116960.90311557284,1000
3,panel_direct_geom_a1000,47ee27ab,6,89683.095940403,398
3,panel_direct_raw_gr_a1000,47ee27ab,0,25206.136762609167,999
3,panel_direct_raw_gr_a1000,47ee27ab,1,74111.68997307577,1000
3,panel_direct_raw_gr_a1000,47ee27ab,2,27825.89779038911,1000
3,panel_direct_raw_gr_a1000,47ee27ab,3,42042.41310722405,1000
3,panel_direct_raw_gr_a1000,47ee27ab,4,8551.161771734787,1000
3,panel_direct_raw_gr_a1000,47ee27ab,5,116708.3931186663,1000
3,panel_direct_raw_gr_a1000,47ee27ab,6,89692.12911747351,398
3,panel_direct_phase_a100,47ee27ab,0,12806.49368991797,999
3,panel_direct_phase_a100,47ee27ab,1,40162.28822480147,1000
3,panel_direct_phase_a100,47ee27ab,2,30996.699299646363,1000
3,panel_direct_phase_a100,47ee27ab,3,41099.357443123365,1000
3,panel_direct_phase_a100,47ee27ab,4,12762.589885296356,1000
3,panel_direct_phase_a100,47ee27ab,5,79290.23085656163,1000
3,panel_direct_phase_a100,47ee27ab,6,65922.85502047684,398
3,panel_direct_phase_a1000,47ee27ab,0,23340.186633927602,999
3,panel_direct_phase_a1000,47ee27ab,1,65629.56401680266,1000
3,panel_direct_phase_a1000,47ee27ab,2,26800.820178130274,1000
3,panel_direct_phase_a1000,47ee27ab,3,46208.52619715461,1000
3,panel_direct_phase_a1000,47ee27ab,4,10433.963798339313,1000
3,panel_direct_phase_a1000,47ee27ab,5,106164.941418702,1000
3,panel_direct_phase_a1000,47ee27ab,6,85350.9156858391,398
3,panel_direct_phase_a10000,47ee27ab,0,23343.531551248572,999
3,panel_direct_phase_a10000,47ee27ab,1,65444.09839198727,1000
3,panel_direct_phase_a10000,47ee27ab,2,33474.86990978995,1000
3,panel_direct_phase_a10000,47ee27ab,3,38796.69996713345,1000
3,panel_direct_phase_a10000,47ee27ab,4,8617.790671490198,1000
3,panel_direct_phase_a10000,47ee27ab,5,123049.06059545567,1000
3,panel_direct_phase_a10000,47ee27ab,6,96153.26496352136,398
3,panel_direct_geom_a1000,b95e7121,0,10975.169178823047,999
3,panel_direct_geom_a1000,b95e7121,1,8550.795874451818,1000
3,panel_direct_geom_a1000,b95e7121,2,1294.7063880591274,1000
3,panel_direct_geom_a1000,b95e7121,3,10295.410708680905,1000
3,panel_direct_geom_a1000,b95e7121,4,8549.027808573726,1000
3,panel_direct_geom_a1000,b95e7121,5,4324.033891924717,1000
3,panel_direct_geom_a1000,b95e7121,6,718.15631915464,307
3,panel_direct_raw_gr_a1000,b95e7121,0,10877.015273082801,999
3,panel_direct_raw_gr_a1000,b95e7121,1,8336.918215976639,1000
3,panel_direct_raw_gr_a1000,b95e7121,2,1276.8907893502915,1000
3,panel_direct_raw_gr_a1000,b95e7121,3,9587.654785674347,1000
3,panel_direct_raw_gr_a1000,b95e7121,4,8561.206308457218,1000
3,panel_direct_raw_gr_a1000,b95e7121,5,3922.2925671426838,1000
3,panel_direct_raw_gr_a1000,b95e7121,6,655.2507742714538,307
3,panel_direct_phase_a100,b95e7121,0,70793.39018963363,999
3,panel_direct_phase_a100,b95e7121,1,30178.741792829234,1000
3,panel_direct_phase_a100,b95e7121,2,15824.568758720201,1000
3,panel_direct_phase_a100,b95e7121,3,2562.1035944079777,1000
3,panel_direct_phase_a100,b95e7121,4,18775.33642878502,1000
3,panel_direct_phase_a100,b95e7121,5,4886.985576843762,1000
3,panel_direct_phase_a100,b95e7121,6,190.00834860965722,307
3,panel_direct_phase_a1000,b95e7121,0,13747.8600147489,999
3,panel_direct_phase_a1000,b95e7121,1,7112.621074946246,1000
3,panel_direct_phase_a1000,b95e7121,2,887.2883445833721,1000
3,panel_direct_phase_a1000,b95e7121,3,8531.821330389712,1000
3,panel_direct_phase_a1000,b95e7121,4,8682.314688416922,1000
3,panel_direct_phase_a1000,b95e7121,5,3737.73402984081,1000
3,panel_direct_phase_a1000,b95e7121,6,543.2692479790862,307
3,panel_direct_phase_a10000,b95e7121,0,5357.896431420528,999
3,panel_direct_phase_a10000,b95e7121,1,17943.077702873,1000
3,panel_direct_phase_a10000,b95e7121,2,5592.349674571021,1000
3,panel_direct_phase_a10000,b95e7121,3,18256.638587472014,1000
3,panel_direct_phase_a10000,b95e7121,4,8351.190454114285,1000
3,panel_direct_phase_a10000,b95e7121,5,5200.6554786370225,1000
3,panel_direct_phase_a10000,b95e7121,6,1482.485222574244,307
3,panel_direct_geom_a1000,91db7070,0,18176.81178730939,999
3,panel_direct_geom_a1000,91db7070,1,565089.5615446655,1000
3,panel_direct_geom_a1000,91db7070,2,2450346.743841299,1000
3,panel_direct_geom_a1000,91db7070,3,3138021.3424707465,1000
3,panel_direct_geom_a1000,91db7070,4,230544.7168396877,74
3,panel_direct_raw_gr_a1000,91db7070,0,18247.37507722215,999
3,panel_direct_raw_gr_a1000,91db7070,1,565884.1180393351,1000
3,panel_direct_raw_gr_a1000,91db7070,2,2452581.39914623,1000
3,panel_direct_raw_gr_a1000,91db7070,3,3139912.4594743,1000
3,panel_direct_raw_gr_a1000,91db7070,4,231098.5497487805,74
3,panel_direct_phase_a100,91db7070,0,8701.809584235263,999
3,panel_direct_phase_a100,91db7070,1,359547.8748133941,1000
3,panel_direct_phase_a100,91db7070,2,2029879.2045985123,1000
3,panel_direct_phase_a100,91db7070,3,2579211.889547805,1000
3,panel_direct_phase_a100,91db7070,4,182325.85185926704,74
3,panel_direct_phase_a1000,91db7070,0,16014.198183183069,999
3,panel_direct_phase_a1000,91db7070,1,478540.56433431985,1000
3,panel_direct_phase_a1000,91db7070,2,2287500.8428908507,1000
3,panel_direct_phase_a1000,91db7070,3,2917110.0721543184,1000
3,panel_direct_phase_a1000,91db7070,4,211873.1682627294,74
3,panel_direct_phase_a10000,91db7070,0,24911.78507297117,999
3,panel_direct_phase_a10000,91db7070,1,598359.2080791934,1000
3,panel_direct_phase_a10000,91db7070,2,2516280.810306066,1000
3,panel_direct_phase_a10000,91db7070,3,3193397.1439298163,1000
3,panel_direct_phase_a10000,91db7070,4,234800.81934654078,74
3,panel_direct_geom_a1000,e3b34f5b,0,43568.65729727519,999
3,panel_direct_geom_a1000,e3b34f5b,1,8451.25652543272,1000
3,panel_direct_geom_a1000,e3b34f5b,2,38824.08357254399,1000
3,panel_direct_geom_a1000,e3b34f5b,3,231323.79255043875,1000
3,panel_direct_geom_a1000,e3b34f5b,4,177356.03653767344,1000
3,panel_direct_geom_a1000,e3b34f5b,5,107979.27140717601,456
3,panel_direct_raw_gr_a1000,e3b34f5b,0,43060.106317268546,999
3,panel_direct_raw_gr_a1000,e3b34f5b,1,8035.490017480395,1000
3,panel_direct_raw_gr_a1000,e3b34f5b,2,36814.13984746334,1000
3,panel_direct_raw_gr_a1000,e3b34f5b,3,223986.8380459765,1000
3,panel_direct_raw_gr_a1000,e3b34f5b,4,171335.89392333903,1000
3,panel_direct_raw_gr_a1000,e3b34f5b,5,109871.0539931417,456
3,panel_direct_phase_a100,e3b34f5b,0,42885.57127348727,999
3,panel_direct_phase_a100,e3b34f5b,1,36273.59494437778,1000
3,panel_direct_phase_a100,e3b34f5b,2,2733.1679172285244,1000
3,panel_direct_phase_a100,e3b34f5b,3,73846.14194064082,1000
3,panel_direct_phase_a100,e3b34f5b,4,74149.82883095868,1000
3,panel_direct_phase_a100,e3b34f5b,5,65043.159706904895,456
3,panel_direct_phase_a1000,e3b34f5b,0,43231.43748517838,999
3,panel_direct_phase_a1000,e3b34f5b,1,12390.47115155483,1000
3,panel_direct_phase_a1000,e3b34f5b,2,16367.493978038188,1000
3,panel_direct_phase_a1000,e3b34f5b,3,172094.1935965098,1000
3,panel_direct_phase_a1000,e3b34f5b,4,146850.01388543757,1000
3,panel_direct_phase_a1000,e3b34f5b,5,98586.72219469749,456
3,panel_direct_phase_a10000,e3b34f5b,0,52191.02204763252,999
3,panel_direct_phase_a10000,e3b34f5b,1,10204.5290336758,1000
3,panel_direct_phase_a10000,e3b34f5b,2,28939.700398766603,1000
3,panel_direct_phase_a10000,e3b34f5b,3,210372.70884493963,1000
3,panel_direct_phase_a10000,e3b34f5b,4,166069.72936039828,1000
3,panel_direct_phase_a10000,e3b34f5b,5,105158.35439249201,456
3,panel_direct_geom_a1000,5a5269a9,0,17482.462868570223,999
3,panel_direct_geom_a1000,5a5269a9,1,10366.713682997464,1000
3,panel_direct_geom_a1000,5a5269a9,2,38492.5962336983,1000
3,panel_direct_geom_a1000,5a5269a9,3,47095.177980449196,1000
3,panel_direct_geom_a1000,5a5269a9,4,17784.90568809726,1000
3,panel_direct_geom_a1000,5a5269a9,5,57745.65446289746,1000
3,panel_direct_geom_a1000,5a5269a9,6,13670.238818931466,514
3,panel_direct_raw_gr_a1000,5a5269a9,0,17545.70120339243,999
3,panel_direct_raw_gr_a1000,5a5269a9,1,10233.808607375959,1000
3,panel_direct_raw_gr_a1000,5a5269a9,2,38850.056522534825,1000
3,panel_direct_raw_gr_a1000,5a5269a9,3,45510.0308519473,1000
3,panel_direct_raw_gr_a1000,5a5269a9,4,18325.947122690806,1000
3,panel_direct_raw_gr_a1000,5a5269a9,5,58187.822271373196,1000
3,panel_direct_raw_gr_a1000,5a5269a9,6,13490.01800655455,514
3,panel_direct_phase_a100,5a5269a9,0,7472.526943326357,999
3,panel_direct_phase_a100,5a5269a9,1,7108.920404494468,1000
3,panel_direct_phase_a100,5a5269a9,2,17354.722509293835,1000
3,panel_direct_phase_a100,5a5269a9,3,60726.46407988988,1000
3,panel_direct_phase_a100,5a5269a9,4,13839.056487583453,1000
3,panel_direct_phase_a100,5a5269a9,5,62288.277414687,1000
3,panel_direct_phase_a100,5a5269a9,6,20583.17650560204,514
3,panel_direct_phase_a1000,5a5269a9,0,15707.990351937557,999
3,panel_direct_phase_a1000,5a5269a9,1,9160.191234135158,1000
3,panel_direct_phase_a1000,5a5269a9,2,37681.726898673805,1000
3,panel_direct_phase_a1000,5a5269a9,3,49297.93251509371,1000
3,panel_direct_phase_a1000,5a5269a9,4,17843.838241202197,1000
3,panel_direct_phase_a1000,5a5269a9,5,50119.48200475696,1000
3,panel_direct_phase_a1000,5a5269a9,6,12186.623804000867,514
3,panel_direct_phase_a10000,5a5269a9,0,23071.95212328085,999
3,panel_direct_phase_a10000,5a5269a9,1,16060.072778708238,1000
3,panel_direct_phase_a10000,5a5269a9,2,51399.557813153144,1000
3,panel_direct_phase_a10000,5a5269a9,3,41346.31375205023,1000
3,panel_direct_phase_a10000,5a5269a9,4,20995.49766491621,1000
3,panel_direct_phase_a10000,5a5269a9,5,50881.488385600234,1000
3,panel_direct_phase_a10000,5a5269a9,6,10205.863534990538,514
3,panel_direct_geom_a1000,05948241,0,7889.2833182897975,999
3,panel_direct_geom_a1000,05948241,1,38810.35868373909,1000
3,panel_direct_geom_a1000,05948241,2,13063.543057811328,1000
3,panel_direct_geom_a1000,05948241,3,11803.61694841894,880
3,panel_direct_raw_gr_a1000,05948241,0,7765.916040755604,999
3,panel_direct_raw_gr_a1000,05948241,1,38928.06643038968,1000
3,panel_direct_raw_gr_a1000,05948241,2,13196.66539802125,1000
3,panel_direct_raw_gr_a1000,05948241,3,11821.536129133998,880
3,panel_direct_phase_a100,05948241,0,5469.896858896452,999
3,panel_direct_phase_a100,05948241,1,24058.226556043963,1000
3,panel_direct_phase_a100,05948241,2,11880.48318306896,1000
3,panel_direct_phase_a100,05948241,3,13011.464178319355,880
3,panel_direct_phase_a1000,05948241,0,7268.017531273096,999
3,panel_direct_phase_a1000,05948241,1,33059.41587913028,1000
3,panel_direct_phase_a1000,05948241,2,12045.089219293448,1000
3,panel_direct_phase_a1000,05948241,3,11181.07118519991,880
3,panel_direct_phase_a10000,05948241,0,11745.755872529362,999
3,panel_direct_phase_a10000,05948241,1,45318.53827597009,1000
3,panel_direct_phase_a10000,05948241,2,13578.5417051426,1000
3,panel_direct_phase_a10000,05948241,3,13731.891362110015,880
3,panel_direct_geom_a1000,a645da9a,0,99163.7716296883,999
3,panel_direct_geom_a1000,a645da9a,1,100287.30545876475,1000
3,panel_direct_geom_a1000,a645da9a,2,9665.896672711642,1000
3,panel_direct_geom_a1000,a645da9a,3,56157.70836629366,1000
3,panel_direct_geom_a1000,a645da9a,4,77028.88144254091,1000
3,panel_direct_geom_a1000,a645da9a,5,11147.96202305685,154
3,panel_direct_raw_gr_a1000,a645da9a,0,98727.48748470051,999
3,panel_direct_raw_gr_a1000,a645da9a,1,99910.5970700961,1000
3,panel_direct_raw_gr_a1000,a645da9a,2,9804.472534812812,1000
3,panel_direct_raw_gr_a1000,a645da9a,3,57680.88416909257,1000
3,panel_direct_raw_gr_a1000,a645da9a,4,80163.9268122416,1000
3,panel_direct_raw_gr_a1000,a645da9a,5,10582.961512341692,154
3,panel_direct_phase_a100,a645da9a,0,17188.77979561054,999
3,panel_direct_phase_a100,a645da9a,1,43065.10709447449,1000
3,panel_direct_phase_a100,a645da9a,2,8609.19032715622,1000
3,panel_direct_phase_a100,a645da9a,3,63492.51508858696,1000
3,panel_direct_phase_a100,a645da9a,4,70576.9003840675,1000
3,panel_direct_phase_a100,a645da9a,5,13218.437715197566,154
3,panel_direct_phase_a1000,a645da9a,0,78774.87506719377,999
3,panel_direct_phase_a1000,a645da9a,1,87809.3346999923,1000
3,panel_direct_phase_a1000,a645da9a,2,9352.03345424356,1000
3,panel_direct_phase_a1000,a645da9a,3,47918.857047465244,1000
3,panel_direct_phase_a1000,a645da9a,4,64835.408377844295,1000
3,panel_direct_phase_a1000,a645da9a,5,11665.87020304962,154
3,panel_direct_phase_a10000,a645da9a,0,126516.47606267766,999
3,panel_direct_phase_a10000,a645da9a,1,123408.25363109555,1000
3,panel_direct_phase_a10000,a645da9a,2,12960.053969277156,1000
3,panel_direct_phase_a10000,a645da9a,3,43240.134487941425,1000
3,panel_direct_phase_a10000,a645da9a,4,65565.10177504463,1000
3,panel_direct_phase_a10000,a645da9a,5,10839.588308808809,154
3,panel_direct_geom_a1000,368fe682,0,6943.774357792893,999
3,panel_direct_geom_a1000,368fe682,1,254472.96463952697,1000
3,panel_direct_geom_a1000,368fe682,2,507872.8890791778,1000
3,panel_direct_geom_a1000,368fe682,3,144911.08698637018,1000
3,panel_direct_geom_a1000,368fe682,4,130137.90318153829,937
3,panel_direct_raw_gr_a1000,368fe682,0,6845.427522004473,999
3,panel_direct_raw_gr_a1000,368fe682,1,255640.23021575305,1000
3,panel_direct_raw_gr_a1000,368fe682,2,515492.93758452893,1000
3,panel_direct_raw_gr_a1000,368fe682,3,144406.99910349966,1000
3,panel_direct_raw_gr_a1000,368fe682,4,131952.1523348698,937
3,panel_direct_phase_a100,368fe682,0,5557.851706352875,999
3,panel_direct_phase_a100,368fe682,1,197073.1764013101,1000
3,panel_direct_phase_a100,368fe682,2,485453.5167504521,1000
3,panel_direct_phase_a100,368fe682,3,128895.63392272462,1000
3,panel_direct_phase_a100,368fe682,4,104580.82483503735,937
3,panel_direct_phase_a1000,368fe682,0,6814.155823824128,999
3,panel_direct_phase_a1000,368fe682,1,252689.6404706465,1000
3,panel_direct_phase_a1000,368fe682,2,532721.9160162259,1000
3,panel_direct_phase_a1000,368fe682,3,145815.96771751085,1000
3,panel_direct_phase_a1000,368fe682,4,125574.91226176285,937
3,panel_direct_phase_a10000,368fe682,0,6696.42070938524,999
3,panel_direct_phase_a10000,368fe682,1,240631.12455615573,1000
3,panel_direct_phase_a10000,368fe682,2,491516.8769388956,1000
3,panel_direct_phase_a10000,368fe682,3,135751.758595826,1000
3,panel_direct_phase_a10000,368fe682,4,123265.06868868362,937
3,panel_direct_geom_a1000,8995c945,0,24970.805175822836,999
3,panel_direct_geom_a1000,8995c945,1,73635.74820002558,1000
3,panel_direct_geom_a1000,8995c945,2,450383.22740540793,1000
3,panel_direct_geom_a1000,8995c945,3,321050.78911102127,1000
3,panel_direct_geom_a1000,8995c945,4,569043.2594575859,1000
3,panel_direct_geom_a1000,8995c945,5,438795.66347309767,1000
3,panel_direct_geom_a1000,8995c945,6,299475.5558096413,725
3,panel_direct_raw_gr_a1000,8995c945,0,24888.45414397878,999
3,panel_direct_raw_gr_a1000,8995c945,1,73532.1212112442,1000
3,panel_direct_raw_gr_a1000,8995c945,2,450647.2514349674,1000
3,panel_direct_raw_gr_a1000,8995c945,3,320711.7587938361,1000
3,panel_direct_raw_gr_a1000,8995c945,4,568501.3980203244,1000
3,panel_direct_raw_gr_a1000,8995c945,5,440157.7114584502,1000
3,panel_direct_raw_gr_a1000,8995c945,6,298892.8291214984,725
3,panel_direct_phase_a100,8995c945,0,50501.79166260284,999
3,panel_direct_phase_a100,8995c945,1,157770.46427876753,1000
3,panel_direct_phase_a100,8995c945,2,576831.2514884225,1000
3,panel_direct_phase_a100,8995c945,3,419832.7588584915,1000
3,panel_direct_phase_a100,8995c945,4,638646.7540491326,1000
3,panel_direct_phase_a100,8995c945,5,465630.2658976356,1000
3,panel_direct_phase_a100,8995c945,6,323846.09363951976,725
3,panel_direct_phase_a1000,8995c945,0,26528.464672286067,999
3,panel_direct_phase_a1000,8995c945,1,83741.15414432879,1000
3,panel_direct_phase_a1000,8995c945,2,464798.77505577833,1000
3,panel_direct_phase_a1000,8995c945,3,329813.0850784415,1000
3,panel_direct_phase_a1000,8995c945,4,570872.8161666185,1000
3,panel_direct_phase_a1000,8995c945,5,431004.2062375823,1000
3,panel_direct_phase_a1000,8995c945,6,299405.3277017563,725
3,panel_direct_phase_a10000,8995c945,0,16965.242595591215,999
3,panel_direct_phase_a10000,8995c945,1,55203.03534425732,1000
3,panel_direct_phase_a10000,8995c945,2,409130.1573302798,1000
3,panel_direct_phase_a10000,8995c945,3,290745.6113586985,1000
3,panel_direct_phase_a10000,8995c945,4,545524.860702008,1000
3,panel_direct_phase_a10000,8995c945,5,419802.2955687794,1000
3,panel_direct_phase_a10000,8995c945,6,279726.8726311161,725
3,panel_direct_geom_a1000,48c1f673,0,93790.99689622883,999
3,panel_direct_geom_a1000,48c1f673,1,637047.6237041391,1000
3,panel_direct_geom_a1000,48c1f673,2,414983.3719151247,918
3,panel_direct_raw_gr_a1000,48c1f673,0,93894.94440848895,999
3,panel_direct_raw_gr_a1000,48c1f673,1,636685.9120367982,1000
3,panel_direct_raw_gr_a1000,48c1f673,2,411811.94726829167,918
3,panel_direct_phase_a100,48c1f673,0,121562.94159962234,999
3,panel_direct_phase_a100,48c1f673,1,686509.7249616053,1000
3,panel_direct_phase_a100,48c1f673,2,481909.3632227618,918
3,panel_direct_phase_a1000,48c1f673,0,92530.62799518068,999
3,panel_direct_phase_a1000,48c1f673,1,621795.3516635632,1000
3,panel_direct_phase_a1000,48c1f673,2,410843.3641325518,918
3,panel_direct_phase_a10000,48c1f673,0,79846.80697284204,999
3,panel_direct_phase_a10000,48c1f673,1,585054.4975383915,1000
3,panel_direct_phase_a10000,48c1f673,2,374322.10060799896,918
3,panel_direct_geom_a1000,466fc788,0,25718.125665280128,999
3,panel_direct_geom_a1000,466fc788,1,505814.05732035165,1000
3,panel_direct_geom_a1000,466fc788,2,44089.86342292744,1000
3,panel_direct_geom_a1000,466fc788,3,51017.69953679041,1000
3,panel_direct_geom_a1000,466fc788,4,550291.4088798456,1000
3,panel_direct_geom_a1000,466fc788,5,540120.5713225434,1000
3,panel_direct_geom_a1000,466fc788,6,106953.73248612603,198
3,panel_direct_raw_gr_a1000,466fc788,0,25802.430784996945,999
3,panel_direct_raw_gr_a1000,466fc788,1,504843.7584235704,1000
3,panel_direct_raw_gr_a1000,466fc788,2,44462.95076104106,1000
3,panel_direct_raw_gr_a1000,466fc788,3,52679.28960977751,1000
3,panel_direct_raw_gr_a1000,466fc788,4,552094.6296171192,1000
3,panel_direct_raw_gr_a1000,466fc788,5,539415.2594585282,1000
3,panel_direct_raw_gr_a1000,466fc788,6,106844.7487222538,198
3,panel_direct_phase_a100,466fc788,0,20158.091203426386,999
3,panel_direct_phase_a100,466fc788,1,310702.730796241,1000
3,panel_direct_phase_a100,466fc788,2,22075.235211343526,1000
3,panel_direct_phase_a100,466fc788,3,39049.108155833135,1000
3,panel_direct_phase_a100,466fc788,4,485897.84709114145,1000
3,panel_direct_phase_a100,466fc788,5,525986.5368443879,1000
3,panel_direct_phase_a100,466fc788,6,120615.35224538716,198
3,panel_direct_phase_a1000,466fc788,0,25222.928392356214,999
3,panel_direct_phase_a1000,466fc788,1,506553.18196847837,1000
3,panel_direct_phase_a1000,466fc788,2,46312.294896356085,1000
3,panel_direct_phase_a1000,466fc788,3,54318.05966229781,1000
3,panel_direct_phase_a1000,466fc788,4,541922.698253196,1000
3,panel_direct_phase_a1000,466fc788,5,528281.7468375567,1000
3,panel_direct_phase_a1000,466fc788,6,107969.61656280936,198
3,panel_direct_phase_a10000,466fc788,0,29197.158498885943,999
3,panel_direct_phase_a10000,466fc788,1,515942.09421419154,1000
3,panel_direct_phase_a10000,466fc788,2,42027.48076494382,1000
3,panel_direct_phase_a10000,466fc788,3,48009.26113168369,1000
3,panel_direct_phase_a10000,466fc788,4,541631.867491854,1000
3,panel_direct_phase_a10000,466fc788,5,526187.7489451842,1000
3,panel_direct_phase_a10000,466fc788,6,102225.62167518087,198
3,panel_direct_geom_a1000,27300fd5,0,311372.88087311725,999
3,panel_direct_geom_a1000,27300fd5,1,369933.15019618464,1000
3,panel_direct_geom_a1000,27300fd5,2,185874.10387440413,1000
3,panel_direct_geom_a1000,27300fd5,3,550021.0308611772,1000
3,panel_direct_geom_a1000,27300fd5,4,262882.190934049,1000
3,panel_direct_geom_a1000,27300fd5,5,85381.75375297577,468
3,panel_direct_raw_gr_a1000,27300fd5,0,311508.87424413604,999
3,panel_direct_raw_gr_a1000,27300fd5,1,368972.4445396056,1000
3,panel_direct_raw_gr_a1000,27300fd5,2,186151.0490185619,1000
3,panel_direct_raw_gr_a1000,27300fd5,3,551011.4460232866,1000
3,panel_direct_raw_gr_a1000,27300fd5,4,263506.59173820313,1000
3,panel_direct_raw_gr_a1000,27300fd5,5,85193.1073605394,468
3,panel_direct_phase_a100,27300fd5,0,211954.98162200593,999
3,panel_direct_phase_a100,27300fd5,1,320443.0595431168,1000
3,panel_direct_phase_a100,27300fd5,2,179438.27390564716,1000
3,panel_direct_phase_a100,27300fd5,3,502904.6587488911,1000
3,panel_direct_phase_a100,27300fd5,4,231929.02727840494,1000
3,panel_direct_phase_a100,27300fd5,5,76708.62083144706,468
3,panel_direct_phase_a1000,27300fd5,0,304897.6233419788,999
3,panel_direct_phase_a1000,27300fd5,1,373420.0527302215,1000
3,panel_direct_phase_a1000,27300fd5,2,186727.61090529687,1000
3,panel_direct_phase_a1000,27300fd5,3,529255.313237827,1000
3,panel_direct_phase_a1000,27300fd5,4,243353.42143178196,1000
3,panel_direct_phase_a1000,27300fd5,5,79585.39440344906,468
3,panel_direct_phase_a10000,27300fd5,0,313254.16311905027,999
3,panel_direct_phase_a10000,27300fd5,1,354362.98019214266,1000
3,panel_direct_phase_a10000,27300fd5,2,168892.80123805552,1000
3,panel_direct_phase_a10000,27300fd5,3,521703.10557544004,1000
3,panel_direct_phase_a10000,27300fd5,4,246858.95986200412,1000
3,panel_direct_phase_a10000,27300fd5,5,82219.15710960342,468
3,panel_direct_geom_a1000,a9c9b150,0,6942.440752227877,999
3,panel_direct_geom_a1000,a9c9b150,1,1070.2143589093146,1000
3,panel_direct_geom_a1000,a9c9b150,2,555.2075650453849,1000
3,panel_direct_geom_a1000,a9c9b150,3,799.4652940454007,987
3,panel_direct_raw_gr_a1000,a9c9b150,0,6921.803284125093,999
3,panel_direct_raw_gr_a1000,a9c9b150,1,1063.6553093425364,1000
3,panel_direct_raw_gr_a1000,a9c9b150,2,531.3097261130165,1000
3,panel_direct_raw_gr_a1000,a9c9b150,3,761.0864125605583,987
3,panel_direct_phase_a100,a9c9b150,0,9365.499191859342,999
3,panel_direct_phase_a100,a9c9b150,1,5723.916010706667,1000
3,panel_direct_phase_a100,a9c9b150,2,6758.371543428828,1000
3,panel_direct_phase_a100,a9c9b150,3,3872.658235470857,987
3,panel_direct_phase_a1000,a9c9b150,0,10127.130628782776,999
3,panel_direct_phase_a1000,a9c9b150,1,4081.9278737757486,1000
3,panel_direct_phase_a1000,a9c9b150,2,3068.437408583626,1000
3,panel_direct_phase_a1000,a9c9b150,3,2032.5395723767867,987
3,panel_direct_phase_a10000,a9c9b150,0,5363.864420520794,999
3,panel_direct_phase_a10000,a9c9b150,1,516.3205225017448,1000
3,panel_direct_phase_a10000,a9c9b150,2,213.97906341928356,1000
3,panel_direct_phase_a10000,a9c9b150,3,409.5645545113668,987
3,panel_direct_geom_a1000,071d7b45,0,332252.2857800719,999
3,panel_direct_geom_a1000,071d7b45,1,437907.2931413159,1000
3,panel_direct_geom_a1000,071d7b45,2,217191.9908501894,1000
3,panel_direct_geom_a1000,071d7b45,3,38685.6810012227,212
3,panel_direct_raw_gr_a1000,071d7b45,0,331641.64036923606,999
3,panel_direct_raw_gr_a1000,071d7b45,1,434934.021001601,1000
3,panel_direct_raw_gr_a1000,071d7b45,2,220885.075689807,1000
3,panel_direct_raw_gr_a1000,071d7b45,3,38286.2805306447,212
3,panel_direct_phase_a100,071d7b45,0,239603.21013144543,999
3,panel_direct_phase_a100,071d7b45,1,406666.84018950094,1000
3,panel_direct_phase_a100,071d7b45,2,276668.0033219959,1000
3,panel_direct_phase_a100,071d7b45,3,48065.079082739816,212
3,panel_direct_phase_a1000,071d7b45,0,329783.386086035,999
3,panel_direct_phase_a1000,071d7b45,1,430259.8226368719,1000
3,panel_direct_phase_a1000,071d7b45,2,233229.93096438056,1000
3,panel_direct_phase_a1000,071d7b45,3,41793.81821473012,212
3,panel_direct_phase_a10000,071d7b45,0,335356.6152325807,999
3,panel_direct_phase_a10000,071d7b45,1,410832.3027754304,1000
3,panel_direct_phase_a10000,071d7b45,2,196265.1214529643,1000
3,panel_direct_phase_a10000,071d7b45,3,35726.39200585078,212
3,panel_direct_geom_a1000,ae8959c3,0,105370.27389874103,999
3,panel_direct_geom_a1000,ae8959c3,1,272626.0381866319,1000
3,panel_direct_geom_a1000,ae8959c3,2,491880.4288445607,1000
3,panel_direct_geom_a1000,ae8959c3,3,677119.7051793486,1000
3,panel_direct_geom_a1000,ae8959c3,4,443029.29350293655,519
3,panel_direct_raw_gr_a1000,ae8959c3,0,105629.67020825332,999
3,panel_direct_raw_gr_a1000,ae8959c3,1,273316.26374938793,1000
3,panel_direct_raw_gr_a1000,ae8959c3,2,490298.00179933733,1000
3,panel_direct_raw_gr_a1000,ae8959c3,3,666543.346217077,1000
3,panel_direct_raw_gr_a1000,ae8959c3,4,431775.4411335952,519
3,panel_direct_phase_a100,ae8959c3,0,136466.39724044988,999
3,panel_direct_phase_a100,ae8959c3,1,365338.97024538164,1000
3,panel_direct_phase_a100,ae8959c3,2,576784.5074239775,1000
3,panel_direct_phase_a100,ae8959c3,3,851412.1671468004,1000
3,panel_direct_phase_a100,ae8959c3,4,557340.7925588884,519
3,panel_direct_phase_a1000,ae8959c3,0,111893.63466383079,999
3,panel_direct_phase_a1000,ae8959c3,1,285374.52029086906,1000
3,panel_direct_phase_a1000,ae8959c3,2,489739.1824471879,1000
3,panel_direct_phase_a1000,ae8959c3,3,702758.1378028155,1000
3,panel_direct_phase_a1000,ae8959c3,4,467603.2865782451,519
3,panel_direct_phase_a10000,ae8959c3,0,92806.35070739014,999
3,panel_direct_phase_a10000,ae8959c3,1,241023.3018475305,1000
3,panel_direct_phase_a10000,ae8959c3,2,446808.6818925847,1000
3,panel_direct_phase_a10000,ae8959c3,3,638077.7208047984,1000
3,panel_direct_phase_a10000,ae8959c3,4,426832.0157376259,519
3,panel_direct_geom_a1000,35b30c7f,0,41306.01561270485,999
3,panel_direct_geom_a1000,35b30c7f,1,204015.5046020547,1000
3,panel_direct_geom_a1000,35b30c7f,2,191574.29821134347,1000
3,panel_direct_geom_a1000,35b30c7f,3,350937.02559604315,1000
3,panel_direct_geom_a1000,35b30c7f,4,551360.454467347,1000
3,panel_direct_geom_a1000,35b30c7f,5,607331.4837835524,1000
3,panel_direct_geom_a1000,35b30c7f,6,208802.6554150672,1000
3,panel_direct_geom_a1000,35b30c7f,7,631053.2562016689,1000
3,panel_direct_geom_a1000,35b30c7f,8,507660.98083041207,1000
3,panel_direct_geom_a1000,35b30c7f,9,348278.54268239747,580
3,panel_direct_raw_gr_a1000,35b30c7f,0,41156.95610795904,999
3,panel_direct_raw_gr_a1000,35b30c7f,1,203707.89520088362,1000
3,panel_direct_raw_gr_a1000,35b30c7f,2,193316.32915109338,1000
3,panel_direct_raw_gr_a1000,35b30c7f,3,353478.991694991,1000
3,panel_direct_raw_gr_a1000,35b30c7f,4,553899.0253043561,1000
3,panel_direct_raw_gr_a1000,35b30c7f,5,605877.3200880061,1000
3,panel_direct_raw_gr_a1000,35b30c7f,6,210413.35593453536,1000
3,panel_direct_raw_gr_a1000,35b30c7f,7,634203.7083566972,1000
3,panel_direct_raw_gr_a1000,35b30c7f,8,510592.4807749102,1000
3,panel_direct_raw_gr_a1000,35b30c7f,9,350345.84720687073,580
3,panel_direct_phase_a100,35b30c7f,0,9045.374109616918,999
3,panel_direct_phase_a100,35b30c7f,1,119962.75328298702,1000
3,panel_direct_phase_a100,35b30c7f,2,141957.70453136766,1000
3,panel_direct_phase_a100,35b30c7f,3,255394.54959645326,1000
3,panel_direct_phase_a100,35b30c7f,4,472582.95978441526,1000
3,panel_direct_phase_a100,35b30c7f,5,637325.3480926993,1000
3,panel_direct_phase_a100,35b30c7f,6,220328.80316611557,1000
3,panel_direct_phase_a100,35b30c7f,7,643948.6187035557,1000
3,panel_direct_phase_a100,35b30c7f,8,516601.2667094528,1000
3,panel_direct_phase_a100,35b30c7f,9,354773.2188980534,580
3,panel_direct_phase_a1000,35b30c7f,0,35781.60338322047,999
3,panel_direct_phase_a1000,35b30c7f,1,195492.6693031654,1000
3,panel_direct_phase_a1000,35b30c7f,2,183197.478165359,1000
3,panel_direct_phase_a1000,35b30c7f,3,319205.1826312325,1000
3,panel_direct_phase_a1000,35b30c7f,4,533262.7212086396,1000
3,panel_direct_phase_a1000,35b30c7f,5,639174.058743724,1000
3,panel_direct_phase_a1000,35b30c7f,6,216181.55057927512,1000
3,panel_direct_phase_a1000,35b30c7f,7,639796.4679692771,1000
3,panel_direct_phase_a1000,35b30c7f,8,512584.94483338896,1000
3,panel_direct_phase_a1000,35b30c7f,9,351751.7688796565,580
3,panel_direct_phase_a10000,35b30c7f,0,39573.622175007455,999
3,panel_direct_phase_a10000,35b30c7f,1,195933.42794338602,1000
3,panel_direct_phase_a10000,35b30c7f,2,178282.75417905726,1000
3,panel_direct_phase_a10000,35b30c7f,3,329983.5920182409,1000
3,panel_direct_phase_a10000,35b30c7f,4,535787.7039076388,1000
3,panel_direct_phase_a10000,35b30c7f,5,600945.7118327762,1000
3,panel_direct_phase_a10000,35b30c7f,6,195868.66244897826,1000
3,panel_direct_phase_a10000,35b30c7f,7,622655.7136487467,1000
3,panel_direct_phase_a10000,35b30c7f,8,505573.5366383125,1000
3,panel_direct_phase_a10000,35b30c7f,9,346830.115671712,580
3,panel_direct_geom_a1000,463c38f2,0,19261.005244623277,999
3,panel_direct_geom_a1000,463c38f2,1,47470.713630276994,1000
3,panel_direct_geom_a1000,463c38f2,2,61298.52769837023,1000
3,panel_direct_geom_a1000,463c38f2,3,38786.711703925284,1000
3,panel_direct_geom_a1000,463c38f2,4,7302.6815787406595,461
3,panel_direct_raw_gr_a1000,463c38f2,0,19372.309572301172,999
3,panel_direct_raw_gr_a1000,463c38f2,1,47804.76920580173,1000
3,panel_direct_raw_gr_a1000,463c38f2,2,61526.437456510925,1000
3,panel_direct_raw_gr_a1000,463c38f2,3,37586.070216991655,1000
3,panel_direct_raw_gr_a1000,463c38f2,4,6304.131330183689,461
3,panel_direct_phase_a100,463c38f2,0,28427.387340168312,999
3,panel_direct_phase_a100,463c38f2,1,32165.380899523716,1000
3,panel_direct_phase_a100,463c38f2,2,52880.77257337787,1000
3,panel_direct_phase_a100,463c38f2,3,44515.57947463849,1000
3,panel_direct_phase_a100,463c38f2,4,9406.129503241586,461
3,panel_direct_phase_a1000,463c38f2,0,21682.60501411258,999
3,panel_direct_phase_a1000,463c38f2,1,41867.73485841193,1000
3,panel_direct_phase_a1000,463c38f2,2,60375.02720613572,1000
3,panel_direct_phase_a1000,463c38f2,3,43034.537051622465,1000
3,panel_direct_phase_a1000,463c38f2,4,8218.741022645603,461
3,panel_direct_phase_a10000,463c38f2,0,15237.858475934221,999
3,panel_direct_phase_a10000,463c38f2,1,57577.68629625156,1000
3,panel_direct_phase_a10000,463c38f2,2,62148.33710418485,1000
3,panel_direct_phase_a10000,463c38f2,3,33865.37379286233,1000
3,panel_direct_phase_a10000,463c38f2,4,5555.338705602062,461
3,panel_direct_geom_a1000,72dd8501,0,29287.575525547214,999
3,panel_direct_geom_a1000,72dd8501,1,21093.529535058602,1000
3,panel_direct_geom_a1000,72dd8501,2,34824.476238207186,1000
3,panel_direct_geom_a1000,72dd8501,3,44161.51637413467,1000
3,panel_direct_geom_a1000,72dd8501,4,63565.23987622283,1000
3,panel_direct_geom_a1000,72dd8501,5,13768.071282387209,194
3,panel_direct_raw_gr_a1000,72dd8501,0,28741.13654255671,999
3,panel_direct_raw_gr_a1000,72dd8501,1,19904.574069585928,1000
3,panel_direct_raw_gr_a1000,72dd8501,2,32502.9721182504,1000
3,panel_direct_raw_gr_a1000,72dd8501,3,40382.140472147556,1000
3,panel_direct_raw_gr_a1000,72dd8501,4,59774.5951292193,1000
3,panel_direct_raw_gr_a1000,72dd8501,5,14374.32060172562,194
3,panel_direct_phase_a100,72dd8501,0,28231.35502959573,999
3,panel_direct_phase_a100,72dd8501,1,17632.868590897302,1000
3,panel_direct_phase_a100,72dd8501,2,24469.57077844837,1000
3,panel_direct_phase_a100,72dd8501,3,34789.58881413632,1000
3,panel_direct_phase_a100,72dd8501,4,62872.05197617343,1000
3,panel_direct_phase_a100,72dd8501,5,18309.02441595387,194
3,panel_direct_phase_a1000,72dd8501,0,27301.98525409533,999
3,panel_direct_phase_a1000,72dd8501,1,20304.363726967393,1000
3,panel_direct_phase_a1000,72dd8501,2,34734.926375635485,1000
3,panel_direct_phase_a1000,72dd8501,3,43716.70348502796,1000
3,panel_direct_phase_a1000,72dd8501,4,62852.27402230946,1000
3,panel_direct_phase_a1000,72dd8501,5,14700.997225899175,194
3,panel_direct_phase_a10000,72dd8501,0,36187.968682205115,999
3,panel_direct_phase_a10000,72dd8501,1,21899.217689327135,1000
3,panel_direct_phase_a10000,72dd8501,2,27957.18963004655,1000
3,panel_direct_phase_a10000,72dd8501,3,37611.574761515694,1000
3,panel_direct_phase_a10000,72dd8501,4,57863.81709437093,1000
3,panel_direct_phase_a10000,72dd8501,5,13411.016469614571,194
3,panel_direct_geom_a1000,9c211c53,0,84779.98815230448,999
3,panel_direct_geom_a1000,9c211c53,1,43565.665187557184,1000
3,panel_direct_geom_a1000,9c211c53,2,82613.43056479498,1000
3,panel_direct_geom_a1000,9c211c53,3,8109.393206317847,1000
3,panel_direct_geom_a1000,9c211c53,4,45005.98568859856,1000
3,panel_direct_geom_a1000,9c211c53,5,27677.337423719226,1000
3,panel_direct_geom_a1000,9c211c53,6,33854.11258174804,1000
3,panel_direct_geom_a1000,9c211c53,7,12199.529887428482,266
3,panel_direct_raw_gr_a1000,9c211c53,0,84682.33486783828,999
3,panel_direct_raw_gr_a1000,9c211c53,1,43896.2318914357,1000
3,panel_direct_raw_gr_a1000,9c211c53,2,82180.814364863,1000
3,panel_direct_raw_gr_a1000,9c211c53,3,8521.700528581643,1000
3,panel_direct_raw_gr_a1000,9c211c53,4,45350.15993315183,1000
3,panel_direct_raw_gr_a1000,9c211c53,5,27634.8584814881,1000
3,panel_direct_raw_gr_a1000,9c211c53,6,33768.09823139886,1000
3,panel_direct_raw_gr_a1000,9c211c53,7,12163.778935719418,266
3,panel_direct_phase_a100,9c211c53,0,59484.35133816001,999
3,panel_direct_phase_a100,9c211c53,1,37845.65767927355,1000
3,panel_direct_phase_a100,9c211c53,2,82656.53800719505,1000
3,panel_direct_phase_a100,9c211c53,3,6649.353469561175,1000
3,panel_direct_phase_a100,9c211c53,4,36221.132259824226,1000
3,panel_direct_phase_a100,9c211c53,5,25991.994173872023,1000
3,panel_direct_phase_a100,9c211c53,6,26934.034207411416,1000
3,panel_direct_phase_a100,9c211c53,7,7161.889825057253,266
3,panel_direct_phase_a1000,9c211c53,0,93586.64730467355,999
3,panel_direct_phase_a1000,9c211c53,1,46709.00173968744,1000
3,panel_direct_phase_a1000,9c211c53,2,81088.41708400015,1000
3,panel_direct_phase_a1000,9c211c53,3,6111.240499593723,1000
3,panel_direct_phase_a1000,9c211c53,4,39427.84325728293,1000
3,panel_direct_phase_a1000,9c211c53,5,24834.748842349443,1000
3,panel_direct_phase_a1000,9c211c53,6,33007.894016092636,1000
3,panel_direct_phase_a1000,9c211c53,7,11583.738025910097,266
3,panel_direct_phase_a10000,9c211c53,0,86112.84358832303,999
3,panel_direct_phase_a10000,9c211c53,1,39085.97331948241,1000
3,panel_direct_phase_a10000,9c211c53,2,71746.54304230564,1000
3,panel_direct_phase_a10000,9c211c53,3,4985.8069842493815,1000
3,panel_direct_phase_a10000,9c211c53,4,39289.19004768208,1000
3,panel_direct_phase_a10000,9c211c53,5,25136.394532479706,1000
3,panel_direct_phase_a10000,9c211c53,6,38244.89230124852,1000
3,panel_direct_phase_a10000,9c211c53,7,13364.972000535294,266
3,panel_direct_geom_a1000,4b462989,0,41978.756046228016,999
3,panel_direct_geom_a1000,4b462989,1,32400.43132193269,1000
3,panel_direct_geom_a1000,4b462989,2,22334.449990074227,1000
3,panel_direct_geom_a1000,4b462989,3,347.17697140596204,107
3,panel_direct_raw_gr_a1000,4b462989,0,41979.27988769991,999
3,panel_direct_raw_gr_a1000,4b462989,1,32086.769667325516,1000
3,panel_direct_raw_gr_a1000,4b462989,2,22206.235425886793,1000
3,panel_direct_raw_gr_a1000,4b462989,3,333.09642303458327,107
3,panel_direct_phase_a100,4b462989,0,19290.270657979076,999
3,panel_direct_phase_a100,4b462989,1,9572.771288834132,1000
3,panel_direct_phase_a100,4b462989,2,56289.21384142065,1000
3,panel_direct_phase_a100,4b462989,3,858.0566021130073,107
3,panel_direct_phase_a1000,4b462989,0,43840.99203437732,999
3,panel_direct_phase_a1000,4b462989,1,30544.65603568611,1000
3,panel_direct_phase_a1000,4b462989,2,28035.743462352853,1000
3,panel_direct_phase_a1000,4b462989,3,88.78096165183106,107
3,panel_direct_phase_a10000,4b462989,0,58116.03600201029,999
3,panel_direct_phase_a10000,4b462989,1,48296.36188984323,1000
3,panel_direct_phase_a10000,4b462989,2,17463.469229777253,1000
3,panel_direct_phase_a10000,4b462989,3,631.2328796500093,107
3,panel_direct_geom_a1000,ee4aecac,0,52176.69399060635,999
3,panel_direct_geom_a1000,ee4aecac,1,107883.88560616937,1000
3,panel_direct_geom_a1000,ee4aecac,2,65060.67629928644,1000
3,panel_direct_geom_a1000,ee4aecac,3,112415.96986225134,1000
3,panel_direct_geom_a1000,ee4aecac,4,114162.1753995201,1000
3,panel_direct_geom_a1000,ee4aecac,5,87506.55775442129,266
3,panel_direct_raw_gr_a1000,ee4aecac,0,52157.84916402085,999
3,panel_direct_raw_gr_a1000,ee4aecac,1,107535.79142943188,1000
3,panel_direct_raw_gr_a1000,ee4aecac,2,66306.7658969999,1000
3,panel_direct_raw_gr_a1000,ee4aecac,3,115966.24776128717,1000
3,panel_direct_raw_gr_a1000,ee4aecac,4,114665.18010737257,1000
3,panel_direct_raw_gr_a1000,ee4aecac,5,86528.7064518988,266
3,panel_direct_phase_a100,ee4aecac,0,69766.28055749071,999
3,panel_direct_phase_a100,ee4aecac,1,167005.13581647206,1000
3,panel_direct_phase_a100,ee4aecac,2,129569.46958446316,1000
3,panel_direct_phase_a100,ee4aecac,3,112833.7620372081,1000
3,panel_direct_phase_a100,ee4aecac,4,87531.7018908001,1000
3,panel_direct_phase_a100,ee4aecac,5,70621.79666612338,266
3,panel_direct_phase_a1000,ee4aecac,0,52129.96754595496,999
3,panel_direct_phase_a1000,ee4aecac,1,117781.42008260584,1000
3,panel_direct_phase_a1000,ee4aecac,2,81615.77202574896,1000
3,panel_direct_phase_a1000,ee4aecac,3,107104.9218609265,1000
3,panel_direct_phase_a1000,ee4aecac,4,104603.05487100498,1000
3,panel_direct_phase_a1000,ee4aecac,5,83617.64244367347,266
3,panel_direct_phase_a10000,ee4aecac,0,58547.01334210438,999
3,panel_direct_phase_a10000,ee4aecac,1,120884.12511113005,1000
3,panel_direct_phase_a10000,ee4aecac,2,75831.39492671382,1000
3,panel_direct_phase_a10000,ee4aecac,3,121409.95748008206,1000
3,panel_direct_phase_a10000,ee4aecac,4,118702.1104983827,1000
3,panel_direct_phase_a10000,ee4aecac,5,88599.82137414531,266
3,panel_direct_geom_a1000,c3957531,0,5452.871379098014,999
3,panel_direct_geom_a1000,c3957531,1,251097.60396557886,1000
3,panel_direct_geom_a1000,c3957531,2,21215.730354776933,1000
3,panel_direct_geom_a1000,c3957531,3,188977.37070336714,1000
3,panel_direct_geom_a1000,c3957531,4,336429.45721352776,1000
3,panel_direct_geom_a1000,c3957531,5,15240.572578150222,317
3,panel_direct_raw_gr_a1000,c3957531,0,5513.314983057641,999
3,panel_direct_raw_gr_a1000,c3957531,1,251315.04184544273,1000
3,panel_direct_raw_gr_a1000,c3957531,2,20798.072708678756,1000
3,panel_direct_raw_gr_a1000,c3957531,3,191587.88164497883,1000
3,panel_direct_raw_gr_a1000,c3957531,4,338473.4972899574,1000
3,panel_direct_raw_gr_a1000,c3957531,5,15004.594491671354,317
3,panel_direct_phase_a100,c3957531,0,24809.014872265543,999
3,panel_direct_phase_a100,c3957531,1,325390.94336405344,1000
3,panel_direct_phase_a100,c3957531,2,44129.285612044325,1000
3,panel_direct_phase_a100,c3957531,3,132641.34643349232,1000
3,panel_direct_phase_a100,c3957531,4,293154.72114680416,1000
3,panel_direct_phase_a100,c3957531,5,14576.707551832513,317
3,panel_direct_phase_a1000,c3957531,0,5752.081209929198,999
3,panel_direct_phase_a1000,c3957531,1,250611.0734689674,1000
3,panel_direct_phase_a1000,c3957531,2,20180.249770905706,1000
3,panel_direct_phase_a1000,c3957531,3,189269.93273434133,1000
3,panel_direct_phase_a1000,c3957531,4,340547.2130838539,1000
3,panel_direct_phase_a1000,c3957531,5,15689.088139986849,317
3,panel_direct_phase_a10000,c3957531,0,6384.510958325101,999
3,panel_direct_phase_a10000,c3957531,1,265647.6840150237,1000
3,panel_direct_phase_a10000,c3957531,2,23510.852858337188,1000
3,panel_direct_phase_a10000,c3957531,3,184647.5238940191,1000
3,panel_direct_phase_a10000,c3957531,4,331561.12672050076,1000
3,panel_direct_phase_a10000,c3957531,5,15081.189810221718,317
3,panel_direct_geom_a1000,ae0784a8,0,62451.849594543986,999
3,panel_direct_geom_a1000,ae0784a8,1,30081.834458938458,1000
3,panel_direct_geom_a1000,ae0784a8,2,50093.88038489025,1000
3,panel_direct_geom_a1000,ae0784a8,3,31857.80430326167,1000
3,panel_direct_geom_a1000,ae0784a8,4,7203.30968718298,1000
3,panel_direct_geom_a1000,ae0784a8,5,17596.648198358856,1000
3,panel_direct_geom_a1000,ae0784a8,6,316847.8587001374,1000
3,panel_direct_geom_a1000,ae0784a8,7,296804.56594595494,824
3,panel_direct_raw_gr_a1000,ae0784a8,0,62668.70213820695,999
3,panel_direct_raw_gr_a1000,ae0784a8,1,30162.551192102736,1000
3,panel_direct_raw_gr_a1000,ae0784a8,2,50734.287860076525,1000
3,panel_direct_raw_gr_a1000,ae0784a8,3,32531.76629463931,1000
3,panel_direct_raw_gr_a1000,ae0784a8,4,7134.845238964799,1000
3,panel_direct_raw_gr_a1000,ae0784a8,5,17409.958941275505,1000
3,panel_direct_raw_gr_a1000,ae0784a8,6,315734.50440995226,1000
3,panel_direct_raw_gr_a1000,ae0784a8,7,295002.5059009001,824
3,panel_direct_phase_a100,ae0784a8,0,33876.47627570967,999
3,panel_direct_phase_a100,ae0784a8,1,11051.630167106387,1000
3,panel_direct_phase_a100,ae0784a8,2,21679.041903888836,1000
3,panel_direct_phase_a100,ae0784a8,3,9803.300869851046,1000
3,panel_direct_phase_a100,ae0784a8,4,3896.073617615251,1000
3,panel_direct_phase_a100,ae0784a8,5,8333.481606172558,1000
3,panel_direct_phase_a100,ae0784a8,6,241875.83583490402,1000
3,panel_direct_phase_a100,ae0784a8,7,294854.3780875439,824
3,panel_direct_phase_a1000,ae0784a8,0,59292.53739470153,999
3,panel_direct_phase_a1000,ae0784a8,1,24357.606626144952,1000
3,panel_direct_phase_a1000,ae0784a8,2,36634.856698581556,1000
3,panel_direct_phase_a1000,ae0784a8,3,20798.109038350813,1000
3,panel_direct_phase_a1000,ae0784a8,4,4383.43262961841,1000
3,panel_direct_phase_a1000,ae0784a8,5,14741.650679491366,1000
3,panel_direct_phase_a1000,ae0784a8,6,304070.79280740675,1000
3,panel_direct_phase_a1000,ae0784a8,7,299439.1169730734,824
3,panel_direct_phase_a10000,ae0784a8,0,79227.01382950487,999
3,panel_direct_phase_a10000,ae0784a8,1,41257.23444413683,1000
3,panel_direct_phase_a10000,ae0784a8,2,60364.44172325389,1000
3,panel_direct_phase_a10000,ae0784a8,3,37533.41534242815,1000
3,panel_direct_phase_a10000,ae0784a8,4,8617.461063483302,1000
3,panel_direct_phase_a10000,ae0784a8,5,19512.9917790885,1000
3,panel_direct_phase_a10000,ae0784a8,6,332796.7896548248,1000
3,panel_direct_phase_a10000,ae0784a8,7,305621.2068916424,824
3,panel_direct_geom_a1000,7d57c75d,0,25536.133614107424,999
3,panel_direct_geom_a1000,7d57c75d,1,21815.71355315149,1000
3,panel_direct_geom_a1000,7d57c75d,2,5240.68279563788,1000
3,panel_direct_geom_a1000,7d57c75d,3,318435.06032015133,1000
3,panel_direct_geom_a1000,7d57c75d,4,420394.2088764433,406
3,panel_direct_raw_gr_a1000,7d57c75d,0,25364.365652232078,999
3,panel_direct_raw_gr_a1000,7d57c75d,1,21678.826021026296,1000
3,panel_direct_raw_gr_a1000,7d57c75d,2,5317.604758040815,1000
3,panel_direct_raw_gr_a1000,7d57c75d,3,315144.18461994233,1000
3,panel_direct_raw_gr_a1000,7d57c75d,4,415935.1553247501,406
3,panel_direct_phase_a100,7d57c75d,0,14968.83128202973,999
3,panel_direct_phase_a100,7d57c75d,1,19178.13854768748,1000
3,panel_direct_phase_a100,7d57c75d,2,6109.134930432685,1000
3,panel_direct_phase_a100,7d57c75d,3,326932.29107744695,1000
3,panel_direct_phase_a100,7d57c75d,4,433078.39513934584,406
3,panel_direct_phase_a1000,7d57c75d,0,34837.93310311524,999
3,panel_direct_phase_a1000,7d57c75d,1,25881.127851014422,1000
3,panel_direct_phase_a1000,7d57c75d,2,6188.661682070981,1000
3,panel_direct_phase_a1000,7d57c75d,3,349008.16214828705,1000
3,panel_direct_phase_a1000,7d57c75d,4,451117.0753667162,406
3,panel_direct_phase_a10000,7d57c75d,0,41449.700955995424,999
3,panel_direct_phase_a10000,7d57c75d,1,30945.963024716744,1000
3,panel_direct_phase_a10000,7d57c75d,2,8292.306836324791,1000
3,panel_direct_phase_a10000,7d57c75d,3,352701.71844370576,1000
3,panel_direct_phase_a10000,7d57c75d,4,448901.6943865563,406
3,panel_direct_geom_a1000,e748dd88,0,22040.4766935288,999
3,panel_direct_geom_a1000,e748dd88,1,4468.647465766814,1000
3,panel_direct_geom_a1000,e748dd88,2,5022.873940691744,1000
3,panel_direct_geom_a1000,e748dd88,3,3661.638860188229,1000
3,panel_direct_geom_a1000,e748dd88,4,70194.33397059595,813
3,panel_direct_raw_gr_a1000,e748dd88,0,22342.931648187252,999
3,panel_direct_raw_gr_a1000,e748dd88,1,4727.314958249367,1000
3,panel_direct_raw_gr_a1000,e748dd88,2,4730.314530388705,1000
3,panel_direct_raw_gr_a1000,e748dd88,3,4417.351929424739,1000
3,panel_direct_raw_gr_a1000,e748dd88,4,72861.53891738542,813
3,panel_direct_phase_a100,e748dd88,0,12910.516269515247,999
3,panel_direct_phase_a100,e748dd88,1,6441.145975755075,1000
3,panel_direct_phase_a100,e748dd88,2,9181.214637612351,1000
3,panel_direct_phase_a100,e748dd88,3,2496.311376701816,1000
3,panel_direct_phase_a100,e748dd88,4,56950.41284783655,813
3,panel_direct_phase_a1000,e748dd88,0,20193.90454486753,999
3,panel_direct_phase_a1000,e748dd88,1,4406.111738866777,1000
3,panel_direct_phase_a1000,e748dd88,2,4601.075743150144,1000
3,panel_direct_phase_a1000,e748dd88,3,3865.6663269039027,1000
3,panel_direct_phase_a1000,e748dd88,4,71508.6692173929,813
3,panel_direct_phase_a10000,e748dd88,0,30396.81433040719,999
3,panel_direct_phase_a10000,e748dd88,1,7029.500693649821,1000
3,panel_direct_phase_a10000,e748dd88,2,7377.83938328346,1000
3,panel_direct_phase_a10000,e748dd88,3,2819.9529728918114,1000
3,panel_direct_phase_a10000,e748dd88,4,66747.17969793761,813
3,panel_direct_geom_a1000,aaeffccb,0,19511.13124955917,999
3,panel_direct_geom_a1000,aaeffccb,1,32199.646784343196,1000
3,panel_direct_geom_a1000,aaeffccb,2,8069.625619965321,713
3,panel_direct_raw_gr_a1000,aaeffccb,0,19609.029078743457,999
3,panel_direct_raw_gr_a1000,aaeffccb,1,31994.387082069854,1000
3,panel_direct_raw_gr_a1000,aaeffccb,2,8388.572068760821,713
3,panel_direct_phase_a100,aaeffccb,0,31969.839469216466,999
3,panel_direct_phase_a100,aaeffccb,1,5232.115282303829,1000
3,panel_direct_phase_a100,aaeffccb,2,18208.528810919855,713
3,panel_direct_phase_a1000,aaeffccb,0,19030.267907387133,999
3,panel_direct_phase_a1000,aaeffccb,1,27288.760396590456,1000
3,panel_direct_phase_a1000,aaeffccb,2,8121.403759576631,713
3,panel_direct_phase_a10000,aaeffccb,0,21589.931275698338,999
3,panel_direct_phase_a10000,aaeffccb,1,32142.526637680734,1000
3,panel_direct_phase_a10000,aaeffccb,2,8351.814392575054,713
3,panel_direct_geom_a1000,c07fd0cd,0,262.2636183443379,999
3,panel_direct_geom_a1000,c07fd0cd,1,59749.083410321306,1000
3,panel_direct_geom_a1000,c07fd0cd,2,14976.861218833117,1000
3,panel_direct_geom_a1000,c07fd0cd,3,6084.400842502002,1000
3,panel_direct_geom_a1000,c07fd0cd,4,4642.81594601247,192
3,panel_direct_raw_gr_a1000,c07fd0cd,0,266.9401757574492,999
3,panel_direct_raw_gr_a1000,c07fd0cd,1,59696.07776541851,1000
3,panel_direct_raw_gr_a1000,c07fd0cd,2,14388.825361810621,1000
3,panel_direct_raw_gr_a1000,c07fd0cd,3,6635.494512933628,1000
3,panel_direct_raw_gr_a1000,c07fd0cd,4,5049.563857228979,192
3,panel_direct_phase_a100,c07fd0cd,0,1391.7903085476796,999
3,panel_direct_phase_a100,c07fd0cd,1,76153.31281770687,1000
3,panel_direct_phase_a100,c07fd0cd,2,23391.788186102658,1000
3,panel_direct_phase_a100,c07fd0cd,3,8194.705716758479,1000
3,panel_direct_phase_a100,c07fd0cd,4,7090.887395765214,192
3,panel_direct_phase_a1000,c07fd0cd,0,384.6916168709604,999
3,panel_direct_phase_a1000,c07fd0cd,1,68067.00971883435,1000
3,panel_direct_phase_a1000,c07fd0cd,2,16631.428172082906,1000
3,panel_direct_phase_a1000,c07fd0cd,3,6939.249282679538,1000
3,panel_direct_phase_a1000,c07fd0cd,4,5435.454559845691,192
3,panel_direct_phase_a10000,c07fd0cd,0,40.352217448316864,999
3,panel_direct_phase_a10000,c07fd0cd,1,50655.06324919515,1000
3,panel_direct_phase_a10000,c07fd0cd,2,10199.15846782916,1000
3,panel_direct_phase_a10000,c07fd0cd,3,8964.381017739177,1000
3,panel_direct_phase_a10000,c07fd0cd,4,5819.28367534348,192
3,panel_direct_geom_a1000,8bfa881d,0,11024.505501341142,999
3,panel_direct_geom_a1000,8bfa881d,1,143750.0290026274,1000
3,panel_direct_geom_a1000,8bfa881d,2,529932.2678051398,1000
3,panel_direct_geom_a1000,8bfa881d,3,1699066.3478737285,1000
3,panel_direct_geom_a1000,8bfa881d,4,253363.19871384508,90
3,panel_direct_raw_gr_a1000,8bfa881d,0,11206.578843041658,999
3,panel_direct_raw_gr_a1000,8bfa881d,1,143858.94217305334,1000
3,panel_direct_raw_gr_a1000,8bfa881d,2,528928.744488816,1000
3,panel_direct_raw_gr_a1000,8bfa881d,3,1693148.737951599,1000
3,panel_direct_raw_gr_a1000,8bfa881d,4,249050.22749603432,90
3,panel_direct_phase_a100,8bfa881d,0,5549.610207957151,999
3,panel_direct_phase_a100,8bfa881d,1,114764.87342027573,1000
3,panel_direct_phase_a100,8bfa881d,2,504507.6985520885,1000
3,panel_direct_phase_a100,8bfa881d,3,1548097.2324485707,1000
3,panel_direct_phase_a100,8bfa881d,4,190433.72412086514,90
3,panel_direct_phase_a1000,8bfa881d,0,10600.770418307293,999
3,panel_direct_phase_a1000,8bfa881d,1,155257.6270644353,1000
3,panel_direct_phase_a1000,8bfa881d,2,561355.5726606945,1000
3,panel_direct_phase_a1000,8bfa881d,3,1686466.392661924,1000
3,panel_direct_phase_a1000,8bfa881d,4,229162.55742251457,90
3,panel_direct_phase_a10000,8bfa881d,0,10628.012569946248,999
3,panel_direct_phase_a10000,8bfa881d,1,135823.03572384568,1000
3,panel_direct_phase_a10000,8bfa881d,2,518103.64448945026,1000
3,panel_direct_phase_a10000,8bfa881d,3,1669410.2345029416,1000
3,panel_direct_phase_a10000,8bfa881d,4,245010.2790547297,90
3,panel_direct_geom_a1000,d1ee630d,0,55828.788445587976,999
3,panel_direct_geom_a1000,d1ee630d,1,184003.41050655628,1000
3,panel_direct_geom_a1000,d1ee630d,2,200918.98155600353,1000
3,panel_direct_geom_a1000,d1ee630d,3,122538.07323316665,1000
3,panel_direct_geom_a1000,d1ee630d,4,105298.76028110908,1000
3,panel_direct_geom_a1000,d1ee630d,5,75264.58022173868,1000
3,panel_direct_geom_a1000,d1ee630d,6,18942.73189177509,291
3,panel_direct_raw_gr_a1000,d1ee630d,0,55403.88979502068,999
3,panel_direct_raw_gr_a1000,d1ee630d,1,183786.42427810328,1000
3,panel_direct_raw_gr_a1000,d1ee630d,2,202422.07971753887,1000
3,panel_direct_raw_gr_a1000,d1ee630d,3,124129.26815695831,1000
3,panel_direct_raw_gr_a1000,d1ee630d,4,106820.51501589999,1000
3,panel_direct_raw_gr_a1000,d1ee630d,5,75133.53454454265,1000
3,panel_direct_raw_gr_a1000,d1ee630d,6,19023.679258914126,291
3,panel_direct_phase_a100,d1ee630d,0,18811.568919873054,999
3,panel_direct_phase_a100,d1ee630d,1,154816.29408175647,1000
3,panel_direct_phase_a100,d1ee630d,2,185314.79693050918,1000
3,panel_direct_phase_a100,d1ee630d,3,140060.86277140805,1000
3,panel_direct_phase_a100,d1ee630d,4,115841.49219392132,1000
3,panel_direct_phase_a100,d1ee630d,5,73202.46256242621,1000
3,panel_direct_phase_a100,d1ee630d,6,27541.05037132156,291
3,panel_direct_phase_a1000,d1ee630d,0,48332.13372133717,999
3,panel_direct_phase_a1000,d1ee630d,1,191233.4695439502,1000
3,panel_direct_phase_a1000,d1ee630d,2,228189.04994991687,1000
3,panel_direct_phase_a1000,d1ee630d,3,157296.30110012743,1000
3,panel_direct_phase_a1000,d1ee630d,4,130428.13952216895,1000
3,panel_direct_phase_a1000,d1ee630d,5,81146.57121826118,1000
3,panel_direct_phase_a1000,d1ee630d,6,22520.945534663337,291
3,panel_direct_phase_a10000,d1ee630d,0,72685.16886549053,999
3,panel_direct_phase_a10000,d1ee630d,1,217022.29158136575,1000
3,panel_direct_phase_a10000,d1ee630d,2,239990.18970605527,1000
3,panel_direct_phase_a10000,d1ee630d,3,150445.8669920177,1000
3,panel_direct_phase_a10000,d1ee630d,4,124016.03417700586,1000
3,panel_direct_phase_a10000,d1ee630d,5,84347.02401230477,1000
3,panel_direct_phase_a10000,d1ee630d,6,22738.02197750469,291
3,panel_direct_geom_a1000,01869cd4,0,128412.24162070054,999
3,panel_direct_geom_a1000,01869cd4,1,27809.297508838885,1000
3,panel_direct_geom_a1000,01869cd4,2,69020.70172932214,1000
3,panel_direct_geom_a1000,01869cd4,3,167439.24295968757,1000
3,panel_direct_geom_a1000,01869cd4,4,165373.941781316,1000
3,panel_direct_geom_a1000,01869cd4,5,34062.800501799466,558
3,panel_direct_raw_gr_a1000,01869cd4,0,128657.7974298576,999
3,panel_direct_raw_gr_a1000,01869cd4,1,29030.134796746806,1000
3,panel_direct_raw_gr_a1000,01869cd4,2,71308.62436861552,1000
3,panel_direct_raw_gr_a1000,01869cd4,3,168065.5550033773,1000
3,panel_direct_raw_gr_a1000,01869cd4,4,168552.79549627507,1000
3,panel_direct_raw_gr_a1000,01869cd4,5,32813.31206871058,558
3,panel_direct_phase_a100,01869cd4,0,72865.46523291008,999
3,panel_direct_phase_a100,01869cd4,1,22784.33734741459,1000
3,panel_direct_phase_a100,01869cd4,2,156473.72419332142,1000
3,panel_direct_phase_a100,01869cd4,3,263715.6978936558,1000
3,panel_direct_phase_a100,01869cd4,4,212434.02298951006,1000
3,panel_direct_phase_a100,01869cd4,5,40661.75725308877,558
3,panel_direct_phase_a1000,01869cd4,0,114339.47327116814,999
3,panel_direct_phase_a1000,01869cd4,1,25069.67753504046,1000
3,panel_direct_phase_a1000,01869cd4,2,115548.67999358887,1000
3,panel_direct_phase_a1000,01869cd4,3,211853.2741318707,1000
3,panel_direct_phase_a1000,01869cd4,4,177933.4883850182,1000
3,panel_direct_phase_a1000,01869cd4,5,35573.27544640836,558
3,panel_direct_phase_a10000,01869cd4,0,120354.6318739801,999
3,panel_direct_phase_a10000,01869cd4,1,22668.093994802915,1000
3,panel_direct_phase_a10000,01869cd4,2,89294.01057474525,1000
3,panel_direct_phase_a10000,01869cd4,3,189353.49613754536,1000
3,panel_direct_phase_a10000,01869cd4,4,175911.30171336417,1000
3,panel_direct_phase_a10000,01869cd4,5,35528.98529981119,558
3,panel_direct_geom_a1000,20402d71,0,183538.55533299063,999
3,panel_direct_geom_a1000,20402d71,1,165906.45643330022,1000
3,panel_direct_geom_a1000,20402d71,2,26275.423058729313,1000
3,panel_direct_geom_a1000,20402d71,3,71982.09773541584,1000
3,panel_direct_geom_a1000,20402d71,4,195258.11171834945,1000
3,panel_direct_geom_a1000,20402d71,5,80944.03305530526,1000
3,panel_direct_geom_a1000,20402d71,6,54426.92185518216,373
3,panel_direct_raw_gr_a1000,20402d71,0,183362.1794306322,999
3,panel_direct_raw_gr_a1000,20402d71,1,166237.00666880477,1000
3,panel_direct_raw_gr_a1000,20402d71,2,27828.36886362243,1000
3,panel_direct_raw_gr_a1000,20402d71,3,72244.45269479032,1000
3,panel_direct_raw_gr_a1000,20402d71,4,194531.1365606361,1000
3,panel_direct_raw_gr_a1000,20402d71,5,80554.2327130515,1000
3,panel_direct_raw_gr_a1000,20402d71,6,54480.39306999973,373
3,panel_direct_phase_a100,20402d71,0,140813.1807677855,999
3,panel_direct_phase_a100,20402d71,1,164174.22461042725,1000
3,panel_direct_phase_a100,20402d71,2,24306.640979186985,1000
3,panel_direct_phase_a100,20402d71,3,94656.80252295986,1000
3,panel_direct_phase_a100,20402d71,4,238709.46770822164,1000
3,panel_direct_phase_a100,20402d71,5,97606.3992204438,1000
3,panel_direct_phase_a100,20402d71,6,39446.0944029522,373
3,panel_direct_phase_a1000,20402d71,0,166832.05668557744,999
3,panel_direct_phase_a1000,20402d71,1,147291.29841241325,1000
3,panel_direct_phase_a1000,20402d71,2,12873.88467248619,1000
3,panel_direct_phase_a1000,20402d71,3,61184.002378911435,1000
3,panel_direct_phase_a1000,20402d71,4,191518.75646645323,1000
3,panel_direct_phase_a1000,20402d71,5,84199.67972838799,1000
3,panel_direct_phase_a1000,20402d71,6,49811.17731529373,373
3,panel_direct_phase_a10000,20402d71,0,199147.24017576157,999
3,panel_direct_phase_a10000,20402d71,1,173835.61907573603,1000
3,panel_direct_phase_a10000,20402d71,2,25189.92239286446,1000
3,panel_direct_phase_a10000,20402d71,3,73060.21449034514,1000
3,panel_direct_phase_a10000,20402d71,4,197768.656294488,1000
3,panel_direct_phase_a10000,20402d71,5,84667.17781157485,1000
3,panel_direct_phase_a10000,20402d71,6,57934.44610668606,373
3,panel_direct_geom_a1000,bd8f847e,0,25840.849290144022,999
3,panel_direct_geom_a1000,bd8f847e,1,67453.74319799965,1000
3,panel_direct_geom_a1000,bd8f847e,2,2211.5382501549716,1000
3,panel_direct_geom_a1000,bd8f847e,3,56536.85130168575,1000
3,panel_direct_geom_a1000,bd8f847e,4,113980.73909347318,962
3,panel_direct_raw_gr_a1000,bd8f847e,0,26027.154289287315,999
3,panel_direct_raw_gr_a1000,bd8f847e,1,67845.77800995085,1000
3,panel_direct_raw_gr_a1000,bd8f847e,2,2264.9249925459403,1000
3,panel_direct_raw_gr_a1000,bd8f847e,3,55688.679100786736,1000
3,panel_direct_raw_gr_a1000,bd8f847e,4,116940.97633840563,962
3,panel_direct_phase_a100,bd8f847e,0,46478.52553961434,999
3,panel_direct_phase_a100,bd8f847e,1,135184.37188936296,1000
3,panel_direct_phase_a100,bd8f847e,2,13231.63856353087,1000
3,panel_direct_phase_a100,bd8f847e,3,17397.71011284329,1000
3,panel_direct_phase_a100,bd8f847e,4,110431.02570595649,962
3,panel_direct_phase_a1000,bd8f847e,0,25643.39671607086,999
3,panel_direct_phase_a1000,bd8f847e,1,73200.06972422755,1000
3,panel_direct_phase_a1000,bd8f847e,2,2303.2126036726795,1000
3,panel_direct_phase_a1000,bd8f847e,3,46541.93660235719,1000
3,panel_direct_phase_a1000,bd8f847e,4,133031.8631747807,962
3,panel_direct_phase_a10000,bd8f847e,0,17702.44183569833,999
3,panel_direct_phase_a10000,bd8f847e,1,47530.02346913369,1000
3,panel_direct_phase_a10000,bd8f847e,2,3805.808586250439,1000
3,panel_direct_phase_a10000,bd8f847e,3,69293.8835192669,1000
3,panel_direct_phase_a10000,bd8f847e,4,132745.50609100296,962
3,panel_direct_geom_a1000,a2e8e7f6,0,91936.76033799068,999
3,panel_direct_geom_a1000,a2e8e7f6,1,224222.7182296081,1000
3,panel_direct_geom_a1000,a2e8e7f6,2,37530.75896897607,1000
3,panel_direct_geom_a1000,a2e8e7f6,3,17448.18479327033,1000
3,panel_direct_geom_a1000,a2e8e7f6,4,184643.52098762893,761
3,panel_direct_raw_gr_a1000,a2e8e7f6,0,91093.10732411491,999
3,panel_direct_raw_gr_a1000,a2e8e7f6,1,222346.67788259717,1000
3,panel_direct_raw_gr_a1000,a2e8e7f6,2,38519.37280656622,1000
3,panel_direct_raw_gr_a1000,a2e8e7f6,3,15851.220421426546,1000
3,panel_direct_raw_gr_a1000,a2e8e7f6,4,181526.72837734767,761
3,panel_direct_phase_a100,a2e8e7f6,0,90670.90454966197,999
3,panel_direct_phase_a100,a2e8e7f6,1,182983.0466747963,1000
3,panel_direct_phase_a100,a2e8e7f6,2,25333.96270780029,1000
3,panel_direct_phase_a100,a2e8e7f6,3,9847.89315732632,1000
3,panel_direct_phase_a100,a2e8e7f6,4,149801.1516469525,761
3,panel_direct_phase_a1000,a2e8e7f6,0,112311.09552974312,999
3,panel_direct_phase_a1000,a2e8e7f6,1,228761.56566182888,1000
3,panel_direct_phase_a1000,a2e8e7f6,2,35170.61329796021,1000
3,panel_direct_phase_a1000,a2e8e7f6,3,9955.411335486438,1000
3,panel_direct_phase_a1000,a2e8e7f6,4,161493.1054911794,761
3,panel_direct_phase_a10000,a2e8e7f6,0,92413.01692967798,999
3,panel_direct_phase_a10000,a2e8e7f6,1,216755.73296065824,1000
3,panel_direct_phase_a10000,a2e8e7f6,2,34833.728759374055,1000
3,panel_direct_phase_a10000,a2e8e7f6,3,17934.509542261396,1000
3,panel_direct_phase_a10000,a2e8e7f6,4,186272.83228328222,761
3,panel_direct_geom_a1000,a783cc24,0,168580.29090193985,999
3,panel_direct_geom_a1000,a783cc24,1,1195128.7494795197,890
3,panel_direct_raw_gr_a1000,a783cc24,0,168235.09161313376,999
3,panel_direct_raw_gr_a1000,a783cc24,1,1194186.1315105828,890
3,panel_direct_phase_a100,a783cc24,0,102059.06631515977,999
3,panel_direct_phase_a100,a783cc24,1,895389.739327265,890
3,panel_direct_phase_a1000,a783cc24,0,162170.08711505384,999
3,panel_direct_phase_a1000,a783cc24,1,1164241.3447638908,890
3,panel_direct_phase_a10000,a783cc24,0,167286.78649969428,999
3,panel_direct_phase_a10000,a783cc24,1,1195113.8236782064,890
3,panel_direct_geom_a1000,70e1788b,0,61459.79585117015,999
3,panel_direct_geom_a1000,70e1788b,1,89583.3691696868,1000
3,panel_direct_geom_a1000,70e1788b,2,28551.298795981555,1000
3,panel_direct_geom_a1000,70e1788b,3,54006.61762833736,1000
3,panel_direct_geom_a1000,70e1788b,4,24675.12553087847,1000
3,panel_direct_geom_a1000,70e1788b,5,2993.8247019796117,1000
3,panel_direct_geom_a1000,70e1788b,6,12740.996103909738,1000
3,panel_direct_geom_a1000,70e1788b,7,57267.86684570917,1000
3,panel_direct_geom_a1000,70e1788b,8,55866.871302828906,1000
3,panel_direct_geom_a1000,70e1788b,9,36313.76504061528,286
3,panel_direct_raw_gr_a1000,70e1788b,0,62381.81045979391,999
3,panel_direct_raw_gr_a1000,70e1788b,1,91457.89291149769,1000
3,panel_direct_raw_gr_a1000,70e1788b,2,27567.542162151945,1000
3,panel_direct_raw_gr_a1000,70e1788b,3,49732.308247590605,1000
3,panel_direct_raw_gr_a1000,70e1788b,4,21468.64971356917,1000
3,panel_direct_raw_gr_a1000,70e1788b,5,3191.069120163407,1000
3,panel_direct_raw_gr_a1000,70e1788b,6,13094.243640700317,1000
3,panel_direct_raw_gr_a1000,70e1788b,7,54898.34857930725,1000
3,panel_direct_raw_gr_a1000,70e1788b,8,54309.008866421354,1000
3,panel_direct_raw_gr_a1000,70e1788b,9,37068.491842130905,286
3,panel_direct_phase_a100,70e1788b,0,53309.747098210646,999
3,panel_direct_phase_a100,70e1788b,1,112124.45305863218,1000
3,panel_direct_phase_a100,70e1788b,2,23413.13459437537,1000
3,panel_direct_phase_a100,70e1788b,3,43717.98406058834,1000
3,panel_direct_phase_a100,70e1788b,4,26253.667368421848,1000
3,panel_direct_phase_a100,70e1788b,5,6942.576270774293,1000
3,panel_direct_phase_a100,70e1788b,6,35107.06331301013,1000
3,panel_direct_phase_a100,70e1788b,7,9916.560674081047,1000
3,panel_direct_phase_a100,70e1788b,8,14462.346451553127,1000
3,panel_direct_phase_a100,70e1788b,9,73645.46026980557,286
3,panel_direct_phase_a1000,70e1788b,0,58789.928073897914,999
3,panel_direct_phase_a1000,70e1788b,1,86685.07306370094,1000
3,panel_direct_phase_a1000,70e1788b,2,28751.376413381004,1000
3,panel_direct_phase_a1000,70e1788b,3,43240.73987285154,1000
3,panel_direct_phase_a1000,70e1788b,4,19297.399523132983,1000
3,panel_direct_phase_a1000,70e1788b,5,3381.437092834234,1000
3,panel_direct_phase_a1000,70e1788b,6,14842.786972643316,1000
3,panel_direct_phase_a1000,70e1788b,7,47302.91763408216,1000
3,panel_direct_phase_a1000,70e1788b,8,48055.38462190891,1000
3,panel_direct_phase_a1000,70e1788b,9,40391.021228989506,286
3,panel_direct_phase_a10000,70e1788b,0,70752.35236244416,999
3,panel_direct_phase_a10000,70e1788b,1,97941.15382636427,1000
3,panel_direct_phase_a10000,70e1788b,2,28185.34118568999,1000
3,panel_direct_phase_a10000,70e1788b,3,56352.55816381904,1000
3,panel_direct_phase_a10000,70e1788b,4,25819.927731761974,1000
3,panel_direct_phase_a10000,70e1788b,5,3931.561647037273,1000
3,panel_direct_phase_a10000,70e1788b,6,11698.991444798894,1000
3,panel_direct_phase_a10000,70e1788b,7,58785.61319737746,1000
3,panel_direct_phase_a10000,70e1788b,8,55744.2097688563,1000
3,panel_direct_phase_a10000,70e1788b,9,36371.65045582086,286
3,panel_direct_geom_a1000,203721ab,0,22816.934080964787,999
3,panel_direct_geom_a1000,203721ab,1,155970.5751100404,1000
3,panel_direct_geom_a1000,203721ab,2,244684.68287685234,1000
3,panel_direct_geom_a1000,203721ab,3,125474.30858134363,1000
3,panel_direct_geom_a1000,203721ab,4,31416.66728455582,1000
3,panel_direct_geom_a1000,203721ab,5,800.3658349173005,731
3,panel_direct_raw_gr_a1000,203721ab,0,22753.902332652502,999
3,panel_direct_raw_gr_a1000,203721ab,1,156137.18841196524,1000
3,panel_direct_raw_gr_a1000,203721ab,2,245579.86708053635,1000
3,panel_direct_raw_gr_a1000,203721ab,3,126781.60329918601,1000
3,panel_direct_raw_gr_a1000,203721ab,4,32258.41049749001,1000
3,panel_direct_raw_gr_a1000,203721ab,5,788.5395475536307,731
3,panel_direct_phase_a100,203721ab,0,57405.281805672406,999
3,panel_direct_phase_a100,203721ab,1,65750.74144696165,1000
3,panel_direct_phase_a100,203721ab,2,120306.54041654892,1000
3,panel_direct_phase_a100,203721ab,3,81173.60328003838,1000
3,panel_direct_phase_a100,203721ab,4,24410.452456171715,1000
3,panel_direct_phase_a100,203721ab,5,2526.913497738781,731
3,panel_direct_phase_a1000,203721ab,0,27071.797111993088,999
3,panel_direct_phase_a1000,203721ab,1,144638.20156899848,1000
3,panel_direct_phase_a1000,203721ab,2,227075.01711048058,1000
3,panel_direct_phase_a1000,203721ab,3,130625.84554164257,1000
3,panel_direct_phase_a1000,203721ab,4,36752.18490660797,1000
3,panel_direct_phase_a1000,203721ab,5,1407.64603591354,731
3,panel_direct_phase_a10000,203721ab,0,24365.783469167116,999
3,panel_direct_phase_a10000,203721ab,1,161490.30894609832,1000
3,panel_direct_phase_a10000,203721ab,2,243784.3255524971,1000
3,panel_direct_phase_a10000,203721ab,3,124774.4618157897,1000
3,panel_direct_phase_a10000,203721ab,4,31290.885547356418,1000
3,panel_direct_phase_a10000,203721ab,5,853.9592803370937,731
3,panel_direct_geom_a1000,d84b621b,0,293256.04233737,999
3,panel_direct_geom_a1000,d84b621b,1,555374.1261061997,1000
3,panel_direct_geom_a1000,d84b621b,2,453009.07714580843,1000
3,panel_direct_geom_a1000,d84b621b,3,352625.2831662947,995
3,panel_direct_raw_gr_a1000,d84b621b,0,294039.72910425015,999
3,panel_direct_raw_gr_a1000,d84b621b,1,556522.8174089536,1000
3,panel_direct_raw_gr_a1000,d84b621b,2,447461.2150530065,1000
3,panel_direct_raw_gr_a1000,d84b621b,3,350457.27584061056,995
3,panel_direct_phase_a100,d84b621b,0,114632.94148566539,999
3,panel_direct_phase_a100,d84b621b,1,369256.83295051847,1000
3,panel_direct_phase_a100,d84b621b,2,337295.2993331638,1000
3,panel_direct_phase_a100,d84b621b,3,277004.94953853486,995
3,panel_direct_phase_a1000,d84b621b,0,254891.81636906083,999
3,panel_direct_phase_a1000,d84b621b,1,505277.7560586136,1000
3,panel_direct_phase_a1000,d84b621b,2,407424.30564890977,1000
3,panel_direct_phase_a1000,d84b621b,3,302402.74943412014,995
3,panel_direct_phase_a10000,d84b621b,0,338651.07262981427,999
3,panel_direct_phase_a10000,d84b621b,1,598265.7557762713,1000
3,panel_direct_phase_a10000,d84b621b,2,478906.40689076454,1000
3,panel_direct_phase_a10000,d84b621b,3,360535.6259711297,995
3,panel_direct_geom_a1000,da3cf798,0,102381.63720450319,999
3,panel_direct_geom_a1000,da3cf798,1,245155.24499071395,1000
3,panel_direct_geom_a1000,da3cf798,2,253957.5677962644,1000
3,panel_direct_geom_a1000,da3cf798,3,523832.2577117511,1000
3,panel_direct_geom_a1000,da3cf798,4,288121.1897309151,1000
3,panel_direct_geom_a1000,da3cf798,5,390579.52231722785,845
3,panel_direct_raw_gr_a1000,da3cf798,0,102337.26349226033,999
3,panel_direct_raw_gr_a1000,da3cf798,1,245234.34919280178,1000
3,panel_direct_raw_gr_a1000,da3cf798,2,254128.94360658198,1000
3,panel_direct_raw_gr_a1000,da3cf798,3,524598.3570710439,1000
3,panel_direct_raw_gr_a1000,da3cf798,4,288779.0937331892,1000
3,panel_direct_raw_gr_a1000,da3cf798,5,391823.8726002625,845
3,panel_direct_phase_a100,da3cf798,0,72019.0384405084,999
3,panel_direct_phase_a100,da3cf798,1,218819.02870514177,1000
3,panel_direct_phase_a100,da3cf798,2,243710.51375638816,1000
3,panel_direct_phase_a100,da3cf798,3,489261.482545507,1000
3,panel_direct_phase_a100,da3cf798,4,253919.11829675967,1000
3,panel_direct_phase_a100,da3cf798,5,343531.5494672059,845
3,panel_direct_phase_a1000,da3cf798,0,101206.32621216505,999
3,panel_direct_phase_a1000,da3cf798,1,249689.5694566802,1000
3,panel_direct_phase_a1000,da3cf798,2,250546.41204965377,1000
3,panel_direct_phase_a1000,da3cf798,3,501811.34807955945,1000
3,panel_direct_phase_a1000,da3cf798,4,266189.51441726356,1000
3,panel_direct_phase_a1000,da3cf798,5,363874.07607985893,845
3,panel_direct_phase_a10000,da3cf798,0,99244.31842522428,999
3,panel_direct_phase_a10000,da3cf798,1,230476.4255964959,1000
3,panel_direct_phase_a10000,da3cf798,2,232394.1628068417,1000
3,panel_direct_phase_a10000,da3cf798,3,493643.8394826,1000
3,panel_direct_phase_a10000,da3cf798,4,273021.7129089457,1000
3,panel_direct_phase_a10000,da3cf798,5,376024.542491489,845
3,panel_direct_geom_a1000,884ecb5f,0,491180.4488454336,999
3,panel_direct_geom_a1000,884ecb5f,1,727908.0065908078,1000
3,panel_direct_geom_a1000,884ecb5f,2,344175.61671393673,1000
3,panel_direct_geom_a1000,884ecb5f,3,525971.1588406711,1000
3,panel_direct_geom_a1000,884ecb5f,4,205082.31404498496,1000
3,panel_direct_geom_a1000,884ecb5f,5,71137.75861906841,1000
3,panel_direct_geom_a1000,884ecb5f,6,50149.62853470827,725
3,panel_direct_raw_gr_a1000,884ecb5f,0,490732.3116254993,999
3,panel_direct_raw_gr_a1000,884ecb5f,1,727260.344193282,1000
3,panel_direct_raw_gr_a1000,884ecb5f,2,342973.8368708678,1000
3,panel_direct_raw_gr_a1000,884ecb5f,3,524472.1249624876,1000
3,panel_direct_raw_gr_a1000,884ecb5f,4,202782.16658585976,1000
3,panel_direct_raw_gr_a1000,884ecb5f,5,71606.60279786144,1000
3,panel_direct_raw_gr_a1000,884ecb5f,6,49528.044060439475,725
3,panel_direct_phase_a100,884ecb5f,0,377933.5251887153,999
3,panel_direct_phase_a100,884ecb5f,1,643165.1104591523,1000
3,panel_direct_phase_a100,884ecb5f,2,336643.3291493305,1000
3,panel_direct_phase_a100,884ecb5f,3,450598.8086375138,1000
3,panel_direct_phase_a100,884ecb5f,4,167770.10085118402,1000
3,panel_direct_phase_a100,884ecb5f,5,71612.45308363455,1000
3,panel_direct_phase_a100,884ecb5f,6,35082.074695849544,725
3,panel_direct_phase_a1000,884ecb5f,0,485153.0288195537,999
3,panel_direct_phase_a1000,884ecb5f,1,723859.7637247149,1000
3,panel_direct_phase_a1000,884ecb5f,2,348734.1244415327,1000
3,panel_direct_phase_a1000,884ecb5f,3,502274.47378506727,1000
3,panel_direct_phase_a1000,884ecb5f,4,188407.3837265429,1000
3,panel_direct_phase_a1000,884ecb5f,5,79317.56315840132,1000
3,panel_direct_phase_a1000,884ecb5f,6,52220.04593832922,725
3,panel_direct_phase_a10000,884ecb5f,0,538574.9378599586,999
3,panel_direct_phase_a10000,884ecb5f,1,782057.9301063708,1000
3,panel_direct_phase_a10000,884ecb5f,2,371677.2598795032,1000
3,panel_direct_phase_a10000,884ecb5f,3,551213.1483080907,1000
3,panel_direct_phase_a10000,884ecb5f,4,212626.90341719578,1000
3,panel_direct_phase_a10000,884ecb5f,5,77374.94792506107,1000
3,panel_direct_phase_a10000,884ecb5f,6,57065.000538172,725
3,panel_direct_geom_a1000,8a3da6d1,0,8724.161432174966,999
3,panel_direct_geom_a1000,8a3da6d1,1,44646.318660189056,1000
3,panel_direct_geom_a1000,8a3da6d1,2,244775.00903268193,1000
3,panel_direct_geom_a1000,8a3da6d1,3,86528.03195498482,1000
3,panel_direct_geom_a1000,8a3da6d1,4,101311.1635891269,594
3,panel_direct_raw_gr_a1000,8a3da6d1,0,8853.203104109514,999
3,panel_direct_raw_gr_a1000,8a3da6d1,1,44442.09947279164,1000
3,panel_direct_raw_gr_a1000,8a3da6d1,2,242863.5373376636,1000
3,panel_direct_raw_gr_a1000,8a3da6d1,3,86046.08686775621,1000
3,panel_direct_raw_gr_a1000,8a3da6d1,4,88759.44221598638,594
3,panel_direct_phase_a100,8a3da6d1,0,8733.799991743163,999
3,panel_direct_phase_a100,8a3da6d1,1,42037.564295234086,1000
3,panel_direct_phase_a100,8a3da6d1,2,264792.0676210045,1000
3,panel_direct_phase_a100,8a3da6d1,3,128853.61082083134,1000
3,panel_direct_phase_a100,8a3da6d1,4,149867.01387860376,594
3,panel_direct_phase_a1000,8a3da6d1,0,8589.412777950733,999
3,panel_direct_phase_a1000,8a3da6d1,1,43912.94948898619,1000
3,panel_direct_phase_a1000,8a3da6d1,2,242667.88593209814,1000
3,panel_direct_phase_a1000,8a3da6d1,3,89967.84640370017,1000
3,panel_direct_phase_a1000,8a3da6d1,4,111348.88480758097,594
3,panel_direct_phase_a10000,8a3da6d1,0,10658.849359952179,999
3,panel_direct_phase_a10000,8a3da6d1,1,35263.197532640654,1000
3,panel_direct_phase_a10000,8a3da6d1,2,217363.94766574714,1000
3,panel_direct_phase_a10000,8a3da6d1,3,72593.78580792088,1000
3,panel_direct_phase_a10000,8a3da6d1,4,91224.57639675298,594
