fold,model,well,bucket_kft,sse,n
4,panel_geom_a100,beda8696,0,4362.5120888941565,999
4,panel_geom_a100,beda8696,1,79476.72960263948,1000
4,panel_geom_a100,beda8696,2,309078.5715618644,1000
4,panel_geom_a100,beda8696,3,1172152.0823386943,1000
4,panel_geom_a100,beda8696,4,3502462.249159513,1000
4,panel_geom_a100,beda8696,5,7886422.811285098,913
4,panel_raw_gr_a100,beda8696,0,4260.070886739457,999
4,panel_raw_gr_a100,beda8696,1,79227.52161816532,1000
4,panel_raw_gr_a100,beda8696,2,308819.5373498403,1000
4,panel_raw_gr_a100,beda8696,3,1170931.2132559319,1000
4,panel_raw_gr_a100,beda8696,4,3500486.260432998,1000
4,panel_raw_gr_a100,beda8696,5,7886345.1234007245,913
4,panel_phase_a10,beda8696,0,3992.2743815125264,999
4,panel_phase_a10,beda8696,1,77972.98736207341,1000
4,panel_phase_a10,beda8696,2,307558.7404101054,1000
4,panel_phase_a10,beda8696,3,1163516.8972197315,1000
4,panel_phase_a10,beda8696,4,3492347.6544699417,1000
4,panel_phase_a10,beda8696,5,7880746.603426862,913
4,panel_phase_a100,beda8696,0,3894.2783038238686,999
4,panel_phase_a100,beda8696,1,71594.15623404224,1000
4,panel_phase_a100,beda8696,2,288977.4215060931,1000
4,panel_phase_a100,beda8696,3,1116407.0974840687,1000
4,panel_phase_a100,beda8696,4,3419591.5389361586,1000
4,panel_phase_a100,beda8696,5,7795510.372766171,913
4,panel_phase_a1000,beda8696,0,3283.99959285579,999
4,panel_phase_a1000,beda8696,1,58986.707664050606,1000
4,panel_phase_a1000,beda8696,2,238293.956940134,1000
4,panel_phase_a1000,beda8696,3,925485.7651761458,1000
4,panel_phase_a1000,beda8696,4,3016527.6193632744,1000
4,panel_phase_a1000,beda8696,5,7576465.746872883,913
4,panel_geom_a100,0dc835f3,0,769.094410424783,999
4,panel_geom_a100,0dc835f3,1,4682.595455158758,1000
4,panel_geom_a100,0dc835f3,2,211749.14571695428,1000
4,panel_geom_a100,0dc835f3,3,1490757.8453200965,1000
4,panel_geom_a100,0dc835f3,4,813722.3789043784,429
4,panel_raw_gr_a100,0dc835f3,0,745.0970989548905,999
4,panel_raw_gr_a100,0dc835f3,1,4671.507010919642,1000
4,panel_raw_gr_a100,0dc835f3,2,211799.39473838912,1000
4,panel_raw_gr_a100,0dc835f3,3,1491048.9562595754,1000
4,panel_raw_gr_a100,0dc835f3,4,814777.7152713324,429
4,panel_phase_a10,0dc835f3,0,974.1901442826058,999
4,panel_phase_a10,0dc835f3,1,7960.654630688666,1000
4,panel_phase_a10,0dc835f3,2,181841.93062137015,1000
4,panel_phase_a10,0dc835f3,3,1397693.4012226802,1000
4,panel_phase_a10,0dc835f3,4,750600.0695525418,429
4,panel_phase_a100,0dc835f3,0,824.0939670478427,999
4,panel_phase_a100,0dc835f3,1,4893.203261949303,1000
4,panel_phase_a100,0dc835f3,2,200614.14079701543,1000
4,panel_phase_a100,0dc835f3,3,1475847.0258673413,1000
4,panel_phase_a100,0dc835f3,4,802331.864580289,429
4,panel_phase_a1000,0dc835f3,0,344.8022020850372,999
4,panel_phase_a1000,0dc835f3,1,4457.716989521257,1000
4,panel_phase_a1000,0dc835f3,2,246868.91946700762,1000
4,panel_phase_a1000,0dc835f3,3,1625468.5289689824,1000
4,panel_phase_a1000,0dc835f3,4,901997.2736548545,429
4,panel_geom_a100,87695469,0,13163.816152205864,999
4,panel_geom_a100,87695469,1,84467.54961905637,1000
4,panel_geom_a100,87695469,2,219448.6727963584,1000
4,panel_geom_a100,87695469,3,103883.20508583286,1000
4,panel_geom_a100,87695469,4,127461.40219651393,1000
4,panel_geom_a100,87695469,5,144530.09813948165,1000
4,panel_geom_a100,87695469,6,15328.282265555816,1000
4,panel_geom_a100,87695469,7,18.61200120278862,4
4,panel_raw_gr_a100,87695469,0,13471.720106165725,999
4,panel_raw_gr_a100,87695469,1,85480.6795405538,1000
4,panel_raw_gr_a100,87695469,2,220941.1014778439,1000
4,panel_raw_gr_a100,87695469,3,105145.15897343913,1000
4,panel_raw_gr_a100,87695469,4,127945.64838274551,1000
4,panel_raw_gr_a100,87695469,5,145027.3455661949,1000
4,panel_raw_gr_a100,87695469,6,15288.992964895764,1000
4,panel_raw_gr_a100,87695469,7,17.978329574087887,4
4,panel_phase_a10,87695469,0,14561.3992503922,999
4,panel_phase_a10,87695469,1,88130.13835595759,1000
4,panel_phase_a10,87695469,2,222263.55462981347,1000
4,panel_phase_a10,87695469,3,102171.5015211679,1000
4,panel_phase_a10,87695469,4,126048.80073625088,1000
4,panel_phase_a10,87695469,5,142146.76823928716,1000
4,panel_phase_a10,87695469,6,16955.624471395673,1000
4,panel_phase_a10,87695469,7,37.046590538923134,4
4,panel_phase_a100,87695469,0,10812.28926841019,999
4,panel_phase_a100,87695469,1,71475.5238468402,1000
4,panel_phase_a100,87695469,2,188589.47941568436,1000
4,panel_phase_a100,87695469,3,83804.68183309156,1000
4,panel_phase_a100,87695469,4,105648.12590409034,1000
4,panel_phase_a100,87695469,5,121187.7102056648,1000
4,panel_phase_a100,87695469,6,17126.10161468967,1000
4,panel_phase_a100,87695469,7,49.1130105200594,4
4,panel_phase_a1000,87695469,0,7757.574632000043,999
4,panel_phase_a1000,87695469,1,62414.48422207893,1000
4,panel_phase_a1000,87695469,2,197533.2898309186,1000
4,panel_phase_a1000,87695469,3,78318.08541733303,1000
4,panel_phase_a1000,87695469,4,88232.78651335377,1000
4,panel_phase_a1000,87695469,5,128731.97863895055,1000
4,panel_phase_a1000,87695469,6,13758.130606408393,1000
4,panel_phase_a1000,87695469,7,1.281324314560368,4
4,panel_geom_a100,7e721392,0,185036.7019179466,999
4,panel_geom_a100,7e721392,1,1325080.3052750565,1000
4,panel_geom_a100,7e721392,2,2622967.665046967,1000
4,panel_geom_a100,7e721392,3,4377037.408006108,1000
4,panel_geom_a100,7e721392,4,6450555.602572246,1000
4,panel_geom_a100,7e721392,5,7035706.118097701,1000
4,panel_geom_a100,7e721392,6,1154459.6991950213,175
4,panel_raw_gr_a100,7e721392,0,184628.5881333677,999
4,panel_raw_gr_a100,7e721392,1,1324352.6187178239,1000
4,panel_raw_gr_a100,7e721392,2,2620711.846538524,1000
4,panel_raw_gr_a100,7e721392,3,4372708.405443603,1000
4,panel_raw_gr_a100,7e721392,4,6452611.625157877,1000
4,panel_raw_gr_a100,7e721392,5,7039912.307892484,1000
4,panel_raw_gr_a100,7e721392,6,1155212.5462856947,175
4,panel_phase_a10,7e721392,0,192156.28016428972,999
4,panel_phase_a10,7e721392,1,1398028.3492068225,1000
4,panel_phase_a10,7e721392,2,2849652.5413812483,1000
4,panel_phase_a10,7e721392,3,4823087.286530091,1000
4,panel_phase_a10,7e721392,4,6935744.926126767,1000
4,panel_phase_a10,7e721392,5,7288893.341057285,1000
4,panel_phase_a10,7e721392,6,1172739.1303924639,175
4,panel_phase_a100,7e721392,0,175299.42925265912,999
4,panel_phase_a100,7e721392,1,1271860.8366436718,1000
4,panel_phase_a100,7e721392,2,2549065.036993057,1000
4,panel_phase_a100,7e721392,3,4268295.263047932,1000
4,panel_phase_a100,7e721392,4,6340719.685444863,1000
4,panel_phase_a100,7e721392,5,7051737.040342154,1000
4,panel_phase_a100,7e721392,6,1164247.1429646949,175
4,panel_phase_a1000,7e721392,0,135358.28000158223,999
4,panel_phase_a1000,7e721392,1,923932.5678970355,1000
4,panel_phase_a1000,7e721392,2,1675043.9306857,1000
4,panel_phase_a1000,7e721392,3,2570767.560829576,1000
4,panel_phase_a1000,7e721392,4,3743831.9799695555,1000
4,panel_phase_a1000,7e721392,5,3777208.706333626,1000
4,panel_phase_a1000,7e721392,6,572943.3233578563,175
4,panel_geom_a100,9ae248be,0,10696.565538398674,999
4,panel_geom_a100,9ae248be,1,485244.23034587275,1000
4,panel_geom_a100,9ae248be,2,2102418.7903511743,1000
4,panel_geom_a100,9ae248be,3,5205985.229731564,1000
4,panel_geom_a100,9ae248be,4,8729284.392529525,1000
4,panel_geom_a100,9ae248be,5,2252349.809680632,272
4,panel_raw_gr_a100,9ae248be,0,11002.790970714008,999
4,panel_raw_gr_a100,9ae248be,1,487918.6533651117,1000
4,panel_raw_gr_a100,9ae248be,2,2106267.475324802,1000
4,panel_raw_gr_a100,9ae248be,3,5209652.047619177,1000
4,panel_raw_gr_a100,9ae248be,4,8734272.74839868,1000
4,panel_raw_gr_a100,9ae248be,5,2253118.1035533664,272
4,panel_phase_a10,9ae248be,0,10607.639637729428,999
4,panel_phase_a10,9ae248be,1,496903.0743833346,1000
4,panel_phase_a10,9ae248be,2,2137858.6089742235,1000
4,panel_phase_a10,9ae248be,3,5272850.277862116,1000
4,panel_phase_a10,9ae248be,4,8852795.715543874,1000
4,panel_phase_a10,9ae248be,5,2261187.073126249,272
4,panel_phase_a100,9ae248be,0,9700.453803329772,999
4,panel_phase_a100,9ae248be,1,462347.415685456,1000
4,panel_phase_a100,9ae248be,2,2021944.867173694,1000
4,panel_phase_a100,9ae248be,3,5012849.0160881495,1000
4,panel_phase_a100,9ae248be,4,8416782.77702029,1000
4,panel_phase_a100,9ae248be,5,2174245.799656779,272
4,panel_phase_a1000,9ae248be,0,6444.1037615286805,999
4,panel_phase_a1000,9ae248be,1,373729.54860485246,1000
4,panel_phase_a1000,9ae248be,2,1670015.3500998658,1000
4,panel_phase_a1000,9ae248be,3,4251825.406061572,1000
4,panel_phase_a1000,9ae248be,4,7061375.165208229,1000
4,panel_phase_a1000,9ae248be,5,1971376.55003532,272
4,panel_geom_a100,98177ced,0,79621.76614374638,999
4,panel_geom_a100,98177ced,1,149477.03118114782,1000
4,panel_geom_a100,98177ced,2,1102783.9211946253,1000
4,panel_geom_a100,98177ced,3,1497556.1653965137,1000
4,panel_geom_a100,98177ced,4,690902.0437683602,773
4,panel_raw_gr_a100,98177ced,0,79481.60527373315,999
4,panel_raw_gr_a100,98177ced,1,149388.1288153144,1000
4,panel_raw_gr_a100,98177ced,2,1103349.888933285,1000
4,panel_raw_gr_a100,98177ced,3,1498388.167403116,1000
4,panel_raw_gr_a100,98177ced,4,692157.8008847488,773
4,panel_phase_a10,98177ced,0,76745.13691416806,999
4,panel_phase_a10,98177ced,1,155342.6655318847,1000
4,panel_phase_a10,98177ced,2,1127947.6721682032,1000
4,panel_phase_a10,98177ced,3,1542854.9731405845,1000
4,panel_phase_a10,98177ced,4,740515.3505301327,773
4,panel_phase_a100,98177ced,0,76112.93532837644,999
4,panel_phase_a100,98177ced,1,159759.63480459448,1000
4,panel_phase_a100,98177ced,2,1149187.9416885201,1000
4,panel_phase_a100,98177ced,3,1566364.8739018154,1000
4,panel_phase_a100,98177ced,4,762914.9909818553,773
4,panel_phase_a1000,98177ced,0,74932.60431084102,999
4,panel_phase_a1000,98177ced,1,134434.85508502155,1000
4,panel_phase_a1000,98177ced,2,1014750.8665528769,1000
4,panel_phase_a1000,98177ced,3,1287164.2163922337,1000
4,panel_phase_a1000,98177ced,4,576533.4554354205,773
4,panel_geom_a100,4c3df468,0,24349.482728216877,999
4,panel_geom_a100,4c3df468,1,134456.911139021,1000
4,panel_geom_a100,4c3df468,2,503663.7818996654,1000
4,panel_geom_a100,4c3df468,3,1674282.4190935702,1000
4,panel_geom_a100,4c3df468,4,5166155.833306105,1000
4,panel_geom_a100,4c3df468,5,3080984.589697559,393
4,panel_raw_gr_a100,4c3df468,0,24402.940019801026,999
4,panel_raw_gr_a100,4c3df468,1,134319.31407870617,1000
4,panel_raw_gr_a100,4c3df468,2,504175.5731107772,1000
4,panel_raw_gr_a100,4c3df468,3,1675135.999969889,1000
4,panel_raw_gr_a100,4c3df468,4,5167007.547387914,1000
4,panel_raw_gr_a100,4c3df468,5,3080302.924903492,393
4,panel_phase_a10,4c3df468,0,26547.337541486446,999
4,panel_phase_a10,4c3df468,1,152514.95445033698,1000
4,panel_phase_a10,4c3df468,2,568072.4227158685,1000
4,panel_phase_a10,4c3df468,3,1827791.1250147102,1000
4,panel_phase_a10,4c3df468,4,5633031.753667151,1000
4,panel_phase_a10,4c3df468,5,3323057.499251595,393
4,panel_phase_a100,4c3df468,0,23856.95546792175,999
4,panel_phase_a100,4c3df468,1,146293.44077827278,1000
4,panel_phase_a100,4c3df468,2,545679.4249703987,1000
4,panel_phase_a100,4c3df468,3,1796323.211698192,1000
4,panel_phase_a100,4c3df468,4,5693985.080054172,1000
4,panel_phase_a100,4c3df468,5,3304128.446285458,393
4,panel_phase_a1000,4c3df468,0,7829.274487143845,999
4,panel_phase_a1000,4c3df468,1,74484.16807832099,1000
4,panel_phase_a1000,4c3df468,2,323731.15654083237,1000
4,panel_phase_a1000,4c3df468,3,1271127.1512728492,1000
4,panel_phase_a1000,4c3df468,4,4468815.274154644,1000
4,panel_phase_a1000,4c3df468,5,2636427.7511469787,393
4,panel_geom_a100,81bf5923,0,424483.39240245323,999
4,panel_geom_a100,81bf5923,1,2313878.3542725616,1000
4,panel_geom_a100,81bf5923,2,6664689.17546287,1000
4,panel_geom_a100,81bf5923,3,13653520.96652962,1000
4,panel_geom_a100,81bf5923,4,9877613.12702983,544
4,panel_raw_gr_a100,81bf5923,0,424656.5394219902,999
4,panel_raw_gr_a100,81bf5923,1,2315797.1705803787,1000
4,panel_raw_gr_a100,81bf5923,2,6665717.4666370535,1000
4,panel_raw_gr_a100,81bf5923,3,13659809.57336434,1000
4,panel_raw_gr_a100,81bf5923,4,9878383.350888565,544
4,panel_phase_a10,81bf5923,0,423155.83084775193,999
4,panel_phase_a10,81bf5923,1,2372888.890279988,1000
4,panel_phase_a10,81bf5923,2,6827800.859307256,1000
4,panel_phase_a10,81bf5923,3,13853190.57502441,1000
4,panel_phase_a10,81bf5923,4,10057684.912496977,544
4,panel_phase_a100,81bf5923,0,415697.20863239554,999
4,panel_phase_a100,81bf5923,1,2305414.6401776215,1000
4,panel_phase_a100,81bf5923,2,6621441.537168877,1000
4,panel_phase_a100,81bf5923,3,13617851.215648748,1000
4,panel_phase_a100,81bf5923,4,9854429.824682582,544
4,panel_phase_a1000,81bf5923,0,432488.4941466855,999
4,panel_phase_a1000,81bf5923,1,2155154.3090447937,1000
4,panel_phase_a1000,81bf5923,2,6223446.916607665,1000
4,panel_phase_a1000,81bf5923,3,12729014.32780363,1000
4,panel_phase_a1000,81bf5923,4,8862702.992347129,544
4,panel_geom_a100,91abc4c7,0,2202.1691333677054,999
4,panel_geom_a100,91abc4c7,1,44747.5904501907,1000
4,panel_geom_a100,91abc4c7,2,52768.61443341859,1000
4,panel_geom_a100,91abc4c7,3,6580.914216751492,1000
4,panel_geom_a100,91abc4c7,4,31339.172828172486,1000
4,panel_geom_a100,91abc4c7,5,10720.010413376187,849
4,panel_raw_gr_a100,91abc4c7,0,2221.525425364982,999
4,panel_raw_gr_a100,91abc4c7,1,44304.87986816402,1000
4,panel_raw_gr_a100,91abc4c7,2,52754.49410184829,1000
4,panel_raw_gr_a100,91abc4c7,3,6505.427829752567,1000
4,panel_raw_gr_a100,91abc4c7,4,31281.557667402376,1000
4,panel_raw_gr_a100,91abc4c7,5,10668.635536041797,849
4,panel_phase_a10,91abc4c7,0,1483.062738935602,999
4,panel_phase_a10,91abc4c7,1,33290.66501935625,1000
4,panel_phase_a10,91abc4c7,2,40543.40513116401,1000
4,panel_phase_a10,91abc4c7,3,4799.091918640831,1000
4,panel_phase_a10,91abc4c7,4,24827.53982873776,1000
4,panel_phase_a10,91abc4c7,5,6086.132158166558,849
4,panel_phase_a100,91abc4c7,0,2108.6875987761237,999
4,panel_phase_a100,91abc4c7,1,39076.739929833144,1000
4,panel_phase_a100,91abc4c7,2,44525.19311750349,1000
4,panel_phase_a100,91abc4c7,3,5836.597176315678,1000
4,panel_phase_a100,91abc4c7,4,30460.062996533277,1000
4,panel_phase_a100,91abc4c7,5,10379.712612125297,849
4,panel_phase_a1000,91abc4c7,0,4024.9986921621385,999
4,panel_phase_a1000,91abc4c7,1,58185.327743895075,1000
4,panel_phase_a1000,91abc4c7,2,34830.21859904504,1000
4,panel_phase_a1000,91abc4c7,3,3186.923695204488,1000
4,panel_phase_a1000,91abc4c7,4,15666.57034648279,1000
4,panel_phase_a1000,91abc4c7,5,4319.3767338143125,849
4,panel_geom_a100,9ad5410a,0,6609.01103137007,999
4,panel_geom_a100,9ad5410a,1,120846.39405223669,1000
4,panel_geom_a100,9ad5410a,2,1459240.7549627877,1000
4,panel_geom_a100,9ad5410a,3,2915792.3512459416,1000
4,panel_geom_a100,9ad5410a,4,651864.9233683803,206
4,panel_raw_gr_a100,9ad5410a,0,6738.037818115382,999
4,panel_raw_gr_a100,9ad5410a,1,121107.7217199858,1000
4,panel_raw_gr_a100,9ad5410a,2,1459980.659647639,1000
4,panel_raw_gr_a100,9ad5410a,3,2913759.0509819174,1000
4,panel_raw_gr_a100,9ad5410a,4,650919.6053856647,206
4,panel_phase_a10,9ad5410a,0,5639.12752319989,999
4,panel_phase_a10,9ad5410a,1,132288.03168089112,1000
4,panel_phase_a10,9ad5410a,2,1532135.015013934,1000
4,panel_phase_a10,9ad5410a,3,3029768.3892779658,1000
4,panel_phase_a10,9ad5410a,4,686750.6191386773,206
4,panel_phase_a100,9ad5410a,0,5493.42825371071,999
4,panel_phase_a100,9ad5410a,1,132946.20544954113,1000
4,panel_phase_a100,9ad5410a,2,1538254.0385368618,1000
4,panel_phase_a100,9ad5410a,3,3039230.002527398,1000
4,panel_phase_a100,9ad5410a,4,676894.1484268308,206
4,panel_phase_a1000,9ad5410a,0,3460.6845897445255,999
4,panel_phase_a1000,9ad5410a,1,151456.1406961296,1000
4,panel_phase_a1000,9ad5410a,2,1596392.0914629144,1000
4,panel_phase_a1000,9ad5410a,3,3249386.1054305607,1000
4,panel_phase_a1000,9ad5410a,4,713935.4290619058,206
4,panel_geom_a100,1bcb2fcf,0,1698.5705627315633,999
4,panel_geom_a100,1bcb2fcf,1,2311.9424237684075,1000
4,panel_geom_a100,1bcb2fcf,2,33734.640561246706,1000
4,panel_geom_a100,1bcb2fcf,3,36727.19303386645,1000
4,panel_geom_a100,1bcb2fcf,4,10271.311622531452,525
4,panel_raw_gr_a100,1bcb2fcf,0,1605.3238838712348,999
4,panel_raw_gr_a100,1bcb2fcf,1,2255.9378448117054,1000
4,panel_raw_gr_a100,1bcb2fcf,2,33455.18868605235,1000
4,panel_raw_gr_a100,1bcb2fcf,3,36502.98496144432,1000
4,panel_raw_gr_a100,1bcb2fcf,4,10447.57671488345,525
4,panel_phase_a10,1bcb2fcf,0,793.6173773836758,999
4,panel_phase_a10,1bcb2fcf,1,2111.151892755339,1000
4,panel_phase_a10,1bcb2fcf,2,30556.376852103072,1000
4,panel_phase_a10,1bcb2fcf,3,32799.802596584486,1000
4,panel_phase_a10,1bcb2fcf,4,16685.11226358177,525
4,panel_phase_a100,1bcb2fcf,0,734.4677008442594,999
4,panel_phase_a100,1bcb2fcf,1,1738.980934380783,1000
4,panel_phase_a100,1bcb2fcf,2,27516.51801285112,1000
4,panel_phase_a100,1bcb2fcf,3,31208.68882794709,1000
4,panel_phase_a100,1bcb2fcf,4,13798.065601239532,525
4,panel_phase_a1000,1bcb2fcf,0,227.6268004817655,999
4,panel_phase_a1000,1bcb2fcf,1,5132.342888814764,1000
4,panel_phase_a1000,1bcb2fcf,2,5393.8112142040645,1000
4,panel_phase_a1000,1bcb2fcf,3,25733.91343558504,1000
4,panel_phase_a1000,1bcb2fcf,4,62867.78294649187,525
4,panel_geom_a100,d3df146b,0,8351.937757014231,999
4,panel_geom_a100,d3df146b,1,139836.5768569209,1000
4,panel_geom_a100,d3df146b,2,177742.9312005757,1000
4,panel_geom_a100,d3df146b,3,193660.90983000767,1000
4,panel_geom_a100,d3df146b,4,497768.97522279527,1000
4,panel_geom_a100,d3df146b,5,544034.10364217,788
4,panel_raw_gr_a100,d3df146b,0,8333.560281925013,999
4,panel_raw_gr_a100,d3df146b,1,139599.34539308443,1000
4,panel_raw_gr_a100,d3df146b,2,177703.40810886177,1000
4,panel_raw_gr_a100,d3df146b,3,194040.38789876646,1000
4,panel_raw_gr_a100,d3df146b,4,498282.55541414017,1000
4,panel_raw_gr_a100,d3df146b,5,543989.9979040647,788
4,panel_phase_a10,d3df146b,0,8133.05974974921,999
4,panel_phase_a10,d3df146b,1,141667.29853724784,1000
4,panel_phase_a10,d3df146b,2,179375.8712614534,1000
4,panel_phase_a10,d3df146b,3,181106.29588960862,1000
4,panel_phase_a10,d3df146b,4,477662.25980459264,1000
4,panel_phase_a10,d3df146b,5,543483.9161608552,788
4,panel_phase_a100,d3df146b,0,8595.822826027937,999
4,panel_phase_a100,d3df146b,1,147413.1453187637,1000
4,panel_phase_a100,d3df146b,2,184866.2615652349,1000
4,panel_phase_a100,d3df146b,3,206627.83756269203,1000
4,panel_phase_a100,d3df146b,4,530333.9668165914,1000
4,panel_phase_a100,d3df146b,5,568317.5695272048,788
4,panel_phase_a1000,d3df146b,0,6909.433948810541,999
4,panel_phase_a1000,d3df146b,1,73100.71636017242,1000
4,panel_phase_a1000,d3df146b,2,50020.10755504669,1000
4,panel_phase_a1000,d3df146b,3,21925.832006529352,1000
4,panel_phase_a1000,d3df146b,4,104231.23538277557,1000
4,panel_phase_a1000,d3df146b,5,130698.37425728588,788
4,panel_geom_a100,dd6bc5b2,0,1442.0848222538134,999
4,panel_geom_a100,dd6bc5b2,1,3388.3646250957568,1000
4,panel_geom_a100,dd6bc5b2,2,4992.574511927406,1000
4,panel_geom_a100,dd6bc5b2,3,370.4392637701275,603
4,panel_raw_gr_a100,dd6bc5b2,0,1386.2755913257283,999
4,panel_raw_gr_a100,dd6bc5b2,1,3382.000916614078,1000
4,panel_raw_gr_a100,dd6bc5b2,2,5161.8355819078315,1000
4,panel_raw_gr_a100,dd6bc5b2,3,385.9888279836699,603
4,panel_phase_a10,dd6bc5b2,0,1904.2042634741867,999
4,panel_phase_a10,dd6bc5b2,1,8231.099396059644,1000
4,panel_phase_a10,dd6bc5b2,2,13095.27038019924,1000
4,panel_phase_a10,dd6bc5b2,3,2221.6245317683374,603
4,panel_phase_a100,dd6bc5b2,0,2127.7868197152825,999
4,panel_phase_a100,dd6bc5b2,1,10631.961448860364,1000
4,panel_phase_a100,dd6bc5b2,2,13550.761147962561,1000
4,panel_phase_a100,dd6bc5b2,3,2244.486648891963,603
4,panel_phase_a1000,dd6bc5b2,0,1525.2298680554336,999
4,panel_phase_a1000,dd6bc5b2,1,3712.4053289771437,1000
4,panel_phase_a1000,dd6bc5b2,2,8179.734333731926,1000
4,panel_phase_a1000,dd6bc5b2,3,973.9775378819778,603
4,panel_geom_a100,81fc01c6,0,2012.2562561353188,999
4,panel_geom_a100,81fc01c6,1,38755.90041937501,1000
4,panel_geom_a100,81fc01c6,2,240390.1706695202,1000
4,panel_geom_a100,81fc01c6,3,701514.865074317,1000
4,panel_geom_a100,81fc01c6,4,1531335.393390335,1000
4,panel_geom_a100,81fc01c6,5,2698997.4877198203,910
4,panel_raw_gr_a100,81fc01c6,0,2010.361802019928,999
4,panel_raw_gr_a100,81fc01c6,1,38902.22714537326,1000
4,panel_raw_gr_a100,81fc01c6,2,240631.73816378886,1000
4,panel_raw_gr_a100,81fc01c6,3,702103.9849198858,1000
4,panel_raw_gr_a100,81fc01c6,4,1532316.8257120016,1000
4,panel_raw_gr_a100,81fc01c6,5,2701369.9706074605,910
4,panel_phase_a10,81fc01c6,0,1945.2438636306824,999
4,panel_phase_a10,81fc01c6,1,37340.44568226047,1000
4,panel_phase_a10,81fc01c6,2,228435.90593949813,1000
4,panel_phase_a10,81fc01c6,3,679104.0733194731,1000
4,panel_phase_a10,81fc01c6,4,1493505.0319660793,1000
4,panel_phase_a10,81fc01c6,5,2608926.5579495323,910
4,panel_phase_a100,81fc01c6,0,1759.609564600876,999
4,panel_phase_a100,81fc01c6,1,36759.982495451775,1000
4,panel_phase_a100,81fc01c6,2,217829.73486958415,1000
4,panel_phase_a100,81fc01c6,3,637360.4156712479,1000
4,panel_phase_a100,81fc01c6,4,1404457.2817616756,1000
4,panel_phase_a100,81fc01c6,5,2522727.6523434715,910
4,panel_phase_a1000,81fc01c6,0,4313.871262040707,999
4,panel_phase_a1000,81fc01c6,1,72376.25925059672,1000
4,panel_phase_a1000,81fc01c6,2,275284.5624889165,1000
4,panel_phase_a1000,81fc01c6,3,648788.783389002,1000
4,panel_phase_a1000,81fc01c6,4,1313996.251700928,1000
4,panel_phase_a1000,81fc01c6,5,2625353.0960458606,910
4,panel_geom_a100,6a8fa194,0,26047.146411470767,999
4,panel_geom_a100,6a8fa194,1,44711.58201197716,1000
4,panel_geom_a100,6a8fa194,2,451073.31037605205,1000
4,panel_geom_a100,6a8fa194,3,24246.174370531735,18
4,panel_raw_gr_a100,6a8fa194,0,25826.405468611512,999
4,panel_raw_gr_a100,6a8fa194,1,44347.22843418366,1000
4,panel_raw_gr_a100,6a8fa194,2,453273.12127299927,1000
4,panel_raw_gr_a100,6a8fa194,3,24235.24865401119,18
4,panel_phase_a10,6a8fa194,0,29836.708815571532,999
4,panel_phase_a10,6a8fa194,1,48071.71162044038,1000
4,panel_phase_a10,6a8fa194,2,469925.24250596337,1000
4,panel_phase_a10,6a8fa194,3,25858.47624376966,18
4,panel_phase_a100,6a8fa194,0,28744.60863070657,999
4,panel_phase_a100,6a8fa194,1,41955.311814264955,1000
4,panel_phase_a100,6a8fa194,2,465051.6886274173,1000
4,panel_phase_a100,6a8fa194,3,23801.919923009234,18
4,panel_phase_a1000,6a8fa194,0,27288.909748359263,999
4,panel_phase_a1000,6a8fa194,1,56510.281012991036,1000
4,panel_phase_a1000,6a8fa194,2,292682.59406725236,1000
4,panel_phase_a1000,6a8fa194,3,13345.393676018879,18
4,panel_geom_a100,9a95e33f,0,213406.9778210162,999
4,panel_geom_a100,9a95e33f,1,295624.94175679976,1000
4,panel_geom_a100,9a95e33f,2,420335.3289748686,1000
4,panel_geom_a100,9a95e33f,3,871662.7077536519,1000
4,panel_geom_a100,9a95e33f,4,629323.0511793601,1000
4,panel_geom_a100,9a95e33f,5,147014.86455725832,1000
4,panel_geom_a100,9a95e33f,6,100522.11184247569,448
4,panel_raw_gr_a100,9a95e33f,0,212785.00600361053,999
4,panel_raw_gr_a100,9a95e33f,1,295797.7453076793,1000
4,panel_raw_gr_a100,9a95e33f,2,420274.60803946026,1000
4,panel_raw_gr_a100,9a95e33f,3,872413.9876087464,1000
4,panel_raw_gr_a100,9a95e33f,4,631144.2658440926,1000
4,panel_raw_gr_a100,9a95e33f,5,147913.65332214095,1000
4,panel_raw_gr_a100,9a95e33f,6,100069.95352155365,448
4,panel_phase_a10,9a95e33f,0,224346.0583511708,999
4,panel_phase_a10,9a95e33f,1,315227.0765245949,1000
4,panel_phase_a10,9a95e33f,2,475005.5339147583,1000
4,panel_phase_a10,9a95e33f,3,951862.7853203745,1000
4,panel_phase_a10,9a95e33f,4,730728.2132590975,1000
4,panel_phase_a10,9a95e33f,5,215264.9043420445,1000
4,panel_phase_a10,9a95e33f,6,63618.117885429274,448
4,panel_phase_a100,9a95e33f,0,214832.0172376894,999
4,panel_phase_a100,9a95e33f,1,295606.81684490957,1000
4,panel_phase_a100,9a95e33f,2,420811.83746274665,1000
4,panel_phase_a100,9a95e33f,3,873460.0602313015,1000
4,panel_phase_a100,9a95e33f,4,627326.8100829388,1000
4,panel_phase_a100,9a95e33f,5,146582.11686225963,1000
4,panel_phase_a100,9a95e33f,6,100418.2131983733,448
4,panel_phase_a1000,9a95e33f,0,181023.4288476845,999
4,panel_phase_a1000,9a95e33f,1,179700.9425136547,1000
4,panel_phase_a1000,9a95e33f,2,173576.19260610317,1000
4,panel_phase_a1000,9a95e33f,3,384161.3335074787,1000
4,panel_phase_a1000,9a95e33f,4,201811.84796610806,1000
4,panel_phase_a1000,9a95e33f,5,83985.85781189139,1000
4,panel_phase_a1000,9a95e33f,6,445513.3035805445,448
4,panel_geom_a100,14ab73fb,0,12696.92606782783,999
4,panel_geom_a100,14ab73fb,1,421312.7321833833,1000
4,panel_geom_a100,14ab73fb,2,1411786.8395464383,1000
4,panel_geom_a100,14ab73fb,3,1673849.5487475842,650
4,panel_raw_gr_a100,14ab73fb,0,12850.25582100808,999
4,panel_raw_gr_a100,14ab73fb,1,420471.6290732329,1000
4,panel_raw_gr_a100,14ab73fb,2,1415187.7475481743,1000
4,panel_raw_gr_a100,14ab73fb,3,1678162.5968030344,650
4,panel_phase_a10,14ab73fb,0,10416.416318594558,999
4,panel_phase_a10,14ab73fb,1,398037.17269888986,1000
4,panel_phase_a10,14ab73fb,2,1445395.6657455054,1000
4,panel_phase_a10,14ab73fb,3,1764866.8610653174,650
4,panel_phase_a100,14ab73fb,0,11082.298849158435,999
4,panel_phase_a100,14ab73fb,1,429398.3603581201,1000
4,panel_phase_a100,14ab73fb,2,1481315.4760781755,1000
4,panel_phase_a100,14ab73fb,3,1741741.7631501532,650
4,panel_phase_a1000,14ab73fb,0,11249.13314572321,999
4,panel_phase_a1000,14ab73fb,1,303186.6928311835,1000
4,panel_phase_a1000,14ab73fb,2,907548.1554726019,1000
4,panel_phase_a1000,14ab73fb,3,1021762.5734652164,650
4,panel_geom_a100,eb934281,0,1690.7824127770734,999
4,panel_geom_a100,eb934281,1,20313.331180375106,1000
4,panel_geom_a100,eb934281,2,95679.3327153113,1000
4,panel_geom_a100,eb934281,3,268492.70535596996,1000
4,panel_geom_a100,eb934281,4,511009.6043710264,1000
4,panel_geom_a100,eb934281,5,834382.6626271483,972
4,panel_raw_gr_a100,eb934281,0,1681.0965958513887,999
4,panel_raw_gr_a100,eb934281,1,20332.060020985773,1000
4,panel_raw_gr_a100,eb934281,2,95779.19036318199,1000
4,panel_raw_gr_a100,eb934281,3,268617.0268638894,1000
4,panel_raw_gr_a100,eb934281,4,512729.0082291025,1000
4,panel_raw_gr_a100,eb934281,5,836509.8807575434,972
4,panel_phase_a10,eb934281,0,3942.8001113787973,999
4,panel_phase_a10,eb934281,1,40290.81030959226,1000
4,panel_phase_a10,eb934281,2,161589.62532460855,1000
4,panel_phase_a10,eb934281,3,416731.54403901345,1000
4,panel_phase_a10,eb934281,4,748904.1732166398,1000
4,panel_phase_a10,eb934281,5,1174534.0843566314,972
4,panel_phase_a100,eb934281,0,1650.8944740563745,999
4,panel_phase_a100,eb934281,1,19570.740977363075,1000
4,panel_phase_a100,eb934281,2,92237.0574027721,1000
4,panel_phase_a100,eb934281,3,262247.0355926539,1000
4,panel_phase_a100,eb934281,4,495427.9035592484,1000
4,panel_phase_a100,eb934281,5,800066.8386567386,972
4,panel_phase_a1000,eb934281,0,40.70966615716032,999
4,panel_phase_a1000,eb934281,1,129.17833343830227,1000
4,panel_phase_a1000,eb934281,2,2956.970409509914,1000
4,panel_phase_a1000,eb934281,3,12426.26200948211,1000
4,panel_phase_a1000,eb934281,4,21758.100455688877,1000
4,panel_phase_a1000,eb934281,5,46261.58358102223,972
4,panel_geom_a100,75d20a82,0,82895.1971131401,999
4,panel_geom_a100,75d20a82,1,1140096.7817746096,1000
4,panel_geom_a100,75d20a82,2,2465181.843991657,1000
4,panel_geom_a100,75d20a82,3,1674118.8956455803,1000
4,panel_geom_a100,75d20a82,4,210153.04230692066,1000
4,panel_geom_a100,75d20a82,5,10187.56530493939,68
4,panel_raw_gr_a100,75d20a82,0,82728.14761274373,999
4,panel_raw_gr_a100,75d20a82,1,1138685.1849657884,1000
4,panel_raw_gr_a100,75d20a82,2,2464400.3134741536,1000
4,panel_raw_gr_a100,75d20a82,3,1673681.0013681303,1000
4,panel_raw_gr_a100,75d20a82,4,210066.23422242785,1000
4,panel_raw_gr_a100,75d20a82,5,10199.590323997281,68
4,panel_phase_a10,75d20a82,0,78376.2008176658,999
4,panel_phase_a10,75d20a82,1,1136030.9623249993,1000
4,panel_phase_a10,75d20a82,2,2480132.4628803767,1000
4,panel_phase_a10,75d20a82,3,1693518.0022619131,1000
4,panel_phase_a10,75d20a82,4,219997.99251784614,1000
4,panel_phase_a10,75d20a82,5,11081.24704594361,68
4,panel_phase_a100,75d20a82,0,76773.44251439517,999
4,panel_phase_a100,75d20a82,1,1125351.7267286791,1000
4,panel_phase_a100,75d20a82,2,2431200.8031222443,1000
4,panel_phase_a100,75d20a82,3,1628308.5939839575,1000
4,panel_phase_a100,75d20a82,4,194275.59482729537,1000
4,panel_phase_a100,75d20a82,5,9516.70818049668,68
4,panel_phase_a1000,75d20a82,0,75149.86721297403,999
4,panel_phase_a1000,75d20a82,1,1046065.4940109794,1000
4,panel_phase_a1000,75d20a82,2,1963858.9867095335,1000
4,panel_phase_a1000,75d20a82,3,1137109.8705953197,1000
4,panel_phase_a1000,75d20a82,4,91875.72893300367,1000
4,panel_phase_a1000,75d20a82,5,3233.5992938892064,68
4,panel_geom_a100,b56bc0aa,0,12855.235584780638,999
4,panel_geom_a100,b56bc0aa,1,158771.72295436772,1000
4,panel_geom_a100,b56bc0aa,2,299168.8208339946,1000
4,panel_geom_a100,b56bc0aa,3,428464.56624179566,1000
4,panel_geom_a100,b56bc0aa,4,613751.8432521637,1000
4,panel_geom_a100,b56bc0aa,5,379371.72384140186,603
4,panel_raw_gr_a100,b56bc0aa,0,12868.017708380274,999
4,panel_raw_gr_a100,b56bc0aa,1,158607.78627869432,1000
4,panel_raw_gr_a100,b56bc0aa,2,299578.32265115186,1000
4,panel_raw_gr_a100,b56bc0aa,3,429198.2043315057,1000
4,panel_raw_gr_a100,b56bc0aa,4,614281.2729601588,1000
4,panel_raw_gr_a100,b56bc0aa,5,379939.91348898987,603
4,panel_phase_a10,b56bc0aa,0,17839.240907539664,999
4,panel_phase_a10,b56bc0aa,1,191784.0673124064,1000
4,panel_phase_a10,b56bc0aa,2,385449.5381536077,1000
4,panel_phase_a10,b56bc0aa,3,549266.9310168352,1000
4,panel_phase_a10,b56bc0aa,4,783923.788424643,1000
4,panel_phase_a10,b56bc0aa,5,500533.0090104392,603
4,panel_phase_a100,b56bc0aa,0,17062.95374856584,999
4,panel_phase_a100,b56bc0aa,1,189279.71469095995,1000
4,panel_phase_a100,b56bc0aa,2,385875.74061434297,1000
4,panel_phase_a100,b56bc0aa,3,551071.6145012185,1000
4,panel_phase_a100,b56bc0aa,4,775979.6067934966,1000
4,panel_phase_a100,b56bc0aa,5,499403.837977409,603
4,panel_phase_a1000,b56bc0aa,0,15441.963934743617,999
4,panel_phase_a1000,b56bc0aa,1,161629.76720918494,1000
4,panel_phase_a1000,b56bc0aa,2,335008.6009562613,1000
4,panel_phase_a1000,b56bc0aa,3,492469.7435327135,1000
4,panel_phase_a1000,b56bc0aa,4,681721.0676115492,1000
4,panel_phase_a1000,b56bc0aa,5,427405.4331280067,603
4,panel_geom_a100,593876b6,0,6434.61141158361,999
4,panel_geom_a100,593876b6,1,56431.37008918529,1000
4,panel_geom_a100,593876b6,2,102520.09423491717,1000
4,panel_geom_a100,593876b6,3,357622.69948836,1000
4,panel_geom_a100,593876b6,4,772024.9673978875,843
4,panel_raw_gr_a100,593876b6,0,6375.975185766126,999
4,panel_raw_gr_a100,593876b6,1,56154.78065031487,1000
4,panel_raw_gr_a100,593876b6,2,101922.76178088908,1000
4,panel_raw_gr_a100,593876b6,3,356982.8131810501,1000
4,panel_raw_gr_a100,593876b6,4,769689.1563908025,843
4,panel_phase_a10,593876b6,0,5894.950557806302,999
4,panel_phase_a10,593876b6,1,45544.32103413139,1000
4,panel_phase_a10,593876b6,2,81163.06823219893,1000
4,panel_phase_a10,593876b6,3,299757.4227886896,1000
4,panel_phase_a10,593876b6,4,640123.4500479788,843
4,panel_phase_a100,593876b6,0,5838.107629455415,999
4,panel_phase_a100,593876b6,1,58532.416030363864,1000
4,panel_phase_a100,593876b6,2,105320.68774180586,1000
4,panel_phase_a100,593876b6,3,356629.91885269835,1000
4,panel_phase_a100,593876b6,4,764365.3313845797,843
4,panel_phase_a1000,593876b6,0,6386.851349398056,999
4,panel_phase_a1000,593876b6,1,83230.78072444742,1000
4,panel_phase_a1000,593876b6,2,193260.23249303483,1000
4,panel_phase_a1000,593876b6,3,577444.1338519485,1000
4,panel_phase_a1000,593876b6,4,1273234.5710874235,843
4,panel_geom_a100,25fd32b3,0,50527.61910467913,999
4,panel_geom_a100,25fd32b3,1,526771.8734881158,1000
4,panel_geom_a100,25fd32b3,2,1383625.8964781614,886
4,panel_raw_gr_a100,25fd32b3,0,51023.822111458576,999
4,panel_raw_gr_a100,25fd32b3,1,528788.0956914619,1000
4,panel_raw_gr_a100,25fd32b3,2,1384859.8439579653,886
4,panel_phase_a10,25fd32b3,0,43860.9888997598,999
4,panel_phase_a10,25fd32b3,1,491783.7273095237,1000
4,panel_phase_a10,25fd32b3,2,1322768.521772452,886
4,panel_phase_a100,25fd32b3,0,45237.75931994233,999
4,panel_phase_a100,25fd32b3,1,494969.56438652636,1000
4,panel_phase_a100,25fd32b3,2,1331338.4280970588,886
4,panel_phase_a1000,25fd32b3,0,50918.411500373964,999
4,panel_phase_a1000,25fd32b3,1,502958.9376327565,1000
4,panel_phase_a1000,25fd32b3,2,1260366.8757329977,886
4,panel_geom_a100,2ac7cb6b,0,2420.7285826478414,999
4,panel_geom_a100,2ac7cb6b,1,102340.23981751384,1000
4,panel_geom_a100,2ac7cb6b,2,1391038.935137007,1000
4,panel_geom_a100,2ac7cb6b,3,1843468.617140266,1000
4,panel_geom_a100,2ac7cb6b,4,2141403.2093519857,991
4,panel_raw_gr_a100,2ac7cb6b,0,2398.7134664443292,999
4,panel_raw_gr_a100,2ac7cb6b,1,102272.16553540091,1000
4,panel_raw_gr_a100,2ac7cb6b,2,1392007.2669805293,1000
4,panel_raw_gr_a100,2ac7cb6b,3,1844012.8315179187,1000
4,panel_raw_gr_a100,2ac7cb6b,4,2137337.0313218436,991
4,panel_phase_a10,2ac7cb6b,0,2307.281346917177,999
4,panel_phase_a10,2ac7cb6b,1,99137.9957853254,1000
4,panel_phase_a10,2ac7cb6b,2,1380306.819270377,1000
4,panel_phase_a10,2ac7cb6b,3,1871294.4773442652,1000
4,panel_phase_a10,2ac7cb6b,4,2243554.528865544,991
4,panel_phase_a100,2ac7cb6b,0,2499.197315383085,999
4,panel_phase_a100,2ac7cb6b,1,98259.66691149957,1000
4,panel_phase_a100,2ac7cb6b,2,1377164.0874347282,1000
4,panel_phase_a100,2ac7cb6b,3,1806747.4924328108,1000
4,panel_phase_a100,2ac7cb6b,4,2110245.3856321415,991
4,panel_phase_a1000,2ac7cb6b,0,4658.145781740184,999
4,panel_phase_a1000,2ac7cb6b,1,94008.9716275472,1000
4,panel_phase_a1000,2ac7cb6b,2,1353768.0960903617,1000
4,panel_phase_a1000,2ac7cb6b,3,1559459.9650447462,1000
4,panel_phase_a1000,2ac7cb6b,4,1712888.61725338,991
4,panel_geom_a100,89fdb2f2,0,11494.711071691716,999
4,panel_geom_a100,89fdb2f2,1,35210.90349987733,1000
4,panel_geom_a100,89fdb2f2,2,1062.6598603700215,32
4,panel_raw_gr_a100,89fdb2f2,0,11519.10104504131,999
4,panel_raw_gr_a100,89fdb2f2,1,35230.18601651226,1000
4,panel_raw_gr_a100,89fdb2f2,2,1065.7999505901469,32
4,panel_phase_a10,89fdb2f2,0,13646.957742056036,999
4,panel_phase_a10,89fdb2f2,1,48035.87611732607,1000
4,panel_phase_a10,89fdb2f2,2,1643.733983344698,32
4,panel_phase_a100,89fdb2f2,0,11475.129474804127,999
4,panel_phase_a100,89fdb2f2,1,35078.90736923094,1000
4,panel_phase_a100,89fdb2f2,2,1052.9284756076283,32
4,panel_phase_a1000,89fdb2f2,0,2299.4639840112873,999
4,panel_phase_a1000,89fdb2f2,1,2189.9742536168283,1000
4,panel_phase_a1000,89fdb2f2,2,11.502145725069385,32
4,panel_geom_a100,fdfd57da,0,25584.44816163195,999
4,panel_geom_a100,fdfd57da,1,202218.27447740862,1000
4,panel_geom_a100,fdfd57da,2,731788.6440230181,1000
4,panel_geom_a100,fdfd57da,3,713930.6697072465,1000
4,panel_geom_a100,fdfd57da,4,518384.4583763603,1000
4,panel_geom_a100,fdfd57da,5,271148.3149196436,237
4,panel_raw_gr_a100,fdfd57da,0,25543.97672364665,999
4,panel_raw_gr_a100,fdfd57da,1,201818.18374191024,1000
4,panel_raw_gr_a100,fdfd57da,2,731349.8568906285,1000
4,panel_raw_gr_a100,fdfd57da,3,712387.9569453513,1000
4,panel_raw_gr_a100,fdfd57da,4,517242.81498157856,1000
4,panel_raw_gr_a100,fdfd57da,5,270553.0124840891,237
4,panel_phase_a10,fdfd57da,0,23398.892198330148,999
4,panel_phase_a10,fdfd57da,1,189108.33084707937,1000
4,panel_phase_a10,fdfd57da,2,673231.6398815103,1000
4,panel_phase_a10,fdfd57da,3,607214.1872370839,1000
4,panel_phase_a10,fdfd57da,4,412429.14044557774,1000
4,panel_phase_a10,fdfd57da,5,232040.74911764573,237
4,panel_phase_a100,fdfd57da,0,26235.606773603766,999
4,panel_phase_a100,fdfd57da,1,213024.3392545732,1000
4,panel_phase_a100,fdfd57da,2,733815.4513469513,1000
4,panel_phase_a100,fdfd57da,3,703235.0405683519,1000
4,panel_phase_a100,fdfd57da,4,510610.0523013008,1000
4,panel_phase_a100,fdfd57da,5,270659.3142980809,237
4,panel_phase_a1000,fdfd57da,0,41037.48014146927,999
4,panel_phase_a1000,fdfd57da,1,272925.0126932312,1000
4,panel_phase_a1000,fdfd57da,2,876878.6910342916,1000
4,panel_phase_a1000,fdfd57da,3,1063866.8138720437,1000
4,panel_phase_a1000,fdfd57da,4,1098188.5154434263,1000
4,panel_phase_a1000,fdfd57da,5,457014.5271127669,237
4,panel_geom_a100,b32902c0,0,3429.900752699655,999
4,panel_geom_a100,b32902c0,1,79127.47573393637,1000
4,panel_geom_a100,b32902c0,2,698951.2586547558,1000
4,panel_geom_a100,b32902c0,3,670023.883011759,809
4,panel_raw_gr_a100,b32902c0,0,3479.478422805773,999
4,panel_raw_gr_a100,b32902c0,1,79161.74001794089,1000
4,panel_raw_gr_a100,b32902c0,2,699647.5115128367,1000
4,panel_raw_gr_a100,b32902c0,3,670351.4454355055,809
4,panel_phase_a10,b32902c0,0,2140.977492870484,999
4,panel_phase_a10,b32902c0,1,63386.21801048783,1000
4,panel_phase_a10,b32902c0,2,604073.1554570012,1000
4,panel_phase_a10,b32902c0,3,564078.2600685697,809
4,panel_phase_a100,b32902c0,0,3078.4899948213097,999
4,panel_phase_a100,b32902c0,1,77745.6911594283,1000
4,panel_phase_a100,b32902c0,2,696928.3300501917,1000
4,panel_phase_a100,b32902c0,3,664184.7405046459,809
4,panel_phase_a1000,b32902c0,0,6099.357145731438,999
4,panel_phase_a1000,b32902c0,1,115089.6846615265,1000
4,panel_phase_a1000,b32902c0,2,816623.3932894887,1000
4,panel_phase_a1000,b32902c0,3,868295.3801473575,809
4,panel_geom_a100,8648abae,0,25442.52424058106,999
4,panel_geom_a100,8648abae,1,229030.13641229924,1000
4,panel_geom_a100,8648abae,2,670636.1308177853,1000
4,panel_geom_a100,8648abae,3,804453.4418160754,1000
4,panel_geom_a100,8648abae,4,352503.48656861304,245
4,panel_raw_gr_a100,8648abae,0,25183.33372559385,999
4,panel_raw_gr_a100,8648abae,1,227921.52093343769,1000
4,panel_raw_gr_a100,8648abae,2,669036.9633954233,1000
4,panel_raw_gr_a100,8648abae,3,803141.5627078619,1000
4,panel_raw_gr_a100,8648abae,4,352134.4898780721,245
4,panel_phase_a10,8648abae,0,27586.656491024165,999
4,panel_phase_a10,8648abae,1,228683.4347064854,1000
4,panel_phase_a10,8648abae,2,682184.5422239244,1000
4,panel_phase_a10,8648abae,3,854174.1943210427,1000
4,panel_phase_a10,8648abae,4,372564.8909430527,245
4,panel_phase_a100,8648abae,0,27864.20236638573,999
4,panel_phase_a100,8648abae,1,236433.71376447924,1000
4,panel_phase_a100,8648abae,2,702560.9036709236,1000
4,panel_phase_a100,8648abae,3,864607.7083997629,1000
4,panel_phase_a100,8648abae,4,376300.46145817643,245
4,panel_phase_a1000,8648abae,0,29705.500314713077,999
4,panel_phase_a1000,8648abae,1,181934.2532519843,1000
4,panel_phase_a1000,8648abae,2,572429.2995331864,1000
4,panel_phase_a1000,8648abae,3,727400.7668151945,1000
4,panel_phase_a1000,8648abae,4,326984.29167115793,245
4,panel_geom_a100,25939962,0,74135.35064127801,999
4,panel_geom_a100,25939962,1,206121.64443052688,1000
4,panel_geom_a100,25939962,2,349928.87710274576,1000
4,panel_geom_a100,25939962,3,442249.1670800261,1000
4,panel_geom_a100,25939962,4,35838.19045611785,320
4,panel_raw_gr_a100,25939962,0,74206.14066196723,999
4,panel_raw_gr_a100,25939962,1,206204.44733395474,1000
4,panel_raw_gr_a100,25939962,2,349897.68085490714,1000
4,panel_raw_gr_a100,25939962,3,442700.908887156,1000
4,panel_raw_gr_a100,25939962,4,36056.78910164989,320
4,panel_phase_a10,25939962,0,80622.20841608947,999
4,panel_phase_a10,25939962,1,232612.93751603574,1000
4,panel_phase_a10,25939962,2,401290.9517543401,1000
4,panel_phase_a10,25939962,3,497266.13301280333,1000
4,panel_phase_a10,25939962,4,43956.08603520568,320
4,panel_phase_a100,25939962,0,76011.59398861912,999
4,panel_phase_a100,25939962,1,207748.64217061768,1000
4,panel_phase_a100,25939962,2,347530.69093982875,1000
4,panel_phase_a100,25939962,3,436712.670566116,1000
4,panel_phase_a100,25939962,4,34229.81372783295,320
4,panel_phase_a1000,25939962,0,56098.78170660603,999
4,panel_phase_a1000,25939962,1,124629.429493697,1000
4,panel_phase_a1000,25939962,2,120222.4826673999,1000
4,panel_phase_a1000,25939962,3,149708.01195422004,1000
4,panel_phase_a1000,25939962,4,5096.517092595748,320
4,panel_geom_a100,591cc951,0,42190.10196258019,999
4,panel_geom_a100,591cc951,1,371938.7245362076,1000
4,panel_geom_a100,591cc951,2,663093.1508604445,1000
4,panel_geom_a100,591cc951,3,1452405.5930623927,1000
4,panel_geom_a100,591cc951,4,1307008.3818818312,610
4,panel_raw_gr_a100,591cc951,0,42139.99159467445,999
4,panel_raw_gr_a100,591cc951,1,371829.8944554187,1000
4,panel_raw_gr_a100,591cc951,2,663255.4351835919,1000
4,panel_raw_gr_a100,591cc951,3,1454377.6096056402,1000
4,panel_raw_gr_a100,591cc951,4,1308628.1622904565,610
4,panel_phase_a10,591cc951,0,47033.38875852433,999
4,panel_phase_a10,591cc951,1,419253.82132705813,1000
4,panel_phase_a10,591cc951,2,774545.5595285691,1000
4,panel_phase_a10,591cc951,3,1667850.6289461576,1000
4,panel_phase_a10,591cc951,4,1458190.485407169,610
4,panel_phase_a100,591cc951,0,44605.37812477918,999
4,panel_phase_a100,591cc951,1,418563.46633732104,1000
4,panel_phase_a100,591cc951,2,771548.8740698565,1000
4,panel_phase_a100,591cc951,3,1636641.1650878724,1000
4,panel_phase_a100,591cc951,4,1419398.7534288277,610
4,panel_phase_a1000,591cc951,0,33038.68489978945,999
4,panel_phase_a1000,591cc951,1,306484.2720515741,1000
4,panel_phase_a1000,591cc951,2,594842.4154829396,1000
4,panel_phase_a1000,591cc951,3,1252866.7784986342,1000
4,panel_phase_a1000,591cc951,4,1184491.3802011781,610
4,panel_geom_a100,7850c72e,0,108652.73804412781,999
4,panel_geom_a100,7850c72e,1,64820.128468403556,1000
4,panel_geom_a100,7850c72e,2,275426.8144986841,1000
4,panel_geom_a100,7850c72e,3,211285.26292634977,1000
4,panel_geom_a100,7850c72e,4,49389.8190806768,1000
4,panel_geom_a100,7850c72e,5,70647.23897764333,498
4,panel_raw_gr_a100,7850c72e,0,108185.69426580043,999
4,panel_raw_gr_a100,7850c72e,1,64715.864180701574,1000
4,panel_raw_gr_a100,7850c72e,2,275126.39369837573,1000
4,panel_raw_gr_a100,7850c72e,3,210567.33194826407,1000
4,panel_raw_gr_a100,7850c72e,4,49377.27778677254,1000
4,panel_raw_gr_a100,7850c72e,5,70739.35112845332,498
4,panel_phase_a10,7850c72e,0,115043.59750198814,999
4,panel_phase_a10,7850c72e,1,67087.38716929208,1000
4,panel_phase_a10,7850c72e,2,257821.45154037105,1000
4,panel_phase_a10,7850c72e,3,195280.67059380727,1000
4,panel_phase_a10,7850c72e,4,59519.52393166686,1000
4,panel_phase_a10,7850c72e,5,84080.04108101933,498
4,panel_phase_a100,7850c72e,0,116793.6112559498,999
4,panel_phase_a100,7850c72e,1,68967.232207111,1000
4,panel_phase_a100,7850c72e,2,256721.80620017461,1000
4,panel_phase_a100,7850c72e,3,191415.14124803306,1000
4,panel_phase_a100,7850c72e,4,57350.505610422515,1000
4,panel_phase_a100,7850c72e,5,74700.08229510243,498
4,panel_phase_a1000,7850c72e,0,115172.70542713428,999
4,panel_phase_a1000,7850c72e,1,67591.63582238136,1000
4,panel_phase_a1000,7850c72e,2,284066.63222513755,1000
4,panel_phase_a1000,7850c72e,3,226034.39373997803,1000
4,panel_phase_a1000,7850c72e,4,40136.55211117353,1000
4,panel_phase_a1000,7850c72e,5,49783.55284335105,498
4,panel_geom_a100,404c4384,0,7940.448087913093,911
4,panel_raw_gr_a100,404c4384,0,7886.398847358536,911
4,panel_phase_a10,404c4384,0,9149.92282844378,911
4,panel_phase_a100,404c4384,0,9074.401728334064,911
4,panel_phase_a1000,404c4384,0,8528.610117631351,911
4,panel_geom_a100,dd7d638e,0,875.2882804440413,999
4,panel_geom_a100,dd7d638e,1,6953.198382842618,1000
4,panel_geom_a100,dd7d638e,2,785.3127246740355,1000
4,panel_geom_a100,dd7d638e,3,4722.989860181134,1000
4,panel_geom_a100,dd7d638e,4,916.4232629771667,302
4,panel_raw_gr_a100,dd7d638e,0,902.7164170868332,999
4,panel_raw_gr_a100,dd7d638e,1,6976.444446896526,1000
4,panel_raw_gr_a100,dd7d638e,2,792.2195121917138,1000
4,panel_raw_gr_a100,dd7d638e,3,4716.40724270247,1000
4,panel_raw_gr_a100,dd7d638e,4,911.3757841969413,302
4,panel_phase_a10,dd7d638e,0,514.9314682270727,999
4,panel_phase_a10,dd7d638e,1,2499.897750315097,1000
4,panel_phase_a10,dd7d638e,2,3762.199904981316,1000
4,panel_phase_a10,dd7d638e,3,22864.18753440742,1000
4,panel_phase_a10,dd7d638e,4,3678.359737898417,302
4,panel_phase_a100,dd7d638e,0,564.1776170129405,999
4,panel_phase_a100,dd7d638e,1,2584.2096792716134,1000
4,panel_phase_a100,dd7d638e,2,3859.105411286428,1000
4,panel_phase_a100,dd7d638e,3,21281.45763905855,1000
4,panel_phase_a100,dd7d638e,4,3627.8249437529817,302
4,panel_phase_a1000,dd7d638e,0,583.1762993751747,999
4,panel_phase_a1000,dd7d638e,1,4122.931115215844,1000
4,panel_phase_a1000,dd7d638e,2,348.00302815951767,1000
4,panel_phase_a1000,dd7d638e,3,7177.823412450472,1000
4,panel_phase_a1000,dd7d638e,4,1916.0951755465642,302
4,panel_geom_a100,da3bfe4e,0,2335.5386703283757,999
4,panel_geom_a100,da3bfe4e,1,15967.062642251281,1000
4,panel_geom_a100,da3bfe4e,2,217190.49245121668,1000
4,panel_geom_a100,da3bfe4e,3,1045795.9090120808,1000
4,panel_geom_a100,da3bfe4e,4,1019055.7486000069,1000
4,panel_geom_a100,da3bfe4e,5,890569.2539974503,550
4,panel_raw_gr_a100,da3bfe4e,0,2396.1899160970065,999
4,panel_raw_gr_a100,da3bfe4e,1,16004.51260599909,1000
4,panel_raw_gr_a100,da3bfe4e,2,218430.00001374798,1000
4,panel_raw_gr_a100,da3bfe4e,3,1047001.5533595735,1000
4,panel_raw_gr_a100,da3bfe4e,4,1018634.8712239694,1000
4,panel_raw_gr_a100,da3bfe4e,5,890617.4693146124,550
4,panel_phase_a10,da3bfe4e,0,2946.5584729869247,999
4,panel_phase_a10,da3bfe4e,1,17766.35962018719,1000
4,panel_phase_a10,da3bfe4e,2,230754.7286823262,1000
4,panel_phase_a10,da3bfe4e,3,1109300.1601846197,1000
4,panel_phase_a10,da3bfe4e,4,1071731.0308856107,1000
4,panel_phase_a10,da3bfe4e,5,907257.3098836773,550
4,panel_phase_a100,da3bfe4e,0,2681.3881661687124,999
4,panel_phase_a100,da3bfe4e,1,16868.87624222332,1000
4,panel_phase_a100,da3bfe4e,2,224941.3761602535,1000
4,panel_phase_a100,da3bfe4e,3,1087037.1103497026,1000
4,panel_phase_a100,da3bfe4e,4,1056907.6936138254,1000
4,panel_phase_a100,da3bfe4e,5,901418.5962460557,550
4,panel_phase_a1000,da3bfe4e,0,1788.6422335540037,999
4,panel_phase_a1000,da3bfe4e,1,6098.898088836642,1000
4,panel_phase_a1000,da3bfe4e,2,120733.21517934828,1000
4,panel_phase_a1000,da3bfe4e,3,693229.1208061505,1000
4,panel_phase_a1000,da3bfe4e,4,648500.2142216121,1000
4,panel_phase_a1000,da3bfe4e,5,632391.8622163917,550
4,panel_geom_a100,113011eb,0,4817.086192335778,999
4,panel_geom_a100,113011eb,1,146335.99301031785,1000
4,panel_geom_a100,113011eb,2,502633.0287845472,1000
4,panel_geom_a100,113011eb,3,171386.21911686638,273
4,panel_raw_gr_a100,113011eb,0,4683.3733119203125,999
4,panel_raw_gr_a100,113011eb,1,146783.2825353739,1000
4,panel_raw_gr_a100,113011eb,2,502804.83419764566,1000
4,panel_raw_gr_a100,113011eb,3,171547.46118425188,273
4,panel_phase_a10,113011eb,0,4182.12070006641,999
4,panel_phase_a10,113011eb,1,142698.30832201598,1000
4,panel_phase_a10,113011eb,2,487435.52737865207,1000
4,panel_phase_a10,113011eb,3,165795.46308011372,273
4,panel_phase_a100,113011eb,0,4484.259703760918,999
4,panel_phase_a100,113011eb,1,143821.583436916,1000
4,panel_phase_a100,113011eb,2,487361.09009140736,1000
4,panel_phase_a100,113011eb,3,165303.75373549486,273
4,panel_phase_a1000,113011eb,0,6363.73436673308,999
4,panel_phase_a1000,113011eb,1,139015.46143839732,1000
4,panel_phase_a1000,113011eb,2,450976.6544149248,1000
4,panel_phase_a1000,113011eb,3,149290.64186112216,273
4,panel_geom_a100,74b6186b,0,13524.645677615681,999
4,panel_geom_a100,74b6186b,1,78612.55361022634,1000
4,panel_geom_a100,74b6186b,2,343442.06323856034,1000
4,panel_geom_a100,74b6186b,3,336276.3091724456,406
4,panel_raw_gr_a100,74b6186b,0,13611.007229356139,999
4,panel_raw_gr_a100,74b6186b,1,79044.40051686688,1000
4,panel_raw_gr_a100,74b6186b,2,344064.69560212485,1000
4,panel_raw_gr_a100,74b6186b,3,336632.5723515076,406
4,panel_phase_a10,74b6186b,0,12584.80576985864,999
4,panel_phase_a10,74b6186b,1,79278.46160521265,1000
4,panel_phase_a10,74b6186b,2,330210.09577346634,1000
4,panel_phase_a10,74b6186b,3,327575.19230173546,406
4,panel_phase_a100,74b6186b,0,13016.948613656092,999
4,panel_phase_a100,74b6186b,1,86228.07490378445,1000
4,panel_phase_a100,74b6186b,2,354072.93064829055,1000
4,panel_phase_a100,74b6186b,3,330534.62174837396,406
4,panel_phase_a1000,74b6186b,0,14707.746805849501,999
4,panel_phase_a1000,74b6186b,1,90333.32868131188,1000
4,panel_phase_a1000,74b6186b,2,304523.0089337099,1000
4,panel_phase_a1000,74b6186b,3,278095.4807475395,406
4,panel_geom_a100,3ef98781,0,20251.764206473694,999
4,panel_geom_a100,3ef98781,1,25942.283251077755,1000
4,panel_geom_a100,3ef98781,2,75987.82457085518,1000
4,panel_geom_a100,3ef98781,3,108654.00105157265,893
4,panel_raw_gr_a100,3ef98781,0,20012.90948916511,999
4,panel_raw_gr_a100,3ef98781,1,25614.851948991905,1000
4,panel_raw_gr_a100,3ef98781,2,75502.23769959246,1000
4,panel_raw_gr_a100,3ef98781,3,108245.79562350469,893
4,panel_phase_a10,3ef98781,0,22760.647288024094,999
4,panel_phase_a10,3ef98781,1,40466.53524868398,1000
4,panel_phase_a10,3ef98781,2,114806.35596710011,1000
4,panel_phase_a10,3ef98781,3,180706.40239157903,893
4,panel_phase_a100,3ef98781,0,20333.777522111886,999
4,panel_phase_a100,3ef98781,1,23781.61595840958,1000
4,panel_phase_a100,3ef98781,2,69044.88567756397,1000
4,panel_phase_a100,3ef98781,3,96356.69149708284,893
4,panel_phase_a1000,3ef98781,0,18560.40733261947,999
4,panel_phase_a1000,3ef98781,1,4269.5936064572525,1000
4,panel_phase_a1000,3ef98781,2,9808.447135670109,1000
4,panel_phase_a1000,3ef98781,3,550.8607316059346,893
4,panel_geom_a100,8b95d6d1,0,10335.249209152944,999
4,panel_geom_a100,8b95d6d1,1,4245.669530538179,732
4,panel_raw_gr_a100,8b95d6d1,0,9944.376086166298,999
4,panel_raw_gr_a100,8b95d6d1,1,4323.891935619664,732
4,panel_phase_a10,8b95d6d1,0,9825.540823372807,999
4,panel_phase_a10,8b95d6d1,1,4549.878731396789,732
4,panel_phase_a100,8b95d6d1,0,10237.254611512668,999
4,panel_phase_a100,8b95d6d1,1,4235.901773413461,732
4,panel_phase_a1000,8b95d6d1,0,21891.483110071196,999
4,panel_phase_a1000,8b95d6d1,1,6892.277334122441,732
4,panel_geom_a100,aee6393a,0,26220.074495812954,999
4,panel_geom_a100,aee6393a,1,185512.89572041715,1000
4,panel_geom_a100,aee6393a,2,634912.8803309437,1000
4,panel_geom_a100,aee6393a,3,1512388.9188789276,1000
4,panel_geom_a100,aee6393a,4,2029929.8023665824,1000
4,panel_geom_a100,aee6393a,5,2688814.696198658,866
4,panel_raw_gr_a100,aee6393a,0,26090.065970657393,999
4,panel_raw_gr_a100,aee6393a,1,185253.15930624033,1000
4,panel_raw_gr_a100,aee6393a,2,634792.4327739271,1000
4,panel_raw_gr_a100,aee6393a,3,1511704.2209301428,1000
4,panel_raw_gr_a100,aee6393a,4,2028503.406186921,1000
4,panel_raw_gr_a100,aee6393a,5,2685807.5235565654,866
4,panel_phase_a10,aee6393a,0,25335.508308327626,999
4,panel_phase_a10,aee6393a,1,181016.2990122007,1000
4,panel_phase_a10,aee6393a,2,628137.2896325846,1000
4,panel_phase_a10,aee6393a,3,1504888.3828927681,1000
4,panel_phase_a10,aee6393a,4,2041208.0859578042,1000
4,panel_phase_a10,aee6393a,5,2756530.103797181,866
4,panel_phase_a100,aee6393a,0,25401.62074643456,999
4,panel_phase_a100,aee6393a,1,179907.71850048684,1000
4,panel_phase_a100,aee6393a,2,623045.9155635806,1000
4,panel_phase_a100,aee6393a,3,1500259.2743125674,1000
4,panel_phase_a100,aee6393a,4,2048395.4252057509,1000
4,panel_phase_a100,aee6393a,5,2747401.9065488535,866
4,panel_phase_a1000,aee6393a,0,26354.59955856936,999
4,panel_phase_a1000,aee6393a,1,175852.71635068738,1000
4,panel_phase_a1000,aee6393a,2,614017.345890078,1000
4,panel_phase_a1000,aee6393a,3,1384786.134573294,1000
4,panel_phase_a1000,aee6393a,4,1854266.104876681,1000
4,panel_phase_a1000,aee6393a,5,2410153.338141993,866
4,panel_geom_a100,3f603129,0,1969.275699263154,999
4,panel_geom_a100,3f603129,1,31102.329999733796,1000
4,panel_geom_a100,3f603129,2,31065.79012092971,1000
4,panel_geom_a100,3f603129,3,62347.68698777378,1000
4,panel_geom_a100,3f603129,4,213323.8197648811,1000
4,panel_geom_a100,3f603129,5,15222.527341499448,52
4,panel_raw_gr_a100,3f603129,0,1952.4995279213365,999
4,panel_raw_gr_a100,3f603129,1,31761.31118170738,1000
4,panel_raw_gr_a100,3f603129,2,31626.736557376513,1000
4,panel_raw_gr_a100,3f603129,3,61113.92098035477,1000
4,panel_raw_gr_a100,3f603129,4,210826.49083480294,1000
4,panel_raw_gr_a100,3f603129,5,15055.382770151293,52
4,panel_phase_a10,3f603129,0,2699.630914304699,999
4,panel_phase_a10,3f603129,1,32447.04767167682,1000
4,panel_phase_a10,3f603129,2,37039.52987499162,1000
4,panel_phase_a10,3f603129,3,46942.85537543789,1000
4,panel_phase_a10,3f603129,4,189870.4980035004,1000
4,panel_phase_a10,3f603129,5,13608.187738991111,52
4,panel_phase_a100,3f603129,0,2230.5100066527216,999
4,panel_phase_a100,3f603129,1,30570.54059223116,1000
4,panel_phase_a100,3f603129,2,32824.93131233894,1000
4,panel_phase_a100,3f603129,3,65100.63300567306,1000
4,panel_phase_a100,3f603129,4,208621.910838258,1000
4,panel_phase_a100,3f603129,5,14409.750666028162,52
4,panel_phase_a1000,3f603129,0,2954.2310264916637,999
4,panel_phase_a1000,3f603129,1,21382.191182392282,1000
4,panel_phase_a1000,3f603129,2,20131.508929684675,1000
4,panel_phase_a1000,3f603129,3,134753.75340944424,1000
4,panel_phase_a1000,3f603129,4,362952.3702719169,1000
4,panel_phase_a1000,3f603129,5,25011.83660222112,52
4,panel_geom_a100,1f9afacb,0,9827.332051001331,999
4,panel_geom_a100,1f9afacb,1,54484.900666367605,1000
4,panel_geom_a100,1f9afacb,2,165607.5839542741,1000
4,panel_geom_a100,1f9afacb,3,168297.27812387195,1000
4,panel_geom_a100,1f9afacb,4,309007.416029531,1000
4,panel_geom_a100,1f9afacb,5,154473.3113062142,329
4,panel_raw_gr_a100,1f9afacb,0,9893.685888934551,999
4,panel_raw_gr_a100,1f9afacb,1,54663.83728012254,1000
4,panel_raw_gr_a100,1f9afacb,2,166133.055758492,1000
4,panel_raw_gr_a100,1f9afacb,3,169029.54265676346,1000
4,panel_raw_gr_a100,1f9afacb,4,310117.7633309779,1000
4,panel_raw_gr_a100,1f9afacb,5,154740.15231189167,329
4,panel_phase_a10,1f9afacb,0,11898.148526508752,999
4,panel_phase_a10,1f9afacb,1,74254.41588638215,1000
4,panel_phase_a10,1f9afacb,2,218279.48915209607,1000
4,panel_phase_a10,1f9afacb,3,240695.81318602996,1000
4,panel_phase_a10,1f9afacb,4,420327.33117907867,1000
4,panel_phase_a10,1f9afacb,5,198137.79858393897,329
4,panel_phase_a100,1f9afacb,0,9920.675099155429,999
4,panel_phase_a100,1f9afacb,1,56514.06228392225,1000
4,panel_phase_a100,1f9afacb,2,172309.68031649556,1000
4,panel_phase_a100,1f9afacb,3,175979.18981269692,1000
4,panel_phase_a100,1f9afacb,4,314059.5040861361,1000
4,panel_phase_a100,1f9afacb,5,152390.65899877605,329
4,panel_phase_a1000,1f9afacb,0,3686.4422041372322,999
4,panel_phase_a1000,1f9afacb,1,15697.398811806319,1000
4,panel_phase_a1000,1f9afacb,2,46084.21050683744,1000
4,panel_phase_a1000,1f9afacb,3,24241.033058850193,1000
4,panel_phase_a1000,1f9afacb,4,38679.78392170145,1000
4,panel_phase_a1000,1f9afacb,5,28092.660632782074,329
4,panel_geom_a100,a3f71395,0,27581.35321037488,999
4,panel_geom_a100,a3f71395,1,461417.10185088235,1000
4,panel_geom_a100,a3f71395,2,2955398.206733159,1000
4,panel_geom_a100,a3f71395,3,9514363.332331456,1000
4,panel_geom_a100,a3f71395,4,10276445.298939452,1000
4,panel_geom_a100,a3f71395,5,5525127.171602087,544
4,panel_raw_gr_a100,a3f71395,0,27641.992795416765,999
4,panel_raw_gr_a100,a3f71395,1,461622.398263076,1000
4,panel_raw_gr_a100,a3f71395,2,2956283.605571651,1000
4,panel_raw_gr_a100,a3f71395,3,9514286.04796812,1000
4,panel_raw_gr_a100,a3f71395,4,10273958.80509222,1000
4,panel_raw_gr_a100,a3f71395,5,5523273.064678105,544
4,panel_phase_a10,a3f71395,0,31022.124325207868,999
4,panel_phase_a10,a3f71395,1,475025.33975240897,1000
4,panel_phase_a10,a3f71395,2,3010551.1684788433,1000
4,panel_phase_a10,a3f71395,3,9600039.354989443,1000
4,panel_phase_a10,a3f71395,4,10390455.304354468,1000
4,panel_phase_a10,a3f71395,5,5604578.866784168,544
4,panel_phase_a100,a3f71395,0,27507.11601161874,999
4,panel_phase_a100,a3f71395,1,453702.434422487,1000
4,panel_phase_a100,a3f71395,2,2935206.8372171377,1000
4,panel_phase_a100,a3f71395,3,9428867.315372862,1000
4,panel_phase_a100,a3f71395,4,10140094.482605156,1000
4,panel_phase_a100,a3f71395,5,5456205.724505789,544
4,panel_phase_a1000,a3f71395,0,13866.192576471265,999
4,panel_phase_a1000,a3f71395,1,306878.8073477122,1000
4,panel_phase_a1000,a3f71395,2,2321012.2660626494,1000
4,panel_phase_a1000,a3f71395,3,8066528.762706888,1000
4,panel_phase_a1000,a3f71395,4,8250565.553612121,1000
4,panel_phase_a1000,a3f71395,5,4445154.660018462,544
4,panel_geom_a100,01982c1d,0,570.9540886079453,999
4,panel_geom_a100,01982c1d,1,13594.260402234268,1000
4,panel_geom_a100,01982c1d,2,12614.976859763323,1000
4,panel_geom_a100,01982c1d,3,73422.92304407364,942
4,panel_raw_gr_a100,01982c1d,0,551.5734593040829,999
4,panel_raw_gr_a100,01982c1d,1,13587.492686489377,1000
4,panel_raw_gr_a100,01982c1d,2,12546.837695155837,1000
4,panel_raw_gr_a100,01982c1d,3,73507.82297900123,942
4,panel_phase_a10,01982c1d,0,813.4095419803833,999
4,panel_phase_a10,01982c1d,1,13490.909907997517,1000
4,panel_phase_a10,01982c1d,2,11082.810396988574,1000
4,panel_phase_a10,01982c1d,3,71399.72429670178,942
4,panel_phase_a100,01982c1d,0,571.5299443810623,999
4,panel_phase_a100,01982c1d,1,13672.476983995546,1000
4,panel_phase_a100,01982c1d,2,11241.537923009286,1000
4,panel_phase_a100,01982c1d,3,69340.67830228331,942
4,panel_phase_a1000,01982c1d,0,605.5865105021387,999
4,panel_phase_a1000,01982c1d,1,7079.390321934247,1000
4,panel_phase_a1000,01982c1d,2,2593.4240288297838,1000
4,panel_phase_a1000,01982c1d,3,98851.32700575952,942
4,panel_geom_a100,c9e6734f,0,59489.12873456045,999
4,panel_geom_a100,c9e6734f,1,821752.4418662011,1000
4,panel_geom_a100,c9e6734f,2,2440578.844638384,1000
4,panel_geom_a100,c9e6734f,3,5573966.150583516,1000
4,panel_geom_a100,c9e6734f,4,6443952.316057573,736
4,panel_raw_gr_a100,c9e6734f,0,59662.548421747626,999
4,panel_raw_gr_a100,c9e6734f,1,823389.8760536639,1000
4,panel_raw_gr_a100,c9e6734f,2,2440931.2319843094,1000
4,panel_raw_gr_a100,c9e6734f,3,5574027.495604279,1000
4,panel_raw_gr_a100,c9e6734f,4,6442705.874562545,736
4,panel_phase_a10,c9e6734f,0,58175.75235003867,999
4,panel_phase_a10,c9e6734f,1,811819.0425062502,1000
4,panel_phase_a10,c9e6734f,2,2388484.4982608096,1000
4,panel_phase_a10,c9e6734f,3,5471783.694382585,1000
4,panel_phase_a10,c9e6734f,4,6428818.366978543,736
4,panel_phase_a100,c9e6734f,0,62266.28842993829,999
4,panel_phase_a100,c9e6734f,1,831023.2688244589,1000
4,panel_phase_a100,c9e6734f,2,2427929.813880319,1000
4,panel_phase_a100,c9e6734f,3,5533887.559672371,1000
4,panel_phase_a100,c9e6734f,4,6400041.281423606,736
4,panel_phase_a1000,c9e6734f,0,47419.870295266344,999
4,panel_phase_a1000,c9e6734f,1,751131.8446857723,1000
4,panel_phase_a1000,c9e6734f,2,2282605.5457950593,1000
4,panel_phase_a1000,c9e6734f,3,4978732.471547497,1000
4,panel_phase_a1000,c9e6734f,4,5428843.091883178,736
4,panel_geom_a100,f439a621,0,170909.06396703684,999
4,panel_geom_a100,f439a621,1,1176067.199498978,1000
4,panel_geom_a100,f439a621,2,2956513.3804625934,822
4,panel_raw_gr_a100,f439a621,0,171031.0174366021,999
4,panel_raw_gr_a100,f439a621,1,1176456.820025462,1000
4,panel_raw_gr_a100,f439a621,2,2957451.467983135,822
4,panel_phase_a10,f439a621,0,179254.54672853573,999
4,panel_phase_a10,f439a621,1,1215913.0169072268,1000
4,panel_phase_a10,f439a621,2,3033142.0531824767,822
4,panel_phase_a100,f439a621,0,169536.74622073647,999
4,panel_phase_a100,f439a621,1,1203357.3334551458,1000
4,panel_phase_a100,f439a621,2,2948462.230506136,822
4,panel_phase_a1000,f439a621,0,120103.49696793628,999
4,panel_phase_a1000,f439a621,1,924302.0886967699,1000
4,panel_phase_a1000,f439a621,2,2361069.637479572,822
4,panel_geom_a100,98bc6f66,0,5210.620871451716,999
4,panel_geom_a100,98bc6f66,1,20034.28125825819,1000
4,panel_geom_a100,98bc6f66,2,7821.066209522274,1000
4,panel_geom_a100,98bc6f66,3,20399.852529281776,1000
4,panel_geom_a100,98bc6f66,4,151498.64023319617,1000
4,panel_geom_a100,98bc6f66,5,845548.4953116366,1000
4,panel_geom_a100,98bc6f66,6,76132.4356697174,64
4,panel_raw_gr_a100,98bc6f66,0,5262.21401639242,999
4,panel_raw_gr_a100,98bc6f66,1,20207.54727644397,1000
4,panel_raw_gr_a100,98bc6f66,2,7952.056292380057,1000
4,panel_raw_gr_a100,98bc6f66,3,20184.210351419515,1000
4,panel_raw_gr_a100,98bc6f66,4,150740.7474590217,1000
4,panel_raw_gr_a100,98bc6f66,5,842376.2833170022,1000
4,panel_raw_gr_a100,98bc6f66,6,75986.81292407103,64
4,panel_phase_a10,98bc6f66,0,4270.463323210156,999
4,panel_phase_a10,98bc6f66,1,19111.61920538397,1000
4,panel_phase_a10,98bc6f66,2,9415.183045108404,1000
4,panel_phase_a10,98bc6f66,3,16115.568362196493,1000
4,panel_phase_a10,98bc6f66,4,143100.07637001728,1000
4,panel_phase_a10,98bc6f66,5,805938.0394189274,1000
4,panel_phase_a10,98bc6f66,6,73284.61876772135,64
4,panel_phase_a100,98bc6f66,0,5255.759631144793,999
4,panel_phase_a100,98bc6f66,1,20259.72368981467,1000
4,panel_phase_a100,98bc6f66,2,8829.250927183286,1000
4,panel_phase_a100,98bc6f66,3,16671.447301808603,1000
4,panel_phase_a100,98bc6f66,4,143101.341151462,1000
4,panel_phase_a100,98bc6f66,5,805359.0304371944,1000
4,panel_phase_a100,98bc6f66,6,72978.48655155521,64
4,panel_phase_a1000,98bc6f66,0,12712.2422496583,999
4,panel_phase_a1000,98bc6f66,1,46044.747604877426,1000
4,panel_phase_a1000,98bc6f66,2,29245.194652992504,1000
4,panel_phase_a1000,98bc6f66,3,4250.883994645974,1000
4,panel_phase_a1000,98bc6f66,4,85338.68594024511,1000
4,panel_phase_a1000,98bc6f66,5,649626.1389873031,1000
4,panel_phase_a1000,98bc6f66,6,63103.30423841479,64
4,panel_geom_a100,e730c32b,0,33690.1186783231,999
4,panel_geom_a100,e730c32b,1,172953.28924666173,1000
4,panel_geom_a100,e730c32b,2,904253.2506008979,1000
4,panel_geom_a100,e730c32b,3,1191699.3433161203,1000
4,panel_geom_a100,e730c32b,4,952201.7065093225,729
4,panel_raw_gr_a100,e730c32b,0,33661.30334362667,999
4,panel_raw_gr_a100,e730c32b,1,173099.9241563019,1000
4,panel_raw_gr_a100,e730c32b,2,902878.565683208,1000
4,panel_raw_gr_a100,e730c32b,3,1191435.3673022,1000
4,panel_raw_gr_a100,e730c32b,4,952055.4550101364,729
4,panel_phase_a10,e730c32b,0,29426.14722791151,999
4,panel_phase_a10,e730c32b,1,149843.4019044047,1000
4,panel_phase_a10,e730c32b,2,816584.6783068338,1000
4,panel_phase_a10,e730c32b,3,1035254.7651825056,1000
4,panel_phase_a10,e730c32b,4,800915.526107368,729
4,panel_phase_a100,e730c32b,0,34194.264711822856,999
4,panel_phase_a100,e730c32b,1,174387.84509559665,1000
4,panel_phase_a100,e730c32b,2,901741.1635318279,1000
4,panel_phase_a100,e730c32b,3,1192910.0197071715,1000
4,panel_phase_a100,e730c32b,4,955030.5681940527,729
4,panel_phase_a1000,e730c32b,0,49974.52300606576,999
4,panel_phase_a1000,e730c32b,1,279221.3143395408,1000
4,panel_phase_a1000,e730c32b,2,1218494.0839875513,1000
4,panel_phase_a1000,e730c32b,3,1672509.8125526689,1000
4,panel_phase_a1000,e730c32b,4,1442503.328711055,729
4,panel_geom_a100,865033f8,0,3530.69896409017,999
4,panel_geom_a100,865033f8,1,46961.80792393581,1000
4,panel_geom_a100,865033f8,2,17526.98643797028,1000
4,panel_geom_a100,865033f8,3,3221.996751653278,558
4,panel_raw_gr_a100,865033f8,0,3525.818157548207,999
4,panel_raw_gr_a100,865033f8,1,47012.53870091284,1000
4,panel_raw_gr_a100,865033f8,2,17536.461585663816,1000
4,panel_raw_gr_a100,865033f8,3,3252.871248860297,558
4,panel_phase_a10,865033f8,0,2738.863276817516,999
4,panel_phase_a10,865033f8,1,29722.892077374454,1000
4,panel_phase_a10,865033f8,2,9267.802403325382,1000
4,panel_phase_a10,865033f8,3,540.2979774579526,558
4,panel_phase_a100,865033f8,0,2626.781189027067,999
4,panel_phase_a100,865033f8,1,29092.073880459484,1000
4,panel_phase_a100,865033f8,2,7854.826739555933,1000
4,panel_phase_a100,865033f8,3,416.6288531233593,558
4,panel_phase_a1000,865033f8,0,3010.9079992192765,999
4,panel_phase_a1000,865033f8,1,43816.32410353794,1000
4,panel_phase_a1000,865033f8,2,9344.433762747998,1000
4,panel_phase_a1000,865033f8,3,582.9525252164638,558
4,panel_geom_a100,729665c0,0,6574.045785612876,999
4,panel_geom_a100,729665c0,1,8154.599526537618,1000
4,panel_geom_a100,729665c0,2,5088.962252239978,1000
4,panel_geom_a100,729665c0,3,115456.69766029065,1000
4,panel_geom_a100,729665c0,4,45685.56321094549,264
4,panel_raw_gr_a100,729665c0,0,6709.271232162624,999
4,panel_raw_gr_a100,729665c0,1,7865.672812052884,1000
4,panel_raw_gr_a100,729665c0,2,5211.398287394333,1000
4,panel_raw_gr_a100,729665c0,3,116778.5001877246,1000
4,panel_raw_gr_a100,729665c0,4,46126.214951862734,264
4,panel_phase_a10,729665c0,0,6292.744504364735,999
4,panel_phase_a10,729665c0,1,6293.89163249655,1000
4,panel_phase_a10,729665c0,2,8222.168828107893,1000
4,panel_phase_a10,729665c0,3,138719.09895879033,1000
4,panel_phase_a10,729665c0,4,51837.554541688376,264
4,panel_phase_a100,729665c0,0,6467.492737642251,999
4,panel_phase_a100,729665c0,1,6535.641047219768,1000
4,panel_phase_a100,729665c0,2,8298.587151325219,1000
4,panel_phase_a100,729665c0,3,138723.22899704866,1000
4,panel_phase_a100,729665c0,4,54537.05083320721,264
4,panel_phase_a1000,729665c0,0,9134.059371974352,999
4,panel_phase_a1000,729665c0,1,12075.378457479894,1000
4,panel_phase_a1000,729665c0,2,3971.6357289518023,1000
4,panel_phase_a1000,729665c0,3,84698.60267861337,1000
4,panel_phase_a1000,729665c0,4,33000.24372106145,264
4,panel_geom_a100,7cbbd047,0,26665.5169693753,999
4,panel_geom_a100,7cbbd047,1,551156.653574865,1000
4,panel_geom_a100,7cbbd047,2,1828536.4546897484,1000
4,panel_geom_a100,7cbbd047,3,3236762.147723819,1000
4,panel_geom_a100,7cbbd047,4,4640689.697571508,1000
4,panel_geom_a100,7cbbd047,5,577977.1341823566,122
4,panel_raw_gr_a100,7cbbd047,0,27218.884330021006,999
4,panel_raw_gr_a100,7cbbd047,1,554333.0584610341,1000
4,panel_raw_gr_a100,7cbbd047,2,1833848.0602462506,1000
4,panel_raw_gr_a100,7cbbd047,3,3244291.1001732945,1000
4,panel_raw_gr_a100,7cbbd047,4,4650943.179726671,1000
4,panel_raw_gr_a100,7cbbd047,5,579186.2901188992,122
4,panel_phase_a10,7cbbd047,0,23847.471779318854,999
4,panel_phase_a10,7cbbd047,1,541582.0078624483,1000
4,panel_phase_a10,7cbbd047,2,1836742.1288563,1000
4,panel_phase_a10,7cbbd047,3,3356582.3311812826,1000
4,panel_phase_a10,7cbbd047,4,4949061.174055167,1000
4,panel_phase_a10,7cbbd047,5,614445.3845190568,122
4,panel_phase_a100,7cbbd047,0,23977.011064816998,999
4,panel_phase_a100,7cbbd047,1,537216.2502728638,1000
4,panel_phase_a100,7cbbd047,2,1804910.8412585587,1000
4,panel_phase_a100,7cbbd047,3,3232302.340259472,1000
4,panel_phase_a100,7cbbd047,4,4898668.175415211,1000
4,panel_phase_a100,7cbbd047,5,607761.4707239164,122
4,panel_phase_a1000,7cbbd047,0,14698.834415512458,999
4,panel_phase_a1000,7cbbd047,1,452914.66846692696,1000
4,panel_phase_a1000,7cbbd047,2,1494594.3891120483,1000
4,panel_phase_a1000,7cbbd047,3,2551483.1897984534,1000
4,panel_phase_a1000,7cbbd047,4,4268501.683681001,1000
4,panel_phase_a1000,7cbbd047,5,559021.7182276029,122
4,panel_geom_a100,c70c0e01,0,153.54256184994227,999
4,panel_geom_a100,c70c0e01,1,36775.47175450668,1000
4,panel_geom_a100,c70c0e01,2,81332.63273649524,1000
4,panel_geom_a100,c70c0e01,3,427210.1277758785,1000
4,panel_geom_a100,c70c0e01,4,419805.81212770415,313
4,panel_raw_gr_a100,c70c0e01,0,162.37525202252647,999
4,panel_raw_gr_a100,c70c0e01,1,36507.065140863924,1000
4,panel_raw_gr_a100,c70c0e01,2,81278.64482037695,1000
4,panel_raw_gr_a100,c70c0e01,3,426315.2268056596,1000
4,panel_raw_gr_a100,c70c0e01,4,419307.4616085208,313
4,panel_phase_a10,c70c0e01,0,531.2879182320889,999
4,panel_phase_a10,c70c0e01,1,26313.52123204767,1000
4,panel_phase_a10,c70c0e01,2,59654.28239394556,1000
4,panel_phase_a10,c70c0e01,3,360445.2271746208,1000
4,panel_phase_a10,c70c0e01,4,380269.9519976354,313
4,panel_phase_a100,c70c0e01,0,216.69770478313754,999
4,panel_phase_a100,c70c0e01,1,29370.103776595635,1000
4,panel_phase_a100,c70c0e01,2,61791.38764154512,1000
4,panel_phase_a100,c70c0e01,3,370171.83392989455,1000
4,panel_phase_a100,c70c0e01,4,380477.0159448436,313
4,panel_phase_a1000,c70c0e01,0,743.1303531973225,999
4,panel_phase_a1000,c70c0e01,1,48795.063569035745,1000
4,panel_phase_a1000,c70c0e01,2,75658.87611241857,1000
4,panel_phase_a1000,c70c0e01,3,450549.3374876009,1000
4,panel_phase_a1000,c70c0e01,4,391219.2388006064,313
4,panel_geom_a100,a87433c9,0,7671.810920843029,999
4,panel_geom_a100,a87433c9,1,34951.540899233165,1000
4,panel_geom_a100,a87433c9,2,220482.0060384384,1000
4,panel_geom_a100,a87433c9,3,300955.0568706545,1000
4,panel_geom_a100,a87433c9,4,489220.44855354546,1000
4,panel_geom_a100,a87433c9,5,345637.1160160168,722
4,panel_raw_gr_a100,a87433c9,0,7663.475467736966,999
4,panel_raw_gr_a100,a87433c9,1,35018.62477612321,1000
4,panel_raw_gr_a100,a87433c9,2,220767.04896046867,1000
4,panel_raw_gr_a100,a87433c9,3,301367.7364415861,1000
4,panel_raw_gr_a100,a87433c9,4,489817.22454694525,1000
4,panel_raw_gr_a100,a87433c9,5,346067.43239368347,722
4,panel_phase_a10,a87433c9,0,8809.700475525298,999
4,panel_phase_a10,a87433c9,1,43834.81356057546,1000
4,panel_phase_a10,a87433c9,2,256270.56947157707,1000
4,panel_phase_a10,a87433c9,3,351855.919263626,1000
4,panel_phase_a10,a87433c9,4,568882.9793891892,1000
4,panel_phase_a10,a87433c9,5,410537.89235386526,722
4,panel_phase_a100,a87433c9,0,7744.639463507695,999
4,panel_phase_a100,a87433c9,1,35027.61485379394,1000
4,panel_phase_a100,a87433c9,2,222380.5438053573,1000
4,panel_phase_a100,a87433c9,3,309132.5178928221,1000
4,panel_phase_a100,a87433c9,4,504544.1518185332,1000
4,panel_phase_a100,a87433c9,5,365402.8598743014,722
4,panel_phase_a1000,a87433c9,0,5714.221521668048,999
4,panel_phase_a1000,a87433c9,1,6725.292556814817,1000
4,panel_phase_a1000,a87433c9,2,42095.021428246226,1000
4,panel_phase_a1000,a87433c9,3,53722.21289162676,1000
4,panel_phase_a1000,a87433c9,4,103264.41263403418,1000
4,panel_phase_a1000,a87433c9,5,71847.77641295444,722
4,panel_geom_a100,f6bc699b,0,4845.897173294072,999
4,panel_geom_a100,f6bc699b,1,1566.8337195248264,1000
4,panel_geom_a100,f6bc699b,2,50448.57111476244,1000
4,panel_geom_a100,f6bc699b,3,40340.886525489455,753
4,panel_raw_gr_a100,f6bc699b,0,4823.279872626602,999
4,panel_raw_gr_a100,f6bc699b,1,1550.9544437482784,1000
4,panel_raw_gr_a100,f6bc699b,2,50614.30507979338,1000
4,panel_raw_gr_a100,f6bc699b,3,40463.16076547741,753
4,panel_phase_a10,f6bc699b,0,4363.2238942783815,999
4,panel_phase_a10,f6bc699b,1,1683.368541170548,1000
4,panel_phase_a10,f6bc699b,2,56300.73637083435,1000
4,panel_phase_a10,f6bc699b,3,47450.87126478763,753
4,panel_phase_a100,f6bc699b,0,3810.2250719989884,999
4,panel_phase_a100,f6bc699b,1,1991.207837680086,1000
4,panel_phase_a100,f6bc699b,2,54677.95366710101,1000
4,panel_phase_a100,f6bc699b,3,46746.184935681784,753
4,panel_phase_a1000,f6bc699b,0,1935.1348252895518,999
4,panel_phase_a1000,f6bc699b,1,7999.171473533412,1000
4,panel_phase_a1000,f6bc699b,2,36642.37218603825,1000
4,panel_phase_a1000,f6bc699b,3,25027.11178266004,753
4,panel_geom_a100,8382f4b6,0,23778.20933708342,999
4,panel_geom_a100,8382f4b6,1,17299.987239832655,1000
4,panel_geom_a100,8382f4b6,2,4654.402010397529,1000
4,panel_geom_a100,8382f4b6,3,109625.9013432128,1000
4,panel_geom_a100,8382f4b6,4,444242.96742153715,968
4,panel_raw_gr_a100,8382f4b6,0,23998.236467796,999
4,panel_raw_gr_a100,8382f4b6,1,17472.62915956298,1000
4,panel_raw_gr_a100,8382f4b6,2,4545.361851739487,1000
4,panel_raw_gr_a100,8382f4b6,3,109282.8479400301,1000
4,panel_raw_gr_a100,8382f4b6,4,444431.6416352537,968
4,panel_phase_a10,8382f4b6,0,20249.094877936725,999
4,panel_phase_a10,8382f4b6,1,9891.013537285948,1000
4,panel_phase_a10,8382f4b6,2,14350.768776103898,1000
4,panel_phase_a10,8382f4b6,3,170658.37745853033,1000
4,panel_phase_a10,8382f4b6,4,602230.3026617897,968
4,panel_phase_a100,8382f4b6,0,21027.064358975444,999
4,panel_phase_a100,8382f4b6,1,12551.037667593246,1000
4,panel_phase_a100,8382f4b6,2,8301.71772835715,1000
4,panel_phase_a100,8382f4b6,3,134428.0853505594,1000
4,panel_phase_a100,8382f4b6,4,488323.53320283454,968
4,panel_phase_a1000,8382f4b6,0,20753.924346365675,999
4,panel_phase_a1000,8382f4b6,1,25769.81575764672,1000
4,panel_phase_a1000,8382f4b6,2,3309.7459745056276,1000
4,panel_phase_a1000,8382f4b6,3,23249.170725044554,1000
4,panel_phase_a1000,8382f4b6,4,135008.76224280466,968
4,panel_geom_a100,27c3155b,0,12741.56286841184,999
4,panel_geom_a100,27c3155b,1,83425.39506960419,1000
4,panel_geom_a100,27c3155b,2,1026487.8752726034,1000
4,panel_geom_a100,27c3155b,3,1498683.9541411602,1000
4,panel_geom_a100,27c3155b,4,1322329.6104269363,959
4,panel_raw_gr_a100,27c3155b,0,12822.634946066326,999
4,panel_raw_gr_a100,27c3155b,1,83253.86709557081,1000
4,panel_raw_gr_a100,27c3155b,2,1025740.6810190219,1000
4,panel_raw_gr_a100,27c3155b,3,1497446.0616215914,1000
4,panel_raw_gr_a100,27c3155b,4,1321856.9576423042,959
4,panel_phase_a10,27c3155b,0,12607.084533086823,999
4,panel_phase_a10,27c3155b,1,89536.82083664923,1000
4,panel_phase_a10,27c3155b,2,1049562.0383247593,1000
4,panel_phase_a10,27c3155b,3,1520056.744074536,1000
4,panel_phase_a10,27c3155b,4,1340585.6407158412,959
4,panel_phase_a100,27c3155b,0,12736.353346058171,999
4,panel_phase_a100,27c3155b,1,81691.38468090107,1000
4,panel_phase_a100,27c3155b,2,1028202.5269091359,1000
4,panel_phase_a100,27c3155b,3,1522156.1666281382,1000
4,panel_phase_a100,27c3155b,4,1362440.7508229974,959
4,panel_phase_a1000,27c3155b,0,17170.880443467024,999
4,panel_phase_a1000,27c3155b,1,30834.21873084199,1000
4,panel_phase_a1000,27c3155b,2,680478.6779910485,1000
4,panel_phase_a1000,27c3155b,3,1081586.5839422029,1000
4,panel_phase_a1000,27c3155b,4,1019878.4996474403,959
4,panel_geom_a100,398dce4b,0,17201.857219026526,999
4,panel_geom_a100,398dce4b,1,99237.13985838376,1000
4,panel_geom_a100,398dce4b,2,426270.3893538142,1000
4,panel_geom_a100,398dce4b,3,129169.11077370547,167
4,panel_raw_gr_a100,398dce4b,0,17096.65265180272,999
4,panel_raw_gr_a100,398dce4b,1,98605.12281440524,1000
4,panel_raw_gr_a100,398dce4b,2,424626.9807407092,1000
4,panel_raw_gr_a100,398dce4b,3,128823.42926993198,167
4,panel_phase_a10,398dce4b,0,17370.719236933102,999
4,panel_phase_a10,398dce4b,1,99607.72260151926,1000
4,panel_phase_a10,398dce4b,2,437659.94827638875,1000
4,panel_phase_a10,398dce4b,3,131113.8100147456,167
4,panel_phase_a100,398dce4b,0,16634.45185261307,999
4,panel_phase_a100,398dce4b,1,94891.95767805706,1000
4,panel_phase_a100,398dce4b,2,427736.58158081694,1000
4,panel_phase_a100,398dce4b,3,130289.77107547893,167
4,panel_phase_a1000,398dce4b,0,13223.86803218565,999
4,panel_phase_a1000,398dce4b,1,80418.22027224828,1000
4,panel_phase_a1000,398dce4b,2,386234.2687126624,1000
4,panel_phase_a1000,398dce4b,3,126983.75395723087,167
4,panel_geom_a100,2acc78d4,0,21371.161626259058,999
4,panel_geom_a100,2acc78d4,1,210002.51166042237,1000
4,panel_geom_a100,2acc78d4,2,378878.8669081262,1000
4,panel_geom_a100,2acc78d4,3,38509.5236479721,1000
4,panel_geom_a100,2acc78d4,4,321.00337432904814,267
4,panel_raw_gr_a100,2acc78d4,0,21410.65158787614,999
4,panel_raw_gr_a100,2acc78d4,1,210331.92393501167,1000
4,panel_raw_gr_a100,2acc78d4,2,378915.85529057373,1000
4,panel_raw_gr_a100,2acc78d4,3,38273.62186762692,1000
4,panel_raw_gr_a100,2acc78d4,4,335.7752682889012,267
4,panel_phase_a10,2acc78d4,0,20214.03367123565,999
4,panel_phase_a10,2acc78d4,1,209313.64616553287,1000
4,panel_phase_a10,2acc78d4,2,374799.52008661197,1000
4,panel_phase_a10,2acc78d4,3,37418.430690433146,1000
4,panel_phase_a10,2acc78d4,4,745.509357989081,267
4,panel_phase_a100,2acc78d4,0,21432.187045411512,999
4,panel_phase_a100,2acc78d4,1,213028.99049814846,1000
4,panel_phase_a100,2acc78d4,2,384510.08762703754,1000
4,panel_phase_a100,2acc78d4,3,41031.32329819535,1000
4,panel_phase_a100,2acc78d4,4,314.052288495125,267
4,panel_phase_a1000,2acc78d4,0,30783.47735174625,999
4,panel_phase_a1000,2acc78d4,1,313532.9730352118,1000
4,panel_phase_a1000,2acc78d4,2,610727.5712292298,1000
4,panel_phase_a1000,2acc78d4,3,158370.8008062866,1000
4,panel_phase_a1000,2acc78d4,4,12901.71674535908,267
4,panel_geom_a100,660d9546,0,18031.981529211585,999
4,panel_geom_a100,660d9546,1,193391.55121842347,1000
4,panel_geom_a100,660d9546,2,305371.03194923786,1000
4,panel_geom_a100,660d9546,3,157438.3150310866,1000
4,panel_geom_a100,660d9546,4,239508.64169377173,733
4,panel_raw_gr_a100,660d9546,0,18068.10603254597,999
4,panel_raw_gr_a100,660d9546,1,193558.5020673502,1000
4,panel_raw_gr_a100,660d9546,2,306114.5307599789,1000
4,panel_raw_gr_a100,660d9546,3,157719.0263205887,1000
4,panel_raw_gr_a100,660d9546,4,240557.34935583753,733
4,panel_phase_a10,660d9546,0,22759.844906100254,999
4,panel_phase_a10,660d9546,1,233481.66582206747,1000
4,panel_phase_a10,660d9546,2,401716.4360009064,1000
4,panel_phase_a10,660d9546,3,267492.6020080087,1000
4,panel_phase_a10,660d9546,4,378450.9725473955,733
4,panel_phase_a100,660d9546,0,17638.15952056092,999
4,panel_phase_a100,660d9546,1,193151.7100365902,1000
4,panel_phase_a100,660d9546,2,301253.26407988905,1000
4,panel_phase_a100,660d9546,3,149638.64920816635,1000
4,panel_phase_a100,660d9546,4,233281.80441431009,733
4,panel_phase_a1000,660d9546,0,3521.8832786877656,999
4,panel_phase_a1000,660d9546,1,71412.54989967083,1000
4,panel_phase_a1000,660d9546,2,96499.01251697993,1000
4,panel_phase_a1000,660d9546,3,4077.4731839781384,1000
4,panel_phase_a1000,660d9546,4,22912.491083103916,733
4,panel_geom_a100,cf50c9d1,0,3160.3030002867426,999
4,panel_geom_a100,cf50c9d1,1,38825.70406754129,1000
4,panel_geom_a100,cf50c9d1,2,19805.012914792496,1000
4,panel_geom_a100,cf50c9d1,3,145855.00298922404,1000
4,panel_geom_a100,cf50c9d1,4,246049.35869951037,859
4,panel_raw_gr_a100,cf50c9d1,0,3099.872423188006,999
4,panel_raw_gr_a100,cf50c9d1,1,38518.20897278526,1000
4,panel_raw_gr_a100,cf50c9d1,2,19663.342098668403,1000
4,panel_raw_gr_a100,cf50c9d1,3,145522.8150576965,1000
4,panel_raw_gr_a100,cf50c9d1,4,246913.554007939,859
4,panel_phase_a10,cf50c9d1,0,4888.842143636675,999
4,panel_phase_a10,cf50c9d1,1,53326.68332327593,1000
4,panel_phase_a10,cf50c9d1,2,39395.181166625865,1000
4,panel_phase_a10,cf50c9d1,3,206348.97296939735,1000
4,panel_phase_a10,cf50c9d1,4,334069.5116196248,859
4,panel_phase_a100,cf50c9d1,0,4544.136859656252,999
4,panel_phase_a100,cf50c9d1,1,51348.78895502234,1000
4,panel_phase_a100,cf50c9d1,2,39585.66467181819,1000
4,panel_phase_a100,cf50c9d1,3,211703.3828042732,1000
4,panel_phase_a100,cf50c9d1,4,335152.0043962544,859
4,panel_phase_a1000,cf50c9d1,0,2601.0954296967343,999
4,panel_phase_a1000,cf50c9d1,1,13822.874224985051,1000
4,panel_phase_a1000,cf50c9d1,2,4479.902750995528,1000
4,panel_phase_a1000,cf50c9d1,3,102290.48002915486,1000
4,panel_phase_a1000,cf50c9d1,4,192243.64209614354,859
4,panel_geom_a100,cb879f40,0,66419.52839307798,999
4,panel_geom_a100,cb879f40,1,697434.0798386682,1000
4,panel_geom_a100,cb879f40,2,909161.5344340339,1000
4,panel_geom_a100,cb879f40,3,956233.9773876474,1000
4,panel_geom_a100,cb879f40,4,2477586.22188507,1000
4,panel_geom_a100,cb879f40,5,2608540.057399759,1000
4,panel_geom_a100,cb879f40,6,594464.9573771217,316
4,panel_raw_gr_a100,cb879f40,0,66309.59142464738,999
4,panel_raw_gr_a100,cb879f40,1,697085.6156986615,1000
4,panel_raw_gr_a100,cb879f40,2,909020.779345031,1000
4,panel_raw_gr_a100,cb879f40,3,955318.1873815292,1000
4,panel_raw_gr_a100,cb879f40,4,2476195.1290262393,1000
4,panel_raw_gr_a100,cb879f40,5,2606930.970016304,1000
4,panel_raw_gr_a100,cb879f40,6,594326.1646457737,316
4,panel_phase_a10,cb879f40,0,61061.786263214184,999
4,panel_phase_a10,cb879f40,1,679440.3142149015,1000
4,panel_phase_a10,cb879f40,2,942862.2316256168,1000
4,panel_phase_a10,cb879f40,3,1029072.5291152766,1000
4,panel_phase_a10,cb879f40,4,2620473.1939183064,1000
4,panel_phase_a10,cb879f40,5,2760053.252155121,1000
4,panel_phase_a10,cb879f40,6,618816.0201868996,316
4,panel_phase_a100,cb879f40,0,65257.63636031483,999
4,panel_phase_a100,cb879f40,1,697663.3129226315,1000
4,panel_phase_a100,cb879f40,2,949189.5706011391,1000
4,panel_phase_a100,cb879f40,3,1017550.198321718,1000
4,panel_phase_a100,cb879f40,4,2622062.6297588036,1000
4,panel_phase_a100,cb879f40,5,2772649.94666993,1000
4,panel_phase_a100,cb879f40,6,639890.1199145027,316
4,panel_phase_a1000,cb879f40,0,83191.60315633986,999
4,panel_phase_a1000,cb879f40,1,758338.2477772685,1000
4,panel_phase_a1000,cb879f40,2,1173715.503321898,1000
4,panel_phase_a1000,cb879f40,3,1296099.3611970418,1000
4,panel_phase_a1000,cb879f40,4,3135442.588254983,1000
4,panel_phase_a1000,cb879f40,5,3332971.0591627373,1000
4,panel_phase_a1000,cb879f40,6,806223.030641707,316
4,panel_geom_a100,ecdab904,0,54545.514963563204,999
4,panel_geom_a100,ecdab904,1,235884.71823443167,1000
4,panel_geom_a100,ecdab904,2,419937.9651418131,1000
4,panel_geom_a100,ecdab904,3,1024778.2551474946,1000
4,panel_geom_a100,ecdab904,4,1060672.886483811,1000
4,panel_geom_a100,ecdab904,5,1620269.8188673067,1000
4,panel_geom_a100,ecdab904,6,424249.35591868096,148
4,panel_raw_gr_a100,ecdab904,0,54616.875430912594,999
4,panel_raw_gr_a100,ecdab904,1,235847.00558794005,1000
4,panel_raw_gr_a100,ecdab904,2,419644.4721953797,1000
4,panel_raw_gr_a100,ecdab904,3,1024888.9377359782,1000
4,panel_raw_gr_a100,ecdab904,4,1060387.8621942021,1000
4,panel_raw_gr_a100,ecdab904,5,1619908.859842941,1000
4,panel_raw_gr_a100,ecdab904,6,423940.67396293086,148
4,panel_phase_a10,ecdab904,0,47345.88822503939,999
4,panel_phase_a10,ecdab904,1,197337.98577230884,1000
4,panel_phase_a10,ecdab904,2,344029.2906502114,1000
4,panel_phase_a10,ecdab904,3,894990.2608414179,1000
4,panel_phase_a10,ecdab904,4,878943.3382388618,1000
4,panel_phase_a10,ecdab904,5,1362364.7848996024,1000
4,panel_phase_a10,ecdab904,6,371054.1792837967,148
4,panel_phase_a100,ecdab904,0,55689.58082954377,999
4,panel_phase_a100,ecdab904,1,243067.0486312342,1000
4,panel_phase_a100,ecdab904,2,423689.6555044919,1000
4,panel_phase_a100,ecdab904,3,1021355.8897984592,1000
4,panel_phase_a100,ecdab904,4,1057317.6242605688,1000
4,panel_phase_a100,ecdab904,5,1628770.9149395216,1000
4,panel_phase_a100,ecdab904,6,426968.1493246439,148
4,panel_phase_a1000,ecdab904,0,92607.99070760234,999
4,panel_phase_a1000,ecdab904,1,438143.5316275034,1000
4,panel_phase_a1000,ecdab904,2,712150.6825187071,1000
4,panel_phase_a1000,ecdab904,3,1519733.834657098,1000
4,panel_phase_a1000,ecdab904,4,1660879.6459712863,1000
4,panel_phase_a1000,ecdab904,5,2509958.4994001403,1000
4,panel_phase_a1000,ecdab904,6,611906.6931691876,148
4,panel_geom_a100,aa95015b,0,22069.844764046862,999
4,panel_geom_a100,aa95015b,1,103509.32296646439,1000
4,panel_geom_a100,aa95015b,2,270362.2966308042,1000
4,panel_geom_a100,aa95015b,3,530505.618637675,1000
4,panel_geom_a100,aa95015b,4,104231.11893339407,301
4,panel_raw_gr_a100,aa95015b,0,22269.020876720977,999
4,panel_raw_gr_a100,aa95015b,1,103918.64363275142,1000
4,panel_raw_gr_a100,aa95015b,2,270614.9410482356,1000
4,panel_raw_gr_a100,aa95015b,3,531218.7412609305,1000
4,panel_raw_gr_a100,aa95015b,4,104438.9919162379,301
4,panel_phase_a10,aa95015b,0,19561.206826993093,999
4,panel_phase_a10,aa95015b,1,90376.96039667667,1000
4,panel_phase_a10,aa95015b,2,228701.80873011213,1000
4,panel_phase_a10,aa95015b,3,443791.39559584926,1000
4,panel_phase_a10,aa95015b,4,76263.4422642863,301
4,panel_phase_a100,aa95015b,0,20118.305793333337,999
4,panel_phase_a100,aa95015b,1,96141.94544080732,1000
4,panel_phase_a100,aa95015b,2,264572.6615660062,1000
4,panel_phase_a100,aa95015b,3,523389.59380004706,1000
4,panel_phase_a100,aa95015b,4,103516.29557309112,301
4,panel_phase_a1000,aa95015b,0,22394.690539023602,999
4,panel_phase_a1000,aa95015b,1,103386.67100590203,1000
4,panel_phase_a1000,aa95015b,2,340769.71325080766,1000
4,panel_phase_a1000,aa95015b,3,731530.0020543073,1000
4,panel_phase_a1000,aa95015b,4,195142.55103747596,301
4,panel_geom_a100,c9fedcf3,0,2378.612910683894,999
4,panel_geom_a100,c9fedcf3,1,44049.46223232688,1000
4,panel_geom_a100,c9fedcf3,2,50632.928327083384,1000
4,panel_geom_a100,c9fedcf3,3,26306.72308614399,518
4,panel_raw_gr_a100,c9fedcf3,0,2388.3928606342706,999
4,panel_raw_gr_a100,c9fedcf3,1,44316.07116669004,1000
4,panel_raw_gr_a100,c9fedcf3,2,50867.83223320067,1000
4,panel_raw_gr_a100,c9fedcf3,3,26456.61555643218,518
4,panel_phase_a10,c9fedcf3,0,4030.151869824635,999
4,panel_phase_a10,c9fedcf3,1,70329.45397948934,1000
4,panel_phase_a10,c9fedcf3,2,99341.29938370209,1000
4,panel_phase_a10,c9fedcf3,3,59470.314674806454,518
4,panel_phase_a100,c9fedcf3,0,2231.7358390685226,999
4,panel_phase_a100,c9fedcf3,1,42489.95265111322,1000
4,panel_phase_a100,c9fedcf3,2,44873.534237844055,1000
4,panel_phase_a100,c9fedcf3,3,22769.185622606685,518
4,panel_phase_a1000,c9fedcf3,0,601.8529164389845,999
4,panel_phase_a1000,c9fedcf3,1,9304.822032614446,1000
4,panel_phase_a1000,c9fedcf3,2,623.2992440350803,1000
4,panel_phase_a1000,c9fedcf3,3,1723.4151250377106,518
4,panel_geom_a100,4a335117,0,2889.9524161178983,999
4,panel_geom_a100,4a335117,1,8527.042515151232,1000
4,panel_geom_a100,4a335117,2,33440.63137742586,1000
4,panel_geom_a100,4a335117,3,17604.64325176503,1000
4,panel_geom_a100,4a335117,4,44331.6740368436,1000
4,panel_geom_a100,4a335117,5,64.12171037015415,16
4,panel_raw_gr_a100,4a335117,0,2972.9055244179303,999
4,panel_raw_gr_a100,4a335117,1,8679.063196133697,1000
4,panel_raw_gr_a100,4a335117,2,33637.407697629635,1000
4,panel_raw_gr_a100,4a335117,3,17437.658854060697,1000
4,panel_raw_gr_a100,4a335117,4,43726.21262106387,1000
4,panel_raw_gr_a100,4a335117,5,62.403016849058766,16
4,panel_phase_a10,4a335117,0,2513.578956033196,999
4,panel_phase_a10,4a335117,1,7024.664846786294,1000
4,panel_phase_a10,4a335117,2,35424.82624180631,1000
4,panel_phase_a10,4a335117,3,15328.51163577074,1000
4,panel_phase_a10,4a335117,4,36066.57193945467,1000
4,panel_phase_a10,4a335117,5,30.6112102227651,16
4,panel_phase_a100,4a335117,0,1910.4920346940044,999
4,panel_phase_a100,4a335117,1,6297.643807311964,1000
4,panel_phase_a100,4a335117,2,33544.84975041817,1000
4,panel_phase_a100,4a335117,3,16951.201207590024,1000
4,panel_phase_a100,4a335117,4,38898.419204029706,1000
4,panel_phase_a100,4a335117,5,20.564753469228698,16
4,panel_phase_a1000,4a335117,0,1634.7083921581846,999
4,panel_phase_a1000,4a335117,1,4934.515853504121,1000
4,panel_phase_a1000,4a335117,2,26892.022805591223,1000
4,panel_phase_a1000,4a335117,3,26374.087425457546,1000
4,panel_phase_a1000,4a335117,4,58335.00136223657,1000
4,panel_phase_a1000,4a335117,5,11.020276931385036,16
4,panel_geom_a100,da940160,0,4226.822119198688,999
4,panel_geom_a100,da940160,1,8922.829477322977,1000
4,panel_geom_a100,da940160,2,2009.492859507866,1000
4,panel_geom_a100,da940160,3,58116.74217151939,1000
4,panel_geom_a100,da940160,4,361740.5328600245,1000
4,panel_geom_a100,da940160,5,75237.91565588117,133
4,panel_raw_gr_a100,da940160,0,4317.911739504058,999
4,panel_raw_gr_a100,da940160,1,9064.126450843034,1000
4,panel_raw_gr_a100,da940160,2,2014.525610782786,1000
4,panel_raw_gr_a100,da940160,3,58565.48844643941,1000
4,panel_raw_gr_a100,da940160,4,362370.1273281544,1000
4,panel_raw_gr_a100,da940160,5,75237.43327127756,133
4,panel_phase_a10,da940160,0,4205.866638366973,999
4,panel_phase_a10,da940160,1,11110.162899538622,1000
4,panel_phase_a10,da940160,2,3777.5777950029174,1000
4,panel_phase_a10,da940160,3,80301.29310683592,1000
4,panel_phase_a10,da940160,4,446335.69290753105,1000
4,panel_phase_a10,da940160,5,93109.23009562779,133
4,panel_phase_a100,da940160,0,4405.249809830266,999
4,panel_phase_a100,da940160,1,10488.995394705704,1000
4,panel_phase_a100,da940160,2,879.5042097554067,1000
4,panel_phase_a100,da940160,3,51202.018435406666,1000
4,panel_phase_a100,da940160,4,343181.41315326985,1000
4,panel_phase_a100,da940160,5,71644.38613822647,133
4,panel_phase_a1000,da940160,0,13645.881083793076,999
4,panel_phase_a1000,da940160,1,56982.0403194033,1000
4,panel_phase_a1000,da940160,2,67071.70261182103,1000
4,panel_phase_a1000,da940160,3,52346.43209345417,1000
4,panel_phase_a1000,da940160,4,6252.955384167087,1000
4,panel_phase_a1000,da940160,5,3043.72621094701,133
4,panel_geom_a100,272abef3,0,19745.75688391456,999
4,panel_geom_a100,272abef3,1,27906.531079031844,1000
4,panel_geom_a100,272abef3,2,91937.43448686859,1000
4,panel_geom_a100,272abef3,3,309699.5479165473,1000
4,panel_geom_a100,272abef3,4,40423.72415294028,136
4,panel_raw_gr_a100,272abef3,0,19556.870963462206,999
4,panel_raw_gr_a100,272abef3,1,28083.0736126894,1000
4,panel_raw_gr_a100,272abef3,2,92791.77057767849,1000
4,panel_raw_gr_a100,272abef3,3,311294.7985985953,1000
4,panel_raw_gr_a100,272abef3,4,40631.66593645727,136
4,panel_phase_a10,272abef3,0,14781.059622719435,999
4,panel_phase_a10,272abef3,1,25879.801303297132,1000
4,panel_phase_a10,272abef3,2,93533.18670796945,1000
4,panel_phase_a10,272abef3,3,325577.9208129223,1000
4,panel_phase_a10,272abef3,4,41591.23070253896,136
4,panel_phase_a100,272abef3,0,20341.40178804238,999
4,panel_phase_a100,272abef3,1,28525.505491365016,1000
4,panel_phase_a100,272abef3,2,96845.09337321213,1000
4,panel_phase_a100,272abef3,3,329397.7469485402,1000
4,panel_phase_a100,272abef3,4,42958.79990830463,136
4,panel_phase_a1000,272abef3,0,14784.195233216333,999
4,panel_phase_a1000,272abef3,1,39504.67569473557,1000
4,panel_phase_a1000,272abef3,2,170838.4726918811,1000
4,panel_phase_a1000,272abef3,3,490199.5217894704,1000
4,panel_phase_a1000,272abef3,4,69566.23461653975,136
4,panel_geom_a100,a056d01e,0,14605.1503244329,999
4,panel_geom_a100,a056d01e,1,2476.9775913132785,1000
4,panel_geom_a100,a056d01e,2,31247.24001653846,1000
4,panel_geom_a100,a056d01e,3,16841.037661563405,1000
4,panel_geom_a100,a056d01e,4,135480.51040545,1000
4,panel_geom_a100,a056d01e,5,88022.49824886378,1000
4,panel_geom_a100,a056d01e,6,14205.849722984929,558
4,panel_raw_gr_a100,a056d01e,0,14584.35039952857,999
4,panel_raw_gr_a100,a056d01e,1,2497.258872584977,1000
4,panel_raw_gr_a100,a056d01e,2,31274.082322951916,1000
4,panel_raw_gr_a100,a056d01e,3,16867.405185271196,1000
4,panel_raw_gr_a100,a056d01e,4,135669.47636515676,1000
4,panel_raw_gr_a100,a056d01e,5,88135.98386560816,1000
4,panel_raw_gr_a100,a056d01e,6,14174.6507691197,558
4,panel_phase_a10,a056d01e,0,16152.834648060018,999
4,panel_phase_a10,a056d01e,1,3469.2161908432613,1000
4,panel_phase_a10,a056d01e,2,29647.3506953083,1000
4,panel_phase_a10,a056d01e,3,16520.74272384546,1000
4,panel_phase_a10,a056d01e,4,137316.42062256043,1000
4,panel_phase_a10,a056d01e,5,87575.71696591144,1000
4,panel_phase_a10,a056d01e,6,15241.180713590558,558
4,panel_phase_a100,a056d01e,0,14888.647123687148,999
4,panel_phase_a100,a056d01e,1,2583.0118090622095,1000
4,panel_phase_a100,a056d01e,2,30555.237168537027,1000
4,panel_phase_a100,a056d01e,3,16734.141127948275,1000
4,panel_phase_a100,a056d01e,4,136132.8357443532,1000
4,panel_phase_a100,a056d01e,5,84728.18766409058,1000
4,panel_phase_a100,a056d01e,6,13921.379677486826,558
4,panel_phase_a1000,a056d01e,0,9018.55072774717,999
4,panel_phase_a1000,a056d01e,1,2004.1753772017105,1000
4,panel_phase_a1000,a056d01e,2,43546.81485855809,1000
4,panel_phase_a1000,a056d01e,3,21619.447529505214,1000
4,panel_phase_a1000,a056d01e,4,99392.9706145116,1000
4,panel_phase_a1000,a056d01e,5,37800.735734460846,1000
4,panel_phase_a1000,a056d01e,6,2497.250621310643,558
4,panel_geom_a100,a4719920,0,2074.3790052881773,999
4,panel_geom_a100,a4719920,1,12315.169986479625,1000
4,panel_geom_a100,a4719920,2,61340.01227756471,1000
4,panel_geom_a100,a4719920,3,105535.33100477722,1000
4,panel_geom_a100,a4719920,4,168064.65998146162,1000
4,panel_geom_a100,a4719920,5,27823.504295324605,885
4,panel_raw_gr_a100,a4719920,0,2089.779782997178,999
4,panel_raw_gr_a100,a4719920,1,12239.710245518712,1000
4,panel_raw_gr_a100,a4719920,2,61341.36982885795,1000
4,panel_raw_gr_a100,a4719920,3,105466.72214039907,1000
4,panel_raw_gr_a100,a4719920,4,167630.3927471568,1000
4,panel_raw_gr_a100,a4719920,5,27551.116567861263,885
4,panel_phase_a10,a4719920,0,3141.1829790826664,999
4,panel_phase_a10,a4719920,1,10781.595805596944,1000
4,panel_phase_a10,a4719920,2,54034.75117659701,1000
4,panel_phase_a10,a4719920,3,100326.99985600795,1000
4,panel_phase_a10,a4719920,4,149392.71121699637,1000
4,panel_phase_a10,a4719920,5,19192.134062887257,885
4,panel_phase_a100,a4719920,0,1889.5396186121018,999
4,panel_phase_a100,a4719920,1,12728.55814697364,1000
4,panel_phase_a100,a4719920,2,63279.639097355204,1000
4,panel_phase_a100,a4719920,3,113603.82365513465,1000
4,panel_phase_a100,a4719920,4,172154.8343103271,1000
4,panel_phase_a100,a4719920,5,28591.282412513687,885
4,panel_phase_a1000,a4719920,0,3335.0867826894305,999
4,panel_phase_a1000,a4719920,1,23990.08200937407,1000
4,panel_phase_a1000,a4719920,2,110061.80004864803,1000
4,panel_phase_a1000,a4719920,3,209118.80691927474,1000
4,panel_phase_a1000,a4719920,4,294674.0926310133,1000
4,panel_phase_a1000,a4719920,5,116363.01480233281,885
4,panel_geom_a100,726f3dc2,0,6610.666297391322,999
4,panel_geom_a100,726f3dc2,1,9863.228319798991,1000
4,panel_geom_a100,726f3dc2,2,24053.53978951801,1000
4,panel_geom_a100,726f3dc2,3,7164.505292059902,1000
4,panel_geom_a100,726f3dc2,4,4252.562096556814,1000
4,panel_geom_a100,726f3dc2,5,58528.89158562762,1000
4,panel_geom_a100,726f3dc2,6,113874.68387748605,724
4,panel_raw_gr_a100,726f3dc2,0,6494.827607189755,999
4,panel_raw_gr_a100,726f3dc2,1,9837.410393071408,1000
4,panel_raw_gr_a100,726f3dc2,2,24240.423844065237,1000
4,panel_raw_gr_a100,726f3dc2,3,7206.099028355989,1000
4,panel_raw_gr_a100,726f3dc2,4,4226.760643523312,1000
4,panel_raw_gr_a100,726f3dc2,5,58493.56649281594,1000
4,panel_raw_gr_a100,726f3dc2,6,113769.53899873597,724
4,panel_phase_a10,726f3dc2,0,5618.127008771719,999
4,panel_phase_a10,726f3dc2,1,11940.276568687037,1000
4,panel_phase_a10,726f3dc2,2,30754.062566566427,1000
4,panel_phase_a10,726f3dc2,3,16023.521884430627,1000
4,panel_phase_a10,726f3dc2,4,13389.854231826414,1000
4,panel_phase_a10,726f3dc2,5,36166.450054469664,1000
4,panel_phase_a10,726f3dc2,6,80096.83961903701,724
4,panel_phase_a100,726f3dc2,0,5911.461272499917,999
4,panel_phase_a100,726f3dc2,1,11452.44222068212,1000
4,panel_phase_a100,726f3dc2,2,28166.150170950164,1000
4,panel_phase_a100,726f3dc2,3,12728.28959518268,1000
4,panel_phase_a100,726f3dc2,4,8294.578668776187,1000
4,panel_phase_a100,726f3dc2,5,43027.50401582155,1000
4,panel_phase_a100,726f3dc2,6,90177.70158392555,724
4,panel_phase_a1000,726f3dc2,0,8127.951223324854,999
4,panel_phase_a1000,726f3dc2,1,11112.468517291518,1000
4,panel_phase_a1000,726f3dc2,2,29447.832758967324,1000
4,panel_phase_a1000,726f3dc2,3,10091.8728774308,1000
4,panel_phase_a1000,726f3dc2,4,7991.957629823377,1000
4,panel_phase_a1000,726f3dc2,5,34196.04461450464,1000
4,panel_phase_a1000,726f3dc2,6,79875.49059157632,724
4,panel_geom_a100,5cb483ac,0,11501.19513285769,999
4,panel_geom_a100,5cb483ac,1,13616.038286694253,1000
4,panel_geom_a100,5cb483ac,2,3164.00534780318,1000
4,panel_geom_a100,5cb483ac,3,6799.999970418885,853
4,panel_raw_gr_a100,5cb483ac,0,11190.596161538415,999
4,panel_raw_gr_a100,5cb483ac,1,13716.769795624674,1000
4,panel_raw_gr_a100,5cb483ac,2,3108.8080145636814,1000
4,panel_raw_gr_a100,5cb483ac,3,6711.925850286527,853
4,panel_phase_a10,5cb483ac,0,17396.541103577594,999
4,panel_phase_a10,5cb483ac,1,13769.134984294542,1000
4,panel_phase_a10,5cb483ac,2,9915.54884232677,1000
4,panel_phase_a10,5cb483ac,3,26998.687009273417,853
4,panel_phase_a100,5cb483ac,0,11839.824297457579,999
4,panel_phase_a100,5cb483ac,1,13282.262750209573,1000
4,panel_phase_a100,5cb483ac,2,2955.4693774361544,1000
4,panel_phase_a100,5cb483ac,3,6408.769897179062,853
4,panel_phase_a1000,5cb483ac,0,1966.6842489416822,999
4,panel_phase_a1000,5cb483ac,1,35476.267912364536,1000
4,panel_phase_a1000,5cb483ac,2,27603.07391371554,1000
4,panel_phase_a1000,5cb483ac,3,33341.51185043749,853
4,panel_geom_a100,5bd25f59,0,183330.90813190618,999
4,panel_geom_a100,5bd25f59,1,1456941.6242966235,1000
4,panel_geom_a100,5bd25f59,2,3933151.15653871,1000
4,panel_geom_a100,5bd25f59,3,8895919.273364501,1000
4,panel_geom_a100,5bd25f59,4,2905050.2954223184,211
4,panel_raw_gr_a100,5bd25f59,0,183187.5518138491,999
4,panel_raw_gr_a100,5bd25f59,1,1453340.5032038486,1000
4,panel_raw_gr_a100,5bd25f59,2,3932151.993974927,1000
4,panel_raw_gr_a100,5bd25f59,3,8894445.209627088,1000
4,panel_raw_gr_a100,5bd25f59,4,2903013.393748259,211
4,panel_phase_a10,5bd25f59,0,193999.89178145674,999
4,panel_phase_a10,5bd25f59,1,1541342.0343610132,1000
4,panel_phase_a10,5bd25f59,2,4312993.829521748,1000
4,panel_phase_a10,5bd25f59,3,9692948.721867647,1000
4,panel_phase_a10,5bd25f59,4,3116899.19812659,211
4,panel_phase_a100,5bd25f59,0,187614.64513996983,999
4,panel_phase_a100,5bd25f59,1,1425536.734639852,1000
4,panel_phase_a100,5bd25f59,2,4095244.276875097,1000
4,panel_phase_a100,5bd25f59,3,9306946.285362238,1000
4,panel_phase_a100,5bd25f59,4,2975227.5640744446,211
4,panel_phase_a1000,5bd25f59,0,149482.06221080152,999
4,panel_phase_a1000,5bd25f59,1,994755.8024889701,1000
4,panel_phase_a1000,5bd25f59,2,3131610.867694769,1000
4,panel_phase_a1000,5bd25f59,3,7869259.0367023405,1000
4,panel_phase_a1000,5bd25f59,4,2397071.337745576,211
4,panel_geom_a100,79507629,0,18883.898725212443,999
4,panel_geom_a100,79507629,1,25509.203057334846,1000
4,panel_geom_a100,79507629,2,25752.902308084354,1000
4,panel_geom_a100,79507629,3,36208.404506781626,1000
4,panel_geom_a100,79507629,4,2485.9574517015567,1000
4,panel_geom_a100,79507629,5,11113.594222914773,303
4,panel_raw_gr_a100,79507629,0,18832.541797753634,999
4,panel_raw_gr_a100,79507629,1,25439.213142830657,1000
4,panel_raw_gr_a100,79507629,2,25566.428309065646,1000
4,panel_raw_gr_a100,79507629,3,36100.63144833098,1000
4,panel_raw_gr_a100,79507629,4,2512.5680415948077,1000
4,panel_raw_gr_a100,79507629,5,11186.531798867536,303
4,panel_phase_a10,79507629,0,19076.54672796198,999
4,panel_phase_a10,79507629,1,26106.92284662509,1000
4,panel_phase_a10,79507629,2,24342.17137978069,1000
4,panel_phase_a10,79507629,3,33643.90061192371,1000
4,panel_phase_a10,79507629,4,2908.099445107558,1000
4,panel_phase_a10,79507629,5,12838.171756407015,303
4,panel_phase_a100,79507629,0,18081.122482335963,999
4,panel_phase_a100,79507629,1,24143.441093881138,1000
4,panel_phase_a100,79507629,2,23565.006434982934,1000
4,panel_phase_a100,79507629,3,32672.577224205063,1000
4,panel_phase_a100,79507629,4,2816.9881182021454,1000
4,panel_phase_a100,79507629,5,12578.595082254054,303
4,panel_phase_a1000,79507629,0,14023.113958116666,999
4,panel_phase_a1000,79507629,1,19706.352489604054,1000
4,panel_phase_a1000,79507629,2,16859.652402917018,1000
4,panel_phase_a1000,79507629,3,27568.354827850657,1000
4,panel_phase_a1000,79507629,4,1919.7798452473944,1000
4,panel_phase_a1000,79507629,5,9552.005948410786,303
4,panel_geom_a100,f4d12d23,0,94108.70867386422,999
4,panel_geom_a100,f4d12d23,1,674485.3751078564,1000
4,panel_geom_a100,f4d12d23,2,1153078.4595457863,1000
4,panel_geom_a100,f4d12d23,3,1254181.6349791812,702
4,panel_raw_gr_a100,f4d12d23,0,93625.2269960463,999
4,panel_raw_gr_a100,f4d12d23,1,672713.7639681525,1000
4,panel_raw_gr_a100,f4d12d23,2,1152757.3723451896,1000
4,panel_raw_gr_a100,f4d12d23,3,1251455.14653314,702
4,panel_phase_a10,f4d12d23,0,89300.24940052856,999
4,panel_phase_a10,f4d12d23,1,642454.8055579445,1000
4,panel_phase_a10,f4d12d23,2,1142926.5230303847,1000
4,panel_phase_a10,f4d12d23,3,1286460.8173648384,702
4,panel_phase_a100,f4d12d23,0,89295.04337267295,999
4,panel_phase_a100,f4d12d23,1,637754.1640400816,1000
4,panel_phase_a100,f4d12d23,2,1119543.3313695728,1000
4,panel_phase_a100,f4d12d23,3,1204519.1814853074,702
4,panel_phase_a1000,f4d12d23,0,93033.74986343285,999
4,panel_phase_a1000,f4d12d23,1,618976.7083154516,1000
4,panel_phase_a1000,f4d12d23,2,985360.4154108979,1000
4,panel_phase_a1000,f4d12d23,3,1012599.1436936854,702
4,panel_geom_a100,3ef6372a,0,13263.92371875861,999
4,panel_geom_a100,3ef6372a,1,25312.958020485807,1000
4,panel_geom_a100,3ef6372a,2,126868.26590489883,1000
4,panel_geom_a100,3ef6372a,3,345723.0665220195,1000
4,panel_geom_a100,3ef6372a,4,458079.3047284176,728
4,panel_raw_gr_a100,3ef6372a,0,13360.475094684625,999
4,panel_raw_gr_a100,3ef6372a,1,25568.878004440725,1000
4,panel_raw_gr_a100,3ef6372a,2,127400.51248817304,1000
4,panel_raw_gr_a100,3ef6372a,3,345034.37877230946,1000
4,panel_raw_gr_a100,3ef6372a,4,457521.69789184304,728
4,panel_phase_a10,3ef6372a,0,14415.719255368282,999
4,panel_phase_a10,3ef6372a,1,23589.079356118513,1000
4,panel_phase_a10,3ef6372a,2,124785.60041814753,1000
4,panel_phase_a10,3ef6372a,3,350552.97531025525,1000
4,panel_phase_a10,3ef6372a,4,458034.1302952337,728
4,panel_phase_a100,3ef6372a,0,13608.6369214789,999
4,panel_phase_a100,3ef6372a,1,22292.831645368613,1000
4,panel_phase_a100,3ef6372a,2,118134.80784476218,1000
4,panel_phase_a100,3ef6372a,3,326143.6109337934,1000
4,panel_phase_a100,3ef6372a,4,428870.68481269176,728
4,panel_phase_a1000,3ef6372a,0,8750.671438889141,999
4,panel_phase_a1000,3ef6372a,1,29196.855423137673,1000
4,panel_phase_a1000,3ef6372a,2,101772.9410729729,1000
4,panel_phase_a1000,3ef6372a,3,225313.4639366539,1000
4,panel_phase_a1000,3ef6372a,4,328141.0193314481,728
4,panel_geom_a100,18d24f7b,0,29395.76467561163,999
4,panel_geom_a100,18d24f7b,1,11414.109329577936,1000
4,panel_geom_a100,18d24f7b,2,36174.16306920487,1000
4,panel_geom_a100,18d24f7b,3,54977.144783002324,1000
4,panel_geom_a100,18d24f7b,4,55581.141877444905,559
4,panel_raw_gr_a100,18d24f7b,0,29382.980134268728,999
4,panel_raw_gr_a100,18d24f7b,1,11322.381673791715,1000
4,panel_raw_gr_a100,18d24f7b,2,36345.287383740535,1000
4,panel_raw_gr_a100,18d24f7b,3,54747.50727659779,1000
4,panel_raw_gr_a100,18d24f7b,4,55463.89344560221,559
4,panel_phase_a10,18d24f7b,0,28806.549974526788,999
4,panel_phase_a10,18d24f7b,1,11549.488005441215,1000
4,panel_phase_a10,18d24f7b,2,43574.83422751198,1000
4,panel_phase_a10,18d24f7b,3,65850.30280479448,1000
4,panel_phase_a10,18d24f7b,4,64742.97766881815,559
4,panel_phase_a100,18d24f7b,0,29157.809860342928,999
4,panel_phase_a100,18d24f7b,1,12579.02654691889,1000
4,panel_phase_a100,18d24f7b,2,44255.44761005012,1000
4,panel_phase_a100,18d24f7b,3,63037.52375854057,1000
4,panel_phase_a100,18d24f7b,4,61001.70822477742,559
4,panel_phase_a1000,18d24f7b,0,27527.43383159198,999
4,panel_phase_a1000,18d24f7b,1,20295.224332677193,1000
4,panel_phase_a1000,18d24f7b,2,41486.37820808505,1000
4,panel_phase_a1000,18d24f7b,3,51691.97999630851,1000
4,panel_phase_a1000,18d24f7b,4,48415.044346398914,559
4,panel_geom_a100,fa31da94,0,85502.23507710917,999
4,panel_geom_a100,fa31da94,1,732721.0919786555,1000
4,panel_geom_a100,fa31da94,2,1661744.386710292,1000
4,panel_geom_a100,fa31da94,3,3063196.581394533,1000
4,panel_geom_a100,fa31da94,4,4565013.016188645,1000
4,panel_geom_a100,fa31da94,5,160067.69295971183,28
4,panel_raw_gr_a100,fa31da94,0,85917.40752681217,999
4,panel_raw_gr_a100,fa31da94,1,733832.4736964887,1000
4,panel_raw_gr_a100,fa31da94,2,1663119.1983812351,1000
4,panel_raw_gr_a100,fa31da94,3,3064081.944229412,1000
4,panel_raw_gr_a100,fa31da94,4,4564799.856631016,1000
4,panel_raw_gr_a100,fa31da94,5,160307.42348924043,28
4,panel_phase_a10,fa31da94,0,94213.71049189432,999
4,panel_phase_a10,fa31da94,1,785466.0979463214,1000
4,panel_phase_a10,fa31da94,2,1744442.6531949304,1000
4,panel_phase_a10,fa31da94,3,3170795.4960363894,1000
4,panel_phase_a10,fa31da94,4,4715052.608463183,1000
4,panel_phase_a10,fa31da94,5,166868.67027831086,28
4,panel_phase_a100,fa31da94,0,93402.82952948153,999
4,panel_phase_a100,fa31da94,1,784306.4852703358,1000
4,panel_phase_a100,fa31da94,2,1725980.753274748,1000
4,panel_phase_a100,fa31da94,3,3161757.658847138,1000
4,panel_phase_a100,fa31da94,4,4664660.769008804,1000
4,panel_phase_a100,fa31da94,5,162277.3246663327,28
4,panel_phase_a1000,fa31da94,0,72337.51809195192,999
4,panel_phase_a1000,fa31da94,1,690429.5262734677,1000
4,panel_phase_a1000,fa31da94,2,1551696.8689593005,1000
4,panel_phase_a1000,fa31da94,3,2863011.8413409647,1000
4,panel_phase_a1000,fa31da94,4,4178621.1142608062,1000
4,panel_phase_a1000,fa31da94,5,142541.70260378896,28
4,panel_geom_a100,cdc31d65,0,7196.366728864264,999
4,panel_geom_a100,cdc31d65,1,201469.3172035489,1000
4,panel_geom_a100,cdc31d65,2,300625.9910364056,1000
4,panel_geom_a100,cdc31d65,3,346928.6885320356,1000
4,panel_geom_a100,cdc31d65,4,373110.16900338914,841
4,panel_raw_gr_a100,cdc31d65,0,7248.588484545706,999
4,panel_raw_gr_a100,cdc31d65,1,201745.2111574061,1000
4,panel_raw_gr_a100,cdc31d65,2,301017.2855262514,1000
4,panel_raw_gr_a100,cdc31d65,3,347909.7267105595,1000
4,panel_raw_gr_a100,cdc31d65,4,373852.0781195933,841
4,panel_phase_a10,cdc31d65,0,7703.747732653981,999
4,panel_phase_a10,cdc31d65,1,208699.64694591882,1000
4,panel_phase_a10,cdc31d65,2,322463.8592460078,1000
4,panel_phase_a10,cdc31d65,3,382090.0051409414,1000
4,panel_phase_a10,cdc31d65,4,407162.32747988583,841
4,panel_phase_a100,cdc31d65,0,8210.055872252717,999
4,panel_phase_a100,cdc31d65,1,211990.23231788908,1000
4,panel_phase_a100,cdc31d65,2,312740.7224726923,1000
4,panel_phase_a100,cdc31d65,3,372912.42938825226,1000
4,panel_phase_a100,cdc31d65,4,399741.94855627546,841
4,panel_phase_a1000,cdc31d65,0,10168.260625643285,999
4,panel_phase_a1000,cdc31d65,1,181556.9209389678,1000
4,panel_phase_a1000,cdc31d65,2,178084.2491265501,1000
4,panel_phase_a1000,cdc31d65,3,205331.04433075635,1000
4,panel_phase_a1000,cdc31d65,4,203423.9850822261,841
4,panel_geom_a100,c50b42f6,0,97309.61251726684,999
4,panel_geom_a100,c50b42f6,1,310113.77479091985,1000
4,panel_geom_a100,c50b42f6,2,742887.8576917343,1000
4,panel_geom_a100,c50b42f6,3,2069981.5037508747,1000
4,panel_geom_a100,c50b42f6,4,3790415.1257029423,1000
4,panel_geom_a100,c50b42f6,5,4744293.5283176815,1000
4,panel_geom_a100,c50b42f6,6,67823.01588568761,15
4,panel_raw_gr_a100,c50b42f6,0,97669.97040813217,999
4,panel_raw_gr_a100,c50b42f6,1,310525.32860722434,1000
4,panel_raw_gr_a100,c50b42f6,2,744316.5226832804,1000
4,panel_raw_gr_a100,c50b42f6,3,2070876.0877996257,1000
4,panel_raw_gr_a100,c50b42f6,4,3790753.826785778,1000
4,panel_raw_gr_a100,c50b42f6,5,4749786.481834576,1000
4,panel_raw_gr_a100,c50b42f6,6,67737.6727381965,15
4,panel_phase_a10,c50b42f6,0,90329.6684469043,999
4,panel_phase_a10,c50b42f6,1,288964.7479866624,1000
4,panel_phase_a10,c50b42f6,2,728951.8081054367,1000
4,panel_phase_a10,c50b42f6,3,2084893.9824609917,1000
4,panel_phase_a10,c50b42f6,4,3829803.600391378,1000
4,panel_phase_a10,c50b42f6,5,4816106.056368364,1000
4,panel_phase_a10,c50b42f6,6,69129.46826652874,15
4,panel_phase_a100,c50b42f6,0,90867.50930928244,999
4,panel_phase_a100,c50b42f6,1,290471.8412529411,1000
4,panel_phase_a100,c50b42f6,2,696125.2745719712,1000
4,panel_phase_a100,c50b42f6,3,1978645.8195919266,1000
4,panel_phase_a100,c50b42f6,4,3653313.153882749,1000
4,panel_phase_a100,c50b42f6,5,4502070.894190689,1000
4,panel_phase_a100,c50b42f6,6,64085.80395603887,15
4,panel_phase_a1000,c50b42f6,0,93089.7149023325,999
4,panel_phase_a1000,c50b42f6,1,290350.47437998996,1000
4,panel_phase_a1000,c50b42f6,2,599254.4684029137,1000
4,panel_phase_a1000,c50b42f6,3,1823581.4222832841,1000
4,panel_phase_a1000,c50b42f6,4,3355192.6485164417,1000
4,panel_phase_a1000,c50b42f6,5,3990224.9222761453,1000
4,panel_phase_a1000,c50b42f6,6,61502.50536015997,15
4,panel_geom_a100,19871e7f,0,9203.098538099102,999
4,panel_geom_a100,19871e7f,1,23538.446957730543,1000
4,panel_geom_a100,19871e7f,2,11044.225217817297,1000
4,panel_geom_a100,19871e7f,3,30828.344307166808,1000
4,panel_geom_a100,19871e7f,4,48692.09502870263,1000
4,panel_geom_a100,19871e7f,5,8988.766995051432,294
4,panel_raw_gr_a100,19871e7f,0,9314.929357744542,999
4,panel_raw_gr_a100,19871e7f,1,23786.738005234012,1000
4,panel_raw_gr_a100,19871e7f,2,10986.861989044282,1000
4,panel_raw_gr_a100,19871e7f,3,30215.809451973186,1000
4,panel_raw_gr_a100,19871e7f,4,47896.43897665273,1000
4,panel_raw_gr_a100,19871e7f,5,8845.305465264144,294
4,panel_phase_a10,19871e7f,0,8876.541067151193,999
4,panel_phase_a10,19871e7f,1,22563.278561703915,1000
4,panel_phase_a10,19871e7f,2,12117.17609987541,1000
4,panel_phase_a10,19871e7f,3,37331.42040996244,1000
4,panel_phase_a10,19871e7f,4,56510.07504252354,1000
4,panel_phase_a10,19871e7f,5,10796.642496070073,294
4,panel_phase_a100,19871e7f,0,9216.912718099786,999
4,panel_phase_a100,19871e7f,1,22935.857423028716,1000
4,panel_phase_a100,19871e7f,2,11621.498284974909,1000
4,panel_phase_a100,19871e7f,3,32628.28447403975,1000
4,panel_phase_a100,19871e7f,4,47978.51488348542,1000
4,panel_phase_a100,19871e7f,5,7767.69548826873,294
4,panel_phase_a1000,19871e7f,0,9841.18612844491,999
4,panel_phase_a1000,19871e7f,1,26926.5567218698,1000
4,panel_phase_a1000,19871e7f,2,13228.097664877138,1000
4,panel_phase_a1000,19871e7f,3,20317.110214044875,1000
4,panel_phase_a1000,19871e7f,4,29219.121274931855,1000
4,panel_phase_a1000,19871e7f,5,4285.242876685045,294
4,panel_geom_a100,8cc21f01,0,54469.72846452683,999
4,panel_geom_a100,8cc21f01,1,23106.957206038966,1000
4,panel_geom_a100,8cc21f01,2,347710.6089905827,1000
4,panel_geom_a100,8cc21f01,3,511045.9968294486,1000
4,panel_geom_a100,8cc21f01,4,17759.965628223214,45
4,panel_raw_gr_a100,8cc21f01,0,54979.92982744468,999
4,panel_raw_gr_a100,8cc21f01,1,23288.834256089565,1000
4,panel_raw_gr_a100,8cc21f01,2,348938.5070874488,1000
4,panel_raw_gr_a100,8cc21f01,3,512436.75026860123,1000
4,panel_raw_gr_a100,8cc21f01,4,17810.108775818677,45
4,panel_phase_a10,8cc21f01,0,58326.06509724017,999
4,panel_phase_a10,8cc21f01,1,27607.204991175382,1000
4,panel_phase_a10,8cc21f01,2,381425.44335273834,1000
4,panel_phase_a10,8cc21f01,3,574517.3164224074,1000
4,panel_phase_a10,8cc21f01,4,20821.823562950372,45
4,panel_phase_a100,8cc21f01,0,53734.25490002689,999
4,panel_phase_a100,8cc21f01,1,20759.30884182934,1000
4,panel_phase_a100,8cc21f01,2,324552.7806714447,1000
4,panel_phase_a100,8cc21f01,3,481562.90047650505,1000
4,panel_phase_a100,8cc21f01,4,16587.965105511557,45
4,panel_phase_a1000,8cc21f01,0,38366.52273864451,999
4,panel_phase_a1000,8cc21f01,1,14408.056755398273,1000
4,panel_phase_a1000,8cc21f01,2,257998.88548386085,1000
4,panel_phase_a1000,8cc21f01,3,389330.6536253448,1000
4,panel_phase_a1000,8cc21f01,4,12571.176614554804,45
4,panel_geom_a100,e7818f7a,0,47071.68139551502,999
4,panel_geom_a100,e7818f7a,1,285039.56847076706,1000
4,panel_geom_a100,e7818f7a,2,1332769.3558453934,1000
4,panel_geom_a100,e7818f7a,3,2591304.343217034,1000
4,panel_geom_a100,e7818f7a,4,4984777.951638982,1000
4,panel_geom_a100,e7818f7a,5,2181268.4293378936,372
4,panel_raw_gr_a100,e7818f7a,0,46890.811369995834,999
4,panel_raw_gr_a100,e7818f7a,1,284953.6600196342,1000
4,panel_raw_gr_a100,e7818f7a,2,1332057.637505979,1000
4,panel_raw_gr_a100,e7818f7a,3,2590258.394805109,1000
4,panel_raw_gr_a100,e7818f7a,4,4978428.461295726,1000
4,panel_raw_gr_a100,e7818f7a,5,2181171.886229533,372
4,panel_phase_a10,e7818f7a,0,44783.48392298385,999
4,panel_phase_a10,e7818f7a,1,285166.125984582,1000
4,panel_phase_a10,e7818f7a,2,1336344.8800733523,1000
4,panel_phase_a10,e7818f7a,3,2630332.836949066,1000
4,panel_phase_a10,e7818f7a,4,5334234.566076839,1000
4,panel_phase_a10,e7818f7a,5,2405597.6175888125,372
4,panel_phase_a100,e7818f7a,0,45514.04257623021,999
4,panel_phase_a100,e7818f7a,1,283655.9720749526,1000
4,panel_phase_a100,e7818f7a,2,1299257.2973326056,1000
4,panel_phase_a100,e7818f7a,3,2562133.516239036,1000
4,panel_phase_a100,e7818f7a,4,5306148.218395705,1000
4,panel_phase_a100,e7818f7a,5,2473683.1687343866,372
4,panel_phase_a1000,e7818f7a,0,42084.25394973555,999
4,panel_phase_a1000,e7818f7a,1,245181.91538440651,1000
4,panel_phase_a1000,e7818f7a,2,1095732.9462656472,1000
4,panel_phase_a1000,e7818f7a,3,2227767.3223680514,1000
4,panel_phase_a1000,e7818f7a,4,4960848.403921589,1000
4,panel_phase_a1000,e7818f7a,5,2510712.740745561,372
4,panel_geom_a100,d543916f,0,1887.056656494304,999
4,panel_geom_a100,d543916f,1,4956.861367285471,1000
4,panel_geom_a100,d543916f,2,63203.533457495694,1000
4,panel_geom_a100,d543916f,3,129533.83526939483,1000
4,panel_geom_a100,d543916f,4,26425.506060701802,800
4,panel_raw_gr_a100,d543916f,0,1875.0059510126414,999
4,panel_raw_gr_a100,d543916f,1,4960.716070390969,1000
4,panel_raw_gr_a100,d543916f,2,63230.488590105866,1000
4,panel_raw_gr_a100,d543916f,3,129515.0552082549,1000
4,panel_raw_gr_a100,d543916f,4,26550.88239818136,800
4,panel_phase_a10,d543916f,0,2615.941867592027,999
4,panel_phase_a10,d543916f,1,13707.055046378322,1000
4,panel_phase_a10,d543916f,2,108795.45798855054,1000
4,panel_phase_a10,d543916f,3,211354.8242355079,1000
4,panel_phase_a10,d543916f,4,70234.75571513979,800
4,panel_phase_a100,d543916f,0,1906.3545435375834,999
4,panel_phase_a100,d543916f,1,5894.844197281166,1000
4,panel_phase_a100,d543916f,2,63171.488225930414,1000
4,panel_phase_a100,d543916f,3,131742.85755931676,1000
4,panel_phase_a100,d543916f,4,26861.105380800556,800
4,panel_phase_a1000,d543916f,0,2671.86101732025,999
4,panel_phase_a1000,d543916f,1,3260.428149893217,1000
4,panel_phase_a1000,d543916f,2,25187.072644809177,1000
4,panel_phase_a1000,d543916f,3,51433.20743503546,1000
4,panel_phase_a1000,d543916f,4,8582.831637202169,800
4,panel_geom_a100,3aaa2b30,0,9465.078010587516,999
4,panel_geom_a100,3aaa2b30,1,71317.19255296547,1000
4,panel_geom_a100,3aaa2b30,2,257710.55808974797,1000
4,panel_geom_a100,3aaa2b30,3,337339.4318372704,1000
4,panel_geom_a100,3aaa2b30,4,249046.43957211552,712
4,panel_raw_gr_a100,3aaa2b30,0,9666.54707448183,999
4,panel_raw_gr_a100,3aaa2b30,1,72048.80429477397,1000
4,panel_raw_gr_a100,3aaa2b30,2,258998.55344320668,1000
4,panel_raw_gr_a100,3aaa2b30,3,339087.75728280086,1000
4,panel_raw_gr_a100,3aaa2b30,4,250160.08614712075,712
4,panel_phase_a10,3aaa2b30,0,14025.554414875589,999
4,panel_phase_a10,3aaa2b30,1,79458.08473230079,1000
4,panel_phase_a10,3aaa2b30,2,240577.48810012298,1000
4,panel_phase_a10,3aaa2b30,3,322969.7319578766,1000
4,panel_phase_a10,3aaa2b30,4,233246.50578801645,712
4,panel_phase_a100,3aaa2b30,0,11834.20101773276,999
4,panel_phase_a100,3aaa2b30,1,72206.36924521832,1000
4,panel_phase_a100,3aaa2b30,2,249459.49974796557,1000
4,panel_phase_a100,3aaa2b30,3,331440.47110270266,1000
4,panel_phase_a100,3aaa2b30,4,246967.03445426025,712
4,panel_phase_a1000,3aaa2b30,0,13953.732375471785,999
4,panel_phase_a1000,3aaa2b30,1,80815.28412052829,1000
4,panel_phase_a1000,3aaa2b30,2,297701.1538770185,1000
4,panel_phase_a1000,3aaa2b30,3,420824.9424764543,1000
4,panel_phase_a1000,3aaa2b30,4,361170.9932066861,712
4,panel_geom_a100,fbd68d27,0,6697.705819669049,999
4,panel_geom_a100,fbd68d27,1,8887.428355078944,1000
4,panel_geom_a100,fbd68d27,2,3061.683173120295,1000
4,panel_geom_a100,fbd68d27,3,21775.202539339854,1000
4,panel_geom_a100,fbd68d27,4,56017.34123224279,1000
4,panel_geom_a100,fbd68d27,5,51901.81416822845,1000
4,panel_geom_a100,fbd68d27,6,31355.794428378456,830
4,panel_raw_gr_a100,fbd68d27,0,6645.9773817160785,999
4,panel_raw_gr_a100,fbd68d27,1,8963.135479475828,1000
4,panel_raw_gr_a100,fbd68d27,2,3053.5069111395746,1000
4,panel_raw_gr_a100,fbd68d27,3,21759.594092809675,1000
4,panel_raw_gr_a100,fbd68d27,4,56152.618421033,1000
4,panel_raw_gr_a100,fbd68d27,5,51392.18981855169,1000
4,panel_raw_gr_a100,fbd68d27,6,31158.24635473423,830
4,panel_phase_a10,fbd68d27,0,7224.460474224006,999
4,panel_phase_a10,fbd68d27,1,13534.16168270667,1000
4,panel_phase_a10,fbd68d27,2,2184.4966113416726,1000
4,panel_phase_a10,fbd68d27,3,13063.75941119534,1000
4,panel_phase_a10,fbd68d27,4,39697.21173486857,1000
4,panel_phase_a10,fbd68d27,5,37037.54274264883,1000
4,panel_phase_a10,fbd68d27,6,28445.165405045933,830
4,panel_phase_a100,fbd68d27,0,6760.250825222121,999
4,panel_phase_a100,fbd68d27,1,12230.971135347798,1000
4,panel_phase_a100,fbd68d27,2,2258.6374907014156,1000
4,panel_phase_a100,fbd68d27,3,17048.222070885153,1000
4,panel_phase_a100,fbd68d27,4,51004.810686159995,1000
4,panel_phase_a100,fbd68d27,5,58237.895468769784,1000
4,panel_phase_a100,fbd68d27,6,42243.54740504989,830
4,panel_phase_a1000,fbd68d27,0,6333.459943452401,999
4,panel_phase_a1000,fbd68d27,1,1681.0561051047557,1000
4,panel_phase_a1000,fbd68d27,2,20975.70964802083,1000
4,panel_phase_a1000,fbd68d27,3,77974.23417817977,1000
4,panel_phase_a1000,fbd68d27,4,146707.86052702734,1000
4,panel_phase_a1000,fbd68d27,5,171349.57320667795,1000
4,panel_phase_a1000,fbd68d27,6,122951.67808241378,830
4,panel_geom_a100,28473855,0,14134.291819564101,999
4,panel_geom_a100,28473855,1,92585.48214399396,1000
4,panel_geom_a100,28473855,2,54285.11830784726,1000
4,panel_geom_a100,28473855,3,1794.7001212222076,1000
4,panel_geom_a100,28473855,4,1213.2866104565005,291
4,panel_raw_gr_a100,28473855,0,14333.226270168787,999
4,panel_raw_gr_a100,28473855,1,93486.12734285087,1000
4,panel_raw_gr_a100,28473855,2,55008.159965149054,1000
4,panel_raw_gr_a100,28473855,3,1809.3517194944336,1000
4,panel_raw_gr_a100,28473855,4,1239.9556937325292,291
4,panel_phase_a10,28473855,0,14339.36462774577,999
4,panel_phase_a10,28473855,1,97077.55852356057,1000
4,panel_phase_a10,28473855,2,62811.158935972504,1000
4,panel_phase_a10,28473855,3,1998.4710833295926,1000
4,panel_phase_a10,28473855,4,1378.7489511902418,291
4,panel_phase_a100,28473855,0,13032.68369078795,999
4,panel_phase_a100,28473855,1,92729.09072991647,1000
4,panel_phase_a100,28473855,2,60641.377449289415,1000
4,panel_phase_a100,28473855,3,2298.386376172956,1000
4,panel_phase_a100,28473855,4,1345.620261942834,291
4,panel_phase_a1000,28473855,0,9509.247042204212,999
4,panel_phase_a1000,28473855,1,68526.43812170145,1000
4,panel_phase_a1000,28473855,2,39182.15579330287,1000
4,panel_phase_a1000,28473855,3,3528.2771881678013,1000
4,panel_phase_a1000,28473855,4,3198.152515508945,291
4,panel_geom_a100,c66be2b8,0,114341.83719092025,999
4,panel_geom_a100,c66be2b8,1,263392.7164235365,1000
4,panel_geom_a100,c66be2b8,2,35621.74952626849,1000
4,panel_geom_a100,c66be2b8,3,106550.67690291157,1000
4,panel_geom_a100,c66be2b8,4,27848.6837338476,155
4,panel_raw_gr_a100,c66be2b8,0,114285.35706817059,999
4,panel_raw_gr_a100,c66be2b8,1,263409.4211286151,1000
4,panel_raw_gr_a100,c66be2b8,2,35297.13843320584,1000
4,panel_raw_gr_a100,c66be2b8,3,105708.10996265234,1000
4,panel_raw_gr_a100,c66be2b8,4,27955.937354680053,155
4,panel_phase_a10,c66be2b8,0,110968.2063264155,999
4,panel_phase_a10,c66be2b8,1,239188.93508955228,1000
4,panel_phase_a10,c66be2b8,2,23621.544220464402,1000
4,panel_phase_a10,c66be2b8,3,79584.0840281247,1000
4,panel_phase_a10,c66be2b8,4,20676.40909560922,155
4,panel_phase_a100,c66be2b8,0,113017.56764622414,999
4,panel_phase_a100,c66be2b8,1,261047.76242435552,1000
4,panel_phase_a100,c66be2b8,2,31512.667380911418,1000
4,panel_phase_a100,c66be2b8,3,98886.0185325638,1000
4,panel_phase_a100,c66be2b8,4,25691.97794835098,155
4,panel_phase_a1000,c66be2b8,0,108876.4264701915,999
4,panel_phase_a1000,c66be2b8,1,301030.5772897935,1000
4,panel_phase_a1000,c66be2b8,2,49066.57437543843,1000
4,panel_phase_a1000,c66be2b8,3,129959.16602941931,1000
4,panel_phase_a1000,c66be2b8,4,36686.83779396393,155
4,panel_geom_a100,82aab6d2,0,5365.284429110725,999
4,panel_geom_a100,82aab6d2,1,57376.513569294555,1000
4,panel_geom_a100,82aab6d2,2,294167.9317997676,1000
4,panel_geom_a100,82aab6d2,3,1171900.4645838954,1000
4,panel_geom_a100,82aab6d2,4,1519370.2527269537,1000
4,panel_geom_a100,82aab6d2,5,1484553.837056893,1000
4,panel_geom_a100,82aab6d2,6,169363.09402522404,141
4,panel_raw_gr_a100,82aab6d2,0,5359.338336178226,999
4,panel_raw_gr_a100,82aab6d2,1,57250.566738802714,1000
4,panel_raw_gr_a100,82aab6d2,2,293469.3989659225,1000
4,panel_raw_gr_a100,82aab6d2,3,1170997.2589795853,1000
4,panel_raw_gr_a100,82aab6d2,4,1517704.3706709768,1000
4,panel_raw_gr_a100,82aab6d2,5,1482521.6757645693,1000
4,panel_raw_gr_a100,82aab6d2,6,168967.23991913622,141
4,panel_phase_a10,82aab6d2,0,6535.647824454612,999
4,panel_phase_a10,82aab6d2,1,38807.6154001918,1000
4,panel_phase_a10,82aab6d2,2,278532.58554753487,1000
4,panel_phase_a10,82aab6d2,3,1183734.552726273,1000
4,panel_phase_a10,82aab6d2,4,1491283.0054549382,1000
4,panel_phase_a10,82aab6d2,5,1416044.7074655478,1000
4,panel_phase_a10,82aab6d2,6,157692.8361144438,141
4,panel_phase_a100,82aab6d2,0,5944.273446600515,999
4,panel_phase_a100,82aab6d2,1,51700.920502119196,1000
4,panel_phase_a100,82aab6d2,2,296245.5934468082,1000
4,panel_phase_a100,82aab6d2,3,1203957.169443777,1000
4,panel_phase_a100,82aab6d2,4,1553968.6458936024,1000
4,panel_phase_a100,82aab6d2,5,1523212.595022061,1000
4,panel_phase_a100,82aab6d2,6,173920.33476469087,141
4,panel_phase_a1000,82aab6d2,0,7974.833560565169,999
4,panel_phase_a1000,82aab6d2,1,62648.778370275955,1000
4,panel_phase_a1000,82aab6d2,2,383943.33878515474,1000
4,panel_phase_a1000,82aab6d2,3,1479750.8785356698,1000
4,panel_phase_a1000,82aab6d2,4,2074302.5567367019,1000
4,panel_phase_a1000,82aab6d2,5,2191225.6617202396,1000
4,panel_phase_a1000,82aab6d2,6,284851.39513596386,141
4,panel_geom_a100,044af7d1,0,27495.828736729713,999
4,panel_geom_a100,044af7d1,1,9812.51216106962,1000
4,panel_geom_a100,044af7d1,2,9883.738204983089,1000
4,panel_geom_a100,044af7d1,3,3747.3684539137053,1000
4,panel_geom_a100,044af7d1,4,1524.018921195309,520
4,panel_raw_gr_a100,044af7d1,0,27869.79650142719,999
4,panel_raw_gr_a100,044af7d1,1,9720.484497146617,1000
4,panel_raw_gr_a100,044af7d1,2,9669.502593495365,1000
4,panel_raw_gr_a100,044af7d1,3,3570.8300968168605,1000
4,panel_raw_gr_a100,044af7d1,4,1488.3881518638455,520
4,panel_phase_a10,044af7d1,0,29662.94022836835,999
4,panel_phase_a10,044af7d1,1,10863.59019189799,1000
4,panel_phase_a10,044af7d1,2,9511.580572775712,1000
4,panel_phase_a10,044af7d1,3,2127.886799385477,1000
4,panel_phase_a10,044af7d1,4,1356.0596439900373,520
4,panel_phase_a100,044af7d1,0,28364.112530742837,999
4,panel_phase_a100,044af7d1,1,8958.102600994098,1000
4,panel_phase_a100,044af7d1,2,8298.547285685461,1000
4,panel_phase_a100,044af7d1,3,2455.366355222885,1000
4,panel_phase_a100,044af7d1,4,1521.4766806480093,520
4,panel_phase_a1000,044af7d1,0,18434.357322217948,999
4,panel_phase_a1000,044af7d1,1,38331.92232286067,1000
4,panel_phase_a1000,044af7d1,2,79146.89456804916,1000
4,panel_phase_a1000,044af7d1,3,78677.67515380905,1000
4,panel_phase_a1000,044af7d1,4,56727.34786237494,520
4,panel_geom_a100,d24ff243,0,100672.25259371329,999
4,panel_geom_a100,d24ff243,1,663635.6679834897,1000
4,panel_geom_a100,d24ff243,2,707355.604242907,1000
4,panel_geom_a100,d24ff243,3,1665579.676129827,1000
4,panel_geom_a100,d24ff243,4,3083285.607943095,1000
4,panel_geom_a100,d24ff243,5,3215900.5446375785,642
4,panel_raw_gr_a100,d24ff243,0,100291.10837807076,999
4,panel_raw_gr_a100,d24ff243,1,663283.5745351955,1000
4,panel_raw_gr_a100,d24ff243,2,706161.4434674407,1000
4,panel_raw_gr_a100,d24ff243,3,1665647.2778406402,1000
4,panel_raw_gr_a100,d24ff243,4,3083817.022886063,1000
4,panel_raw_gr_a100,d24ff243,5,3215181.679055891,642
4,panel_phase_a10,d24ff243,0,90289.25226681824,999
4,panel_phase_a10,d24ff243,1,629204.2799108461,1000
4,panel_phase_a10,d24ff243,2,680430.0645607034,1000
4,panel_phase_a10,d24ff243,3,1666358.3953801135,1000
4,panel_phase_a10,d24ff243,4,3136578.5565289003,1000
4,panel_phase_a10,d24ff243,5,3257786.8242995753,642
4,panel_phase_a100,d24ff243,0,95439.45065083876,999
4,panel_phase_a100,d24ff243,1,628850.3188119265,1000
4,panel_phase_a100,d24ff243,2,670999.2400264768,1000
4,panel_phase_a100,d24ff243,3,1623078.1597874293,1000
4,panel_phase_a100,d24ff243,4,3050573.2268904815,1000
4,panel_phase_a100,d24ff243,5,3213635.4009854123,642
4,panel_phase_a1000,d24ff243,0,99641.79234671468,999
4,panel_phase_a1000,d24ff243,1,516101.8819791693,1000
4,panel_phase_a1000,d24ff243,2,507280.4865712618,1000
4,panel_phase_a1000,d24ff243,3,1180844.697640152,1000
4,panel_phase_a1000,d24ff243,4,2117072.4040886443,1000
4,panel_phase_a1000,d24ff243,5,2158999.0135318344,642
4,panel_geom_a100,e03b45fd,0,77572.00486111562,999
4,panel_geom_a100,e03b45fd,1,948609.7277427275,1000
4,panel_geom_a100,e03b45fd,2,4026238.3945909617,1000
4,panel_geom_a100,e03b45fd,3,6123421.804044132,1000
4,panel_geom_a100,e03b45fd,4,9380882.597914796,1000
4,panel_geom_a100,e03b45fd,5,2337130.7394059007,343
4,panel_raw_gr_a100,e03b45fd,0,77451.66681182753,999
4,panel_raw_gr_a100,e03b45fd,1,947686.6716077595,1000
4,panel_raw_gr_a100,e03b45fd,2,4024064.032562832,1000
4,panel_raw_gr_a100,e03b45fd,3,6119609.796735643,1000
4,panel_raw_gr_a100,e03b45fd,4,9379238.888872767,1000
4,panel_raw_gr_a100,e03b45fd,5,2336893.0543659655,343
4,panel_phase_a10,e03b45fd,0,79802.99993658392,999
4,panel_phase_a10,e03b45fd,1,956334.9362122967,1000
4,panel_phase_a10,e03b45fd,2,4071263.2692485033,1000
4,panel_phase_a10,e03b45fd,3,6328306.491195636,1000
4,panel_phase_a10,e03b45fd,4,9664667.253926609,1000
4,panel_phase_a10,e03b45fd,5,2445728.228932385,343
4,panel_phase_a100,e03b45fd,0,78128.79659855444,999
4,panel_phase_a100,e03b45fd,1,957859.7106975887,1000
4,panel_phase_a100,e03b45fd,2,4051545.2717804248,1000
4,panel_phase_a100,e03b45fd,3,6111956.8423095755,1000
4,panel_phase_a100,e03b45fd,4,9244274.072499376,1000
4,panel_phase_a100,e03b45fd,5,2279300.029850116,343
4,panel_phase_a1000,e03b45fd,0,78404.93754500015,999
4,panel_phase_a1000,e03b45fd,1,879444.3182626558,1000
4,panel_phase_a1000,e03b45fd,2,3634785.9212295706,1000
4,panel_phase_a1000,e03b45fd,3,4834174.651280924,1000
4,panel_phase_a1000,e03b45fd,4,8042835.9976262525,1000
4,panel_phase_a1000,e03b45fd,5,1867718.5828430937,343
4,panel_geom_a100,1770d7c6,0,573.1697693936673,999
4,panel_geom_a100,1770d7c6,1,2420.9720923362825,1000
4,panel_geom_a100,1770d7c6,2,40421.185433052204,1000
4,panel_geom_a100,1770d7c6,3,81910.39037485704,1000
4,panel_geom_a100,1770d7c6,4,192378.70234086242,1000
4,panel_geom_a100,1770d7c6,5,133231.0835739151,1000
4,panel_geom_a100,1770d7c6,6,74553.6555394225,1000
4,panel_geom_a100,1770d7c6,7,8427.404407300266,241
4,panel_raw_gr_a100,1770d7c6,0,585.069029013256,999
4,panel_raw_gr_a100,1770d7c6,1,2490.068760839069,1000
4,panel_raw_gr_a100,1770d7c6,2,40079.62555755585,1000
4,panel_raw_gr_a100,1770d7c6,3,81437.96832287198,1000
4,panel_raw_gr_a100,1770d7c6,4,191253.78614630803,1000
4,panel_raw_gr_a100,1770d7c6,5,132814.0023391799,1000
4,panel_raw_gr_a100,1770d7c6,6,74603.80038568303,1000
4,panel_raw_gr_a100,1770d7c6,7,8324.67566177434,241
4,panel_phase_a10,1770d7c6,0,994.2412686963085,999
4,panel_phase_a10,1770d7c6,1,6329.856323656494,1000
4,panel_phase_a10,1770d7c6,2,23179.291025170638,1000
4,panel_phase_a10,1770d7c6,3,40544.42738663991,1000
4,panel_phase_a10,1770d7c6,4,107586.37564344192,1000
4,panel_phase_a10,1770d7c6,5,60925.28909173117,1000
4,panel_phase_a10,1770d7c6,6,23882.04250706622,1000
4,panel_phase_a10,1770d7c6,7,1065.6910798127128,241
4,panel_phase_a100,1770d7c6,0,765.1258215755456,999
4,panel_phase_a100,1770d7c6,1,2565.1255610564735,1000
4,panel_phase_a100,1770d7c6,2,38640.23322692648,1000
4,panel_phase_a100,1770d7c6,3,76567.17864863428,1000
4,panel_phase_a100,1770d7c6,4,184567.2514000853,1000
4,panel_phase_a100,1770d7c6,5,126284.55773138592,1000
4,panel_phase_a100,1770d7c6,6,69072.52594016747,1000
4,panel_phase_a100,1770d7c6,7,7240.516163923008,241
4,panel_phase_a1000,1770d7c6,0,227.36818212274483,999
4,panel_phase_a1000,1770d7c6,1,5830.39746799337,1000
4,panel_phase_a1000,1770d7c6,2,122301.10778552512,1000
4,panel_phase_a1000,1770d7c6,3,233095.14907260422,1000
4,panel_phase_a1000,1770d7c6,4,432306.75526056567,1000
4,panel_phase_a1000,1770d7c6,5,351731.1237122907,1000
4,panel_phase_a1000,1770d7c6,6,265368.7985839715,1000
4,panel_phase_a1000,1770d7c6,7,48443.200163881935,241
4,panel_geom_a100,a79fd2e7,0,9257.272372974063,999
4,panel_geom_a100,a79fd2e7,1,36459.002637091435,1000
4,panel_geom_a100,a79fd2e7,2,226177.5980924372,1000
4,panel_geom_a100,a79fd2e7,3,785647.8020531152,1000
4,panel_geom_a100,a79fd2e7,4,855492.0656223877,405
4,panel_raw_gr_a100,a79fd2e7,0,9313.825437118569,999
4,panel_raw_gr_a100,a79fd2e7,1,36620.08802568708,1000
4,panel_raw_gr_a100,a79fd2e7,2,225777.14167988225,1000
4,panel_raw_gr_a100,a79fd2e7,3,784442.5789208639,1000
4,panel_raw_gr_a100,a79fd2e7,4,854914.807070773,405
4,panel_phase_a10,a79fd2e7,0,11086.999266054952,999
4,panel_phase_a10,a79fd2e7,1,45121.24932954925,1000
4,panel_phase_a10,a79fd2e7,2,177128.09262430295,1000
4,panel_phase_a10,a79fd2e7,3,745586.0980918708,1000
4,panel_phase_a10,a79fd2e7,4,837066.984868726,405
4,panel_phase_a100,a79fd2e7,0,8875.762993130114,999
4,panel_phase_a100,a79fd2e7,1,36397.43063871735,1000
4,panel_phase_a100,a79fd2e7,2,228993.9058443127,1000
4,panel_phase_a100,a79fd2e7,3,836530.6782797038,1000
4,panel_phase_a100,a79fd2e7,4,885641.7085187457,405
4,panel_phase_a1000,a79fd2e7,0,6599.781207250773,999
4,panel_phase_a1000,a79fd2e7,1,33234.2931779413,1000
4,panel_phase_a1000,a79fd2e7,2,366960.71940870216,1000
4,panel_phase_a1000,a79fd2e7,3,1263659.5666027602,1000
4,panel_phase_a1000,a79fd2e7,4,1212416.17404129,405
4,panel_geom_a100,00bbac68,0,485.17178399540336,999
4,panel_geom_a100,00bbac68,1,2835.644467642067,1000
4,panel_geom_a100,00bbac68,2,2757.6739801750205,1000
4,panel_geom_a100,00bbac68,3,76858.84816325993,1000
4,panel_geom_a100,00bbac68,4,568901.7578869746,1000
4,panel_geom_a100,00bbac68,5,550790.0917668319,1000
4,panel_geom_a100,00bbac68,6,5566.515101860579,15
4,panel_raw_gr_a100,00bbac68,0,498.6098810409833,999
4,panel_raw_gr_a100,00bbac68,1,2817.2600691275093,1000
4,panel_raw_gr_a100,00bbac68,2,2751.255767676248,1000
4,panel_raw_gr_a100,00bbac68,3,77063.76081692378,1000
4,panel_raw_gr_a100,00bbac68,4,569289.5264056661,1000
4,panel_raw_gr_a100,00bbac68,5,550567.9270318064,1000
4,panel_raw_gr_a100,00bbac68,6,5552.829126269883,15
4,panel_phase_a10,00bbac68,0,679.5224713208316,999
4,panel_phase_a10,00bbac68,1,1356.9938780336188,1000
4,panel_phase_a10,00bbac68,2,938.5313201399133,1000
4,panel_phase_a10,00bbac68,3,79221.55749254726,1000
4,panel_phase_a10,00bbac68,4,568126.5366611636,1000
4,panel_phase_a10,00bbac68,5,534407.30343069,1000
4,panel_phase_a10,00bbac68,6,5276.100712837539,15
4,panel_phase_a100,00bbac68,0,568.3656984104956,999
4,panel_phase_a100,00bbac68,1,1395.0169010326206,1000
4,panel_phase_a100,00bbac68,2,584.858448537032,1000
4,panel_phase_a100,00bbac68,3,93727.04566495388,1000
4,panel_phase_a100,00bbac68,4,606825.7879853104,1000
4,panel_phase_a100,00bbac68,5,585096.8920067011,1000
4,panel_phase_a100,00bbac68,6,6028.220413538298,15
4,panel_phase_a1000,00bbac68,0,190.01880299298298,999
4,panel_phase_a1000,00bbac68,1,6119.268428782937,1000
4,panel_phase_a1000,00bbac68,2,8150.501580257764,1000
4,panel_phase_a1000,00bbac68,3,52138.94076931063,1000
4,panel_phase_a1000,00bbac68,4,539367.5046782484,1000
4,panel_phase_a1000,00bbac68,5,518450.9052507881,1000
4,panel_phase_a1000,00bbac68,6,4646.272185424539,15
4,panel_geom_a100,12203f2a,0,22545.01498015065,999
4,panel_geom_a100,12203f2a,1,116385.11871673,1000
4,panel_geom_a100,12203f2a,2,215474.61506522266,1000
4,panel_geom_a100,12203f2a,3,49686.32192541625,262
4,panel_raw_gr_a100,12203f2a,0,22397.63932442487,999
4,panel_raw_gr_a100,12203f2a,1,115854.91134009499,1000
4,panel_raw_gr_a100,12203f2a,2,214845.40641869372,1000
4,panel_raw_gr_a100,12203f2a,3,49595.843358953665,262
4,panel_phase_a10,12203f2a,0,17815.986654114076,999
4,panel_phase_a10,12203f2a,1,96873.7093497338,1000
4,panel_phase_a10,12203f2a,2,185741.22699451304,1000
4,panel_phase_a10,12203f2a,3,39840.368912247446,262
4,panel_phase_a100,12203f2a,0,19873.9211365505,999
4,panel_phase_a100,12203f2a,1,105115.27171652358,1000
4,panel_phase_a100,12203f2a,2,200291.71439109847,1000
4,panel_phase_a100,12203f2a,3,45868.75160415103,262
4,panel_phase_a1000,12203f2a,0,17467.470956146684,999
4,panel_phase_a1000,12203f2a,1,82418.98679492138,1000
4,panel_phase_a1000,12203f2a,2,185315.43843631164,1000
4,panel_phase_a1000,12203f2a,3,56269.1636540214,262
4,panel_geom_a100,d463e527,0,14102.880260995395,999
4,panel_geom_a100,d463e527,1,19079.938968060163,1000
4,panel_geom_a100,d463e527,2,129824.2977008803,1000
4,panel_geom_a100,d463e527,3,412026.287726812,1000
4,panel_geom_a100,d463e527,4,384758.01115448173,768
4,panel_raw_gr_a100,d463e527,0,13968.532064711215,999
4,panel_raw_gr_a100,d463e527,1,18745.165182191697,1000
4,panel_raw_gr_a100,d463e527,2,129747.03383016582,1000
4,panel_raw_gr_a100,d463e527,3,411132.5541663613,1000
4,panel_raw_gr_a100,d463e527,4,384213.6047258804,768
4,panel_phase_a10,d463e527,0,12203.765837481902,999
4,panel_phase_a10,d463e527,1,16822.53937218644,1000
4,panel_phase_a10,d463e527,2,135673.90517344998,1000
4,panel_phase_a10,d463e527,3,433234.80903821177,1000
4,panel_phase_a10,d463e527,4,419872.17208330234,768
4,panel_phase_a100,d463e527,0,12191.090938645431,999
4,panel_phase_a100,d463e527,1,16776.766900887687,1000
4,panel_phase_a100,d463e527,2,147736.22982309692,1000
4,panel_phase_a100,d463e527,3,436770.3887164022,1000
4,panel_phase_a100,d463e527,4,409742.09875213954,768
4,panel_phase_a1000,d463e527,0,6823.140570996209,999
4,panel_phase_a1000,d463e527,1,23662.591454083708,1000
4,panel_phase_a1000,d463e527,2,363142.79815839976,1000
4,panel_phase_a1000,d463e527,3,920925.5936653963,1000
4,panel_phase_a1000,d463e527,4,898285.7682165002,768
4,panel_geom_a100,b0d42b0d,0,378048.4910312895,999
4,panel_geom_a100,b0d42b0d,1,1009136.413964969,1000
4,panel_geom_a100,b0d42b0d,2,1359514.205905974,1000
4,panel_geom_a100,b0d42b0d,3,2153240.019753747,1000
4,panel_geom_a100,b0d42b0d,4,2319106.6072164783,972
4,panel_raw_gr_a100,b0d42b0d,0,377240.12948334916,999
4,panel_raw_gr_a100,b0d42b0d,1,1007571.6302219976,1000
4,panel_raw_gr_a100,b0d42b0d,2,1356968.001733988,1000
4,panel_raw_gr_a100,b0d42b0d,3,2150312.969699785,1000
4,panel_raw_gr_a100,b0d42b0d,4,2316876.2293569273,972
4,panel_phase_a10,b0d42b0d,0,378596.527899391,999
4,panel_phase_a10,b0d42b0d,1,1016206.0052663239,1000
4,panel_phase_a10,b0d42b0d,2,1413455.6195535592,1000
4,panel_phase_a10,b0d42b0d,3,2380488.5233131554,1000
4,panel_phase_a10,b0d42b0d,4,2599542.877586994,972
4,panel_phase_a100,b0d42b0d,0,380887.93719308416,999
4,panel_phase_a100,b0d42b0d,1,1014024.8775981187,1000
4,panel_phase_a100,b0d42b0d,2,1400922.032607029,1000
4,panel_phase_a100,b0d42b0d,3,2317303.9587026127,1000
4,panel_phase_a100,b0d42b0d,4,2515305.3958198573,972
4,panel_phase_a1000,b0d42b0d,0,385559.9801634252,999
4,panel_phase_a1000,b0d42b0d,1,997535.4447063826,1000
4,panel_phase_a1000,b0d42b0d,2,1339238.1273621123,1000
4,panel_phase_a1000,b0d42b0d,3,2046823.1409861837,1000
4,panel_phase_a1000,b0d42b0d,4,1990093.9273007938,972
4,panel_geom_a100,38991fd4,0,29780.294626686886,999
4,panel_geom_a100,38991fd4,1,144895.3449011541,1000
4,panel_geom_a100,38991fd4,2,245833.6425985317,1000
4,panel_geom_a100,38991fd4,3,222283.6370232408,1000
4,panel_geom_a100,38991fd4,4,614307.9573162129,799
4,panel_raw_gr_a100,38991fd4,0,30100.47606685041,999
4,panel_raw_gr_a100,38991fd4,1,146226.41740446087,1000
4,panel_raw_gr_a100,38991fd4,2,246892.17238951806,1000
4,panel_raw_gr_a100,38991fd4,3,223883.83958337695,1000
4,panel_raw_gr_a100,38991fd4,4,616181.4441907462,799
4,panel_phase_a10,38991fd4,0,32355.88989558427,999
4,panel_phase_a10,38991fd4,1,155927.03341197266,1000
4,panel_phase_a10,38991fd4,2,279618.34070117126,1000
4,panel_phase_a10,38991fd4,3,275082.78805554577,1000
4,panel_phase_a10,38991fd4,4,700590.7145695725,799
4,panel_phase_a100,38991fd4,0,32424.5517500071,999
4,panel_phase_a100,38991fd4,1,149823.31950847138,1000
4,panel_phase_a100,38991fd4,2,263371.2870953106,1000
4,panel_phase_a100,38991fd4,3,264729.4419115406,1000
4,panel_phase_a100,38991fd4,4,698908.6799334777,799
4,panel_phase_a1000,38991fd4,0,27373.711444811477,999
4,panel_phase_a1000,38991fd4,1,129213.7861226197,1000
4,panel_phase_a1000,38991fd4,2,207940.53158593137,1000
4,panel_phase_a1000,38991fd4,3,181916.29604778776,1000
4,panel_phase_a1000,38991fd4,4,557341.6958857952,799
4,panel_geom_a100,1b08ed48,0,4473.961052728396,999
4,panel_geom_a100,1b08ed48,1,22060.1197072845,1000
4,panel_geom_a100,1b08ed48,2,52770.02195685511,1000
4,panel_geom_a100,1b08ed48,3,106520.18084716331,1000
4,panel_geom_a100,1b08ed48,4,277505.55833657266,1000
4,panel_geom_a100,1b08ed48,5,144996.85016751688,619
4,panel_raw_gr_a100,1b08ed48,0,4506.693261361064,999
4,panel_raw_gr_a100,1b08ed48,1,22129.117477863387,1000
4,panel_raw_gr_a100,1b08ed48,2,52882.573233307434,1000
4,panel_raw_gr_a100,1b08ed48,3,106509.76264220073,1000
4,panel_raw_gr_a100,1b08ed48,4,277700.7624139419,1000
4,panel_raw_gr_a100,1b08ed48,5,145052.11454136137,619
4,panel_phase_a10,1b08ed48,0,6998.537289125128,999
4,panel_phase_a10,1b08ed48,1,40952.50064728742,1000
4,panel_phase_a10,1b08ed48,2,93576.57914326558,1000
4,panel_phase_a10,1b08ed48,3,186190.97170967652,1000
4,panel_phase_a10,1b08ed48,4,441440.3823508581,1000
4,panel_phase_a10,1b08ed48,5,252225.17893107727,619
4,panel_phase_a100,1b08ed48,0,4656.761291862758,999
4,panel_phase_a100,1b08ed48,1,22770.18879875274,1000
4,panel_phase_a100,1b08ed48,2,56155.229600444734,1000
4,panel_phase_a100,1b08ed48,3,112855.0957555697,1000
4,panel_phase_a100,1b08ed48,4,283723.9642551407,1000
4,panel_phase_a100,1b08ed48,5,147723.60503808342,619
4,panel_phase_a1000,1b08ed48,0,2266.5507506455174,999
4,panel_phase_a1000,1b08ed48,1,657.5143112283547,1000
4,panel_phase_a1000,1b08ed48,2,1546.7581136080507,1000
4,panel_phase_a1000,1b08ed48,3,3223.8387594390397,1000
4,panel_phase_a1000,1b08ed48,4,28244.935361689346,1000
4,panel_phase_a1000,1b08ed48,5,2034.3704242077413,619
4,panel_geom_a100,6d1d74e1,0,6281.082339212969,999
4,panel_geom_a100,6d1d74e1,1,91750.3724511208,1000
4,panel_geom_a100,6d1d74e1,2,400953.45751365786,1000
4,panel_geom_a100,6d1d74e1,3,1330359.8575845468,1000
4,panel_geom_a100,6d1d74e1,4,4074154.181738246,1000
4,panel_geom_a100,6d1d74e1,5,6327642.306223291,831
4,panel_raw_gr_a100,6d1d74e1,0,6293.2478465553295,999
4,panel_raw_gr_a100,6d1d74e1,1,91487.6706069963,1000
4,panel_raw_gr_a100,6d1d74e1,2,399847.4482834855,1000
4,panel_raw_gr_a100,6d1d74e1,3,1327280.2540651772,1000
4,panel_raw_gr_a100,6d1d74e1,4,4072511.8260999364,1000
4,panel_raw_gr_a100,6d1d74e1,5,6320536.309948377,831
4,panel_phase_a10,6d1d74e1,0,5116.579481131406,999
4,panel_phase_a10,6d1d74e1,1,101578.17561751373,1000
4,panel_phase_a10,6d1d74e1,2,420659.0671821981,1000
4,panel_phase_a10,6d1d74e1,3,1405729.1735648692,1000
4,panel_phase_a10,6d1d74e1,4,4377944.8809446,1000
4,panel_phase_a10,6d1d74e1,5,6787136.027414976,831
4,panel_phase_a100,6d1d74e1,0,5439.228569409553,999
4,panel_phase_a100,6d1d74e1,1,95979.06520465479,1000
4,panel_phase_a100,6d1d74e1,2,410179.4306079401,1000
4,panel_phase_a100,6d1d74e1,3,1365879.7128222403,1000
4,panel_phase_a100,6d1d74e1,4,4274530.435841009,1000
4,panel_phase_a100,6d1d74e1,5,6789915.460743049,831
4,panel_phase_a1000,6d1d74e1,0,6561.06597736795,999
4,panel_phase_a1000,6d1d74e1,1,83037.29735203688,1000
4,panel_phase_a1000,6d1d74e1,2,388890.2503444647,1000
4,panel_phase_a1000,6d1d74e1,3,1216347.6387742504,1000
4,panel_phase_a1000,6d1d74e1,4,3844431.58584002,1000
4,panel_phase_a1000,6d1d74e1,5,6514266.883308524,831
4,panel_geom_a100,647f2a41,0,638.5493722361297,999
4,panel_geom_a100,647f2a41,1,11111.490255240846,1000
4,panel_geom_a100,647f2a41,2,83071.63400766315,1000
4,panel_geom_a100,647f2a41,3,314512.48340291827,882
4,panel_raw_gr_a100,647f2a41,0,600.2383573178298,999
4,panel_raw_gr_a100,647f2a41,1,11048.29265164819,1000
4,panel_raw_gr_a100,647f2a41,2,82186.66453670336,1000
4,panel_raw_gr_a100,647f2a41,3,313791.5045609216,882
4,panel_phase_a10,647f2a41,0,2276.4224867977196,999
4,panel_phase_a10,647f2a41,1,19865.77997537564,1000
4,panel_phase_a10,647f2a41,2,117005.46379922204,1000
4,panel_phase_a10,647f2a41,3,392170.43801616854,882
4,panel_phase_a100,647f2a41,0,1422.1729090384358,999
4,panel_phase_a100,647f2a41,1,15592.582487733076,1000
4,panel_phase_a100,647f2a41,2,104925.40297793396,1000
4,panel_phase_a100,647f2a41,3,367233.7365847336,882
4,panel_phase_a1000,647f2a41,0,1161.3741498661059,999
4,panel_phase_a1000,647f2a41,1,12789.452250453141,1000
4,panel_phase_a1000,647f2a41,2,100801.40898794275,1000
4,panel_phase_a1000,647f2a41,3,378063.86483745114,882
4,panel_geom_a100,a85bb86f,0,1656.268098263495,999
4,panel_geom_a100,a85bb86f,1,42773.32407089711,1000
4,panel_geom_a100,a85bb86f,2,206852.83570089942,1000
4,panel_geom_a100,a85bb86f,3,62734.70223817933,100
4,panel_raw_gr_a100,a85bb86f,0,1649.8076235310896,999
4,panel_raw_gr_a100,a85bb86f,1,42819.87688621964,1000
4,panel_raw_gr_a100,a85bb86f,2,207414.48664900765,1000
4,panel_raw_gr_a100,a85bb86f,3,62877.99291651311,100
4,panel_phase_a10,a85bb86f,0,1262.0698455963566,999
4,panel_phase_a10,a85bb86f,1,37323.13916301335,1000
4,panel_phase_a10,a85bb86f,2,199836.44658826166,1000
4,panel_phase_a10,a85bb86f,3,62560.37836127429,100
4,panel_phase_a100,a85bb86f,0,1899.8914826320363,999
4,panel_phase_a100,a85bb86f,1,43237.40567570801,1000
4,panel_phase_a100,a85bb86f,2,202335.0315863343,1000
4,panel_phase_a100,a85bb86f,3,62353.394810663835,100
4,panel_phase_a1000,a85bb86f,0,3911.7816289771313,999
4,panel_phase_a1000,a85bb86f,1,58948.18348437004,1000
4,panel_phase_a1000,a85bb86f,2,183468.76280723835,1000
4,panel_phase_a1000,a85bb86f,3,53648.567374739694,100
4,panel_geom_a100,a612d5a0,0,10445.154652686864,999
4,panel_geom_a100,a612d5a0,1,95785.71097871916,1000
4,panel_geom_a100,a612d5a0,2,184608.1176185041,1000
4,panel_geom_a100,a612d5a0,3,304463.8340121166,1000
4,panel_geom_a100,a612d5a0,4,356581.69697570504,1000
4,panel_geom_a100,a612d5a0,5,150085.57567459374,330
4,panel_raw_gr_a100,a612d5a0,0,10200.558355639518,999
4,panel_raw_gr_a100,a612d5a0,1,95143.64032430295,1000
4,panel_raw_gr_a100,a612d5a0,2,183540.44775659734,1000
4,panel_raw_gr_a100,a612d5a0,3,303568.833567686,1000
4,panel_raw_gr_a100,a612d5a0,4,356269.66917168983,1000
4,panel_raw_gr_a100,a612d5a0,5,149794.50412615808,330
4,panel_phase_a10,a612d5a0,0,6866.843974381489,999
4,panel_phase_a10,a612d5a0,1,78177.2701371118,1000
4,panel_phase_a10,a612d5a0,2,150012.5961172889,1000
4,panel_phase_a10,a612d5a0,3,239278.61383060837,1000
4,panel_phase_a10,a612d5a0,4,264358.48446322134,1000
4,panel_phase_a10,a612d5a0,5,110450.6077595042,330
4,panel_phase_a100,a612d5a0,0,8349.405669845184,999
4,panel_phase_a100,a612d5a0,1,81342.7985208018,1000
4,panel_phase_a100,a612d5a0,2,163269.85359019565,1000
4,panel_phase_a100,a612d5a0,3,266686.26864160434,1000
4,panel_phase_a100,a612d5a0,4,317951.1250882046,1000
4,panel_phase_a100,a612d5a0,5,136601.67506081628,330
4,panel_phase_a1000,a612d5a0,0,9904.45507619352,999
4,panel_phase_a1000,a612d5a0,1,85790.18690289094,1000
4,panel_phase_a1000,a612d5a0,2,175541.76599664273,1000
4,panel_phase_a1000,a612d5a0,3,296974.1980039291,1000
4,panel_phase_a1000,a612d5a0,4,374738.5071179373,1000
4,panel_phase_a1000,a612d5a0,5,166096.7520103726,330
4,panel_geom_a100,b7974e66,0,32811.84543114535,999
4,panel_geom_a100,b7974e66,1,36157.64493531389,1000
4,panel_geom_a100,b7974e66,2,64921.08527005589,1000
4,panel_geom_a100,b7974e66,3,175928.29874727497,1000
4,panel_geom_a100,b7974e66,4,386265.8836207912,1000
4,panel_geom_a100,b7974e66,5,245901.4404096924,559
4,panel_raw_gr_a100,b7974e66,0,32832.84362859161,999
4,panel_raw_gr_a100,b7974e66,1,36245.30207811978,1000
4,panel_raw_gr_a100,b7974e66,2,64949.07267519787,1000
4,panel_raw_gr_a100,b7974e66,3,176091.56659478517,1000
4,panel_raw_gr_a100,b7974e66,4,385959.3800253542,1000
4,panel_raw_gr_a100,b7974e66,5,244892.45329889387,559
4,panel_phase_a10,b7974e66,0,39677.81400720417,999
4,panel_phase_a10,b7974e66,1,57850.719833406954,1000
4,panel_phase_a10,b7974e66,2,118799.4415118367,1000
4,panel_phase_a10,b7974e66,3,269501.07451111317,1000
4,panel_phase_a10,b7974e66,4,535233.1574557894,1000
4,panel_phase_a10,b7974e66,5,350208.437610796,559
4,panel_phase_a100,b7974e66,0,31851.76144216836,999
4,panel_phase_a100,b7974e66,1,35520.09146509319,1000
4,panel_phase_a100,b7974e66,2,58061.64106200092,1000
4,panel_phase_a100,b7974e66,3,161539.4394661839,1000
4,panel_phase_a100,b7974e66,4,369917.57238817454,1000
4,panel_phase_a100,b7974e66,5,235814.73025917192,559
4,panel_phase_a1000,b7974e66,0,15855.121524190363,999
4,panel_phase_a1000,b7974e66,1,6161.420645390996,1000
4,panel_phase_a1000,b7974e66,2,1700.0137318214643,1000
4,panel_phase_a1000,b7974e66,3,2185.914879896256,1000
4,panel_phase_a1000,b7974e66,4,27310.43601059222,1000
4,panel_phase_a1000,b7974e66,5,13990.232039668479,559
4,panel_geom_a100,d6c320d9,0,95506.72319867117,999
4,panel_geom_a100,d6c320d9,1,409544.6421497206,1000
4,panel_geom_a100,d6c320d9,2,743788.0150843933,1000
4,panel_geom_a100,d6c320d9,3,1113227.0089815217,1000
4,panel_geom_a100,d6c320d9,4,321321.6843660683,1000
4,panel_geom_a100,d6c320d9,5,96553.97675971664,453
4,panel_raw_gr_a100,d6c320d9,0,95489.34674919551,999
4,panel_raw_gr_a100,d6c320d9,1,409874.76090172346,1000
4,panel_raw_gr_a100,d6c320d9,2,743384.3701508319,1000
4,panel_raw_gr_a100,d6c320d9,3,1113039.234062893,1000
4,panel_raw_gr_a100,d6c320d9,4,321972.80369936867,1000
4,panel_raw_gr_a100,d6c320d9,5,96633.38046259571,453
4,panel_phase_a10,d6c320d9,0,90732.7567999921,999
4,panel_phase_a10,d6c320d9,1,407883.36846058915,1000
4,panel_phase_a10,d6c320d9,2,769775.8388865403,1000
4,panel_phase_a10,d6c320d9,3,1134049.6469979002,1000
4,panel_phase_a10,d6c320d9,4,333166.1856300354,1000
4,panel_phase_a10,d6c320d9,5,104158.78806624611,453
4,panel_phase_a100,d6c320d9,0,99212.91247685136,999
4,panel_phase_a100,d6c320d9,1,440848.0404952347,1000
4,panel_phase_a100,d6c320d9,2,791066.0837172085,1000
4,panel_phase_a100,d6c320d9,3,1153404.5325239932,1000
4,panel_phase_a100,d6c320d9,4,358602.773277701,1000
4,panel_phase_a100,d6c320d9,5,116082.14466935057,453
4,panel_phase_a1000,d6c320d9,0,74199.31992838837,999
4,panel_phase_a1000,d6c320d9,1,348593.8537569476,1000
4,panel_phase_a1000,d6c320d9,2,540219.6955989326,1000
4,panel_phase_a1000,d6c320d9,3,821819.5218415746,1000
4,panel_phase_a1000,d6c320d9,4,291746.4292754095,1000
4,panel_phase_a1000,d6c320d9,5,96819.01146883515,453
4,panel_geom_a100,f03f10fe,0,1522.0213796694463,999
4,panel_geom_a100,f03f10fe,1,77211.84650428219,1000
4,panel_geom_a100,f03f10fe,2,292499.49887863855,1000
4,panel_geom_a100,f03f10fe,3,600221.1646978937,1000
4,panel_geom_a100,f03f10fe,4,87093.85905618152,146
4,panel_raw_gr_a100,f03f10fe,0,1501.4375354498775,999
4,panel_raw_gr_a100,f03f10fe,1,77348.3811944148,1000
4,panel_raw_gr_a100,f03f10fe,2,292308.802708828,1000
4,panel_raw_gr_a100,f03f10fe,3,600741.660942379,1000
4,panel_raw_gr_a100,f03f10fe,4,87347.59520228012,146
4,panel_phase_a10,f03f10fe,0,999.7274059330621,999
4,panel_phase_a10,f03f10fe,1,93009.06677801754,1000
4,panel_phase_a10,f03f10fe,2,343864.63750687987,1000
4,panel_phase_a10,f03f10fe,3,689778.2115852194,1000
4,panel_phase_a10,f03f10fe,4,102431.44697976421,146
4,panel_phase_a100,f03f10fe,0,1244.4607951047954,999
4,panel_phase_a100,f03f10fe,1,84939.93438678175,1000
4,panel_phase_a100,f03f10fe,2,316673.90298336215,1000
4,panel_phase_a100,f03f10fe,3,656084.1463922935,1000
4,panel_phase_a100,f03f10fe,4,96167.15208619757,146
4,panel_phase_a1000,f03f10fe,0,3403.1340897089335,999
4,panel_phase_a1000,f03f10fe,1,55168.84846853663,1000
4,panel_phase_a1000,f03f10fe,2,197536.95689752416,1000
4,panel_phase_a1000,f03f10fe,3,421227.4664520059,1000
4,panel_phase_a1000,f03f10fe,4,56127.55807912051,146
4,panel_geom_a100,d011f41b,0,2425.929433343068,999
4,panel_geom_a100,d011f41b,1,16864.854957808602,1000
4,panel_geom_a100,d011f41b,2,5023.626628733044,268
4,panel_raw_gr_a100,d011f41b,0,2389.208951933125,999
4,panel_raw_gr_a100,d011f41b,1,16659.485113715524,1000
4,panel_raw_gr_a100,d011f41b,2,4981.822019047239,268
4,panel_phase_a10,d011f41b,0,2393.5457926908,999
4,panel_phase_a10,d011f41b,1,17653.40011699413,1000
4,panel_phase_a10,d011f41b,2,5594.8647528442525,268
4,panel_phase_a100,d011f41b,0,2457.778995108586,999
4,panel_phase_a100,d011f41b,1,18206.99540208154,1000
4,panel_phase_a100,d011f41b,2,5749.702597143251,268
4,panel_phase_a1000,d011f41b,0,2461.6471378824776,999
4,panel_phase_a1000,d011f41b,1,31569.93615163591,1000
4,panel_phase_a1000,d011f41b,2,9625.729733582803,268
4,panel_geom_a100,60e37807,0,2764.7149047131993,999
4,panel_geom_a100,60e37807,1,294360.85858371475,1000
4,panel_geom_a100,60e37807,2,1436496.187776206,700
4,panel_raw_gr_a100,60e37807,0,2697.856336368251,999
4,panel_raw_gr_a100,60e37807,1,294722.73473832424,1000
4,panel_raw_gr_a100,60e37807,2,1436362.8663781222,700
4,panel_phase_a10,60e37807,0,2560.676542620204,999
4,panel_phase_a10,60e37807,1,295444.8338795909,1000
4,panel_phase_a10,60e37807,2,1458548.7987793554,700
4,panel_phase_a100,60e37807,0,2026.9520621141157,999
4,panel_phase_a100,60e37807,1,300171.5273352556,1000
4,panel_phase_a100,60e37807,2,1469061.5982592965,700
4,panel_phase_a1000,60e37807,0,1169.6199899199596,999
4,panel_phase_a1000,60e37807,1,364847.34824378596,1000
4,panel_phase_a1000,60e37807,2,1614189.3747903523,700
4,panel_geom_a100,46dfcfca,0,74572.69789674056,999
4,panel_geom_a100,46dfcfca,1,504486.3094497711,1000
4,panel_geom_a100,46dfcfca,2,1536128.7482952909,1000
4,panel_geom_a100,46dfcfca,3,2169714.135501408,607
4,panel_raw_gr_a100,46dfcfca,0,74372.79713378365,999
4,panel_raw_gr_a100,46dfcfca,1,503968.64720295166,1000
4,panel_raw_gr_a100,46dfcfca,2,1538250.3414726923,1000
4,panel_raw_gr_a100,46dfcfca,3,2170588.8060587584,607
4,panel_phase_a10,46dfcfca,0,78946.42055246496,999
4,panel_phase_a10,46dfcfca,1,554371.5577778973,1000
4,panel_phase_a10,46dfcfca,2,1681423.3724844302,1000
4,panel_phase_a10,46dfcfca,3,2345093.538723757,607
4,panel_phase_a100,46dfcfca,0,75799.84835708552,999
4,panel_phase_a100,46dfcfca,1,514958.8470040947,1000
4,panel_phase_a100,46dfcfca,2,1573240.8606281579,1000
4,panel_phase_a100,46dfcfca,3,2211340.1817226307,607
4,panel_phase_a1000,46dfcfca,0,72963.40626347072,999
4,panel_phase_a1000,46dfcfca,1,360328.01687102066,1000
4,panel_phase_a1000,46dfcfca,2,997964.379717139,1000
4,panel_phase_a1000,46dfcfca,3,1489345.5383598297,607
4,panel_geom_a100,bc4381e2,0,96800.541731736,999
4,panel_geom_a100,bc4381e2,1,394572.14452956116,1000
4,panel_geom_a100,bc4381e2,2,601277.5246678855,1000
4,panel_geom_a100,bc4381e2,3,166616.9579186008,1000
4,panel_geom_a100,bc4381e2,4,26612.56526567543,956
4,panel_raw_gr_a100,bc4381e2,0,96742.03190183779,999
4,panel_raw_gr_a100,bc4381e2,1,394523.4703901102,1000
4,panel_raw_gr_a100,bc4381e2,2,601449.3615026295,1000
4,panel_raw_gr_a100,bc4381e2,3,166331.3871966414,1000
4,panel_raw_gr_a100,bc4381e2,4,26588.466754195884,956
4,panel_phase_a10,bc4381e2,0,90438.92297550153,999
4,panel_phase_a10,bc4381e2,1,359329.8034314647,1000
4,panel_phase_a10,bc4381e2,2,529055.8617177146,1000
4,panel_phase_a10,bc4381e2,3,110638.10298296221,1000
4,panel_phase_a10,bc4381e2,4,66718.67487519645,956
4,panel_phase_a100,bc4381e2,0,95372.86319910373,999
4,panel_phase_a100,bc4381e2,1,385171.9854783229,1000
4,panel_phase_a100,bc4381e2,2,571494.2914751794,1000
4,panel_phase_a100,bc4381e2,3,150790.4621243188,1000
4,panel_phase_a100,bc4381e2,4,35692.41434304737,956
4,panel_phase_a1000,bc4381e2,0,107719.04191650556,999
4,panel_phase_a1000,bc4381e2,1,454857.48219659994,1000
4,panel_phase_a1000,bc4381e2,2,748527.5820213575,1000
4,panel_phase_a1000,bc4381e2,3,435591.8840323638,1000
4,panel_phase_a1000,bc4381e2,4,83730.34385881388,956
4,panel_geom_a100,f8662c22,0,35773.79945026442,999
4,panel_geom_a100,f8662c22,1,166671.25726235096,1000
4,panel_geom_a100,f8662c22,2,443243.0231110834,1000
4,panel_geom_a100,f8662c22,3,641051.3551889118,1000
4,panel_geom_a100,f8662c22,4,198479.74248715828,1000
4,panel_geom_a100,f8662c22,5,3159.5432272556513,430
4,panel_raw_gr_a100,f8662c22,0,35960.55737514712,999
4,panel_raw_gr_a100,f8662c22,1,167590.4888564824,1000
4,panel_raw_gr_a100,f8662c22,2,444039.8960403479,1000
4,panel_raw_gr_a100,f8662c22,3,641247.1586858856,1000
4,panel_raw_gr_a100,f8662c22,4,198759.3031870573,1000
4,panel_raw_gr_a100,f8662c22,5,3145.284325050731,430
4,panel_phase_a10,f8662c22,0,36932.586496364034,999
4,panel_phase_a10,f8662c22,1,176791.94284365908,1000
4,panel_phase_a10,f8662c22,2,491399.5723150026,1000
4,panel_phase_a10,f8662c22,3,721185.9695202895,1000
4,panel_phase_a10,f8662c22,4,243495.44504578144,1000
4,panel_phase_a10,f8662c22,5,947.4734000393499,430
4,panel_phase_a100,f8662c22,0,36634.3185207188,999
4,panel_phase_a100,f8662c22,1,178501.62118378512,1000
4,panel_phase_a100,f8662c22,2,475587.2844722303,1000
4,panel_phase_a100,f8662c22,3,673200.6749320326,1000
4,panel_phase_a100,f8662c22,4,212339.69114052394,1000
4,panel_phase_a100,f8662c22,5,2557.189674717345,430
4,panel_phase_a1000,f8662c22,0,48919.55701508446,999
4,panel_phase_a1000,f8662c22,1,163432.5237293306,1000
4,panel_phase_a1000,f8662c22,2,373100.58883720095,1000
4,panel_phase_a1000,f8662c22,3,562989.9747349342,1000
4,panel_phase_a1000,f8662c22,4,142052.76418849506,1000
4,panel_phase_a1000,f8662c22,5,9333.905260968753,430
4,panel_geom_a100,e14d641e,0,32443.736029581858,999
4,panel_geom_a100,e14d641e,1,126915.07872081794,1000
4,panel_geom_a100,e14d641e,2,72833.55610211263,1000
4,panel_geom_a100,e14d641e,3,5317.43758988835,185
4,panel_raw_gr_a100,e14d641e,0,32254.956194073817,999
4,panel_raw_gr_a100,e14d641e,1,126620.98595654203,1000
4,panel_raw_gr_a100,e14d641e,2,72486.66774383983,1000
4,panel_raw_gr_a100,e14d641e,3,5229.171468312925,185
4,panel_phase_a10,e14d641e,0,34201.76199909657,999
4,panel_phase_a10,e14d641e,1,129439.87500285296,1000
4,panel_phase_a10,e14d641e,2,60842.48567868078,1000
4,panel_phase_a10,e14d641e,3,3480.663882542335,185
4,panel_phase_a100,e14d641e,0,33920.42940897505,999
4,panel_phase_a100,e14d641e,1,129146.56393416169,1000
4,panel_phase_a100,e14d641e,2,64704.645081466886,1000
4,panel_phase_a100,e14d641e,3,4048.8301325794523,185
4,panel_phase_a1000,e14d641e,0,28865.322115350067,999
4,panel_phase_a1000,e14d641e,1,91689.15525947392,1000
4,panel_phase_a1000,e14d641e,2,53246.12284378765,1000
4,panel_phase_a1000,e14d641e,3,3935.85731059361,185
4,panel_geom_a100,6e6d122c,0,74174.77156977117,999
4,panel_geom_a100,6e6d122c,1,118640.73105585118,1000
4,panel_geom_a100,6e6d122c,2,409519.8523645963,1000
4,panel_geom_a100,6e6d122c,3,254661.93950252474,1000
4,panel_geom_a100,6e6d122c,4,180292.82112445982,1000
4,panel_geom_a100,6e6d122c,5,62314.681120871406,633
4,panel_raw_gr_a100,6e6d122c,0,74129.40212879822,999
4,panel_raw_gr_a100,6e6d122c,1,118274.8690353348,1000
4,panel_raw_gr_a100,6e6d122c,2,409030.03893105814,1000
4,panel_raw_gr_a100,6e6d122c,3,254384.53430958305,1000
4,panel_raw_gr_a100,6e6d122c,4,179433.93113988324,1000
4,panel_raw_gr_a100,6e6d122c,5,62069.086165893656,633
4,panel_phase_a10,6e6d122c,0,76069.9580257904,999
4,panel_phase_a10,6e6d122c,1,127734.44746270249,1000
4,panel_phase_a10,6e6d122c,2,427770.8373386219,1000
4,panel_phase_a10,6e6d122c,3,281986.1038547975,1000
4,panel_phase_a10,6e6d122c,4,208262.64961412223,1000
4,panel_phase_a10,6e6d122c,5,82995.38884196107,633
4,panel_phase_a100,6e6d122c,0,72989.10156426112,999
4,panel_phase_a100,6e6d122c,1,123254.56365896077,1000
4,panel_phase_a100,6e6d122c,2,424754.43076374335,1000
4,panel_phase_a100,6e6d122c,3,270901.1626641231,1000
4,panel_phase_a100,6e6d122c,4,198701.9884474253,1000
4,panel_phase_a100,6e6d122c,5,69725.93739366958,633
4,panel_phase_a1000,6e6d122c,0,49217.57393578756,999
4,panel_phase_a1000,6e6d122c,1,73389.3515144061,1000
4,panel_phase_a1000,6e6d122c,2,297114.20057495235,1000
4,panel_phase_a1000,6e6d122c,3,183575.38426412854,1000
4,panel_phase_a1000,6e6d122c,4,172140.27816076725,1000
4,panel_phase_a1000,6e6d122c,5,37668.758603907154,633
4,panel_geom_a100,155887bb,0,9838.272718032034,999
4,panel_geom_a100,155887bb,1,40370.17820452142,1000
4,panel_geom_a100,155887bb,2,16853.33829636765,1000
4,panel_geom_a100,155887bb,3,188969.8018195618,1000
4,panel_geom_a100,155887bb,4,559781.8205987265,1000
4,panel_geom_a100,155887bb,5,509023.208299272,586
4,panel_raw_gr_a100,155887bb,0,9828.179485437544,999
4,panel_raw_gr_a100,155887bb,1,40085.73206812345,1000
4,panel_raw_gr_a100,155887bb,2,16761.415518657115,1000
4,panel_raw_gr_a100,155887bb,3,188950.89132215612,1000
4,panel_raw_gr_a100,155887bb,4,560351.8450926575,1000
4,panel_raw_gr_a100,155887bb,5,508655.28746376414,586
4,panel_phase_a10,155887bb,0,11417.398854756399,999
4,panel_phase_a10,155887bb,1,48960.57145118168,1000
4,panel_phase_a10,155887bb,2,14934.82632986687,1000
4,panel_phase_a10,155887bb,3,149181.23236128525,1000
4,panel_phase_a10,155887bb,4,416557.0972124084,1000
4,panel_phase_a10,155887bb,5,379101.48808840814,586
4,panel_phase_a100,155887bb,0,10650.374662988746,999
4,panel_phase_a100,155887bb,1,46657.288707878535,1000
4,panel_phase_a100,155887bb,2,14947.779261122585,1000
4,panel_phase_a100,155887bb,3,139555.68294993322,1000
4,panel_phase_a100,155887bb,4,391480.4359920556,1000
4,panel_phase_a100,155887bb,5,366579.7195752064,586
4,panel_phase_a1000,155887bb,0,7561.81331463803,999
4,panel_phase_a1000,155887bb,1,27420.826450809436,1000
4,panel_phase_a1000,155887bb,2,14935.167684211096,1000
4,panel_phase_a1000,155887bb,3,183009.75933761496,1000
4,panel_phase_a1000,155887bb,4,621700.6315731846,1000
4,panel_phase_a1000,155887bb,5,465120.6132940194,586
4,panel_geom_a100,b3388334,0,35625.011966722035,999
4,panel_geom_a100,b3388334,1,319551.5254728758,1000
4,panel_geom_a100,b3388334,2,18771.502979137436,1000
4,panel_geom_a100,b3388334,3,21695.013965621016,1000
4,panel_geom_a100,b3388334,4,37747.76495094612,1000
4,panel_geom_a100,b3388334,5,1390410.34321234,1000
4,panel_geom_a100,b3388334,6,319819.4042992599,81
4,panel_raw_gr_a100,b3388334,0,35676.29313915549,999
4,panel_raw_gr_a100,b3388334,1,320057.16415187146,1000
4,panel_raw_gr_a100,b3388334,2,18538.973006462977,1000
4,panel_raw_gr_a100,b3388334,3,21848.149173844897,1000
4,panel_raw_gr_a100,b3388334,4,37721.56000198334,1000
4,panel_raw_gr_a100,b3388334,5,1388428.370579799,1000
4,panel_raw_gr_a100,b3388334,6,319660.0021890852,81
4,panel_phase_a10,b3388334,0,35572.91706620637,999
4,panel_phase_a10,b3388334,1,332581.5855389043,1000
4,panel_phase_a10,b3388334,2,18852.92058525092,1000
4,panel_phase_a10,b3388334,3,19693.466857474978,1000
4,panel_phase_a10,b3388334,4,31903.55475327158,1000
4,panel_phase_a10,b3388334,5,1343265.8672690205,1000
4,panel_phase_a10,b3388334,6,314785.17815728753,81
4,panel_phase_a100,b3388334,0,37872.10420577301,999
4,panel_phase_a100,b3388334,1,352640.4364529386,1000
4,panel_phase_a100,b3388334,2,35900.452300738594,1000
4,panel_phase_a100,b3388334,3,41676.78385079057,1000
4,panel_phase_a100,b3388334,4,32891.31938327719,1000
4,panel_phase_a100,b3388334,5,1249543.7618982017,1000
4,panel_phase_a100,b3388334,6,297600.08307640767,81
4,panel_phase_a1000,b3388334,0,32371.37858330516,999
4,panel_phase_a1000,b3388334,1,312572.8221525571,1000
4,panel_phase_a1000,b3388334,2,12021.172916711035,1000
4,panel_phase_a1000,b3388334,3,5752.979022846821,1000
4,panel_phase_a1000,b3388334,4,78054.32610021098,1000
4,panel_phase_a1000,b3388334,5,1842498.2307722515,1000
4,panel_phase_a1000,b3388334,6,387883.7311643371,81
4,panel_geom_a100,5a63b5d1,0,118146.67579075524,999
4,panel_geom_a100,5a63b5d1,1,1334172.9942503148,1000
4,panel_geom_a100,5a63b5d1,2,2546712.604595066,1000
4,panel_geom_a100,5a63b5d1,3,4367412.403617101,1000
4,panel_geom_a100,5a63b5d1,4,6146734.348294457,1000
4,panel_geom_a100,5a63b5d1,5,5782540.91551504,1000
4,panel_geom_a100,5a63b5d1,6,1107541.267576535,218
4,panel_raw_gr_a100,5a63b5d1,0,118054.09265237072,999
4,panel_raw_gr_a100,5a63b5d1,1,1334416.5378784218,1000
4,panel_raw_gr_a100,5a63b5d1,2,2547413.346385013,1000
4,panel_raw_gr_a100,5a63b5d1,3,4369381.025505408,1000
4,panel_raw_gr_a100,5a63b5d1,4,6150563.581815828,1000
4,panel_raw_gr_a100,5a63b5d1,5,5786614.480411724,1000
4,panel_raw_gr_a100,5a63b5d1,6,1108105.0387118168,218
4,panel_phase_a10,5a63b5d1,0,131108.29280419732,999
4,panel_phase_a10,5a63b5d1,1,1463261.295544764,1000
4,panel_phase_a10,5a63b5d1,2,2814265.5244271103,1000
4,panel_phase_a10,5a63b5d1,3,4809448.838081294,1000
4,panel_phase_a10,5a63b5d1,4,6949276.568026303,1000
4,panel_phase_a10,5a63b5d1,5,6826859.420557768,1000
4,panel_phase_a10,5a63b5d1,6,1355110.5006035438,218
4,panel_phase_a100,5a63b5d1,0,116446.40547909137,999
4,panel_phase_a100,5a63b5d1,1,1321626.3590539887,1000
4,panel_phase_a100,5a63b5d1,2,2563981.4309273553,1000
4,panel_phase_a100,5a63b5d1,3,4532048.739709046,1000
4,panel_phase_a100,5a63b5d1,4,6296253.114156828,1000
4,panel_phase_a100,5a63b5d1,5,5833083.446021476,1000
4,panel_phase_a100,5a63b5d1,6,1110005.6005482574,218
4,panel_phase_a1000,5a63b5d1,0,67664.32795179325,999
4,panel_phase_a1000,5a63b5d1,1,887801.9437011968,1000
4,panel_phase_a1000,5a63b5d1,2,1403426.535089713,1000
4,panel_phase_a1000,5a63b5d1,3,2355918.9436606513,1000
4,panel_phase_a1000,5a63b5d1,4,3278397.6824782277,1000
4,panel_phase_a1000,5a63b5d1,5,2864113.3038789546,1000
4,panel_phase_a1000,5a63b5d1,6,539929.3658384302,218
4,panel_geom_a100,05a0ee4d,0,11951.022840269578,999
4,panel_geom_a100,05a0ee4d,1,152569.81544915243,1000
4,panel_geom_a100,05a0ee4d,2,388971.6518085805,1000
4,panel_geom_a100,05a0ee4d,3,92288.99832255862,1000
4,panel_geom_a100,05a0ee4d,4,81889.65857603555,349
4,panel_raw_gr_a100,05a0ee4d,0,11727.401319726148,999
4,panel_raw_gr_a100,05a0ee4d,1,151964.54327582225,1000
4,panel_raw_gr_a100,05a0ee4d,2,387589.6728550493,1000
4,panel_raw_gr_a100,05a0ee4d,3,92219.68060363944,1000
4,panel_raw_gr_a100,05a0ee4d,4,81913.51597109443,349
4,panel_phase_a10,05a0ee4d,0,12068.047603519411,999
4,panel_phase_a10,05a0ee4d,1,150916.5115029786,1000
4,panel_phase_a10,05a0ee4d,2,396128.33699615666,1000
4,panel_phase_a10,05a0ee4d,3,101389.4613669521,1000
4,panel_phase_a10,05a0ee4d,4,86831.85355902743,349
4,panel_phase_a100,05a0ee4d,0,12635.039990134122,999
4,panel_phase_a100,05a0ee4d,1,155232.9137389093,1000
4,panel_phase_a100,05a0ee4d,2,404334.448109581,1000
4,panel_phase_a100,05a0ee4d,3,105313.56231274697,1000
4,panel_phase_a100,05a0ee4d,4,89600.02951294178,349
4,panel_phase_a1000,05a0ee4d,0,13446.27407739516,999
4,panel_phase_a1000,05a0ee4d,1,175391.71489848229,1000
4,panel_phase_a1000,05a0ee4d,2,472529.939501092,1000
4,panel_phase_a1000,05a0ee4d,3,147930.0972734971,1000
4,panel_phase_a1000,05a0ee4d,4,125035.04904850807,349
4,panel_geom_a100,95b559e7,0,74215.7317355046,999
4,panel_geom_a100,95b559e7,1,625711.8448684614,1000
4,panel_geom_a100,95b559e7,2,790684.9721871283,888
4,panel_raw_gr_a100,95b559e7,0,74351.41125303063,999
4,panel_raw_gr_a100,95b559e7,1,626411.1966319226,1000
4,panel_raw_gr_a100,95b559e7,2,792982.3445935594,888
4,panel_phase_a10,95b559e7,0,83747.44398240595,999
4,panel_phase_a10,95b559e7,1,712127.7566813095,1000
4,panel_phase_a10,95b559e7,2,942275.7204762334,888
4,panel_phase_a100,95b559e7,0,73340.15408648737,999
4,panel_phase_a100,95b559e7,1,613766.6645017526,1000
4,panel_phase_a100,95b559e7,2,769732.6074044763,888
4,panel_phase_a1000,95b559e7,0,59166.99918762741,999
4,panel_phase_a1000,95b559e7,1,405957.1688569743,1000
4,panel_phase_a1000,95b559e7,2,405539.27465473535,888
4,panel_geom_a100,a85e4bc3,0,23476.651505931757,999
4,panel_geom_a100,a85e4bc3,1,21659.792882749312,1000
4,panel_geom_a100,a85e4bc3,2,5039.642543112882,1000
4,panel_geom_a100,a85e4bc3,3,1094005.705806412,1000
4,panel_geom_a100,a85e4bc3,4,1350691.3429980492,582
4,panel_raw_gr_a100,a85e4bc3,0,23401.276538434104,999
4,panel_raw_gr_a100,a85e4bc3,1,21731.911153059093,1000
4,panel_raw_gr_a100,a85e4bc3,2,4997.938338434706,1000
4,panel_raw_gr_a100,a85e4bc3,3,1096014.7947206758,1000
4,panel_raw_gr_a100,a85e4bc3,4,1350898.973861237,582
4,panel_phase_a10,a85e4bc3,0,26027.679974569717,999
4,panel_phase_a10,a85e4bc3,1,17868.6160155905,1000
4,panel_phase_a10,a85e4bc3,2,4847.696254750032,1000
4,panel_phase_a10,a85e4bc3,3,1134483.5006414715,1000
4,panel_phase_a10,a85e4bc3,4,1437142.2172493744,582
4,panel_phase_a100,a85e4bc3,0,23980.55214436114,999
4,panel_phase_a100,a85e4bc3,1,20536.026705568867,1000
4,panel_phase_a100,a85e4bc3,2,5464.110402016005,1000
4,panel_phase_a100,a85e4bc3,3,1103730.2989146342,1000
4,panel_phase_a100,a85e4bc3,4,1380581.668359386,582
4,panel_phase_a1000,a85e4bc3,0,12511.067162789204,999
4,panel_phase_a1000,a85e4bc3,1,47104.334616893495,1000
4,panel_phase_a1000,a85e4bc3,2,8086.324524743844,1000
4,panel_phase_a1000,a85e4bc3,3,949601.0315383695,1000
4,panel_phase_a1000,a85e4bc3,4,1062345.8462184938,582
4,panel_geom_a100,d0a43760,0,56858.1363842452,999
4,panel_geom_a100,d0a43760,1,516487.6271102024,1000
4,panel_geom_a100,d0a43760,2,2753235.6230780366,1000
4,panel_geom_a100,d0a43760,3,7545916.772093459,1000
4,panel_geom_a100,d0a43760,4,408510.55731570104,42
4,panel_raw_gr_a100,d0a43760,0,57865.67989718837,999
4,panel_raw_gr_a100,d0a43760,1,518367.4932785535,1000
4,panel_raw_gr_a100,d0a43760,2,2754130.7719325456,1000
4,panel_raw_gr_a100,d0a43760,3,7556128.140546938,1000
4,panel_raw_gr_a100,d0a43760,4,408519.7173451632,42
4,panel_phase_a10,d0a43760,0,54366.31139601894,999
4,panel_phase_a10,d0a43760,1,533854.9436318375,1000
4,panel_phase_a10,d0a43760,2,2883773.2678409563,1000
4,panel_phase_a10,d0a43760,3,7979672.590628315,1000
4,panel_phase_a10,d0a43760,4,429594.5756787744,42
4,panel_phase_a100,d0a43760,0,54152.6391637458,999
4,panel_phase_a100,d0a43760,1,513975.34074081224,1000
4,panel_phase_a100,d0a43760,2,2745982.153269916,1000
4,panel_phase_a100,d0a43760,3,7504268.979737225,1000
4,panel_phase_a100,d0a43760,4,405817.4762222204,42
4,panel_phase_a1000,d0a43760,0,52369.66306759882,999
4,panel_phase_a1000,d0a43760,1,476280.6612694697,1000
4,panel_phase_a1000,d0a43760,2,2298135.456883332,1000
4,panel_phase_a1000,d0a43760,3,5708788.887660265,1000
4,panel_phase_a1000,d0a43760,4,305557.2744800849,42
4,panel_geom_a100,2ddad940,0,38138.3119915883,999
4,panel_geom_a100,2ddad940,1,144993.0340094279,1000
4,panel_geom_a100,2ddad940,2,147004.55921541134,1000
4,panel_geom_a100,2ddad940,3,26715.43706950845,1000
4,panel_geom_a100,2ddad940,4,190515.65206000258,1000
4,panel_geom_a100,2ddad940,5,166836.97971161886,332
4,panel_raw_gr_a100,2ddad940,0,38177.5516275193,999
4,panel_raw_gr_a100,2ddad940,1,145041.1364968322,1000
4,panel_raw_gr_a100,2ddad940,2,146992.48737102983,1000
4,panel_raw_gr_a100,2ddad940,3,26769.20698039731,1000
4,panel_raw_gr_a100,2ddad940,4,190456.92521387385,1000
4,panel_raw_gr_a100,2ddad940,5,166818.76957592383,332
4,panel_phase_a10,2ddad940,0,38774.10364650287,999
4,panel_phase_a10,2ddad940,1,153185.82754824017,1000
4,panel_phase_a10,2ddad940,2,159835.95466964802,1000
4,panel_phase_a10,2ddad940,3,31111.674304380595,1000
4,panel_phase_a10,2ddad940,4,190895.12179379567,1000
4,panel_phase_a10,2ddad940,5,166808.94090151257,332
4,panel_phase_a100,2ddad940,0,37716.78633895826,999
4,panel_phase_a100,2ddad940,1,144257.56420814613,1000
4,panel_phase_a100,2ddad940,2,149162.12520988626,1000
4,panel_phase_a100,2ddad940,3,27706.723288399073,1000
4,panel_phase_a100,2ddad940,4,195045.85711183187,1000
4,panel_phase_a100,2ddad940,5,169173.92319361385,332
4,panel_phase_a1000,2ddad940,0,34681.04290506679,999
4,panel_phase_a1000,2ddad940,1,106088.42544107877,1000
4,panel_phase_a1000,2ddad940,2,90710.27081087804,1000
4,panel_phase_a1000,2ddad940,3,15312.90048228813,1000
4,panel_phase_a1000,2ddad940,4,226244.07074590167,1000
4,panel_phase_a1000,2ddad940,5,186961.97727344226,332
4,panel_geom_a100,eb640a35,0,43614.09162310206,999
4,panel_geom_a100,eb640a35,1,200848.97928563392,1000
4,panel_geom_a100,eb640a35,2,55050.272838669014,1000
4,panel_geom_a100,eb640a35,3,183963.49565425236,1000
4,panel_geom_a100,eb640a35,4,292148.8113418534,1000
4,panel_geom_a100,eb640a35,5,557206.8434230488,1000
4,panel_geom_a100,eb640a35,6,31840.02231097098,38
4,panel_raw_gr_a100,eb640a35,0,43695.542808630395,999
4,panel_raw_gr_a100,eb640a35,1,201185.51887459,1000
4,panel_raw_gr_a100,eb640a35,2,54968.853650298544,1000
4,panel_raw_gr_a100,eb640a35,3,183899.20294342926,1000
4,panel_raw_gr_a100,eb640a35,4,291378.8817584293,1000
4,panel_raw_gr_a100,eb640a35,5,556119.6972755154,1000
4,panel_raw_gr_a100,eb640a35,6,31771.574017310024,38
4,panel_phase_a10,eb640a35,0,47935.74361703082,999
4,panel_phase_a10,eb640a35,1,233902.747471034,1000
4,panel_phase_a10,eb640a35,2,59147.248746503516,1000
4,panel_phase_a10,eb640a35,3,109265.41377025218,1000
4,panel_phase_a10,eb640a35,4,173436.3911343277,1000
4,panel_phase_a10,eb640a35,5,374120.63618185633,1000
4,panel_phase_a10,eb640a35,6,22828.199051901778,38
4,panel_phase_a100,eb640a35,0,46481.9346284375,999
4,panel_phase_a100,eb640a35,1,208730.67955223934,1000
4,panel_phase_a100,eb640a35,2,55745.441795245075,1000
4,panel_phase_a100,eb640a35,3,166252.297248265,1000
4,panel_phase_a100,eb640a35,4,265744.52595130744,1000
4,panel_phase_a100,eb640a35,5,515406.38635666453,1000
4,panel_phase_a100,eb640a35,6,30188.527768905213,38
4,panel_phase_a1000,eb640a35,0,50141.67410606877,999
4,panel_phase_a1000,eb640a35,1,137025.15556135678,1000
4,panel_phase_a1000,eb640a35,2,66945.28059666649,1000
4,panel_phase_a1000,eb640a35,3,287788.4151026349,1000
4,panel_phase_a1000,eb640a35,4,436446.384306687,1000
4,panel_phase_a1000,eb640a35,5,799191.0244547882,1000
4,panel_phase_a1000,eb640a35,6,44954.99662629011,38
4,panel_geom_a100,5f75f796,0,2886.99793638796,999
4,panel_geom_a100,5f75f796,1,4938.643072759381,1000
4,panel_geom_a100,5f75f796,2,67227.91748389899,1000
4,panel_geom_a100,5f75f796,3,46318.78215688189,1000
4,panel_geom_a100,5f75f796,4,94432.04690812343,1000
4,panel_geom_a100,5f75f796,5,150814.84559558294,563
4,panel_raw_gr_a100,5f75f796,0,2916.3731276492294,999
4,panel_raw_gr_a100,5f75f796,1,5026.141086808092,1000
4,panel_raw_gr_a100,5f75f796,2,67757.10555736262,1000
4,panel_raw_gr_a100,5f75f796,3,46784.44555515586,1000
4,panel_raw_gr_a100,5f75f796,4,95327.61672572388,1000
4,panel_raw_gr_a100,5f75f796,5,151317.07517546005,563
4,panel_phase_a10,5f75f796,0,1842.6037984329719,999
4,panel_phase_a10,5f75f796,1,2844.876860138397,1000
4,panel_phase_a10,5f75f796,2,51467.06290846861,1000
4,panel_phase_a10,5f75f796,3,29892.1662059018,1000
4,panel_phase_a10,5f75f796,4,65754.14490303055,1000
4,panel_phase_a10,5f75f796,5,119750.3920565618,563
4,panel_phase_a100,5f75f796,0,2412.7688704124707,999
4,panel_phase_a100,5f75f796,1,3626.3067821096597,1000
4,panel_phase_a100,5f75f796,2,54215.2493835865,1000
4,panel_phase_a100,5f75f796,3,33713.307853828235,1000
4,panel_phase_a100,5f75f796,4,72265.27080697476,1000
4,panel_phase_a100,5f75f796,5,126440.93869203427,563
4,panel_phase_a1000,5f75f796,0,6399.352879126809,999
4,panel_phase_a1000,5f75f796,1,8586.51053747552,1000
4,panel_phase_a1000,5f75f796,2,66557.20325128792,1000
4,panel_phase_a1000,5f75f796,3,73265.27140591134,1000
4,panel_phase_a1000,5f75f796,4,143756.04541668927,1000
4,panel_phase_a1000,5f75f796,5,210071.94546406955,563
4,panel_geom_a100,9ab94eeb,0,7564.660114785606,999
4,panel_geom_a100,9ab94eeb,1,33022.59012359657,1000
4,panel_geom_a100,9ab94eeb,2,125175.5830949962,1000
4,panel_geom_a100,9ab94eeb,3,542933.3080855727,1000
4,panel_geom_a100,9ab94eeb,4,286021.6121754744,443
4,panel_raw_gr_a100,9ab94eeb,0,7498.845609874038,999
4,panel_raw_gr_a100,9ab94eeb,1,32913.83921316726,1000
4,panel_raw_gr_a100,9ab94eeb,2,124760.5394633677,1000
4,panel_raw_gr_a100,9ab94eeb,3,542530.9997075944,1000
4,panel_raw_gr_a100,9ab94eeb,4,285739.82039127575,443
4,panel_phase_a10,9ab94eeb,0,8966.032319345022,999
4,panel_phase_a10,9ab94eeb,1,43411.59332226489,1000
4,panel_phase_a10,9ab94eeb,2,149815.1361368765,1000
4,panel_phase_a10,9ab94eeb,3,580306.0474540195,1000
4,panel_phase_a10,9ab94eeb,4,307092.2969652696,443
4,panel_phase_a100,9ab94eeb,0,9021.153546161424,999
4,panel_phase_a100,9ab94eeb,1,41803.927397108215,1000
4,panel_phase_a100,9ab94eeb,2,129976.80351158697,1000
4,panel_phase_a100,9ab94eeb,3,535389.4830981165,1000
4,panel_phase_a100,9ab94eeb,4,280988.5244738204,443
4,panel_phase_a1000,9ab94eeb,0,8956.605901382394,999
4,panel_phase_a1000,9ab94eeb,1,31861.370693837547,1000
4,panel_phase_a1000,9ab94eeb,2,74555.31396712143,1000
4,panel_phase_a1000,9ab94eeb,3,379903.4133543758,1000
4,panel_phase_a1000,9ab94eeb,4,187214.58799533625,443
4,panel_geom_a100,b04b58a3,0,82498.6032478249,999
4,panel_geom_a100,b04b58a3,1,117784.91842315094,1000
4,panel_geom_a100,b04b58a3,2,435639.3893337586,1000
4,panel_geom_a100,b04b58a3,3,243152.72493894087,403
4,panel_raw_gr_a100,b04b58a3,0,82519.65456563563,999
4,panel_raw_gr_a100,b04b58a3,1,118115.66246881636,1000
4,panel_raw_gr_a100,b04b58a3,2,435589.17626570765,1000
4,panel_raw_gr_a100,b04b58a3,3,243378.1534432149,403
4,panel_phase_a10,b04b58a3,0,86499.43303053727,999
4,panel_phase_a10,b04b58a3,1,128573.10663960646,1000
4,panel_phase_a10,b04b58a3,2,440331.26549813594,1000
4,panel_phase_a10,b04b58a3,3,245722.92722910052,403
4,panel_phase_a100,b04b58a3,0,83788.89756264578,999
4,panel_phase_a100,b04b58a3,1,116069.49307041909,1000
4,panel_phase_a100,b04b58a3,2,427261.0834435493,1000
4,panel_phase_a100,b04b58a3,3,242861.03089471857,403
4,panel_phase_a1000,b04b58a3,0,62951.20699700085,999
4,panel_phase_a1000,b04b58a3,1,49763.81438355555,1000
4,panel_phase_a1000,b04b58a3,2,380078.9258796901,1000
4,panel_phase_a1000,b04b58a3,3,227067.52071559537,403
4,panel_geom_a100,65a5466a,0,28305.24470597328,999
4,panel_geom_a100,65a5466a,1,83130.37654417503,1000
4,panel_geom_a100,65a5466a,2,13163.330535637822,1000
4,panel_geom_a100,65a5466a,3,164813.22507149613,1000
4,panel_geom_a100,65a5466a,4,331130.79784680693,684
4,panel_raw_gr_a100,65a5466a,0,28193.71476016166,999
4,panel_raw_gr_a100,65a5466a,1,82818.82087603443,1000
4,panel_raw_gr_a100,65a5466a,2,13067.751897305134,1000
4,panel_raw_gr_a100,65a5466a,3,164675.74422593176,1000
4,panel_raw_gr_a100,65a5466a,4,330966.5343841605,684
4,panel_phase_a10,65a5466a,0,28144.793344245994,999
4,panel_phase_a10,65a5466a,1,87668.6129194526,1000
4,panel_phase_a10,65a5466a,2,18310.210777695833,1000
4,panel_phase_a10,65a5466a,3,137081.05891339423,1000
4,panel_phase_a10,65a5466a,4,285479.2405257644,684
4,panel_phase_a100,65a5466a,0,26200.09927939454,999
4,panel_phase_a100,65a5466a,1,80986.26312652555,1000
4,panel_phase_a100,65a5466a,2,13101.454022573516,1000
4,panel_phase_a100,65a5466a,3,166439.57354691494,1000
4,panel_phase_a100,65a5466a,4,338762.4180552209,684
4,panel_phase_a1000,65a5466a,0,21433.830335871735,999
4,panel_phase_a1000,65a5466a,1,71672.49814801052,1000
4,panel_phase_a1000,65a5466a,2,11319.529361547324,1000
4,panel_phase_a1000,65a5466a,3,294573.40556138795,1000
4,panel_phase_a1000,65a5466a,4,463337.1247059127,684
4,panel_geom_a100,d0cb63ae,0,218306.26250498416,999
4,panel_geom_a100,d0cb63ae,1,1171637.5259655963,1000
4,panel_geom_a100,d0cb63ae,2,3213399.3126471285,1000
4,panel_geom_a100,d0cb63ae,3,9257786.40680389,1000
4,panel_geom_a100,d0cb63ae,4,18516082.189937294,1000
4,panel_geom_a100,d0cb63ae,5,5825659.285558942,224
4,panel_raw_gr_a100,d0cb63ae,0,218187.7588140321,999
4,panel_raw_gr_a100,d0cb63ae,1,1170971.1644943964,1000
4,panel_raw_gr_a100,d0cb63ae,2,3212836.547209886,1000
4,panel_raw_gr_a100,d0cb63ae,3,9261575.37602012,1000
4,panel_raw_gr_a100,d0cb63ae,4,18519505.17965111,1000
4,panel_raw_gr_a100,d0cb63ae,5,5831423.697197852,224
4,panel_phase_a10,d0cb63ae,0,227699.92093429403,999
4,panel_phase_a10,d0cb63ae,1,1231510.3297274204,1000
4,panel_phase_a10,d0cb63ae,2,3351352.7696093232,1000
4,panel_phase_a10,d0cb63ae,3,9629549.867530745,1000
4,panel_phase_a10,d0cb63ae,4,19326129.29055969,1000
4,panel_phase_a10,d0cb63ae,5,6071542.942023367,224
4,panel_phase_a100,d0cb63ae,0,216966.7767358206,999
4,panel_phase_a100,d0cb63ae,1,1212733.528473965,1000
4,panel_phase_a100,d0cb63ae,2,3290748.5308050243,1000
4,panel_phase_a100,d0cb63ae,3,9453272.011677923,1000
4,panel_phase_a100,d0cb63ae,4,19271397.630608324,1000
4,panel_phase_a100,d0cb63ae,5,6074178.254067309,224
4,panel_phase_a1000,d0cb63ae,0,158942.05673272576,999
4,panel_phase_a1000,d0cb63ae,1,1007424.0018956347,1000
4,panel_phase_a1000,d0cb63ae,2,2766525.712681995,1000
4,panel_phase_a1000,d0cb63ae,3,8070319.658288369,1000
4,panel_phase_a1000,d0cb63ae,4,16961319.352388725,1000
4,panel_phase_a1000,d0cb63ae,5,5313227.270422788,224
4,panel_geom_a100,43b06c70,0,103831.66026890502,999
4,panel_geom_a100,43b06c70,1,320779.5462936399,1000
4,panel_geom_a100,43b06c70,2,683483.5010660638,1000
4,panel_geom_a100,43b06c70,3,1021442.2708356172,1000
4,panel_geom_a100,43b06c70,4,3654517.447946482,847
4,panel_raw_gr_a100,43b06c70,0,102067.74204594649,999
4,panel_raw_gr_a100,43b06c70,1,317892.8296238117,1000
4,panel_raw_gr_a100,43b06c70,2,678698.4088888887,1000
4,panel_raw_gr_a100,43b06c70,3,1018200.1093212496,1000
4,panel_raw_gr_a100,43b06c70,4,3647122.70500607,847
4,panel_phase_a10,43b06c70,0,103339.04286242939,999
4,panel_phase_a10,43b06c70,1,336810.0426633857,1000
4,panel_phase_a10,43b06c70,2,724573.8219462796,1000
4,panel_phase_a10,43b06c70,3,1114208.93004007,1000
4,panel_phase_a10,43b06c70,4,3986575.1129392083,847
4,panel_phase_a100,43b06c70,0,105752.85675588247,999
4,panel_phase_a100,43b06c70,1,359902.3080492882,1000
4,panel_phase_a100,43b06c70,2,772225.5358797216,1000
4,panel_phase_a100,43b06c70,3,1175325.8270782453,1000
4,panel_phase_a100,43b06c70,4,4015529.3030156926,847
4,panel_phase_a1000,43b06c70,0,119073.4330968384,999
4,panel_phase_a1000,43b06c70,1,408680.7690880928,1000
4,panel_phase_a1000,43b06c70,2,850897.422781126,1000
4,panel_phase_a1000,43b06c70,3,1316861.094328853,1000
4,panel_phase_a1000,43b06c70,4,3922481.978458133,847
4,panel_geom_a100,0e5e560d,0,133189.4124507297,999
4,panel_geom_a100,0e5e560d,1,228426.65619786526,1000
4,panel_geom_a100,0e5e560d,2,430286.15457375493,1000
4,panel_geom_a100,0e5e560d,3,85705.28717390119,254
4,panel_raw_gr_a100,0e5e560d,0,132616.44804377033,999
4,panel_raw_gr_a100,0e5e560d,1,227916.95495296022,1000
4,panel_raw_gr_a100,0e5e560d,2,427792.0323662104,1000
4,panel_raw_gr_a100,0e5e560d,3,85263.64053376885,254
4,panel_phase_a10,0e5e560d,0,132454.67236877215,999
4,panel_phase_a10,0e5e560d,1,234182.36162057694,1000
4,panel_phase_a10,0e5e560d,2,401018.39771494595,1000
4,panel_phase_a10,0e5e560d,3,73005.07300209686,254
4,panel_phase_a100,0e5e560d,0,123779.30512651333,999
4,panel_phase_a100,0e5e560d,1,212547.4903474851,1000
4,panel_phase_a100,0e5e560d,2,426890.45945864095,1000
4,panel_phase_a100,0e5e560d,3,86984.56000937342,254
4,panel_phase_a1000,0e5e560d,0,159978.67743618335,999
4,panel_phase_a1000,0e5e560d,1,342623.81965679803,1000
4,panel_phase_a1000,0e5e560d,2,668375.6642957596,1000
4,panel_phase_a1000,0e5e560d,3,136185.39157421814,254
4,panel_geom_a100,5f6756c5,0,1260.141826816061,999
4,panel_geom_a100,5f6756c5,1,88076.94392416436,1000
4,panel_geom_a100,5f6756c5,2,297515.30523564806,1000
4,panel_geom_a100,5f6756c5,3,898912.7699629049,1000
4,panel_geom_a100,5f6756c5,4,1308527.9187734139,1000
4,panel_geom_a100,5f6756c5,5,1563839.11907498,932
4,panel_raw_gr_a100,5f6756c5,0,1193.559261586947,999
4,panel_raw_gr_a100,5f6756c5,1,87223.74393966683,1000
4,panel_raw_gr_a100,5f6756c5,2,295472.1850552776,1000
4,panel_raw_gr_a100,5f6756c5,3,895763.7534509354,1000
4,panel_raw_gr_a100,5f6756c5,4,1304076.8549005492,1000
4,panel_raw_gr_a100,5f6756c5,5,1559825.3071748032,932
4,panel_phase_a10,5f6756c5,0,2325.007565677585,999
4,panel_phase_a10,5f6756c5,1,109986.21866257011,1000
4,panel_phase_a10,5f6756c5,2,349139.41847866453,1000
4,panel_phase_a10,5f6756c5,3,989229.5006325784,1000
4,panel_phase_a10,5f6756c5,4,1470935.5667773641,1000
4,panel_phase_a10,5f6756c5,5,1786878.8046388107,932
4,panel_phase_a100,5f6756c5,0,2503.9334160874273,999
4,panel_phase_a100,5f6756c5,1,111329.21862333712,1000
4,panel_phase_a100,5f6756c5,2,356003.73038671643,1000
4,panel_phase_a100,5f6756c5,3,1005354.2916344827,1000
4,panel_phase_a100,5f6756c5,4,1464359.1600346577,1000
4,panel_phase_a100,5f6756c5,5,1790185.996413738,932
4,panel_phase_a1000,5f6756c5,0,1629.5912962750847,999
4,panel_phase_a1000,5f6756c5,1,102869.34478330195,1000
4,panel_phase_a1000,5f6756c5,2,360467.1638261802,1000
4,panel_phase_a1000,5f6756c5,3,976412.0866009904,1000
4,panel_phase_a1000,5f6756c5,4,1320143.5768763076,1000
4,panel_phase_a1000,5f6756c5,5,1627822.9194971148,932
4,panel_geom_a100,6d590e26,0,282753.6791795281,999
4,panel_geom_a100,6d590e26,1,904810.5689715112,1000
4,panel_geom_a100,6d590e26,2,816283.0709939554,1000
4,panel_geom_a100,6d590e26,3,705072.3246499035,1000
4,panel_geom_a100,6d590e26,4,1400084.0676093586,1000
4,panel_geom_a100,6d590e26,5,1574892.7329563047,1000
4,panel_geom_a100,6d590e26,6,125738.48808478331,97
4,panel_raw_gr_a100,6d590e26,0,283248.554451859,999
4,panel_raw_gr_a100,6d590e26,1,906958.9289795484,1000
4,panel_raw_gr_a100,6d590e26,2,818444.8113762754,1000
4,panel_raw_gr_a100,6d590e26,3,705903.8022186189,1000
4,panel_raw_gr_a100,6d590e26,4,1401861.2249576603,1000
4,panel_raw_gr_a100,6d590e26,5,1577196.5956693622,1000
4,panel_raw_gr_a100,6d590e26,6,125835.29721111729,97
4,panel_phase_a10,6d590e26,0,270487.7806233325,999
4,panel_phase_a10,6d590e26,1,872552.924500419,1000
4,panel_phase_a10,6d590e26,2,741079.7337008987,1000
4,panel_phase_a10,6d590e26,3,617284.1206060938,1000
4,panel_phase_a10,6d590e26,4,1266008.0194261686,1000
4,panel_phase_a10,6d590e26,5,1461812.0171691622,1000
4,panel_phase_a10,6d590e26,6,117259.17462948093,97
4,panel_phase_a100,6d590e26,0,276545.3956419872,999
4,panel_phase_a100,6d590e26,1,874965.1567258772,1000
4,panel_phase_a100,6d590e26,2,761685.5484901385,1000
4,panel_phase_a100,6d590e26,3,649218.6059482631,1000
4,panel_phase_a100,6d590e26,4,1348772.1934287844,1000
4,panel_phase_a100,6d590e26,5,1521505.9288797893,1000
4,panel_phase_a100,6d590e26,6,121803.59058098424,97
4,panel_phase_a1000,6d590e26,0,294320.8934256723,999
4,panel_phase_a1000,6d590e26,1,817845.1570144666,1000
4,panel_phase_a1000,6d590e26,2,771533.8514708373,1000
4,panel_phase_a1000,6d590e26,3,701903.2111599147,1000
4,panel_phase_a1000,6d590e26,4,1473168.421926588,1000
4,panel_phase_a1000,6d590e26,5,1820823.3996277652,1000
4,panel_phase_a1000,6d590e26,6,152992.16625841652,97
4,panel_geom_a100,b881d27e,0,1884.279211359732,999
4,panel_geom_a100,b881d27e,1,33555.80270169161,1000
4,panel_geom_a100,b881d27e,2,13614.126255626346,1000
4,panel_geom_a100,b881d27e,3,18973.396421251276,1000
4,panel_geom_a100,b881d27e,4,299.5832070575522,10
4,panel_raw_gr_a100,b881d27e,0,1863.202155916112,999
4,panel_raw_gr_a100,b881d27e,1,33490.07008021336,1000
4,panel_raw_gr_a100,b881d27e,2,13562.394759376653,1000
4,panel_raw_gr_a100,b881d27e,3,18860.623737176393,1000
4,panel_raw_gr_a100,b881d27e,4,297.1977792401719,10
4,panel_phase_a10,b881d27e,0,2441.4371300985654,999
4,panel_phase_a10,b881d27e,1,35506.88251173377,1000
4,panel_phase_a10,b881d27e,2,13342.935779251407,1000
4,panel_phase_a10,b881d27e,3,14603.896601743072,1000
4,panel_phase_a10,b881d27e,4,240.07244715061034,10
4,panel_phase_a100,b881d27e,0,1666.1656865303626,999
4,panel_phase_a100,b881d27e,1,28835.14433096954,1000
4,panel_phase_a100,b881d27e,2,9590.028361261095,1000
4,panel_phase_a100,b881d27e,3,10965.118149815647,1000
4,panel_phase_a100,b881d27e,4,185.40455584580585,10
4,panel_phase_a1000,b881d27e,0,6629.189350290963,999
4,panel_phase_a1000,b881d27e,1,7461.40331737618,1000
4,panel_phase_a1000,b881d27e,2,2348.213195384939,1000
4,panel_phase_a1000,b881d27e,3,2456.9133727379644,1000
4,panel_phase_a1000,b881d27e,4,48.345912837819924,10
4,panel_geom_a100,729e9750,0,8223.092880344566,999
4,panel_geom_a100,729e9750,1,11715.014255009135,1000
4,panel_geom_a100,729e9750,2,10341.76897475065,1000
4,panel_geom_a100,729e9750,3,6088.238849567782,1000
4,panel_geom_a100,729e9750,4,101070.19694231749,1000
4,panel_geom_a100,729e9750,5,107264.13024643343,920
4,panel_raw_gr_a100,729e9750,0,8289.010014741849,999
4,panel_raw_gr_a100,729e9750,1,11449.675500297897,1000
4,panel_raw_gr_a100,729e9750,2,10316.582661474407,1000
4,panel_raw_gr_a100,729e9750,3,6079.271609700261,1000
4,panel_raw_gr_a100,729e9750,4,101552.45655476913,1000
4,panel_raw_gr_a100,729e9750,5,107856.91833091683,920
4,panel_phase_a10,729e9750,0,7949.165132883467,999
4,panel_phase_a10,729e9750,1,8750.990036125744,1000
4,panel_phase_a10,729e9750,2,8046.667212616573,1000
4,panel_phase_a10,729e9750,3,8248.23950924155,1000
4,panel_phase_a10,729e9750,4,116204.54331340347,1000
4,panel_phase_a10,729e9750,5,141721.91754882273,920
4,panel_phase_a100,729e9750,0,7969.169127526571,999
4,panel_phase_a100,729e9750,1,8475.125262654024,1000
4,panel_phase_a100,729e9750,2,6755.836561513043,1000
4,panel_phase_a100,729e9750,3,9653.661556856432,1000
4,panel_phase_a100,729e9750,4,128893.09047842803,1000
4,panel_phase_a100,729e9750,5,142383.73927244454,920
4,panel_phase_a1000,729e9750,0,8316.170912120599,999
4,panel_phase_a1000,729e9750,1,10710.70503181027,1000
4,panel_phase_a1000,729e9750,2,6281.448188487962,1000
4,panel_phase_a1000,729e9750,3,11544.031657151616,1000
4,panel_phase_a1000,729e9750,4,130437.70278742294,1000
4,panel_phase_a1000,729e9750,5,111818.36419301078,920
4,panel_geom_a100,3c3dbcbc,0,63094.91000989894,999
4,panel_geom_a100,3c3dbcbc,1,392757.4611727752,1000
4,panel_geom_a100,3c3dbcbc,2,824351.869866527,1000
4,panel_geom_a100,3c3dbcbc,3,707508.8103636078,1000
4,panel_geom_a100,3c3dbcbc,4,905063.1551189383,1000
4,panel_geom_a100,3c3dbcbc,5,79897.44992865968,70
4,panel_raw_gr_a100,3c3dbcbc,0,64045.61902091891,999
4,panel_raw_gr_a100,3c3dbcbc,1,395701.6072976357,1000
4,panel_raw_gr_a100,3c3dbcbc,2,827905.8546475804,1000
4,panel_raw_gr_a100,3c3dbcbc,3,710593.79140952,1000
4,panel_raw_gr_a100,3c3dbcbc,4,908190.0008261072,1000
4,panel_raw_gr_a100,3c3dbcbc,5,80443.79107908989,70
4,panel_phase_a10,3c3dbcbc,0,61602.34913802089,999
4,panel_phase_a10,3c3dbcbc,1,394381.8860944477,1000
4,panel_phase_a10,3c3dbcbc,2,809477.5262297511,1000
4,panel_phase_a10,3c3dbcbc,3,704814.6654879341,1000
4,panel_phase_a10,3c3dbcbc,4,875087.9348715394,1000
4,panel_phase_a10,3c3dbcbc,5,77285.2871250883,70
4,panel_phase_a100,3c3dbcbc,0,65218.02897871418,999
4,panel_phase_a100,3c3dbcbc,1,397620.0025957275,1000
4,panel_phase_a100,3c3dbcbc,2,838851.7012659095,1000
4,panel_phase_a100,3c3dbcbc,3,733595.9992774015,1000
4,panel_phase_a100,3c3dbcbc,4,919926.5009220599,1000
4,panel_phase_a100,3c3dbcbc,5,82184.18985099846,70
4,panel_phase_a1000,3c3dbcbc,0,53352.510151455055,999
4,panel_phase_a1000,3c3dbcbc,1,292990.70647352305,1000
4,panel_phase_a1000,3c3dbcbc,2,617420.0319292855,1000
4,panel_phase_a1000,3c3dbcbc,3,441776.00252187066,1000
4,panel_phase_a1000,3c3dbcbc,4,533582.2080928668,1000
4,panel_phase_a1000,3c3dbcbc,5,46150.82310574061,70
4,panel_geom_a100,13ce113d,0,33458.07527989417,999
4,panel_geom_a100,13ce113d,1,74324.78013135075,1000
4,panel_geom_a100,13ce113d,2,81850.5850988148,967
4,panel_raw_gr_a100,13ce113d,0,33181.06071875784,999
4,panel_raw_gr_a100,13ce113d,1,73927.03035252367,1000
4,panel_raw_gr_a100,13ce113d,2,80911.75294894548,967
4,panel_phase_a10,13ce113d,0,31370.45390511523,999
4,panel_phase_a10,13ce113d,1,62628.16638086332,1000
4,panel_phase_a10,13ce113d,2,63838.09853259332,967
4,panel_phase_a100,13ce113d,0,31750.729400626,999
4,panel_phase_a100,13ce113d,1,67905.5508081818,1000
4,panel_phase_a100,13ce113d,2,76733.40235047266,967
4,panel_phase_a1000,13ce113d,0,30089.300673159436,999
4,panel_phase_a1000,13ce113d,1,83533.44866542432,1000
4,panel_phase_a1000,13ce113d,2,157741.59297678916,967
4,panel_geom_a100,ad2133a8,0,41861.38173066275,999
4,panel_geom_a100,ad2133a8,1,247184.2151180683,1000
4,panel_geom_a100,ad2133a8,2,1164362.7207334505,1000
4,panel_geom_a100,ad2133a8,3,1831879.2969263997,1000
4,panel_geom_a100,ad2133a8,4,1662998.7913543843,1000
4,panel_geom_a100,ad2133a8,5,570103.755670497,730
4,panel_raw_gr_a100,ad2133a8,0,41958.44859770471,999
4,panel_raw_gr_a100,ad2133a8,1,248072.50171443666,1000
4,panel_raw_gr_a100,ad2133a8,2,1166792.416635937,1000
4,panel_raw_gr_a100,ad2133a8,3,1834850.9026387772,1000
4,panel_raw_gr_a100,ad2133a8,4,1665842.4746317638,1000
4,panel_raw_gr_a100,ad2133a8,5,571234.390155252,730
4,panel_phase_a10,ad2133a8,0,41139.46957168931,999
4,panel_phase_a10,ad2133a8,1,238368.5368214635,1000
4,panel_phase_a10,ad2133a8,2,1169728.4823106176,1000
4,panel_phase_a10,ad2133a8,3,1848803.061059232,1000
4,panel_phase_a10,ad2133a8,4,1714936.710224957,1000
4,panel_phase_a10,ad2133a8,5,609381.2304858703,730
4,panel_phase_a100,ad2133a8,0,43018.58958136686,999
4,panel_phase_a100,ad2133a8,1,248070.7240327526,1000
4,panel_phase_a100,ad2133a8,2,1171853.7646226254,1000
4,panel_phase_a100,ad2133a8,3,1841666.1144735743,1000
4,panel_phase_a100,ad2133a8,4,1689340.2521673888,1000
4,panel_phase_a100,ad2133a8,5,586048.7254184607,730
4,panel_phase_a1000,ad2133a8,0,49234.80881264999,999
4,panel_phase_a1000,ad2133a8,1,250686.9581611892,1000
4,panel_phase_a1000,ad2133a8,2,1069228.4494783548,1000
4,panel_phase_a1000,ad2133a8,3,1705254.3654751068,1000
4,panel_phase_a1000,ad2133a8,4,1415721.2041066338,1000
4,panel_phase_a1000,ad2133a8,5,334749.410872835,730
4,panel_geom_a100,23b9beb0,0,38665.69790701784,999
4,panel_geom_a100,23b9beb0,1,64485.648277158754,1000
4,panel_geom_a100,23b9beb0,2,24617.032932868293,1000
4,panel_geom_a100,23b9beb0,3,67917.90246419718,1000
4,panel_geom_a100,23b9beb0,4,43000.73547586347,1000
4,panel_geom_a100,23b9beb0,5,1935.5916078970354,1000
4,panel_geom_a100,23b9beb0,6,31169.330716783923,1000
4,panel_geom_a100,23b9beb0,7,59165.964223969124,341
4,panel_raw_gr_a100,23b9beb0,0,38611.18801984123,999
4,panel_raw_gr_a100,23b9beb0,1,64633.33782904715,1000
4,panel_raw_gr_a100,23b9beb0,2,24635.544631808123,1000
4,panel_raw_gr_a100,23b9beb0,3,68106.38197617691,1000
4,panel_raw_gr_a100,23b9beb0,4,43474.82676656445,1000
4,panel_raw_gr_a100,23b9beb0,5,1820.1560056827263,1000
4,panel_raw_gr_a100,23b9beb0,6,31623.044509357733,1000
4,panel_raw_gr_a100,23b9beb0,7,59489.490180691486,341
4,panel_phase_a10,23b9beb0,0,45419.69888595059,999
4,panel_phase_a10,23b9beb0,1,86414.56330642945,1000
4,panel_phase_a10,23b9beb0,2,47849.1669895689,1000
4,panel_phase_a10,23b9beb0,3,118632.35987800012,1000
4,panel_phase_a10,23b9beb0,4,100309.05032014997,1000
4,panel_phase_a10,23b9beb0,5,11399.75395687591,1000
4,panel_phase_a10,23b9beb0,6,92620.05183853797,1000
4,panel_phase_a10,23b9beb0,7,113219.95315742027,341
4,panel_phase_a100,23b9beb0,0,38919.202791146214,999
4,panel_phase_a100,23b9beb0,1,70035.2915287961,1000
4,panel_phase_a100,23b9beb0,2,30457.843496112288,1000
4,panel_phase_a100,23b9beb0,3,80827.51922655468,1000
4,panel_phase_a100,23b9beb0,4,59092.81523967156,1000
4,panel_phase_a100,23b9beb0,5,911.142053056195,1000
4,panel_phase_a100,23b9beb0,6,41763.41254028037,1000
4,panel_phase_a100,23b9beb0,7,70006.14097380088,341
4,panel_phase_a1000,23b9beb0,0,17834.377705970986,999
4,panel_phase_a1000,23b9beb0,1,20940.208410286818,1000
4,panel_phase_a1000,23b9beb0,2,1821.3853030040218,1000
4,panel_phase_a1000,23b9beb0,3,2926.867611019069,1000
4,panel_phase_a1000,23b9beb0,4,4229.275351875777,1000
4,panel_phase_a1000,23b9beb0,5,73490.51222397044,1000
4,panel_phase_a1000,23b9beb0,6,46478.73276405949,1000
4,panel_phase_a1000,23b9beb0,7,1045.63804134306,341
4,panel_geom_a100,e737965a,0,2262.441807356757,999
4,panel_geom_a100,e737965a,1,6394.92949050513,1000
4,panel_geom_a100,e737965a,2,27982.442762452443,1000
4,panel_geom_a100,e737965a,3,1072.5414331247005,1000
4,panel_geom_a100,e737965a,4,12829.601014528384,1000
4,panel_geom_a100,e737965a,5,7844.954990942322,956
4,panel_raw_gr_a100,e737965a,0,2281.981060492375,999
4,panel_raw_gr_a100,e737965a,1,6447.477952441416,1000
4,panel_raw_gr_a100,e737965a,2,28096.174645878815,1000
4,panel_raw_gr_a100,e737965a,3,1057.6823361039742,1000
4,panel_raw_gr_a100,e737965a,4,12737.453323653479,1000
4,panel_raw_gr_a100,e737965a,5,7797.811842873953,956
4,panel_phase_a10,e737965a,0,1744.8547125523066,999
4,panel_phase_a10,e737965a,1,5957.752543614017,1000
4,panel_phase_a10,e737965a,2,25794.866511665907,1000
4,panel_phase_a10,e737965a,3,1264.0943129868822,1000
4,panel_phase_a10,e737965a,4,10838.53262319098,1000
4,panel_phase_a10,e737965a,5,7355.809151908433,956
4,panel_phase_a100,e737965a,0,2396.143653899821,999
4,panel_phase_a100,e737965a,1,5501.691165208912,1000
4,panel_phase_a100,e737965a,2,25842.71987273413,1000
4,panel_phase_a100,e737965a,3,1219.4350898140804,1000
4,panel_phase_a100,e737965a,4,13848.234129899405,1000
4,panel_phase_a100,e737965a,5,10435.9983100198,956
4,panel_phase_a1000,e737965a,0,11757.380571969481,999
4,panel_phase_a1000,e737965a,1,8172.508284178943,1000
4,panel_phase_a1000,e737965a,2,21676.773547861398,1000
4,panel_phase_a1000,e737965a,3,3003.7853237141085,1000
4,panel_phase_a1000,e737965a,4,14923.23876927209,1000
4,panel_phase_a1000,e737965a,5,17480.774048215317,956
4,panel_geom_a100,da2d4d7c,0,6293.454520734043,999
4,panel_geom_a100,da2d4d7c,1,55034.49955873595,1000
4,panel_geom_a100,da2d4d7c,2,6965.98064483502,115
4,panel_raw_gr_a100,da2d4d7c,0,6357.554562064224,999
4,panel_raw_gr_a100,da2d4d7c,1,54911.831994780616,1000
4,panel_raw_gr_a100,da2d4d7c,2,6990.3451278624625,115
4,panel_phase_a10,da2d4d7c,0,7884.69146612483,999
4,panel_phase_a10,da2d4d7c,1,64508.94243106047,1000
4,panel_phase_a10,da2d4d7c,2,8782.3495079304,115
4,panel_phase_a100,da2d4d7c,0,6024.919813514876,999
4,panel_phase_a100,da2d4d7c,1,55361.80504010538,1000
4,panel_phase_a100,da2d4d7c,2,7057.697611170065,115
4,panel_phase_a1000,da2d4d7c,0,1401.876679036756,999
4,panel_phase_a1000,da2d4d7c,1,29656.05679003308,1000
4,panel_phase_a1000,da2d4d7c,2,2647.6568978639243,115
4,panel_geom_a100,11d0f5ac,0,1923.0477507246753,999
4,panel_geom_a100,11d0f5ac,1,16238.309634633453,1000
4,panel_geom_a100,11d0f5ac,2,19380.755051861724,1000
4,panel_geom_a100,11d0f5ac,3,53079.80105914797,1000
4,panel_geom_a100,11d0f5ac,4,20619.792744181403,884
4,panel_raw_gr_a100,11d0f5ac,0,1920.3434112651446,999
4,panel_raw_gr_a100,11d0f5ac,1,16151.979666619809,1000
4,panel_raw_gr_a100,11d0f5ac,2,19570.22730896452,1000
4,panel_raw_gr_a100,11d0f5ac,3,53340.17558414407,1000
4,panel_raw_gr_a100,11d0f5ac,4,20888.558865585474,884
4,panel_phase_a10,11d0f5ac,0,1590.7898040172674,999
4,panel_phase_a10,11d0f5ac,1,21778.670881189,1000
4,panel_phase_a10,11d0f5ac,2,13316.001459362915,1000
4,panel_phase_a10,11d0f5ac,3,38247.09383969202,1000
4,panel_phase_a10,11d0f5ac,4,10378.524898608455,884
4,panel_phase_a100,11d0f5ac,0,1316.3463477348052,999
4,panel_phase_a100,11d0f5ac,1,18463.72098343718,1000
4,panel_phase_a100,11d0f5ac,2,16477.923579832302,1000
4,panel_phase_a100,11d0f5ac,3,41006.91292958675,1000
4,panel_phase_a100,11d0f5ac,4,11421.477709310206,884
4,panel_phase_a1000,11d0f5ac,0,1783.8522904949325,999
4,panel_phase_a1000,11d0f5ac,1,7402.239866523081,1000
4,panel_phase_a1000,11d0f5ac,2,51107.049641573416,1000
4,panel_phase_a1000,11d0f5ac,3,90594.44693207696,1000
4,panel_phase_a1000,11d0f5ac,4,49670.08978743266,884
4,panel_geom_a100,bb337fa0,0,10004.982978457596,999
4,panel_geom_a100,bb337fa0,1,17518.071738651004,1000
4,panel_geom_a100,bb337fa0,2,70053.62274360884,1000
4,panel_geom_a100,bb337fa0,3,72156.96142996578,1000
4,panel_geom_a100,bb337fa0,4,21485.24233210229,1000
4,panel_geom_a100,bb337fa0,5,201496.80980975067,1000
4,panel_geom_a100,bb337fa0,6,688609.3996253302,874
4,panel_raw_gr_a100,bb337fa0,0,9896.715091411572,999
4,panel_raw_gr_a100,bb337fa0,1,17188.73059407128,1000
4,panel_raw_gr_a100,bb337fa0,2,69514.6952345757,1000
4,panel_raw_gr_a100,bb337fa0,3,71673.81308414953,1000
4,panel_raw_gr_a100,bb337fa0,4,21332.23108853859,1000
4,panel_raw_gr_a100,bb337fa0,5,200722.76699265421,1000
4,panel_raw_gr_a100,bb337fa0,6,687401.8081323903,874
4,panel_phase_a10,bb337fa0,0,8209.007175149243,999
4,panel_phase_a10,bb337fa0,1,18522.159493152507,1000
4,panel_phase_a10,bb337fa0,2,78713.93812061992,1000
4,panel_phase_a10,bb337fa0,3,86088.61764417808,1000
4,panel_phase_a10,bb337fa0,4,35473.41593082608,1000
4,panel_phase_a10,bb337fa0,5,261361.1254402671,1000
4,panel_phase_a10,bb337fa0,6,812147.0111638845,874
4,panel_phase_a100,bb337fa0,0,8635.408135350852,999
4,panel_phase_a100,bb337fa0,1,18730.261045645784,1000
4,panel_phase_a100,bb337fa0,2,81273.23859350878,1000
4,panel_phase_a100,bb337fa0,3,88650.46249985485,1000
4,panel_phase_a100,bb337fa0,4,36974.230149696974,1000
4,panel_phase_a100,bb337fa0,5,257071.01057915654,1000
4,panel_phase_a100,bb337fa0,6,797827.7781493266,874
4,panel_phase_a1000,bb337fa0,0,14716.227147134141,999
4,panel_phase_a1000,bb337fa0,1,27988.596021767276,1000
4,panel_phase_a1000,bb337fa0,2,99746.35860306388,1000
4,panel_phase_a1000,bb337fa0,3,108996.30475727248,1000
4,panel_phase_a1000,bb337fa0,4,52509.53418117596,1000
4,panel_phase_a1000,bb337fa0,5,291276.89589292643,1000
4,panel_phase_a1000,bb337fa0,6,907957.7273749078,874
4,panel_geom_a100,8050c789,0,26813.58323009478,999
4,panel_geom_a100,8050c789,1,5140.3620012974825,1000
4,panel_geom_a100,8050c789,2,116248.99804067345,1000
4,panel_geom_a100,8050c789,3,22071.202670120674,78
4,panel_raw_gr_a100,8050c789,0,26967.978824752954,999
4,panel_raw_gr_a100,8050c789,1,5195.419529353968,1000
4,panel_raw_gr_a100,8050c789,2,115472.04311316078,1000
4,panel_raw_gr_a100,8050c789,3,22057.292556128716,78
4,panel_phase_a10,8050c789,0,27413.479413152025,999
4,panel_phase_a10,8050c789,1,6267.933149641581,1000
4,panel_phase_a10,8050c789,2,105414.21667828372,1000
4,panel_phase_a10,8050c789,3,20912.01895610575,78
4,panel_phase_a100,8050c789,0,26958.85955583657,999
4,panel_phase_a100,8050c789,1,5489.337396609065,1000
4,panel_phase_a100,8050c789,2,111908.52466990489,1000
4,panel_phase_a100,8050c789,3,21641.91570277343,78
4,panel_phase_a1000,8050c789,0,27538.45098133956,999
4,panel_phase_a1000,8050c789,1,5022.201286486023,1000
4,panel_phase_a1000,8050c789,2,112853.55558126923,1000
4,panel_phase_a1000,8050c789,3,21706.342416224506,78
4,panel_geom_a100,b32e4903,0,14610.829579938949,999
4,panel_geom_a100,b32e4903,1,53863.723075849615,1000
4,panel_geom_a100,b32e4903,2,222874.16647130807,1000
4,panel_geom_a100,b32e4903,3,383245.1579510771,1000
4,panel_geom_a100,b32e4903,4,144899.71698910274,1000
4,panel_geom_a100,b32e4903,5,33451.22235670278,771
4,panel_raw_gr_a100,b32e4903,0,14717.856235990272,999
4,panel_raw_gr_a100,b32e4903,1,53980.75571388827,1000
4,panel_raw_gr_a100,b32e4903,2,223237.72181522404,1000
4,panel_raw_gr_a100,b32e4903,3,383705.3262320063,1000
4,panel_raw_gr_a100,b32e4903,4,145619.06557915546,1000
4,panel_raw_gr_a100,b32e4903,5,33668.89613949128,771
4,panel_phase_a10,b32e4903,0,15683.427388530374,999
4,panel_phase_a10,b32e4903,1,53015.48976600804,1000
4,panel_phase_a10,b32e4903,2,207012.0297847479,1000
4,panel_phase_a10,b32e4903,3,358635.2611281393,1000
4,panel_phase_a10,b32e4903,4,122331.04582591922,1000
4,panel_phase_a10,b32e4903,5,20315.43120879775,771
4,panel_phase_a100,b32e4903,0,13125.578431223734,999
4,panel_phase_a100,b32e4903,1,48925.57435012668,1000
4,panel_phase_a100,b32e4903,2,203737.4678243939,1000
4,panel_phase_a100,b32e4903,3,331896.97398060426,1000
4,panel_phase_a100,b32e4903,4,110212.19505136048,1000
4,panel_phase_a100,b32e4903,5,19106.93367956378,771
4,panel_phase_a1000,b32e4903,0,5938.06839374365,999
4,panel_phase_a1000,b32e4903,1,45487.03006867036,1000
4,panel_phase_a1000,b32e4903,2,237341.87522714486,1000
4,panel_phase_a1000,b32e4903,3,308359.9060140367,1000
4,panel_phase_a1000,b32e4903,4,141197.8470335995,1000
4,panel_phase_a1000,b32e4903,5,61609.071042300326,771
4,panel_geom_a100,5aef5c6c,0,7100.424269227975,999
4,panel_geom_a100,5aef5c6c,1,202325.48137129657,1000
4,panel_geom_a100,5aef5c6c,2,854603.6724048579,1000
4,panel_geom_a100,5aef5c6c,3,71692.69563874336,122
4,panel_raw_gr_a100,5aef5c6c,0,7128.21656993183,999
4,panel_raw_gr_a100,5aef5c6c,1,202561.1031592447,1000
4,panel_raw_gr_a100,5aef5c6c,2,854657.3416573787,1000
4,panel_raw_gr_a100,5aef5c6c,3,71741.6170671094,122
4,panel_phase_a10,5aef5c6c,0,8346.56988242144,999
4,panel_phase_a10,5aef5c6c,1,214425.88634136214,1000
4,panel_phase_a10,5aef5c6c,2,912192.4092975535,1000
4,panel_phase_a10,5aef5c6c,3,80058.26938605357,122
4,panel_phase_a100,5aef5c6c,0,6956.518194106253,999
4,panel_phase_a100,5aef5c6c,1,199937.48269277814,1000
4,panel_phase_a100,5aef5c6c,2,830284.3691154267,1000
4,panel_phase_a100,5aef5c6c,3,68568.35419613516,122
4,panel_phase_a1000,5aef5c6c,0,3469.6496686849064,999
4,panel_phase_a1000,5aef5c6c,1,138900.6220375771,1000
4,panel_phase_a1000,5aef5c6c,2,499399.00909955817,1000
4,panel_phase_a1000,5aef5c6c,3,27306.99767194761,122
4,panel_geom_a100,e25f1537,0,203210.84473549295,999
4,panel_geom_a100,e25f1537,1,1105119.4602374146,1000
4,panel_geom_a100,e25f1537,2,1376913.1640187483,1000
4,panel_geom_a100,e25f1537,3,346659.2443968998,178
4,panel_raw_gr_a100,e25f1537,0,203503.5197016671,999
4,panel_raw_gr_a100,e25f1537,1,1105795.9829419015,1000
4,panel_raw_gr_a100,e25f1537,2,1379771.2922149068,1000
4,panel_raw_gr_a100,e25f1537,3,347551.3674924536,178
4,panel_phase_a10,e25f1537,0,208132.0938377563,999
4,panel_phase_a10,e25f1537,1,1119644.9804200262,1000
4,panel_phase_a10,e25f1537,2,1439703.1205021427,1000
4,panel_phase_a10,e25f1537,3,357859.38050835405,178
4,panel_phase_a100,e25f1537,0,202538.81222538484,999
4,panel_phase_a100,e25f1537,1,1077830.25137803,1000
4,panel_phase_a100,e25f1537,2,1310889.3053968472,1000
4,panel_phase_a100,e25f1537,3,331192.17854521296,178
4,panel_phase_a1000,e25f1537,0,176247.63678810807,999
4,panel_phase_a1000,e25f1537,1,860468.1350200564,1000
4,panel_phase_a1000,e25f1537,2,857884.8561195805,1000
4,panel_phase_a1000,e25f1537,3,214526.49637420752,178
4,panel_geom_a100,67847288,0,1212.4999179983436,999
4,panel_geom_a100,67847288,1,4483.944754355752,1000
4,panel_geom_a100,67847288,2,8986.537258033899,1000
4,panel_geom_a100,67847288,3,13836.400481954037,1000
4,panel_geom_a100,67847288,4,34671.60152084023,1000
4,panel_geom_a100,67847288,5,11689.339160622681,1000
4,panel_geom_a100,67847288,6,116054.6428281002,1000
4,panel_geom_a100,67847288,7,160120.39880665045,430
4,panel_raw_gr_a100,67847288,0,1225.1563742064523,999
4,panel_raw_gr_a100,67847288,1,4615.334116895574,1000
4,panel_raw_gr_a100,67847288,2,9157.102700629686,1000
4,panel_raw_gr_a100,67847288,3,13974.642568752566,1000
4,panel_raw_gr_a100,67847288,4,34961.07354904842,1000
4,panel_raw_gr_a100,67847288,5,11802.996579778817,1000
4,panel_raw_gr_a100,67847288,6,116395.06481167786,1000
4,panel_raw_gr_a100,67847288,7,160495.10774127726,430
4,panel_phase_a10,67847288,0,1459.223916491424,999
4,panel_phase_a10,67847288,1,7474.729753111092,1000
4,panel_phase_a10,67847288,2,11730.967631596483,1000
4,panel_phase_a10,67847288,3,20509.692460816055,1000
4,panel_phase_a10,67847288,4,56405.572612784934,1000
4,panel_phase_a10,67847288,5,27753.218784224387,1000
4,panel_phase_a10,67847288,6,168242.38281009116,1000
4,panel_phase_a10,67847288,7,200781.41682548562,430
4,panel_phase_a100,67847288,0,1531.470017810522,999
4,panel_phase_a100,67847288,1,6774.419524074931,1000
4,panel_phase_a100,67847288,2,11264.649705531236,1000
4,panel_phase_a100,67847288,3,17940.247262745837,1000
4,panel_phase_a100,67847288,4,46589.30884864342,1000
4,panel_phase_a100,67847288,5,19850.154383154022,1000
4,panel_phase_a100,67847288,6,143986.6434382432,1000
4,panel_phase_a100,67847288,7,183097.0582569118,430
4,panel_phase_a1000,67847288,0,1069.36839020638,999
4,panel_phase_a1000,67847288,1,2021.6635117259536,1000
4,panel_phase_a1000,67847288,2,6133.429293352596,1000
4,panel_phase_a1000,67847288,3,9465.361103417537,1000
4,panel_phase_a1000,67847288,4,11455.241765051442,1000
4,panel_phase_a1000,67847288,5,6695.604253252044,1000
4,panel_phase_a1000,67847288,6,24748.72150602581,1000
4,panel_phase_a1000,67847288,7,59599.034506935765,430
4,panel_geom_a100,276b012a,0,414923.7381657894,999
4,panel_geom_a100,276b012a,1,1002232.2415866754,1000
4,panel_geom_a100,276b012a,2,769024.7090265967,1000
4,panel_geom_a100,276b012a,3,124352.04924156466,1000
4,panel_geom_a100,276b012a,4,33294.99912359705,838
4,panel_raw_gr_a100,276b012a,0,422545.8725313278,999
4,panel_raw_gr_a100,276b012a,1,1016243.9860490145,1000
4,panel_raw_gr_a100,276b012a,2,782483.7214474519,1000
4,panel_raw_gr_a100,276b012a,3,128478.19219930879,1000
4,panel_raw_gr_a100,276b012a,4,31265.401229336592,838
4,panel_phase_a10,276b012a,0,454823.2024664346,999
4,panel_phase_a10,276b012a,1,1118905.5068769178,1000
4,panel_phase_a10,276b012a,2,875727.8472520433,1000
4,panel_phase_a10,276b012a,3,149907.12808714015,1000
4,panel_phase_a10,276b012a,4,27823.33470032029,838
4,panel_phase_a100,276b012a,0,479220.6892363575,999
4,panel_phase_a100,276b012a,1,1158125.5042878585,1000
4,panel_phase_a100,276b012a,2,907014.3702583677,1000
4,panel_phase_a100,276b012a,3,173349.2496576782,1000
4,panel_phase_a100,276b012a,4,15766.554265155595,838
4,panel_phase_a1000,276b012a,0,482197.7550639854,999
4,panel_phase_a1000,276b012a,1,1132786.703850429,1000
4,panel_phase_a1000,276b012a,2,1105729.5331094067,1000
4,panel_phase_a1000,276b012a,3,295304.5832604673,1000
4,panel_phase_a1000,276b012a,4,21879.566965680606,838
4,panel_geom_a100,f9fc81aa,0,6336.727438288342,999
4,panel_geom_a100,f9fc81aa,1,53269.983917417354,1000
4,panel_geom_a100,f9fc81aa,2,307641.3255740826,1000
4,panel_geom_a100,f9fc81aa,3,181107.61030285453,1000
4,panel_geom_a100,f9fc81aa,4,7234.759240876856,1000
4,panel_geom_a100,f9fc81aa,5,18268.16156630911,599
4,panel_raw_gr_a100,f9fc81aa,0,6390.559884493786,999
4,panel_raw_gr_a100,f9fc81aa,1,53075.33394213773,1000
4,panel_raw_gr_a100,f9fc81aa,2,307110.5809461085,1000
4,panel_raw_gr_a100,f9fc81aa,3,180833.68582780455,1000
4,panel_raw_gr_a100,f9fc81aa,4,7345.381353167018,1000
4,panel_raw_gr_a100,f9fc81aa,5,18454.337725052395,599
4,panel_phase_a10,f9fc81aa,0,6735.537666814012,999
4,panel_phase_a10,f9fc81aa,1,57529.386521825974,1000
4,panel_phase_a10,f9fc81aa,2,335231.88502841734,1000
4,panel_phase_a10,f9fc81aa,3,215329.83203012403,1000
4,panel_phase_a10,f9fc81aa,4,4783.690114485961,1000
4,panel_phase_a10,f9fc81aa,5,10037.464744118255,599
4,panel_phase_a100,f9fc81aa,0,6548.585454519025,999
4,panel_phase_a100,f9fc81aa,1,56106.83684041571,1000
4,panel_phase_a100,f9fc81aa,2,333029.9846748078,1000
4,panel_phase_a100,f9fc81aa,3,214170.50891857268,1000
4,panel_phase_a100,f9fc81aa,4,4240.901032154164,1000
4,panel_phase_a100,f9fc81aa,5,7679.557812282326,599
4,panel_phase_a1000,f9fc81aa,0,3460.096227974349,999
4,panel_phase_a1000,f9fc81aa,1,35513.7151834546,1000
4,panel_phase_a1000,f9fc81aa,2,241936.78005407995,1000
4,panel_phase_a1000,f9fc81aa,3,140160.93933577117,1000
4,panel_phase_a1000,f9fc81aa,4,21738.878340461157,1000
4,panel_phase_a1000,f9fc81aa,5,33381.537537517564,599
4,panel_geom_a100,9719aa04,0,6619.765783676947,999
4,panel_geom_a100,9719aa04,1,64878.54576846567,1000
4,panel_geom_a100,9719aa04,2,213886.09747777818,1000
4,panel_geom_a100,9719aa04,3,490510.2232238803,1000
4,panel_geom_a100,9719aa04,4,935028.3171390845,872
4,panel_raw_gr_a100,9719aa04,0,6602.507570045102,999
4,panel_raw_gr_a100,9719aa04,1,64713.63816830311,1000
4,panel_raw_gr_a100,9719aa04,2,213293.61482767796,1000
4,panel_raw_gr_a100,9719aa04,3,489051.33214434114,1000
4,panel_raw_gr_a100,9719aa04,4,932801.454765063,872
4,panel_phase_a10,9719aa04,0,6969.286351817699,999
4,panel_phase_a10,9719aa04,1,61427.21282647671,1000
4,panel_phase_a10,9719aa04,2,201297.83568368293,1000
4,panel_phase_a10,9719aa04,3,475743.5570194457,1000
4,panel_phase_a10,9719aa04,4,935228.130829935,872
4,panel_phase_a100,9719aa04,0,6954.731150842931,999
4,panel_phase_a100,9719aa04,1,68431.18338708402,1000
4,panel_phase_a100,9719aa04,2,222855.19689950423,1000
4,panel_phase_a100,9719aa04,3,509674.5764555463,1000
4,panel_phase_a100,9719aa04,4,948826.1572346532,872
4,panel_phase_a1000,9719aa04,0,8134.977983583121,999
4,panel_phase_a1000,9719aa04,1,99641.20419990268,1000
4,panel_phase_a1000,9719aa04,2,326784.4048507354,1000
4,panel_phase_a1000,9719aa04,3,720984.3413647085,1000
4,panel_phase_a1000,9719aa04,4,1200309.6693731472,872
4,panel_geom_a100,a622ce4d,0,7125.699345772926,999
4,panel_geom_a100,a622ce4d,1,56800.68380607801,1000
4,panel_geom_a100,a622ce4d,2,411163.5358614352,1000
4,panel_geom_a100,a622ce4d,3,1268789.1175976268,1000
4,panel_geom_a100,a622ce4d,4,3411988.222409025,1000
4,panel_geom_a100,a622ce4d,5,5808690.36622597,1000
4,panel_geom_a100,a622ce4d,6,2130208.4088532836,299
4,panel_raw_gr_a100,a622ce4d,0,7153.844717115685,999
4,panel_raw_gr_a100,a622ce4d,1,56800.03801495631,1000
4,panel_raw_gr_a100,a622ce4d,2,410907.6645416821,1000
4,panel_raw_gr_a100,a622ce4d,3,1269691.2774937314,1000
4,panel_raw_gr_a100,a622ce4d,4,3411181.3807976153,1000
4,panel_raw_gr_a100,a622ce4d,5,5808289.511492972,1000
4,panel_raw_gr_a100,a622ce4d,6,2129728.607301164,299
4,panel_phase_a10,a622ce4d,0,8208.432177742767,999
4,panel_phase_a10,a622ce4d,1,57301.91947469421,1000
4,panel_phase_a10,a622ce4d,2,394103.9378506231,1000
4,panel_phase_a10,a622ce4d,3,1337962.4435299858,1000
4,panel_phase_a10,a622ce4d,4,3495764.3841974344,1000
4,panel_phase_a10,a622ce4d,5,5795521.770067088,1000
4,panel_phase_a10,a622ce4d,6,2098779.6525838394,299
4,panel_phase_a100,a622ce4d,0,7826.615968156419,999
4,panel_phase_a100,a622ce4d,1,55737.25800705479,1000
4,panel_phase_a100,a622ce4d,2,403644.8909714776,1000
4,panel_phase_a100,a622ce4d,3,1377368.137929865,1000
4,panel_phase_a100,a622ce4d,4,3561062.7525066794,1000
4,panel_phase_a100,a622ce4d,5,5910343.186493409,1000
4,panel_phase_a100,a622ce4d,6,2144227.549382302,299
4,panel_phase_a1000,a622ce4d,0,5721.984129604867,999
4,panel_phase_a1000,a622ce4d,1,48679.55694264344,1000
4,panel_phase_a1000,a622ce4d,2,408886.8578335123,1000
4,panel_phase_a1000,a622ce4d,3,1539596.3772242689,1000
4,panel_phase_a1000,a622ce4d,4,3791468.1869003507,1000
4,panel_phase_a1000,a622ce4d,5,6105560.38657406,1000
4,panel_phase_a1000,a622ce4d,6,2189659.181219699,299
4,panel_geom_a100,af7a59ce,0,529.602172075814,999
4,panel_geom_a100,af7a59ce,1,568.1833405466037,1000
4,panel_geom_a100,af7a59ce,2,41200.16211247121,1000
4,panel_geom_a100,af7a59ce,3,3405.4287702820966,25
4,panel_raw_gr_a100,af7a59ce,0,477.7781744909062,999
4,panel_raw_gr_a100,af7a59ce,1,570.2354642516322,1000
4,panel_raw_gr_a100,af7a59ce,2,41886.02328625552,1000
4,panel_raw_gr_a100,af7a59ce,3,3428.131807992627,25
4,panel_phase_a10,af7a59ce,0,1279.2752724275858,999
4,panel_phase_a10,af7a59ce,1,1534.9821706291036,1000
4,panel_phase_a10,af7a59ce,2,27593.13752847675,1000
4,panel_phase_a10,af7a59ce,3,2765.9285870766935,25
4,panel_phase_a100,af7a59ce,0,1171.2338360360748,999
4,panel_phase_a100,af7a59ce,1,1381.3978575616154,1000
4,panel_phase_a100,af7a59ce,2,27939.988859217843,1000
4,panel_phase_a100,af7a59ce,3,2685.2187671166744,25
4,panel_phase_a1000,af7a59ce,0,511.9859359775486,999
4,panel_phase_a1000,af7a59ce,1,694.1686704216089,1000
4,panel_phase_a1000,af7a59ce,2,40605.11941780403,1000
4,panel_phase_a1000,af7a59ce,3,3485.2230006130685,25
4,panel_geom_a100,2ee0235b,0,9536.524887676018,999
4,panel_geom_a100,2ee0235b,1,264801.85845828726,1000
4,panel_geom_a100,2ee0235b,2,539275.7267131731,1000
4,panel_geom_a100,2ee0235b,3,1155046.3184673612,1000
4,panel_geom_a100,2ee0235b,4,949999.4986305184,1000
4,panel_geom_a100,2ee0235b,5,389235.5864935248,557
4,panel_raw_gr_a100,2ee0235b,0,9491.120975871616,999
4,panel_raw_gr_a100,2ee0235b,1,266303.5657505857,1000
4,panel_raw_gr_a100,2ee0235b,2,539917.3719935282,1000
4,panel_raw_gr_a100,2ee0235b,3,1156113.2202623943,1000
4,panel_raw_gr_a100,2ee0235b,4,950894.363782442,1000
4,panel_raw_gr_a100,2ee0235b,5,389799.6574406791,557
4,panel_phase_a10,2ee0235b,0,8424.546994000519,999
4,panel_phase_a10,2ee0235b,1,250925.56604240314,1000
4,panel_phase_a10,2ee0235b,2,508293.36784074345,1000
4,panel_phase_a10,2ee0235b,3,1108550.2935355206,1000
4,panel_phase_a10,2ee0235b,4,949482.1049896666,1000
4,panel_phase_a10,2ee0235b,5,379556.6508123174,557
4,panel_phase_a100,2ee0235b,0,7118.048005716723,999
4,panel_phase_a100,2ee0235b,1,235134.3316864103,1000
4,panel_phase_a100,2ee0235b,2,475326.1140340726,1000
4,panel_phase_a100,2ee0235b,3,1033254.484635633,1000
4,panel_phase_a100,2ee0235b,4,813492.2524494401,1000
4,panel_phase_a100,2ee0235b,5,321578.9555636041,557
4,panel_phase_a1000,2ee0235b,0,3050.376476488631,999
4,panel_phase_a1000,2ee0235b,1,189223.8361003766,1000
4,panel_phase_a1000,2ee0235b,2,356104.53519830643,1000
4,panel_phase_a1000,2ee0235b,3,820324.2230784915,1000
4,panel_phase_a1000,2ee0235b,4,625621.2759503701,1000
4,panel_phase_a1000,2ee0235b,5,290460.65654507687,557
4,panel_geom_a100,ec0d597b,0,18413.392289684863,999
4,panel_geom_a100,ec0d597b,1,50497.969939434355,1000
4,panel_geom_a100,ec0d597b,2,206089.9326770601,1000
4,panel_geom_a100,ec0d597b,3,1400617.5195813463,1000
4,panel_geom_a100,ec0d597b,4,979381.3186906892,617
4,panel_raw_gr_a100,ec0d597b,0,18392.27683428034,999
4,panel_raw_gr_a100,ec0d597b,1,50513.530150656996,1000
4,panel_raw_gr_a100,ec0d597b,2,205872.17466833306,1000
4,panel_raw_gr_a100,ec0d597b,3,1400319.6107535386,1000
4,panel_raw_gr_a100,ec0d597b,4,979428.1368838359,617
4,panel_phase_a10,ec0d597b,0,17948.60112065843,999
4,panel_phase_a10,ec0d597b,1,48648.106188410275,1000
4,panel_phase_a10,ec0d597b,2,214883.49895550072,1000
4,panel_phase_a10,ec0d597b,3,1465537.5505422356,1000
4,panel_phase_a10,ec0d597b,4,1028625.1795177594,617
4,panel_phase_a100,ec0d597b,0,15984.580484569744,999
4,panel_phase_a100,ec0d597b,1,41664.33065531644,1000
4,panel_phase_a100,ec0d597b,2,234226.54888403745,1000
4,panel_phase_a100,ec0d597b,3,1482168.1086847694,1000
4,panel_phase_a100,ec0d597b,4,1022972.9394343576,617
4,panel_phase_a1000,ec0d597b,0,10809.678889215425,999
4,panel_phase_a1000,ec0d597b,1,30297.253337277292,1000
4,panel_phase_a1000,ec0d597b,2,276508.9106066414,1000
4,panel_phase_a1000,ec0d597b,3,1306342.434597558,1000
4,panel_phase_a1000,ec0d597b,4,754660.6233683323,617
4,panel_geom_a100,b8c49c1a,0,11146.63717186303,999
4,panel_geom_a100,b8c49c1a,1,7414.98963751968,1000
4,panel_geom_a100,b8c49c1a,2,31309.819942550053,1000
4,panel_geom_a100,b8c49c1a,3,252969.5948315954,1000
4,panel_geom_a100,b8c49c1a,4,100322.28759997152,320
4,panel_raw_gr_a100,b8c49c1a,0,11104.388403859211,999
4,panel_raw_gr_a100,b8c49c1a,1,7456.436279632643,1000
4,panel_raw_gr_a100,b8c49c1a,2,31283.338057269266,1000
4,panel_raw_gr_a100,b8c49c1a,3,253011.92003862225,1000
4,panel_raw_gr_a100,b8c49c1a,4,100338.43861895101,320
4,panel_phase_a10,b8c49c1a,0,11241.273502225102,999
4,panel_phase_a10,b8c49c1a,1,7691.241464450964,1000
4,panel_phase_a10,b8c49c1a,2,34703.83707356491,1000
4,panel_phase_a10,b8c49c1a,3,265839.7951766679,1000
4,panel_phase_a10,b8c49c1a,4,107987.05710186093,320
4,panel_phase_a100,b8c49c1a,0,11625.18290138151,999
4,panel_phase_a100,b8c49c1a,1,9377.102018912821,1000
4,panel_phase_a100,b8c49c1a,2,38695.94569545629,1000
4,panel_phase_a100,b8c49c1a,3,274417.9628316725,1000
4,panel_phase_a100,b8c49c1a,4,108271.22073922302,320
4,panel_phase_a1000,b8c49c1a,0,18709.63714654595,999
4,panel_phase_a1000,b8c49c1a,1,7397.218016495182,1000
4,panel_phase_a1000,b8c49c1a,2,19946.493813218272,1000
4,panel_phase_a1000,b8c49c1a,3,208566.1350722943,1000
4,panel_phase_a1000,b8c49c1a,4,72630.91892671856,320
4,panel_geom_a100,cd7f1687,0,60788.80793233223,999
4,panel_geom_a100,cd7f1687,1,121794.01879704409,1000
4,panel_geom_a100,cd7f1687,2,88444.00873942085,1000
4,panel_geom_a100,cd7f1687,3,151686.3947184998,1000
4,panel_geom_a100,cd7f1687,4,144447.82321278623,233
4,panel_raw_gr_a100,cd7f1687,0,60271.63731398441,999
4,panel_raw_gr_a100,cd7f1687,1,121129.78030928636,1000
4,panel_raw_gr_a100,cd7f1687,2,88190.19659272891,1000
4,panel_raw_gr_a100,cd7f1687,3,150654.25226986327,1000
4,panel_raw_gr_a100,cd7f1687,4,144148.6018314628,233
4,panel_phase_a10,cd7f1687,0,57966.98172877163,999
4,panel_phase_a10,cd7f1687,1,118443.64318502918,1000
4,panel_phase_a10,cd7f1687,2,85536.33864722065,1000
4,panel_phase_a10,cd7f1687,3,153601.38753818837,1000
4,panel_phase_a10,cd7f1687,4,145217.39224738133,233
4,panel_phase_a100,cd7f1687,0,59320.83081657667,999
4,panel_phase_a100,cd7f1687,1,118675.04632225874,1000
4,panel_phase_a100,cd7f1687,2,89543.49233565154,1000
4,panel_phase_a100,cd7f1687,3,155564.49631382443,1000
4,panel_phase_a100,cd7f1687,4,146029.05067379147,233
4,panel_phase_a1000,cd7f1687,0,52651.556516937126,999
4,panel_phase_a1000,cd7f1687,1,93254.89403871709,1000
4,panel_phase_a1000,cd7f1687,2,86253.57178893997,1000
4,panel_phase_a1000,cd7f1687,3,184881.8545553596,1000
4,panel_phase_a1000,cd7f1687,4,170125.01255966738,233
4,panel_geom_a100,d9ae59b2,0,104123.73282416444,999
4,panel_geom_a100,d9ae59b2,1,780133.0850324251,1000
4,panel_geom_a100,d9ae59b2,2,1641693.684527298,1000
4,panel_geom_a100,d9ae59b2,3,1226997.1703200722,649
4,panel_raw_gr_a100,d9ae59b2,0,105174.59920563335,999
4,panel_raw_gr_a100,d9ae59b2,1,782795.0638196466,1000
4,panel_raw_gr_a100,d9ae59b2,2,1645508.3010286125,1000
4,panel_raw_gr_a100,d9ae59b2,3,1230962.3202246206,649
4,panel_phase_a10,d9ae59b2,0,103370.44616739455,999
4,panel_phase_a10,d9ae59b2,1,780284.9483988122,1000
4,panel_phase_a10,d9ae59b2,2,1679276.0152201562,1000
4,panel_phase_a10,d9ae59b2,3,1292570.825039673,649
4,panel_phase_a100,d9ae59b2,0,100025.78651733532,999
4,panel_phase_a100,d9ae59b2,1,770603.8450707308,1000
4,panel_phase_a100,d9ae59b2,2,1675826.2937112043,1000
4,panel_phase_a100,d9ae59b2,3,1287378.0698291124,649
4,panel_phase_a1000,d9ae59b2,0,81666.29855924468,999
4,panel_phase_a1000,d9ae59b2,1,669548.9671897197,1000
4,panel_phase_a1000,d9ae59b2,2,1465023.6781574981,1000
4,panel_phase_a1000,d9ae59b2,3,1134059.4611840148,649
